RD_NO,PERSON_TYPE,POSTED_SPEED_LIMIT,TRAFFIC_CONTROL_DEVICE,DEVICE_CONDITION,WEATHER_CONDITION,LIGHTING_CONDITION,FIRST_CRASH_TYPE,TRAFFICWAY_TYPE,ALIGNMENT,ROADWAY_SURFACE_COND,ROAD_DEFECT,PRIM_CONTRIBUTORY_CAUSE,SEC_CONTRIBUTORY_CAUSE,SEX,AGE,SAFETY_EQUIPMENT,DRIVER_ACTION,DRIVER_VISION,PHYSICAL_CONDITION,BAC_RESULT VALUE,CELL_PHONE_USE
39070,0,30,0,0,0,1,12,5,0,0,0,0,0,0,53,0,1,0,0,200,200
39070,0,30,0,0,0,1,12,5,0,0,0,0,0,0,42,0,0,0,0,200,200
44433,0,25,1,2,0,1,12,2,0,0,0,22,21,1,200,0,2,1,0,200,200
44433,0,25,1,2,0,1,12,2,0,0,0,22,21,0,50,2,0,200,0,200,200
44433,1,25,1,2,0,1,12,2,0,0,0,22,21,1,36,2,200,200,200,200,200
142915,0,30,1,2,0,2,12,5,0,0,0,0,0,2,200,200,200,200,200,200,200
142915,0,30,1,2,0,2,12,5,0,0,0,0,0,0,54,200,0,200,0,200,200
142915,0,30,1,2,0,2,12,5,0,0,0,0,0,0,200,200,200,200,200,200,200
142915,1,30,1,2,0,2,12,5,0,0,0,0,0,1,45,0,200,200,200,200,200
142975,0,25,200,200,1,1,12,6,0,200,200,22,22,0,200,200,2,200,200,200,200
142975,0,25,200,200,1,1,12,6,0,200,200,22,22,0,26,200,0,0,0,200,200
145731,0,30,1,2,2,1,12,5,0,1,0,22,21,1,200,200,200,0,0,200,200
145731,0,30,1,2,2,1,12,5,0,1,0,22,21,1,45,200,200,0,0,200,200
146068,0,35,2,2,0,1,0,2,0,0,0,0,0,0,21,0,200,0,0,200,200
146068,0,35,2,2,0,1,0,2,0,0,0,0,0,1,44,0,200,0,0,200,200
149862,0,30,0,0,0,1,7,6,0,0,0,0,0,0,81,0,0,200,0,200,200
152513,0,30,0,0,0,1,10,2,0,0,0,18,200,0,21,0,3,0,0,200,200
152513,0,30,0,0,0,1,10,2,0,0,0,18,200,0,51,0,0,0,0,200,200
152513,1,30,0,0,0,1,10,2,0,0,0,18,200,1,48,0,200,200,200,200,200
152513,1,30,0,0,0,1,10,2,0,0,0,18,200,1,16,0,200,200,200,200,200
152513,1,30,0,0,0,1,10,2,0,0,0,18,200,1,48,0,200,200,200,200,200
152513,1,30,0,0,0,1,10,2,0,0,0,18,200,0,17,0,200,200,200,200,200
152513,1,30,0,0,0,1,10,2,0,0,0,18,200,0,11,0,200,200,200,200,200
218230,0,30,1,2,0,1,0,5,0,1,0,16,200,1,32,0,200,0,0,200,200
218230,0,30,1,2,0,1,0,5,0,1,0,16,200,1,48,0,200,0,0,200,200
218230,1,30,1,2,0,1,0,5,0,1,0,16,200,1,26,0,200,200,200,200,200
218230,1,30,1,2,0,1,0,5,0,1,0,16,200,1,27,0,200,200,200,200,200
218230,1,30,1,2,0,1,0,5,0,1,0,16,200,1,21,0,200,200,200,200,200
219997,0,30,0,0,0,3,0,5,0,0,200,17,200,0,52,200,0,0,0,200,200
219997,0,30,0,0,0,3,0,5,0,0,200,17,200,1,200,200,0,0,0,200,200
220802,0,30,200,200,0,1,0,200,0,0,200,0,200,1,200,0,200,200,0,200,200
220802,0,30,200,200,0,1,0,200,0,0,200,0,200,1,200,0,0,200,0,200,200
221439,0,30,200,200,0,1,10,200,0,0,0,18,16,1,58,0,3,0,0,200,200
221439,0,30,200,200,0,1,10,200,0,0,0,18,16,0,200,200,0,200,200,200,200
232602,0,30,0,0,0,1,11,5,0,2,12,0,200,1,40,200,200,200,200,200,200
232602,0,30,0,0,0,1,11,5,0,2,12,0,200,0,44,200,12,200,200,200,200
236154,0,30,1,2,0,1,12,3,0,0,0,17,17,1,45,0,4,0,0,200,200
236154,0,30,1,2,0,1,12,3,0,0,0,17,17,0,56,1,0,0,0,200,200
236154,1,30,1,2,0,1,12,3,0,0,0,17,17,0,52,0,200,200,200,200,200
242228,0,30,0,0,2,1,7,4,0,1,0,0,200,1,52,200,12,200,0,200,200
246110,0,25,2,2,0,3,5,5,0,0,0,0,0,2,200,200,200,200,200,200,200
246230,0,30,1,2,0,1,10,5,0,0,0,11,0,1,38,0,3,0,0,200,200
246230,0,30,1,2,0,1,10,5,0,0,0,11,0,0,32,0,0,0,0,200,200
246230,1,30,1,2,0,1,10,5,0,0,0,11,0,1,200,0,200,200,200,200,200
246613,0,30,1,2,0,1,10,8,3,0,0,20,11,0,48,0,6,12,0,200,200
246613,0,30,1,2,0,1,10,8,3,0,0,20,11,0,27,3,0,0,0,200,200
247543,0,30,0,0,0,1,14,5,0,0,0,21,200,0,31,0,7,12,0,200,200
247543,0,30,0,0,0,1,14,5,0,0,0,21,200,0,39,0,12,0,0,200,200
247543,1,30,0,0,0,1,14,5,0,0,0,21,200,1,33,200,200,200,200,200,200
247543,1,30,0,0,0,1,14,5,0,0,0,21,200,0,200,200,200,200,200,200,200
247543,1,30,0,0,0,1,14,5,0,0,0,21,200,0,200,200,200,200,200,200,200
247543,1,30,0,0,0,1,14,5,0,0,0,21,200,1,200,200,200,200,200,200,200
247543,1,30,0,0,0,1,14,5,0,0,0,21,200,2,200,200,200,200,200,200,200
254951,0,30,0,0,0,1,12,6,0,0,0,0,200,2,200,200,200,200,200,200,200
254951,0,30,0,0,0,1,12,6,0,0,0,0,200,2,200,200,200,200,200,200,200
258322,0,10,0,0,200,200,14,7,0,200,200,0,0,0,52,0,0,200,0,200,200
258322,0,10,0,0,200,200,14,7,0,200,200,0,0,0,25,200,200,200,200,200,200
264273,0,30,0,0,0,1,7,5,0,0,0,16,16,2,200,200,6,200,200,200,200
277763,0,30,1,2,0,1,12,1,0,0,0,22,200,1,200,200,2,200,200,200,200
277763,0,30,1,2,0,1,12,1,0,0,0,22,200,1,30,0,0,0,0,200,200
277763,0,30,1,2,0,1,12,1,0,0,0,22,200,0,44,0,0,0,0,200,200
277763,1,30,1,2,0,1,12,1,0,0,0,22,200,0,200,0,200,200,200,200,200
277763,1,30,1,2,0,1,12,1,0,0,0,22,200,1,200,0,200,200,200,200,200
277763,1,30,1,2,0,1,12,1,0,0,0,22,200,0,200,0,200,200,200,200,200
278809,0,30,2,2,0,1,9,5,0,0,0,5,200,0,71,0,5,0,0,200,200
278809,5,30,2,2,0,1,9,5,0,0,0,5,200,0,12,7,0,200,0,200,200
281802,0,30,0,0,0,1,2,2,0,0,0,14,200,1,57,200,200,200,7,200,200
284615,0,30,2,2,0,1,0,5,0,0,0,17,17,1,37,0,1,12,0,200,200
284615,0,30,2,2,0,1,0,5,0,0,0,17,17,0,48,0,0,0,0,200,200
284615,1,30,2,2,0,1,0,5,0,0,0,17,17,200,200,0,200,200,200,200,200
284615,1,30,2,2,0,1,0,5,0,0,0,17,17,0,48,0,200,200,200,200,200
285830,0,30,0,0,0,1,14,5,0,0,0,33,0,1,46,0,1,1,0,200,200
285830,0,30,0,0,0,1,14,5,0,0,0,33,0,1,28,0,200,12,0,200,200
288691,0,30,1,2,0,1,10,5,0,0,0,0,0,0,36,0,200,0,0,200,200
288691,0,30,1,2,0,1,10,5,0,0,0,0,0,1,42,0,200,0,0,200,200
288691,1,30,1,2,0,1,10,5,0,0,0,0,0,1,33,0,200,200,200,200,200
289176,0,0,1,2,0,1,10,3,0,0,0,18,200,0,200,200,3,200,200,200,200
289176,0,0,1,2,0,1,10,3,0,0,0,18,200,1,42,0,0,0,0,200,200
291127,0,35,1,2,0,3,14,3,0,0,0,21,200,0,63,200,4,200,200,200,200
291127,0,35,1,2,0,3,14,3,0,0,0,21,200,0,25,200,0,0,0,200,200
291127,1,35,1,2,0,3,14,3,0,0,0,21,200,0,200,200,200,200,200,200,200
291127,1,35,1,2,0,3,14,3,0,0,0,21,200,1,200,200,200,200,200,200,200
291127,1,35,1,2,0,3,14,3,0,0,0,21,200,1,200,200,200,200,200,200,200
297303,0,10,200,200,0,1,0,7,0,0,200,20,0,1,24,200,6,200,200,200,200
297303,0,10,200,200,0,1,0,7,0,0,200,20,0,1,44,200,200,200,200,200,200
300656,0,30,1,2,0,1,7,6,0,0,200,20,11,0,200,200,6,200,200,200,200
302055,0,30,0,0,0,1,7,5,0,0,0,0,200,2,200,200,200,200,200,200,200
307486,0,30,0,0,0,1,7,2,0,0,0,0,0,2,200,200,200,200,200,200,200
309229,0,30,1,2,0,1,12,2,0,0,0,22,18,0,26,0,2,0,0,200,200
309229,0,30,1,2,0,1,12,2,0,0,0,22,18,0,39,0,0,0,0,200,200
309229,1,30,1,2,0,1,12,2,0,0,0,22,18,1,43,0,200,200,200,200,200
309432,0,15,0,0,0,1,7,7,0,0,0,27,11,1,95,200,12,0,0,200,200
309432,1,15,0,0,0,1,7,7,0,0,0,27,11,1,25,200,200,200,200,200,200
312015,0,30,0,0,2,3,7,5,0,1,0,0,200,2,200,200,200,200,200,200,200
312751,0,30,2,2,0,1,0,12,0,0,0,32,32,0,33,0,0,0,0,200,200
312751,0,30,2,2,0,1,0,12,0,0,0,32,32,0,37,0,1,0,0,200,200
312751,1,30,2,2,0,1,0,12,0,0,0,32,32,1,200,0,200,200,200,200,200
312751,1,30,2,2,0,1,0,12,0,0,0,32,32,0,200,5,200,200,200,200,200
312868,0,30,2,2,0,1,0,5,0,1,0,17,33,1,35,0,1,12,0,200,200
312868,0,30,2,2,0,1,0,5,0,1,0,17,33,0,38,0,0,0,0,200,200
316007,0,30,2,0,0,3,12,8,1,0,0,21,0,2,200,200,12,200,200,200,200
316007,0,30,2,0,0,3,12,8,1,0,0,21,0,0,66,200,0,0,0,200,200
316012,0,30,1,2,0,3,5,5,0,0,0,0,200,0,43,0,200,200,7,200,200
316014,0,30,0,200,0,3,7,5,0,0,0,0,0,2,200,200,200,200,200,200,200
316036,0,35,1,2,0,3,10,3,0,0,200,18,0,1,24,0,3,0,0,200,200
316036,0,35,1,2,0,3,10,3,0,0,200,18,0,0,28,0,0,0,0,200,200
316036,1,35,1,2,0,3,10,3,0,0,200,18,0,1,22,0,200,200,200,200,200
316052,0,30,1,2,2,3,10,5,0,1,200,16,18,0,55,0,3,0,0,200,200
316052,0,30,1,2,2,3,10,5,0,1,200,16,18,0,20,0,0,200,0,200,200
316055,0,30,0,0,2,3,2,6,0,1,0,0,0,0,52,0,200,0,200,200,200
316055,1,30,0,0,2,3,2,6,0,1,0,0,0,0,200,0,200,200,200,200,200
316066,0,30,1,200,2,3,10,5,0,1,200,0,200,0,26,0,200,200,200,200,200
316066,0,30,1,200,2,3,10,5,0,1,200,0,200,1,20,0,200,200,200,200,200
316066,1,30,1,200,2,3,10,5,0,1,200,0,200,1,23,0,200,200,200,200,200
316066,1,30,1,200,2,3,10,5,0,1,200,0,200,1,25,0,200,200,200,200,200
316066,1,30,1,200,2,3,10,5,0,1,200,0,200,1,25,0,200,200,200,200,200
316066,1,30,1,200,2,3,10,5,0,1,200,0,200,1,23,0,200,200,200,200,200
316066,1,30,1,200,2,3,10,5,0,1,200,0,200,1,20,0,200,200,200,200,200
316069,0,40,0,200,2,3,2,3,0,1,200,0,200,2,200,200,200,200,200,200,200
316070,4,30,1,2,2,3,8,2,0,1,0,17,0,0,29,2,1,200,0,200,200
316070,0,30,1,2,2,3,8,2,0,1,0,17,0,0,52,200,0,200,0,200,200
316071,0,30,1,2,2,3,10,2,0,1,200,18,200,0,40,200,3,200,0,200,200
316071,0,30,1,2,2,3,10,2,0,1,200,18,200,0,21,200,0,200,0,200,200
316077,0,30,1,2,2,3,7,5,0,1,0,0,0,2,200,200,200,200,200,200,200
316079,0,30,1,2,2,3,0,2,0,1,200,0,0,0,200,200,200,200,200,200,200
316079,0,30,1,2,2,3,0,2,0,1,200,0,0,0,38,200,200,200,7,200,200
316079,1,30,1,2,2,3,0,2,0,1,200,0,0,1,27,200,200,200,200,200,200
316083,0,30,1,200,200,3,10,5,0,200,200,18,200,2,200,200,3,200,200,200,200
316083,0,30,1,200,200,3,10,5,0,200,200,18,200,1,23,200,0,200,0,200,200
316083,1,30,1,200,200,3,10,5,0,200,200,18,200,0,200,200,200,200,200,200,200
316085,0,30,0,0,2,3,2,3,0,1,0,0,0,0,34,200,0,200,0,200,200
316085,3,30,0,0,2,3,2,3,0,1,0,0,0,200,200,200,200,200,200,200,200
316095,0,10,0,0,2,3,2,7,0,1,0,200,200,1,85,0,200,0,200,200,200
316097,0,35,1,2,2,3,10,5,0,1,0,32,16,1,21,200,1,200,5,0.17,200
316097,0,35,1,2,2,3,10,5,0,1,0,32,16,0,20,200,0,200,0,200,200
316146,0,20,0,0,2,1,7,7,0,0,0,200,200,2,200,200,200,200,200,200,200
316150,0,30,1,2,2,1,14,5,0,1,0,6,25,0,29,0,5,0,0,200,200
316150,0,30,1,2,2,1,14,5,0,1,0,6,25,1,37,0,0,0,0,200,200
316150,1,30,1,2,2,1,14,5,0,1,0,6,25,1,20,0,200,200,200,200,200
316151,0,25,0,0,2,1,10,3,3,1,0,16,200,0,36,0,12,0,0,200,200
316151,0,25,0,0,2,1,10,3,3,1,0,16,200,0,32,0,0,0,0,200,200
316157,0,30,2,2,2,1,12,2,0,1,0,22,22,1,55,0,1,0,0,200,200
316157,0,30,2,2,2,1,12,2,0,1,0,22,22,1,25,0,0,0,0,200,200
316174,0,30,1,2,2,1,14,3,0,1,0,23,0,0,41,0,7,0,0,200,200
316174,0,30,1,2,2,1,14,3,0,1,0,23,0,1,22,0,0,0,0,200,200
316175,0,25,0,0,200,200,2,5,0,200,0,0,0,2,200,200,200,200,200,200,200
316178,0,30,0,0,2,1,2,5,0,1,0,7,9,1,26,0,15,0,0,200,1
316179,0,30,0,0,0,1,7,12,0,0,0,0,0,0,200,200,12,200,200,200,200
316190,5,30,1,2,2,3,9,5,0,1,0,6,34,1,52,7,12,12,0,200,200
316190,0,30,1,2,2,3,9,5,0,1,0,6,34,1,22,0,12,12,0,200,200
316192,0,30,0,0,2,1,7,2,2,1,0,21,0,0,32,200,12,200,0,200,200
316195,0,30,0,0,2,1,10,3,0,1,0,18,200,0,34,0,3,0,0,200,200
316195,0,30,0,0,2,1,10,3,0,1,0,18,200,1,33,0,0,0,0,200,200
316204,0,30,0,0,2,1,10,5,0,1,0,0,0,0,21,200,200,200,200,200,200
316204,0,30,0,0,2,1,10,5,0,1,0,0,0,0,54,0,200,0,0,200,200
316206,0,30,1,2,2,1,10,5,0,1,0,18,34,1,34,0,8,200,200,200,200
316206,0,30,1,2,2,1,10,5,0,1,0,18,34,0,29,0,0,0,0,200,200
316207,0,30,0,0,2,1,12,2,0,1,0,0,0,0,56,0,1,0,0,200,200
316207,0,30,0,0,2,1,12,2,0,1,0,0,0,0,59,0,0,0,0,200,200
316209,0,30,1,2,2,1,14,5,0,1,200,34,200,0,27,0,0,200,0,200,200
316209,0,30,1,2,2,1,14,5,0,1,200,34,200,0,57,0,200,200,0,200,200
316210,0,30,0,0,2,1,10,2,0,1,12,18,200,0,22,0,8,0,0,200,200
316210,0,30,0,0,2,1,10,2,0,1,12,18,200,1,49,0,0,0,0,200,200
316211,0,30,1,2,2,200,9,2,0,1,0,0,0,0,38,0,200,0,0,200,200
316211,5,30,1,2,2,200,9,2,0,1,0,0,0,1,22,7,200,0,0,200,200
316213,0,30,1,2,2,1,8,5,0,1,0,17,22,0,200,200,1,200,200,200,200
316213,4,30,1,2,2,1,8,5,0,1,0,17,22,1,41,3,0,0,0,200,200
316217,0,30,1,2,0,1,9,6,0,1,0,0,0,0,85,0,0,0,0,200,200
316217,5,30,1,2,0,1,9,6,0,1,0,0,0,1,45,7,0,0,0,200,200
316219,0,30,1,2,2,1,10,5,0,1,0,18,16,0,29,0,3,0,0,200,200
316219,0,30,1,2,2,1,10,5,0,1,0,18,16,1,41,0,0,0,0,200,200
316224,0,30,1,2,2,1,9,5,0,1,0,0,0,1,200,200,200,200,200,200,200
316224,5,30,1,2,2,1,9,5,0,1,0,0,0,1,200,7,0,0,0,200,200
316230,0,20,0,0,2,2,7,5,0,200,200,200,200,1,200,200,200,200,200,200,200
316232,0,30,0,0,2,1,2,5,0,1,0,34,34,0,43,0,12,200,0,200,200
316234,0,30,1,2,2,1,10,5,0,1,200,18,34,0,200,200,3,200,200,200,200
316234,0,30,1,2,2,1,10,5,0,1,200,18,34,1,27,0,0,200,0,200,200
316244,0,30,2,2,2,1,0,5,0,1,0,17,34,0,33,0,1,12,0,200,200
316244,0,30,2,2,2,1,0,5,0,1,0,17,34,0,33,0,0,0,0,200,200
316244,1,30,2,2,2,1,0,5,0,1,0,17,34,0,22,0,200,200,200,200,200
316244,1,30,2,2,2,1,0,5,0,1,0,17,34,200,200,0,200,200,200,200,200
316245,0,30,2,2,2,1,14,5,0,1,0,21,200,1,31,200,7,200,200,200,200
316245,0,30,2,2,2,1,14,5,0,1,0,21,200,0,47,0,0,0,0,200,200
316246,0,25,0,0,2,1,12,2,0,1,0,0,200,2,200,200,200,200,200,200,200
316246,0,25,0,0,2,1,12,2,0,1,0,0,200,1,32,0,0,0,0,200,200
316248,0,30,2,2,2,1,0,2,0,1,0,17,0,0,58,0,1,4,0,200,200
316248,0,30,2,2,2,1,0,2,0,1,0,17,0,1,30,0,0,0,0,200,200
316248,1,30,2,2,2,1,0,2,0,1,0,17,0,1,200,200,200,200,200,200,200
316250,0,30,1,2,2,1,0,5,0,1,0,7,7,0,30,0,5,0,0,200,200
316250,0,30,1,2,2,1,0,5,0,1,0,7,7,1,31,0,0,0,0,200,200
316251,0,30,0,0,2,1,11,5,0,1,0,21,200,0,30,0,1,0,0,200,200
316251,0,30,0,0,2,1,11,5,0,1,0,21,200,0,28,0,0,0,0,200,200
316252,0,30,2,2,2,1,0,2,0,1,0,0,0,1,31,200,200,200,0,200,200
316252,0,30,2,2,2,1,0,2,0,1,0,0,0,1,55,200,200,200,0,200,200
316256,0,30,0,0,2,1,10,5,0,1,0,18,18,2,200,200,3,200,200,200,200
316256,0,30,0,0,2,1,10,5,0,1,0,18,18,1,27,0,0,0,0,200,200
316260,0,30,2,2,2,0,0,5,0,1,200,0,34,0,54,0,200,12,0,200,200
316260,0,30,2,2,2,0,0,5,0,1,200,0,34,1,65,0,0,200,0,200,200
316260,1,30,2,2,2,0,0,5,0,1,200,0,34,0,22,0,200,200,200,200,200
316261,0,30,0,0,2,1,12,2,0,1,0,22,200,0,200,200,2,200,200,200,200
316261,0,30,0,0,2,1,12,2,0,1,0,22,200,1,54,0,0,0,0,200,200
316264,0,30,0,0,2,1,12,6,0,1,0,18,18,1,29,0,3,0,0,200,200
316264,0,30,0,0,2,1,12,6,0,1,0,18,18,0,28,0,1,0,0,200,200
316265,0,35,1,2,2,1,10,6,0,1,0,34,8,1,55,0,8,0,0,200,200
316265,0,35,1,2,2,1,10,6,0,1,0,34,8,0,54,0,0,0,0,200,200
316267,0,0,0,0,2,1,10,2,0,1,0,0,34,0,200,200,200,200,200,200,200
316267,0,0,0,0,2,1,10,2,0,1,0,0,34,1,44,200,0,200,0,200,200
316268,0,30,12,2,2,200,2,5,0,200,200,20,20,0,200,200,5,200,200,200,200
316269,0,30,2,2,2,1,10,5,0,1,0,16,200,0,52,200,12,0,0,200,200
316269,0,30,2,2,2,1,10,5,0,1,0,16,200,0,43,0,0,0,0,200,200
316269,1,30,2,2,2,1,10,5,0,1,0,16,200,1,41,0,200,200,200,200,200
316274,0,30,1,2,2,1,10,5,0,0,0,0,0,0,82,0,200,200,0,200,200
316274,0,30,1,2,2,1,10,5,0,0,0,0,0,0,50,0,200,200,0,200,200
316274,0,30,1,2,2,1,10,5,0,0,0,0,0,0,51,0,200,200,0,200,200
316274,1,30,1,2,2,1,10,5,0,0,0,0,0,1,51,0,200,200,200,200,200
316277,0,35,0,0,2,1,7,0,2,1,0,35,11,0,48,0,200,0,0,200,200
316284,0,20,0,0,2,1,10,2,0,1,0,12,0,0,35,0,12,0,0,200,200
316284,0,20,0,0,2,1,10,2,0,1,0,12,0,0,31,0,0,0,0,200,200
316284,1,20,0,0,2,1,10,2,0,1,0,12,0,0,25,0,200,200,200,200,200
316285,0,30,0,0,2,1,7,2,0,1,0,21,34,1,53,200,12,200,0,200,200
316286,0,30,0,0,2,1,0,5,0,1,0,17,200,0,36,0,1,1,0,200,200
316286,0,30,0,0,2,1,0,5,0,1,0,17,200,0,26,0,0,0,0,200,200
316291,0,25,2,2,0,1,0,5,0,0,0,17,200,1,51,0,1,200,0,200,200
316291,0,25,2,2,0,1,0,5,0,0,0,17,200,1,60,0,0,0,0,200,200
316297,0,30,1,2,2,1,14,2,0,1,0,17,0,0,33,0,1,0,0,200,200
316297,0,30,1,2,2,1,14,2,0,1,0,17,0,0,33,0,0,0,0,200,200
316297,1,30,1,2,2,1,14,2,0,1,0,17,0,1,200,200,200,200,200,200,200
316298,0,30,0,0,2,1,10,6,1,1,0,34,8,1,62,0,0,0,0,200,200
316298,0,30,0,0,2,1,10,6,1,1,0,34,8,0,58,0,12,12,0,200,200
316302,0,30,0,0,0,1,7,7,0,0,0,200,200,2,200,200,200,200,200,200,200
316307,0,30,0,0,2,1,7,5,3,1,0,25,200,0,200,200,12,200,200,200,200
316309,0,30,0,0,2,1,4,5,0,1,12,28,200,0,35,200,12,200,0,200,200
316311,0,35,1,2,2,1,10,2,0,1,0,34,15,0,39,0,8,0,0,200,200
316311,0,35,1,2,2,1,10,2,0,1,0,34,15,0,39,0,8,0,0,200,200
316312,0,30,0,0,2,1,10,5,0,1,0,18,16,0,51,0,3,0,0,200,200
316312,0,30,0,0,2,1,10,5,0,1,0,18,16,0,48,0,0,0,7,200,200
316317,0,30,0,0,2,1,14,2,0,1,0,0,0,1,56,0,1,0,0,200,200
316317,0,30,0,0,2,1,14,2,0,1,0,0,0,1,27,0,0,0,0,200,200
316326,0,20,1,2,2,1,10,6,0,1,0,0,0,0,200,200,200,200,200,200,200
316326,0,20,1,2,2,1,10,6,0,1,0,0,0,0,42,0,0,0,0,200,200
316326,1,20,1,2,2,1,10,6,0,1,0,0,0,1,40,0,200,200,200,200,200
316335,0,30,1,1,2,1,10,2,0,1,0,16,200,1,27,200,3,200,0,200,200
316335,0,30,1,1,2,1,10,2,0,1,0,16,200,0,35,200,0,200,0,200,200
316335,0,30,1,1,2,1,10,2,0,1,0,16,200,0,200,200,200,200,200,200,200
316335,1,30,1,1,2,1,10,2,0,1,0,16,200,1,12,200,200,200,200,200,200
316335,1,30,1,1,2,1,10,2,0,1,0,16,200,1,14,200,200,200,200,200,200
316344,0,35,0,0,2,1,12,5,0,1,0,0,0,1,55,200,200,200,200,200,200
316344,0,35,0,0,2,1,12,5,0,1,0,0,0,1,53,0,0,0,0,200,200
316357,0,35,2,2,2,1,0,12,0,1,0,17,17,1,71,0,1,0,0,200,200
316357,0,35,2,2,2,1,0,12,0,1,0,17,17,0,71,0,0,0,0,200,200
316357,0,35,2,2,2,1,0,12,0,1,0,17,17,0,53,0,0,0,0,200,200
316357,1,35,2,2,2,1,0,12,0,1,0,17,17,1,43,0,200,200,200,200,200
316357,1,35,2,2,2,1,0,12,0,1,0,17,17,0,7,0,200,200,200,200,200
316363,0,30,0,0,2,1,12,12,0,1,0,21,22,0,46,0,4,0,0,200,200
316363,0,30,0,0,2,1,12,12,0,1,0,21,22,1,49,0,200,0,0,200,200
316365,0,30,9,4,2,1,4,5,2,1,1,29,34,1,52,200,200,0,0,200,200
316366,0,35,1,2,2,1,10,2,0,1,0,34,15,0,20,0,8,0,0,200,200
316366,0,35,1,2,2,1,10,2,0,1,0,34,15,0,200,200,0,200,200,200,200
316366,1,35,1,2,2,1,10,2,0,1,0,34,15,1,32,0,200,200,200,200,200
316371,0,30,0,0,2,1,10,2,0,1,0,34,200,1,34,0,8,4,0,200,200
316371,0,30,0,0,2,1,10,2,0,1,0,34,200,0,40,0,12,0,0,200,200
316371,0,30,0,0,2,1,10,2,0,1,0,34,200,0,61,0,12,0,0,200,200
316373,0,30,0,0,2,1,0,5,0,1,0,17,17,0,53,7,200,0,0,200,200
316373,0,30,0,0,2,1,0,5,0,1,0,17,17,0,35,200,200,200,200,200,200
316374,0,30,1,2,2,1,10,2,0,0,0,18,200,0,43,200,3,0,0,200,200
316374,0,30,1,2,2,1,10,2,0,0,0,18,200,0,38,0,0,0,0,200,200
316374,1,30,1,2,2,1,10,2,0,0,0,18,200,1,200,200,200,200,200,200,200
316377,0,30,0,0,2,1,7,6,0,0,0,0,0,0,22,0,12,0,0,200,200
316378,0,0,0,0,12,1,7,12,0,0,0,20,200,0,49,1,6,12,0,200,200
316386,0,30,1,2,2,1,14,3,0,1,0,17,0,1,21,0,1,0,0,200,200
316386,0,30,1,2,2,1,14,3,0,1,0,17,0,1,21,0,0,0,0,200,200
316389,0,30,0,0,2,1,7,5,0,200,0,0,16,2,200,200,200,200,200,200,200
316390,0,30,1,2,2,1,10,2,0,1,0,16,200,0,35,0,8,0,0,200,200
316390,0,30,1,2,2,1,10,2,0,1,0,16,200,1,32,0,0,0,0,200,200
316390,1,30,1,2,2,1,10,2,0,1,0,16,200,1,36,0,200,200,200,200,200
316390,1,30,1,2,2,1,10,2,0,1,0,16,200,0,2,5,200,200,200,200,200
316390,1,30,1,2,2,1,10,2,0,1,0,16,200,1,1,5,200,200,200,200,200
316392,0,30,1,2,2,1,14,5,0,1,0,34,200,0,25,200,200,0,0,200,200
316392,0,30,1,2,2,1,14,5,0,1,0,34,200,1,19,200,0,0,0,200,200
316392,1,30,1,2,2,1,14,5,0,1,0,34,200,1,200,200,200,200,200,200,200
316395,0,15,0,0,2,1,2,7,0,1,200,20,200,0,26,0,200,0,0,200,200
316396,0,30,1,2,2,1,14,6,0,1,0,17,200,0,22,0,1,0,0,200,200
316396,0,30,1,2,2,1,14,6,0,1,0,17,200,0,26,0,0,0,0,200,200
316396,1,30,1,2,2,1,14,6,0,1,0,17,200,1,200,0,200,200,200,200,200
316396,1,30,1,2,2,1,14,6,0,1,0,17,200,1,200,0,200,200,200,200,200
316396,1,30,1,2,2,1,14,6,0,1,0,17,200,1,200,0,200,200,200,200,200
316402,0,20,2,2,2,1,14,5,0,1,0,0,0,0,62,0,200,0,0,200,200
316402,0,20,2,2,2,1,14,5,0,1,0,0,0,1,57,0,200,0,0,200,200
316402,1,20,2,2,2,1,14,5,0,1,0,0,0,0,52,0,200,200,200,200,200
316402,1,20,2,2,2,1,14,5,0,1,0,0,0,1,50,1,200,200,200,200,200
316402,1,20,2,2,2,1,14,5,0,1,0,0,0,0,63,1,200,200,200,200,200
316404,0,30,0,0,2,1,2,7,0,0,0,0,200,1,29,200,200,200,0,200,200
316404,3,30,0,0,2,1,2,7,0,0,0,0,200,200,200,200,0,200,200,200,200
316405,0,20,0,0,2,1,12,5,0,1,0,0,0,1,23,200,200,200,200,200,200
316405,0,20,0,0,2,1,12,5,0,1,0,0,0,0,56,0,0,0,0,200,200
316408,0,30,1,2,2,1,11,2,0,1,0,34,200,0,86,0,8,200,0,200,200
316408,0,30,1,2,2,1,11,2,0,1,0,34,200,1,45,7,200,0,0,200,200
316414,0,30,1,2,0,1,12,5,0,1,0,0,0,0,38,0,0,0,0,200,200
316414,0,30,1,2,0,1,12,5,0,1,0,0,0,0,47,0,0,0,0,200,200
316422,0,25,3,5,2,1,2,5,0,1,3,33,20,0,36,1,6,4,0,200,200
316424,0,25,1,2,2,1,9,5,1,1,0,0,0,0,200,200,1,200,200,200,200
316424,5,25,1,2,2,1,9,5,1,1,0,0,0,1,21,7,0,0,0,200,200
316428,0,30,2,2,2,1,14,2,0,1,0,0,0,0,200,200,7,200,200,200,200
316428,0,30,2,2,2,1,14,2,0,1,0,0,0,1,68,200,0,0,0,200,200
316431,0,0,2,2,2,1,0,5,0,1,0,21,22,0,51,200,200,200,200,200,200