RD_NO,PERSON_TYPE,POSTED_SPEED_LIMIT,TRAFFIC_CONTROL_DEVICE,DEVICE_CONDITION,WEATHER_CONDITION,LIGHTING_CONDITION,FIRST_CRASH_TYPE,TRAFFICWAY_TYPE,ALIGNMENT,ROADWAY_SURFACE_COND,ROAD_DEFECT,PRIM_CONTRIBUTORY_CAUSE,SEC_CONTRIBUTORY_CAUSE,SEX,AGE,SAFETY_EQUIPMENT,DRIVER_ACTION,DRIVER_VISION,PHYSICAL_CONDITION,BAC_RESULT VALUE,CELL_PHONE_USE
316841,0,30,0,0,2,1,10,5,0,1,0,0,200,0,28,200,12,200,0,200,200
316841,0,30,0,0,2,1,10,5,0,1,0,0,200,1,52,200,0,200,0,200,200
316845,0,15,0,0,2,1,0,0,0,1,0,0,17,0,30,200,200,200,0,200,200
316845,0,15,0,0,2,1,0,0,0,1,0,0,17,1,62,0,0,200,0,200,200
316851,0,30,0,0,2,1,0,5,0,1,0,31,17,1,32,0,1,6,0,200,200
316851,0,30,0,0,2,1,0,5,0,1,0,31,17,1,27,0,0,0,0,200,200
316851,1,30,0,0,2,1,0,5,0,1,0,31,17,1,24,0,200,200,200,200,200
316853,0,30,0,0,2,1,7,5,0,1,0,0,200,2,200,200,200,200,200,200,200
316857,0,0,200,200,0,1,7,6,0,0,200,0,0,2,200,200,200,200,200,200,200
316859,0,15,0,0,2,1,7,7,0,1,0,0,0,0,57,0,0,0,0,200,200
316863,0,30,0,0,1,1,0,2,0,1,0,17,200,0,200,200,200,200,200,200,200
316863,0,30,0,0,1,1,0,2,0,1,0,17,200,0,56,0,0,0,0,200,200
316871,0,30,2,2,2,1,14,3,0,1,0,17,34,0,36,200,1,200,0,200,200
316871,0,30,2,2,2,1,14,3,0,1,0,17,34,1,25,200,0,200,0,200,200
316876,0,30,1,2,0,1,10,5,0,0,0,18,200,1,39,200,3,200,200,200,200
316876,0,30,1,2,0,1,10,5,0,0,0,18,200,0,37,0,0,0,0,200,200
316878,0,30,0,0,0,1,0,4,0,0,0,200,200,1,21,0,0,0,0,200,200
316878,0,30,0,0,0,1,0,4,0,0,0,200,200,0,40,200,0,0,0,200,200
316878,1,30,0,0,0,1,0,4,0,0,0,200,200,1,200,200,200,200,200,200,200
316883,0,30,1,2,2,1,9,6,0,1,0,0,0,1,200,200,1,200,0,200,200
316883,5,30,1,2,2,1,9,6,0,1,0,0,0,1,44,7,0,0,0,200,200
316888,0,30,1,2,0,1,10,2,0,1,0,16,18,1,63,200,1,200,200,200,200
316888,0,30,1,2,0,1,10,2,0,1,0,16,18,1,43,0,0,0,0,200,200
316889,0,35,0,0,2,1,7,3,0,1,0,16,200,2,200,200,200,200,200,200,200
316892,0,30,0,0,2,1,5,0,0,0,0,0,0,0,200,200,12,200,0,200,200
316893,0,30,0,0,0,1,12,5,0,1,0,22,200,0,200,200,2,200,200,200,200
316893,0,30,0,0,0,1,12,5,0,1,0,22,200,1,48,0,0,0,0,200,200
316893,1,30,0,0,0,1,12,5,0,1,0,22,200,0,200,0,200,200,200,200,200
316893,1,30,0,0,0,1,12,5,0,1,0,22,200,1,200,0,200,200,200,200,200
316895,0,30,2,2,2,1,10,2,0,1,0,0,0,0,200,200,200,200,200,200,200
316895,0,30,2,2,2,1,10,2,0,1,0,0,0,1,27,0,0,0,0,200,200
316895,0,30,2,2,2,1,10,2,0,1,0,0,0,0,49,0,0,0,0,200,200
316895,1,30,2,2,2,1,10,2,0,1,0,0,0,0,16,0,200,200,200,200,200
316895,1,30,2,2,2,1,10,2,0,1,0,0,0,0,33,0,200,200,200,200,200
316902,0,30,200,200,2,1,12,5,0,1,200,22,200,2,200,200,200,200,200,200,200
316902,0,30,200,200,2,1,12,5,0,1,200,22,200,0,57,200,200,200,0,200,200
316906,0,30,0,0,2,1,10,2,0,1,0,0,200,0,200,200,0,200,200,200,200
316906,0,30,0,0,2,1,10,2,0,1,0,0,200,0,67,7,0,0,0,200,200
316909,0,35,200,200,2,1,14,2,0,1,200,21,200,0,61,0,4,200,0,200,200
316909,0,35,200,200,2,1,14,2,0,1,200,21,200,0,29,0,200,200,0,200,200
316920,0,30,0,0,2,1,12,5,0,1,0,21,0,0,52,0,4,0,0,200,200
316920,0,30,0,0,2,1,12,5,0,1,0,21,0,1,36,0,0,0,0,200,200
316928,0,30,2,0,2,4,10,5,0,1,200,20,9,1,24,200,6,0,0,200,0
316928,0,30,2,0,2,4,10,5,0,1,200,20,9,1,29,7,0,0,0,200,200
316934,0,30,200,200,2,1,12,3,0,1,200,22,22,0,71,0,4,0,0,200,200
316934,0,30,200,200,2,1,12,3,0,1,200,22,22,1,50,0,0,0,0,200,200
316934,1,30,200,200,2,1,12,3,0,1,200,22,22,0,9,0,200,200,200,200,200
316947,0,30,0,0,0,4,0,5,0,1,0,0,0,1,60,0,1,0,0,200,200
316947,0,30,0,0,0,4,0,5,0,1,0,0,0,0,38,0,0,0,0,200,200
316951,0,30,0,0,1,1,11,6,0,1,0,0,0,1,65,0,0,200,12,200,200
316951,0,30,0,0,1,1,11,6,0,1,0,0,0,1,36,0,0,200,0,200,200
316953,0,30,0,0,2,1,12,2,0,1,0,22,200,0,23,0,2,0,0,200,200
316953,0,30,0,0,2,1,12,2,0,1,0,22,200,1,39,0,0,0,0,200,200
316955,0,30,0,0,0,1,14,5,0,0,0,200,200,1,200,200,0,200,200,200,200
316955,0,30,0,0,0,1,14,5,0,0,0,200,200,0,39,0,0,0,0,200,200
316956,0,40,0,0,0,1,2,3,0,0,0,7,0,0,40,7,12,0,0,200,200
316957,0,45,0,0,0,1,10,3,0,0,0,18,0,0,52,0,3,0,0,200,200
316957,0,45,0,0,0,1,10,3,0,0,0,18,0,1,44,0,12,0,0,200,200
316957,1,45,0,0,0,1,10,3,0,0,0,18,0,1,200,0,200,200,200,200,200
316958,0,5,0,0,2,1,0,7,0,1,0,20,0,0,51,0,6,0,0,200,200
316958,0,5,0,0,2,1,0,7,0,1,0,20,0,0,42,0,6,0,0,200,200
316958,1,5,0,0,2,1,0,7,0,1,0,20,0,0,200,0,200,200,200,200,200
316959,0,30,0,0,2,4,10,5,0,1,0,18,0,0,54,0,0,0,0,200,200
316959,0,30,0,0,2,4,10,5,0,1,0,18,0,0,33,0,0,0,0,200,200
316969,0,30,1,200,0,1,10,2,0,0,200,0,0,1,0,200,200,0,0,200,200
316969,0,30,1,200,0,1,10,2,0,0,200,0,0,0,33,200,0,0,0,200,200
316969,1,30,1,200,0,1,10,2,0,0,200,0,0,0,200,200,200,200,200,200,200
316974,0,30,1,2,0,2,8,2,0,1,0,18,0,1,39,200,4,200,0,200,200
316974,4,30,1,2,0,2,8,2,0,1,0,18,0,0,63,7,0,200,0,200,200
316982,0,30,0,0,0,1,10,5,0,0,0,18,16,1,30,0,3,0,0,200,200
316982,0,30,0,0,0,1,10,5,0,0,0,18,16,0,19,0,0,0,0,200,200
316986,0,30,2,2,1,1,8,5,0,0,0,17,5,1,36,0,1,0,0,200,200
316986,4,30,2,2,1,1,8,5,0,0,0,17,5,0,20,7,0,0,0,200,200
316997,0,30,0,0,2,1,7,5,0,1,0,0,200,2,200,200,200,200,200,200,200
317002,0,30,0,0,0,1,10,5,0,1,0,18,200,0,20,0,3,0,0,200,200
317002,0,30,0,0,0,1,10,5,0,1,0,18,200,1,64,0,0,0,0,200,200
317007,0,35,200,200,200,3,7,3,0,200,200,0,200,2,200,200,200,200,200,200,200
317017,0,25,2,2,2,1,0,5,0,1,0,5,200,1,36,0,1,0,0,200,200
317017,0,25,2,2,2,1,0,5,0,1,0,5,200,0,66,0,0,0,0,200,200
317020,0,30,1,2,2,1,0,3,0,1,0,6,11,0,29,0,5,0,0,200,200
317020,0,30,1,2,2,1,0,3,0,1,0,6,11,1,26,0,0,0,0,200,200
317025,0,30,1,2,2,4,12,3,0,0,0,21,200,0,31,200,4,0,0,200,200
317025,0,30,1,2,2,4,12,3,0,0,0,21,200,1,26,200,0,0,0,200,200
317027,0,30,0,0,2,1,12,5,0,1,0,0,0,1,28,200,4,200,200,200,200
317027,0,30,0,0,2,1,12,5,0,1,0,0,0,0,31,0,0,200,0,200,200
317028,0,35,2,2,0,4,14,5,0,0,0,23,200,0,200,0,7,0,0,200,200
317028,0,35,2,2,0,4,14,5,0,0,0,23,200,1,200,0,0,0,0,200,200
317029,0,30,2,2,2,1,12,3,0,1,0,4,21,0,43,200,2,200,200,200,200
317029,0,30,2,2,2,1,12,3,0,1,0,4,21,0,30,200,0,0,0,200,200
317031,0,30,1,2,0,1,12,6,0,1,0,0,200,0,200,200,12,200,0,200,200
317031,0,30,1,2,0,1,12,6,0,1,0,0,200,0,200,200,200,0,0,200,200
317031,1,30,1,2,0,1,12,6,0,1,0,0,200,1,200,200,200,200,200,200,200
317048,0,30,2,2,6,2,10,5,0,1,0,18,200,0,42,0,3,0,0,200,200
317048,0,30,2,2,6,2,10,5,0,1,0,18,200,0,75,0,0,0,0,200,200
317048,1,30,2,2,6,2,10,5,0,1,0,18,200,0,46,0,200,200,200,200,200
317051,0,30,0,0,0,1,7,5,0,0,0,0,0,0,63,0,1,0,0,200,200
317053,0,30,1,2,2,1,14,1,0,1,0,22,11,1,47,0,1,0,0,200,200
317053,0,30,1,2,2,1,14,1,0,1,0,22,11,0,57,0,0,0,0,200,200
317058,4,25,0,0,0,1,8,5,0,0,200,0,0,0,200,200,200,200,200,200,200
317066,0,30,1,200,0,4,14,5,0,0,200,0,200,0,29,200,7,200,0,200,200
317066,0,30,1,200,0,4,14,5,0,0,200,0,200,0,60,200,0,200,0,200,200
317069,0,30,0,0,0,1,7,7,0,0,0,200,200,2,200,200,0,200,200,200,200
317074,0,30,0,0,0,4,14,2,0,1,0,0,0,0,71,200,12,200,0,200,200
317074,0,30,0,0,0,4,14,2,0,1,0,0,0,1,23,200,12,0,0,200,200
317077,0,30,1,2,0,3,12,2,0,0,0,22,18,0,38,0,2,0,0,200,200
317077,0,30,1,2,0,3,12,2,0,0,0,22,18,1,48,0,0,0,0,200,200
317088,0,15,0,0,2,1,2,0,0,1,200,11,34,0,13,1,8,200,0,200,200
317109,0,25,200,200,2,1,12,6,0,1,200,0,0,1,81,0,0,0,0,200,200
317109,0,25,200,200,2,1,12,6,0,1,200,0,0,1,200,200,0,0,0,200,200
317109,1,25,200,200,2,1,12,6,0,1,200,0,0,0,200,0,200,200,200,200,200
317112,0,30,1,2,12,3,14,5,0,1,0,17,11,1,23,0,1,200,0,200,200
317112,0,30,1,2,12,3,14,5,0,1,0,17,11,1,19,0,12,200,0,200,200
317125,0,30,3,2,1,1,12,2,0,1,0,0,0,0,31,200,12,200,200,200,200
317125,0,30,3,2,1,1,12,2,0,1,0,0,0,0,45,200,12,0,200,200,200
317126,0,30,0,0,2,3,10,5,0,1,0,0,0,1,29,0,3,0,0,200,200
317126,0,30,0,0,2,3,10,5,0,1,0,0,0,0,21,7,0,0,0,200,200
317134,0,25,0,0,2,3,7,6,0,1,200,11,25,2,200,200,200,200,200,200,200
317137,0,30,0,0,200,3,7,5,0,200,200,0,200,0,200,200,200,200,200,200,200
317141,0,30,1,2,2,3,10,6,0,1,0,14,16,1,34,1,8,0,5,200,200
317141,0,30,1,2,2,3,10,6,0,1,0,14,16,1,43,0,0,0,0,200,200
317141,0,30,1,2,2,3,10,6,0,1,0,14,16,0,42,0,0,0,0,200,200
317141,1,30,1,2,2,3,10,6,0,1,0,14,16,0,43,0,200,200,200,200,200
317155,0,35,1,2,2,3,14,5,0,1,0,0,11,0,53,0,200,200,0,200,200
317155,0,35,1,2,2,3,14,5,0,1,0,0,11,0,61,0,200,200,0,200,200
317159,0,40,200,200,2,200,10,3,0,1,200,18,200,1,29,200,200,200,200,200,200
317159,0,40,200,200,2,200,10,3,0,1,200,18,200,0,30,7,12,200,200,200,200
317166,0,30,0,200,2,1,14,0,0,1,0,17,0,0,19,200,9,200,0,200,200
317166,0,30,0,200,2,1,14,0,0,1,0,17,0,1,34,200,200,200,0,200,200
317166,1,30,0,200,2,1,14,0,0,1,0,17,0,0,10,200,200,200,200,200,200
317167,0,30,0,0,2,1,12,6,0,1,0,0,0,0,24,200,12,200,200,200,200
317167,0,30,0,0,2,1,12,6,0,1,0,0,0,0,33,200,0,200,0,200,200
317168,0,30,1,2,2,3,14,2,0,1,0,23,0,0,32,200,1,200,0,200,200
317168,0,30,1,2,2,3,14,2,0,1,0,23,0,0,46,200,200,200,0,200,200
317170,0,45,0,0,0,3,12,3,0,0,0,21,200,0,62,0,4,0,0,200,200
317170,0,45,0,0,0,3,12,3,0,0,0,21,200,0,21,0,0,0,0,200,200
317170,1,45,0,0,0,3,12,3,0,0,0,21,200,1,61,0,200,200,200,200,200
317173,0,30,2,0,2,3,7,5,0,1,0,14,34,1,200,200,8,200,200,200,200
317173,1,30,2,0,2,3,7,5,0,1,0,14,34,0,200,200,200,200,200,200,200
317185,0,30,1,200,0,0,10,5,0,1,200,0,0,0,32,200,200,200,200,200,200
317185,0,30,1,200,0,0,10,5,0,1,200,0,0,1,38,0,0,200,0,200,200
317185,1,30,1,200,0,0,10,5,0,1,200,0,0,1,14,0,200,200,200,200,200
317192,0,30,1,2,0,0,10,5,0,1,0,0,200,0,200,200,200,200,200,200,200
317192,0,30,1,2,0,0,10,5,0,1,0,0,200,1,200,200,0,0,200,200,200
317192,0,30,1,2,0,0,10,5,0,1,0,0,200,0,59,0,0,0,0,200,200
317192,1,30,1,2,0,0,10,5,0,1,0,0,200,0,57,0,200,200,200,200,200
317202,0,5,0,0,12,3,2,7,0,0,0,7,11,1,23,200,200,200,0,200,200
317204,0,30,0,0,0,4,10,5,0,1,0,200,200,1,22,0,0,0,0,200,200
317204,0,30,0,0,0,4,10,5,0,1,0,200,200,0,20,0,0,0,0,200,200
317204,1,30,0,0,0,4,10,5,0,1,0,200,200,0,200,0,200,200,200,200,200
317204,1,30,0,0,0,4,10,5,0,1,0,200,200,0,200,0,200,200,200,200,200
317204,1,30,0,0,0,4,10,5,0,1,0,200,200,1,200,0,200,200,200,200,200
317208,0,30,1,2,0,3,14,2,0,1,200,23,200,0,25,200,7,200,0,200,200
317208,0,30,1,2,0,3,14,2,0,1,200,23,200,0,29,0,0,0,0,200,200
317208,1,30,1,2,0,3,14,2,0,1,200,23,200,0,200,0,200,200,200,200,200
317209,0,15,2,2,2,3,7,5,0,1,200,34,200,0,24,0,12,200,200,200,200
317210,0,30,1,2,1,1,10,3,0,1,200,18,18,0,22,200,3,0,200,200,200
317210,0,30,1,2,1,1,10,3,0,1,200,18,18,0,40,200,12,0,0,200,200
317217,0,30,2,2,2,3,2,5,0,1,200,0,200,2,200,200,200,200,200,200,200
317222,4,35,1,2,2,3,8,1,0,1,0,0,200,0,21,3,0,0,0,200,200
317222,0,35,1,2,2,3,8,1,0,1,0,0,200,0,34,200,0,0,0,200,200
317223,0,30,0,0,2,3,8,6,0,1,0,16,34,0,17,200,200,12,0,200,200
317223,4,30,0,0,2,3,8,6,0,1,0,16,34,1,30,200,9,200,200,200,200
317224,0,30,1,2,0,3,14,5,0,1,0,11,23,0,34,200,7,200,0,200,200
317224,0,30,1,2,0,3,14,5,0,1,0,11,23,0,68,200,0,200,0,200,200
317226,0,30,0,2,0,3,10,2,0,0,0,18,200,0,27,0,3,0,0,200,200
317226,0,30,0,2,0,3,10,2,0,0,0,18,200,0,35,0,0,0,0,200,200
317226,1,30,0,2,0,3,10,2,0,0,0,18,200,1,200,0,200,200,200,200,200
317230,0,10,0,0,200,3,0,7,0,200,200,0,0,2,200,200,200,200,200,200,200
317230,0,10,0,0,200,3,0,7,0,200,200,0,0,1,29,0,0,200,0,200,200
317233,0,30,2,2,2,0,14,1,0,1,0,16,16,2,200,200,8,200,200,200,200
317233,0,30,2,2,2,0,14,1,0,1,0,16,16,1,19,200,12,200,0,200,200
317236,0,30,1,2,2,3,10,5,0,1,0,18,18,1,26,200,3,200,200,200,200
317236,0,30,1,2,2,3,10,5,0,1,0,18,18,0,36,0,0,0,0,200,200
317239,0,15,0,0,2,3,7,6,0,1,0,200,200,1,38,0,7,0,0,200,200
317242,0,35,1,2,2,3,14,5,0,1,0,23,11,0,23,200,7,200,0,200,200
317242,0,35,1,2,2,3,14,5,0,1,0,23,11,0,55,200,12,200,0,200,200
317245,0,30,0,0,2,3,7,2,0,1,0,21,200,1,69,0,12,0,0,200,200
317245,0,30,0,0,2,3,7,2,0,1,0,21,200,1,28,0,0,0,0,200,200
317245,0,30,0,0,2,3,7,2,0,1,0,21,200,1,53,0,0,0,0,200,200
317245,1,30,0,0,2,3,7,2,0,1,0,21,200,1,42,0,200,200,200,200,200
317245,1,30,0,0,2,3,7,2,0,1,0,21,200,0,46,0,200,200,200,200,200
317245,1,30,0,0,2,3,7,2,0,1,0,21,200,0,33,0,200,200,200,200,200
317249,0,25,1,2,2,3,10,5,0,1,0,2,15,0,28,200,15,200,200,200,200
317249,0,25,1,2,2,3,10,5,0,1,0,2,15,0,31,0,0,0,0,200,200
317249,1,25,1,2,2,3,10,5,0,1,0,2,15,0,200,0,200,200,200,200,200
317249,1,25,1,2,2,3,10,5,0,1,0,2,15,0,200,0,200,200,200,200,200
317249,1,25,1,2,2,3,10,5,0,1,0,2,15,0,200,0,200,200,200,200,200
317254,0,30,200,200,2,4,7,5,0,1,200,0,200,2,200,200,200,200,200,200,200
317256,0,35,1,2,2,3,10,2,0,1,0,32,0,1,30,200,12,200,3,200,200
317256,0,35,1,2,2,3,10,2,0,1,0,32,0,1,28,200,0,0,0,200,200
317257,0,30,1,2,0,3,10,5,0,1,0,0,200,0,63,200,200,0,0,200,200
317257,0,30,1,2,0,3,10,5,0,1,0,0,200,0,60,200,0,0,0,200,200
317257,1,30,1,2,0,3,10,5,0,1,0,0,200,0,58,200,200,200,200,200,200
317258,0,30,0,0,2,3,10,5,0,1,0,18,34,2,45,200,3,200,0,200,200
317258,0,30,0,0,2,3,10,5,0,1,0,18,34,0,64,200,0,200,0,200,200
317258,1,30,0,0,2,3,10,5,0,1,0,18,34,1,60,200,200,200,200,200,200
317263,0,25,2,0,2,3,14,6,0,1,0,0,16,0,20,200,200,200,200,200,200
317263,0,25,2,0,2,3,14,6,0,1,0,0,16,1,38,0,200,200,200,200,200
317265,0,30,0,0,2,3,7,5,0,1,0,34,0,0,24,200,200,0,0,200,200
317274,0,30,0,0,0,3,2,5,0,1,200,0,0,1,61,200,12,200,0,200,200
317275,0,30,1,2,2,3,14,2,0,1,0,16,0,1,18,200,1,200,200,200,200
317275,0,30,1,2,2,3,14,2,0,1,0,16,0,0,46,200,0,200,200,200,200
317275,1,30,1,2,2,3,14,2,0,1,0,16,0,0,18,200,200,200,200,200,200
317275,1,30,1,2,2,3,14,2,0,1,0,16,0,0,19,200,200,200,200,200,200
317287,0,35,1,2,2,3,12,3,0,1,0,17,0,1,26,0,5,0,0,200,200
317287,0,35,1,2,2,3,12,3,0,1,0,17,0,0,58,0,0,0,0,200,200
317296,0,30,0,0,2,3,12,5,0,1,0,21,0,0,20,0,4,0,0,200,200
317296,0,30,0,0,2,3,12,5,0,1,0,21,0,1,61,0,0,0,0,200,200
317301,0,35,0,200,2,0,7,5,0,1,200,0,27,2,200,200,200,200,200,200,200
317303,0,30,1,2,2,3,10,5,0,1,3,28,16,0,200,200,200,200,200,200,200
317303,0,30,1,2,2,3,10,5,0,1,3,28,16,1,25,0,0,0,0,200,200
317303,1,30,1,2,2,3,10,5,0,1,3,28,16,1,23,0,200,200,200,200,200
317304,0,30,0,0,2,3,7,5,0,1,0,34,34,0,28,0,0,0,0,200,200
317307,0,35,0,0,2,3,7,5,0,1,0,11,15,0,20,200,8,200,0,200,200
317307,1,35,0,0,2,3,7,5,0,1,0,11,15,0,20,200,200,200,200,200,200
317310,0,30,0,0,2,3,7,2,0,1,0,0,200,0,17,200,12,0,0,200,200
317316,0,30,1,2,2,3,0,2,0,1,0,200,200,2,200,200,200,200,200,200,200
317316,0,30,1,2,2,3,0,2,0,1,0,200,200,2,200,200,200,200,200,200,200
317325,0,30,0,0,2,3,7,5,0,1,0,200,34,2,200,200,200,200,200,200,200
317327,0,30,1,2,2,3,10,1,0,1,0,0,34,2,200,200,200,200,200,200,200
317327,0,30,1,2,2,3,10,1,0,1,0,0,34,0,24,200,200,200,0,200,200
317337,0,30,1,2,2,3,0,5,0,1,0,6,0,0,56,0,200,0,0,200,200
317337,0,30,1,2,2,3,0,5,0,1,0,6,0,0,33,0,200,0,0,200,200
317338,0,30,0,0,2,3,2,5,0,1,0,34,34,0,21,200,200,4,0,200,200
317345,0,35,1,2,2,3,0,2,0,1,0,20,0,0,57,0,6,0,200,200,200
317345,0,35,1,2,2,3,0,2,0,1,0,20,0,0,69,1,0,0,0,200,200
317347,0,30,0,0,2,3,7,5,0,1,0,11,200,0,30,0,12,0,0,200,200
317359,0,30,2,2,2,3,0,2,0,1,0,17,200,0,18,0,1,0,0,200,200
317359,0,30,2,2,2,3,0,2,0,1,0,17,200,0,51,200,0,0,0,200,200
317361,0,30,1,2,2,3,10,6,0,1,0,15,18,2,200,200,8,200,200,200,200
317361,0,30,1,2,2,3,10,6,0,1,0,15,18,0,51,0,0,0,0,200,200
317363,0,30,200,0,2,2,0,5,0,1,200,0,0,2,200,200,200,200,200,200,200
317363,0,30,200,0,2,2,0,5,0,1,200,0,0,0,57,200,0,200,0,200,200
317363,1,30,200,0,2,2,0,5,0,1,200,0,0,1,47,200,200,200,200,200,200
317364,5,15,0,0,2,2,9,0,2,1,0,25,200,1,24,7,0,200,200,200,200
317366,0,30,0,0,2,2,10,2,0,1,12,28,0,0,28,0,200,0,0,200,200
317366,0,30,0,0,2,2,10,2,0,1,12,28,0,1,29,0,200,0,0,200,200
317368,1,30,0,0,2,4,7,6,0,1,0,0,0,200,200,200,200,200,200,200,200
317383,0,30,1,2,2,1,0,5,0,1,0,6,34,1,23,7,5,200,7,200,200
317383,0,30,1,2,2,1,0,5,0,1,0,6,34,0,23,200,8,200,0,200,200
317383,1,30,1,2,2,1,0,5,0,1,0,6,34,1,2,4,200,200,200,200,200
317383,1,30,1,2,2,1,0,5,0,1,0,6,34,0,8,4,200,200,200,200,200
317388,0,15,0,0,200,0,7,6,0,1,0,16,0,2,200,200,200,200,200,200,200
317390,0,30,1,2,2,2,14,2,0,1,0,200,200,1,23,0,200,4,0,200,200
317390,0,30,1,2,2,2,14,2,0,1,0,200,200,0,39,0,0,4,0,200,200
317390,1,30,1,2,2,2,14,2,0,1,0,200,200,0,35,0,200,200,200,200,200
317392,0,45,0,0,2,1,12,3,2,1,0,17,200,0,56,0,1,0,0,200,200
317392,0,45,0,0,2,1,12,3,2,1,0,17,200,1,54,0,0,0,0,200,200
317392,1,45,0,0,2,1,12,3,2,1,0,17,200,0,80,0,200,200,200,200,200
317392,1,45,0,0,2,1,12,3,2,1,0,17,200,1,72,0,200,200,200,200,200
317393,0,25,0,0,2,2,7,5,0,1,0,0,200,0,23,0,200,0,0,200,200
317395,0,30,1,2,2,2,9,2,0,1,0,6,23,2,200,200,5,200,200,200,200
317395,5,30,1,2,2,2,9,2,0,1,0,6,23,0,52,7,0,0,0,200,200
317396,0,15,0,0,2,2,14,5,0,0,0,23,17,0,32,7,0,0,0,200,200
317396,0,15,0,0,2,2,14,5,0,0,0,23,17,0,200,200,7,200,200,200,200
317396,1,15,0,0,2,2,14,5,0,0,0,23,17,0,65,7,200,200,200,200,200
317401,0,25,1,2,2,1,10,5,0,1,0,0,0,0,53,0,8,0,0,200,200
317401,0,25,1,2,2,1,10,5,0,1,0,0,0,1,42,0,0,0,0,200,200
317404,0,30,1,0,2,1,14,5,0,1,0,23,17,1,24,200,1,200,0,200,200
317404,0,30,1,0,2,1,14,5,0,1,0,23,17,0,20,7,0,200,0,200,200
317404,1,30,1,0,2,1,14,5,0,1,0,23,17,0,200,200,200,200,200,200,200
317407,0,30,10,2,2,2,2,3,2,1,0,3,200,0,60,0,5,0,0,200,200
317409,0,30,1,2,2,0,9,5,0,1,0,17,23,0,62,0,1,12,0,200,200
317409,5,30,1,2,2,0,9,5,0,1,0,17,23,1,44,7,0,0,0,200,200
317411,0,30,0,0,2,1,10,5,0,3,0,27,34,0,38,7,12,12,7,200,200
317411,0,30,0,0,2,1,10,5,0,3,0,27,34,0,42,7,0,0,0,200,200
317411,0,30,0,0,2,1,10,5,0,3,0,27,34,1,46,7,0,0,0,200,200
317418,0,30,1,2,2,1,0,2,0,1,0,17,200,0,67,200,1,200,0,200,200
317418,0,30,1,2,2,1,0,2,0,1,0,17,200,0,56,200,200,200,0,200,200
317418,1,30,1,2,2,1,0,2,0,1,0,17,200,1,52,200,200,200,200,200,200
317419,0,35,1,2,2,1,14,5,0,1,0,0,0,1,51,0,200,0,0,200,200
317419,0,35,1,2,2,1,14,5,0,1,0,0,0,0,29,0,0,0,0,200,200
317419,1,35,1,2,2,1,14,5,0,1,0,0,0,1,30,0,200,200,200,200,200
317419,1,35,1,2,2,1,14,5,0,1,0,0,0,0,6,0,200,200,200,200,200
317421,0,30,1,2,2,1,14,2,0,1,200,23,200,0,48,200,200,200,0,200,200
317421,0,30,1,2,2,1,14,2,0,1,200,23,200,0,60,200,7,200,0,200,200
317423,0,15,0,0,2,1,5,0,0,1,0,18,0,0,46,0,3,0,0,200,200
317431,0,15,0,0,2,1,14,7,3,1,2,11,0,0,25,200,8,200,200,200,200
317431,0,15,0,0,2,1,14,7,3,1,2,11,0,1,52,200,0,0,0,200,200
317432,0,30,2,2,2,1,0,2,0,0,0,17,200,1,74,0,1,1,0,200,200
317432,0,30,2,2,2,1,0,2,0,0,0,17,200,1,52,200,0,1,200,200,200
317434,0,30,1,2,2,1,10,5,0,1,0,0,0,1,22,200,200,200,200,200,200
317434,0,30,1,2,2,1,10,5,0,1,0,0,0,0,50,0,0,0,0,200,200
317435,5,30,1,2,2,3,9,6,0,1,0,34,6,0,74,7,5,12,0,200,200
317435,0,30,1,2,2,3,9,6,0,1,0,34,6,0,45,0,0,4,0,200,200
317435,1,30,1,2,2,3,9,6,0,1,0,34,6,1,200,0,200,200,200,200,200
317436,0,30,0,0,2,1,0,5,0,1,0,17,200,1,26,0,1,200,0,200,200
317436,0,30,0,0,2,1,0,5,0,1,0,17,200,1,20,0,0,0,0,200,200
317436,1,30,0,0,2,1,0,5,0,1,0,17,200,1,22,0,200,200,200,200,200
317438,0,30,0,0,2,1,12,5,0,1,0,17,17,0,46,0,1,0,0,200,200
317438,0,30,0,0,2,1,12,5,0,1,0,17,17,0,200,200,1,200,200,200,200
317439,0,35,2,2,2,1,2,5,0,1,12,200,200,0,0,200,200,200,0,200,200
317441,0,20,1,2,2,2,10,5,0,1,0,33,16,0,42,0,12,3,0,200,200
317441,0,20,1,2,2,2,10,5,0,1,0,33,16,0,27,0,0,0,0,200,200
317442,0,30,2,2,2,1,0,3,0,1,0,17,15,1,200,200,8,200,200,200,200
317442,0,30,2,2,2,1,0,3,0,1,0,17,15,0,63,0,1,0,0,200,200
317442,1,30,2,2,2,1,0,3,0,1,0,17,15,1,200,200,200,200,200,200,200
317448,0,30,0,0,2,1,14,5,0,1,0,15,34,0,200,200,7,200,200,200,200
317448,0,30,0,0,2,1,14,5,0,1,0,15,34,0,32,0,12,0,0,200,200
317452,0,30,0,0,2,1,14,5,0,1,0,20,200,0,56,0,6,0,0,200,200
317452,0,30,0,0,2,1,14,5,0,1,0,20,200,0,25,0,0,0,0,200,200
317453,0,30,0,0,2,0,14,5,0,1,0,23,23,0,200,200,4,0,0,200,200
317453,0,30,0,0,2,0,14,5,0,1,0,23,23,1,21,0,0,0,0,200,200
317455,0,30,1,2,2,1,14,3,0,1,0,23,11,1,200,200,7,200,200,200,200
317455,0,30,1,2,2,1,14,3,0,1,0,23,11,1,28,0,0,0,0,200,200
317455,1,30,1,2,2,1,14,3,0,1,0,23,11,0,37,0,200,200,200,200,200