RD_NO,PERSON_TYPE,POSTED_SPEED_LIMIT,TRAFFIC_CONTROL_DEVICE,DEVICE_CONDITION,WEATHER_CONDITION,LIGHTING_CONDITION,FIRST_CRASH_TYPE,TRAFFICWAY_TYPE,ALIGNMENT,ROADWAY_SURFACE_COND,ROAD_DEFECT,PRIM_CONTRIBUTORY_CAUSE,SEC_CONTRIBUTORY_CAUSE,SEX,AGE,SAFETY_EQUIPMENT,DRIVER_ACTION,DRIVER_VISION,PHYSICAL_CONDITION,BAC_RESULT VALUE,CELL_PHONE_USE
317461,0,30,1,2,2,1,10,5,0,1,0,16,200,0,200,200,12,200,200,200,200
317461,0,30,1,2,2,1,10,5,0,1,0,16,200,0,28,0,0,0,0,200,200
317461,1,30,1,2,2,1,10,5,0,1,0,16,200,0,52,0,200,200,200,200,200
317464,0,30,0,0,2,1,14,5,0,1,0,200,200,1,34,7,200,0,0,200,200
317464,0,30,0,0,2,1,14,5,0,1,0,200,200,1,20,0,0,200,0,200,200
317464,0,30,0,0,2,1,14,5,0,1,0,200,200,1,30,0,0,0,0,200,200
317469,0,30,1,2,2,1,9,5,0,1,0,17,6,0,200,200,1,200,200,200,200
317469,5,30,1,2,2,1,9,5,0,1,0,17,6,1,26,200,0,12,0,200,200
317471,0,30,2,2,2,1,0,5,0,1,0,17,200,1,22,0,1,4,0,200,200
317471,0,30,2,2,2,1,0,5,0,1,0,17,200,0,38,0,0,4,0,200,200
317474,0,30,1,2,2,1,10,2,0,1,0,0,0,1,200,200,200,200,200,200,200
317474,0,30,1,2,2,1,10,2,0,1,0,0,0,0,53,0,0,0,0,200,200
317475,0,35,0,0,2,1,10,5,0,1,0,0,200,1,200,200,0,200,200,200,200
317475,0,35,0,0,2,1,10,5,0,1,0,0,200,1,61,0,0,0,0,200,200
317475,1,35,0,0,2,1,10,5,0,1,0,0,200,1,200,0,200,200,200,200,200
317475,1,35,0,0,2,1,10,5,0,1,0,0,200,1,200,0,200,200,200,200,200
317483,0,30,0,0,2,1,10,5,0,1,0,34,18,0,39,0,0,0,0,200,200
317483,0,30,0,0,2,1,10,5,0,1,0,34,18,1,47,0,3,0,0,200,200
317484,0,30,1,2,2,1,14,5,0,1,0,17,200,1,56,0,1,0,0,200,200
317484,0,30,1,2,2,1,14,5,0,1,0,17,200,1,34,0,0,0,0,200,200
317488,0,30,1,2,2,1,14,5,0,1,0,22,0,0,49,7,200,200,0,200,200
317488,0,30,1,2,2,1,14,5,0,1,0,22,0,0,25,200,200,200,0,200,200
317488,1,30,1,2,2,1,14,5,0,1,0,22,0,1,26,200,200,200,200,200,200
317492,0,30,1,2,2,200,10,5,0,1,200,22,34,0,22,0,2,200,0,200,200
317492,0,30,1,2,2,200,10,5,0,1,200,22,34,0,49,0,0,0,0,200,200
317500,0,30,1,2,2,1,10,5,0,1,0,16,18,1,200,200,1,200,200,200,200
317500,0,30,1,2,2,1,10,5,0,1,0,16,18,0,38,0,0,0,0,200,200
317500,1,30,1,2,2,1,10,5,0,1,0,16,18,1,35,0,200,200,200,200,200
317501,0,30,2,2,2,1,0,5,0,1,0,5,17,1,200,200,200,200,200,200,200
317501,0,30,2,2,2,1,0,5,0,1,0,5,17,1,40,200,0,200,0,200,200
317501,1,30,2,2,2,1,0,5,0,1,0,5,17,0,2,5,200,200,200,200,200
317501,1,30,2,2,2,1,0,5,0,1,0,5,17,1,0,5,200,200,200,200,200
317502,0,30,2,2,2,1,0,2,0,1,0,17,200,0,200,200,1,200,200,200,200
317502,0,30,2,2,2,1,0,2,0,1,0,17,200,0,64,0,0,0,0,200,200
317508,0,30,1,2,2,1,12,6,0,1,0,21,200,0,35,0,12,0,0,200,200
317508,0,30,1,2,2,1,12,6,0,1,0,21,200,0,36,0,0,0,0,200,200
317514,0,30,0,0,2,200,7,5,0,1,0,0,0,2,200,200,200,200,200,200,200
317518,0,30,1,2,2,1,10,2,0,1,0,18,34,0,40,200,3,0,0,200,200
317518,0,30,1,2,2,1,10,2,0,1,0,18,34,0,57,200,0,0,0,200,200
317518,1,30,1,2,2,1,10,2,0,1,0,18,34,1,23,200,200,200,200,200,200
317518,1,30,1,2,2,1,10,2,0,1,0,18,34,1,2,5,200,200,200,200,200
317522,0,30,2,2,2,1,12,2,0,1,0,22,18,0,40,0,7,0,0,200,200
317522,0,30,2,2,2,1,12,2,0,1,0,22,18,0,38,0,0,0,0,200,200
317526,0,30,0,0,2,1,12,2,0,1,0,17,17,1,25,200,1,0,0,200,200
317526,0,30,0,0,2,1,12,2,0,1,0,17,17,0,27,0,1,0,0,200,200
317528,0,30,1,2,2,1,14,5,0,1,0,23,3,0,28,0,7,0,0,200,200
317528,0,30,1,2,2,1,14,5,0,1,0,23,3,1,31,0,0,0,0,200,200
317531,0,30,1,2,2,1,10,6,0,1,0,16,200,0,56,0,12,0,0,200,200
317531,0,30,1,2,2,1,10,6,0,1,0,16,200,0,27,0,0,0,0,200,200
317531,0,30,1,2,2,1,10,6,0,1,0,16,200,0,44,200,0,200,0,200,200
317531,0,30,1,2,2,1,10,6,0,1,0,16,200,2,200,200,0,200,200,200,200
317531,1,30,1,2,2,1,10,6,0,1,0,16,200,0,200,0,200,200,200,200,200
317536,0,30,1,2,2,1,10,5,0,1,0,18,200,1,30,7,0,0,0,200,200
317536,0,30,1,2,2,1,10,5,0,1,0,18,200,0,200,200,200,200,200,200,200
317538,0,15,0,0,2,1,7,0,0,1,0,0,0,0,62,0,0,0,0,200,200
317540,0,30,1,2,2,1,14,1,1,1,0,17,200,1,39,0,1,0,0,200,200
317540,0,30,1,2,2,1,14,1,1,1,0,17,200,0,37,0,8,0,0,200,200
317551,0,30,1,2,2,1,14,5,0,1,0,17,22,0,31,0,200,0,0,200,200
317551,0,30,1,2,2,1,14,5,0,1,0,17,22,0,29,0,200,0,0,200,200
317555,0,10,0,0,2,1,7,7,0,1,0,0,200,2,200,200,200,200,200,200,200
317558,0,35,0,0,2,1,7,6,0,1,0,20,200,1,29,0,6,0,0,200,200
317558,1,35,0,0,2,1,7,6,0,1,0,20,200,0,200,0,200,200,200,200,200
317562,0,30,1,2,2,1,14,3,0,1,0,20,0,0,33,0,6,200,0,200,200
317562,0,30,1,2,2,1,14,3,0,1,0,20,0,0,200,0,0,0,0,200,200
317563,0,0,0,0,2,1,10,7,0,1,0,20,34,1,200,200,6,200,200,200,200
317563,0,0,0,0,2,1,10,7,0,1,0,20,34,1,37,0,0,0,0,200,200
317567,0,30,0,0,2,1,10,5,0,1,0,0,0,1,19,0,3,0,0,200,200
317567,0,30,0,0,2,1,10,5,0,1,0,0,0,0,30,0,0,0,0,200,200
317567,0,30,0,0,2,1,10,5,0,1,0,0,0,1,41,0,0,0,0,200,200
317567,1,30,0,0,2,1,10,5,0,1,0,0,0,1,17,0,200,200,200,200,200
317567,1,30,0,0,2,1,10,5,0,1,0,0,0,1,17,0,200,200,200,200,200
317571,0,30,1,2,2,1,10,5,0,1,0,18,0,1,49,0,0,0,0,200,200
317571,0,30,1,2,2,1,10,5,0,1,0,18,0,0,58,0,3,0,0,200,200
317579,0,30,4,0,2,1,9,5,0,1,0,17,23,0,42,200,1,0,0,200,200
317579,5,30,4,0,2,1,9,5,0,1,0,17,23,1,58,200,0,200,200,200,200
317580,0,30,1,2,2,1,12,5,0,1,0,17,0,0,32,0,1,200,200,200,200
317580,0,30,1,2,2,1,12,5,0,1,0,17,0,0,31,0,0,0,0,200,200
317588,0,30,1,2,2,1,12,5,0,1,0,34,200,1,38,0,12,12,0,200,200
317588,0,30,1,2,2,1,12,5,0,1,0,34,200,1,26,0,0,0,0,200,200
317597,0,20,0,0,2,1,0,5,2,1,0,17,16,2,200,200,1,200,200,200,200
317597,0,20,0,0,2,1,0,5,2,1,0,17,16,0,64,0,0,0,0,200,200
317599,0,45,200,200,2,200,4,200,0,1,1,28,0,1,61,0,12,0,0,200,200
317608,0,30,0,0,2,1,14,6,0,1,0,0,200,0,56,0,200,0,0,200,200
317608,0,30,0,0,2,1,14,6,0,1,0,0,200,1,34,0,200,0,0,200,200
317608,1,30,0,0,2,1,14,6,0,1,0,0,200,1,200,0,200,200,200,200,200
317615,0,30,0,0,2,1,2,5,0,1,0,14,0,0,28,0,8,200,0,200,200
317616,0,30,1,2,2,1,12,5,0,1,0,12,11,0,24,200,200,0,0,200,200
317616,0,30,1,2,2,1,12,5,0,1,0,12,11,0,200,0,0,0,0,200,200
317617,0,30,0,0,2,1,10,5,0,1,0,0,200,1,31,0,1,0,0,200,200
317617,0,30,0,0,2,1,10,5,0,1,0,0,200,1,67,200,0,0,0,200,200
317617,0,30,0,0,2,1,10,5,0,1,0,0,200,0,200,200,200,200,200,200,200
317622,0,20,0,0,2,1,7,6,0,1,0,18,11,0,30,200,3,0,0,200,200
317626,0,35,1,2,2,1,12,5,0,1,0,0,0,1,57,0,12,0,0,200,200
317626,0,35,1,2,2,1,12,5,0,1,0,0,0,0,22,0,0,0,0,200,200
317628,0,30,0,0,2,1,7,5,0,1,0,22,0,1,32,0,12,0,0,200,200
317631,0,45,1,2,2,1,10,3,0,1,0,16,18,0,200,200,3,200,200,200,200
317631,0,45,1,2,2,1,10,3,0,1,0,16,18,1,48,0,0,0,0,200,200
317639,0,30,0,0,2,1,10,2,0,1,0,18,200,0,46,0,3,0,0,200,200
317639,0,30,0,0,2,1,10,2,0,1,0,18,200,0,66,0,0,0,0,200,200
317639,1,30,0,0,2,1,10,2,0,1,0,18,200,1,66,0,200,200,200,200,200
317639,1,30,0,0,2,1,10,2,0,1,0,18,200,0,38,0,200,200,200,200,200
317639,1,30,0,0,2,1,10,2,0,1,0,18,200,1,7,0,200,200,200,200,200
317640,0,30,0,0,2,1,14,5,0,1,0,23,0,0,52,0,0,0,0,200,200
317640,0,30,0,0,2,1,14,5,0,1,0,23,0,0,65,0,12,0,0,200,200
317644,0,30,0,0,2,1,2,6,0,1,0,16,200,0,50,0,12,0,0,200,200
317645,0,30,0,0,2,1,0,5,0,1,0,17,23,0,200,200,1,200,200,200,200
317645,0,30,0,0,2,1,0,5,0,1,0,17,23,0,72,0,0,0,0,200,200
317653,0,30,0,0,2,1,0,5,0,0,0,17,17,0,29,0,1,0,0,200,200
317653,0,30,0,0,2,1,0,5,0,0,0,17,17,0,60,0,0,0,0,200,200
317654,0,30,2,2,2,1,14,5,0,1,0,17,200,1,38,0,1,0,0,200,200
317654,0,30,2,2,2,1,14,5,0,1,0,17,200,1,64,0,0,0,0,200,200
317665,0,10,0,0,2,1,7,7,0,1,0,0,0,2,200,200,200,200,200,200,200
317666,0,30,0,0,2,1,14,2,0,1,0,15,18,1,200,200,8,200,200,200,200
317666,0,30,0,0,2,1,14,2,0,1,0,15,18,0,38,0,12,0,0,200,200
317666,1,30,0,0,2,1,14,2,0,1,0,15,18,1,200,0,200,200,200,200,200
317670,0,30,1,2,2,1,10,5,0,1,200,0,200,1,200,200,5,200,200,200,200
317670,0,30,1,2,2,1,10,5,0,1,200,0,200,0,0,0,0,200,0,200,200
317672,0,30,0,0,2,1,14,5,0,1,0,17,200,0,33,0,1,4,0,200,200
317672,0,30,0,0,2,1,14,5,0,1,0,17,200,0,27,0,0,0,0,200,200
317673,0,30,0,0,2,1,10,5,0,1,0,0,21,0,29,0,3,0,0,200,200
317673,0,30,0,0,2,1,10,5,0,1,0,0,21,1,64,0,0,0,0,200,200
317674,0,30,1,2,0,1,10,6,0,1,0,34,0,1,23,200,200,200,200,200,200
317674,0,30,1,2,0,1,10,6,0,1,0,34,0,2,200,200,200,200,200,200,200
317674,1,30,1,2,0,1,10,6,0,1,0,34,0,1,75,200,200,200,200,200,200
317681,0,30,1,2,2,1,12,5,0,1,0,21,200,0,29,200,2,200,200,200,200
317681,0,30,1,2,2,1,12,5,0,1,0,21,200,0,57,0,0,0,0,200,200
317689,0,30,1,2,2,1,10,5,0,1,200,34,200,0,39,200,200,200,0,200,200
317689,0,30,1,2,2,1,10,5,0,1,200,34,200,1,66,200,200,200,0,200,200
317691,0,30,1,2,0,1,10,5,0,0,0,18,0,1,200,200,3,200,200,200,200
317691,0,30,1,2,0,1,10,5,0,0,0,18,0,1,26,0,0,0,0,200,200
317695,0,0,0,0,2,1,7,7,0,1,0,20,200,0,28,0,6,200,0,200,200
317695,1,0,0,0,2,1,7,7,0,1,0,20,200,0,52,200,200,200,200,200,200
317706,0,30,2,2,2,1,14,5,0,1,0,23,21,0,64,200,12,200,5,200,200
317706,0,30,2,2,2,1,14,5,0,1,0,23,21,0,63,0,200,200,0,200,200
317706,1,30,2,2,2,1,14,5,0,1,0,23,21,0,42,0,200,200,200,200,200
317711,0,30,0,0,2,1,7,5,0,1,0,0,0,1,25,200,200,200,200,200,200
317715,0,45,0,0,2,1,12,5,0,1,200,23,200,1,55,200,7,200,200,200,200
317715,0,45,0,0,2,1,12,5,0,1,200,23,200,1,74,7,0,200,0,200,200
317715,1,45,0,0,2,1,12,5,0,1,200,23,200,0,49,200,200,200,200,200,200
317721,0,30,1,2,2,1,14,6,0,1,0,16,200,1,26,200,12,0,0,200,200
317721,0,30,1,2,2,1,14,6,0,1,0,16,200,0,32,0,0,0,0,200,200
317721,1,30,1,2,2,1,14,6,0,1,0,16,200,0,200,0,200,200,200,200,200
317725,0,45,0,0,0,4,2,3,0,1,1,200,200,1,35,0,0,0,0,200,200
317730,0,25,0,0,0,1,7,5,0,1,0,0,200,0,200,200,6,200,200,200,200
317730,1,25,0,0,0,1,7,5,0,1,0,0,200,0,38,0,200,200,200,200,200
317732,0,35,0,0,2,1,10,5,0,1,0,0,0,1,200,200,0,200,200,200,200
317732,0,35,0,0,2,1,10,5,0,1,0,0,0,1,58,0,0,0,0,200,200
317733,0,30,0,0,2,1,10,5,0,1,0,0,0,1,38,200,200,200,200,200,200
317733,0,30,0,0,2,1,10,5,0,1,0,0,0,0,53,200,200,200,200,200,200
317733,1,30,0,0,2,1,10,5,0,1,0,0,0,1,25,200,200,200,200,200,200
317735,0,30,0,0,2,1,14,2,0,0,0,0,0,0,27,200,7,200,200,200,200
317735,0,30,0,0,2,1,14,2,0,0,0,0,0,0,44,0,1,200,0,200,200
317736,0,30,0,0,2,1,10,3,0,1,0,18,200,1,38,0,3,0,0,200,200
317736,0,30,0,0,2,1,10,3,0,1,0,18,200,0,53,200,12,0,0,200,200
317736,1,30,0,0,2,1,10,3,0,1,0,18,200,1,200,200,200,200,200,200,200
317738,0,30,1,2,2,1,10,5,0,1,0,18,15,1,77,200,8,0,0,200,200
317738,0,30,1,2,2,1,10,5,0,1,0,18,15,1,40,0,0,0,0,200,200
317738,1,30,1,2,2,1,10,5,0,1,0,18,15,0,28,0,200,200,200,200,200
317745,0,10,0,0,2,1,0,7,0,1,0,20,200,0,45,0,6,0,0,200,200
317745,0,10,0,0,2,1,0,7,0,1,0,20,200,0,39,0,0,0,0,200,200
317749,0,30,0,0,2,1,10,6,0,1,0,18,18,1,200,200,3,200,200,200,200
317749,0,30,0,0,2,1,10,6,0,1,0,18,18,0,67,0,0,0,0,200,200
317750,0,30,2,2,2,1,14,6,0,1,0,10,17,1,200,200,9,200,200,200,200
317750,0,30,2,2,2,1,14,6,0,1,0,10,17,1,45,0,0,0,0,200,200
317753,0,30,1,2,2,1,10,2,1,1,0,18,15,0,20,200,3,0,0,200,200
317753,0,30,1,2,2,1,10,2,1,1,0,18,15,0,33,200,0,0,0,200,200
317753,0,30,1,2,2,1,10,2,1,1,0,18,15,1,33,200,0,0,0,200,200
317753,1,30,1,2,2,1,10,2,1,1,0,18,15,1,200,0,200,200,200,200,200
317753,1,30,1,2,2,1,10,2,1,1,0,18,15,0,200,0,200,200,200,200,200
317753,1,30,1,2,2,1,10,2,1,1,0,18,15,200,200,200,200,200,200,200,200
317753,1,30,1,2,2,1,10,2,1,1,0,18,15,1,200,200,200,200,200,200,200
317754,0,30,2,2,2,1,0,5,0,1,0,0,200,0,200,200,200,200,200,200,200
317754,0,30,2,2,2,1,0,5,0,1,0,0,200,1,54,200,200,200,200,200,200
317754,1,30,2,2,2,1,0,5,0,1,0,0,200,1,33,0,200,200,200,200,200
317756,0,30,1,2,2,1,10,5,0,1,0,18,0,0,50,200,3,0,0,200,200
317756,0,30,1,2,2,1,10,5,0,1,0,18,0,1,25,200,0,0,0,200,200
317756,1,30,1,2,2,1,10,5,0,1,0,18,0,0,56,200,200,200,200,200,200
317756,1,30,1,2,2,1,10,5,0,1,0,18,0,1,29,200,200,200,200,200,200
317760,0,30,0,0,2,1,14,5,0,1,0,0,200,0,80,0,200,0,0,200,200
317760,0,30,0,0,2,1,14,5,0,1,0,0,200,0,24,0,0,0,0,200,200
317761,0,30,2,2,2,1,0,12,0,1,0,17,34,0,67,0,1,200,0,200,200
317761,0,30,2,2,2,1,0,12,0,1,0,17,34,1,29,0,200,200,0,200,200
317761,0,30,2,2,2,1,0,12,0,1,0,17,34,1,78,0,0,200,0,200,200
317764,0,15,0,200,0,1,2,0,0,200,200,20,200,2,200,200,6,200,200,200,200
317768,0,30,0,0,0,1,14,5,0,1,0,17,0,0,20,0,1,1,0,200,200
317768,0,30,0,0,0,1,14,5,0,1,0,17,0,0,30,0,0,0,0,200,200
317772,0,30,0,0,2,1,14,5,0,1,0,17,0,0,36,0,1,0,0,200,200
317772,0,30,0,0,2,1,14,5,0,1,0,17,0,0,56,0,0,0,0,200,200
317778,0,30,1,2,2,1,9,5,0,1,0,17,200,1,33,0,1,0,0,200,200
317778,5,30,1,2,2,1,9,5,0,1,0,17,200,0,18,200,200,200,200,200,200
317778,1,30,1,2,2,1,9,5,0,1,0,17,200,200,200,5,200,200,200,200,200
317783,0,30,0,0,2,1,7,7,0,1,0,0,0,2,200,200,200,200,200,200,200
317789,0,30,0,0,2,1,14,5,0,1,0,17,200,0,40,0,1,0,0,200,200
317789,0,30,0,0,2,1,14,5,0,1,0,17,200,0,60,0,0,0,0,200,200
317790,0,30,0,0,0,1,8,6,0,0,0,4,21,0,42,200,10,0,0,200,200
317790,4,30,0,0,0,1,8,6,0,0,0,4,21,0,19,3,0,0,0,200,200
317790,1,30,0,0,0,1,8,6,0,0,0,4,21,1,200,200,200,200,200,200,200
317794,0,30,0,0,1,1,7,7,0,1,0,20,20,1,18,0,6,0,0,200,200
317799,0,30,2,2,2,1,0,2,0,1,0,0,0,0,13,200,200,200,200,200,200
317799,0,30,2,2,2,1,0,2,0,1,0,0,0,0,2,200,0,200,0,200,200
317799,1,30,2,2,2,1,0,2,0,1,0,0,0,1,200,200,200,200,200,200,200
317800,0,30,0,0,2,1,7,7,0,1,0,25,200,0,200,200,13,200,200,200,200
317803,0,30,0,2,2,1,10,5,0,1,0,0,0,0,0,1,200,200,200,200,200
317803,0,30,0,2,2,1,10,5,0,1,0,0,0,1,52,0,0,4,0,200,200
317804,0,30,0,0,2,1,7,5,0,1,0,200,200,1,21,200,200,200,200,200,200
317804,1,30,0,0,2,1,7,5,0,1,0,200,200,0,30,0,200,200,200,200,200
317806,0,30,0,0,2,1,10,2,0,1,0,0,0,1,200,200,200,200,200,200,200
317806,0,30,0,0,2,1,10,2,0,1,0,0,0,1,37,0,0,0,0,200,200
317806,0,30,0,0,2,1,10,2,0,1,0,0,0,0,33,0,0,0,0,200,200
317809,0,30,1,2,2,1,14,6,0,1,0,17,17,0,200,200,1,0,0,200,200
317809,0,30,1,2,2,1,14,6,0,1,0,17,17,0,22,200,12,0,0,200,200
317814,0,5,0,0,0,1,3,4,0,1,0,0,0,1,200,200,6,200,200,200,200
317814,0,5,0,0,0,1,3,4,0,1,0,0,0,0,25,0,0,0,0,200,200
317815,0,30,1,2,1,1,9,5,0,1,0,16,33,0,33,200,200,1,0,200,200
317815,5,30,1,2,1,1,9,5,0,1,0,16,33,1,9,7,0,0,0,200,200
317815,1,30,1,2,1,1,9,5,0,1,0,16,33,1,36,200,200,200,200,200,200
317816,1,30,0,0,0,1,7,7,0,1,0,11,0,0,22,200,200,200,200,200,200
317816,0,30,0,0,0,1,7,7,0,1,0,11,0,0,53,200,200,200,0,200,200
317816,1,30,0,0,0,1,7,7,0,1,0,11,0,1,85,200,200,200,200,200,200
317817,0,20,0,0,2,1,7,6,0,1,200,0,200,0,200,200,12,200,200,200,200
317817,1,20,0,0,2,1,7,6,0,1,200,0,200,0,30,0,200,200,200,200,200
317826,0,30,0,0,1,1,0,2,2,1,0,17,33,0,58,200,1,1,0,200,200
317826,0,30,0,0,1,1,0,2,2,1,0,17,33,0,42,0,0,1,0,200,200
317826,1,30,0,0,1,1,0,2,2,1,0,17,33,1,15,0,200,200,200,200,200
317828,0,30,1,2,2,1,10,6,0,1,0,18,0,0,30,0,1,200,0,200,200
317828,0,30,1,2,2,1,10,6,0,1,0,18,0,1,59,0,12,0,0,200,200
317829,0,30,1,3,2,1,14,5,0,1,0,0,0,1,20,0,200,0,0,200,200
317829,0,30,1,3,2,1,14,5,0,1,0,0,0,1,43,0,0,0,0,200,200
317829,1,30,1,3,2,1,14,5,0,1,0,0,0,1,14,0,200,200,200,200,200
317829,1,30,1,3,2,1,14,5,0,1,0,0,0,1,22,0,200,200,200,200,200
317829,1,30,1,3,2,1,14,5,0,1,0,0,0,1,20,0,200,200,200,200,200
317829,1,30,1,3,2,1,14,5,0,1,0,0,0,1,1,5,200,200,200,200,200
317830,0,30,2,2,2,1,10,5,0,1,0,18,34,1,16,200,8,0,0,200,200
317830,0,30,2,2,2,1,10,5,0,1,0,18,34,0,49,200,0,0,0,200,200
317830,1,30,2,2,2,1,10,5,0,1,0,18,34,1,50,200,200,200,200,200,200
317830,1,30,2,2,2,1,10,5,0,1,0,18,34,1,46,200,200,200,200,200,200
317832,0,30,1,2,2,1,12,5,0,1,0,21,0,1,74,0,4,0,0,200,200
317832,0,30,1,2,2,1,12,5,0,1,0,21,0,0,61,0,0,0,0,200,200
317834,0,30,2,2,2,1,0,5,0,1,0,17,200,1,29,0,1,200,200,200,200
317834,0,30,2,2,2,1,0,5,0,1,0,17,200,1,42,0,0,200,0,200,200
317834,1,30,2,2,2,1,0,5,0,1,0,17,200,1,66,0,200,200,200,200,200
317836,0,5,0,0,2,1,11,7,0,1,200,11,0,0,44,200,6,200,0,200,200
317836,0,5,0,0,2,1,11,7,0,1,200,11,0,1,55,200,0,12,0,200,200
317839,0,25,1,2,2,1,14,2,0,1,0,0,0,0,66,1,1,0,0,200,200
317839,0,25,1,2,2,1,14,2,0,1,0,0,0,0,39,0,0,0,0,200,200
317840,0,30,2,2,0,1,0,5,0,1,0,25,200,1,79,0,12,200,0,200,200
317840,0,30,2,2,0,1,0,5,0,1,0,25,200,1,28,0,0,200,0,200,200
317840,1,30,2,2,0,1,0,5,0,1,0,25,200,1,29,0,200,200,200,200,200
317840,1,30,2,2,0,1,0,5,0,1,0,25,200,0,12,0,200,200,200,200,200
317842,0,30,1,2,0,1,0,5,0,0,0,0,0,0,50,0,0,0,0,200,200
317842,0,30,1,2,0,1,0,5,0,0,0,0,0,1,28,0,0,0,0,200,200
317850,0,30,1,2,2,0,12,3,0,1,0,0,0,0,200,200,200,200,200,200,200
317850,0,30,1,2,2,0,12,3,0,1,0,0,0,1,24,0,0,0,0,200,200
317850,1,30,1,2,2,0,12,3,0,1,0,0,0,0,200,0,200,200,200,200,200
317851,0,30,2,2,2,1,14,1,0,1,0,0,200,0,56,0,200,0,0,200,200
317851,0,30,2,2,2,1,14,1,0,1,0,0,200,1,30,200,0,0,0,200,200
317851,0,30,2,2,2,1,14,1,0,1,0,0,200,1,53,200,0,0,0,200,200
317851,1,30,2,2,2,1,14,1,0,1,0,0,200,0,6,0,200,200,200,200,200
317855,0,45,0,0,0,4,2,3,0,0,12,200,200,0,79,0,0,0,0,200,200
317860,0,30,0,0,2,1,7,5,0,1,0,0,0,0,63,0,0,0,0,200,200
317860,1,30,0,0,2,1,7,5,0,1,0,0,0,0,200,0,200,200,200,200,200
317863,0,30,1,2,2,4,4,6,2,1,0,13,0,0,62,3,12,0,0,200,200
317866,0,35,1,2,0,1,12,2,0,0,0,200,200,1,69,0,12,0,0,200,200
317866,0,35,1,2,0,1,12,2,0,0,0,200,200,0,51,0,0,0,0,200,200
317868,0,30,1,2,2,1,10,3,0,1,0,16,34,1,21,0,200,0,0,200,200
317868,0,30,1,2,2,1,10,3,0,1,0,16,34,1,28,0,0,0,0,200,200
317869,0,30,0,0,0,1,12,5,0,1,200,23,23,1,22,200,4,0,0,200,200
317869,0,30,0,0,0,1,12,5,0,1,200,23,23,0,44,200,0,0,0,200,200
317869,1,30,0,0,0,1,12,5,0,1,200,23,23,1,0,200,200,200,200,200,200
317874,0,30,0,0,2,1,7,5,0,0,0,0,200,2,200,200,12,200,200,200,200
317875,0,30,1,2,1,1,12,5,0,1,0,12,17,1,59,200,0,0,0,200,200
317875,0,30,1,2,1,1,12,5,0,1,0,12,17,0,72,200,1,12,0,200,200
317875,1,30,1,2,1,1,12,5,0,1,0,12,17,0,27,200,200,200,200,200,200
317888,0,30,0,0,2,1,7,6,0,200,200,20,20,2,200,200,6,200,200,200,200
317889,0,30,0,0,2,1,7,7,0,1,0,0,0,2,200,200,200,200,200,200,200
317892,0,15,0,0,0,1,2,7,0,1,0,11,0,1,21,0,12,0,0,200,200
317895,0,30,1,2,2,1,10,2,0,1,200,0,200,0,75,200,1,200,0,200,200
317895,0,30,1,2,2,1,10,2,0,1,200,0,200,0,72,0,0,200,0,200,200
317895,1,30,1,2,2,1,10,2,0,1,200,0,200,1,42,0,200,200,200,200,200
317901,0,30,4,2,2,1,14,3,0,1,0,32,17,1,29,200,1,3,0,200,200
317901,0,30,4,2,2,1,14,3,0,1,0,32,17,1,63,200,0,0,0,200,200
317905,0,30,12,12,2,1,12,6,0,1,0,11,0,0,48,200,200,200,200,200,200
317905,0,30,12,12,2,1,12,6,0,1,0,11,0,1,21,0,0,0,0,200,200
317905,1,30,12,12,2,1,12,6,0,1,0,11,0,1,20,0,200,200,200,200,200
317912,0,30,1,2,1,1,0,2,0,1,0,17,200,1,200,200,1,200,200,200,200
317912,0,30,1,2,1,1,0,2,0,1,0,17,200,0,74,0,0,0,0,200,200
317916,0,30,1,2,0,1,14,5,0,0,0,6,0,0,200,200,5,200,0,200,200
317916,0,30,1,2,0,1,14,5,0,0,0,6,0,1,24,0,0,0,0,200,200
317923,0,20,0,0,2,1,0,6,0,1,0,17,200,1,33,0,1,200,0,200,200
317923,0,20,0,0,2,1,0,6,0,1,0,17,200,1,22,0,0,0,0,200,200
317923,1,20,0,0,2,1,0,6,0,1,0,17,200,1,22,0,200,200,200,200,200
317927,0,25,2,0,0,1,0,5,0,0,0,17,200,0,47,200,1,200,0,200,200
317927,0,25,2,0,0,1,0,5,0,0,0,17,200,0,60,200,0,200,0,200,200
317931,0,30,0,0,1,1,12,6,0,200,200,17,17,0,35,0,1,200,200,200,200
317931,0,30,0,0,1,1,12,6,0,200,200,17,17,0,46,0,200,200,0,200,200
317933,0,25,1,2,2,1,0,5,0,1,200,0,200,0,42,200,200,200,0,200,200
317933,0,25,1,2,2,1,0,5,0,1,200,0,200,0,22,200,200,200,0,200,200
317936,0,30,1,2,1,200,2,5,0,1,0,0,200,0,26,0,12,0,0,200,200
317936,1,30,1,2,1,200,2,5,0,1,0,0,200,0,26,0,200,200,200,200,200
317936,1,30,1,2,1,200,2,5,0,1,0,0,200,0,200,5,200,200,200,200,200
317936,1,30,1,2,1,200,2,5,0,1,0,0,200,0,200,5,200,200,200,200,200
317938,0,30,2,2,0,1,14,6,0,0,0,0,0,1,73,200,7,200,200,200,200
317938,0,30,2,2,0,1,14,6,0,0,0,0,0,0,58,0,0,0,0,200,200
317941,0,30,0,0,2,3,12,5,0,1,200,22,200,0,0,200,4,0,0,200,200
317941,0,30,0,0,2,3,12,5,0,1,200,22,200,0,30,200,0,0,0,200,200
317949,0,30,1,1,0,1,12,6,0,1,0,21,200,1,200,200,4,200,200,200,200
317949,0,30,1,1,0,1,12,6,0,1,0,21,200,0,57,0,0,0,0,200,200
317951,0,30,0,0,0,1,10,7,0,200,200,0,0,1,48,200,200,200,200,200,200