RD_NO,PERSON_TYPE,POSTED_SPEED_LIMIT,TRAFFIC_CONTROL_DEVICE,DEVICE_CONDITION,WEATHER_CONDITION,LIGHTING_CONDITION,FIRST_CRASH_TYPE,TRAFFICWAY_TYPE,ALIGNMENT,ROADWAY_SURFACE_COND,ROAD_DEFECT,PRIM_CONTRIBUTORY_CAUSE,SEC_CONTRIBUTORY_CAUSE,SEX,AGE,SAFETY_EQUIPMENT,DRIVER_ACTION,DRIVER_VISION,PHYSICAL_CONDITION,BAC_RESULT VALUE,CELL_PHONE_USE
317951,0,30,0,0,0,1,10,7,0,200,200,0,0,0,72,200,200,200,200,200,200
317954,0,15,0,0,2,1,0,0,0,0,0,20,0,0,200,0,6,0,0,200,200
317954,0,15,0,0,2,1,0,0,0,0,0,20,0,0,47,0,0,0,0,200,200
317954,1,15,0,0,2,1,0,0,0,0,0,20,0,0,200,200,200,200,200,200,200
317957,0,30,1,2,1,1,0,5,0,1,200,17,17,1,39,200,200,200,0,200,200
317957,0,30,1,2,1,1,0,5,0,1,200,17,17,0,17,200,200,200,0,200,200
317957,0,30,1,2,1,1,0,5,0,1,200,17,17,1,29,200,0,200,0,200,200
317960,0,20,0,0,0,1,7,2,0,0,200,200,200,1,41,200,12,12,0,200,200
317961,0,30,0,0,0,1,10,2,0,1,0,18,200,0,71,0,3,0,0,200,200
317961,0,30,0,0,0,1,10,2,0,1,0,18,200,1,200,200,0,200,200,200,200
317962,0,30,1,2,1,4,10,2,0,0,0,18,200,0,31,0,3,0,0,200,200
317962,0,30,1,2,1,4,10,2,0,0,0,18,200,1,32,0,0,0,0,200,200
317962,1,30,1,2,1,4,10,2,0,0,0,18,200,200,200,0,200,200,200,200,200
317969,0,30,0,0,0,1,12,5,0,0,200,0,200,0,57,0,12,0,0,200,200
317969,0,30,0,0,0,1,12,5,0,0,200,0,200,0,68,0,12,0,0,200,200
317973,0,30,1,2,2,1,10,5,0,1,0,0,0,0,200,200,3,200,200,200,200
317973,0,30,1,2,2,1,10,5,0,1,0,0,0,0,200,0,0,0,0,200,200
317976,0,30,1,2,1,1,0,5,0,0,0,6,16,0,29,0,5,0,0,200,200
317976,0,30,1,2,1,1,0,5,0,0,0,6,16,1,54,0,0,0,0,200,200
317983,0,35,1,2,0,1,14,1,0,0,0,6,0,0,200,200,1,200,200,200,200
317983,0,35,1,2,0,1,14,1,0,0,0,6,0,0,54,200,0,0,0,200,200
317983,0,35,1,2,0,1,14,1,0,0,0,6,0,1,32,200,0,0,0,200,200
317983,1,35,1,2,0,1,14,1,0,0,0,6,0,0,200,200,200,200,200,200,200
317983,1,35,1,2,0,1,14,1,0,0,0,6,0,1,52,200,200,200,200,200,200
317984,0,30,0,0,0,1,10,5,0,0,0,22,0,1,41,0,2,0,0,200,200
317984,0,30,0,0,0,1,10,5,0,0,0,22,0,1,50,0,0,0,0,200,200
317990,0,25,2,2,0,1,8,6,0,1,0,17,0,0,26,200,1,200,0,200,200
317990,4,25,2,2,0,1,8,6,0,1,0,17,0,0,18,2,200,200,0,200,200
317990,1,25,2,2,0,1,8,6,0,1,0,17,0,1,25,200,200,200,200,200,200
317996,0,30,2,2,1,1,14,3,0,0,0,11,200,0,21,200,7,200,0,200,200
317996,0,30,2,2,1,1,14,3,0,0,0,11,200,0,32,200,0,200,0,200,200
317997,0,30,0,0,0,1,0,5,0,1,0,23,0,1,78,0,1,0,0,200,200
317997,0,30,0,0,0,1,0,5,0,1,0,23,0,0,24,0,0,0,0,200,200
318002,0,30,1,2,1,1,2,12,0,0,0,200,200,2,200,200,200,200,200,200,200
318005,0,30,0,0,1,1,12,2,0,200,200,200,200,2,200,200,200,200,200,200,200
318005,0,30,0,0,1,1,12,2,0,200,200,200,200,0,41,200,12,0,0,200,200
318007,0,30,0,0,2,1,12,3,0,1,0,21,25,0,30,200,4,200,0,200,1
318007,0,30,0,0,2,1,12,3,0,1,0,21,25,0,43,0,0,0,0,200,200
318009,0,30,200,200,2,1,14,6,0,1,200,0,200,0,200,200,200,200,200,200,200
318009,0,30,200,200,2,1,14,6,0,1,200,0,200,0,52,200,200,200,0,200,200
318010,0,30,2,2,1,1,14,2,0,0,0,23,200,1,22,0,7,0,0,200,200
318010,0,30,2,2,1,1,14,2,0,0,0,23,200,0,29,0,0,0,0,200,200
318010,1,30,2,2,1,1,14,2,0,0,0,23,200,0,28,0,200,200,200,200,200
318014,0,30,1,2,200,1,14,5,0,200,200,17,200,1,200,200,200,200,200,200,200
318014,0,30,1,2,200,1,14,5,0,200,200,17,200,0,27,200,0,200,0,200,200
318015,0,30,1,2,0,1,12,5,0,0,0,0,0,0,19,0,1,0,0,200,200
318015,0,30,1,2,0,1,12,5,0,0,0,0,0,1,44,0,0,0,0,200,200
318032,0,30,0,0,0,1,5,5,0,0,0,0,0,0,20,0,12,0,0,200,200
318035,0,30,2,2,2,1,0,2,0,1,0,17,200,1,77,0,12,0,0,200,200
318035,0,30,2,2,2,1,0,2,0,1,0,17,200,1,23,0,12,0,0,200,200
318040,0,30,1,2,0,1,10,5,0,0,0,0,0,1,200,200,12,200,200,200,200
318040,0,30,1,2,0,1,10,5,0,0,0,0,0,0,200,200,0,0,0,200,200
318047,0,10,0,0,0,1,0,7,0,0,0,17,20,0,30,0,200,0,0,200,200
318047,0,10,0,0,0,1,0,7,0,0,0,17,20,0,60,0,200,0,0,200,200
318047,1,10,0,0,0,1,0,7,0,0,0,17,20,1,30,0,200,200,200,200,200
318053,0,30,0,0,0,1,7,7,0,0,0,0,200,2,200,200,200,200,200,200,200
318053,1,30,0,0,0,1,7,7,0,0,0,0,200,1,200,7,200,200,200,200,200
318062,0,30,1,2,0,1,14,5,0,1,0,0,0,0,58,200,200,200,200,200,200
318062,0,30,1,2,0,1,14,5,0,1,0,0,0,1,73,0,0,0,0,200,200
318064,0,30,1,2,0,1,14,5,0,0,0,17,200,0,32,200,1,0,0,200,200
318064,0,30,1,2,0,1,14,5,0,0,0,17,200,1,26,0,0,0,0,200,200
318065,0,15,0,0,0,1,7,7,0,0,0,0,200,1,47,200,10,0,200,200,200
318069,0,30,0,0,0,1,7,12,0,1,0,11,200,1,200,200,6,200,200,200,200
318070,0,40,0,2,0,1,10,2,0,0,0,18,200,2,200,200,200,200,200,200,200
318070,0,40,0,2,0,1,10,2,0,0,0,18,200,1,35,200,0,0,0,200,200
318072,0,30,0,0,0,1,7,12,0,0,0,12,200,1,36,200,12,0,0,200,200
318073,0,30,0,0,0,1,14,5,0,1,0,0,0,0,200,200,7,200,200,200,200
318073,0,30,0,0,0,1,14,5,0,1,0,0,0,1,26,0,0,0,0,200,200
318074,0,30,1,2,0,1,14,5,0,0,0,0,0,0,57,0,200,200,200,200,200
318074,0,30,1,2,0,1,14,5,0,0,0,0,0,0,36,0,200,200,200,200,200
318075,0,30,2,2,2,1,14,2,0,1,200,22,0,0,200,200,2,200,200,200,200
318075,0,30,2,2,2,1,14,2,0,1,200,22,0,0,45,0,0,0,0,200,200
318076,0,30,1,2,2,4,10,5,0,1,200,18,34,0,200,200,3,200,200,200,200
318076,0,30,1,2,2,4,10,5,0,1,200,18,34,0,59,200,0,0,0,200,200
318079,0,30,1,2,0,1,10,2,0,0,0,0,200,0,75,200,200,200,200,200,200
318079,0,30,1,2,0,1,10,2,0,0,0,0,200,1,42,0,0,200,200,200,200
318080,0,30,0,0,2,1,12,5,0,1,0,0,0,2,200,200,8,200,200,200,200
318080,0,30,0,0,2,1,12,5,0,1,0,0,0,1,50,0,0,0,0,200,200
318081,0,30,1,2,0,1,12,6,0,0,0,0,0,0,200,0,4,0,0,200,200
318081,0,30,1,2,0,1,12,6,0,0,0,0,0,0,200,0,0,0,0,200,200
318081,1,30,1,2,0,1,12,6,0,0,0,0,0,1,200,0,200,200,200,200,200
318084,0,30,0,0,0,1,9,2,0,1,0,20,200,0,200,200,6,200,200,200,200
318084,5,30,0,0,0,1,9,2,0,1,0,20,200,1,49,7,0,0,0,200,200
318087,0,30,0,12,2,1,10,5,0,1,0,11,18,1,29,200,3,0,0,200,200
318087,0,30,0,12,2,1,10,5,0,1,0,11,18,0,60,200,0,0,0,200,200
318089,0,30,0,0,1,1,9,3,0,1,0,0,0,1,47,200,12,200,0,200,200
318089,5,30,0,0,1,1,9,3,0,1,0,0,0,0,41,200,200,200,5,200,200
318091,0,30,0,0,1,1,10,5,0,1,0,18,15,0,200,200,3,200,200,200,200
318091,0,30,0,0,1,1,10,5,0,1,0,18,15,0,39,0,0,0,0,200,200
318097,0,30,0,0,0,1,7,5,0,0,0,18,0,1,200,200,200,200,200,200,200
318097,1,30,0,0,0,1,7,5,0,0,0,18,0,1,200,200,200,200,200,200,200
318097,1,30,0,0,0,1,7,5,0,0,0,18,0,1,200,200,200,200,200,200,200
318097,1,30,0,0,0,1,7,5,0,0,0,18,0,1,200,200,200,200,200,200,200
318097,1,30,0,0,0,1,7,5,0,0,0,18,0,0,200,200,200,200,200,200,200
318097,1,30,0,0,0,1,7,5,0,0,0,18,0,0,200,200,200,200,200,200,200
318099,0,30,0,0,2,1,0,7,0,1,200,0,0,0,61,0,200,200,0,200,200
318099,0,30,0,0,2,1,0,7,0,1,200,0,0,0,37,200,200,200,200,200,200
318102,0,30,0,0,0,1,10,7,0,0,0,25,200,1,200,200,12,200,200,200,200
318102,0,30,0,0,0,1,10,7,0,0,0,25,200,1,24,0,12,0,0,200,200
318102,1,30,0,0,0,1,10,7,0,0,0,25,200,1,200,5,200,200,200,200,200
318104,0,25,2,2,2,1,0,5,0,1,0,17,5,1,200,200,200,200,200,200,200
318104,0,25,2,2,2,1,0,5,0,1,0,17,5,1,38,0,0,0,0,200,200
318114,0,30,1,2,1,1,12,5,0,0,0,0,200,0,200,200,200,200,200,200,200
318114,0,30,1,2,1,1,12,5,0,0,0,0,200,0,23,0,0,0,0,200,200
318123,0,30,0,0,2,1,0,5,0,1,0,0,200,1,78,0,200,0,0,200,200
318123,0,30,0,0,2,1,0,5,0,1,0,0,200,1,30,0,200,0,0,200,200
318126,0,30,0,0,0,1,12,5,0,0,0,22,200,1,20,200,4,200,200,200,200
318126,0,30,0,0,0,1,12,5,0,0,0,22,200,1,34,0,0,0,0,200,200
318126,1,30,0,0,0,1,12,5,0,0,0,22,200,0,200,0,200,200,200,200,200
318128,0,30,0,0,1,1,12,5,0,1,0,22,0,0,45,0,2,0,0,200,200
318128,0,30,0,0,1,1,12,5,0,1,0,22,0,0,47,0,12,0,0,200,200
318129,0,30,0,0,2,1,12,2,0,1,0,21,200,0,52,0,4,0,0,200,200
318129,0,30,0,0,2,1,12,2,0,1,0,21,200,0,54,0,0,0,0,200,200
318132,0,30,0,0,1,1,7,6,0,0,0,22,0,1,20,0,4,0,0,200,200
318135,0,30,0,0,0,1,9,2,0,0,0,21,4,0,19,200,12,0,0,200,200
318135,5,30,0,0,0,1,9,2,0,0,0,21,4,0,44,7,0,200,0,200,200
318136,0,20,0,0,1,1,7,7,0,1,0,0,200,2,200,200,200,200,200,200,200
318140,0,30,2,2,1,1,0,3,0,0,0,17,11,1,46,200,1,200,0,200,200
318140,0,30,2,2,1,1,0,3,0,0,0,17,11,1,80,0,0,200,0,200,200
318140,1,30,2,2,1,1,0,3,0,0,0,17,11,200,200,0,200,200,200,200,200
318140,1,30,2,2,1,1,0,3,0,0,0,17,11,200,200,200,200,200,200,200,200
318140,1,30,2,2,1,1,0,3,0,0,0,17,11,200,2,5,200,200,200,200,200
318141,0,30,1,2,200,1,12,5,0,1,200,0,0,0,18,200,1,0,0,200,200
318141,0,30,1,2,200,1,12,5,0,1,200,0,0,0,61,200,200,200,0,200,200
318145,4,30,0,0,1,1,8,5,0,1,0,17,0,0,26,200,0,0,0,200,200
318151,0,30,0,0,0,1,14,6,0,0,0,22,22,1,25,200,2,0,0,200,200
318151,0,30,0,0,0,1,14,6,0,0,0,22,22,0,25,0,0,0,0,200,200
318152,0,30,1,2,2,1,10,5,0,1,200,18,18,1,76,0,3,200,200,200,200
318152,0,30,1,2,2,1,10,5,0,1,200,18,18,0,200,200,200,200,200,200,200
318155,0,30,0,2,0,1,14,2,0,0,0,33,0,0,70,0,12,0,0,200,200
318155,0,30,0,2,0,1,14,2,0,0,0,33,0,1,35,0,12,0,0,200,200
318158,0,30,0,0,200,1,7,12,0,200,0,21,0,2,200,200,7,200,200,200,200
318160,0,30,1,2,1,1,10,5,0,1,0,16,0,0,26,0,3,0,0,200,200
318160,0,30,1,2,1,1,10,5,0,1,0,16,0,0,46,0,0,0,0,200,200
318160,1,30,1,2,1,1,10,5,0,1,0,16,0,0,4,5,200,200,200,200,200
318160,1,30,1,2,1,1,10,5,0,1,0,16,0,1,1,5,200,200,200,200,200
318160,1,30,1,2,1,1,10,5,0,1,0,16,0,0,200,0,200,200,200,200,200
318176,0,30,0,0,2,1,12,5,0,1,200,11,200,0,55,200,12,200,0,200,200
318176,0,30,0,0,2,1,12,5,0,1,200,11,200,0,48,200,0,0,0,200,200
318184,0,30,1,2,0,1,12,5,0,0,0,22,200,0,34,0,4,0,0,200,200
318184,0,30,1,2,0,1,12,5,0,0,0,22,200,0,45,0,0,0,0,200,200
318186,0,30,0,0,1,1,7,7,0,200,200,23,0,0,48,200,7,200,200,200,200
318186,1,30,0,0,1,1,7,7,0,200,200,23,0,1,200,0,200,200,200,200,200
318186,1,30,0,0,1,1,7,7,0,200,200,23,0,1,200,0,200,200,200,200,200
318188,0,20,2,2,2,1,3,5,0,1,0,20,25,0,49,200,6,0,0,200,200
318188,0,20,2,2,2,1,3,5,0,1,0,20,25,1,35,0,0,0,0,200,200
318195,0,30,1,2,0,1,10,5,0,0,0,18,0,0,38,0,3,0,0,200,200
318195,0,30,1,2,0,1,10,5,0,0,0,18,0,1,28,0,0,0,0,200,200
318197,0,30,0,0,0,1,14,5,0,0,0,11,11,1,81,0,1,200,0,200,200
318197,0,30,0,0,0,1,14,5,0,0,0,11,11,0,68,0,0,0,0,200,200
318199,0,30,1,2,0,1,12,5,0,0,0,21,23,0,42,0,7,0,0,200,200
318199,0,30,1,2,0,1,12,5,0,0,0,21,23,0,200,200,5,200,200,200,200
318201,0,30,0,0,1,1,7,2,0,1,0,0,0,2,200,200,200,200,200,200,200
318206,0,0,0,0,1,1,10,3,0,200,200,0,200,2,200,200,200,200,200,200,200
318206,0,0,0,0,1,1,10,3,0,200,200,0,200,0,50,0,0,200,0,200,200
318207,0,30,1,2,0,1,0,5,0,1,0,200,200,1,31,0,1,0,0,200,200
318207,0,30,1,2,0,1,0,5,0,1,0,200,200,1,31,0,0,0,0,200,200
318207,0,30,1,2,0,1,0,5,0,1,0,200,200,0,54,0,0,0,0,200,200
318210,0,30,2,2,0,1,12,6,0,0,0,22,0,0,200,200,2,200,200,200,200
318210,0,30,2,2,0,1,12,6,0,0,0,22,0,0,64,0,0,0,0,200,200
318211,0,15,0,0,2,4,0,0,0,1,200,0,200,0,51,200,200,200,0,200,200
318211,0,15,0,0,2,4,0,0,0,1,200,0,200,0,37,200,200,200,200,200,200
318212,0,30,2,2,0,1,0,2,0,0,0,0,0,0,72,200,200,200,200,200,200
318212,0,30,2,2,0,1,0,2,0,0,0,0,0,1,3,200,0,200,0,200,200
318212,1,30,2,2,0,1,0,2,0,0,0,0,0,1,200,200,200,200,200,200,200
318218,0,30,0,0,0,1,12,5,0,0,0,21,200,0,31,0,0,0,0,200,200
318218,0,30,0,0,0,1,12,5,0,0,0,21,200,0,53,0,0,0,0,200,200
318225,0,30,0,0,1,1,7,3,0,0,0,0,0,0,68,200,12,200,200,200,200
318228,0,30,0,0,1,1,14,5,0,0,0,23,11,1,34,0,7,0,0,200,200
318228,0,30,0,0,1,1,14,5,0,0,0,23,11,1,49,0,0,0,0,200,200
318232,0,30,0,0,2,1,10,5,0,1,0,0,0,0,200,0,200,200,200,200,200
318232,0,30,0,0,2,1,10,5,0,1,0,0,0,0,42,0,0,0,0,200,200
318236,0,30,1,2,0,1,0,2,0,0,0,25,11,0,38,200,200,200,0,200,200
318236,0,30,1,2,0,1,0,2,0,0,0,25,11,0,23,200,0,0,0,200,200
318236,0,30,1,2,0,1,0,2,0,0,0,25,11,0,58,200,0,0,0,200,200
318236,1,30,1,2,0,1,0,2,0,0,0,25,11,0,58,200,200,200,200,200,200
318236,1,30,1,2,0,1,0,2,0,0,0,25,11,0,33,200,200,200,200,200,200
318236,1,30,1,2,0,1,0,2,0,0,0,25,11,1,33,200,200,200,200,200,200
318244,0,30,1,2,0,1,12,6,3,0,0,200,200,0,45,0,4,0,0,200,200
318244,0,30,1,2,0,1,12,6,3,0,0,200,200,0,42,0,0,0,0,200,200
318244,1,30,1,2,0,1,12,6,3,0,0,200,200,0,200,200,200,200,200,200,200
318244,1,30,1,2,0,1,12,6,3,0,0,200,200,1,200,200,200,200,200,200,200
318245,0,30,1,2,2,1,10,5,0,1,200,18,200,0,26,200,200,200,200,200,200
318245,0,30,1,2,2,1,10,5,0,1,200,18,200,0,30,0,0,0,0,200,200
318247,0,30,200,200,0,1,12,5,0,200,200,17,21,0,55,200,12,200,200,200,200
318247,0,30,200,200,0,1,12,5,0,200,200,17,21,1,200,200,200,200,200,200,200
318247,1,30,200,200,0,1,12,5,0,200,200,17,21,1,200,200,200,200,200,200,200
318249,0,30,0,0,0,1,14,6,0,0,0,22,17,0,44,200,2,0,0,200,200
318249,0,30,0,0,0,1,14,6,0,0,0,22,17,0,51,200,0,0,0,200,200
318249,1,30,0,0,0,1,14,6,0,0,0,22,17,1,200,200,200,200,200,200,200
318255,0,30,0,0,0,1,2,12,2,1,4,200,200,0,23,0,12,0,0,200,200
318257,0,30,1,2,0,1,12,5,0,0,0,0,0,0,200,200,12,200,200,200,200
318257,0,30,1,2,0,1,12,5,0,0,0,0,0,1,200,200,0,0,0,200,200
318257,1,30,1,2,0,1,12,5,0,0,0,0,0,1,200,200,200,200,200,200,200
318259,0,30,2,2,0,1,0,2,0,0,0,22,17,0,200,0,2,0,0,200,200
318259,0,30,2,2,0,1,0,2,0,0,0,22,17,1,28,0,1,0,0,200,200
318259,1,30,2,2,0,1,0,2,0,0,0,22,17,0,200,0,200,200,200,200,200
318259,1,30,2,2,0,1,0,2,0,0,0,22,17,0,200,0,200,200,200,200,200
318261,0,30,0,0,0,1,10,5,0,0,0,17,11,0,53,200,1,0,200,200,200
318261,0,30,0,0,0,1,10,5,0,0,0,17,11,1,25,0,0,0,0,200,200
318262,0,30,0,0,2,4,10,2,0,1,0,17,35,1,41,200,0,200,0,200,200
318262,0,30,0,0,2,4,10,2,0,1,0,17,35,1,30,200,1,200,0,200,200
318265,0,30,0,0,1,1,7,5,0,1,0,15,200,0,200,0,12,0,0,200,200
318268,0,30,0,0,0,1,7,7,0,0,200,0,0,0,53,0,200,200,0,200,200
318269,0,30,1,2,0,1,10,5,0,0,200,18,200,0,27,200,3,0,0,200,200
318269,0,30,1,2,0,1,10,5,0,0,200,18,200,1,47,200,0,0,0,200,200
318270,0,30,0,0,0,1,0,2,0,0,0,17,200,1,21,7,1,0,200,200,200
318270,0,30,0,0,0,1,0,2,0,0,0,17,200,0,24,0,0,0,200,200,200
318273,0,30,2,2,2,1,12,2,0,1,0,11,200,1,24,0,12,0,0,200,200
318273,0,30,2,2,2,1,12,2,0,1,0,11,200,0,37,0,0,12,0,200,200
318274,0,30,0,0,0,1,12,5,0,0,0,0,0,0,45,0,0,0,0,200,200
318274,0,30,0,0,0,1,12,5,0,0,0,0,0,1,38,200,200,200,200,200,200
318275,0,30,0,0,2,1,10,5,0,1,0,200,200,0,55,0,0,0,0,200,200
318275,0,30,0,0,2,1,10,5,0,1,0,200,200,0,34,0,0,0,0,200,200
318275,1,30,0,0,2,1,10,5,0,1,0,200,200,0,200,0,200,200,200,200,200
318278,0,30,0,0,0,1,7,5,0,0,0,7,21,1,39,200,4,0,0,200,200
318287,0,30,0,0,0,1,12,5,0,0,0,21,200,0,34,0,4,0,0,200,200
318287,0,30,0,0,0,1,12,5,0,0,0,21,200,1,27,0,0,0,0,200,200
318288,0,30,0,0,0,1,10,5,0,0,0,0,0,0,27,200,1,0,0,200,200
318288,0,30,0,0,0,1,10,5,0,0,0,0,0,0,35,0,0,0,0,200,200
318292,0,30,0,0,1,1,14,5,0,0,200,25,0,0,200,200,7,200,200,200,200
318292,0,30,0,0,1,1,14,5,0,0,200,25,0,1,55,0,0,0,0,200,200
318297,0,35,0,0,2,1,7,6,0,1,0,0,200,0,200,200,200,200,200,200,200
318301,0,30,0,0,2,4,2,0,0,1,200,200,200,0,200,0,200,0,0,200,200
318301,1,30,0,0,2,4,2,0,0,1,200,200,200,0,200,0,200,200,200,200,200
318301,1,30,0,0,2,4,2,0,0,1,200,200,200,0,200,7,200,200,200,200,200
318305,0,30,1,2,1,1,14,2,0,0,0,17,16,0,48,0,1,1,0,200,200
318305,0,30,1,2,1,1,14,2,0,0,0,17,16,0,29,200,0,0,0,200,200
318305,1,30,1,2,1,1,14,2,0,0,0,17,16,1,26,200,200,200,200,200,200
318314,0,35,0,0,2,1,12,2,0,1,0,22,200,0,68,0,2,0,0,200,200
318314,0,35,0,0,2,1,12,2,0,1,0,22,200,1,63,0,0,0,0,200,200
318314,0,35,0,0,2,1,12,2,0,1,0,22,200,1,62,0,0,0,0,200,0
318314,1,35,0,0,2,1,12,2,0,1,0,22,200,0,33,0,200,200,200,200,200
318315,0,30,0,0,0,1,10,5,0,0,0,200,200,0,200,200,0,200,200,200,200
318315,0,30,0,0,0,1,10,5,0,0,0,200,200,1,21,0,0,0,0,200,200
318315,1,30,0,0,0,1,10,5,0,0,0,200,200,1,200,0,200,200,200,200,200
318317,0,30,0,2,2,1,10,5,0,1,200,0,15,0,39,0,8,0,0,200,200
318317,0,30,0,2,2,1,10,5,0,1,200,0,15,1,29,0,0,0,0,200,200
318317,0,30,0,2,2,1,10,5,0,1,200,0,15,0,23,0,0,0,0,200,200
318317,1,30,0,2,2,1,10,5,0,1,200,0,15,200,200,0,200,200,200,200,200
318317,1,30,0,2,2,1,10,5,0,1,200,0,15,200,200,0,200,200,200,200,200
318317,1,30,0,2,2,1,10,5,0,1,200,0,15,200,200,0,200,200,200,200,200
318317,1,30,0,2,2,1,10,5,0,1,200,0,15,200,200,0,200,200,200,200,200
318322,0,30,0,0,1,1,7,6,0,0,0,200,11,0,50,200,12,0,0,200,200
318322,1,30,0,0,1,1,7,6,0,0,0,200,11,0,44,200,200,200,200,200,200
318325,0,30,1,2,2,1,14,5,0,1,0,0,0,1,200,200,200,200,200,200,200
318325,0,30,1,2,2,1,14,5,0,1,0,0,0,1,64,0,200,200,200,200,200
318329,0,30,0,0,0,1,7,5,0,0,0,22,200,1,29,200,2,0,0,200,200
318331,0,30,1,2,0,1,10,5,0,0,0,18,11,0,27,0,3,0,0,200,200
318331,0,30,1,2,0,1,10,5,0,0,0,18,11,0,37,0,0,0,0,200,200
318338,0,30,2,2,0,1,14,5,0,0,1,17,5,1,39,0,7,0,0,200,200
318338,0,30,2,2,0,1,14,5,0,0,1,17,5,1,25,0,0,0,0,200,200
318338,1,30,2,2,0,1,14,5,0,0,1,17,5,1,35,0,200,200,200,200,200
318338,1,30,2,2,0,1,14,5,0,0,1,17,5,1,41,0,200,200,200,200,200
318343,0,30,1,2,1,1,12,3,0,0,0,22,0,2,200,200,2,200,200,200,200
318343,0,30,1,2,1,1,12,3,0,0,0,22,0,1,38,0,0,0,0,200,200
318345,0,30,0,0,0,1,7,7,0,0,0,0,200,2,200,200,200,200,200,200,200
318346,0,30,0,0,2,1,10,5,0,1,200,18,200,2,200,200,200,200,200,200,200
318346,0,30,0,0,2,1,10,5,0,1,200,18,200,0,22,0,0,0,0,200,200
318346,0,30,0,0,2,1,10,5,0,1,200,18,200,2,200,200,200,200,200,200,200
318349,0,30,1,2,1,1,14,5,0,0,0,17,16,1,33,200,1,0,0,200,200
318349,0,30,1,2,1,1,14,5,0,0,0,17,16,0,42,200,0,0,0,200,200
318354,0,30,0,0,0,1,14,2,0,1,0,18,200,0,200,200,1,200,200,200,200
318354,0,30,0,0,0,1,14,2,0,1,0,18,200,0,40,7,7,0,12,200,200
318354,0,30,0,0,0,1,14,2,0,1,0,18,200,0,200,7,0,0,0,200,200
318354,1,30,0,0,0,1,14,2,0,1,0,18,200,1,20,7,200,200,200,200,200
318359,0,15,0,0,0,1,7,7,0,0,0,16,0,0,44,0,3,0,0,200,200
318360,0,30,0,12,0,1,12,2,0,0,0,200,0,1,69,0,200,200,0,200,200
318360,0,30,0,12,0,1,12,2,0,0,0,200,0,0,61,0,0,200,0,200,200
318362,0,30,0,0,0,1,10,5,0,1,0,0,0,0,200,200,8,200,200,200,200
318362,0,30,0,0,0,1,10,5,0,1,0,0,0,0,57,0,0,0,0,200,200
318364,0,25,0,0,2,2,12,2,0,1,0,34,11,0,200,0,1,200,0,200,200
318364,0,25,0,0,2,2,12,2,0,1,0,34,11,0,27,200,0,0,0,200,200
318364,1,25,0,0,2,2,12,2,0,1,0,34,11,0,200,0,200,200,200,200,200
318367,0,30,0,0,1,1,10,5,0,0,200,18,0,0,26,200,8,200,0,200,200
318367,0,30,0,0,1,1,10,5,0,0,200,18,0,0,40,0,0,200,0,200,200
318368,0,30,0,0,2,1,12,2,0,1,0,18,200,0,61,0,3,0,0,200,200
318368,0,30,0,0,2,1,12,2,0,1,0,18,200,1,56,0,3,0,0,200,200
318375,0,30,1,2,0,1,10,6,0,0,0,18,200,0,27,200,3,0,0,200,200
318375,0,30,1,2,0,1,10,6,0,0,0,18,200,0,44,0,0,0,0,200,200
318377,0,30,0,0,1,1,7,12,0,200,200,0,0,0,42,0,200,200,0,200,200
318384,0,25,0,0,0,1,7,5,0,0,0,23,200,0,56,200,7,200,0,200,200
318391,0,30,1,2,1,2,10,2,0,1,0,0,18,1,200,200,200,200,200,200,200
318391,0,30,1,2,1,2,10,2,0,1,0,0,18,1,47,0,0,0,0,200,200
318394,0,30,0,0,2,4,7,7,0,1,0,0,0,2,200,200,200,200,200,200,200
318398,0,30,0,0,1,1,10,5,0,0,0,18,16,0,43,0,3,0,0,200,200
318398,0,30,0,0,1,1,10,5,0,0,0,18,16,1,37,0,0,0,0,200,200
318405,0,30,200,200,0,1,12,5,0,0,200,0,200,0,200,200,200,200,200,200,200
318405,0,30,200,200,0,1,12,5,0,0,200,0,200,1,46,200,200,200,0,200,200
318406,0,20,0,0,0,1,2,0,0,0,0,200,200,0,50,0,12,0,0,200,200
318406,1,20,0,0,0,1,2,0,0,0,0,200,200,0,200,0,200,200,200,200,200
318410,0,30,0,0,0,1,10,5,0,0,0,0,0,0,43,0,0,0,0,200,200
318410,0,30,0,0,0,1,10,5,0,0,0,0,0,0,36,0,0,0,0,200,200
318410,1,30,0,0,0,1,10,5,0,0,0,0,0,1,200,0,200,200,200,200,200
318411,0,30,0,0,0,1,12,6,0,0,0,18,0,0,200,200,2,200,200,200,200
318411,0,30,0,0,0,1,12,6,0,0,0,18,0,0,43,0,0,0,0,200,200
318416,0,30,2,2,2,0,12,5,0,1,0,0,0,0,200,200,200,200,200,200,200
318416,0,30,2,2,2,0,12,5,0,1,0,0,0,0,32,0,0,0,0,200,200
318419,0,25,0,0,2,1,7,6,0,1,0,15,0,0,200,200,8,200,200,200,200
318441,0,30,0,0,0,3,14,2,0,0,0,17,14,1,24,0,8,0,0,200,200
318441,0,30,0,0,0,3,14,2,0,0,0,17,14,0,25,200,1,0,0,200,200
318441,1,30,0,0,0,3,14,2,0,0,0,17,14,0,33,0,200,200,200,200,200
318456,0,35,1,2,0,4,10,2,0,0,0,16,200,2,200,200,3,200,200,200,200
318456,0,35,1,2,0,4,10,2,0,0,0,16,200,0,52,0,0,0,0,200,200
318456,1,35,1,2,0,4,10,2,0,0,0,16,200,0,9,0,200,200,200,200,200