RD_NO,PERSON_TYPE,POSTED_SPEED_LIMIT,TRAFFIC_CONTROL_DEVICE,DEVICE_CONDITION,WEATHER_CONDITION,LIGHTING_CONDITION,FIRST_CRASH_TYPE,TRAFFICWAY_TYPE,ALIGNMENT,ROADWAY_SURFACE_COND,ROAD_DEFECT,PRIM_CONTRIBUTORY_CAUSE,SEC_CONTRIBUTORY_CAUSE,SEX,AGE,SAFETY_EQUIPMENT,DRIVER_ACTION,DRIVER_VISION,PHYSICAL_CONDITION,BAC_RESULT VALUE,CELL_PHONE_USE
319215,0,30,1,2,0,1,10,5,0,0,0,18,200,0,19,0,3,0,0,200,200
319215,0,30,1,2,0,1,10,5,0,0,0,18,200,1,28,0,0,0,0,200,200
319215,1,30,1,2,0,1,10,5,0,0,0,18,200,0,200,0,200,200,200,200,200
319217,0,30,1,2,0,1,14,3,0,0,0,23,17,1,24,0,7,0,0,200,200
319217,0,30,1,2,0,1,14,3,0,0,0,23,17,0,16,0,0,0,0,200,200
319217,1,30,1,2,0,1,14,3,0,0,0,23,17,0,34,0,200,200,200,200,200
319219,0,30,0,0,0,1,14,5,0,0,0,0,0,0,200,200,2,200,200,200,200
319219,0,30,0,0,0,1,14,5,0,0,0,0,0,0,57,0,0,0,0,200,200
319221,0,30,0,0,0,1,10,5,2,0,0,16,200,1,24,0,200,0,0,200,200
319221,0,30,0,0,0,1,10,5,2,0,0,16,200,0,19,0,0,0,0,200,200
319221,1,30,0,0,0,1,10,5,2,0,0,16,200,1,200,200,200,200,200,200,200
319221,1,30,0,0,0,1,10,5,2,0,0,16,200,1,200,0,200,200,200,200,200
319225,0,30,0,0,200,200,7,12,0,2,12,0,0,2,200,200,200,200,200,200,200
319226,0,30,1,2,0,1,10,3,0,0,0,16,18,1,200,0,0,0,0,200,200
319226,0,30,1,2,0,1,10,3,0,0,0,16,18,0,28,0,0,0,0,200,200
319226,0,30,1,2,0,1,10,3,0,0,0,16,18,1,48,0,3,0,0,200,200
319230,0,30,0,0,0,1,12,6,0,1,0,0,200,0,44,0,12,0,0,200,200
319230,0,30,0,0,0,1,12,6,0,1,0,0,200,0,22,200,0,0,0,200,200
319230,1,30,0,0,0,1,12,6,0,1,0,0,200,1,200,0,200,200,200,200,200
319230,1,30,0,0,0,1,12,6,0,1,0,0,200,1,200,0,200,200,200,200,200
319230,1,30,0,0,0,1,12,6,0,1,0,0,200,1,200,0,200,200,200,200,200
319232,0,25,0,0,0,1,10,5,0,0,0,0,0,1,200,7,200,200,0,200,200
319232,0,25,0,0,0,1,10,5,0,0,0,0,0,0,65,0,0,0,0,200,200
319239,0,10,0,0,0,1,7,6,0,0,200,0,0,2,200,200,200,200,200,200,200
319245,0,30,0,0,0,1,12,6,0,0,0,21,200,0,45,0,4,0,0,200,200
319245,0,30,0,0,0,1,12,6,0,0,0,21,200,0,40,0,0,0,0,200,200
319247,0,30,0,0,0,1,10,5,0,0,0,18,200,1,200,200,3,200,200,200,200
319247,0,30,0,0,0,1,10,5,0,0,0,18,200,1,21,0,0,200,0,200,200
319249,0,5,10,2,0,1,10,3,0,0,0,20,200,0,63,0,6,0,0,200,200
319249,0,5,10,2,0,1,10,3,0,0,0,20,200,1,28,0,0,0,0,200,200
319252,0,30,2,2,0,1,3,12,0,0,200,0,0,1,30,200,200,200,0,200,200
319252,0,30,2,2,0,1,3,12,0,0,200,0,0,0,54,200,200,200,200,200,200
319253,0,20,2,2,0,1,14,5,0,0,0,16,200,0,30,0,0,0,0,200,200
319253,0,20,2,2,0,1,14,5,0,0,0,16,200,1,66,0,0,0,0,200,200
319253,1,20,2,2,0,1,14,5,0,0,0,16,200,0,16,0,200,200,200,200,200
319258,0,30,0,0,0,3,10,5,0,0,0,18,16,2,200,200,3,200,200,200,200
319258,0,30,0,0,0,3,10,5,0,0,0,18,16,0,42,0,0,0,0,200,200
319261,0,30,1,2,0,1,12,5,0,0,0,0,0,0,200,200,1,0,0,200,200
319261,0,30,1,2,0,1,12,5,0,0,0,0,0,1,200,0,200,0,0,200,200
319264,0,15,0,0,0,1,11,7,0,0,0,0,0,0,77,0,12,0,0,200,200
319264,0,15,0,0,0,1,11,7,0,0,0,0,0,0,60,0,0,0,0,200,200
319273,0,35,1,2,0,1,9,2,0,0,0,17,200,1,27,200,1,0,0,200,200
319273,5,35,1,2,0,1,9,2,0,0,0,17,200,1,40,7,0,0,0,200,200
319273,1,35,1,2,0,1,9,2,0,0,0,17,200,1,25,200,200,200,200,200,200
319273,1,35,1,2,0,1,9,2,0,0,0,17,200,1,21,200,200,200,200,200,200
319273,1,35,1,2,0,1,9,2,0,0,0,17,200,1,20,200,200,200,200,200,200
319275,0,30,200,200,0,4,7,200,0,0,0,0,0,2,200,200,200,200,200,200,200
319277,0,30,1,2,0,1,12,5,0,0,0,0,0,0,19,0,0,0,0,200,200
319277,0,30,1,2,0,1,12,5,0,0,0,0,0,0,52,0,0,0,0,200,200
319277,1,30,1,2,0,1,12,5,0,0,0,0,0,1,200,0,200,200,200,200,200
319277,1,30,1,2,0,1,12,5,0,0,0,0,0,1,200,0,200,200,200,200,200
319277,1,30,1,2,0,1,12,5,0,0,0,0,0,1,200,0,200,200,200,200,200
319279,0,30,2,2,0,1,0,5,0,0,200,17,200,1,29,200,1,0,0,200,200
319279,0,30,2,2,0,1,0,5,0,0,200,17,200,0,57,200,0,0,0,200,200
319279,1,30,2,2,0,1,0,5,0,0,200,17,200,1,49,200,200,200,200,200,200
319280,0,30,0,0,0,1,10,5,0,0,0,18,0,0,55,0,200,0,0,200,200
319280,0,30,0,0,0,1,10,5,0,0,0,18,0,0,37,0,0,0,0,200,200
319284,0,30,0,0,0,1,14,2,0,0,0,0,200,0,35,0,2,0,0,200,200
319284,0,30,0,0,0,1,14,2,0,0,0,0,200,1,28,0,0,0,0,200,200
319294,0,30,2,2,0,1,14,6,0,0,0,0,0,0,29,0,3,0,0,200,200
319294,0,30,2,2,0,1,14,6,0,0,0,0,0,0,30,0,0,0,0,200,200
319296,0,30,0,0,0,1,10,5,0,0,0,200,200,2,200,200,0,200,200,200,200
319296,0,30,0,0,0,1,10,5,0,0,0,200,200,1,36,0,1,0,0,200,200
319296,1,30,0,0,0,1,10,5,0,0,0,200,200,1,200,0,200,200,200,200,200
319300,0,35,1,0,0,1,14,3,0,0,0,22,200,0,23,200,4,200,0,200,200
319300,0,35,1,0,0,1,14,3,0,0,0,22,200,1,16,7,0,200,7,200,200
319301,0,15,2,2,0,1,10,6,0,200,200,18,18,1,48,200,3,200,200,200,200
319301,0,15,2,2,0,1,10,6,0,200,200,18,18,1,41,0,0,0,0,200,200
319301,1,15,2,2,0,1,10,6,0,200,200,18,18,1,11,0,200,200,200,200,200
319304,0,30,0,0,0,1,0,5,0,200,200,20,20,0,200,200,6,200,200,200,200
319304,0,30,0,0,0,1,0,5,0,200,200,20,20,1,27,0,200,200,0,200,200
319304,1,30,0,0,0,1,0,5,0,200,200,20,20,0,28,0,200,200,200,200,200
319305,0,30,0,0,0,1,14,7,0,0,0,0,0,0,27,200,200,200,0,200,200
319305,0,30,0,0,0,1,14,7,0,0,0,0,0,0,42,0,200,0,0,200,200
319313,0,20,0,0,0,1,14,5,0,0,0,17,200,0,25,200,1,200,200,200,200
319313,0,20,0,0,0,1,14,5,0,0,0,17,200,1,25,0,1,0,5,200,200
319316,0,30,0,0,0,1,12,5,0,0,0,0,0,0,200,0,200,0,0,200,200
319316,0,30,0,0,0,1,12,5,0,0,0,0,0,0,200,0,200,0,0,200,200
319317,0,30,0,0,2,0,0,5,0,1,0,17,200,0,200,200,200,200,200,200,200
319317,0,30,0,0,2,0,0,5,0,1,0,17,200,0,25,0,200,0,0,200,200
319319,0,35,0,0,0,1,10,5,0,0,0,14,200,1,22,200,8,0,0,200,200
319319,0,35,0,0,0,1,10,5,0,0,0,14,200,1,50,200,0,0,0,200,200
319324,0,30,0,0,0,1,10,5,0,0,0,200,200,1,40,1,0,0,0,200,200
319324,0,30,0,0,0,1,10,5,0,0,0,200,200,1,52,7,0,0,0,200,200
319324,1,30,0,0,0,1,10,5,0,0,0,200,200,1,200,0,200,200,200,200,200
319326,0,30,0,0,0,1,14,2,0,0,0,4,16,1,59,200,2,0,0,200,200
319326,0,30,0,0,0,1,14,2,0,0,0,4,16,0,63,200,0,0,0,200,200
319327,0,45,0,0,0,1,5,3,3,0,0,0,0,0,30,200,200,0,0,200,200
319327,1,45,0,0,0,1,5,3,3,0,0,0,0,1,47,200,200,200,200,200,200
319327,1,45,0,0,0,1,5,3,3,0,0,0,0,1,24,200,200,200,200,200,200
319327,1,45,0,0,0,1,5,3,3,0,0,0,0,1,2,200,200,200,200,200,200
319327,1,45,0,0,0,1,5,3,3,0,0,0,0,1,28,200,200,200,200,200,200
319327,1,45,0,0,0,1,5,3,3,0,0,0,0,0,22,200,200,200,200,200,200
319331,0,35,2,2,0,1,10,5,0,0,0,18,0,1,48,0,3,200,200,200,200
319331,0,35,2,2,0,1,10,5,0,0,0,18,0,0,65,0,0,0,0,200,200
319338,0,30,2,2,0,1,0,6,0,0,0,17,200,1,31,0,1,0,0,200,200
319338,0,30,2,2,0,1,0,6,0,0,0,17,200,0,59,2,0,200,0,200,200
319343,5,30,0,0,0,1,9,5,0,0,0,33,17,0,40,7,1,12,0,200,200
319343,0,30,0,0,0,1,9,5,0,0,0,33,17,0,61,0,0,12,0,200,200
319343,1,30,0,0,0,1,9,5,0,0,0,33,17,0,62,0,200,200,200,200,200
319343,1,30,0,0,0,1,9,5,0,0,0,33,17,0,9,0,200,200,200,200,200
319353,0,30,0,0,0,1,12,5,0,0,200,22,22,1,20,0,4,0,0,200,200
319353,0,30,0,0,0,1,12,5,0,0,200,22,22,0,200,0,0,0,0,200,200
319353,1,30,0,0,0,1,12,5,0,0,200,22,22,1,20,0,200,200,200,200,200
319355,0,5,0,0,0,0,7,6,0,0,0,0,0,2,200,200,200,200,200,200,200
319358,0,30,0,0,0,1,14,7,0,1,0,200,200,0,20,200,0,0,0,200,200
319358,0,30,0,0,0,1,14,7,0,1,0,200,200,0,28,0,0,0,0,200,200
319358,1,30,0,0,0,1,14,7,0,1,0,200,200,1,200,0,200,200,200,200,200
319361,0,0,2,2,0,1,14,2,0,0,0,0,200,0,74,0,200,200,0,200,200
319361,0,0,2,2,0,1,14,2,0,0,0,0,200,1,23,0,200,200,0,200,200
319362,0,45,0,0,0,1,10,6,0,0,0,0,200,1,26,200,12,200,0,200,200
319362,0,45,0,0,0,1,10,6,0,0,0,0,200,1,35,200,0,200,0,200,200
319362,0,45,0,0,0,1,10,6,0,0,0,0,200,1,68,200,0,200,0,200,200
319362,1,45,0,0,0,1,10,6,0,0,0,0,200,2,200,7,200,200,200,200,200
319362,1,45,0,0,0,1,10,6,0,0,0,0,200,1,200,200,200,200,200,200,200
319365,0,30,1,2,0,1,10,3,1,0,0,18,200,0,50,0,3,200,0,200,200
319365,0,30,1,2,0,1,10,3,1,0,0,18,200,0,17,0,0,200,0,200,200
319365,1,30,1,2,0,1,10,3,1,0,0,18,200,0,36,0,200,200,200,200,200
319365,1,30,1,2,0,1,10,3,1,0,0,18,200,1,13,0,200,200,200,200,200
319365,1,30,1,2,0,1,10,3,1,0,0,18,200,1,46,0,200,200,200,200,200
319365,1,30,1,2,0,1,10,3,1,0,0,18,200,1,200,0,200,200,200,200,200
319365,1,30,1,2,0,1,10,3,1,0,0,18,200,0,11,0,200,200,200,200,200
319365,1,30,1,2,0,1,10,3,1,0,0,18,200,1,10,0,200,200,200,200,200
319365,1,30,1,2,0,1,10,3,1,0,0,18,200,0,6,0,200,200,200,200,200
319366,0,20,0,0,0,1,2,0,0,0,0,0,200,2,200,200,200,200,200,200,200
319366,3,20,0,0,0,1,2,0,0,0,0,0,200,1,53,7,0,0,0,200,200
319370,0,30,1,2,0,1,1,2,0,0,0,1,200,0,51,200,0,0,0,200,200
319372,0,30,0,0,0,1,10,5,0,0,0,18,200,0,34,0,3,0,0,200,200
319372,0,30,0,0,0,1,10,5,0,0,0,18,200,1,23,0,0,0,0,200,200
319373,0,30,0,0,2,1,7,5,0,1,0,0,0,2,200,200,200,200,200,200,200
319381,0,30,1,2,0,1,14,5,0,0,0,0,0,0,200,0,200,0,0,200,200
319381,0,30,1,2,0,1,14,5,0,0,0,0,0,0,200,0,200,0,0,200,200
319385,0,30,1,2,0,1,10,5,0,0,200,18,18,0,21,200,3,0,0,200,200
319385,0,30,1,2,0,1,10,5,0,0,200,18,18,1,200,200,0,200,200,200,200
319386,0,30,2,2,0,1,10,5,0,0,0,32,18,0,31,200,3,0,5,200,200
319386,0,30,2,2,0,1,10,5,0,0,0,32,18,0,47,0,0,0,0,200,200
319386,0,30,2,2,0,1,10,5,0,0,0,32,18,0,0,0,0,0,0,200,200
319386,1,30,2,2,0,1,10,5,0,0,0,32,18,1,57,0,200,200,200,200,200
319389,0,30,0,0,0,1,8,5,0,0,0,17,200,0,36,0,1,0,0,200,200
319389,4,30,0,0,0,1,8,5,0,0,0,17,200,0,73,3,0,0,0,200,200
319394,0,30,1,2,0,1,10,2,0,0,0,18,11,0,33,0,12,0,0,200,200
319394,0,30,1,2,0,1,10,2,0,0,0,18,11,1,43,0,0,0,0,200,200
319398,0,10,0,0,0,1,7,7,0,200,200,22,11,0,200,200,10,200,200,200,200
319398,1,10,0,0,0,1,7,7,0,200,200,22,11,0,8,5,200,200,200,200,200
319401,0,35,0,0,0,1,14,3,0,0,0,0,0,0,33,200,200,0,0,200,200
319401,0,35,0,0,0,1,14,3,0,0,0,0,0,0,11,200,200,0,0,200,200
319409,0,30,0,0,0,1,10,8,0,0,0,18,16,1,200,200,3,0,0,200,200
319409,0,30,0,0,0,1,10,8,0,0,0,18,16,1,35,200,0,0,0,200,200
319412,0,30,1,2,0,1,14,2,0,0,0,0,200,1,23,0,7,0,0,200,200
319412,0,30,1,2,0,1,14,2,0,0,0,0,200,0,31,0,0,0,0,200,200
319412,1,30,1,2,0,1,14,2,0,0,0,0,200,0,27,0,200,200,200,200,200
319412,1,30,1,2,0,1,14,2,0,0,0,0,200,1,16,0,200,200,200,200,200
319413,0,30,1,2,0,1,14,5,0,0,0,17,25,0,55,0,1,0,0,200,200
319413,0,30,1,2,0,1,14,5,0,0,0,17,25,0,26,0,0,0,0,200,200
319413,0,30,1,2,0,1,14,5,0,0,0,17,25,0,21,0,0,0,0,200,200
319413,0,30,1,2,0,1,14,5,0,0,0,17,25,0,46,0,0,0,0,200,200
319413,1,30,1,2,0,1,14,5,0,0,0,17,25,1,44,0,200,200,200,200,200
319413,1,30,1,2,0,1,14,5,0,0,0,17,25,1,20,0,200,200,200,200,200
319415,0,30,3,2,0,1,14,5,0,0,0,17,17,1,29,0,1,0,0,200,200
319415,0,30,3,2,0,1,14,5,0,0,0,17,17,1,35,0,0,0,0,200,200
319415,1,30,3,2,0,1,14,5,0,0,0,17,17,0,7,0,200,200,200,200,200
319415,1,30,3,2,0,1,14,5,0,0,0,17,17,1,5,0,200,200,200,200,200
319415,1,30,3,2,0,1,14,5,0,0,0,17,17,0,14,0,200,200,200,200,200
319417,0,30,0,0,0,1,12,1,0,0,0,17,200,1,70,0,12,0,0,200,200
319417,0,30,0,0,0,1,12,1,0,0,0,17,200,1,27,0,0,0,0,200,200
319420,0,30,1,2,0,1,12,5,0,0,0,0,0,0,200,200,200,200,200,200,200
319420,0,30,1,2,0,1,12,5,0,0,0,0,0,0,54,0,0,0,0,200,200
319423,0,30,0,0,0,1,12,5,0,0,0,22,0,1,28,0,2,0,0,200,200
319423,0,30,0,0,0,1,12,5,0,0,0,22,0,0,0,0,0,0,0,200,200
319423,1,30,0,0,0,1,12,5,0,0,0,22,0,1,200,200,200,200,200,200,200
319423,1,30,0,0,0,1,12,5,0,0,0,22,0,0,200,0,200,200,200,200,200
319425,0,30,0,0,0,1,2,5,0,0,0,200,200,0,36,0,0,0,0,200,200
319426,0,25,0,0,0,1,6,5,0,0,0,12,12,0,37,200,7,0,200,200,200
319429,0,30,1,2,0,1,9,2,0,0,0,0,0,0,47,0,1,0,0,200,200
319429,5,30,1,2,0,1,9,2,0,0,0,0,0,0,76,7,0,12,0,200,200
319429,1,30,1,2,0,1,9,2,0,0,0,0,0,0,53,0,200,200,200,200,200
319430,0,30,1,2,0,1,14,6,0,0,0,23,200,0,200,0,7,0,0,200,200
319430,0,30,1,2,0,1,14,6,0,0,0,23,200,1,200,0,0,0,0,200,200
319430,1,30,1,2,0,1,14,6,0,0,0,23,200,1,200,0,200,200,200,200,200
319430,1,30,1,2,0,1,14,6,0,0,0,23,200,2,200,200,200,200,200,200,200
319436,0,30,0,0,0,1,12,5,0,0,0,16,200,0,52,0,1,0,0,200,200
319436,0,30,0,0,0,1,12,5,0,0,0,16,200,1,26,1,12,0,0,200,200
319438,0,30,1,2,0,1,0,12,0,0,0,17,200,1,41,0,1,0,0,200,200
319438,0,30,1,2,0,1,0,12,0,0,0,17,200,0,56,0,0,0,0,200,200
319442,0,30,0,0,0,1,3,5,0,0,0,0,0,0,29,0,6,0,0,200,200
319442,0,30,0,0,0,1,3,5,0,0,0,0,0,0,52,200,0,200,200,200,200
319444,0,35,0,0,0,1,7,12,0,0,0,20,200,0,30,200,6,200,200,200,200
319445,0,30,0,0,2,4,14,5,0,1,0,23,0,0,60,0,4,4,0,200,200
319445,0,30,0,0,2,4,14,5,0,1,0,23,0,1,200,200,0,200,200,200,200
319449,0,35,1,200,0,1,10,5,0,0,0,200,200,2,200,200,200,200,200,200,200
319449,0,35,1,200,0,1,10,5,0,0,0,200,200,1,61,200,200,200,0,200,200
319450,0,20,0,0,0,1,7,7,0,0,0,0,200,0,27,200,12,200,200,200,200
319453,0,30,0,0,0,1,3,5,0,0,0,20,200,1,28,0,6,0,0,200,200
319453,0,30,0,0,0,1,3,5,0,0,0,20,200,1,49,0,0,0,0,200,200
319454,0,30,0,0,0,1,14,5,0,0,0,22,22,0,40,0,2,200,0,200,200
319454,0,30,0,0,0,1,14,5,0,0,0,22,22,0,32,0,0,0,0,200,200
319454,1,30,0,0,0,1,14,5,0,0,0,22,22,1,59,0,200,200,200,200,200
319454,1,30,0,0,0,1,14,5,0,0,0,22,22,1,36,0,200,200,200,200,200
319454,1,30,0,0,0,1,14,5,0,0,0,22,22,1,17,0,200,200,200,200,200
319454,1,30,0,0,0,1,14,5,0,0,0,22,22,1,14,0,200,200,200,200,200
319454,1,30,0,0,0,1,14,5,0,0,0,22,22,1,11,0,200,200,200,200,200
319456,0,30,1,2,0,1,10,6,0,0,0,0,0,0,200,200,200,200,200,200,200
319456,0,30,1,2,0,1,10,6,0,0,0,0,0,0,200,0,200,0,0,200,200
319463,0,30,2,0,0,1,14,5,0,0,0,17,5,1,20,200,1,0,0,200,200
319463,0,30,2,0,0,1,14,5,0,0,0,17,5,0,30,200,0,0,0,200,200
319463,1,30,2,0,0,1,14,5,0,0,0,17,5,0,200,5,200,200,200,200,200
319463,1,30,2,0,0,1,14,5,0,0,0,17,5,0,2,5,200,200,200,200,200
319463,1,30,2,0,0,1,14,5,0,0,0,17,5,1,12,200,200,200,200,200,200
319467,0,30,0,0,0,1,10,5,0,0,0,18,200,0,27,200,3,0,0,200,200
319467,0,30,0,0,0,1,10,5,0,0,0,18,200,1,61,7,0,0,0,200,200
319469,0,30,1,2,0,1,0,6,0,0,0,21,200,0,200,200,6,200,200,200,200
319469,0,30,1,2,0,1,0,6,0,0,0,21,200,0,29,0,0,0,200,200,200
319471,0,30,0,0,0,1,0,5,0,0,0,8,0,0,40,0,12,0,0,200,200
319471,0,30,0,0,0,1,0,5,0,0,0,8,0,0,62,7,0,0,0,200,200
319471,1,30,0,0,0,1,0,5,0,0,0,8,0,1,200,0,200,200,200,200,200
319471,1,30,0,0,0,1,0,5,0,0,0,8,0,1,200,0,200,200,200,200,200
319471,1,30,0,0,0,1,0,5,0,0,0,8,0,1,200,0,200,200,200,200,200
319473,0,10,1,2,0,1,5,8,2,0,0,17,0,1,200,200,1,200,200,200,200
319473,5,10,1,2,0,1,5,8,2,0,0,17,0,0,65,7,0,0,0,200,200
319474,0,30,0,0,0,1,2,6,0,0,0,27,200,0,80,200,12,0,4,200,200
319477,0,30,0,0,0,1,10,5,0,0,0,18,200,0,200,0,3,0,0,200,200
319477,0,30,0,0,0,1,10,5,0,0,0,18,200,1,48,0,0,0,0,200,200
319478,0,35,1,2,0,1,2,2,0,0,0,0,200,1,32,0,200,0,0,200,200
319482,0,35,1,2,0,1,0,5,0,0,0,20,0,1,66,200,6,200,200,200,200
319482,0,35,1,2,0,1,0,5,0,0,0,20,0,1,54,0,0,0,0,200,200
319484,0,30,0,0,0,1,7,7,0,0,0,20,0,0,71,200,6,200,200,200,200
319484,1,30,0,0,0,1,7,7,0,0,0,20,0,1,75,0,200,200,200,200,200
319503,0,30,0,0,0,1,7,6,0,0,0,200,200,2,200,200,200,200,200,200,200
319506,0,30,2,200,0,1,9,5,0,200,200,25,200,0,200,200,12,200,200,200,200
319506,5,30,2,200,0,1,9,5,0,200,200,25,200,1,39,7,0,12,200,200,200
319507,0,30,2,2,0,1,0,5,0,0,0,5,0,0,200,200,5,200,200,200,200
319507,0,30,2,2,0,1,0,5,0,0,0,5,0,1,41,0,0,0,0,200,200
319510,0,30,0,0,0,1,14,7,0,0,0,0,0,0,26,200,200,200,0,200,200
319510,0,30,0,0,0,1,14,7,0,0,0,0,0,0,27,200,200,200,0,200,200
319510,1,30,0,0,0,1,14,7,0,0,0,0,0,1,18,200,200,200,200,200,200
319511,0,30,0,0,0,1,12,2,0,0,0,11,0,0,20,200,4,0,0,200,200
319511,0,30,0,0,0,1,12,2,0,0,0,11,0,1,30,200,0,0,0,200,200
319513,0,40,1,2,0,1,12,3,0,0,0,18,200,1,45,200,3,0,0,200,200
319513,0,40,1,2,0,1,12,3,0,0,0,18,200,1,47,200,0,0,0,200,200
319521,0,30,0,0,0,1,7,2,0,0,0,9,200,0,43,200,15,0,0,200,200
319529,0,30,1,2,0,1,14,2,0,0,0,0,200,1,64,200,200,200,0,200,200
319529,0,30,1,2,0,1,14,2,0,0,0,0,200,0,57,200,0,200,200,200,200
319534,0,30,1,3,0,1,0,2,0,0,200,0,200,0,56,200,200,200,200,200,200
319534,0,30,1,3,0,1,0,2,0,0,200,0,200,1,41,0,200,200,0,200,200
319534,1,30,1,3,0,1,0,2,0,0,200,0,200,1,200,200,200,200,200,200,200
319534,1,30,1,3,0,1,0,2,0,0,200,0,200,1,200,200,200,200,200,200,200
319537,0,5,0,0,0,1,7,7,0,0,0,0,200,2,200,200,200,200,200,200,200
319539,0,30,1,2,0,1,10,5,0,0,0,18,0,0,36,200,3,200,200,200,200
319539,0,30,1,2,0,1,10,5,0,0,0,18,0,0,54,200,0,0,0,200,200
319539,0,30,1,2,0,1,10,5,0,0,0,18,0,0,200,200,0,200,200,200,200
319539,1,30,1,2,0,1,10,5,0,0,0,18,0,1,57,0,200,200,200,200,200
319562,0,45,0,0,0,1,10,6,0,0,0,18,200,0,200,0,3,0,0,200,200
319562,0,45,0,0,0,1,10,6,0,0,0,18,200,1,200,0,0,0,0,200,200
319562,1,45,0,0,0,1,10,6,0,0,0,18,200,0,200,0,200,200,200,200,200
319562,1,45,0,0,0,1,10,6,0,0,0,18,200,0,200,0,200,200,200,200,200
319565,0,30,1,200,0,1,10,6,0,0,0,16,200,1,56,200,8,0,0,200,200
319565,0,30,1,200,0,1,10,6,0,0,0,16,200,1,34,200,200,0,0,200,200
319568,0,35,1,2,0,1,14,1,0,0,0,17,23,0,59,0,1,1,0,200,200
319568,0,35,1,2,0,1,14,1,0,0,0,17,23,1,37,0,1,1,0,200,200
319572,0,30,0,0,0,1,10,12,0,0,0,20,200,0,200,200,12,200,200,200,200
319572,0,30,0,0,0,1,10,12,0,0,0,20,200,1,18,200,0,0,0,200,200
319573,0,30,0,0,0,1,10,5,0,0,0,18,200,1,26,200,3,0,0,200,200
319573,0,30,0,0,0,1,10,5,0,0,0,18,200,1,37,200,0,0,0,200,200
319573,1,30,0,0,0,1,10,5,0,0,0,18,200,0,18,200,200,200,200,200,200
319579,0,30,0,0,0,1,10,5,0,0,0,0,0,1,200,200,200,200,200,200,200
319579,0,30,0,0,0,1,10,5,0,0,0,0,0,0,23,0,0,0,0,200,200
319580,3,25,2,2,0,1,10,5,0,0,200,16,0,0,44,0,0,0,0,200,200
319580,0,25,2,2,0,1,10,5,0,0,200,16,0,0,44,0,0,0,0,200,200
319580,0,25,2,2,0,1,10,5,0,0,200,16,0,0,35,0,3,0,0,200,200
319580,1,25,2,2,0,1,10,5,0,0,200,16,0,0,16,0,200,200,200,200,200
319584,0,35,1,2,0,1,14,2,0,0,0,18,18,1,36,0,3,0,0,200,200
319584,0,35,1,2,0,1,14,2,0,0,0,18,18,1,66,0,0,0,0,200,200
319584,1,35,1,2,0,1,14,2,0,0,0,18,18,1,17,0,200,200,200,200,200
319584,1,35,1,2,0,1,14,2,0,0,0,18,18,1,70,0,200,200,200,200,200
319585,0,30,0,0,0,1,10,5,0,0,0,18,18,1,32,0,3,0,0,200,200
319585,0,30,0,0,0,1,10,5,0,0,0,18,18,0,48,0,200,0,0,200,200
319591,0,35,0,0,0,1,0,2,0,0,0,22,16,0,31,0,7,0,0,200,200
319591,0,35,0,0,0,1,0,2,0,0,0,22,16,1,48,0,0,0,0,200,200
319591,1,35,0,0,0,1,0,2,0,0,0,22,16,0,48,0,200,200,200,200,200
319591,1,35,0,0,0,1,0,2,0,0,0,22,16,0,13,0,200,200,200,200,200
319594,0,30,1,2,0,1,10,5,0,0,0,18,25,1,200,200,3,200,200,200,200
319594,0,30,1,2,0,1,10,5,0,0,0,18,25,0,59,0,0,0,0,200,200
319594,1,30,1,2,0,1,10,5,0,0,0,18,25,1,200,200,200,200,200,200,200
319594,1,30,1,2,0,1,10,5,0,0,0,18,25,1,53,0,200,200,200,200,200
319597,0,30,0,0,0,1,12,5,0,0,0,0,0,0,200,200,1,200,200,200,200
319597,0,30,0,0,0,1,12,5,0,0,0,0,0,0,54,0,0,0,0,200,200
319603,0,30,0,0,0,1,10,5,0,0,0,200,200,1,200,200,0,200,200,200,200
319603,0,30,0,0,0,1,10,5,0,0,0,200,200,0,22,0,0,0,0,200,200
319603,1,30,0,0,0,1,10,5,0,0,0,200,200,2,200,200,200,200,200,200,200
319603,1,30,0,0,0,1,10,5,0,0,0,200,200,2,200,200,200,200,200,200,200
319603,1,30,0,0,0,1,10,5,0,0,0,200,200,2,200,200,200,200,200,200,200
319608,0,30,0,0,0,1,12,5,0,0,0,25,0,1,200,200,2,200,200,200,200
319608,0,30,0,0,0,1,12,5,0,0,0,25,0,0,59,0,0,0,0,200,200
319608,1,30,0,0,0,1,12,5,0,0,0,25,0,1,200,0,200,200,200,200,200
319611,0,30,1,2,0,1,0,3,0,0,0,6,0,1,46,200,5,0,0,200,200
319611,0,30,1,2,0,1,0,3,0,0,0,6,0,0,41,0,1,0,0,200,200
319611,1,30,1,2,0,1,0,3,0,0,0,6,0,200,200,200,200,200,200,200,200
319614,4,10,0,0,0,1,8,7,0,0,0,0,200,0,200,200,200,200,200,200,200
319614,0,10,0,0,0,1,8,7,0,0,0,0,200,0,18,0,12,0,0,200,200
319616,0,30,1,2,0,1,14,5,0,0,0,17,200,1,28,0,1,0,0,200,200
319616,0,30,1,2,0,1,14,5,0,0,0,17,200,1,51,0,0,0,0,200,200
319616,1,30,1,2,0,1,14,5,0,0,0,17,200,1,28,0,200,200,200,200,200
319616,1,30,1,2,0,1,14,5,0,0,0,17,200,1,31,0,200,200,200,200,200
319621,0,30,1,2,0,1,12,5,0,0,200,22,10,0,200,200,2,200,200,200,200
319621,0,30,1,2,0,1,12,5,0,0,200,22,10,1,32,200,0,0,0,200,200
319636,0,30,0,0,0,1,12,5,0,0,0,17,0,0,42,0,1,0,0,200,200