RD_NO,PERSON_TYPE,POSTED_SPEED_LIMIT,TRAFFIC_CONTROL_DEVICE,DEVICE_CONDITION,WEATHER_CONDITION,LIGHTING_CONDITION,FIRST_CRASH_TYPE,TRAFFICWAY_TYPE,ALIGNMENT,ROADWAY_SURFACE_COND,ROAD_DEFECT,PRIM_CONTRIBUTORY_CAUSE,SEC_CONTRIBUTORY_CAUSE,SEX,AGE,SAFETY_EQUIPMENT,DRIVER_ACTION,DRIVER_VISION,PHYSICAL_CONDITION,BAC_RESULT VALUE,CELL_PHONE_USE
319636,0,30,0,0,0,1,12,5,0,0,0,17,0,1,19,0,0,0,0,200,200
319639,0,30,0,0,0,1,10,5,0,0,0,0,0,0,44,200,200,200,200,200,200
319639,0,30,0,0,0,1,10,5,0,0,0,0,0,0,62,0,0,0,0,200,200
319641,0,30,0,0,0,1,12,5,0,0,0,22,10,0,200,200,2,200,200,200,200
319641,0,30,0,0,0,1,12,5,0,0,0,22,10,0,42,200,0,0,0,200,200
319642,0,30,0,0,0,1,11,5,0,0,0,0,0,0,44,200,200,0,0,200,200
319642,0,30,0,0,0,1,11,5,0,0,0,0,0,1,35,200,200,0,0,200,200
319644,0,30,2,2,0,1,14,5,0,0,0,0,0,0,32,200,7,0,0,200,200
319644,0,30,2,2,0,1,14,5,0,0,0,0,0,0,36,0,200,0,0,200,200
319644,1,30,2,2,0,1,14,5,0,0,0,0,0,0,200,200,200,200,200,200,200
319644,1,30,2,2,0,1,14,5,0,0,0,0,0,0,200,200,200,200,200,200,200
319644,1,30,2,2,0,1,14,5,0,0,0,0,0,1,51,7,200,200,200,200,200
319644,1,30,2,2,0,1,14,5,0,0,0,0,0,0,73,7,200,200,200,200,200
319644,1,30,2,2,0,1,14,5,0,0,0,0,0,0,70,7,200,200,200,200,200
319645,0,30,1,2,0,1,10,2,0,0,0,0,200,0,200,200,200,200,200,200,200
319645,0,30,1,2,0,1,10,2,0,0,0,0,200,0,34,0,0,0,0,200,200
319646,0,30,0,0,0,1,10,7,0,0,0,20,0,0,200,200,6,200,200,200,200
319646,0,30,0,0,0,1,10,7,0,0,0,20,0,1,26,0,0,0,0,200,200
319648,0,30,0,12,0,1,7,2,0,0,200,200,200,1,20,0,200,0,0,200,200
319652,0,30,0,0,0,1,7,5,0,0,0,0,0,2,200,200,200,200,200,200,200
319654,0,20,0,0,0,1,7,6,0,0,0,32,11,0,79,200,12,0,5,200,200
319657,0,30,0,0,0,1,14,5,0,0,0,17,0,1,42,0,1,0,0,200,200
319657,0,30,0,0,0,1,14,5,0,0,0,17,0,1,23,0,0,0,0,200,200
319657,1,30,0,0,0,1,14,5,0,0,0,17,0,1,51,0,200,200,200,200,200
319657,1,30,0,0,0,1,14,5,0,0,0,17,0,1,84,1,200,200,200,200,200
319657,1,30,0,0,0,1,14,5,0,0,0,17,0,1,14,0,200,200,200,200,200
319657,1,30,0,0,0,1,14,5,0,0,0,17,0,0,6,0,200,200,200,200,200
319657,1,30,0,0,0,1,14,5,0,0,0,17,0,1,9,0,200,200,200,200,200
319662,0,30,1,2,0,1,14,2,0,0,0,23,6,0,62,0,7,0,0,200,200
319662,0,30,1,2,0,1,14,2,0,0,0,23,6,0,20,0,0,0,0,200,200
319664,0,30,1,2,0,1,10,5,0,0,0,0,0,1,37,0,0,0,0,200,200
319664,0,30,1,2,0,1,10,5,0,0,0,0,0,0,27,200,200,200,200,200,200
319679,0,30,0,0,0,1,0,5,0,0,0,0,0,0,35,0,1,0,0,200,200
319679,0,30,0,0,0,1,0,5,0,0,0,0,0,0,35,0,0,0,0,200,200
319679,1,30,0,0,0,1,0,5,0,0,0,0,0,1,34,0,200,200,200,200,200
319680,0,30,0,0,0,1,14,5,0,0,0,17,23,0,25,1,4,0,0,200,200
319680,0,30,0,0,0,1,14,5,0,0,0,17,23,1,21,200,7,0,0,200,200
319681,0,25,0,0,0,1,7,5,0,0,0,0,200,0,75,0,12,0,0,200,200
319683,0,20,0,0,0,1,11,5,0,0,0,0,200,0,36,0,0,0,0,200,200
319683,0,20,0,0,0,1,11,5,0,0,0,0,200,1,34,0,0,0,0,200,200
319686,0,30,0,0,0,1,7,2,0,0,0,20,200,0,34,0,6,0,0,200,200
319688,0,30,0,0,0,1,8,6,0,0,0,17,0,0,51,0,1,0,0,200,200
319688,4,30,0,0,0,1,8,6,0,0,0,17,0,0,28,7,0,0,0,200,200
319688,1,30,0,0,0,1,8,6,0,0,0,17,0,0,200,0,200,200,200,200,200
319699,0,30,0,0,0,1,12,6,0,0,0,17,33,0,57,200,1,0,200,200,200
319699,0,30,0,0,0,1,12,6,0,0,0,17,33,1,33,200,0,0,200,200,200
319699,1,30,0,0,0,1,12,6,0,0,0,17,33,1,10,200,200,200,200,200,200
319699,1,30,0,0,0,1,12,6,0,0,0,17,33,0,12,200,200,200,200,200,200
319707,0,35,1,2,0,1,0,5,0,0,0,6,16,0,57,200,5,200,0,200,200
319707,0,35,1,2,0,1,0,5,0,0,0,6,16,0,52,200,0,200,0,200,200
319715,0,30,1,2,0,1,10,2,0,0,0,18,200,0,23,0,3,0,0,200,200
319715,0,30,1,2,0,1,10,2,0,0,0,18,200,1,33,0,0,0,0,200,200
319717,0,10,0,0,200,200,7,7,0,200,200,0,0,2,200,200,200,200,200,200,200
319721,0,30,0,0,0,1,2,3,0,0,0,200,200,0,27,0,12,12,0,200,200
319721,1,30,0,0,0,1,2,3,0,0,0,200,200,0,29,0,200,200,200,200,200
319723,0,30,1,2,0,1,14,5,0,0,0,0,0,1,45,0,0,0,0,200,200
319723,0,30,1,2,0,1,14,5,0,0,0,0,0,1,35,0,0,0,0,200,200
319723,1,30,1,2,0,1,14,5,0,0,0,0,0,1,200,0,200,200,200,200,200
319723,1,30,1,2,0,1,14,5,0,0,0,0,0,1,200,0,200,200,200,200,200
319729,0,30,0,0,0,1,5,5,0,1,1,28,28,1,49,0,0,12,0,200,200
319744,0,30,0,200,0,4,10,2,0,0,200,18,200,1,19,200,3,200,0,200,200
319744,0,30,0,200,0,4,10,2,0,0,200,18,200,1,0,200,0,200,0,200,200
319747,0,30,0,0,0,4,7,6,0,0,0,11,200,1,29,0,0,0,0,200,200
319750,0,30,0,0,0,2,7,6,0,0,0,0,0,0,200,200,200,200,200,200,200
319751,0,25,0,0,0,1,12,5,0,0,0,16,11,0,16,1,13,0,0,200,200
319751,0,25,0,0,0,1,12,5,0,0,0,16,11,1,24,0,0,0,0,200,200
319763,0,10,0,0,0,1,7,7,0,0,0,20,0,0,200,200,6,200,200,200,200
319765,0,30,0,0,0,3,10,4,0,0,0,18,200,1,200,0,3,0,0,200,200
319765,0,30,0,0,0,3,10,4,0,0,0,18,200,0,200,0,0,0,0,200,200
319766,0,30,0,0,0,1,10,5,0,0,0,18,0,0,28,0,3,0,0,200,200
319766,0,30,0,0,0,1,10,5,0,0,0,18,0,0,31,7,0,0,0,200,200
319766,1,30,0,0,0,1,10,5,0,0,0,18,0,1,32,0,200,200,200,200,200
319776,0,30,1,2,0,1,10,5,0,0,0,18,0,0,200,200,3,200,200,200,200
319776,0,30,1,2,0,1,10,5,0,0,0,18,0,1,60,0,0,0,0,200,200
319777,0,45,0,0,0,3,12,3,0,0,0,0,0,0,32,0,2,0,0,200,200
319777,0,45,0,0,0,3,12,3,0,0,0,0,0,0,46,0,0,0,0,200,200
319777,0,45,0,0,0,3,12,3,0,0,0,0,0,1,39,0,0,0,0,200,200
319777,1,45,0,0,0,3,12,3,0,0,0,0,0,1,31,0,200,200,200,200,200
319777,1,45,0,0,0,3,12,3,0,0,0,0,0,1,21,0,200,200,200,200,200
319781,0,20,0,0,0,1,7,6,0,0,200,0,200,2,200,200,200,200,200,200,200
319782,0,35,0,0,2,3,10,5,0,1,0,200,200,0,29,200,200,200,200,200,200
319782,0,35,0,0,2,3,10,5,0,1,0,200,200,1,41,0,200,200,200,200,200
319786,0,30,0,0,0,2,12,5,0,0,200,18,200,1,200,200,3,200,200,200,200
319786,0,30,0,0,0,2,12,5,0,0,200,18,200,0,33,200,0,0,0,200,200
319788,0,30,2,2,0,2,10,6,0,0,200,12,20,1,200,0,6,0,0,200,200
319788,0,30,2,2,0,2,10,6,0,0,200,12,20,0,50,0,0,0,0,200,200
319797,0,30,0,0,0,3,7,7,0,0,0,20,200,2,200,200,6,200,200,200,200
319803,0,30,1,2,0,3,10,3,0,0,0,11,0,2,200,200,200,200,200,200,200
319803,0,30,1,2,0,3,10,3,0,0,0,11,0,0,40,0,12,0,0,200,200
319803,0,30,1,2,0,3,10,3,0,0,0,11,0,0,68,0,12,0,0,200,200
319805,0,30,1,2,0,3,0,5,0,0,0,16,0,1,51,0,12,200,0,200,200
319805,0,30,1,2,0,3,0,5,0,0,0,16,0,1,30,200,12,200,0,200,200
319805,1,30,1,2,0,3,0,5,0,0,0,16,0,0,33,200,200,200,200,200,200
319805,1,30,1,2,0,3,0,5,0,0,0,16,0,0,36,200,200,200,200,200,200
319809,0,30,3,2,0,3,10,2,0,0,0,18,4,1,200,200,1,200,200,200,200
319809,0,30,3,2,0,3,10,2,0,0,0,18,4,0,27,0,0,0,0,200,200
319827,0,30,1,2,0,3,14,2,0,0,0,6,6,0,200,200,5,200,200,200,200
319827,0,30,1,2,0,3,14,2,0,0,0,6,6,0,33,0,0,0,0,200,200
319827,1,30,1,2,0,3,14,2,0,0,0,6,6,0,200,200,200,200,200,200,200
319836,0,30,0,0,200,3,7,5,0,200,200,0,0,2,200,200,200,200,200,200,200
319837,0,30,0,0,0,3,10,2,0,0,0,16,18,0,56,0,3,0,0,200,200
319837,0,30,0,0,0,3,10,2,0,0,0,16,18,0,73,0,0,0,0,200,200
319837,0,30,0,0,0,3,10,2,0,0,0,16,18,0,66,0,0,0,0,200,200
319837,1,30,0,0,0,3,10,2,0,0,0,16,18,1,53,0,200,200,200,200,200
319838,0,15,200,200,0,3,7,0,2,0,0,25,200,2,200,200,200,200,200,200,200
319841,0,25,0,0,0,0,7,5,0,0,0,20,0,1,71,0,10,0,0,200,200
319847,0,30,1,2,0,3,9,5,0,0,0,17,0,0,35,0,1,0,0,200,200
319847,5,30,1,2,0,3,9,5,0,0,0,17,0,0,29,200,0,0,0,200,200
319854,0,30,1,2,0,3,10,1,0,0,0,32,16,0,54,200,8,0,6,200,200
319854,0,30,1,2,0,3,10,1,0,0,0,32,16,0,41,200,200,0,0,200,200
319854,0,30,1,2,0,3,10,1,0,0,0,32,16,0,29,200,200,0,0,200,200
319854,1,30,1,2,0,3,10,1,0,0,0,32,16,200,200,200,200,200,200,200,200
319854,1,30,1,2,0,3,10,1,0,0,0,32,16,200,200,200,200,200,200,200,200
319854,1,30,1,2,0,3,10,1,0,0,0,32,16,200,200,200,200,200,200,200,200
319854,1,30,1,2,0,3,10,1,0,0,0,32,16,200,200,200,200,200,200,200,200
319856,0,30,1,2,0,3,14,2,0,0,0,17,23,1,25,0,1,200,0,200,200
319856,0,30,1,2,0,3,14,2,0,0,0,17,23,0,46,0,0,200,0,200,200
319856,1,30,1,2,0,3,14,2,0,0,0,17,23,0,24,0,200,200,200,200,200
319856,1,30,1,2,0,3,14,2,0,0,0,17,23,0,21,0,200,200,200,200,200
319860,0,30,1,2,0,3,0,6,0,0,0,6,14,2,200,200,5,200,200,200,200
319860,0,30,1,2,0,3,0,6,0,0,0,6,14,1,33,0,0,0,0,200,200
319860,1,30,1,2,0,3,0,6,0,0,0,6,14,1,54,0,200,200,200,200,200
319863,0,30,1,200,0,3,14,6,0,0,0,23,200,0,200,200,3,200,200,200,200
319863,0,30,1,200,0,3,14,6,0,0,0,23,200,0,51,200,0,200,0,200,200
319863,1,30,1,200,0,3,14,6,0,0,0,23,200,0,200,200,200,200,200,200,200
319863,1,30,1,200,0,3,14,6,0,0,0,23,200,1,42,200,200,200,200,200,200
319866,0,35,1,2,0,3,14,2,0,0,0,18,22,2,200,200,3,200,200,200,200
319866,0,35,1,2,0,3,14,2,0,0,0,18,22,1,40,0,200,0,0,200,200
319866,1,35,1,2,0,3,14,2,0,0,0,18,22,0,39,0,200,200,200,200,200
319868,0,35,0,0,0,3,10,5,0,0,0,18,19,0,200,200,3,200,200,200,200
319868,0,35,0,0,0,3,10,5,0,0,0,18,19,1,47,0,0,0,0,200,200
319868,1,35,0,0,0,3,10,5,0,0,0,18,19,1,21,0,200,200,200,200,200
319869,0,30,0,0,0,0,10,5,0,0,0,16,200,0,200,200,200,200,200,200,200
319869,0,30,0,0,0,0,10,5,0,0,0,16,200,1,26,0,0,0,0,200,200
319869,1,30,0,0,0,0,10,5,0,0,0,16,200,200,200,0,200,200,200,200,200
319871,0,30,1,2,0,3,14,1,0,0,0,17,31,0,55,0,1,0,0,200,200
319871,0,30,1,2,0,3,14,1,0,0,0,17,31,0,35,0,200,0,0,200,200
319873,0,10,0,0,0,1,7,7,0,0,200,200,200,2,200,200,200,200,200,200,200
319877,0,20,0,0,0,3,7,6,0,0,0,200,200,0,51,200,200,200,0,200,200
319879,0,30,0,0,0,3,12,5,0,0,0,0,0,0,49,0,12,0,0,200,200
319879,0,30,0,0,0,3,12,5,0,0,0,0,0,1,52,0,12,0,0,200,200
319883,0,15,0,0,0,200,0,7,0,0,0,20,200,1,44,200,6,0,0,200,200
319883,0,15,0,0,0,200,0,7,0,0,0,20,200,1,63,200,0,0,0,200,200
319889,0,30,0,0,0,3,10,5,0,0,200,18,200,0,200,200,3,200,200,200,200
319889,0,30,0,0,0,3,10,5,0,0,200,18,200,0,45,200,0,200,0,200,200
319891,0,35,1,2,0,3,10,5,0,0,0,18,200,0,200,200,3,200,200,200,200
319891,0,35,1,2,0,3,10,5,0,0,0,18,200,0,40,0,0,0,0,200,200
319896,0,30,1,200,200,200,10,5,0,200,200,18,200,0,17,200,3,200,0,200,200
319896,0,30,1,200,200,200,10,5,0,200,200,18,200,0,31,200,0,200,0,200,200
319896,1,30,1,200,200,200,10,5,0,200,200,18,200,1,200,200,200,200,200,200,200
319900,0,5,0,0,0,1,7,7,0,0,0,0,0,1,200,200,12,200,200,200,200
319903,0,30,1,2,0,3,0,5,0,0,0,17,6,2,200,200,5,200,200,200,200
319903,0,30,1,2,0,3,0,5,0,0,0,17,6,1,56,0,0,0,0,200,200
319903,1,30,1,2,0,3,0,5,0,0,0,17,6,0,200,0,200,200,200,200,200
319906,0,30,1,2,0,3,10,2,0,0,0,18,200,0,200,200,3,200,200,200,200
319906,0,30,1,2,0,3,10,2,0,0,0,18,200,1,33,0,0,0,0,200,200
319907,0,40,1,2,0,4,10,5,0,0,0,16,200,1,200,200,200,200,200,200,200
319907,1,40,1,2,0,4,10,5,0,0,0,16,200,0,34,200,200,200,200,200,200
319909,0,40,0,0,0,0,12,3,0,0,0,17,4,1,200,200,1,200,200,200,200
319909,0,40,0,0,0,0,12,3,0,0,0,17,4,1,13,200,0,0,0,200,200
319912,0,30,0,0,0,3,7,7,0,0,0,0,0,0,50,0,6,200,0,200,200
319918,0,30,0,0,0,0,7,5,0,0,200,0,0,2,200,200,200,200,200,200,200
319920,0,30,1,2,0,3,10,3,0,200,200,16,11,0,200,200,8,200,200,200,200
319920,0,30,1,2,0,3,10,3,0,200,200,16,11,0,35,0,0,0,0,200,200
319923,0,30,0,0,0,3,12,5,0,0,200,22,200,2,200,200,4,200,200,200,200
319923,0,30,0,0,0,3,12,5,0,0,200,22,200,0,22,200,0,200,0,200,200
319931,0,15,0,0,0,3,2,0,0,0,0,27,0,0,200,200,12,200,5,200,200
319938,0,30,1,200,0,2,14,5,0,0,0,17,23,0,63,200,1,200,200,200,200
319938,0,30,1,200,0,2,14,5,0,0,0,17,23,0,38,200,1,200,200,200,200
319938,1,30,1,200,0,2,14,5,0,0,0,17,23,1,39,200,200,200,200,200,200
319938,1,30,1,200,0,2,14,5,0,0,0,17,23,0,22,200,200,200,200,200,200
319938,1,30,1,200,0,2,14,5,0,0,0,17,23,1,7,200,200,200,200,200,200
319938,1,30,1,200,0,2,14,5,0,0,0,17,23,0,1,200,200,200,200,200,200
319941,0,30,0,0,0,3,7,5,0,0,0,14,16,0,52,200,200,200,200,200,200
319941,1,30,0,0,0,3,7,5,0,0,0,14,16,0,38,0,200,200,200,200,200
319941,1,30,0,0,0,3,7,5,0,0,0,14,16,1,36,1,200,200,200,200,200
319945,0,30,1,2,0,3,14,5,0,0,0,23,200,0,24,0,7,0,0,200,200
319945,0,30,1,2,0,3,14,5,0,0,0,23,200,1,21,0,0,0,0,200,200
319945,1,30,1,2,0,3,14,5,0,0,0,23,200,0,20,0,200,200,200,200,200
319945,1,30,1,2,0,3,14,5,0,0,0,23,200,0,22,0,200,200,200,200,200
319951,0,25,0,0,0,3,2,5,0,0,0,0,19,1,200,200,200,200,200,200,200
319957,0,40,0,0,0,3,10,3,0,0,0,18,18,0,29,0,3,0,0,200,200
319957,0,40,0,0,0,3,10,3,0,0,0,18,18,0,19,0,0,0,0,200,200
319959,0,35,2,2,0,0,12,6,0,0,0,0,0,0,200,200,0,200,200,200,200
319959,0,35,2,2,0,0,12,6,0,0,0,0,0,0,28,0,0,0,0,200,200
319961,0,30,0,0,0,3,7,5,0,0,0,0,200,2,200,200,200,200,200,200,200
319963,0,20,2,2,0,3,7,5,0,0,0,20,0,0,200,200,6,200,200,200,200
319965,0,30,1,200,0,3,10,5,0,0,0,12,18,0,55,200,3,200,0,200,200
319965,0,30,1,200,0,3,10,5,0,0,0,12,18,1,23,200,200,200,0,200,200
319966,0,30,0,0,0,3,10,5,0,0,0,18,200,0,21,200,3,0,0,200,200
319966,0,30,0,0,0,3,10,5,0,0,0,18,200,2,200,200,12,200,200,200,200
319967,0,30,1,2,0,3,14,6,0,0,0,23,200,0,36,0,7,0,0,200,200
319967,0,30,1,2,0,3,14,6,0,0,0,23,200,1,27,0,0,0,0,200,200
319967,1,30,1,2,0,3,14,6,0,0,0,23,200,0,30,0,200,200,200,200,200
319967,1,30,1,2,0,3,14,6,0,0,0,23,200,1,33,0,200,200,200,200,200
319972,0,30,1,2,0,1,7,6,0,0,0,0,0,2,200,200,200,200,200,200,200
319977,0,30,0,0,0,3,9,5,0,0,200,17,0,0,18,0,1,0,0,200,200
319977,5,30,0,0,0,3,9,5,0,0,200,17,0,1,200,7,0,200,200,200,200
319980,4,35,1,2,0,0,8,2,0,0,0,6,23,0,20,7,5,0,0,200,200
319980,0,35,1,2,0,0,8,2,0,0,0,6,23,0,54,200,0,0,0,200,200
319983,0,30,0,0,0,3,10,2,0,0,0,18,200,2,200,200,3,200,200,200,200
319983,0,30,0,0,0,3,10,2,0,0,0,18,200,1,38,200,0,0,0,200,200
319983,1,30,0,0,0,3,10,2,0,0,0,18,200,0,32,200,200,200,200,200,200
319983,1,30,0,0,0,3,10,2,0,0,0,18,200,0,48,200,200,200,200,200,200
319988,0,30,1,2,0,3,14,5,0,0,0,0,200,0,23,200,200,0,0,200,200
319988,0,30,1,2,0,3,14,5,0,0,0,0,200,1,26,200,200,0,0,200,200
319988,1,30,1,2,0,3,14,5,0,0,0,0,200,0,200,200,200,200,200,200,200
319988,1,30,1,2,0,3,14,5,0,0,0,0,200,0,200,200,200,200,200,200,200
319994,0,30,0,0,0,3,10,5,0,0,200,18,200,1,37,0,3,200,0,200,200
319994,0,30,0,0,0,3,10,5,0,0,200,18,200,1,45,200,0,200,0,200,200
319994,0,30,0,0,0,3,10,5,0,0,200,18,200,0,40,200,0,200,0,200,200
319994,1,30,0,0,0,3,10,5,0,0,200,18,200,2,200,200,200,200,200,200,200
319994,1,30,0,0,0,3,10,5,0,0,200,18,200,200,200,200,200,200,200,200,200
319994,1,30,0,0,0,3,10,5,0,0,200,18,200,200,200,200,200,200,200,200,200
320001,0,30,0,0,0,3,7,6,0,0,0,19,200,1,26,0,0,0,3,200,200
320002,0,30,0,0,0,3,7,6,0,0,200,0,0,2,200,200,200,200,200,200,200
320006,0,30,1,2,0,3,4,5,0,0,0,17,0,0,30,0,1,200,0,200,200
320006,0,30,1,2,0,3,4,5,0,0,0,17,0,0,41,200,0,200,0,200,200
320006,1,30,1,2,0,3,4,5,0,0,0,17,0,0,27,0,200,200,200,200,200
320009,0,30,200,200,0,3,12,5,0,0,0,0,200,2,200,200,2,200,200,200,200
320009,0,30,200,200,0,3,12,5,0,0,0,0,200,0,35,200,0,0,0,200,200
320011,0,35,1,2,0,3,11,5,0,0,0,0,0,0,200,200,1,200,200,200,200
320011,0,35,1,2,0,3,11,5,0,0,0,0,0,0,56,0,0,0,0,200,200
320014,0,30,1,200,0,3,10,3,0,0,200,18,22,2,200,200,3,200,200,200,200
320014,0,30,1,200,0,3,10,3,0,0,200,18,22,1,26,200,200,0,0,200,200
320014,1,30,1,200,0,3,10,3,0,0,200,18,22,1,56,200,200,200,200,200,200
320020,0,30,0,0,0,3,12,5,0,0,0,22,0,1,19,200,2,0,200,200,200
320020,0,30,0,0,0,3,12,5,0,0,0,22,0,0,21,200,0,0,200,200,200
320020,1,30,0,0,0,3,12,5,0,0,0,22,0,0,19,200,200,200,200,200,200
320020,1,30,0,0,0,3,12,5,0,0,0,22,0,1,19,200,200,200,200,200,200
320020,1,30,0,0,0,3,12,5,0,0,0,22,0,1,19,200,200,200,200,200,200
320020,1,30,0,0,0,3,12,5,0,0,0,22,0,1,20,200,200,200,200,200,200
320025,0,5,200,200,0,0,7,7,0,0,200,0,0,1,25,200,6,200,0,200,200
320027,0,35,0,0,0,3,14,3,0,0,200,17,200,0,51,200,1,0,200,200,200
320027,0,35,0,0,0,3,14,3,0,0,200,17,200,0,31,200,200,0,7,200,200
320030,0,30,0,0,0,0,11,7,0,0,0,0,0,0,30,0,6,0,0,200,200
320030,0,30,0,0,0,0,11,7,0,0,0,0,0,0,28,0,0,0,0,200,200
320035,0,30,0,0,0,3,12,5,0,0,0,16,200,1,33,200,8,0,0,200,200
320035,0,30,0,0,0,3,12,5,0,0,0,16,200,1,27,200,12,0,0,200,200
320035,1,30,0,0,0,3,12,5,0,0,0,16,200,0,41,200,200,200,200,200,200
320035,1,30,0,0,0,3,12,5,0,0,0,16,200,0,35,200,200,200,200,200,200
320035,1,30,0,0,0,3,12,5,0,0,0,16,200,0,200,200,200,200,200,200,200
320043,0,30,0,0,0,3,7,5,0,0,0,18,200,1,55,0,3,0,0,200,200
320044,0,30,0,0,0,3,7,5,0,0,200,16,11,1,21,200,200,0,200,200,200
320059,0,30,0,0,0,3,7,5,0,0,0,0,0,2,200,200,200,200,200,200,200
320062,0,30,0,2,0,3,12,1,0,0,0,0,200,0,26,200,200,200,200,200,200
320062,0,30,0,2,0,3,12,1,0,0,0,0,200,0,23,7,200,0,0,200,200
320066,0,25,0,0,0,3,10,5,0,0,0,18,11,2,200,200,200,200,200,200,200
320066,0,25,0,0,0,3,10,5,0,0,0,18,11,0,27,0,0,0,0,200,200
320068,0,30,0,0,0,3,7,5,0,0,0,11,0,0,35,200,200,200,2,200,200
320076,0,30,0,0,0,3,10,5,0,0,0,14,16,0,37,0,1,0,0,200,200
320076,0,30,0,0,0,3,10,5,0,0,0,14,16,0,200,0,14,0,0,200,200
320076,1,30,0,0,0,3,10,5,0,0,0,14,16,1,200,0,200,200,200,200,200
320086,0,30,1,2,0,3,14,1,0,0,0,12,200,0,30,200,12,0,0,200,200
320086,0,30,1,2,0,3,14,1,0,0,0,12,200,1,26,200,7,0,0,200,200
320091,0,20,0,0,0,3,2,6,0,0,0,0,0,1,30,0,200,0,0,200,200
320091,1,20,0,0,0,3,2,6,0,0,0,0,0,0,200,0,200,200,200,200,200
320097,0,30,0,0,0,3,7,5,0,0,0,0,0,2,200,200,200,200,200,200,200
320116,0,30,0,0,0,3,7,5,0,0,0,2,0,0,31,200,15,200,0,200,1
320118,0,20,0,0,0,3,7,6,0,0,0,12,200,1,43,0,12,0,200,200,200
320119,0,20,0,0,0,0,7,5,0,0,0,25,0,2,200,200,12,200,200,200,200
320125,0,30,2,2,0,3,14,6,0,0,0,10,200,0,23,200,7,0,0,200,200
320125,0,30,2,2,0,3,14,6,0,0,0,10,200,0,22,0,0,0,0,200,200
320125,1,30,2,2,0,3,14,6,0,0,0,10,200,1,21,200,200,200,200,200,200
320125,1,30,2,2,0,3,14,6,0,0,0,10,200,1,24,200,200,200,200,200,200
320127,0,30,1,2,0,3,2,3,3,0,0,15,11,0,19,0,8,0,0,200,200
320128,0,30,1,2,0,3,12,12,0,0,200,0,0,0,40,200,200,200,0,200,200
320128,0,30,1,2,0,3,12,12,0,0,200,0,0,0,52,200,200,200,0,200,200
320129,0,30,0,0,0,3,2,5,0,0,0,22,21,2,200,200,4,200,200,200,200
320129,0,30,0,0,0,3,2,5,0,0,0,22,21,0,31,200,0,0,0,200,200
320133,0,30,0,0,0,3,2,6,0,0,0,16,200,0,30,0,10,0,0,200,200
320140,0,25,0,0,0,3,7,6,0,0,0,0,200,2,200,200,200,200,200,200,200
320140,1,25,0,0,0,3,7,6,0,0,0,0,200,2,200,200,200,200,200,200,200
320142,0,35,0,0,0,3,10,3,0,0,0,17,200,0,23,200,200,200,200,200,200
320142,0,35,0,0,0,3,10,3,0,0,0,17,200,1,33,3,12,0,0,200,200
320148,0,25,0,0,0,3,7,6,0,0,0,0,200,2,200,200,200,200,200,200,200
320149,0,10,0,0,0,0,7,7,0,0,0,0,0,2,200,200,200,200,200,200,200
320150,0,30,0,0,1,3,7,5,0,0,200,0,14,2,200,200,12,200,200,200,200
320151,0,30,1,2,0,3,2,5,0,0,0,32,200,0,36,200,8,200,3,0.03,200
320153,0,30,0,0,0,4,7,2,0,0,0,14,200,2,200,200,200,200,200,200,200
320159,0,35,2,200,0,3,7,6,0,0,0,12,200,1,22,200,12,0,0,200,200
320159,1,35,2,200,0,3,7,6,0,0,0,12,200,1,46,200,200,200,200,200,200
320165,0,25,1,2,0,3,12,5,0,0,200,22,200,0,24,200,2,200,200,200,200
320165,0,25,1,2,0,3,12,5,0,0,200,22,200,0,24,200,0,200,200,200,200
320165,1,25,1,2,0,3,12,5,0,0,200,22,200,0,26,0,200,200,200,200,200
320165,1,25,1,2,0,3,12,5,0,0,200,22,200,1,24,200,200,200,200,200,200
320170,0,30,0,0,0,3,2,6,0,0,0,0,0,0,38,0,6,200,200,200,200
320171,0,25,0,0,0,3,2,5,0,0,0,27,10,1,22,0,9,0,2,200,200
320181,0,25,0,0,0,2,7,6,0,0,0,0,0,2,200,200,200,200,200,200,200
320182,0,30,0,0,0,2,7,3,0,0,0,200,200,2,200,200,200,200,200,200,200
320183,0,30,0,0,0,2,7,2,0,0,0,12,16,1,29,200,8,0,0,200,200
320184,0,20,0,0,0,200,7,6,0,0,0,0,200,2,200,200,200,200,200,200,200
320187,0,30,1,2,0,0,10,3,0,0,0,0,200,0,26,200,200,0,0,200,200
320187,0,30,1,2,0,0,10,3,0,0,0,0,200,0,22,200,200,0,0,200,200
320187,0,30,1,2,0,0,10,3,0,0,0,0,200,0,29,200,200,0,0,200,200
320192,0,30,1,2,0,1,14,2,0,0,0,6,200,0,200,200,5,200,200,200,200
320192,0,30,1,2,0,1,14,2,0,0,0,6,200,0,32,0,200,200,0,200,200
320192,1,30,1,2,0,1,14,2,0,0,0,6,200,1,31,0,200,200,200,200,200
320192,1,30,1,2,0,1,14,2,0,0,0,6,200,1,27,0,200,200,200,200,200
320192,1,30,1,2,0,1,14,2,0,0,0,6,200,0,200,0,200,200,200,200,200
320192,1,30,1,2,0,1,14,2,0,0,0,6,200,1,27,0,200,200,200,200,200