RD_NO,PERSON_TYPE,POSTED_SPEED_LIMIT,TRAFFIC_CONTROL_DEVICE,DEVICE_CONDITION,WEATHER_CONDITION,LIGHTING_CONDITION,FIRST_CRASH_TYPE,TRAFFICWAY_TYPE,ALIGNMENT,ROADWAY_SURFACE_COND,ROAD_DEFECT,PRIM_CONTRIBUTORY_CAUSE,SEC_CONTRIBUTORY_CAUSE,SEX,AGE,SAFETY_EQUIPMENT,DRIVER_ACTION,DRIVER_VISION,PHYSICAL_CONDITION,BAC_RESULT VALUE,CELL_PHONE_USE
320753,1,30,1,2,0,1,0,3,0,0,0,0,200,0,19,0,200,200,200,200,200
320753,1,30,1,2,0,1,0,3,0,0,0,0,200,1,18,0,200,200,200,200,200
320753,1,30,1,2,0,1,0,3,0,0,0,0,200,1,19,1,200,200,200,200,200
320753,1,30,1,2,0,1,0,3,0,0,0,0,200,1,23,1,200,200,200,200,200
320757,0,35,0,0,0,1,2,2,0,0,0,14,21,0,39,7,13,0,0,200,200
320759,0,30,0,0,0,1,14,5,0,0,0,33,200,1,68,0,7,5,0,200,200
320759,0,30,0,0,0,1,14,5,0,0,0,33,200,0,30,0,0,0,0,200,200
320759,1,30,0,0,0,1,14,5,0,0,0,33,200,1,58,0,200,200,200,200,200
320759,1,30,0,0,0,1,14,5,0,0,0,33,200,1,76,0,200,200,200,200,200
320765,0,0,200,200,0,1,7,6,0,0,0,0,0,1,29,200,10,0,0,200,200
320773,0,30,0,0,0,1,7,5,0,200,200,20,20,0,26,0,6,200,0,200,200
320773,1,30,0,0,0,1,7,5,0,200,200,20,20,0,20,200,200,200,200,200,200
320774,0,30,0,0,0,1,10,7,0,0,0,20,11,1,200,200,6,200,200,200,200
320774,0,30,0,0,0,1,10,7,0,0,0,20,11,1,66,0,0,0,0,200,200
320774,1,30,0,0,0,1,10,7,0,0,0,20,11,1,200,200,200,200,200,200,200
320777,0,30,1,2,0,1,0,3,0,0,0,6,200,1,22,0,5,200,200,200,200
320777,0,30,1,2,0,1,0,3,0,0,0,6,200,1,31,0,0,0,0,200,200
320778,0,30,0,0,0,1,10,2,0,0,0,20,20,1,37,200,6,200,200,200,200
320778,0,30,0,0,0,1,10,2,0,0,0,20,20,1,43,200,0,200,200,200,200
320778,1,30,0,0,0,1,10,2,0,0,0,20,20,1,200,200,200,200,200,200,200
320778,1,30,0,0,0,1,10,2,0,0,0,20,20,1,36,200,200,200,200,200,200
320779,0,30,0,0,0,1,7,6,0,0,0,0,200,0,60,200,12,0,0,200,200
320781,0,30,1,2,0,1,14,3,0,0,0,23,17,0,34,200,1,0,0,200,200
320781,0,30,1,2,0,1,14,3,0,0,0,23,17,0,32,200,0,0,0,200,200
320782,0,30,0,0,0,1,10,6,0,0,0,18,200,1,200,200,3,200,200,200,200
320782,0,30,0,0,0,1,10,6,0,0,0,18,200,1,47,0,0,0,0,200,200
320782,1,30,0,0,0,1,10,6,0,0,0,18,200,1,46,0,200,200,200,200,200
320785,0,30,0,0,0,1,7,6,0,0,0,200,200,1,200,200,0,200,200,200,200
320786,0,20,2,0,0,1,7,5,0,0,200,0,0,2,200,200,200,200,200,200,200
320794,4,30,0,0,0,1,8,5,0,0,0,17,11,0,13,2,1,0,0,200,200
320794,0,30,0,0,0,1,8,5,0,0,0,17,11,0,26,0,0,0,0,200,200
320794,1,30,0,0,0,1,8,5,0,0,0,17,11,1,18,0,200,200,200,200,200
320796,0,5,0,0,0,1,10,7,0,0,0,0,0,0,73,200,200,200,200,200,200
320796,0,5,0,0,0,1,10,7,0,0,0,0,0,1,52,200,200,200,200,200,200
320797,0,30,0,0,0,1,7,7,0,0,0,0,0,2,200,200,200,200,200,200,200
320801,0,30,2,2,0,1,9,12,0,0,0,0,0,1,200,200,200,200,200,200,200
320801,5,30,2,2,0,1,9,12,0,0,0,0,0,1,20,7,12,0,0,200,200
320801,1,30,2,2,0,1,9,12,0,0,0,0,0,1,200,200,200,200,200,200,200
320801,1,30,2,2,0,1,9,12,0,0,0,0,0,0,200,200,200,200,200,200,200
320803,0,15,0,0,0,1,5,0,0,0,0,33,200,1,29,0,14,12,0,200,200
320803,1,15,0,0,0,1,5,0,0,0,0,33,200,0,28,0,200,200,200,200,200
320807,0,15,0,0,0,1,7,7,0,0,0,20,16,1,37,0,6,0,0,200,200
320808,0,30,200,200,0,1,10,200,0,200,200,27,200,0,37,200,12,200,4,200,200
320808,0,30,200,200,0,1,10,200,0,200,200,27,200,1,200,200,0,200,200,200,200
320810,0,30,0,0,0,1,14,5,0,0,0,0,0,1,50,0,12,0,0,200,200
320810,0,30,0,0,0,1,14,5,0,0,0,0,0,0,53,0,0,0,0,200,200
320822,0,30,0,0,0,1,7,6,0,200,200,0,0,2,200,200,200,200,200,200,200
320825,0,30,0,0,0,1,10,5,0,0,0,16,11,0,19,3,1,0,0,200,200
320825,0,30,0,0,0,1,10,5,0,0,0,16,11,0,53,200,0,0,0,200,200
320840,0,30,0,0,200,200,7,2,0,200,0,0,200,2,200,200,200,200,200,200,200
320842,0,30,1,2,0,1,10,6,0,0,0,0,200,0,200,200,200,200,0,200,200
320842,0,30,1,2,0,1,10,6,0,0,0,0,200,1,200,200,0,200,0,200,200
320842,0,30,1,2,0,1,10,6,0,0,0,0,200,0,200,200,0,200,0,200,200
320842,1,30,1,2,0,1,10,6,0,0,0,0,200,1,200,200,200,200,200,200,200
320842,1,30,1,2,0,1,10,6,0,0,0,0,200,200,200,200,200,200,200,200,200
320845,0,30,0,0,0,1,0,2,0,0,0,0,0,0,25,0,0,0,0,200,200
320845,0,30,0,0,0,1,0,2,0,0,0,0,0,1,35,0,0,0,0,200,200
320848,0,30,0,0,0,1,12,2,0,0,0,16,17,2,200,200,4,200,200,200,200
320848,0,30,0,0,0,1,12,2,0,0,0,16,17,0,34,0,12,200,0,200,200
320851,0,30,1,2,0,1,0,5,0,200,200,17,6,0,39,0,1,200,200,200,200
320851,0,30,1,2,0,1,0,5,0,200,200,17,6,1,30,0,12,200,0,200,200
320854,0,35,1,200,200,1,0,12,0,200,200,0,0,1,200,200,200,200,200,200,200
320854,0,35,1,200,200,1,0,12,0,200,200,0,0,0,46,200,0,200,0,200,200
320856,0,30,0,0,0,1,10,5,0,0,0,18,18,0,24,0,3,0,0,200,200
320856,0,30,0,0,0,1,10,5,0,0,0,18,18,0,44,0,0,0,0,200,200
320856,1,30,0,0,0,1,10,5,0,0,0,18,18,0,6,0,200,200,200,200,200
320856,1,30,0,0,0,1,10,5,0,0,0,18,18,1,8,0,200,200,200,200,200
320860,0,30,0,0,0,1,7,3,2,0,0,0,0,2,200,200,200,200,200,200,200
320862,0,35,1,2,0,1,14,6,0,0,0,23,21,0,35,200,7,0,0,200,200
320862,0,35,1,2,0,1,14,6,0,0,0,23,21,0,49,0,0,0,0,200,200
320862,1,35,1,2,0,1,14,6,0,0,0,23,21,1,44,0,200,200,200,200,200
320862,1,35,1,2,0,1,14,6,0,0,0,23,21,0,12,0,200,200,200,200,200
320862,1,35,1,2,0,1,14,6,0,0,0,23,21,0,14,0,200,200,200,200,200
320865,0,30,0,0,0,1,12,5,0,0,0,17,200,1,44,0,4,0,0,200,200
320865,0,30,0,0,0,1,12,5,0,0,0,17,200,0,37,0,0,0,0,200,200
320869,0,5,0,0,0,1,7,0,0,0,0,0,200,0,200,0,6,0,0,200,200
320872,0,45,0,0,0,1,10,3,0,0,0,12,200,1,200,200,12,200,7,200,200
320872,0,45,0,0,0,1,10,3,0,0,0,12,200,0,200,0,0,0,0,200,200
320872,0,45,0,0,0,1,10,3,0,0,0,12,200,0,200,0,0,0,0,200,200
320874,0,15,2,200,0,1,0,5,0,0,200,5,0,0,200,200,5,200,200,200,200
320874,0,15,2,200,0,1,0,5,0,0,200,5,0,1,35,200,200,200,200,200,200
320876,0,20,0,0,0,1,7,5,0,0,0,19,0,0,34,200,12,0,5,200,200
320876,5,20,0,0,0,1,7,5,0,0,0,19,0,0,28,7,12,0,0,200,200
320876,1,20,0,0,0,1,7,5,0,0,0,19,0,0,200,200,200,200,200,200,200
320883,0,30,0,0,0,3,10,2,0,0,0,200,200,2,200,200,200,200,200,200,200
320883,0,30,0,0,0,3,10,2,0,0,0,200,200,0,200,0,0,0,0,200,200
320883,1,30,0,0,0,3,10,2,0,0,0,200,200,0,200,0,200,200,200,200,200
320888,0,30,0,0,0,1,7,5,0,0,0,0,0,2,200,200,200,200,200,200,200
320896,0,30,0,0,0,1,12,5,0,0,200,17,0,0,31,0,1,0,0,200,200
320896,0,30,0,0,0,1,12,5,0,0,200,17,0,1,22,0,0,0,0,200,200
320896,1,30,0,0,0,1,12,5,0,0,200,17,0,1,19,0,200,200,200,200,200
320896,1,30,0,0,0,1,12,5,0,0,200,17,0,1,22,0,200,200,200,200,200
320900,0,30,1,2,0,1,0,5,0,0,0,16,6,1,27,0,1,0,0,200,200
320900,0,30,1,2,0,1,0,5,0,0,0,16,6,1,22,0,0,0,0,200,200
320900,1,30,1,2,0,1,0,5,0,0,0,16,6,1,53,0,200,200,200,200,200
320900,1,30,1,2,0,1,0,5,0,0,0,16,6,1,28,0,200,200,200,200,200
320900,1,30,1,2,0,1,0,5,0,0,0,16,6,1,62,0,200,200,200,200,200
320900,1,30,1,2,0,1,0,5,0,0,0,16,6,1,14,0,200,200,200,200,200
320902,0,30,0,0,0,1,12,3,0,0,0,0,0,0,200,0,200,0,0,200,200
320902,0,30,0,0,0,1,12,3,0,0,0,0,0,0,200,0,200,0,0,200,200
320905,0,30,1,2,0,1,10,2,0,0,0,0,200,1,200,200,200,200,200,200,200
320905,0,30,1,2,0,1,10,2,0,0,0,0,200,1,42,0,0,0,0,200,200
320915,0,30,0,0,0,1,10,5,0,0,0,21,0,1,32,0,3,0,0,200,200
320915,0,30,0,0,0,1,10,5,0,0,0,21,0,0,49,7,0,0,0,200,200
320915,1,30,0,0,0,1,10,5,0,0,0,21,0,1,200,0,200,200,200,200,200
320915,1,30,0,0,0,1,10,5,0,0,0,21,0,0,200,0,200,200,200,200,200
320915,1,30,0,0,0,1,10,5,0,0,0,21,0,1,200,0,200,200,200,200,200
320927,5,30,1,2,0,1,9,5,0,0,0,17,200,0,63,7,0,0,7,200,200
320927,0,30,1,2,0,1,9,5,0,0,0,17,200,0,17,200,1,0,0,200,200
320929,0,30,0,0,0,1,7,6,0,0,0,0,200,0,200,200,12,200,200,200,200
320929,1,30,0,0,0,1,7,6,0,0,0,0,200,0,63,200,200,200,200,200,200
320929,1,30,0,0,0,1,7,6,0,0,0,0,200,1,48,200,200,200,200,200,200
320930,0,30,0,0,0,1,2,5,0,0,0,0,0,1,32,200,200,0,12,200,200
320930,1,30,0,0,0,1,2,5,0,0,0,0,0,200,200,200,200,200,200,200,200
320932,0,30,0,0,0,1,12,6,0,0,0,22,200,1,42,0,12,0,0,200,200
320932,0,30,0,0,0,1,12,6,0,0,0,22,200,1,36,0,0,0,0,200,200
320938,0,30,2,2,0,1,0,5,0,0,0,33,200,1,37,0,1,6,0,200,200
320938,0,30,2,2,0,1,0,5,0,0,0,33,200,0,24,0,0,0,0,200,200
320938,1,30,2,2,0,1,0,5,0,0,0,33,200,0,37,0,200,200,200,200,200
320939,0,30,0,0,0,1,10,3,0,0,0,18,0,0,52,200,3,0,0,200,200
320939,0,30,0,0,0,1,10,3,0,0,0,18,0,0,36,0,0,0,0,200,200
320951,0,30,0,0,0,1,14,5,0,0,0,0,0,0,200,200,1,200,200,200,200
320951,0,30,0,0,0,1,14,5,0,0,0,0,0,1,30,0,0,0,0,200,200
320954,0,30,0,0,0,1,7,6,0,0,0,0,200,0,56,0,0,0,0,200,200
320954,1,30,0,0,0,1,7,6,0,0,0,0,200,1,54,0,200,200,200,200,200
320973,0,30,1,2,0,1,12,5,0,0,0,0,0,0,26,200,200,200,200,200,200
320973,0,30,1,2,0,1,12,5,0,0,0,0,0,0,29,0,0,0,0,200,200
320979,0,30,1,2,0,1,9,6,0,0,0,17,2,1,18,200,1,0,0,200,200
320979,5,30,1,2,0,1,9,6,0,0,0,17,2,1,32,7,15,200,0,200,1
320998,0,30,1,2,0,1,10,12,0,0,200,18,200,0,33,0,3,200,0,200,200
320998,0,30,1,2,0,1,10,12,0,0,200,18,200,0,55,0,12,200,0,200,200
321002,0,30,1,2,0,4,10,5,0,0,0,18,16,0,34,200,3,200,0,200,200
321002,0,30,1,2,0,4,10,5,0,0,0,18,16,1,31,0,0,0,0,200,200
321009,0,30,200,200,0,1,12,1,0,0,200,0,0,1,21,200,200,200,0,200,200
321009,0,30,200,200,0,1,12,1,0,0,200,0,0,0,26,200,200,200,0,200,200
321010,0,10,0,0,200,200,7,0,2,200,200,0,0,2,200,200,200,200,200,200,200
321011,0,30,0,0,0,1,12,6,0,0,0,0,0,0,30,200,200,200,200,200,200
321011,0,30,0,0,0,1,12,6,0,0,0,0,0,1,24,0,0,0,0,200,200
321011,1,30,0,0,0,1,12,6,0,0,0,0,0,1,200,200,200,200,200,200,200
321011,1,30,0,0,0,1,12,6,0,0,0,0,0,0,63,0,200,200,200,200,200
321013,0,30,1,2,0,1,5,5,0,0,0,11,11,0,17,200,200,200,200,200,200
321016,0,35,1,2,0,1,10,5,0,0,0,32,18,0,32,0,1,200,5,200,200
321016,0,35,1,2,0,1,10,5,0,0,0,32,18,1,25,200,0,0,0,200,200
321016,0,35,1,2,0,1,10,5,0,0,0,32,18,1,31,200,0,0,0,200,200
321016,1,35,1,2,0,1,10,5,0,0,0,32,18,1,9,200,200,200,200,200,200
321016,1,35,1,2,0,1,10,5,0,0,0,32,18,1,5,200,200,200,200,200,200
321016,1,35,1,2,0,1,10,5,0,0,0,32,18,1,12,200,200,200,200,200,200
321016,1,35,1,2,0,1,10,5,0,0,0,32,18,1,9,200,200,200,200,200,200
321016,1,35,1,2,0,1,10,5,0,0,0,32,18,0,34,200,200,200,200,200,200
321016,1,35,1,2,0,1,10,5,0,0,0,32,18,1,27,200,200,200,200,200,200
321016,1,35,1,2,0,1,10,5,0,0,0,32,18,1,27,200,200,200,200,200,200
321016,1,35,1,2,0,1,10,5,0,0,0,32,18,1,25,200,200,200,200,200,200
321016,1,35,1,2,0,1,10,5,0,0,0,32,18,1,25,200,200,200,200,200,200
321021,0,30,0,3,0,1,14,5,0,0,0,0,0,0,33,0,1,0,0,200,200
321021,0,30,0,3,0,1,14,5,0,0,0,0,0,1,38,0,0,0,0,200,200
321030,0,30,2,2,0,1,10,5,0,0,0,0,200,0,25,3,200,0,0,200,200
321030,0,30,2,2,0,1,10,5,0,0,0,0,200,0,26,3,0,3,0,200,200
321035,0,30,1,2,0,1,10,3,0,0,0,16,200,0,23,200,12,0,0,200,200
321035,0,30,1,2,0,1,10,3,0,0,0,16,200,0,38,2,0,0,0,200,200
321037,0,30,1,2,0,2,11,5,0,0,0,0,0,2,200,200,200,200,200,200,200
321037,0,30,1,2,0,2,11,5,0,0,0,0,0,0,36,0,0,0,0,200,200
321038,0,30,0,0,0,1,12,5,0,0,0,11,0,1,200,0,7,0,0,200,200
321038,0,30,0,0,0,1,12,5,0,0,0,11,0,0,200,0,12,0,0,200,200
321038,1,30,0,0,0,1,12,5,0,0,0,11,0,0,200,0,200,200,200,200,200
321041,0,5,0,0,200,200,2,12,0,200,200,200,200,0,38,200,200,200,0,200,200
321041,0,5,0,0,200,200,2,12,0,200,200,200,200,1,47,200,0,200,0,200,200
321047,0,35,1,2,2,3,10,6,0,1,3,0,0,0,52,200,200,200,200,200,200
321047,0,35,1,2,2,3,10,6,0,1,3,0,0,1,46,0,200,200,0,200,200
321052,0,15,0,0,0,1,12,6,0,0,0,22,0,0,200,200,2,200,200,200,200
321052,0,15,0,0,0,1,12,6,0,0,0,22,0,1,38,0,0,0,0,200,200
321055,0,30,0,0,0,1,7,6,0,0,0,0,200,2,200,200,200,200,200,200,200
321059,0,30,1,2,0,1,14,5,0,0,0,6,17,0,200,200,5,200,200,200,200
321059,0,30,1,2,0,1,14,5,0,0,0,6,17,0,43,0,0,0,0,200,200
321059,1,30,1,2,0,1,14,5,0,0,0,6,17,0,200,0,200,200,200,200,200
321072,0,30,0,0,0,1,14,2,0,0,0,23,0,2,200,200,7,200,200,200,200
321072,0,30,0,0,0,1,14,2,0,0,0,23,0,0,53,0,0,0,0,200,200
321075,0,35,1,2,0,1,10,5,0,0,0,20,8,0,48,0,6,0,0,200,200
321075,0,35,1,2,0,1,10,5,0,0,0,20,8,0,62,0,0,0,0,200,200
321076,0,30,2,2,0,1,14,5,0,0,0,20,0,0,200,200,6,200,200,200,200
321076,0,30,2,2,0,1,14,5,0,0,0,20,0,1,78,0,0,0,0,200,200
321076,1,30,2,2,0,1,14,5,0,0,0,20,0,1,19,0,200,200,200,200,200
321077,0,15,0,0,0,3,7,7,0,0,0,200,200,1,200,200,10,200,200,200,200
321081,0,30,0,0,0,1,0,5,0,0,0,0,200,1,21,0,0,0,0,200,200
321081,0,30,0,0,0,1,0,5,0,0,0,0,200,0,45,0,0,0,0,200,200
321081,1,30,0,0,0,1,0,5,0,0,0,0,200,0,22,0,200,200,200,200,200
321081,1,30,0,0,0,1,0,5,0,0,0,0,200,1,2,0,200,200,200,200,200
321081,1,30,0,0,0,1,0,5,0,0,0,0,200,1,18,0,200,200,200,200,200
321081,1,30,0,0,0,1,0,5,0,0,0,0,200,1,44,0,200,200,200,200,200
321081,1,30,0,0,0,1,0,5,0,0,0,0,200,1,15,0,200,200,200,200,200
321081,1,30,0,0,0,1,0,5,0,0,0,0,200,1,11,0,200,200,200,200,200
321081,1,30,0,0,0,1,0,5,0,0,0,0,200,0,16,0,200,200,200,200,200
321085,0,25,0,0,0,1,7,6,0,0,0,0,0,0,200,200,200,200,200,200,200
321090,0,40,0,0,0,4,12,3,0,0,0,25,200,2,200,200,4,200,200,200,200
321090,0,40,0,0,0,4,12,3,0,0,0,25,200,0,65,200,0,200,0,200,200
321101,0,25,0,0,0,1,10,5,0,0,0,18,0,0,200,200,3,200,200,200,200
321101,0,25,0,0,0,1,10,5,0,0,0,18,0,0,24,0,0,0,0,200,200
321104,0,25,0,0,0,3,10,6,0,0,0,20,0,0,200,200,6,200,200,200,200
321104,0,25,0,0,0,3,10,6,0,0,0,20,0,1,39,200,12,0,0,200,200
321104,1,25,0,0,0,3,10,6,0,0,0,20,0,1,200,200,200,200,200,200,200
321104,1,25,0,0,0,3,10,6,0,0,0,20,0,1,200,200,200,200,200,200,200
321106,0,30,2,2,0,3,10,2,0,0,0,18,200,0,17,0,3,0,0,200,200
321106,0,30,2,2,0,3,10,2,0,0,0,18,200,0,40,0,0,0,0,200,200
321123,0,30,0,0,0,3,11,5,0,0,200,14,14,2,200,200,8,200,200,200,200
321123,0,30,0,0,0,3,11,5,0,0,200,14,14,1,40,0,0,0,0,200,200
321123,1,30,0,0,0,3,11,5,0,0,200,14,14,0,200,0,200,200,200,200,200
321123,1,30,0,0,0,3,11,5,0,0,200,14,14,1,200,0,200,200,200,200,200
321123,1,30,0,0,0,3,11,5,0,0,200,14,14,1,200,0,200,200,200,200,200
321132,0,35,0,0,0,4,12,5,0,0,0,22,0,0,200,200,2,200,200,200,200
321132,0,35,0,0,0,4,12,5,0,0,0,22,0,1,27,0,0,0,0,200,200
321132,1,35,0,0,0,4,12,5,0,0,0,22,0,0,200,0,200,200,200,200,200
321133,0,30,0,0,0,3,7,5,0,0,0,0,200,0,22,200,200,200,200,200,200
321134,0,30,1,2,0,3,8,5,0,0,0,17,0,1,200,200,1,200,200,200,200
321134,4,30,1,2,0,3,8,5,0,0,0,17,0,0,60,200,12,0,0,200,200
321137,0,5,0,0,0,1,7,0,0,0,0,20,11,0,28,200,6,0,200,200,200
321139,0,35,1,2,0,3,10,3,0,0,0,18,200,0,200,200,3,200,200,200,200
321139,0,35,1,2,0,3,10,3,0,0,0,18,200,0,35,200,0,0,0,200,200
321141,0,30,2,2,0,4,0,5,0,0,0,17,200,0,68,200,0,200,0,200,200
321141,0,30,2,2,0,4,0,5,0,0,0,17,200,1,34,200,1,200,0,200,200
321146,0,30,0,0,0,3,10,2,0,0,0,7,200,1,32,0,12,0,0,200,200
321146,0,30,0,0,0,3,10,2,0,0,0,7,200,1,36,0,0,0,0,200,200
321149,0,30,2,0,0,1,14,5,0,0,0,17,200,1,26,200,1,200,200,200,200
321149,0,30,2,0,0,1,14,5,0,0,0,17,200,0,34,200,0,200,200,200,200
321152,0,20,0,0,6,0,7,6,0,0,0,0,200,2,200,200,0,200,200,200,200
321155,0,30,0,0,0,3,14,5,0,0,0,23,17,1,18,200,7,0,0,200,200
321155,0,30,0,0,0,3,14,5,0,0,0,23,17,0,33,0,0,0,0,200,200
321160,0,20,200,200,0,0,7,6,0,0,0,200,200,1,58,200,200,200,0,200,200
321161,0,30,1,2,0,3,10,2,0,0,0,18,200,0,30,200,3,0,0,200,200
321161,0,30,1,2,0,3,10,2,0,0,0,18,200,0,48,0,0,0,0,200,200
321171,0,30,2,2,0,3,14,5,0,0,0,17,200,1,200,200,1,200,200,200,200
321171,0,30,2,2,0,3,14,5,0,0,0,17,200,0,23,0,0,0,0,200,200
321173,0,30,1,2,0,1,14,5,0,0,0,17,11,0,66,200,1,200,200,200,200
321173,0,30,1,2,0,1,14,5,0,0,0,17,11,0,67,0,0,0,0,200,200
321185,0,30,0,0,0,1,10,3,0,0,0,18,200,1,18,0,3,0,0,200,200
321185,0,30,0,0,0,1,10,3,0,0,0,18,200,0,49,0,0,0,0,200,200
321186,0,30,0,0,0,3,7,6,0,0,0,10,200,2,200,200,9,200,200,200,200
321187,0,30,200,200,0,3,11,2,0,0,200,10,200,2,200,200,200,200,200,200,200
321187,0,30,200,200,0,3,11,2,0,0,200,10,200,0,52,200,200,0,0,200,200
321195,0,35,0,0,0,3,14,5,0,0,0,23,0,0,200,200,7,200,200,200,200
321195,0,35,0,0,0,3,14,5,0,0,0,23,0,0,26,0,0,0,0,200,200
321195,1,35,0,0,0,3,14,5,0,0,0,23,0,1,200,200,200,200,200,200,200
321197,0,20,0,0,0,3,7,6,0,0,0,0,200,2,200,200,200,200,200,200,200
321198,0,35,0,0,0,3,12,5,0,0,0,22,0,0,200,200,2,200,200,200,200
321198,0,35,0,0,0,3,12,5,0,0,0,22,0,1,28,0,0,0,0,200,200
321198,1,35,0,0,0,3,12,5,0,0,0,22,0,0,36,0,200,200,200,200,200
321200,0,30,0,2,0,3,7,7,0,0,0,0,0,0,200,200,6,200,200,200,200
321206,0,30,2,200,0,3,0,2,0,0,0,14,200,0,200,200,5,200,200,200,200
321206,0,30,2,200,0,3,0,2,0,0,0,14,200,0,55,7,0,0,0,200,200
321206,1,30,2,200,0,3,0,2,0,0,0,14,200,0,200,7,200,200,200,200,200
321206,1,30,2,200,0,3,0,2,0,0,0,14,200,0,200,7,200,200,200,200,200
321206,1,30,2,200,0,3,0,2,0,0,0,14,200,1,17,7,200,200,200,200,200
321207,0,30,1,200,0,3,8,5,0,0,0,0,200,0,200,200,200,200,200,200,200
321207,4,30,1,200,0,3,8,5,0,0,0,0,200,1,38,200,200,200,0,200,200
321207,1,30,1,200,0,3,8,5,0,0,0,0,200,1,200,200,200,200,200,200,200
321210,0,25,0,0,0,3,2,5,0,0,0,14,200,0,61,0,200,0,0,200,200
321215,0,30,0,0,0,3,7,5,0,0,0,16,25,2,200,200,200,200,200,200,200
321226,0,30,0,0,200,200,10,12,0,0,0,20,15,0,19,0,6,0,0,200,200
321226,0,30,0,0,200,200,10,12,0,0,0,20,15,0,0,0,12,200,0,200,200
321231,0,35,1,2,0,3,14,3,0,0,0,17,17,0,34,0,7,0,0,200,200
321231,0,35,1,2,0,3,14,3,0,0,0,17,17,0,65,0,0,0,0,200,200
321234,0,30,1,2,0,3,10,5,0,0,0,18,16,0,200,200,3,200,200,200,200
321234,0,30,1,2,0,3,10,5,0,0,0,18,16,0,59,0,0,0,0,200,200
321234,1,30,1,2,0,3,10,5,0,0,0,18,16,1,200,0,200,200,200,200,200
321243,0,30,1,2,0,3,14,12,0,0,2,28,0,1,60,200,7,200,200,200,200
321243,0,30,1,2,0,3,14,12,0,0,2,28,0,1,27,200,0,200,0,200,200
321256,0,30,1,200,0,3,14,2,0,0,0,21,200,1,200,200,4,200,200,200,200
321256,0,30,1,200,0,3,14,2,0,0,0,21,200,0,67,200,0,200,0,200,200
321256,1,30,1,200,0,3,14,2,0,0,0,21,200,1,200,200,200,200,200,200,200
321262,0,30,1,200,0,3,14,5,0,0,0,17,0,0,200,200,200,200,200,200,200
321262,0,30,1,200,0,3,14,5,0,0,0,17,0,0,61,200,200,200,0,200,200
321265,0,35,0,0,0,3,14,5,0,0,0,16,200,0,30,0,3,0,0,200,200
321265,0,35,0,0,0,3,14,5,0,0,0,16,200,1,36,0,0,0,0,200,200
321267,0,30,0,0,0,0,7,6,0,0,0,0,0,0,200,200,200,200,200,200,200
321269,0,30,1,200,0,3,12,5,0,0,0,0,200,0,19,200,200,200,0,200,200
321269,0,30,1,200,0,3,12,5,0,0,0,0,200,1,200,200,200,200,200,200,200
321270,0,30,1,2,0,3,14,5,0,0,0,23,17,2,200,200,1,200,200,200,200
321270,0,30,1,2,0,3,14,5,0,0,0,23,17,0,25,200,0,0,0,200,200
321274,0,35,1,2,0,3,12,5,0,0,0,21,200,0,200,200,4,200,200,200,200
321274,0,35,1,2,0,3,12,5,0,0,0,21,200,0,41,0,0,0,0,200,200
321278,0,30,1,2,0,3,12,8,0,0,0,21,200,0,28,0,0,0,0,200,200
321278,0,30,1,2,0,3,12,8,0,0,0,21,200,2,200,200,200,200,200,200,200
321279,0,30,1,2,0,0,9,5,0,0,0,17,200,1,200,200,1,200,200,200,200
321279,5,30,1,2,0,0,9,5,0,0,0,17,200,0,69,7,0,0,0,200,200
321289,0,30,1,2,0,0,10,5,0,0,0,0,0,2,200,200,0,200,200,200,200
321289,0,30,1,2,0,0,10,5,0,0,0,0,0,1,23,0,0,0,0,200,200
321296,0,30,0,0,0,0,14,5,0,0,0,17,200,1,22,0,1,0,0,200,200
321296,0,30,0,0,0,0,14,5,0,0,0,17,200,1,26,0,0,0,0,200,200
321298,0,30,1,2,0,3,14,12,0,0,0,21,22,2,200,200,7,200,200,200,200
321298,0,30,1,2,0,3,14,12,0,0,0,21,22,1,30,0,0,0,0,200,200
321322,0,30,1,2,0,3,0,6,0,0,0,6,200,0,21,0,5,0,0,200,200
321322,0,30,1,2,0,3,0,6,0,0,0,6,200,0,31,0,0,0,0,200,200
321325,0,30,1,2,0,3,12,5,0,0,0,0,0,0,200,200,200,200,200,200,200
321325,0,30,1,2,0,3,12,5,0,0,0,0,0,0,23,0,0,0,0,200,200
321330,0,30,2,0,0,0,0,5,0,0,0,5,200,0,23,200,1,0,0,200,200
321330,0,30,2,0,0,0,0,5,0,0,0,5,200,0,25,200,1,0,0,200,200
321332,0,30,12,12,0,0,14,5,0,0,0,22,200,1,36,0,2,0,0,200,200
321332,0,30,12,12,0,0,14,5,0,0,0,22,200,1,31,0,2,0,0,200,200
321332,1,30,12,12,0,0,14,5,0,0,0,22,200,1,42,0,200,200,200,200,200
321332,1,30,12,12,0,0,14,5,0,0,0,22,200,1,35,0,200,200,200,200,200
321332,1,30,12,12,0,0,14,5,0,0,0,22,200,1,28,0,200,200,200,200,200
321335,0,30,1,2,0,3,10,5,0,0,200,16,18,1,23,200,1,200,200,200,200
321335,0,30,1,2,0,3,10,5,0,0,200,16,18,0,57,200,0,0,0,200,200
321339,0,35,1,1,0,3,14,6,0,0,0,23,0,0,200,200,7,200,200,200,200