RD_NO,PERSON_TYPE,POSTED_SPEED_LIMIT,TRAFFIC_CONTROL_DEVICE,DEVICE_CONDITION,WEATHER_CONDITION,LIGHTING_CONDITION,FIRST_CRASH_TYPE,TRAFFICWAY_TYPE,ALIGNMENT,ROADWAY_SURFACE_COND,ROAD_DEFECT,PRIM_CONTRIBUTORY_CAUSE,SEC_CONTRIBUTORY_CAUSE,SEX,AGE,SAFETY_EQUIPMENT,DRIVER_ACTION,DRIVER_VISION,PHYSICAL_CONDITION,BAC_RESULT VALUE,CELL_PHONE_USE
321339,0,35,1,1,0,3,14,6,0,0,0,23,0,1,38,200,0,0,0,200,200
321339,1,35,1,1,0,3,14,6,0,0,0,23,0,0,37,200,200,200,200,200,200
321343,0,30,0,0,0,3,7,5,0,0,0,20,200,1,23,200,6,0,0,200,200
321343,1,30,0,0,0,3,7,5,0,0,0,20,200,1,23,200,200,200,200,200,200
321344,2,30,0,0,0,3,2,3,0,0,0,23,17,200,200,200,7,200,200,200,200
321344,0,30,0,0,0,3,2,3,0,0,0,23,17,0,0,200,0,0,0,200,200
321383,0,30,0,0,0,3,7,2,0,0,0,0,200,0,28,200,200,200,7,200,200
321384,0,30,0,0,0,3,7,5,0,0,0,14,22,0,34,200,8,0,0,200,200
321405,0,30,0,0,0,3,7,6,0,0,0,0,0,1,200,200,200,200,200,200,200
321405,1,30,0,0,0,3,7,6,0,0,0,0,0,0,29,200,200,200,200,200,200
321405,1,30,0,0,0,3,7,6,0,0,0,0,0,1,26,200,200,200,200,200,200
321411,0,10,0,0,0,3,2,0,0,0,0,11,200,0,29,0,6,12,0,200,200
321411,1,10,0,0,0,3,2,0,0,0,0,11,200,200,200,0,200,200,200,200,200
321428,0,30,0,0,0,0,7,6,0,0,0,0,0,2,200,200,200,200,200,200,200
321431,0,15,0,0,0,2,5,0,0,0,0,0,0,2,200,200,200,200,200,200,200
321439,0,30,0,0,0,1,7,5,0,0,200,0,200,0,42,0,200,200,0,200,200
321441,0,30,0,0,0,1,12,5,0,0,0,22,0,0,61,0,4,200,0,200,200
321441,0,30,0,0,0,1,12,5,0,0,0,22,0,1,22,0,0,200,0,200,200
321446,0,25,2,0,0,1,0,2,0,0,0,200,17,1,23,200,200,200,200,200,200
321446,0,25,2,0,0,1,0,2,0,0,0,200,17,0,65,0,200,0,0,200,200
321450,0,30,0,0,0,1,7,5,0,0,0,200,200,0,200,200,200,200,200,200,200
321484,0,2,0,0,0,1,7,7,0,0,0,20,20,2,200,200,6,200,200,200,200
321486,0,30,0,0,0,1,14,2,0,0,0,17,200,1,28,0,1,0,0,200,200
321486,0,30,0,0,0,1,14,2,0,0,0,17,200,0,59,0,0,0,0,200,200
321486,1,30,0,0,0,1,14,2,0,0,0,17,200,0,6,0,200,200,200,200,200
321487,0,30,0,0,0,1,2,3,0,0,0,21,0,1,51,0,0,0,0,200,200
321493,0,30,0,0,0,3,7,5,0,0,0,0,27,2,200,200,200,200,200,200,200
321497,0,45,0,0,0,1,2,2,0,0,0,200,200,0,33,0,12,0,0,200,200
321498,0,30,0,0,0,1,0,7,0,0,0,200,200,1,50,200,6,0,0,200,200
321498,0,30,0,0,0,1,0,7,0,0,0,200,200,1,25,200,200,0,0,200,200
321504,0,25,0,0,0,1,10,2,0,0,0,200,200,0,42,0,3,0,5,200,200
321504,0,25,0,0,0,1,10,2,0,0,0,200,200,1,38,0,0,0,0,200,200
321505,0,30,1,2,0,1,10,2,0,0,0,18,11,1,30,200,3,0,0,200,200
321505,0,30,1,2,0,1,10,2,0,0,0,18,11,0,27,200,0,0,0,200,200
321505,0,30,1,2,0,1,10,2,0,0,0,18,11,0,51,200,0,0,0,200,200
321505,0,30,1,2,0,1,10,2,0,0,0,18,11,1,29,200,0,0,0,200,200
321506,0,30,2,2,0,1,0,2,0,0,0,33,33,0,64,0,200,12,0,200,200
321506,0,30,2,2,0,1,0,2,0,0,0,33,33,0,44,0,0,0,0,200,200
321510,0,35,0,0,0,1,2,5,0,0,0,0,200,0,54,0,200,0,0,200,200
321516,0,30,1,2,0,3,12,2,0,0,0,0,200,0,19,200,200,0,0,200,200
321516,0,30,1,2,0,3,12,2,0,0,0,0,200,1,30,0,200,0,0,200,200
321516,1,30,1,2,0,3,12,2,0,0,0,0,200,1,200,200,200,200,200,200,200
321519,0,30,0,0,0,3,7,6,0,0,0,0,200,2,200,200,200,200,200,200,200
321523,0,30,0,0,0,1,10,3,0,0,0,0,200,0,200,200,200,200,200,200,200
321523,0,30,0,0,0,1,10,3,0,0,0,0,200,0,46,0,0,0,0,200,200
321524,0,30,1,2,0,1,2,2,0,0,0,23,16,0,51,0,7,0,0,200,200
321528,0,30,0,0,0,1,12,5,0,0,0,21,200,1,32,0,4,0,0,200,200
321528,0,30,0,0,0,1,12,5,0,0,0,21,200,1,52,0,0,0,0,200,200
321534,0,30,2,2,0,1,12,6,0,0,0,25,5,1,200,200,2,200,200,200,200
321534,0,30,2,2,0,1,12,6,0,0,0,25,5,0,32,0,0,0,0,200,200
321536,0,30,0,0,0,1,12,2,0,0,0,18,200,0,200,200,3,200,200,200,200
321536,0,30,0,0,0,1,12,2,0,0,0,18,200,1,44,0,0,0,0,200,200
321542,0,25,2,200,0,1,9,6,0,0,0,17,0,0,35,200,1,0,0,200,200
321542,5,25,2,200,0,1,9,6,0,0,0,17,0,1,67,200,200,200,200,200,200
321548,0,20,2,2,0,1,2,2,0,0,0,0,200,0,41,200,12,200,200,200,200
321561,0,30,2,2,0,1,8,12,0,0,0,17,23,0,22,0,1,0,0,200,200
321561,4,30,2,2,0,1,8,12,0,0,0,17,23,0,51,3,12,0,0,200,200
321564,0,30,2,2,0,1,10,3,0,0,0,0,200,1,25,200,3,200,0,200,200
321564,0,30,2,2,0,1,10,3,0,0,0,0,200,1,29,200,200,200,0,200,200
321564,0,30,2,2,0,1,10,3,0,0,0,0,200,0,28,200,0,200,0,200,200
321566,0,30,0,0,0,3,7,5,0,0,0,0,200,2,200,200,200,0,200,200,200
321568,0,35,1,2,0,1,10,5,0,0,0,0,0,1,34,0,0,0,0,200,200
321568,0,35,1,2,0,1,10,5,0,0,0,0,0,0,22,0,0,0,0,200,200
321569,0,30,0,0,0,1,12,5,0,0,2,200,200,0,42,0,200,0,0,200,200
321569,0,30,0,0,0,1,12,5,0,0,2,200,200,0,56,0,0,0,0,200,200
321575,0,25,0,0,0,0,10,5,0,0,0,0,0,0,19,200,200,200,200,200,200
321575,0,25,0,0,0,0,10,5,0,0,0,0,0,0,40,0,0,0,0,200,200
321575,0,25,0,0,0,0,10,5,0,0,0,0,0,1,200,200,200,200,200,200,200
321576,0,35,1,2,0,1,0,5,0,0,0,14,17,0,18,0,1,0,0,200,200
321576,0,35,1,2,0,1,0,5,0,0,0,14,17,1,68,0,0,0,0,200,200
321576,3,35,1,2,0,1,0,5,0,0,0,14,17,2,200,200,200,200,200,200,200
321580,0,30,1,2,0,1,10,2,0,0,0,0,0,0,39,0,200,0,0,200,200
321580,0,30,1,2,0,1,10,2,0,0,0,0,0,0,66,0,0,0,0,200,200
321583,0,30,0,0,0,1,10,5,0,0,0,16,17,0,54,200,1,200,200,200,200
321583,0,30,0,0,0,1,10,5,0,0,0,16,17,1,27,0,0,0,0,200,200
321585,0,30,0,0,0,1,10,5,0,0,0,18,0,1,45,0,3,200,0,200,200
321585,0,30,0,0,0,1,10,5,0,0,0,18,0,1,48,0,12,0,0,200,200
321593,0,15,0,0,0,1,7,2,0,2,12,20,200,0,63,7,6,12,0,200,200
321596,0,30,1,2,0,1,10,2,0,0,0,18,0,0,36,0,0,200,0,200,200
321596,1,30,1,2,0,1,10,2,0,0,0,18,0,0,200,0,200,200,200,200,200
321597,0,30,0,0,0,1,14,2,0,0,0,17,200,0,48,0,1,0,0,200,200
321597,0,30,0,0,0,1,14,2,0,0,0,17,200,1,38,0,0,0,0,200,200
321598,0,20,0,0,0,200,7,3,0,0,0,11,200,2,200,200,200,200,200,200,200
321607,1,30,1,2,0,1,10,2,0,0,0,20,16,2,200,7,200,200,200,200,200
321607,0,30,1,2,0,1,10,2,0,0,0,20,16,1,29,0,6,0,0,200,200
321607,0,30,1,2,0,1,10,2,0,0,0,20,16,1,41,0,0,0,0,200,200
321607,1,30,1,2,0,1,10,2,0,0,0,20,16,2,200,7,200,200,200,200,200
321607,1,30,1,2,0,1,10,2,0,0,0,20,16,2,200,200,200,200,200,200,200
321607,1,30,1,2,0,1,10,2,0,0,0,20,16,2,200,200,200,200,200,200,200
321607,1,30,1,2,0,1,10,2,0,0,0,20,16,2,200,200,200,200,200,200,200
321607,1,30,1,2,0,1,10,2,0,0,0,20,16,2,200,200,200,200,200,200,200
321607,1,30,1,2,0,1,10,2,0,0,0,20,16,2,200,200,200,200,200,200,200
321607,1,30,1,2,0,1,10,2,0,0,0,20,16,2,200,7,200,200,200,200,200
321607,1,30,1,2,0,1,10,2,0,0,0,20,16,2,200,7,200,200,200,200,200
321607,1,30,1,2,0,1,10,2,0,0,0,20,16,2,200,7,200,200,200,200,200
321607,1,30,1,2,0,1,10,2,0,0,0,20,16,2,200,7,200,200,200,200,200
321607,1,30,1,2,0,1,10,2,0,0,0,20,16,2,200,7,200,200,200,200,200
321607,1,30,1,2,0,1,10,2,0,0,0,20,16,2,200,7,200,200,200,200,200
321607,1,30,1,2,0,1,10,2,0,0,0,20,16,2,200,7,200,200,200,200,200
321607,1,30,1,2,0,1,10,2,0,0,0,20,16,2,200,7,200,200,200,200,200
321607,1,30,1,2,0,1,10,2,0,0,0,20,16,2,200,7,200,200,200,200,200
321607,1,30,1,2,0,1,10,2,0,0,0,20,16,2,200,7,200,200,200,200,200
321607,1,30,1,2,0,1,10,2,0,0,0,20,16,2,200,7,200,200,200,200,200
321607,1,30,1,2,0,1,10,2,0,0,0,20,16,2,200,7,200,200,200,200,200
321618,0,30,0,0,0,1,14,6,0,0,0,0,0,0,29,0,12,0,0,200,200
321618,0,30,0,0,0,1,14,6,0,0,0,0,0,1,40,0,12,0,0,200,200
321618,1,30,0,0,0,1,14,6,0,0,0,0,0,1,200,0,200,200,200,200,200
321622,0,30,0,0,0,1,12,5,0,0,0,22,17,1,200,200,2,200,200,200,200
321622,0,30,0,0,0,1,12,5,0,0,0,22,17,1,26,0,0,0,0,200,200
321625,0,30,2,0,0,1,12,5,0,0,0,22,200,1,200,200,2,200,200,200,200
321625,0,30,2,0,0,1,12,5,0,0,0,22,200,0,33,0,0,0,0,200,200
321625,1,30,2,0,0,1,12,5,0,0,0,22,200,1,27,0,200,200,200,200,200
321625,1,30,2,0,0,1,12,5,0,0,0,22,200,1,12,0,200,200,200,200,200
321625,1,30,2,0,0,1,12,5,0,0,0,22,200,0,8,0,200,200,200,200,200
321632,0,30,0,0,0,1,7,5,0,0,0,11,0,1,40,0,200,0,0,200,200
321635,0,25,0,0,0,1,10,2,0,0,200,200,200,0,68,0,200,200,200,200,200
321635,0,25,0,0,0,1,10,2,0,0,200,200,200,1,31,0,0,0,0,200,200
321642,0,30,0,0,0,3,4,5,0,0,1,0,0,1,27,0,0,0,0,200,200
321643,0,20,0,0,0,200,7,6,0,0,0,0,200,2,200,200,200,200,200,200,200
321646,0,30,0,0,0,1,12,3,0,0,0,0,11,0,18,0,0,0,0,200,200
321646,0,30,0,0,0,1,12,3,0,0,0,0,11,0,51,0,0,0,0,200,200
321646,1,30,0,0,0,1,12,3,0,0,0,0,11,1,50,0,200,200,200,200,200
321646,1,30,0,0,0,1,12,3,0,0,0,0,11,0,41,0,200,200,200,200,200
321649,0,30,1,2,0,1,11,2,0,0,0,11,200,1,41,0,7,0,0,200,200
321649,0,30,1,2,0,1,11,2,0,0,0,11,200,0,53,0,0,0,0,200,200
321651,0,20,0,0,0,1,10,5,0,0,0,11,200,1,56,0,1,0,0,200,200
321651,0,20,0,0,0,1,10,5,0,0,0,11,200,1,40,0,0,0,0,200,200
321661,0,10,0,0,0,1,7,12,0,0,0,0,200,2,200,200,6,200,200,200,200
321666,0,20,1,2,0,1,10,5,0,0,0,18,11,1,50,0,3,0,0,200,200
321666,0,20,1,2,0,1,10,5,0,0,0,18,11,0,35,0,0,0,0,200,200
321666,1,20,1,2,0,1,10,5,0,0,0,18,11,0,1,5,200,200,200,200,200
321674,0,30,0,0,0,1,7,5,0,0,0,21,200,1,32,0,2,0,0,200,200
321677,0,30,0,0,0,1,12,5,0,0,0,0,200,0,200,200,200,200,200,200,200
321677,0,30,0,0,0,1,12,5,0,0,0,0,200,0,48,0,0,0,0,200,200
321677,1,30,0,0,0,1,12,5,0,0,0,0,200,1,46,0,200,200,200,200,200
321677,1,30,0,0,0,1,12,5,0,0,0,0,200,0,15,0,200,200,200,200,200
321678,0,25,0,0,0,3,7,6,0,1,0,10,200,2,200,200,9,200,200,200,200
321679,0,30,0,0,0,1,7,2,0,0,0,0,0,2,200,200,200,200,200,200,200
321680,0,30,1,2,0,1,14,6,0,0,0,18,200,0,200,200,3,200,200,200,200
321680,0,30,1,2,0,1,14,6,0,0,0,18,200,0,35,0,0,0,0,200,200
321682,0,30,1,2,0,1,2,5,0,0,0,14,16,0,22,200,7,0,0,200,200
321682,1,30,1,2,0,1,2,5,0,0,0,14,16,0,23,7,200,200,200,200,200
321687,0,30,1,2,0,1,12,5,0,0,200,0,0,0,200,200,2,200,200,200,200
321687,0,30,1,2,0,1,12,5,0,0,200,0,0,0,48,200,0,12,0,200,200
321690,0,25,12,2,0,3,5,3,2,0,0,0,0,1,21,0,12,6,0,200,200
321692,0,30,1,2,0,1,10,2,0,0,0,18,16,0,40,0,3,0,0,200,200
321692,0,30,1,2,0,1,10,2,0,0,0,18,16,0,63,0,0,0,0,200,200
321692,0,30,1,2,0,1,10,2,0,0,0,18,16,0,38,0,0,0,0,200,200
321693,0,30,0,0,0,1,10,5,0,0,0,22,11,0,200,200,2,200,0,200,200
321693,0,30,0,0,0,1,10,5,0,0,0,22,11,0,52,200,0,0,0,200,200
321699,5,30,0,0,0,1,9,7,0,0,0,20,200,0,33,7,12,0,0,200,200
321699,0,30,0,0,0,1,9,7,0,0,0,20,200,0,200,7,6,0,0,200,200
321701,0,30,0,0,0,1,7,5,0,0,0,200,200,1,55,0,12,0,0,200,200
321709,0,0,0,0,0,1,10,5,0,0,0,0,18,0,25,200,3,0,0,200,200
321709,0,0,0,0,0,1,10,5,0,0,0,0,18,0,28,0,0,0,0,200,200
321709,0,0,0,0,0,1,10,5,0,0,0,0,18,1,36,200,200,200,0,200,200
321709,1,0,0,0,0,1,10,5,0,0,0,0,18,200,200,5,200,200,200,200,200
321709,1,0,0,0,0,1,10,5,0,0,0,0,18,0,200,200,200,200,200,200,200
321710,0,30,0,0,0,1,3,5,0,0,0,18,8,1,46,0,1,0,0,200,200
321710,0,30,0,0,0,1,3,5,0,0,0,18,8,1,24,0,0,0,0,200,200
321712,0,30,1,2,0,1,3,2,0,0,0,21,21,0,38,0,9,0,0,200,200
321712,0,30,1,2,0,1,3,2,0,0,0,21,21,0,58,0,0,0,0,200,200
321712,1,30,1,2,0,1,3,2,0,0,0,21,21,1,79,0,200,200,200,200,200
321713,0,35,0,0,0,1,2,5,0,0,0,20,200,0,35,0,6,0,0,200,200
321714,0,30,0,0,0,1,12,5,0,0,0,0,0,0,200,200,200,200,200,200,200
321714,0,30,0,0,0,1,12,5,0,0,0,0,0,1,27,0,200,0,0,200,200
321716,0,30,0,0,0,1,10,5,0,0,0,0,200,1,20,200,8,200,200,200,200
321716,0,30,0,0,0,1,10,5,0,0,0,0,200,1,59,0,0,0,0,200,200
321723,0,30,1,2,0,1,10,5,0,0,0,0,0,0,41,0,200,200,0,200,200
321723,0,30,1,2,0,1,10,5,0,0,0,0,0,0,72,0,0,0,0,200,200
321724,0,30,1,2,0,3,14,5,0,0,200,0,200,1,23,0,200,0,0,200,200
321724,0,30,1,2,0,3,14,5,0,0,200,0,200,0,26,0,0,0,0,200,200
321734,0,25,200,0,0,1,10,5,0,0,200,18,200,0,49,200,3,200,0,200,200
321734,0,25,200,0,0,1,10,5,0,0,200,18,200,0,67,200,0,200,0,200,200
321740,0,30,0,0,2,1,10,5,0,1,12,16,18,1,20,0,1,0,0,200,200
321740,0,30,0,0,2,1,10,5,0,1,12,16,18,1,24,0,0,0,0,200,200
321740,1,30,0,0,2,1,10,5,0,1,12,16,18,1,31,0,200,200,200,200,200
321744,0,30,0,3,0,1,7,5,0,0,0,11,0,0,33,0,6,0,0,200,200
321744,1,30,0,3,0,1,7,5,0,0,0,11,0,200,200,4,200,200,200,200,200
321748,0,30,2,2,0,1,0,1,0,0,0,17,16,0,77,0,1,0,0,200,200
321748,0,30,2,2,0,1,0,1,0,0,0,17,16,0,26,0,0,0,0,200,200
321748,0,30,2,2,0,1,0,1,0,0,0,17,16,0,42,0,0,0,0,200,200
321755,0,30,1,2,0,1,10,2,0,0,0,0,200,0,39,200,200,200,200,200,200
321755,0,30,1,2,0,1,10,2,0,0,0,0,200,0,48,0,200,0,0,200,200
321758,0,20,0,0,0,3,7,12,0,0,0,20,200,0,39,200,6,200,0,200,200
321761,0,30,0,0,0,1,7,7,0,0,0,20,200,0,18,200,10,200,200,200,200
321762,0,30,1,2,0,1,14,2,0,0,0,17,11,1,19,200,1,0,0,200,200
321762,0,30,1,2,0,1,14,2,0,0,0,17,11,1,82,200,0,0,0,200,200
321765,0,30,0,0,0,1,10,2,0,0,0,18,200,0,40,200,1,0,0,200,200
321765,0,30,0,0,0,1,10,2,0,0,0,18,200,1,24,0,0,0,0,200,200
321767,0,35,4,2,0,1,14,3,0,0,0,17,200,0,83,0,1,0,0,200,200
321767,0,35,4,2,0,1,14,3,0,0,0,17,200,1,37,0,0,0,0,200,200
321772,0,30,0,2,0,1,10,2,0,0,12,18,18,0,29,0,3,0,0,200,200
321772,0,30,0,2,0,1,10,2,0,0,12,18,18,0,71,1,0,0,0,200,200
321777,0,20,0,0,0,1,7,6,0,0,0,0,200,2,200,200,200,200,200,200,200
321780,0,30,0,0,0,1,12,2,0,0,0,17,17,2,200,200,200,200,200,200,200
321780,0,30,0,0,0,1,12,2,0,0,0,17,17,1,78,0,12,0,0,200,200
321782,0,20,0,0,0,1,0,5,0,0,0,17,11,0,24,0,1,0,0,200,200
321782,0,20,0,0,0,1,0,5,0,0,0,17,11,0,40,0,0,0,0,200,200
321789,0,30,0,0,0,1,7,6,0,0,0,0,200,2,200,200,200,200,200,200,200
321813,0,30,0,0,0,1,2,6,0,0,0,0,0,0,54,200,200,0,0,200,200
321817,0,25,200,200,0,1,14,5,0,0,0,200,200,0,75,200,200,200,200,200,200
321817,0,25,200,200,0,1,14,5,0,0,0,200,200,2,200,200,200,200,200,200,200
321823,0,30,0,0,0,1,7,5,0,0,0,0,200,0,30,0,0,0,0,200,200
321827,0,20,0,0,200,200,7,5,0,0,0,0,200,2,200,200,200,200,200,200,200
321838,0,30,0,0,0,2,0,7,0,0,0,0,200,0,200,0,0,0,0,200,200
321838,0,30,0,0,0,2,0,7,0,0,0,0,200,0,200,200,1,0,0,200,200
321844,0,35,0,0,0,1,12,5,0,0,0,21,200,0,200,200,4,200,200,200,200
321844,0,35,0,0,0,1,12,5,0,0,0,21,200,0,38,0,0,0,0,200,200
321846,0,30,0,0,0,1,12,1,0,0,0,0,0,0,58,0,12,12,0,200,200
321846,0,30,0,0,0,1,12,1,0,0,0,0,0,0,51,0,12,0,0,200,200
321852,0,10,0,0,0,1,7,7,1,0,200,20,0,0,79,200,6,0,200,200,200
321853,0,30,1,2,0,1,12,5,0,0,0,0,0,1,200,200,200,200,200,200,200
321853,0,30,1,2,0,1,12,5,0,0,0,0,0,1,43,200,200,200,200,200,200
321861,0,30,1,0,0,1,10,2,0,0,0,25,200,0,200,200,12,200,200,200,200
321861,0,30,1,0,0,1,10,2,0,0,0,25,200,0,46,0,12,0,0,200,200
321869,0,10,0,0,0,1,7,7,0,0,0,0,200,2,200,200,200,200,200,200,200
321872,0,25,0,0,0,1,7,5,0,0,0,200,200,1,70,0,12,0,0,200,200
321873,0,30,0,0,0,1,7,5,0,0,0,200,200,0,23,200,12,0,0,200,200
321873,1,30,0,0,0,1,7,5,0,0,0,200,200,0,26,200,200,200,200,200,200
321874,0,20,0,0,0,1,7,5,0,0,0,0,0,0,58,200,12,0,0,200,200
321878,0,15,0,0,0,1,7,5,0,0,0,0,0,2,200,200,200,200,200,200,200
321879,0,30,2,2,0,1,0,12,0,0,0,0,200,0,200,200,1,200,200,200,200
321879,0,30,2,2,0,1,0,12,0,0,0,0,200,0,33,0,0,0,0,200,200
321884,0,5,0,0,0,1,0,7,0,0,0,20,16,0,23,0,1,1,0,200,200
321884,0,5,0,0,0,1,0,7,0,0,0,20,16,0,49,0,0,0,0,200,200
321887,0,30,0,0,0,1,10,2,0,0,0,0,200,0,44,0,200,0,0,200,200
321887,0,30,0,0,0,1,10,2,0,0,0,0,200,1,70,0,200,0,0,200,200
321889,0,25,2,2,0,1,2,5,0,0,0,11,200,0,35,0,7,0,0,200,200
321890,0,30,0,0,0,1,14,2,0,0,0,0,200,0,44,0,12,0,0,200,200
321890,0,30,0,0,0,1,14,2,0,0,0,0,200,0,30,0,12,0,0,200,200
321890,1,30,0,0,0,1,14,2,0,0,0,0,200,0,18,0,200,200,200,200,200
321898,0,30,1,2,0,3,14,3,0,0,0,23,200,0,36,200,200,200,200,200,200
321898,0,30,1,2,0,3,14,3,0,0,0,23,200,0,21,200,0,0,0,200,200
321899,0,20,0,0,0,1,0,2,0,0,0,0,0,0,28,0,0,0,0,200,200
321899,0,20,0,0,0,1,0,2,0,0,0,0,0,1,72,0,0,0,0,200,200
321911,0,15,0,0,0,1,2,0,0,0,1,200,200,0,35,0,0,0,0,200,200
321911,1,15,0,0,0,1,2,0,0,0,1,200,200,0,32,0,200,200,200,200,200
321917,0,30,0,0,0,1,12,5,0,0,0,22,21,0,63,200,2,0,0,200,200
321917,0,30,0,0,0,1,12,5,0,0,0,22,21,1,25,200,10,200,0,200,200
321917,1,30,0,0,0,1,12,5,0,0,0,22,21,1,26,200,200,200,200,200,200
321919,0,30,1,2,0,3,12,5,0,0,0,21,200,1,200,0,4,0,0,200,200
321919,0,30,1,2,0,3,12,5,0,0,0,21,200,0,200,0,0,0,0,200,200
321919,1,30,1,2,0,3,12,5,0,0,0,21,200,1,200,0,200,200,200,200,200
321925,0,30,0,0,0,1,2,5,2,0,0,4,4,0,53,0,12,0,0,200,200
321929,0,30,2,2,0,1,14,5,0,0,0,0,200,1,34,0,200,0,0,200,200
321929,0,30,2,2,0,1,14,5,0,0,0,0,200,0,42,0,200,0,0,200,200
321931,0,30,0,0,0,1,10,2,0,0,0,0,0,1,31,0,3,12,4,200,200
321931,0,30,0,0,0,1,10,2,0,0,0,0,0,1,48,0,0,0,0,200,200
321935,0,15,0,0,0,1,7,7,0,0,0,0,0,2,200,200,200,200,200,200,200
321937,0,20,0,0,0,1,11,5,0,0,0,11,0,0,46,0,200,0,0,200,200
321937,0,20,0,0,0,1,11,5,0,0,0,11,0,1,28,0,0,0,0,200,200
321939,0,5,0,0,0,1,0,7,0,0,0,20,200,0,67,200,6,200,0,200,200
321939,0,5,0,0,0,1,0,7,0,0,0,20,200,0,47,0,0,0,0,200,200
321943,0,30,0,0,0,1,7,5,0,0,0,0,200,2,200,200,200,200,200,200,200
321948,0,25,0,2,0,1,14,5,0,0,0,17,23,0,40,200,1,0,0,200,200
321948,0,25,0,2,0,1,14,5,0,0,0,17,23,0,200,200,0,200,200,200,200
321950,0,30,0,0,0,1,0,5,0,0,0,17,200,1,49,0,1,0,0,200,200
321950,0,30,0,0,0,1,0,5,0,0,0,17,200,1,18,0,0,0,0,200,200
321954,0,30,2,2,0,1,12,1,0,0,0,17,21,1,26,0,7,0,0,200,200
321954,0,30,2,2,0,1,12,1,0,0,0,17,21,0,37,0,0,0,0,200,200
321963,0,20,1,2,0,1,0,5,0,0,0,6,200,0,200,200,5,200,200,200,200
321963,0,20,1,2,0,1,0,5,0,0,0,6,200,1,62,200,0,0,0,200,200
321965,0,35,2,2,0,4,12,5,0,0,0,22,21,1,27,200,4,0,0,200,200
321965,0,35,2,2,0,4,12,5,0,0,0,22,21,1,70,0,0,0,0,200,200
321965,1,35,2,2,0,4,12,5,0,0,0,22,21,0,47,0,200,200,200,200,200
321967,0,30,0,0,0,1,7,200,0,0,0,200,200,2,200,200,200,200,200,200,200
321971,0,30,1,2,0,1,10,5,0,0,0,18,0,0,47,200,200,0,0,200,200
321971,0,30,1,2,0,1,10,5,0,0,0,18,0,0,26,200,0,0,0,200,200
321971,1,30,1,2,0,1,10,5,0,0,0,18,0,1,49,200,200,200,200,200,200
321971,1,30,1,2,0,1,10,5,0,0,0,18,0,1,66,200,200,200,200,200,200
321971,1,30,1,2,0,1,10,5,0,0,0,18,0,0,27,200,200,200,200,200,200
321972,0,30,0,0,0,1,12,5,0,0,0,22,200,1,24,0,2,0,0,200,200
321972,0,30,0,0,0,1,12,5,0,0,0,22,200,1,35,0,0,0,0,200,200
321972,1,30,0,0,0,1,12,5,0,0,0,22,200,1,200,5,200,200,200,200,200
321973,0,30,0,0,0,1,14,5,0,0,200,17,200,0,22,0,1,0,0,200,200
321973,0,30,0,0,0,1,14,5,0,0,200,17,200,1,48,0,0,0,0,200,200
321987,0,30,0,0,0,1,7,6,0,0,0,0,0,2,200,200,200,200,200,200,200
321994,0,30,0,0,0,1,2,5,0,0,0,27,200,0,21,0,12,0,200,200,200
321994,1,30,0,0,0,1,2,5,0,0,0,27,200,0,22,200,200,200,200,200,200
321998,0,30,1,2,0,3,12,2,0,0,0,0,200,0,24,200,200,0,200,200,200
321998,0,30,1,2,0,3,12,2,0,0,0,0,200,1,43,0,0,0,200,200,200
322001,0,35,2,2,0,1,14,5,0,0,0,16,200,0,27,0,3,0,0,200,200
322001,0,35,2,2,0,1,14,5,0,0,0,16,200,0,56,0,0,0,0,200,200
322004,0,30,0,0,0,1,14,5,0,0,0,11,23,0,19,200,12,0,0,200,200
322004,0,30,0,0,0,1,14,5,0,0,0,11,23,1,49,200,0,0,0,200,200
322008,0,15,0,0,0,1,7,6,0,0,0,11,0,0,44,200,10,200,200,200,200
322011,0,30,1,2,0,1,10,6,0,0,0,18,8,1,52,200,3,0,0,200,200
322011,0,30,1,2,0,1,10,6,0,0,0,18,8,0,21,200,0,0,0,200,200
322035,0,30,1,2,0,1,14,2,0,0,0,17,11,0,0,200,1,0,0,200,200
322035,0,30,1,2,0,1,14,2,0,0,0,17,11,1,52,200,0,0,0,200,200
322035,1,30,1,2,0,1,14,2,0,0,0,17,11,0,27,200,200,200,200,200,200
322036,0,25,0,0,0,1,7,7,0,0,0,0,0,0,79,0,1,0,0,200,200
322037,0,10,0,0,0,0,7,7,0,200,200,33,22,1,46,0,10,12,0,200,200
322040,0,30,2,2,0,1,10,5,0,0,0,0,0,0,26,0,1,0,0,200,200
322040,0,30,2,2,0,1,10,5,0,0,0,0,0,1,50,1,0,0,0,200,200
322053,0,30,0,0,0,1,10,5,0,0,0,18,16,0,200,200,3,200,200,200,200
322053,0,30,0,0,0,1,10,5,0,0,0,18,16,0,200,0,0,0,0,200,200
322059,0,25,1,1,0,1,12,1,0,0,200,17,0,0,200,200,1,200,200,200,200
322059,0,25,1,1,0,1,12,1,0,0,200,17,0,0,0,0,0,200,0,200,200
322059,1,25,1,1,0,1,12,1,0,0,200,17,0,1,26,0,200,200,200,200,200
322065,0,30,1,2,0,1,9,5,0,0,0,0,14,0,200,200,1,200,200,200,200
322065,5,30,1,2,0,1,9,5,0,0,0,0,14,0,74,200,200,200,200,200,200
322071,0,25,0,0,0,4,7,6,0,0,0,0,200,0,200,0,200,0,0,200,200
322084,0,30,0,0,0,1,7,5,0,0,0,0,0,1,31,0,0,0,0,200,200
322094,0,30,0,0,0,1,10,5,0,0,200,18,200,1,200,200,3,200,200,200,200
322094,0,30,0,0,0,1,10,5,0,0,200,18,200,0,43,200,0,200,200,200,200