RD_NO,PERSON_TYPE,POSTED_SPEED_LIMIT,TRAFFIC_CONTROL_DEVICE,DEVICE_CONDITION,WEATHER_CONDITION,LIGHTING_CONDITION,FIRST_CRASH_TYPE,TRAFFICWAY_TYPE,ALIGNMENT,ROADWAY_SURFACE_COND,ROAD_DEFECT,PRIM_CONTRIBUTORY_CAUSE,SEC_CONTRIBUTORY_CAUSE,SEX,AGE,SAFETY_EQUIPMENT,DRIVER_ACTION,DRIVER_VISION,PHYSICAL_CONDITION,BAC_RESULT VALUE,CELL_PHONE_USE
322094,1,30,0,0,0,1,10,5,0,0,200,18,200,1,42,200,200,200,200,200,200
322099,0,5,0,0,0,1,0,7,3,200,200,0,200,0,70,200,6,200,0,200,200
322099,0,5,0,0,0,1,0,7,3,200,200,0,200,0,29,0,0,0,0,200,200
322103,0,35,1,2,0,1,14,2,0,0,0,17,200,1,24,200,1,0,0,200,200
322103,0,35,1,2,0,1,14,2,0,0,0,17,200,0,29,200,0,0,0,200,200
322108,0,15,0,0,0,1,7,7,0,0,0,22,0,0,200,200,10,0,0,200,200
322108,1,15,0,0,0,1,7,7,0,0,0,22,0,0,15,0,200,200,200,200,200
322108,1,15,0,0,0,1,7,7,0,0,0,22,0,1,35,0,200,200,200,200,200
322127,0,30,2,2,0,1,14,2,0,0,0,0,200,0,22,0,12,0,0,200,200
322127,0,30,2,2,0,1,14,2,0,0,0,0,200,0,81,0,1,200,0,200,200
322128,0,5,0,0,0,1,0,7,0,0,0,20,0,0,74,0,6,0,0,200,200
322128,0,5,0,0,0,1,0,7,0,0,0,20,0,1,71,0,0,0,0,200,200
322132,0,30,0,0,0,1,14,5,0,0,0,17,0,0,56,0,1,0,0,200,200
322132,0,30,0,0,0,1,14,5,0,0,0,17,0,0,25,0,12,0,0,200,200
322133,0,30,0,0,0,1,8,5,0,0,0,0,0,0,31,0,1,0,0,200,200
322133,4,30,0,0,0,1,8,5,0,0,0,0,0,0,23,2,0,0,0,200,200
322134,0,20,0,0,0,1,10,2,0,0,200,18,18,0,59,200,3,200,0,200,200
322134,0,20,0,0,0,1,10,2,0,0,200,18,18,0,61,200,0,200,200,200,200
322143,0,0,0,0,0,0,10,3,0,0,0,18,200,0,29,200,3,200,200,200,200
322143,0,0,0,0,0,0,10,3,0,0,0,18,200,0,19,0,0,0,0,200,200
322145,0,20,0,0,0,1,2,5,0,0,0,27,200,0,200,200,12,12,12,200,200
322155,0,30,1,2,0,1,14,3,0,0,0,23,200,0,22,0,7,0,0,200,200
322155,0,30,1,2,0,1,14,3,0,0,0,23,200,0,56,0,0,0,0,200,200
322161,0,30,2,0,0,1,14,5,0,0,200,0,0,0,200,200,1,200,200,200,200
322161,0,30,2,0,0,1,14,5,0,0,200,0,0,0,56,0,200,0,0,200,200
322161,1,30,2,0,0,1,14,5,0,0,200,0,0,200,200,0,200,200,200,200,200
322162,5,35,0,0,0,1,9,5,0,0,0,6,200,0,38,7,12,0,0,200,200
322162,0,35,0,0,0,1,9,5,0,0,0,6,200,0,54,0,0,0,0,200,200
322163,0,30,0,0,0,1,10,5,0,0,12,11,0,0,19,200,3,200,0,200,200
322163,0,30,0,0,0,1,10,5,0,0,12,11,0,0,63,200,0,200,0,200,200
322163,1,30,0,0,0,1,10,5,0,0,12,11,0,0,19,200,200,200,200,200,200
322163,1,30,0,0,0,1,10,5,0,0,12,11,0,1,60,200,200,200,200,200,200
322163,1,30,0,0,0,1,10,5,0,0,12,11,0,1,40,200,200,200,200,200,200
322163,1,30,0,0,0,1,10,5,0,0,12,11,0,1,2,200,200,200,200,200,200
322163,1,30,0,0,0,1,10,5,0,0,12,11,0,0,4,200,200,200,200,200,200
322165,0,30,0,0,0,1,7,6,0,0,0,0,200,2,200,200,200,200,200,200,200
322170,0,30,1,2,0,1,12,5,0,0,0,0,0,0,35,0,0,0,0,200,200
322170,0,30,1,2,0,1,12,5,0,0,0,0,0,1,43,0,0,0,0,200,200
322175,0,30,1,2,0,1,10,5,0,0,0,18,16,0,62,0,3,0,0,200,200
322175,0,30,1,2,0,1,10,5,0,0,0,18,16,0,24,0,0,0,0,200,200
322181,0,30,0,0,0,1,7,5,0,0,0,0,200,0,51,0,7,0,0,200,200
322181,1,30,0,0,0,1,7,5,0,0,0,0,200,0,46,0,200,200,200,200,200
322184,0,30,0,0,0,1,7,6,0,0,0,0,200,0,200,200,200,200,200,200,200
322185,0,30,0,0,0,1,7,5,0,0,0,0,0,0,79,0,0,0,0,200,200
322188,0,30,1,2,0,1,14,5,0,0,0,23,200,1,43,0,7,200,200,200,200
322188,0,30,1,2,0,1,14,5,0,0,0,23,200,0,36,0,0,0,0,200,200
322188,1,30,1,2,0,1,14,5,0,0,0,23,200,0,200,7,200,200,200,200,200
322190,0,30,1,2,0,1,12,12,0,0,0,0,200,0,200,200,200,200,0,200,200
322190,0,30,1,2,0,1,12,12,0,0,0,0,200,0,200,200,0,200,0,200,200
322193,0,30,0,0,0,1,12,5,0,0,0,0,200,1,58,0,200,200,0,200,200
322193,0,30,0,0,0,1,12,5,0,0,0,0,200,0,42,0,200,200,0,200,200
322193,1,30,0,0,0,1,12,5,0,0,0,0,200,1,44,0,200,200,200,200,200
322195,0,30,2,2,0,1,14,5,0,0,0,5,200,0,65,0,5,0,0,200,200
322195,0,30,2,2,0,1,14,5,0,0,0,5,200,0,29,0,0,0,0,200,200
322195,1,30,2,2,0,1,14,5,0,0,0,5,200,1,200,0,200,200,200,200,200
322195,1,30,2,2,0,1,14,5,0,0,0,5,200,1,200,0,200,200,200,200,200
322204,0,30,0,0,0,1,2,4,0,0,0,0,0,0,200,0,12,0,0,200,200
322205,0,30,1,2,0,1,10,5,0,0,0,18,16,0,34,200,3,0,0,200,200
322205,0,30,1,2,0,1,10,5,0,0,0,18,16,1,26,0,0,0,0,200,200
322206,0,35,2,2,0,1,10,5,0,0,0,7,0,0,27,0,12,12,0,200,200
322206,0,35,2,2,0,1,10,5,0,0,0,7,0,0,66,0,0,0,0,200,200
322212,0,30,1,2,0,1,12,5,0,0,0,200,200,0,30,0,0,0,0,200,200
322212,0,30,1,2,0,1,12,5,0,0,0,200,200,1,66,0,0,0,0,200,200
322217,0,35,2,2,0,1,7,5,0,0,0,20,200,2,200,200,200,200,200,200,200
322218,0,30,0,0,0,1,14,5,0,0,0,17,200,0,48,0,0,0,0,200,200
322218,0,30,0,0,0,1,14,5,0,0,0,17,200,1,24,0,1,0,0,200,200
322223,0,30,1,2,0,1,0,5,0,0,0,6,15,1,27,0,8,0,0,200,200
322223,0,30,1,2,0,1,0,5,0,0,0,6,15,0,61,0,0,0,0,200,200
322225,0,30,0,0,0,1,10,3,0,0,0,0,0,1,25,200,200,0,200,200,200
322225,0,30,0,0,0,1,10,3,0,0,0,0,0,0,55,0,0,0,0,200,200
322225,1,30,0,0,0,1,10,3,0,0,0,0,0,0,15,0,200,200,200,200,200
322231,0,30,1,2,0,1,14,5,0,0,0,17,0,1,200,0,1,0,0,200,200
322231,0,30,1,2,0,1,14,5,0,0,0,17,0,0,49,0,12,0,0,200,200
322233,0,30,2,0,0,1,2,5,0,0,12,200,0,0,0,0,12,0,0,200,200
322236,0,30,2,2,0,1,0,5,0,0,200,17,200,1,51,0,1,0,0,200,200
322236,0,30,2,2,0,1,0,5,0,0,200,17,200,1,66,0,0,0,0,200,200
322236,1,30,2,2,0,1,0,5,0,0,200,17,200,1,9,0,200,200,200,200,200
322239,0,30,2,2,0,1,10,5,0,0,200,16,0,0,54,200,200,200,200,200,200
322239,0,30,2,2,0,1,10,5,0,0,200,16,0,1,51,0,0,0,0,200,200
322252,0,30,0,0,0,1,10,5,0,0,0,0,0,1,200,200,200,200,200,200,200
322252,0,30,0,0,0,1,10,5,0,0,0,0,0,0,40,0,0,0,0,200,200
322253,0,15,0,0,0,1,7,7,0,0,0,0,0,2,200,200,200,200,200,200,200
322255,0,30,0,0,0,1,12,5,0,0,0,16,200,1,72,200,1,0,0,200,200
322255,0,30,0,0,0,1,12,5,0,0,0,16,200,0,42,200,0,0,0,200,200
322258,0,30,0,0,0,1,12,5,0,0,0,21,11,0,200,200,4,200,200,200,200
322258,0,30,0,0,0,1,12,5,0,0,0,21,11,1,23,0,0,0,0,200,200
322266,0,30,0,0,0,1,12,6,0,0,0,17,200,0,64,200,1,200,0,200,200
322266,0,30,0,0,0,1,12,6,0,0,0,17,200,1,34,200,0,0,0,200,200
322269,0,20,0,0,0,1,0,7,0,0,0,20,0,1,200,200,6,200,0,200,200
322269,0,20,0,0,0,1,0,7,0,0,0,20,0,1,29,0,0,0,0,200,200
322269,1,20,0,0,0,1,0,7,0,0,0,20,0,0,200,0,200,200,200,200,200
322270,0,30,0,0,0,1,10,2,0,0,0,18,16,0,200,200,3,200,200,200,200
322270,0,30,0,0,0,1,10,2,0,0,0,18,16,0,22,200,0,0,0,200,200
322270,1,30,0,0,0,1,10,2,0,0,0,18,16,1,17,200,200,200,200,200,200
322277,0,20,0,0,0,1,7,6,0,0,0,20,200,0,32,200,12,0,0,200,200
322283,0,30,0,0,0,1,7,5,0,0,0,12,200,0,200,200,12,200,200,200,200
322284,0,30,0,0,0,1,7,5,0,0,0,0,0,1,200,200,200,200,200,200,200
322285,0,30,0,0,0,1,10,5,0,0,0,18,200,1,40,0,3,0,0,200,200
322285,0,30,0,0,0,1,10,5,0,0,0,18,200,0,39,0,0,0,0,200,200
322297,0,30,1,2,0,1,14,5,0,0,0,17,16,0,49,0,1,0,0,200,200
322297,0,30,1,2,0,1,14,5,0,0,0,17,16,1,68,0,0,0,0,200,200
322297,1,30,1,2,0,1,14,5,0,0,0,17,16,1,47,0,200,200,200,200,200
322301,0,30,0,0,0,1,7,6,0,200,200,200,200,1,45,0,12,12,0,200,200
322301,1,30,0,0,0,1,7,6,0,200,200,200,200,0,37,0,200,200,200,200,200
322302,0,30,0,0,0,1,12,5,0,0,0,21,0,0,200,200,4,200,200,200,200
322302,0,30,0,0,0,1,12,5,0,0,0,21,0,0,18,0,12,0,0,200,200
322309,0,30,2,2,0,1,0,2,0,0,0,0,200,0,28,200,200,0,0,200,200
322309,0,30,2,2,0,1,0,2,0,0,0,0,200,0,29,200,200,0,0,200,200
322309,1,30,2,2,0,1,0,2,0,0,0,0,200,1,50,200,200,200,200,200,200
322309,1,30,2,2,0,1,0,2,0,0,0,0,200,1,28,200,200,200,200,200,200
322309,1,30,2,2,0,1,0,2,0,0,0,0,200,0,1,5,200,200,200,200,200
322313,0,30,0,0,0,1,14,2,0,0,200,0,0,0,41,200,200,200,200,200,200
322313,0,30,0,0,0,1,14,2,0,0,200,0,0,0,26,200,200,200,0,200,200
322314,0,10,0,0,0,1,7,7,0,200,200,0,200,2,200,200,200,200,200,200,200
322316,0,30,0,0,0,1,14,5,0,0,0,0,200,1,30,0,200,0,0,200,200
322316,0,30,0,0,0,1,14,5,0,0,0,0,200,1,36,0,0,0,0,200,200
322316,1,30,0,0,0,1,14,5,0,0,0,0,200,1,25,0,200,200,200,200,200
322316,1,30,0,0,0,1,14,5,0,0,0,0,200,0,7,0,200,200,200,200,200
322320,0,30,0,0,0,1,12,5,0,0,0,0,0,1,40,200,200,200,200,200,200
322320,0,30,0,0,0,1,12,5,0,0,0,0,0,0,47,0,0,0,0,200,200
322325,0,30,2,2,0,1,14,5,0,0,0,0,0,1,40,200,1,200,200,200,200
322325,0,30,2,2,0,1,14,5,0,0,0,0,0,0,31,0,0,0,0,200,200
322329,0,30,1,2,0,1,14,5,0,0,0,18,18,1,23,0,3,0,0,200,200
322329,0,30,1,2,0,1,14,5,0,0,0,18,18,0,57,0,0,0,0,200,200
322329,1,30,1,2,0,1,14,5,0,0,0,18,18,0,71,0,200,200,200,200,200
322336,0,15,0,0,0,1,10,4,0,0,0,18,16,0,18,0,3,0,0,200,200
322336,0,15,0,0,0,1,10,4,0,0,0,18,16,1,24,0,0,0,0,200,200
322343,4,30,1,2,0,1,8,2,0,0,0,16,0,0,21,200,1,0,0,200,200
322343,0,30,1,2,0,1,8,2,0,0,0,16,0,1,40,0,0,0,0,200,200
322343,1,30,1,2,0,1,8,2,0,0,0,16,0,0,6,0,200,200,200,200,200
322344,0,30,5,2,0,1,7,5,0,0,0,0,0,1,18,200,200,200,0,200,200
322350,0,30,1,2,0,1,14,6,0,0,0,0,0,1,200,0,7,0,0,200,200
322350,0,30,1,2,0,1,14,6,0,0,0,0,0,1,200,0,0,0,0,200,200
322355,0,30,0,0,0,1,14,2,0,0,0,0,0,0,42,200,200,200,200,200,200
322355,0,30,0,0,0,1,14,2,0,0,0,0,0,1,25,0,0,0,0,200,200
322355,1,30,0,0,0,1,14,2,0,0,0,0,0,0,3,0,200,200,200,200,200
322355,1,30,0,0,0,1,14,2,0,0,0,0,0,1,200,200,200,200,200,200,200
322355,1,30,0,0,0,1,14,2,0,0,0,0,0,0,200,200,200,200,200,200,200
322356,0,30,0,0,0,1,12,6,0,0,200,17,17,0,38,200,1,0,0,200,200
322356,0,30,0,0,0,1,12,6,0,0,200,17,17,1,32,0,0,0,0,200,200
322356,1,30,0,0,0,1,12,6,0,0,200,17,17,1,200,0,200,200,200,200,200
322356,1,30,0,0,0,1,12,6,0,0,200,17,17,1,200,0,200,200,200,200,200
322357,0,35,200,200,0,1,12,5,0,0,200,200,0,0,33,200,200,200,200,200,200
322357,0,35,200,200,0,1,12,5,0,0,200,200,0,0,37,200,200,200,200,200,200
322360,0,30,1,2,0,1,12,6,0,0,0,12,200,1,20,0,12,0,0,200,200
322360,0,30,1,2,0,1,12,6,0,0,0,12,200,1,57,0,0,0,0,200,200
322360,1,30,1,2,0,1,12,6,0,0,0,12,200,0,1,5,200,200,200,200,200
322362,0,30,1,2,0,1,7,5,0,0,0,0,22,0,200,200,200,200,200,200,200
322362,0,30,1,2,0,1,7,5,0,0,0,0,22,1,200,200,12,0,0,200,200
322376,0,30,0,0,0,1,10,2,0,0,0,16,200,0,59,0,3,0,0,200,200
322376,0,30,0,0,0,1,10,2,0,0,0,16,200,0,43,0,0,0,0,200,200
322377,0,5,0,0,0,1,7,7,0,0,0,200,200,1,39,200,200,200,0,200,200
322377,1,5,0,0,0,1,7,7,0,0,0,200,200,1,200,200,200,200,200,200,200
322377,1,5,0,0,0,1,7,7,0,0,0,200,200,0,39,200,200,200,200,200,200
322380,0,30,1,2,0,1,14,2,0,0,0,17,33,1,31,0,1,12,0,200,200
322380,0,30,1,2,0,1,14,2,0,0,0,17,33,1,20,0,0,12,0,200,200
322381,0,45,0,0,0,1,12,5,0,0,0,23,21,0,200,200,2,0,0,200,200
322381,0,45,0,0,0,1,12,5,0,0,0,23,21,1,39,200,0,0,0,200,200
322387,0,30,0,0,0,1,12,5,0,0,0,22,16,0,69,0,4,0,0,200,200
322387,0,30,0,0,0,1,12,5,0,0,0,22,16,0,31,0,0,0,0,200,200
322393,0,30,0,0,0,1,10,5,0,0,200,18,200,1,9,0,3,0,0,200,200
322393,0,30,0,0,0,1,10,5,0,0,200,18,200,0,41,0,0,0,0,200,200
322393,1,30,0,0,0,1,10,5,0,0,200,18,200,0,72,0,200,200,200,200,200
322393,1,30,0,0,0,1,10,5,0,0,200,18,200,200,200,0,200,200,200,200,200
322393,1,30,0,0,0,1,10,5,0,0,200,18,200,0,9,0,200,200,200,200,200
322397,0,30,200,200,0,1,2,5,0,0,0,0,0,0,55,0,200,0,0,200,200
322399,0,30,0,0,0,1,7,5,0,200,200,0,200,2,200,200,200,200,200,200,200
322401,0,30,1,2,0,1,10,5,0,200,200,7,7,0,63,200,12,200,200,200,200
322401,0,30,1,2,0,1,10,5,0,200,200,7,7,1,31,0,200,200,0,200,200
322404,0,30,0,0,0,1,10,5,0,0,0,0,200,0,200,0,200,200,0,200,200
322404,0,30,0,0,0,1,10,5,0,0,0,0,200,0,45,0,0,0,0,200,200
322408,0,30,1,2,0,3,10,2,0,0,0,0,200,0,200,200,200,0,200,200,200
322408,0,30,1,2,0,3,10,2,0,0,0,0,200,1,20,0,200,0,200,200,200
322410,0,30,0,0,0,1,14,5,0,0,0,23,200,1,23,0,7,0,0,200,200
322410,0,30,0,0,0,1,14,5,0,0,0,23,200,0,24,0,0,0,0,200,200
322410,1,30,0,0,0,1,14,5,0,0,0,23,200,0,19,0,200,200,200,200,200
322412,0,30,0,0,0,1,12,5,0,0,0,0,0,0,200,200,200,200,200,200,200
322412,0,30,0,0,0,1,12,5,0,0,0,0,0,0,51,0,0,0,0,200,200
322416,0,35,0,0,0,1,10,2,0,0,0,16,200,0,46,0,1,0,0,200,200
322416,0,35,0,0,0,1,10,2,0,0,0,16,200,0,59,0,0,0,0,200,200
322417,0,25,0,0,0,1,12,3,0,200,200,0,200,0,25,0,200,200,0,200,200
322417,0,25,0,0,0,1,12,3,0,200,200,0,200,0,49,0,0,200,0,200,200
322417,1,25,0,0,0,1,12,3,0,200,200,0,200,1,200,200,200,200,200,200,200
322417,1,25,0,0,0,1,12,3,0,200,200,0,200,1,200,200,200,200,200,200,200
322417,1,25,0,0,0,1,12,3,0,200,200,0,200,0,200,200,200,200,200,200,200
322417,1,25,0,0,0,1,12,3,0,200,200,0,200,0,200,200,200,200,200,200,200
322418,0,25,0,0,0,1,7,6,0,0,0,11,0,0,20,0,12,0,0,200,200
322419,0,5,0,0,0,1,12,7,0,0,0,25,200,1,200,200,12,0,1,200,200
322419,0,5,0,0,0,1,12,7,0,0,0,25,200,0,46,0,0,4,0,200,200
322422,0,30,0,0,0,1,7,5,0,0,200,0,200,2,200,200,200,200,200,200,200
322424,0,30,1,2,0,1,10,5,0,0,0,18,0,1,200,200,3,200,200,200,200
322424,0,30,1,2,0,1,10,5,0,0,0,18,0,1,35,200,0,0,0,200,200
322433,0,30,2,2,0,1,10,5,0,0,0,18,200,0,21,200,3,0,0,200,200
322433,0,30,2,2,0,1,10,5,0,0,0,18,200,1,39,200,0,0,0,200,200
322433,1,30,2,2,0,1,10,5,0,0,0,18,200,1,200,200,200,200,200,200,200
322434,0,30,0,0,0,1,14,2,0,0,0,0,200,0,41,0,200,200,200,200,200
322434,0,30,0,0,0,1,14,2,0,0,0,0,200,1,28,0,200,200,0,200,200
322434,1,30,0,0,0,1,14,2,0,0,0,0,200,1,24,0,200,200,200,200,200
322434,1,30,0,0,0,1,14,2,0,0,0,0,200,1,200,0,200,200,200,200,200
322434,1,30,0,0,0,1,14,2,0,0,0,0,200,2,200,0,200,200,200,200,200
322435,0,20,0,0,0,1,7,6,0,0,0,0,0,2,200,200,1,200,200,200,200
322438,0,30,0,0,0,1,7,6,0,0,0,0,0,2,200,200,200,200,200,200,200
322441,0,35,8,2,0,1,12,2,0,0,0,21,21,1,58,0,12,200,0,200,200
322441,0,35,8,2,0,1,12,2,0,0,0,21,21,1,31,0,0,0,0,200,200
322444,0,30,0,0,0,1,8,5,0,0,0,0,200,2,200,200,1,200,200,200,200
322444,4,30,0,0,0,1,8,5,0,0,0,0,200,1,22,3,0,0,7,200,200
322445,0,30,1,2,0,1,10,5,0,0,0,0,0,0,88,200,3,0,200,200,200
322445,0,30,1,2,0,1,10,5,0,0,0,0,0,1,200,0,0,0,0,200,200
322445,1,30,1,2,0,1,10,5,0,0,0,0,0,1,200,200,200,200,200,200,200
322459,0,15,0,0,0,1,7,6,0,0,0,0,0,2,200,200,200,200,200,200,200
322462,0,30,1,200,0,1,14,5,0,0,200,0,0,1,37,0,200,200,200,200,200
322462,0,30,1,200,0,1,14,5,0,0,200,0,0,1,34,0,0,200,200,200,200
322467,0,35,1,2,0,3,10,5,0,0,0,18,200,0,52,200,3,0,0,200,200
322467,0,35,1,2,0,3,10,5,0,0,0,18,200,0,61,0,0,0,0,200,200
322471,0,0,0,0,0,0,11,5,0,0,0,0,0,1,200,200,200,200,200,200,200
322471,0,0,0,0,0,0,11,5,0,0,0,0,0,0,27,200,0,0,0,200,200
322471,1,0,0,0,0,0,11,5,0,0,0,0,0,1,200,200,200,200,200,200,200
322476,0,30,0,0,0,1,7,2,0,0,0,11,200,1,200,200,12,200,0,200,200
322476,1,30,0,0,0,1,7,2,0,0,0,11,200,0,200,200,200,200,200,200,200
322480,0,25,0,0,0,1,7,2,0,0,0,0,0,2,200,200,1,200,200,200,200
322486,0,30,0,0,0,1,14,5,0,0,0,0,200,1,55,0,200,0,0,200,200
322486,0,30,0,0,0,1,14,5,0,0,0,0,200,0,34,2,0,0,0,200,200
322488,0,30,0,0,0,1,2,5,0,0,0,0,0,0,25,0,0,0,0,200,200
322506,0,30,0,0,0,1,14,5,0,0,0,20,200,1,200,200,6,200,200,200,200
322506,0,30,0,0,0,1,14,5,0,0,0,20,200,0,22,0,0,0,0,200,200
322508,0,30,0,0,0,1,14,5,0,0,0,0,0,1,30,200,200,0,200,200,200
322508,0,30,0,0,0,1,14,5,0,0,0,0,0,1,47,0,0,0,0,200,200
322516,0,30,1,2,0,1,10,2,0,0,0,18,16,0,200,200,3,200,200,200,200
322516,0,30,1,2,0,1,10,2,0,0,0,18,16,1,21,0,0,0,0,200,200
322523,0,35,0,0,0,1,3,2,0,0,0,0,0,0,200,200,200,200,200,200,200
322523,0,35,0,0,0,1,3,2,0,0,0,0,0,0,69,200,0,0,0,200,200
322526,0,25,0,0,0,1,7,2,0,0,0,0,0,2,200,200,1,200,200,200,200
322532,0,30,0,0,0,1,12,5,0,0,0,22,0,0,200,200,4,200,200,200,200
322532,0,30,0,0,0,1,12,5,0,0,0,22,0,0,65,0,0,0,0,200,200
322532,1,30,0,0,0,1,12,5,0,0,0,22,0,0,43,0,200,200,200,200,200
322533,0,10,0,0,0,1,7,7,0,0,0,11,0,1,200,200,200,200,200,200,200
322538,0,30,0,0,0,1,8,2,0,0,0,16,33,0,52,0,12,1,0,200,200
322538,4,30,0,0,0,1,8,2,0,0,0,16,33,0,10,7,12,0,0,200,200
322539,0,30,0,0,0,1,7,2,0,0,0,32,200,0,43,200,12,0,5,0.18,200
322543,0,30,1,2,0,1,10,5,0,0,0,8,11,0,46,0,0,0,0,200,200
322543,0,30,1,2,0,1,10,5,0,0,0,8,11,0,23,0,12,0,0,200,200
322544,0,30,0,0,0,1,12,5,0,0,0,17,0,1,19,0,1,0,0,200,200
322544,0,30,0,0,0,1,12,5,0,0,0,17,0,0,33,0,0,0,0,200,200
322544,1,30,0,0,0,1,12,5,0,0,0,17,0,1,19,0,200,200,200,200,200
322544,1,30,0,0,0,1,12,5,0,0,0,17,0,1,19,0,200,200,200,200,200
322559,0,30,0,0,0,1,12,5,0,0,0,22,200,1,200,200,2,200,200,200,200
322559,0,30,0,0,0,1,12,5,0,0,0,22,200,0,42,0,0,0,0,200,200
322566,0,30,0,0,0,1,7,7,0,0,0,0,0,0,66,0,6,0,0,200,200
322568,0,25,1,2,0,1,12,5,0,0,0,11,0,1,56,0,4,0,0,200,200
322568,0,25,1,2,0,1,12,5,0,0,0,11,0,1,43,0,12,0,0,200,200
322575,0,30,0,0,0,1,12,5,0,0,0,11,17,1,48,0,12,0,0,200,200
322575,0,30,0,0,0,1,12,5,0,0,0,11,17,1,200,200,12,200,200,200,200
322578,0,30,0,0,0,1,8,5,0,0,0,11,0,0,200,200,12,200,200,200,200
322578,4,30,0,0,0,1,8,5,0,0,0,11,0,1,29,3,0,200,1,200,200
322595,0,30,0,0,0,1,10,5,0,0,0,18,16,0,47,200,3,0,0,200,200
322595,0,30,0,0,0,1,10,5,0,0,0,18,16,1,47,0,0,0,0,200,200
322599,0,30,0,0,0,1,5,5,0,0,0,0,0,0,42,0,12,0,0,200,200
322600,0,30,0,0,200,200,7,2,0,200,200,0,200,2,200,200,200,200,200,200,200
322601,0,20,0,0,0,1,0,2,0,0,200,18,18,1,24,200,1,200,200,200,200
322601,0,20,0,0,0,1,0,2,0,0,200,18,18,1,26,200,0,200,0,200,200
322603,0,30,0,0,0,1,10,5,0,0,0,25,16,1,17,2,12,0,0,200,200
322603,0,30,0,0,0,1,10,5,0,0,0,25,16,1,25,2,12,0,0,200,200
322613,0,30,0,0,2,1,5,5,0,1,12,0,0,0,57,0,0,200,200,200,200
322616,0,0,0,0,0,1,0,7,0,0,0,0,200,0,200,0,200,0,200,200,200
322616,0,0,0,0,0,1,0,7,0,0,0,0,200,1,32,0,0,0,0,200,200
322625,0,30,1,2,0,1,10,5,0,0,0,18,200,1,22,0,3,0,0,200,200
322625,0,30,1,2,0,1,10,5,0,0,0,18,200,0,58,0,0,0,0,200,200
322634,0,25,0,0,0,3,7,2,0,0,0,0,0,0,200,200,1,200,200,200,200
322635,0,30,0,200,0,4,7,5,0,0,0,0,200,1,36,200,200,200,0,200,200
322638,0,30,0,0,0,1,12,6,0,0,0,0,0,0,200,0,4,0,0,200,200
322638,0,30,0,0,0,1,12,6,0,0,0,0,0,0,200,0,0,0,0,200,200
322638,1,30,0,0,0,1,12,6,0,0,0,0,0,1,200,0,200,200,200,200,200
322638,1,30,0,0,0,1,12,6,0,0,0,0,0,0,200,0,200,200,200,200,200
322638,1,30,0,0,0,1,12,6,0,0,0,0,0,1,200,0,200,200,200,200,200
322639,0,30,1,2,0,1,3,5,0,0,0,25,11,0,13,7,12,200,0,200,200
322639,0,30,1,2,0,1,3,5,0,0,0,25,11,0,31,0,0,0,0,200,200
322662,0,35,1,2,0,1,14,5,0,0,200,17,17,0,48,0,1,200,0,200,200
322662,0,35,1,2,0,1,14,5,0,0,200,17,17,1,26,0,1,0,0,200,200
322662,1,35,1,2,0,1,14,5,0,0,200,17,17,0,58,0,200,200,200,200,200
322662,1,35,1,2,0,1,14,5,0,0,200,17,17,0,30,0,200,200,200,200,200
322695,0,30,1,2,0,1,10,5,0,0,0,18,200,0,39,0,3,0,0,200,200
322695,0,30,1,2,0,1,10,5,0,0,0,18,200,1,65,0,0,0,0,200,200
322696,0,30,1,2,0,1,10,5,0,0,0,0,200,1,48,200,3,200,200,200,200
322696,0,30,1,2,0,1,10,5,0,0,0,0,200,1,65,0,0,0,0,200,200
322698,0,30,2,200,0,3,11,5,0,200,200,0,200,0,200,200,200,200,200,200,200
322698,0,30,2,200,0,3,11,5,0,200,200,0,200,1,26,200,200,200,0,200,200
322700,0,30,0,0,0,1,2,7,0,0,0,0,200,1,78,0,3,0,0,200,200
322705,0,30,1,200,0,1,10,5,0,0,200,200,200,1,22,200,3,200,0,200,200
322705,0,30,1,200,0,1,10,5,0,0,200,200,200,1,200,200,0,200,200,200,200
322705,1,30,1,200,0,1,10,5,0,0,200,200,200,0,200,200,200,200,200,200,200
322707,0,30,0,0,0,3,10,5,0,0,200,18,11,0,45,200,1,200,200,200,200
322707,0,30,0,0,0,3,10,5,0,0,200,18,11,1,51,200,0,0,0,200,200
322717,0,30,0,0,0,3,10,5,0,0,0,18,16,0,28,200,3,0,0,200,200
322717,0,30,0,0,0,3,10,5,0,0,0,18,16,0,33,200,0,0,0,200,200
322717,0,30,0,0,0,3,10,5,0,0,0,18,16,1,33,200,0,0,0,200,200
322735,0,30,0,0,0,0,12,6,0,0,0,21,200,0,35,0,10,0,0,200,200
322735,0,30,0,0,0,0,12,6,0,0,0,21,200,0,63,0,0,0,0,200,200
322741,0,30,0,0,0,3,7,12,0,0,0,0,200,2,200,200,200,200,200,200,200
322750,0,30,0,0,0,3,7,5,0,0,0,23,200,1,24,0,7,0,0,200,200
322750,1,30,0,0,0,3,7,5,0,0,0,23,200,0,21,0,200,200,200,200,200
322750,1,30,0,0,0,3,7,5,0,0,0,23,200,1,25,0,200,200,200,200,200
322750,1,30,0,0,0,3,7,5,0,0,0,23,200,0,23,0,200,200,200,200,200
322751,0,30,0,0,0,1,7,6,0,0,0,0,0,2,200,200,200,200,200,200,200
322764,0,30,11,0,0,0,0,12,0,0,0,17,18,2,200,200,1,200,200,200,200
322764,0,30,11,0,0,0,0,12,0,0,0,17,18,0,42,0,0,0,0,200,200
322795,0,30,0,200,0,3,0,5,0,0,0,21,0,0,26,0,12,0,0,200,200