RD_NO,PERSON_TYPE,POSTED_SPEED_LIMIT,TRAFFIC_CONTROL_DEVICE,DEVICE_CONDITION,WEATHER_CONDITION,LIGHTING_CONDITION,FIRST_CRASH_TYPE,TRAFFICWAY_TYPE,ALIGNMENT,ROADWAY_SURFACE_COND,ROAD_DEFECT,PRIM_CONTRIBUTORY_CAUSE,SEC_CONTRIBUTORY_CAUSE,SEX,AGE,SAFETY_EQUIPMENT,DRIVER_ACTION,DRIVER_VISION,PHYSICAL_CONDITION,BAC_RESULT VALUE,CELL_PHONE_USE
323498,1,30,1,2,0,1,12,5,0,0,0,0,0,1,200,0,200,200,200,200,200
323498,1,30,1,2,0,1,12,5,0,0,0,0,0,1,200,0,200,200,200,200,200
323499,0,30,0,0,0,1,7,5,0,0,0,0,0,1,25,0,0,0,0,200,200
323506,0,30,1,2,0,1,10,2,0,0,0,7,200,0,200,0,12,0,0,200,200
323506,0,30,1,2,0,1,10,2,0,0,0,7,200,0,200,200,0,0,0,200,200
323513,0,30,1,2,0,1,9,5,0,0,0,17,200,0,29,0,1,0,0,200,200
323513,5,30,1,2,0,1,9,5,0,0,0,17,200,1,57,7,0,0,0,200,200
323517,0,30,0,0,0,1,7,12,0,0,0,0,0,0,34,0,0,0,0,200,200
323519,0,20,0,0,200,200,7,5,0,200,200,0,200,2,200,200,200,200,200,200,200
323522,0,30,0,0,0,1,7,200,0,0,0,20,200,0,36,200,6,200,200,200,200
323531,0,15,0,0,0,3,7,4,0,0,0,20,200,2,200,200,6,200,200,200,200
323538,0,30,1,2,0,1,10,3,0,0,0,0,200,2,200,200,200,200,200,200,200
323538,0,30,1,2,0,1,10,3,0,0,0,0,200,1,44,0,0,0,0,200,200
323538,0,30,1,2,0,1,10,3,0,0,0,0,200,0,45,0,0,0,0,200,200
323547,0,30,0,0,0,1,12,2,0,0,0,17,11,0,200,0,1,0,0,200,200
323547,0,30,0,0,0,1,12,2,0,0,0,17,11,1,200,0,0,0,0,200,200
323549,0,0,0,0,0,1,7,7,0,0,0,23,23,1,41,0,7,0,0,200,200
323552,0,25,0,0,0,1,10,7,0,0,0,0,0,2,200,200,1,200,200,200,200
323552,0,25,0,0,0,1,10,7,0,0,0,0,0,1,42,0,0,0,0,200,200
323558,0,30,0,0,0,1,12,6,0,0,0,22,200,1,200,200,4,200,200,200,200
323558,0,30,0,0,0,1,12,6,0,0,0,22,200,0,51,200,12,200,0,200,200
323561,0,30,0,0,0,1,10,7,0,0,0,0,0,0,63,0,1,0,0,200,200
323561,0,30,0,0,0,1,10,7,0,0,0,0,0,1,200,200,0,200,0,200,200
323561,1,30,0,0,0,1,10,7,0,0,0,0,0,0,49,0,200,200,200,200,200
323563,0,30,0,0,0,1,12,5,0,1,0,17,200,0,200,200,1,200,200,200,200
323563,0,30,0,0,0,1,12,5,0,1,0,17,200,0,51,0,0,0,0,200,200
323565,4,30,0,0,0,1,8,5,0,0,0,0,0,0,43,3,0,200,0,200,200
323565,1,30,0,0,0,1,8,5,0,0,0,0,0,1,37,200,200,200,200,200,200
323568,0,30,1,2,0,1,10,5,0,0,0,18,17,1,23,200,1,0,0,200,200
323568,0,30,1,2,0,1,10,5,0,0,0,18,17,0,30,0,1,0,0,200,200
323568,1,30,1,2,0,1,10,5,0,0,0,18,17,0,35,0,200,200,200,200,200
323572,0,30,2,2,0,1,0,5,0,0,0,17,16,1,35,200,1,0,0,200,200
323572,0,30,2,2,0,1,0,5,0,0,0,17,16,1,55,3,0,0,0,200,200
323576,0,30,0,0,0,1,0,7,0,0,0,0,200,1,42,0,1,200,200,200,200
323576,0,30,0,0,0,1,0,7,0,0,0,0,200,0,79,200,200,200,200,200,200
323579,0,30,0,0,0,1,0,5,0,0,0,6,11,0,41,0,5,0,0,200,200
323579,0,30,0,0,0,1,0,5,0,0,0,6,11,0,26,0,5,0,0,200,200
323579,1,30,0,0,0,1,0,5,0,0,0,6,11,1,25,0,200,200,200,200,200
323580,0,30,1,2,2,1,12,5,0,1,200,21,21,0,51,200,4,200,200,200,200
323580,0,30,1,2,2,1,12,5,0,1,200,21,21,1,56,0,12,200,200,200,200
323580,1,30,1,2,2,1,12,5,0,1,200,21,21,1,24,0,200,200,200,200,200
323581,0,30,0,0,0,1,12,2,0,0,0,0,0,1,20,0,200,0,0,200,200
323581,0,30,0,0,0,1,12,2,0,0,0,0,0,0,48,0,200,0,0,200,200
323582,0,30,2,2,0,1,10,5,0,0,3,0,0,1,200,200,12,200,200,200,200
323582,0,30,2,2,0,1,10,5,0,0,3,0,0,1,52,0,0,0,0,200,200
323582,1,30,2,2,0,1,10,5,0,0,3,0,0,1,200,200,200,200,200,200,200
323582,1,30,2,2,0,1,10,5,0,0,3,0,0,0,200,200,200,200,200,200,200
323582,1,30,2,2,0,1,10,5,0,0,3,0,0,0,200,4,200,200,200,200,200
323582,1,30,2,2,0,1,10,5,0,0,3,0,0,0,200,200,200,200,200,200,200
323584,0,35,1,2,0,1,10,5,0,0,0,18,27,1,31,0,3,0,0,200,200
323584,0,35,1,2,0,1,10,5,0,0,0,18,27,0,70,0,0,0,0,200,200
323585,0,40,0,0,0,1,10,3,0,0,0,16,200,0,200,200,200,200,200,200,200
323585,0,40,0,0,0,1,10,3,0,0,0,16,200,0,22,0,0,0,0,200,200
323585,1,40,0,0,0,1,10,3,0,0,0,16,200,0,22,0,200,200,200,200,200
323585,1,40,0,0,0,1,10,3,0,0,0,16,200,200,200,200,200,200,200,200,200
323585,1,40,0,0,0,1,10,3,0,0,0,16,200,200,200,200,200,200,200,200,200
323589,0,30,2,2,0,1,10,5,0,0,0,18,200,2,200,200,3,200,200,200,200
323589,0,30,2,2,0,1,10,5,0,0,0,18,200,1,63,0,0,0,0,200,200
323595,0,15,0,12,0,1,0,0,0,0,0,25,14,1,18,1,13,12,200,200,200
323595,0,15,0,12,0,1,0,0,0,0,0,25,14,0,25,0,0,0,0,200,200
323595,1,15,0,12,0,1,0,0,0,0,0,25,14,1,24,200,200,200,200,200,200
323595,1,15,0,12,0,1,0,0,0,0,0,25,14,1,17,200,200,200,200,200,200
323595,1,15,0,12,0,1,0,0,0,0,0,25,14,0,17,7,200,200,200,200,200
323601,0,30,0,200,0,1,12,5,0,0,0,0,200,0,26,200,200,200,0,200,200
323601,0,30,0,200,0,1,12,5,0,0,0,0,200,0,63,200,200,200,0,200,200
323603,0,30,1,2,0,1,0,5,0,0,0,6,200,1,200,0,5,200,200,200,200
323603,0,30,1,2,0,1,0,5,0,0,0,6,200,1,37,0,0,0,0,200,200
323604,0,15,0,0,0,1,7,7,0,0,0,22,200,1,48,0,2,0,0,200,200
323606,0,30,1,2,0,3,10,2,0,0,0,0,19,0,200,200,3,200,200,200,200
323606,0,30,1,2,0,3,10,2,0,0,0,0,19,1,25,0,0,0,0,200,200
323606,1,30,1,2,0,3,10,2,0,0,0,0,19,1,200,0,200,200,200,200,200
323612,0,30,0,0,0,1,7,5,0,0,0,12,12,0,30,200,12,0,0,200,200
323614,0,35,0,0,0,1,7,5,0,0,0,200,200,1,200,200,200,200,200,200,200
323638,0,30,0,0,0,1,7,5,0,200,200,22,22,1,71,200,2,200,200,200,200
323638,1,30,0,0,0,1,7,5,0,200,200,22,22,0,77,0,200,200,200,200,200
323639,0,30,0,0,0,1,3,5,0,0,200,16,0,0,25,200,8,0,0,200,200
323639,0,30,0,0,0,1,3,5,0,0,200,16,0,0,24,0,0,0,0,200,200
323639,1,30,0,0,0,1,3,5,0,0,200,16,0,0,25,0,200,200,200,200,200
323644,0,30,0,0,2,1,0,2,0,1,0,17,200,1,200,200,1,200,200,200,200
323644,0,30,0,0,2,1,0,2,0,1,0,17,200,0,36,0,0,200,200,200,200
323645,0,30,200,200,200,200,7,5,0,200,200,0,200,2,200,200,200,200,200,200,200
323650,0,35,0,0,0,1,12,3,0,0,0,200,200,0,40,0,0,0,0,200,200
323650,0,35,0,0,0,1,12,3,0,0,0,200,200,1,59,0,0,0,0,200,200
323659,0,20,0,0,0,1,7,7,0,0,200,0,0,1,28,0,10,0,0,200,200
323663,0,30,0,0,1,1,7,7,0,0,0,0,200,1,53,200,200,200,200,200,200
323670,0,30,4,0,0,1,14,2,0,0,0,16,0,2,200,200,1,200,200,200,200
323670,0,30,4,0,0,1,14,2,0,0,0,16,0,0,60,0,200,0,0,200,200
323672,0,30,0,0,0,1,7,6,0,0,0,0,0,0,28,200,0,200,0,200,200
323673,0,30,12,12,0,1,12,5,0,0,12,21,28,1,41,200,4,0,0,200,200
323673,0,30,12,12,0,1,12,5,0,0,12,21,28,0,43,200,0,200,0,200,200
323676,0,30,0,0,0,1,12,5,0,0,0,17,23,1,36,0,1,0,0,200,200
323676,0,30,0,0,0,1,12,5,0,0,0,17,23,0,56,0,0,0,0,200,200
323682,0,30,0,0,0,1,12,2,0,0,0,11,0,0,37,0,12,0,0,200,200
323682,0,30,0,0,0,1,12,2,0,0,0,11,0,1,23,0,0,0,0,200,200
323685,0,30,0,0,0,1,2,2,0,0,0,0,200,1,37,0,12,0,0,200,200
323688,0,25,0,0,0,1,12,6,0,0,0,17,0,0,200,200,1,200,200,200,200
323688,0,25,0,0,0,1,12,6,0,0,0,17,0,0,98,0,12,0,0,200,200
323690,0,25,0,0,0,1,12,6,0,0,0,17,21,1,200,200,1,200,200,200,200
323690,0,25,0,0,0,1,12,6,0,0,0,17,21,0,38,0,0,0,0,200,200
323693,0,30,0,0,0,1,10,2,0,0,0,18,200,0,33,0,3,200,200,200,200
323693,0,30,0,0,0,1,10,2,0,0,0,18,200,0,54,0,0,0,200,200,200
323698,0,30,0,0,0,1,12,2,1,0,0,22,0,0,200,200,2,200,200,200,200
323698,0,30,0,0,0,1,12,2,1,0,0,22,0,1,44,0,0,0,0,200,200
323709,0,30,2,2,0,1,0,2,0,0,0,17,33,0,28,0,1,1,0,200,200
323709,0,30,2,2,0,1,0,2,0,0,0,17,33,1,25,0,12,0,0,200,200
323711,0,30,1,2,0,1,14,5,0,0,0,0,200,1,43,0,4,0,0,200,200
323711,0,30,1,2,0,1,14,5,0,0,0,0,200,0,62,0,0,0,0,200,200
323719,0,30,1,2,0,1,10,5,0,0,0,11,200,0,200,200,1,200,200,200,200
323719,0,30,1,2,0,1,10,5,0,0,0,11,200,1,200,0,0,0,0,200,200
323720,0,30,1,2,0,1,14,12,0,0,0,6,33,0,200,200,12,200,200,200,200
323720,0,30,1,2,0,1,14,12,0,0,0,6,33,0,27,0,0,1,0,200,200
323720,1,30,1,2,0,1,14,12,0,0,0,6,33,0,30,0,200,200,200,200,200
323720,1,30,1,2,0,1,14,12,0,0,0,6,33,200,17,0,200,200,200,200,200
323720,1,30,1,2,0,1,14,12,0,0,0,6,33,1,200,200,200,200,200,200,200
323722,0,30,1,2,0,1,14,5,0,0,0,0,11,0,28,0,7,0,0,200,200
323722,0,30,1,2,0,1,14,5,0,0,0,0,11,0,29,0,0,0,0,200,200
323722,1,30,1,2,0,1,14,5,0,0,0,0,11,0,200,0,200,200,200,200,200
323722,1,30,1,2,0,1,14,5,0,0,0,0,11,1,200,0,200,200,200,200,200
323722,1,30,1,2,0,1,14,5,0,0,0,0,11,0,200,0,200,200,200,200,200
323725,0,30,1,2,0,1,12,6,0,0,0,22,200,0,77,200,2,0,0,200,200
323725,0,30,1,2,0,1,12,6,0,0,0,22,200,1,49,200,0,0,0,200,200
323728,0,35,1,2,0,1,12,5,0,0,12,21,0,1,60,200,200,200,0,200,200
323728,0,35,1,2,0,1,12,5,0,0,12,21,0,1,21,200,0,200,0,200,200
323728,1,35,1,2,0,1,12,5,0,0,12,21,0,1,1,5,200,200,200,200,200
323730,0,30,0,0,0,1,5,5,0,0,200,0,27,1,200,0,0,200,200,200,200
323731,0,30,0,0,0,1,10,5,0,0,0,18,0,1,28,0,3,0,0,200,200
323731,0,30,0,0,0,1,10,5,0,0,0,18,0,1,38,0,12,0,0,200,200
323734,0,30,1,2,0,1,10,5,0,0,200,16,12,1,28,0,3,0,0,200,200
323734,0,30,1,2,0,1,10,5,0,0,200,16,12,0,33,0,0,0,0,200,200
323736,0,15,0,0,0,1,7,7,0,0,0,200,200,2,200,200,200,200,200,200,200
323745,0,25,0,0,0,1,12,5,0,0,0,22,17,1,75,200,1,0,0,200,200
323745,0,25,0,0,0,1,12,5,0,0,0,22,17,0,62,200,0,0,0,200,200
323746,0,30,1,2,0,1,10,5,0,0,0,18,200,0,28,0,3,200,200,200,200
323746,0,30,1,2,0,1,10,5,0,0,0,18,200,0,28,0,0,0,0,200,200
323746,1,30,1,2,0,1,10,5,0,0,0,18,200,2,200,0,200,200,200,200,200
323746,1,30,1,2,0,1,10,5,0,0,0,18,200,1,200,0,200,200,200,200,200
323752,0,30,0,0,0,1,10,5,0,0,0,18,200,1,200,200,3,0,0,200,200
323752,0,30,0,0,0,1,10,5,0,0,0,18,200,0,200,0,0,0,0,200,200
323752,0,30,0,0,0,1,10,5,0,0,0,18,200,0,36,0,0,0,0,200,200
323757,0,30,2,2,0,1,0,5,0,0,0,5,5,0,68,0,5,0,0,200,200
323757,0,30,2,2,0,1,0,5,0,0,0,5,5,0,29,0,0,0,0,200,200
323759,0,30,1,2,0,1,14,5,0,0,200,21,200,0,200,200,4,200,200,200,200
323759,0,30,1,2,0,1,14,5,0,0,200,21,200,1,23,0,0,0,0,200,200
323759,1,30,1,2,0,1,14,5,0,0,200,21,200,0,200,200,200,200,200,200,200
323760,0,25,1,2,0,1,0,2,0,0,0,6,0,1,39,200,5,200,0,200,200
323760,0,25,1,2,0,1,0,2,0,0,0,6,0,0,59,200,200,200,0,200,200
323760,1,25,1,2,0,1,0,2,0,0,0,6,0,1,64,200,200,200,200,200,200
323769,5,30,1,2,1,1,9,3,0,0,0,11,0,1,31,200,200,0,0,200,200
323769,0,30,1,2,1,1,9,3,0,0,0,11,0,1,0,200,200,200,0,200,200
323770,0,30,0,0,0,1,7,6,0,0,0,0,200,0,56,200,0,200,200,200,200
323770,1,30,0,0,0,1,7,6,0,0,0,0,200,1,200,200,200,200,200,200,200
323770,1,30,0,0,0,1,7,6,0,0,0,0,200,1,200,0,200,200,200,200,200
323772,0,30,1,2,0,1,10,2,0,0,0,16,0,0,200,0,1,0,0,200,200
323772,0,30,1,2,0,1,10,2,0,0,0,16,0,1,47,0,12,0,0,200,200
323778,0,30,0,0,0,1,7,12,0,0,0,20,200,0,200,200,6,200,200,200,200
323779,0,30,1,2,0,1,10,2,0,0,0,18,200,0,56,0,3,0,0,200,200
323779,0,30,1,2,0,1,10,2,0,0,0,18,200,1,31,0,0,0,0,200,200
323780,0,30,0,0,0,1,10,3,0,0,0,18,200,0,29,200,3,0,0,200,200
323780,0,30,0,0,0,1,10,3,0,0,0,18,200,0,70,0,0,0,0,200,200
323781,0,30,0,2,0,1,8,3,0,0,0,0,200,0,58,200,12,200,0,200,200
323781,4,30,0,2,0,1,8,3,0,0,0,0,200,1,20,7,0,200,0,200,200
323785,0,30,0,0,0,1,7,2,0,0,0,0,0,0,27,0,12,200,200,200,200
323797,0,35,2,2,0,1,10,5,0,0,0,18,0,1,48,0,3,0,0,200,200
323797,0,35,2,2,0,1,10,5,0,0,0,18,0,0,64,0,0,0,0,200,200
323802,0,30,1,2,0,1,10,5,0,0,0,18,16,0,200,200,3,200,200,200,200
323802,0,30,1,2,0,1,10,5,0,0,0,18,16,1,200,0,0,0,0,200,200
323804,0,30,1,2,0,1,14,1,0,0,0,23,200,0,63,200,7,0,200,200,200
323804,0,30,1,2,0,1,14,1,0,0,0,23,200,1,28,200,200,200,0,200,200
323804,1,30,1,2,0,1,14,1,0,0,0,23,200,1,5,200,200,200,200,200,200
323804,1,30,1,2,0,1,14,1,0,0,0,23,200,1,62,200,200,200,200,200,200
323806,0,30,1,2,0,1,14,3,0,0,0,16,6,0,55,0,5,0,0,200,200
323806,0,30,1,2,0,1,14,3,0,0,0,16,6,1,26,0,0,1,0,200,200
323807,0,30,1,2,0,1,10,5,0,0,0,18,200,0,32,200,3,0,0,200,200
323807,0,30,1,2,0,1,10,5,0,0,0,18,200,1,46,200,0,0,0,200,200
323819,0,30,1,200,0,1,12,5,0,0,0,21,200,1,22,0,200,0,0,200,200
323819,0,30,1,200,0,1,12,5,0,0,0,21,200,0,53,0,200,0,0,200,200
323819,1,30,1,200,0,1,12,5,0,0,0,21,200,1,200,0,200,200,200,200,200
323819,1,30,1,200,0,1,12,5,0,0,0,21,200,0,200,0,200,200,200,200,200
323824,0,30,0,0,0,1,7,5,0,0,0,0,200,0,42,0,6,0,0,200,200
323832,0,30,1,2,0,1,12,2,0,0,0,21,200,0,16,0,4,0,0,200,200
323832,0,30,1,2,0,1,12,2,0,0,0,21,200,1,47,0,0,0,0,200,200
323834,0,25,0,0,0,1,7,5,0,0,0,0,200,2,200,200,200,200,200,200,200
323835,0,30,0,0,0,1,14,5,0,0,0,0,0,1,200,0,7,0,0,200,200
323835,0,30,0,0,0,1,14,5,0,0,0,0,0,0,200,0,0,0,0,200,200
323837,0,30,0,0,200,200,7,6,0,0,200,0,0,2,200,200,1,200,200,200,200
323838,0,30,0,0,0,1,7,6,0,0,0,0,0,2,200,200,200,200,200,200,200
323843,0,30,0,0,0,1,5,5,0,0,0,23,23,0,200,7,7,0,0,200,200
323843,0,30,0,0,0,1,5,5,0,0,0,23,23,1,33,0,0,0,0,200,200
323843,1,30,0,0,0,1,5,5,0,0,0,23,23,200,200,0,200,200,200,200,200
323847,0,30,0,0,0,1,10,5,0,0,0,0,0,0,200,200,200,200,200,200,200
323847,0,30,0,0,0,1,10,5,0,0,0,0,0,0,44,0,0,0,0,200,200
323849,0,30,0,0,0,1,7,5,0,0,0,0,11,2,200,200,200,200,200,200,200
323852,0,0,0,0,0,1,7,7,0,0,200,0,0,1,200,200,200,200,200,200,200
323853,0,30,0,0,0,1,7,6,0,0,0,12,200,0,200,200,200,200,200,200,200
323853,1,30,0,0,0,1,7,6,0,0,0,12,200,0,56,0,200,200,200,200,200
323854,0,30,0,0,0,2,11,5,0,0,0,21,200,0,62,0,12,0,0,200,200
323854,0,30,0,0,0,2,11,5,0,0,0,21,200,1,54,0,0,0,0,200,200
323858,0,30,0,0,0,1,7,2,0,0,0,0,200,2,200,200,12,200,200,200,200
323869,0,30,1,2,0,1,10,5,0,200,200,16,0,0,200,200,3,200,200,200,200
323869,0,30,1,2,0,1,10,5,0,200,200,16,0,1,41,0,0,0,0,200,200
323869,1,30,1,2,0,1,10,5,0,200,200,16,0,0,38,0,200,200,200,200,200
323869,1,30,1,2,0,1,10,5,0,200,200,16,0,0,3,5,200,200,200,200,200
323869,1,30,1,2,0,1,10,5,0,200,200,16,0,0,10,0,200,200,200,200,200
323869,1,30,1,2,0,1,10,5,0,200,200,16,0,1,7,0,200,200,200,200,200
323870,0,25,0,0,0,1,0,5,0,0,0,8,200,0,69,0,12,0,0,200,200
323870,0,25,0,0,0,1,0,5,0,0,0,8,200,1,60,0,0,0,0,200,200
323881,0,30,2,2,0,1,0,12,0,0,0,17,16,1,20,0,1,0,0,200,200
323881,0,30,2,2,0,1,0,12,0,0,0,17,16,1,54,0,12,0,0,200,200
323889,0,25,0,0,0,1,3,5,0,0,0,22,200,0,0,0,2,200,0,200,200
323889,0,25,0,0,0,1,3,5,0,0,0,22,200,0,31,0,200,0,0,200,200
323889,1,25,0,0,0,1,3,5,0,0,0,22,200,0,61,0,200,200,200,200,200
323893,0,30,0,0,0,1,7,3,0,0,0,11,200,0,37,0,0,0,0,200,200
323900,0,30,1,2,1,1,10,5,0,0,0,18,11,1,51,0,3,0,0,200,200
323900,0,30,1,2,1,1,10,5,0,0,0,18,11,0,59,0,12,0,0,200,200
323905,0,35,0,0,0,1,10,5,0,0,0,18,200,0,36,0,1,0,0,200,200
323905,0,35,0,0,0,1,10,5,0,0,0,18,200,0,24,0,0,0,0,200,200
323909,0,25,0,0,0,1,12,2,0,0,0,0,0,0,200,200,1,200,200,200,200
323909,0,25,0,0,0,1,12,2,0,0,0,0,0,1,36,0,1,0,0,200,200
323912,0,30,0,0,0,1,10,2,0,0,0,20,25,2,200,200,6,200,200,200,200
323912,0,30,0,0,0,1,10,2,0,0,0,20,25,0,39,0,0,0,0,200,200
323918,0,30,0,0,0,1,10,2,0,0,200,18,18,1,21,0,3,200,0,200,200
323918,0,30,0,0,0,1,10,2,0,0,200,18,18,0,22,200,0,200,0,200,200
323918,1,30,0,0,0,1,10,2,0,0,200,18,18,0,28,200,200,200,200,200,200
323918,1,30,0,0,0,1,10,2,0,0,200,18,18,0,1,5,200,200,200,200,200
323919,0,30,1,2,0,1,10,5,0,1,0,200,200,0,200,200,5,200,200,200,200
323919,0,30,1,2,0,1,10,5,0,1,0,200,200,0,32,200,0,0,0,200,200
323920,0,30,1,200,0,1,12,5,0,0,200,0,0,0,200,200,200,200,200,200,200
323920,0,30,1,200,0,1,12,5,0,0,200,0,0,1,31,0,0,200,200,200,200
323921,0,15,0,0,0,1,7,2,0,0,0,0,200,0,57,0,200,0,200,200,200
323924,4,30,1,2,0,1,8,5,0,200,200,18,22,0,200,2,2,200,200,200,200
323924,0,30,1,2,0,1,8,5,0,200,200,18,22,0,60,0,200,200,0,200,200
323927,0,30,1,2,0,1,10,5,0,0,0,0,200,1,41,0,200,0,0,200,200
323927,0,30,1,2,0,1,10,5,0,0,0,0,200,1,200,200,0,200,0,200,200
323927,1,30,1,2,0,1,10,5,0,0,0,0,200,1,14,0,200,200,200,200,200
323927,1,30,1,2,0,1,10,5,0,0,0,0,200,0,3,5,200,200,200,200,200
323927,1,30,1,2,0,1,10,5,0,0,0,0,200,0,200,0,200,200,200,200,200
323933,0,30,1,2,0,1,14,5,0,0,200,200,200,0,55,0,12,0,0,200,200
323933,0,30,1,2,0,1,14,5,0,0,200,200,200,1,24,0,12,0,0,200,200
323935,0,30,1,2,0,1,10,3,0,0,200,16,18,0,200,200,3,200,200,200,200
323935,0,30,1,2,0,1,10,3,0,0,200,16,18,1,19,200,0,0,0,200,200
323935,1,30,1,2,0,1,10,3,0,0,200,16,18,1,19,200,200,200,200,200,200
323935,1,30,1,2,0,1,10,3,0,0,200,16,18,1,12,200,200,200,200,200,200
323935,1,30,1,2,0,1,10,3,0,0,200,16,18,1,14,200,200,200,200,200,200
323937,0,30,2,2,0,1,10,5,0,0,0,0,0,1,200,0,3,0,0,200,200
323937,0,30,2,2,0,1,10,5,0,0,0,0,0,0,200,0,0,0,0,200,200
323944,0,30,0,0,0,1,12,5,0,0,0,21,200,0,200,200,4,200,200,200,200
323944,0,30,0,0,0,1,12,5,0,0,0,21,200,0,46,0,0,0,0,200,200
323945,0,30,0,0,0,1,0,5,0,0,0,17,200,0,200,200,1,200,200,200,200
323945,0,30,0,0,0,1,0,5,0,0,0,17,200,1,44,0,0,0,0,200,200
323945,1,30,0,0,0,1,0,5,0,0,0,17,200,1,14,0,200,200,200,200,200
323946,0,25,0,0,0,1,7,2,0,0,0,0,0,2,200,200,1,200,200,200,200
323949,0,30,1,2,0,1,0,12,0,0,200,0,200,1,38,200,1,200,0,200,200
323949,0,30,1,2,0,1,0,12,0,0,200,0,200,1,31,200,0,200,0,200,200
323949,0,30,1,2,0,1,0,12,0,0,200,0,200,1,21,200,0,200,0,200,200
323949,1,30,1,2,0,1,0,12,0,0,200,0,200,0,8,0,200,200,200,200,200
323949,1,30,1,2,0,1,0,12,0,0,200,0,200,1,19,200,200,200,200,200,200
323949,1,30,1,2,0,1,0,12,0,0,200,0,200,1,22,200,200,200,200,200,200
323959,0,30,0,0,1,1,12,5,0,0,0,21,17,0,36,0,4,0,0,200,200
323959,0,30,0,0,1,1,12,5,0,0,0,21,17,1,50,0,12,0,0,200,200
323962,0,30,0,3,0,1,14,3,0,0,0,0,200,1,47,200,1,200,200,200,200
323962,0,30,0,3,0,1,14,3,0,0,0,0,200,0,34,0,0,0,0,200,200
323965,0,30,200,200,0,1,10,5,0,200,200,0,200,0,39,200,200,200,0,200,200
323965,0,30,200,200,0,1,10,5,0,200,200,0,200,1,62,200,200,200,0,200,200
323967,0,30,1,2,0,1,10,3,0,0,0,22,200,0,33,0,2,0,0,200,200
323967,0,30,1,2,0,1,10,3,0,0,0,22,200,0,57,0,0,0,0,200,200
323967,1,30,1,2,0,1,10,3,0,0,0,22,200,1,200,0,200,200,200,200,200
323974,0,30,0,0,0,1,7,5,0,0,0,11,200,1,200,200,1,200,200,200,200
323981,0,30,1,2,0,1,12,2,0,0,0,22,200,0,63,200,7,0,0,200,200
323981,0,30,1,2,0,1,12,2,0,0,0,22,200,0,63,200,0,0,0,200,200
323986,0,30,1,2,0,1,10,3,0,0,0,18,200,0,34,0,0,0,0,200,200
323986,0,30,1,2,0,1,10,3,0,0,0,18,200,1,49,0,12,0,0,200,200
324004,0,30,200,200,200,200,10,5,0,200,200,0,200,0,33,0,3,200,200,200,200
324004,0,30,200,200,200,200,10,5,0,200,200,0,200,0,22,0,200,200,200,200,200
324006,0,30,1,2,2,1,10,5,0,1,0,18,200,1,64,0,0,0,0,200,200
324006,0,30,1,2,2,1,10,5,0,1,0,18,200,0,200,200,4,200,200,200,200
324008,0,30,0,0,2,1,14,5,0,1,0,17,200,0,46,0,1,0,0,200,200
324008,0,30,0,0,2,1,14,5,0,1,0,17,200,0,31,0,0,0,0,200,200
324008,1,30,0,0,2,1,14,5,0,1,0,17,200,0,46,0,200,200,200,200,200
324019,0,30,0,0,2,3,14,5,0,1,0,21,25,0,18,0,4,0,0,200,200
324019,0,30,0,0,2,3,14,5,0,1,0,21,25,1,58,0,0,0,0,200,200
324019,1,30,0,0,2,3,14,5,0,1,0,21,25,1,10,0,200,200,200,200,200
324024,0,30,0,0,0,1,0,5,0,0,0,17,17,0,20,200,1,0,0,200,200
324024,0,30,0,0,0,1,0,5,0,0,0,17,17,0,61,0,0,0,0,200,200
324025,0,35,0,0,2,4,2,5,0,1,0,0,0,2,200,200,200,200,200,200,200
324025,1,35,0,0,2,4,2,5,0,1,0,0,0,0,47,0,200,200,200,200,200
324028,0,30,0,0,1,1,10,6,0,0,200,0,0,1,200,200,200,200,200,200,200
324028,0,30,0,0,1,1,10,6,0,0,200,0,0,1,38,0,0,0,0,200,200
324030,0,30,0,0,2,1,7,7,0,1,0,20,200,2,200,200,6,200,200,200,200
324030,1,30,0,0,2,1,7,7,0,1,0,20,200,0,200,0,200,200,200,200,200
324031,0,30,0,0,2,1,12,6,0,1,0,11,0,0,200,0,12,200,200,200,200
324031,0,30,0,0,2,1,12,6,0,1,0,11,0,0,24,0,0,0,0,200,200
324038,0,30,0,0,2,3,7,5,0,1,200,16,200,0,59,200,200,200,200,200,200
324039,0,30,0,0,0,1,10,6,0,0,200,18,18,0,42,200,1,200,200,200,200
324039,0,30,0,0,0,1,10,6,0,0,200,18,18,1,36,0,12,12,0,200,200
324039,1,30,0,0,0,1,10,6,0,0,200,18,18,0,12,0,200,200,200,200,200
324041,4,30,0,3,2,4,8,5,0,1,0,33,0,0,52,7,0,200,0,200,200
324047,0,30,0,0,2,2,7,5,0,1,0,0,200,0,77,0,0,0,0,200,200
324047,1,30,0,0,2,2,7,5,0,1,0,0,200,0,200,200,200,200,200,200,200
324048,0,30,0,200,2,1,10,5,0,1,0,0,200,1,26,200,3,200,0,200,200
324048,0,30,0,200,2,1,10,5,0,1,0,0,200,1,27,200,200,200,0,200,200
324050,0,35,0,0,2,1,12,5,0,1,0,21,11,1,20,0,200,0,0,200,200
324050,0,35,0,0,2,1,12,5,0,1,0,21,11,0,59,0,200,0,0,200,200
324061,0,30,1,2,1,4,10,1,0,0,0,18,200,0,30,0,3,0,0,200,200
324061,0,30,1,2,1,4,10,1,0,0,0,18,200,0,45,0,0,0,0,200,200