RD_NO,PERSON_TYPE,POSTED_SPEED_LIMIT,TRAFFIC_CONTROL_DEVICE,DEVICE_CONDITION,WEATHER_CONDITION,LIGHTING_CONDITION,FIRST_CRASH_TYPE,TRAFFICWAY_TYPE,ALIGNMENT,ROADWAY_SURFACE_COND,ROAD_DEFECT,PRIM_CONTRIBUTORY_CAUSE,SEC_CONTRIBUTORY_CAUSE,SEX,AGE,SAFETY_EQUIPMENT,DRIVER_ACTION,DRIVER_VISION,PHYSICAL_CONDITION,BAC_RESULT VALUE,CELL_PHONE_USE
324061,0,30,1,2,1,4,10,1,0,0,0,18,200,1,23,0,0,0,0,200,200
324061,1,30,1,2,1,4,10,1,0,0,0,18,200,0,26,0,200,200,200,200,200
324061,1,30,1,2,1,4,10,1,0,0,0,18,200,0,26,0,200,200,200,200,200
324063,0,30,1,0,2,1,10,5,0,1,0,17,18,1,200,200,1,200,200,200,200
324063,0,30,1,0,2,1,10,5,0,1,0,17,18,1,32,0,0,0,0,200,200
324063,1,30,1,0,2,1,10,5,0,1,0,17,18,0,34,0,200,200,200,200,200
324065,0,30,200,200,0,1,12,5,0,0,200,0,200,0,41,200,200,200,0,200,200
324065,0,30,200,200,0,1,12,5,0,0,200,0,200,1,51,200,200,200,0,200,200
324066,0,30,0,0,0,1,7,2,0,200,200,11,16,2,200,200,8,200,200,200,200
324066,1,30,0,0,0,1,7,2,0,200,200,11,16,0,34,200,200,200,200,200,200
324066,1,30,0,0,0,1,7,2,0,200,200,11,16,0,55,200,200,200,200,200,200
324068,0,30,1,2,2,1,10,5,0,1,0,34,18,0,49,200,12,0,0,200,200
324068,0,30,1,2,2,1,10,5,0,1,0,34,18,0,60,200,0,0,0,200,200
324071,0,30,1,2,2,1,14,2,0,1,0,23,200,1,39,200,7,12,0,200,200
324071,0,30,1,2,2,1,14,2,0,1,0,23,200,1,34,0,0,12,0,200,200
324074,0,30,0,0,2,1,14,5,0,1,0,0,200,0,45,0,1,0,0,200,200
324074,0,30,0,0,2,1,14,5,0,1,0,0,200,0,27,0,0,0,0,200,200
324074,1,30,0,0,2,1,14,5,0,1,0,0,200,200,200,0,200,200,200,200,200
324074,1,30,0,0,2,1,14,5,0,1,0,0,200,200,200,5,200,200,200,200,200
324077,0,25,1,2,2,3,8,5,0,1,0,0,0,0,54,0,12,0,0,200,200
324077,4,25,1,2,2,3,8,5,0,1,0,0,0,0,33,7,12,0,0,200,200
324077,1,25,1,2,2,3,8,5,0,1,0,0,0,1,26,0,200,200,200,200,200
324080,0,25,1,2,2,3,9,5,0,1,0,33,7,0,32,0,1,4,0,200,200
324080,5,25,1,2,2,3,9,5,0,1,0,33,7,1,30,7,0,0,1,200,200
324080,1,25,1,2,2,3,9,5,0,1,0,33,7,200,200,0,200,200,200,200,200
324080,1,25,1,2,2,3,9,5,0,1,0,33,7,200,200,0,200,200,200,200,200
324080,1,25,1,2,2,3,9,5,0,1,0,33,7,200,200,0,200,200,200,200,200
324100,0,25,0,0,0,1,0,2,0,0,0,0,0,0,33,0,1,0,0,200,200
324100,0,25,0,0,0,1,0,2,0,0,0,0,0,1,47,0,0,0,0,200,200
324105,0,30,0,0,2,4,0,5,0,1,0,17,16,1,20,0,1,0,0,200,200
324105,0,30,0,0,2,4,0,5,0,1,0,17,16,0,41,0,0,0,0,200,200
324105,1,30,0,0,2,4,0,5,0,1,0,17,16,1,200,0,200,200,200,200,200
324107,0,30,1,2,0,1,0,5,0,0,0,17,0,2,200,200,5,200,200,200,200
324107,0,30,1,2,0,1,0,5,0,0,0,17,0,0,32,0,1,0,0,200,200
324117,0,35,0,0,2,0,7,5,0,1,0,16,200,1,30,0,8,200,1,200,200
324117,1,35,0,0,2,0,7,5,0,1,0,16,200,1,200,0,200,200,200,200,200
324117,1,35,0,0,2,0,7,5,0,1,0,16,200,0,200,0,200,200,200,200,200
324118,0,35,0,0,2,2,6,3,0,1,0,16,34,2,200,200,8,200,200,200,200
324127,0,30,0,0,2,1,10,5,0,0,0,0,200,0,33,0,200,200,200,200,200
324127,0,30,0,0,2,1,10,5,0,0,0,0,200,0,36,0,0,0,0,200,200
324130,0,35,0,0,2,3,14,2,0,1,0,34,34,1,36,0,12,4,0,200,200
324130,0,35,0,0,2,3,14,2,0,1,0,34,34,1,25,0,0,0,0,200,200
324136,0,30,1,2,0,4,10,5,0,1,0,200,18,0,35,0,3,0,0,200,200
324136,0,30,1,2,0,4,10,5,0,1,0,200,18,1,52,0,0,0,0,200,200
324139,0,30,1,2,0,1,12,5,0,0,0,0,0,1,25,0,1,0,0,200,200
324139,0,30,1,2,0,1,12,5,0,0,0,0,0,1,53,0,0,0,0,200,200
324142,4,30,0,0,0,1,8,12,0,0,0,0,200,0,200,7,0,0,0,200,200
324142,1,30,0,0,0,1,8,12,0,0,0,0,200,0,200,200,200,200,200,200,200
324145,0,30,1,2,0,1,0,5,0,0,0,6,200,0,54,0,5,200,200,200,200
324145,0,30,1,2,0,1,0,5,0,0,0,6,200,0,25,0,0,200,0,200,200
324152,0,35,0,0,2,4,0,2,0,1,0,17,200,0,200,200,1,200,200,200,200
324152,0,35,0,0,2,4,0,2,0,1,0,17,200,1,56,0,0,0,0,200,200
324156,0,30,1,2,2,1,14,5,0,1,200,17,11,0,200,200,1,200,200,200,200
324156,0,30,1,2,2,1,14,5,0,1,200,17,11,0,25,200,0,200,0,200,200
324156,1,30,1,2,2,1,14,5,0,1,200,17,11,200,200,200,200,200,200,200,200
324158,0,35,0,0,2,1,12,5,0,1,0,23,34,1,25,0,7,4,0,200,200
324158,0,35,0,0,2,1,12,5,0,1,0,23,34,0,56,0,0,0,0,200,200
324161,0,30,7,2,2,1,10,2,0,1,0,18,34,1,49,200,3,0,0,200,200
324161,0,30,7,2,2,1,10,2,0,1,0,18,34,0,35,0,12,0,0,200,200
324162,0,25,0,0,2,3,9,5,0,1,0,17,200,2,200,200,1,200,200,200,200
324162,5,25,0,0,2,3,9,5,0,1,0,17,200,1,11,200,0,200,0,200,200
324163,0,30,200,200,200,200,9,2,0,200,200,0,0,1,200,200,200,200,200,200,200
324163,5,30,200,200,200,200,9,2,0,200,200,0,0,1,18,7,0,0,200,200,200
324164,0,30,1,2,2,3,2,5,0,1,0,34,0,1,32,0,7,200,0,200,200
324164,1,30,1,2,2,3,2,5,0,1,0,34,0,1,11,0,200,200,200,200,200
324166,0,30,0,0,0,3,6,7,0,1,0,11,34,1,32,0,10,0,0,200,200
324166,1,30,0,0,0,3,6,7,0,1,0,11,34,0,37,0,200,200,200,200,200
324166,1,30,0,0,0,3,6,7,0,1,0,11,34,2,3,5,200,200,200,200,200
324166,1,30,0,0,0,3,6,7,0,1,0,11,34,1,9,5,200,200,200,200,200
324166,1,30,0,0,0,3,6,7,0,1,0,11,34,2,5,5,200,200,200,200,200
324167,0,20,0,0,2,3,7,5,0,1,200,34,20,1,53,200,6,200,0,200,200
324174,0,30,200,200,200,200,12,5,0,200,200,0,200,1,26,200,200,200,200,200,200
324174,0,30,200,200,200,200,12,5,0,200,200,0,200,1,28,200,0,200,0,200,200
324181,0,30,200,200,200,200,7,2,0,200,0,17,0,0,26,200,200,200,0,200,200
324183,0,10,0,0,0,1,7,12,0,200,200,0,200,2,200,200,200,200,200,200,200
324185,0,30,0,0,0,4,10,6,0,0,0,22,200,0,55,200,2,0,0,200,200
324185,0,30,0,0,0,4,10,6,0,0,0,22,200,0,28,7,200,0,0,200,200
324193,0,40,3,200,2,3,12,3,0,1,200,0,200,0,200,200,4,200,200,200,200
324193,0,40,3,200,2,3,12,3,0,1,200,0,200,0,21,200,0,200,0,200,200
324193,1,40,3,200,2,3,12,3,0,1,200,0,200,0,20,200,200,200,200,200,200
324193,1,40,3,200,2,3,12,3,0,1,200,0,200,1,21,200,200,200,200,200,200
324193,1,40,3,200,2,3,12,3,0,1,200,0,200,0,20,200,200,200,200,200,200
324202,5,30,0,0,2,3,9,5,0,1,0,0,0,1,65,7,200,200,200,200,200
324202,0,30,0,0,2,3,9,5,0,1,0,0,0,0,200,200,200,200,200,200,200
324204,0,30,1,1,2,3,10,5,0,1,0,0,0,0,23,200,5,200,200,200,200
324204,0,30,1,1,2,3,10,5,0,1,0,0,0,0,37,7,0,0,0,200,200
324206,0,30,0,0,0,2,2,3,0,0,0,0,200,0,24,0,200,0,0,200,200
324208,0,30,1,2,2,3,14,5,0,1,200,17,200,0,21,200,1,200,0,200,200
324208,0,30,1,2,2,3,14,5,0,1,200,17,200,0,22,200,0,200,0,200,200
324209,0,30,0,0,2,3,2,5,0,1,200,15,200,0,58,200,8,200,0,200,200
324219,0,35,1,2,0,3,7,5,0,1,0,0,0,2,200,200,200,200,200,200,200
324220,0,30,0,0,1,4,7,5,0,1,0,25,34,0,18,200,200,200,200,200,200
324220,1,30,0,0,1,4,7,5,0,1,0,25,34,200,200,200,200,200,200,200,200
324223,0,30,1,200,2,3,10,5,0,1,200,18,200,0,37,200,3,200,0,200,200
324223,0,30,1,200,2,3,10,5,0,1,200,18,200,0,56,200,0,200,0,200,200
324223,0,30,1,200,2,3,10,5,0,1,200,18,200,1,54,200,0,200,0,200,200
324239,0,30,0,0,2,3,7,6,0,1,0,20,0,1,30,200,6,200,200,200,200
324249,5,30,0,0,2,3,9,5,2,1,0,23,34,0,20,7,0,0,0,200,200
324249,0,30,0,0,2,3,9,5,2,1,0,23,34,0,32,0,7,0,0,200,200
324249,1,30,0,0,2,3,9,5,2,1,0,23,34,200,200,0,200,200,200,200,200
324250,0,30,0,0,0,1,2,5,0,0,0,0,0,2,200,200,200,200,200,200,200
324270,0,30,0,0,2,0,4,12,0,1,1,0,0,0,66,0,200,12,0,200,200
324270,3,30,0,0,2,0,4,12,0,1,1,0,0,200,200,200,200,200,200,200,200
324274,0,35,1,2,2,3,10,5,0,1,12,0,0,0,200,200,200,200,200,200,200
324274,0,35,1,2,2,3,10,5,0,1,12,0,0,1,60,0,200,0,0,200,200
324274,1,35,1,2,2,3,10,5,0,1,12,0,0,1,54,0,200,200,200,200,200
324275,0,30,0,0,2,3,6,3,3,1,0,0,200,2,200,200,200,200,200,200,200
324294,0,30,1,2,2,3,14,5,0,1,200,17,21,0,82,0,1,0,0,200,200
324294,0,30,1,2,2,3,14,5,0,1,200,17,21,1,49,0,0,0,0,200,200
324296,0,25,0,0,2,0,2,7,0,1,0,34,200,0,26,0,0,4,0,200,200
324296,1,25,0,0,2,0,2,7,0,1,0,34,200,200,200,0,200,200,200,200,200
324299,0,35,0,0,0,0,7,5,0,1,0,14,14,1,58,200,200,200,0,200,200
324301,0,30,200,200,200,3,12,5,0,1,200,23,200,0,46,200,7,200,200,200,200
324301,0,30,200,200,200,3,12,5,0,1,200,23,200,0,48,200,0,200,0,200,200
324303,0,30,1,2,0,3,14,2,0,0,0,14,21,0,17,7,7,0,0,200,200
324303,0,30,1,2,0,3,14,2,0,0,0,14,21,0,24,0,0,0,0,200,200
324304,0,30,1,2,0,0,10,2,0,1,0,32,16,1,41,200,8,0,5,0.2,200
324304,0,30,1,2,0,0,10,2,0,1,0,32,16,0,27,0,0,0,0,200,200
324304,1,30,1,2,0,0,10,2,0,1,0,32,16,0,18,0,200,200,200,200,200
324304,1,30,1,2,0,0,10,2,0,1,0,32,16,0,23,0,200,200,200,200,200
324304,1,30,1,2,0,0,10,2,0,1,0,32,16,1,19,0,200,200,200,200,200
324304,1,30,1,2,0,0,10,2,0,1,0,32,16,0,37,0,200,200,200,200,200
324305,0,40,0,0,0,3,2,5,0,1,0,1,0,0,37,0,200,0,0,200,200
324309,0,30,1,2,2,0,14,5,0,1,0,17,200,0,35,200,1,0,0,200,200
324309,0,30,1,2,2,0,14,5,0,1,0,17,200,0,38,200,12,0,0,200,200
324311,0,30,0,0,0,3,10,5,0,0,0,18,200,0,38,0,3,200,0,200,200
324311,0,30,0,0,0,3,10,5,0,0,0,18,200,1,44,0,0,0,0,200,200
324315,0,30,1,2,2,3,10,3,0,1,0,0,200,0,28,200,200,0,0,200,200
324315,0,30,1,2,2,3,10,3,0,1,0,0,200,1,200,200,200,200,200,200,200
324336,0,30,0,0,0,3,7,5,0,1,0,16,15,0,200,200,8,200,200,200,200
324336,1,30,0,0,0,3,7,5,0,1,0,16,15,0,16,200,200,200,200,200,200
324336,1,30,0,0,0,3,7,5,0,1,0,16,15,1,14,200,200,200,200,200,200
324336,1,30,0,0,0,3,7,5,0,1,0,16,15,0,33,200,200,200,200,200,200
324336,1,30,0,0,0,3,7,5,0,1,0,16,15,1,16,200,200,200,200,200,200
324339,0,30,0,0,2,3,12,2,0,1,200,22,10,0,51,7,2,0,0,200,200
324339,0,30,0,0,2,3,12,2,0,1,200,22,10,1,51,0,0,0,0,200,200
324342,0,40,0,0,2,3,12,3,0,1,0,34,25,0,39,0,4,0,2,200,200
324342,0,40,0,0,2,3,12,3,0,1,0,34,25,0,46,0,0,0,0,200,200
324352,0,35,1,2,0,3,0,5,0,1,0,6,0,0,200,200,5,200,200,200,200
324352,0,35,1,2,0,3,0,5,0,1,0,6,0,0,57,0,0,0,0,200,200
324359,0,30,1,2,2,0,2,2,3,1,0,0,200,0,200,200,200,200,200,200,200
324359,1,30,1,2,2,0,2,2,3,1,0,0,200,1,26,200,200,200,200,200,200
324371,0,30,1,2,2,3,14,2,0,1,0,0,0,0,23,0,200,0,0,200,200
324371,0,30,1,2,2,3,14,2,0,1,0,0,0,0,43,0,200,0,0,200,200
324374,0,25,0,0,2,200,12,3,3,1,0,34,200,0,23,200,8,0,0,200,200
324374,0,25,0,0,2,200,12,3,3,1,0,34,200,0,26,200,0,0,0,200,200
324377,0,30,1,2,2,3,14,2,0,1,0,17,34,0,62,0,1,0,0,200,200
324377,0,30,1,2,2,3,14,2,0,1,0,17,34,0,47,0,0,0,0,200,200
324381,0,30,1,2,2,3,2,2,0,1,0,0,200,2,200,200,200,200,200,200,200
324381,1,30,1,2,2,3,2,2,0,1,0,0,200,1,21,200,200,200,200,200,200
324381,1,30,1,2,2,3,2,2,0,1,0,0,200,200,22,200,200,200,200,200,200
324381,1,30,1,2,2,3,2,2,0,1,0,0,200,1,19,200,200,200,200,200,200
324387,0,30,1,2,2,3,0,2,0,1,0,16,34,0,200,200,200,200,200,200,200
324387,0,30,1,2,2,3,0,2,0,1,0,16,34,1,39,0,12,0,0,200,200
324387,1,30,1,2,2,3,0,2,0,1,0,16,34,0,36,0,200,200,200,200,200
324395,0,30,1,2,2,3,12,5,0,1,0,18,22,0,44,0,0,0,0,200,200
324395,0,30,1,2,2,3,12,5,0,1,0,18,22,0,34,7,8,0,0,200,0
324401,0,30,1,2,2,2,10,3,0,1,0,34,34,0,30,7,3,0,0,200,200
324401,0,30,1,2,2,2,10,3,0,1,0,34,34,0,41,0,0,0,0,200,200
324403,0,30,0,0,2,1,14,5,0,1,0,34,0,1,22,0,200,0,0,200,200
324403,0,30,0,0,2,1,14,5,0,1,0,34,0,1,34,0,200,0,0,200,200
324411,0,25,0,0,2,1,7,5,0,1,0,0,0,2,200,200,200,200,200,200,200
324418,0,30,1,2,2,1,14,5,0,1,0,17,200,0,23,200,1,0,0,200,200
324418,0,30,1,2,2,1,14,5,0,1,0,17,200,0,52,200,0,0,0,200,200
324422,0,30,1,2,0,2,14,5,0,0,0,0,200,0,71,0,200,0,0,200,200
324422,0,30,1,2,0,2,14,5,0,0,0,0,200,0,33,0,0,0,0,200,200
324427,0,30,1,2,0,1,10,2,0,0,0,18,200,1,39,0,3,0,0,200,200
324427,0,30,1,2,0,1,10,2,0,0,0,18,200,0,55,0,0,0,0,200,200
324429,0,35,1,2,2,1,10,2,0,1,0,16,6,0,31,200,1,0,0,200,200
324429,0,35,1,2,2,1,10,2,0,1,0,16,6,0,66,200,0,0,0,200,200
324430,0,30,3,0,2,1,9,5,0,1,200,200,200,1,36,0,200,200,0,200,200
324430,5,30,3,0,2,1,9,5,0,1,200,200,200,1,20,200,12,12,0,200,200
324437,0,30,1,2,0,1,14,2,0,0,0,23,23,0,51,0,7,0,0,200,200
324437,0,30,1,2,0,1,14,2,0,0,0,23,23,0,34,0,0,0,0,200,200
324448,0,0,0,0,2,1,10,2,0,1,0,8,200,1,45,200,12,12,0,200,200
324448,0,0,0,0,2,1,10,2,0,1,0,8,200,1,28,200,0,0,0,200,200
324448,0,0,0,0,2,1,10,2,0,1,0,8,200,1,39,200,0,0,0,200,200
324453,0,30,1,2,0,1,10,5,0,0,200,16,200,0,47,0,1,200,0,200,200
324453,0,30,1,2,0,1,10,5,0,0,200,16,200,1,39,0,0,200,0,200,200
324454,0,30,0,0,0,1,10,5,0,0,0,18,18,0,28,0,1,0,0,200,200
324454,0,30,0,0,0,1,10,5,0,0,0,18,18,0,24,200,0,0,0,200,200
324454,0,30,0,0,0,1,10,5,0,0,0,18,18,0,25,0,0,0,0,200,200
324477,0,30,1,2,200,3,12,3,0,200,0,22,22,0,200,200,4,200,200,200,200
324477,0,30,1,2,200,3,12,3,0,200,0,22,22,1,45,0,0,0,0,200,200
324478,0,30,0,0,2,3,0,5,0,1,0,17,200,0,32,0,1,0,0,200,200
324478,0,30,0,0,2,3,0,5,0,1,0,17,200,1,30,0,0,0,0,200,200
324478,1,30,0,0,2,3,0,5,0,1,0,17,200,1,200,0,200,200,200,200,200
324478,1,30,0,0,2,3,0,5,0,1,0,17,200,1,13,0,200,200,200,200,200
324485,0,30,0,0,200,200,7,2,0,200,0,0,200,2,200,200,200,200,200,200,200
324492,0,30,2,2,1,1,7,2,0,1,0,17,200,0,58,0,0,0,0,200,200
324492,1,30,2,2,1,1,7,2,0,1,0,17,200,1,25,1,200,200,200,200,200
324495,0,30,0,0,0,1,7,5,0,12,12,0,0,1,32,200,0,200,0,200,200
324496,0,30,1,200,0,2,10,5,0,0,200,16,200,1,200,0,200,200,200,200,200
324496,0,30,1,200,0,2,10,5,0,0,200,16,200,0,47,0,0,200,200,200,200
324507,0,30,0,0,0,1,7,6,0,0,0,0,0,2,200,200,200,200,200,200,200
324511,0,30,1,2,2,1,10,5,0,1,0,18,16,0,200,0,3,0,200,200,200
324511,0,30,1,2,2,1,10,5,0,1,0,18,16,1,55,0,0,0,0,200,200
324513,5,30,1,2,2,2,9,3,0,1,0,17,34,1,28,7,5,0,0,200,200
324513,0,30,1,2,2,2,9,3,0,1,0,17,34,1,55,0,0,0,0,200,200
324519,0,30,1,2,0,1,10,2,0,1,0,16,34,0,52,0,1,0,0,200,200
324519,0,30,1,2,0,1,10,2,0,1,0,16,34,1,38,1,0,0,0,200,200
324529,0,30,0,0,0,1,12,5,0,0,0,0,0,1,41,0,0,0,0,200,200
324529,0,30,0,0,0,1,12,5,0,0,0,0,0,1,55,7,0,0,0,200,200
324529,1,30,0,0,0,1,12,5,0,0,0,0,0,1,55,0,200,200,200,200,200
324531,0,30,1,2,0,1,10,3,0,1,0,34,0,0,37,200,3,200,0,200,200
324531,0,30,1,2,0,1,10,3,0,1,0,34,0,0,42,200,0,200,0,200,200
324534,0,30,3,2,2,1,0,2,0,1,0,10,200,0,200,200,9,200,200,200,200
324534,0,30,3,2,2,1,0,2,0,1,0,10,200,1,31,0,0,1,0,200,200
324535,0,20,12,2,1,1,4,6,0,0,12,28,3,1,20,0,12,0,0,200,200
324536,0,30,1,2,1,1,10,5,0,0,0,20,200,1,200,200,6,200,200,200,200
324536,0,30,1,2,1,1,10,5,0,0,0,20,200,1,30,0,0,0,0,200,200
324538,0,30,1,2,2,1,12,2,0,1,0,34,15,2,200,200,8,200,200,200,200
324538,0,30,1,2,2,1,12,2,0,1,0,34,15,0,55,0,0,0,0,200,200
324549,0,30,0,0,0,1,12,2,0,0,0,17,17,1,55,0,1,0,0,200,200
324549,0,30,0,0,0,1,12,2,0,0,0,17,17,1,59,0,0,0,0,200,200
324558,0,30,1,2,0,1,0,3,0,0,0,0,0,0,23,0,12,0,0,200,200
324558,0,30,1,2,0,1,0,3,0,0,0,0,0,0,32,0,0,200,0,200,200
324563,0,30,0,0,1,1,12,2,0,0,0,0,0,0,77,0,4,0,0,200,200
324563,0,30,0,0,1,1,12,2,0,0,0,0,0,0,27,0,0,0,0,200,200
324564,0,30,0,0,0,1,10,2,0,0,0,9,16,0,16,200,3,0,0,200,200
324564,0,30,0,0,0,1,10,2,0,0,0,9,16,1,36,200,0,0,0,200,200
324564,0,30,0,0,0,1,10,2,0,0,0,9,16,1,29,200,0,0,0,200,200
324564,1,30,0,0,0,1,10,2,0,0,0,9,16,1,1,5,200,200,200,200,200
324572,0,30,1,2,1,1,12,6,0,0,0,18,200,0,200,200,3,200,200,200,200
324572,0,30,1,2,1,1,12,6,0,0,0,18,200,0,31,0,0,0,0,200,200
324578,0,30,0,0,0,1,7,5,0,0,0,11,0,2,200,200,200,200,200,200,200
324579,0,20,0,0,0,1,10,12,0,0,0,21,200,0,51,0,4,0,0,200,200
324579,0,20,0,0,0,1,10,12,0,0,0,21,200,0,58,0,0,0,0,200,200
324579,0,20,0,0,0,1,10,12,0,0,0,21,200,1,54,0,0,0,0,200,200
324583,0,30,0,0,1,1,12,5,2,0,3,21,200,0,41,200,12,0,0,200,200
324583,0,30,0,0,1,1,12,5,2,0,3,21,200,0,50,200,0,0,0,200,200
324588,0,30,0,0,0,1,12,6,0,0,0,17,21,0,200,0,1,0,0,200,200
324588,0,30,0,0,0,1,12,6,0,0,0,17,21,0,52,0,0,0,0,200,200
324597,0,30,2,2,1,1,10,5,0,0,0,18,200,1,40,0,6,200,0,200,200
324597,0,30,2,2,1,1,10,5,0,0,0,18,200,0,46,0,0,0,0,200,200
324599,0,15,0,0,0,1,0,7,0,0,0,0,200,0,26,0,6,0,0,200,200
324599,0,15,0,0,0,1,0,7,0,0,0,0,200,1,61,0,0,0,0,200,200
324603,0,15,0,0,0,1,7,5,0,0,0,21,0,1,44,200,200,200,0,200,200
324606,0,30,2,2,0,1,0,5,0,0,0,17,200,1,20,0,1,0,0,200,200
324606,0,30,2,2,0,1,0,5,0,0,0,17,200,0,55,0,0,0,0,200,200
324606,1,30,2,2,0,1,0,5,0,0,0,17,200,200,200,0,200,200,200,200,200
324611,0,25,1,2,2,1,14,3,0,1,0,0,200,1,66,200,7,200,0,200,200
324611,0,25,1,2,2,1,14,3,0,1,0,0,200,0,29,0,0,0,0,200,200
324611,1,25,1,2,2,1,14,3,0,1,0,0,200,1,29,0,200,200,200,200,200
324611,1,25,1,2,2,1,14,3,0,1,0,0,200,1,1,5,200,200,200,200,200
324619,0,30,0,0,0,1,10,3,0,0,0,22,200,0,23,200,2,200,0,200,200
324619,0,30,0,0,0,1,10,3,0,0,0,22,200,1,48,0,0,0,0,200,200
324624,0,20,0,0,0,1,7,6,0,0,0,20,200,0,55,200,6,0,0,200,200
324629,0,35,0,0,0,1,12,2,0,0,0,22,16,0,75,200,12,200,200,200,200
324629,0,35,0,0,0,1,12,2,0,0,0,22,16,1,32,200,2,200,200,200,200
324629,1,35,0,0,0,1,12,2,0,0,0,22,16,1,200,200,200,200,200,200,200
324629,1,35,0,0,0,1,12,2,0,0,0,22,16,200,200,200,200,200,200,200,200
324631,0,30,1,2,0,1,14,3,0,0,0,22,0,1,200,200,2,200,200,200,200
324631,0,30,1,2,0,1,14,3,0,0,0,22,0,0,35,0,0,0,0,200,200
324634,0,30,2,0,0,1,12,2,0,0,0,21,17,0,25,200,1,200,0,200,200
324634,0,30,2,0,0,1,12,2,0,0,0,21,17,0,39,200,200,200,0,200,200
324634,1,30,2,0,0,1,12,2,0,0,0,21,17,1,38,200,200,200,200,200,200
324634,1,30,2,0,0,1,12,2,0,0,0,21,17,1,14,200,200,200,200,200,200
324634,1,30,2,0,0,1,12,2,0,0,0,21,17,0,55,200,200,200,200,200,200
324638,0,30,0,0,0,1,14,5,0,0,0,17,200,1,40,0,1,200,0,200,200
324638,0,30,0,0,0,1,14,5,0,0,0,17,200,0,22,0,0,0,0,200,200
324638,1,30,0,0,0,1,14,5,0,0,0,17,200,0,71,0,200,200,200,200,200
324639,0,30,2,0,0,1,10,2,0,0,0,18,17,1,21,0,3,200,0,200,200
324639,0,30,2,0,0,1,10,2,0,0,0,18,17,0,44,0,200,200,200,200,200
324641,0,30,200,200,0,1,2,6,0,0,1,28,28,0,44,0,0,0,0,200,200
324650,0,30,0,0,0,1,12,5,0,0,0,0,200,0,45,0,12,0,0,200,200
324650,0,30,0,0,0,1,12,5,0,0,0,0,200,1,48,0,0,0,0,200,200
324650,1,30,0,0,0,1,12,5,0,0,0,0,200,0,36,0,200,200,200,200,200
324652,0,15,0,0,0,1,7,12,0,0,0,11,0,1,59,200,12,0,0,200,200
324652,5,15,0,0,0,1,7,12,0,0,0,11,0,0,64,200,0,12,7,200,200
324652,5,15,0,0,0,1,7,12,0,0,0,11,0,0,57,7,0,0,0,200,200
324654,0,20,0,0,200,3,7,6,0,200,0,0,200,2,200,200,200,200,200,200,200
324655,0,30,0,0,0,1,12,6,0,0,0,22,16,1,51,0,4,0,0,200,200
324655,0,30,0,0,0,1,12,6,0,0,0,22,16,0,200,200,0,200,200,200,200
324660,0,30,1,2,0,1,10,6,0,0,200,18,16,0,200,200,1,200,200,200,200
324660,0,30,1,2,0,1,10,6,0,0,200,18,16,1,24,0,0,0,0,200,200
324660,1,30,1,2,0,1,10,6,0,0,200,18,16,0,34,0,200,200,200,200,200
324660,1,30,1,2,0,1,10,6,0,0,200,18,16,1,29,0,200,200,200,200,200
324670,0,30,200,200,0,1,12,5,0,0,0,22,17,1,48,200,2,200,200,200,200
324670,0,30,200,200,0,1,12,5,0,0,0,22,17,0,48,0,0,0,200,200,200
324671,0,30,0,0,0,4,7,5,0,0,0,0,200,1,200,200,200,200,200,200,200
324676,0,30,1,2,2,1,10,2,0,1,0,18,200,0,200,200,3,200,200,200,200
324676,0,30,1,2,2,1,10,2,0,1,0,18,200,1,31,0,0,0,200,200,200
324676,1,30,1,2,2,1,10,2,0,1,0,18,200,200,200,0,200,200,200,200,200
324679,0,5,12,0,200,200,7,7,0,200,200,0,0,2,200,200,200,200,200,200,200
324689,0,35,1,2,0,1,14,5,0,0,0,23,23,0,33,0,0,0,0,200,200
324689,0,35,1,2,0,1,14,5,0,0,0,23,23,0,200,200,7,0,0,200,200
324704,0,30,0,0,0,1,10,5,0,0,0,0,200,0,69,0,0,0,0,200,200
324704,0,30,0,0,0,1,10,5,0,0,0,0,200,0,23,0,0,0,0,200,200
324704,0,30,0,0,0,1,10,5,0,0,0,0,200,0,55,0,0,0,0,200,200
324705,0,30,0,0,0,1,10,12,0,0,0,8,18,0,75,0,3,0,0,200,200
324705,0,30,0,0,0,1,10,12,0,0,0,8,18,1,25,0,12,0,0,200,200
324705,0,30,0,0,0,1,10,12,0,0,0,8,18,0,37,0,0,0,0,200,200
324710,0,25,1,0,1,1,12,6,0,0,0,0,0,1,43,0,0,0,0,200,200
324710,0,25,1,0,1,1,12,6,0,0,0,0,0,0,46,0,0,0,0,200,200
324717,0,30,0,0,0,1,12,5,0,0,0,22,0,1,200,200,1,200,200,200,200
324717,0,30,0,0,0,1,12,5,0,0,0,22,0,1,72,0,0,0,0,200,200
324742,4,30,2,0,0,1,8,2,0,0,0,17,17,0,42,7,0,0,0,200,200
324742,0,30,2,0,0,1,8,2,0,0,0,17,17,0,54,7,2,0,0,200,200
324743,0,20,0,0,1,1,7,5,0,0,0,200,200,2,200,200,200,200,200,200,200
324745,0,15,0,0,0,1,9,0,0,0,0,20,200,0,42,200,6,200,200,200,200
324745,5,15,0,0,0,1,9,0,0,0,0,20,200,0,60,7,0,0,0,200,200
324747,0,30,0,0,0,1,7,5,0,0,0,0,0,2,200,200,200,200,200,200,200
324753,0,30,1,2,0,1,12,2,0,0,0,21,200,0,37,0,0,0,0,200,200
324753,0,30,1,2,0,1,12,2,0,0,0,21,200,1,84,0,2,0,0,200,200