RD_NO,PERSON_TYPE,POSTED_SPEED_LIMIT,TRAFFIC_CONTROL_DEVICE,DEVICE_CONDITION,WEATHER_CONDITION,LIGHTING_CONDITION,FIRST_CRASH_TYPE,TRAFFICWAY_TYPE,ALIGNMENT,ROADWAY_SURFACE_COND,ROAD_DEFECT,PRIM_CONTRIBUTORY_CAUSE,SEC_CONTRIBUTORY_CAUSE,SEX,AGE,SAFETY_EQUIPMENT,DRIVER_ACTION,DRIVER_VISION,PHYSICAL_CONDITION,BAC_RESULT VALUE,CELL_PHONE_USE
325292,0,30,0,0,0,1,14,6,0,0,0,18,200,1,200,200,200,200,200,200,200
325292,1,30,0,0,0,1,14,6,0,0,0,18,200,0,200,0,200,200,200,200,200
325296,0,30,2,0,0,1,0,5,0,0,0,17,200,0,19,0,1,200,0,200,200
325296,0,30,2,0,0,1,0,5,0,0,0,17,200,0,27,0,0,0,0,200,200
325296,0,30,2,0,0,1,0,5,0,0,0,17,200,1,36,0,0,0,0,200,200
325296,1,30,2,0,0,1,0,5,0,0,0,17,200,0,200,0,200,200,200,200,200
325296,1,30,2,0,0,1,0,5,0,0,0,17,200,0,22,0,200,200,200,200,200
325296,1,30,2,0,0,1,0,5,0,0,0,17,200,200,200,0,200,200,200,200,200
325296,1,30,2,0,0,1,0,5,0,0,0,17,200,1,2,5,200,200,200,200,200
325298,0,30,1,2,0,1,8,5,0,0,0,17,0,0,69,200,1,0,0,200,200
325298,4,30,1,2,0,1,8,5,0,0,0,17,0,0,22,7,0,0,0,200,200
325310,0,30,1,2,0,1,10,5,0,0,0,0,0,1,200,200,200,200,200,200,200
325310,0,30,1,2,0,1,10,5,0,0,0,0,0,1,36,0,200,200,200,200,200
325310,1,30,1,2,0,1,10,5,0,0,0,0,0,0,8,0,200,200,200,200,200
325316,0,30,0,0,0,1,7,7,0,0,0,0,0,2,200,200,200,200,200,200,200
325319,0,30,0,0,0,1,12,5,0,0,0,17,200,1,40,0,1,0,0,200,200
325319,0,30,0,0,0,1,12,5,0,0,0,17,200,1,45,0,0,0,0,200,200
325320,0,15,0,0,0,1,7,7,0,0,0,0,0,0,200,200,6,200,200,200,200
325322,0,30,0,0,0,1,14,2,0,0,0,17,16,0,30,0,1,0,0,200,200
325322,0,30,0,0,0,1,14,2,0,0,0,17,16,0,23,200,12,0,7,200,200
325324,0,30,2,2,0,1,8,5,0,0,0,33,0,1,46,0,1,6,0,200,200
325324,4,30,2,2,0,1,8,5,0,0,0,33,0,1,79,200,0,0,0,200,200
325324,1,30,2,2,0,1,8,5,0,0,0,33,0,1,32,0,200,200,200,200,200
325325,0,30,1,2,0,1,10,6,0,0,0,18,200,0,200,200,12,200,0,200,200
325325,0,30,1,2,0,1,10,6,0,0,0,18,200,0,200,200,0,200,0,200,200
325325,1,30,1,2,0,1,10,6,0,0,0,18,200,1,200,200,200,200,200,200,200
325329,0,30,0,0,0,1,14,5,0,0,0,6,200,1,57,0,5,0,0,200,200
325329,0,30,0,0,0,1,14,5,0,0,0,6,200,0,19,0,0,0,0,200,200
325329,1,30,0,0,0,1,14,5,0,0,0,6,200,1,58,0,200,200,200,200,200
325337,0,30,1,2,0,1,14,5,0,0,0,17,0,0,52,7,1,0,0,200,200
325337,0,30,1,2,0,1,14,5,0,0,0,17,0,0,33,0,7,0,0,200,200
325337,1,30,1,2,0,1,14,5,0,0,0,17,0,1,48,0,200,200,200,200,200
325337,1,30,1,2,0,1,14,5,0,0,0,17,0,0,6,0,200,200,200,200,200
325340,0,30,1,2,0,1,10,2,0,0,0,0,200,1,22,0,200,0,0,200,200
325340,0,30,1,2,0,1,10,2,0,0,0,0,200,1,23,0,0,0,0,200,200
325342,0,25,0,0,0,1,7,2,0,0,0,0,0,2,200,200,1,200,200,200,200
325345,0,25,0,0,0,1,14,2,0,0,0,17,200,1,26,0,1,0,0,200,200
325345,0,25,0,0,0,1,14,2,0,0,0,17,200,1,23,0,0,0,0,200,200
325356,0,30,200,200,0,1,10,5,0,0,200,14,14,0,45,200,200,200,0,200,200
325356,0,30,200,200,0,1,10,5,0,0,200,14,14,0,42,200,200,200,200,200,200
325357,0,30,2,2,0,1,10,2,0,0,200,0,34,1,37,200,3,200,200,200,200
325357,0,30,2,2,0,1,10,2,0,0,200,0,34,0,34,200,0,200,0,200,200
325358,0,30,0,0,0,1,7,3,0,0,0,0,200,1,35,0,12,0,0,200,200
325361,0,30,1,2,0,1,14,5,0,0,0,23,200,0,32,200,7,0,0,200,200
325361,0,30,1,2,0,1,14,5,0,0,0,23,200,1,37,200,0,0,0,200,200
325363,0,25,0,0,0,1,12,5,0,0,0,17,16,1,22,200,1,0,0,200,200
325363,0,25,0,0,0,1,12,5,0,0,0,17,16,1,42,200,0,0,0,200,200
325372,0,30,0,0,0,1,10,7,0,0,0,0,0,0,27,0,6,0,0,200,200
325372,0,30,0,0,0,1,10,7,0,0,0,0,0,1,65,0,0,0,0,200,200
325373,0,30,0,0,0,1,12,5,0,0,0,21,27,1,44,200,4,200,5,200,200
325373,0,30,0,0,0,1,12,5,0,0,0,21,27,1,30,0,0,0,0,200,200
325375,0,30,0,0,0,1,10,2,0,0,0,0,200,0,200,200,200,200,200,200,200
325375,0,30,0,0,0,1,10,2,0,0,0,0,200,0,67,0,0,0,0,200,200
325376,0,30,0,0,0,1,14,2,0,0,0,17,16,0,40,200,1,0,0,200,200
325376,0,30,0,0,0,1,14,2,0,0,0,17,16,1,30,200,12,0,0,200,200
325393,0,30,1,2,0,1,12,3,0,0,0,17,21,1,37,0,4,0,0,200,200
325393,0,30,1,2,0,1,12,3,0,0,0,17,21,0,51,0,0,0,0,200,200
325396,0,30,0,0,0,1,8,2,0,0,0,0,200,0,23,0,0,0,0,200,200
325396,4,30,0,0,0,1,8,2,0,0,0,0,200,200,200,7,200,200,200,200,200
325399,0,30,0,0,0,1,7,5,0,0,0,20,20,0,46,0,6,0,0,200,200
325402,0,35,0,0,0,1,7,5,0,0,0,0,200,2,200,200,200,200,200,200,200
325405,0,30,0,0,0,1,14,5,0,0,0,17,200,1,21,200,1,5,0,200,200
325405,0,30,0,0,0,1,14,5,0,0,0,17,200,0,48,200,0,200,0,200,200
325410,0,30,1,200,0,1,14,5,0,200,200,0,200,0,200,200,200,200,200,200,200
325410,0,30,1,200,0,1,14,5,0,200,200,0,200,0,55,200,200,200,200,200,200
325422,0,30,0,0,0,1,14,2,0,0,0,22,200,0,21,200,1,12,0,200,200
325422,0,30,0,0,0,1,14,2,0,0,0,22,200,0,27,200,0,0,0,200,200
325422,1,30,0,0,0,1,14,2,0,0,0,22,200,0,15,200,200,200,200,200,200
325422,1,30,0,0,0,1,14,2,0,0,0,22,200,0,2,5,200,200,200,200,200
325422,1,30,0,0,0,1,14,2,0,0,0,22,200,1,14,200,200,200,200,200,200
325426,0,30,1,2,0,1,0,5,0,0,0,6,200,1,200,200,5,200,200,200,200
325426,0,30,1,2,0,1,0,5,0,0,0,6,200,0,33,0,0,0,0,200,200
325458,0,30,1,2,0,1,14,5,0,0,0,17,200,1,33,200,1,200,0,200,200
325458,0,30,1,2,0,1,14,5,0,0,0,17,200,0,37,200,1,200,0,200,200
325474,0,30,0,0,0,4,14,2,0,0,0,22,10,1,58,200,4,0,0,200,200
325474,0,30,0,0,0,4,14,2,0,0,0,22,10,0,30,200,200,0,0,200,200
325474,1,30,0,0,0,4,14,2,0,0,0,22,10,0,30,200,200,200,200,200,200
325474,1,30,0,0,0,4,14,2,0,0,0,22,10,0,8,200,200,200,200,200,200
325474,1,30,0,0,0,4,14,2,0,0,0,22,10,1,3,200,200,200,200,200,200
325474,1,30,0,0,0,4,14,2,0,0,0,22,10,1,4,200,200,200,200,200,200
325475,0,30,1,2,0,1,10,2,0,200,200,18,15,1,200,200,8,200,200,200,200
325475,0,30,1,2,0,1,10,2,0,200,200,18,15,0,45,0,0,200,200,200,200
325479,0,30,200,200,0,1,8,5,0,0,0,6,6,2,200,200,200,200,200,200,200
325479,4,30,200,200,0,1,8,5,0,0,0,6,6,1,36,200,0,200,200,200,200
325482,0,30,0,0,0,1,0,0,0,0,0,20,20,0,55,0,6,0,0,200,200
325482,0,30,0,0,0,1,0,0,0,0,0,20,20,0,200,200,0,200,200,200,200
325485,0,30,0,0,0,1,7,6,0,0,0,200,200,2,200,200,200,200,200,200,200
325491,0,30,1,2,0,1,9,5,0,0,0,200,200,0,46,200,0,0,0,200,200
325491,5,30,1,2,0,1,9,5,0,0,0,200,200,1,26,7,0,0,0,200,200
325508,0,30,0,0,0,1,10,5,0,0,0,16,200,0,200,0,3,0,200,200,200
325508,0,30,0,0,0,1,10,5,0,0,0,16,200,0,21,0,0,0,0,200,200
325508,1,30,0,0,0,1,10,5,0,0,0,16,200,0,21,0,200,200,200,200,200
325508,1,30,0,0,0,1,10,5,0,0,0,16,200,1,200,0,200,200,200,200,200
325511,0,30,1,2,0,3,2,6,0,0,0,2,2,0,21,0,15,12,0,200,1
325516,0,30,0,0,0,1,10,2,0,0,0,0,0,0,200,200,200,200,0,200,200
325516,0,30,0,0,0,1,10,2,0,0,0,0,0,2,65,0,0,0,0,200,200
325516,1,30,0,0,0,1,10,2,0,0,0,0,0,0,70,0,200,200,200,200,200
325527,0,35,1,2,0,1,10,2,0,0,0,18,0,0,24,0,3,200,0,200,200
325527,0,35,1,2,0,1,10,2,0,0,0,18,0,0,45,0,0,0,0,200,200
325533,0,30,0,0,0,1,0,5,0,0,0,200,200,0,200,200,0,200,200,200,200
325533,0,30,0,0,0,1,0,5,0,0,0,200,200,0,51,0,0,0,0,200,200
325533,1,30,0,0,0,1,0,5,0,0,0,200,200,0,200,0,200,200,200,200,200
325535,0,30,0,0,0,1,7,2,0,0,0,0,0,2,200,200,200,200,200,200,200
325536,0,10,0,0,2,3,7,12,0,1,0,0,0,1,23,200,200,12,200,200,200
325540,0,30,4,2,0,0,12,2,0,0,0,16,0,0,23,0,200,0,0,200,200
325540,0,30,4,2,0,0,12,2,0,0,0,16,0,0,27,0,200,0,0,200,200
325543,0,30,0,0,0,3,12,7,0,0,0,17,0,0,200,200,1,200,200,200,200
325543,0,30,0,0,0,3,12,7,0,0,0,17,0,0,38,0,0,0,0,200,200
325547,0,30,1,2,0,1,7,2,0,0,0,0,0,2,200,200,200,200,200,200,200
325549,0,25,1,2,0,1,7,5,0,0,0,23,200,1,200,200,7,200,200,200,200
325549,1,25,1,2,0,1,7,5,0,0,0,23,200,2,200,200,200,200,200,200,200
325550,0,30,0,0,0,1,7,5,0,0,0,0,0,0,200,200,12,200,200,200,200
325559,0,30,0,0,0,4,14,5,0,0,0,0,0,2,200,200,7,200,200,200,200
325559,0,30,0,0,0,4,14,5,0,0,0,0,0,1,53,0,0,0,0,200,200
325561,0,30,0,0,0,200,7,6,0,0,1,11,8,0,200,200,0,200,200,200,200
325566,0,15,0,0,0,3,7,200,0,0,0,7,11,0,19,0,0,0,4,200,200
325575,0,30,0,0,0,3,7,6,0,0,0,0,16,0,32,200,12,0,4,200,200
325584,0,30,1,2,0,0,11,5,0,0,0,21,200,1,47,200,12,200,200,200,200
325584,0,30,1,2,0,0,11,5,0,0,0,21,200,1,46,0,0,0,0,200,200
325584,1,30,1,2,0,0,11,5,0,0,0,21,200,1,71,0,200,200,200,200,200
325584,1,30,1,2,0,0,11,5,0,0,0,21,200,0,8,0,200,200,200,200,200
325584,1,30,1,2,0,0,11,5,0,0,0,21,200,0,12,5,200,200,200,200,200
325585,0,30,1,2,0,3,10,5,0,0,0,18,200,2,200,200,3,200,200,200,200
325585,0,30,1,2,0,3,10,5,0,0,0,18,200,0,42,0,0,0,0,200,200
325588,0,30,1,2,2,0,11,5,0,1,0,17,0,0,50,0,1,0,0,200,200
325588,0,30,1,2,2,0,11,5,0,1,0,17,0,0,43,0,0,0,0,200,200
325589,0,25,2,2,0,1,10,6,0,0,0,8,8,1,34,200,6,0,0,200,200
325589,0,25,2,2,0,1,10,6,0,0,0,8,8,0,58,0,0,0,0,200,200
325597,0,30,1,2,0,3,14,3,0,0,0,6,0,0,18,0,1,0,0,200,200
325597,0,30,1,2,0,3,14,3,0,0,0,6,0,0,51,0,200,0,0,200,200
325598,0,30,200,200,200,200,7,5,0,200,200,0,0,1,38,200,200,200,200,200,200
325609,0,35,1,2,0,1,14,3,0,0,0,23,21,1,47,200,4,200,200,200,200
325609,0,35,1,2,0,1,14,3,0,0,0,23,21,0,31,0,0,0,0,200,200
325616,0,10,0,0,0,1,2,7,0,0,0,0,200,1,56,0,1,0,0,200,200
325616,1,10,0,0,0,1,2,7,0,0,0,0,200,1,200,0,200,200,200,200,200
325622,0,10,0,0,0,0,3,7,0,0,0,0,0,2,200,200,200,200,200,200,200
325622,0,10,0,0,0,0,3,7,0,0,0,0,0,0,47,200,200,200,0,200,200
325622,1,10,0,0,0,0,3,7,0,0,0,0,0,0,22,4,200,200,200,200,200
325625,0,20,0,0,0,3,7,6,0,0,0,0,0,0,200,200,200,200,200,200,200
325625,1,20,0,0,0,3,7,6,0,0,0,0,0,200,200,200,200,200,200,200,200
325625,1,20,0,0,0,3,7,6,0,0,0,0,0,200,200,200,200,200,200,200,200
325625,1,20,0,0,0,3,7,6,0,0,0,0,0,200,200,200,200,200,200,200,200
325634,0,30,0,0,0,3,7,5,0,0,0,0,0,0,200,200,200,200,200,200,200
325634,1,30,0,0,0,3,7,5,0,0,0,0,0,0,33,200,200,200,200,200,200
325643,0,30,1,2,0,3,0,6,0,0,0,6,16,0,24,200,5,0,0,200,200
325643,0,30,1,2,0,3,0,6,0,0,0,6,16,0,30,200,0,0,0,200,200
325643,1,30,1,2,0,3,0,6,0,0,0,6,16,0,200,200,200,200,200,200,200
325643,1,30,1,2,0,3,0,6,0,0,0,6,16,0,34,200,200,200,200,200,200
325661,0,30,0,0,0,3,10,5,0,0,0,18,200,0,200,200,3,200,200,200,200
325661,0,30,0,0,0,3,10,5,0,0,0,18,200,1,57,0,0,0,0,200,200
325661,1,30,0,0,0,3,10,5,0,0,0,18,200,1,62,0,200,200,200,200,200
325661,1,30,0,0,0,3,10,5,0,0,0,18,200,1,59,0,200,200,200,200,200
325667,0,5,0,0,0,0,2,7,0,0,0,14,0,2,200,200,200,200,200,200,200
325669,0,30,2,2,0,3,0,5,0,200,200,5,17,2,200,200,1,200,200,200,200
325669,0,30,2,2,0,3,0,5,0,200,200,5,17,0,23,200,0,200,0,200,200
325671,0,30,0,0,0,3,7,6,0,0,200,32,200,0,27,200,12,200,5,0.18,200
325671,1,30,0,0,0,3,7,6,0,0,200,32,200,1,44,200,200,200,200,200,200
325677,0,15,0,0,0,3,7,7,0,0,0,20,16,0,200,200,6,200,200,200,200
325677,1,15,0,0,0,3,7,7,0,0,0,20,16,1,35,0,200,200,200,200,200
325677,1,15,0,0,0,3,7,7,0,0,0,20,16,1,19,0,200,200,200,200,200
325677,1,15,0,0,0,3,7,7,0,0,0,20,16,1,14,0,200,200,200,200,200
325677,1,15,0,0,0,3,7,7,0,0,0,20,16,1,10,0,200,200,200,200,200
325677,1,15,0,0,0,3,7,7,0,0,0,20,16,1,13,0,200,200,200,200,200
325681,0,30,2,2,0,3,3,5,0,0,0,17,16,0,37,200,1,200,7,200,200
325681,0,30,2,2,0,3,3,5,0,0,0,17,16,1,23,200,0,200,0,200,200
325684,0,35,1,2,0,3,0,6,0,0,0,0,0,0,44,0,12,0,0,200,200
325684,0,35,1,2,0,3,0,6,0,0,0,0,0,0,34,0,0,0,0,200,200
325686,0,30,200,200,0,3,12,6,0,200,200,16,0,0,200,200,200,200,200,200,200
325686,0,30,200,200,0,3,12,6,0,200,200,16,0,1,27,0,12,200,200,200,200
325686,1,30,200,200,0,3,12,6,0,200,200,16,0,0,200,200,200,200,200,200,200
325686,1,30,200,200,0,3,12,6,0,200,200,16,0,0,200,0,200,200,200,200,200
325690,0,30,0,0,0,3,7,6,0,0,0,2,200,0,39,200,15,0,0,200,200
325701,0,30,0,0,0,1,12,6,0,0,0,0,200,1,200,200,200,200,200,200,200
325701,0,30,0,0,0,1,12,6,0,0,0,0,200,0,43,0,0,200,0,200,200
325702,0,30,0,0,0,3,7,5,0,0,0,12,200,0,26,0,200,0,0,200,200
325702,1,30,0,0,0,3,7,5,0,0,0,12,200,1,28,0,200,200,200,200,200
325709,0,30,0,0,0,4,10,6,0,0,0,0,200,0,200,200,12,200,200,200,200
325709,0,30,0,0,0,4,10,6,0,0,0,0,200,1,27,0,12,0,0,200,200
325723,0,30,1,2,0,3,0,5,0,0,0,6,14,0,200,200,5,200,200,200,200
325723,0,30,1,2,0,3,0,5,0,0,0,6,14,0,52,0,0,0,0,200,200
325729,0,25,0,0,0,0,10,6,0,0,0,200,200,0,32,200,12,0,200,200,200
325732,0,35,0,0,0,1,10,5,0,0,0,18,18,0,200,200,3,200,200,200,200
325732,0,35,0,0,0,1,10,5,0,0,0,18,18,1,53,0,0,0,0,200,200
325757,0,20,2,2,0,3,7,5,0,0,0,0,0,2,200,200,200,200,200,200,200
325772,0,30,0,0,0,3,7,6,0,0,0,200,200,0,23,200,12,200,12,200,200
325782,0,30,1,2,0,3,0,5,0,0,0,6,6,2,200,200,5,200,200,200,200
325782,0,30,1,2,0,3,0,5,0,0,0,6,6,0,35,0,0,0,0,200,200
325785,0,30,0,0,0,3,5,2,0,0,200,32,25,0,22,200,12,200,5,200,200
325785,1,30,0,0,0,3,5,2,0,0,200,32,25,0,38,200,200,200,200,200,200
325796,0,30,0,0,0,0,7,6,0,0,0,0,0,0,200,200,200,200,200,200,200
325806,0,30,1,2,0,4,7,5,0,0,0,0,200,1,200,200,200,200,200,200,200
325810,0,30,0,0,0,3,7,6,0,0,0,0,0,2,200,200,200,200,200,200,200
325824,0,30,0,0,0,4,7,6,0,0,0,11,200,1,17,200,200,0,0,200,200
325824,1,30,0,0,0,4,7,6,0,0,0,11,200,1,20,200,200,200,200,200,200
325825,0,30,0,0,0,1,11,5,2,0,3,0,0,1,200,200,4,200,200,200,0
325825,0,30,0,0,0,1,11,5,2,0,3,0,0,1,19,0,0,200,0,200,200
325835,0,30,3,2,0,1,7,2,0,0,0,21,200,0,56,0,12,0,0,200,200
325838,0,55,0,0,0,1,12,3,0,0,200,21,200,0,41,200,4,200,200,200,200
325838,0,55,0,0,0,1,12,3,0,0,200,21,200,0,38,200,200,0,0,200,200
325858,0,30,1,2,0,1,2,1,0,0,0,23,11,0,43,0,7,0,0,200,200
325858,3,30,1,2,0,1,2,1,0,0,0,23,11,2,200,7,0,200,0,200,200
325859,0,30,0,0,0,1,12,5,0,0,0,25,200,0,38,0,4,0,0,200,200
325859,0,30,0,0,0,1,12,5,0,0,0,25,200,0,45,0,12,0,0,200,200
325859,1,30,0,0,0,1,12,5,0,0,0,25,200,1,45,0,200,200,200,200,200
325864,0,30,0,0,0,1,7,5,0,0,0,0,0,2,200,200,200,200,200,200,200
325868,0,30,0,0,0,0,14,5,0,0,0,23,17,1,200,200,7,200,200,200,200
325868,0,30,0,0,0,0,14,5,0,0,0,23,17,1,40,0,0,0,0,200,200
325869,0,15,0,0,0,1,6,0,0,0,0,27,27,1,49,200,200,0,4,200,200
325871,0,30,11,2,2,1,10,5,0,1,0,0,0,0,200,200,6,200,200,200,200
325871,0,30,11,2,2,1,10,5,0,1,0,0,0,0,59,0,0,0,0,200,200
325875,0,30,1,2,0,1,10,5,0,0,0,18,18,1,67,0,3,0,0,200,200
325875,0,30,1,2,0,1,10,5,0,0,0,18,18,1,47,0,0,0,0,200,200
325878,0,30,0,0,0,1,14,5,0,0,0,23,200,1,31,0,7,0,0,200,200
325878,0,30,0,0,0,1,14,5,0,0,0,23,200,1,33,0,0,0,0,200,200
325878,1,30,0,0,0,1,14,5,0,0,0,23,200,1,32,0,200,200,200,200,200
325892,0,0,0,0,0,1,7,7,0,0,0,0,200,0,52,200,12,200,0,200,200
325902,0,30,1,3,0,1,0,5,0,0,0,0,0,0,55,0,12,0,0,200,200
325902,0,30,1,3,0,1,0,5,0,0,0,0,0,0,30,0,12,0,0,200,200
325903,0,30,2,200,0,1,10,6,0,0,200,18,0,0,200,200,3,200,200,200,200
325903,0,30,2,200,0,1,10,6,0,0,200,18,0,1,29,200,12,200,0,200,200
325903,1,30,2,200,0,1,10,6,0,0,200,18,0,200,200,200,200,200,200,200,200
325909,0,30,0,0,0,1,9,3,0,0,0,0,200,0,32,200,200,200,0,200,200
325909,5,30,0,0,0,1,9,3,0,0,0,0,200,0,58,7,200,200,0,200,200
325917,0,30,0,0,0,2,10,2,0,0,0,17,18,0,42,7,1,0,0,200,200
325917,0,30,0,0,0,2,10,2,0,0,0,17,18,0,31,0,1,0,0,200,200
325918,0,30,3,2,0,1,8,2,0,0,0,17,7,1,45,0,1,0,0,200,200
325918,4,30,3,2,0,1,8,2,0,0,0,17,7,0,25,3,0,0,0,200,200
325918,1,30,3,2,0,1,8,2,0,0,0,17,7,0,47,0,200,200,200,200,200
325925,0,30,2,2,0,1,8,6,0,0,0,0,200,0,200,200,200,200,200,200,200
325925,4,30,2,2,0,1,8,6,0,0,0,0,200,0,12,2,200,0,0,200,200
325927,0,30,0,0,0,1,0,7,0,200,200,0,0,1,64,200,0,200,0,200,200
325927,0,30,0,0,0,1,0,7,0,200,200,0,0,1,78,200,0,200,0,200,200
325931,0,30,0,0,0,1,14,5,0,200,200,23,200,1,26,200,4,200,200,200,200
325931,0,30,0,0,0,1,14,5,0,200,200,23,200,1,54,200,0,200,0,200,200
325963,0,30,1,1,0,1,10,5,0,0,0,0,200,1,26,0,200,0,0,200,200
325963,0,30,1,1,0,1,10,5,0,0,0,0,200,0,51,0,0,0,0,200,200
325978,0,30,1,2,0,1,14,2,0,0,0,23,0,2,200,200,7,200,200,200,200
325978,0,30,1,2,0,1,14,2,0,0,0,23,0,1,40,200,0,0,0,200,200
325982,0,30,0,0,0,1,12,5,0,0,0,21,200,0,43,0,4,0,0,200,200
325982,0,30,0,0,0,1,12,5,0,0,0,21,200,0,20,0,0,0,0,200,200
325982,1,30,0,0,0,1,12,5,0,0,0,21,200,1,18,0,200,200,200,200,200
325983,0,30,0,0,0,1,9,5,0,0,200,25,17,1,200,200,1,200,200,200,200
325983,5,30,0,0,0,1,9,5,0,0,200,25,17,0,37,7,0,0,0,200,200
325984,0,15,0,0,0,1,7,12,0,0,0,20,20,0,59,0,6,200,0,200,200
325987,0,30,0,0,0,1,11,4,2,0,0,21,200,1,34,0,12,0,0,200,200
325987,0,30,0,0,0,1,11,4,2,0,0,21,200,0,59,0,12,0,0,200,200
325988,0,30,0,0,0,1,14,0,0,0,0,17,33,0,66,0,1,5,0,200,200
325988,0,30,0,0,0,1,14,0,0,0,0,17,33,1,70,0,0,5,0,200,200
325988,1,30,0,0,0,1,14,0,0,0,0,17,33,0,64,0,200,200,200,200,200
325992,0,30,1,2,0,1,10,2,0,0,0,18,0,0,46,0,3,0,0,200,200
325992,0,30,1,2,0,1,10,2,0,0,0,18,0,0,57,0,0,0,0,200,200
326000,0,30,2,2,0,1,10,2,0,0,0,18,200,0,74,200,3,0,0,200,200
326000,0,30,2,2,0,1,10,2,0,0,0,18,200,0,42,200,0,0,0,200,200
326004,0,25,0,2,0,1,7,5,0,0,0,23,200,0,31,7,7,0,0,200,200
326008,0,30,0,0,0,1,12,3,0,0,0,17,200,2,200,200,1,200,200,200,200
326008,0,30,0,0,0,1,12,3,0,0,0,17,200,1,51,200,0,200,0,200,200
326021,0,30,0,0,0,1,10,7,0,0,0,20,20,1,26,200,6,200,0,200,200
326021,0,30,0,0,0,1,10,7,0,0,0,20,20,0,34,0,0,0,0,200,200
326024,0,25,1,2,0,1,10,5,0,0,0,18,0,0,71,0,0,0,0,200,200
326024,0,25,1,2,0,1,10,5,0,0,0,18,0,0,66,0,3,0,0,200,200
326028,0,30,0,0,0,1,7,6,0,0,0,0,0,2,200,200,200,200,200,200,200
326034,0,30,0,0,0,1,3,2,0,0,0,0,200,2,200,200,200,200,200,200,200
326034,0,30,0,0,0,1,3,2,0,0,0,0,200,0,74,200,200,200,12,200,200
326034,1,30,0,0,0,1,3,2,0,0,0,0,200,1,70,200,200,200,200,200,200
326037,0,30,0,0,0,1,7,5,0,0,0,200,200,2,200,200,200,200,200,200,200
326038,0,30,2,2,0,1,0,5,0,0,0,17,0,1,50,0,0,0,0,200,200
326038,0,30,2,2,0,1,0,5,0,0,0,17,0,1,37,0,1,0,0,200,200
326042,0,30,1,2,0,1,8,3,0,0,0,17,22,0,74,0,1,0,0,200,200
326042,4,30,1,2,0,1,8,3,0,0,0,17,22,0,49,200,0,0,0,200,200
326043,0,30,1,2,0,1,12,5,0,0,0,0,25,0,29,200,12,200,0,200,200
326043,0,30,1,2,0,1,12,5,0,0,0,0,25,0,59,200,0,200,0,200,200
326051,0,15,0,0,0,1,7,7,0,0,0,0,200,0,51,200,200,200,200,200,200
326053,0,30,2,2,0,1,10,6,0,0,0,18,200,1,46,0,3,0,0,200,200
326053,0,30,2,2,0,1,10,6,0,0,0,18,200,0,200,200,0,200,200,200,200
326053,1,30,2,2,0,1,10,6,0,0,0,18,200,1,13,0,200,200,200,200,200
326054,0,30,0,0,0,0,7,6,0,0,0,22,0,2,200,200,2,200,200,200,200
326058,0,20,0,0,0,1,12,5,0,0,0,0,0,0,44,0,0,0,0,200,200
326058,0,20,0,0,0,1,12,5,0,0,0,0,0,0,21,0,0,0,0,200,200
326061,0,25,0,0,0,1,7,5,0,0,0,22,0,0,52,0,2,0,0,200,200
326063,0,30,1,2,0,1,14,6,0,0,0,21,200,0,49,7,4,0,0,200,200
326063,0,30,1,2,0,1,14,6,0,0,0,21,200,1,62,0,0,0,0,200,200
326063,1,30,1,2,0,1,14,6,0,0,0,21,200,1,88,0,200,200,200,200,200
326069,0,25,0,0,0,1,7,5,0,0,0,0,200,0,70,0,0,0,0,200,200
326070,0,30,0,0,0,1,7,5,0,0,0,14,14,1,200,200,200,200,200,200,200
326075,0,20,0,0,0,3,7,6,0,0,0,0,200,2,200,200,200,200,200,200,200
326083,0,10,0,0,0,1,0,7,0,0,0,0,0,0,38,0,12,0,0,200,200
326083,0,10,0,0,0,1,0,7,0,0,0,0,0,1,32,0,0,0,0,200,200
326090,0,30,0,3,0,1,0,2,0,0,0,17,17,1,29,0,1,0,0,200,200
326090,0,30,0,3,0,1,0,2,0,0,0,17,17,0,200,0,0,0,0,200,200
326093,0,30,0,0,0,1,14,5,0,0,0,17,23,0,60,200,200,200,200,200,200
326093,0,30,0,0,0,1,14,5,0,0,0,17,23,1,32,200,7,200,0,200,200
326093,1,30,0,0,0,1,14,5,0,0,0,17,23,1,200,200,200,200,200,200,200
326093,1,30,0,0,0,1,14,5,0,0,0,17,23,1,200,200,200,200,200,200,200
326093,1,30,0,0,0,1,14,5,0,0,0,17,23,0,200,200,200,200,200,200,200
326104,0,30,1,2,0,1,14,6,0,0,0,22,200,1,23,0,4,0,0,200,200
326104,0,30,1,2,0,1,14,6,0,0,0,22,200,0,38,0,0,0,0,200,200
326106,0,30,0,0,0,1,14,2,0,0,0,23,200,0,19,0,1,0,0,200,200
326106,0,30,0,0,0,1,14,2,0,0,0,23,200,0,27,0,0,0,0,200,200
326112,0,30,0,0,0,1,12,2,0,0,0,0,0,0,67,200,4,200,200,200,200
326112,0,30,0,0,0,1,12,2,0,0,0,0,0,0,60,0,0,0,0,200,200
326122,0,40,0,0,0,1,12,3,0,0,0,11,200,1,30,0,12,0,0,200,200
326122,0,40,0,0,0,1,12,3,0,0,0,11,200,1,51,0,0,0,0,200,200
326127,0,20,0,0,0,1,7,5,0,0,3,12,0,0,42,0,12,0,0,200,200
326152,0,20,0,0,0,1,12,7,0,0,0,0,0,1,34,200,1,200,200,200,200
326152,0,20,0,0,0,1,12,7,0,0,0,0,0,1,24,0,0,0,0,200,200