RD_NO,PERSON_TYPE,POSTED_SPEED_LIMIT,TRAFFIC_CONTROL_DEVICE,DEVICE_CONDITION,WEATHER_CONDITION,LIGHTING_CONDITION,FIRST_CRASH_TYPE,TRAFFICWAY_TYPE,ALIGNMENT,ROADWAY_SURFACE_COND,ROAD_DEFECT,PRIM_CONTRIBUTORY_CAUSE,SEC_CONTRIBUTORY_CAUSE,SEX,AGE,SAFETY_EQUIPMENT,DRIVER_ACTION,DRIVER_VISION,PHYSICAL_CONDITION,BAC_RESULT VALUE,CELL_PHONE_USE
326152,1,20,0,0,0,1,12,7,0,0,0,0,0,0,200,0,200,200,200,200,200
326154,0,30,1,2,0,1,12,3,0,0,0,17,17,1,45,0,4,0,0,200,200
326154,0,30,1,2,0,1,12,3,0,0,0,17,17,0,56,1,0,0,0,200,200
326154,1,30,1,2,0,1,12,3,0,0,0,17,17,0,52,0,200,200,200,200,200
326160,0,30,3,2,0,1,12,3,3,0,0,17,200,0,39,0,1,0,0,200,200
326160,0,30,3,2,0,1,12,3,3,0,0,17,200,0,200,0,0,0,0,200,200
326165,0,30,1,2,0,1,10,2,0,0,0,18,200,1,28,0,3,0,0,200,200
326165,0,30,1,2,0,1,10,2,0,0,0,18,200,0,21,0,0,0,0,200,200
326166,0,15,0,0,0,1,12,12,0,0,3,0,200,0,43,200,12,0,0,200,200
326166,0,15,0,0,0,1,12,12,0,0,3,0,200,0,54,200,0,0,0,200,200
326170,0,30,1,2,0,1,12,5,3,0,0,21,22,0,200,200,2,200,200,200,200
326170,0,30,1,2,0,1,12,5,3,0,0,21,22,1,24,0,0,0,0,200,200
326170,1,30,1,2,0,1,12,5,3,0,0,21,22,0,200,0,200,200,200,200,200
326170,1,30,1,2,0,1,12,5,3,0,0,21,22,200,200,200,200,200,200,200,200
326172,0,30,0,0,0,1,7,3,0,0,0,0,0,2,200,200,200,200,200,200,200
326180,0,30,0,0,0,1,2,0,0,0,0,0,0,0,23,200,200,200,0,200,200
326180,1,30,0,0,0,1,2,0,0,0,0,0,0,0,200,7,200,200,200,200,200
326180,1,30,0,0,0,1,2,0,0,0,0,0,0,0,200,7,200,200,200,200,200
326184,0,30,1,2,0,1,14,6,0,0,200,33,200,0,56,0,7,0,0,200,200
326184,0,30,1,2,0,1,14,6,0,0,200,33,200,0,58,0,0,0,0,200,200
326186,0,30,0,0,0,1,12,2,0,0,0,16,23,0,36,0,1,0,0,200,200
326186,0,30,0,0,0,1,12,2,0,0,0,16,23,1,52,0,0,0,0,200,200
326189,0,30,0,0,0,1,9,2,0,0,0,20,16,1,200,0,6,0,0,200,200
326189,5,30,0,0,0,1,9,2,0,0,0,20,16,0,45,7,0,0,0,200,200
326189,1,30,0,0,0,1,9,2,0,0,0,20,16,1,200,0,200,200,200,200,200
326199,0,30,2,2,0,1,14,2,2,0,0,17,33,0,78,0,1,12,0,200,200
326199,0,30,2,2,0,1,14,2,2,0,0,17,33,0,40,0,0,12,0,200,200
326202,0,30,1,2,0,1,10,2,0,0,0,7,18,1,50,200,3,200,200,200,200
326202,0,30,1,2,0,1,10,2,0,0,0,7,18,1,18,0,0,0,0,200,200
326202,1,30,1,2,0,1,10,2,0,0,0,7,18,1,200,200,200,200,200,200,200
326204,0,30,0,0,0,1,10,3,0,0,0,20,200,0,53,0,6,0,0,200,200
326204,0,30,0,0,0,1,10,3,0,0,0,20,200,1,25,0,12,0,0,200,200
326204,1,30,0,0,0,1,10,3,0,0,0,20,200,0,27,0,200,200,200,200,200
326204,1,30,0,0,0,1,10,3,0,0,0,20,200,0,7,0,200,200,200,200,200
326206,0,30,0,0,0,1,10,5,0,0,0,0,200,0,44,0,0,0,0,200,200
326206,0,30,0,0,0,1,10,5,0,0,0,0,200,1,17,0,0,0,0,200,200
326210,0,15,0,0,0,1,0,7,0,0,0,20,200,1,25,0,6,0,0,200,200
326210,0,15,0,0,0,1,0,7,0,0,0,20,200,0,33,0,0,0,0,200,200
326210,1,15,0,0,0,1,0,7,0,0,0,20,200,200,200,0,200,200,200,200,200
326210,1,15,0,0,0,1,0,7,0,0,0,20,200,200,200,0,200,200,200,200,200
326210,1,15,0,0,0,1,0,7,0,0,0,20,200,200,200,0,200,200,200,200,200
326219,0,30,0,0,0,1,14,5,0,0,0,17,23,1,200,0,1,1,0,200,200
326219,0,30,0,0,0,1,14,5,0,0,0,17,23,0,200,0,0,0,0,200,200
326223,0,5,0,0,0,1,10,7,0,0,0,20,200,1,35,0,6,0,0,200,200
326223,0,5,0,0,0,1,10,7,0,0,0,20,200,1,26,0,0,0,0,200,200
326223,1,5,0,0,0,1,10,7,0,0,0,20,200,0,1,5,200,200,200,200,200
326225,0,30,0,0,0,1,10,5,0,0,0,18,0,0,200,200,3,200,200,200,200
326225,0,30,0,0,0,1,10,5,0,0,0,18,0,0,42,0,0,0,0,200,200
326225,1,30,0,0,0,1,10,5,0,0,0,18,0,1,200,200,200,200,200,200,200
326231,0,30,1,2,0,1,14,5,0,0,0,23,200,1,49,200,7,200,0,200,200
326231,0,30,1,2,0,1,14,5,0,0,0,23,200,1,52,200,0,200,0,200,200
326232,0,30,2,2,0,1,10,5,0,0,0,20,200,0,22,200,6,0,0,200,200
326232,0,30,2,2,0,1,10,5,0,0,0,20,200,0,67,200,0,0,0,200,200
326232,1,30,2,2,0,1,10,5,0,0,0,20,200,0,20,200,200,200,200,200,200
326233,0,30,1,2,0,1,10,5,0,0,0,22,16,0,30,0,3,0,0,200,200
326233,0,30,1,2,0,1,10,5,0,0,0,22,16,0,65,0,0,0,0,200,200
326240,0,30,0,0,0,1,14,2,0,0,0,17,0,0,65,0,1,4,0,200,200
326240,0,30,0,0,0,1,14,2,0,0,0,17,0,1,74,0,0,0,0,200,200
326241,0,30,1,2,0,1,10,200,0,0,0,16,16,0,77,0,8,0,200,200,200
326241,0,30,1,2,0,1,10,200,0,0,0,16,16,0,39,0,0,0,0,200,200
326244,0,30,0,0,0,1,7,2,0,0,0,18,0,0,29,0,3,0,0,200,200
326250,0,30,0,0,0,1,12,5,0,0,0,17,0,0,200,0,1,0,0,200,200
326250,0,30,0,0,0,1,12,5,0,0,0,17,0,1,200,0,0,0,0,200,200
326251,0,30,0,0,0,1,10,5,0,0,0,0,0,0,36,200,200,200,0,200,200
326251,0,30,0,0,0,1,10,5,0,0,0,0,0,0,53,0,0,0,0,200,200
326251,1,30,0,0,0,1,10,5,0,0,0,0,0,0,200,200,200,200,200,200,200
326253,0,30,0,0,200,200,7,2,0,200,200,0,200,2,200,200,200,200,200,200,200
326260,0,20,2,2,0,1,2,5,0,0,0,25,16,0,54,200,13,200,0,200,200
326265,0,25,0,0,0,1,7,6,0,0,0,0,0,0,200,200,200,200,200,200,200
326272,0,30,1,2,0,1,14,5,0,0,0,21,22,0,29,0,4,0,0,200,200
326272,0,30,1,2,0,1,14,5,0,0,0,21,22,1,51,0,0,0,0,200,200
326272,1,30,1,2,0,1,14,5,0,0,0,21,22,2,200,200,200,200,200,200,200
326275,0,35,200,200,0,1,14,5,0,0,200,16,0,0,29,200,200,200,0,200,200
326275,0,35,200,200,0,1,14,5,0,0,200,16,0,1,25,200,200,200,0,200,200
326275,1,35,200,200,0,1,14,5,0,0,200,16,0,0,30,200,200,200,200,200,200
326278,0,30,2,0,0,1,10,5,0,0,0,0,200,0,200,200,200,200,200,200,200
326278,0,30,2,0,0,1,10,5,0,0,0,0,200,0,52,200,0,0,0,200,200
326286,0,30,0,0,0,1,7,7,0,0,0,20,200,0,61,200,6,200,0,200,200
326287,0,30,2,2,0,1,10,6,0,0,0,18,200,0,200,0,3,0,0,200,200
326287,0,30,2,2,0,1,10,6,0,0,0,18,200,0,200,0,0,0,0,200,200
326287,1,30,2,2,0,1,10,6,0,0,0,18,200,1,200,0,200,200,200,200,200
326287,1,30,2,2,0,1,10,6,0,0,0,18,200,1,200,0,200,200,200,200,200
326287,1,30,2,2,0,1,10,6,0,0,0,18,200,0,200,0,200,200,200,200,200
326288,0,35,0,0,0,1,14,5,2,0,0,17,5,1,22,0,1,0,0,200,200
326288,0,35,0,0,0,1,14,5,2,0,0,17,5,0,71,0,0,0,0,200,200
326288,1,35,0,0,0,1,14,5,2,0,0,17,5,0,41,0,200,200,200,200,200
326304,0,30,0,0,0,1,7,5,0,0,0,0,0,2,200,200,12,200,200,200,200
326305,0,30,0,0,0,1,10,5,0,0,0,18,200,1,43,0,3,0,0,200,200
326305,0,30,0,0,0,1,10,5,0,0,0,18,200,1,19,0,0,0,0,200,200
326310,0,20,0,12,0,1,7,12,0,0,0,0,200,2,200,200,200,200,200,200,200
326317,0,30,0,0,0,1,7,6,0,0,0,0,200,2,200,200,200,200,200,200,200
326329,0,35,0,0,0,1,7,6,0,0,0,18,200,2,200,200,200,200,200,200,200
326334,0,30,2,2,0,1,14,5,0,0,200,0,11,1,30,0,200,0,0,200,200
326334,0,30,2,2,0,1,14,5,0,0,200,0,11,1,50,0,200,0,0,200,200
326343,0,30,0,0,0,1,12,5,0,0,200,0,0,2,200,200,200,200,200,200,200
326343,0,30,0,0,0,1,12,5,0,0,200,0,0,1,31,0,0,200,200,200,200
326349,0,25,0,0,0,1,10,2,0,0,0,0,0,0,28,0,1,0,0,200,200
326349,0,25,0,0,0,1,10,2,0,0,0,0,0,0,27,0,0,0,0,200,200
326355,0,15,0,0,0,1,7,6,0,0,0,11,0,0,200,200,12,200,200,200,200
326359,0,0,0,0,0,1,10,7,0,0,0,12,200,1,54,200,12,0,0,200,200
326359,0,0,0,0,0,1,10,7,0,0,0,12,200,0,53,200,0,0,0,200,200
326369,0,30,0,0,2,3,7,6,0,1,200,200,200,1,19,200,12,200,200,200,200
326374,0,30,0,0,0,1,14,5,0,0,0,17,16,0,33,200,7,200,200,200,200
326374,0,30,0,0,0,1,14,5,0,0,0,17,16,1,66,0,0,200,0,200,200
326377,0,25,0,0,0,1,0,2,0,0,0,0,0,2,200,200,1,200,200,200,200
326377,0,25,0,0,0,1,0,2,0,0,0,0,0,1,43,0,0,0,0,200,200
326379,0,20,1,2,0,1,10,6,0,0,0,0,0,0,56,0,6,0,0,200,200
326379,0,20,1,2,0,1,10,6,0,0,0,0,0,1,24,0,0,0,0,200,200
326380,0,30,200,200,0,1,10,5,0,0,200,0,200,1,63,200,200,200,0,200,200
326380,0,30,200,200,0,1,10,5,0,0,200,0,200,1,38,200,200,200,0,200,200
326380,0,30,200,200,0,1,10,5,0,0,200,0,200,1,46,200,200,200,0,200,200
326381,0,30,0,0,0,3,7,5,0,0,0,0,200,2,200,200,200,200,200,200,200
326386,0,30,1,2,0,1,7,5,0,0,0,18,18,2,200,200,14,200,200,200,200
326391,0,30,0,0,0,1,7,6,0,0,0,22,16,0,20,0,2,0,0,200,200
326397,0,30,1,2,0,1,0,5,0,0,0,200,200,2,200,200,200,200,200,200,200
326397,0,30,1,2,0,1,0,5,0,0,0,200,200,1,35,0,0,0,0,200,200
326401,0,30,0,0,0,1,7,5,0,0,0,0,0,1,56,200,12,200,200,200,200
326410,0,30,0,0,200,200,7,5,0,200,200,0,200,2,200,200,200,200,200,200,200
326411,0,30,0,0,0,1,7,7,0,0,0,0,0,0,56,0,12,0,0,200,200
326414,0,30,0,0,0,1,5,5,0,0,200,0,0,1,81,0,0,200,200,200,200
326427,0,30,0,0,0,1,12,5,0,0,0,17,200,1,50,0,3,0,0,200,200
326427,0,30,0,0,0,1,12,5,0,0,0,17,200,0,52,0,0,0,0,200,200
326428,0,30,1,2,0,1,12,5,0,0,200,21,200,0,32,200,4,200,200,200,200
326428,0,30,1,2,0,1,12,5,0,0,200,21,200,1,24,200,0,200,200,200,200
326428,1,30,1,2,0,1,12,5,0,0,200,21,200,1,3,200,200,200,200,200,200
326430,0,35,1,2,0,1,9,5,0,0,0,16,0,1,31,200,1,0,0,200,200
326430,5,35,1,2,0,1,9,5,0,0,0,16,0,1,69,7,0,200,7,200,200
326430,1,35,1,2,0,1,9,5,0,0,0,16,0,1,5,5,200,200,200,200,200
326434,0,30,2,2,0,1,10,5,0,0,200,0,11,0,200,200,200,200,200,200,200
326434,0,30,2,2,0,1,10,5,0,0,200,0,11,1,26,0,200,0,0,200,200
326437,0,10,0,0,0,1,0,7,0,0,0,20,200,0,200,200,6,200,200,200,200
326437,0,10,0,0,0,1,0,7,0,0,0,20,200,0,31,200,6,200,0,200,200
326439,0,30,1,2,0,1,10,5,0,12,200,0,0,0,200,200,200,200,200,200,200
326439,0,30,1,2,0,1,10,5,0,12,200,0,0,1,41,0,0,0,0,200,200
326441,0,20,0,0,0,1,7,4,0,0,200,20,20,2,200,200,6,200,200,200,200
326442,0,30,1,2,0,1,12,6,0,0,0,21,22,1,73,200,0,0,0,200,200
326442,0,30,1,2,0,1,12,6,0,0,0,21,22,1,33,200,4,0,0,200,200
326444,0,30,0,0,0,1,7,5,0,0,0,17,11,0,200,200,1,200,200,200,200
326445,0,30,2,2,0,1,14,2,0,0,0,5,200,0,18,0,1,0,0,200,200
326445,0,30,2,2,0,1,14,2,0,0,0,5,200,0,36,0,0,0,0,200,200
326451,0,30,0,0,0,1,10,5,0,0,0,18,200,0,20,0,3,0,0,200,200
326451,0,30,0,0,0,1,10,5,0,0,0,18,200,0,50,0,0,0,0,200,200
326454,0,45,0,0,0,1,10,3,3,0,0,0,0,0,200,200,1,200,200,200,200
326454,0,45,0,0,0,1,10,3,3,0,0,0,0,0,54,0,0,0,0,200,200
326458,0,35,1,2,0,1,3,5,0,0,0,0,0,1,55,0,12,0,0,200,200
326458,0,35,1,2,0,1,3,5,0,0,0,0,0,1,36,0,0,0,0,200,200
326458,0,35,1,2,0,1,3,5,0,0,0,0,0,0,53,0,0,0,0,200,200
326459,0,35,1,2,0,1,14,2,0,0,0,23,200,0,57,0,0,0,0,200,200
326459,0,35,1,2,0,1,14,2,0,0,0,23,200,1,27,0,0,0,0,200,200
326464,0,30,1,2,0,1,10,5,0,0,0,0,200,0,21,0,0,0,0,200,200
326464,0,30,1,2,0,1,10,5,0,0,0,0,200,0,56,0,0,0,0,200,200
326470,0,30,200,200,0,200,9,200,0,0,200,0,0,0,41,200,200,200,200,200,200
326470,5,30,200,200,0,200,9,200,0,0,200,0,0,0,200,200,200,200,200,200,200
326476,0,30,1,2,0,1,12,5,0,0,0,200,200,0,53,200,12,200,200,200,200
326476,0,30,1,2,0,1,12,5,0,0,0,200,200,0,36,0,0,0,0,200,200
326479,0,30,0,0,0,1,10,5,0,0,0,20,20,1,46,0,6,0,0,200,200
326479,0,30,0,0,0,1,10,5,0,0,0,20,20,1,47,0,6,0,0,200,200
326480,0,25,0,0,0,1,0,2,0,0,0,0,0,0,21,0,1,0,0,200,200
326480,0,25,0,0,0,1,0,2,0,0,0,0,0,1,64,0,0,0,0,200,200
326488,0,30,1,200,0,1,0,5,0,0,0,0,0,1,19,200,6,200,200,200,200
326488,0,30,1,200,0,1,0,5,0,0,0,0,0,1,34,0,0,0,0,200,200
326489,0,30,0,0,0,1,10,5,0,0,0,18,200,0,200,200,3,200,200,200,200
326489,0,30,0,0,0,1,10,5,0,0,0,18,200,0,49,0,0,0,0,200,200
326498,0,30,0,0,0,1,0,5,0,0,200,17,0,1,0,0,1,0,0,200,200
326498,0,30,0,0,0,1,0,5,0,0,200,17,0,1,37,200,0,0,0,200,200
326498,0,30,0,0,0,1,0,5,0,0,200,17,0,1,39,0,0,0,0,200,200
326498,1,30,0,0,0,1,0,5,0,0,200,17,0,1,14,0,200,200,200,200,200
326498,1,30,0,0,0,1,0,5,0,0,200,17,0,1,12,0,200,200,200,200,200
326498,1,30,0,0,0,1,0,5,0,0,200,17,0,1,28,0,200,200,200,200,200
326498,1,30,0,0,0,1,0,5,0,0,200,17,0,1,66,0,200,200,200,200,200
326501,0,30,2,2,0,1,0,12,0,0,0,0,200,0,64,0,200,0,0,200,200
326501,0,30,2,2,0,1,0,12,0,0,0,0,200,1,31,0,200,0,0,200,200
326514,0,30,0,0,0,1,7,5,0,0,0,18,18,0,200,200,6,200,200,200,200
326519,0,20,0,0,0,1,7,6,0,200,200,0,0,1,45,200,200,200,0,200,200
326521,0,30,0,0,0,1,12,2,0,0,0,17,200,1,63,0,1,0,0,200,200
326521,0,30,0,0,0,1,12,2,0,0,0,17,200,1,34,0,0,0,0,200,200
326521,1,30,0,0,0,1,12,2,0,0,0,17,200,1,200,0,200,200,200,200,200
326521,1,30,0,0,0,1,12,2,0,0,0,17,200,1,200,0,200,200,200,200,200
326523,0,30,0,0,0,1,12,5,0,0,0,17,200,0,31,0,1,0,0,200,200
326523,0,30,0,0,0,1,12,5,0,0,0,17,200,1,38,0,0,0,0,200,200
326524,0,30,0,0,0,1,7,6,0,0,0,0,0,0,71,200,200,0,0,200,200
326532,0,30,0,0,0,1,10,5,0,0,0,200,200,1,26,0,0,0,0,200,200
326532,0,30,0,0,0,1,10,5,0,0,0,200,200,1,51,0,0,0,0,200,200
326532,1,30,0,0,0,1,10,5,0,0,0,200,200,1,200,0,200,200,200,200,200
326533,0,30,0,0,0,1,9,5,0,0,0,0,200,0,46,200,200,0,0,200,200
326533,5,30,0,0,0,1,9,5,0,0,0,0,200,1,24,7,0,200,0,200,200
326536,0,30,0,0,0,1,10,5,0,0,0,18,200,0,21,0,3,0,0,200,200
326536,0,30,0,0,0,1,10,5,0,0,0,18,200,0,40,0,0,0,0,200,200
326539,0,30,1,2,0,1,2,5,0,0,0,27,0,0,78,200,12,0,0,200,200
326542,0,30,2,2,0,1,0,5,0,0,0,17,0,0,39,200,1,0,0,200,200
326542,0,30,2,2,0,1,0,5,0,0,0,17,0,0,51,200,0,0,0,200,200
326542,1,30,2,2,0,1,0,5,0,0,0,17,0,1,19,200,200,200,200,200,200
326546,0,30,0,0,0,1,14,2,0,0,200,17,0,1,25,200,0,200,0,200,200
326546,0,30,0,0,0,1,14,2,0,0,200,17,0,0,44,0,1,200,0,200,200
326548,0,30,2,12,0,1,0,5,0,0,0,0,200,0,25,0,200,0,0,200,200
326548,0,30,2,12,0,1,0,5,0,0,0,0,200,1,32,0,200,0,0,200,200
326554,0,25,0,0,0,1,7,7,0,0,0,0,0,0,51,0,1,0,0,200,200
326555,0,30,0,0,0,1,10,5,0,0,0,0,200,1,69,200,200,0,0,200,200
326555,0,30,0,0,0,1,10,5,0,0,0,0,200,1,46,200,0,0,0,200,200
326555,0,30,0,0,0,1,10,5,0,0,0,0,200,1,52,200,0,0,0,200,200
326556,0,30,2,2,0,1,14,5,0,0,0,200,200,0,200,200,200,200,200,200,200
326556,0,30,2,2,0,1,14,5,0,0,0,200,200,1,38,0,0,0,0,200,200
326557,0,35,1,2,0,1,10,2,0,0,0,16,200,0,37,0,200,0,0,200,200
326557,0,35,1,2,0,1,10,2,0,0,0,16,200,0,27,0,0,0,0,200,200
326558,0,30,0,0,0,1,7,6,0,0,0,8,25,0,26,0,12,0,0,200,200
326558,1,30,0,0,0,1,7,6,0,0,0,8,25,0,22,200,200,200,200,200,200
326558,1,30,0,0,0,1,7,6,0,0,0,8,25,0,30,200,200,200,200,200,200
326567,0,30,0,0,0,1,7,5,0,0,0,0,200,2,200,200,200,200,200,200,200
326570,0,30,1,2,0,1,10,6,0,0,0,200,200,0,49,0,0,0,0,200,200
326570,0,30,1,2,0,1,10,6,0,0,0,200,200,0,54,0,0,0,0,200,200
326570,0,30,1,2,0,1,10,6,0,0,0,200,200,0,54,0,0,0,0,200,200
326570,1,30,1,2,0,1,10,6,0,0,0,200,200,0,20,0,200,200,200,200,200
326570,1,30,1,2,0,1,10,6,0,0,0,200,200,0,15,7,200,200,200,200,200
326573,0,30,1,2,0,1,14,5,0,0,0,17,21,0,200,200,7,200,200,200,200
326573,0,30,1,2,0,1,14,5,0,0,0,17,21,0,48,0,0,0,0,200,200
326577,0,15,0,0,0,200,5,7,0,200,200,0,0,2,200,200,200,200,200,200,200
326580,0,35,0,0,0,1,0,2,0,0,0,21,16,0,58,0,9,200,0,200,200
326580,0,35,0,0,0,1,0,2,0,0,0,21,16,0,19,0,0,0,0,200,200
326580,0,35,0,0,0,1,0,2,0,0,0,21,16,0,51,0,0,0,0,200,200
326583,0,30,2,2,0,1,0,12,0,0,0,17,0,0,30,0,1,0,0,200,200
326583,0,30,2,2,0,1,0,12,0,0,0,17,0,1,64,0,0,0,0,200,200
326584,0,30,0,0,200,200,7,5,0,200,0,0,0,2,200,200,200,200,200,200,200
326589,0,30,0,0,0,1,10,6,0,0,200,0,0,0,200,200,200,200,200,200,200
326589,0,30,0,0,0,1,10,6,0,0,200,0,0,1,42,7,0,200,0,200,200
326591,0,30,0,0,0,1,7,6,0,0,0,200,200,2,200,200,0,200,200,200,200
326594,0,35,0,0,0,1,14,3,0,0,0,23,200,1,25,0,1,0,0,200,200
326594,0,35,0,0,0,1,14,3,0,0,0,23,200,0,24,0,0,0,0,200,200
326594,1,35,0,0,0,1,14,3,0,0,0,23,200,1,22,0,200,200,200,200,200
326600,0,30,1,2,0,1,10,5,0,0,0,18,0,0,21,0,3,0,0,200,200
326600,0,30,1,2,0,1,10,5,0,0,0,18,0,0,33,0,0,0,0,200,200
326603,0,30,2,2,0,1,0,2,0,0,0,17,200,1,17,0,1,0,0,200,200
326603,0,30,2,2,0,1,0,2,0,0,0,17,200,1,22,0,1,0,0,200,200
326604,0,30,2,2,0,1,11,5,0,0,200,16,15,0,21,200,3,200,200,200,200
326604,0,30,2,2,0,1,11,5,0,0,200,16,15,0,53,0,0,200,200,200,200
326604,1,30,2,2,0,1,11,5,0,0,200,16,15,0,17,200,200,200,200,200,200
326604,1,30,2,2,0,1,11,5,0,0,200,16,15,0,15,200,200,200,200,200,200
326604,1,30,2,2,0,1,11,5,0,0,200,16,15,0,24,200,200,200,200,200,200
326606,0,30,0,0,0,1,14,5,0,0,0,33,11,0,20,0,200,5,0,200,200
326606,0,30,0,0,0,1,14,5,0,0,0,33,11,1,38,0,0,5,0,200,200
326614,0,30,1,2,0,1,2,3,0,0,0,0,0,0,200,200,200,200,200,200,200
326614,1,30,1,2,0,1,2,3,0,0,0,0,0,0,200,200,200,200,200,200,200
326615,0,30,0,0,0,1,0,5,0,0,0,0,0,0,200,200,1,200,200,200,200
326615,0,30,0,0,0,1,0,5,0,0,0,0,0,1,46,0,200,0,0,200,200
326619,0,30,1,2,0,1,10,5,0,0,0,18,200,1,200,200,3,0,0,200,200
326619,0,30,1,2,0,1,10,5,0,0,0,18,200,1,51,0,0,0,0,200,200
326626,0,15,0,0,0,1,7,0,0,0,0,0,0,1,30,200,200,200,1,200,200
326626,1,15,0,0,0,1,7,0,0,0,0,0,0,1,16,200,200,200,200,200,200
326626,1,15,0,0,0,1,7,0,0,0,0,0,0,200,8,200,200,200,200,200,200
326626,1,15,0,0,0,1,7,0,0,0,0,0,0,1,200,200,200,200,200,200,200
326627,0,30,1,2,0,1,10,5,0,0,0,18,18,1,200,200,3,200,200,200,200
326627,0,30,1,2,0,1,10,5,0,0,0,18,18,0,32,7,0,0,0,200,200
326627,1,30,1,2,0,1,10,5,0,0,0,18,18,0,200,200,200,200,200,200,200
326627,1,30,1,2,0,1,10,5,0,0,0,18,18,1,200,0,200,200,200,200,200
326627,1,30,1,2,0,1,10,5,0,0,0,18,18,1,200,0,200,200,200,200,200
326630,0,30,1,2,0,1,12,5,0,0,0,17,200,0,200,0,1,0,0,200,200
326630,0,30,1,2,0,1,12,5,0,0,0,17,200,1,200,0,0,0,0,200,200
326632,0,30,1,2,0,1,12,5,0,0,0,21,21,1,31,0,4,0,0,200,200
326632,0,30,1,2,0,1,12,5,0,0,0,21,21,1,32,0,0,0,0,200,200
326636,0,30,0,0,0,1,12,5,0,0,0,200,200,1,45,7,0,0,0,200,200
326636,0,30,0,0,0,1,12,5,0,0,0,200,200,0,200,200,15,200,200,200,200
326636,1,30,0,0,0,1,12,5,0,0,0,200,200,0,200,7,200,200,200,200,200
326636,1,30,0,0,0,1,12,5,0,0,0,200,200,0,200,0,200,200,200,200,200
326636,1,30,0,0,0,1,12,5,0,0,0,200,200,1,200,5,200,200,200,200,200
326637,0,30,0,0,0,1,10,5,0,0,0,25,18,1,28,0,3,0,0,200,200
326637,0,30,0,0,0,1,10,5,0,0,0,25,18,0,33,0,1,0,0,200,200
326637,0,30,0,0,0,1,10,5,0,0,0,25,18,0,70,0,0,0,0,200,200
326637,1,30,0,0,0,1,10,5,0,0,0,25,18,0,200,0,200,200,200,200,200
326646,0,30,0,0,0,1,3,5,0,200,200,20,200,0,65,200,6,200,0,200,200
326646,0,30,0,0,0,1,3,5,0,200,200,20,200,0,34,200,0,0,0,200,200
326646,1,30,0,0,0,1,3,5,0,200,200,20,200,0,15,200,200,200,200,200,200
326646,1,30,0,0,0,1,3,5,0,200,200,20,200,1,1,200,200,200,200,200,200
326646,1,30,0,0,0,1,3,5,0,200,200,20,200,1,11,200,200,200,200,200,200
326649,0,30,1,2,0,1,14,5,0,0,0,0,0,1,36,200,200,0,0,200,200
326649,0,30,1,2,0,1,14,5,0,0,0,0,0,1,44,200,0,0,0,200,200
326649,1,30,1,2,0,1,14,5,0,0,0,0,0,0,26,200,200,200,200,200,200
326651,0,30,1,2,0,1,10,5,0,0,0,18,200,0,20,200,3,0,0,200,200
326651,0,30,1,2,0,1,10,5,0,0,0,18,200,0,65,0,0,0,0,200,200
326651,0,30,1,2,0,1,10,5,0,0,0,18,200,1,21,0,0,0,0,200,200
326657,0,30,0,0,0,1,7,7,0,0,0,0,200,2,200,200,200,200,200,200,200
326658,0,30,0,0,0,1,0,6,0,0,0,17,200,0,20,0,1,0,0,200,200
326658,0,30,0,0,0,1,0,6,0,0,0,17,200,1,22,0,0,0,0,200,200
326661,0,30,0,0,0,1,7,6,0,0,200,0,0,2,200,200,200,200,200,200,200
326663,0,25,0,0,0,1,0,2,0,0,0,0,0,0,19,0,1,0,0,200,200
326663,0,25,0,0,0,1,0,2,0,0,0,0,0,0,56,0,0,0,0,200,200
326664,0,30,0,0,0,1,12,5,0,0,0,0,200,0,27,0,0,0,0,200,200
326664,0,30,0,0,0,1,12,5,0,0,0,0,200,0,52,0,0,0,0,200,200
326664,1,30,0,0,0,1,12,5,0,0,0,0,200,0,200,0,200,200,200,200,200
326666,0,30,2,0,0,1,14,12,0,0,0,17,200,0,36,200,1,0,0,200,200
326666,0,30,2,0,0,1,14,12,0,0,0,17,200,0,200,200,0,200,200,200,200
326666,1,30,2,0,0,1,14,12,0,0,0,17,200,1,38,200,200,200,200,200,200
326666,1,30,2,0,0,1,14,12,0,0,0,17,200,0,10,200,200,200,200,200,200
326666,1,30,2,0,0,1,14,12,0,0,0,17,200,0,8,200,200,200,200,200,200
326668,0,30,0,0,0,1,7,5,0,0,0,0,200,2,200,200,10,200,200,200,200
326671,0,30,0,0,0,1,7,6,0,0,0,25,25,1,200,200,12,200,200,200,200
326672,0,30,1,2,0,1,14,5,0,0,0,0,200,0,56,200,200,200,200,200,200
326672,0,30,1,2,0,1,14,5,0,0,0,0,200,0,35,0,200,200,0,200,200
326673,0,10,0,0,0,1,10,7,0,0,0,20,200,1,46,0,6,0,0,200,200
326673,0,10,0,0,0,1,10,7,0,0,0,20,200,0,200,200,0,200,200,200,200
326676,0,30,0,0,0,1,0,5,0,0,0,20,18,1,42,0,6,0,0,200,200
326676,0,30,0,0,0,1,0,5,0,0,0,20,18,0,23,0,3,0,0,200,200
326679,0,25,0,0,0,1,7,5,0,0,0,20,200,2,200,200,6,200,200,200,200
326680,0,10,0,0,0,1,7,7,0,0,0,0,0,1,18,0,0,0,0,200,200
326680,1,10,0,0,0,1,7,7,0,0,0,0,0,0,19,0,200,200,200,200,200
326681,4,30,1,2,0,1,8,5,0,0,200,0,16,0,19,7,200,200,0,200,200
326681,0,30,1,2,0,1,8,5,0,0,200,0,16,1,200,200,1,200,200,200,200
326682,0,30,1,2,0,1,14,2,0,0,0,6,0,0,200,200,5,0,0,200,200