RD_NO,PERSON_TYPE,POSTED_SPEED_LIMIT,TRAFFIC_CONTROL_DEVICE,DEVICE_CONDITION,WEATHER_CONDITION,LIGHTING_CONDITION,FIRST_CRASH_TYPE,TRAFFICWAY_TYPE,ALIGNMENT,ROADWAY_SURFACE_COND,ROAD_DEFECT,PRIM_CONTRIBUTORY_CAUSE,SEC_CONTRIBUTORY_CAUSE,SEX,AGE,SAFETY_EQUIPMENT,DRIVER_ACTION,DRIVER_VISION,PHYSICAL_CONDITION,BAC_RESULT VALUE,CELL_PHONE_USE
327394,0,20,0,0,0,1,0,0,0,0,0,17,11,0,54,200,1,5,0,200,200
327394,0,20,0,0,0,1,0,0,0,0,0,17,11,1,35,200,0,0,0,200,200
327395,0,30,0,0,0,1,12,3,0,0,0,22,0,1,0,200,2,0,0,200,200
327395,0,30,0,0,0,1,12,3,0,0,0,22,0,0,30,200,0,0,0,200,200
327397,0,30,1,200,200,0,0,5,0,200,200,0,0,2,200,200,200,200,200,200,200
327397,0,30,1,200,200,0,0,5,0,200,200,0,0,1,34,200,200,200,200,200,200
327402,0,30,0,0,0,1,12,6,0,0,0,21,200,0,200,200,4,200,200,200,200
327402,0,30,0,0,0,1,12,6,0,0,0,21,200,0,56,200,200,200,0,200,200
327402,1,30,0,0,0,1,12,6,0,0,0,21,200,0,200,200,200,200,200,200,200
327405,0,30,0,0,0,3,7,6,0,0,0,0,0,2,200,200,200,200,200,200,200
327409,0,30,1,2,0,1,10,2,0,0,0,0,200,1,28,0,0,0,0,200,200
327409,0,30,1,2,0,1,10,2,0,0,0,0,200,0,200,0,0,0,0,200,200
327414,0,30,1,2,0,1,12,6,0,0,0,22,21,0,200,0,2,0,0,200,200
327414,0,30,1,2,0,1,12,6,0,0,0,22,21,0,41,0,0,0,0,200,200
327419,0,30,3,5,0,1,0,2,0,0,3,17,0,0,36,0,1,0,0,200,200
327419,0,30,3,5,0,1,0,2,0,0,3,17,0,0,51,0,0,0,0,200,200
327421,0,15,0,0,0,1,11,0,0,0,0,22,16,0,200,200,2,200,200,200,200
327421,0,15,0,0,0,1,11,0,0,0,0,22,16,0,20,0,0,0,0,200,200
327422,0,30,1,2,0,1,0,5,0,0,0,6,11,0,17,0,5,0,0,200,200
327422,0,30,1,2,0,1,0,5,0,0,0,6,11,1,53,0,0,0,0,200,200
327422,1,30,1,2,0,1,0,5,0,0,0,6,11,1,77,0,200,200,200,200,200
327424,0,30,2,2,0,1,12,5,0,0,0,11,200,0,25,0,12,0,0,200,200
327424,0,30,2,2,0,1,12,5,0,0,0,11,200,0,33,0,12,0,0,200,200
327425,0,30,1,0,0,1,12,2,0,0,0,18,18,0,25,0,1,0,0,200,200
327425,0,30,1,0,0,1,12,2,0,0,0,18,18,0,47,0,0,0,0,200,200
327430,0,30,0,0,0,1,5,6,0,0,0,7,200,0,17,0,12,0,0,200,200
327433,0,30,0,0,0,1,10,5,0,0,0,18,200,0,200,200,3,200,200,200,200
327433,0,30,0,0,0,1,10,5,0,0,0,18,200,0,53,0,0,0,0,200,200
327440,0,30,2,2,0,1,14,5,0,0,0,17,200,0,59,0,1,0,0,200,200
327440,0,30,2,2,0,1,14,5,0,0,0,17,200,1,21,0,0,0,0,200,200
327443,0,30,0,2,0,1,10,5,0,0,0,18,200,0,200,200,3,200,200,200,200
327443,0,30,0,2,0,1,10,5,0,0,0,18,200,1,62,7,0,0,0,200,200
327443,1,30,0,2,0,1,10,5,0,0,0,18,200,1,200,0,200,200,200,200,200
327443,1,30,0,2,0,1,10,5,0,0,0,18,200,1,200,0,200,200,200,200,200
327443,1,30,0,2,0,1,10,5,0,0,0,18,200,1,200,0,200,200,200,200,200
327444,0,30,0,0,0,1,12,6,0,0,0,0,200,0,61,0,200,200,0,200,200
327444,0,30,0,0,0,1,12,6,0,0,0,0,200,1,38,0,200,200,0,200,200
327448,0,30,1,2,0,1,10,3,0,0,0,0,0,0,56,0,12,0,0,200,200
327448,0,30,1,2,0,1,10,3,0,0,0,0,0,1,43,0,0,0,0,200,200
327449,0,30,0,0,0,1,10,5,0,0,0,18,0,1,30,0,3,0,0,200,200
327449,0,30,0,0,0,1,10,5,0,0,0,18,0,0,39,0,0,0,0,200,200
327449,1,30,0,0,0,1,10,5,0,0,0,18,0,1,38,0,200,200,200,200,200
327449,1,30,0,0,0,1,10,5,0,0,0,18,0,0,37,0,200,200,200,200,200
327450,0,30,0,0,0,1,0,12,0,0,0,0,200,1,73,0,12,0,0,200,200
327450,0,30,0,0,0,1,0,12,0,0,0,0,200,0,39,0,0,0,0,200,200
327453,0,30,2,2,0,1,14,5,0,0,0,0,200,0,200,200,200,200,200,200,200
327453,0,30,2,2,0,1,14,5,0,0,0,0,200,0,46,7,0,0,0,200,200
327454,0,30,0,0,0,1,11,5,0,0,0,200,200,0,200,200,200,200,200,200,200
327454,0,30,0,0,0,1,11,5,0,0,0,200,200,0,58,200,15,200,0,200,200
327460,0,15,0,0,200,200,7,0,0,200,200,0,200,2,200,200,7,200,200,200,200
327461,0,25,1,2,0,1,12,5,0,0,0,21,17,0,41,0,4,0,0,200,200
327461,0,25,1,2,0,1,12,5,0,0,0,21,17,1,40,0,0,0,0,200,200
327462,0,30,1,2,0,1,10,2,0,0,0,30,18,0,26,0,11,0,0,200,200
327462,0,30,1,2,0,1,10,2,0,0,0,30,18,1,54,0,0,0,0,200,200
327462,1,30,1,2,0,1,10,2,0,0,0,30,18,1,1,5,200,200,200,200,200
327464,0,30,1,2,0,1,12,2,5,0,0,18,18,0,25,0,3,0,0,200,200
327464,0,30,1,2,0,1,12,2,5,0,0,18,18,1,36,0,0,0,0,200,200
327465,0,30,0,0,0,1,10,2,0,0,0,18,200,0,36,200,3,0,0,200,200
327465,0,30,0,0,0,1,10,2,0,0,0,18,200,0,46,200,0,0,0,200,200
327470,0,30,0,0,0,1,7,7,0,0,0,11,20,0,26,200,6,200,200,200,200
327471,0,30,2,2,0,1,14,5,0,0,0,17,23,1,87,200,7,0,0,200,200
327471,0,30,2,2,0,1,14,5,0,0,0,17,23,1,64,200,0,0,0,200,200
327478,0,30,0,0,0,1,10,5,0,0,0,0,200,0,52,200,12,200,0,200,200
327478,0,30,0,0,0,1,10,5,0,0,0,0,200,1,36,200,200,200,0,200,200
327480,0,25,0,0,0,1,12,5,0,0,0,17,0,0,36,0,1,0,0,200,200
327480,0,25,0,0,0,1,12,5,0,0,0,17,0,0,52,0,0,0,0,200,200
327481,0,30,1,2,0,1,10,2,0,0,0,200,18,0,39,0,3,0,0,200,200
327481,0,30,1,2,0,1,10,2,0,0,0,200,18,0,59,0,0,0,0,200,200
327481,1,30,1,2,0,1,10,2,0,0,0,200,18,0,47,0,200,200,200,200,200
327483,0,20,0,0,0,1,7,7,0,0,0,0,0,0,40,0,12,5,0,200,200
327486,0,30,1,2,0,1,14,6,0,0,0,0,0,1,200,200,1,200,200,200,200
327486,5,30,1,2,0,1,14,6,0,0,0,0,0,0,38,200,0,0,200,200,200
327491,0,30,0,0,0,3,7,6,0,200,0,7,7,0,42,0,200,0,0,200,200
327496,0,30,2,2,0,1,10,2,0,0,0,18,0,0,50,200,3,200,12,200,200
327496,0,30,2,2,0,1,10,2,0,0,0,18,0,1,34,200,3,200,12,200,200
327498,0,30,0,0,0,1,0,0,0,0,0,17,17,1,28,0,1,0,0,200,200
327498,0,30,0,0,0,1,0,0,0,0,0,17,17,0,72,0,200,0,0,200,200
327509,0,35,1,12,0,1,12,5,0,0,0,22,22,0,32,0,4,0,2,200,200
327509,0,35,1,12,0,1,12,5,0,0,0,22,22,0,40,0,0,0,0,200,200
327510,0,20,0,0,0,1,7,5,0,0,0,22,200,0,61,0,2,0,0,200,200
327510,1,20,0,0,0,1,7,5,0,0,0,22,200,0,47,200,200,200,200,200,200
327512,0,35,1,1,2,1,12,6,0,1,12,0,200,1,200,200,4,200,200,200,200
327512,0,35,1,1,2,1,12,6,0,1,12,0,200,0,63,200,0,200,200,200,200
327517,0,25,1,2,0,1,10,5,0,0,0,18,0,2,200,200,200,200,200,200,200
327517,0,25,1,2,0,1,10,5,0,0,0,18,0,0,200,0,0,0,0,200,200
327522,0,30,0,0,0,1,7,6,0,0,0,200,200,0,88,0,0,0,0,200,200
327523,0,30,0,0,0,1,12,1,0,0,0,16,21,0,39,0,4,0,0,200,200
327523,0,30,0,0,0,1,12,1,0,0,0,16,21,1,59,0,0,0,0,200,200
327523,1,30,0,0,0,1,12,1,0,0,0,16,21,1,3,5,200,200,200,200,200
327524,0,30,1,3,0,1,0,12,0,0,0,5,16,1,46,0,12,200,0,200,200
327524,0,30,1,3,0,1,0,12,0,0,0,5,16,1,49,0,0,0,0,200,200
327524,1,30,1,3,0,1,0,12,0,0,0,5,16,1,200,0,200,200,200,200,200
327525,0,35,0,0,0,1,14,5,0,0,0,0,0,1,48,0,0,0,0,200,200
327525,0,35,0,0,0,1,14,5,0,0,0,0,0,1,32,0,0,0,0,200,200
327528,0,30,0,0,0,1,10,3,0,0,0,18,18,1,47,0,3,0,0,200,200
327528,0,30,0,0,0,1,10,3,0,0,0,18,18,0,39,0,0,0,0,200,200
327537,0,30,0,0,0,1,2,2,0,0,0,0,0,0,20,0,200,0,0,200,200
327537,1,30,0,0,0,1,2,2,0,0,0,0,0,2,23,0,200,200,200,200,200
327540,0,30,0,0,0,1,12,2,0,0,200,20,200,0,52,200,6,200,200,200,200
327540,0,30,0,0,0,1,12,2,0,0,200,20,200,0,42,0,0,200,0,200,200
327545,0,15,0,0,0,1,0,7,0,0,0,20,16,0,200,200,6,200,200,200,200
327545,0,15,0,0,0,1,0,7,0,0,0,20,16,0,57,0,0,0,0,200,200
327547,0,30,0,0,0,1,0,5,0,0,0,17,200,1,38,200,1,200,200,200,200
327547,0,30,0,0,0,1,0,5,0,0,0,17,200,0,18,0,0,0,0,200,200
327547,1,30,0,0,0,1,0,5,0,0,0,17,200,0,200,0,200,200,200,200,200
327552,0,10,0,0,0,1,7,7,0,0,0,0,200,1,200,200,200,200,200,200,200
327556,0,30,0,0,0,1,9,6,0,0,200,0,200,1,48,200,0,200,0,200,200
327556,5,30,0,0,0,1,9,6,0,0,200,0,200,0,10,7,12,200,0,200,200
327565,0,0,200,200,200,200,7,7,0,200,200,0,200,2,200,200,200,200,200,200,200
327567,0,30,0,0,0,1,10,5,0,0,0,18,200,0,82,0,3,0,0,200,200
327567,0,30,0,0,0,1,10,5,0,0,0,18,200,0,200,200,0,0,0,200,200
327567,1,30,0,0,0,1,10,5,0,0,0,18,200,1,54,0,200,200,200,200,200
327568,0,30,1,2,0,1,10,5,0,0,0,0,200,0,26,200,200,200,0,200,200
327568,0,30,1,2,0,1,10,5,0,0,0,0,200,0,51,200,200,200,0,200,200
327568,1,30,1,2,0,1,10,5,0,0,0,0,200,1,65,0,200,200,200,200,200
327568,1,30,1,2,0,1,10,5,0,0,0,0,200,0,62,0,200,200,200,200,200
327576,0,25,0,0,0,1,14,5,0,0,0,17,200,0,66,0,1,0,0,200,200
327576,0,25,0,0,0,1,14,5,0,0,0,17,200,0,200,0,0,0,0,200,200
327576,1,25,0,0,0,1,14,5,0,0,0,17,200,0,16,0,200,200,200,200,200
327584,0,30,0,0,0,1,10,2,0,0,0,16,200,0,36,0,3,0,0,200,200
327584,0,30,0,0,0,1,10,2,0,0,0,16,200,1,31,0,0,0,0,200,200
327584,1,30,0,0,0,1,10,2,0,0,0,16,200,0,5,5,200,200,200,200,200
327595,0,20,0,0,0,1,0,7,0,0,0,20,20,1,67,0,6,0,0,200,200
327595,0,20,0,0,0,1,0,7,0,0,0,20,20,1,31,0,0,0,0,200,200
327600,0,30,0,0,0,1,7,5,0,0,0,0,0,2,200,200,200,200,200,200,200
327601,0,35,1,2,0,1,14,2,0,0,0,18,200,0,200,0,3,200,0,200,200
327601,0,35,1,2,0,1,14,2,0,0,0,18,200,0,67,0,0,200,0,200,200
327602,0,15,0,0,0,1,7,6,0,0,0,11,29,0,49,0,2,0,0,200,200
327605,0,20,0,0,0,1,8,2,0,0,0,17,200,2,200,200,1,200,200,200,200
327605,4,20,0,0,0,1,8,2,0,0,0,17,200,0,28,200,0,0,0,200,200
327609,0,15,0,0,0,1,7,6,0,0,0,11,16,0,32,200,200,200,200,200,200
327628,0,30,1,2,0,1,0,2,0,0,0,20,200,1,24,0,6,200,0,200,200
327628,0,30,1,2,0,1,0,2,0,0,0,20,200,1,45,1,0,0,0,200,200
327637,0,30,1,2,0,1,0,5,0,0,0,0,0,0,200,200,200,200,200,200,200
327637,0,30,1,2,0,1,0,5,0,0,0,0,0,0,71,0,200,0,0,200,200
327647,0,30,0,0,0,1,12,5,0,0,0,11,11,0,200,200,1,200,200,200,200
327647,0,30,0,0,0,1,12,5,0,0,0,11,11,0,48,0,0,0,0,200,200
327648,0,15,0,0,0,1,10,7,0,0,0,18,18,0,26,7,3,0,0,200,200
327648,0,15,0,0,0,1,10,7,0,0,0,18,18,0,58,0,1,0,0,200,200
327649,0,15,0,0,0,1,2,7,0,0,0,0,200,0,46,200,200,0,0,200,200
327650,0,30,2,2,0,1,10,5,0,0,0,18,18,1,33,200,3,200,0,200,200
327650,0,30,2,2,0,1,10,5,0,0,0,18,18,1,32,0,0,0,0,200,200
327651,0,30,0,0,0,1,7,5,0,0,0,0,0,0,200,200,200,200,200,200,200
327653,0,0,0,0,0,1,7,12,0,0,200,11,0,0,27,200,12,200,0,200,200
327660,0,10,0,0,0,1,7,7,0,0,200,0,200,2,200,200,200,200,200,200,200
327667,0,30,0,0,0,1,3,2,0,0,0,33,0,1,58,0,1,12,0,200,200
327667,0,30,0,0,0,1,3,2,0,0,0,33,0,1,40,0,0,0,0,200,200
327667,1,30,0,0,0,1,3,2,0,0,0,33,0,1,16,0,200,200,200,200,200
327669,1,0,0,0,0,1,2,0,0,0,0,0,200,0,200,200,200,200,200,200,200
327669,0,0,0,0,0,1,2,0,0,0,0,0,200,0,200,200,12,200,200,200,200
327676,0,10,0,0,0,1,7,7,0,0,0,0,200,2,200,200,200,200,200,200,200
327683,0,30,1,2,0,1,12,5,0,0,0,18,0,1,200,200,3,200,200,200,200
327683,0,30,1,2,0,1,12,5,0,0,0,18,0,0,49,0,0,0,0,200,200
327684,0,30,1,2,0,1,10,2,0,0,0,18,16,0,81,0,3,0,12,200,200
327684,0,30,1,2,0,1,10,2,0,0,0,18,16,1,24,0,0,0,0,200,200
327686,0,15,0,0,0,1,7,12,0,0,0,23,11,0,68,0,7,0,0,200,200
327688,0,35,0,0,0,1,8,2,0,0,0,0,0,1,59,200,200,200,0,200,200
327688,4,35,0,0,0,1,8,2,0,0,0,0,0,0,59,7,200,200,0,200,200
327690,0,30,2,0,0,1,10,2,0,0,0,18,16,0,200,200,3,200,200,200,200
327690,0,30,2,0,0,1,10,2,0,0,0,18,16,0,65,0,0,0,0,200,200
327700,0,30,0,0,0,1,14,2,0,0,0,17,200,1,63,0,1,0,0,200,200
327700,0,30,0,0,0,1,14,2,0,0,0,17,200,1,37,7,0,0,0,200,200
327700,1,30,0,0,0,1,14,2,0,0,0,17,200,0,17,0,200,200,200,200,200
327700,1,30,0,0,0,1,14,2,0,0,0,17,200,0,9,0,200,200,200,200,200
327700,1,30,0,0,0,1,14,2,0,0,0,17,200,1,17,0,200,200,200,200,200
327700,1,30,0,0,0,1,14,2,0,0,0,17,200,1,7,0,200,200,200,200,200
327700,1,30,0,0,0,1,14,2,0,0,0,17,200,0,15,7,200,200,200,200,200
327700,1,30,0,0,0,1,14,2,0,0,0,17,200,0,0,0,200,200,200,200,200
327707,0,30,1,2,0,1,10,5,0,0,0,22,0,0,200,200,200,200,200,200,200
327707,0,30,1,2,0,1,10,5,0,0,0,22,0,0,52,0,0,0,0,200,200
327710,0,30,200,200,0,1,7,7,0,0,200,0,200,1,42,200,200,200,0,200,200
327718,0,30,1,2,0,1,12,5,0,0,200,0,0,0,200,200,0,200,200,200,200
327718,0,30,1,2,0,1,12,5,0,0,200,0,0,1,26,0,0,0,0,200,200
327718,1,30,1,2,0,1,12,5,0,0,200,0,0,1,200,5,200,200,200,200,200
327720,0,30,0,0,0,1,14,5,0,0,0,0,0,1,38,0,0,0,0,200,200
327720,0,30,0,0,0,1,14,5,0,0,0,0,0,0,55,0,0,0,0,200,200
327729,0,30,1,2,0,1,12,5,0,0,0,11,0,0,200,200,12,0,0,200,200
327729,0,30,1,2,0,1,12,5,0,0,0,11,0,0,49,0,0,0,0,200,200
327731,0,15,0,0,0,1,11,7,0,0,0,17,0,0,200,200,2,200,200,200,200
327731,0,15,0,0,0,1,11,7,0,0,0,17,0,0,67,0,0,0,0,200,200
327732,0,30,0,0,0,1,12,6,0,0,0,21,0,0,61,0,4,200,0,200,200
327732,0,30,0,0,0,1,12,6,0,0,0,21,0,0,22,0,0,200,0,200,200
327732,1,30,0,0,0,1,12,6,0,0,0,21,0,1,25,0,200,200,200,200,200
327733,0,30,0,0,0,1,14,1,0,0,0,23,30,0,29,0,7,0,0,200,200
327733,0,30,0,0,0,1,14,1,0,0,0,23,30,1,68,0,0,0,0,200,200
327733,1,30,0,0,0,1,14,1,0,0,0,23,30,0,21,0,200,200,200,200,200
327739,4,30,0,0,0,1,8,2,0,0,0,17,11,0,32,2,0,200,0,200,200
327739,1,30,0,0,0,1,8,2,0,0,0,17,11,1,44,200,200,200,200,200,200
327741,0,30,1,2,0,1,12,2,0,0,0,0,200,0,56,200,200,0,0,200,200
327741,0,30,1,2,0,1,12,2,0,0,0,0,200,0,50,200,200,0,0,200,200
327742,0,25,0,0,0,1,7,6,0,0,0,20,200,2,200,200,6,200,200,200,200
327745,0,30,0,0,0,1,12,5,0,0,0,17,200,0,45,0,3,0,0,200,200
327745,0,30,0,0,0,1,12,5,0,0,0,17,200,0,24,0,0,0,0,200,200
327751,0,30,0,0,0,1,10,5,0,0,0,18,16,0,28,0,3,0,0,200,200
327751,0,30,0,0,0,1,10,5,0,0,0,18,16,1,57,0,0,0,0,200,200
327758,0,30,2,2,0,1,14,5,0,0,0,0,200,1,27,0,200,200,200,200,200
327758,0,30,2,2,0,1,14,5,0,0,0,0,200,1,30,0,200,200,0,200,200
327758,1,30,2,2,0,1,14,5,0,0,0,0,200,1,9,0,200,200,200,200,200
327760,0,30,0,0,0,1,7,7,0,0,0,20,20,1,48,7,6,0,0,200,200
327760,1,30,0,0,0,1,7,7,0,0,0,20,20,0,37,7,200,200,200,200,200
327761,0,30,1,2,0,1,12,5,0,200,200,17,0,0,31,200,1,0,0,200,200
327761,0,30,1,2,0,1,12,5,0,200,200,17,0,1,64,200,0,0,0,200,200
327762,0,20,0,0,0,1,7,6,0,0,0,0,0,1,200,200,3,200,200,200,200
327767,0,30,2,2,0,4,7,6,0,0,0,200,200,0,200,200,200,200,200,200,200
327769,0,30,1,2,0,1,0,5,0,0,0,6,0,1,25,200,5,200,0,200,200
327769,0,30,1,2,0,1,0,5,0,0,0,6,0,0,32,200,0,200,0,200,200
327769,0,30,1,2,0,1,0,5,0,0,0,6,0,1,44,200,0,200,0,200,200
327776,0,10,0,0,0,1,12,4,0,0,0,200,200,1,49,0,12,0,0,200,200
327776,0,10,0,0,0,1,12,4,0,0,0,200,200,0,27,0,12,0,0,200,200
327779,0,30,1,2,0,1,0,1,0,0,0,17,200,0,61,0,1,0,0,200,200
327779,0,30,1,2,0,1,0,1,0,0,0,17,200,1,71,0,0,0,0,200,200
327785,0,35,1,2,0,1,10,5,0,0,0,18,200,0,20,200,3,0,0,200,200
327785,0,35,1,2,0,1,10,5,0,0,0,18,200,1,30,200,0,0,0,200,200
327786,0,30,0,0,0,1,7,5,0,0,0,11,200,1,29,0,12,0,0,200,200
327786,1,30,0,0,0,1,7,5,0,0,0,11,200,1,52,200,200,200,200,200,200
327789,0,25,0,0,0,1,7,6,0,0,0,0,200,2,200,200,200,200,200,200,200
327792,0,35,1,2,0,1,0,5,0,0,0,16,0,0,69,200,5,0,0,200,200
327792,0,35,1,2,0,1,0,5,0,0,0,16,0,1,33,200,1,0,0,200,200
327793,0,30,0,0,0,1,10,3,0,0,0,18,18,1,37,0,1,200,0,200,200
327793,0,30,0,0,0,1,10,3,0,0,0,18,18,1,39,0,0,0,0,200,200
327798,0,10,0,0,0,3,7,7,0,0,0,20,0,0,66,0,6,0,0,200,200
327805,0,15,0,0,0,1,11,7,0,0,0,0,200,0,200,200,200,200,200,200,200
327805,0,15,0,0,0,1,11,7,0,0,0,0,200,1,51,0,0,0,0,200,200
327809,0,30,2,2,0,1,9,5,0,0,0,5,200,0,71,0,5,0,0,200,200
327809,5,30,2,2,0,1,9,5,0,0,0,5,200,0,12,7,0,200,0,200,200
327811,0,35,0,0,0,1,2,0,0,0,0,0,200,0,0,200,6,0,0,200,200
327815,0,30,2,2,0,1,14,5,0,0,0,17,17,1,64,7,1,0,0,200,200
327815,0,30,2,2,0,1,14,5,0,0,0,17,17,1,49,7,0,0,0,200,200
327816,0,30,0,0,0,1,10,5,0,0,0,0,0,0,44,0,12,0,0,200,200
327816,0,30,0,0,0,1,10,5,0,0,0,0,0,0,54,0,0,0,0,200,200
327817,0,30,7,0,0,1,7,6,0,1,1,200,200,0,41,200,12,200,0,200,200
327819,0,25,0,0,0,1,7,0,0,0,0,0,0,2,200,200,200,200,200,200,200
327821,0,30,1,2,0,1,14,5,0,0,0,17,200,0,26,0,1,1,0,200,200
327821,0,30,1,2,0,1,14,5,0,0,0,17,200,1,44,0,0,1,0,200,200
327821,1,30,1,2,0,1,14,5,0,0,0,17,200,1,27,0,200,200,200,200,200
327822,0,30,0,0,0,1,7,5,0,0,0,0,200,1,200,7,200,200,0,200,200
327824,0,30,200,200,0,1,10,7,0,0,200,0,200,0,53,200,200,200,0,200,200
327824,0,30,200,200,0,1,10,7,0,0,200,0,200,0,31,200,200,200,0,200,200
327827,0,30,0,0,0,1,10,5,0,0,0,18,2,1,200,200,3,0,200,200,1
327827,0,30,0,0,0,1,10,5,0,0,0,18,2,1,52,0,0,0,0,200,200
327846,0,15,0,0,0,1,2,12,0,0,0,11,0,0,55,0,12,0,0,200,200
327847,0,30,0,0,0,1,7,6,0,0,0,17,200,0,40,0,0,0,0,200,200
327847,1,30,0,0,0,1,7,6,0,0,0,17,200,0,200,200,200,200,200,200,200
327847,1,30,0,0,0,1,7,6,0,0,0,17,200,0,23,200,200,200,200,200,200
327854,0,35,0,0,0,1,12,2,0,0,0,22,200,0,33,0,200,0,0,200,200
327854,0,35,0,0,0,1,12,2,0,0,0,22,200,1,200,0,0,0,0,200,200
327854,0,35,0,0,0,1,12,2,0,0,0,22,200,1,32,0,2,0,0,200,200
327856,0,35,200,200,200,1,9,5,0,0,200,0,0,2,200,200,200,200,200,200,200
327856,5,35,200,200,200,1,9,5,0,0,200,0,0,0,20,200,200,200,200,200,200
327857,0,30,2,2,0,1,0,5,0,0,0,20,33,0,200,200,6,12,0,200,200
327857,0,30,2,2,0,1,0,5,0,0,0,20,33,0,200,0,0,12,0,200,200
327858,0,30,0,0,0,1,12,6,0,0,0,200,200,0,22,0,1,200,0,200,200
327858,0,30,0,0,0,1,12,6,0,0,0,200,200,0,49,0,0,200,0,200,200
327858,1,30,0,0,0,1,12,6,0,0,0,200,200,0,23,0,200,200,200,200,200
327858,1,30,0,0,0,1,12,6,0,0,0,200,200,0,17,0,200,200,200,200,200
327858,1,30,0,0,0,1,12,6,0,0,0,200,200,0,14,0,200,200,200,200,200
327858,1,30,0,0,0,1,12,6,0,0,0,200,200,0,18,0,200,200,200,200,200
327859,0,15,0,0,0,1,2,0,0,0,0,25,200,0,14,200,13,200,0,200,200
327859,1,15,0,0,0,1,2,0,0,0,0,25,200,0,16,1,200,200,200,200,200
327865,0,30,0,0,0,1,10,5,0,0,0,0,200,0,200,0,3,0,0,200,200
327865,0,30,0,0,0,1,10,5,0,0,0,0,200,0,200,0,0,0,0,200,200
327868,0,30,0,0,0,1,8,5,0,0,0,7,0,0,200,200,1,200,200,200,200
327868,4,30,0,0,0,1,8,5,0,0,0,7,0,1,32,3,200,0,0,200,200
327868,1,30,0,0,0,1,8,5,0,0,0,7,0,1,56,200,200,200,200,200,200
327877,0,35,2,2,0,1,0,5,0,0,0,17,0,1,46,200,1,0,0,200,200
327877,0,35,2,2,0,1,0,5,0,0,0,17,0,0,71,200,200,0,0,200,200
327878,0,30,200,200,0,1,10,5,0,0,200,0,200,0,57,200,200,200,0,200,200
327878,0,30,200,200,0,1,10,5,0,0,200,0,200,1,65,200,200,200,0,200,200
327880,0,25,0,0,0,1,12,2,0,0,0,0,0,0,20,0,1,0,0,200,200
327880,0,25,0,0,0,1,12,2,0,0,0,0,0,0,43,0,0,0,0,200,200
327882,0,30,0,0,0,200,7,5,0,0,200,0,0,2,200,200,200,200,200,200,200
327884,0,35,0,0,0,1,10,5,0,0,0,21,200,1,73,200,7,200,200,200,200
327884,0,35,0,0,0,1,10,5,0,0,0,21,200,1,33,200,0,200,200,200,200
327886,0,30,0,0,0,1,14,5,0,0,0,17,200,0,200,200,1,200,200,200,200
327886,0,30,0,0,0,1,14,5,0,0,0,17,200,0,48,0,0,0,0,200,200
327888,0,30,1,2,0,1,10,5,0,0,0,0,0,1,200,200,12,12,0,200,200
327888,0,30,1,2,0,1,10,5,0,0,0,0,0,1,200,200,0,0,0,200,200
327898,0,15,0,0,0,1,7,6,0,0,200,11,200,1,19,200,12,200,200,200,200
327900,0,30,1,2,0,1,12,2,0,0,0,18,0,1,56,0,1,0,0,200,200
327900,0,30,1,2,0,1,12,2,0,0,0,18,0,1,41,200,0,0,0,200,200
327902,0,30,2,2,0,1,0,5,0,0,0,17,17,0,63,7,1,0,0,200,200
327902,0,30,2,2,0,1,0,5,0,0,0,17,17,1,25,7,0,0,0,200,200
327906,0,45,0,0,0,1,10,12,0,0,0,18,200,1,27,0,3,0,0,200,200
327906,0,45,0,0,0,1,10,12,0,0,0,18,200,1,52,0,0,0,0,200,200
327907,0,30,0,0,0,1,12,5,0,0,0,21,0,0,57,200,4,200,0,200,200
327907,0,30,0,0,0,1,12,5,0,0,0,21,0,0,54,200,0,200,0,200,200
327913,0,30,0,2,0,1,10,5,2,0,0,18,200,0,29,0,3,0,0,200,200
327913,0,30,0,2,0,1,10,5,2,0,0,18,200,0,24,0,0,0,0,200,200
327915,0,30,0,0,0,1,0,2,0,0,0,17,0,0,13,200,1,200,200,200,200
327915,0,30,0,0,0,1,0,2,0,0,0,17,0,0,48,200,0,200,0,200,200
327915,1,30,0,0,0,1,0,2,0,0,0,17,0,1,200,200,200,200,200,200,200
327915,1,30,0,0,0,1,0,2,0,0,0,17,0,0,200,200,200,200,200,200,200
327917,0,30,2,2,0,1,0,5,0,0,0,5,16,1,200,200,5,200,200,200,200
327917,0,30,2,2,0,1,0,5,0,0,0,5,16,1,37,0,0,0,0,200,200
327917,1,30,2,2,0,1,0,5,0,0,0,5,16,0,200,200,200,200,200,200,200
327924,0,15,0,0,0,1,7,7,0,0,200,0,0,1,200,200,12,200,200,200,200
327927,0,30,200,200,0,1,7,5,0,0,0,0,200,0,200,200,200,200,200,200,200
327928,0,30,1,2,0,1,12,2,0,0,0,21,200,0,46,0,12,0,0,200,200
327928,0,30,1,2,0,1,12,2,0,0,0,21,200,0,30,0,0,0,1,200,200
327928,1,30,1,2,0,1,12,2,0,0,0,21,200,1,58,0,200,200,200,200,200
327929,0,30,0,0,0,1,7,7,0,0,0,0,0,2,200,200,200,200,200,200,200
327933,0,30,1,2,0,1,14,2,0,0,200,23,16,0,20,200,7,200,200,200,200
327933,0,30,1,2,0,1,14,2,0,0,200,23,16,0,49,0,0,0,0,200,200
327933,1,30,1,2,0,1,14,2,0,0,200,23,16,1,200,200,200,200,200,200,200
327934,0,30,2,2,0,1,0,5,0,0,0,17,16,1,47,0,1,0,0,200,200
327934,0,30,2,2,0,1,0,5,0,0,0,17,16,1,55,0,0,0,0,200,200
327934,1,30,2,2,0,1,0,5,0,0,0,17,16,0,14,0,200,200,200,200,200
327934,1,30,2,2,0,1,0,5,0,0,0,17,16,0,15,0,200,200,200,200,200