RD_NO,PERSON_TYPE,POSTED_SPEED_LIMIT,TRAFFIC_CONTROL_DEVICE,DEVICE_CONDITION,WEATHER_CONDITION,LIGHTING_CONDITION,FIRST_CRASH_TYPE,TRAFFICWAY_TYPE,ALIGNMENT,ROADWAY_SURFACE_COND,ROAD_DEFECT,PRIM_CONTRIBUTORY_CAUSE,SEC_CONTRIBUTORY_CAUSE,SEX,AGE,SAFETY_EQUIPMENT,DRIVER_ACTION,DRIVER_VISION,PHYSICAL_CONDITION,BAC_RESULT VALUE,CELL_PHONE_USE
329001,0,30,0,0,0,1,3,7,0,0,0,0,200,1,38,0,0,0,0,200,200
329001,1,30,0,0,0,1,3,7,0,0,0,0,200,0,14,0,200,200,200,200,200
329001,1,30,0,0,0,1,3,7,0,0,0,0,200,1,10,0,200,200,200,200,200
329001,1,30,0,0,0,1,3,7,0,0,0,0,200,1,9,0,200,200,200,200,200
329004,0,30,1,2,0,1,10,2,0,0,0,18,18,1,26,200,3,0,0,200,200
329004,0,30,1,2,0,1,10,2,0,0,0,18,18,1,36,0,0,0,0,200,200
329005,0,30,1,2,0,1,14,3,0,0,0,23,23,0,29,0,1,0,0,200,200
329005,0,30,1,2,0,1,14,3,0,0,0,23,23,1,24,0,0,0,0,200,200
329010,0,30,1,2,0,1,10,3,0,0,0,18,11,0,60,0,3,0,0,200,200
329010,0,30,1,2,0,1,10,3,0,0,0,18,11,1,40,0,0,0,0,200,200
329010,1,30,1,2,0,1,10,3,0,0,0,18,11,1,38,0,200,200,200,200,200
329010,1,30,1,2,0,1,10,3,0,0,0,18,11,0,17,0,200,200,200,200,200
329014,0,20,0,0,200,0,7,6,0,0,0,0,200,2,200,200,2,200,200,200,200
329015,0,30,1,2,0,1,10,5,0,0,0,18,18,1,200,200,1,200,200,200,200
329015,0,30,1,2,0,1,10,5,0,0,0,18,18,1,22,0,0,0,0,200,200
329015,0,30,1,2,0,1,10,5,0,0,0,18,18,0,200,200,0,200,200,200,200
329016,0,30,0,0,0,1,14,2,0,0,0,23,0,1,200,200,7,200,200,200,200
329016,0,30,0,0,0,1,14,2,0,0,0,23,0,1,33,0,0,0,0,200,200
329018,0,30,0,0,0,1,12,6,0,0,0,0,200,0,51,0,6,0,0,200,200
329018,0,30,0,0,0,1,12,6,0,0,0,0,200,0,19,0,0,0,0,200,200
329025,0,30,0,0,0,1,1,5,0,0,0,1,200,0,30,200,8,0,0,200,200
329026,0,30,1,2,0,1,10,3,0,0,0,7,7,1,74,0,12,0,0,200,200
329026,0,30,1,2,0,1,10,3,0,0,0,7,7,1,52,0,1,0,0,200,200
329031,0,30,2,2,0,1,10,2,0,0,200,0,0,0,200,200,200,200,200,200,200
329031,0,30,2,2,0,1,10,2,0,0,200,0,0,0,63,0,0,0,0,200,200
329034,0,30,1,2,0,1,0,1,0,0,0,6,0,2,200,200,5,200,200,200,200
329034,0,30,1,2,0,1,0,1,0,0,0,6,0,1,32,0,0,0,0,200,200
329036,0,30,2,2,0,1,0,7,0,0,0,17,5,0,200,200,1,200,200,200,200
329036,0,30,2,2,0,1,0,7,0,0,0,17,5,1,36,200,0,200,0,200,200
329041,0,30,0,0,0,1,7,2,0,0,0,22,21,2,200,200,2,200,200,200,200
329043,0,30,2,2,0,1,0,5,0,0,0,5,11,1,22,0,1,12,0,200,200
329043,0,30,2,2,0,1,0,5,0,0,0,5,11,0,39,0,0,0,0,200,200
329043,1,30,2,2,0,1,0,5,0,0,0,5,11,1,37,0,200,200,200,200,200
329044,0,45,0,0,0,3,12,200,0,0,0,0,0,0,200,200,200,200,200,200,200
329044,0,45,0,0,0,3,12,200,0,0,0,0,0,0,26,200,200,200,200,200,200
329044,1,45,0,0,0,3,12,200,0,0,0,0,0,1,200,200,200,200,200,200,200
329044,1,45,0,0,0,3,12,200,0,0,0,0,0,1,200,200,200,200,200,200,200
329047,0,30,1,2,0,1,14,2,0,0,0,23,200,1,18,0,7,0,0,200,200
329047,0,30,1,2,0,1,14,2,0,0,0,23,200,1,23,0,0,0,0,200,200
329051,0,30,2,0,0,1,10,5,0,0,0,0,0,2,200,200,200,200,200,200,200
329051,0,30,2,0,0,1,10,5,0,0,0,0,0,0,28,200,200,200,200,200,200
329059,0,30,0,0,0,1,1,5,0,0,0,200,200,0,200,200,1,200,200,200,200
329064,0,30,0,0,0,3,7,6,0,0,0,21,200,2,200,200,200,200,200,200,200
329066,0,15,0,0,200,200,7,7,0,200,0,0,200,2,200,200,200,200,200,200,200
329075,0,30,1,2,0,1,0,5,0,0,0,0,0,1,41,0,200,0,0,200,200
329075,0,30,1,2,0,1,0,5,0,0,0,0,0,1,62,0,200,0,0,200,200
329075,1,30,1,2,0,1,0,5,0,0,0,0,0,1,44,0,200,200,200,200,200
329075,1,30,1,2,0,1,0,5,0,0,0,0,0,1,3,0,200,200,200,200,200
329080,0,30,0,0,0,1,0,7,0,0,0,0,200,0,58,0,200,0,0,200,200
329080,0,30,0,0,0,1,0,7,0,0,0,0,200,0,72,0,200,0,0,200,200
329081,0,30,2,2,0,1,10,6,3,0,0,20,25,0,38,200,6,200,200,200,200
329081,0,30,2,2,0,1,10,6,3,0,0,20,25,1,50,0,0,0,0,200,200
329082,0,20,0,0,0,1,12,6,0,0,0,0,200,0,27,0,0,0,0,200,200
329082,0,20,0,0,0,1,12,6,0,0,0,0,200,1,36,0,0,0,0,200,200
329086,0,30,1,2,0,1,10,2,0,0,0,18,16,0,60,0,3,0,0,200,200
329086,0,30,1,2,0,1,10,2,0,0,0,18,16,0,54,0,0,0,0,200,200
329086,0,30,1,2,0,1,10,2,0,0,0,18,16,0,49,0,0,0,0,200,200
329086,1,30,1,2,0,1,10,2,0,0,0,18,16,1,54,0,200,200,200,200,200
329086,1,30,1,2,0,1,10,2,0,0,0,18,16,1,15,0,200,200,200,200,200
329086,1,30,1,2,0,1,10,2,0,0,0,18,16,1,15,0,200,200,200,200,200
329086,1,30,1,2,0,1,10,2,0,0,0,18,16,1,14,0,200,200,200,200,200
329086,1,30,1,2,0,1,10,2,0,0,0,18,16,1,5,0,200,200,200,200,200
329098,0,30,1,2,0,1,14,3,0,0,0,0,0,0,46,0,200,200,0,200,0
329098,0,30,1,2,0,1,14,3,0,0,0,0,0,0,80,0,200,200,0,200,200
329098,0,30,1,2,0,1,14,3,0,0,0,0,0,0,59,0,0,0,0,200,200
329098,1,30,1,2,0,1,14,3,0,0,0,0,0,200,200,0,200,200,200,200,200
329101,0,30,1,2,0,1,10,5,0,0,0,18,18,1,200,200,3,200,200,200,200
329101,0,30,1,2,0,1,10,5,0,0,0,18,18,0,32,200,0,0,0,200,200
329101,1,30,1,2,0,1,10,5,0,0,0,18,18,0,33,200,200,200,200,200,200
329101,1,30,1,2,0,1,10,5,0,0,0,18,18,0,11,200,200,200,200,200,200
329101,1,30,1,2,0,1,10,5,0,0,0,18,18,0,9,7,200,200,200,200,200
329101,1,30,1,2,0,1,10,5,0,0,0,18,18,1,6,200,200,200,200,200,200
329103,0,30,1,2,0,1,14,5,0,0,0,0,200,0,20,0,200,0,0,200,200
329103,0,30,1,2,0,1,14,5,0,0,0,0,200,0,30,0,200,0,0,200,200
329104,0,30,0,0,0,1,12,2,0,0,0,23,200,2,200,200,200,200,200,200,200
329104,0,30,0,0,0,1,12,2,0,0,0,23,200,0,70,0,0,0,0,200,200
329110,0,0,0,0,0,1,2,2,0,0,0,0,200,1,61,0,0,0,0,200,200
329113,0,30,2,2,0,1,14,2,0,0,0,0,200,1,20,0,12,0,0,200,200
329113,0,30,2,2,0,1,14,2,0,0,0,0,200,0,22,0,12,0,0,200,200
329119,0,30,0,0,200,3,7,6,0,200,0,0,200,2,200,200,200,200,200,200,200
329123,0,30,0,0,0,1,14,5,0,0,0,0,0,2,200,200,7,200,200,200,200
329123,0,30,0,0,0,1,14,5,0,0,0,0,0,1,49,0,0,0,0,200,200
329124,0,30,0,0,0,1,7,2,0,0,0,0,0,1,29,0,0,0,0,200,200
329125,0,25,0,0,0,1,7,6,0,0,200,0,0,0,63,200,200,200,0,200,200
329126,0,10,0,0,0,1,10,7,0,0,0,20,200,1,200,200,6,200,200,200,200
329126,0,10,0,0,0,1,10,7,0,0,0,20,200,1,75,0,0,0,0,200,200
329126,1,10,0,0,0,1,10,7,0,0,0,20,200,0,200,200,200,200,200,200,200
329129,0,30,1,2,0,3,14,5,0,0,0,17,200,1,26,0,1,1,0,200,200
329129,0,30,1,2,0,3,14,5,0,0,0,17,200,1,25,200,0,200,0,200,200
329129,1,30,1,2,0,3,14,5,0,0,0,17,200,0,200,200,200,200,200,200,200
329129,1,30,1,2,0,3,14,5,0,0,0,17,200,1,200,200,200,200,200,200,200
329129,1,30,1,2,0,3,14,5,0,0,0,17,200,0,200,200,200,200,200,200,200
329136,0,30,0,0,0,1,14,5,0,0,0,0,200,1,62,0,200,0,0,200,200
329136,0,30,0,0,0,1,14,5,0,0,0,0,200,1,30,0,200,0,0,200,200
329138,0,15,0,0,0,1,9,0,0,200,200,0,200,0,200,200,200,200,200,200,200
329138,5,15,0,0,0,1,9,0,0,200,200,0,200,0,24,200,200,200,200,200,200
329139,0,30,0,0,0,2,12,5,0,0,0,0,0,0,22,200,12,200,200,200,200
329139,0,30,0,0,0,2,12,5,0,0,0,0,0,0,61,0,0,0,0,200,200
329139,1,30,0,0,0,2,12,5,0,0,0,0,0,0,200,200,200,200,200,200,200
329143,0,30,1,2,0,1,10,5,0,0,0,0,0,1,38,200,3,0,0,200,200
329143,0,30,1,2,0,1,10,5,0,0,0,0,0,1,28,200,0,0,0,200,200
329145,0,30,1,2,0,1,7,2,0,0,0,200,200,1,49,0,12,0,0,200,200
329145,1,30,1,2,0,1,7,2,0,0,0,200,200,1,200,0,200,200,200,200,200
329162,0,30,1,2,0,1,12,5,0,0,0,21,0,0,200,0,200,0,0,200,200
329162,0,30,1,2,0,1,12,5,0,0,0,21,0,0,33,0,200,0,0,200,200
329168,0,30,0,0,0,1,12,5,0,0,0,0,0,0,46,0,12,0,0,200,200
329168,0,30,0,0,0,1,12,5,0,0,0,0,0,0,60,0,12,0,0,200,200
329170,0,30,0,0,0,1,2,5,0,0,0,25,16,0,200,200,13,200,200,200,200
329170,1,30,0,0,0,1,2,5,0,0,0,25,16,0,38,200,200,200,200,200,200
329174,0,0,0,0,0,1,7,5,0,0,0,20,200,0,200,200,6,200,200,200,200
329178,0,30,0,0,0,0,7,5,0,0,0,0,0,0,200,200,200,200,200,200,200
329184,0,10,0,0,0,3,0,7,0,0,0,0,0,0,200,200,200,200,200,200,200
329184,0,10,0,0,0,3,0,7,0,0,0,0,0,0,25,0,200,200,200,200,200
329184,1,10,0,0,0,3,0,7,0,0,0,0,0,1,200,200,200,200,200,200,200
329187,0,30,0,0,0,1,12,5,0,0,0,0,0,0,27,0,6,0,0,200,200
329187,0,30,0,0,0,1,12,5,0,0,0,0,0,0,49,0,0,0,0,200,200
329188,0,0,0,0,0,1,12,7,0,0,0,20,200,1,35,200,6,200,0,200,200
329188,0,0,0,0,0,1,12,7,0,0,0,20,200,0,36,200,0,200,0,200,200
329191,0,30,0,0,0,1,7,3,0,0,0,11,200,0,56,0,10,0,0,200,200
329192,0,30,0,0,0,1,2,6,0,0,0,0,0,0,29,200,200,0,0,200,200
329197,0,30,2,2,0,1,0,5,0,0,0,17,200,1,200,200,1,200,200,200,200
329197,0,30,2,2,0,1,0,5,0,0,0,17,200,1,43,0,0,0,0,200,200
329197,1,30,2,2,0,1,0,5,0,0,0,17,200,0,22,200,200,200,200,200,200
329197,1,30,2,2,0,1,0,5,0,0,0,17,200,1,17,200,200,200,200,200,200
329199,0,15,0,0,0,1,3,7,0,0,0,0,0,0,200,200,6,200,200,200,200
329199,0,15,0,0,0,1,3,7,0,0,0,0,0,0,34,0,0,0,0,200,200
329200,0,30,0,0,0,1,10,5,0,0,0,18,200,0,0,200,3,0,0,200,200
329200,0,30,0,0,0,1,10,5,0,0,0,18,200,1,44,200,0,0,0,200,200
329200,1,30,0,0,0,1,10,5,0,0,0,18,200,0,200,200,200,200,200,200,200
329200,1,30,0,0,0,1,10,5,0,0,0,18,200,1,29,200,200,200,200,200,200
329207,0,30,0,0,0,1,10,2,0,0,0,0,200,0,22,200,2,200,200,200,200
329207,0,30,0,0,0,1,10,2,0,0,0,0,200,0,60,0,0,0,0,200,200
329218,0,30,1,2,0,1,14,5,0,0,0,6,0,1,23,0,5,200,0,200,200
329218,0,30,1,2,0,1,14,5,0,0,0,6,0,0,21,0,0,200,0,200,200
329218,1,30,1,2,0,1,14,5,0,0,0,6,0,0,0,0,200,200,200,200,200
329229,0,30,0,0,1,1,7,0,0,0,0,17,22,1,27,0,1,0,0,200,200
329229,1,30,0,0,1,1,7,0,0,0,0,17,22,1,2,0,200,200,200,200,200
329229,1,30,0,0,1,1,7,0,0,0,0,17,22,1,7,0,200,200,200,200,200
329230,0,30,1,2,0,3,12,5,0,0,0,0,200,0,200,200,200,200,200,200,200
329230,0,30,1,2,0,3,12,5,0,0,0,0,200,0,42,0,0,0,0,200,200
329230,1,30,1,2,0,3,12,5,0,0,0,0,200,0,200,200,200,200,200,200,200
329238,0,15,0,0,0,1,7,0,0,0,200,11,0,0,24,0,12,0,0,200,200
329238,1,15,0,0,0,1,7,0,0,0,200,11,0,0,20,0,200,200,200,200,200
329240,0,35,0,0,0,1,7,5,0,0,0,25,200,0,200,200,12,200,200,200,200
329243,0,30,0,0,0,200,7,5,0,0,0,0,0,2,200,200,200,200,200,200,200
329245,0,30,0,0,0,1,12,5,0,0,0,200,200,0,36,0,0,0,0,200,200
329245,0,30,0,0,0,1,12,5,0,0,0,200,200,1,43,0,0,0,0,200,200
329245,1,30,0,0,0,1,12,5,0,0,0,200,200,1,200,0,200,200,200,200,200
329246,0,30,0,0,0,1,2,5,0,0,0,0,0,2,200,200,200,200,200,200,200
329250,0,30,1,2,0,1,14,5,0,0,0,18,18,2,200,200,3,200,200,200,200
329250,0,30,1,2,0,1,14,5,0,0,0,18,18,0,59,0,0,0,0,200,200
329252,0,15,0,0,0,1,7,7,0,0,0,11,200,0,19,0,6,0,0,200,200
329252,1,15,0,0,0,1,7,7,0,0,0,11,200,0,17,0,200,200,200,200,200
329253,0,30,0,0,0,1,10,5,0,0,0,0,0,1,25,0,200,0,0,200,200
329253,0,30,0,0,0,1,10,5,0,0,0,0,0,1,25,0,0,0,0,200,200
329255,0,30,0,0,0,1,10,5,0,0,0,0,0,1,32,0,0,0,0,200,200
329255,0,30,0,0,0,1,10,5,0,0,0,0,0,0,39,200,3,0,0,200,200
329260,0,20,0,0,0,1,12,3,0,0,0,6,200,2,200,200,200,200,200,200,200
329264,0,20,0,0,0,1,2,12,0,0,0,0,0,2,200,200,200,200,200,200,200
329272,0,30,0,0,0,3,14,5,0,0,0,11,200,2,200,200,1,200,200,200,200
329272,0,30,0,0,0,3,14,5,0,0,0,11,200,0,50,0,0,0,0,200,200
329273,0,30,2,2,0,1,10,2,0,0,0,18,0,0,200,200,1,0,0,200,200
329273,0,30,2,2,0,1,10,2,0,0,0,18,0,0,44,200,0,0,0,200,200
329275,0,25,1,2,0,1,12,6,0,0,0,0,200,1,43,0,0,0,0,200,200
329275,0,25,1,2,0,1,12,6,0,0,0,0,200,1,21,0,0,0,0,200,200
329281,0,25,1,2,0,1,10,5,0,0,0,18,200,1,28,200,3,200,200,200,200
329281,0,25,1,2,0,1,10,5,0,0,0,18,200,0,70,0,0,0,0,200,200
329283,0,35,0,0,0,1,12,2,0,0,0,0,0,2,200,200,200,200,200,200,200
329283,0,35,0,0,0,1,12,2,0,0,0,0,0,1,36,0,0,0,0,200,200
329286,0,30,0,0,0,1,14,2,0,0,0,23,21,1,21,0,7,0,0,200,200
329286,0,30,0,0,0,1,14,2,0,0,0,23,21,0,33,0,0,0,0,200,200
329286,1,30,0,0,0,1,14,2,0,0,0,23,21,0,24,0,200,200,200,200,200
329287,0,20,0,0,0,1,7,6,0,0,0,0,200,0,200,200,200,200,200,200,200
329287,1,20,0,0,0,1,7,6,0,0,0,0,200,1,50,0,200,200,200,200,200
329289,0,30,1,2,0,1,10,2,0,0,0,0,0,1,28,0,12,0,0,200,200
329289,0,30,1,2,0,1,10,2,0,0,0,0,0,0,51,0,0,0,0,200,200
329289,1,30,1,2,0,1,10,2,0,0,0,0,0,0,9,0,200,200,200,200,200
329289,1,30,1,2,0,1,10,2,0,0,0,0,0,1,4,0,200,200,200,200,200
329289,1,30,1,2,0,1,10,2,0,0,0,0,0,0,8,0,200,200,200,200,200
329289,1,30,1,2,0,1,10,2,0,0,0,0,0,200,50,0,200,200,200,200,200
329289,1,30,1,2,0,1,10,2,0,0,0,0,0,0,49,0,200,200,200,200,200
329291,0,30,0,2,0,1,14,2,0,0,0,21,0,0,44,200,0,0,0,200,200
329291,0,30,0,2,0,1,14,2,0,0,0,21,0,0,34,200,4,0,0,200,200
329291,1,30,0,2,0,1,14,2,0,0,0,21,0,1,6,0,200,200,200,200,200
329291,1,30,0,2,0,1,14,2,0,0,0,21,0,1,200,0,200,200,200,200,200
329297,0,30,0,0,0,1,12,3,0,0,0,0,0,0,200,0,4,0,0,200,200
329297,0,30,0,0,0,1,12,3,0,0,0,0,0,0,200,0,0,0,0,200,200
329299,0,30,0,0,0,1,12,2,0,200,200,17,17,0,23,0,1,200,0,200,200
329299,0,30,0,0,0,1,12,2,0,200,200,17,17,1,42,0,12,200,0,200,200
329299,1,30,0,0,0,1,12,2,0,200,200,17,17,1,24,0,200,200,200,200,200
329299,1,30,0,0,0,1,12,2,0,200,200,17,17,1,17,0,200,200,200,200,200
329301,0,35,1,2,0,3,10,5,0,0,0,18,21,0,200,200,3,200,200,200,200
329301,0,35,1,2,0,3,10,5,0,0,0,18,21,1,37,0,0,0,0,200,200
329303,0,15,0,0,0,1,7,7,0,0,0,20,200,0,53,0,6,12,0,200,200
329303,1,15,0,0,0,1,7,7,0,0,0,20,200,0,48,0,200,200,200,200,200
329304,0,30,2,0,0,1,7,5,0,0,0,25,200,1,200,200,200,0,0,200,200
329304,1,30,2,0,0,1,7,5,0,0,0,25,200,1,200,200,200,200,200,200,200
329305,0,30,1,2,0,1,10,5,0,0,0,16,200,0,200,200,3,0,0,200,200
329305,0,30,1,2,0,1,10,5,0,0,0,16,200,0,200,0,0,0,0,200,200
329309,0,0,0,0,0,1,7,7,0,0,0,0,200,1,74,200,10,200,0,200,200
329316,0,30,0,0,0,1,7,6,0,0,0,11,200,2,200,200,12,200,200,200,200
329322,0,30,1,2,0,1,10,5,0,0,0,18,26,0,27,200,8,0,0,200,200
329322,0,30,1,2,0,1,10,5,0,0,0,18,26,1,36,0,0,0,0,200,200
329323,0,30,0,0,0,3,7,6,0,0,0,0,200,2,200,200,200,200,200,200,200
329331,0,30,0,0,0,1,7,5,0,0,0,0,0,2,200,200,200,200,200,200,200
329333,0,30,200,200,200,3,10,200,0,200,200,20,200,0,200,0,12,200,200,200,200
329333,0,30,200,200,200,3,10,200,0,200,200,20,200,1,25,0,0,0,0,200,200
329333,1,30,200,200,200,3,10,200,0,200,200,20,200,1,31,0,200,200,200,200,200
329333,1,30,200,200,200,3,10,200,0,200,200,20,200,1,200,0,200,200,200,200,200
329333,1,30,200,200,200,3,10,200,0,200,200,20,200,0,200,0,200,200,200,200,200
329334,0,30,0,0,0,1,7,6,0,0,0,200,200,2,200,200,0,200,200,200,200
329341,0,30,1,2,0,1,10,6,0,0,200,8,8,0,53,200,1,0,0,200,200
329341,0,30,1,2,0,1,10,6,0,0,200,8,8,1,51,0,0,0,0,200,200
329342,0,30,1,2,0,1,10,5,0,0,0,18,200,0,200,200,3,200,200,200,200
329342,0,30,1,2,0,1,10,5,0,0,0,18,200,0,74,0,0,0,0,200,200
329342,1,30,1,2,0,1,10,5,0,0,0,18,200,0,200,0,200,200,200,200,200
329343,0,30,1,2,0,1,14,6,0,0,0,23,200,0,36,0,7,0,0,200,200
329343,0,30,1,2,0,1,14,6,0,0,0,23,200,0,30,0,0,0,0,200,200
329344,0,30,0,0,0,1,12,5,0,0,0,17,17,1,57,0,0,0,0,200,200
329344,0,30,0,0,0,1,12,5,0,0,0,17,17,1,200,200,0,200,200,200,200
329346,0,30,0,0,0,1,7,2,0,0,200,0,0,1,200,200,200,200,0,200,200
329346,1,30,0,0,0,1,7,2,0,0,200,0,0,1,95,200,200,200,200,200,200
329347,0,15,0,0,0,1,10,5,0,0,0,17,0,0,200,200,3,200,200,200,200
329347,0,15,0,0,0,1,10,5,0,0,0,17,0,1,60,0,0,0,0,200,200
329347,0,15,0,0,0,1,10,5,0,0,0,17,0,1,51,0,0,200,200,200,200
329347,0,15,0,0,0,1,10,5,0,0,0,17,0,0,40,200,0,0,0,200,200
329347,1,15,0,0,0,1,10,5,0,0,0,17,0,0,11,0,200,200,200,200,200
329350,0,30,0,0,0,1,7,5,0,0,0,21,200,0,200,200,12,200,200,200,200
329350,1,30,0,0,0,1,7,5,0,0,0,21,200,0,200,0,200,200,200,200,200
329352,0,30,2,2,0,1,10,2,0,0,0,16,0,0,18,0,200,0,0,200,200
329352,0,30,2,2,0,1,10,2,0,0,0,16,0,1,50,0,0,0,0,200,200
329352,1,30,2,2,0,1,10,2,0,0,0,16,0,0,49,0,200,200,200,200,200
329353,0,30,2,2,0,1,14,2,1,0,0,0,200,0,48,0,1,1,0,200,200
329353,0,30,2,2,0,1,14,2,1,0,0,0,200,0,55,0,9,1,0,200,200
329355,0,30,1,2,0,1,10,5,2,0,0,18,0,0,30,0,3,0,0,200,200
329355,0,30,1,2,0,1,10,5,2,0,0,18,0,0,45,0,0,0,0,200,200
329356,0,30,0,0,0,1,14,5,0,0,0,17,0,0,20,0,1,0,0,200,200
329356,0,30,0,0,0,1,14,5,0,0,0,17,0,0,21,0,0,0,0,200,200
329358,0,30,0,0,0,1,14,2,0,0,0,23,200,0,65,0,7,0,0,200,200
329358,0,30,0,0,0,1,14,2,0,0,0,23,200,0,69,0,0,0,0,200,200
329358,1,30,0,0,0,1,14,2,0,0,0,23,200,1,65,0,200,200,200,200,200
329384,0,0,0,0,0,1,12,5,0,0,0,21,0,0,200,200,12,200,200,200,200
329384,0,0,0,0,0,1,12,5,0,0,0,21,0,1,65,0,0,0,0,200,200
329389,0,30,0,0,0,1,10,1,0,0,0,0,200,0,200,200,200,200,200,200,200
329389,0,30,0,0,0,1,10,1,0,0,0,0,200,0,42,0,0,0,0,200,200
329391,0,30,2,2,0,1,0,2,0,0,0,17,33,0,20,0,1,12,0,200,200
329391,0,30,2,2,0,1,0,2,0,0,0,17,33,0,63,2,0,12,0,200,200
329391,0,30,2,2,0,1,0,2,0,0,0,17,33,0,200,0,0,0,0,200,200
329392,0,30,0,0,0,1,7,0,0,0,200,200,200,0,25,200,12,200,0,200,200
329393,0,30,0,0,0,1,12,5,0,0,0,0,0,0,200,200,200,200,200,200,200
329393,0,30,0,0,0,1,12,5,0,0,0,0,0,0,64,0,0,0,0,200,200
329397,0,30,0,0,0,1,7,5,0,0,0,13,25,0,30,200,12,0,0,200,200
329397,1,30,0,0,0,1,7,5,0,0,0,13,25,0,18,200,200,200,200,200,200
329397,1,30,0,0,0,1,7,5,0,0,0,13,25,0,20,200,200,200,200,200,200
329401,0,30,1,2,0,1,12,2,0,0,0,21,16,0,66,200,4,0,200,200,200
329401,0,30,1,2,0,1,12,2,0,0,0,21,16,1,19,200,12,0,0,200,200
329401,0,30,1,2,0,1,12,2,0,0,0,21,16,1,28,200,0,0,0,200,200
329403,0,25,0,0,0,200,7,6,0,0,0,0,0,2,200,200,200,200,200,200,200
329407,0,30,2,2,0,1,14,2,0,0,0,0,200,1,81,0,1,0,200,200,200
329407,0,30,2,2,0,1,14,2,0,0,0,0,200,0,31,0,200,0,200,200,200
329408,0,30,0,0,0,1,12,2,2,0,0,22,16,0,65,0,2,0,0,200,200
329408,0,30,0,0,0,1,12,2,2,0,0,22,16,1,61,0,0,0,0,200,200
329408,1,30,0,0,0,1,12,2,2,0,0,22,16,1,52,0,200,200,200,200,200
329408,1,30,0,0,0,1,12,2,2,0,0,22,16,0,12,0,200,200,200,200,200
329412,0,30,0,0,0,1,7,7,0,0,0,0,0,1,65,200,12,200,200,200,200
329416,0,30,1,2,0,1,10,5,0,0,200,18,11,1,0,200,3,0,0,200,200
329416,0,30,1,2,0,1,10,5,0,0,200,18,11,0,28,200,0,0,0,200,200
329419,0,30,0,0,0,1,12,2,0,0,0,11,0,1,20,0,4,0,0,200,200
329419,0,30,0,0,0,1,12,2,0,0,0,11,0,1,64,0,0,0,0,200,200
329419,1,30,0,0,0,1,12,2,0,0,0,11,0,1,22,0,200,200,200,200,200
329419,1,30,0,0,0,1,12,2,0,0,0,11,0,1,22,0,200,200,200,200,200
329419,1,30,0,0,0,1,12,2,0,0,0,11,0,1,23,0,200,200,200,200,200
329421,0,15,0,0,0,1,7,7,0,0,0,0,200,1,200,200,200,200,200,200,200
329425,0,30,1,2,2,1,12,3,0,0,0,22,0,0,200,200,2,200,200,200,200
329425,0,30,1,2,2,1,12,3,0,0,0,22,0,1,42,0,0,0,0,200,200
329427,0,30,1,2,0,1,14,6,0,0,0,23,0,0,51,200,7,0,0,200,200
329427,0,30,1,2,0,1,14,6,0,0,0,23,0,0,33,200,0,0,0,200,200
329429,0,30,2,2,0,1,0,2,0,0,0,16,200,0,200,200,12,200,200,200,200
329429,0,30,2,2,0,1,0,2,0,0,0,16,200,0,25,200,0,200,0,200,200
329429,1,30,2,2,0,1,0,2,0,0,0,16,200,0,29,200,200,200,200,200,200
329436,0,30,0,0,0,1,12,5,0,0,0,21,11,1,36,0,4,0,0,200,200
329436,0,30,0,0,0,1,12,5,0,0,0,21,11,0,36,0,8,0,0,200,200
329439,0,30,0,0,0,1,10,5,0,0,0,7,0,0,18,0,5,0,0,200,200
329439,0,30,0,0,0,1,10,5,0,0,0,7,0,1,51,0,0,0,0,200,200
329445,0,5,12,2,0,1,10,3,0,0,0,16,17,0,40,200,4,200,0,200,200
329445,0,5,12,2,0,1,10,3,0,0,0,16,17,0,59,200,0,0,0,200,200
329447,0,30,0,0,0,1,12,5,0,0,0,22,200,0,0,0,4,0,0,200,200
329447,0,30,0,0,0,1,12,5,0,0,0,22,200,0,24,0,0,0,0,200,200
329447,1,30,0,0,0,1,12,5,0,0,0,22,200,1,200,0,200,200,200,200,200
329447,1,30,0,0,0,1,12,5,0,0,0,22,200,2,200,0,200,200,200,200,200
329447,1,30,0,0,0,1,12,5,0,0,0,22,200,2,200,0,200,200,200,200,200
329450,0,30,0,0,0,1,7,5,0,0,0,200,200,1,20,0,0,0,0,200,200
329450,1,30,0,0,0,1,7,5,0,0,0,200,200,0,46,200,200,200,200,200,200
329453,0,30,1,2,0,1,10,2,0,0,0,18,0,0,40,0,3,200,0,200,200
329453,0,30,1,2,0,1,10,2,0,0,0,18,0,0,58,0,0,200,200,200,200
329453,1,30,1,2,0,1,10,2,0,0,0,18,0,0,8,0,200,200,200,200,200
329458,0,25,1,2,0,1,14,5,0,0,0,0,200,2,200,200,200,200,200,200,200
329458,0,25,1,2,0,1,14,5,0,0,0,0,200,0,60,0,0,0,0,200,200
329459,0,30,1,2,0,1,7,5,0,0,0,23,18,0,49,200,7,0,0,200,200
329460,0,30,0,0,0,1,10,5,0,0,0,0,0,2,200,200,200,200,200,200,200
329460,0,30,0,0,0,1,10,5,0,0,0,0,0,1,25,0,0,0,0,200,200
329463,0,30,0,200,0,1,9,2,0,0,3,200,200,2,200,200,200,200,200,200,200
329463,5,30,0,200,0,1,9,2,0,0,3,200,200,1,37,7,0,0,0,200,200
329467,0,35,1,2,0,1,14,5,0,0,200,23,0,0,31,200,7,200,200,200,200
329467,0,35,1,2,0,1,14,5,0,0,200,23,0,0,35,200,200,200,200,200,200
329475,0,30,0,0,0,1,14,5,0,0,0,17,200,0,31,200,1,200,200,200,200