RD_NO,PERSON_TYPE,POSTED_SPEED_LIMIT,TRAFFIC_CONTROL_DEVICE,DEVICE_CONDITION,WEATHER_CONDITION,LIGHTING_CONDITION,FIRST_CRASH_TYPE,TRAFFICWAY_TYPE,ALIGNMENT,ROADWAY_SURFACE_COND,ROAD_DEFECT,PRIM_CONTRIBUTORY_CAUSE,SEC_CONTRIBUTORY_CAUSE,SEX,AGE,SAFETY_EQUIPMENT,DRIVER_ACTION,DRIVER_VISION,PHYSICAL_CONDITION,BAC_RESULT VALUE,CELL_PHONE_USE
331039,1,30,0,0,0,1,10,5,0,0,0,0,0,0,200,0,200,200,200,200,200
331039,1,30,0,0,0,1,10,5,0,0,0,0,0,1,200,0,200,200,200,200,200
331043,0,30,0,0,0,1,2,3,0,0,0,11,0,0,49,7,12,0,0,200,200
331043,1,30,0,0,0,1,2,3,0,0,0,11,0,0,21,0,200,200,200,200,200
331043,1,30,0,0,0,1,2,3,0,0,0,11,0,0,35,0,200,200,200,200,200
331043,1,30,0,0,0,1,2,3,0,0,0,11,0,0,33,0,200,200,200,200,200
331050,0,30,1,2,0,3,10,5,0,0,200,18,200,0,35,200,3,200,200,200,200
331050,0,30,1,2,0,3,10,5,0,0,200,18,200,0,24,0,0,200,0,200,200
331053,0,30,1,2,0,1,12,5,0,0,0,22,0,1,200,200,2,200,200,200,200
331053,0,30,1,2,0,1,12,5,0,0,0,22,0,1,43,0,0,0,0,200,200
331061,0,30,0,0,0,4,10,5,0,0,0,200,200,0,200,200,0,200,200,200,200
331061,0,30,0,0,0,4,10,5,0,0,0,200,200,1,24,0,0,0,0,200,200
331061,1,30,0,0,0,4,10,5,0,0,0,200,200,0,200,0,200,200,200,200,200
331061,1,30,0,0,0,4,10,5,0,0,0,200,200,0,200,0,200,200,200,200,200
331061,1,30,0,0,0,4,10,5,0,0,0,200,200,0,200,5,200,200,200,200,200
331063,0,30,1,2,0,1,10,2,0,0,0,19,16,0,0,200,12,0,5,200,200
331063,0,30,1,2,0,1,10,2,0,0,0,19,16,1,16,0,0,0,0,200,200
331063,1,30,1,2,0,1,10,2,0,0,0,19,16,1,48,0,200,200,200,200,200
331071,0,30,0,0,0,1,10,7,0,0,200,0,11,0,200,200,200,200,200,200,200
331071,0,30,0,0,0,1,10,7,0,0,200,0,11,1,27,0,12,0,0,200,200
331074,0,30,1,2,0,1,14,5,0,200,200,0,200,1,20,200,1,200,200,200,200
331074,0,30,1,2,0,1,14,5,0,200,200,0,200,1,27,0,0,0,0,200,200
331078,0,30,0,0,0,1,7,5,0,0,0,0,0,2,200,200,200,200,200,200,200
331093,0,30,0,0,0,1,10,5,0,0,0,0,0,1,200,200,1,200,200,200,200
331093,0,30,0,0,0,1,10,5,0,0,0,0,0,1,20,0,0,0,0,200,200
331095,0,30,0,0,0,1,7,5,0,0,0,13,0,0,46,0,12,0,0,200,200
331098,0,30,0,0,0,1,10,5,0,0,200,18,200,0,40,0,3,200,0,200,200
331098,0,30,0,0,0,1,10,5,0,0,200,18,200,0,32,0,0,200,0,200,200
331100,0,10,0,0,0,1,2,0,0,0,0,0,0,2,200,200,200,200,200,200,200
331104,0,35,1,2,0,1,10,2,0,0,0,18,200,0,49,0,0,0,0,200,200
331104,0,35,1,2,0,1,10,2,0,0,0,18,200,0,30,0,3,0,0,200,200
331117,0,30,1,2,0,1,10,5,0,0,0,18,200,0,38,0,3,200,0,200,200
331117,0,30,1,2,0,1,10,5,0,0,0,18,200,0,31,0,0,200,0,200,200
331120,0,30,1,2,0,1,14,6,0,0,0,0,200,0,21,0,12,0,0,200,200
331120,0,30,1,2,0,1,14,6,0,0,0,0,200,0,56,0,12,0,0,200,200
331120,1,30,1,2,0,1,14,6,0,0,0,0,200,0,200,0,200,200,200,200,200
331123,0,20,0,0,1,1,7,6,0,1,0,16,11,0,200,200,8,200,200,200,200
331124,0,30,1,2,0,1,12,5,0,0,0,0,200,0,26,0,12,0,200,200,200
331124,0,30,1,2,0,1,12,5,0,0,0,0,200,1,20,0,0,0,0,200,200
331124,1,30,1,2,0,1,12,5,0,0,0,0,200,1,20,0,200,200,200,200,200
331129,0,30,0,0,0,1,10,5,0,0,200,17,200,0,32,200,1,200,0,200,200
331129,0,30,0,0,0,1,10,5,0,0,200,17,200,1,200,0,0,200,0,200,200
331135,0,30,2,2,0,1,0,5,0,0,0,0,200,0,200,200,1,200,200,200,200
331135,0,30,2,2,0,1,0,5,0,0,0,0,200,1,33,0,0,0,0,200,200
331147,0,15,0,0,0,1,7,7,0,0,0,20,200,0,24,200,6,0,0,200,200
331159,0,25,0,0,0,1,7,5,0,1,200,0,0,2,200,200,200,200,200,200,200
331165,0,35,0,0,0,2,9,3,0,0,0,200,200,0,38,200,12,0,0,200,200
331165,5,35,0,0,0,2,9,3,0,0,0,200,200,0,48,200,12,12,12,200,200
331169,0,30,0,0,0,4,7,5,0,0,0,8,200,0,21,0,12,0,0,200,200
331175,0,30,0,0,0,1,7,6,0,0,0,0,200,1,73,0,10,200,200,200,200
331178,0,30,1,2,0,3,4,5,0,0,1,200,200,0,35,0,0,0,0,200,200
331183,0,30,200,200,0,3,5,3,0,0,12,29,200,1,39,0,0,200,200,200,200
331186,0,30,0,0,0,0,10,7,0,0,0,200,200,0,29,0,0,0,0,200,200
331186,0,30,0,0,0,0,10,7,0,0,0,200,200,0,26,200,0,200,200,200,200
331186,1,30,0,0,0,0,10,7,0,0,0,200,200,0,200,0,200,200,200,200,200
331186,1,30,0,0,0,0,10,7,0,0,0,200,200,1,200,0,200,200,200,200,200
331201,0,35,0,0,0,3,14,5,0,0,0,32,16,1,0,200,8,0,5,200,200
331201,0,35,0,0,0,3,14,5,0,0,0,32,16,1,33,0,200,0,0,200,200
331201,1,35,0,0,0,3,14,5,0,0,0,32,16,0,44,7,200,200,200,200,200
331201,1,35,0,0,0,3,14,5,0,0,0,32,16,1,60,7,200,200,200,200,200
331213,0,30,0,0,0,3,14,5,0,0,0,21,200,0,200,200,4,200,200,200,200
331213,0,30,0,0,0,3,14,5,0,0,0,21,200,0,34,200,0,0,0,200,200
331213,1,30,0,0,0,3,14,5,0,0,0,21,200,1,34,200,200,200,200,200,200
331218,0,30,1,2,0,1,0,5,0,0,0,6,200,0,35,200,5,0,0,200,200
331218,0,30,1,2,0,1,0,5,0,0,0,6,200,0,39,0,0,0,0,200,200
331223,0,30,1,2,0,0,10,5,0,0,0,18,11,0,200,200,200,200,200,200,200
331223,0,30,1,2,0,0,10,5,0,0,0,18,11,1,20,200,200,0,0,200,200
331223,1,30,1,2,0,0,10,5,0,0,0,18,11,0,200,0,200,200,200,200,200
331228,0,30,200,200,0,1,8,3,0,0,200,200,200,2,200,200,200,200,200,200,200
331228,4,30,200,200,0,1,8,3,0,0,200,200,200,0,61,200,0,200,0,200,200
331230,0,30,0,0,1,0,7,7,0,0,0,11,16,1,200,200,8,200,200,200,200
331232,0,10,0,0,0,4,7,7,0,0,0,0,20,1,200,200,6,200,200,200,200
331233,0,30,1,2,0,3,10,5,0,0,0,16,200,0,200,200,200,200,200,200,200
331233,0,30,1,2,0,3,10,5,0,0,0,16,200,0,72,200,0,0,0,200,200
331233,1,30,1,2,0,3,10,5,0,0,0,16,200,0,69,200,200,200,200,200,200
331238,0,30,0,0,0,200,2,0,0,200,200,0,0,2,200,200,200,200,200,200,200
331247,0,30,0,0,0,3,4,5,0,0,1,29,200,0,38,0,0,0,0,200,200
331253,0,30,1,2,0,1,10,3,0,200,200,18,18,0,25,200,12,200,200,200,200
331253,0,30,1,2,0,1,10,3,0,200,200,18,18,0,59,200,12,0,0,200,200
331253,0,30,1,2,0,1,10,3,0,200,200,18,18,0,29,200,0,200,200,200,200
331258,0,30,2,2,0,3,7,3,0,0,0,22,200,0,46,200,2,0,0,200,200
331259,0,30,0,0,0,3,2,2,0,0,0,32,200,0,38,200,12,12,5,0.13,200
331265,0,30,0,12,0,0,7,2,0,0,0,16,200,0,50,200,12,0,0,200,200
331269,0,35,0,0,0,3,10,2,0,0,0,7,200,1,21,0,3,0,0,200,200
331269,0,35,0,0,0,3,10,2,0,0,0,7,200,1,32,0,0,0,0,200,200
331269,1,35,0,0,0,3,10,2,0,0,0,7,200,1,20,0,200,200,200,200,200
331269,1,35,0,0,0,3,10,2,0,0,0,7,200,0,32,200,200,200,200,200,200
331269,1,35,0,0,0,3,10,2,0,0,0,7,200,1,25,200,200,200,200,200,200
331272,0,30,0,0,0,3,7,2,0,0,0,0,200,1,25,0,200,200,0,200,200
331272,1,30,0,0,0,3,7,2,0,0,0,0,200,1,2,5,200,200,200,200,200
331273,0,30,1,2,0,0,7,5,0,0,0,32,200,0,30,200,12,0,5,200,200
331284,0,30,0,0,0,3,7,6,0,0,0,7,200,0,21,0,12,0,0,200,200
331284,1,30,0,0,0,3,7,6,0,0,0,7,200,1,200,0,200,200,200,200,200
331307,0,25,0,0,0,3,7,5,0,0,0,20,20,0,31,0,6,0,0,200,200
331307,1,25,0,0,0,3,7,5,0,0,0,20,20,1,200,0,200,200,200,200,200
331307,1,25,0,0,0,3,7,5,0,0,0,20,20,0,200,0,200,200,200,200,200
331314,0,30,3,2,0,3,7,6,0,0,200,0,0,0,21,200,12,200,200,200,200
331314,1,30,3,2,0,3,7,6,0,0,200,0,0,0,33,200,200,200,200,200,200
331318,0,30,0,0,0,3,7,5,0,0,0,11,0,2,200,200,200,200,200,200,200
331320,0,30,0,0,0,200,9,2,0,0,0,0,200,0,50,0,12,0,0,200,200
331320,5,30,0,0,0,200,9,2,0,0,0,0,200,0,50,7,12,0,0,200,200
331320,1,30,0,0,0,200,9,2,0,0,0,0,200,200,200,7,200,200,200,200,200
331320,1,30,0,0,0,200,9,2,0,0,0,0,200,200,200,7,200,200,200,200,200
331320,1,30,0,0,0,200,9,2,0,0,0,0,200,200,200,7,200,200,200,200,200
331320,1,30,0,0,0,200,9,2,0,0,0,0,200,200,200,7,200,200,200,200,200
331320,1,30,0,0,0,200,9,2,0,0,0,0,200,200,200,7,200,200,200,200,200
331320,1,30,0,0,0,200,9,2,0,0,0,0,200,200,200,7,200,200,200,200,200
331323,0,30,2,2,0,0,0,6,0,0,0,17,11,2,200,200,1,200,200,200,200
331323,0,30,2,2,0,0,0,6,0,0,0,17,11,0,26,200,200,0,0,200,200
331324,0,30,0,0,0,3,2,5,3,0,0,16,11,1,35,0,200,200,0,200,200
331326,0,30,1,2,0,3,7,5,0,0,0,16,11,2,200,200,2,200,200,200,200
331326,1,30,1,2,0,3,7,5,0,0,0,16,11,200,200,200,200,200,200,200,200
331331,0,50,0,0,0,0,12,5,0,0,0,0,21,0,200,200,200,200,200,200,200
331331,0,50,0,0,0,0,12,5,0,0,0,0,21,0,48,0,200,0,0,200,200
331342,0,30,2,200,200,3,10,2,0,200,200,18,18,1,57,200,12,200,200,200,200
331342,0,30,2,200,200,3,10,2,0,200,200,18,18,1,41,200,0,200,0,200,200
331347,0,30,1,2,0,3,0,3,0,0,0,6,16,1,19,0,5,0,0,200,200
331347,0,30,1,2,0,3,0,3,0,0,0,6,16,1,19,0,0,0,0,200,200
331347,1,30,1,2,0,3,0,3,0,0,0,6,16,0,22,0,200,200,200,200,200
331347,1,30,1,2,0,3,0,3,0,0,0,6,16,1,200,200,200,200,200,200,200
331347,1,30,1,2,0,3,0,3,0,0,0,6,16,0,200,200,200,200,200,200,200
331347,1,30,1,2,0,3,0,3,0,0,0,6,16,1,20,0,200,200,200,200,200
331347,1,30,1,2,0,3,0,3,0,0,0,6,16,1,22,0,200,200,200,200,200
331348,0,30,0,0,0,0,2,5,0,0,0,14,200,1,21,0,0,0,0,200,200
331351,5,35,1,2,0,0,9,5,0,0,0,0,0,1,63,7,0,0,0,200,200
331351,0,35,1,2,0,0,9,5,0,0,0,0,0,2,200,200,200,200,200,200,200
331370,0,30,0,0,0,3,14,5,0,200,200,17,200,1,20,200,1,200,200,200,200
331370,0,30,0,0,0,3,14,5,0,200,200,17,200,1,27,200,0,200,200,200,200
331376,0,25,0,0,0,3,7,6,0,0,0,0,200,2,200,200,200,200,200,200,200
331377,0,30,2,2,0,3,10,5,0,0,0,7,16,1,36,200,12,0,0,200,200
331377,0,30,2,2,0,3,10,5,0,0,0,7,16,1,49,200,0,0,0,200,200
331384,0,30,1,2,0,3,10,5,0,0,0,0,0,1,27,0,200,200,200,200,200
331384,0,30,1,2,0,3,10,5,0,0,0,0,0,0,40,0,200,200,0,200,200
331384,1,30,1,2,0,3,10,5,0,0,0,0,0,0,200,0,200,200,200,200,200
331399,0,30,200,200,0,2,0,5,0,0,200,0,200,1,19,200,200,200,200,200,200
331399,0,30,200,200,0,2,0,5,0,0,200,0,200,0,54,0,200,200,0,200,200
331405,0,30,0,0,0,3,10,5,0,0,200,20,20,1,200,200,6,200,200,200,200
331405,0,30,0,0,0,3,10,5,0,0,200,20,20,0,24,0,0,0,0,200,200
331414,0,30,0,0,0,3,7,6,0,0,200,7,200,0,20,1,12,12,3,200,200
331414,1,30,0,0,0,3,7,6,0,0,200,7,200,0,200,7,200,200,200,200,200
331418,0,25,0,0,0,3,7,5,0,0,0,16,200,0,22,0,9,0,0,200,200
331424,0,30,0,0,0,1,7,5,0,0,0,0,200,0,28,200,200,200,200,200,200
331433,0,30,0,0,0,3,7,5,0,0,0,0,200,0,200,200,1,200,200,200,200
331437,0,30,0,0,0,3,10,7,0,0,0,18,0,1,32,200,3,0,0,200,200
331437,0,30,0,0,0,3,10,7,0,0,0,18,0,1,30,200,0,0,0,200,200
331437,1,30,0,0,0,3,10,7,0,0,0,18,0,1,200,200,200,200,200,200,200
331448,0,30,0,0,0,0,7,5,0,0,0,0,19,2,200,200,200,200,200,200,200
331455,0,30,2,2,0,3,10,5,0,0,0,0,0,1,27,200,3,200,200,200,200
331455,0,30,2,2,0,3,10,5,0,0,0,0,0,1,43,200,0,200,200,200,200
331455,1,30,2,2,0,3,10,5,0,0,0,0,0,1,28,200,200,200,200,200,200
331458,0,30,0,0,0,3,10,2,0,0,0,0,16,2,200,200,200,200,200,200,200
331458,0,30,0,0,0,3,10,2,0,0,0,0,16,0,35,0,200,200,200,200,200
331470,0,30,2,0,0,3,10,5,0,0,200,18,11,1,26,200,200,200,200,200,200
331470,0,30,2,0,0,3,10,5,0,0,200,18,11,1,25,0,0,0,0,200,200
331480,0,30,1,2,0,3,2,2,0,0,0,16,200,0,33,200,8,200,200,200,200
331516,0,30,1,2,0,2,12,5,0,0,0,21,0,1,24,200,4,0,0,200,200
331516,0,30,1,2,0,2,12,5,0,0,0,21,0,1,33,200,0,0,0,200,200
331516,1,30,1,2,0,2,12,5,0,0,0,21,0,0,41,200,200,200,200,200,200
331526,0,30,1,2,0,1,14,6,0,0,0,23,200,0,28,0,7,0,0,200,200
331526,0,30,1,2,0,1,14,6,0,0,0,23,200,0,64,0,0,0,0,200,200
331530,0,30,0,0,0,1,7,6,0,0,0,32,32,0,33,0,12,200,5,200,200
331535,0,30,0,0,2,3,7,6,0,0,0,0,200,2,200,200,200,200,200,200,200
331538,0,30,1,2,0,1,10,2,0,0,0,11,0,1,20,0,12,0,0,200,200
331538,0,30,1,2,0,1,10,2,0,0,0,11,0,1,25,0,0,0,0,200,200
331538,1,30,1,2,0,1,10,2,0,0,0,11,0,1,20,0,200,200,200,200,200
331540,0,30,1,2,0,1,10,3,0,0,0,18,200,0,24,0,3,0,0,200,200
331540,0,30,1,2,0,1,10,3,0,0,0,18,200,0,17,0,0,0,0,200,200
331542,0,30,2,2,0,1,0,12,0,0,0,5,0,1,25,0,1,200,0,200,200
331542,0,30,2,2,0,1,0,12,0,0,0,5,0,0,39,0,200,200,0,200,200
331556,0,30,0,0,0,1,14,5,0,0,0,0,0,0,30,200,200,0,0,200,200
331556,0,30,0,0,0,1,14,5,0,0,0,0,0,0,47,200,200,0,0,200,200
331559,0,30,0,200,0,200,7,200,0,200,200,0,0,2,200,200,200,200,200,200,200
331563,0,30,1,200,0,1,10,5,0,0,0,0,200,0,25,200,200,200,0,200,200
331563,0,30,1,200,0,1,10,5,0,0,0,0,200,0,29,200,0,200,0,200,200
331567,0,30,1,2,0,1,9,5,0,0,0,17,22,0,200,200,1,200,200,200,200
331567,5,30,1,2,0,1,9,5,0,0,0,17,22,1,23,7,12,0,0,200,200
331569,0,30,1,2,0,200,0,6,0,200,200,0,200,0,200,200,5,200,200,200,200
331569,0,30,1,2,0,200,0,6,0,200,200,0,200,1,25,0,0,200,0,200,200
331570,0,30,1,2,0,1,12,2,0,0,0,22,200,0,31,0,2,0,0,200,200
331570,0,30,1,2,0,1,12,2,0,0,0,22,200,1,61,0,0,0,0,200,200
331571,0,45,2,0,2,1,2,3,3,1,1,0,0,1,31,0,0,0,0,200,200
331574,0,30,2,2,0,1,12,2,0,0,0,0,0,1,71,0,200,0,0,200,200
331574,0,30,2,2,0,1,12,2,0,0,0,0,0,0,45,0,0,0,0,200,200
331575,0,30,0,0,0,1,7,5,0,0,0,0,0,1,55,7,200,200,200,200,200
331578,0,25,0,0,0,1,14,5,0,0,0,17,16,0,57,0,1,0,0,200,200
331578,0,25,0,0,0,1,14,5,0,0,0,17,16,1,45,0,0,0,0,200,200
331579,0,25,0,0,0,1,5,5,0,0,0,200,200,1,37,0,0,12,0,200,200
331581,0,30,1,2,0,1,10,2,0,0,0,16,200,1,27,200,12,200,0,200,200
331581,0,30,1,2,0,1,10,2,0,0,0,16,200,1,32,200,0,0,0,200,200
331581,0,30,1,2,0,1,10,2,0,0,0,16,200,0,32,200,0,0,0,200,200
331585,0,30,0,0,0,1,10,5,0,0,0,0,22,0,200,200,8,200,200,200,200
331585,0,30,0,0,0,1,10,5,0,0,0,0,22,0,60,0,0,0,0,200,200
331589,0,30,1,2,0,1,10,2,0,0,0,0,0,0,52,0,200,0,0,200,200
331589,0,30,1,2,0,1,10,2,0,0,0,0,0,0,36,0,0,0,0,200,200
331593,0,30,200,2,200,200,7,5,0,200,0,0,0,2,200,200,200,200,200,200,200
331594,0,30,1,2,0,1,14,3,0,0,0,17,200,1,18,0,5,0,0,200,200
331594,0,30,1,2,0,1,14,3,0,0,0,17,200,1,31,0,0,0,0,200,200
331597,0,30,0,0,0,1,2,5,0,0,0,0,200,0,25,200,12,0,0,200,200
331601,0,30,0,0,0,1,5,5,0,0,0,200,200,1,42,0,0,0,0,200,200
331604,0,30,1,2,0,1,9,2,0,0,0,17,200,1,71,0,1,0,0,200,200
331604,5,30,1,2,0,1,9,2,0,0,0,17,200,1,9,7,0,0,0,200,200
331604,1,30,1,2,0,1,9,2,0,0,0,17,200,1,9,0,200,200,200,200,200
331606,0,35,1,2,0,1,12,5,0,0,0,22,22,0,200,200,4,200,200,200,200
331606,0,35,1,2,0,1,12,5,0,0,0,22,22,0,0,0,4,0,0,200,200
331611,0,30,0,0,0,1,0,2,0,0,0,0,0,1,50,200,12,0,0,200,200
331611,0,30,0,0,0,1,0,2,0,0,0,0,0,1,64,0,0,0,200,200,200
331623,0,30,0,0,0,0,3,5,0,0,0,23,200,2,200,200,7,200,200,200,200
331623,0,30,0,0,0,0,3,5,0,0,0,23,200,1,0,0,0,0,0,200,200
331629,0,30,200,200,200,200,7,6,0,200,200,200,200,2,200,200,200,200,200,200,200
331636,0,25,0,0,0,1,2,0,0,0,0,33,200,0,41,0,200,12,0,200,200
331638,0,30,0,0,0,1,7,6,0,0,0,0,200,0,42,0,200,200,0,200,200
331645,0,25,0,0,0,1,7,5,0,0,0,0,0,1,58,0,200,0,0,200,200
331646,0,30,1,1,0,1,8,5,0,0,0,14,23,0,74,0,1,0,0,200,200
331646,4,30,1,1,0,1,8,5,0,0,0,14,23,1,44,3,0,0,0,200,200
331648,0,30,1,2,0,1,14,2,0,0,0,0,0,1,36,0,200,0,0,200,200
331648,0,30,1,2,0,1,14,2,0,0,0,0,0,1,53,0,200,0,0,200,200
331651,0,30,0,0,200,200,10,5,0,200,200,0,200,0,200,200,200,200,200,200,200
331651,0,30,0,0,200,200,10,5,0,200,200,0,200,2,200,200,200,200,200,200,200
331651,0,30,0,0,200,200,10,5,0,200,200,0,200,0,52,200,200,200,200,200,200
331655,0,25,0,0,0,1,2,5,0,0,0,0,200,0,27,0,0,0,0,200,200
331655,1,25,0,0,0,1,2,5,0,0,0,0,200,0,29,0,200,200,200,200,200
331661,0,25,2,2,0,1,0,5,0,0,0,5,17,1,58,200,5,0,0,200,200
331661,0,25,2,2,0,1,0,5,0,0,0,5,17,1,45,200,0,0,0,200,200
331667,0,30,1,2,0,1,14,5,0,0,0,22,22,0,37,0,2,200,0,200,200
331667,0,30,1,2,0,1,14,5,0,0,0,22,22,1,23,0,0,200,0,200,200
331680,0,30,1,2,0,1,10,5,0,0,200,0,0,1,200,200,200,200,200,200,200
331680,0,30,1,2,0,1,10,5,0,0,200,0,0,0,200,0,0,0,0,200,200
331680,1,30,1,2,0,1,10,5,0,0,200,0,0,1,200,0,200,200,200,200,200
331682,0,25,0,0,0,3,7,7,0,0,200,0,0,2,200,200,200,200,200,200,200
331692,0,30,0,0,0,1,12,3,0,0,0,200,200,1,29,0,200,0,0,200,200
331692,0,30,0,0,0,1,12,3,0,0,0,200,200,0,47,0,0,0,0,200,200
331692,1,30,0,0,0,1,12,3,0,0,0,200,200,0,200,5,200,200,200,200,200
331692,1,30,0,0,0,1,12,3,0,0,0,200,200,1,200,5,200,200,200,200,200
331694,0,30,0,0,0,1,12,5,0,0,0,22,11,1,200,200,2,200,200,200,200
331694,0,30,0,0,0,1,12,5,0,0,0,22,11,0,32,0,0,200,0,200,200
331702,0,35,0,0,0,1,12,5,0,0,0,22,18,1,33,200,2,0,0,200,200
331702,0,35,0,0,0,1,12,5,0,0,0,22,18,1,30,7,0,0,0,200,200
331703,0,25,0,0,0,1,12,6,0,0,0,17,200,0,45,0,1,0,0,200,200
331703,0,25,0,0,0,1,12,6,0,0,0,17,200,1,53,200,0,200,200,200,200
331706,0,30,2,2,0,1,7,6,0,0,0,0,200,1,51,0,200,0,0,200,200
331710,0,30,1,2,0,0,12,5,0,0,0,0,0,0,200,200,4,0,5,200,200
331710,0,30,1,2,0,0,12,5,0,0,0,0,0,0,45,0,0,0,0,200,200
331712,0,30,1,2,0,3,12,2,0,200,200,0,0,0,31,200,200,200,200,200,200
331712,0,30,1,2,0,3,12,2,0,200,200,0,0,0,31,0,0,0,0,200,200
331714,0,30,1,2,0,1,10,2,0,0,0,0,200,0,200,200,200,200,200,200,200
331714,0,30,1,2,0,1,10,2,0,0,0,0,200,1,40,0,0,0,5,200,200
331725,0,0,0,0,200,0,7,12,0,200,200,0,1,2,200,200,200,200,200,200,200
331727,0,30,1,2,0,1,14,5,0,0,0,17,23,1,21,0,1,0,0,200,200
331727,0,30,1,2,0,1,14,5,0,0,0,17,23,0,48,0,0,0,0,200,200
331727,1,30,1,2,0,1,14,5,0,0,0,17,23,1,200,0,200,200,200,200,200
331729,0,5,0,0,0,1,2,7,0,0,0,20,200,2,200,200,6,200,200,200,200
331732,0,30,0,0,0,2,8,2,0,0,0,17,0,1,47,0,1,0,0,200,200
331732,4,30,0,0,0,2,8,2,0,0,0,17,0,0,35,0,0,0,0,200,200
331734,0,30,0,0,0,1,7,6,0,0,0,0,200,0,27,0,0,0,0,200,200
331740,0,30,1,2,0,1,10,3,0,0,0,16,200,0,20,200,8,0,0,200,200
331740,0,30,1,2,0,1,10,3,0,0,0,16,200,0,63,200,0,0,0,200,200
331740,1,30,1,2,0,1,10,3,0,0,0,16,200,0,200,200,200,200,200,200,200
331742,0,25,0,0,0,1,2,0,0,0,0,20,21,0,42,0,6,12,0,200,200
331753,0,30,0,0,0,1,0,5,0,0,200,20,33,1,84,200,6,12,0,200,200
331753,0,30,0,0,0,1,0,5,0,0,200,20,33,1,31,200,0,200,0,200,200
331753,1,30,0,0,0,1,0,5,0,0,200,20,33,0,23,200,200,200,200,200,200
331757,0,30,0,0,0,1,7,2,0,0,0,0,0,2,200,200,200,200,200,200,200
331759,0,30,0,0,0,1,14,5,0,0,0,17,17,1,38,0,7,0,0,200,200
331759,0,30,0,0,0,1,14,5,0,0,0,17,17,0,39,0,0,0,0,200,200
331763,0,25,2,2,0,3,7,6,0,0,0,0,0,2,200,200,200,200,200,200,200
331764,0,30,0,0,0,1,12,6,0,0,0,0,17,0,35,0,1,0,0,200,200
331764,0,30,0,0,0,1,12,6,0,0,0,0,17,0,57,0,0,0,0,200,200
331769,0,30,1,2,0,1,10,5,0,0,0,0,0,2,200,200,200,200,200,200,200
331769,0,30,1,2,0,1,10,5,0,0,0,0,0,1,60,200,200,200,200,200,200
331780,0,0,0,0,0,1,7,7,0,0,0,25,0,1,33,1,10,12,0,200,200
331780,1,0,0,0,0,1,7,7,0,0,0,25,0,0,5,7,200,200,200,200,200
331780,1,0,0,0,0,1,7,7,0,0,0,25,0,1,1,7,200,200,200,200,200
331781,0,25,1,2,0,1,10,5,0,0,0,8,16,0,30,0,3,0,0,200,200
331781,0,25,1,2,0,1,10,5,0,0,0,8,16,0,38,0,0,0,0,200,200
331781,1,25,1,2,0,1,10,5,0,0,0,8,16,1,200,0,200,200,200,200,200
331783,0,30,0,0,0,3,7,2,0,0,0,0,200,2,200,200,200,200,200,200,200
331785,0,30,1,2,0,1,14,3,0,0,0,22,200,0,27,0,7,0,0,200,200
331785,0,30,1,2,0,1,14,3,0,0,0,22,200,0,63,0,7,0,0,200,200
331793,0,20,2,2,0,1,10,6,0,200,0,200,200,0,200,200,200,200,200,200,200
331793,0,20,2,2,0,1,10,6,0,200,0,200,200,1,200,200,0,200,200,200,200
331794,0,30,0,0,0,1,10,5,0,0,0,18,200,0,48,0,3,0,0,200,200
331794,0,30,0,0,0,1,10,5,0,0,0,18,200,0,31,0,12,0,0,200,200
331798,0,30,0,0,0,1,8,5,0,0,0,33,0,1,27,0,1,1,0,200,200
331798,4,30,0,0,0,1,8,5,0,0,0,33,0,0,25,200,0,1,0,200,200
331801,0,30,200,200,0,1,12,5,0,200,200,200,200,0,28,200,200,200,0,200,200
331801,0,30,200,200,0,1,12,5,0,200,200,200,200,0,51,200,200,200,0,200,200
331801,1,30,200,200,0,1,12,5,0,200,200,200,200,1,45,200,200,200,200,200,200
331806,0,35,0,0,0,1,7,5,0,0,0,0,0,0,55,0,200,200,0,200,200
331808,0,30,1,2,0,1,7,2,0,0,0,0,200,2,200,200,200,200,200,200,200
331819,0,25,1,2,0,1,14,5,0,0,0,23,23,0,36,0,0,0,0,200,200
331819,1,25,1,2,0,1,14,5,0,0,0,23,23,0,27,0,200,200,200,200,200
331820,0,35,0,0,0,1,12,5,0,0,0,22,25,0,200,200,2,200,200,200,200
331820,0,35,0,0,0,1,12,5,0,0,0,22,25,0,54,0,0,0,0,200,200
331823,0,30,0,0,0,1,14,5,0,0,0,0,0,0,200,200,200,200,200,200,200
331823,0,30,0,0,0,1,14,5,0,0,0,0,0,0,37,0,0,0,0,200,200
331828,0,25,0,0,0,1,14,6,0,0,0,0,200,0,51,0,1,0,0,200,200
331828,0,25,0,0,0,1,14,6,0,0,0,0,200,0,48,0,0,0,0,200,200
331830,0,35,0,0,0,1,10,5,0,0,0,18,18,0,30,0,3,0,0,200,200
331830,0,35,0,0,0,1,10,5,0,0,0,18,18,0,27,0,0,0,0,200,200
331837,0,20,0,0,0,1,12,5,0,0,0,17,200,1,23,0,1,0,0,200,200
331837,0,20,0,0,0,1,12,5,0,0,0,17,200,0,37,0,0,0,0,200,200
331839,0,30,1,2,0,1,14,2,0,0,0,17,0,1,44,200,1,0,0,200,200
331839,0,30,1,2,0,1,14,2,0,0,0,17,0,1,59,0,0,0,0,200,200