RD_NO,PERSON_TYPE,POSTED_SPEED_LIMIT,TRAFFIC_CONTROL_DEVICE,DEVICE_CONDITION,WEATHER_CONDITION,LIGHTING_CONDITION,FIRST_CRASH_TYPE,TRAFFICWAY_TYPE,ALIGNMENT,ROADWAY_SURFACE_COND,ROAD_DEFECT,PRIM_CONTRIBUTORY_CAUSE,SEC_CONTRIBUTORY_CAUSE,SEX,AGE,SAFETY_EQUIPMENT,DRIVER_ACTION,DRIVER_VISION,PHYSICAL_CONDITION,BAC_RESULT VALUE,CELL_PHONE_USE
331839,1,30,1,2,0,1,14,2,0,0,0,17,0,0,57,0,200,200,200,200,200
331839,1,30,1,2,0,1,14,2,0,0,0,17,0,0,200,200,200,200,200,200,200
331840,0,15,0,0,0,1,7,5,0,0,0,0,0,2,200,200,200,200,200,200,200
331842,0,30,1,2,0,1,12,6,0,0,0,21,200,1,28,200,200,0,0,200,200
331842,0,30,1,2,0,1,12,6,0,0,0,21,200,1,27,200,200,0,0,200,200
331844,0,30,0,0,0,3,2,8,0,0,0,0,0,0,30,200,200,0,0,200,200
331846,0,15,0,0,200,1,0,200,0,0,200,20,200,0,62,200,6,200,0,200,200
331846,0,15,0,0,200,1,0,200,0,0,200,20,200,0,200,200,0,200,200,200,200
331860,0,35,0,0,0,1,14,5,0,0,2,23,200,2,200,200,7,200,200,200,200
331860,0,35,0,0,0,1,14,5,0,0,2,23,200,1,41,0,0,0,0,200,200
331861,0,30,0,0,0,1,7,6,0,0,3,28,0,1,33,0,12,12,0,200,200
331862,0,30,0,0,0,200,7,2,0,0,0,0,0,2,200,200,200,200,200,200,200
331866,0,35,0,0,0,1,12,5,0,0,0,0,0,1,25,0,1,0,0,200,200
331866,0,35,0,0,0,1,12,5,0,0,0,0,0,1,69,0,0,0,0,200,200
331867,0,35,0,0,0,1,10,3,0,0,0,18,0,0,32,0,3,0,0,200,200
331867,0,35,0,0,0,1,10,3,0,0,0,18,0,0,26,0,0,0,0,200,200
331867,1,35,0,0,0,1,10,3,0,0,0,18,0,1,27,0,200,200,200,200,200
331867,1,35,0,0,0,1,10,3,0,0,0,18,0,1,23,0,200,200,200,200,200
331874,0,30,1,2,0,1,10,5,0,0,0,0,200,0,200,200,200,200,200,200,200
331874,0,30,1,2,0,1,10,5,0,0,0,0,200,1,40,0,0,0,0,200,200
331876,0,30,1,2,0,1,10,5,0,0,0,0,0,0,200,200,0,200,200,200,200
331876,0,30,1,2,0,1,10,5,0,0,0,0,0,0,48,0,0,0,0,200,200
331877,0,30,0,0,1,3,7,6,0,0,0,200,0,2,200,200,200,200,200,200,200
331878,0,30,0,0,0,1,12,5,0,0,0,0,0,0,30,200,12,200,0,200,200
331878,0,30,0,0,0,1,12,5,0,0,0,0,0,0,64,200,200,200,0,200,200
331880,0,30,0,0,0,0,7,5,0,0,0,0,200,2,200,200,200,200,200,200,200
331883,0,35,1,2,0,1,14,5,0,0,0,17,25,1,48,0,1,0,0,200,200
331883,0,35,1,2,0,1,14,5,0,0,0,17,25,1,23,0,0,0,0,200,200
331889,0,15,0,0,0,1,7,7,0,0,0,0,0,1,200,200,200,200,200,200,200
331889,1,15,0,0,0,1,7,7,0,0,0,0,0,0,18,200,200,200,200,200,200
331889,1,15,0,0,0,1,7,7,0,0,0,0,0,0,16,200,200,200,200,200,200
331892,0,30,0,0,0,1,2,6,0,0,0,0,200,0,17,7,200,200,0,200,200
331893,0,30,0,0,0,1,12,5,0,0,0,0,0,1,200,0,200,200,0,200,200
331893,0,30,0,0,0,1,12,5,0,0,0,0,0,0,200,0,200,0,0,200,200
331904,0,30,2,2,0,1,7,5,0,0,200,200,200,0,31,0,200,200,0,200,200
331904,1,30,2,2,0,1,7,5,0,0,200,200,200,0,33,0,200,200,200,200,200
331904,1,30,2,2,0,1,7,5,0,0,200,200,200,0,35,0,200,200,200,200,200
331907,0,30,1,2,0,1,14,5,0,0,0,17,200,1,43,0,1,0,0,200,200
331907,0,30,1,2,0,1,14,5,0,0,0,17,200,0,22,0,0,0,0,200,200
331907,1,30,1,2,0,1,14,5,0,0,0,17,200,0,9,0,200,200,200,200,200
331908,0,25,1,2,0,1,12,2,0,0,0,22,200,0,60,0,1,0,0,200,200
331908,0,25,1,2,0,1,12,2,0,0,0,22,200,0,28,0,0,0,0,200,200
331911,0,30,1,2,0,1,10,5,0,0,0,18,0,0,44,200,1,0,0,200,200
331911,0,30,1,2,0,1,10,5,0,0,0,18,0,1,24,200,0,0,0,200,200
331916,0,35,0,0,0,1,0,2,0,0,0,4,200,1,38,200,2,0,0,200,200
331916,0,35,0,0,0,1,0,2,0,0,0,4,200,0,69,200,0,0,0,200,200
331920,0,30,0,0,0,1,10,12,0,0,0,0,200,0,27,200,12,200,200,200,200
331920,0,30,0,0,0,1,10,12,0,0,0,0,200,0,49,0,0,0,0,200,200
331927,0,35,1,2,0,1,12,6,0,0,0,0,200,0,73,200,200,200,0,200,200
331927,0,35,1,2,0,1,12,6,0,0,0,0,200,0,49,200,200,200,0,200,200
331930,0,10,0,0,0,1,5,7,0,0,0,0,200,0,68,0,0,0,0,200,200
331932,0,30,0,0,0,1,7,2,0,0,0,0,200,2,200,200,200,200,200,200,200
331934,0,30,0,0,0,1,12,5,0,0,0,23,200,0,53,0,7,0,0,200,200
331934,0,30,0,0,0,1,12,5,0,0,0,23,200,1,47,0,0,0,0,200,200
331935,0,35,0,2,0,1,14,2,0,0,0,25,200,0,200,200,3,200,200,200,200
331935,0,35,0,2,0,1,14,2,0,0,0,25,200,1,40,0,0,0,0,200,200
331936,0,20,0,0,0,1,3,7,0,0,0,25,200,1,200,200,6,200,200,200,200
331936,0,20,0,0,0,1,3,7,0,0,0,25,200,1,35,0,0,0,0,200,200
331938,0,30,1,2,0,1,14,5,0,0,0,22,23,2,200,200,7,200,200,200,200
331938,0,30,1,2,0,1,14,5,0,0,0,22,23,0,46,0,0,0,0,200,200
331939,0,30,1,2,0,1,14,12,0,0,0,200,200,1,28,0,12,0,0,200,200
331939,0,30,1,2,0,1,14,12,0,0,0,200,200,1,200,0,0,0,0,200,200
331945,0,25,200,200,200,200,7,5,0,200,200,0,0,2,200,200,200,200,200,200,200
331954,0,30,0,0,0,3,7,6,0,0,0,0,200,2,200,200,6,200,200,200,200
331971,0,35,0,0,0,0,7,5,0,1,0,0,0,2,200,200,0,200,200,200,200
331971,1,35,0,0,0,0,7,5,0,1,0,0,0,0,25,200,200,200,200,200,200
331971,1,35,0,0,0,0,7,5,0,1,0,0,0,1,200,1,200,200,200,200,200
331972,0,20,0,0,0,1,5,7,0,0,0,0,200,2,200,200,12,200,200,200,200
331973,0,30,2,2,0,1,10,5,0,0,0,18,5,0,28,200,1,3,0,200,200
331973,0,30,2,2,0,1,10,5,0,0,0,18,5,0,67,200,200,200,200,200,200
331980,0,35,0,0,0,1,10,5,0,0,0,18,0,1,39,0,0,0,0,200,200
331980,0,35,0,0,0,1,10,5,0,0,0,18,0,0,63,200,0,200,0,200,200
331986,0,30,0,0,0,1,12,6,0,0,0,20,200,1,47,7,6,0,0,200,200
331986,0,30,0,0,0,1,12,6,0,0,0,20,200,0,30,0,0,0,0,200,200
331988,0,30,0,0,0,1,12,5,0,0,0,0,200,1,200,0,0,200,0,200,200
331988,0,30,0,0,0,1,12,5,0,0,0,0,200,0,200,0,200,200,0,200,200
331995,0,35,1,2,0,1,10,3,0,0,0,16,200,0,52,0,1,0,0,200,200
331995,0,35,1,2,0,1,10,3,0,0,0,16,200,0,36,0,0,0,0,200,200
331997,0,30,0,0,0,1,7,5,0,0,0,0,200,2,200,200,200,200,200,200,200
331999,0,30,0,0,0,1,7,7,0,0,0,0,0,0,52,0,0,0,0,200,200
331999,1,30,0,0,0,1,7,7,0,0,0,0,0,1,200,0,200,200,200,200,200
332000,0,30,0,0,0,1,10,5,0,0,0,200,200,2,35,200,0,0,0,200,200
332000,0,30,0,0,0,1,10,5,0,0,0,200,200,1,70,0,0,0,0,200,200
332003,0,25,0,0,0,1,12,6,0,0,0,17,7,0,36,200,12,0,0,200,200
332003,0,25,0,0,0,1,12,6,0,0,0,17,7,0,200,200,0,0,0,200,200
332003,1,25,0,0,0,1,12,6,0,0,0,17,7,200,200,200,200,200,200,200,200
332021,0,30,0,0,0,1,12,5,0,0,0,16,16,0,27,0,8,0,0,200,200
332021,0,30,0,0,0,1,12,5,0,0,0,16,16,0,42,0,0,0,0,200,200
332030,0,30,1,2,0,1,12,2,0,0,200,21,11,0,200,200,4,200,200,200,200
332030,0,30,1,2,0,1,12,2,0,0,200,21,11,1,45,0,0,0,0,200,200
332030,1,30,1,2,0,1,12,2,0,0,200,21,11,0,12,0,200,200,200,200,200
332043,0,35,1,2,0,1,12,5,0,0,0,21,0,1,67,0,4,0,0,200,200
332043,0,35,1,2,0,1,12,5,0,0,0,21,0,1,64,0,0,0,0,200,200
332052,0,25,0,0,0,3,7,6,0,0,0,0,200,2,200,200,200,200,200,200,200
332059,0,35,0,0,0,0,12,5,0,0,0,18,200,0,200,0,4,0,0,200,200
332059,0,35,0,0,0,0,12,5,0,0,0,18,200,0,22,0,0,0,0,200,200
332059,1,35,0,0,0,0,12,5,0,0,0,18,200,0,200,0,200,200,200,200,200
332059,1,35,0,0,0,0,12,5,0,0,0,18,200,0,200,0,200,200,200,200,200
332071,0,20,0,0,0,1,10,2,0,0,200,18,18,1,39,200,200,200,0,200,200
332071,0,20,0,0,0,1,10,2,0,0,200,18,18,0,39,200,0,200,0,200,200
332072,0,30,1,2,0,1,10,5,0,0,0,0,0,1,200,200,200,200,200,200,200
332072,0,30,1,2,0,1,10,5,0,0,0,0,0,1,57,0,12,200,0,200,200
332073,0,30,0,0,200,1,8,2,2,200,200,16,23,1,200,200,7,200,200,200,200
332073,4,30,0,0,200,1,8,2,2,200,200,16,23,0,23,7,0,200,200,200,200
332077,0,15,0,0,0,1,0,7,0,0,0,17,200,0,34,200,1,200,200,200,200
332077,0,15,0,0,0,1,0,7,0,0,0,17,200,0,23,0,0,0,200,200,200
332084,0,30,0,0,0,1,10,5,0,0,0,18,200,1,22,0,3,0,0,200,200
332084,0,30,0,0,0,1,10,5,0,0,0,18,200,1,49,0,0,0,0,200,200
332087,0,30,1,2,0,1,10,5,0,0,0,0,0,0,19,0,3,0,0,200,200
332087,0,30,1,2,0,1,10,5,0,0,0,0,0,0,52,0,0,0,0,200,200
332089,0,30,0,0,0,1,12,6,0,0,0,20,0,0,200,200,6,200,200,200,200
332089,0,30,0,0,0,1,12,6,0,0,0,20,0,0,34,0,0,0,0,200,200
332089,1,30,0,0,0,1,12,6,0,0,0,20,0,0,200,200,200,200,200,200,200
332098,0,30,1,2,0,1,12,5,0,0,200,0,0,1,47,200,200,200,200,200,200
332098,0,30,1,2,0,1,12,5,0,0,200,0,0,0,31,0,0,200,200,200,200
332100,0,25,0,0,0,1,12,5,0,0,0,17,21,0,40,200,1,0,0,200,200
332100,0,25,0,0,0,1,12,5,0,0,0,17,21,0,81,200,0,0,0,200,200
332101,0,30,1,2,0,1,10,5,0,0,0,0,0,1,46,200,0,0,0,200,200
332101,0,30,1,2,0,1,10,5,0,0,0,0,0,0,37,200,3,0,0,200,200
332103,0,15,0,0,0,1,7,7,0,0,0,35,200,2,200,200,200,200,200,200,200
332105,0,30,0,0,0,1,10,5,0,0,0,0,0,0,44,0,1,0,0,200,200
332105,0,30,0,0,0,1,10,5,0,0,0,0,0,1,44,0,0,0,0,200,200
332107,0,10,0,0,0,1,7,7,0,0,0,23,0,1,25,0,7,0,0,200,200
332107,1,10,0,0,0,1,7,7,0,0,0,23,0,200,200,0,200,200,200,200,200
332115,0,30,1,2,0,1,10,3,0,0,0,0,200,0,59,0,200,0,0,200,200
332115,0,30,1,2,0,1,10,3,0,0,0,0,200,0,37,0,0,0,0,200,200
332121,0,30,0,0,0,1,12,2,0,0,0,22,17,1,39,200,1,0,0,200,200
332121,0,30,0,0,0,1,12,2,0,0,0,22,17,0,60,200,0,0,0,200,200
332124,0,30,2,2,0,1,10,2,0,0,200,18,0,0,200,200,3,200,200,200,200
332124,0,30,2,2,0,1,10,2,0,0,200,18,0,1,61,0,0,0,0,200,200
332129,0,30,0,0,0,1,2,2,0,0,0,0,0,0,41,200,200,200,200,200,200
332130,0,30,1,2,0,1,10,5,0,0,0,18,16,0,43,200,3,0,0,200,200
332130,0,30,1,2,0,1,10,5,0,0,0,18,16,1,77,200,0,0,0,200,200
332134,0,30,0,0,0,1,0,5,0,0,0,0,0,0,25,0,12,200,200,200,200
332134,0,30,0,0,0,1,0,5,0,0,0,0,0,1,40,0,0,0,200,200,200
332134,1,30,0,0,0,1,0,5,0,0,0,0,0,1,22,0,200,200,200,200,200
332134,1,30,0,0,0,1,0,5,0,0,0,0,0,1,9,0,200,200,200,200,200
332134,1,30,0,0,0,1,0,5,0,0,0,0,0,1,7,0,200,200,200,200,200
332136,0,30,0,0,0,1,10,5,0,0,0,16,18,0,51,0,3,0,0,200,200
332136,0,30,0,0,0,1,10,5,0,0,0,16,18,0,32,0,0,0,0,200,200
332137,0,30,0,0,0,1,10,5,0,0,0,18,16,2,200,7,0,0,0,200,200
332137,0,30,0,0,0,1,10,5,0,0,0,18,16,0,28,200,0,0,0,200,200
332143,0,30,1,3,0,1,14,2,0,0,0,0,200,1,28,0,7,0,0,200,200
332143,0,30,1,3,0,1,14,2,0,0,0,0,200,0,56,0,0,0,0,200,200
332143,1,30,1,3,0,1,14,2,0,0,0,0,200,0,6,5,200,200,200,200,200
332144,0,30,1,2,0,1,10,5,0,0,0,0,200,1,200,200,200,200,200,200,200
332144,0,30,1,2,0,1,10,5,0,0,0,0,200,1,29,0,0,0,0,200,200
332144,1,30,1,2,0,1,10,5,0,0,0,0,200,1,43,0,200,200,200,200,200
332145,0,35,0,0,0,1,12,5,0,0,0,23,0,0,16,0,4,0,0,200,200
332145,0,35,0,0,0,1,12,5,0,0,0,23,0,0,63,0,0,0,0,200,200
332147,0,30,0,0,0,1,10,6,0,0,0,20,0,1,31,0,6,0,0,200,200
332147,0,30,0,0,0,1,10,6,0,0,0,20,0,0,29,0,0,0,0,200,200
332148,0,30,0,0,0,1,12,3,0,0,0,0,0,0,67,200,1,200,200,200,200
332148,0,30,0,0,0,1,12,3,0,0,0,0,0,0,50,0,0,0,0,200,200
332152,0,20,0,0,0,1,7,6,0,0,0,0,0,2,200,200,200,200,200,200,200
332154,0,0,0,0,0,1,7,7,0,0,0,0,200,2,200,200,200,200,200,200,200
332160,0,30,12,2,0,1,10,6,0,0,0,18,200,1,21,200,3,200,0,200,200
332160,0,30,12,2,0,1,10,6,0,0,0,18,200,0,24,200,0,200,0,200,200
332160,1,30,12,2,0,1,10,6,0,0,0,18,200,1,7,200,200,200,200,200,200
332160,1,30,12,2,0,1,10,6,0,0,0,18,200,0,200,200,200,200,200,200,200
332162,0,30,1,2,0,1,12,5,0,0,0,21,16,0,200,200,12,0,0,200,200
332162,0,30,1,2,0,1,12,5,0,0,0,21,16,1,200,0,0,0,0,200,200
332162,1,30,1,2,0,1,12,5,0,0,0,21,16,0,200,0,200,200,200,200,200
332175,0,30,0,0,0,1,7,5,0,0,0,21,16,0,38,200,8,0,0,200,200
332176,0,30,1,2,0,1,14,5,0,0,0,6,0,0,51,0,5,200,0,200,200
332176,0,30,1,2,0,1,14,5,0,0,0,6,0,0,22,200,0,200,200,200,200
332176,1,30,1,2,0,1,14,5,0,0,0,6,0,1,59,0,200,200,200,200,200
332187,0,30,0,0,0,1,10,5,0,0,0,200,200,1,200,200,0,200,200,200,200
332187,0,30,0,0,0,1,10,5,0,0,0,200,200,1,32,0,0,0,0,200,200
332187,1,30,0,0,0,1,10,5,0,0,0,200,200,0,200,1,200,200,200,200,200
332188,0,30,0,0,0,1,12,2,0,0,0,0,200,2,200,200,200,200,200,200,200
332188,0,30,0,0,0,1,12,2,0,0,0,0,200,1,82,200,200,0,0,200,200
332189,0,25,0,0,0,1,7,5,0,0,0,18,0,2,200,200,12,200,200,200,200
332189,1,25,0,0,0,1,7,5,0,0,0,18,0,0,32,0,200,200,200,200,200
332195,0,30,1,2,0,200,7,2,0,0,0,0,0,2,200,200,200,200,200,200,200
332197,0,30,0,0,0,1,10,5,0,0,0,18,200,1,200,200,3,200,200,200,200
332197,0,30,0,0,0,1,10,5,0,0,0,18,200,1,49,0,0,0,0,200,200
332201,0,30,1,2,0,1,0,5,0,0,0,0,0,1,71,200,200,0,0,200,200
332201,0,30,1,2,0,1,0,5,0,0,0,0,0,0,45,200,200,200,0,200,200
332205,0,30,2,2,0,1,0,12,0,0,0,0,0,1,43,200,200,200,200,200,200
332205,0,30,2,2,0,1,0,12,0,0,0,0,0,0,54,0,0,0,0,200,200
332211,0,30,1,2,0,1,14,5,0,0,0,23,23,1,59,200,7,200,0,200,200
332211,0,30,1,2,0,1,14,5,0,0,0,23,23,1,41,2,0,0,0,200,200
332217,0,30,1,2,0,1,14,2,0,0,0,23,200,0,61,0,7,0,0,200,200
332217,0,30,1,2,0,1,14,2,0,0,0,23,200,1,80,0,0,0,0,200,200
332217,1,30,1,2,0,1,14,2,0,0,0,23,200,0,80,0,200,200,200,200,200
332220,0,30,1,2,0,1,10,5,0,0,0,18,16,0,31,200,3,0,0,200,200
332220,0,30,1,2,0,1,10,5,0,0,0,18,16,1,33,0,0,0,0,200,200
332221,0,30,0,0,0,1,7,2,0,0,0,0,0,0,21,200,12,0,0,200,200
332221,1,30,0,0,0,1,7,2,0,0,0,0,0,0,200,1,200,200,200,200,200
332235,0,30,0,0,0,1,7,5,0,200,200,0,0,2,200,200,200,200,200,200,200
332239,0,30,1,2,0,1,14,2,0,0,0,17,200,1,41,3,1,200,0,200,200
332239,0,30,1,2,0,1,14,2,0,0,0,17,200,1,59,0,0,200,0,200,200
332241,0,30,0,0,0,1,2,2,0,0,0,4,11,0,53,200,12,0,0,200,200
332251,0,30,0,0,0,1,2,4,0,0,0,0,200,1,46,200,12,0,0,200,200
332253,0,20,0,0,0,1,7,6,0,0,0,17,200,0,62,200,1,0,0,200,200
332253,1,20,0,0,0,1,7,6,0,0,0,17,200,0,200,0,200,200,200,200,200
332253,1,20,0,0,0,1,7,6,0,0,0,17,200,200,200,200,200,200,200,200,200
332254,0,20,2,2,0,1,14,2,0,0,0,17,200,1,40,0,12,200,7,200,200
332254,0,20,2,2,0,1,14,2,0,0,0,17,200,1,21,0,0,0,12,200,200
332254,1,20,2,2,0,1,14,2,0,0,0,17,200,1,8,0,200,200,200,200,200
332254,1,20,2,2,0,1,14,2,0,0,0,17,200,1,9,0,200,200,200,200,200
332256,0,30,0,0,0,1,7,5,0,0,200,200,200,0,46,200,200,200,0,200,200
332260,0,30,0,200,0,1,10,5,0,0,3,18,0,0,36,200,3,200,0,200,200
332260,0,30,0,200,0,1,10,5,0,0,3,18,0,0,43,200,0,200,0,200,200
332267,0,30,0,0,0,1,12,5,0,0,0,0,0,0,50,0,0,0,0,200,200
332267,0,30,0,0,0,1,12,5,0,0,0,0,0,0,34,0,0,0,0,200,200
332268,0,30,0,0,0,1,14,5,0,0,12,0,0,0,25,200,1,1,0,200,200
332268,0,30,0,0,0,1,14,5,0,0,12,0,0,1,69,200,0,1,0,200,200
332273,0,30,0,0,0,1,10,3,0,0,0,0,0,0,200,200,200,200,0,200,200
332273,0,30,0,0,0,1,10,3,0,0,0,0,0,0,66,0,0,0,0,200,200
332276,0,30,0,0,0,1,10,5,0,0,0,0,0,1,58,0,1,0,0,200,200
332276,0,30,0,0,0,1,10,5,0,0,0,0,0,0,200,200,0,0,0,200,200
332284,0,30,1,2,0,1,10,2,0,0,0,16,200,1,16,200,200,200,200,200,200
332284,0,30,1,2,0,1,10,2,0,0,0,16,200,0,39,200,0,200,200,200,200
332284,1,30,1,2,0,1,10,2,0,0,0,16,200,0,50,200,200,200,200,200,200
332285,0,30,0,0,0,1,10,3,0,0,0,18,16,1,49,0,12,0,0,200,200
332285,0,30,0,0,0,1,10,3,0,0,0,18,16,1,21,0,3,200,0,200,200
332285,1,30,0,0,0,1,10,3,0,0,0,18,16,0,44,0,200,200,200,200,200
332285,1,30,0,0,0,1,10,3,0,0,0,18,16,0,45,0,200,200,200,200,200
332287,4,30,1,2,0,1,8,6,0,0,0,6,17,0,12,7,1,0,0,200,200
332287,0,30,1,2,0,1,8,6,0,0,0,6,17,1,38,0,0,0,0,200,200
332290,0,30,1,2,0,1,14,5,0,0,0,16,23,0,40,200,7,0,0,200,200
332290,0,30,1,2,0,1,14,5,0,0,0,16,23,0,54,200,0,0,0,200,200
332291,0,30,200,200,200,200,7,3,0,200,200,0,0,2,200,200,200,200,200,200,200
332291,1,30,200,200,200,200,7,3,0,200,200,0,0,0,48,200,200,200,200,200,200
332297,0,30,1,2,0,1,10,3,0,0,0,0,200,0,30,0,200,0,0,200,200
332297,0,30,1,2,0,1,10,3,0,0,0,0,200,0,200,200,200,200,200,200,200
332300,0,30,0,0,0,1,14,5,0,0,0,17,0,0,26,200,1,200,0,200,200
332300,0,30,0,0,0,1,14,5,0,0,0,17,0,0,60,200,0,200,0,200,200
332301,0,30,0,0,0,1,12,5,0,0,0,0,0,0,200,200,200,200,200,200,200
332301,0,30,0,0,0,1,12,5,0,0,0,0,0,0,27,0,0,0,0,200,200
332303,0,25,0,0,0,1,7,6,0,0,0,0,200,2,200,200,200,200,200,200,200
332313,0,30,0,0,0,1,10,5,0,0,200,18,200,0,63,200,3,200,0,200,200
332313,0,30,0,0,0,1,10,5,0,0,200,18,200,0,78,200,0,200,0,200,200
332313,0,30,0,0,0,1,10,5,0,0,200,18,200,1,51,200,0,200,0,200,200
332313,1,30,0,0,0,1,10,5,0,0,200,18,200,1,68,200,200,200,200,200,200
332316,0,30,1,2,0,1,10,5,0,0,0,18,16,0,41,200,200,200,200,200,200
332316,0,30,1,2,0,1,10,5,0,0,0,18,16,1,32,0,12,200,200,200,200
332318,0,35,0,0,0,1,10,2,0,0,0,0,0,0,31,0,12,0,0,200,200
332318,0,35,0,0,0,1,10,2,0,0,0,0,0,0,67,0,0,0,0,200,200
332319,0,30,2,2,0,2,0,5,0,0,0,5,5,1,200,200,5,0,0,200,200
332319,0,30,2,2,0,2,0,5,0,0,0,5,5,0,41,0,0,0,0,200,200
332322,0,30,0,0,0,1,7,2,0,0,0,0,0,2,200,200,200,200,200,200,200
332324,0,30,0,0,200,1,7,2,0,200,0,0,0,2,200,200,200,200,200,200,200
332330,0,30,0,0,0,1,0,5,0,0,0,17,22,0,47,0,0,0,0,200,200
332330,0,30,0,0,0,1,0,5,0,0,0,17,22,0,55,0,1,0,0,200,200
332332,0,30,0,0,0,1,10,5,0,0,0,18,16,0,32,200,3,0,0,200,200
332332,0,30,0,0,0,1,10,5,0,0,0,18,16,0,52,200,0,0,0,200,200
332336,0,30,1,2,0,1,5,5,0,0,1,29,0,1,51,0,0,0,0,200,200
332340,0,30,1,2,0,1,10,5,0,200,200,18,18,0,34,200,3,200,200,200,200
332340,0,30,1,2,0,1,10,5,0,200,200,18,18,0,70,0,200,200,200,200,200
332340,1,30,1,2,0,1,10,5,0,200,200,18,18,0,200,200,200,200,200,200,200
332346,0,30,0,0,200,1,7,5,0,200,200,11,0,2,200,200,200,200,200,200,200
332348,0,25,0,0,0,1,12,5,0,0,200,17,21,1,35,200,1,0,0,200,200
332348,0,25,0,0,0,1,12,5,0,0,200,17,21,1,0,7,0,0,0,200,200
332351,0,25,0,0,0,1,7,6,0,0,0,11,0,1,53,0,12,0,0,200,200
332351,1,25,0,0,0,1,7,6,0,0,0,11,0,1,26,0,200,200,200,200,200
332352,0,30,0,0,0,1,14,5,0,0,0,17,200,2,200,200,1,200,200,200,200
332352,0,30,0,0,0,1,14,5,0,0,0,17,200,1,28,0,0,0,0,200,200
332352,1,30,0,0,0,1,14,5,0,0,0,17,200,1,9,0,200,200,200,200,200
332353,0,30,0,0,0,1,10,5,0,0,0,200,200,1,19,0,0,0,0,200,200
332353,0,30,0,0,0,1,10,5,0,0,0,200,200,0,57,200,0,0,0,200,200
332355,0,30,0,0,0,1,7,5,0,0,0,200,200,0,57,200,0,0,0,200,200
332355,1,30,0,0,0,1,7,5,0,0,0,200,200,1,200,1,200,200,200,200,200
332355,1,30,0,0,0,1,7,5,0,0,0,200,200,0,200,1,200,200,200,200,200
332356,0,30,1,2,0,1,10,6,0,0,0,18,18,1,56,200,3,0,0,200,200
332356,0,30,1,2,0,1,10,6,0,0,0,18,18,0,54,200,3,0,0,200,200
332356,0,30,1,2,0,1,10,6,0,0,0,18,18,0,54,200,0,0,0,200,200
332356,1,30,1,2,0,1,10,6,0,0,0,18,18,1,26,200,200,200,200,200,200
332356,1,30,1,2,0,1,10,6,0,0,0,18,18,1,200,200,200,200,200,200,200
332357,0,30,1,2,2,1,10,5,0,0,0,18,200,0,200,200,3,200,200,200,200
332357,0,30,1,2,2,1,10,5,0,0,0,18,200,1,33,0,0,0,0,200,200
332359,0,30,0,0,0,1,10,3,0,0,0,18,200,1,27,0,3,0,0,200,200
332359,0,30,0,0,0,1,10,3,0,0,0,18,200,1,44,0,0,0,0,200,200
332359,0,30,0,0,0,1,10,3,0,0,0,18,200,0,47,0,0,0,0,200,200
332361,0,25,0,0,0,1,7,6,0,0,0,0,0,2,200,200,200,200,200,200,200
332363,0,30,1,2,0,1,10,3,0,0,0,12,200,1,27,0,12,0,0,200,200
332363,0,30,1,2,0,1,10,3,0,0,0,12,200,1,25,0,0,0,0,200,200
332363,1,30,1,2,0,1,10,3,0,0,0,12,200,0,200,5,200,200,200,200,200
332363,1,30,1,2,0,1,10,3,0,0,0,12,200,1,200,0,200,200,200,200,200
332365,0,30,0,0,0,1,2,0,0,0,0,0,0,2,200,200,200,200,200,200,200
332366,4,30,1,2,0,1,8,5,0,0,200,0,0,0,200,7,200,200,200,200,200
332366,0,30,1,2,0,1,8,5,0,0,200,0,0,0,28,0,0,0,0,200,200
332366,1,30,1,2,0,1,8,5,0,0,200,0,0,1,25,0,200,200,200,200,200
332373,0,30,0,0,0,1,10,5,0,0,0,0,200,1,200,0,3,0,0,200,200
332373,0,30,0,0,0,1,10,5,0,0,0,0,200,0,43,7,0,0,0,200,200
332379,0,30,0,0,0,1,0,7,0,0,0,16,33,1,44,0,1,5,0,200,200
332379,0,30,0,0,0,1,0,7,0,0,0,16,33,1,26,0,1,5,0,200,200
332379,1,30,0,0,0,1,0,7,0,0,0,16,33,1,200,0,200,200,200,200,200
332381,0,30,0,0,0,1,10,6,0,0,200,14,14,2,200,200,2,200,200,200,200
332381,0,30,0,0,0,1,10,6,0,0,200,14,14,0,40,0,0,200,0,200,200
332389,0,30,0,200,0,0,2,2,0,0,200,0,0,1,69,0,200,200,200,200,200
332395,0,30,1,2,0,1,10,5,0,0,0,18,200,1,37,200,3,200,200,200,200
332395,0,30,1,2,0,1,10,5,0,0,0,18,200,1,47,0,0,0,0,200,200
332396,4,30,0,0,0,1,8,5,0,0,1,29,200,0,48,2,200,0,0,200,200
332396,0,30,0,0,0,1,8,5,0,0,1,29,200,1,57,0,0,0,0,200,200
332397,0,30,0,0,0,1,11,6,0,0,0,200,200,0,200,0,6,0,0,200,200
332397,0,30,0,0,0,1,11,6,0,0,0,200,200,1,32,0,0,0,0,200,200
332397,1,30,0,0,0,1,11,6,0,0,0,200,200,0,200,0,200,200,200,200,200
332398,0,30,0,0,0,1,7,5,0,0,0,0,200,2,200,200,200,200,200,200,200
332399,0,30,0,0,0,1,7,5,0,0,0,200,200,0,47,0,14,0,0,200,200
332400,0,30,0,0,0,1,7,5,0,0,0,11,0,2,200,200,200,200,200,200,200
332401,0,25,0,0,0,1,7,6,0,0,1,0,0,2,200,200,200,200,200,200,200
332403,0,10,0,0,0,1,11,7,0,0,0,0,0,1,63,0,0,0,0,200,200
332403,0,10,0,0,0,1,11,7,0,0,0,0,0,0,70,200,0,0,0,200,200