RD_NO,PERSON_TYPE,POSTED_SPEED_LIMIT,TRAFFIC_CONTROL_DEVICE,DEVICE_CONDITION,WEATHER_CONDITION,LIGHTING_CONDITION,FIRST_CRASH_TYPE,TRAFFICWAY_TYPE,ALIGNMENT,ROADWAY_SURFACE_COND,ROAD_DEFECT,PRIM_CONTRIBUTORY_CAUSE,SEC_CONTRIBUTORY_CAUSE,SEX,AGE,SAFETY_EQUIPMENT,DRIVER_ACTION,DRIVER_VISION,PHYSICAL_CONDITION,BAC_RESULT VALUE,CELL_PHONE_USE
332405,0,25,1,2,0,1,10,6,0,0,200,16,0,1,23,200,3,200,200,200,200
332405,0,25,1,2,0,1,10,6,0,0,200,16,0,0,37,0,0,0,0,200,200
332405,1,25,1,2,0,1,10,6,0,0,200,16,0,2,200,200,200,200,200,200,200
332405,1,25,1,2,0,1,10,6,0,0,200,16,0,2,200,200,200,200,200,200,200
332405,1,25,1,2,0,1,10,6,0,0,200,16,0,2,200,200,200,200,200,200,200
332408,0,30,0,0,0,1,12,2,0,0,0,17,200,1,56,200,1,200,200,200,200
332408,0,30,0,0,0,1,12,2,0,0,0,17,200,1,74,0,0,0,0,200,200
332410,0,35,0,0,0,1,0,5,0,0,200,0,200,0,200,0,200,200,0,200,200
332410,0,35,0,0,0,1,0,5,0,0,200,0,200,0,200,0,0,0,0,200,200
332412,0,25,0,0,0,1,14,5,0,0,0,17,200,0,60,200,1,200,200,200,200
332412,0,25,0,0,0,1,14,5,0,0,0,17,200,1,31,200,0,200,0,200,200
332412,1,25,0,0,0,1,14,5,0,0,0,17,200,1,41,200,200,200,200,200,200
332412,1,25,0,0,0,1,14,5,0,0,0,17,200,1,30,200,200,200,200,200,200
332412,1,25,0,0,0,1,14,5,0,0,0,17,200,1,8,200,200,200,200,200,200
332412,1,25,0,0,0,1,14,5,0,0,0,17,200,0,8,200,200,200,200,200,200
332414,0,30,0,0,0,1,7,5,0,0,0,27,200,1,0,200,12,200,4,200,200
332416,0,30,0,0,0,1,0,12,0,0,0,17,17,0,60,200,1,200,0,200,200
332416,0,30,0,0,0,1,0,12,0,0,0,17,17,1,200,200,200,200,200,200,200
332419,0,30,0,0,0,1,7,7,0,0,0,0,200,1,16,200,10,200,200,200,200
332420,0,45,0,3,0,1,10,3,0,0,0,18,11,0,23,200,3,0,0,200,200
332420,0,45,0,3,0,1,10,3,0,0,0,18,11,0,47,200,0,0,0,200,200
332421,0,30,0,0,0,1,12,5,0,0,0,0,0,0,45,200,200,200,200,200,200
332421,0,30,0,0,0,1,12,5,0,0,0,0,0,0,30,0,0,0,0,200,200
332423,0,15,0,0,0,3,7,2,0,0,0,0,200,0,30,0,0,0,200,200,200
332423,1,15,0,0,0,3,7,2,0,0,0,0,200,1,200,200,200,200,200,200,200
332433,0,30,0,0,0,1,7,2,0,0,0,23,21,2,200,200,2,200,200,200,200
332434,0,15,0,0,0,1,0,7,0,0,0,0,200,0,66,200,200,200,200,200,200
332434,0,15,0,0,0,1,0,7,0,0,0,0,200,0,42,0,200,0,0,200,200
332439,0,30,1,2,0,1,0,2,0,0,0,6,0,0,46,200,0,200,0,200,200
332439,0,30,1,2,0,1,0,2,0,0,0,6,0,0,55,200,5,200,0,200,200
332451,0,30,2,2,0,1,12,5,0,0,0,23,22,2,200,200,7,200,200,200,200
332451,0,30,2,2,0,1,12,5,0,0,0,23,22,1,36,0,0,200,0,200,200
332456,0,10,0,0,0,1,0,7,0,0,0,0,11,0,200,200,6,200,200,200,200
332456,0,10,0,0,0,1,0,7,0,0,0,0,11,1,0,200,0,0,0,200,200
332463,0,30,0,0,0,3,7,5,0,0,0,0,200,0,200,200,200,200,200,200,200
332465,0,35,1,2,0,1,10,5,0,0,0,18,0,1,22,200,3,0,0,200,200
332465,0,35,1,2,0,1,10,5,0,0,0,18,0,0,36,0,0,0,0,200,200
332466,0,30,0,0,0,2,7,5,0,0,0,16,200,2,200,200,200,200,200,200,200
332473,0,30,1,200,0,1,10,2,0,0,0,7,200,0,50,200,12,0,0,200,200
332473,0,30,1,200,0,1,10,2,0,0,0,7,200,0,17,200,12,0,0,200,200
332474,0,30,1,2,0,1,9,2,0,0,0,6,17,0,76,200,200,200,0,200,200
332474,5,30,1,2,0,1,9,2,0,0,0,6,17,1,21,200,200,200,7,200,200
332478,0,30,2,2,0,1,0,2,0,0,0,17,200,1,57,0,1,0,0,200,200
332478,0,30,2,2,0,1,0,2,0,0,0,17,200,0,37,0,0,0,0,200,200
332478,1,30,2,2,0,1,0,2,0,0,0,17,200,1,8,0,200,200,200,200,200
332478,1,30,2,2,0,1,0,2,0,0,0,17,200,0,12,0,200,200,200,200,200
332483,0,15,2,2,0,1,10,6,0,0,0,18,0,0,23,0,3,0,0,200,200
332483,0,15,2,2,0,1,10,6,0,0,0,18,0,1,44,0,0,0,0,200,200
332486,0,30,0,0,0,1,12,5,0,0,0,0,0,0,44,0,0,0,0,200,200
332486,0,30,0,0,0,1,12,5,0,0,0,0,0,0,32,0,0,0,0,200,200
332487,0,30,0,0,0,1,12,5,0,0,0,17,25,1,200,200,200,200,0,200,200
332487,0,30,0,0,0,1,12,5,0,0,0,17,25,0,52,200,200,200,0,200,200
332488,0,30,0,0,0,1,7,5,0,0,0,16,0,2,200,200,200,200,200,200,200
332495,0,30,2,200,0,1,14,5,0,0,0,0,0,1,68,200,200,0,0,200,200
332495,0,30,2,200,0,1,14,5,0,0,0,0,0,0,25,200,200,0,0,200,200
332501,0,35,0,0,0,1,0,7,0,0,200,20,200,0,66,200,6,0,0,200,200
332501,0,35,0,0,0,1,0,7,0,0,200,20,200,0,47,200,8,200,200,200,200
332502,0,30,1,2,0,1,14,2,0,0,0,17,200,1,24,0,7,200,200,200,200
332502,0,30,1,2,0,1,14,2,0,0,0,17,200,1,51,0,0,200,0,200,200
332517,0,30,0,0,0,1,7,6,0,0,0,0,200,2,200,200,200,200,200,200,200
332522,0,35,0,0,0,1,11,7,0,0,0,20,200,1,200,0,0,0,0,200,200
332522,0,35,0,0,0,1,11,7,0,0,0,20,200,1,25,0,6,0,0,200,200
332525,0,30,0,0,0,1,14,2,0,0,200,17,0,0,65,200,1,200,0,200,200
332525,0,30,0,0,0,1,14,2,0,0,200,17,0,1,18,200,0,200,0,200,200
332526,0,30,1,2,0,1,12,5,0,0,0,21,200,1,200,0,4,0,0,200,200
332526,0,30,1,2,0,1,12,5,0,0,0,21,200,0,200,200,200,200,0,200,200
332529,0,30,0,0,0,1,12,5,0,0,0,22,200,0,45,0,2,0,0,200,200
332529,0,30,0,0,0,1,12,5,0,0,0,22,200,1,28,0,0,0,0,200,200
332533,0,30,0,0,0,1,7,6,0,0,0,0,200,2,200,200,200,200,200,200,200
332534,0,15,0,0,0,0,2,0,0,0,0,0,0,2,200,200,200,200,200,200,200
332535,0,30,0,0,0,1,10,5,0,0,12,0,0,1,65,0,12,0,0,200,200
332535,0,30,0,0,0,1,10,5,0,0,12,0,0,0,35,0,0,0,0,200,200
332535,1,30,0,0,0,1,10,5,0,0,12,0,0,0,18,0,200,200,200,200,200
332535,1,30,0,0,0,1,10,5,0,0,12,0,0,0,8,0,200,200,200,200,200
332535,1,30,0,0,0,1,10,5,0,0,12,0,0,0,6,0,200,200,200,200,200
332535,1,30,0,0,0,1,10,5,0,0,12,0,0,0,6,0,200,200,200,200,200
332539,0,35,2,0,0,1,7,2,0,0,0,16,200,0,200,200,1,200,200,200,200
332541,0,30,1,2,0,1,14,3,0,0,0,17,0,0,43,0,12,12,0,200,200
332541,0,30,1,2,0,1,14,3,0,0,0,17,0,0,18,0,0,0,0,200,200
332541,1,30,1,2,0,1,14,3,0,0,0,17,0,1,41,0,200,200,200,200,200
332541,1,30,1,2,0,1,14,3,0,0,0,17,0,1,11,0,200,200,200,200,200
332541,1,30,1,2,0,1,14,3,0,0,0,17,0,1,14,0,200,200,200,200,200
332543,0,55,0,0,0,1,12,6,0,0,200,23,14,0,23,200,8,200,200,200,200
332543,0,55,0,0,0,1,12,6,0,0,200,23,14,1,27,0,0,0,0,200,200
332544,0,30,0,0,0,1,10,2,0,0,0,32,32,0,28,0,12,0,5,200,200
332544,0,30,0,0,0,1,10,2,0,0,0,32,32,0,51,0,0,0,0,200,200
332547,0,15,0,200,0,1,7,7,0,0,200,11,0,0,18,200,200,200,200,200,200
332547,1,15,0,200,0,1,7,7,0,0,200,11,0,0,23,200,200,200,200,200,200
332548,0,30,2,0,0,1,0,5,0,0,200,0,0,2,200,200,200,200,200,200,200
332548,0,30,2,0,0,1,0,5,0,0,200,0,0,1,29,200,0,200,0,200,200
332548,1,30,2,0,0,1,0,5,0,0,200,0,0,0,26,200,200,200,200,200,200
332551,0,30,2,2,0,1,12,2,0,0,0,17,200,1,29,0,1,0,0,200,200
332551,0,30,2,2,0,1,12,2,0,0,0,17,200,0,68,0,0,0,0,200,200
332557,0,15,0,0,0,1,12,7,0,0,200,22,0,0,200,200,2,200,200,200,200
332557,0,15,0,0,0,1,12,7,0,0,200,22,0,1,55,0,0,200,0,200,200
332557,1,15,0,0,0,1,12,7,0,0,200,22,0,0,200,200,200,200,200,200,200
332557,1,15,0,0,0,1,12,7,0,0,200,22,0,0,200,200,200,200,200,200,200
332560,5,30,1,200,0,1,9,1,0,0,0,0,0,0,53,200,200,200,0,200,200
332560,0,30,1,200,0,1,9,1,0,0,0,0,0,0,200,200,200,200,200,200,200
332561,0,30,0,0,0,3,7,5,0,0,0,0,0,2,200,200,200,200,200,200,200
332565,0,35,12,0,0,1,0,5,0,0,0,0,200,1,200,0,200,200,0,200,200
332565,0,35,12,0,0,1,0,5,0,0,0,0,200,1,200,0,0,200,0,200,200
332570,0,30,0,0,0,1,10,5,0,0,0,0,0,0,21,200,1,0,0,200,200
332570,0,30,0,0,0,1,10,5,0,0,0,0,0,1,71,7,0,0,0,200,200
332573,0,0,1,2,0,1,12,6,0,0,0,0,0,0,52,200,200,200,0,200,200
332573,0,0,1,2,0,1,12,6,0,0,0,0,0,0,24,200,0,0,0,200,200
332575,0,35,0,2,0,1,7,6,0,0,0,10,14,0,200,200,9,200,200,200,200
332576,3,30,1,2,0,1,1,5,0,0,200,1,200,200,200,200,200,200,200,200,200
332576,0,30,1,2,0,1,1,5,0,0,200,1,200,0,61,0,12,200,0,200,200
332579,0,30,1,2,0,1,10,5,0,200,200,0,0,0,28,200,200,200,200,200,200
332579,0,30,1,2,0,1,10,5,0,200,200,0,0,0,32,0,0,0,200,200,200
332586,0,25,0,0,0,1,12,5,0,0,0,17,21,0,53,200,1,0,0,200,200
332586,0,25,0,0,0,1,12,5,0,0,0,17,21,1,55,200,0,0,0,200,200
332596,0,30,2,2,0,1,14,5,0,0,12,17,200,0,48,0,1,200,0,200,200
332596,0,30,2,2,0,1,14,5,0,0,12,17,200,1,36,0,0,0,0,200,200
332600,0,30,0,0,0,1,0,5,0,0,0,20,16,0,48,200,6,0,0,200,200
332600,0,30,0,0,0,1,0,5,0,0,0,20,16,0,25,200,1,0,0,200,200
332604,0,35,0,0,0,1,12,5,0,0,0,22,200,0,27,0,4,0,0,200,200
332604,0,35,0,0,0,1,12,5,0,0,0,22,200,1,68,0,0,0,0,200,200
332604,1,35,0,0,0,1,12,5,0,0,0,22,200,1,83,0,200,200,200,200,200
332610,0,30,0,0,0,1,7,5,0,0,0,0,0,0,200,200,200,200,200,200,200
332615,0,30,1,2,0,4,10,2,0,0,0,11,11,0,200,200,200,200,200,200,200
332615,0,30,1,2,0,4,10,2,0,0,0,11,11,1,30,0,0,0,0,200,200
332615,1,30,1,2,0,4,10,2,0,0,0,11,11,1,29,0,200,200,200,200,200
332623,0,10,0,0,0,1,2,0,0,0,200,0,0,0,41,200,200,200,5,200,200
332623,1,10,0,0,0,1,2,0,0,0,200,0,0,0,52,200,200,200,200,200,200
332631,0,30,1,200,0,1,14,2,0,0,200,0,0,1,200,200,200,200,200,200,200
332631,0,30,1,200,0,1,14,2,0,0,200,0,0,0,26,200,200,200,0,200,200
332632,0,20,0,0,0,3,0,7,0,0,0,17,0,0,200,200,1,200,200,200,200
332632,0,20,0,0,0,3,0,7,0,0,0,17,0,0,59,0,0,0,0,200,200
332642,0,30,1,2,0,1,14,5,0,0,0,23,200,1,45,200,7,0,0,200,200
332642,0,30,1,2,0,1,14,5,0,0,0,23,200,1,64,200,0,0,0,200,200
332648,0,30,1,2,0,1,10,6,0,0,0,16,18,1,200,200,8,200,200,200,200
332648,0,30,1,2,0,1,10,6,0,0,0,16,18,0,200,0,0,200,0,200,200
332648,0,30,1,2,0,1,10,6,0,0,0,16,18,0,200,0,0,200,0,200,200
332661,0,30,0,0,0,1,7,7,0,0,0,0,0,2,200,200,200,200,200,200,200
332666,0,30,1,2,0,1,0,2,0,0,0,6,11,0,200,200,5,200,200,200,200
332666,0,30,1,2,0,1,0,2,0,0,0,6,11,0,19,0,0,0,0,200,200
332671,0,25,0,0,0,0,5,5,0,0,1,200,200,1,62,200,0,0,0,200,200
332679,0,30,0,0,0,4,10,5,0,200,200,18,200,1,29,200,200,200,0,200,200
332679,0,30,0,0,0,4,10,5,0,200,200,18,200,1,25,200,200,0,0,200,200
332689,0,30,0,0,0,4,14,5,0,0,0,23,11,0,57,0,7,0,0,200,200
332689,0,30,0,0,0,4,14,5,0,0,0,23,11,0,40,0,0,0,0,200,200
332692,0,30,2,2,0,1,14,5,0,0,0,5,16,1,45,200,200,200,7,200,200
332692,0,30,2,2,0,1,14,5,0,0,0,5,16,1,27,200,0,0,0,200,200
332698,0,30,0,0,0,1,14,5,0,0,0,17,200,0,67,0,1,200,0,200,200
332698,0,30,0,0,0,1,14,5,0,0,0,17,200,0,33,0,0,200,0,200,200
332703,0,35,1,2,0,1,8,6,2,0,0,21,0,2,200,200,7,200,200,200,200
332703,4,35,1,2,0,1,8,6,2,0,0,21,0,0,17,7,0,0,0,200,200
332713,0,30,1,2,0,1,0,5,0,0,200,6,200,1,36,0,200,200,200,200,200
332713,0,30,1,2,0,1,0,5,0,0,200,6,200,0,22,0,0,0,0,200,200
332713,1,30,1,2,0,1,0,5,0,0,200,6,200,200,200,0,200,200,200,200,200
332713,1,30,1,2,0,1,0,5,0,0,200,6,200,200,200,0,200,200,200,200,200
332713,1,30,1,2,0,1,0,5,0,0,200,6,200,200,200,0,200,200,200,200,200
332723,0,25,1,2,0,1,14,5,0,0,0,11,17,0,45,0,12,0,0,200,200
332723,0,25,1,2,0,1,14,5,0,0,0,11,17,0,36,200,1,200,200,200,200
332724,0,30,1,2,0,3,0,2,0,0,0,3,17,0,0,0,5,0,0,200,200
332724,0,30,1,2,0,3,0,2,0,0,0,3,17,1,27,0,0,0,0,200,200
332728,0,30,0,0,0,1,10,5,0,0,0,18,7,0,27,200,3,0,0,200,200
332728,0,30,0,0,0,1,10,5,0,0,0,18,7,0,41,0,0,0,0,200,200
332748,0,25,2,12,0,4,10,5,0,0,0,18,200,1,22,0,3,200,0,200,200
332748,0,25,2,12,0,4,10,5,0,0,0,18,200,1,65,0,0,200,0,200,200
332753,0,30,0,0,0,1,7,6,0,0,0,21,0,2,200,200,2,200,200,200,200
332756,0,30,0,0,0,4,11,5,0,200,200,0,200,0,200,200,200,200,200,200,200
332756,0,30,0,0,0,4,11,5,0,200,200,0,200,0,30,200,200,200,200,200,200
332758,0,30,200,200,0,3,7,2,0,0,200,0,200,2,200,200,200,200,200,200,200
332760,0,15,0,0,0,1,7,0,0,0,0,12,16,0,22,200,12,0,0,200,200
332761,0,30,0,0,0,4,12,5,0,0,0,22,17,0,70,0,2,0,200,200,200
332761,0,30,0,0,0,4,12,5,0,0,0,22,17,0,63,0,0,0,0,200,200
332761,1,30,0,0,0,4,12,5,0,0,0,22,17,0,81,0,200,200,200,200,200
332768,0,30,1,2,0,3,8,3,0,0,0,6,200,0,36,200,5,0,0,200,200
332768,4,30,1,2,0,3,8,3,0,0,0,6,200,1,27,2,0,200,0,200,200
332770,0,30,0,0,0,3,14,2,0,0,0,33,33,1,41,200,200,0,0,200,200
332770,0,30,0,0,0,3,14,2,0,0,0,33,33,0,34,200,200,5,0,200,200
332776,0,30,1,200,0,3,14,5,0,0,0,0,0,1,200,200,5,200,200,200,200
332776,0,30,1,200,0,3,14,5,0,0,0,0,0,0,60,0,0,0,0,200,200
332776,1,30,1,200,0,3,14,5,0,0,0,0,0,1,32,0,200,200,200,200,200
332776,1,30,1,200,0,3,14,5,0,0,0,0,0,1,8,0,200,200,200,200,200
332785,0,35,0,0,0,200,7,2,0,0,0,200,200,2,200,200,200,200,200,200,200
332815,0,30,0,0,0,0,10,3,0,0,0,18,18,1,46,0,3,0,0,200,200
332815,0,30,0,0,0,0,10,3,0,0,0,18,18,0,23,200,12,0,0,200,200
332818,0,30,1,2,0,3,10,5,0,0,200,18,0,0,38,0,3,200,200,200,200
332818,0,30,1,2,0,3,10,5,0,0,200,18,0,1,22,200,0,200,200,200,200
332818,0,30,1,2,0,3,10,5,0,0,200,18,0,0,200,200,0,200,200,200,200
332818,1,30,1,2,0,3,10,5,0,0,200,18,0,1,200,200,200,200,200,200,200
332818,1,30,1,2,0,3,10,5,0,0,200,18,0,0,200,200,200,200,200,200,200
332823,0,30,0,0,0,1,14,5,0,0,0,0,0,1,30,0,200,200,200,200,200
332823,0,30,0,0,0,1,14,5,0,0,0,0,0,0,21,0,0,0,0,200,200
332831,0,30,0,0,0,1,14,5,0,0,200,11,0,0,200,200,200,200,200,200,200
332831,0,30,0,0,0,1,14,5,0,0,200,11,0,0,70,0,0,0,0,200,200
332836,0,30,0,200,0,200,7,6,0,200,200,0,200,2,200,200,200,200,200,200,200
332839,0,30,1,2,0,3,9,5,0,0,0,6,200,2,200,200,5,200,200,200,200
332839,5,30,1,2,0,3,9,5,0,0,0,6,200,0,53,200,0,200,0,200,200
332840,0,30,1,2,0,3,9,5,0,0,0,17,0,0,72,200,1,200,200,200,200
332840,5,30,1,2,0,3,9,5,0,0,0,17,0,1,72,7,0,0,0,200,200
332843,0,30,0,0,0,3,14,5,0,0,200,22,200,1,56,0,7,200,0,200,200
332843,0,30,0,0,0,3,14,5,0,0,200,22,200,0,61,0,12,200,0,200,200
332844,0,30,0,0,0,3,12,5,0,0,200,21,22,1,58,200,4,0,0,200,200
332844,0,30,0,0,0,3,12,5,0,0,200,21,22,1,23,200,12,0,0,200,200
332856,0,35,1,2,0,3,12,5,0,0,0,21,200,0,16,0,2,0,0,200,200
332856,0,35,1,2,0,3,12,5,0,0,0,21,200,1,24,0,0,0,0,200,200
332856,1,35,1,2,0,3,12,5,0,0,0,21,200,0,51,0,200,200,200,200,200
332859,0,25,0,0,200,3,7,6,0,200,200,0,0,2,200,200,200,200,200,200,200
332866,0,35,1,2,0,0,14,2,0,0,0,23,11,0,200,200,7,200,200,200,200
332866,0,35,1,2,0,0,14,2,0,0,0,23,11,1,40,0,0,0,0,200,200
332866,1,35,1,2,0,0,14,2,0,0,0,23,11,1,200,200,200,200,200,200,200
332866,1,35,1,2,0,0,14,2,0,0,0,23,11,1,200,200,200,200,200,200,200
332868,0,30,1,2,0,3,0,3,0,0,0,6,32,0,65,200,5,0,5,200,200
332868,0,30,1,2,0,3,0,3,0,0,0,6,32,0,47,0,0,0,0,200,200
332872,0,20,2,2,0,3,0,5,0,0,0,0,200,2,200,200,200,200,200,200,200
332872,0,20,2,2,0,3,0,5,0,0,0,0,200,1,31,7,0,0,0,200,200
332873,0,30,1,2,0,3,14,1,0,0,0,0,0,1,55,200,200,0,0,200,200
332873,0,30,1,2,0,3,14,1,0,0,0,0,0,0,85,200,0,0,0,200,200
332875,0,30,1,200,0,3,14,2,0,200,200,18,200,0,29,200,3,200,0,200,200
332875,0,30,1,200,0,3,14,2,0,200,200,18,200,0,19,200,12,200,0,200,200
332875,1,30,1,200,0,3,14,2,0,200,200,18,200,1,29,200,200,200,200,200,200
332875,1,30,1,200,0,3,14,2,0,200,200,18,200,0,34,200,200,200,200,200,200
332875,1,30,1,200,0,3,14,2,0,200,200,18,200,2,20,200,200,200,200,200,200
332875,1,30,1,200,0,3,14,2,0,200,200,18,200,1,4,200,200,200,200,200,200
332875,1,30,1,200,0,3,14,2,0,200,200,18,200,0,12,200,200,200,200,200,200
332875,1,30,1,200,0,3,14,2,0,200,200,18,200,0,10,200,200,200,200,200,200
332880,0,25,0,0,0,3,12,6,0,0,0,0,0,0,62,0,4,0,0,200,200
332880,0,25,0,0,0,3,12,6,0,0,0,0,0,0,68,0,0,0,0,200,200
332883,0,5,0,0,0,3,0,7,0,0,0,0,200,0,19,0,6,200,0,200,200
332883,0,5,0,0,0,3,0,7,0,0,0,0,200,0,25,0,6,200,0,200,200
332891,0,20,0,0,0,3,12,6,0,0,200,17,16,0,51,200,1,200,5,0.05,200
332891,0,20,0,0,0,3,12,6,0,0,200,17,16,0,24,200,200,200,200,200,200
332891,1,20,0,0,0,3,12,6,0,0,200,17,16,0,200,200,200,200,200,200,200
332904,0,30,0,0,0,1,14,5,0,0,0,23,200,1,200,200,7,200,200,200,200
332904,0,30,0,0,0,1,14,5,0,0,0,23,200,1,17,0,0,200,0,200,200
332905,0,30,0,0,0,3,7,7,0,0,0,20,0,2,200,200,6,200,200,200,200
332907,0,30,1,2,0,4,10,5,0,0,0,18,16,0,45,200,3,0,200,200,200
332907,0,30,1,2,0,4,10,5,0,0,0,18,16,0,20,200,0,0,0,200,200
332907,1,30,1,2,0,4,10,5,0,0,0,18,16,0,49,200,200,200,200,200,200
332907,1,30,1,2,0,4,10,5,0,0,0,18,16,1,18,200,200,200,200,200,200
332920,0,30,1,2,0,3,14,5,0,0,0,17,0,1,25,200,1,0,0,200,200
332920,0,30,1,2,0,3,14,5,0,0,0,17,0,0,24,0,0,0,0,200,200
332920,1,30,1,2,0,3,14,5,0,0,0,17,0,1,29,0,200,200,200,200,200
332921,0,30,0,0,0,3,2,6,0,0,0,0,0,0,28,200,200,200,200,200,200
332921,1,30,0,0,0,3,2,6,0,0,0,0,0,200,200,200,200,200,200,200,200
332921,1,30,0,0,0,3,2,6,0,0,0,0,0,200,200,200,200,200,200,200,200
332929,0,30,1,2,0,3,0,5,0,0,0,0,200,1,24,0,200,0,0,200,200
332929,0,30,1,2,0,3,0,5,0,0,0,0,200,0,39,0,200,0,0,200,200
332947,0,30,1,2,0,3,0,2,0,0,200,0,200,0,50,200,1,200,0,200,200
332947,0,30,1,2,0,3,0,2,0,0,200,0,200,0,28,200,200,200,0,200,200
332950,0,15,0,0,0,3,7,7,0,0,0,20,20,0,19,200,6,200,0,200,200
332959,0,30,0,0,0,4,10,6,0,0,0,11,0,1,25,7,6,0,0,200,200
332959,0,30,0,0,0,4,10,6,0,0,0,11,0,1,31,0,0,0,0,200,200
332961,0,30,0,0,0,0,7,5,0,0,0,27,25,1,200,200,200,200,200,200,200
332966,0,30,0,0,0,0,12,5,0,0,0,21,11,1,13,200,1,200,200,200,200
332966,0,30,0,0,0,0,12,5,0,0,0,21,11,1,34,200,0,200,0,200,200
332971,0,30,0,0,0,3,7,5,0,0,0,7,200,0,32,0,0,0,0,200,200
332979,0,30,1,2,0,3,0,2,0,0,200,17,200,0,20,0,1,200,200,200,200
332979,0,30,1,2,0,3,0,2,0,0,200,17,200,0,27,0,12,200,0,200,200
332979,1,30,1,2,0,3,0,2,0,0,200,17,200,0,0,0,200,200,200,200,200
332991,0,30,0,0,0,1,9,5,0,0,0,25,0,2,200,200,200,200,200,200,200
332991,5,30,0,0,0,1,9,5,0,0,0,25,0,1,23,200,0,0,0,200,200
332991,1,30,0,0,0,1,9,5,0,0,0,25,0,0,200,200,200,200,200,200,200
333019,0,30,1,2,0,3,10,1,0,0,0,200,18,0,200,0,12,0,0,200,200
333019,0,30,1,2,0,3,10,1,0,0,0,200,18,1,20,200,0,0,0,200,200
333019,1,30,1,2,0,3,10,1,0,0,0,200,18,1,200,0,200,200,200,200,200
333039,0,30,1,2,0,3,0,5,0,0,0,7,200,0,70,0,15,200,0,200,1
333039,0,30,1,2,0,3,0,5,0,0,0,7,200,0,32,0,0,0,0,200,200
333039,1,30,1,2,0,3,0,5,0,0,0,7,200,1,27,0,200,200,200,200,200
333048,0,45,0,0,0,3,5,3,0,0,0,11,0,0,29,0,0,0,0,200,200
333048,1,45,0,0,0,3,5,3,0,0,0,11,0,1,31,0,200,200,200,200,200
333062,0,30,0,0,0,0,7,5,0,0,0,0,200,1,50,0,200,0,0,200,200
333080,0,25,0,0,0,2,7,6,0,0,200,0,21,1,45,200,9,200,0,200,200
333082,0,30,2,2,0,1,0,5,0,0,0,0,0,2,200,200,200,200,200,200,200
333082,0,30,2,2,0,1,0,5,0,0,0,0,0,0,53,0,0,0,0,200,200
333092,0,30,1,2,0,1,2,5,0,0,0,25,21,0,29,1,4,0,3,200,200
333099,0,25,0,0,0,1,0,6,0,0,0,17,200,1,37,200,1,0,0,200,200
333099,0,25,0,0,0,1,0,6,0,0,0,17,200,0,31,200,0,0,0,200,200
333113,0,20,0,0,0,0,12,5,0,0,0,0,0,0,30,200,200,200,200,200,200
333113,0,20,0,0,0,0,12,5,0,0,0,0,0,0,31,0,0,0,0,200,200
333115,0,35,0,0,0,1,12,5,0,0,0,18,18,0,40,200,1,200,200,200,200
333115,0,35,0,0,0,1,12,5,0,0,0,18,18,1,29,0,0,0,0,200,200
333120,0,30,1,2,0,1,10,2,0,0,0,18,0,0,55,0,3,0,0,200,200
333120,0,30,1,2,0,1,10,2,0,0,0,18,0,1,63,0,0,0,0,200,200
333120,1,30,1,2,0,1,10,2,0,0,0,18,0,0,200,0,200,200,200,200,200
333124,0,30,0,0,0,1,14,5,0,0,0,0,0,1,24,0,1,1,0,200,200
333124,0,30,0,0,0,1,14,5,0,0,0,0,0,0,0,0,0,0,0,200,200
333128,0,35,0,0,0,1,12,5,0,0,0,0,0,1,46,0,0,0,0,200,200
333128,0,35,0,0,0,1,12,5,0,0,0,0,0,0,200,200,200,200,200,200,200
333129,0,35,1,2,0,1,0,2,0,0,0,6,7,0,28,200,5,0,0,200,200
333129,0,35,1,2,0,1,0,2,0,0,0,6,7,0,56,0,0,0,0,200,200
333129,1,35,1,2,0,1,0,2,0,0,0,6,7,0,200,5,200,200,200,200,200
333129,1,35,1,2,0,1,0,2,0,0,0,6,7,0,200,5,200,200,200,200,200
333129,1,35,1,2,0,1,0,2,0,0,0,6,7,1,25,200,200,200,200,200,200
333129,1,35,1,2,0,1,0,2,0,0,0,6,7,1,50,0,200,200,200,200,200
333129,1,35,1,2,0,1,0,2,0,0,0,6,7,1,78,200,200,200,200,200,200
333131,0,35,1,2,0,1,12,6,0,0,0,23,21,0,44,0,7,0,0,200,200
333131,0,35,1,2,0,1,12,6,0,0,0,23,21,0,55,0,0,0,0,200,200
333137,0,30,0,12,0,1,12,3,0,0,12,28,200,0,63,0,12,200,0,200,200
333137,0,30,0,12,0,1,12,3,0,0,12,28,200,1,28,0,0,0,0,200,200
333137,1,30,0,12,0,1,12,3,0,0,12,28,200,0,39,0,200,200,200,200,200
333141,0,30,0,0,0,1,10,5,0,0,0,14,16,1,33,0,2,12,0,200,200
333141,0,30,0,0,0,1,10,5,0,0,0,14,16,0,41,0,0,0,0,200,200
333146,0,30,0,0,0,1,12,5,0,0,0,17,200,0,25,0,1,6,0,200,200
333146,0,30,0,0,0,1,12,5,0,0,0,17,200,0,66,0,0,0,0,200,200
333148,0,30,0,0,0,3,7,6,0,0,0,0,0,2,200,200,200,200,200,200,200
333150,0,30,0,0,0,1,0,5,0,0,0,16,14,2,200,200,1,200,200,200,200
333150,0,30,0,0,0,1,0,5,0,0,0,16,14,1,26,7,0,0,0,200,200