RD_NO,PERSON_TYPE,POSTED_SPEED_LIMIT,TRAFFIC_CONTROL_DEVICE,DEVICE_CONDITION,WEATHER_CONDITION,LIGHTING_CONDITION,FIRST_CRASH_TYPE,TRAFFICWAY_TYPE,ALIGNMENT,ROADWAY_SURFACE_COND,ROAD_DEFECT,PRIM_CONTRIBUTORY_CAUSE,SEC_CONTRIBUTORY_CAUSE,SEX,AGE,SAFETY_EQUIPMENT,DRIVER_ACTION,DRIVER_VISION,PHYSICAL_CONDITION,BAC_RESULT VALUE,CELL_PHONE_USE
334039,1,30,0,0,0,1,0,5,0,0,0,17,0,0,14,200,200,200,200,200,200
334039,1,30,0,0,0,1,0,5,0,0,0,17,0,0,12,200,200,200,200,200,200
334040,0,30,0,0,200,200,7,5,0,200,3,0,200,2,200,200,200,200,200,200,200
334047,0,45,0,0,0,1,10,3,5,0,0,0,0,0,35,0,3,0,0,200,200
334047,0,45,0,0,0,1,10,3,5,0,0,0,0,1,200,0,0,0,0,200,200
334047,0,45,0,0,0,1,10,3,5,0,0,0,0,0,21,0,0,0,0,200,200
334051,0,25,0,0,1,1,7,6,0,200,0,0,200,0,200,200,200,200,200,200,200
334051,1,25,0,0,1,1,7,6,0,200,0,0,200,0,200,200,200,200,200,200,200
334053,0,30,0,0,0,1,2,12,0,0,1,200,200,1,0,0,0,0,0,200,200
334054,0,30,1,2,0,1,12,5,0,0,0,17,0,0,20,0,1,0,0,200,200
334054,0,30,1,2,0,1,12,5,0,0,0,17,0,0,58,0,0,0,0,200,200
334055,0,30,0,0,0,200,7,7,0,0,0,0,200,2,200,200,200,200,200,200,200
334057,0,30,0,0,0,1,10,5,0,0,0,18,200,0,20,200,3,0,0,200,200
334057,0,30,0,0,0,1,10,5,0,0,0,18,200,1,51,0,0,0,0,200,200
334060,0,0,0,0,0,1,7,6,0,0,0,20,200,0,200,200,6,200,200,200,200
334062,0,30,0,0,0,1,10,2,0,0,0,16,200,1,51,0,8,0,0,200,200
334062,0,30,0,0,0,1,10,2,0,0,0,16,200,0,20,0,12,0,0,200,200
334062,1,30,0,0,0,1,10,2,0,0,0,16,200,1,28,0,200,200,200,200,200
334062,1,30,0,0,0,1,10,2,0,0,0,16,200,1,5,0,200,200,200,200,200
334065,0,30,1,2,0,1,10,2,0,0,0,18,0,0,32,200,1,200,0,200,200
334065,0,30,1,2,0,1,10,2,0,0,0,18,0,1,39,200,0,200,0,200,200
334066,0,30,1,2,0,1,10,2,0,0,0,18,0,0,200,200,3,200,200,200,200
334066,0,30,1,2,0,1,10,2,0,0,0,18,0,1,81,0,0,0,0,200,200
334067,0,30,0,0,0,1,14,5,0,0,200,17,200,0,17,0,1,0,0,200,200
334067,0,30,0,0,0,1,14,5,0,0,200,17,200,0,46,0,0,0,0,200,200
334069,0,25,0,0,0,1,14,3,0,0,0,10,17,0,30,0,9,0,0,200,200
334069,0,25,0,0,0,1,14,3,0,0,0,10,17,0,53,0,0,0,0,200,200
334069,1,25,0,0,0,1,14,3,0,0,0,10,17,0,28,0,200,200,200,200,200
334069,1,25,0,0,0,1,14,3,0,0,0,10,17,0,41,0,200,200,200,200,200
334072,0,30,0,0,0,1,7,2,0,0,0,22,200,0,30,200,12,0,0,200,200
334076,0,30,2,2,0,1,0,2,0,0,0,16,17,0,30,0,8,0,0,200,200
334076,0,30,2,2,0,1,0,2,0,0,0,16,17,1,70,0,0,0,0,200,200
334079,0,30,1,200,0,1,10,2,0,0,3,16,200,1,34,200,1,200,0,200,200
334079,0,30,1,200,0,1,10,2,0,0,3,16,200,0,64,200,0,200,0,200,200
334080,0,35,0,0,0,1,12,5,0,0,0,21,0,2,200,200,4,200,200,200,200
334080,0,35,0,0,0,1,12,5,0,0,0,21,0,1,31,0,0,0,0,200,200
334087,0,30,0,2,0,1,12,5,0,0,0,11,200,0,49,0,12,0,0,200,200
334087,0,30,0,2,0,1,12,5,0,0,0,11,200,1,50,0,0,0,0,200,200
334090,0,30,1,2,0,1,10,5,0,0,0,0,0,2,200,200,1,200,200,200,200
334090,0,30,1,2,0,1,10,5,0,0,0,0,0,1,37,0,0,0,0,200,200
334093,0,25,0,0,0,1,10,2,0,0,0,0,0,0,22,0,1,0,0,200,200
334093,0,25,0,0,0,1,10,2,0,0,0,0,0,0,66,0,0,0,0,200,200
334095,0,30,0,0,0,1,10,5,0,0,0,18,22,0,32,200,7,0,0,200,200
334095,0,30,0,0,0,1,10,5,0,0,0,18,22,1,45,200,0,0,0,200,200
334095,0,30,0,0,0,1,10,5,0,0,0,18,22,2,200,200,3,200,200,200,200
334095,1,30,0,0,0,1,10,5,0,0,0,18,22,0,200,200,200,200,200,200,200
334097,0,30,1,2,0,1,14,3,0,0,0,0,16,0,200,200,3,200,200,200,200
334097,0,30,1,2,0,1,14,3,0,0,0,0,16,1,20,0,0,0,0,200,200
334097,1,30,1,2,0,1,14,3,0,0,0,0,16,0,200,200,200,200,200,200,200
334097,1,30,1,2,0,1,14,3,0,0,0,0,16,0,200,200,200,200,200,200,200
334103,0,30,0,0,0,1,8,3,0,0,0,0,200,1,40,200,12,200,0,200,200
334103,4,30,0,0,0,1,8,3,0,0,0,0,200,0,30,3,0,0,0,200,200
334104,0,30,0,0,200,1,10,5,0,200,200,0,0,0,46,0,200,200,200,200,200
334104,0,30,0,0,200,1,10,5,0,200,200,0,0,1,22,0,0,200,200,200,200
334104,1,30,0,0,200,1,10,5,0,200,200,0,0,0,13,0,200,200,200,200,200
334107,0,30,1,2,0,1,14,5,2,0,0,17,16,1,62,0,1,0,0,200,200
334107,0,30,1,2,0,1,14,5,2,0,0,17,16,1,35,200,0,200,200,200,200
334107,1,30,1,2,0,1,14,5,2,0,0,17,16,0,65,0,200,200,200,200,200
334114,0,30,0,0,0,1,10,2,0,0,0,0,0,0,30,0,3,0,0,200,200
334114,0,30,0,0,0,1,10,2,0,0,0,0,0,0,53,0,0,0,0,200,200
334115,0,0,0,0,0,1,7,6,0,0,200,0,0,1,17,0,200,200,200,200,200
334120,0,40,0,0,0,1,10,3,0,0,0,0,200,0,55,0,0,0,0,200,200
334120,0,40,0,0,0,1,10,3,0,0,0,0,200,0,0,0,200,0,0,200,200
334121,0,30,0,200,0,2,10,5,0,0,0,25,11,1,38,0,0,0,0,200,200
334121,0,30,0,200,0,2,10,5,0,0,0,25,11,1,17,0,3,0,0,200,200
334121,0,30,0,200,0,2,10,5,0,0,0,25,11,1,19,0,0,0,0,200,200
334121,1,30,0,200,0,2,10,5,0,0,0,25,11,1,17,0,200,200,200,200,200
334127,0,0,1,2,0,1,10,5,0,0,0,0,0,1,25,200,200,200,0,200,200
334127,0,0,1,2,0,1,10,5,0,0,0,0,0,0,44,200,0,0,0,200,200
334129,0,30,1,2,0,1,11,5,0,0,0,20,0,0,200,200,6,200,200,200,200
334129,0,30,1,2,0,1,11,5,0,0,0,20,0,0,32,0,0,0,0,200,200
334129,1,30,1,2,0,1,11,5,0,0,0,20,0,0,200,200,200,200,200,200,200
334132,0,30,2,2,0,1,10,5,0,0,0,0,0,0,200,200,200,200,200,200,200
334132,0,30,2,2,0,1,10,5,0,0,0,0,0,0,50,0,0,0,0,200,200
334135,0,30,0,0,0,1,2,12,0,0,0,7,200,1,22,0,200,200,1,200,200
334136,0,30,2,200,0,1,0,2,0,0,0,5,0,0,70,200,5,200,0,200,200
334136,0,30,2,200,0,1,0,2,0,0,0,5,0,1,27,200,12,200,0,200,200
334142,0,10,0,0,0,1,7,7,0,0,0,0,200,2,200,200,200,200,200,200,200
334143,0,30,2,0,0,1,0,1,0,0,0,17,16,1,46,200,1,0,0,200,200
334143,0,30,2,0,0,1,0,1,0,0,0,17,16,1,31,200,200,0,0,200,200
334143,1,30,2,0,0,1,0,1,0,0,0,17,16,0,200,200,200,200,200,200,200
334143,1,30,2,0,0,1,0,1,0,0,0,17,16,0,1,200,200,200,200,200,200
334151,0,30,200,200,0,1,7,6,0,0,0,0,200,2,200,200,200,200,200,200,200
334153,0,30,0,0,0,1,10,2,0,0,0,18,11,0,18,0,3,0,0,200,200
334153,0,30,0,0,0,1,10,2,0,0,0,18,11,1,42,0,0,0,0,200,200
334153,1,30,0,0,0,1,10,2,0,0,0,18,11,0,50,0,200,200,200,200,200
334155,0,30,1,2,0,1,10,5,0,0,0,18,0,1,200,200,3,200,200,200,200
334155,0,30,1,2,0,1,10,5,0,0,0,18,0,1,30,0,0,0,0,200,200
334158,0,30,0,0,0,1,0,5,0,0,0,200,200,0,28,0,200,200,0,200,200
334158,0,30,0,0,0,1,0,5,0,0,0,200,200,0,31,0,0,200,0,200,200
334160,0,25,0,0,0,1,7,2,0,0,0,0,0,2,200,0,1,0,0,200,200
334161,0,35,1,2,0,1,14,5,0,0,200,0,200,0,22,200,7,200,200,200,200
334161,0,35,1,2,0,1,14,5,0,0,200,0,200,1,26,200,200,0,0,200,200
334161,1,35,1,2,0,1,14,5,0,0,200,0,200,0,26,200,200,200,200,200,200
334167,0,20,0,0,0,1,9,6,0,0,0,16,200,1,42,7,12,0,0,200,200
334167,5,20,0,0,0,1,9,6,0,0,0,16,200,1,12,7,0,0,0,200,200
334177,0,30,0,0,0,1,10,7,2,0,0,20,200,1,23,0,6,0,0,200,200
334177,0,30,0,0,0,1,10,7,2,0,0,20,200,1,0,0,6,0,0,200,200
334177,1,30,0,0,0,1,10,7,2,0,0,20,200,1,200,0,200,200,200,200,200
334179,0,30,0,0,0,1,7,2,0,200,200,11,11,1,33,0,12,200,0,200,200
334179,1,30,0,0,0,1,7,2,0,200,200,11,11,0,47,200,200,200,200,200,200
334179,1,30,0,0,0,1,7,2,0,200,200,11,11,0,200,200,200,200,200,200,200
334185,0,30,0,0,0,1,10,5,0,0,0,18,200,0,37,200,1,0,0,200,200
334185,0,30,0,0,0,1,10,5,0,0,0,18,200,0,25,200,0,0,0,200,200
334186,0,30,0,0,0,1,0,6,0,0,0,17,0,0,200,200,4,200,200,200,200
334186,0,30,0,0,0,1,0,6,0,0,0,17,0,0,29,0,0,0,0,200,200
334187,0,30,0,0,0,1,14,5,0,0,0,0,0,0,200,200,200,200,200,200,200
334187,0,30,0,0,0,1,14,5,0,0,0,0,0,0,25,0,0,0,0,200,200
334187,1,30,0,0,0,1,14,5,0,0,0,0,0,1,200,0,200,200,200,200,200
334188,0,30,0,0,0,1,9,5,0,0,0,25,0,0,27,200,1,0,0,200,200
334188,5,30,0,0,0,1,9,5,0,0,0,25,0,0,3,7,0,12,7,200,200
334189,0,30,0,0,0,1,7,6,0,0,0,0,200,2,200,200,200,200,200,200,200
334190,0,30,0,12,0,1,12,3,0,0,0,200,200,0,76,200,12,200,0,200,200
334190,0,30,0,12,0,1,12,3,0,0,0,200,200,0,36,200,12,200,0,200,200
334193,0,20,0,0,0,1,7,6,0,0,0,0,200,2,200,200,200,200,200,200,200
334199,0,0,0,0,0,0,7,7,0,0,0,0,0,0,200,200,200,200,200,200,200
334207,0,30,0,0,0,1,7,5,0,0,0,8,11,1,38,0,12,0,0,200,200
334214,4,30,0,0,0,1,8,5,0,0,0,0,0,0,200,200,200,200,200,200,200
334214,0,30,0,0,0,1,8,5,0,0,0,0,0,0,35,0,0,0,0,200,200
334217,0,40,200,200,0,4,12,5,0,0,0,18,200,0,200,200,3,200,200,200,200
334217,0,40,200,200,0,4,12,5,0,0,0,18,200,0,44,0,0,0,0,200,200
334217,1,40,200,200,0,4,12,5,0,0,0,18,200,200,200,200,200,200,200,200,200
334217,1,40,200,200,0,4,12,5,0,0,0,18,200,1,28,0,200,200,200,200,200
334220,0,30,0,0,0,1,10,3,0,200,200,18,18,0,35,200,3,200,200,200,200
334220,0,30,0,0,0,1,10,3,0,200,200,18,18,1,24,0,12,200,0,200,200
334220,0,30,0,0,0,1,10,3,0,200,200,18,18,0,200,200,200,200,200,200,200
334220,1,30,0,0,0,1,10,3,0,200,200,18,18,2,200,200,200,200,200,200,200
334227,0,30,1,5,0,0,10,5,0,0,0,18,200,0,17,0,3,0,0,200,200
334227,0,30,1,5,0,0,10,5,0,0,0,18,200,0,17,0,0,0,0,200,200
334227,1,30,1,5,0,0,10,5,0,0,0,18,200,1,38,0,200,200,200,200,200
334238,0,30,2,2,0,1,7,6,0,0,0,0,200,0,39,1,200,200,5,200,200
334238,1,30,2,2,0,1,7,6,0,0,0,0,200,0,23,1,200,200,200,200,200
334238,1,30,2,2,0,1,7,6,0,0,0,0,200,1,18,1,200,200,200,200,200
334239,0,30,1,2,0,1,14,12,2,0,200,16,17,1,59,0,0,0,0,200,200
334239,0,30,1,2,0,1,14,12,2,0,200,16,17,0,200,200,1,200,200,200,200
334239,1,30,1,2,0,1,14,12,2,0,200,16,17,1,200,200,200,200,200,200,200
334245,0,15,0,0,0,0,7,6,0,0,0,0,0,2,200,200,200,200,200,200,200
334247,0,20,0,0,0,0,0,5,0,0,0,16,11,1,60,0,1,200,0,200,200
334247,0,20,0,0,0,0,0,5,0,0,0,16,11,1,18,0,0,0,0,200,200
334247,1,20,0,0,0,0,0,5,0,0,0,16,11,0,21,0,200,200,200,200,200
334249,0,30,0,0,0,4,7,5,0,0,0,25,11,0,35,0,12,0,0,200,200
334250,0,30,1,2,0,1,12,5,0,0,200,11,200,0,200,200,1,200,200,200,200
334250,0,30,1,2,0,1,12,5,0,0,200,11,200,0,26,0,0,0,0,200,200
334255,0,30,0,0,0,1,7,5,0,0,0,20,200,1,36,0,6,0,0,200,200
334259,0,35,0,0,0,1,14,5,0,0,0,23,200,1,31,0,7,0,0,200,200
334259,0,35,0,0,0,1,14,5,0,0,0,23,200,1,58,0,0,200,0,200,200
334260,0,30,0,0,0,1,2,4,0,0,0,0,200,1,200,200,200,200,200,200,200
334262,0,30,1,2,0,1,14,5,0,0,0,16,0,0,200,200,7,200,200,200,200
334262,0,30,1,2,0,1,14,5,0,0,0,16,0,1,47,0,0,0,0,200,200
334268,0,30,1,2,0,1,10,2,0,0,0,18,0,1,200,0,3,200,0,200,200
334268,0,30,1,2,0,1,10,2,0,0,0,18,0,1,66,0,0,0,0,200,200
334272,0,35,0,0,0,3,0,2,0,0,0,23,0,0,36,0,1,0,0,200,200
334272,0,35,0,0,0,3,0,2,0,0,0,23,0,0,46,0,0,0,0,200,200
334275,0,0,0,0,0,1,7,2,0,0,0,0,200,2,200,200,200,200,200,200,200
334289,0,30,2,2,0,0,0,5,0,0,0,5,200,1,45,0,5,0,0,200,200
334289,0,30,2,2,0,0,0,5,0,0,0,5,200,1,24,200,12,0,0,200,200
334293,0,30,2,2,0,1,10,5,0,0,0,16,18,0,23,200,3,200,2,200,200
334293,0,30,2,2,0,1,10,5,0,0,0,16,18,1,41,200,12,200,0,200,200
334293,0,30,2,2,0,1,10,5,0,0,0,16,18,0,28,200,200,200,0,200,200
334293,0,30,2,2,0,1,10,5,0,0,0,16,18,0,17,200,200,200,0,200,200
334296,0,30,0,0,0,1,7,5,0,0,0,0,200,2,200,200,200,200,200,200,200
334300,0,30,0,0,0,3,14,5,0,0,0,23,200,0,61,0,0,200,0,200,200
334300,0,30,0,0,0,3,14,5,0,0,0,23,200,0,21,0,12,200,0,200,200
334301,0,45,0,0,0,0,12,3,2,0,0,21,0,2,200,200,4,200,200,200,200
334301,0,45,0,0,0,0,12,3,2,0,0,21,0,1,38,200,0,200,0,200,200
334308,0,35,0,0,0,3,7,7,0,0,0,0,0,2,200,200,200,200,200,200,200
334315,0,35,0,0,0,1,12,2,0,0,0,22,0,2,200,200,4,200,200,200,200
334315,0,35,0,0,0,1,12,2,0,0,0,22,0,1,31,0,0,0,0,200,200
334318,0,30,200,200,0,3,10,200,0,200,200,7,200,1,58,0,12,200,0,200,200
334318,0,30,200,200,0,3,10,200,0,200,200,7,200,0,27,0,0,0,0,200,200
334318,1,30,200,200,0,3,10,200,0,200,200,7,200,1,36,0,200,200,200,200,200
334318,1,30,200,200,0,3,10,200,0,200,200,7,200,0,17,0,200,200,200,200,200
334318,1,30,200,200,0,3,10,200,0,200,200,7,200,0,18,0,200,200,200,200,200
334318,1,30,200,200,0,3,10,200,0,200,200,7,200,1,16,0,200,200,200,200,200
334321,0,30,0,0,0,1,14,5,0,0,0,23,200,0,50,0,7,200,0,200,200
334321,0,30,0,0,0,1,14,5,0,0,0,23,200,1,23,0,0,200,0,200,200
334325,0,0,0,0,0,4,7,7,0,0,0,0,200,2,200,200,200,200,200,200,200
334331,0,5,0,0,0,0,7,7,0,0,200,0,0,1,200,200,12,200,200,200,200
334334,0,30,0,0,0,1,12,6,0,0,0,22,25,2,200,200,2,200,200,200,200
334334,0,30,0,0,0,1,12,6,0,0,0,22,25,1,45,0,0,0,0,200,200
334337,0,30,0,0,0,3,14,2,0,0,0,23,200,1,29,200,7,0,0,200,200
334337,0,30,0,0,0,3,14,2,0,0,0,23,200,0,32,200,0,0,0,200,200
334337,1,30,0,0,0,3,14,2,0,0,0,23,200,1,31,200,200,200,200,200,200
334341,0,30,10,2,0,3,14,2,0,0,0,23,21,0,200,200,1,200,200,200,200
334341,0,30,10,2,0,3,14,2,0,0,0,23,21,0,66,0,0,200,0,200,200
334345,0,30,0,0,200,4,7,6,0,200,200,0,200,0,200,200,200,200,200,200,200
334347,0,30,1,2,0,3,12,2,0,0,200,22,17,0,200,200,2,200,200,200,200
334347,0,30,1,2,0,3,12,2,0,0,200,22,17,1,45,200,12,0,0,200,200
334350,0,30,0,0,0,3,12,5,0,0,0,0,200,0,46,0,12,0,0,200,200
334350,0,30,0,0,0,3,12,5,0,0,0,0,200,0,55,0,4,0,0,200,200
334356,0,40,1,2,0,3,10,3,0,0,0,18,200,0,21,0,3,0,0,200,200
334356,0,40,1,2,0,3,10,3,0,0,0,18,200,1,19,0,0,0,0,200,200
334356,1,40,1,2,0,3,10,3,0,0,0,18,200,1,18,0,200,200,200,200,200
334357,0,35,0,0,0,0,14,12,0,0,200,0,0,0,29,200,200,0,0,200,200
334357,0,35,0,0,0,0,14,12,0,0,200,0,0,0,26,200,200,200,0,200,200
334362,0,25,1,2,0,3,12,3,0,0,0,21,21,0,39,1,4,0,0,200,200
334362,0,25,1,2,0,3,12,3,0,0,0,21,21,0,34,0,0,0,0,200,200
334363,0,30,1,2,0,1,12,5,0,0,0,200,200,0,19,200,2,200,200,200,200
334363,0,30,1,2,0,1,12,5,0,0,0,200,200,1,61,200,0,0,0,200,200
334364,0,30,1,2,0,3,10,1,0,0,0,9,18,0,20,200,15,200,0,200,1
334364,0,30,1,2,0,3,10,1,0,0,0,9,18,0,22,200,0,200,0,200,200
334364,0,30,1,2,0,3,10,1,0,0,0,9,18,0,29,200,0,200,0,200,200
334366,0,30,0,0,0,0,12,6,0,0,0,21,0,0,53,200,4,200,0,200,200
334366,0,30,0,0,0,0,12,6,0,0,0,21,0,1,36,200,0,200,0,200,200
334368,0,30,0,0,0,0,7,7,0,0,0,0,200,2,200,200,200,200,200,200,200
334371,0,30,0,0,0,3,14,5,0,0,0,23,35,0,37,200,7,200,0,200,200
334371,0,30,0,0,0,3,14,5,0,0,0,23,35,0,32,200,0,0,0,200,200
334374,0,30,1,2,0,2,10,6,0,0,0,16,18,2,200,200,12,200,200,200,200
334374,0,30,1,2,0,2,10,6,0,0,0,16,18,1,24,200,12,0,0,200,200
334374,1,30,1,2,0,2,10,6,0,0,0,16,18,0,25,200,200,200,200,200,200
334376,0,30,2,2,0,1,10,5,0,0,0,20,0,0,200,200,6,200,200,200,200
334376,0,30,2,2,0,1,10,5,0,0,0,20,0,1,25,0,0,0,0,200,200
334376,1,30,2,2,0,1,10,5,0,0,0,20,0,0,5,5,200,200,200,200,200
334377,0,30,1,2,0,3,10,5,0,0,0,16,200,1,19,200,200,0,0,200,200
334377,0,30,1,2,0,3,10,5,0,0,0,16,200,0,35,200,0,0,0,200,200
334379,0,30,1,2,0,3,10,2,0,0,0,16,16,0,47,0,12,0,0,200,200
334379,0,30,1,2,0,3,10,2,0,0,0,16,16,1,28,0,0,0,0,200,200
334379,1,30,1,2,0,3,10,2,0,0,0,16,16,200,200,200,200,200,200,200,200
334388,0,30,0,0,0,3,7,5,0,0,0,0,200,1,39,200,200,200,0,200,200
334397,0,30,1,2,0,3,10,2,0,0,0,7,18,1,62,200,3,4,0,200,200
334397,0,30,1,2,0,3,10,2,0,0,0,7,18,0,33,0,0,0,0,200,200
334397,1,30,1,2,0,3,10,2,0,0,0,7,18,1,200,0,200,200,200,200,200
334399,0,30,2,2,0,3,0,6,0,0,200,5,17,2,200,200,5,200,200,200,200
334399,0,30,2,2,0,3,0,6,0,0,200,5,17,0,33,0,0,200,0,200,200
334400,0,30,0,0,0,3,12,5,0,0,200,22,0,0,34,0,200,200,200,200,200
334400,0,30,0,0,0,3,12,5,0,0,200,22,0,0,29,0,0,200,200,200,200
334400,1,30,0,0,0,3,12,5,0,0,200,22,0,0,200,1,200,200,200,200,200
334400,1,30,0,0,0,3,12,5,0,0,200,22,0,1,200,1,200,200,200,200,200
334404,0,30,0,0,0,3,2,12,0,0,0,13,0,0,29,200,12,0,0,200,200
334408,0,30,0,0,0,0,7,5,0,0,0,0,0,0,200,7,1,0,200,200,200
334409,0,15,0,0,0,200,2,12,2,0,200,0,0,0,71,200,12,0,0,200,200
334416,0,30,200,200,0,3,4,5,0,0,1,28,0,1,44,0,200,200,200,200,200
334416,3,30,200,200,0,3,4,5,0,0,1,28,0,200,200,200,200,200,200,200,200
334425,0,40,3,0,0,4,12,3,0,200,200,0,200,0,200,200,200,200,200,200,200
334425,0,40,3,0,0,4,12,3,0,200,200,0,200,0,55,200,0,200,0,200,200
334425,1,40,3,0,0,4,12,3,0,200,200,0,200,0,200,200,200,200,200,200,200
334433,0,30,1,2,0,3,0,6,0,0,0,6,200,0,19,200,200,200,200,200,200
334433,0,30,1,2,0,3,0,6,0,0,0,6,200,0,50,200,200,200,200,200,200
334433,1,30,1,2,0,3,0,6,0,0,0,6,200,1,18,200,200,200,200,200,200
334440,0,30,1,2,0,3,10,3,0,0,0,20,20,0,200,200,6,200,200,200,200
334440,0,30,1,2,0,3,10,3,0,0,0,20,20,0,39,0,0,0,0,200,200
334440,1,30,1,2,0,3,10,3,0,0,0,20,20,1,32,200,200,200,200,200,200
334440,1,30,1,2,0,3,10,3,0,0,0,20,20,200,200,0,200,200,200,200,200
334440,1,30,1,2,0,3,10,3,0,0,0,20,20,200,200,0,200,200,200,200,200
334440,1,30,1,2,0,3,10,3,0,0,0,20,20,0,6,0,200,200,200,200,200
334441,0,30,2,2,0,3,0,5,0,0,0,17,200,2,200,200,200,200,200,200,200
334441,0,30,2,2,0,3,0,5,0,0,0,17,200,1,43,0,200,0,0,200,200
334441,1,30,2,2,0,3,0,5,0,0,0,17,200,0,60,0,200,200,200,200,200
334441,1,30,2,2,0,3,0,5,0,0,0,17,200,1,10,0,200,200,200,200,200
334450,0,30,2,2,0,3,12,2,0,0,0,8,21,0,62,0,1,0,0,200,200
334450,0,30,2,2,0,3,12,2,0,0,0,8,21,0,29,0,7,0,0,200,200
334459,0,30,1,2,0,0,5,5,0,0,0,11,200,0,61,2,0,0,0,200,200
334459,1,30,1,2,0,0,5,5,0,0,0,11,200,1,33,2,200,200,200,200,200
334474,0,30,0,0,0,0,10,7,0,0,0,18,0,0,51,7,0,0,0,200,200
334474,0,30,0,0,0,0,10,7,0,0,0,18,0,1,28,0,0,0,0,200,200
334474,1,30,0,0,0,0,10,7,0,0,0,18,0,0,8,0,200,200,200,200,200
334480,0,0,0,0,0,0,7,5,0,0,0,200,200,2,200,200,200,200,200,200,200
334483,0,30,1,1,0,3,14,2,0,0,0,17,200,1,22,0,1,0,0,200,200
334483,0,30,1,1,0,3,14,2,0,0,0,17,200,0,20,0,0,0,200,200,200
334495,0,30,0,0,0,3,10,5,0,0,0,18,200,2,200,200,3,200,200,200,200
334495,0,30,0,0,0,3,10,5,0,0,0,18,200,0,0,200,0,0,0,200,200
334495,1,30,0,0,0,3,10,5,0,0,0,18,200,0,200,200,200,200,200,200,200
334495,1,30,0,0,0,3,10,5,0,0,0,18,200,0,200,200,200,200,200,200,200
334498,0,35,0,0,0,3,7,2,0,0,0,32,25,0,48,1,12,0,5,200,200
334501,0,30,2,2,0,3,0,5,0,0,200,17,200,1,21,0,1,200,200,200,200
334501,0,30,2,2,0,3,0,5,0,0,200,17,200,0,20,0,0,200,200,200,200
334501,1,30,2,2,0,3,0,5,0,0,200,17,200,1,24,0,200,200,200,200,200
334505,0,30,0,0,0,3,7,5,0,0,0,200,200,2,200,200,200,200,200,200,200
334531,0,30,0,0,0,3,14,5,0,0,0,23,23,0,41,200,7,200,200,200,200
334531,0,30,0,0,0,3,14,5,0,0,0,23,23,1,29,7,0,0,0,200,200
334554,0,15,0,12,0,3,10,7,0,0,0,18,22,1,200,200,3,200,200,200,200
334554,0,15,0,12,0,3,10,7,0,0,0,18,22,0,32,0,0,0,0,200,200
334554,1,15,0,12,0,3,10,7,0,0,0,18,22,0,52,0,200,200,200,200,200
334554,1,15,0,12,0,3,10,7,0,0,0,18,22,1,36,0,200,200,200,200,200
334561,0,25,0,0,0,0,7,6,0,0,0,200,200,1,200,200,200,200,200,200,200
334563,0,5,0,0,0,3,7,5,0,0,0,0,0,2,200,200,200,200,200,200,200
334576,0,30,1,2,0,3,10,2,0,0,0,6,25,0,27,200,5,0,200,200,200
334576,0,30,1,2,0,3,10,2,0,0,0,6,25,1,23,200,5,0,0,200,200
334579,0,25,0,0,0,3,7,6,0,0,0,15,200,0,20,0,8,0,0,200,200
334581,0,30,0,0,0,3,12,5,0,0,0,21,200,1,26,200,4,0,0,200,200
334581,0,30,0,0,0,3,12,5,0,0,0,21,200,0,41,200,0,0,0,200,200
334581,1,30,0,0,0,3,12,5,0,0,0,21,200,1,23,200,200,200,200,200,200
334581,1,30,0,0,0,3,12,5,0,0,0,21,200,0,30,200,200,200,200,200,200
334587,0,35,0,0,0,3,9,5,0,0,200,0,0,0,200,200,200,200,200,200,200
334587,5,35,0,0,0,3,9,5,0,0,200,0,0,0,45,7,0,200,5,200,200
334587,1,35,0,0,0,3,9,5,0,0,200,0,0,0,200,200,200,200,200,200,200
334594,0,30,2,2,0,3,7,5,0,0,0,8,11,0,16,200,12,0,0,200,200
334594,1,30,2,2,0,3,7,5,0,0,0,8,11,0,51,200,200,200,200,200,200
334604,0,30,0,0,0,3,14,12,0,0,0,22,23,0,200,200,2,200,200,200,200
334604,0,30,0,0,0,3,14,12,0,0,0,22,23,0,27,0,0,0,0,200,200
334604,1,30,0,0,0,3,14,12,0,0,0,22,23,1,200,0,200,200,200,200,200
334608,0,35,0,0,0,3,2,3,3,0,0,0,0,1,200,0,200,0,0,200,200
334638,0,30,0,0,0,2,7,5,0,0,0,12,12,1,18,0,12,4,0,200,200
334651,0,45,1,2,0,1,10,3,0,0,0,18,11,0,22,0,8,0,0,200,200
334651,0,45,1,2,0,1,10,3,0,0,0,18,11,1,43,0,0,0,0,200,200
334660,0,45,0,0,0,1,2,12,0,0,0,13,200,0,35,0,4,0,0,200,200
334660,1,45,0,0,0,1,2,12,0,0,0,13,200,1,36,200,200,200,200,200,200
334668,0,30,1,2,0,1,14,5,0,0,0,6,200,1,200,200,1,200,200,200,200
334668,0,30,1,2,0,1,14,5,0,0,0,6,200,1,23,0,0,0,0,200,200
334676,0,30,0,0,0,2,7,5,0,0,0,0,0,2,200,200,200,200,200,200,200
334680,0,30,1,2,0,1,0,2,0,0,0,6,16,1,48,0,5,0,0,200,200
334680,0,30,1,2,0,1,0,2,0,0,0,6,16,1,30,0,0,0,0,200,200
334680,1,30,1,2,0,1,0,2,0,0,0,6,16,0,41,7,200,200,200,200,200