RD_NO,PERSON_TYPE,POSTED_SPEED_LIMIT,TRAFFIC_CONTROL_DEVICE,DEVICE_CONDITION,WEATHER_CONDITION,LIGHTING_CONDITION,FIRST_CRASH_TYPE,TRAFFICWAY_TYPE,ALIGNMENT,ROADWAY_SURFACE_COND,ROAD_DEFECT,PRIM_CONTRIBUTORY_CAUSE,SEC_CONTRIBUTORY_CAUSE,SEX,AGE,SAFETY_EQUIPMENT,DRIVER_ACTION,DRIVER_VISION,PHYSICAL_CONDITION,BAC_RESULT VALUE,CELL_PHONE_USE
334680,1,30,1,2,0,1,0,2,0,0,0,6,16,0,40,7,200,200,200,200,200
334680,1,30,1,2,0,1,0,2,0,0,0,6,16,0,46,7,200,200,200,200,200
334680,1,30,1,2,0,1,0,2,0,0,0,6,16,0,36,7,200,200,200,200,200
334680,1,30,1,2,0,1,0,2,0,0,0,6,16,1,69,7,200,200,200,200,200
334683,0,30,0,0,0,0,7,5,0,0,0,0,200,0,54,0,12,0,0,200,200
334692,0,30,0,0,0,1,7,2,0,0,0,18,200,0,21,0,3,0,0,200,200
334692,1,30,0,0,0,1,7,2,0,0,0,18,200,0,23,0,200,200,200,200,200
334698,0,30,0,0,0,1,7,2,0,0,0,0,0,1,78,0,12,0,0,200,200
334698,1,30,0,0,0,1,7,2,0,0,0,0,0,0,49,0,200,200,200,200,200
334707,0,30,2,2,200,200,7,6,0,200,200,0,200,2,200,200,200,200,200,200,200
334709,0,35,1,2,0,3,12,3,0,0,0,0,0,1,200,200,4,200,200,200,200
334709,0,35,1,2,0,3,12,3,0,0,0,0,0,1,43,0,0,0,0,200,200
334715,0,30,0,0,0,1,7,2,0,0,0,0,200,0,52,0,15,0,0,200,1
334718,0,30,0,0,0,1,2,5,0,0,0,0,0,2,200,200,200,200,200,200,200
334718,0,30,0,0,0,1,2,5,0,0,0,0,0,0,27,0,200,0,0,200,200
334720,0,30,2,2,0,1,0,5,0,0,0,5,17,1,33,0,0,0,0,200,200
334720,0,30,2,2,0,1,0,5,0,0,0,5,17,1,200,200,1,200,200,200,200
334720,1,30,2,2,0,1,0,5,0,0,0,5,17,200,200,200,200,200,200,200,200
334721,0,30,0,0,0,1,14,5,0,0,0,23,11,1,35,0,7,0,0,200,200
334721,0,30,0,0,0,1,14,5,0,0,0,23,11,1,42,0,0,0,0,200,200
334721,1,30,0,0,0,1,14,5,0,0,0,23,11,1,200,0,200,200,200,200,200
334736,0,15,0,0,0,1,7,7,0,0,0,0,0,2,200,200,200,200,200,200,200
334738,0,30,0,0,0,1,7,12,0,0,0,16,0,0,28,0,8,200,2,200,200
334742,0,25,0,0,0,3,7,5,0,0,0,0,200,2,200,200,200,200,200,200,200
334742,1,25,0,0,0,3,7,5,0,0,0,0,200,200,200,7,200,200,200,200,200
334749,0,30,0,0,0,3,10,2,0,0,0,18,14,2,200,200,3,200,200,200,200
334749,0,30,0,0,0,3,10,2,0,0,0,18,14,1,24,0,0,0,0,200,200
334749,0,30,0,0,0,3,10,2,0,0,0,18,14,2,200,200,0,200,200,200,200
334753,0,35,0,0,0,1,10,5,0,0,0,16,17,1,200,7,1,0,200,200,200
334753,0,35,0,0,0,1,10,5,0,0,0,16,17,0,22,0,0,0,0,200,200
334764,0,30,0,0,0,1,2,5,0,0,0,0,0,1,21,0,200,0,0,200,200
334765,0,30,0,0,0,1,7,6,0,0,0,18,200,1,23,0,12,0,0,200,200
334765,1,30,0,0,0,1,7,6,0,0,0,18,200,1,200,0,200,200,200,200,200
334765,1,30,0,0,0,1,7,6,0,0,0,18,200,1,22,0,200,200,200,200,200
334766,0,30,0,0,0,1,10,5,0,1,0,0,200,1,67,0,3,0,0,200,200
334766,0,30,0,0,0,1,10,5,0,1,0,0,200,0,200,200,200,200,0,200,200
334773,0,0,0,0,0,1,2,5,0,0,1,28,29,1,35,0,0,0,0,200,200
334775,0,30,0,0,0,1,10,5,0,0,0,20,200,0,30,200,2,0,0,200,200
334775,0,30,0,0,0,1,10,5,0,0,0,20,200,0,33,0,0,0,0,200,200
334779,0,30,0,0,0,1,14,5,0,0,0,20,20,1,21,200,2,0,0,200,200
334779,0,30,0,0,0,1,14,5,0,0,0,20,20,1,21,0,0,0,0,200,200
334779,1,30,0,0,0,1,14,5,0,0,0,20,20,1,19,200,200,200,200,200,200
334779,1,30,0,0,0,1,14,5,0,0,0,20,20,0,24,0,200,200,200,200,200
334779,1,30,0,0,0,1,14,5,0,0,0,20,20,0,23,0,200,200,200,200,200
334781,0,30,0,0,0,1,0,2,2,0,0,0,200,1,68,0,12,5,0,200,200
334781,0,30,0,0,0,1,0,2,2,0,0,0,200,0,0,200,0,12,200,200,200
334795,0,30,0,0,0,1,12,3,0,0,0,17,21,0,51,0,4,0,0,200,200
334795,0,30,0,0,0,1,12,3,0,0,0,17,21,0,45,0,0,0,0,200,200
334803,0,0,1,2,0,1,10,3,0,0,0,18,11,1,200,0,3,0,0,200,200
334803,0,0,1,2,0,1,10,3,0,0,0,18,11,0,47,0,3,0,0,200,200
334811,0,30,1,2,0,1,10,2,0,0,0,16,200,0,22,200,3,200,0,200,200
334811,0,30,1,2,0,1,10,2,0,0,0,16,200,1,48,200,12,200,0,200,200
334816,0,30,0,0,0,1,7,5,0,0,0,0,200,2,200,200,200,200,200,200,200
334817,0,30,1,2,0,1,14,5,0,0,0,6,16,0,27,200,5,200,0,200,200
334817,0,30,1,2,0,1,14,5,0,0,0,6,16,1,41,200,200,200,0,200,200
334817,1,30,1,2,0,1,14,5,0,0,0,6,16,0,8,0,200,200,200,200,200
334817,1,30,1,2,0,1,14,5,0,0,0,6,16,0,17,200,200,200,200,200,200
334820,0,30,0,0,0,1,7,7,0,0,0,0,0,2,200,200,200,200,200,200,200
334823,0,15,0,0,0,1,7,7,0,0,0,0,0,2,200,200,200,200,200,200,200
334826,0,0,0,0,0,1,7,7,0,0,0,20,0,1,31,0,6,0,0,200,200
334827,0,30,0,0,0,1,0,5,0,0,0,17,0,1,200,200,1,200,200,200,200
334827,0,30,0,0,0,1,0,5,0,0,0,17,0,0,33,0,0,0,0,200,200
334828,0,30,0,0,0,1,0,0,0,0,0,17,200,0,200,200,1,200,200,200,200
334828,0,30,0,0,0,1,0,0,0,0,0,17,200,1,25,0,0,0,0,200,200
334828,1,30,0,0,0,1,0,0,0,0,0,17,200,0,25,0,200,200,200,200,200
334829,0,30,1,2,0,1,14,3,3,0,0,0,200,1,200,200,200,200,200,200,200
334829,0,30,1,2,0,1,14,3,3,0,0,0,200,0,75,200,0,0,0,200,200
334830,0,15,0,0,0,3,2,0,0,0,0,0,0,0,37,0,0,0,0,200,200
334857,0,30,0,0,0,1,11,5,0,0,0,17,17,0,200,200,1,200,200,200,200
334857,0,30,0,0,0,1,11,5,0,0,0,17,17,0,62,0,0,0,0,200,200
334861,0,20,0,0,0,1,7,5,0,0,3,0,21,2,200,200,200,200,200,200,200
334866,0,30,0,0,0,1,14,2,0,0,0,17,200,0,30,0,1,0,0,200,200
334866,0,30,0,0,0,1,14,2,0,0,0,17,200,0,0,0,0,0,0,200,200
334876,0,10,0,0,0,1,7,7,0,0,0,0,200,0,200,200,6,200,200,200,200
334876,1,10,0,0,0,1,7,7,0,0,0,0,200,0,92,0,200,200,200,200,200
334878,0,30,0,0,0,0,7,2,0,0,0,0,0,2,200,200,200,200,200,200,200
334890,0,30,0,0,0,1,12,5,0,0,0,17,0,0,22,200,1,200,0,200,200
334890,0,30,0,0,0,1,12,5,0,0,0,17,0,1,27,200,200,200,0,200,200
334890,0,30,0,0,0,1,12,5,0,0,0,17,0,0,200,200,0,200,0,200,200
334890,1,30,0,0,0,1,12,5,0,0,0,17,0,1,200,200,200,200,200,200,200
334894,0,30,0,0,0,1,0,7,0,0,0,17,0,0,57,200,1,200,200,200,200
334894,0,30,0,0,0,1,0,7,0,0,0,17,0,0,24,0,0,0,0,200,200
334896,0,30,0,0,0,1,12,5,0,0,0,17,22,0,200,200,2,200,200,200,200
334896,0,30,0,0,0,1,12,5,0,0,0,17,22,1,23,0,0,0,0,200,200
334901,0,10,0,0,0,1,0,7,0,0,0,20,200,1,73,0,6,0,0,200,200
334901,0,10,0,0,0,1,0,7,0,0,0,20,200,1,56,0,0,0,0,200,200
334903,0,30,0,0,0,1,7,6,0,0,0,0,200,1,32,0,0,0,0,200,200
334903,1,30,0,0,0,1,7,6,0,0,0,0,200,1,200,0,200,200,200,200,200
334903,1,30,0,0,0,1,7,6,0,0,0,0,200,200,200,0,200,200,200,200,200
334906,0,30,1,2,0,1,10,5,0,0,0,0,0,1,56,0,200,0,12,200,200
334906,0,30,1,2,0,1,10,5,0,0,0,0,0,1,50,0,0,0,0,200,200
334906,1,30,1,2,0,1,10,5,0,0,0,0,0,1,38,0,200,200,200,200,200
334907,0,30,1,2,0,1,10,5,0,0,0,0,0,0,22,0,200,0,0,200,200
334907,0,30,1,2,0,1,10,5,0,0,0,0,0,0,36,0,0,0,0,200,200
334913,0,30,1,2,0,1,14,3,0,0,0,0,0,1,20,200,7,0,200,200,200
334913,0,30,1,2,0,1,14,3,0,0,0,0,0,1,27,200,0,0,200,200,200
334918,0,5,0,0,0,1,7,7,0,0,0,0,0,1,200,200,6,200,200,200,200
334926,0,30,0,0,0,1,7,5,0,0,0,17,18,1,44,0,1,0,0,200,200
334926,1,30,0,0,0,1,7,5,0,0,0,17,18,1,200,0,200,200,200,200,200
334926,1,30,0,0,0,1,7,5,0,0,0,17,18,1,200,0,200,200,200,200,200
334926,1,30,0,0,0,1,7,5,0,0,0,17,18,0,1,5,200,200,200,200,200
334927,0,25,0,0,0,1,2,0,0,0,0,20,0,0,200,200,6,200,200,200,200
334937,0,30,0,0,0,1,7,12,0,0,0,20,200,0,200,0,6,200,0,200,200
334940,0,30,1,2,0,0,14,5,0,0,200,0,0,1,35,0,7,0,0,200,200
334940,0,30,1,2,0,0,14,5,0,0,200,0,0,0,41,0,0,0,0,200,200
334940,1,30,1,2,0,0,14,5,0,0,200,0,0,1,200,0,200,200,200,200,200
334961,0,25,0,0,0,1,7,6,0,0,0,0,0,2,200,200,1,200,200,200,200
334970,0,30,0,0,0,1,14,5,0,0,0,17,0,1,66,0,1,200,0,200,200
334970,0,30,0,0,0,1,14,5,0,0,0,17,0,1,29,0,0,0,0,200,200
334974,0,30,0,0,200,200,7,6,0,200,0,0,0,2,200,200,200,200,200,200,200
334976,0,15,0,0,0,3,2,0,0,0,0,0,200,2,200,200,200,200,200,200,200
334982,0,30,0,0,0,1,7,6,0,0,0,0,0,2,200,200,200,200,200,200,200
334991,0,30,2,2,2,1,2,5,0,1,1,29,200,0,27,0,0,0,0,200,200
334993,0,30,0,0,0,1,7,6,0,0,0,0,0,2,200,200,200,200,200,200,200
334995,0,15,0,0,0,1,10,2,0,0,0,18,0,0,52,0,3,0,0,200,200
334995,0,15,0,0,0,1,10,2,0,0,0,18,0,1,51,0,0,0,0,200,200
334995,1,15,0,0,0,1,10,2,0,0,0,18,0,1,25,0,200,200,200,200,200
334995,1,15,0,0,0,1,10,2,0,0,0,18,0,0,5,0,200,200,200,200,200
334995,1,15,0,0,0,1,10,2,0,0,0,18,0,0,5,0,200,200,200,200,200
334996,0,30,1,2,0,1,10,2,0,0,0,0,200,0,64,0,3,0,200,200,200
334996,0,30,1,2,0,1,10,2,0,0,0,0,200,1,40,0,0,0,0,200,200
334998,0,20,0,0,0,1,7,7,0,0,200,0,0,1,30,200,200,200,0,200,200
334999,0,30,2,2,0,1,0,5,0,0,0,5,0,0,52,200,1,200,200,200,200
334999,0,30,2,2,0,1,0,5,0,0,0,5,0,0,32,200,0,200,200,200,200
335000,0,35,0,0,0,1,0,2,0,0,0,17,200,1,20,200,1,200,0,200,200
335000,0,35,0,0,0,1,0,2,0,0,0,17,200,0,31,200,200,200,0,200,200
335000,1,35,0,0,0,1,0,2,0,0,0,17,200,1,28,200,200,200,200,200,200
335000,1,35,0,0,0,1,0,2,0,0,0,17,200,0,10,200,200,200,200,200,200
335000,1,35,0,0,0,1,0,2,0,0,0,17,200,1,7,200,200,200,200,200,200
335001,0,30,0,0,0,1,7,7,0,0,0,4,16,1,73,200,10,0,0,200,200
335005,0,30,0,0,0,1,11,5,0,200,200,20,20,0,52,200,6,200,200,200,200
335005,0,30,0,0,0,1,11,5,0,200,200,20,20,0,32,0,12,200,0,200,200
335006,0,30,1,2,0,1,14,2,0,0,0,17,16,0,57,0,1,1,0,200,200
335006,0,30,1,2,0,1,14,2,0,0,0,17,16,0,31,0,0,1,0,200,200
335014,0,30,0,0,0,1,7,5,0,0,0,14,0,1,24,200,200,200,0,200,200
335015,0,30,1,2,0,1,10,3,0,0,0,18,200,0,29,0,3,0,0,200,200
335015,0,30,1,2,0,1,10,3,0,0,0,18,200,1,39,0,0,0,0,200,200
335015,1,30,1,2,0,1,10,3,0,0,0,18,200,0,10,0,200,200,200,200,200
335015,1,30,1,2,0,1,10,3,0,0,0,18,200,1,61,0,200,200,200,200,200
335016,0,35,1,2,0,1,0,5,0,0,0,6,200,1,19,200,5,200,0,200,200
335016,0,35,1,2,0,1,0,5,0,0,0,6,200,1,23,200,0,200,0,200,200
335023,0,30,1,2,0,1,0,5,0,0,0,17,17,1,23,0,1,0,0,200,200
335023,0,30,1,2,0,1,0,5,0,0,0,17,17,0,47,0,0,0,0,200,200
335029,0,30,0,0,0,1,7,0,0,0,0,0,21,2,200,200,200,200,200,200,200
335035,0,30,2,2,0,1,0,5,0,0,0,5,17,0,62,0,5,200,0,200,200
335035,0,30,2,2,0,1,0,5,0,0,0,5,17,1,21,0,0,0,0,200,200
335035,1,30,2,2,0,1,0,5,0,0,0,5,17,1,66,0,200,200,200,200,200
335035,1,30,2,2,0,1,0,5,0,0,0,5,17,1,25,0,200,200,200,200,200
335035,1,30,2,2,0,1,0,5,0,0,0,5,17,1,20,0,200,200,200,200,200
335035,1,30,2,2,0,1,0,5,0,0,0,5,17,0,1,5,200,200,200,200,200
335039,0,30,1,2,0,1,10,5,0,0,0,0,200,0,39,0,200,0,0,200,200
335039,0,30,1,2,0,1,10,5,0,0,0,0,200,0,39,0,0,0,0,200,200
335039,1,30,1,2,0,1,10,5,0,0,0,0,200,1,41,0,200,200,200,200,200
335040,0,20,1,2,0,1,10,5,0,0,0,18,0,1,53,0,0,0,0,200,200
335040,0,20,1,2,0,1,10,5,0,0,0,18,0,0,26,0,3,0,0,200,200
335045,0,30,200,200,0,1,10,5,0,0,0,18,18,1,200,200,0,200,200,200,200
335045,0,30,200,200,0,1,10,5,0,0,0,18,18,0,59,0,0,0,0,200,200
335047,0,40,0,0,0,1,10,3,0,0,0,18,16,0,23,0,3,0,0,200,200
335047,0,40,0,0,0,1,10,3,0,0,0,18,16,0,30,0,0,0,0,200,200
335047,0,40,0,0,0,1,10,3,0,0,0,18,16,0,47,0,0,0,0,200,200
335047,0,40,0,0,0,1,10,3,0,0,0,18,16,0,30,7,0,0,0,200,200
335049,0,30,1,2,0,1,14,12,2,0,0,16,200,1,200,200,200,200,200,200,200
335049,0,30,1,2,0,1,14,12,2,0,0,16,200,0,48,0,0,0,0,200,200
335049,1,30,1,2,0,1,14,12,2,0,0,16,200,0,15,0,200,200,200,200,200
335049,1,30,1,2,0,1,14,12,2,0,0,16,200,0,14,0,200,200,200,200,200
335049,1,30,1,2,0,1,14,12,2,0,0,16,200,1,10,0,200,200,200,200,200
335058,0,20,200,200,0,1,7,12,0,200,200,200,200,1,67,200,10,200,200,200,200
335060,0,30,0,0,0,0,7,5,0,0,0,200,200,2,200,200,200,200,200,200,200
335063,0,15,0,0,0,1,8,5,0,0,0,17,16,1,34,0,1,0,0,200,200
335063,4,15,0,0,0,1,8,5,0,0,0,17,16,0,200,7,200,0,200,200,200
335066,0,30,1,2,0,1,14,12,1,0,0,6,6,0,49,0,5,0,0,200,200
335066,0,30,1,2,0,1,14,12,1,0,0,6,6,0,50,3,0,0,0,200,200
335078,0,30,0,0,0,1,14,2,0,0,0,0,0,0,19,0,1,0,0,200,200
335078,0,30,0,0,0,1,14,2,0,0,0,0,0,0,26,0,1,0,0,200,200
335078,1,30,0,0,0,1,14,2,0,0,0,0,0,0,18,0,200,200,200,200,200
335080,0,30,2,2,0,1,8,2,0,0,0,17,0,0,83,0,1,0,0,200,200
335080,4,30,2,2,0,1,8,2,0,0,0,17,0,0,69,3,0,0,0,200,200
335091,0,30,0,0,0,1,14,6,0,0,0,17,33,0,42,0,1,5,0,200,200
335091,0,30,0,0,0,1,14,6,0,0,0,17,33,0,45,0,0,0,0,200,200
335091,1,30,0,0,0,1,14,6,0,0,0,17,33,200,49,0,200,200,200,200,200
335097,0,30,0,0,0,1,5,2,0,0,1,0,200,0,38,0,0,0,0,200,200
335097,1,30,0,0,0,1,5,2,0,0,1,0,200,0,29,0,200,200,200,200,200
335097,1,30,0,0,0,1,5,2,0,0,1,0,200,0,35,0,200,200,200,200,200
335104,0,10,0,0,0,1,0,7,0,0,0,20,0,0,55,200,6,1,0,200,200
335104,0,10,0,0,0,1,0,7,0,0,0,20,0,1,26,200,0,0,0,200,200
335110,0,30,2,2,0,1,0,6,0,0,0,6,6,2,200,200,5,200,200,200,200
335110,0,30,2,2,0,1,0,6,0,0,0,6,6,0,53,0,12,1,0,200,200
335127,0,30,2,2,0,1,10,5,0,0,0,7,18,1,25,200,9,200,200,200,200
335127,0,30,2,2,0,1,10,5,0,0,0,7,18,1,34,200,0,0,0,200,200
335127,1,30,2,2,0,1,10,5,0,0,0,7,18,200,200,200,200,200,200,200,200
335133,0,30,0,0,0,1,7,5,0,0,0,0,200,2,200,200,200,200,200,200,200
335136,0,20,0,0,0,1,10,2,0,0,0,22,18,0,49,200,12,200,0,200,200
335136,0,20,0,0,0,1,10,2,0,0,0,22,18,0,52,200,200,200,0,200,200
335137,0,30,0,0,0,1,0,5,0,0,0,17,16,1,18,0,1,0,0,200,200
335137,0,30,0,0,0,1,0,5,0,0,0,17,16,0,23,0,0,0,0,200,200
335137,1,30,0,0,0,1,0,5,0,0,0,17,16,1,200,0,200,200,200,200,200
335140,0,30,1,2,0,1,12,5,0,0,0,17,21,1,23,0,1,0,0,200,200
335140,0,30,1,2,0,1,12,5,0,0,0,17,21,0,28,0,0,0,0,200,200
335146,0,5,0,0,0,1,0,7,0,0,0,0,0,0,43,0,12,0,0,200,200
335146,0,5,0,0,0,1,0,7,0,0,0,0,0,0,19,0,0,0,0,200,200
335147,0,30,0,3,0,1,10,3,0,0,0,18,18,0,49,7,3,0,0,200,200
335147,0,30,0,3,0,1,10,3,0,0,0,18,18,0,200,200,0,0,0,200,200
335149,0,30,0,0,0,1,7,5,1,0,0,25,11,1,59,200,12,0,200,200,200
335150,0,30,1,2,0,1,14,3,0,0,0,21,21,0,200,200,7,200,200,200,200
335150,0,30,1,2,0,1,14,3,0,0,0,21,21,0,31,200,0,0,0,200,200
335151,0,30,1,0,0,1,10,5,0,0,0,16,200,0,200,200,12,200,200,200,200
335151,0,30,1,0,0,1,10,5,0,0,0,16,200,0,31,0,0,0,0,200,200
335151,1,30,1,0,0,1,10,5,0,0,0,16,200,1,200,0,200,200,200,200,200
335152,0,20,0,0,0,1,7,6,0,0,0,0,0,2,200,200,200,200,200,200,200
335153,0,30,1,2,0,1,14,5,0,0,0,17,0,0,23,200,1,0,0,200,200
335153,0,30,1,2,0,1,14,5,0,0,0,17,0,1,49,200,0,0,0,200,200
335155,0,30,1,2,0,1,10,2,0,0,200,18,200,0,68,200,3,200,0,200,200
335155,0,30,1,2,0,1,10,2,0,0,200,18,200,0,44,200,0,200,200,200,200
335156,5,30,1,2,0,1,9,2,0,0,0,17,16,0,32,7,5,0,7,200,200
335156,0,30,1,2,0,1,9,2,0,0,0,17,16,0,18,200,200,0,0,200,200
335158,0,30,1,2,0,1,0,2,0,0,0,0,200,1,50,0,200,0,0,200,200
335158,0,30,1,2,0,1,0,2,0,0,0,0,200,0,42,0,200,0,0,200,200
335158,1,30,1,2,0,1,0,2,0,0,0,0,200,0,29,0,200,200,200,200,200
335158,1,30,1,2,0,1,0,2,0,0,0,0,200,1,5,0,200,200,200,200,200
335167,0,30,1,2,0,1,14,3,0,0,0,23,21,0,48,0,7,0,0,200,200
335167,0,30,1,2,0,1,14,3,0,0,0,23,21,0,28,0,0,0,0,200,200
335171,0,30,1,2,0,1,10,5,0,200,200,18,7,0,37,0,3,200,0,200,200
335171,0,30,1,2,0,1,10,5,0,200,200,18,7,0,200,200,200,200,200,200,200
335171,1,30,1,2,0,1,10,5,0,200,200,18,7,2,200,200,200,200,200,200,200
335172,0,20,1,0,0,1,8,6,0,0,0,22,200,0,47,200,2,200,0,200,200
335172,4,20,1,0,0,1,8,6,0,0,0,22,200,0,56,200,200,200,0,200,200
335172,1,20,1,0,0,1,8,6,0,0,0,22,200,1,33,200,200,200,200,200,200
335183,0,30,1,2,0,1,14,5,0,0,0,22,22,0,31,0,2,0,0,200,200
335183,0,30,1,2,0,1,14,5,0,0,0,22,22,1,70,7,0,0,0,200,200
335183,1,30,1,2,0,1,14,5,0,0,0,22,22,1,74,0,200,200,200,200,200
335185,0,25,0,0,0,1,2,12,0,0,0,0,0,0,71,0,1,0,0,200,200
335186,0,30,1,2,0,1,10,2,0,0,0,18,16,0,52,200,3,200,0,200,200
335186,0,30,1,2,0,1,10,2,0,0,0,18,16,0,20,200,0,200,0,200,200
335189,0,15,1,2,0,1,11,7,0,0,0,20,0,0,200,200,6,200,200,200,200
335189,0,15,1,2,0,1,11,7,0,0,0,20,0,1,60,0,0,0,0,200,200
335196,0,30,1,2,0,1,11,5,0,0,0,0,0,2,200,200,12,200,200,200,200
335196,0,30,1,2,0,1,11,5,0,0,0,0,0,1,51,0,12,0,0,200,200
335199,0,30,0,0,0,1,10,7,0,0,0,20,200,0,31,200,6,0,0,200,200
335199,0,30,0,0,0,1,10,7,0,0,0,20,200,0,24,200,0,0,0,200,200
335199,1,30,0,0,0,1,10,7,0,0,0,20,200,1,24,200,200,200,200,200,200
335201,0,30,200,200,0,1,7,200,0,200,200,200,200,2,200,200,200,200,200,200,200
335203,0,30,0,0,0,1,9,5,0,0,0,200,200,1,47,0,0,0,0,200,200
335203,5,30,0,0,0,1,9,5,0,0,0,200,200,0,10,7,12,0,0,200,200
335203,1,30,0,0,0,1,9,5,0,0,0,200,200,0,10,0,200,200,200,200,200
335206,0,30,1,2,0,1,10,5,0,0,0,16,0,0,200,200,1,200,200,200,200
335206,0,30,1,2,0,1,10,5,0,0,0,16,0,1,55,0,0,0,0,200,200
335209,0,15,0,0,0,1,12,7,0,0,0,0,0,1,28,0,2,0,0,200,200
335209,0,15,0,0,0,1,12,7,0,0,0,0,0,0,24,0,12,0,0,200,200
335210,0,30,0,200,0,1,14,2,0,0,200,17,17,0,20,0,0,0,0,200,200
335210,0,30,0,200,0,1,14,2,0,0,200,17,17,0,43,0,0,0,0,200,200
335212,0,30,2,2,0,1,14,2,0,0,0,17,17,0,19,200,1,200,0,200,200
335212,0,30,2,2,0,1,14,2,0,0,0,17,17,0,28,200,0,200,0,200,200
335212,1,30,2,2,0,1,14,2,0,0,0,17,17,0,50,200,200,200,200,200,200
335212,1,30,2,2,0,1,14,2,0,0,0,17,17,1,27,200,200,200,200,200,200
335216,0,30,0,0,0,1,10,5,0,0,0,18,0,1,16,0,3,0,0,200,200
335216,0,30,0,0,0,1,10,5,0,0,0,18,0,0,37,0,0,0,0,200,200
335223,0,30,1,2,0,1,12,6,0,0,0,17,17,2,200,200,200,200,200,200,200
335223,0,30,1,2,0,1,12,6,0,0,0,17,17,0,200,0,0,0,0,200,200
335225,0,30,0,0,0,1,7,5,0,0,0,23,200,0,63,0,7,0,0,200,200
335228,0,25,2,0,0,1,0,5,0,0,0,200,200,0,200,200,13,200,200,200,200
335228,0,25,2,0,0,1,0,5,0,0,0,200,200,0,24,200,0,0,0,200,200
335228,1,25,2,0,0,1,0,5,0,0,0,200,200,1,21,200,200,200,200,200,200
335231,0,35,1,2,0,1,10,2,0,0,0,6,18,1,30,200,5,0,0,200,200
335231,0,35,1,2,0,1,10,2,0,0,0,6,18,0,37,200,0,0,0,200,200
335231,1,35,1,2,0,1,10,2,0,0,0,6,18,0,27,200,200,200,200,200,200
335232,0,30,12,0,0,1,10,2,0,0,0,18,18,0,20,200,3,200,200,200,200
335232,0,30,12,0,0,1,10,2,0,0,0,18,18,0,34,0,0,1,0,200,200
335236,0,30,1,2,0,1,10,2,0,0,0,18,0,0,21,0,3,0,0,200,200
335236,0,30,1,2,0,1,10,2,0,0,0,18,0,1,51,0,0,0,0,200,200
335238,0,30,1,2,0,1,0,6,0,0,0,6,17,1,22,0,5,0,0,200,200
335238,0,30,1,2,0,1,0,6,0,0,0,6,17,0,56,0,0,0,0,200,200
335238,1,30,1,2,0,1,0,6,0,0,0,6,17,0,23,0,200,200,200,200,200
335238,1,30,1,2,0,1,0,6,0,0,0,6,17,1,20,0,200,200,200,200,200
335242,0,0,0,0,0,1,0,7,0,0,12,20,200,0,25,0,6,0,0,200,200
335242,0,0,0,0,0,1,0,7,0,0,12,20,200,0,58,0,0,0,0,200,200
335249,0,10,0,0,0,1,0,7,0,0,200,17,0,1,29,200,1,200,200,200,200
335249,0,10,0,0,0,1,0,7,0,0,200,17,0,0,21,0,1,0,0,200,200
335251,0,30,2,2,0,1,12,5,0,0,0,17,22,0,62,0,1,0,0,200,200
335251,0,30,2,2,0,1,12,5,0,0,0,17,22,1,28,0,12,0,0,200,200
335258,0,20,2,0,0,1,10,12,0,0,0,18,7,1,60,0,3,0,0,200,200
335258,0,20,2,0,0,1,10,12,0,0,0,18,7,1,35,0,0,0,0,200,200
335259,0,30,0,0,0,1,11,5,0,0,200,0,0,0,200,200,200,200,200,200,200
335259,0,30,0,0,0,1,11,5,0,0,200,0,0,0,33,0,0,0,0,200,200
335259,1,30,0,0,0,1,11,5,0,0,200,0,0,0,200,200,200,200,200,200,200
335259,1,30,0,0,0,1,11,5,0,0,200,0,0,0,200,0,200,200,200,200,200
335260,0,35,0,0,0,1,7,5,0,0,0,0,0,0,62,200,12,0,0,200,200
335262,0,30,0,0,0,1,9,2,0,0,0,200,200,0,200,200,200,200,200,200,200
335262,5,30,0,0,0,1,9,2,0,0,0,200,200,0,30,7,0,0,0,200,200
335266,0,25,0,200,200,3,7,6,0,200,0,200,200,2,200,200,200,200,200,200,200
335267,0,5,0,0,0,1,0,7,0,0,0,0,200,1,20,0,6,0,0,200,200
335267,0,5,0,0,0,1,0,7,0,0,0,0,200,0,30,0,0,0,0,200,200
335267,1,5,0,0,0,1,0,7,0,0,0,0,200,0,25,0,200,200,200,200,200
335286,0,30,0,0,0,1,0,5,0,0,0,25,16,2,200,200,1,200,200,200,200
335286,0,30,0,0,0,1,0,5,0,0,0,25,16,0,55,200,0,0,0,200,200
335286,1,30,0,0,0,1,0,5,0,0,0,25,16,1,29,200,200,200,200,200,200
335287,0,30,1,2,0,1,12,5,0,0,0,21,8,1,200,200,200,200,200,200,200
335287,0,30,1,2,0,1,12,5,0,0,0,21,8,0,23,0,0,0,0,200,200
335288,1,45,0,0,0,1,10,6,0,0,0,0,200,0,200,0,200,200,200,200,200
335288,0,45,0,0,0,1,10,6,0,0,0,0,200,0,200,0,3,0,0,200,200
335288,0,45,0,0,0,1,10,6,0,0,0,0,200,0,200,0,0,0,0,200,200
335288,1,45,0,0,0,1,10,6,0,0,0,0,200,0,200,0,200,200,200,200,200
335288,1,45,0,0,0,1,10,6,0,0,0,0,200,1,200,0,200,200,200,200,200
335288,1,45,0,0,0,1,10,6,0,0,0,0,200,0,200,0,200,200,200,200,200
335288,1,45,0,0,0,1,10,6,0,0,0,0,200,1,200,0,200,200,200,200,200
335288,1,45,0,0,0,1,10,6,0,0,0,0,200,1,200,0,200,200,200,200,200
335288,1,45,0,0,0,1,10,6,0,0,0,0,200,0,200,5,200,200,200,200,200
335292,0,15,0,0,0,1,7,7,0,0,0,21,200,2,200,200,12,200,200,200,200