RD_NO,PERSON_TYPE,POSTED_SPEED_LIMIT,TRAFFIC_CONTROL_DEVICE,DEVICE_CONDITION,WEATHER_CONDITION,LIGHTING_CONDITION,FIRST_CRASH_TYPE,TRAFFICWAY_TYPE,ALIGNMENT,ROADWAY_SURFACE_COND,ROAD_DEFECT,PRIM_CONTRIBUTORY_CAUSE,SEC_CONTRIBUTORY_CAUSE,SEX,AGE,SAFETY_EQUIPMENT,DRIVER_ACTION,DRIVER_VISION,PHYSICAL_CONDITION,BAC_RESULT VALUE,CELL_PHONE_USE
335750,0,30,2,2,2,3,0,5,0,1,0,5,5,1,28,0,0,0,0,200,200
335751,0,30,1,2,0,1,10,1,0,0,0,18,0,0,200,200,3,200,200,200,200
335751,0,30,1,2,0,1,10,1,0,0,0,18,0,1,23,200,0,0,0,200,200
335751,1,30,1,2,0,1,10,1,0,0,0,18,0,1,24,200,200,200,200,200,200
335751,1,30,1,2,0,1,10,1,0,0,0,18,0,0,200,200,200,200,200,200,200
335751,1,30,1,2,0,1,10,1,0,0,0,18,0,1,200,200,200,200,200,200,200
335756,0,30,0,0,2,3,10,2,0,1,0,18,0,2,200,200,3,200,200,200,200
335756,0,30,0,0,2,3,10,2,0,1,0,18,0,1,60,0,0,0,0,200,200
335763,0,30,0,0,2,3,11,2,0,1,0,10,25,1,200,200,9,200,200,200,200
335763,0,30,0,0,2,3,11,2,0,1,0,10,25,1,35,0,0,0,0,200,200
335763,1,30,0,0,2,3,11,2,0,1,0,10,25,0,200,0,200,200,200,200,200
335765,0,40,0,3,2,3,2,3,0,1,2,16,11,0,19,0,8,0,0,200,200
335765,1,40,0,3,2,3,2,3,0,1,2,16,11,1,18,0,200,200,200,200,200
335767,0,30,0,2,2,3,7,6,0,1,0,20,200,1,34,200,6,200,0,200,200
335769,0,30,0,0,2,3,12,5,0,1,0,17,10,0,47,0,1,0,0,200,200
335769,0,30,0,0,2,3,12,5,0,1,0,17,10,1,56,0,0,0,0,200,200
335769,1,30,0,0,2,3,12,5,0,1,0,17,10,0,42,200,200,200,200,200,200
335770,0,30,2,2,2,3,7,5,0,1,0,0,200,2,200,200,200,200,200,200,200
335775,0,30,0,0,2,3,7,2,0,1,0,0,0,1,30,200,0,0,0,200,200
335777,0,30,1,2,2,3,0,5,0,1,0,0,200,0,34,0,5,0,0,200,200
335777,0,30,1,2,2,3,0,5,0,1,0,0,200,0,43,0,0,0,0,200,200
335781,0,40,0,0,2,3,12,3,0,1,0,23,0,2,200,200,4,200,200,200,200
335781,0,40,0,0,2,3,12,3,0,1,0,23,0,0,35,0,0,0,0,200,200
335782,0,30,0,0,2,3,2,5,0,1,0,15,0,0,23,200,8,200,200,200,200
335782,1,30,0,0,2,3,2,5,0,1,0,15,0,0,200,200,200,200,200,200,200
335782,1,30,0,0,2,3,2,5,0,1,0,15,0,0,200,200,200,200,200,200,200
335783,0,30,0,0,2,3,7,5,0,1,0,0,200,2,200,200,200,200,200,200,200
335786,0,30,1,2,0,3,14,6,0,0,0,21,0,0,200,200,200,200,200,200,200
335786,0,30,1,2,0,3,14,6,0,0,0,21,0,1,39,200,0,0,0,200,200
335789,0,30,0,0,1,3,14,5,0,1,0,19,32,0,28,200,1,200,3,200,200
335789,0,30,0,0,1,3,14,5,0,1,0,19,32,0,29,0,0,0,0,200,200
335789,1,30,0,0,1,3,14,5,0,1,0,19,32,0,200,0,200,200,200,200,200
335801,0,30,1,2,2,3,3,2,0,1,0,16,10,0,29,200,9,200,3,200,200
335801,0,30,1,2,2,3,3,2,0,1,0,16,10,1,56,200,0,200,0,200,200
335801,1,30,1,2,2,3,3,2,0,1,0,16,10,0,58,200,200,200,200,200,200
335811,0,30,1,2,2,3,3,2,0,1,200,10,11,0,28,200,5,200,200,200,200
335811,0,30,1,2,2,3,3,2,0,1,200,10,11,0,23,200,200,200,200,200,200
335813,0,30,0,0,0,3,7,2,0,0,0,11,0,1,22,200,6,0,200,200,200
335813,1,30,0,0,0,3,7,2,0,0,0,11,0,0,21,200,200,200,200,200,200
335819,0,25,0,0,2,3,7,6,0,1,0,27,200,0,24,200,12,200,7,200,200
335833,0,25,1,2,0,3,0,5,0,1,0,6,6,2,200,200,5,200,200,200,200
335833,0,25,1,2,0,3,0,5,0,1,0,6,6,1,34,0,0,0,0,200,200
335839,0,30,2,2,2,3,7,5,0,1,0,0,0,0,28,200,200,200,0,200,200
335844,0,30,0,0,0,3,9,2,0,1,0,0,17,2,200,200,1,200,200,200,200
335844,5,30,0,0,0,3,9,2,0,1,0,0,17,1,34,7,0,0,5,200,200
335845,0,30,0,0,0,3,7,6,0,1,0,18,18,2,200,200,3,200,200,200,200
335846,0,30,1,2,0,3,10,5,0,0,200,18,16,0,200,200,200,200,200,200,200
335846,0,30,1,2,0,3,10,5,0,0,200,18,16,1,34,0,0,0,0,200,200
335850,0,30,0,0,0,3,7,6,0,1,0,0,0,2,200,200,200,200,200,200,200
335853,0,35,1,2,0,3,0,5,0,0,0,6,16,0,29,200,5,0,0,200,200
335853,0,35,1,2,0,3,0,5,0,0,0,6,16,0,37,200,0,0,0,200,200
335856,0,30,0,0,200,3,0,5,0,200,0,17,0,0,23,200,1,200,200,200,200
335856,0,30,0,0,200,3,0,5,0,200,0,17,0,0,26,200,200,200,200,200,200
335856,1,30,0,0,200,3,0,5,0,200,0,17,0,1,27,200,200,200,200,200,200
335856,1,30,0,0,200,3,0,5,0,200,0,17,0,1,24,200,200,200,200,200,200
335857,0,30,2,2,0,3,12,12,0,1,0,22,200,0,200,200,2,200,200,200,200
335857,0,30,2,2,0,3,12,12,0,1,0,22,200,0,26,0,0,0,0,200,200
335866,0,30,0,0,1,3,7,6,0,1,0,16,200,1,29,200,8,200,200,200,200
335876,0,25,2,2,0,3,7,2,0,1,0,14,200,0,46,200,8,200,0,200,200
335877,0,30,0,0,0,3,7,5,0,0,0,11,0,1,22,0,12,200,0,200,200
335879,0,20,2,2,2,3,2,5,0,1,0,0,0,2,200,200,200,200,200,200,200
335880,0,30,0,0,0,3,7,5,0,0,0,19,0,1,40,200,200,200,200,200,200
335893,0,30,0,2,0,0,7,2,0,1,0,14,16,0,24,200,8,0,0,200,200
335896,0,30,0,0,0,3,7,5,0,1,0,0,0,1,200,200,200,200,200,200,200
335904,0,30,1,2,2,3,14,5,0,1,0,17,0,0,28,200,1,0,0,200,200
335904,0,30,1,2,2,3,14,5,0,1,0,17,0,0,56,200,0,0,0,200,200
335904,1,30,1,2,2,3,14,5,0,1,0,17,0,0,44,200,200,200,200,200,200
335904,1,30,1,2,2,3,14,5,0,1,0,17,0,1,33,200,200,200,200,200,200
335904,1,30,1,2,2,3,14,5,0,1,0,17,0,0,25,200,200,200,200,200,200
335904,1,30,1,2,2,3,14,5,0,1,0,17,0,0,24,200,200,200,200,200,200
335907,0,15,0,0,12,3,7,0,0,1,0,0,0,1,200,200,200,200,200,200,200
335920,0,45,0,200,0,2,12,12,0,1,0,200,200,0,18,200,200,200,0,200,200
335920,0,45,0,200,0,2,12,12,0,1,0,200,200,0,29,200,200,200,7,200,200
335920,1,45,0,200,0,2,12,12,0,1,0,200,200,0,19,200,200,200,200,200,200
335920,1,45,0,200,0,2,12,12,0,1,0,200,200,200,200,200,200,200,200,200,200
335929,0,30,0,0,0,2,7,2,0,0,0,22,17,2,200,200,200,200,200,200,200
335939,0,25,0,0,200,2,2,5,0,0,0,0,0,0,200,200,200,200,200,200,200
335939,1,25,0,0,200,2,2,5,0,0,0,0,0,0,200,200,200,200,200,200,200
335949,0,30,0,0,200,200,7,5,0,200,0,0,200,2,200,200,200,200,200,200,200
335951,0,30,0,0,0,2,7,6,0,0,0,0,16,2,200,200,200,200,200,200,200
335954,0,15,0,0,0,2,2,6,0,0,200,21,200,1,31,0,12,200,0,200,200
335956,0,25,0,0,0,1,10,5,0,0,0,18,18,0,28,0,12,200,0,200,200
335956,0,25,0,0,0,1,10,5,0,0,0,18,18,0,37,0,200,200,0,200,200
335963,0,30,2,2,0,1,0,5,2,0,0,17,11,0,29,0,1,6,0,200,200
335963,0,30,2,2,0,1,0,5,2,0,0,17,11,0,47,0,0,0,0,200,200
335967,0,30,0,0,0,3,14,5,0,0,0,23,200,0,62,0,7,0,0,200,200
335967,0,30,0,0,0,3,14,5,0,0,0,23,200,0,52,0,0,0,0,200,200
335984,0,30,0,0,0,1,12,6,0,0,0,22,17,0,53,0,0,0,0,200,200
335984,0,30,0,0,0,1,12,6,0,0,0,22,17,1,26,0,1,0,0,200,200
335985,0,30,0,0,0,1,12,2,0,0,0,0,0,0,27,0,200,0,0,200,200
335985,0,30,0,0,0,1,12,2,0,0,0,0,0,0,72,0,200,0,0,200,200
335988,0,30,0,0,0,1,10,2,0,0,12,28,18,0,22,200,12,0,0,200,200
335988,0,30,0,0,0,1,10,2,0,0,12,28,18,0,29,200,0,0,0,200,200
335993,0,30,0,0,0,1,12,5,0,0,0,0,0,0,47,0,0,0,0,200,200
335993,0,30,0,0,0,1,12,5,0,0,0,0,0,0,36,0,0,0,0,200,200
335997,0,30,2,2,0,1,0,2,0,0,0,17,200,1,33,200,1,200,200,200,200
335997,0,30,2,2,0,1,0,2,0,0,0,17,200,0,27,0,0,0,0,200,200
335997,1,30,2,2,0,1,0,2,0,0,0,17,200,1,19,0,200,200,200,200,200
336002,0,30,0,0,0,1,2,2,0,0,0,25,16,2,200,200,12,200,200,200,200
336003,0,30,0,0,0,1,14,2,0,0,0,17,0,0,200,200,1,200,200,200,200
336003,0,30,0,0,0,1,14,2,0,0,0,17,0,0,45,0,0,0,0,200,200
336008,0,10,0,0,0,1,7,7,0,0,0,0,0,0,200,200,200,200,200,200,200
336010,0,30,0,0,0,3,7,6,0,0,0,0,0,2,200,200,200,200,200,200,200
336011,0,35,1,2,0,1,8,3,0,0,1,200,200,0,34,0,12,0,0,200,200
336011,4,35,1,2,0,1,8,3,0,0,1,200,200,0,200,7,0,0,0,200,200
336012,0,0,0,0,0,1,7,8,4,0,0,16,200,0,31,200,200,200,0,200,200
336014,0,30,0,0,0,1,2,5,0,0,0,200,200,0,26,7,0,0,0,200,200
336020,0,35,0,0,0,1,5,0,0,0,0,0,200,2,200,200,200,200,200,200,200
336025,0,30,1,2,0,1,14,3,0,0,0,17,6,0,50,0,5,0,0,200,200
336025,0,30,1,2,0,1,14,3,0,0,0,17,6,1,66,0,0,0,0,200,200
336026,0,30,1,2,0,3,12,5,0,0,0,0,0,0,200,200,7,200,200,200,200
336026,0,30,1,2,0,3,12,5,0,0,0,0,0,0,25,0,0,0,0,200,200
336028,0,30,2,2,0,1,10,2,0,0,0,16,200,1,62,0,3,0,0,200,200
336028,0,30,2,2,0,1,10,2,0,0,0,16,200,1,43,0,0,0,0,200,200
336028,1,30,2,2,0,1,10,2,0,0,0,16,200,1,21,0,200,200,200,200,200
336028,1,30,2,2,0,1,10,2,0,0,0,16,200,1,8,0,200,200,200,200,200
336028,1,30,2,2,0,1,10,2,0,0,0,16,200,1,12,0,200,200,200,200,200
336028,1,30,2,2,0,1,10,2,0,0,0,16,200,1,8,0,200,200,200,200,200
336038,0,30,0,0,0,1,2,6,0,0,0,0,200,2,200,200,200,200,200,200,200
336043,0,25,0,0,200,200,7,6,0,200,200,22,0,2,200,200,200,200,200,200,200
336044,0,30,0,0,200,0,7,6,0,200,200,0,0,2,200,200,12,200,200,200,200
336047,0,30,0,0,200,200,7,7,0,200,0,0,200,2,200,200,200,200,200,200,200
336050,0,30,0,0,0,1,2,12,0,0,0,200,200,0,32,0,0,0,0,200,200
336057,0,30,0,0,0,1,0,5,0,0,0,17,0,1,200,200,1,200,200,200,200
336057,0,30,0,0,0,1,0,5,0,0,0,17,0,0,40,7,0,0,0,200,200
336062,0,30,1,2,0,1,10,6,0,1,0,7,16,0,29,0,12,0,0,200,200
336062,0,30,1,2,0,1,10,6,0,1,0,7,16,1,36,0,12,0,0,200,200
336062,1,30,1,2,0,1,10,6,0,1,0,7,16,200,200,0,200,200,200,200,200
336068,0,30,200,200,0,1,7,2,0,0,0,200,200,1,58,200,200,200,200,200,200
336070,0,5,0,0,0,1,0,7,0,0,0,20,200,0,60,0,6,0,0,200,200
336070,0,5,0,0,0,1,0,7,0,0,0,20,200,1,30,0,0,0,0,200,200
336071,0,30,0,0,0,1,10,5,0,0,0,11,200,1,78,0,200,0,0,200,200
336071,0,30,0,0,0,1,10,5,0,0,0,11,200,0,49,0,0,0,0,200,200
336072,0,15,0,0,0,1,7,7,0,0,0,17,18,0,63,0,6,200,200,200,200
336073,0,15,0,0,0,1,7,7,0,0,0,0,19,2,200,200,200,200,200,200,200
336074,4,30,1,2,0,1,8,5,0,0,0,6,17,0,61,3,5,0,0,200,200
336074,0,30,1,2,0,1,8,5,0,0,0,6,17,1,35,0,0,0,0,200,200
336075,0,30,0,0,0,1,11,5,0,0,0,0,0,1,27,0,12,0,0,200,200
336075,0,30,0,0,0,1,11,5,0,0,0,0,0,0,54,0,12,0,0,200,200
336077,0,40,200,200,200,3,10,2,0,200,0,18,16,0,25,200,3,0,200,200,200
336077,0,40,200,200,200,3,10,2,0,200,0,18,16,0,25,0,0,0,0,200,200
336077,1,40,200,200,200,3,10,2,0,200,0,18,16,1,14,0,200,200,200,200,200
336077,1,40,200,200,200,3,10,2,0,200,0,18,16,0,2,5,200,200,200,200,200
336078,0,35,0,0,0,1,10,2,0,0,0,18,200,0,20,200,200,0,0,200,200
336078,0,35,0,0,0,1,10,2,0,0,0,18,200,0,52,7,0,0,0,200,200
336080,0,35,0,0,0,1,12,5,0,0,0,17,17,1,28,0,1,0,0,200,200
336080,0,35,0,0,0,1,12,5,0,0,0,17,17,1,30,7,0,0,0,200,200
336082,0,30,0,200,0,1,10,5,0,0,0,20,0,1,68,200,200,200,200,200,200
336082,0,30,0,200,0,1,10,5,0,0,0,20,0,0,35,200,200,200,0,200,200
336084,0,30,0,0,0,3,7,5,0,0,0,16,16,0,40,7,0,0,0,200,200
336084,1,30,0,0,0,3,7,5,0,0,0,16,16,0,60,0,200,200,200,200,200
336086,0,30,0,0,0,1,12,2,0,0,0,22,200,0,42,0,2,200,0,200,200
336086,0,30,0,0,0,1,12,2,0,0,0,22,200,1,22,0,2,200,0,200,200
336087,0,25,0,0,0,1,7,6,0,0,0,0,0,2,200,200,200,200,200,200,200
336089,0,25,2,2,0,1,10,5,0,0,0,16,17,1,65,0,1,0,0,200,200
336089,0,25,2,2,0,1,10,5,0,0,0,16,17,1,49,0,0,0,0,200,200
336093,0,30,0,0,200,200,7,2,0,200,0,0,0,2,200,200,200,200,200,200,200
336098,0,30,1,0,0,1,7,5,2,0,0,0,0,2,200,200,200,200,200,200,200
336105,0,30,0,0,0,1,12,5,0,0,0,17,200,0,64,0,4,0,0,200,200
336105,0,30,0,0,0,1,12,5,0,0,0,17,200,0,34,0,0,0,0,200,200
336105,1,30,0,0,0,1,12,5,0,0,0,17,200,1,35,0,200,200,200,200,200
336106,0,35,0,0,0,1,3,2,0,0,0,21,200,0,27,200,9,200,200,200,200
336106,0,35,0,0,0,1,3,2,0,0,0,21,200,0,28,0,0,0,0,200,200
336106,0,35,0,0,0,1,3,2,0,0,0,21,200,0,55,0,0,0,0,200,200
336106,1,35,0,0,0,1,3,2,0,0,0,21,200,0,29,200,200,200,200,200,200
336106,1,35,0,0,0,1,3,2,0,0,0,21,200,0,33,200,200,200,200,200,200
336110,0,20,0,0,0,1,10,5,0,0,12,18,0,0,30,0,3,0,0,200,200
336110,0,20,0,0,0,1,10,5,0,0,12,18,0,0,54,0,12,0,0,200,200
336112,0,30,1,2,0,1,9,5,0,0,0,17,200,0,50,0,1,0,0,200,200
336112,5,30,1,2,0,1,9,5,0,0,0,17,200,1,45,7,0,200,0,200,200
336116,0,35,0,0,0,1,10,5,0,0,0,18,200,0,200,200,3,200,200,200,200
336116,0,35,0,0,0,1,10,5,0,0,0,18,200,1,49,7,0,0,0,200,200
336118,0,30,0,0,0,1,10,5,0,0,200,20,0,0,40,200,6,200,200,200,200
336118,0,30,0,0,0,1,10,5,0,0,200,20,0,1,41,0,0,0,0,200,200
336124,0,30,0,0,0,1,9,2,0,0,0,20,200,0,200,200,6,200,200,200,200
336124,5,30,0,0,0,1,9,2,0,0,0,20,200,0,52,7,0,200,0,200,200
336126,0,35,0,0,0,1,14,2,0,0,0,23,17,0,53,0,4,0,0,200,200
336126,0,35,0,0,0,1,14,2,0,0,0,23,17,0,55,0,0,0,0,200,200
336128,0,10,0,0,0,1,2,8,0,0,0,0,0,0,46,7,6,0,0,200,200
336129,0,30,0,0,0,1,7,5,0,0,0,20,200,2,200,200,6,200,200,200,200
336129,1,30,0,0,0,1,7,5,0,0,0,20,200,1,200,0,200,200,200,200,200
336129,1,30,0,0,0,1,7,5,0,0,0,20,200,2,200,0,200,200,200,200,200
336129,1,30,0,0,0,1,7,5,0,0,0,20,200,0,200,0,200,200,200,200,200
336136,0,30,1,2,0,1,14,2,0,0,0,0,200,2,200,200,12,200,200,200,200
336136,0,30,1,2,0,1,14,2,0,0,0,0,200,0,68,0,0,0,0,200,200
336138,0,35,1,2,0,1,14,5,0,0,0,0,200,2,200,200,200,200,200,200,200
336138,0,35,1,2,0,1,14,5,0,0,0,0,200,0,39,0,0,0,0,200,200
336140,0,30,1,2,0,1,10,5,0,0,0,18,200,0,36,0,3,200,0,200,200
336140,0,30,1,2,0,1,10,5,0,0,0,18,200,0,51,0,0,0,0,200,200
336141,0,35,0,0,2,3,7,6,0,1,0,0,0,2,200,200,200,200,200,200,200
336147,0,15,0,0,0,1,2,12,0,0,0,200,200,0,44,0,12,12,0,200,200
336159,0,30,0,0,2,3,0,6,0,1,0,0,0,0,200,200,200,200,200,200,200
336159,0,30,0,0,2,3,0,6,0,1,0,0,0,0,59,200,200,200,200,200,200
336163,0,30,0,0,0,1,2,5,0,0,0,200,200,1,31,0,0,0,0,200,200
336163,1,30,0,0,0,1,2,5,0,0,0,200,200,0,200,0,200,200,200,200,200
336163,1,30,0,0,0,1,2,5,0,0,0,200,200,1,200,0,200,200,200,200,200
336164,0,30,0,0,0,1,10,7,0,0,0,17,200,0,48,0,1,0,0,200,200
336164,0,30,0,0,0,1,10,7,0,0,0,17,200,1,200,200,0,0,0,200,200
336164,1,30,0,0,0,1,10,7,0,0,0,17,200,1,200,200,200,200,200,200,200
336164,1,30,0,0,0,1,10,7,0,0,0,17,200,0,200,200,200,200,200,200,200
336164,1,30,0,0,0,1,10,7,0,0,0,17,200,0,24,0,200,200,200,200,200
336164,1,30,0,0,0,1,10,7,0,0,0,17,200,0,6,5,200,200,200,200,200
336165,0,30,0,0,0,1,12,5,0,0,0,21,200,0,28,0,4,0,0,200,200
336165,0,30,0,0,0,1,12,5,0,0,0,21,200,0,58,0,0,0,0,200,200
336173,0,30,0,0,0,1,7,5,0,0,0,20,0,1,21,0,6,0,0,200,200
336173,1,30,0,0,0,1,7,5,0,0,0,20,0,1,25,0,200,200,200,200,200
336173,1,30,0,0,0,1,7,5,0,0,0,20,0,1,1,5,200,200,200,200,200
336174,0,20,0,0,0,1,7,6,0,0,0,0,0,2,200,200,200,200,200,200,200
336177,0,30,1,2,0,1,12,3,2,0,12,17,14,0,200,200,1,200,200,200,200
336177,0,30,1,2,0,1,12,3,2,0,12,17,14,1,57,0,0,0,0,200,200
336177,0,30,1,2,0,1,12,3,2,0,12,17,14,0,65,0,0,0,0,200,200
336177,0,30,1,2,0,1,12,3,2,0,12,17,14,0,65,0,0,0,0,200,200
336177,1,30,1,2,0,1,12,3,2,0,12,17,14,0,44,0,200,200,200,200,200
336178,0,30,0,0,0,1,10,5,0,0,0,0,0,1,31,0,12,0,0,200,200
336178,0,30,0,0,0,1,10,5,0,0,0,0,0,0,56,0,0,0,0,200,200
336178,0,30,0,0,0,1,10,5,0,0,0,0,0,0,200,200,0,200,200,200,200
336178,1,30,0,0,0,1,10,5,0,0,0,0,0,0,55,0,200,200,200,200,200
336179,0,40,0,0,0,1,12,3,0,0,0,11,200,0,18,0,200,0,0,200,200
336179,0,40,0,0,0,1,12,3,0,0,0,11,200,0,34,0,0,0,0,200,200
336184,0,30,2,0,0,1,0,5,0,0,0,5,14,1,33,200,1,0,0,200,200
336184,0,30,2,0,0,1,0,5,0,0,0,5,14,0,58,0,0,0,0,200,200
336184,0,30,2,0,0,1,0,5,0,0,0,5,14,1,28,0,0,0,0,200,200
336187,0,35,0,0,0,1,7,3,0,0,0,7,200,1,28,0,12,0,0,200,200
336189,0,35,0,0,0,1,10,5,0,0,0,18,18,0,25,200,1,200,200,200,200
336189,0,35,0,0,0,1,10,5,0,0,0,18,18,1,43,0,0,4,0,200,200
336189,1,35,0,0,0,1,10,5,0,0,0,18,18,1,200,0,200,200,200,200,200
336203,0,25,0,0,200,3,7,6,0,200,200,17,200,2,200,200,1,200,200,200,200
336209,0,25,0,0,200,1,12,5,0,200,200,22,22,1,39,200,4,200,200,200,200
336209,0,25,0,0,200,1,12,5,0,200,200,22,22,0,36,200,0,200,200,200,200
336212,0,35,1,2,0,1,10,5,0,0,0,0,0,0,200,200,3,200,200,200,200
336212,0,35,1,2,0,1,10,5,0,0,0,0,0,1,34,7,0,0,0,200,200
336212,1,35,1,2,0,1,10,5,0,0,0,0,0,1,200,200,200,200,200,200,200
336212,1,35,1,2,0,1,10,5,0,0,0,0,0,1,44,1,200,200,200,200,200
336212,1,35,1,2,0,1,10,5,0,0,0,0,0,1,200,7,200,200,200,200,200
336212,1,35,1,2,0,1,10,5,0,0,0,0,0,1,15,7,200,200,200,200,200
336213,0,20,0,0,0,1,11,6,0,0,0,20,0,0,27,0,6,200,0,200,200
336213,0,20,0,0,0,1,11,6,0,0,0,20,0,0,56,0,0,0,0,200,200
336214,0,15,0,0,0,0,7,7,0,0,0,0,0,2,200,200,200,200,200,200,200
336216,0,20,0,0,0,0,7,2,0,0,0,17,17,2,200,200,200,200,200,200,200
336219,0,25,0,0,0,1,7,5,0,0,0,0,0,2,200,200,200,200,200,200,200
336223,0,30,0,0,0,1,2,5,0,0,0,0,0,0,200,200,200,200,200,200,200
336229,0,35,0,0,0,1,14,3,0,0,0,21,200,1,64,0,4,0,0,200,200
336229,0,35,0,0,0,1,14,3,0,0,0,21,200,0,46,0,0,0,0,200,200
336230,0,0,0,0,0,1,11,5,0,0,0,21,200,0,200,200,2,200,200,200,200
336230,0,0,0,0,0,1,11,5,0,0,0,21,200,0,59,200,0,200,0,200,200
336232,0,20,0,0,0,1,7,7,0,0,0,16,0,2,200,200,200,200,200,200,200
336232,1,20,0,0,0,1,7,7,0,0,0,16,0,2,200,200,200,200,200,200,200
336234,0,30,1,2,0,1,10,3,0,0,0,8,200,1,26,0,0,0,0,200,200
336234,0,30,1,2,0,1,10,3,0,0,0,8,200,1,60,0,0,0,0,200,200
336236,0,25,0,0,0,1,2,12,0,0,200,0,0,1,29,0,200,200,0,200,200
336238,0,30,1,2,0,1,10,5,0,0,0,18,200,0,30,0,12,0,0,200,200
336238,0,30,1,2,0,1,10,5,0,0,0,18,200,0,49,0,0,0,0,200,200
336238,1,30,1,2,0,1,10,5,0,0,0,18,200,1,75,0,200,200,200,200,200
336238,1,30,1,2,0,1,10,5,0,0,0,18,200,0,75,0,200,200,200,200,200
336240,0,30,1,2,0,1,14,12,0,0,0,0,0,0,200,200,5,200,200,200,200
336240,0,30,1,2,0,1,14,12,0,0,0,0,0,1,67,0,0,0,0,200,200
336241,0,15,0,0,0,1,2,0,2,0,0,25,200,0,200,200,13,200,200,200,200
336241,1,15,0,0,0,1,2,0,2,0,0,25,200,0,200,200,200,200,200,200,200
336246,0,30,1,2,0,1,12,2,0,0,3,22,0,0,36,0,2,0,0,200,200
336246,0,30,1,2,0,1,12,2,0,0,3,22,0,1,26,0,0,0,0,200,200
336250,0,30,1,2,0,1,10,5,0,0,0,18,0,0,51,200,3,200,200,200,200
336250,0,30,1,2,0,1,10,5,0,0,0,18,0,0,22,0,0,0,0,200,200
336255,0,30,0,0,0,1,12,2,0,0,0,22,200,0,63,200,4,200,200,200,200
336255,0,30,0,0,0,1,12,2,0,0,0,22,200,0,20,0,0,0,0,200,200
336258,0,30,0,0,0,1,7,5,0,0,0,20,20,0,44,0,6,0,0,200,200
336263,0,30,1,2,0,1,14,5,0,0,0,23,200,2,200,200,7,200,200,200,200
336263,0,30,1,2,0,1,14,5,0,0,0,23,200,0,36,0,0,0,0,200,200
336267,0,25,0,1,0,0,10,5,0,0,0,18,18,0,200,200,3,200,200,200,200
336267,0,25,0,1,0,0,10,5,0,0,0,18,18,0,24,0,0,0,0,200,200
336273,0,30,0,0,0,1,2,4,0,0,0,16,200,1,69,0,200,0,0,200,200
336277,0,30,1,2,2,3,14,3,0,1,200,0,200,0,200,200,200,200,200,200,200
336277,0,30,1,2,2,3,14,3,0,1,200,0,200,0,22,0,200,200,200,200,200
336277,1,30,1,2,2,3,14,3,0,1,200,0,200,1,200,0,200,200,200,200,200
336277,1,30,1,2,2,3,14,3,0,1,200,0,200,1,200,0,200,200,200,200,200
336277,1,30,1,2,2,3,14,3,0,1,200,0,200,0,200,0,200,200,200,200,200
336277,1,30,1,2,2,3,14,3,0,1,200,0,200,1,200,0,200,200,200,200,200
336277,1,30,1,2,2,3,14,3,0,1,200,0,200,200,200,0,200,200,200,200,200
336277,1,30,1,2,2,3,14,3,0,1,200,0,200,1,200,200,200,200,200,200,200
336279,0,30,0,0,0,1,7,4,0,0,200,200,200,1,86,0,12,200,0,200,200
336281,0,30,0,0,0,1,7,7,0,0,0,11,200,1,86,200,12,200,200,200,200
336293,0,30,1,2,0,1,10,12,0,0,0,0,200,1,25,200,3,0,200,200,200
336293,0,30,1,2,0,1,10,12,0,0,0,0,200,1,56,0,0,0,0,200,200
336293,0,30,1,2,0,1,10,12,0,0,0,0,200,1,200,200,0,200,200,200,200
336294,0,45,0,0,2,0,10,2,0,1,0,0,0,0,200,200,200,200,200,200,200
336294,0,45,0,0,2,0,10,2,0,1,0,0,0,0,48,0,0,0,0,200,200
336297,0,15,0,0,200,1,7,7,0,200,0,0,200,2,200,200,200,200,200,200,200
336298,0,30,1,2,0,1,10,5,0,0,0,18,200,1,47,0,3,0,0,200,200
336298,0,30,1,2,0,1,10,5,0,0,0,18,200,0,49,0,0,0,0,200,200
336302,0,55,0,0,0,1,10,3,0,0,0,0,0,1,22,200,200,200,200,200,200
336302,0,55,0,0,0,1,10,3,0,0,0,0,0,1,42,0,0,0,0,200,200
336315,0,30,0,0,0,1,12,5,0,0,0,21,200,1,34,0,4,0,0,200,200
336315,0,30,0,0,0,1,12,5,0,0,0,21,200,1,57,0,0,0,0,200,200
336315,1,30,0,0,0,1,12,5,0,0,0,21,200,1,200,0,200,200,200,200,200
336317,0,30,0,0,0,1,7,7,0,0,1,20,200,0,51,0,6,0,0,200,200
336324,0,30,0,0,0,1,12,2,0,0,0,17,200,1,81,0,1,0,0,200,200
336324,0,30,0,0,0,1,12,2,0,0,0,17,200,1,24,0,0,0,0,200,200
336324,1,30,0,0,0,1,12,2,0,0,0,17,200,1,36,0,200,200,200,200,200
336324,1,30,0,0,0,1,12,2,0,0,0,17,200,1,8,0,200,200,200,200,200
336326,0,5,0,0,0,1,0,5,0,0,0,20,200,0,60,1,200,200,200,200,200
336326,0,5,0,0,0,1,0,5,0,0,0,20,200,0,82,0,0,0,0,200,200
336331,0,30,0,0,0,1,10,2,0,0,0,18,17,0,85,0,1,0,0,200,200
336331,0,30,0,0,0,1,10,2,0,0,0,18,17,1,0,7,0,0,0,200,200
336334,0,30,0,0,0,1,10,2,0,0,0,0,0,1,200,200,12,200,200,200,200