RD_NO,PERSON_TYPE,POSTED_SPEED_LIMIT,TRAFFIC_CONTROL_DEVICE,DEVICE_CONDITION,WEATHER_CONDITION,LIGHTING_CONDITION,FIRST_CRASH_TYPE,TRAFFICWAY_TYPE,ALIGNMENT,ROADWAY_SURFACE_COND,ROAD_DEFECT,PRIM_CONTRIBUTORY_CAUSE,SEC_CONTRIBUTORY_CAUSE,SEX,AGE,SAFETY_EQUIPMENT,DRIVER_ACTION,DRIVER_VISION,PHYSICAL_CONDITION,BAC_RESULT VALUE,CELL_PHONE_USE
336334,0,30,0,0,0,1,10,2,0,0,0,0,0,1,45,7,0,0,0,200,200
336338,0,30,1,2,0,1,11,2,0,0,0,0,200,0,35,0,200,200,0,200,200
336338,0,30,1,2,0,1,11,2,0,0,0,0,200,0,200,200,200,200,200,200,200
336339,0,30,0,0,2,3,7,5,0,1,0,17,200,1,35,0,1,0,200,200,200
336340,0,10,0,0,0,1,7,7,0,0,0,11,200,1,25,0,6,0,0,200,200
336343,0,30,0,0,0,1,0,2,0,0,0,21,21,1,200,0,12,1,0,200,200
336343,0,30,0,0,0,1,0,2,0,0,0,21,21,1,35,0,0,0,0,200,200
336343,1,30,0,0,0,1,0,2,0,0,0,21,21,1,22,0,200,200,200,200,200
336343,1,30,0,0,0,1,0,2,0,0,0,21,21,1,24,0,200,200,200,200,200
336343,1,30,0,0,0,1,0,2,0,0,0,21,21,1,24,0,200,200,200,200,200
336348,0,30,0,3,0,0,7,5,0,0,0,0,0,0,57,200,6,0,0,200,200
336350,0,30,0,0,0,1,10,5,0,0,0,0,0,0,50,0,6,0,0,200,200
336350,0,30,0,0,0,1,10,5,0,0,0,0,0,0,23,0,200,0,0,200,200
336351,0,30,1,2,0,1,10,5,0,0,0,18,16,1,24,200,3,200,0,200,200
336351,0,30,1,2,0,1,10,5,0,0,0,18,16,1,27,0,0,0,0,200,200
336357,0,30,0,0,0,3,7,5,0,0,0,0,200,2,200,200,200,200,200,200,200
336366,0,15,0,0,0,1,12,6,0,0,0,200,200,0,51,7,12,0,0,200,200
336366,0,15,0,0,0,1,12,6,0,0,0,200,200,1,24,0,0,0,0,200,200
336366,1,15,0,0,0,1,12,6,0,0,0,200,200,1,46,0,200,200,200,200,200
336368,0,30,0,0,0,1,14,2,0,0,0,0,200,0,43,0,1,0,0,200,200
336368,0,30,0,0,0,1,14,2,0,0,0,0,200,1,26,0,0,0,0,200,200
336370,0,45,0,0,0,3,4,3,0,1,1,29,200,0,21,0,0,0,0,200,200
336378,0,30,1,2,0,1,5,3,0,0,0,0,200,0,36,200,200,200,0,200,200
336378,0,30,1,2,0,1,5,3,0,0,0,0,200,1,21,200,200,200,0,200,200
336378,1,30,1,2,0,1,5,3,0,0,0,0,200,1,42,200,200,200,200,200,200
336378,1,30,1,2,0,1,5,3,0,0,0,0,200,1,41,200,200,200,200,200,200
336378,1,30,1,2,0,1,5,3,0,0,0,0,200,1,19,200,200,200,200,200,200
336378,1,30,1,2,0,1,5,3,0,0,0,0,200,0,21,200,200,200,200,200,200
336379,0,30,2,2,0,1,10,5,0,0,0,18,0,1,200,200,3,200,200,200,200
336379,0,30,2,2,0,1,10,5,0,0,0,18,0,1,54,0,0,200,200,200,200
336381,0,30,0,0,0,1,10,5,0,0,0,16,200,2,200,200,200,200,200,200,200
336381,0,30,0,0,0,1,10,5,0,0,0,16,200,1,39,200,0,0,0,200,200
336384,0,30,0,0,200,1,7,3,0,200,200,0,0,2,200,200,6,200,200,200,200
336387,0,30,0,3,0,1,7,5,0,0,0,0,200,1,200,200,200,200,200,200,200
336387,1,30,0,3,0,1,7,5,0,0,0,0,200,200,200,0,200,200,200,200,200
336388,0,30,1,2,1,1,12,5,0,0,0,21,16,0,18,200,4,0,0,200,200
336388,0,30,1,2,1,1,12,5,0,0,0,21,16,1,46,0,0,0,0,200,200
336388,1,30,1,2,1,1,12,5,0,0,0,21,16,1,19,200,200,200,200,200,200
336388,1,30,1,2,1,1,12,5,0,0,0,21,16,0,1,5,200,200,200,200,200
336389,0,30,1,2,0,1,0,5,0,0,0,0,0,1,29,0,200,0,0,200,200
336389,0,30,1,2,0,1,0,5,0,0,0,0,0,1,25,200,200,200,0,200,200
336389,1,30,1,2,0,1,0,5,0,0,0,0,0,1,25,0,200,200,200,200,200
336389,1,30,1,2,0,1,0,5,0,0,0,0,0,200,200,200,200,200,200,200,200
336391,0,30,0,0,0,1,10,5,0,0,0,18,16,1,22,0,3,200,0,200,200
336391,0,30,0,0,0,1,10,5,0,0,0,18,16,1,21,0,0,0,0,200,200
336397,0,30,1,0,0,1,10,5,0,0,0,18,200,0,47,200,3,200,200,200,200
336397,0,30,1,0,0,1,10,5,0,0,0,18,200,1,47,0,0,0,0,200,200
336403,0,30,1,2,0,1,10,5,0,0,0,20,0,0,31,200,6,200,200,200,200
336403,0,30,1,2,0,1,10,5,0,0,0,20,0,1,37,0,0,0,0,200,200
336433,0,30,0,0,0,1,12,3,0,0,12,0,200,0,0,200,200,0,0,200,200
336433,0,30,0,0,0,1,12,3,0,0,12,0,200,1,32,200,200,0,0,200,200
336435,0,30,2,2,0,0,0,2,0,0,0,0,0,1,31,200,200,200,200,200,200
336435,0,30,2,2,0,0,0,2,0,0,0,0,0,1,36,0,200,0,200,200,200
336435,1,30,2,2,0,0,0,2,0,0,0,0,0,0,7,0,200,200,200,200,200
336435,1,30,2,2,0,0,0,2,0,0,0,0,0,0,44,0,200,200,200,200,200
336435,1,30,2,2,0,0,0,2,0,0,0,0,0,0,7,0,200,200,200,200,200
336441,0,30,0,200,0,3,10,5,0,0,0,0,200,0,200,200,200,200,200,200,200
336441,0,30,0,200,0,3,10,5,0,0,0,0,200,0,200,0,200,200,0,200,200
336445,0,30,0,0,0,1,7,3,0,0,0,0,0,2,200,200,12,200,200,200,200
336445,1,30,0,0,0,1,7,3,0,0,0,0,0,1,40,200,200,200,200,200,200
336450,0,40,0,0,0,1,10,3,0,0,0,0,0,1,200,200,200,0,0,200,200
336450,0,40,0,0,0,1,10,3,0,0,0,0,0,1,200,0,0,0,0,200,200
336455,0,30,1,2,2,0,10,5,0,1,0,16,0,1,29,0,3,0,0,200,200
336455,0,30,1,2,2,0,10,5,0,1,0,16,0,1,55,0,0,0,0,200,200
336461,0,20,0,0,0,1,7,2,0,0,0,0,0,2,200,200,200,200,200,200,200
336462,0,30,200,200,0,1,14,5,0,0,0,0,0,0,20,200,1,200,0,200,200
336462,0,30,200,200,0,1,14,5,0,0,0,0,0,0,33,200,0,200,0,200,200
336462,1,30,200,200,0,1,14,5,0,0,0,0,0,0,17,200,200,200,200,200,200
336465,0,30,200,200,0,1,10,5,0,0,200,18,200,0,200,200,200,200,0,200,200
336465,0,30,200,200,0,1,10,5,0,0,200,18,200,0,37,200,200,200,0,200,200
336466,0,25,0,0,0,1,10,2,0,0,0,0,0,2,200,200,1,200,200,200,200
336466,0,25,0,0,0,1,10,2,0,0,0,0,0,1,36,0,0,0,0,200,200
336468,0,15,0,0,0,1,7,5,0,0,0,200,200,2,200,200,200,200,200,200,200
336470,4,30,0,0,0,1,8,5,0,0,0,200,200,0,43,7,9,200,0,200,200
336470,0,30,0,0,0,1,8,5,0,0,0,200,200,0,200,200,200,200,200,200,200
336482,0,30,0,0,0,1,10,5,0,0,0,0,0,1,46,0,200,0,0,200,200
336482,0,30,0,0,0,1,10,5,0,0,0,0,0,0,50,0,200,0,0,200,200
336485,0,30,1,2,0,1,2,2,2,0,0,12,200,0,51,0,12,0,0,200,200
336486,0,10,0,0,0,1,12,7,0,0,0,21,20,0,60,0,6,12,0,200,200
336486,0,10,0,0,0,1,12,7,0,0,0,21,20,1,200,0,0,0,0,200,200
336488,0,30,0,0,1,1,0,7,0,0,0,20,27,0,200,200,6,200,200,200,200
336488,0,30,0,0,1,1,0,7,0,0,0,20,27,1,65,0,0,0,0,200,200
336489,0,20,0,0,0,1,0,7,0,0,0,17,200,0,36,0,0,0,0,200,200
336489,0,20,0,0,0,1,0,7,0,0,0,17,200,1,54,0,0,0,0,200,200
336491,0,15,0,0,0,1,12,0,0,0,0,22,33,0,59,200,2,3,0,200,200
336491,0,15,0,0,0,1,12,0,0,0,0,22,33,0,35,200,0,0,0,200,200
336492,0,30,0,0,0,1,5,2,0,0,0,0,0,1,31,0,12,0,0,200,200
336492,3,30,0,0,0,1,5,2,0,0,0,0,0,200,200,7,12,12,12,200,200
336497,0,25,0,0,2,3,12,2,0,1,0,0,0,0,200,200,8,200,200,200,200
336497,0,25,0,0,2,3,12,2,0,1,0,0,0,1,31,0,0,0,0,200,200
336500,0,30,0,0,0,1,0,6,0,0,0,20,16,0,60,0,6,0,0,200,200
336500,0,30,0,0,0,1,0,6,0,0,0,20,16,0,23,200,0,200,0,200,200
336503,0,30,2,2,0,1,10,5,0,0,0,17,0,0,200,200,200,200,200,200,200
336503,0,30,2,2,0,1,10,5,0,0,0,17,0,0,38,0,0,0,0,200,200
336503,1,30,2,2,0,1,10,5,0,0,0,17,0,1,32,0,200,200,200,200,200
336512,0,30,0,0,0,1,10,2,0,0,0,18,16,0,37,2,1,0,0,200,200
336512,0,30,0,0,0,1,10,2,0,0,0,18,16,1,85,200,12,0,0,200,200
336514,0,30,0,0,2,1,10,5,0,1,0,16,8,0,25,200,3,200,0,200,200
336514,0,30,0,0,2,1,10,5,0,1,0,16,8,0,53,200,200,0,0,200,200
336518,0,30,0,0,0,1,7,7,0,0,0,0,0,2,200,200,200,200,200,200,200
336520,0,25,0,0,0,1,2,6,0,0,0,0,0,1,27,0,200,0,0,200,200
336521,0,20,0,0,200,3,7,5,0,200,0,200,200,2,200,200,200,200,200,200,200
336524,0,30,2,2,2,1,8,6,0,1,0,5,17,0,69,0,5,0,0,200,200
336524,4,30,2,2,2,1,8,6,0,1,0,5,17,0,36,2,0,0,0,200,200
336525,0,30,0,0,0,1,12,5,0,0,200,0,0,1,63,200,200,200,0,200,200
336525,0,30,0,0,0,1,12,5,0,0,200,0,0,1,54,200,0,200,0,200,200
336525,1,30,0,0,0,1,12,5,0,0,200,0,0,200,200,200,200,200,200,200,200
336525,1,30,0,0,0,1,12,5,0,0,200,0,0,200,200,200,200,200,200,200,200
336531,0,30,0,0,2,1,7,6,0,1,0,0,0,1,200,200,200,200,200,200,200
336532,0,15,0,0,0,1,2,0,0,0,0,0,200,0,33,0,200,0,0,200,200
336545,0,30,2,2,2,1,10,5,0,1,0,10,200,1,200,0,8,0,0,200,200
336545,0,30,2,2,2,1,10,5,0,1,0,10,200,1,200,0,0,0,0,200,200
336547,0,25,0,0,0,1,0,0,0,0,0,33,0,0,54,0,12,12,0,200,200
336547,0,25,0,0,0,1,0,0,0,0,0,33,0,0,200,200,15,200,200,200,200
336550,0,20,2,2,0,1,11,5,0,0,12,28,29,0,200,0,1,12,0,200,200
336550,0,20,2,2,0,1,11,5,0,0,12,28,29,1,63,0,0,0,0,200,200
336554,0,30,0,0,2,1,12,2,0,1,0,34,200,0,25,0,0,4,0,200,200
336554,0,30,0,0,2,1,12,2,0,1,0,34,200,1,42,0,0,0,0,200,200
336556,0,30,1,2,2,1,10,1,0,1,3,34,34,0,33,0,12,0,0,200,200
336556,0,30,1,2,2,1,10,1,0,1,3,34,34,0,73,0,0,0,0,200,200
336559,0,0,1,2,0,1,10,2,0,0,0,18,0,1,35,200,3,200,200,200,200
336559,0,0,1,2,0,1,10,2,0,0,0,18,0,0,24,200,0,0,0,200,200
336563,0,30,0,0,0,3,7,6,0,0,0,0,0,2,200,200,200,200,200,200,200
336570,0,30,0,0,2,1,14,5,0,1,0,34,11,1,19,0,8,4,0,200,200
336570,0,30,0,0,2,1,14,5,0,1,0,34,11,0,28,0,0,4,0,200,200
336572,0,35,0,0,0,1,10,5,0,0,200,0,200,0,200,0,0,200,0,200,200
336572,0,35,0,0,0,1,10,5,0,0,200,0,200,0,200,0,0,0,0,200,200
336575,0,30,0,0,0,1,7,7,0,0,0,0,200,2,200,200,200,200,200,200,200
336580,0,30,2,2,0,1,11,2,0,0,12,22,28,1,63,0,2,0,0,200,200
336580,0,30,2,2,0,1,11,2,0,0,12,22,28,0,35,0,12,0,0,200,200
336580,1,30,2,2,0,1,11,2,0,0,12,22,28,1,4,5,200,200,200,200,200
336580,1,30,2,2,0,1,11,2,0,0,12,22,28,1,64,0,200,200,200,200,200
336586,0,30,1,2,0,1,10,5,0,1,0,18,16,0,23,0,3,0,0,200,200
336586,0,30,1,2,0,1,10,5,0,1,0,18,16,0,58,0,0,0,0,200,200
336587,0,25,1,200,2,4,12,5,0,1,200,23,200,2,200,200,200,200,200,200,200
336587,0,25,1,200,2,4,12,5,0,1,200,23,200,0,37,200,0,0,200,200,200
336592,0,30,1,2,2,1,10,12,0,1,0,22,11,2,200,200,2,200,200,200,200
336592,0,30,1,2,2,1,10,12,0,1,0,22,11,0,23,0,12,0,0,200,200
336592,0,30,1,2,2,1,10,12,0,1,0,22,11,0,34,0,0,0,0,200,200
336599,5,35,1,2,2,1,9,3,0,1,0,200,3,0,60,7,1,200,7,200,200
336599,0,35,1,2,2,1,9,3,0,1,0,200,3,1,35,0,12,0,0,200,200
336609,0,30,1,2,2,1,14,2,0,1,0,0,0,0,25,200,200,200,0,200,200
336609,0,30,1,2,2,1,14,2,0,1,0,0,0,0,23,0,0,0,0,200,200
336620,0,30,2,2,1,1,14,12,0,1,0,17,23,1,32,0,1,1,0,200,200
336620,0,30,2,2,1,1,14,12,0,1,0,17,23,1,37,0,0,0,0,200,200
336620,1,30,2,2,1,1,14,12,0,1,0,17,23,0,17,0,200,200,200,200,200
336620,1,30,2,2,1,1,14,12,0,1,0,17,23,0,3,5,200,200,200,200,200
336620,1,30,2,2,1,1,14,12,0,1,0,17,23,0,17,0,200,200,200,200,200
336620,1,30,2,2,1,1,14,12,0,1,0,17,23,1,16,0,200,200,200,200,200
336624,0,30,0,0,0,1,11,5,0,0,200,12,200,0,18,200,200,200,0,200,200
336624,0,30,0,0,0,1,11,5,0,0,200,12,200,0,59,200,0,200,0,200,200
336626,0,30,1,2,0,0,10,5,0,0,0,18,18,1,31,0,3,200,0,200,200
336626,0,30,1,2,0,0,10,5,0,0,0,18,18,0,36,0,0,0,0,200,200
336627,0,30,200,200,0,1,0,12,0,1,200,200,200,0,27,200,200,200,0,200,200
336627,0,30,200,200,0,1,0,12,0,1,200,200,200,0,17,200,200,200,0,200,200
336627,1,30,200,200,0,1,0,12,0,1,200,200,200,0,17,200,200,200,200,200,200
336627,1,30,200,200,0,1,0,12,0,1,200,200,200,0,16,200,200,200,200,200,200
336628,0,30,0,0,2,1,10,5,0,1,0,18,200,0,42,200,3,200,200,200,200
336628,0,30,0,0,2,1,10,5,0,1,0,18,200,0,82,0,0,0,0,200,200
336629,0,30,0,0,0,1,7,5,0,0,0,200,200,2,200,200,200,200,200,200,200
336631,0,25,0,0,0,1,1,2,0,0,0,0,0,1,57,0,0,0,0,200,200
336634,0,30,0,0,12,1,14,5,0,1,0,17,200,1,30,200,1,12,0,200,200
336634,0,30,0,0,12,1,14,5,0,1,0,17,200,1,59,200,12,0,0,200,200
336634,0,30,0,0,12,1,14,5,0,1,0,17,200,0,45,200,0,0,0,200,200
336634,1,30,0,0,12,1,14,5,0,1,0,17,200,1,200,200,200,200,200,200,200
336636,0,30,0,0,2,2,12,6,0,1,0,200,200,1,22,0,0,0,0,200,200
336636,0,30,0,0,2,2,12,6,0,1,0,200,200,1,38,1,0,0,0,200,200
336637,0,30,0,0,1,1,7,5,0,0,0,11,200,1,38,0,0,0,0,200,200
336637,1,30,0,0,1,1,7,5,0,0,0,11,200,1,200,0,200,200,200,200,200
336637,1,30,0,0,1,1,7,5,0,0,0,11,200,1,10,0,200,200,200,200,200
336637,1,30,0,0,1,1,7,5,0,0,0,11,200,0,200,0,200,200,200,200,200
336640,0,30,2,2,2,1,0,12,0,1,3,0,200,0,200,200,8,200,200,200,200
336640,0,30,2,2,2,1,0,12,0,1,3,0,200,1,41,0,1,0,0,200,200
336643,0,30,2,2,0,1,0,5,0,0,0,0,0,0,200,200,1,200,200,200,200
336643,0,30,2,2,0,1,0,5,0,0,0,0,0,1,57,7,0,0,0,200,200
336643,1,30,2,2,0,1,0,5,0,0,0,0,0,1,200,200,200,200,200,200,200
336643,1,30,2,2,0,1,0,5,0,0,0,0,0,1,26,0,200,200,200,200,200
336644,0,30,1,2,2,1,14,2,0,1,0,23,200,0,36,0,7,0,0,200,200
336644,0,30,1,2,2,1,14,2,0,1,0,23,200,0,42,0,0,0,0,200,200
336656,0,30,1,2,0,1,10,2,0,1,0,17,0,2,200,200,1,200,200,200,200
336656,0,30,1,2,0,1,10,2,0,1,0,17,0,0,26,0,0,0,0,200,200
336658,0,30,0,0,2,1,10,5,0,1,12,18,16,1,200,200,3,200,200,200,200
336658,0,30,0,0,2,1,10,5,0,1,12,18,16,0,30,0,0,0,0,200,200
336661,0,30,1,2,0,1,10,5,0,0,0,18,200,1,21,0,3,0,0,200,200
336661,0,30,1,2,0,1,10,5,0,0,0,18,200,1,57,200,0,0,0,200,200
336661,1,30,1,2,0,1,10,5,0,0,0,18,200,0,59,0,200,200,200,200,200
336666,0,30,1,2,2,1,12,6,0,1,0,22,200,0,200,200,4,200,200,200,200
336666,0,30,1,2,2,1,12,6,0,1,0,22,200,1,200,0,0,200,0,200,200
336666,1,30,1,2,2,1,12,6,0,1,0,22,200,0,200,4,200,200,200,200,200
336666,1,30,1,2,2,1,12,6,0,1,0,22,200,0,200,200,200,200,200,200,200
336666,1,30,1,2,2,1,12,6,0,1,0,22,200,0,200,200,200,200,200,200,200
336666,1,30,1,2,2,1,12,6,0,1,0,22,200,2,200,200,200,200,200,200,200
336666,1,30,1,2,2,1,12,6,0,1,0,22,200,0,200,200,200,200,200,200,200
336666,1,30,1,2,2,1,12,6,0,1,0,22,200,0,200,200,200,200,200,200,200
336666,1,30,1,2,2,1,12,6,0,1,0,22,200,0,200,200,200,200,200,200,200
336666,1,30,1,2,2,1,12,6,0,1,0,22,200,0,200,200,200,200,200,200,200
336666,1,30,1,2,2,1,12,6,0,1,0,22,200,0,200,200,200,200,200,200,200
336666,1,30,1,2,2,1,12,6,0,1,0,22,200,0,200,200,200,200,200,200,200
336666,1,30,1,2,2,1,12,6,0,1,0,22,200,0,200,200,200,200,200,200,200
336666,1,30,1,2,2,1,12,6,0,1,0,22,200,200,200,200,200,200,200,200,200
336666,1,30,1,2,2,1,12,6,0,1,0,22,200,2,200,200,200,200,200,200,200
336666,1,30,1,2,2,1,12,6,0,1,0,22,200,2,200,200,200,200,200,200,200
336666,1,30,1,2,2,1,12,6,0,1,0,22,200,1,200,200,200,200,200,200,200
336666,1,30,1,2,2,1,12,6,0,1,0,22,200,0,200,200,200,200,200,200,200
336666,1,30,1,2,2,1,12,6,0,1,0,22,200,0,200,200,200,200,200,200,200
336666,1,30,1,2,2,1,12,6,0,1,0,22,200,0,200,200,200,200,200,200,200
336666,1,30,1,2,2,1,12,6,0,1,0,22,200,0,200,200,200,200,200,200,200
336666,1,30,1,2,2,1,12,6,0,1,0,22,200,0,200,200,200,200,200,200,200
336666,1,30,1,2,2,1,12,6,0,1,0,22,200,0,200,200,200,200,200,200,200
336666,1,30,1,2,2,1,12,6,0,1,0,22,200,200,200,200,200,200,200,200,200
336666,1,30,1,2,2,1,12,6,0,1,0,22,200,200,200,200,200,200,200,200,200
336666,1,30,1,2,2,1,12,6,0,1,0,22,200,1,200,200,200,200,200,200,200
336666,1,30,1,2,2,1,12,6,0,1,0,22,200,2,200,200,200,200,200,200,200
336666,1,30,1,2,2,1,12,6,0,1,0,22,200,2,200,200,200,200,200,200,200
336666,1,30,1,2,2,1,12,6,0,1,0,22,200,2,200,200,200,200,200,200,200
336666,1,30,1,2,2,1,12,6,0,1,0,22,200,1,200,200,200,200,200,200,200
336672,0,30,0,0,0,1,12,7,0,0,0,0,200,2,200,200,200,200,200,200,200
336672,0,30,0,0,0,1,12,7,0,0,0,0,200,0,35,0,0,200,0,200,200
336674,0,35,0,0,0,1,7,5,0,0,0,0,0,2,200,200,200,200,200,200,200
336675,0,30,1,2,2,1,10,5,0,1,0,20,0,1,37,0,6,0,0,200,200
336675,0,30,1,2,2,1,10,5,0,1,0,20,0,0,31,0,0,0,0,200,200
336676,0,30,0,0,2,1,10,5,0,1,0,22,200,2,200,200,4,200,200,200,200
336676,0,30,0,0,2,1,10,5,0,1,0,22,200,0,27,0,0,0,0,200,200
336677,0,30,0,0,2,1,0,5,0,1,200,0,0,0,25,0,1,200,0,200,200
336677,0,30,0,0,2,1,0,5,0,1,200,0,0,0,19,0,0,200,7,200,200
336677,1,30,0,0,2,1,0,5,0,1,200,0,0,1,26,0,200,200,200,200,200
336677,1,30,0,0,2,1,0,5,0,1,200,0,0,0,13,0,200,200,200,200,200
336677,1,30,0,0,2,1,0,5,0,1,200,0,0,0,19,0,200,200,200,200,200
336677,1,30,0,0,2,1,0,5,0,1,200,0,0,0,20,0,200,200,200,200,200
336677,1,30,0,0,2,1,0,5,0,1,200,0,0,0,17,0,200,200,200,200,200
336678,0,30,1,2,2,1,14,5,0,1,0,6,0,0,18,200,5,200,0,200,200
336678,0,30,1,2,2,1,14,5,0,1,0,6,0,1,60,200,0,0,0,200,200
336678,0,30,1,2,2,1,14,5,0,1,0,6,0,1,31,200,0,0,0,200,200
336678,1,30,1,2,2,1,14,5,0,1,0,6,0,1,5,200,200,200,200,200,200
336678,1,30,1,2,2,1,14,5,0,1,0,6,0,0,6,0,200,200,200,200,200
336678,1,30,1,2,2,1,14,5,0,1,0,6,0,0,200,0,200,200,200,200,200
336680,0,20,0,0,0,1,7,5,0,1,0,20,0,0,62,0,6,0,0,200,200
336681,0,30,2,0,1,1,10,5,0,0,0,18,200,0,56,0,3,0,0,200,200
336681,0,30,2,0,1,1,10,5,0,0,0,18,200,0,35,0,0,0,0,200,200
336681,1,30,2,0,1,1,10,5,0,0,0,18,200,0,32,0,200,200,200,200,200
336681,1,30,2,0,1,1,10,5,0,0,0,18,200,0,33,0,200,200,200,200,200
336684,0,10,0,0,2,1,7,6,0,3,0,20,200,0,200,200,6,200,200,200,200
336684,1,10,0,0,2,1,7,6,0,3,0,20,200,1,63,0,200,200,200,200,200
336684,1,10,0,0,2,1,7,6,0,3,0,20,200,1,50,0,200,200,200,200,200
336688,0,30,2,2,0,1,10,2,0,0,0,0,200,1,55,200,200,200,200,200,200
336688,0,30,2,2,0,1,10,2,0,0,0,0,200,0,42,0,0,0,0,200,200
336692,0,25,0,0,2,1,10,2,0,1,0,0,0,1,19,0,1,0,0,200,200
336692,0,25,0,0,2,1,10,2,0,1,0,0,0,0,58,0,0,0,0,200,200
336696,0,30,1,2,2,1,12,2,0,1,200,22,21,1,49,0,4,200,200,200,200
336696,0,30,1,2,2,1,12,2,0,1,200,22,21,0,50,0,0,200,0,200,200
336696,1,30,1,2,2,1,12,2,0,1,200,22,21,0,46,200,200,200,200,200,200
336696,1,30,1,2,2,1,12,2,0,1,200,22,21,0,55,200,200,200,200,200,200
336696,1,30,1,2,2,1,12,2,0,1,200,22,21,0,44,200,200,200,200,200,200
336702,0,30,2,2,1,1,9,5,0,0,0,17,200,0,59,200,1,0,0,200,200
336702,5,30,2,2,1,1,9,5,0,0,0,17,200,0,80,200,0,200,0,200,200
336708,0,10,0,0,0,1,0,7,0,0,0,0,0,1,86,0,1,0,0,200,200
336708,0,10,0,0,0,1,0,7,0,0,0,0,0,0,80,7,0,0,0,200,200
336710,0,30,1,2,2,3,10,5,0,0,0,34,16,0,200,200,12,200,200,200,200
336710,0,30,1,2,2,3,10,5,0,0,0,34,16,0,200,0,0,0,0,200,200
336710,1,30,1,2,2,3,10,5,0,0,0,34,16,0,200,0,200,200,200,200,200
336711,0,30,0,0,0,1,12,5,0,0,0,0,200,0,29,200,12,200,200,200,200
336711,0,30,0,0,0,1,12,5,0,0,0,0,200,0,37,0,0,0,0,200,200
336711,1,30,0,0,0,1,12,5,0,0,0,0,200,1,20,0,200,200,200,200,200
336711,1,30,0,0,0,1,12,5,0,0,0,0,200,1,28,0,200,200,200,200,200
336711,1,30,0,0,0,1,12,5,0,0,0,0,200,0,28,0,200,200,200,200,200
336712,0,35,0,0,0,1,7,2,0,1,0,27,200,0,85,7,7,0,0,200,200
336720,0,30,1,2,2,1,10,2,0,1,0,18,0,0,200,200,1,200,200,200,200
336720,0,30,1,2,2,1,10,2,0,1,0,18,0,0,47,0,1,0,0,200,200
336721,0,30,2,2,0,1,14,5,0,0,0,200,200,0,40,200,0,0,0,200,200
336721,0,30,2,2,0,1,14,5,0,0,0,200,200,0,38,0,0,0,0,200,200
336724,0,30,1,2,0,1,10,5,0,0,0,18,11,1,200,200,3,200,200,200,200
336724,0,30,1,2,0,1,10,5,0,0,0,18,11,0,58,200,0,200,0,200,200
336724,1,30,1,2,0,1,10,5,0,0,0,18,11,0,200,200,200,200,200,200,200
336725,0,30,0,0,2,1,10,12,0,0,0,18,18,0,200,200,3,200,200,200,200
336725,0,30,0,0,2,1,10,12,0,0,0,18,18,0,37,0,0,0,0,200,200
336730,0,30,0,0,2,3,7,6,0,1,0,11,0,1,35,0,12,0,200,200,200
336730,1,30,0,0,2,3,7,6,0,1,0,11,0,0,29,0,200,200,200,200,200
336730,1,30,0,0,2,3,7,6,0,1,0,11,0,1,54,0,200,200,200,200,200
336730,1,30,0,0,2,3,7,6,0,1,0,11,0,1,200,0,200,200,200,200,200
336730,1,30,0,0,2,3,7,6,0,1,0,11,0,0,4,5,200,200,200,200,200
336730,1,30,0,0,2,3,7,6,0,1,0,11,0,1,42,0,200,200,200,200,200
336733,0,30,1,2,2,1,10,3,0,1,0,7,200,0,20,0,1,0,0,200,200
336733,0,30,1,2,2,1,10,3,0,1,0,7,200,0,45,0,0,0,0,200,200
336735,0,30,0,0,2,1,10,5,0,1,0,18,200,1,33,200,3,0,0,200,200
336735,0,30,0,0,2,1,10,5,0,1,0,18,200,1,30,200,0,0,0,200,200
336735,1,30,0,0,2,1,10,5,0,1,0,18,200,0,200,5,200,200,200,200,200
336739,0,30,0,0,1,1,2,2,0,0,0,12,200,0,62,200,6,200,0,200,200
336739,1,30,0,0,1,1,2,2,0,0,0,12,200,1,63,200,200,200,200,200,200
336739,1,30,0,0,1,1,2,2,0,0,0,12,200,0,11,200,200,200,200,200,200
336744,0,30,1,2,0,1,10,2,0,1,0,34,34,0,47,0,3,200,0,200,200
336744,0,30,1,2,0,1,10,2,0,1,0,34,34,0,30,0,12,1,0,200,200
336746,0,30,0,0,0,1,14,2,0,200,200,0,0,1,43,200,200,200,200,200,200
336746,0,30,0,0,0,1,14,2,0,200,200,0,0,1,28,0,0,0,0,200,200
336746,1,30,0,0,0,1,14,2,0,200,200,0,0,0,6,0,200,200,200,200,200
336746,1,30,0,0,0,1,14,2,0,200,200,0,0,1,2,0,200,200,200,200,200
336749,0,30,0,0,0,1,3,5,0,0,0,11,22,0,28,0,4,0,0,200,200
336749,0,30,0,0,0,1,3,5,0,0,0,11,22,0,37,0,1,0,0,200,200
336752,0,35,1,2,2,1,0,5,0,1,0,3,16,1,57,0,8,0,0,200,200
336752,0,35,1,2,2,1,0,5,0,1,0,3,16,0,56,0,200,0,0,200,200
336752,1,35,1,2,2,1,0,5,0,1,0,3,16,1,52,0,200,200,200,200,200
336752,1,35,1,2,2,1,0,5,0,1,0,3,16,0,59,200,200,200,200,200,200
336752,1,35,1,2,2,1,0,5,0,1,0,3,16,0,200,200,200,200,200,200,200
336752,1,35,1,2,2,1,0,5,0,1,0,3,16,0,14,0,200,200,200,200,200