RD_NO,PERSON_TYPE,POSTED_SPEED_LIMIT,TRAFFIC_CONTROL_DEVICE,DEVICE_CONDITION,WEATHER_CONDITION,LIGHTING_CONDITION,FIRST_CRASH_TYPE,TRAFFICWAY_TYPE,ALIGNMENT,ROADWAY_SURFACE_COND,ROAD_DEFECT,PRIM_CONTRIBUTORY_CAUSE,SEC_CONTRIBUTORY_CAUSE,SEX,AGE,SAFETY_EQUIPMENT,DRIVER_ACTION,DRIVER_VISION,PHYSICAL_CONDITION,BAC_RESULT VALUE,CELL_PHONE_USE
336754,0,30,1,2,2,1,10,5,2,1,0,34,18,0,45,200,3,0,0,200,200
336754,0,30,1,2,2,1,10,5,2,1,0,34,18,1,37,200,12,0,0,200,200
336754,0,30,1,2,2,1,10,5,2,1,0,34,18,0,23,200,3,0,0,200,200
336756,0,30,200,200,0,1,14,5,0,200,200,0,200,0,200,200,200,200,200,200,200
336756,0,30,200,200,0,1,14,5,0,200,200,0,200,1,60,200,200,200,0,200,200
336765,0,20,0,0,2,1,7,6,0,1,0,11,11,1,47,0,12,0,0,200,200
336773,0,30,0,0,1,1,14,2,0,200,200,23,17,1,200,200,7,200,200,200,200
336773,0,30,0,0,1,1,14,2,0,200,200,23,17,1,59,0,0,200,0,200,200
336774,0,45,0,0,0,1,12,3,0,0,0,17,0,0,200,200,4,200,200,200,200
336774,0,45,0,0,0,1,12,3,0,0,0,17,0,0,25,200,0,0,0,200,200
336775,0,0,1,2,0,1,10,6,0,0,0,18,200,0,35,0,0,0,0,200,200
336775,0,0,1,2,0,1,10,6,0,0,0,18,200,0,200,200,3,200,200,200,200
336779,0,25,0,0,0,1,7,2,0,0,0,20,200,0,70,0,6,0,0,200,200
336783,0,5,0,0,2,1,7,7,0,1,0,34,0,0,27,0,12,200,0,200,200
336785,0,30,1,2,0,1,14,2,0,0,0,17,200,0,32,0,1,0,0,200,200
336785,0,30,1,2,0,1,14,2,0,0,0,17,200,1,33,0,0,0,0,200,200
336785,1,30,1,2,0,1,14,2,0,0,0,17,200,0,5,0,200,200,200,200,200
336785,1,30,1,2,0,1,14,2,0,0,0,17,200,1,16,0,200,200,200,200,200
336785,1,30,1,2,0,1,14,2,0,0,0,17,200,0,9,0,200,200,200,200,200
336786,0,30,1,2,1,1,12,2,0,0,0,23,200,1,19,0,2,0,0,200,200
336786,0,30,1,2,1,1,12,2,0,0,0,23,200,0,36,0,0,0,0,200,200
336787,0,30,0,0,1,1,0,7,0,0,0,11,200,0,67,0,200,0,0,200,200
336787,0,30,0,0,1,1,0,7,0,0,0,11,200,1,41,0,200,0,0,200,200
336787,1,30,0,0,1,1,0,7,0,0,0,11,200,200,200,0,200,200,200,200,200
336792,0,30,0,0,0,1,12,5,0,0,0,17,200,1,35,0,1,0,0,200,200
336792,0,30,0,0,0,1,12,5,0,0,0,17,200,1,53,0,0,0,0,200,200
336794,0,30,0,0,0,1,12,6,0,0,0,20,200,0,200,200,6,200,200,200,200
336794,0,30,0,0,0,1,12,6,0,0,0,20,200,1,200,0,0,0,0,200,200
336799,0,30,1,2,0,1,2,5,0,0,1,0,0,0,200,0,12,0,0,200,200
336800,0,30,2,2,2,1,14,2,0,1,0,5,0,1,200,200,5,200,200,200,200
336800,0,30,2,2,2,1,14,2,0,1,0,5,0,1,39,200,0,0,0,200,200
336800,1,30,2,2,2,1,14,2,0,1,0,5,0,1,44,200,200,200,200,200,200
336808,0,30,0,0,0,1,9,5,0,1,12,34,0,1,30,0,1,200,0,200,200
336808,5,30,0,0,0,1,9,5,0,1,12,34,0,1,10,7,0,0,0,200,200
336810,0,30,2,2,2,1,0,12,0,1,200,17,0,2,200,200,200,200,200,200,200
336810,0,30,2,2,2,1,0,12,0,1,200,17,0,1,23,0,200,200,0,200,200
336810,1,30,2,2,2,1,0,12,0,1,200,17,0,1,49,0,200,200,200,200,200
336810,1,30,2,2,2,1,0,12,0,1,200,17,0,1,24,0,200,200,200,200,200
336813,0,30,0,0,2,1,10,3,0,1,200,34,0,1,0,0,200,0,0,200,200
336813,0,30,0,0,2,1,10,3,0,1,200,34,0,0,65,0,200,0,0,200,200
336814,0,25,0,0,0,200,7,6,0,200,200,0,0,0,200,200,200,200,200,200,200
336817,0,25,0,0,0,1,7,2,0,0,0,0,0,0,57,0,0,0,0,200,200
336818,0,30,1,2,2,1,10,5,0,1,0,18,200,1,28,0,200,0,0,200,200
336818,0,30,1,2,2,1,10,5,0,1,0,18,200,1,28,0,0,0,0,200,200
336818,0,30,1,2,2,1,10,5,0,1,0,18,200,1,56,0,0,0,0,200,200
336821,0,30,12,2,0,1,2,5,0,1,0,200,200,1,15,0,0,0,0,200,200
336824,0,30,0,0,0,1,3,7,0,0,0,0,0,1,200,0,6,0,0,200,200
336824,0,30,0,0,0,1,3,7,0,0,0,0,0,0,200,200,200,200,200,200,200
336825,0,30,1,2,1,1,2,3,2,1,200,0,200,0,23,200,200,200,0,200,200
336827,0,30,0,0,2,1,0,2,0,1,0,18,0,0,47,0,0,0,0,200,200
336827,0,30,0,0,2,1,0,2,0,1,0,18,0,1,200,200,0,200,200,200,200
336831,0,30,0,0,0,1,10,5,0,0,0,200,200,1,21,0,0,0,0,200,200
336831,0,30,0,0,0,1,10,5,0,0,0,200,200,1,200,200,0,200,200,200,200
336839,0,30,2,2,0,4,0,5,0,200,0,5,5,0,20,200,5,0,0,200,200
336839,0,30,2,2,0,4,0,5,0,200,0,5,5,0,53,200,0,0,0,200,200
336840,0,30,0,0,1,1,10,5,0,1,0,18,200,0,27,200,3,200,200,200,200
336840,0,30,0,0,1,1,10,5,0,1,0,18,200,1,31,200,200,0,0,200,200
336842,0,15,0,0,0,1,7,4,0,0,0,0,200,2,200,200,200,200,200,200,200
336843,0,30,0,0,0,1,11,12,0,0,0,22,200,2,200,200,2,200,200,200,200
336843,0,30,0,0,0,1,11,12,0,0,0,22,200,1,53,0,0,0,0,200,200
336844,0,30,1,2,2,1,14,2,0,1,200,23,23,0,200,200,7,200,200,200,200
336844,0,30,1,2,2,1,14,2,0,1,200,23,23,0,60,0,12,1,0,200,200
336844,1,30,1,2,2,1,14,2,0,1,200,23,23,1,51,0,200,200,200,200,200
336854,0,30,0,0,1,1,12,5,0,1,0,22,22,0,200,200,2,200,200,200,200
336854,0,30,0,0,1,1,12,5,0,1,0,22,22,1,25,0,0,0,0,200,200
336855,0,20,0,0,0,1,10,5,0,0,200,0,200,0,28,200,200,200,200,200,200
336855,0,20,0,0,0,1,10,5,0,0,200,0,200,1,40,0,0,0,0,200,200
336855,1,20,0,0,0,1,10,5,0,0,200,0,200,1,11,0,200,200,200,200,200
336859,0,30,1,2,0,3,14,5,0,0,0,0,0,0,200,200,12,200,200,200,200
336859,0,30,1,2,0,3,14,5,0,0,0,0,0,0,200,200,0,0,0,200,200
336859,1,30,1,2,0,3,14,5,0,0,0,0,0,1,200,200,200,200,200,200,200
336859,1,30,1,2,0,3,14,5,0,0,0,0,0,1,200,200,200,200,200,200,200
336860,0,30,0,0,12,1,5,5,0,0,0,0,0,2,200,200,200,200,200,200,200
336865,0,30,1,2,0,1,10,5,0,0,0,18,200,1,62,0,3,0,0,200,200
336865,0,30,1,2,0,1,10,5,0,0,0,18,200,0,35,0,0,0,0,200,200
336874,0,30,1,2,0,1,12,6,0,0,0,22,200,0,53,0,4,0,0,200,200
336874,0,30,1,2,0,1,12,6,0,0,0,22,200,0,27,0,0,0,0,200,200
336876,0,30,1,2,0,1,12,5,0,0,0,21,0,0,21,0,4,0,0,200,200
336876,0,30,1,2,0,1,12,5,0,0,0,21,0,0,24,0,200,0,0,200,200
336877,0,30,0,0,0,1,10,5,2,0,0,20,0,0,26,200,6,200,0,200,200
336877,0,30,0,0,0,1,10,5,2,0,0,20,0,0,43,200,0,0,0,200,200
336878,0,25,0,0,0,1,12,5,0,0,0,200,200,1,200,200,200,200,200,200,200
336878,0,25,0,0,0,1,12,5,0,0,0,200,200,1,25,0,0,0,0,200,200
336881,5,20,0,0,0,1,9,5,0,0,0,200,200,0,61,7,12,0,0,200,200
336881,0,20,0,0,0,1,9,5,0,0,0,200,200,0,41,0,0,0,0,200,200
336881,1,20,0,0,0,1,9,5,0,0,0,200,200,0,10,0,200,200,200,200,200
336885,0,30,0,0,0,1,10,6,0,0,0,17,0,2,200,200,1,200,200,200,200
336885,0,30,0,0,0,1,10,6,0,0,0,17,0,0,48,0,0,0,0,200,200
336885,1,30,0,0,0,1,10,6,0,0,0,17,0,1,42,0,200,200,200,200,200
336885,1,30,0,0,0,1,10,6,0,0,0,17,0,0,3,5,200,200,200,200,200
336886,0,30,1,2,0,1,10,5,0,0,0,18,200,1,31,0,3,0,0,200,200
336886,0,30,1,2,0,1,10,5,0,0,0,18,200,1,45,0,0,0,0,200,200
336891,0,30,1,2,1,1,7,2,0,0,0,0,200,1,65,0,0,0,0,200,200
336891,1,30,1,2,1,1,7,2,0,0,0,0,200,1,68,0,200,200,200,200,200
336891,1,30,1,2,1,1,7,2,0,0,0,0,200,1,200,1,200,200,200,200,200
336891,1,30,1,2,1,1,7,2,0,0,0,0,200,1,7,0,200,200,200,200,200
336899,0,30,1,2,0,3,14,5,0,0,0,17,200,0,200,0,1,0,0,200,200
336899,0,30,1,2,0,3,14,5,0,0,0,17,200,0,32,0,0,0,0,200,200
336901,0,30,1,2,0,1,12,2,0,0,0,22,17,1,200,200,2,200,200,200,200
336901,0,30,1,2,0,1,12,2,0,0,0,22,17,0,27,0,12,0,0,200,200
336901,1,30,1,2,0,1,12,2,0,0,0,22,17,0,45,0,200,200,200,200,200
336905,0,30,1,2,0,1,10,2,0,1,0,0,200,0,60,200,12,0,0,200,200
336905,0,30,1,2,0,1,10,2,0,1,0,0,200,0,43,200,12,0,0,200,200
336906,0,30,0,0,2,1,12,5,0,1,0,20,200,1,46,200,6,0,200,200,200
336906,0,30,0,0,2,1,12,5,0,1,0,20,200,0,46,0,0,0,0,200,200
336907,0,30,0,0,0,1,0,5,0,0,0,20,200,1,200,200,6,200,200,200,200
336907,0,30,0,0,0,1,0,5,0,0,0,20,200,1,32,0,0,0,0,200,200
336914,0,30,1,2,0,1,10,5,0,0,0,18,200,0,53,200,3,0,0,200,200
336914,0,30,1,2,0,1,10,5,0,0,0,18,200,0,29,0,0,0,0,200,200
336914,1,30,1,2,0,1,10,5,0,0,0,18,200,1,200,200,200,200,200,200,200
336919,0,0,200,200,0,1,7,200,0,0,0,0,0,1,37,200,2,200,0,200,200
336929,0,40,0,0,0,1,12,3,0,0,0,21,21,0,200,200,4,200,200,200,200
336929,0,40,0,0,0,1,12,3,0,0,0,21,21,1,43,0,0,0,0,200,200
336934,5,30,1,2,2,1,9,2,0,1,0,0,0,1,58,200,200,0,0,200,200
336934,0,30,1,2,2,1,9,2,0,1,0,0,0,0,77,0,200,0,0,200,200
336938,0,30,1,2,0,1,10,5,0,0,200,200,200,1,36,200,200,200,200,200,200
336938,0,30,1,2,0,1,10,5,0,0,200,200,200,1,40,0,200,200,0,200,200
336938,0,30,1,2,0,1,10,5,0,0,200,200,200,0,43,0,200,200,0,200,200
336956,0,30,0,0,1,1,7,2,0,0,0,0,200,1,62,200,2,200,0,200,200
336960,0,30,1,2,0,1,0,12,0,0,0,21,0,0,26,200,0,0,0,200,200
336960,0,30,1,2,0,1,0,12,0,0,0,21,0,0,200,200,4,200,200,200,200
336960,1,30,1,2,0,1,0,12,0,0,0,21,0,0,29,200,200,200,200,200,200
336960,1,30,1,2,0,1,0,12,0,0,0,21,0,2,200,200,200,200,200,200,200
336963,0,15,0,0,2,1,7,6,0,1,0,25,200,1,200,200,12,200,1,200,200
336963,1,15,0,0,2,1,7,6,0,1,0,25,200,1,200,200,200,200,200,200,200
336968,0,10,0,0,1,1,14,7,0,0,0,0,11,1,78,0,1,0,0,200,200
336968,0,10,0,0,1,1,14,7,0,0,0,0,11,1,41,0,0,0,0,200,200
336968,1,10,0,0,1,1,14,7,0,0,0,0,11,0,14,0,200,200,200,200,200
336973,0,30,0,0,0,1,12,5,0,0,0,21,200,1,200,0,4,0,0,200,200
336973,0,30,0,0,0,1,12,5,0,0,0,21,200,0,200,0,0,0,0,200,200
336973,1,30,0,0,0,1,12,5,0,0,0,21,200,0,200,0,200,200,200,200,200
336973,1,30,0,0,0,1,12,5,0,0,0,21,200,1,200,0,200,200,200,200,200
336975,0,20,1,0,2,1,10,5,0,1,0,7,18,1,34,0,0,0,0,200,200
336975,0,20,1,0,2,1,10,5,0,1,0,7,18,1,40,0,12,0,0,200,200
336978,0,35,0,0,0,1,12,5,0,0,0,17,200,1,54,0,1,0,0,200,200
336978,0,35,0,0,0,1,12,5,0,0,0,17,200,0,19,0,0,0,0,200,200
336983,0,30,0,0,0,1,10,7,0,0,0,200,200,0,29,0,0,0,0,200,200
336983,0,30,0,0,0,1,10,7,0,0,0,200,200,0,45,0,0,0,0,200,200
336983,1,30,0,0,0,1,10,7,0,0,0,200,200,0,200,0,200,200,200,200,200
336985,0,30,0,0,2,1,14,5,0,1,200,22,200,0,47,200,4,200,0,200,200
336985,0,30,0,0,2,1,14,5,0,1,200,22,200,0,64,200,0,200,0,200,200
336986,0,30,0,0,0,1,12,3,0,0,0,0,200,0,28,0,200,0,0,200,200
336986,0,30,0,0,0,1,12,3,0,0,0,0,200,1,63,0,200,0,0,200,200
336990,0,30,1,2,0,1,10,5,0,0,0,16,200,1,200,200,3,0,0,200,200
336990,0,30,1,2,0,1,10,5,0,0,0,16,200,1,200,0,0,0,0,200,200
336993,0,30,0,0,0,1,14,5,0,0,0,17,200,0,24,200,1,1,0,200,200
336993,0,30,0,0,0,1,14,5,0,0,0,17,200,0,29,200,200,200,0,200,200
336996,5,30,1,2,0,1,9,2,0,0,0,17,22,0,36,7,5,200,12,200,200
336996,0,30,1,2,0,1,9,2,0,0,0,17,22,1,24,200,200,200,1,200,200
336997,4,30,1,2,0,1,8,5,0,0,0,17,200,1,18,7,12,0,7,200,200
336997,0,30,1,2,0,1,8,5,0,0,0,17,200,1,200,200,200,200,200,200,200
337002,0,15,0,0,0,1,7,5,0,0,0,0,200,2,200,200,200,200,200,200,200
337006,0,30,0,0,2,1,12,12,0,1,200,0,0,0,200,200,200,200,200,200,200
337006,0,30,0,0,2,1,12,12,0,1,200,0,0,1,52,0,0,0,0,200,200
337017,0,30,1,2,0,1,12,5,0,0,0,11,0,1,21,200,3,200,0,200,200
337017,0,30,1,2,0,1,12,5,0,0,0,11,0,0,46,200,0,200,0,200,200
337020,0,20,0,0,0,1,2,2,0,0,0,0,0,0,200,200,200,200,200,200,200
337022,0,30,1,2,0,1,14,2,0,0,0,17,200,0,61,200,1,0,0,200,200
337022,0,30,1,2,0,1,14,2,0,0,0,17,200,0,27,200,0,0,0,200,200
337025,0,25,0,0,0,1,0,5,0,0,0,200,200,1,200,200,200,200,200,200,200
337025,0,25,0,0,0,1,0,5,0,0,0,200,200,1,24,0,0,0,0,200,200
337037,0,30,0,0,0,1,12,6,0,0,0,22,16,0,24,200,2,0,0,200,200
337037,0,30,0,0,0,1,12,6,0,0,0,22,16,0,23,200,0,0,0,200,200
337038,0,30,0,0,0,1,7,5,0,0,200,22,200,1,21,200,4,200,200,200,200
337041,0,30,0,0,0,1,10,7,0,0,0,200,200,0,44,200,200,200,200,200,200
337041,0,30,0,0,0,1,10,7,0,0,0,200,200,0,61,0,0,200,0,200,200
337047,0,30,0,0,0,1,14,2,0,0,0,17,200,0,200,200,1,200,200,200,200
337047,0,30,0,0,0,1,14,2,0,0,0,17,200,0,46,0,0,0,0,200,200
337056,0,30,0,0,0,1,12,3,0,0,0,0,200,0,59,0,200,0,0,200,200
337056,0,30,0,0,0,1,12,3,0,0,0,0,200,0,64,0,0,0,0,200,200
337057,0,15,0,0,0,1,7,7,0,0,0,0,200,2,200,200,200,200,200,200,200
337059,0,30,0,0,0,1,10,5,0,0,0,20,20,1,66,0,6,0,0,200,200
337059,0,30,0,0,0,1,10,5,0,0,0,20,20,0,32,0,0,0,0,200,200
337064,0,0,0,0,0,0,14,5,0,0,0,23,200,0,19,0,7,0,0,200,200
337064,0,0,0,0,0,0,14,5,0,0,0,23,200,0,200,200,0,200,200,200,200
337066,0,30,0,0,0,1,10,2,0,0,0,0,0,0,45,200,200,200,200,200,200
337066,0,30,0,0,0,1,10,2,0,0,0,0,0,1,45,0,0,0,0,200,200
337077,0,30,0,0,2,3,7,5,0,1,0,0,200,2,200,200,200,200,200,200,200
337086,0,30,200,200,200,200,12,200,0,200,200,0,200,1,18,0,200,200,200,200,200
337086,0,30,200,200,200,200,12,200,0,200,200,0,200,1,31,0,200,200,200,200,200
337086,1,30,200,200,200,200,12,200,0,200,200,0,200,1,200,0,200,200,200,200,200
337087,0,30,0,0,0,1,7,6,0,0,0,16,200,1,200,200,6,200,200,200,200
337091,0,30,1,0,0,1,14,5,0,0,0,17,23,1,31,200,1,0,0,200,200
337094,0,30,0,0,0,3,7,5,0,1,0,17,0,0,75,200,1,200,200,200,200
337102,0,30,0,0,0,1,2,5,0,0,0,200,200,2,200,200,200,200,200,200,200
337107,0,30,0,0,0,1,14,5,0,0,0,200,200,1,200,200,0,200,200,200,200
337107,0,30,0,0,0,1,14,5,0,0,0,200,200,0,24,0,0,0,0,200,200
337114,0,30,2,2,0,1,5,2,0,200,200,0,200,0,39,200,200,200,200,200,200
337118,0,30,0,0,0,1,2,6,0,0,200,28,200,1,28,200,0,200,200,200,200
337119,0,10,0,0,0,1,7,7,0,0,0,0,0,2,200,200,200,200,200,200,200
337126,0,30,1,2,0,1,12,2,0,0,0,22,200,1,200,200,2,200,200,200,200
337126,0,30,1,2,0,1,12,2,0,0,0,22,200,1,28,0,0,0,0,200,200
337136,0,30,0,0,0,1,10,2,0,0,0,0,200,1,52,200,200,200,200,200,200
337136,0,30,0,0,0,1,10,2,0,0,0,0,200,0,27,0,0,0,200,200,200
337138,0,30,200,200,0,1,14,5,0,200,200,18,200,1,200,200,200,200,200,200,200
337138,0,30,200,200,0,1,14,5,0,200,200,18,200,1,27,200,200,200,0,200,200
337140,0,10,0,0,0,1,7,7,0,200,200,0,200,2,200,200,200,200,200,200,200
337141,0,30,0,0,0,4,7,6,0,1,0,25,16,1,44,200,8,200,0,200,200
337144,0,25,0,0,0,1,7,2,0,0,0,0,0,2,200,200,1,200,200,200,200
337148,0,30,0,0,0,1,10,5,0,0,0,0,200,2,36,200,200,200,200,200,200
337148,0,30,0,0,0,1,10,5,0,0,0,0,200,1,61,0,0,0,0,200,200
337149,0,30,0,0,0,3,7,5,0,0,0,20,16,0,59,0,6,0,0,200,200
337156,0,30,0,0,2,4,12,6,0,1,0,17,0,0,38,200,0,0,0,200,200
337156,0,30,0,0,2,4,12,6,0,1,0,17,0,0,68,0,0,0,0,200,200
337168,0,20,0,0,200,200,7,6,0,200,0,0,200,2,200,200,200,200,200,200,200
337169,0,30,0,0,0,1,10,5,0,0,200,18,0,0,25,200,3,200,200,200,200
337169,0,30,0,0,0,1,10,5,0,0,200,18,0,0,38,0,0,0,0,200,200
337170,0,30,2,2,0,3,8,6,0,0,0,17,200,1,27,0,0,0,0,200,200
337170,4,30,2,2,0,3,8,6,0,0,0,17,200,1,49,7,1,200,200,200,200
337178,0,25,1,2,0,1,10,5,0,0,0,18,18,0,22,0,3,0,0,200,200
337178,0,25,1,2,0,1,10,5,0,0,0,18,18,0,34,0,0,0,0,200,200
337178,1,25,1,2,0,1,10,5,0,0,0,18,18,1,35,0,200,200,200,200,200
337180,0,35,0,0,0,2,10,5,0,0,0,14,200,1,17,200,0,0,7,200,200
337180,0,35,0,0,0,2,10,5,0,0,0,14,200,0,200,200,2,200,200,200,200
337184,0,30,0,0,0,1,7,5,0,0,0,0,0,0,200,200,200,200,200,200,200
337188,4,30,0,0,0,1,8,5,0,0,0,0,200,0,25,2,0,200,0,200,200
337189,0,30,1,2,0,4,0,5,0,0,0,6,200,0,200,200,5,200,200,200,200
337189,0,30,1,2,0,4,0,5,0,0,0,6,200,0,21,0,0,0,0,200,200
337202,0,30,1,2,0,3,14,3,0,1,0,17,6,0,19,200,5,200,0,200,200
337202,0,30,1,2,0,3,14,3,0,1,0,17,6,0,59,200,0,0,0,200,200
337203,0,35,0,0,0,3,14,5,0,0,0,23,23,1,59,200,7,0,0,200,200
337203,0,35,0,0,0,3,14,5,0,0,0,23,23,0,24,200,1,0,0,200,200
337203,1,35,0,0,0,3,14,5,0,0,0,23,23,1,25,200,200,200,200,200,200
337203,1,35,0,0,0,3,14,5,0,0,0,23,23,0,4,7,200,200,200,200,200
337203,1,35,0,0,0,3,14,5,0,0,0,23,23,1,56,200,200,200,200,200,200
337214,0,30,0,0,0,3,10,5,0,0,0,16,18,0,34,0,3,0,0,200,200
337214,0,30,0,0,0,3,10,5,0,0,0,16,18,1,49,0,0,0,0,200,200
337216,0,30,0,0,0,3,10,3,0,0,0,0,200,0,22,200,1,200,0,200,200
337216,0,30,0,0,0,3,10,3,0,0,0,0,200,0,23,200,7,200,0,200,200
337216,1,30,0,0,0,3,10,3,0,0,0,0,200,1,41,200,200,200,200,200,200
337216,1,30,0,0,0,3,10,3,0,0,0,0,200,1,41,200,200,200,200,200,200
337216,1,30,0,0,0,3,10,3,0,0,0,0,200,0,37,200,200,200,200,200,200
337216,1,30,0,0,0,3,10,3,0,0,0,0,200,0,34,200,200,200,200,200,200
337216,1,30,0,0,0,3,10,3,0,0,0,0,200,0,22,200,200,200,200,200,200
337217,0,25,0,0,0,1,7,5,0,0,0,20,200,0,200,200,6,200,200,200,200
337217,1,25,0,0,0,1,7,5,0,0,0,20,200,0,200,0,200,200,200,200,200
337217,1,25,0,0,0,1,7,5,0,0,0,20,200,1,200,0,200,200,200,200,200
337223,0,25,0,0,0,3,7,6,0,0,0,0,200,0,200,200,200,200,200,200,200
337230,0,30,1,2,0,3,10,6,0,0,0,18,200,0,200,200,3,200,200,200,200
337230,0,30,1,2,0,3,10,6,0,0,0,18,200,0,36,0,0,0,0,200,200
337235,0,30,1,200,0,3,0,6,2,0,200,0,0,0,200,200,200,200,200,200,200
337235,0,30,1,200,0,3,0,6,2,0,200,0,0,0,26,0,12,200,200,200,200
337249,0,35,0,0,0,1,12,2,0,0,0,17,200,0,200,200,1,200,200,200,200
337249,0,35,0,0,0,1,12,2,0,0,0,17,200,1,200,0,0,0,0,200,200
337250,0,30,0,0,0,1,5,5,0,0,0,200,200,0,42,0,0,0,0,200,200
337254,0,30,1,2,0,3,0,3,0,1,3,0,0,0,200,200,1,200,200,200,200
337254,0,30,1,2,0,3,0,3,0,1,3,0,0,0,22,0,0,0,0,200,200
337264,0,30,0,0,0,3,0,6,0,0,0,17,200,0,17,0,1,200,0,200,200
337264,0,30,0,0,0,3,0,6,0,0,0,17,200,0,45,0,0,0,0,200,200
337268,0,30,0,0,200,200,7,5,0,200,200,0,200,2,200,200,200,200,200,200,200
337270,0,30,0,0,2,3,7,2,0,1,0,10,11,2,200,200,9,200,200,200,200
337273,0,30,2,2,0,3,14,5,0,0,200,23,0,0,23,0,0,0,0,200,200
337273,0,30,2,2,0,3,14,5,0,0,200,23,0,1,58,0,0,0,0,200,200
337273,1,30,2,2,0,3,14,5,0,0,200,23,0,1,45,0,200,200,200,200,200
337278,0,30,1,2,0,3,12,2,0,0,0,21,0,0,29,0,4,0,0,200,200
337278,0,30,1,2,0,3,12,2,0,0,0,21,0,0,31,0,0,0,0,200,200
337287,0,35,0,0,0,3,12,2,0,0,0,23,11,0,33,200,7,0,0,200,200
337287,0,35,0,0,0,3,12,2,0,0,0,23,11,0,65,200,0,0,0,200,200
337287,1,35,0,0,0,3,12,2,0,0,0,23,11,200,200,200,200,200,200,200,200
337287,1,35,0,0,0,3,12,2,0,0,0,23,11,200,200,200,200,200,200,200,200
337287,1,35,0,0,0,3,12,2,0,0,0,23,11,200,200,200,200,200,200,200,200
337287,1,35,0,0,0,3,12,2,0,0,0,23,11,200,200,200,200,200,200,200,200
337287,1,35,0,0,0,3,12,2,0,0,0,23,11,200,200,200,200,200,200,200,200
337289,0,30,1,2,1,3,10,2,0,0,0,18,16,0,200,200,3,200,200,200,200
337289,0,30,1,2,1,3,10,2,0,0,0,18,16,0,53,0,0,0,0,200,200
337289,1,30,1,2,1,3,10,2,0,0,0,18,16,0,53,0,200,200,200,200,200
337289,1,30,1,2,1,3,10,2,0,0,0,18,16,0,10,0,200,200,200,200,200
337291,0,10,0,0,0,0,7,5,0,0,0,0,0,0,50,0,0,0,0,200,200
337296,0,30,0,0,0,3,7,5,0,0,0,18,17,2,200,200,3,200,200,200,200
337296,1,30,0,0,0,3,7,5,0,0,0,18,17,1,69,200,200,200,200,200,200
337299,0,30,1,2,0,3,10,2,0,0,0,25,11,2,200,200,200,200,200,200,200
337299,0,30,1,2,0,3,10,2,0,0,0,25,11,1,24,0,0,0,0,200,200
337312,0,30,1,2,0,3,10,5,0,0,200,16,200,0,50,0,3,0,0,200,200
337312,0,30,1,2,0,3,10,5,0,0,200,16,200,1,32,0,0,0,0,200,200
337312,1,30,1,2,0,3,10,5,0,0,200,16,200,0,200,0,200,200,200,200,200
337312,1,30,1,2,0,3,10,5,0,0,200,16,200,1,200,0,200,200,200,200,200
337314,0,30,1,2,2,1,10,5,0,1,0,0,0,1,35,0,0,0,0,200,200
337314,0,30,1,2,2,1,10,5,0,1,0,0,0,1,37,0,0,0,0,200,200
337323,0,30,200,200,0,1,14,2,0,0,0,22,200,0,68,200,7,0,0,200,200
337323,0,30,200,200,0,1,14,2,0,0,0,22,200,0,40,200,0,0,0,200,200
337328,0,25,0,0,0,3,7,6,0,0,0,32,200,0,200,0,12,0,5,200,200
337328,1,25,0,0,0,3,7,6,0,0,0,32,200,0,200,200,200,200,200,200,200
337331,0,30,0,200,0,3,0,0,0,0,12,0,0,2,200,200,200,200,200,200,200
337331,0,30,0,200,0,3,0,0,0,0,12,0,0,0,61,200,0,0,0,200,200
337331,1,30,0,200,0,3,0,0,0,0,12,0,0,1,40,200,200,200,200,200,200
337332,0,0,0,0,0,3,2,4,0,0,0,11,200,0,24,0,12,0,0,200,200
337337,0,30,0,0,0,3,2,6,0,0,0,13,200,1,26,0,12,0,0,200,200
337337,1,30,0,0,0,3,2,6,0,0,0,13,200,0,25,0,200,200,200,200,200
337365,0,30,0,0,0,3,7,5,0,0,0,20,200,2,200,200,6,200,200,200,200
337369,0,30,1,2,0,0,7,5,0,0,0,0,200,1,21,0,200,0,0,200,200
337369,1,30,1,2,0,0,7,5,0,0,0,0,200,200,200,0,200,200,200,200,200
337395,0,30,0,0,0,0,10,6,0,0,0,14,22,1,21,200,0,0,0,200,200
337395,0,30,0,0,0,0,10,6,0,0,0,14,22,0,23,200,2,200,200,200,200
337395,1,30,0,0,0,0,10,6,0,0,0,14,22,0,23,200,200,200,200,200,200
337403,0,30,0,0,0,3,12,6,0,0,200,200,200,0,60,200,2,200,0,200,200
337403,0,30,0,0,0,3,12,6,0,0,200,200,200,0,33,0,0,200,0,200,200
337403,1,30,0,0,0,3,12,6,0,0,200,200,200,1,200,0,200,200,200,200,200
337404,0,30,0,0,0,3,7,5,0,0,0,0,200,0,41,200,200,200,0,200,200
337412,0,20,0,0,0,3,7,5,0,0,0,12,0,0,44,0,12,0,0,200,200
337420,0,30,0,0,0,3,7,5,0,0,0,21,16,1,18,200,8,200,0,200,200
337422,0,30,7,0,0,3,10,2,0,0,200,20,11,0,46,0,6,0,0,200,200
337422,0,30,7,0,0,3,10,2,0,0,200,20,11,0,35,0,0,0,0,200,200