RD_NO,PERSON_TYPE,POSTED_SPEED_LIMIT,TRAFFIC_CONTROL_DEVICE,DEVICE_CONDITION,WEATHER_CONDITION,LIGHTING_CONDITION,FIRST_CRASH_TYPE,TRAFFICWAY_TYPE,ALIGNMENT,ROADWAY_SURFACE_COND,ROAD_DEFECT,PRIM_CONTRIBUTORY_CAUSE,SEC_CONTRIBUTORY_CAUSE,SEX,AGE,SAFETY_EQUIPMENT,DRIVER_ACTION,DRIVER_VISION,PHYSICAL_CONDITION,BAC_RESULT VALUE,CELL_PHONE_USE
338094,0,35,0,0,0,1,12,5,0,0,0,22,0,0,28,0,200,0,0,200,200
338094,0,35,0,0,0,1,12,5,0,0,0,22,0,0,50,0,12,0,0,200,200
338099,0,30,0,0,0,1,7,5,0,0,0,1,200,0,84,0,12,0,0,200,200
338107,0,30,1,2,0,1,12,5,0,0,0,21,0,0,43,200,12,0,0,200,200
338107,0,30,1,2,0,1,12,5,0,0,0,21,0,1,50,1,200,200,0,200,200
338108,0,0,0,0,0,1,12,2,0,0,0,0,200,0,21,200,200,200,200,200,200
338108,0,0,0,0,0,1,12,2,0,0,0,0,200,0,57,0,0,0,0,200,200
338116,0,30,1,2,0,1,14,5,0,0,0,25,11,0,87,0,7,0,0,200,200
338116,0,30,1,2,0,1,14,5,0,0,0,25,11,1,19,0,0,0,0,200,200
338116,1,30,1,2,0,1,14,5,0,0,0,25,11,1,51,0,200,200,200,200,200
338119,0,30,0,0,0,1,0,5,0,0,0,17,0,0,200,200,1,200,200,200,200
338119,0,30,0,0,0,1,0,5,0,0,0,17,0,0,32,0,0,200,0,200,200
338121,0,30,0,0,0,1,14,5,0,0,0,0,200,0,59,0,2,0,0,200,200
338121,0,30,0,0,0,1,14,5,0,0,0,0,200,1,22,0,1,0,0,200,200
338125,0,25,2,2,0,1,14,5,0,0,0,11,0,0,39,200,7,0,1,200,200
338125,0,25,2,2,0,1,14,5,0,0,0,11,0,0,38,200,12,0,0,200,200
338126,0,30,1,2,0,1,14,12,0,0,0,0,0,1,200,0,200,0,0,200,200
338126,0,30,1,2,0,1,14,12,0,0,0,0,0,1,200,0,200,0,0,200,200
338127,0,30,1,2,0,1,12,5,0,0,0,0,0,1,41,0,12,200,0,200,200
338127,0,30,1,2,0,1,12,5,0,0,0,0,0,0,40,0,12,0,0,200,200
338133,0,30,0,2,0,1,12,2,0,0,0,22,22,0,200,200,200,200,200,200,200
338133,0,30,0,2,0,1,12,2,0,0,0,22,22,1,0,0,200,200,0,200,200
338137,0,30,200,200,0,1,10,2,0,0,0,0,0,0,200,200,200,200,200,200,200
338137,0,30,200,200,0,1,10,2,0,0,0,0,0,0,63,200,200,200,0,200,200
338145,0,30,1,2,0,1,14,5,0,0,0,23,200,1,200,0,7,0,0,200,200
338145,0,30,1,2,0,1,14,5,0,0,0,23,200,1,200,0,0,0,0,200,200
338147,0,30,1,2,0,1,8,5,0,0,0,6,11,0,56,200,5,200,0,200,200
338147,4,30,1,2,0,1,8,5,0,0,0,6,11,1,38,7,12,200,0,200,200
338150,0,30,2,0,0,1,10,5,0,0,0,20,20,1,200,200,6,0,0,200,200
338150,0,30,2,0,0,1,10,5,0,0,0,20,20,0,82,0,0,0,0,200,200
338155,0,25,0,0,0,1,7,5,0,0,0,15,11,0,3,0,10,0,12,200,200
338160,0,30,200,200,200,200,10,200,0,200,200,0,200,1,24,0,200,200,200,200,200
338160,0,30,200,200,200,200,10,200,0,200,200,0,200,1,33,0,200,200,200,200,200
338160,0,30,200,200,200,200,10,200,0,200,200,0,200,1,26,0,200,200,200,200,200
338168,0,35,0,0,0,1,14,5,0,0,0,23,200,1,20,0,7,0,0,200,200
338168,0,35,0,0,0,1,14,5,0,0,0,23,200,1,37,0,0,0,0,200,200
338170,0,0,1,2,0,1,14,5,0,0,0,0,0,0,200,200,200,200,200,200,200
338170,0,0,1,2,0,1,14,5,0,0,0,0,0,1,42,200,0,200,0,200,200
338170,1,0,1,2,0,1,14,5,0,0,0,0,0,0,29,200,200,200,200,200,200
338171,0,30,1,2,0,1,10,3,0,0,0,18,0,0,37,200,3,200,200,200,200
338171,0,30,1,2,0,1,10,3,0,0,0,18,0,0,77,0,0,0,0,200,200
338176,0,30,0,0,0,1,10,5,0,0,0,18,200,0,22,200,3,200,0,200,200
338176,0,30,0,0,0,1,10,5,0,0,0,18,200,1,29,200,12,200,0,200,200
338176,0,30,0,0,0,1,10,5,0,0,0,18,200,1,40,200,12,200,0,200,200
338177,0,30,1,2,0,1,10,2,0,0,0,0,200,0,43,200,200,200,2,200,200
338177,0,30,1,2,0,1,10,2,0,0,0,0,200,0,54,0,0,0,0,200,200
338178,0,30,1,2,0,1,10,2,0,0,0,18,0,0,200,200,3,200,200,200,200
338178,0,30,1,2,0,1,10,2,0,0,0,18,0,0,56,200,0,0,0,200,200
338184,0,30,1,2,0,1,12,5,0,200,200,16,200,0,18,0,1,200,0,200,200
338184,0,30,1,2,0,1,12,5,0,200,200,16,200,1,32,0,0,0,0,200,200
338191,0,30,0,0,200,200,7,2,0,200,0,0,0,2,200,200,200,200,200,200,200
338194,0,30,0,0,0,1,14,5,0,0,0,17,17,1,200,0,1,0,0,200,200
338194,0,30,0,0,0,1,14,5,0,0,0,17,17,1,80,0,0,0,0,200,200
338199,0,30,2,2,0,1,14,6,0,0,0,17,200,1,33,0,1,1,0,200,200
338199,0,30,2,2,0,1,14,6,0,0,0,17,200,0,36,200,0,0,0,200,200
338200,0,30,0,0,2,0,0,5,0,1,0,22,0,0,30,0,1,200,0,200,200
338200,0,30,0,0,2,0,0,5,0,1,0,22,0,0,36,0,0,0,0,200,200
338200,1,30,0,0,2,0,0,5,0,1,0,22,0,1,200,200,200,200,200,200,200
338203,0,30,1,2,0,1,10,5,0,0,0,16,0,0,40,200,3,200,0,200,200
338203,0,30,1,2,0,1,10,5,0,0,0,16,0,0,66,200,0,200,0,200,200
338203,0,30,1,2,0,1,10,5,0,0,0,16,0,1,22,200,0,200,0,200,200
338203,1,30,1,2,0,1,10,5,0,0,0,16,0,1,44,200,200,200,200,200,200
338203,1,30,1,2,0,1,10,5,0,0,0,16,0,0,23,200,200,200,200,200,200
338203,1,30,1,2,0,1,10,5,0,0,0,16,0,0,0,5,200,200,200,200,200
338203,1,30,1,2,0,1,10,5,0,0,0,16,0,0,2,5,200,200,200,200,200
338204,0,30,1,2,0,1,8,5,0,0,0,17,200,1,24,200,1,200,200,200,200
338204,4,30,1,2,0,1,8,5,0,0,0,17,200,0,24,7,0,200,200,200,200
338207,0,30,1,0,0,1,10,5,0,0,0,18,18,0,42,0,3,0,0,200,200
338207,0,30,1,0,0,1,10,5,0,0,0,18,18,0,200,0,0,0,0,200,200
338208,0,30,0,0,0,1,0,3,0,0,0,17,17,1,46,200,1,0,0,200,200
338208,0,30,0,0,0,1,0,3,0,0,0,17,17,0,52,200,0,0,0,200,200
338208,1,30,0,0,0,1,0,3,0,0,0,17,17,0,24,200,200,200,200,200,200
338210,0,20,2,2,0,1,14,2,0,0,0,17,200,1,30,0,1,0,0,200,200
338210,0,20,2,2,0,1,14,2,0,0,0,17,200,1,73,0,0,0,0,200,200
338211,0,30,0,0,0,1,14,3,0,0,0,0,0,1,61,0,0,0,0,200,200
338211,0,30,0,0,0,1,14,3,0,0,0,0,0,1,34,0,0,0,0,200,200
338212,0,30,0,0,0,1,10,5,0,0,0,18,0,1,200,200,3,200,200,200,200
338212,0,30,0,0,0,1,10,5,0,0,0,18,0,0,28,0,0,0,0,200,200
338213,0,35,1,2,0,1,12,5,0,0,0,16,200,1,32,200,12,0,0,200,200
338213,0,35,1,2,0,1,12,5,0,0,0,16,200,0,35,200,0,0,0,200,200
338218,0,30,0,0,0,1,2,6,0,0,0,7,200,0,25,200,12,200,0,200,200
338220,5,35,2,2,0,1,9,5,0,0,0,17,0,1,56,7,200,0,0,200,200
338220,0,35,2,2,0,1,9,5,0,0,0,17,0,0,27,0,1,0,0,200,200
338221,0,15,0,0,0,1,2,0,0,0,0,33,200,0,200,0,12,12,0,200,200
338226,0,30,0,0,0,1,7,5,0,0,0,0,0,2,200,200,200,200,200,200,200
338231,0,30,2,2,0,1,11,5,0,0,0,0,0,0,25,200,12,200,0,200,200
338231,0,30,2,2,0,1,11,5,0,0,0,0,0,0,21,200,12,200,0,200,200
338232,0,30,2,2,0,1,7,2,0,0,0,0,0,1,200,200,200,200,200,200,200
338233,0,20,0,0,0,2,7,5,0,0,0,0,0,2,200,200,200,200,200,200,200
338235,0,30,1,2,0,1,9,5,0,0,0,17,200,2,200,200,1,200,200,200,200
338235,5,30,1,2,0,1,9,5,0,0,0,17,200,1,22,7,0,12,0,200,200
338236,0,30,0,0,0,1,12,5,0,0,0,17,0,1,57,0,1,0,0,200,200
338236,0,30,0,0,0,1,12,5,0,0,0,17,0,0,42,0,0,0,0,200,200
338237,0,30,1,2,0,1,0,3,0,0,0,6,6,1,36,0,5,0,0,200,200
338237,0,30,1,2,0,1,0,3,0,0,0,6,6,1,79,0,0,0,0,200,200
338237,1,30,1,2,0,1,0,3,0,0,0,6,6,1,17,0,200,200,200,200,200
338237,1,30,1,2,0,1,0,3,0,0,0,6,6,1,12,0,200,200,200,200,200
338237,1,30,1,2,0,1,0,3,0,0,0,6,6,1,0,0,200,200,200,200,200
338237,1,30,1,2,0,1,0,3,0,0,0,6,6,1,15,0,200,200,200,200,200
338237,1,30,1,2,0,1,0,3,0,0,0,6,6,1,9,0,200,200,200,200,200
338237,1,30,1,2,0,1,0,3,0,0,0,6,6,1,10,0,200,200,200,200,200
338242,0,25,0,0,0,1,0,2,0,0,0,0,0,1,18,0,0,0,0,200,200
338242,0,25,0,0,0,1,0,2,0,0,0,0,0,0,36,0,0,0,0,200,200
338244,0,30,1,2,0,1,8,8,0,0,0,17,0,1,51,0,1,0,0,200,200
338244,4,30,1,2,0,1,8,8,0,0,0,17,0,0,29,3,0,0,0,200,200
338247,0,30,0,0,0,1,12,2,0,0,0,21,200,1,48,0,4,0,0,200,200
338247,0,30,0,0,0,1,12,2,0,0,0,21,200,0,44,0,0,0,0,200,200
338248,0,40,0,0,0,1,10,3,0,0,0,18,0,1,27,200,3,200,200,200,200
338248,0,40,0,0,0,1,10,3,0,0,0,18,0,1,47,0,0,0,0,200,200
338249,0,30,1,2,0,1,11,5,0,0,0,0,200,2,200,200,200,200,200,200,200
338249,0,30,1,2,0,1,11,5,0,0,0,0,200,0,45,200,0,0,0,200,200
338250,0,30,0,0,0,1,7,7,0,0,0,0,0,1,200,200,200,200,200,200,200
338254,0,30,2,2,0,1,0,3,0,0,0,17,17,0,68,200,1,0,0,200,200
338254,0,30,2,2,0,1,0,3,0,0,0,17,17,0,22,200,0,0,0,200,200
338255,0,30,0,0,0,1,12,5,0,0,0,22,22,0,200,200,6,200,200,200,200
338255,0,30,0,0,0,1,12,5,0,0,0,22,22,1,50,0,0,0,0,200,200
338255,1,30,0,0,0,1,12,5,0,0,0,22,22,0,25,0,200,200,200,200,200
338255,1,30,0,0,0,1,12,5,0,0,0,22,22,0,17,0,200,200,200,200,200
338255,1,30,0,0,0,1,12,5,0,0,0,22,22,0,18,0,200,200,200,200,200
338258,0,10,0,0,0,1,7,7,0,0,0,0,200,1,200,0,10,0,0,200,200
338261,0,30,0,0,0,1,3,6,0,0,0,20,200,0,200,200,6,200,200,200,200
338261,0,30,0,0,0,1,3,6,0,0,0,20,200,0,64,0,0,0,0,200,200
338265,0,0,0,0,0,1,9,7,0,0,0,25,0,0,200,200,8,200,200,200,200
338265,5,0,0,0,0,1,9,7,0,0,0,25,0,0,53,7,0,0,7,200,200
338267,0,30,1,2,0,1,7,5,0,0,0,3,0,0,25,200,0,0,0,200,200
338272,0,30,200,200,200,200,7,5,0,0,0,22,22,2,200,200,4,200,200,200,200
338274,0,30,0,0,0,1,9,12,0,0,0,16,200,0,29,0,8,0,0,200,200
338274,5,30,0,0,0,1,9,12,0,0,0,16,200,0,25,7,13,0,0,200,200
338278,0,30,0,0,0,1,12,5,0,0,0,22,200,0,200,200,4,200,200,200,200
338278,0,30,0,0,0,1,12,5,0,0,0,22,200,1,37,0,0,0,0,200,200
338278,0,30,0,0,0,1,12,5,0,0,0,22,200,1,62,0,0,0,0,200,200
338278,1,30,0,0,0,1,12,5,0,0,0,22,200,0,49,0,200,200,200,200,200
338283,0,30,1,2,0,1,14,5,0,0,0,21,17,1,200,200,1,200,200,200,200
338283,0,30,1,2,0,1,14,5,0,0,0,21,17,0,28,0,0,0,0,200,200
338285,0,30,0,0,0,1,5,5,0,0,0,0,0,0,58,0,0,0,0,200,200
338288,0,25,0,0,0,1,7,7,0,0,0,0,0,2,200,200,1,200,200,200,200
338290,0,30,0,0,0,1,14,3,0,0,0,17,11,1,21,200,1,5,0,200,200
338290,0,30,0,0,0,1,14,3,0,0,0,17,11,0,59,200,0,5,3,200,200
338290,1,30,0,0,0,1,14,3,0,0,0,17,11,1,58,200,200,200,200,200,200
338291,0,30,0,0,0,1,10,5,0,0,0,200,200,0,26,0,0,0,0,200,200
338291,0,30,0,0,0,1,10,5,0,0,0,200,200,0,75,200,0,0,0,200,200
338295,0,30,0,0,0,1,7,6,0,0,0,12,200,0,29,200,12,0,0,200,200
338297,0,30,0,0,0,1,14,2,0,0,0,0,0,1,65,0,0,0,0,200,200
338297,0,30,0,0,0,1,14,2,0,0,0,0,0,0,47,0,0,0,0,200,200
338301,0,30,0,0,0,1,10,5,0,0,0,8,16,0,70,0,12,0,0,200,200
338301,0,30,0,0,0,1,10,5,0,0,0,8,16,1,57,0,0,0,0,200,200
338302,0,30,0,0,0,1,12,5,0,0,0,21,200,0,25,0,4,0,0,200,200
338302,0,30,0,0,0,1,12,5,0,0,0,21,200,0,50,0,0,0,0,200,200
338302,1,30,0,0,0,1,12,5,0,0,0,21,200,2,200,200,200,200,200,200,200
338306,0,25,0,0,0,1,14,2,0,0,0,23,17,1,25,200,7,0,0,200,200
338306,0,25,0,0,0,1,14,2,0,0,0,23,17,0,21,200,0,0,0,200,200
338308,0,30,0,0,0,1,12,5,0,0,0,17,200,0,47,200,1,0,0,200,200
338308,0,30,0,0,0,1,12,5,0,0,0,17,200,1,34,200,200,0,0,200,200
338315,0,30,0,0,0,1,11,7,0,0,0,20,200,0,49,0,6,0,0,200,200
338315,0,30,0,0,0,1,11,7,0,0,0,20,200,1,31,0,0,0,0,200,200
338316,0,30,0,0,0,1,12,5,0,0,0,0,200,1,200,200,200,200,200,200,200
338316,0,30,0,0,0,1,12,5,0,0,0,0,200,1,28,0,0,0,0,200,200
338321,0,30,1,2,0,2,8,5,0,0,0,0,0,1,43,200,200,200,0,200,200
338321,4,30,1,2,0,2,8,5,0,0,0,0,0,0,36,200,200,200,0,200,200
338322,0,35,200,200,0,1,8,12,0,0,0,0,0,1,65,200,12,0,0,200,200
338322,4,35,200,200,0,1,8,12,0,0,0,0,0,0,56,200,200,200,0,200,200
338328,0,30,1,2,0,1,12,5,0,0,0,18,0,0,200,200,3,200,200,200,200
338328,0,30,1,2,0,1,12,5,0,0,0,18,0,1,51,0,0,0,0,200,200
338328,0,30,1,2,0,1,12,5,0,0,0,18,0,0,200,200,0,200,200,200,200
338336,0,35,0,0,0,1,14,5,0,0,0,17,0,0,36,0,1,0,0,200,200
338336,0,35,0,0,0,1,14,5,0,0,0,17,0,1,23,0,0,0,0,200,200
338338,0,30,0,0,0,1,1,5,0,0,0,1,1,0,71,0,0,0,0,200,200
338341,0,30,0,0,0,3,10,5,0,0,0,18,200,0,200,200,3,200,200,200,200
338341,0,30,0,0,0,3,10,5,0,0,0,18,200,1,40,0,0,0,0,200,200
338342,0,30,0,0,0,1,14,5,0,0,0,17,33,0,54,0,1,200,0,200,200
338342,0,30,0,0,0,1,14,5,0,0,0,17,33,0,35,0,0,0,0,200,200
338342,1,30,0,0,0,1,14,5,0,0,0,17,33,0,36,0,200,200,200,200,200
338347,0,30,1,2,0,1,12,5,0,0,0,22,200,0,200,200,2,0,0,200,200
338347,0,30,1,2,0,1,12,5,0,0,0,22,200,1,47,0,0,0,0,200,200
338363,0,30,0,0,0,1,14,3,0,0,0,16,18,0,51,200,200,200,0,200,200
338363,0,30,0,0,0,1,14,3,0,0,0,16,18,0,53,200,1,0,0,200,200
338367,0,30,0,0,0,1,12,5,0,0,0,21,0,2,200,200,200,200,200,200,200
338367,0,30,0,0,0,1,12,5,0,0,0,21,0,1,61,0,0,0,0,200,200
338374,0,30,0,0,0,1,10,2,0,0,0,18,0,0,46,0,3,0,0,200,200
338374,0,30,0,0,0,1,10,2,0,0,0,18,0,1,43,0,0,0,0,200,200
338374,1,30,0,0,0,1,10,2,0,0,0,18,0,0,42,0,200,200,200,200,200
338380,0,30,2,200,2,0,0,5,0,1,200,0,0,0,22,0,200,200,200,200,200
338380,0,30,2,200,2,0,0,5,0,1,200,0,0,0,24,0,0,200,200,200,200
338383,0,30,0,0,0,1,10,3,0,0,0,18,0,1,200,200,3,200,200,200,200
338383,0,30,0,0,0,1,10,3,0,0,0,18,0,1,26,200,0,0,0,200,200
338383,0,30,0,0,0,1,10,3,0,0,0,18,0,0,32,200,0,0,0,200,200
338388,0,30,200,200,0,1,10,2,0,0,200,18,18,0,53,0,3,0,0,200,200
338388,0,30,200,200,0,1,10,2,0,0,200,18,18,0,42,0,0,0,0,200,200
338393,0,10,0,0,0,3,7,5,0,1,0,0,200,2,200,200,200,200,200,200,200
338395,0,30,0,0,0,1,0,5,0,0,0,17,16,0,200,200,1,200,200,200,200
338395,0,30,0,0,0,1,0,5,0,0,0,17,16,1,200,0,0,0,0,200,200
338395,1,30,0,0,0,1,0,5,0,0,0,17,16,1,200,0,200,200,200,200,200
338397,0,30,0,0,0,1,7,5,0,0,3,0,200,2,200,200,200,200,200,200,200
338401,0,30,2,2,0,1,7,5,0,0,0,11,200,0,18,0,12,0,0,200,200
338406,0,30,1,2,0,1,10,3,0,0,0,0,200,1,38,0,200,0,0,200,200
338406,0,30,1,2,0,1,10,3,0,0,0,0,200,0,56,0,0,0,0,200,200
338412,0,30,0,0,0,1,8,5,0,0,0,17,200,1,35,200,1,1,0,200,200
338412,4,30,0,0,0,1,8,5,0,0,0,17,200,0,31,3,0,0,0,200,200
338414,0,20,0,0,0,1,7,5,0,0,0,0,0,0,25,0,2,0,0,200,200
338416,0,30,0,0,0,1,12,5,0,0,0,22,14,0,25,1,1,0,0,200,200
338416,0,30,0,0,0,1,12,5,0,0,0,22,14,0,23,0,0,0,0,200,200
338420,0,30,0,0,0,1,12,5,0,0,0,200,200,1,47,0,0,0,0,200,200
338420,0,30,0,0,0,1,12,5,0,0,0,200,200,1,52,0,0,0,0,200,200
338420,1,30,0,0,0,1,12,5,0,0,0,200,200,1,200,0,200,200,200,200,200
338420,1,30,0,0,0,1,12,5,0,0,0,200,200,1,200,0,200,200,200,200,200
338421,0,30,0,0,0,1,12,6,0,0,0,0,0,0,200,200,2,0,0,200,200
338421,0,30,0,0,0,1,12,6,0,0,0,0,0,0,55,0,0,0,0,200,200
338422,0,30,200,200,0,1,12,5,0,200,200,0,200,0,57,0,200,200,0,200,200
338422,0,30,200,200,0,1,12,5,0,200,200,0,200,0,58,0,200,200,0,200,200
338423,0,30,0,0,0,1,0,5,0,0,0,0,200,0,200,1,200,200,0,200,200
338423,0,30,0,0,0,1,0,5,0,0,0,0,200,1,200,0,200,0,0,200,200
338426,0,30,0,0,0,1,12,2,0,200,0,23,0,2,200,200,7,200,200,200,200
338428,0,25,2,2,0,1,11,5,0,0,0,17,200,0,31,200,1,200,200,200,200
338428,0,25,2,2,0,1,11,5,0,0,0,17,200,1,40,0,0,0,0,200,200
338428,1,25,2,2,0,1,11,5,0,0,0,17,200,200,200,0,200,200,200,200,200
338428,1,25,2,2,0,1,11,5,0,0,0,17,200,200,200,0,200,200,200,200,200
338428,1,25,2,2,0,1,11,5,0,0,0,17,200,200,200,0,200,200,200,200,200
338433,0,30,0,0,0,1,12,5,0,0,0,22,200,0,68,0,0,0,0,200,200
338433,0,30,0,0,0,1,12,5,0,0,0,22,200,0,200,200,2,200,200,200,200
338434,0,30,200,200,200,200,7,7,0,200,200,0,200,1,20,0,200,200,200,200,200
338434,1,30,200,200,200,200,7,7,0,200,200,0,200,0,50,0,200,200,200,200,200
338436,0,30,0,0,0,1,14,5,0,0,0,0,0,0,48,200,7,0,0,200,200
338436,0,30,0,0,0,1,14,5,0,0,0,0,0,0,38,0,0,0,0,200,200
338438,0,30,0,0,0,0,0,6,0,0,0,17,22,1,200,200,1,200,200,200,200
338438,0,30,0,0,0,0,0,6,0,0,0,17,22,0,64,0,0,0,0,200,200
338445,0,45,0,0,0,1,10,3,0,0,0,12,200,0,200,200,3,200,200,200,200
338445,0,45,0,0,0,1,10,3,0,0,0,12,200,0,200,0,0,0,0,200,200
338446,0,30,0,0,0,1,12,6,0,0,0,21,200,0,33,3,0,0,0,200,200
338446,0,30,0,0,0,1,12,6,0,0,0,21,200,0,53,0,4,0,0,200,200
338450,0,30,1,200,0,1,12,6,0,200,200,0,0,0,52,200,200,200,0,200,200
338450,0,30,1,200,0,1,12,6,0,200,200,0,0,1,31,200,200,200,0,200,200
338450,1,30,1,200,0,1,12,6,0,200,200,0,0,1,30,200,200,200,200,200,200
338453,0,15,0,200,200,200,7,12,0,200,0,200,200,2,200,200,200,200,200,200,200
338456,0,30,1,2,0,1,14,2,0,0,0,23,0,1,34,200,7,0,0,200,200
338456,0,30,1,2,0,1,14,2,0,0,0,23,0,1,45,200,0,0,0,200,200
338457,0,35,1,2,0,1,10,5,0,200,0,18,200,0,78,200,200,200,0,200,200
338457,0,35,1,2,0,1,10,5,0,200,0,18,200,0,26,0,0,0,0,200,200
338460,0,30,0,0,0,1,10,2,0,0,0,18,200,1,200,200,3,200,200,200,200
338460,0,30,0,0,0,1,10,2,0,0,0,18,200,0,21,200,0,0,0,200,200
338460,0,30,0,0,0,1,10,2,0,0,0,18,200,1,44,200,0,0,0,200,200
338463,0,40,1,2,0,1,12,3,0,0,0,22,0,1,27,0,1,0,0,200,200
338463,0,40,1,2,0,1,12,3,0,0,0,22,0,1,47,0,1,0,0,200,200
338463,1,40,1,2,0,1,12,3,0,0,0,22,0,200,200,200,200,200,200,200,200
338463,1,40,1,2,0,1,12,3,0,0,0,22,0,1,50,7,200,200,200,200,200
338463,1,40,1,2,0,1,12,3,0,0,0,22,0,1,9,0,200,200,200,200,200
338467,0,30,2,2,0,1,14,5,0,0,0,17,200,1,65,0,1,0,0,200,200
338467,0,30,2,2,0,1,14,5,0,0,0,17,200,1,28,0,1,0,0,200,200
338467,1,30,2,2,0,1,14,5,0,0,0,17,200,1,18,0,200,200,200,200,200
338469,0,30,0,0,0,1,0,7,0,0,0,20,200,0,57,0,1,200,200,200,200
338469,0,30,0,0,0,1,0,7,0,0,0,20,200,0,26,0,0,0,0,200,200
338470,0,30,200,200,0,1,10,5,0,200,0,0,200,0,45,0,200,0,0,200,200
338470,0,30,200,200,0,1,10,5,0,200,0,0,200,1,0,0,200,0,0,200,200
338473,0,30,0,0,0,1,10,2,0,0,0,18,11,1,23,200,3,0,0,200,200
338473,0,30,0,0,0,1,10,2,0,0,0,18,11,0,41,200,0,0,0,200,200
338478,0,30,12,12,0,1,12,6,0,0,0,0,200,0,24,0,12,0,0,200,200
338478,0,30,12,12,0,1,12,6,0,0,0,0,200,1,19,0,0,0,0,200,200
338478,1,30,12,12,0,1,12,6,0,0,0,0,200,1,20,0,200,200,200,200,200
338479,0,20,2,200,0,1,0,5,0,0,0,0,17,1,68,200,1,200,200,200,200
338479,0,20,2,200,0,1,0,5,0,0,0,0,17,1,17,0,200,200,0,200,200
338483,0,30,1,2,0,1,0,2,0,0,0,17,21,0,38,0,1,0,0,200,200
338483,0,30,1,2,0,1,0,2,0,0,0,17,21,0,28,7,0,0,0,200,200
338487,0,30,200,200,200,200,0,5,0,200,200,0,0,2,200,200,200,200,200,200,200
338487,0,30,200,200,200,200,0,5,0,200,200,0,0,0,0,200,200,200,0,200,200
338488,0,35,0,0,0,1,7,5,0,0,0,200,200,1,75,200,12,200,0,200,200
338492,0,30,2,0,0,1,0,2,0,0,200,17,0,1,25,0,0,0,200,200,200
338492,0,30,2,0,0,1,0,2,0,0,200,17,0,1,21,0,1,200,200,200,200
338493,0,30,0,0,0,1,10,5,0,0,0,18,18,1,44,0,0,0,0,200,200
338493,0,30,0,0,0,1,10,5,0,0,0,18,18,1,32,0,0,0,0,200,200
338493,0,30,0,0,0,1,10,5,0,0,0,18,18,1,62,0,3,0,0,200,200
338496,0,20,0,0,0,1,2,3,0,0,0,11,0,0,64,200,200,200,0,200,200
338500,0,35,3,2,0,1,10,3,0,0,0,18,200,0,26,0,3,0,0,200,200
338500,0,35,3,2,0,1,10,3,0,0,0,18,200,0,21,7,0,0,0,200,200
338501,0,30,0,0,0,1,12,5,0,0,0,22,11,0,28,0,6,0,0,200,200
338501,0,30,0,0,0,1,12,5,0,0,0,22,11,0,69,0,0,0,0,200,200
338512,0,30,0,0,0,1,14,5,0,0,0,18,200,1,200,0,1,1,0,200,200
338512,0,30,0,0,0,1,14,5,0,0,0,18,200,0,200,0,12,1,0,200,200
338514,0,15,0,0,0,1,14,5,3,0,0,200,200,1,27,0,200,0,0,200,200
338514,0,15,0,0,0,1,14,5,3,0,0,200,200,0,26,0,200,0,0,200,200
338519,0,30,0,0,0,1,2,2,3,1,0,14,16,0,200,200,13,200,200,200,200
338528,0,25,0,0,200,200,7,5,0,0,0,200,200,2,200,200,200,200,200,200,200
338529,0,0,0,0,0,1,0,7,0,0,0,0,0,1,200,200,200,200,200,200,200
338529,0,0,0,0,0,1,0,7,0,0,0,0,0,0,44,0,0,0,0,200,200
338530,0,30,0,0,0,1,14,5,0,0,0,21,200,0,55,0,4,0,0,200,200
338530,0,30,0,0,0,1,14,5,0,0,0,21,200,0,59,0,0,0,0,200,200
338532,0,30,0,0,0,1,12,5,0,0,0,17,200,0,25,0,12,0,0,200,200
338532,0,30,0,0,0,1,12,5,0,0,0,17,200,0,27,200,0,200,0,200,200
338533,0,30,1,2,0,4,14,5,0,0,0,22,16,0,200,200,4,200,200,200,200
338533,0,30,1,2,0,4,14,5,0,0,0,22,16,0,41,0,0,0,0,200,200
338533,1,30,1,2,0,4,14,5,0,0,0,22,16,0,200,0,200,200,200,200,200
338533,1,30,1,2,0,4,14,5,0,0,0,22,16,1,200,200,200,200,200,200,200
338533,1,30,1,2,0,4,14,5,0,0,0,22,16,2,200,200,200,200,200,200,200
338533,1,30,1,2,0,4,14,5,0,0,0,22,16,2,200,200,200,200,200,200,200
338535,0,30,2,2,0,1,10,5,0,0,0,18,200,1,20,200,3,0,200,200,200
338535,0,30,2,2,0,1,10,5,0,0,0,18,200,0,40,0,0,0,0,200,200
338538,0,30,0,0,0,1,14,5,0,0,0,23,11,1,58,0,7,0,0,200,200
338538,0,30,0,0,0,1,14,5,0,0,0,23,11,0,25,0,0,0,0,200,200
338541,0,30,0,0,0,1,8,2,0,0,0,0,0,1,38,0,7,0,0,200,200
338541,4,30,0,0,0,1,8,2,0,0,0,0,0,0,19,3,0,0,0,200,200
338541,1,30,0,0,0,1,8,2,0,0,0,0,0,0,200,0,200,200,200,200,200
338541,1,30,0,0,0,1,8,2,0,0,0,0,0,1,200,0,200,200,200,200,200
338541,1,30,0,0,0,1,8,2,0,0,0,0,0,0,200,0,200,200,200,200,200
338543,0,30,1,2,0,1,10,3,0,0,0,18,0,0,25,0,3,0,0,200,200
338543,0,30,1,2,0,1,10,3,0,0,0,18,0,0,28,200,0,200,200,200,200
338543,1,30,1,2,0,1,10,3,0,0,0,18,0,200,200,200,200,200,200,200,200
338543,1,30,1,2,0,1,10,3,0,0,0,18,0,200,200,7,200,200,200,200,200
338550,0,30,0,0,0,1,14,2,0,0,0,23,21,1,0,0,7,0,0,200,200
338550,0,30,0,0,0,1,14,2,0,0,0,23,21,0,43,0,0,0,0,200,200
338555,0,30,0,0,0,4,7,7,0,0,0,0,200,1,200,200,6,200,200,200,200