RD_NO,PERSON_TYPE,POSTED_SPEED_LIMIT,TRAFFIC_CONTROL_DEVICE,DEVICE_CONDITION,WEATHER_CONDITION,LIGHTING_CONDITION,FIRST_CRASH_TYPE,TRAFFICWAY_TYPE,ALIGNMENT,ROADWAY_SURFACE_COND,ROAD_DEFECT,PRIM_CONTRIBUTORY_CAUSE,SEC_CONTRIBUTORY_CAUSE,SEX,AGE,SAFETY_EQUIPMENT,DRIVER_ACTION,DRIVER_VISION,PHYSICAL_CONDITION,BAC_RESULT VALUE,CELL_PHONE_USE
338556,0,30,0,0,0,1,7,5,0,0,0,200,200,0,31,0,0,0,0,200,200
338558,0,30,0,0,0,1,7,5,0,0,0,0,0,2,200,200,7,200,200,200,200
338563,0,35,1,2,0,1,12,200,0,0,200,0,200,0,200,200,200,200,200,200,200
338563,0,35,1,2,0,1,12,200,0,0,200,0,200,1,25,200,200,0,0,200,200
338564,0,30,2,2,0,2,0,3,0,0,0,5,16,0,41,200,5,0,0,200,200
338564,0,30,2,2,0,2,0,3,0,0,0,5,16,1,41,200,0,0,0,200,200
338564,1,30,2,2,0,2,0,3,0,0,0,5,16,1,59,200,200,200,200,200,200
338567,0,30,0,0,0,1,10,2,0,0,0,18,0,0,60,200,3,0,200,200,200
338567,0,30,0,0,0,1,10,2,0,0,0,18,0,1,27,200,0,0,0,200,200
338567,1,30,0,0,0,1,10,2,0,0,0,18,0,0,27,200,200,200,200,200,200
338567,1,30,0,0,0,1,10,2,0,0,0,18,0,0,30,200,200,200,200,200,200
338576,0,20,0,0,0,1,7,5,0,0,200,0,0,2,200,200,200,200,200,200,200
338579,0,30,0,0,0,1,10,2,0,0,0,0,0,1,77,0,0,0,0,200,200
338579,0,30,0,0,0,1,10,2,0,0,0,0,0,1,43,0,0,0,0,200,200
338580,0,30,0,0,0,1,10,5,0,0,0,18,18,0,200,200,3,200,200,200,200
338580,0,30,0,0,0,1,10,5,0,0,0,18,18,1,30,0,0,0,0,200,200
338581,0,30,0,0,0,1,12,6,0,0,200,17,0,0,200,200,1,200,200,200,200
338581,0,30,0,0,0,1,12,6,0,0,200,17,0,1,29,0,0,200,0,200,200
338582,0,30,1,2,0,1,10,5,0,0,0,0,0,1,37,0,6,0,0,200,200
338582,0,30,1,2,0,1,10,5,0,0,0,0,0,0,61,0,0,0,0,200,200
338583,0,0,0,0,0,1,7,7,0,0,0,0,0,2,200,200,10,200,200,200,200
338589,4,30,0,0,0,1,8,5,0,200,200,0,200,1,38,3,0,0,0,200,200
338589,0,30,0,0,0,1,8,5,0,200,200,0,200,1,200,200,200,200,200,200,200
338593,0,30,1,2,0,1,14,6,0,0,0,16,18,1,37,0,3,0,0,200,200
338593,0,30,1,2,0,1,14,6,0,0,0,16,18,1,23,0,0,0,0,200,200
338606,0,30,0,0,0,1,10,2,0,200,0,18,200,1,47,0,3,200,200,200,200
338606,0,30,0,0,0,1,10,2,0,200,0,18,200,1,47,0,0,200,0,200,200
338608,0,30,1,200,0,1,4,2,0,0,1,200,200,0,58,200,0,200,200,200,200
338609,0,30,0,0,0,4,12,6,0,0,200,21,11,0,23,0,4,0,0,200,200
338609,0,30,0,0,0,4,12,6,0,0,200,21,11,0,56,0,0,0,0,200,200
338614,0,45,1,2,0,3,10,5,0,0,0,18,16,1,19,0,3,0,0,200,200
338614,0,45,1,2,0,3,10,5,0,0,0,18,16,1,54,0,0,0,0,200,200
338615,0,5,0,0,0,4,7,7,0,0,0,23,0,1,55,0,7,0,0,200,200
338619,0,35,0,0,0,3,14,5,0,0,0,0,0,1,200,200,200,200,200,200,200
338619,0,35,0,0,0,3,14,5,0,0,0,0,0,1,39,0,0,0,0,200,200
338619,1,35,0,0,0,3,14,5,0,0,0,0,0,0,37,0,200,200,200,200,200
338619,1,35,0,0,0,3,14,5,0,0,0,0,0,1,66,0,200,200,200,200,200
338621,0,30,1,2,0,1,9,5,0,0,0,17,17,0,200,200,1,200,200,200,200
338621,5,30,1,2,0,1,9,5,0,0,0,17,17,1,68,200,200,200,0,200,200
338626,0,30,0,0,0,1,10,5,0,0,0,20,200,2,200,200,6,200,200,200,200
338626,0,30,0,0,0,1,10,5,0,0,0,20,200,1,19,0,0,0,0,200,200
338628,0,30,0,0,2,3,10,5,0,1,0,0,0,2,200,200,12,200,200,200,200
338628,0,30,0,0,2,3,10,5,0,1,0,0,0,0,29,1,12,0,0,200,200
338628,1,30,0,0,2,3,10,5,0,1,0,0,0,2,200,200,200,200,200,200,200
338628,1,30,0,0,2,3,10,5,0,1,0,0,0,2,200,200,200,200,200,200,200
338636,0,35,0,0,0,3,2,5,0,0,0,12,200,0,37,200,200,0,0,200,200
338637,0,30,0,0,0,200,10,2,0,0,0,200,200,0,23,200,200,200,0,200,200
338637,0,30,0,0,0,200,10,2,0,0,0,200,200,1,24,200,200,200,0,200,200
338637,1,30,0,0,0,200,10,2,0,0,0,200,200,1,12,200,200,200,200,200,200
338637,1,30,0,0,0,200,10,2,0,0,0,200,200,0,16,200,200,200,200,200,200
338637,1,30,0,0,0,200,10,2,0,0,0,200,200,1,19,200,200,200,200,200,200
338637,1,30,0,0,0,200,10,2,0,0,0,200,200,1,13,200,200,200,200,200,200
338637,1,30,0,0,0,200,10,2,0,0,0,200,200,1,12,200,200,200,200,200,200
338637,1,30,0,0,0,200,10,2,0,0,0,200,200,0,9,200,200,200,200,200,200
338643,0,30,0,0,0,4,10,2,0,0,0,21,200,2,200,200,4,200,200,200,200
338643,0,30,0,0,0,4,10,2,0,0,0,21,200,0,58,0,0,0,0,200,200
338655,0,35,1,2,0,3,10,5,0,0,0,16,18,0,48,200,3,0,0,200,200
338655,0,35,1,2,0,3,10,5,0,0,0,16,18,0,39,200,0,0,0,200,200
338657,0,30,1,2,0,3,14,2,0,0,0,17,33,0,64,7,1,0,0,200,200
338657,0,30,1,2,0,3,14,2,0,0,0,17,33,0,32,7,0,0,0,200,200
338669,0,30,3,200,0,0,9,5,0,0,200,0,16,1,36,200,200,200,0,200,200
338669,5,30,3,200,0,0,9,5,0,0,200,0,16,0,25,7,200,200,200,200,200
338670,0,45,0,0,0,1,10,3,0,0,200,18,25,1,200,200,3,200,200,200,200
338670,0,45,0,0,0,1,10,3,0,0,200,18,25,0,62,0,0,0,0,200,200
338670,1,45,0,0,0,1,10,3,0,0,200,18,25,1,200,200,200,200,200,200,200
338672,0,30,0,0,0,3,7,3,0,0,0,22,11,1,44,0,2,0,0,200,200
338681,0,30,1,2,0,3,14,2,0,0,0,22,11,1,22,0,2,1,0,200,200
338681,0,30,1,2,0,3,14,2,0,0,0,22,11,0,61,0,0,1,0,200,200
338682,0,30,0,0,0,3,12,5,0,0,0,17,200,0,23,0,1,0,0,200,200
338682,0,30,0,0,0,3,12,5,0,0,0,17,200,1,22,0,0,0,0,200,200
338682,1,30,0,0,0,3,12,5,0,0,0,17,200,1,200,0,200,200,200,200,200
338690,0,30,0,0,0,200,7,200,0,0,0,200,200,2,200,200,200,200,200,200,200
338694,0,30,0,0,200,200,14,2,0,200,200,200,200,0,200,200,200,200,200,200,200
338694,0,30,0,0,200,200,14,2,0,200,200,200,200,1,30,200,200,200,0,200,200
338694,1,30,0,0,200,200,14,2,0,200,200,200,200,1,49,200,200,200,200,200,200
338696,0,30,2,2,0,3,0,5,0,0,200,5,200,2,200,200,5,200,200,200,200
338696,0,30,2,2,0,3,0,5,0,0,200,5,200,1,28,200,0,200,0,200,200
338711,0,30,1,2,0,1,14,6,0,0,0,21,200,0,70,200,4,0,0,200,200
338711,0,30,1,2,0,1,14,6,0,0,0,21,200,0,50,0,0,0,0,200,200
338711,1,30,1,2,0,1,14,6,0,0,0,21,200,0,200,200,200,200,200,200,200
338712,0,30,0,0,0,3,0,6,0,0,0,17,35,0,21,0,1,0,0,200,200
338712,0,30,0,0,0,3,0,6,0,0,0,17,35,0,20,3,8,0,0,200,200
338716,0,30,0,0,0,3,12,6,0,0,0,17,200,0,40,200,1,0,0,200,200
338716,0,30,0,0,0,3,12,6,0,0,0,17,200,0,56,200,12,0,0,200,200
338718,0,35,1,2,0,3,10,2,0,200,200,18,200,1,39,0,1,200,0,200,200
338718,0,35,1,2,0,3,10,2,0,200,200,18,200,0,39,0,0,200,0,200,200
338718,0,35,1,2,0,3,10,2,0,200,200,18,200,2,200,200,200,200,200,200,200
338718,1,35,1,2,0,3,10,2,0,200,200,18,200,1,24,0,200,200,200,200,200
338721,0,30,0,0,0,3,8,5,0,0,0,0,200,0,52,200,200,200,0,200,200
338721,4,30,0,0,0,3,8,5,0,0,0,0,200,0,27,2,200,0,0,200,200
338725,0,30,1,2,0,3,8,3,0,0,0,25,0,0,200,200,200,200,200,200,200
338725,4,30,1,2,0,3,8,3,0,0,0,25,0,1,27,200,0,200,7,200,200
338732,0,30,0,0,0,4,0,5,0,0,0,11,0,0,24,200,200,0,0,200,200
338732,0,30,0,0,0,4,0,5,0,0,0,11,0,1,24,200,0,0,0,200,200
338732,1,30,0,0,0,4,0,5,0,0,0,11,0,1,19,200,200,200,200,200,200
338732,1,30,0,0,0,4,0,5,0,0,0,11,0,0,25,200,200,200,200,200,200
338739,0,30,2,2,0,3,14,3,0,0,0,0,200,1,200,200,200,200,200,200,200
338739,0,30,2,2,0,3,14,3,0,0,0,0,200,1,61,0,0,0,0,200,200
338740,0,30,0,0,0,3,10,5,0,0,0,18,12,1,30,0,3,0,0,200,200
338740,0,30,0,0,0,3,10,5,0,0,0,18,12,0,42,200,0,0,0,200,200
338746,0,30,0,0,0,3,7,5,0,0,0,32,27,0,27,0,12,0,5,0.09,200
338754,0,30,0,0,200,200,12,2,0,200,0,200,200,1,200,200,200,200,200,200,200
338754,0,30,0,0,200,200,12,2,0,200,0,200,200,1,25,200,200,200,0,200,200
338754,1,30,0,0,200,200,12,2,0,200,0,200,200,0,8,200,200,200,200,200,200
338758,0,30,1,2,0,3,10,2,0,0,0,16,200,0,49,200,1,0,0,200,200
338758,0,30,1,2,0,3,10,2,0,0,0,16,200,0,21,200,0,0,0,200,200
338759,0,30,0,0,0,3,10,5,0,0,0,18,200,0,28,200,3,0,0,200,200
338759,0,30,0,0,0,3,10,5,0,0,0,18,200,0,54,200,0,0,0,200,200
338765,0,30,0,0,0,3,10,5,0,0,200,18,16,1,25,0,3,0,0,200,200
338765,0,30,0,0,0,3,10,5,0,0,200,18,16,0,47,0,0,0,0,200,200
338775,0,30,0,0,0,200,7,5,0,0,0,0,0,2,200,200,200,200,200,200,200
338779,0,30,0,0,0,1,10,5,0,0,0,0,0,1,24,0,0,0,0,200,200
338779,0,30,0,0,0,1,10,5,0,0,0,0,0,0,24,0,0,0,0,200,200
338784,0,30,0,0,0,3,7,6,0,0,200,0,200,0,31,200,200,200,200,200,200
338791,0,30,1,2,0,3,12,5,0,0,0,18,0,0,29,0,4,0,0,200,200
338791,0,30,1,2,0,3,12,5,0,0,0,18,0,1,0,0,4,0,0,200,200
338791,0,30,1,2,0,3,12,5,0,0,0,18,0,1,0,0,0,0,0,200,200
338791,1,30,1,2,0,3,12,5,0,0,0,18,0,1,36,0,200,200,200,200,200
338796,0,30,1,2,0,1,10,2,0,0,0,0,200,0,27,0,3,0,0,200,200
338796,0,30,1,2,0,1,10,2,0,0,0,0,200,0,55,1,0,0,0,200,200
338803,0,30,0,0,0,3,7,5,0,0,0,0,0,1,35,200,200,0,0,200,200
338807,0,30,1,2,0,3,14,2,0,0,0,23,17,1,200,200,7,200,200,200,200
338807,0,30,1,2,0,3,14,2,0,0,0,23,17,1,18,0,0,0,0,200,200
338807,1,30,1,2,0,3,14,2,0,0,0,23,17,1,18,0,200,200,200,200,200
338807,1,30,1,2,0,3,14,2,0,0,0,23,17,1,21,0,200,200,200,200,200
338807,1,30,1,2,0,3,14,2,0,0,0,23,17,1,21,0,200,200,200,200,200
338815,0,20,200,200,0,1,12,7,0,0,0,0,0,1,200,200,6,200,200,200,200
338815,0,20,200,200,0,1,12,7,0,0,0,0,0,0,36,0,0,0,200,200,200
338816,0,5,0,0,0,0,10,7,0,0,0,200,200,2,200,200,6,200,200,200,200
338816,0,5,0,0,0,0,10,7,0,0,0,200,200,0,0,7,0,0,0,200,200
338821,0,30,1,2,0,3,10,2,0,0,200,32,16,0,26,200,3,200,200,200,200
338821,0,30,1,2,0,3,10,2,0,0,200,32,16,0,42,200,200,0,0,200,200
338821,1,30,1,2,0,3,10,2,0,0,200,32,16,0,21,200,200,200,200,200,200
338821,1,30,1,2,0,3,10,2,0,0,200,32,16,0,25,200,200,200,200,200,200
338821,1,30,1,2,0,3,10,2,0,0,200,32,16,1,200,200,200,200,200,200,200
338823,0,30,1,2,0,3,14,2,0,0,0,0,0,0,22,0,200,0,0,200,200
338823,0,30,1,2,0,3,14,2,0,0,0,0,0,0,25,0,200,0,0,200,200
338823,1,30,1,2,0,3,14,2,0,0,0,0,0,0,200,0,200,200,200,200,200
338824,0,30,0,0,0,3,9,5,0,0,0,0,200,2,200,200,200,200,200,200,200
338824,5,30,0,0,0,3,9,5,0,0,0,0,200,0,27,200,200,200,200,200,200
338826,0,30,0,0,0,3,10,5,0,0,0,7,200,0,42,0,0,0,0,200,200
338826,0,30,0,0,0,3,10,5,0,0,0,7,200,1,30,0,12,0,0,200,200
338826,1,30,0,0,0,3,10,5,0,0,0,7,200,200,200,0,200,200,200,200,200
338826,1,30,0,0,0,3,10,5,0,0,0,7,200,200,200,0,200,200,200,200,200
338826,1,30,0,0,0,3,10,5,0,0,0,7,200,200,200,0,200,200,200,200,200
338830,0,15,0,0,0,0,10,5,0,0,0,0,0,0,200,200,0,200,200,200,200
338830,0,15,0,0,0,0,10,5,0,0,0,0,0,1,36,0,0,0,0,200,200
338832,0,40,0,0,0,3,12,6,0,0,0,21,200,1,25,200,4,200,200,200,200
338832,0,40,0,0,0,3,12,6,0,0,0,21,200,0,24,0,0,0,0,200,200
338832,1,40,0,0,0,3,12,6,0,0,0,21,200,0,200,200,200,200,200,200,200
338832,1,40,0,0,0,3,12,6,0,0,0,21,200,0,200,200,200,200,200,200,200
338832,1,40,0,0,0,3,12,6,0,0,0,21,200,1,200,200,200,200,200,200,200
338832,1,40,0,0,0,3,12,6,0,0,0,21,200,1,200,200,200,200,200,200,200
338834,0,25,0,0,0,3,12,2,0,0,0,22,22,0,35,0,2,0,0,200,200
338834,0,25,0,0,0,3,12,2,0,0,0,22,22,0,57,0,0,0,0,200,200
338836,0,30,0,0,0,3,14,6,0,0,0,0,200,0,29,200,200,200,200,200,200
338836,0,30,0,0,0,3,14,6,0,0,0,0,200,0,54,200,200,200,0,200,200
338836,1,30,0,0,0,3,14,6,0,0,0,0,200,0,30,200,200,200,200,200,200
338836,1,30,0,0,0,3,14,6,0,0,0,0,200,1,30,200,200,200,200,200,200
338843,0,30,2,200,0,3,10,5,0,0,0,11,0,1,26,200,200,200,0,200,200
338843,0,30,2,200,0,3,10,5,0,0,0,11,0,1,46,200,0,0,0,200,200
338845,0,30,2,2,0,3,10,2,0,0,1,18,0,1,21,0,3,12,0,200,200
338845,0,30,2,2,0,3,10,2,0,0,1,18,0,0,19,0,0,0,0,200,200
338850,0,30,2,0,0,3,0,2,0,0,0,17,0,1,20,200,1,0,0,200,200
338850,0,30,2,0,0,3,0,2,0,0,0,17,0,1,36,200,12,0,0,200,200
338850,1,30,2,0,0,3,0,2,0,0,0,17,0,0,43,200,200,200,200,200,200
338850,1,30,2,0,0,3,0,2,0,0,0,17,0,0,43,200,200,200,200,200,200
338854,0,25,0,0,0,3,11,5,0,0,0,21,200,0,41,0,12,0,0,200,200
338854,0,25,0,0,0,3,11,5,0,0,0,21,200,0,32,0,0,0,0,200,200
338854,1,25,0,0,0,3,11,5,0,0,0,21,200,1,200,0,200,200,200,200,200
338859,0,25,0,0,0,3,7,6,0,0,0,10,21,0,49,200,7,0,200,200,200
338878,0,35,1,2,0,3,10,3,0,0,0,18,0,0,27,200,3,0,0,200,200
338878,0,35,1,2,0,3,10,3,0,0,0,18,0,1,63,0,0,0,0,200,200
338880,0,20,0,0,0,1,7,2,0,0,0,0,0,2,200,200,200,200,200,200,200
338883,0,30,0,0,0,3,10,3,0,0,0,0,200,2,200,200,200,200,200,200,200
338883,0,30,0,0,0,3,10,3,0,0,0,0,200,1,32,200,12,200,200,200,200
338888,0,25,0,0,0,3,2,6,0,0,200,8,14,0,26,200,9,200,200,200,200
338888,1,25,0,0,0,3,2,6,0,0,200,8,14,1,200,200,200,200,200,200,200
338898,0,30,0,0,0,3,7,5,0,0,0,0,0,0,200,200,200,200,200,200,200
338901,0,30,0,0,0,3,9,5,0,0,0,0,0,0,35,0,200,0,0,200,200
338901,5,30,0,0,0,3,9,5,0,0,0,0,0,1,33,7,12,1,200,200,200
338903,0,30,200,200,200,200,4,12,0,200,200,0,200,2,200,200,200,200,200,200,200
338903,1,30,200,200,200,200,4,12,0,200,200,0,200,0,72,7,200,200,200,200,200
338909,0,30,0,0,0,0,12,5,0,0,0,0,0,0,34,200,12,200,0,200,200
338909,0,30,0,0,0,0,12,5,0,0,0,0,0,1,39,200,0,0,0,200,200
338912,0,30,0,0,0,3,7,5,0,0,0,25,200,1,22,200,4,200,7,200,200
338918,0,30,1,2,0,3,10,3,0,0,0,18,0,0,200,200,3,200,200,200,200
338918,0,30,1,2,0,3,10,3,0,0,0,18,0,0,22,0,0,0,0,200,200
338933,0,30,1,2,0,3,14,5,0,0,200,22,200,1,28,200,12,200,200,200,200
338933,0,30,1,2,0,3,14,5,0,0,200,22,200,2,200,200,12,200,3,200,200
338938,0,35,2,2,0,0,14,2,0,0,0,0,0,0,35,0,200,0,0,200,200
338938,0,35,2,2,0,0,14,2,0,0,0,0,0,0,32,0,200,0,0,200,200
338942,0,20,0,0,0,3,7,6,0,0,0,20,200,1,41,200,6,200,200,200,200
338943,0,30,1,2,0,3,10,2,0,0,0,18,11,0,200,200,1,200,200,200,200
338943,0,30,1,2,0,3,10,2,0,0,0,18,11,0,52,200,0,0,0,200,200
338944,0,30,0,0,0,3,12,5,0,0,0,0,0,0,32,200,12,0,0,200,200
338944,0,30,0,0,0,3,12,5,0,0,0,0,0,0,26,200,12,0,0,200,200
338950,0,30,0,0,0,0,7,6,0,0,0,0,200,1,19,200,200,200,200,200,200
338951,0,30,1,2,0,3,0,5,0,0,0,0,200,0,16,200,200,200,0,200,200
338951,0,30,1,2,0,3,0,5,0,0,0,0,200,1,24,200,200,0,200,200,200
338951,1,30,1,2,0,3,0,5,0,0,0,0,200,0,16,200,200,200,200,200,200
338951,1,30,1,2,0,3,0,5,0,0,0,0,200,1,24,200,200,200,200,200,200
338951,1,30,1,2,0,3,0,5,0,0,0,0,200,0,25,200,200,200,200,200,200
338951,1,30,1,2,0,3,0,5,0,0,0,0,200,1,27,200,200,200,200,200,200
338954,0,30,6,2,0,3,2,12,0,0,12,14,3,0,22,200,200,200,200,200,200
338954,1,30,6,2,0,3,2,12,0,0,12,14,3,1,19,200,200,200,200,200,200
338956,0,25,0,0,0,3,7,6,0,0,0,0,0,0,25,7,12,0,0,200,200
338957,0,30,1,2,0,0,12,6,0,0,0,21,200,2,200,200,4,200,200,200,200
338957,0,30,1,2,0,0,12,6,0,0,0,21,200,0,49,0,0,0,0,200,200
338957,1,30,1,2,0,0,12,6,0,0,0,21,200,0,200,0,200,200,200,200,200
338957,1,30,1,2,0,0,12,6,0,0,0,21,200,1,200,0,200,200,200,200,200
338957,1,30,1,2,0,0,12,6,0,0,0,21,200,200,200,0,200,200,200,200,200
338957,1,30,1,2,0,0,12,6,0,0,0,21,200,200,200,0,200,200,200,200,200
338961,0,30,1,2,0,3,0,12,0,0,0,6,25,0,200,200,13,200,200,200,200
338961,0,30,1,2,0,3,0,12,0,0,0,6,25,0,61,0,0,0,0,200,200
338962,0,30,0,0,0,3,8,5,0,0,0,21,33,0,200,200,1,200,200,200,200
338962,4,30,0,0,0,3,8,5,0,0,0,21,33,0,30,3,0,0,0,200,200
338965,0,30,0,0,0,3,7,6,0,0,0,0,200,2,200,200,200,200,200,200,200
338967,0,30,2,200,0,3,0,200,0,0,0,17,5,2,200,200,200,200,200,200,200
338967,0,30,2,200,0,3,0,200,0,0,0,17,5,1,35,200,12,0,0,200,200
338973,0,35,0,0,0,0,12,6,0,0,0,0,0,0,31,0,200,0,0,200,200
338973,0,35,0,0,0,0,12,6,0,0,0,0,0,0,19,0,200,0,0,200,200
338976,0,30,0,0,0,3,12,5,0,0,0,16,0,0,39,200,200,200,3,200,200
338976,0,30,0,0,0,3,12,5,0,0,0,16,0,0,31,200,0,200,7,200,200
338977,0,30,1,2,0,3,10,3,0,0,0,16,18,0,25,0,3,0,0,200,200
338977,0,30,1,2,0,3,10,3,0,0,0,16,18,0,64,0,0,0,0,200,200
338977,1,30,1,2,0,3,10,3,0,0,0,16,18,0,34,0,200,200,200,200,200
338978,0,30,0,0,0,3,6,3,0,0,0,27,200,0,23,200,200,0,2,200,200
338985,5,30,1,2,0,3,9,5,0,0,0,200,200,1,24,200,200,200,7,200,200
338985,0,30,1,2,0,3,9,5,0,0,0,200,200,1,54,200,0,0,0,200,200
338993,0,30,0,0,0,3,2,6,0,0,0,0,200,2,200,200,200,200,200,200,200
339000,0,30,0,0,0,3,10,5,0,0,0,11,21,1,200,200,4,200,200,200,200
339000,0,30,0,0,0,3,10,5,0,0,0,11,21,1,40,0,0,0,0,200,200
339001,0,30,0,0,0,3,2,3,0,0,0,14,0,0,26,200,200,0,7,200,200
339005,0,30,0,0,0,3,10,5,0,0,0,18,200,1,200,200,3,200,200,200,200
339005,0,30,0,0,0,3,10,5,0,0,0,18,200,0,52,0,0,0,0,200,200
339005,1,30,0,0,0,3,10,5,0,0,0,18,200,200,200,200,200,200,200,200,200
339023,0,30,0,0,0,200,7,5,0,0,0,0,200,2,200,200,200,200,200,200,200
339050,0,10,0,0,0,200,7,12,0,0,0,20,0,2,200,200,6,200,200,200,200
339051,0,30,0,0,0,2,7,5,0,0,0,0,200,2,200,200,200,200,200,200,200
339055,0,15,0,0,0,1,2,0,0,0,0,11,11,0,16,0,200,0,0,200,200
339058,0,40,0,0,0,1,12,3,0,0,0,21,200,1,21,0,4,0,0,200,200
339058,0,40,0,0,0,1,12,3,0,0,0,21,200,0,26,0,0,0,0,200,200
339059,0,30,0,0,0,1,7,5,0,0,0,0,0,2,200,200,200,200,200,200,200
339068,0,30,1,2,0,1,0,5,0,0,0,3,16,0,40,0,1,0,0,200,200
339068,0,30,1,2,0,1,0,5,0,0,0,3,16,0,30,0,0,0,0,200,200
339068,1,30,1,2,0,1,0,5,0,0,0,3,16,1,200,200,200,200,200,200,200
339077,0,30,0,0,0,1,5,5,0,0,0,0,200,2,200,200,200,200,200,200,200
339081,0,30,0,0,0,1,7,6,0,0,0,0,0,2,200,200,200,200,200,200,200
339085,0,30,200,200,200,200,0,6,0,200,200,200,200,1,200,200,6,200,200,200,200
339085,0,30,200,200,200,200,0,6,0,200,200,200,200,1,200,200,0,200,200,200,200
339093,0,30,2,2,0,1,14,12,0,0,0,5,200,0,29,200,1,0,0,200,200
339093,0,30,2,2,0,1,14,12,0,0,0,5,200,0,64,0,0,0,0,200,200
339093,1,30,2,2,0,1,14,12,0,0,0,5,200,1,32,200,200,200,200,200,200
339095,0,30,0,0,0,1,14,2,0,0,0,18,200,1,59,0,3,0,0,200,200
339095,0,30,0,0,0,1,14,2,0,0,0,18,200,0,52,0,0,0,0,200,200
339100,0,30,0,0,0,1,14,5,0,0,0,20,17,0,200,200,6,200,200,200,200
339100,0,30,0,0,0,1,14,5,0,0,0,20,17,1,21,0,0,0,1,200,200
339103,0,10,0,0,0,1,7,7,0,0,0,0,20,0,44,0,6,0,0,200,200
339105,0,30,0,0,0,1,12,5,0,0,0,21,200,1,26,0,1,0,0,200,200
339105,0,30,0,0,0,1,12,5,0,0,0,21,200,0,52,0,0,0,0,200,200
339106,0,0,0,0,0,1,7,7,0,0,0,20,200,1,49,0,6,0,0,200,200
339113,0,30,0,0,0,3,7,5,0,0,0,20,200,2,200,200,6,200,200,200,200
339118,0,30,0,0,2,1,7,5,0,0,0,27,0,2,200,200,200,200,200,200,200
339119,0,30,0,0,0,1,2,12,0,0,0,0,200,0,34,200,6,200,0,200,200
339120,0,0,0,0,0,1,11,7,0,0,0,0,200,0,75,200,200,200,200,200,200
339120,0,0,0,0,0,1,11,7,0,0,0,0,200,1,49,0,0,0,0,200,200
339124,0,45,3,0,0,1,10,12,0,0,0,0,200,1,21,0,200,200,7,200,200
339124,0,45,3,0,0,1,10,12,0,0,0,0,200,0,65,0,200,200,200,200,200
339124,0,45,3,0,0,1,10,12,0,0,0,0,200,1,45,200,200,200,200,200,200
339124,1,45,3,0,0,1,10,12,0,0,0,0,200,1,21,1,200,200,200,200,200
339126,0,30,1,2,0,1,0,5,0,0,0,6,17,1,60,200,5,200,0,200,200
339126,0,30,1,2,0,1,0,5,0,0,0,6,17,0,30,200,0,200,0,200,200
339128,0,30,0,0,0,1,10,5,0,0,0,18,200,0,70,200,3,0,0,200,200
339128,0,30,0,0,0,1,10,5,0,0,0,18,200,1,25,200,0,0,0,200,200
339128,1,30,0,0,0,1,10,5,0,0,0,18,200,0,26,200,200,200,200,200,200
339134,0,30,0,0,0,1,10,2,0,0,1,18,200,0,47,200,3,200,0,200,200
339134,0,30,0,0,0,1,10,2,0,0,1,18,200,1,53,200,0,200,0,200,200
339134,1,30,0,0,0,1,10,2,0,0,1,18,200,0,44,200,200,200,200,200,200
339134,1,30,0,0,0,1,10,2,0,0,1,18,200,1,56,200,200,200,200,200,200
339140,0,30,1,2,0,1,14,6,0,0,0,21,200,0,23,0,7,0,0,200,200
339140,0,30,1,2,0,1,14,6,0,0,0,21,200,0,39,0,0,0,0,200,200
339142,0,30,1,2,0,1,9,12,0,0,0,8,17,0,67,0,1,0,0,200,200
339142,5,30,1,2,0,1,9,12,0,0,0,8,17,1,200,7,12,0,0,200,200
339144,0,30,0,0,0,1,14,2,0,0,0,23,17,0,200,200,7,200,200,200,200
339144,0,30,0,0,0,1,14,2,0,0,0,23,17,1,22,0,0,0,0,200,200
339148,0,30,200,200,200,200,2,200,0,200,200,200,200,2,200,200,200,200,200,200,200
339148,0,30,200,200,200,200,2,200,0,200,200,200,200,0,200,200,200,200,200,200,200
339152,0,30,0,0,0,200,7,2,0,0,0,0,0,2,200,200,200,200,200,200,200
339158,0,30,1,2,0,1,10,5,0,0,0,18,200,0,39,0,3,0,0,200,200
339158,0,30,1,2,0,1,10,5,0,0,0,18,200,0,38,0,0,0,0,200,200
339158,1,30,1,2,0,1,10,5,0,0,0,18,200,1,4,0,200,200,200,200,200
339158,1,30,1,2,0,1,10,5,0,0,0,18,200,0,6,0,200,200,200,200,200
339158,1,30,1,2,0,1,10,5,0,0,0,18,200,0,10,0,200,200,200,200,200
339158,1,30,1,2,0,1,10,5,0,0,0,18,200,0,38,0,200,200,200,200,200
339158,1,30,1,2,0,1,10,5,0,0,0,18,200,1,37,0,200,200,200,200,200
339158,1,30,1,2,0,1,10,5,0,0,0,18,200,1,2,0,200,200,200,200,200
339161,0,30,1,2,0,1,10,5,0,0,0,0,200,0,52,200,3,0,0,200,200
339161,0,30,1,2,0,1,10,5,0,0,0,0,200,0,64,0,0,0,0,200,200