RD_NO,PERSON_TYPE,POSTED_SPEED_LIMIT,TRAFFIC_CONTROL_DEVICE,DEVICE_CONDITION,WEATHER_CONDITION,LIGHTING_CONDITION,FIRST_CRASH_TYPE,TRAFFICWAY_TYPE,ALIGNMENT,ROADWAY_SURFACE_COND,ROAD_DEFECT,PRIM_CONTRIBUTORY_CAUSE,SEC_CONTRIBUTORY_CAUSE,SEX,AGE,SAFETY_EQUIPMENT,DRIVER_ACTION,DRIVER_VISION,PHYSICAL_CONDITION,BAC_RESULT VALUE,CELL_PHONE_USE
339171,0,35,1,0,0,1,14,3,0,0,0,17,200,1,33,200,1,200,0,200,200
339171,0,35,1,0,0,1,14,3,0,0,0,17,200,0,28,200,0,200,200,200,200
339181,3,30,0,0,0,1,5,5,0,0,0,21,200,0,200,7,0,12,12,200,200
339181,0,30,0,0,0,1,5,5,0,0,0,21,200,0,24,0,12,0,0,200,200
339181,1,30,0,0,0,1,5,5,0,0,0,21,200,0,200,0,200,200,200,200,200
339182,0,30,0,0,0,1,7,5,0,0,0,13,200,0,58,0,12,1,0,200,200
339185,0,30,0,0,0,200,7,5,0,0,0,0,200,2,200,200,200,200,200,200,200
339188,0,10,0,0,0,1,7,7,0,0,0,0,200,0,45,200,7,200,0,200,200
339188,1,10,0,0,0,1,7,7,0,0,0,0,200,1,200,200,200,200,200,200,200
339188,1,10,0,0,0,1,7,7,0,0,0,0,200,1,200,200,200,200,200,200,200
339191,0,30,9,2,0,1,10,3,0,0,0,18,200,0,46,200,3,200,200,200,200
339191,0,30,9,2,0,1,10,3,0,0,0,18,200,0,59,0,0,200,0,200,200
339193,0,15,0,0,0,1,7,0,0,0,0,20,200,0,33,0,6,200,0,200,200
339195,0,35,1,2,0,1,0,12,0,0,0,17,11,1,20,0,1,2,0,200,200
339195,0,35,1,2,0,1,0,12,0,0,0,17,11,0,52,0,0,0,0,200,200
339195,1,35,1,2,0,1,0,12,0,0,0,17,11,1,16,0,200,200,200,200,200
339195,1,35,1,2,0,1,0,12,0,0,0,17,11,1,17,0,200,200,200,200,200
339200,0,40,0,0,0,1,10,3,0,0,0,18,200,0,35,200,3,0,0,200,200
339200,0,40,0,0,0,1,10,3,0,0,0,18,200,0,36,0,0,0,0,200,200
339201,0,25,0,0,0,1,7,6,0,0,0,200,200,1,200,200,12,0,0,200,200
339206,0,30,2,3,0,1,0,2,0,0,0,17,200,1,24,200,1,200,200,200,200
339206,0,30,2,3,0,1,0,2,0,0,0,17,200,1,23,0,0,0,0,200,200
339215,0,30,1,2,0,1,10,2,0,0,0,0,200,1,54,200,200,200,200,200,200
339215,0,30,1,2,0,1,10,2,0,0,0,0,200,0,42,0,0,0,200,200,200
339216,0,30,1,2,0,1,12,2,0,0,0,0,200,0,30,0,0,0,0,200,200
339216,0,30,1,2,0,1,12,2,0,0,0,0,200,0,33,0,0,0,0,200,200
339218,0,30,0,0,0,1,10,5,0,0,12,28,18,0,47,0,3,0,0,200,200
339218,0,30,0,0,0,1,10,5,0,0,12,28,18,1,37,0,0,0,0,200,200
339220,0,30,1,2,0,1,12,5,0,0,0,22,16,0,18,0,2,0,0,200,200
339220,0,30,1,2,0,1,12,5,0,0,0,22,16,0,50,0,0,0,0,200,200
339222,0,35,1,2,0,1,14,2,0,0,0,17,17,1,42,0,1,200,0,200,200
339222,0,35,1,2,0,1,14,2,0,0,0,17,17,0,48,0,1,200,0,200,200
339222,1,35,1,2,0,1,14,2,0,0,0,17,17,1,9,0,200,200,200,200,200
339222,1,35,1,2,0,1,14,2,0,0,0,17,17,1,0,5,200,200,200,200,200
339222,1,35,1,2,0,1,14,2,0,0,0,17,17,1,70,0,200,200,200,200,200
339222,1,35,1,2,0,1,14,2,0,0,0,17,17,1,53,0,200,200,200,200,200
339222,1,35,1,2,0,1,14,2,0,0,0,17,17,1,9,0,200,200,200,200,200
339222,1,35,1,2,0,1,14,2,0,0,0,17,17,0,6,0,200,200,200,200,200
339223,0,30,2,2,0,1,2,6,0,0,0,0,200,0,58,0,200,0,0,200,200
339227,0,30,0,0,0,1,7,6,0,0,0,200,200,1,53,0,200,0,200,200,200
339237,0,15,0,0,0,1,0,6,0,0,0,17,11,1,32,200,1,200,200,200,200
339237,0,15,0,0,0,1,0,6,0,0,0,17,11,0,200,200,200,200,200,200,200
339238,0,30,2,0,0,1,7,3,0,0,0,0,0,0,32,0,200,0,0,200,200
339241,0,30,0,0,0,1,12,6,0,0,0,21,200,0,30,200,4,0,0,200,200
339241,0,30,0,0,0,1,12,6,0,0,0,21,200,0,58,200,0,0,0,200,200
339249,0,25,0,0,0,1,7,5,0,0,0,0,200,1,43,0,200,0,0,200,200
339253,0,30,0,0,0,1,14,5,0,0,0,0,17,1,31,200,1,0,200,200,200
339253,0,30,0,0,0,1,14,5,0,0,0,0,17,1,58,0,1,0,200,200,200
339254,0,30,2,3,0,1,14,2,0,0,0,18,200,0,26,0,3,0,0,200,200
339254,0,30,2,3,0,1,14,2,0,0,0,18,200,1,56,0,0,0,0,200,200
339258,0,35,0,0,0,1,2,5,0,0,0,0,0,0,200,200,0,200,200,200,200
339260,0,30,0,0,0,1,10,2,0,0,0,13,200,1,49,0,12,0,0,200,200
339260,0,30,0,0,0,1,10,2,0,0,0,13,200,1,47,0,12,200,0,200,200
339264,0,35,1,2,0,4,14,5,0,0,0,22,17,0,50,200,2,200,200,200,200
339264,0,35,1,2,0,4,14,5,0,0,0,22,17,0,70,0,0,0,0,200,200
339280,0,30,1,2,0,1,14,2,0,0,0,17,17,1,60,0,1,0,0,200,200
339280,0,30,1,2,0,1,14,2,0,0,0,17,17,0,28,0,0,0,0,200,200
339289,0,10,0,0,0,1,10,7,0,0,0,18,200,1,200,200,1,200,200,200,200
339289,0,10,0,0,0,1,10,7,0,0,0,18,200,1,56,0,0,0,0,200,200
339294,0,15,0,0,0,1,7,7,0,0,0,0,200,2,200,200,200,200,200,200,200
339302,0,0,0,0,0,1,0,12,0,0,0,0,200,0,27,200,200,200,200,200,200
339302,0,0,0,0,0,1,0,12,0,0,0,0,200,0,26,0,0,0,0,200,200
339302,1,0,0,0,0,1,0,12,0,0,0,0,200,1,26,0,200,200,200,200,200
339302,1,0,0,0,0,1,0,12,0,0,0,0,200,1,41,0,200,200,200,200,200
339303,0,25,0,0,0,1,7,6,0,0,0,25,16,0,23,200,12,0,0,200,200
339303,1,25,0,0,0,1,7,6,0,0,0,25,16,0,27,200,200,200,200,200,200
339306,0,0,0,0,0,1,14,2,0,0,0,23,0,0,83,200,7,200,0,200,200
339306,0,0,0,0,0,1,14,2,0,0,0,23,0,0,49,200,0,200,0,200,200
339308,0,30,200,200,0,1,10,5,0,0,0,18,0,1,50,7,3,0,0,200,200
339308,0,30,200,200,0,1,10,5,0,0,0,18,0,0,51,0,12,0,0,200,200
339313,0,25,0,0,0,1,7,5,0,0,0,0,0,0,26,200,200,0,0,200,200
339314,0,30,0,0,0,1,7,6,0,0,0,0,0,1,48,200,200,200,0,200,200
339314,1,30,0,0,0,1,7,6,0,0,0,0,0,1,64,200,200,200,200,200,200
339315,0,30,0,0,0,1,7,5,0,0,0,200,200,1,200,200,200,200,200,200,200
339315,1,30,0,0,0,1,7,5,0,0,0,200,200,1,82,0,200,200,200,200,200
339318,0,0,0,0,0,1,5,2,0,0,0,0,0,0,200,200,200,200,200,200,200
339319,0,30,1,2,0,1,10,2,0,0,0,0,200,0,19,0,0,0,0,200,200
339319,0,30,1,2,0,1,10,2,0,0,0,0,200,0,36,0,0,0,0,200,200
339322,0,25,0,0,0,3,7,6,0,0,0,0,0,0,21,0,0,0,0,200,200
339326,0,30,0,0,200,1,2,5,0,200,1,29,200,0,45,0,0,0,200,200,200
339329,0,30,200,200,200,200,7,6,0,200,200,200,200,2,200,200,200,200,200,200,200
339332,0,30,0,0,0,1,7,6,0,0,0,11,13,0,27,200,2,0,0,200,200
339332,1,30,0,0,0,1,7,6,0,0,0,11,13,0,200,200,200,200,200,200,200
339335,0,25,0,0,0,1,2,12,0,0,0,25,16,0,23,200,12,0,0,200,200
339335,1,25,0,0,0,1,2,12,0,0,0,25,16,0,27,200,200,200,200,200,200
339340,0,10,0,0,0,1,7,7,0,0,0,0,200,2,200,200,200,200,200,200,200
339346,0,30,0,0,0,1,12,2,0,0,0,17,200,0,74,0,4,0,0,200,200
339346,0,30,0,0,0,1,12,2,0,0,0,17,200,1,62,0,0,0,0,200,200
339346,1,30,0,0,0,1,12,2,0,0,0,17,200,0,71,0,200,200,200,200,200
339347,0,0,0,0,0,1,10,7,0,0,0,11,0,1,74,0,6,200,0,200,200
339347,0,0,0,0,0,1,10,7,0,0,0,11,0,1,70,0,12,0,0,200,200
339350,0,35,0,0,0,1,14,5,0,0,0,17,200,1,75,200,1,0,0,200,200
339350,0,35,0,0,0,1,14,5,0,0,0,17,200,0,24,200,200,0,0,200,200
339351,0,30,2,2,0,1,2,5,3,0,0,5,0,1,47,0,0,0,0,200,200
339352,0,15,0,0,0,1,2,0,0,0,0,0,200,2,200,200,7,200,200,200,200
339353,0,30,0,0,0,1,12,6,0,0,0,17,200,0,23,0,1,0,0,200,200
339353,0,30,0,0,0,1,12,6,0,0,0,17,200,1,19,0,0,0,0,200,200
339357,0,30,0,0,0,1,10,5,0,0,0,18,200,0,44,200,3,0,0,200,200
339357,0,30,0,0,0,1,10,5,0,0,0,18,200,0,21,200,200,0,0,200,200
339360,0,30,0,0,0,1,9,5,0,0,0,200,200,0,27,200,0,0,0,200,200
339360,5,30,0,0,0,1,9,5,0,0,0,200,200,0,2,7,12,12,7,200,200
339363,0,25,1,2,0,1,10,5,0,0,0,16,0,0,49,200,3,0,200,200,200
339363,0,25,1,2,0,1,10,5,0,0,0,16,0,0,24,200,0,0,0,200,200
339363,1,25,1,2,0,1,10,5,0,0,0,16,0,0,25,200,200,200,200,200,200
339369,0,30,0,0,0,1,7,6,0,0,0,32,27,0,64,200,12,200,5,200,200
339372,0,30,0,0,0,1,12,5,0,0,0,17,17,0,32,200,1,0,0,200,200
339372,0,30,0,0,0,1,12,5,0,0,0,17,17,0,55,0,0,0,0,200,200
339372,1,30,0,0,0,1,12,5,0,0,0,17,17,1,200,0,200,200,200,200,200
339376,0,30,0,0,0,1,7,2,0,0,0,21,200,0,28,200,2,200,0,200,200
339377,0,30,0,0,0,1,0,0,0,0,0,17,20,0,49,0,6,12,0,200,200
339377,0,30,0,0,0,1,0,0,0,0,0,17,20,1,52,0,1,0,0,200,200
339379,0,30,2,12,0,1,0,5,0,0,0,17,33,1,25,0,0,0,0,200,200
339379,0,30,2,12,0,1,0,5,0,0,0,17,33,0,80,0,1,5,0,200,200
339380,0,30,2,200,0,1,0,1,0,0,200,17,33,0,200,200,1,200,200,200,200
339380,0,30,2,200,0,1,0,1,0,0,200,17,33,1,24,0,200,200,0,200,200
339382,0,20,0,0,0,1,7,6,0,0,0,18,0,2,200,200,3,200,200,200,200
339386,0,30,0,0,0,1,14,2,0,0,0,17,23,0,44,0,4,0,0,200,200
339386,0,30,0,0,0,1,14,2,0,0,0,17,23,0,70,0,1,0,0,200,200
339386,1,30,0,0,0,1,14,2,0,0,0,17,23,0,200,0,200,200,200,200,200
339386,1,30,0,0,0,1,14,2,0,0,0,17,23,1,200,0,200,200,200,200,200
339386,1,30,0,0,0,1,14,2,0,0,0,17,23,0,200,0,200,200,200,200,200
339387,0,30,0,0,0,1,9,2,0,0,0,20,0,0,200,200,6,200,200,200,200
339387,5,30,0,0,0,1,9,2,0,0,0,20,0,0,25,7,0,200,0,200,200
339393,0,30,1,2,0,1,12,5,0,0,0,16,0,2,200,200,12,200,200,200,200
339393,0,30,1,2,0,1,12,5,0,0,0,16,0,1,61,0,0,0,0,200,200
339396,0,15,0,0,0,1,7,0,0,0,0,0,200,0,200,200,200,200,200,200,200
339398,0,15,0,0,0,1,12,6,0,0,0,0,0,0,32,0,12,0,0,200,200
339398,0,15,0,0,0,1,12,6,0,0,0,0,0,1,39,0,0,0,0,200,200
339398,1,15,0,0,0,1,12,6,0,0,0,0,0,0,200,0,200,200,200,200,200
339400,0,35,0,0,0,1,7,5,0,0,0,0,0,2,200,200,200,200,200,200,200
339403,0,30,0,0,0,1,12,5,0,0,0,22,200,1,43,0,0,0,0,200,200
339403,0,30,0,0,0,1,12,5,0,0,0,22,200,0,200,200,2,200,200,200,200
339405,0,30,1,2,0,1,10,5,0,0,0,18,16,1,20,200,3,0,0,200,200
339405,0,30,1,2,0,1,10,5,0,0,0,18,16,1,34,0,0,0,0,200,200
339405,0,30,1,2,0,1,10,5,0,0,0,18,16,1,200,200,0,200,200,200,200
339405,0,30,1,2,0,1,10,5,0,0,0,18,16,1,38,0,0,0,0,200,200
339405,1,30,1,2,0,1,10,5,0,0,0,18,16,1,5,5,200,200,200,200,200
339405,1,30,1,2,0,1,10,5,0,0,0,18,16,1,200,200,200,200,200,200,200
339405,1,30,1,2,0,1,10,5,0,0,0,18,16,1,200,200,200,200,200,200,200
339405,1,30,1,2,0,1,10,5,0,0,0,18,16,0,13,0,200,200,200,200,200
339405,1,30,1,2,0,1,10,5,0,0,0,18,16,1,3,5,200,200,200,200,200
339408,0,30,1,2,0,1,14,5,0,0,0,23,11,0,40,0,7,200,0,200,200
339408,0,30,1,2,0,1,14,5,0,0,0,23,11,0,51,0,0,200,0,200,200
339408,1,30,1,2,0,1,14,5,0,0,0,23,11,0,53,0,200,200,200,200,200
339408,1,30,1,2,0,1,14,5,0,0,0,23,11,0,45,0,200,200,200,200,200
339417,0,30,0,0,0,1,10,2,0,0,0,18,200,1,31,0,3,0,0,200,200
339417,0,30,0,0,0,1,10,2,0,0,0,18,200,0,200,200,0,200,200,200,200
339418,0,30,0,0,0,1,14,2,0,0,0,0,200,1,61,200,200,0,200,200,200
339418,0,30,0,0,0,1,14,2,0,0,0,0,200,1,45,0,200,0,0,200,200
339419,0,30,0,0,0,1,7,7,0,0,0,0,0,2,200,200,200,200,200,200,200
339420,0,30,1,2,0,1,10,2,0,0,0,16,18,1,16,0,3,0,0,200,200
339420,0,30,1,2,0,1,10,2,0,0,0,16,18,1,45,0,3,0,0,200,200
339420,0,30,1,2,0,1,10,2,0,0,0,16,18,0,34,0,0,0,0,200,200
339428,0,25,2,0,0,1,2,5,0,0,0,12,0,1,79,0,12,0,0,200,200
339430,0,30,1,2,0,1,0,2,2,0,0,6,6,0,51,0,5,0,0,200,200
339430,0,30,1,2,0,1,0,2,2,0,0,6,6,1,26,0,0,0,0,200,200
339430,1,30,1,2,0,1,0,2,2,0,0,6,6,0,26,0,200,200,200,200,200
339430,1,30,1,2,0,1,0,2,2,0,0,6,6,0,26,0,200,200,200,200,200
339435,0,25,0,0,200,200,7,6,0,0,0,0,0,2,200,200,1,200,200,200,200
339440,0,30,1,2,0,1,10,2,0,0,0,17,16,1,200,0,1,0,0,200,200
339440,0,30,1,2,0,1,10,2,0,0,0,17,16,0,200,0,12,0,0,200,200
339440,1,30,1,2,0,1,10,2,0,0,0,17,16,1,61,0,200,200,200,200,200
339441,0,30,1,2,0,1,14,5,0,0,0,17,200,0,47,0,1,0,0,200,200
339441,0,30,1,2,0,1,14,5,0,0,0,17,200,0,33,0,0,0,0,200,200
339451,0,30,0,0,0,3,14,2,0,0,0,22,200,0,24,200,2,0,0,200,200
339451,0,30,0,0,0,3,14,2,0,0,0,22,200,0,31,0,0,0,0,200,200
339455,0,30,1,2,0,1,12,2,0,0,0,22,0,0,21,200,2,200,0,200,200
339455,0,30,1,2,0,1,12,2,0,0,0,22,0,0,200,0,0,0,0,200,200
339470,0,25,0,2,0,1,10,3,0,0,0,33,18,0,21,0,3,6,0,200,200
339470,0,25,0,2,0,1,10,3,0,0,0,33,18,1,54,0,0,0,0,200,200
339470,1,25,0,2,0,1,10,3,0,0,0,33,18,1,26,0,200,200,200,200,200
339471,0,35,1,2,0,1,12,5,0,0,0,17,0,0,70,0,0,0,0,200,200
339471,0,35,1,2,0,1,12,5,0,0,0,17,0,1,79,0,0,0,0,200,200
339480,0,30,0,0,0,1,7,5,0,0,200,0,200,2,200,200,200,200,200,200,200
339482,0,30,1,2,0,1,10,5,0,0,0,18,200,1,66,0,3,0,0,200,200
339482,0,30,1,2,0,1,10,5,0,0,0,18,200,0,46,0,0,0,0,200,200
339484,0,30,0,0,0,1,10,2,0,0,0,0,200,0,200,200,200,200,200,200,200
339484,0,30,0,0,0,1,10,2,0,0,0,0,200,1,49,0,0,0,0,200,200
339490,0,30,0,0,0,1,9,5,0,200,200,0,200,2,200,200,200,200,200,200,200
339490,5,30,0,0,0,1,9,5,0,200,200,0,200,1,45,7,0,0,0,200,200
339496,0,30,1,2,0,1,14,5,0,0,0,0,200,0,29,200,200,200,0,200,200
339496,0,30,1,2,0,1,14,5,0,0,0,0,200,0,35,200,0,200,0,200,200
339496,1,30,1,2,0,1,14,5,0,0,0,0,200,1,26,200,200,200,200,200,200
339497,0,0,0,0,0,1,5,7,0,0,0,200,200,0,43,0,12,0,0,200,200
339497,3,0,0,0,0,1,5,7,0,0,0,200,200,200,200,7,0,12,12,200,200
339499,0,30,0,0,0,1,7,7,0,0,0,20,200,1,56,0,6,0,0,200,200
339499,1,30,0,0,0,1,7,7,0,0,0,20,200,1,200,0,200,200,200,200,200
339503,0,20,0,0,0,1,2,5,2,0,0,200,11,0,13,200,13,0,0,200,200
339503,1,20,0,0,0,1,2,5,2,0,0,200,11,0,4,200,200,200,200,200,200
339509,0,0,0,0,0,1,10,7,0,0,200,17,200,1,43,0,1,200,0,200,200
339509,0,0,0,0,0,1,10,7,0,0,200,17,200,0,36,0,0,0,0,200,200
339511,0,30,0,0,0,1,14,2,0,0,0,0,0,1,200,200,0,200,200,200,200
339511,0,30,0,0,0,1,14,2,0,0,0,0,0,0,50,0,0,0,0,200,200
339520,0,20,0,0,0,1,14,5,0,0,0,17,0,1,25,0,1,5,0,200,200
339520,0,20,0,0,0,1,14,5,0,0,0,17,0,1,54,0,0,0,0,200,200
339526,0,35,0,0,0,1,7,2,0,0,0,21,0,0,33,3,3,0,0,200,200
339531,0,20,0,0,0,1,7,5,0,0,0,200,200,2,200,200,200,200,200,200,200
339533,0,30,0,200,0,1,12,6,0,0,200,11,11,0,200,0,10,0,0,200,200
339533,0,30,0,200,0,1,12,6,0,0,200,11,11,1,65,0,200,0,0,200,200
339539,0,35,1,2,0,1,10,1,0,0,0,18,18,1,76,0,0,0,0,200,200
339539,0,35,1,2,0,1,10,1,0,0,0,18,18,0,36,0,1,0,0,200,200
339539,1,35,1,2,0,1,10,1,0,0,0,18,18,1,84,0,200,200,200,200,200
339539,1,35,1,2,0,1,10,1,0,0,0,18,18,1,58,0,200,200,200,200,200
339539,1,35,1,2,0,1,10,1,0,0,0,18,18,1,89,0,200,200,200,200,200
339540,0,30,0,0,0,1,7,6,0,0,0,0,0,2,200,200,200,200,200,200,200
339544,0,30,0,0,0,1,10,5,0,0,0,0,0,0,21,200,12,200,200,200,200
339544,0,30,0,0,0,1,10,5,0,0,0,0,0,0,41,0,0,0,0,200,200
339544,1,30,0,0,0,1,10,5,0,0,0,0,0,1,200,0,200,200,200,200,200
339545,0,15,1,2,0,1,0,5,0,0,0,21,200,0,200,200,200,200,200,200,200
339545,0,15,1,2,0,1,0,5,0,0,0,21,200,1,29,0,0,0,0,200,200
339546,0,40,0,0,0,1,10,3,0,0,0,16,0,0,23,200,12,0,0,200,200
339546,0,40,0,0,0,1,10,3,0,0,0,16,0,1,31,0,0,0,0,200,200
339552,0,30,1,2,2,1,10,2,0,1,0,18,200,0,24,200,3,200,200,200,200
339552,0,30,1,2,2,1,10,2,0,1,0,18,200,0,21,0,0,0,0,200,200
339560,0,20,2,2,0,1,14,5,0,0,0,17,200,0,66,0,1,0,0,200,200
339560,0,20,2,2,0,1,14,5,0,0,0,17,200,0,84,0,0,0,0,200,200
339562,0,15,0,0,0,1,7,0,0,0,0,0,200,0,36,0,6,0,0,200,200
339565,0,35,0,0,0,1,10,3,0,0,0,18,200,1,26,200,3,0,200,200,200
339565,0,35,0,0,0,1,10,3,0,0,0,18,200,0,28,200,0,0,0,200,200
339565,0,35,0,0,0,1,10,3,0,0,0,18,200,1,20,200,3,0,0,200,200
339569,0,30,1,2,0,1,10,3,0,0,0,18,200,0,21,0,3,0,0,200,200
339569,0,30,1,2,0,1,10,3,0,0,0,18,200,0,77,0,0,0,0,200,200
339571,0,30,1,2,0,1,10,5,0,0,0,18,16,1,58,0,3,0,0,200,200
339571,0,30,1,2,0,1,10,5,0,0,0,18,16,0,26,0,0,0,0,200,200
339572,0,30,0,0,0,1,7,5,0,0,0,200,200,1,200,200,200,200,200,200,200
339572,1,30,0,0,0,1,7,5,0,0,0,200,200,1,30,0,200,200,200,200,200
339580,0,30,2,0,0,3,10,6,0,0,0,18,0,0,200,200,3,200,200,200,200
339580,0,30,2,0,0,3,10,6,0,0,0,18,0,1,33,200,0,0,0,200,200
339581,0,30,0,0,0,1,0,6,0,0,0,17,200,1,23,0,1,0,0,200,200
339581,0,30,0,0,0,1,0,6,0,0,0,17,200,1,23,200,0,0,0,200,200
339581,1,30,0,0,0,1,0,6,0,0,0,17,200,0,200,0,200,200,200,200,200
339582,0,15,0,0,0,1,7,7,0,0,0,0,0,2,200,200,200,200,200,200,200
339583,0,30,0,0,0,1,12,5,0,0,0,17,200,1,21,200,1,0,0,200,200
339583,0,30,0,0,0,1,12,5,0,0,0,17,200,1,32,200,0,0,0,200,200
339583,1,30,0,0,0,1,12,5,0,0,0,17,200,0,23,200,200,200,200,200,200
339583,1,30,0,0,0,1,12,5,0,0,0,17,200,0,200,5,200,200,200,200,200
339583,1,30,0,0,0,1,12,5,0,0,0,17,200,0,200,5,200,200,200,200,200
339583,1,30,0,0,0,1,12,5,0,0,0,17,200,1,0,5,200,200,200,200,200
339583,1,30,0,0,0,1,12,5,0,0,0,17,200,0,14,200,200,200,200,200,200
339585,0,35,1,200,200,0,9,5,0,200,200,0,0,2,200,200,200,200,200,200,200
339585,5,35,1,200,200,0,9,5,0,200,200,0,0,0,71,200,200,200,200,200,200
339593,0,30,0,0,0,1,7,2,0,0,200,17,0,0,37,200,0,200,0,200,200
339593,1,30,0,0,0,1,7,2,0,0,200,17,0,0,8,200,200,200,200,200,200
339593,1,30,0,0,0,1,7,2,0,0,200,17,0,1,27,200,200,200,200,200,200
339597,0,35,1,2,0,1,14,5,0,0,0,22,0,1,25,0,8,0,0,200,200
339597,0,35,1,2,0,1,14,5,0,0,0,22,0,1,35,0,0,0,0,200,200
339598,0,30,1,200,0,1,10,5,0,0,200,16,200,0,28,200,12,200,0,200,200
339598,0,30,1,200,0,1,10,5,0,0,200,16,200,1,46,200,0,200,0,200,200
339603,0,30,12,12,0,1,10,5,0,0,0,18,0,2,200,200,3,200,200,200,200
339603,0,30,12,12,0,1,10,5,0,0,0,18,0,0,47,200,0,0,0,200,200
339603,1,30,12,12,0,1,10,5,0,0,0,18,0,1,41,200,200,200,200,200,200
339603,1,30,12,12,0,1,10,5,0,0,0,18,0,1,3,5,200,200,200,200,200
339603,1,30,12,12,0,1,10,5,0,0,0,18,0,1,0,5,200,200,200,200,200
339609,0,0,0,0,0,1,2,7,0,0,200,0,0,0,30,200,12,200,0,200,200
339610,0,30,0,0,0,1,9,6,0,0,0,16,33,0,200,200,8,200,200,200,200
339610,5,30,0,0,0,1,9,6,0,0,0,16,33,0,8,7,0,200,0,200,200
339612,0,35,0,0,0,1,14,5,2,0,2,18,0,0,200,200,1,200,200,200,200
339612,0,35,0,0,0,1,14,5,2,0,2,18,0,1,45,0,0,0,0,200,200
339612,1,35,0,0,0,1,14,5,2,0,2,18,0,0,9,0,200,200,200,200,200
339612,1,35,0,0,0,1,14,5,2,0,2,18,0,0,200,0,200,200,200,200,200
339612,1,35,0,0,0,1,14,5,2,0,2,18,0,0,14,0,200,200,200,200,200
339614,0,25,0,0,0,1,7,5,0,0,0,200,200,2,200,200,200,200,200,200,200
339614,1,25,0,0,0,1,7,5,0,0,0,200,200,200,200,200,200,200,200,200,200
339619,0,25,0,0,0,1,14,2,0,0,0,0,0,0,200,200,1,200,200,200,200
339619,0,25,0,0,0,1,14,2,0,0,0,0,0,1,33,0,0,0,0,200,200
339620,0,30,1,2,0,1,14,5,0,0,0,10,3,0,22,0,9,0,0,200,200
339620,0,30,1,2,0,1,14,5,0,0,0,10,3,0,23,0,0,0,0,200,200
339625,0,30,0,0,0,1,12,6,0,0,0,11,0,0,36,0,12,200,0,200,200
339625,0,30,0,0,0,1,12,6,0,0,0,11,0,0,54,0,0,0,0,200,200
339625,1,30,0,0,0,1,12,6,0,0,0,11,0,1,45,0,200,200,200,200,200
339625,1,30,0,0,0,1,12,6,0,0,0,11,0,0,18,0,200,200,200,200,200
339625,1,30,0,0,0,1,12,6,0,0,0,11,0,0,7,5,200,200,200,200,200
339627,0,30,1,2,0,1,10,5,0,0,0,8,18,0,37,7,3,0,0,200,200
339627,0,30,1,2,0,1,10,5,0,0,0,8,18,0,28,7,0,0,0,200,200
339629,0,30,0,0,0,0,7,6,0,0,0,200,200,2,200,200,200,200,200,200,200
339631,0,30,0,0,0,2,7,5,0,0,0,0,200,2,200,200,200,200,200,200,200
339632,0,25,0,0,0,0,7,7,0,0,0,0,0,2,200,200,12,200,200,200,200
339633,0,30,1,2,0,1,12,5,0,0,0,17,200,1,22,0,1,0,0,200,200
339633,0,30,1,2,0,1,12,5,0,0,0,17,200,1,36,0,0,0,0,200,200
339633,1,30,1,2,0,1,12,5,0,0,0,17,200,0,20,0,200,200,200,200,200
339633,1,30,1,2,0,1,12,5,0,0,0,17,200,0,36,0,200,200,200,200,200
339633,1,30,1,2,0,1,12,5,0,0,0,17,200,1,10,0,200,200,200,200,200
339647,4,30,0,0,0,1,8,6,0,0,0,10,200,0,12,7,9,200,0,200,200
339647,0,30,0,0,0,1,8,6,0,0,0,10,200,0,0,0,0,5,0,200,200
339649,0,30,1,2,0,1,10,3,0,200,200,7,7,0,27,200,12,200,0,200,200
339649,0,30,1,2,0,1,10,3,0,200,200,7,7,1,38,200,0,200,0,200,200
339649,1,30,1,2,0,1,10,3,0,200,200,7,7,1,58,0,200,200,200,200,200
339649,1,30,1,2,0,1,10,3,0,200,200,7,7,1,17,0,200,200,200,200,200
339649,1,30,1,2,0,1,10,3,0,200,200,7,7,1,17,0,200,200,200,200,200
339652,0,30,0,0,0,1,9,5,0,0,0,0,0,2,200,200,200,200,200,200,200
339652,5,30,0,0,0,1,9,5,0,0,0,0,0,0,81,200,200,200,200,200,200
339653,0,30,0,0,0,1,8,5,2,0,0,0,19,1,71,0,0,0,0,200,200
339653,4,30,0,0,0,1,8,5,2,0,0,0,19,0,200,200,1,200,5,200,200
339662,0,20,0,0,0,1,12,5,0,0,0,21,200,1,48,0,4,0,0,200,200
339662,0,20,0,0,0,1,12,5,0,0,0,21,200,1,42,0,0,0,0,200,200
339662,1,20,0,0,0,1,12,5,0,0,0,21,200,1,39,0,200,200,200,200,200
339662,1,20,0,0,0,1,12,5,0,0,0,21,200,0,4,0,200,200,200,200,200
339662,1,20,0,0,0,1,12,5,0,0,0,21,200,1,200,0,200,200,200,200,200
339666,0,30,2,2,0,1,0,5,0,0,0,10,16,1,0,0,9,0,0,200,200
339666,0,30,2,2,0,1,0,5,0,0,0,10,16,0,0,0,0,0,0,200,200
339668,0,30,0,0,0,1,11,4,0,0,0,20,0,0,200,200,6,200,200,200,200
339668,0,30,0,0,0,1,11,4,0,0,0,20,0,1,31,0,0,0,0,200,200
339671,0,30,0,0,0,1,10,5,0,0,0,22,17,2,200,200,1,200,200,200,200
339671,0,30,0,0,0,1,10,5,0,0,0,22,17,1,64,0,0,0,0,200,200
339673,0,30,2,2,0,1,14,5,0,0,0,17,16,1,200,0,1,0,0,200,200
339673,0,30,2,2,0,1,14,5,0,0,0,17,16,0,200,0,12,0,0,200,200
339679,0,30,2,2,0,1,7,5,0,0,0,15,25,0,27,200,13,0,3,200,200