RD_NO,PERSON_TYPE,POSTED_SPEED_LIMIT,TRAFFIC_CONTROL_DEVICE,DEVICE_CONDITION,WEATHER_CONDITION,LIGHTING_CONDITION,FIRST_CRASH_TYPE,TRAFFICWAY_TYPE,ALIGNMENT,ROADWAY_SURFACE_COND,ROAD_DEFECT,PRIM_CONTRIBUTORY_CAUSE,SEC_CONTRIBUTORY_CAUSE,SEX,AGE,SAFETY_EQUIPMENT,DRIVER_ACTION,DRIVER_VISION,PHYSICAL_CONDITION,BAC_RESULT VALUE,CELL_PHONE_USE
339679,1,30,2,2,0,1,7,5,0,0,0,15,25,0,44,200,200,200,200,200,200
339679,1,30,2,2,0,1,7,5,0,0,0,15,25,1,38,200,200,200,200,200,200
339679,1,30,2,2,0,1,7,5,0,0,0,15,25,1,3,200,200,200,200,200,200
339686,0,30,1,2,0,1,12,3,0,0,0,7,23,1,25,200,12,0,0,200,200
339686,0,30,1,2,0,1,12,3,0,0,0,7,23,0,40,200,0,0,0,200,200
339686,0,30,1,2,0,1,12,3,0,0,0,7,23,0,46,200,0,0,0,200,200
339686,1,30,1,2,0,1,12,3,0,0,0,7,23,1,28,200,200,200,200,200,200
339687,0,35,1,2,0,1,14,2,0,0,200,17,23,0,200,200,1,200,200,200,200
339687,0,35,1,2,0,1,14,2,0,0,200,17,23,0,18,1,0,200,0,200,200
339687,1,35,1,2,0,1,14,2,0,0,200,17,23,0,17,0,200,200,200,200,200
339689,0,30,0,0,0,1,10,2,0,0,0,0,0,0,68,0,0,0,0,200,200
339689,0,30,0,0,0,1,10,2,0,0,0,0,0,0,31,0,0,0,0,200,200
339689,1,30,0,0,0,1,10,2,0,0,0,0,0,1,3,5,200,200,200,200,200
339689,1,30,0,0,0,1,10,2,0,0,0,0,0,1,9,0,200,200,200,200,200
339689,1,30,0,0,0,1,10,2,0,0,0,0,0,1,6,0,200,200,200,200,200
339689,1,30,0,0,0,1,10,2,0,0,0,0,0,1,7,0,200,200,200,200,200
339689,1,30,0,0,0,1,10,2,0,0,0,0,0,0,22,0,200,200,200,200,200
339691,0,30,1,2,0,1,10,2,0,0,0,0,200,0,200,200,200,200,200,200,200
339691,0,30,1,2,0,1,10,2,0,0,0,0,200,1,77,0,0,0,0,200,200
339691,1,30,1,2,0,1,10,2,0,0,0,0,200,1,77,0,200,200,200,200,200
339692,0,10,0,0,0,1,2,12,0,0,0,0,0,0,29,200,200,200,0,200,200
339695,0,10,0,0,0,1,0,7,0,0,0,0,0,0,52,0,12,0,0,200,200
339695,0,10,0,0,0,1,0,7,0,0,0,0,0,1,21,0,12,0,0,200,200
339699,0,30,0,0,0,1,10,6,2,0,2,18,25,1,200,200,3,200,200,200,200
339699,0,30,0,0,0,1,10,6,2,0,2,18,25,0,45,0,0,0,0,200,200
339703,0,30,200,200,0,1,10,5,0,200,200,0,200,0,68,200,200,200,200,200,200
339703,0,30,200,200,0,1,10,5,0,200,200,0,200,0,45,200,200,200,0,200,200
339707,0,25,0,0,0,1,10,2,0,0,0,0,0,0,58,0,1,0,0,200,200
339707,0,25,0,0,0,1,10,2,0,0,0,0,0,0,200,0,0,0,0,200,200
339709,0,30,0,200,0,1,10,5,0,0,200,18,18,1,90,200,3,200,0,200,200
339709,0,30,0,200,0,1,10,5,0,0,200,18,18,0,45,0,0,0,0,200,200
339710,0,30,0,0,0,1,10,5,0,0,0,0,200,0,200,200,200,200,200,200,200
339710,0,30,0,0,0,1,10,5,0,0,0,0,200,0,37,0,12,0,0,200,200
339710,1,30,0,0,0,1,10,5,0,0,0,0,200,1,40,0,200,200,200,200,200
339710,1,30,0,0,0,1,10,5,0,0,0,0,200,1,12,0,200,200,200,200,200
339710,1,30,0,0,0,1,10,5,0,0,0,0,200,0,20,0,200,200,200,200,200
339711,0,30,0,0,0,1,12,5,0,0,0,17,200,0,200,200,4,200,200,200,200
339711,0,30,0,0,0,1,12,5,0,0,0,17,200,0,46,0,0,0,0,200,200
339711,1,30,0,0,0,1,12,5,0,0,0,17,200,1,200,200,200,200,200,200,200
339714,0,30,1,2,0,1,10,3,0,0,200,18,16,0,53,0,3,0,5,0.22,200
339714,0,30,1,2,0,1,10,3,0,0,200,18,16,0,34,0,0,0,0,200,200
339719,0,30,1,2,0,1,12,6,0,0,0,23,200,1,200,200,7,200,200,200,200
339719,0,30,1,2,0,1,12,6,0,0,0,23,200,1,24,0,0,0,0,200,200
339724,0,25,1,2,0,1,0,5,0,0,0,6,17,1,26,0,5,0,0,200,200
339724,0,25,1,2,0,1,0,5,0,0,0,6,17,1,28,0,0,0,0,200,200
339724,1,25,1,2,0,1,0,5,0,0,0,6,17,1,56,0,200,200,200,200,200
339724,1,25,1,2,0,1,0,5,0,0,0,6,17,1,4,0,200,200,200,200,200
339729,0,25,1,2,0,1,10,5,0,0,0,16,18,0,26,200,8,0,0,200,200
339729,0,25,1,2,0,1,10,5,0,0,0,16,18,1,34,200,0,0,0,200,200
339729,1,25,1,2,0,1,10,5,0,0,0,16,18,1,27,200,200,200,200,200,200
339733,0,35,1,2,0,1,10,3,0,0,0,18,0,0,59,0,3,0,0,200,200
339733,0,35,1,2,0,1,10,3,0,0,0,18,0,1,54,0,0,0,0,200,200
339733,1,35,1,2,0,1,10,3,0,0,0,18,0,0,52,0,200,200,200,200,200
339734,0,25,0,0,0,1,7,6,0,0,0,11,200,0,19,200,200,0,0,200,200
339735,0,30,0,0,0,1,12,5,0,0,0,0,0,2,200,200,200,200,200,200,200
339735,0,30,0,0,0,1,12,5,0,0,0,0,0,0,28,0,0,0,0,200,200
339738,0,30,1,2,0,1,10,5,0,0,0,20,0,0,41,0,0,0,0,200,200
339738,0,30,1,2,0,1,10,5,0,0,0,20,0,1,200,200,6,200,200,200,200
339743,0,45,0,0,0,1,2,3,0,200,1,200,200,0,49,0,0,0,0,200,200
339744,0,30,1,2,0,1,12,3,0,0,0,4,17,0,25,200,2,0,0,200,200
339744,0,30,1,2,0,1,12,3,0,0,0,4,17,1,57,200,0,0,0,200,200
339744,0,30,1,2,0,1,12,3,0,0,0,4,17,1,200,200,0,200,200,200,200
339745,0,10,0,0,0,1,10,7,0,0,0,20,0,0,47,0,1,0,0,200,200
339745,0,10,0,0,0,1,10,7,0,0,0,20,0,0,200,200,0,200,0,200,200
339749,0,30,1,2,0,1,14,5,0,0,0,17,0,0,57,200,1,0,0,200,200
339749,0,30,1,2,0,1,14,5,0,0,0,17,0,0,55,200,0,0,0,200,200
339749,1,30,1,2,0,1,14,5,0,0,0,17,0,1,50,200,200,200,200,200,200
339749,1,30,1,2,0,1,14,5,0,0,0,17,0,0,200,5,200,200,200,200,200
339752,0,30,2,2,0,1,10,2,0,0,0,18,25,1,54,200,3,0,0,200,200
339752,0,30,2,2,0,1,10,2,0,0,0,18,25,1,33,0,0,0,0,200,200
339752,1,30,2,2,0,1,10,2,0,0,0,18,25,200,200,0,200,200,200,200,200
339752,1,30,2,2,0,1,10,2,0,0,0,18,25,200,200,0,200,200,200,200,200
339752,1,30,2,2,0,1,10,2,0,0,0,18,25,200,200,0,200,200,200,200,200
339755,0,30,0,0,0,1,7,5,0,0,0,0,200,1,28,0,200,0,0,200,200
339759,0,30,1,1,0,1,10,5,0,0,0,18,200,1,25,0,3,0,0,200,200
339759,0,30,1,1,0,1,10,5,0,0,0,18,200,1,47,0,0,0,0,200,200
339759,1,30,1,1,0,1,10,5,0,0,0,18,200,1,17,0,200,200,200,200,200
339759,1,30,1,1,0,1,10,5,0,0,0,18,200,1,200,0,200,200,200,200,200
339759,1,30,1,1,0,1,10,5,0,0,0,18,200,1,13,0,200,200,200,200,200
339759,1,30,1,1,0,1,10,5,0,0,0,18,200,1,18,0,200,200,200,200,200
339761,0,30,1,2,0,1,14,5,0,0,0,17,16,0,200,0,1,0,0,200,200
339761,0,30,1,2,0,1,14,5,0,0,0,17,16,0,200,0,0,0,0,200,200
339761,1,30,1,2,0,1,14,5,0,0,0,17,16,0,200,0,200,200,200,200,200
339761,1,30,1,2,0,1,14,5,0,0,0,17,16,0,200,0,200,200,200,200,200
339762,0,30,0,0,0,1,12,5,0,200,200,17,200,0,25,200,1,0,0,200,200
339762,0,30,0,0,0,1,12,5,0,200,200,17,200,1,71,200,0,0,0,200,200
339764,0,30,1,2,0,1,14,5,0,0,0,6,200,0,200,200,5,200,200,200,200
339764,0,30,1,2,0,1,14,5,0,0,0,6,200,0,29,7,0,0,0,200,200
339764,1,30,1,2,0,1,14,5,0,0,0,6,200,0,2,5,200,200,200,200,200
339767,0,30,0,0,0,1,12,2,0,0,0,21,200,1,56,0,4,0,0,200,200
339767,0,30,0,0,0,1,12,2,0,0,0,21,200,1,24,0,0,0,0,200,200
339769,0,30,0,0,0,1,7,6,0,0,0,200,200,1,40,0,0,200,200,200,200
339769,1,30,0,0,0,1,7,6,0,0,0,200,200,1,62,0,200,200,200,200,200
339770,0,30,2,2,0,1,0,5,0,0,0,5,11,1,24,200,1,200,0,200,200
339770,0,30,2,2,0,1,0,5,0,0,0,5,11,0,28,200,0,200,0,200,200
339770,1,30,2,2,0,1,0,5,0,0,0,5,11,1,38,200,200,200,200,200,200
339775,0,15,0,0,0,1,14,5,0,0,0,23,200,0,58,200,7,0,0,200,200
339775,0,15,0,0,0,1,14,5,0,0,0,23,200,0,39,200,7,0,0,200,200
339777,0,25,0,0,0,0,7,6,0,0,0,0,0,2,200,200,200,200,200,200,200
339781,0,30,0,0,0,0,7,2,0,0,0,0,200,0,200,200,200,200,200,200,200
339782,0,20,0,0,0,1,7,5,0,0,0,32,32,1,63,0,12,0,5,200,200
339784,0,25,0,0,200,3,7,6,0,200,200,0,200,2,200,200,200,200,200,200,200
339788,0,35,2,2,0,1,12,3,0,0,0,21,200,1,19,200,4,0,0,200,200
339788,0,35,2,2,0,1,12,3,0,0,0,21,200,0,26,200,0,0,0,200,200
339791,0,30,0,0,0,1,7,5,0,0,0,32,27,1,63,0,12,0,5,200,200
339792,0,30,0,0,0,1,10,5,0,0,0,18,0,0,24,200,3,200,200,200,200
339792,0,30,0,0,0,1,10,5,0,0,0,18,0,1,37,200,0,200,0,200,200
339793,0,30,0,0,0,1,14,5,0,0,0,23,200,0,56,200,7,200,0,200,200
339793,0,30,0,0,0,1,14,5,0,0,0,23,200,0,24,200,0,0,0,200,200
339796,0,25,2,0,0,1,0,6,0,0,0,17,5,0,30,0,1,0,0,200,200
339796,0,25,2,0,0,1,0,6,0,0,0,17,5,0,30,0,0,0,0,200,200
339798,0,30,0,0,0,1,2,5,0,0,0,0,0,0,200,200,200,200,200,200,200
339800,0,25,1,2,0,1,0,5,0,0,0,20,0,0,29,0,6,0,0,200,200
339800,0,25,1,2,0,1,0,5,0,0,0,20,0,1,23,1,0,0,0,200,200
339802,0,35,0,0,0,4,14,5,0,0,0,16,33,0,39,0,1,1,0,200,200
339802,0,35,0,0,0,4,14,5,0,0,0,16,33,0,36,0,0,0,0,200,200
339802,1,35,0,0,0,4,14,5,0,0,0,16,33,0,23,0,200,200,200,200,200
339802,1,35,0,0,0,4,14,5,0,0,0,16,33,0,22,0,200,200,200,200,200
339803,0,30,200,200,0,1,7,5,0,0,0,16,16,0,17,200,13,200,200,200,200
339803,1,30,200,200,0,1,7,5,0,0,0,16,16,0,20,200,200,200,200,200,200
339803,1,30,200,200,0,1,7,5,0,0,0,16,16,0,13,200,200,200,200,200,200
339805,0,30,2,2,0,1,14,2,0,0,0,17,0,0,72,0,1,0,0,200,200
339805,0,30,2,2,0,1,14,2,0,0,0,17,0,1,20,0,200,0,0,200,200
339805,1,30,2,2,0,1,14,2,0,0,0,17,0,0,53,0,200,200,200,200,200
339809,0,30,200,200,200,200,11,5,0,200,200,0,0,2,200,200,200,200,200,200,200
339809,0,30,200,200,200,200,11,5,0,200,200,0,0,1,0,200,200,200,0,200,200
339810,0,30,0,0,0,1,7,5,0,0,0,0,200,1,200,200,0,200,200,200,200
339812,0,30,0,0,0,1,7,12,0,0,0,20,20,1,37,0,6,0,0,200,200
339812,1,30,0,0,0,1,7,12,0,0,0,20,20,1,200,0,200,200,200,200,200
339815,0,30,0,0,0,1,12,6,0,200,200,20,11,0,66,200,6,200,200,200,200
339815,0,30,0,0,0,1,12,6,0,200,200,20,11,1,56,200,0,200,12,200,200
339827,0,10,0,0,0,1,7,5,0,0,0,0,0,1,200,200,200,200,200,200,200
339846,0,30,2,2,0,1,14,5,0,0,0,23,200,0,62,200,7,0,0,200,200
339846,0,30,2,2,0,1,14,5,0,0,0,23,200,0,25,200,0,0,0,200,200
339849,0,30,2,0,0,1,7,5,0,0,0,0,200,2,200,200,200,200,200,200,200
339861,0,30,0,0,0,1,12,6,0,0,0,17,0,1,25,200,1,200,0,200,200
339861,0,30,0,0,0,1,12,6,0,0,0,17,0,0,34,200,0,200,0,200,200
339863,0,25,0,0,0,1,7,5,0,0,0,16,0,0,200,200,200,200,200,200,200
339870,0,25,2,2,0,1,10,5,0,0,0,18,0,0,40,0,8,0,0,200,200
339870,0,25,2,2,0,1,10,5,0,0,0,18,0,0,37,0,0,0,0,200,200
339870,0,25,2,2,0,1,10,5,0,0,0,18,0,0,62,0,0,0,0,200,200
339871,0,30,0,0,0,1,7,6,0,0,200,25,16,0,200,200,8,200,200,200,200
339873,0,30,0,0,0,1,0,5,0,0,0,16,21,1,200,200,12,200,200,200,200
339873,0,30,0,0,0,1,0,5,0,0,0,16,21,1,61,0,0,0,0,200,200
339874,0,30,1,2,0,1,14,2,0,0,0,23,200,0,23,200,12,12,0,200,200
339874,0,30,1,2,0,1,14,2,0,0,0,23,200,0,32,200,12,12,0,200,200
339885,0,30,0,0,0,1,10,5,0,0,0,20,200,1,34,200,0,0,0,200,200
339885,0,30,0,0,0,1,10,5,0,0,0,20,200,0,37,200,6,0,0,200,200
339886,0,40,12,12,0,1,12,6,3,0,0,21,16,0,93,200,4,200,12,200,200
339886,0,40,12,12,0,1,12,6,3,0,0,21,16,1,62,200,0,200,0,200,200
339887,0,30,0,0,0,1,7,6,0,0,0,0,200,0,200,200,10,200,200,200,200
339888,0,35,1,2,0,1,11,2,0,0,0,0,200,2,200,200,200,200,200,200,200
339888,0,35,1,2,0,1,11,2,0,0,0,0,200,1,30,200,200,200,200,200,200
339892,0,30,0,0,0,1,10,6,0,0,0,0,0,1,23,200,3,200,0,200,200
339892,0,30,0,0,0,1,10,6,0,0,0,0,0,0,26,200,200,200,0,200,200
339898,0,30,0,0,0,1,10,5,0,0,0,32,25,0,48,0,1,0,5,0.25,200
339898,0,30,0,0,0,1,10,5,0,0,0,32,25,0,19,0,0,0,0,200,200
339898,1,30,0,0,0,1,10,5,0,0,0,32,25,1,19,0,200,200,200,200,200
339900,0,15,0,0,0,1,0,12,0,0,200,20,0,1,200,200,6,200,200,200,200
339900,0,15,0,0,0,1,0,12,0,0,200,20,0,0,60,0,0,200,0,200,200
339901,0,30,1,2,0,1,14,3,0,0,0,0,0,1,51,0,200,0,0,200,200
339901,0,30,1,2,0,1,14,3,0,0,0,0,0,1,31,0,200,0,0,200,200
339909,0,25,0,0,0,1,12,5,0,200,200,22,0,0,200,200,1,200,200,200,200
339909,0,25,0,0,0,1,12,5,0,200,200,22,0,0,67,0,0,0,0,200,200
339925,0,10,0,0,0,1,7,5,0,0,0,25,200,1,20,0,0,0,0,200,200
339926,0,30,2,2,0,4,10,5,0,0,0,11,18,0,46,200,3,0,0,200,200
339926,0,30,2,2,0,4,10,5,0,0,0,11,18,0,29,200,0,0,0,200,200
339926,1,30,2,2,0,4,10,5,0,0,0,11,18,1,200,0,200,200,200,200,200
339926,1,30,2,2,0,4,10,5,0,0,0,11,18,0,200,0,200,200,200,200,200
339926,1,30,2,2,0,4,10,5,0,0,0,11,18,1,200,0,200,200,200,200,200
339926,1,30,2,2,0,4,10,5,0,0,0,11,18,1,200,0,200,200,200,200,200
339926,1,30,2,2,0,4,10,5,0,0,0,11,18,1,200,0,200,200,200,200,200
339941,0,30,0,0,0,1,11,6,0,0,0,0,0,0,48,0,1,0,0,200,200
339941,0,30,0,0,0,1,11,6,0,0,0,0,0,1,19,0,0,0,0,200,200
339941,1,30,0,0,0,1,11,6,0,0,0,0,0,0,18,0,200,200,200,200,200
339941,1,30,0,0,0,1,11,6,0,0,0,0,0,1,12,0,200,200,200,200,200
339943,0,30,0,0,0,1,7,5,0,0,0,0,200,0,200,200,200,200,200,200,200
339968,0,30,0,0,0,4,10,2,0,0,0,0,200,0,38,0,200,0,0,200,200
339968,0,30,0,0,0,4,10,2,0,0,0,0,200,0,48,0,0,0,0,200,200
339972,0,30,0,0,0,3,7,3,0,0,0,27,0,0,63,0,200,0,7,200,200
339972,5,30,0,0,0,3,7,3,0,0,0,27,0,0,46,7,0,0,0,200,200
339975,0,30,0,200,0,4,12,5,0,0,200,0,0,1,33,200,200,200,200,200,200
339975,0,30,0,200,0,4,12,5,0,0,200,0,0,1,67,0,0,200,0,200,200
339981,0,30,2,0,0,1,10,5,0,0,0,16,200,1,72,0,8,0,0,200,200
339981,0,30,2,0,0,1,10,5,0,0,0,16,200,1,53,0,0,0,0,200,200
339983,0,30,0,0,0,3,7,3,0,0,0,0,0,2,200,200,200,200,200,200,200
339985,0,35,2,2,0,4,0,2,0,0,0,0,0,0,17,0,200,0,0,200,200
339985,0,35,2,2,0,4,0,2,0,0,0,0,0,0,48,0,0,0,0,200,200
339989,0,30,1,2,0,4,10,5,0,0,0,18,16,0,62,200,3,200,200,200,200
339989,0,30,1,2,0,4,10,5,0,0,0,18,16,1,56,200,12,200,0,200,200
339991,0,30,0,0,0,1,10,5,0,0,0,18,16,0,20,0,3,0,0,200,200
339991,0,30,0,0,0,1,10,5,0,0,0,18,16,1,28,0,0,0,0,200,200
339991,0,30,0,0,0,1,10,5,0,0,0,18,16,0,200,200,0,200,200,200,200
339998,0,30,0,0,0,0,12,6,0,0,0,0,0,0,42,200,200,0,0,200,200
339998,0,30,0,0,0,0,12,6,0,0,0,0,0,1,18,200,200,0,0,200,200
340003,0,15,0,0,0,3,7,0,0,0,0,0,0,1,36,200,200,200,200,200,200
340004,0,30,1,2,0,3,10,2,0,0,0,6,20,0,38,200,6,0,200,200,200
340004,0,30,1,2,0,3,10,2,0,0,0,6,20,1,23,0,0,0,0,200,200
340006,0,30,0,0,0,3,8,6,0,0,0,0,0,0,64,0,200,5,0,200,200
340006,4,30,0,0,0,3,8,6,0,0,0,0,0,1,20,7,200,0,0,200,200
340013,0,35,1,2,0,3,14,3,0,0,200,23,200,0,77,0,7,0,0,200,200
340013,0,35,1,2,0,3,14,3,0,0,200,23,200,1,60,0,0,0,0,200,200
340014,0,30,0,0,0,3,7,6,0,0,200,20,0,0,62,200,6,200,0,200,200
340017,0,30,200,200,0,1,14,2,0,0,0,23,21,1,48,200,200,200,200,200,200
340017,0,30,200,200,0,1,14,2,0,0,0,23,21,0,19,200,0,200,0,200,200
340017,1,30,200,200,0,1,14,2,0,0,0,23,21,0,16,200,200,200,200,200,200
340027,0,30,1,2,0,3,10,5,0,0,200,18,16,2,200,200,200,200,200,200,200
340027,0,30,1,2,0,3,10,5,0,0,200,18,16,1,22,0,0,0,0,200,200
340027,0,30,1,2,0,3,10,5,0,0,200,18,16,2,200,200,200,200,200,200,200
340031,0,30,0,0,0,0,2,5,0,0,0,0,200,2,200,200,200,200,200,200,200
340031,1,30,0,0,0,0,2,5,0,0,0,0,200,0,200,200,200,200,200,200,200
340034,5,20,0,0,0,3,9,6,0,0,0,200,200,0,8,200,200,200,7,200,200
340034,0,20,0,0,0,3,9,6,0,0,0,200,200,0,38,200,0,0,0,200,200
340035,0,35,1,2,0,3,14,5,0,0,0,17,23,0,18,0,1,0,0,200,200
340035,0,35,1,2,0,3,14,5,0,0,0,17,23,1,20,0,200,0,0,200,200
340035,1,35,1,2,0,3,14,5,0,0,0,17,23,0,18,0,200,200,200,200,200
340035,1,35,1,2,0,3,14,5,0,0,0,17,23,0,19,0,200,200,200,200,200
340035,1,35,1,2,0,3,14,5,0,0,0,17,23,1,0,5,200,200,200,200,200
340047,0,35,0,0,0,3,0,3,0,0,0,0,0,0,34,200,200,200,200,200,200
340047,0,35,0,0,0,3,0,3,0,0,0,0,0,0,0,0,0,200,0,200,200
340056,0,5,0,0,200,1,2,7,0,200,0,0,0,0,28,200,200,0,0,200,200
340059,0,20,0,0,0,3,7,6,0,0,0,0,200,0,200,200,0,0,0,200,200
340067,0,10,0,0,0,4,2,0,0,0,0,0,0,0,22,0,0,0,0,200,200
340067,3,10,0,0,0,4,2,0,0,0,0,0,0,1,200,1,0,0,0,200,200
340070,0,15,200,200,200,200,7,7,0,200,200,21,0,1,20,200,200,200,200,200,200
340070,1,15,200,200,200,200,7,7,0,200,200,21,0,1,200,200,200,200,200,200,200
340077,0,30,2,2,0,3,0,5,0,0,200,0,0,0,48,200,200,200,0,200,200
340077,0,30,2,2,0,3,0,5,0,0,200,0,0,1,68,200,200,200,0,200,200
340079,0,30,1,2,0,3,14,2,0,0,0,32,17,0,68,200,1,200,5,200,200
340079,0,30,1,2,0,3,14,2,0,0,0,32,17,0,69,0,0,0,0,200,200
340079,1,30,1,2,0,3,14,2,0,0,0,32,17,0,56,1,200,200,200,200,200
340079,1,30,1,2,0,3,14,2,0,0,0,32,17,0,44,200,200,200,200,200,200
340079,1,30,1,2,0,3,14,2,0,0,0,32,17,1,60,0,200,200,200,200,200
340086,0,30,12,12,0,3,9,5,0,0,0,0,200,0,200,200,12,200,200,200,200
340086,5,30,12,12,0,3,9,5,0,0,0,0,200,0,62,200,200,200,6,200,200
340088,0,35,2,200,0,0,11,2,0,0,0,10,0,0,16,200,200,200,2,200,200
340088,0,35,2,200,0,0,11,2,0,0,0,10,0,0,30,200,0,200,200,200,200
340088,1,35,2,200,0,0,11,2,0,0,0,10,0,1,22,200,200,200,200,200,200
340088,1,35,2,200,0,0,11,2,0,0,0,10,0,0,33,200,200,200,200,200,200
340090,0,40,0,0,0,1,10,3,0,0,0,0,0,1,200,200,0,200,200,200,200
340090,0,40,0,0,0,1,10,3,0,0,0,0,0,0,76,7,0,0,0,200,200
340091,0,30,0,0,0,3,7,5,2,0,12,0,0,0,200,200,200,200,200,200,200
340091,1,30,0,0,0,3,7,5,2,0,12,0,0,1,200,200,200,200,200,200,200
340091,1,30,0,0,0,3,7,5,2,0,12,0,0,0,200,5,200,200,200,200,200
340099,0,40,0,0,0,0,5,3,0,200,4,29,11,0,38,200,1,200,0,200,200
340102,0,30,200,200,200,200,12,2,0,200,200,11,0,0,21,200,200,200,200,200,200
340102,0,30,200,200,200,200,12,2,0,200,200,11,0,0,24,200,200,200,200,200,200
340104,0,30,1,2,0,3,12,3,0,0,0,0,200,0,200,200,2,200,200,200,200
340104,0,30,1,2,0,3,12,3,0,0,0,0,200,0,26,0,0,0,0,200,200
340105,0,30,200,200,0,1,10,5,0,0,200,18,200,1,54,0,200,200,0,200,200
340105,0,30,200,200,0,1,10,5,0,0,200,18,200,1,33,200,200,200,200,200,200
340107,0,30,1,2,0,3,10,6,0,0,0,0,200,0,200,200,200,200,200,200,200
340107,0,30,1,2,0,3,10,6,0,0,0,0,200,1,42,0,0,0,0,200,200
340107,1,30,1,2,0,3,10,6,0,0,0,0,200,0,44,0,200,200,200,200,200
340108,0,30,1,2,0,3,14,5,0,0,0,17,32,0,41,200,1,0,5,200,200
340108,0,30,1,2,0,3,14,5,0,0,0,17,32,1,31,200,12,0,0,200,200
340111,0,35,1,2,0,3,10,5,0,0,0,18,18,0,85,0,3,200,0,200,200
340111,0,35,1,2,0,3,10,5,0,0,0,18,18,0,35,0,200,200,0,200,200
340122,0,30,2,2,0,3,0,5,0,200,200,7,9,0,23,200,1,200,200,200,200
340122,0,30,2,2,0,3,0,5,0,200,200,7,9,0,35,0,0,200,0,200,200
340123,0,25,2,2,0,3,0,6,0,0,0,0,200,2,200,200,200,200,200,200,200
340123,0,25,2,2,0,3,0,6,0,0,0,0,200,0,24,200,0,0,0,200,200
340123,1,25,2,2,0,3,0,6,0,0,0,0,200,2,200,200,200,200,200,200,200
340124,0,30,0,0,0,3,10,3,0,200,200,0,0,2,200,200,200,200,200,200,200
340124,0,30,0,0,0,3,10,3,0,200,200,0,0,1,58,200,200,200,0,200,200
340125,0,30,2,200,0,3,11,2,0,0,200,17,0,1,200,200,1,200,200,200,200
340125,0,30,2,200,0,3,11,2,0,0,200,17,0,0,18,200,0,200,0,200,200
340125,1,30,2,200,0,3,11,2,0,0,200,17,0,1,200,200,200,200,200,200,200
340125,1,30,2,200,0,3,11,2,0,0,200,17,0,0,200,200,200,200,200,200,200
340127,0,30,0,0,0,3,9,5,0,0,0,200,200,2,200,200,200,200,200,200,200
340127,5,30,0,0,0,3,9,5,0,0,0,200,200,0,30,7,0,200,200,200,200
340131,0,30,0,0,0,3,7,5,0,0,0,0,25,0,200,200,200,200,200,200,200
340131,0,30,0,0,0,3,7,5,0,0,0,0,25,1,26,0,12,0,0,200,200
340131,1,30,0,0,0,3,7,5,0,0,0,0,25,200,30,0,200,200,200,200,200
340139,0,30,0,0,0,1,7,5,0,0,0,0,0,2,200,200,3,200,200,200,200
340140,0,30,2,2,0,3,10,2,0,0,0,7,18,0,34,0,3,0,0,200,200
340140,0,30,2,2,0,3,10,2,0,0,0,7,18,0,20,0,0,200,200,200,200
340142,0,30,1,2,0,3,12,5,0,0,0,21,21,0,47,200,4,0,0,200,200
340142,0,30,1,2,0,3,12,5,0,0,0,21,21,0,52,200,12,0,0,200,200
340142,1,30,1,2,0,3,12,5,0,0,0,21,21,1,200,200,200,200,200,200,200
340145,0,30,200,200,200,200,10,5,0,200,200,11,0,0,30,200,200,200,200,200,200
340145,0,30,200,200,200,200,10,5,0,200,200,11,0,0,67,200,200,200,200,200,200
340147,0,40,1,2,0,3,10,3,0,0,0,16,18,1,27,0,3,0,0,200,200
340147,0,40,1,2,0,3,10,3,0,0,0,16,18,0,34,0,0,0,0,200,200
340150,0,30,1,3,200,3,14,3,0,200,200,0,0,0,24,200,200,200,200,200,200
340150,0,30,1,3,200,3,14,3,0,200,200,0,0,0,26,200,200,200,200,200,200
340150,1,30,1,3,200,3,14,3,0,200,200,0,0,1,26,200,200,200,200,200,200
340154,0,30,1,2,0,3,10,2,0,0,0,18,16,1,200,200,3,200,0,200,200
340154,0,30,1,2,0,3,10,2,0,0,0,18,16,0,33,0,0,0,0,200,200
340154,1,30,1,2,0,3,10,2,0,0,0,18,16,0,200,200,200,200,200,200,200
340156,0,15,0,0,0,0,7,0,0,0,0,20,200,0,200,200,6,0,0,200,200
340156,1,15,0,0,0,0,7,0,0,0,0,20,200,0,200,200,200,200,200,200,200
340161,0,30,1,2,0,3,14,2,0,0,0,0,0,0,20,0,200,0,0,200,0
340161,0,30,1,2,0,3,14,2,0,0,0,0,0,0,34,0,200,0,200,200,200
340165,0,25,1,2,0,0,12,5,0,0,0,17,0,0,25,200,4,0,0,200,200
340165,0,25,1,2,0,0,12,5,0,0,0,17,0,0,43,0,0,0,0,200,200
340165,1,25,1,2,0,0,12,5,0,0,0,17,0,0,16,0,200,200,200,200,200
340172,0,30,200,200,0,200,12,200,0,0,200,0,200,0,30,200,200,200,200,200,200
340172,0,30,200,200,0,200,12,200,0,0,200,0,200,1,42,200,12,200,200,200,200
340172,1,30,200,200,0,200,12,200,0,0,200,0,200,0,28,200,200,200,200,200,200