RD_NO,PERSON_TYPE,POSTED_SPEED_LIMIT,TRAFFIC_CONTROL_DEVICE,DEVICE_CONDITION,WEATHER_CONDITION,LIGHTING_CONDITION,FIRST_CRASH_TYPE,TRAFFICWAY_TYPE,ALIGNMENT,ROADWAY_SURFACE_COND,ROAD_DEFECT,PRIM_CONTRIBUTORY_CAUSE,SEC_CONTRIBUTORY_CAUSE,SEX,AGE,SAFETY_EQUIPMENT,DRIVER_ACTION,DRIVER_VISION,PHYSICAL_CONDITION,BAC_RESULT VALUE,CELL_PHONE_USE
340179,0,30,0,0,0,0,2,2,0,0,200,12,200,0,200,200,200,200,0,200,200
340180,0,30,1,2,0,3,14,3,0,0,0,0,0,1,20,0,200,200,0,200,200
340180,0,30,1,2,0,3,14,3,0,0,0,0,0,1,31,0,200,200,0,200,200
340184,0,30,2,2,0,3,7,5,0,0,0,20,16,0,21,0,6,0,0,200,200
340184,0,30,2,2,0,3,7,5,0,0,0,20,16,0,48,0,0,0,0,200,200
340186,0,30,0,0,0,3,7,2,0,0,0,0,200,2,200,200,200,200,200,200,200
340189,0,30,2,2,0,0,0,5,0,0,0,17,0,1,25,200,1,200,0,200,200
340189,0,30,2,2,0,0,0,5,0,0,0,17,0,1,54,0,0,0,0,200,200
340190,0,30,0,0,0,3,2,3,0,0,200,12,200,0,58,200,12,200,0,200,200
340191,0,30,0,0,0,3,7,6,0,0,0,200,200,0,200,200,4,200,200,200,200
340193,0,25,2,2,0,3,8,5,0,0,0,0,0,1,28,200,0,0,0,200,200
340193,4,25,2,2,0,3,8,5,0,0,0,0,0,0,38,200,0,0,0,200,200
340198,0,30,0,0,0,3,7,6,0,0,0,0,0,2,200,200,200,200,200,200,200
340199,0,40,0,0,0,3,12,5,0,0,0,17,11,0,200,200,1,200,200,200,200
340199,0,40,0,0,0,3,12,5,0,0,0,17,11,0,29,0,0,0,0,200,200
340201,0,35,1,2,0,4,0,12,0,0,0,6,0,0,29,0,5,200,0,200,200
340201,0,35,1,2,0,4,0,12,0,0,0,6,0,1,20,0,200,200,0,200,200
340201,1,35,1,2,0,4,0,12,0,0,0,6,0,1,20,0,200,200,200,200,200
340201,1,35,1,2,0,4,0,12,0,0,0,6,0,1,22,0,200,200,200,200,200
340203,0,30,0,0,0,3,12,5,0,0,0,17,200,0,39,0,1,0,0,200,200
340203,0,30,0,0,0,3,12,5,0,0,0,17,200,1,63,0,0,0,0,200,200
340203,1,30,0,0,0,3,12,5,0,0,0,17,200,0,35,0,200,200,200,200,200
340203,1,30,0,0,0,3,12,5,0,0,0,17,200,1,56,0,200,200,200,200,200
340203,1,30,0,0,0,3,12,5,0,0,0,17,200,1,71,0,200,200,200,200,200
340207,0,30,0,0,0,3,7,5,0,0,200,25,200,0,30,200,13,0,12,200,200
340208,0,30,0,0,0,3,7,5,0,0,200,25,200,0,30,200,13,0,12,200,200
340210,0,30,0,0,0,0,11,7,0,0,0,20,0,1,200,200,6,200,200,200,200
340210,0,30,0,0,0,0,11,7,0,0,0,20,0,1,32,0,0,0,0,200,200
340223,0,30,0,0,0,0,0,6,0,200,0,25,8,0,23,200,4,200,200,200,200
340223,0,30,0,0,0,0,0,6,0,200,0,25,8,0,35,200,0,200,0,200,200
340230,0,30,1,2,0,3,0,5,0,0,0,6,200,0,24,0,5,0,0,200,200
340230,0,30,1,2,0,3,0,5,0,0,0,6,200,1,56,0,0,0,0,200,200
340231,0,30,0,0,0,3,12,3,0,0,0,18,200,0,54,200,3,0,0,200,200
340231,0,30,0,0,0,3,12,3,0,0,0,18,200,0,31,200,0,0,0,200,200
340233,0,30,0,0,0,3,12,2,0,0,0,18,200,0,200,200,3,200,200,200,200
340233,0,30,0,0,0,3,12,2,0,0,0,18,200,1,27,200,0,0,0,200,200
340236,0,35,1,2,0,3,7,5,0,0,0,25,15,0,32,200,12,200,200,200,200
340238,0,25,0,0,0,0,7,6,0,0,0,0,0,0,200,200,200,200,200,200,200
340241,0,20,0,0,0,3,0,5,0,0,0,17,200,0,200,200,1,200,200,200,200
340241,0,20,0,0,0,3,0,5,0,0,0,17,200,1,59,200,0,200,0,200,200
340246,0,30,0,0,0,3,0,6,0,0,0,20,200,1,25,200,1,200,0,200,200
340246,0,30,0,0,0,3,0,6,0,0,0,20,200,1,31,200,12,200,0,200,200
340247,0,20,0,0,0,3,7,6,0,0,0,32,0,0,48,200,12,0,5,0.14,200
340250,0,30,1,2,0,3,14,3,0,0,0,17,0,0,32,0,1,200,0,200,200
340250,0,30,1,2,0,3,14,3,0,0,0,17,0,0,29,0,200,200,0,200,200
340250,1,30,1,2,0,3,14,3,0,0,0,17,0,1,31,0,200,200,200,200,200
340250,1,30,1,2,0,3,14,3,0,0,0,17,0,1,10,0,200,200,200,200,200
340250,1,30,1,2,0,3,14,3,0,0,0,17,0,1,4,0,200,200,200,200,200
340250,1,30,1,2,0,3,14,3,0,0,0,17,0,1,10,0,200,200,200,200,200
340250,1,30,1,2,0,3,14,3,0,0,0,17,0,1,8,0,200,200,200,200,200
340250,1,30,1,2,0,3,14,3,0,0,0,17,0,1,25,0,200,200,200,200,200
340250,1,30,1,2,0,3,14,3,0,0,0,17,0,1,33,1,200,200,200,200,200
340250,1,30,1,2,0,3,14,3,0,0,0,17,0,0,30,0,200,200,200,200,200
340254,0,30,0,0,0,1,12,2,0,0,0,0,0,1,51,0,12,0,0,200,200
340254,0,30,0,0,0,1,12,2,0,0,0,0,0,0,42,1,12,0,0,200,200
340255,0,30,0,0,0,0,7,5,0,0,0,0,200,1,69,0,200,0,0,200,200
340257,0,30,0,0,0,3,10,5,0,0,200,18,0,0,37,200,3,200,200,200,200
340257,0,30,0,0,0,3,10,5,0,0,200,18,0,0,44,0,0,0,0,200,200
340258,0,30,2,200,200,3,10,5,0,200,200,0,200,0,42,200,3,200,200,200,200
340258,0,30,2,200,200,3,10,5,0,200,200,0,200,0,30,200,0,200,0,200,200
340268,0,30,0,0,0,3,7,6,0,0,0,0,0,0,200,200,200,200,200,200,200
340268,1,30,0,0,0,3,7,6,0,0,0,0,0,0,200,200,200,200,200,200,200
340292,0,35,0,0,0,3,12,3,0,0,1,21,29,0,26,0,4,0,2,200,200
340292,0,35,0,0,0,3,12,3,0,0,1,21,29,1,29,0,0,0,0,200,200
340296,0,30,0,0,0,3,7,5,0,0,0,8,0,0,33,200,12,200,0,200,200
340307,0,30,0,0,0,3,7,6,0,0,0,200,200,0,37,200,12,200,200,200,200
340310,0,30,0,0,0,3,12,5,0,0,200,22,200,0,45,0,2,200,0,200,200
340310,0,30,0,0,0,3,12,5,0,0,200,22,200,0,33,0,0,0,0,200,200
340311,0,30,0,0,0,2,7,6,0,0,200,0,200,2,200,200,200,200,200,200,200
340313,0,30,1,2,0,3,10,2,0,0,0,18,7,0,30,200,11,200,200,200,1
340313,0,30,1,2,0,3,10,2,0,0,0,18,7,1,41,200,0,0,0,200,200
340315,0,30,1,2,0,0,14,5,0,0,0,0,0,0,200,200,0,200,200,200,200
340315,0,30,1,2,0,0,14,5,0,0,0,0,0,1,50,0,0,0,0,200,200
340317,0,25,0,0,0,3,7,6,0,0,0,11,200,1,200,200,12,0,200,200,200
340319,0,30,1,2,0,3,14,5,0,0,0,23,21,1,21,0,7,0,0,200,200
340319,0,30,1,2,0,3,14,5,0,0,0,23,21,0,27,1,0,0,0,200,200
340319,1,30,1,2,0,3,14,5,0,0,0,23,21,0,22,0,200,200,200,200,200
340319,1,30,1,2,0,3,14,5,0,0,0,23,21,1,21,0,200,200,200,200,200
340319,1,30,1,2,0,3,14,5,0,0,0,23,21,0,32,1,200,200,200,200,200
340324,0,15,0,0,0,3,10,0,0,0,0,20,0,0,23,0,6,200,0,200,200
340324,0,15,0,0,0,3,10,0,0,0,0,20,0,1,200,0,0,0,0,200,200
340324,1,15,0,0,0,3,10,0,0,0,0,20,0,0,200,0,200,200,200,200,200
340327,0,30,2,200,0,3,10,2,1,200,12,29,16,0,27,0,0,200,200,200,200
340327,0,30,2,200,0,3,10,2,1,200,12,29,16,0,21,0,8,200,200,200,200
340327,1,30,2,200,0,3,10,2,1,200,12,29,16,0,20,0,200,200,200,200,200
340327,1,30,2,200,0,3,10,2,1,200,12,29,16,1,21,0,200,200,200,200,200
340328,0,35,2,0,0,3,10,5,0,0,200,0,200,0,53,200,3,200,200,200,200
340328,0,35,2,0,0,3,10,5,0,0,200,0,200,0,50,0,0,0,0,200,200
340329,0,25,2,2,0,3,2,5,0,0,0,0,0,0,23,200,200,200,200,200,200
340341,0,30,0,0,0,2,7,6,0,0,0,20,16,1,200,200,2,200,200,200,200
340351,0,30,0,0,0,3,7,5,0,0,0,0,200,1,45,200,200,200,7,200,200
340351,1,30,0,0,0,3,7,5,0,0,0,0,200,1,37,200,200,200,200,200,200
340351,1,30,0,0,0,3,7,5,0,0,0,0,200,1,38,200,200,200,200,200,200
340351,1,30,0,0,0,3,7,5,0,0,0,0,200,1,27,200,200,200,200,200,200
340359,0,30,0,0,0,3,7,5,0,0,0,0,200,0,200,200,200,200,200,200,200
340360,0,30,0,0,0,3,10,2,0,0,0,30,18,0,27,200,0,0,0,200,200
340360,0,30,0,0,0,3,10,2,0,0,0,30,18,0,200,200,3,0,200,200,1
340363,0,10,0,0,0,3,7,7,0,0,0,22,200,0,31,0,2,0,0,200,200
340366,0,30,0,0,0,3,10,200,0,0,0,18,200,1,200,200,3,200,200,200,200
340366,0,30,0,0,0,3,10,200,0,0,0,18,200,0,25,0,0,0,0,200,200
340369,0,30,1,2,0,3,0,2,0,0,0,17,16,0,32,0,1,0,0,200,200
340369,0,30,1,2,0,3,0,2,0,0,0,17,16,0,200,0,0,0,0,200,200
340369,1,30,1,2,0,3,0,2,0,0,0,17,16,0,36,0,200,200,200,200,200
340376,0,30,1,2,0,3,3,1,0,0,200,6,6,0,30,200,5,200,12,200,200
340376,0,30,1,2,0,3,3,1,0,0,200,6,6,0,50,200,0,0,0,200,200
340376,1,30,1,2,0,3,3,1,0,0,200,6,6,0,18,200,200,200,200,200,200
340377,0,35,2,2,0,3,0,5,0,0,0,17,17,1,24,200,1,0,0,200,200
340377,0,35,2,2,0,3,0,5,0,0,0,17,17,1,53,200,0,0,0,200,200
340391,0,30,0,0,0,3,10,5,0,0,0,0,0,1,49,0,12,0,0,200,200
340391,0,30,0,0,0,3,10,5,0,0,0,0,0,1,24,0,12,0,0,200,200
340399,0,15,0,0,0,3,7,6,0,0,0,0,200,0,200,200,200,200,200,200,200
340414,0,30,0,0,0,1,12,6,0,0,0,21,200,0,31,0,4,0,0,200,200
340414,0,30,0,0,0,1,12,6,0,0,0,21,200,1,34,0,0,0,0,200,200
340416,0,30,0,0,0,1,7,5,0,0,0,12,12,0,26,0,12,0,0,200,200
340424,0,30,1,2,0,1,10,5,0,0,0,0,18,1,34,0,3,0,0,200,200
340424,0,30,1,2,0,1,10,5,0,0,0,0,18,0,56,0,3,0,0,200,200
340429,0,0,0,0,200,200,7,5,0,200,0,0,200,2,200,200,200,200,200,200,200
340431,0,30,1,2,0,1,9,2,0,0,0,17,0,2,200,200,1,200,200,200,200
340431,5,30,1,2,0,1,9,2,0,0,0,17,0,1,30,7,0,0,0,200,200
340432,0,30,0,0,0,2,7,6,0,0,0,18,20,1,25,0,6,0,0,200,200
340432,1,30,0,0,0,2,7,6,0,0,0,18,20,0,34,0,200,200,200,200,200
340433,0,30,1,1,0,1,10,5,0,0,0,0,18,0,200,200,3,200,200,200,200
340433,0,30,1,1,0,1,10,5,0,0,0,0,18,0,21,1,0,0,0,200,200
340439,0,30,0,0,0,1,2,5,0,0,0,0,0,0,68,200,12,200,0,200,200
340443,0,30,0,0,0,0,7,7,0,0,0,20,20,1,200,200,6,200,200,200,200
340446,3,30,0,0,0,1,2,3,3,0,0,4,28,0,200,200,200,200,200,200,200
340446,0,30,0,0,0,1,2,3,3,0,0,4,28,1,20,0,12,0,2,200,200
340461,0,25,0,0,0,1,2,2,0,0,0,11,0,0,32,200,200,0,200,200,200
340463,0,30,0,0,0,3,7,2,0,0,0,0,200,2,200,200,200,200,200,200,200
340466,0,30,0,0,0,1,10,5,0,0,200,18,22,2,200,200,3,200,200,200,200
340466,0,30,0,0,0,1,10,5,0,0,200,18,22,1,47,0,0,0,0,200,200
340468,0,30,200,200,0,3,2,6,0,0,3,16,0,2,200,200,200,200,200,200,200
340471,0,30,10,2,0,3,2,6,0,0,0,0,0,2,200,200,200,200,200,200,200
340500,0,30,0,0,0,1,5,5,0,0,0,20,200,0,29,200,6,0,0,200,200
340507,0,10,0,0,0,1,2,0,2,0,0,14,200,0,64,200,200,0,12,200,200
340532,0,30,0,0,0,2,7,7,0,200,200,0,200,0,200,200,200,200,200,200,200
340532,1,30,0,0,0,2,7,7,0,200,200,0,200,0,61,0,200,200,200,200,200
340538,0,30,1,2,0,1,12,5,0,0,0,18,22,0,70,0,2,0,0,200,200
340538,0,30,1,2,0,1,12,5,0,0,0,18,22,1,67,0,0,0,0,200,200
340538,1,30,1,2,0,1,12,5,0,0,0,18,22,0,68,0,200,200,200,200,200
340547,0,30,2,0,0,1,2,6,0,0,0,0,0,0,0,0,200,0,0,200,200
340547,1,30,2,0,0,1,2,6,0,0,0,0,0,0,200,0,200,200,200,200,200
340551,0,30,0,0,0,1,10,7,0,200,200,20,200,0,200,7,6,200,200,200,200
340551,0,30,0,0,0,1,10,7,0,200,200,20,200,0,29,200,0,200,0,200,200
340558,0,25,0,0,0,1,7,6,0,0,0,0,0,2,200,200,200,200,200,200,200
340564,0,30,0,0,0,1,10,5,0,0,0,18,0,0,200,200,3,200,200,200,200
340564,0,30,0,0,0,1,10,5,0,0,0,18,0,1,44,0,0,0,0,200,200
340564,1,30,0,0,0,1,10,5,0,0,0,18,0,1,200,200,200,200,200,200,200
340569,0,30,0,0,0,1,7,5,0,0,0,15,11,2,200,200,6,200,200,200,200
340583,0,20,0,0,0,1,7,6,0,0,0,14,20,0,42,200,6,0,3,200,200
340583,1,20,0,0,0,1,7,6,0,0,0,14,20,1,43,200,200,200,200,200,200
340584,0,15,0,0,0,1,0,7,0,0,0,17,11,1,40,0,1,0,0,200,200
340584,0,15,0,0,0,1,0,7,0,0,0,17,11,0,30,0,0,0,0,200,200
340584,1,15,0,0,0,1,0,7,0,0,0,17,11,1,35,0,200,200,200,200,200
340584,1,15,0,0,0,1,0,7,0,0,0,17,11,1,14,0,200,200,200,200,200
340584,1,15,0,0,0,1,0,7,0,0,0,17,11,1,11,0,200,200,200,200,200
340584,1,15,0,0,0,1,0,7,0,0,0,17,11,1,26,0,200,200,200,200,200
340584,1,15,0,0,0,1,0,7,0,0,0,17,11,0,5,0,200,200,200,200,200
340585,0,15,0,0,0,1,7,7,0,0,3,0,0,2,200,200,200,200,200,200,200
340594,0,25,0,0,0,1,8,5,0,0,0,0,200,1,51,0,12,0,0,200,1
340594,4,25,0,0,0,1,8,5,0,0,0,0,200,0,56,200,200,0,0,200,200
340595,0,20,0,0,0,0,7,6,0,0,0,20,0,2,200,200,6,200,200,200,200
340597,0,30,2,0,2,1,7,5,0,0,0,5,25,0,37,200,13,0,0,200,200
340600,0,30,1,2,0,1,12,5,0,0,0,0,0,1,200,200,0,200,200,200,200
340600,0,30,1,2,0,1,12,5,0,0,0,0,0,0,36,0,0,0,0,200,200
340610,0,30,0,0,0,1,10,5,0,0,0,18,200,1,24,0,3,0,0,200,200
340610,0,30,0,0,0,1,10,5,0,0,0,18,200,0,47,0,0,0,0,200,200
340614,0,30,0,0,0,1,8,5,0,0,0,200,200,2,200,200,200,200,200,200,200
340614,4,30,0,0,0,1,8,5,0,0,0,200,200,0,14,7,0,0,0,200,200
340617,0,30,1,2,0,1,14,6,0,0,0,23,200,1,200,200,7,200,200,200,200
340617,0,30,1,2,0,1,14,6,0,0,0,23,200,0,53,0,0,0,0,200,200
340620,0,25,2,2,0,1,7,5,0,0,0,0,0,2,200,200,200,200,200,200,200
340628,0,30,0,0,200,200,7,12,0,200,0,0,0,2,200,200,200,200,200,200,200
340632,0,30,1,2,0,1,10,3,0,0,0,200,200,1,34,0,200,0,0,200,200
340632,0,30,1,2,0,1,10,3,0,0,0,200,200,0,42,0,0,0,0,200,200
340634,0,30,0,0,0,1,10,2,0,0,0,18,0,0,200,200,3,200,200,200,200
340634,0,30,0,0,0,1,10,2,0,0,0,18,0,0,51,200,0,0,0,200,200
340634,1,30,0,0,0,1,10,2,0,0,0,18,0,1,200,200,200,200,200,200,200
340640,0,30,0,0,0,1,14,5,0,0,0,0,0,1,25,200,200,200,200,200,200
340640,0,30,0,0,0,1,14,5,0,0,0,0,0,1,24,200,200,200,200,200,200
340641,0,30,0,0,0,4,7,7,0,0,0,25,200,2,200,200,200,200,200,200,200
340645,0,30,200,200,0,1,10,5,0,0,200,200,200,0,20,200,12,200,0,200,200
340645,0,30,200,200,0,1,10,5,0,0,200,200,200,0,19,200,0,0,0,200,200
340645,1,30,200,200,0,1,10,5,0,0,200,200,200,1,55,200,200,200,200,200,200
340645,1,30,200,200,0,1,10,5,0,0,200,200,200,1,55,200,200,200,200,200,200
340648,0,30,0,0,0,1,12,5,0,0,0,21,200,1,33,0,4,0,0,200,200
340648,0,30,0,0,0,1,12,5,0,0,0,21,200,0,44,0,0,0,0,200,200
340648,1,30,0,0,0,1,12,5,0,0,0,21,200,200,200,200,200,200,200,200,200
340648,1,30,0,0,0,1,12,5,0,0,0,21,200,200,200,200,200,200,200,200,200
340648,1,30,0,0,0,1,12,5,0,0,0,21,200,200,200,200,200,200,200,200,200
340648,1,30,0,0,0,1,12,5,0,0,0,21,200,200,200,200,200,200,200,200,200
340648,1,30,0,0,0,1,12,5,0,0,0,21,200,200,200,200,200,200,200,200,200
340655,0,30,200,200,0,1,7,5,0,0,200,200,200,2,200,200,200,200,200,200,200
340662,0,30,0,0,0,1,0,5,0,0,0,17,33,0,34,200,1,5,0,200,200
340662,0,30,0,0,0,1,0,5,0,0,0,17,33,0,61,0,0,5,0,200,200
340662,1,30,0,0,0,1,0,5,0,0,0,17,33,1,34,200,200,200,200,200,200
340662,1,30,0,0,0,1,0,5,0,0,0,17,33,1,3,5,200,200,200,200,200
340670,0,25,2,2,0,1,0,5,0,0,0,5,200,1,200,0,1,0,0,200,200
340670,0,25,2,2,0,1,0,5,0,0,0,5,200,0,44,0,0,0,0,200,200
340673,0,30,0,0,0,1,7,2,0,0,0,200,200,0,49,0,12,0,0,200,200
340673,1,30,0,0,0,1,7,2,0,0,0,200,200,0,29,0,200,200,200,200,200
340685,0,0,0,0,0,1,7,7,0,0,0,0,0,2,200,200,200,200,200,200,200
340685,1,0,0,0,0,1,7,7,0,0,0,0,0,2,200,200,200,200,200,200,200
340685,1,0,0,0,0,1,7,7,0,0,0,0,0,2,200,200,200,200,200,200,200
340685,1,0,0,0,0,1,7,7,0,0,0,0,0,2,200,200,200,200,200,200,200
340689,0,30,0,0,0,1,7,6,0,0,0,0,0,2,200,200,0,200,200,200,200
340691,0,20,2,2,0,1,0,5,0,0,0,0,0,0,39,200,200,200,200,200,200
340691,0,20,2,2,0,1,0,5,0,0,0,0,0,1,22,0,0,0,0,200,200
340698,0,30,2,2,0,1,0,5,0,0,0,0,200,1,22,200,200,0,0,200,200
340698,0,30,2,2,0,1,0,5,0,0,0,0,200,1,55,200,0,0,0,200,200
340698,1,30,2,2,0,1,0,5,0,0,0,0,200,200,200,200,200,200,200,200,200
340700,0,25,0,0,0,1,7,6,0,0,0,0,0,0,35,200,0,200,200,200,200
340706,0,25,2,0,0,3,7,5,0,0,0,0,0,2,200,200,200,200,200,200,200
340710,0,30,1,2,0,1,10,5,0,0,0,16,0,0,42,0,3,0,0,200,200
340710,0,30,1,2,0,1,10,5,0,0,0,16,0,0,58,0,0,0,0,200,200
340711,0,20,0,0,0,200,7,7,0,0,0,0,0,2,200,200,200,200,200,200,200
340712,0,30,0,0,200,200,7,5,0,200,0,0,200,2,200,200,200,200,200,200,200
340713,0,30,0,0,0,3,7,6,0,0,0,0,0,2,200,200,200,200,200,200,200
340721,0,30,1,2,0,1,14,8,0,0,200,21,200,1,21,200,4,200,0,200,200
340721,0,30,1,2,0,1,14,8,0,0,200,21,200,0,24,200,200,0,0,200,200
340721,1,30,1,2,0,1,14,8,0,0,200,21,200,1,200,200,200,200,200,200,200
340727,0,30,0,0,0,1,10,2,0,0,0,0,200,1,200,200,200,200,200,200,200
340727,0,30,0,0,0,1,10,2,0,0,0,0,200,1,51,0,0,0,0,200,200
340730,0,30,1,200,0,3,14,200,0,200,200,0,0,0,200,200,200,200,200,200,200
340730,0,30,1,200,0,3,14,200,0,200,200,0,0,0,22,0,0,0,0,200,200
340738,0,30,1,2,0,1,12,2,0,0,0,22,21,0,200,200,2,200,200,200,200
340738,0,30,1,2,0,1,12,2,0,0,0,22,21,1,24,0,0,0,0,200,200
340738,1,30,1,2,0,1,12,2,0,0,0,22,21,1,5,5,200,200,200,200,200
340739,0,35,2,2,0,1,0,5,0,0,0,0,0,0,200,200,200,200,200,200,200
340739,0,35,2,2,0,1,0,5,0,0,0,0,0,0,76,0,0,0,0,200,200
340757,0,30,0,0,0,1,2,5,0,0,0,0,200,1,200,200,200,200,200,200,200
340759,0,30,0,0,0,1,12,2,0,0,0,22,200,1,200,200,4,200,200,200,200
340759,0,30,0,0,0,1,12,2,0,0,0,22,200,0,34,0,0,0,0,200,200
340760,0,30,0,0,0,1,7,6,0,0,0,20,200,0,39,200,6,200,200,200,200
340766,0,35,1,2,0,1,10,3,0,0,0,16,12,0,43,200,12,0,0,200,200
340766,0,35,1,2,0,1,10,3,0,0,0,16,12,1,40,200,0,0,0,200,200
340770,0,35,0,0,0,1,12,5,0,0,0,25,21,0,23,0,2,0,0,200,200
340770,0,35,0,0,0,1,12,5,0,0,0,25,21,0,35,0,0,0,0,200,200
340777,0,30,0,0,0,1,7,4,3,0,0,11,200,0,55,0,12,0,0,200,200
340783,0,10,0,0,0,1,2,7,0,0,0,200,200,1,62,0,12,0,0,200,200
340788,0,30,1,2,0,1,11,5,0,0,0,21,14,0,200,200,8,200,200,200,200
340788,0,30,1,2,0,1,11,5,0,0,0,21,14,0,49,0,0,0,0,200,200
340788,0,30,1,2,0,1,11,5,0,0,0,21,14,1,27,0,1,0,0,200,200
340788,1,30,1,2,0,1,11,5,0,0,0,21,14,1,200,200,200,200,200,200,200
340813,0,30,0,0,0,1,10,2,0,0,0,17,20,2,200,200,6,200,200,200,200
340813,0,30,0,0,0,1,10,2,0,0,0,17,20,1,52,0,0,0,0,200,200
340814,0,20,0,0,200,200,7,5,0,200,0,0,200,2,200,200,9,200,200,200,200
340815,0,30,0,0,0,1,12,3,0,0,0,21,0,0,29,0,12,0,0,200,200
340815,0,30,0,0,0,1,12,3,0,0,0,21,0,1,47,0,0,0,0,200,200
340815,1,30,0,0,0,1,12,3,0,0,0,21,0,1,19,0,200,200,200,200,200
340820,0,5,0,0,0,1,5,4,0,0,200,0,0,0,30,0,0,200,200,200,200
340825,0,30,1,2,0,3,10,2,0,0,0,0,200,1,200,200,200,0,200,200,200
340825,0,30,1,2,0,3,10,2,0,0,0,0,200,1,42,0,0,0,200,200,200
340825,1,30,1,2,0,3,10,2,0,0,0,0,200,0,2,5,200,200,200,200,200
340826,0,25,0,0,0,1,14,6,0,0,0,0,0,1,200,0,1,0,0,200,200
340826,0,25,0,0,0,1,14,6,0,0,0,0,0,0,62,0,0,0,0,200,200
340832,0,30,0,0,0,1,12,6,0,0,0,17,17,1,72,200,1,0,0,200,200
340832,0,30,0,0,0,1,12,6,0,0,0,17,17,0,42,200,0,0,0,200,200
340832,1,30,0,0,0,1,12,6,0,0,0,17,17,1,15,200,200,200,200,200,200
340832,1,30,0,0,0,1,12,6,0,0,0,17,17,1,17,200,200,200,200,200,200
340836,0,30,1,2,0,1,14,2,0,0,0,6,17,1,84,0,5,0,0,200,200
340836,0,30,1,2,0,1,14,2,0,0,0,6,17,0,49,0,0,0,0,200,200
340840,0,30,0,0,0,1,11,5,0,0,0,22,17,1,69,0,2,0,0,200,200
340840,0,30,0,0,0,1,11,5,0,0,0,22,17,1,52,0,0,0,0,200,200
340843,0,30,0,0,0,1,7,2,0,0,0,0,0,2,200,200,200,200,200,200,200
340847,0,30,1,2,0,3,14,2,0,0,0,17,22,0,48,0,1,0,0,200,200
340847,0,30,1,2,0,3,14,2,0,0,0,17,22,1,23,0,12,0,0,200,200
340852,0,30,1,2,0,1,0,5,0,0,0,17,200,1,39,0,1,0,0,200,200
340852,0,30,1,2,0,1,0,5,0,0,0,17,200,0,33,0,0,0,0,200,200
340853,0,30,1,2,0,1,14,3,0,0,0,18,16,0,23,200,3,0,0,200,200
340853,0,30,1,2,0,1,14,3,0,0,0,18,16,1,75,200,0,0,0,200,200
340861,0,10,0,0,0,1,0,7,0,200,200,20,17,0,27,0,6,200,0,200,200
340861,0,10,0,0,0,1,0,7,0,200,200,20,17,0,44,0,0,200,0,200,200
340862,0,30,2,2,0,1,0,2,0,0,0,17,17,1,32,0,1,12,0,200,200
340862,0,30,2,2,0,1,0,2,0,0,0,17,17,1,23,0,0,0,0,200,200
340863,0,5,0,0,0,1,7,7,0,0,0,0,0,0,59,200,6,200,200,200,200
340867,0,30,0,0,0,1,7,2,0,0,0,20,200,1,31,0,6,0,0,200,200
340870,0,30,1,2,0,1,10,3,0,0,0,18,18,0,68,0,3,0,0,200,200
340870,0,30,1,2,0,1,10,3,0,0,0,18,18,1,23,0,0,0,0,200,200
340870,0,30,1,2,0,1,10,3,0,0,0,18,18,1,26,0,0,0,0,200,200
340878,0,30,0,0,0,1,12,5,0,0,0,27,200,0,76,0,12,0,12,200,200
340878,0,30,0,0,0,1,12,5,0,0,0,27,200,0,200,1,0,0,0,200,200
340880,0,30,0,0,0,1,12,6,0,200,200,20,20,0,22,0,6,200,0,200,200
340880,0,30,0,0,0,1,12,6,0,200,200,20,20,0,67,0,12,200,0,200,200
340880,1,30,0,0,0,1,12,6,0,200,200,20,20,0,200,0,200,200,200,200,200
340880,1,30,0,0,0,1,12,6,0,200,200,20,20,0,200,0,200,200,200,200,200
340880,1,30,0,0,0,1,12,6,0,200,200,20,20,0,200,0,200,200,200,200,200
340880,1,30,0,0,0,1,12,6,0,200,200,20,20,1,200,0,200,200,200,200,200
340880,1,30,0,0,0,1,12,6,0,200,200,20,20,1,200,0,200,200,200,200,200
340880,1,30,0,0,0,1,12,6,0,200,200,20,20,1,200,0,200,200,200,200,200
340882,0,0,0,0,0,1,7,7,0,0,200,0,0,2,200,200,200,200,200,200,200
340891,0,30,1,2,0,4,10,5,0,0,0,7,11,0,26,0,12,0,0,200,200
340891,0,30,1,2,0,4,10,5,0,0,0,7,11,0,66,0,0,0,0,200,200
340892,0,30,1,2,0,1,12,5,0,0,0,22,0,1,28,0,2,0,0,200,200
340892,0,30,1,2,0,1,12,5,0,0,0,22,0,0,37,0,0,0,0,200,200
340892,1,30,1,2,0,1,12,5,0,0,0,22,0,1,37,0,200,200,200,200,200
340892,1,30,1,2,0,1,12,5,0,0,0,22,0,1,4,5,200,200,200,200,200
340893,0,30,0,0,0,1,12,5,0,200,200,22,22,0,35,200,4,200,200,200,200
340893,0,30,0,0,0,1,12,5,0,200,200,22,22,1,80,0,0,0,0,200,200
340893,1,30,0,0,0,1,12,5,0,200,200,22,22,1,71,0,200,200,200,200,200
340896,0,15,0,0,0,1,0,7,0,0,0,17,20,1,200,200,1,200,200,200,200
340896,0,15,0,0,0,1,0,7,0,0,0,17,20,1,29,0,12,0,0,200,200
340898,0,20,0,0,0,1,7,2,0,0,0,0,0,2,200,200,200,200,200,200,200
340902,0,30,2,2,0,1,10,5,0,0,0,0,200,0,54,0,12,0,0,200,200