RD_NO,PERSON_TYPE,POSTED_SPEED_LIMIT,TRAFFIC_CONTROL_DEVICE,DEVICE_CONDITION,WEATHER_CONDITION,LIGHTING_CONDITION,FIRST_CRASH_TYPE,TRAFFICWAY_TYPE,ALIGNMENT,ROADWAY_SURFACE_COND,ROAD_DEFECT,PRIM_CONTRIBUTORY_CAUSE,SEC_CONTRIBUTORY_CAUSE,SEX,AGE,SAFETY_EQUIPMENT,DRIVER_ACTION,DRIVER_VISION,PHYSICAL_CONDITION,BAC_RESULT VALUE,CELL_PHONE_USE
340902,0,30,2,2,0,1,10,5,0,0,0,0,200,0,18,0,0,0,0,200,200
340902,1,30,2,2,0,1,10,5,0,0,0,0,200,0,0,5,200,200,200,200,200
340906,0,30,0,0,0,2,14,2,0,0,0,25,25,2,200,200,1,200,200,200,200
340906,0,30,0,0,0,2,14,2,0,0,0,25,25,1,71,0,0,0,0,200,200
340908,0,25,0,0,0,1,7,2,0,0,0,0,0,2,200,200,1,200,200,200,200
340909,0,30,0,0,0,1,7,5,0,0,0,200,200,0,38,200,200,200,200,200,200
340910,0,30,0,0,0,1,0,12,0,0,0,0,200,0,28,0,0,0,0,200,200
340910,0,30,0,0,0,1,0,12,0,0,0,0,200,0,42,0,0,0,0,200,200
340911,0,30,0,0,0,1,10,2,0,0,0,0,0,1,29,0,200,0,0,200,200
340911,0,30,0,0,0,1,10,2,0,0,0,0,0,0,40,0,200,0,0,200,200
340911,1,30,0,0,0,1,10,2,0,0,0,0,0,1,36,0,200,200,200,200,200
340914,0,25,0,0,0,1,7,6,0,0,200,20,200,1,39,200,6,200,0,200,200
340914,1,25,0,0,0,1,7,6,0,0,200,20,200,0,40,200,200,200,200,200,200
340922,0,30,200,200,0,1,7,7,0,0,200,0,200,2,200,200,200,200,200,200,200
340922,1,30,200,200,0,1,7,7,0,0,200,0,200,1,200,200,200,200,200,200,200
340922,1,30,200,200,0,1,7,7,0,0,200,0,200,1,200,200,200,200,200,200,200
340923,0,15,0,0,0,2,2,0,0,0,0,0,0,0,45,200,7,0,200,200,200
340924,0,25,2,2,0,1,0,6,0,0,0,17,0,0,24,0,1,0,0,200,200
340924,0,25,2,2,0,1,0,6,0,0,0,17,0,1,59,0,0,0,0,200,200
340924,1,25,2,2,0,1,0,6,0,0,0,17,0,0,82,0,200,200,200,200,200
340928,0,25,0,0,0,1,12,5,0,0,0,0,0,1,56,0,200,0,0,200,200
340928,0,25,0,0,0,1,12,5,0,0,0,0,0,0,48,0,0,0,0,200,200
340930,0,35,2,12,0,1,0,5,0,0,0,17,0,0,36,0,1,0,0,200,200
340930,0,35,2,12,0,1,0,5,0,0,0,17,0,1,56,0,0,0,0,200,200
340932,0,0,0,0,0,1,10,2,0,0,0,16,18,0,21,200,12,0,0,200,200
340932,0,0,0,0,0,1,10,2,0,0,0,16,18,0,46,200,12,0,0,200,200
340949,0,25,0,200,0,1,14,5,0,0,0,23,200,0,200,200,7,200,200,200,200
340949,0,25,0,200,0,1,14,5,0,0,0,23,200,0,46,0,0,200,0,200,200
340949,1,25,0,200,0,1,14,5,0,0,0,23,200,0,200,200,200,200,200,200,200
340959,0,30,1,2,0,1,8,2,0,0,0,21,23,0,51,0,7,0,0,200,200
340959,4,30,1,2,0,1,8,2,0,0,0,21,23,0,44,2,12,12,0,200,200
340959,1,30,1,2,0,1,8,2,0,0,0,21,23,1,47,0,200,200,200,200,200
340961,0,30,1,2,0,1,10,2,0,0,0,16,200,0,19,200,12,0,0,200,200
340961,0,30,1,2,0,1,10,2,0,0,0,16,200,0,43,200,0,0,0,200,200
340961,0,30,1,2,0,1,10,2,0,0,0,16,200,0,23,200,0,0,0,200,200
340963,0,25,0,0,0,1,7,5,0,0,0,0,0,2,200,200,200,200,200,200,200
340964,0,30,0,0,0,1,7,6,0,0,0,0,200,2,200,200,200,200,200,200,200
340969,0,30,0,0,0,1,7,5,0,0,0,20,0,0,200,200,6,200,200,200,200
340975,0,30,0,0,0,1,10,5,0,0,3,7,16,1,33,0,12,0,0,200,200
340975,0,30,0,0,0,1,10,5,0,0,3,7,16,0,40,0,0,0,0,200,200
340977,0,30,0,0,0,1,0,6,0,0,0,17,200,0,200,0,1,0,0,200,200
340977,0,30,0,0,0,1,0,6,0,0,0,17,200,0,51,0,200,0,0,200,200
340985,0,30,1,2,0,1,14,3,0,0,0,22,200,0,40,2,5,200,7,200,200
340985,0,30,1,2,0,1,14,3,0,0,0,22,200,1,28,0,0,0,0,200,200
340985,1,30,1,2,0,1,14,3,0,0,0,22,200,0,30,0,200,200,200,200,200
340985,1,30,1,2,0,1,14,3,0,0,0,22,200,1,4,0,200,200,200,200,200
340985,1,30,1,2,0,1,14,3,0,0,0,22,200,0,6,0,200,200,200,200,200
340985,1,30,1,2,0,1,14,3,0,0,0,22,200,0,6,0,200,200,200,200,200
340987,0,30,0,0,0,1,7,5,0,0,0,0,0,2,200,200,200,200,200,200,200
340992,0,30,0,0,0,1,12,5,0,0,0,0,4,0,43,200,200,0,0,200,200
340992,0,30,0,0,0,1,12,5,0,0,0,0,4,0,33,200,0,0,0,200,200
340992,1,30,0,0,0,1,12,5,0,0,0,0,4,0,44,7,200,200,200,200,200
340997,0,30,1,2,0,1,7,3,0,200,200,0,0,2,200,200,7,200,200,200,200
340997,1,30,1,2,0,1,7,3,0,200,200,0,0,1,65,0,200,200,200,200,200
340997,1,30,1,2,0,1,7,3,0,200,200,0,0,1,11,0,200,200,200,200,200
340997,1,30,1,2,0,1,7,3,0,200,200,0,0,1,10,0,200,200,200,200,200
340997,1,30,1,2,0,1,7,3,0,200,200,0,0,1,10,0,200,200,200,200,200
340997,1,30,1,2,0,1,7,3,0,200,200,0,0,1,6,0,200,200,200,200,200
341006,0,30,2,2,0,1,0,5,0,0,0,17,0,0,56,0,1,0,0,200,200
341006,0,30,2,2,0,1,0,5,0,0,0,17,0,1,74,0,0,0,0,200,200
341010,4,35,0,0,0,1,8,5,0,0,0,17,11,0,14,7,1,0,0,200,200
341010,0,35,0,0,0,1,8,5,0,0,0,17,11,1,26,0,200,0,0,200,200
341011,0,35,2,2,0,1,2,5,1,0,0,14,10,0,200,200,200,200,200,200,200
341015,0,30,0,0,0,1,10,3,0,0,0,17,16,0,19,200,1,0,0,200,200
341015,0,30,0,0,0,1,10,3,0,0,0,17,16,0,32,200,0,0,0,200,200
341016,0,30,0,0,0,1,12,5,0,0,0,0,0,0,73,200,200,200,200,200,200
341016,0,30,0,0,0,1,12,5,0,0,0,0,0,0,31,0,0,0,0,200,200
341018,0,30,1,2,0,1,10,2,0,0,0,0,0,1,28,200,200,200,200,200,200
341018,0,30,1,2,0,1,10,2,0,0,0,0,0,1,44,0,0,0,0,200,200
341024,0,30,0,0,0,1,14,5,0,0,0,20,0,1,55,200,6,0,0,200,200
341024,0,30,0,0,0,1,14,5,0,0,0,20,0,1,41,0,0,0,0,200,200
341025,0,15,0,0,0,1,12,7,0,0,0,18,0,1,200,200,3,200,200,200,200
341025,0,15,0,0,0,1,12,7,0,0,0,18,0,0,27,0,0,0,0,200,200
341025,1,15,0,0,0,1,12,7,0,0,0,18,0,0,2,0,200,200,200,200,200
341026,0,35,1,2,0,1,14,1,0,0,0,23,18,2,200,200,5,200,200,200,200
341026,0,35,1,2,0,1,14,1,0,0,0,23,18,1,22,7,0,0,0,200,200
341027,0,30,0,0,0,1,14,5,0,0,0,0,200,0,200,200,200,200,200,200,200
341027,0,30,0,0,0,1,14,5,0,0,0,0,200,0,48,0,0,0,0,200,200
341027,1,30,0,0,0,1,14,5,0,0,0,0,200,0,31,0,200,200,200,200,200
341027,1,30,0,0,0,1,14,5,0,0,0,0,200,1,32,0,200,200,200,200,200
341034,0,30,1,2,0,1,14,2,0,0,0,6,200,0,43,200,5,200,0,200,200
341034,0,30,1,2,0,1,14,2,0,0,0,6,200,0,26,200,0,0,0,200,200
341034,1,30,1,2,0,1,14,2,0,0,0,6,200,0,19,200,200,200,200,200,200
341037,0,40,0,0,0,1,12,3,0,0,0,16,27,0,200,200,2,200,200,200,200
341037,0,40,0,0,0,1,12,3,0,0,0,16,27,0,60,0,0,0,0,200,200
341046,0,25,0,0,0,1,7,6,0,0,0,0,0,1,200,200,1,200,200,200,200
341048,0,30,0,0,0,1,10,5,0,0,0,200,200,0,200,0,0,0,0,200,200
341048,0,30,0,0,0,1,10,5,0,0,0,200,200,0,64,0,0,0,0,200,200
341049,0,30,0,0,0,1,10,2,0,0,200,0,11,1,200,200,200,200,200,200,200
341049,0,30,0,0,0,1,10,2,0,0,200,0,11,0,50,0,200,200,0,200,200
341049,1,30,0,0,0,1,10,2,0,0,200,0,11,1,39,0,200,200,200,200,200
341049,1,30,0,0,0,1,10,2,0,0,200,0,11,0,13,0,200,200,200,200,200
341050,0,30,0,0,0,1,7,2,0,0,0,0,200,0,200,200,200,0,200,200,200
341050,5,30,0,0,0,1,7,2,0,0,0,0,200,0,200,200,200,200,200,200,200
341052,0,30,200,200,0,1,12,6,0,0,200,0,200,1,200,200,200,200,200,200,200
341052,0,30,200,200,0,1,12,6,0,0,200,0,200,0,34,200,200,200,0,200,200
341053,0,30,0,0,0,1,14,3,0,0,0,11,0,0,31,200,7,0,0,200,200
341053,0,30,0,0,0,1,14,3,0,0,0,11,0,1,34,7,0,0,0,200,200
341054,0,0,0,0,0,1,7,6,0,0,0,0,0,1,69,200,200,200,0,200,200
341057,0,30,1,2,0,1,10,5,0,0,3,0,200,2,200,200,200,200,200,200,200
341057,0,30,1,2,0,1,10,5,0,0,3,0,200,1,25,0,200,0,0,200,200
341074,0,35,2,12,0,0,0,200,0,0,200,5,14,0,200,200,5,200,200,200,200
341074,0,35,2,12,0,0,0,200,0,0,200,5,14,1,33,0,0,0,0,200,200
341074,1,35,2,12,0,0,0,200,0,0,200,5,14,200,200,0,200,200,200,200,200
341076,0,30,0,0,0,1,8,2,0,0,0,17,0,0,200,200,1,200,200,200,200
341076,4,30,0,0,0,1,8,2,0,0,0,17,0,0,14,200,9,0,0,200,200
341078,0,20,0,0,0,1,7,6,0,0,0,200,200,0,47,0,0,0,0,200,200
341078,1,20,0,0,0,1,7,6,0,0,0,200,200,0,30,200,200,200,200,200,200
341080,0,35,1,2,0,1,10,5,0,0,0,17,16,0,51,200,1,0,0,200,200
341080,0,35,1,2,0,1,10,5,0,0,0,17,16,0,23,200,0,0,0,200,200
341080,1,35,1,2,0,1,10,5,0,0,0,17,16,1,47,200,200,200,200,200,200
341080,1,35,1,2,0,1,10,5,0,0,0,17,16,200,200,200,200,200,200,200,200
341080,1,35,1,2,0,1,10,5,0,0,0,17,16,0,14,200,200,200,200,200,200
341081,0,30,1,2,0,1,12,1,0,0,0,17,16,1,59,0,1,0,0,200,200
341081,0,30,1,2,0,1,12,1,0,0,0,17,16,0,42,0,0,0,0,200,200
341084,0,30,1,2,0,1,10,5,0,0,200,18,0,0,200,200,3,200,200,200,200
341084,0,30,1,2,0,1,10,5,0,0,200,18,0,1,25,200,200,200,7,200,200
341085,0,30,0,0,0,1,10,2,0,0,200,16,18,1,24,0,3,200,0,200,200
341085,0,30,0,0,0,1,10,2,0,0,200,16,18,1,79,0,0,200,7,200,200
341085,1,30,0,0,0,1,10,2,0,0,200,16,18,0,78,0,200,200,200,200,200
341086,0,30,1,2,0,1,14,5,0,0,0,21,0,1,63,200,7,200,200,200,200
341086,0,30,1,2,0,1,14,5,0,0,0,21,0,1,29,200,0,200,200,200,200
341090,0,25,0,0,0,1,10,5,0,0,0,8,0,0,21,200,12,200,0,200,200
341090,0,25,0,0,0,1,10,5,0,0,0,8,0,0,28,200,0,200,0,200,200
341090,0,25,0,0,0,1,10,5,0,0,0,8,0,1,24,200,0,200,0,200,200
341094,0,35,1,2,0,1,0,5,2,0,0,0,200,0,51,200,1,200,7,200,200
341094,0,35,1,2,0,1,0,5,2,0,0,0,200,0,25,0,0,200,0,200,200
341094,0,35,1,2,0,1,0,5,2,0,0,0,200,0,37,0,0,200,0,200,200
341094,1,35,1,2,0,1,0,5,2,0,0,0,200,1,200,0,200,200,200,200,200
341094,1,35,1,2,0,1,0,5,2,0,0,0,200,0,12,5,200,200,200,200,200
341094,1,35,1,2,0,1,0,5,2,0,0,0,200,1,9,5,200,200,200,200,200
341094,1,35,1,2,0,1,0,5,2,0,0,0,200,1,25,0,200,200,200,200,200
341095,0,30,1,2,0,1,10,5,0,0,0,16,200,2,200,200,1,200,200,200,200
341095,0,30,1,2,0,1,10,5,0,0,0,16,200,0,23,200,0,0,0,200,200
341095,1,30,1,2,0,1,10,5,0,0,0,16,200,0,200,200,200,200,200,200,200
341103,0,30,2,2,0,1,0,2,0,0,0,5,17,2,200,200,1,200,200,200,200
341103,0,30,2,2,0,1,0,2,0,0,0,5,17,1,31,0,0,0,0,200,200
341105,0,30,0,0,0,3,12,2,0,0,200,22,0,0,200,200,2,200,200,200,200
341105,0,30,0,0,0,3,12,2,0,0,200,22,0,1,47,0,0,0,0,200,200
341113,0,30,0,0,0,1,12,5,0,0,0,21,0,1,200,200,4,200,200,200,200
341113,0,30,0,0,0,1,12,5,0,0,0,21,0,0,23,200,0,0,0,200,200
341120,0,25,0,0,0,1,7,2,0,0,0,0,0,2,200,200,1,200,200,200,200
341122,0,30,1,2,0,1,14,2,0,0,0,23,21,0,25,0,7,0,0,200,200
341122,0,30,1,2,0,1,14,2,0,0,0,23,21,1,55,0,7,0,0,200,200
341125,0,25,1,2,0,1,10,5,0,0,0,0,200,1,200,200,200,200,200,200,200
341125,0,25,1,2,0,1,10,5,0,0,0,0,200,1,43,0,0,0,0,200,200
341125,1,25,1,2,0,1,10,5,0,0,0,0,200,0,12,0,200,200,200,200,200
341125,1,25,1,2,0,1,10,5,0,0,0,0,200,0,200,200,200,200,200,200,200
341130,0,30,2,0,0,1,10,2,0,0,0,18,200,1,22,200,3,200,200,200,200
341130,0,30,2,0,0,1,10,2,0,0,0,18,200,1,45,0,0,200,0,200,200
341133,0,30,1,2,0,1,14,6,0,0,0,23,17,1,200,200,7,0,0,200,200
341133,0,30,1,2,0,1,14,6,0,0,0,23,17,0,51,200,0,0,0,200,200
341140,0,30,0,0,0,1,14,5,2,0,0,11,18,1,200,200,0,200,200,200,200
341140,0,30,0,0,0,1,14,5,2,0,0,11,18,0,28,200,12,0,0,200,200
341157,0,0,0,0,0,1,10,6,0,0,0,25,200,0,200,200,12,200,200,200,200
341157,0,0,0,0,0,1,10,6,0,0,0,25,200,1,38,0,0,0,0,200,200
341158,0,30,0,0,0,1,7,6,0,0,0,200,200,2,200,200,0,200,200,200,200
341168,0,10,0,0,0,1,0,7,0,0,0,22,0,1,200,200,12,200,1,200,200
341168,0,10,0,0,0,1,0,7,0,0,0,22,0,1,20,0,0,0,0,200,200
341168,1,10,0,0,0,1,0,7,0,0,0,22,0,0,1,5,200,200,200,200,200
341169,0,30,0,0,0,1,14,5,0,0,200,0,0,1,67,0,200,200,200,200,200
341169,0,30,0,0,0,1,14,5,0,0,200,0,0,1,30,0,0,200,200,200,200
341179,0,30,1,2,0,1,9,5,0,0,0,17,200,0,24,200,1,200,0,200,200
341179,5,30,1,2,0,1,9,5,0,0,0,17,200,0,16,7,12,200,7,200,200
341181,0,30,1,2,0,1,12,5,0,0,0,18,200,0,200,200,3,200,200,200,200
341181,0,30,1,2,0,1,12,5,0,0,0,18,200,0,50,0,0,0,0,200,200
341182,0,30,1,2,0,1,14,5,0,0,0,32,27,0,25,0,200,0,5,200,200
341182,0,30,1,2,0,1,14,5,0,0,0,32,27,0,58,0,0,0,0,200,200
341182,1,30,1,2,0,1,14,5,0,0,0,32,27,1,52,0,200,200,200,200,200
341182,1,30,1,2,0,1,14,5,0,0,0,32,27,0,200,0,200,200,200,200,200
341184,0,25,0,0,0,1,10,2,0,0,0,0,0,1,27,0,1,0,0,200,200
341184,0,25,0,0,0,1,10,2,0,0,0,0,0,1,24,0,0,0,0,200,200
341185,0,30,0,0,0,1,10,2,0,0,0,18,200,0,200,200,3,200,200,200,200
341185,0,30,0,0,0,1,10,2,0,0,0,18,200,0,58,0,0,0,0,200,200
341189,0,30,0,0,0,1,0,7,0,0,0,11,11,1,200,200,6,200,200,200,200
341189,0,30,0,0,0,1,0,7,0,0,0,11,11,0,43,0,200,200,0,200,200
341195,0,25,1,2,0,1,10,2,0,0,0,0,0,1,200,0,1,0,0,200,200
341195,0,25,1,2,0,1,10,2,0,0,0,0,0,0,40,0,0,0,0,200,200
341198,0,35,1,2,0,1,10,2,0,0,0,0,0,0,40,0,200,0,0,200,200
341198,0,35,1,2,0,1,10,2,0,0,0,0,0,0,23,0,0,0,0,200,200
341198,1,35,1,2,0,1,10,2,0,0,0,0,0,1,43,0,200,200,200,200,200
341198,1,35,1,2,0,1,10,2,0,0,0,0,0,0,0,5,200,200,200,200,200
341198,1,35,1,2,0,1,10,2,0,0,0,0,0,1,34,200,200,200,200,200,200
341198,1,35,1,2,0,1,10,2,0,0,0,0,0,1,21,0,200,200,200,200,200
341198,1,35,1,2,0,1,10,2,0,0,0,0,0,1,4,5,200,200,200,200,200
341214,0,30,1,2,0,1,12,5,0,0,0,0,200,1,45,0,200,0,0,200,200
341214,0,30,1,2,0,1,12,5,0,0,0,0,200,0,25,0,200,0,0,200,200
341216,0,30,0,0,0,1,10,5,2,0,0,200,200,2,200,200,200,200,200,200,200
341216,0,30,0,0,0,1,10,5,2,0,0,200,200,1,55,0,0,0,0,200,200
341216,1,30,0,0,0,1,10,5,2,0,0,200,200,1,200,0,200,200,200,200,200
341218,0,25,0,0,0,3,7,2,0,0,0,0,0,2,200,200,1,200,200,200,200
341228,0,30,0,0,0,1,10,5,0,0,0,18,0,0,200,200,3,200,200,200,200
341228,0,30,0,0,0,1,10,5,0,0,0,18,0,0,23,0,0,0,0,200,200
341235,0,15,0,0,0,1,2,7,0,0,0,16,200,0,23,0,8,0,0,200,200
341240,0,30,1,2,0,1,14,5,0,0,0,17,200,0,75,200,1,200,0,200,200
341240,0,30,1,2,0,1,14,5,0,0,0,17,200,0,36,200,200,200,0,200,200
341247,0,15,2,2,0,1,7,6,0,0,0,200,0,0,63,200,12,0,0,200,200
341254,0,30,0,0,0,1,12,6,0,0,0,17,0,0,26,0,1,0,0,200,200
341254,0,30,0,0,0,1,12,6,0,0,0,17,0,1,27,0,0,0,0,200,200
341255,0,30,0,0,0,1,10,5,0,0,0,200,200,0,200,200,0,200,200,200,200
341255,0,30,0,0,0,1,10,5,0,0,0,200,200,0,44,0,0,0,0,200,200
341255,1,30,0,0,0,1,10,5,0,0,0,200,200,1,200,0,200,200,200,200,200
341255,1,30,0,0,0,1,10,5,0,0,0,200,200,0,200,0,200,200,200,200,200
341256,0,30,0,0,0,1,7,6,0,0,0,27,0,0,49,200,200,0,7,200,200
341257,0,30,0,0,0,1,7,6,0,0,0,0,200,2,200,200,200,200,200,200,200
341258,0,30,1,2,0,1,8,5,0,0,0,16,17,1,54,200,1,6,200,200,200
341258,4,30,1,2,0,1,8,5,0,0,0,16,17,0,200,200,0,200,200,200,200
341258,4,30,1,2,0,1,8,5,0,0,0,16,17,1,9,200,0,200,200,200,200
341259,0,25,1,2,0,1,12,2,0,0,0,0,0,0,200,200,1,200,200,200,200
341259,0,25,1,2,0,1,12,2,0,0,0,0,0,0,49,0,0,0,0,200,200
341260,0,35,1,2,0,1,10,5,0,0,0,16,18,0,62,7,5,0,0,200,200
341260,0,35,1,2,0,1,10,5,0,0,0,16,18,1,42,7,0,0,0,200,200
341269,0,30,2,2,0,1,14,12,0,0,0,0,0,0,19,0,200,0,0,200,200
341269,0,30,2,2,0,1,14,12,0,0,0,0,0,1,37,0,200,0,0,200,200
341272,0,30,200,200,0,1,10,5,0,0,200,0,200,1,200,200,200,200,200,200,200
341272,0,30,200,200,0,1,10,5,0,0,200,0,200,1,27,200,200,200,0,200,200
341277,0,30,0,0,0,1,7,5,0,0,0,200,200,2,200,200,200,200,200,200,200
341281,0,30,200,200,0,1,10,2,0,0,200,20,200,0,200,200,6,200,200,200,200
341281,0,30,200,200,0,1,10,2,0,0,200,20,200,0,0,0,0,200,0,200,200
341281,1,30,200,200,0,1,10,2,0,0,200,20,200,1,32,0,200,200,200,200,200
341282,0,40,0,0,0,1,10,3,0,0,0,18,0,0,20,200,3,0,0,200,200
341282,0,40,0,0,0,1,10,3,0,0,0,18,0,1,69,0,0,0,0,200,200
341282,1,40,0,0,0,1,10,3,0,0,0,18,0,0,200,200,200,200,200,200,200
341284,0,30,200,200,0,1,7,5,0,0,0,0,0,1,24,200,200,200,0,200,200
341285,0,30,1,2,0,1,10,5,0,0,0,18,200,1,200,200,3,200,200,200,200
341285,0,30,1,2,0,1,10,5,0,0,0,18,200,1,18,0,0,0,0,200,200
341285,1,30,1,2,0,1,10,5,0,0,0,18,200,0,20,0,200,200,200,200,200
341292,0,30,0,0,0,1,11,5,0,0,0,0,0,1,200,200,200,200,200,200,200
341292,0,30,0,0,0,1,11,5,0,0,0,0,0,0,34,0,0,0,0,200,200
341295,0,25,0,0,0,1,7,5,0,0,0,22,16,2,200,200,3,200,200,200,200
341297,0,30,0,0,0,1,0,3,0,0,0,17,200,0,20,3,1,0,0,200,200
341297,0,30,0,0,0,1,0,3,0,0,0,17,200,1,31,0,0,0,0,200,200
341297,1,30,0,0,0,1,0,3,0,0,0,17,200,1,200,0,200,200,200,200,200
341298,0,30,1,2,0,1,14,5,0,0,0,23,21,1,200,200,7,0,200,200,200
341298,0,30,1,2,0,1,14,5,0,0,0,23,21,0,0,200,0,0,0,200,200
341299,0,30,0,0,0,1,7,5,0,0,0,200,200,2,200,200,200,200,200,200,200
341302,0,30,0,0,0,1,12,5,0,0,0,22,0,0,23,200,4,0,0,200,200
341302,0,30,0,0,0,1,12,5,0,0,0,22,0,0,28,0,0,0,0,200,200
341302,1,30,0,0,0,1,12,5,0,0,0,22,0,0,22,0,200,200,200,200,200
341307,0,30,1,2,0,1,10,3,0,0,0,18,200,0,61,0,3,0,0,200,200
341307,0,30,1,2,0,1,10,3,0,0,0,18,200,1,18,0,0,0,0,200,200
341308,0,25,0,0,0,1,10,5,0,0,0,0,200,0,200,200,200,200,200,200,200
341308,0,25,0,0,0,1,10,5,0,0,0,0,200,0,23,0,0,0,0,200,200
341310,0,30,1,2,0,1,10,2,0,0,0,17,18,0,25,0,1,0,0,200,200
341310,0,30,1,2,0,1,10,2,0,0,0,17,18,0,47,0,12,0,0,200,200
341311,0,30,0,0,0,1,14,6,0,0,0,200,200,0,59,0,0,0,0,200,200
341311,0,30,0,0,0,1,14,6,0,0,0,200,200,0,54,0,0,0,0,200,200
341319,0,30,0,0,0,1,14,2,0,0,0,11,200,1,34,200,7,200,0,200,200
341319,0,30,0,0,0,1,14,2,0,0,0,11,200,0,24,200,0,0,0,200,200
341319,1,30,0,0,0,1,14,2,0,0,0,11,200,1,22,200,200,200,200,200,200
341321,0,25,1,2,0,2,9,5,0,0,0,0,200,2,200,200,200,200,200,200,200
341321,5,25,1,2,0,2,9,5,0,0,0,0,200,1,20,200,200,200,7,200,200
341331,0,30,0,0,0,1,14,2,0,0,0,0,0,2,200,200,200,200,200,200,200
341331,0,30,0,0,0,1,14,2,0,0,0,0,0,0,59,200,0,0,0,200,200
341332,0,35,0,0,0,1,12,2,0,0,0,0,0,0,200,200,8,200,200,200,200
341332,0,35,0,0,0,1,12,2,0,0,0,0,0,0,29,0,0,0,0,200,200
341332,1,35,0,0,0,1,12,2,0,0,0,0,0,1,10,0,200,200,200,200,200
341333,0,25,0,0,200,200,7,6,0,200,200,0,0,2,200,200,200,200,200,200,200
341340,0,30,1,2,0,1,14,5,0,0,200,0,200,0,29,200,200,200,200,200,200
341340,0,30,1,2,0,1,14,5,0,0,200,0,200,0,25,0,200,200,0,200,200
341340,1,30,1,2,0,1,14,5,0,0,200,0,200,0,200,0,200,200,200,200,200
341342,0,30,0,3,0,1,14,2,0,0,0,25,25,0,200,200,8,200,200,200,200
341342,0,30,0,3,0,1,14,2,0,0,0,25,25,0,44,0,0,0,0,200,200
341342,1,30,0,3,0,1,14,2,0,0,0,25,25,1,36,0,200,200,200,200,200
341342,1,30,0,3,0,1,14,2,0,0,0,25,25,0,4,5,200,200,200,200,200
341342,1,30,0,3,0,1,14,2,0,0,0,25,25,200,12,0,200,200,200,200,200
341342,1,30,0,3,0,1,14,2,0,0,0,25,25,0,11,0,200,200,200,200,200
341349,0,30,0,0,0,4,14,5,0,0,0,23,200,1,24,0,7,0,0,200,200
341349,0,30,0,0,0,4,14,5,0,0,0,23,200,0,26,0,0,0,0,200,200
341349,1,30,0,0,0,4,14,5,0,0,0,23,200,1,21,0,200,200,200,200,200
341356,0,30,1,2,0,3,10,5,0,0,0,11,0,0,200,200,8,200,200,200,200
341356,0,30,1,2,0,3,10,5,0,0,0,11,0,1,21,0,0,0,0,200,200
341356,0,30,1,2,0,3,10,5,0,0,0,11,0,0,58,0,0,0,0,200,200
341356,1,30,1,2,0,3,10,5,0,0,0,11,0,1,13,0,200,200,200,200,200
341356,1,30,1,2,0,3,10,5,0,0,0,11,0,1,11,0,200,200,200,200,200
341356,1,30,1,2,0,3,10,5,0,0,0,11,0,0,8,0,200,200,200,200,200
341356,1,30,1,2,0,3,10,5,0,0,0,11,0,1,7,0,200,200,200,200,200
341356,1,30,1,2,0,3,10,5,0,0,0,11,0,1,44,0,200,200,200,200,200
341356,1,30,1,2,0,3,10,5,0,0,0,11,0,1,8,0,200,200,200,200,200
341357,0,30,1,2,0,3,12,2,0,0,0,21,200,0,29,0,12,0,0,200,200
341357,0,30,1,2,0,3,12,2,0,0,0,21,200,0,31,0,0,0,0,200,200
341367,0,30,1,2,0,1,10,1,0,0,0,18,32,0,66,0,3,0,0,200,200
341367,0,30,1,2,0,1,10,1,0,0,0,18,32,1,31,0,0,0,0,200,200
341369,0,30,0,0,0,4,12,5,0,0,0,22,16,0,38,0,2,0,0,200,200
341369,0,30,0,0,0,4,12,5,0,0,0,22,16,0,31,0,0,0,0,200,200
341372,0,10,0,0,0,4,7,7,2,0,200,0,0,2,200,200,200,200,200,200,200
341376,0,30,1,2,0,3,12,6,0,0,0,23,0,1,25,200,7,200,200,200,200
341376,0,30,1,2,0,3,12,6,0,0,0,23,0,0,0,0,0,0,0,200,200
341376,1,30,1,2,0,3,12,6,0,0,0,23,0,0,39,0,200,200,200,200,200
341381,0,30,0,0,0,1,12,5,0,0,0,0,0,2,200,200,200,200,200,200,200
341381,0,30,0,0,0,1,12,5,0,0,0,0,0,1,24,0,0,0,0,200,200
341383,0,30,0,0,0,0,10,2,0,0,0,0,0,2,200,200,200,200,200,200,200
341383,0,30,0,0,0,0,10,2,0,0,0,0,0,1,55,0,200,0,0,200,200
341383,1,30,0,0,0,0,10,2,0,0,0,0,0,1,200,0,200,200,200,200,200
341383,1,30,0,0,0,0,10,2,0,0,0,0,0,0,36,0,200,200,200,200,200
341386,0,30,0,200,200,200,7,5,0,200,0,0,0,2,200,200,200,200,200,200,200
341387,0,30,0,0,0,1,10,5,0,0,0,0,0,0,25,0,0,0,0,200,200
341387,0,30,0,0,0,1,10,5,0,0,0,0,0,1,35,0,0,0,0,200,200
341387,1,30,0,0,0,1,10,5,0,0,0,0,0,1,35,0,200,200,200,200,200
341387,1,30,0,0,0,1,10,5,0,0,0,0,0,0,41,0,200,200,200,200,200
341387,1,30,0,0,0,1,10,5,0,0,0,0,0,1,3,5,200,200,200,200,200
341387,1,30,0,0,0,1,10,5,0,0,0,0,0,0,6,0,200,200,200,200,200
341387,1,30,0,0,0,1,10,5,0,0,0,0,0,0,8,0,200,200,200,200,200
341387,1,30,0,0,0,1,10,5,0,0,0,0,0,1,10,0,200,200,200,200,200