RD_NO,PERSON_TYPE,POSTED_SPEED_LIMIT,TRAFFIC_CONTROL_DEVICE,DEVICE_CONDITION,WEATHER_CONDITION,LIGHTING_CONDITION,FIRST_CRASH_TYPE,TRAFFICWAY_TYPE,ALIGNMENT,ROADWAY_SURFACE_COND,ROAD_DEFECT,PRIM_CONTRIBUTORY_CAUSE,SEC_CONTRIBUTORY_CAUSE,SEX,AGE,SAFETY_EQUIPMENT,DRIVER_ACTION,DRIVER_VISION,PHYSICAL_CONDITION,BAC_RESULT VALUE,CELL_PHONE_USE
341389,0,30,0,0,0,3,14,5,0,0,200,17,25,0,200,200,1,200,200,200,200
341389,0,30,0,0,0,3,14,5,0,0,200,17,25,0,33,7,0,0,0,200,200
341393,0,30,0,0,200,3,7,5,0,0,0,0,200,2,200,200,200,200,200,200,200
341394,0,25,2,2,0,0,0,5,0,0,0,17,200,0,26,200,1,0,0,200,200
341394,0,25,2,2,0,0,0,5,0,0,0,17,200,1,20,200,0,0,0,200,200
341394,1,25,2,2,0,0,0,5,0,0,0,17,200,1,33,200,200,200,200,200,200
341394,1,25,2,2,0,0,0,5,0,0,0,17,200,1,2,200,200,200,200,200,200
341394,1,25,2,2,0,0,0,5,0,0,0,17,200,1,200,200,200,200,200,200,200
341396,0,35,0,200,0,3,12,2,0,0,0,14,15,0,35,0,8,0,0,200,200
341396,0,35,0,200,0,3,12,2,0,0,0,14,15,1,21,0,0,0,0,200,200
341396,1,35,0,200,0,3,12,2,0,0,0,14,15,0,6,0,200,200,200,200,200
341396,1,35,0,200,0,3,12,2,0,0,0,14,15,0,3,0,200,200,200,200,200
341397,0,30,0,0,0,1,0,0,0,0,0,16,0,0,65,0,12,200,200,200,200
341397,0,30,0,0,0,1,0,0,0,0,0,16,0,1,22,0,12,200,0,200,200
341398,0,15,0,0,0,3,7,5,0,0,0,27,0,1,33,0,6,0,12,200,200
341410,0,30,0,0,0,3,12,7,0,0,0,0,0,0,25,0,200,0,0,200,200
341410,0,30,0,0,0,3,12,7,0,0,0,0,0,1,46,0,0,0,0,200,200
341414,0,30,0,0,0,200,7,6,0,0,0,0,0,2,200,200,200,200,200,200,200
341417,0,30,2,2,0,1,14,2,0,0,0,17,0,1,30,200,1,200,0,200,200
341417,0,30,2,2,0,1,14,2,0,0,0,17,0,0,23,0,0,0,0,200,200
341417,1,30,2,2,0,1,14,2,0,0,0,17,0,1,200,200,200,200,200,200,200
341427,0,30,1,2,0,3,14,5,0,0,0,16,11,0,85,200,200,200,200,200,200
341427,0,30,1,2,0,3,14,5,0,0,0,16,11,0,25,0,0,0,0,200,200
341427,1,30,1,2,0,3,14,5,0,0,0,16,11,1,79,0,200,200,200,200,200
341427,1,30,1,2,0,3,14,5,0,0,0,16,11,0,74,200,200,200,200,200,200
341428,0,30,200,200,0,2,10,5,0,0,200,200,0,2,200,200,200,200,200,200,200
341428,0,30,200,200,0,2,10,5,0,0,200,200,0,0,35,0,0,200,0,200,200
341428,1,30,200,200,0,2,10,5,0,0,200,200,0,1,200,0,200,200,200,200,200
341446,0,30,2,2,0,3,10,6,0,0,0,16,200,0,38,0,12,0,0,200,200
341446,0,30,2,2,0,3,10,6,0,0,0,16,200,1,35,0,0,0,0,200,200
341467,0,30,0,0,0,3,11,5,0,0,0,16,200,1,30,7,8,0,0,200,200
341467,0,30,0,0,0,3,11,5,0,0,0,16,200,1,32,200,0,0,0,200,200
341481,0,30,200,200,0,200,2,200,0,0,200,200,0,1,43,200,200,200,200,200,200
341484,1,30,12,12,0,1,12,6,0,0,0,200,7,1,28,200,200,200,200,200,200
341484,0,30,12,12,0,1,12,6,0,0,0,200,7,0,47,200,0,200,0,200,200
341484,0,30,12,12,0,1,12,6,0,0,0,200,7,1,24,200,0,200,0,200,200
341484,1,30,12,12,0,1,12,6,0,0,0,200,7,1,24,200,200,200,200,200,200
341495,0,25,2,0,0,3,0,5,0,0,0,200,200,0,46,200,200,0,0,200,200
341495,0,25,2,0,0,3,0,5,0,0,0,200,200,1,27,200,200,0,0,200,200
341495,1,25,2,0,0,3,0,5,0,0,0,200,200,0,26,200,200,200,200,200,200
341495,1,25,2,0,0,3,0,5,0,0,0,200,200,0,26,200,200,200,200,200,200
341495,1,25,2,0,0,3,0,5,0,0,0,200,200,1,4,200,200,200,200,200,200
341506,0,30,1,2,0,3,10,1,0,0,0,6,18,2,200,200,5,200,200,200,200
341506,0,30,1,2,0,3,10,1,0,0,0,6,18,0,27,0,3,0,0,200,200
341506,0,30,1,2,0,3,10,1,0,0,0,6,18,0,44,0,0,0,0,200,200
341509,0,35,1,2,0,0,10,5,0,0,0,0,0,1,29,0,12,0,0,200,200
341509,0,35,1,2,0,0,10,5,0,0,0,0,0,0,200,200,12,200,200,200,200
341509,1,35,1,2,0,0,10,5,0,0,0,0,0,0,200,0,200,200,200,200,200
341509,1,35,1,2,0,0,10,5,0,0,0,0,0,1,200,0,200,200,200,200,200
341511,0,30,2,2,0,3,0,5,0,0,0,5,200,1,200,200,5,200,200,200,200
341511,0,30,2,2,0,3,0,5,0,0,0,5,200,0,23,200,0,200,0,200,200
341517,0,30,1,2,0,3,10,5,0,0,0,20,200,1,200,200,6,0,0,200,200
341517,0,30,1,2,0,3,10,5,0,0,0,20,200,0,69,200,0,0,0,200,200
341520,0,30,1,2,0,1,10,2,0,0,0,16,0,2,200,200,1,200,200,200,200
341520,0,30,1,2,0,1,10,2,0,0,0,16,0,1,50,0,0,0,0,200,200
341533,0,30,0,0,0,0,12,5,0,0,200,17,0,2,200,200,1,200,200,200,200
341533,0,30,0,0,0,0,12,5,0,0,200,17,0,0,44,0,0,0,0,200,200
341535,0,30,1,2,0,3,10,5,0,0,0,18,27,1,25,0,12,0,2,200,200
341535,0,30,1,2,0,3,10,5,0,0,0,18,27,0,28,0,0,0,0,200,200
341549,0,30,1,2,0,3,14,5,0,0,0,0,0,0,200,200,7,200,200,200,200
341549,0,30,1,2,0,3,14,5,0,0,0,0,0,0,26,1,0,0,0,200,200
341553,0,30,0,0,0,3,10,6,0,0,0,16,200,0,200,200,200,200,200,200,200
341553,0,30,0,0,0,3,10,6,0,0,0,16,200,0,24,0,0,0,0,200,200
341553,1,30,0,0,0,3,10,6,0,0,0,16,200,1,200,200,200,200,200,200,200
341556,0,10,0,0,0,3,10,0,0,0,3,20,200,0,57,0,0,0,0,200,200
341556,0,10,0,0,0,3,10,0,0,0,3,20,200,1,32,0,6,200,0,200,200
341557,0,30,1,2,0,3,10,1,0,0,0,0,0,0,200,200,200,200,200,200,200
341557,0,30,1,2,0,3,10,1,0,0,0,0,0,0,42,200,200,0,0,200,200
341576,0,30,0,0,0,3,12,2,0,0,0,21,200,2,200,200,200,200,200,200,200
341576,0,30,0,0,0,3,12,2,0,0,0,21,200,0,28,0,0,0,0,200,200
341584,0,30,2,12,0,3,14,5,0,0,0,0,200,1,61,0,12,0,0,200,200
341584,0,30,2,12,0,3,14,5,0,0,0,0,200,1,31,0,12,200,1,200,200
341584,1,30,2,12,0,3,14,5,0,0,0,0,200,0,54,0,200,200,200,200,200
341588,0,10,0,0,0,0,7,7,0,0,0,20,0,0,200,200,6,200,200,200,200
341588,1,10,0,0,0,0,7,7,0,0,0,20,0,1,36,200,200,200,200,200,200
341590,0,30,0,0,0,3,10,12,0,0,0,25,18,0,200,200,12,200,200,200,200
341590,0,30,0,0,0,3,10,12,0,0,0,25,18,0,51,0,0,0,0,200,200
341590,1,30,0,0,0,3,10,12,0,0,0,25,18,0,200,200,200,200,200,200,200
341609,0,30,0,0,0,0,3,5,0,0,0,0,0,0,41,200,10,0,0,200,200
341609,0,30,0,0,0,0,3,5,0,0,0,0,0,1,21,200,12,12,200,200,200
341609,1,30,0,0,0,0,3,5,0,0,0,0,0,1,20,200,200,200,200,200,200
341610,0,30,1,2,0,3,14,3,0,0,0,0,0,0,200,200,4,200,200,200,200
341610,0,30,1,2,0,3,14,3,0,0,0,0,0,1,23,0,0,0,0,200,200
341610,1,30,1,2,0,3,14,3,0,0,0,0,0,0,24,0,200,200,200,200,200
341655,0,30,1,2,0,3,10,5,0,0,0,0,200,0,62,200,3,200,200,200,200
341655,0,30,1,2,0,3,10,5,0,0,0,0,200,0,32,0,0,200,0,200,200
341662,0,30,1,2,0,2,14,2,0,0,0,6,200,0,200,200,5,200,200,200,200
341662,0,30,1,2,0,2,14,2,0,0,0,6,200,0,64,0,0,0,0,200,200
341662,0,30,1,2,0,2,14,2,0,0,0,6,200,0,33,200,0,0,0,200,200
341662,1,30,1,2,0,2,14,2,0,0,0,6,200,0,25,200,200,200,200,200,200
341662,1,30,1,2,0,2,14,2,0,0,0,6,200,0,35,200,200,200,200,200,200
341662,1,30,1,2,0,2,14,2,0,0,0,6,200,0,25,200,200,200,200,200,200
341662,1,30,1,2,0,2,14,2,0,0,0,6,200,200,200,7,200,200,200,200,200
341662,1,30,1,2,0,2,14,2,0,0,0,6,200,0,200,7,200,200,200,200,200
341662,1,30,1,2,0,2,14,2,0,0,0,6,200,0,51,7,200,200,200,200,200
341662,1,30,1,2,0,2,14,2,0,0,0,6,200,0,34,7,200,200,200,200,200
341662,1,30,1,2,0,2,14,2,0,0,0,6,200,0,53,7,200,200,200,200,200
341662,1,30,1,2,0,2,14,2,0,0,0,6,200,1,30,7,200,200,200,200,200
341662,1,30,1,2,0,2,14,2,0,0,0,6,200,0,58,7,200,200,200,200,200
341671,0,30,1,2,0,1,0,2,0,0,0,6,0,0,34,200,5,200,200,200,200
341671,0,30,1,2,0,1,0,2,0,0,0,6,0,0,52,0,0,0,0,200,200
341671,1,30,1,2,0,1,0,2,0,0,0,6,0,0,31,200,200,200,200,200,200
341679,0,30,0,0,0,4,2,5,0,0,0,200,200,0,200,200,200,200,200,200,200
341701,0,30,0,0,0,3,7,6,0,0,0,0,0,0,33,200,200,200,200,200,200
341709,0,30,0,0,0,1,14,1,0,0,0,200,17,0,50,200,12,1,0,200,200
341709,0,30,0,0,0,1,14,1,0,0,0,200,17,0,32,200,0,0,0,200,200
341712,0,30,0,0,0,1,10,5,0,0,0,0,0,0,43,200,0,0,0,200,200
341712,0,30,0,0,0,1,10,5,0,0,0,0,0,0,200,1,0,0,0,200,200
341712,1,30,0,0,0,1,10,5,0,0,0,0,0,0,34,200,200,200,200,200,200
341717,0,30,0,0,0,1,10,5,0,0,0,18,18,0,56,0,1,0,0,200,200
341717,0,30,0,0,0,1,10,5,0,0,0,18,18,0,65,0,0,0,0,200,200
341725,0,35,1,2,0,1,10,5,0,0,0,0,0,0,46,0,0,0,0,200,200
341725,0,35,1,2,0,1,10,5,0,0,0,0,0,1,39,0,0,0,0,200,200
341728,0,30,0,0,0,1,12,2,0,0,0,22,16,1,40,0,4,0,0,200,200
341728,0,30,0,0,0,1,12,2,0,0,0,22,16,1,36,0,0,0,0,200,200
341730,0,30,0,0,0,1,12,2,0,0,0,22,0,0,19,0,2,0,0,200,200
341730,0,30,0,0,0,1,12,2,0,0,0,22,0,0,34,0,0,0,0,200,200
341740,0,30,2,2,0,1,10,5,0,0,0,18,16,0,25,0,3,0,0,200,200
341740,0,30,2,2,0,1,10,5,0,0,0,18,16,0,45,0,0,0,0,200,200
341740,0,30,2,2,0,1,10,5,0,0,0,18,16,1,43,0,0,0,0,200,200
341741,0,30,1,2,0,1,12,2,0,0,0,17,17,0,200,200,1,200,200,200,200
341741,0,30,1,2,0,1,12,2,0,0,0,17,17,0,34,200,0,0,0,200,200
341746,0,30,1,1,0,1,14,2,0,0,1,17,200,1,55,0,1,0,0,200,200
341746,0,30,1,1,0,1,14,2,0,0,1,17,200,0,24,0,8,0,0,200,200
341748,0,30,0,0,0,1,12,5,0,0,12,0,200,2,200,200,2,200,200,200,200
341748,0,30,0,0,0,1,12,5,0,0,12,0,200,1,55,0,0,0,0,200,200
341757,4,30,0,0,0,1,8,5,0,0,0,200,200,0,18,7,12,0,0,200,200
341758,0,30,1,2,0,2,9,5,0,0,200,0,200,1,200,200,200,200,200,200,200
341758,5,30,1,2,0,2,9,5,0,0,200,0,200,0,52,7,200,200,0,200,200
341761,0,30,1,2,0,1,10,5,0,0,200,18,200,1,50,0,3,200,200,200,200
341761,0,30,1,2,0,1,10,5,0,0,200,18,200,0,200,200,0,200,200,200,200
341762,0,30,1,200,200,200,12,5,0,200,200,16,0,0,34,200,12,200,200,200,200
341762,0,30,1,200,200,200,12,5,0,200,200,16,0,0,65,200,12,200,200,200,200
341763,0,30,0,0,0,1,10,2,0,0,0,0,0,1,24,0,200,0,0,200,200
341763,0,30,0,0,0,1,10,2,0,0,0,0,0,0,200,200,200,200,200,200,200
341764,0,30,0,0,0,1,12,6,0,0,0,200,200,0,29,0,12,0,0,200,200
341764,0,30,0,0,0,1,12,6,0,0,0,200,200,0,50,0,0,0,0,200,200
341766,0,30,1,2,0,1,9,5,0,0,0,0,0,0,22,200,200,0,0,200,200
341766,5,30,1,2,0,1,9,5,0,0,0,0,0,0,28,7,0,0,7,200,200
341767,0,15,0,0,0,1,7,5,0,0,0,0,0,2,200,200,200,200,200,200,200
341770,0,30,0,0,200,200,12,5,0,200,0,0,0,0,46,200,200,200,200,200,200
341770,0,30,0,0,200,200,12,5,0,200,0,0,0,1,200,200,200,200,200,200,200
341773,0,35,0,0,0,1,12,5,0,0,0,0,0,1,25,0,1,0,0,200,200
341773,0,35,0,0,0,1,12,5,0,0,0,0,0,0,76,0,1,0,0,200,200
341779,0,30,1,2,0,1,10,5,0,0,0,18,18,0,65,0,200,0,0,200,200
341779,0,30,1,2,0,1,10,5,0,0,0,18,18,1,34,0,0,0,0,200,200
341779,1,30,1,2,0,1,10,5,0,0,0,18,18,1,200,0,200,200,200,200,200
341780,0,30,0,0,0,1,10,2,0,0,0,18,11,0,18,0,3,0,0,200,200
341780,0,30,0,0,0,1,10,2,0,0,0,18,11,0,0,7,0,0,0,200,200
341783,0,30,1,1,0,1,10,2,0,0,0,7,200,0,47,200,3,0,0,200,200
341783,0,30,1,1,0,1,10,2,0,0,0,7,200,1,41,0,0,0,0,200,200
341785,0,30,0,0,0,1,10,2,0,0,0,0,0,0,41,0,200,200,0,200,200
341785,0,30,0,0,0,1,10,2,0,0,0,0,0,0,37,0,0,0,0,200,200
341793,0,30,0,0,0,1,12,5,0,0,0,11,200,0,54,0,2,0,0,200,200
341793,0,30,0,0,0,1,12,5,0,0,0,11,200,1,53,0,0,0,0,200,200
341793,1,30,0,0,0,1,12,5,0,0,0,11,200,1,20,0,200,200,200,200,200
341793,1,30,0,0,0,1,12,5,0,0,0,11,200,1,0,5,200,200,200,200,200
341800,0,30,1,2,0,1,8,5,2,0,0,0,0,2,200,200,200,200,200,200,200
341800,4,30,1,2,0,1,8,5,2,0,0,0,0,0,22,2,3,0,0,200,200
341807,0,30,0,0,0,1,12,5,0,0,0,22,200,0,25,200,2,0,0,200,200
341807,0,30,0,0,0,1,12,5,0,0,0,22,200,0,30,200,0,0,0,200,200
341810,0,30,1,2,0,1,10,2,0,0,0,6,16,0,45,0,5,12,0,200,200
341810,0,30,1,2,0,1,10,2,0,0,0,6,16,1,57,0,0,0,0,200,200
341810,1,30,1,2,0,1,10,2,0,0,0,6,16,0,23,0,200,200,200,200,200
341815,0,30,1,2,0,1,10,2,0,0,0,18,20,0,61,0,3,0,0,200,200
341815,0,30,1,2,0,1,10,2,0,0,0,18,20,1,37,0,0,0,0,200,200
341819,0,30,0,0,0,1,12,6,0,0,0,11,0,1,55,200,1,200,200,200,200
341819,0,30,0,0,0,1,12,6,0,0,0,11,0,0,39,0,0,0,0,200,200
341821,0,30,0,0,0,1,7,5,0,0,0,28,28,0,59,0,2,0,0,200,200
341823,0,30,2,2,0,1,0,5,0,0,0,17,17,1,57,0,1,0,0,200,200
341823,0,30,2,2,0,1,0,5,0,0,0,17,17,1,32,0,0,0,0,200,200
341828,0,30,1,2,0,1,12,2,0,0,0,22,200,0,40,200,1,0,0,200,200
341828,0,30,1,2,0,1,12,2,0,0,0,22,200,0,32,0,0,0,0,200,200
341828,1,30,1,2,0,1,12,2,0,0,0,22,200,0,1,5,200,200,200,200,200
341828,1,30,1,2,0,1,12,2,0,0,0,22,200,1,32,0,200,200,200,200,200
341832,0,30,2,2,0,1,14,5,0,0,0,0,0,1,29,200,200,200,200,200,200
341832,0,30,2,2,0,1,14,5,0,0,0,0,0,1,34,200,200,200,200,200,200
341836,0,30,0,0,0,1,8,5,0,0,0,0,0,0,39,0,12,0,0,200,200
341836,4,30,0,0,0,1,8,5,0,0,0,0,0,1,12,7,1,0,0,200,200
341837,0,30,2,2,0,1,14,5,0,0,0,5,200,0,200,200,5,200,200,200,200
341837,0,30,2,2,0,1,14,5,0,0,0,5,200,1,30,0,0,0,0,200,200
341839,0,10,0,0,0,3,7,7,0,0,0,0,0,0,200,200,200,200,200,200,200
341841,0,35,0,0,0,1,12,2,0,0,0,17,200,0,26,0,4,0,0,200,200
341841,0,35,0,0,0,1,12,2,0,0,0,17,200,0,18,0,0,0,0,200,200
341842,0,30,1,2,0,1,14,5,0,0,0,23,200,1,47,0,0,0,0,200,200
341842,0,30,1,2,0,1,14,5,0,0,0,23,200,2,200,200,7,200,200,200,200
341844,0,30,0,0,0,1,7,7,0,0,0,200,200,1,200,200,10,200,200,200,200
341848,0,30,2,2,0,1,14,2,0,0,0,0,0,0,54,0,200,0,0,200,200
341848,0,30,2,2,0,1,14,2,0,0,0,0,0,1,49,0,200,0,0,200,200
341848,1,30,2,2,0,1,14,2,0,0,0,0,0,1,70,0,200,200,200,200,200
341853,0,30,0,0,0,1,12,5,0,0,0,21,22,0,21,200,2,0,0,200,200
341853,0,30,0,0,0,1,12,5,0,0,0,21,22,0,42,200,0,0,0,200,200
341854,0,25,2,2,0,1,0,5,0,0,0,17,0,0,39,200,12,200,0,200,200
341854,0,25,2,2,0,1,0,5,0,0,0,17,0,1,22,200,200,0,0,200,200
341867,0,40,3,5,0,1,12,3,5,0,0,0,0,0,22,0,200,0,0,200,200
341867,0,40,3,5,0,1,12,3,5,0,0,0,0,0,41,0,12,0,0,200,200
341869,0,30,1,2,0,1,14,2,0,0,0,17,23,1,27,0,1,0,0,200,200
341869,0,30,1,2,0,1,14,2,0,0,0,17,23,1,53,0,0,0,0,200,200
341871,0,25,0,0,0,1,12,5,0,0,0,200,200,0,56,200,12,200,0,200,200
341871,0,25,0,0,0,1,12,5,0,0,0,200,200,1,55,200,0,0,0,200,200
341878,0,15,200,200,200,200,7,7,0,200,200,11,200,1,19,200,10,200,200,200,200
341878,1,15,200,200,200,200,7,7,0,200,200,11,200,1,13,0,200,200,200,200,200
341878,1,15,200,200,200,200,7,7,0,200,200,11,200,0,0,5,200,200,200,200,200
341881,0,30,1,2,0,1,12,6,0,0,0,23,200,1,29,200,7,200,200,200,200
341881,0,30,1,2,0,1,12,6,0,0,0,23,200,0,54,0,0,0,0,200,200
341882,0,30,1,2,0,1,0,12,0,0,0,12,200,0,81,200,12,0,0,200,200
341882,0,30,1,2,0,1,0,12,0,0,0,12,200,0,43,200,0,0,0,200,200
341892,0,30,0,0,0,1,7,3,0,0,0,0,0,1,49,0,12,0,0,200,200
341898,0,25,0,0,0,200,7,5,0,0,0,0,200,2,200,200,200,200,200,200,200
341904,0,25,1,2,0,1,10,2,0,0,0,18,0,0,28,200,3,0,0,200,200
341904,0,25,1,2,0,1,10,2,0,0,0,18,0,0,32,200,200,0,0,200,200
341904,1,25,1,2,0,1,10,2,0,0,0,18,0,1,33,200,200,200,200,200,200
341904,1,25,1,2,0,1,10,2,0,0,0,18,0,1,8,200,200,200,200,200,200
341904,1,25,1,2,0,1,10,2,0,0,0,18,0,0,6,200,200,200,200,200,200
341917,0,20,2,2,0,200,7,5,0,0,0,21,200,2,200,200,200,200,200,200,200
341920,0,30,0,0,0,1,7,5,0,0,0,20,20,0,200,200,6,200,200,200,200
341926,0,30,0,0,0,1,14,2,0,0,0,20,200,0,200,200,6,200,200,200,200
341926,0,30,0,0,0,1,14,2,0,0,0,20,200,1,43,0,7,0,0,200,200
341926,1,30,0,0,0,1,14,2,0,0,0,20,200,1,200,0,200,200,200,200,200
341926,1,30,0,0,0,1,14,2,0,0,0,20,200,0,33,0,200,200,200,200,200
341926,1,30,0,0,0,1,14,2,0,0,0,20,200,1,200,0,200,200,200,200,200
341928,0,30,2,0,0,1,14,2,0,0,0,17,200,0,28,200,1,0,0,200,200
341928,0,30,2,0,0,1,14,2,0,0,0,17,200,1,38,200,0,0,0,200,200
341929,0,30,0,0,0,3,7,6,0,0,0,0,1,2,200,200,200,200,200,200,200
341933,0,30,0,0,0,1,14,5,0,0,0,17,17,0,45,0,1,0,0,200,200
341933,0,30,0,0,0,1,14,5,0,0,0,17,17,1,54,0,0,0,0,200,200
341936,0,30,1,2,0,1,9,2,0,0,0,17,200,0,77,0,1,200,0,200,200
341936,5,30,1,2,0,1,9,2,0,0,0,17,200,0,57,7,0,0,0,200,200
341936,1,30,1,2,0,1,9,2,0,0,0,17,200,1,81,0,200,200,200,200,200
341948,0,30,0,0,0,1,7,5,0,0,0,17,200,0,200,200,4,0,0,200,200
341948,1,30,0,0,0,1,7,5,0,0,0,17,200,0,57,0,200,200,200,200,200
341953,0,30,1,1,0,1,12,6,0,0,0,22,200,2,200,200,2,200,200,200,200
341953,0,30,1,1,0,1,12,6,0,0,0,22,200,1,47,0,0,0,0,200,200
341958,0,30,0,0,0,3,12,6,0,0,0,17,200,0,200,200,1,0,0,200,200
341958,0,30,0,0,0,3,12,6,0,0,0,17,200,0,33,0,0,0,0,200,200
341960,0,25,1,2,0,1,12,5,0,0,0,21,0,0,200,200,1,200,200,200,200
341960,0,25,1,2,0,1,12,5,0,0,0,21,0,1,48,0,0,12,0,200,200
341961,0,30,0,0,0,1,0,5,0,0,0,0,0,1,56,200,0,0,0,200,200
341961,0,30,0,0,0,1,0,5,0,0,0,0,0,1,29,0,0,0,0,200,200
341970,0,25,1,2,0,1,14,5,0,0,0,23,200,2,200,200,7,200,200,200,200
341970,0,25,1,2,0,1,14,5,0,0,0,23,200,1,72,0,0,0,0,200,200
341971,0,30,0,0,0,1,10,5,0,0,0,20,20,0,200,200,6,200,200,200,200
341971,0,30,0,0,0,1,10,5,0,0,0,20,20,1,200,0,0,0,0,200,200
341971,1,30,0,0,0,1,10,5,0,0,0,20,20,1,16,0,200,200,200,200,200
341971,1,30,0,0,0,1,10,5,0,0,0,20,20,1,1,0,200,200,200,200,200
341971,1,30,0,0,0,1,10,5,0,0,0,20,20,1,3,0,200,200,200,200,200
341971,1,30,0,0,0,1,10,5,0,0,0,20,20,1,1,0,200,200,200,200,200
341973,0,30,0,0,0,1,12,2,0,0,0,0,0,2,200,200,200,200,200,200,200
341973,1,30,0,0,0,1,12,2,0,0,0,0,0,1,200,0,200,200,200,200,200
341973,1,30,0,0,0,1,12,2,0,0,0,0,0,1,200,7,200,200,200,200,200
341980,0,30,0,0,0,1,12,5,0,0,0,0,0,1,200,200,200,200,200,200,200
341980,0,30,0,0,0,1,12,5,0,0,0,0,0,1,66,0,0,0,0,200,200
341983,0,20,0,2,0,1,2,6,0,0,0,20,11,0,37,7,6,0,0,200,200
341986,0,30,0,0,200,1,7,5,0,0,0,0,200,0,200,200,200,200,200,200,200
341987,0,30,2,2,0,1,10,2,0,0,0,0,0,0,66,200,6,200,200,200,200
341987,0,30,2,2,0,1,10,2,0,0,0,0,0,0,74,200,0,0,200,200,200
341989,0,30,0,0,0,1,10,5,0,1,0,18,200,1,23,0,3,0,0,200,200
341989,0,30,0,0,0,1,10,5,0,1,0,18,200,1,24,0,0,0,0,200,200
341989,0,30,0,0,0,1,10,5,0,1,0,18,200,2,200,200,0,200,200,200,200
341989,1,30,0,0,0,1,10,5,0,1,0,18,200,1,31,0,200,200,200,200,200
341989,1,30,0,0,0,1,10,5,0,1,0,18,200,0,7,0,200,200,200,200,200
341989,1,30,0,0,0,1,10,5,0,1,0,18,200,0,2,0,200,200,200,200,200
341990,0,5,0,0,200,1,7,7,0,0,0,0,0,0,49,0,200,200,0,200,200
341992,0,30,0,0,0,1,14,5,0,0,0,17,200,0,19,0,0,0,0,200,200
341992,0,30,0,0,0,1,14,5,0,0,0,17,200,0,89,0,1,0,0,200,200
341993,0,30,0,0,0,1,7,5,0,0,0,0,0,2,200,200,200,200,200,200,200
342010,0,0,0,0,0,1,14,5,0,0,0,23,11,0,18,0,7,0,0,200,200
342010,0,0,0,0,0,1,14,5,0,0,0,23,11,1,62,0,0,0,0,200,200
342014,0,30,1,2,0,1,0,6,0,0,0,0,200,1,44,0,5,0,0,200,200
342014,0,30,1,2,0,1,0,6,0,0,0,0,200,0,28,0,0,0,0,200,200
342014,1,30,1,2,0,1,0,6,0,0,0,0,200,1,27,0,200,200,200,200,200
342014,1,30,1,2,0,1,0,6,0,0,0,0,200,0,9,5,200,200,200,200,200
342014,1,30,1,2,0,1,0,6,0,0,0,0,200,1,5,5,200,200,200,200,200
342018,0,30,2,2,0,1,12,5,0,0,12,0,200,1,56,0,12,12,0,200,200
342018,0,30,2,2,0,1,12,5,0,0,12,0,200,0,58,0,0,0,0,200,200
342020,0,30,0,0,0,1,10,5,0,0,0,20,200,0,22,0,6,0,0,200,200
342020,0,30,0,0,0,1,10,5,0,0,0,20,200,0,43,0,0,0,0,200,200
342033,0,30,1,2,0,1,10,5,0,0,0,18,0,0,21,0,3,200,0,200,200
342033,0,30,1,2,0,1,10,5,0,0,0,18,0,1,45,0,0,0,0,200,200
342035,0,30,0,200,2,0,12,3,0,1,200,15,34,2,200,200,8,200,200,200,200
342035,0,30,0,200,2,0,12,3,0,1,200,15,34,1,68,0,0,4,0,200,200
342045,0,25,0,0,0,1,7,6,0,0,0,11,7,0,36,0,6,200,0,200,200
342053,0,30,1,200,0,1,10,5,0,0,0,16,0,0,44,200,12,200,0,200,200
342053,0,30,1,200,0,1,10,5,0,0,0,16,0,0,73,200,200,200,0,200,200
342053,0,30,1,200,0,1,10,5,0,0,0,16,0,1,58,200,200,200,0,200,200
342053,1,30,1,200,0,1,10,5,0,0,0,16,0,0,200,200,200,200,200,200,200
342054,0,30,0,0,0,200,7,5,0,0,0,0,200,2,200,200,200,200,200,200,200
342055,0,25,1,2,0,1,0,12,0,0,0,0,200,0,61,0,12,0,0,200,200
342055,0,25,1,2,0,1,0,12,0,0,0,0,200,0,81,0,12,0,0,200,200
342055,1,25,1,2,0,1,0,12,0,0,0,0,200,1,77,0,200,200,200,200,200
342058,0,0,0,0,0,1,14,2,0,0,0,17,200,0,28,200,7,0,0,200,200
342058,0,0,0,0,0,1,14,2,0,0,0,17,200,0,32,200,0,200,0,200,200
342058,1,0,0,0,0,1,14,2,0,0,0,17,200,1,21,200,200,200,200,200,200
342058,1,0,0,0,0,1,14,2,0,0,0,17,200,1,47,200,200,200,200,200,200
342067,0,0,1,2,0,1,10,3,0,0,0,0,200,0,31,0,3,0,0,200,200
342067,0,0,1,2,0,1,10,3,0,0,0,0,200,0,62,0,0,0,0,200,200
342068,0,30,0,0,0,4,11,6,0,0,0,20,20,0,19,0,6,0,0,200,200
342068,0,30,0,0,0,4,11,6,0,0,0,20,20,1,46,0,0,0,0,200,200
342069,0,0,1,2,0,1,12,5,0,0,0,22,11,0,200,200,4,200,200,200,200
342069,0,0,1,2,0,1,12,5,0,0,0,22,11,1,47,0,0,0,0,200,200
342071,0,30,200,200,0,1,7,5,0,0,200,0,200,2,200,200,200,200,200,200,200
342076,0,30,0,0,0,1,14,5,0,0,200,0,0,0,200,200,1,200,200,200,200
342076,0,30,0,0,0,1,14,5,0,0,200,0,0,0,76,0,0,200,0,200,200
342080,0,30,1,2,0,1,12,2,0,0,0,0,200,0,23,0,0,0,0,200,200
342080,0,30,1,2,0,1,12,2,0,0,0,0,200,0,43,0,0,0,0,200,200