RD_NO,PERSON_TYPE,POSTED_SPEED_LIMIT,TRAFFIC_CONTROL_DEVICE,DEVICE_CONDITION,WEATHER_CONDITION,LIGHTING_CONDITION,FIRST_CRASH_TYPE,TRAFFICWAY_TYPE,ALIGNMENT,ROADWAY_SURFACE_COND,ROAD_DEFECT,PRIM_CONTRIBUTORY_CAUSE,SEC_CONTRIBUTORY_CAUSE,SEX,AGE,SAFETY_EQUIPMENT,DRIVER_ACTION,DRIVER_VISION,PHYSICAL_CONDITION,BAC_RESULT VALUE,CELL_PHONE_USE
343218,0,30,2,2,0,1,12,5,1,0,200,22,0,0,200,200,4,200,200,200,200
343218,0,30,2,2,0,1,12,5,1,0,200,22,0,0,51,200,200,200,0,200,200
343218,0,30,2,2,0,1,12,5,1,0,200,22,0,0,200,200,12,200,0,200,200
343219,0,30,1,2,0,1,10,5,0,0,0,18,0,0,50,200,3,0,0,200,200
343219,0,30,1,2,0,1,10,5,0,0,0,18,0,1,35,0,0,0,0,200,200
343223,0,30,1,2,0,1,8,2,0,0,0,17,11,0,41,200,1,1,0,200,200
343223,4,30,1,2,0,1,8,2,0,0,0,17,11,1,32,200,0,0,0,200,200
343226,0,30,0,0,0,1,14,2,0,0,0,23,200,1,27,0,7,0,0,200,200
343226,0,30,0,0,0,1,14,2,0,0,0,23,200,0,24,0,0,0,0,200,200
343226,1,30,0,0,0,1,14,2,0,0,0,23,200,1,21,0,200,200,200,200,200
343226,1,30,0,0,0,1,14,2,0,0,0,23,200,0,16,0,200,200,200,200,200
343230,0,30,0,0,0,1,7,5,0,0,200,20,0,2,200,200,6,200,200,200,200
343234,0,30,0,0,0,1,7,6,0,0,200,0,200,2,200,200,200,200,200,200,200
343235,0,30,0,0,0,3,7,6,0,0,0,0,200,2,200,200,12,200,200,200,200
343241,0,30,1,2,0,1,14,5,0,0,0,0,0,1,0,0,12,0,0,200,200
343241,0,30,1,2,0,1,14,5,0,0,0,0,0,1,33,0,0,0,0,200,200
343241,0,30,1,2,0,1,14,5,0,0,0,0,0,1,26,0,0,0,0,200,200
343246,0,30,1,2,0,1,12,5,0,0,0,0,0,0,28,200,200,200,200,200,200
343246,0,30,1,2,0,1,12,5,0,0,0,0,0,0,55,200,200,200,0,200,200
343252,0,30,0,0,0,1,11,5,0,0,0,0,0,0,42,0,1,0,0,200,200
343252,0,30,0,0,0,1,11,5,0,0,0,0,0,1,27,0,0,0,0,200,200
343258,0,25,0,0,0,1,0,12,0,0,0,22,0,0,41,200,1,0,0,200,200
343258,0,25,0,0,0,1,0,12,0,0,0,22,0,0,34,200,12,200,0,200,200
343259,0,30,0,0,0,1,0,7,0,0,0,20,200,0,63,0,6,0,0,200,200
343259,0,30,0,0,0,1,0,7,0,0,0,20,200,0,17,0,0,0,0,200,200
343260,0,35,1,2,0,1,14,2,0,0,0,23,200,0,36,200,7,200,0,200,200
343260,0,35,1,2,0,1,14,2,0,0,0,23,200,0,45,200,0,200,0,200,200
343262,0,25,0,0,0,1,12,5,0,0,0,22,16,1,31,0,2,0,0,200,200
343262,0,25,0,0,0,1,12,5,0,0,0,22,16,0,34,0,0,0,0,200,200
343263,0,40,0,0,0,1,10,3,2,0,0,9,16,1,28,0,3,0,0,200,200
343263,0,40,0,0,0,1,10,3,2,0,0,9,16,1,24,0,0,0,0,200,200
343263,0,40,0,0,0,1,10,3,2,0,0,9,16,1,32,0,0,0,0,200,200
343274,0,20,0,0,0,1,7,5,0,0,0,0,200,2,200,200,200,200,200,200,200
343277,0,30,1,2,0,1,10,5,0,0,0,16,17,1,26,0,1,0,0,200,200
343277,0,30,1,2,0,1,10,5,0,0,0,16,17,1,44,0,0,0,0,200,200
343279,0,30,1,2,0,1,10,6,0,0,0,18,200,1,30,200,3,0,0,200,200
343279,0,30,1,2,0,1,10,6,0,0,0,18,200,0,50,200,0,0,0,200,200
343280,0,30,1,200,6,1,0,2,0,200,200,17,16,0,33,200,200,200,0,200,200
343280,0,30,1,200,6,1,0,2,0,200,200,17,16,1,56,200,200,200,0,200,200
343285,0,30,2,2,0,1,8,5,0,0,3,23,17,0,200,200,1,200,200,200,200
343285,4,30,2,2,0,1,8,5,0,0,3,23,17,0,32,3,0,0,0,200,200
343289,0,30,0,0,0,1,10,5,0,0,0,16,0,0,18,200,3,200,0,200,200
343289,0,30,0,0,0,1,10,5,0,0,0,16,0,1,29,200,0,200,200,200,200
343289,0,30,0,0,0,1,10,5,0,0,0,16,0,1,60,200,0,200,200,200,200
343289,0,30,0,0,0,1,10,5,0,0,0,16,0,0,66,200,0,200,200,200,200
343292,0,30,1,2,0,1,10,5,0,0,0,11,18,0,19,200,3,200,0,200,200
343292,0,30,1,2,0,1,10,5,0,0,0,11,18,0,62,0,0,0,0,200,200
343292,1,30,1,2,0,1,10,5,0,0,0,11,18,1,19,200,200,200,200,200,200
343292,1,30,1,2,0,1,10,5,0,0,0,11,18,0,55,0,200,200,200,200,200
343292,1,30,1,2,0,1,10,5,0,0,0,11,18,0,33,0,200,200,200,200,200
343296,0,40,0,0,0,1,12,3,0,0,0,11,200,1,32,0,12,0,0,200,200
343296,0,40,0,0,0,1,12,3,0,0,0,11,200,1,57,0,0,0,0,200,200
343296,1,40,0,0,0,1,12,3,0,0,0,11,200,1,62,0,200,200,200,200,200
343308,0,30,1,2,0,1,10,2,0,0,0,18,0,0,29,200,3,200,200,200,200
343308,0,30,1,2,0,1,10,2,0,0,0,18,0,1,35,0,0,0,0,200,200
343315,0,30,0,0,0,1,10,5,0,0,0,16,200,1,0,200,12,0,0,200,200
343315,0,30,0,0,0,1,10,5,0,0,0,16,200,0,52,200,0,0,0,200,200
343318,0,30,0,0,0,1,12,2,0,0,0,21,17,0,63,0,4,0,0,200,200
343318,0,30,0,0,0,1,12,2,0,0,0,21,17,1,20,0,0,0,0,200,200
343318,1,30,0,0,0,1,12,2,0,0,0,21,17,1,21,0,200,200,200,200,200
343321,0,30,1,2,0,1,12,5,0,0,0,22,17,0,54,0,1,0,0,200,200
343321,0,30,1,2,0,1,12,5,0,0,0,22,17,1,38,0,4,0,0,200,200
343321,1,30,1,2,0,1,12,5,0,0,0,22,17,0,35,0,200,200,200,200,200
343322,0,30,0,0,0,0,7,6,0,0,0,0,200,2,200,200,200,200,200,200,200
343323,0,30,1,2,0,1,12,2,0,0,0,22,200,0,200,200,5,200,200,200,200
343323,0,30,1,2,0,1,12,2,0,0,0,22,200,1,36,0,0,0,0,200,200
343323,1,30,1,2,0,1,12,2,0,0,0,22,200,1,200,0,200,200,200,200,200
343331,0,30,0,0,0,1,7,3,0,0,0,0,200,1,200,200,12,200,200,200,200
343331,1,30,0,0,0,1,7,3,0,0,0,0,200,0,54,0,200,200,200,200,200
343337,0,30,1,2,0,3,14,12,0,0,0,6,200,1,200,200,5,200,200,200,200
343337,0,30,1,2,0,3,14,12,0,0,0,6,200,0,22,0,0,0,0,200,200
343337,1,30,1,2,0,3,14,12,0,0,0,6,200,1,23,0,200,200,200,200,200
343338,0,30,1,2,0,1,7,5,0,0,0,22,27,1,59,200,2,0,8,200,200
343343,0,35,1,2,0,1,14,5,0,0,0,18,200,0,60,200,3,0,0,200,200
343343,0,35,1,2,0,1,14,5,0,0,0,18,200,0,66,200,0,0,0,200,200
343343,1,35,1,2,0,1,14,5,0,0,0,18,200,0,200,0,200,200,200,200,200
343346,1,30,1,2,0,1,14,3,0,0,0,17,0,200,200,7,200,200,200,200,200
343346,1,30,1,2,0,1,14,3,0,0,0,17,0,200,200,7,200,200,200,200,200
343346,0,30,1,2,0,1,14,3,0,0,0,17,0,0,74,7,0,0,0,200,200
343346,0,30,1,2,0,1,14,3,0,0,0,17,0,0,23,0,0,0,0,200,200
343346,1,30,1,2,0,1,14,3,0,0,0,17,0,200,200,7,200,200,200,200,200
343346,1,30,1,2,0,1,14,3,0,0,0,17,0,1,40,7,200,200,200,200,200
343346,1,30,1,2,0,1,14,3,0,0,0,17,0,200,200,7,200,200,200,200,200
343346,1,30,1,2,0,1,14,3,0,0,0,17,0,200,200,7,200,200,200,200,200
343346,1,30,1,2,0,1,14,3,0,0,0,17,0,200,200,7,200,200,200,200,200
343346,1,30,1,2,0,1,14,3,0,0,0,17,0,200,200,7,200,200,200,200,200
343346,1,30,1,2,0,1,14,3,0,0,0,17,0,200,200,7,200,200,200,200,200
343346,1,30,1,2,0,1,14,3,0,0,0,17,0,200,200,7,200,200,200,200,200
343346,1,30,1,2,0,1,14,3,0,0,0,17,0,200,200,7,200,200,200,200,200
343346,1,30,1,2,0,1,14,3,0,0,0,17,0,200,200,7,200,200,200,200,200
343346,1,30,1,2,0,1,14,3,0,0,0,17,0,200,200,7,200,200,200,200,200
343346,1,30,1,2,0,1,14,3,0,0,0,17,0,200,200,7,200,200,200,200,200
343346,1,30,1,2,0,1,14,3,0,0,0,17,0,200,200,7,200,200,200,200,200
343346,1,30,1,2,0,1,14,3,0,0,0,17,0,200,200,7,200,200,200,200,200
343346,1,30,1,2,0,1,14,3,0,0,0,17,0,200,200,7,200,200,200,200,200
343346,1,30,1,2,0,1,14,3,0,0,0,17,0,200,200,7,200,200,200,200,200
343346,1,30,1,2,0,1,14,3,0,0,0,17,0,200,200,7,200,200,200,200,200
343346,1,30,1,2,0,1,14,3,0,0,0,17,0,200,200,7,200,200,200,200,200
343346,1,30,1,2,0,1,14,3,0,0,0,17,0,200,200,7,200,200,200,200,200
343346,1,30,1,2,0,1,14,3,0,0,0,17,0,200,200,7,200,200,200,200,200
343346,1,30,1,2,0,1,14,3,0,0,0,17,0,200,200,7,200,200,200,200,200
343346,1,30,1,2,0,1,14,3,0,0,0,17,0,200,200,7,200,200,200,200,200
343346,1,30,1,2,0,1,14,3,0,0,0,17,0,200,200,7,200,200,200,200,200
343346,1,30,1,2,0,1,14,3,0,0,0,17,0,200,200,7,200,200,200,200,200
343346,1,30,1,2,0,1,14,3,0,0,0,17,0,200,200,7,200,200,200,200,200
343346,1,30,1,2,0,1,14,3,0,0,0,17,0,200,200,7,200,200,200,200,200
343346,1,30,1,2,0,1,14,3,0,0,0,17,0,200,200,7,200,200,200,200,200
343346,1,30,1,2,0,1,14,3,0,0,0,17,0,200,200,7,200,200,200,200,200
343346,1,30,1,2,0,1,14,3,0,0,0,17,0,200,200,7,200,200,200,200,200
343346,1,30,1,2,0,1,14,3,0,0,0,17,0,200,200,7,200,200,200,200,200
343346,1,30,1,2,0,1,14,3,0,0,0,17,0,200,200,7,200,200,200,200,200
343346,1,30,1,2,0,1,14,3,0,0,0,17,0,200,200,7,200,200,200,200,200
343346,1,30,1,2,0,1,14,3,0,0,0,17,0,200,200,7,200,200,200,200,200
343346,1,30,1,2,0,1,14,3,0,0,0,17,0,200,200,7,200,200,200,200,200
343346,1,30,1,2,0,1,14,3,0,0,0,17,0,200,200,7,200,200,200,200,200
343346,1,30,1,2,0,1,14,3,0,0,0,17,0,200,200,7,200,200,200,200,200
343346,1,30,1,2,0,1,14,3,0,0,0,17,0,200,200,7,200,200,200,200,200
343346,1,30,1,2,0,1,14,3,0,0,0,17,0,200,200,7,200,200,200,200,200
343347,0,25,0,0,0,1,7,5,0,0,0,0,200,2,200,200,200,200,200,200,200
343348,0,0,1,2,0,1,14,5,0,0,0,23,11,0,29,200,7,200,200,200,200
343348,0,0,1,2,0,1,14,5,0,0,0,23,11,0,43,0,0,0,0,200,200
343349,0,30,0,0,0,1,10,2,0,0,0,18,7,1,52,0,3,0,0,200,200
343349,0,30,0,0,0,1,10,2,0,0,0,18,7,0,71,0,0,0,0,200,200
343351,0,20,1,2,0,1,3,3,0,0,0,6,200,0,26,0,5,0,0,200,200
343351,0,20,1,2,0,1,3,3,0,0,0,6,200,0,36,0,0,0,0,200,200
343351,1,20,1,2,0,1,3,3,0,0,0,6,200,0,74,0,200,200,200,200,200
343354,0,30,1,2,0,1,12,2,0,0,0,22,16,1,25,200,2,200,200,200,200
343354,0,30,1,2,0,1,12,2,0,0,0,22,16,0,44,0,0,0,0,200,200
343359,0,30,0,0,0,1,12,5,0,0,0,17,16,0,0,0,4,200,200,200,200
343359,0,30,0,0,0,1,12,5,0,0,0,17,16,0,25,0,0,0,0,200,200
343360,0,30,1,2,0,1,10,5,0,0,0,18,0,1,52,200,3,200,200,200,200
343360,0,30,1,2,0,1,10,5,0,0,0,18,0,1,57,0,0,0,0,200,200
343363,0,30,0,0,0,0,7,5,0,0,0,0,0,2,200,200,200,200,200,200,200
343365,0,30,0,0,0,1,7,5,0,0,0,0,0,2,200,200,200,200,200,200,200
343369,0,30,0,0,0,1,7,5,0,0,0,18,0,0,45,0,3,0,0,200,200
343370,0,30,0,0,0,1,7,2,0,0,0,0,0,2,200,200,200,200,200,200,200
343375,0,30,0,0,0,1,12,2,0,0,0,21,200,0,200,200,12,200,200,200,200
343375,0,30,0,0,0,1,12,2,0,0,0,21,200,1,61,200,0,200,0,200,200
343375,1,30,0,0,0,1,12,2,0,0,0,21,200,0,66,200,200,200,200,200,200
343375,1,30,0,0,0,1,12,2,0,0,0,21,200,1,54,200,200,200,200,200,200
343380,0,30,0,0,0,1,12,5,0,0,0,0,200,0,26,200,1,12,0,200,200
343380,0,30,0,0,0,1,12,5,0,0,0,0,200,1,83,200,0,0,0,200,200
343380,1,30,0,0,0,1,12,5,0,0,0,0,200,1,22,200,200,200,200,200,200
343380,1,30,0,0,0,1,12,5,0,0,0,0,200,1,77,200,200,200,200,200,200
343386,0,30,0,0,0,1,7,7,0,0,0,20,200,0,200,200,6,200,200,200,200
343387,0,30,2,2,0,1,0,5,0,0,0,17,200,1,27,200,200,200,0,200,200
343387,0,30,2,2,0,1,0,5,0,0,0,17,200,0,56,0,0,0,0,200,200
343387,1,30,2,2,0,1,0,5,0,0,0,17,200,1,28,200,200,200,200,200,200
343388,0,30,0,0,200,4,7,5,0,200,0,0,200,2,200,200,200,200,200,200,200
343392,0,30,0,0,0,1,7,0,0,0,0,0,0,2,200,200,1,200,200,200,200
343393,0,30,0,0,0,1,10,5,0,0,0,18,200,1,26,0,3,0,0,200,200
343393,0,30,0,0,0,1,10,5,0,0,0,18,200,1,45,0,0,0,0,200,200
343399,0,30,200,0,0,1,14,5,0,0,0,0,0,1,44,0,200,200,0,200,200
343399,0,30,200,0,0,1,14,5,0,0,0,0,0,0,21,0,200,200,0,200,200
343403,0,30,0,0,0,1,7,5,0,0,0,20,0,0,63,0,6,0,0,200,200
343405,0,35,0,0,0,1,0,5,0,0,0,0,0,0,51,0,0,0,0,200,200
343405,0,35,0,0,0,1,0,5,0,0,0,0,0,2,200,200,0,200,200,200,200
343420,0,30,0,0,0,1,14,1,0,0,0,23,200,0,66,0,7,200,0,200,200
343420,0,30,0,0,0,1,14,1,0,0,0,23,200,1,40,0,0,200,0,200,200
343420,1,30,0,0,0,1,14,1,0,0,0,23,200,0,42,0,200,200,200,200,200
343429,0,25,0,0,0,1,7,6,0,0,0,0,0,2,200,200,200,200,200,200,200
343430,0,30,0,0,0,1,9,5,0,0,0,20,17,0,49,0,6,0,0,200,200
343430,5,30,0,0,0,1,9,5,0,0,0,20,17,1,73,7,0,0,0,200,200
343430,1,30,0,0,0,1,9,5,0,0,0,20,17,1,200,0,200,200,200,200,200
343430,1,30,0,0,0,1,9,5,0,0,0,20,17,1,200,0,200,200,200,200,200
343433,0,30,1,2,0,1,12,12,0,12,12,200,200,0,69,200,12,12,0,200,200
343433,0,30,1,2,0,1,12,12,0,12,12,200,200,0,26,200,0,200,200,200,200
343433,1,30,1,2,0,1,12,12,0,12,12,200,200,2,200,200,200,200,200,200,200
343434,0,30,0,0,0,1,7,2,0,0,0,200,200,2,200,200,200,200,200,200,200
343449,0,25,1,2,0,1,10,5,0,0,0,200,23,1,43,0,0,0,0,200,200
343449,0,25,1,2,0,1,10,5,0,0,0,200,23,0,200,200,4,200,200,200,200
343463,0,35,0,0,0,1,7,5,0,0,0,0,0,2,200,200,0,200,200,200,200
343469,0,30,0,0,0,1,7,6,0,0,0,0,0,0,74,0,200,0,200,200,200
343469,1,30,0,0,0,1,7,6,0,0,0,0,0,1,44,0,200,200,200,200,200
343469,1,30,0,0,0,1,7,6,0,0,0,0,0,0,11,0,200,200,200,200,200
343472,0,35,1,2,0,1,10,2,0,0,0,18,200,0,41,0,3,0,0,200,200
343472,0,35,1,2,0,1,10,2,0,0,0,18,200,0,35,0,0,0,0,200,200
343474,0,30,2,2,0,1,10,6,0,0,0,0,200,0,63,200,12,200,0,200,200
343474,0,30,2,2,0,1,10,6,0,0,0,0,200,0,53,200,0,200,0,200,200
343478,0,30,0,0,0,1,12,200,0,0,0,17,17,0,200,200,1,0,0,200,200
343478,0,30,0,0,0,1,12,200,0,0,0,17,17,0,27,0,0,0,0,200,200
343479,0,30,0,0,0,1,12,2,0,0,0,17,17,0,84,200,1,200,200,200,200
343479,0,30,0,0,0,1,12,2,0,0,0,17,17,1,70,0,0,0,0,200,200
343479,1,30,0,0,0,1,12,2,0,0,0,17,17,1,68,0,200,200,200,200,200
343486,0,30,0,0,0,1,12,2,0,1,0,22,0,0,26,200,2,200,0,200,200
343486,0,30,0,0,0,1,12,2,0,1,0,22,0,0,47,0,0,200,0,200,200
343487,0,35,0,0,0,1,14,5,0,0,0,23,21,0,50,200,7,0,0,200,200
343487,0,35,0,0,0,1,14,5,0,0,0,23,21,0,36,200,200,200,200,200,200
343488,0,30,1,2,0,1,14,4,0,0,0,22,22,0,33,0,12,0,0,200,200
343488,0,30,1,2,0,1,14,4,0,0,0,22,22,0,28,0,12,0,0,200,200
343493,0,30,1,2,0,1,12,1,0,0,0,21,11,0,31,200,4,0,200,200,200
343493,0,30,1,2,0,1,12,1,0,0,0,21,11,0,25,0,0,0,0,200,200
343501,0,30,1,2,0,1,12,6,0,0,0,21,200,0,200,200,4,200,200,200,200
343501,0,30,1,2,0,1,12,6,0,0,0,21,200,0,73,200,0,0,0,200,200
343502,0,30,0,0,200,200,7,200,0,200,200,0,200,2,200,200,200,200,200,200,200
343508,0,20,0,0,0,1,10,6,0,0,200,0,20,0,30,0,6,200,200,200,200
343508,0,20,0,0,0,1,10,6,0,0,200,0,20,0,27,0,200,200,0,200,200
343509,0,30,1,2,0,1,10,5,0,0,0,22,18,0,26,0,4,0,0,200,200
343509,0,30,1,2,0,1,10,5,0,0,0,22,18,1,29,0,0,0,0,200,200
343509,1,30,1,2,0,1,10,5,0,0,0,22,18,1,14,0,200,200,200,200,200
343509,1,30,1,2,0,1,10,5,0,0,0,22,18,1,7,5,200,200,200,200,200
343509,1,30,1,2,0,1,10,5,0,0,0,22,18,0,0,5,200,200,200,200,200
343509,1,30,1,2,0,1,10,5,0,0,0,22,18,0,2,5,200,200,200,200,200
343509,1,30,1,2,0,1,10,5,0,0,0,22,18,1,200,0,200,200,200,200,200
343514,0,25,0,0,0,1,7,6,0,0,0,16,0,2,200,200,1,200,200,200,200
343518,0,30,0,0,0,1,7,2,0,0,0,0,0,0,30,200,200,0,0,200,200
343520,0,30,0,200,0,1,7,5,0,0,0,25,25,0,23,200,13,0,200,200,200
343522,0,30,1,2,0,1,10,3,0,0,0,8,11,0,53,200,3,0,0,200,200
343522,0,30,1,2,0,1,10,3,0,0,0,8,11,0,50,0,0,0,0,200,200
343533,0,30,1,2,0,1,10,2,0,0,0,18,17,0,200,0,1,200,12,200,200
343533,0,30,1,2,0,1,10,2,0,0,0,18,17,0,58,0,0,0,0,200,200
343536,0,35,1,2,0,1,10,2,0,0,0,18,22,1,200,200,200,200,200,200,200
343536,0,35,1,2,0,1,10,2,0,0,0,18,22,0,52,0,0,0,0,200,200
343537,0,0,0,0,0,1,12,6,0,0,0,22,21,2,200,200,4,200,200,200,200
343537,0,0,0,0,0,1,12,6,0,0,0,22,21,0,33,0,0,0,0,200,200
343537,1,0,0,0,0,1,12,6,0,0,0,22,21,1,200,0,200,200,200,200,200
343540,0,30,0,0,0,1,2,5,0,0,0,0,200,0,67,0,12,200,0,200,200
343545,0,30,1,2,0,1,12,5,0,0,0,21,16,1,21,200,4,200,200,200,200
343545,0,30,1,2,0,1,12,5,0,0,0,21,16,1,46,0,0,0,0,200,200
343545,1,30,1,2,0,1,12,5,0,0,0,21,16,1,16,0,200,200,200,200,200
343545,1,30,1,2,0,1,12,5,0,0,0,21,16,1,10,0,200,200,200,200,200
343551,0,35,1,2,0,1,14,2,0,0,0,23,200,0,35,0,7,0,0,200,200
343551,0,35,1,2,0,1,14,2,0,0,0,23,200,0,18,0,0,0,0,200,200
343551,1,35,1,2,0,1,14,2,0,0,0,23,200,1,18,0,200,200,200,200,200
343552,0,30,9,0,0,1,10,5,0,0,0,18,0,1,28,0,12,1,0,200,200
343552,0,30,9,0,0,1,10,5,0,0,0,18,0,0,81,0,0,1,0,200,200
343552,0,30,9,0,0,1,10,5,0,0,0,18,0,0,32,0,12,1,0,200,200
343565,0,30,0,0,0,1,11,5,0,0,0,0,0,2,200,200,200,200,200,200,200
343565,0,30,0,0,0,1,11,5,0,0,0,0,0,0,41,0,12,0,0,200,200
343572,0,30,2,2,0,1,9,6,0,0,0,17,16,0,49,0,1,0,0,200,200
343572,5,30,2,2,0,1,9,6,0,0,0,17,16,1,27,7,0,0,0,200,200
343577,4,30,0,0,0,1,8,0,0,0,0,33,21,1,200,7,12,2,200,200,200
343577,0,30,0,0,0,1,8,0,0,0,0,33,21,1,26,0,0,2,0,200,200
343579,0,30,0,0,0,1,10,5,0,0,0,18,18,0,200,200,3,200,200,200,200
343579,0,30,0,0,0,1,10,5,0,0,0,18,18,0,62,0,0,0,0,200,200
343589,0,25,0,0,0,1,0,6,0,0,0,17,200,0,200,200,1,200,200,200,200
343589,0,25,0,0,0,1,0,6,0,0,0,17,200,0,48,0,0,0,0,200,200
343598,0,30,0,0,0,1,14,6,0,0,0,17,16,1,53,200,1,0,0,200,200
343598,0,30,0,0,0,1,14,6,0,0,0,17,16,1,23,200,0,0,0,200,200
343600,0,30,0,0,0,1,7,5,0,0,0,18,0,0,60,0,3,0,0,200,200
343602,0,30,0,0,0,1,2,2,0,0,0,16,11,0,42,0,12,0,0,200,200
343604,0,30,0,0,200,200,7,6,0,200,200,0,200,2,200,200,200,200,200,200,200
343613,0,30,0,0,0,1,7,2,0,0,0,22,200,0,19,0,2,0,0,200,200
343620,0,30,0,0,0,1,10,2,0,0,0,18,200,0,47,200,3,200,200,200,200
343620,0,30,0,0,0,1,10,2,0,0,0,18,200,0,52,0,0,0,0,200,200
343622,0,30,1,2,0,1,10,5,0,0,0,7,200,0,25,0,3,0,0,200,200
343622,0,30,1,2,0,1,10,5,0,0,0,7,200,1,22,0,0,0,0,200,200
343627,0,30,1,2,0,1,0,2,0,0,0,6,200,1,52,200,5,0,0,200,200
343627,0,30,1,2,0,1,0,2,0,0,0,6,200,0,26,200,0,200,0,200,200
343627,0,30,1,2,0,1,0,2,0,0,0,6,200,0,64,200,0,0,0,200,200
343628,0,30,0,200,0,1,14,5,0,0,200,17,0,0,31,200,1,200,0,200,200
343628,0,30,0,200,0,1,14,5,0,0,200,17,0,0,32,0,0,200,0,200,200
343629,0,30,0,0,0,1,7,2,0,0,0,23,16,0,39,0,7,0,0,200,200
343629,1,30,0,0,0,1,7,2,0,0,0,23,16,0,42,0,200,200,200,200,200
343648,0,30,0,0,0,1,0,1,0,0,0,21,200,1,61,0,4,200,0,200,200
343648,0,30,0,0,0,1,0,1,0,0,0,21,200,1,41,0,0,0,0,200,200
343649,0,30,200,2,0,1,0,2,0,0,0,17,200,1,20,200,1,200,0,200,200
343649,0,30,200,2,0,1,0,2,0,0,0,17,200,0,39,200,200,200,0,200,200
343649,0,30,200,2,0,1,0,2,0,0,0,17,200,0,37,200,0,200,0,200,200
343649,1,30,200,2,0,1,0,2,0,0,0,17,200,1,200,200,200,200,200,200,200
343652,0,35,1,2,0,1,10,5,0,0,0,0,200,0,200,200,200,200,200,200,200
343652,0,35,1,2,0,1,10,5,0,0,0,0,200,1,36,0,0,0,0,200,200
343652,1,35,1,2,0,1,10,5,0,0,0,0,200,0,200,0,200,200,200,200,200
343652,1,35,1,2,0,1,10,5,0,0,0,0,200,1,3,5,200,200,200,200,200
343653,0,15,0,0,0,1,0,7,0,0,200,0,200,0,71,0,200,200,0,200,200
343653,0,15,0,0,0,1,0,7,0,0,200,0,200,1,23,0,200,200,0,200,200
343661,0,30,2,2,0,1,0,5,0,0,0,0,0,1,43,200,200,200,200,200,200
343661,0,30,2,2,0,1,0,5,0,0,0,0,0,1,74,0,0,0,0,200,200
343662,0,30,1,2,0,1,14,3,0,0,0,0,0,0,200,0,200,0,0,200,200
343662,0,30,1,2,0,1,14,3,0,0,0,0,0,1,200,0,0,0,0,200,200
343664,0,5,0,0,0,1,3,7,4,0,0,20,200,1,200,200,6,200,200,200,200
343664,0,5,0,0,0,1,3,7,4,0,0,20,200,1,33,0,0,0,0,200,200
343664,1,5,0,0,0,1,3,7,4,0,0,20,200,1,200,200,200,200,200,200,200
343666,0,30,0,0,0,1,12,8,0,0,0,22,17,0,30,200,4,0,0,200,200
343666,0,30,0,0,0,1,12,8,0,0,0,22,17,1,39,0,0,0,0,200,200
343667,0,10,0,0,0,1,7,6,0,0,0,0,0,2,200,200,200,200,200,200,200
343678,0,35,0,3,0,1,12,3,0,0,0,22,200,0,60,0,4,0,0,200,200
343678,0,35,0,3,0,1,12,3,0,0,0,22,200,0,31,0,0,0,0,200,200
343684,0,30,1,2,0,1,12,2,0,0,0,21,200,0,18,200,4,200,200,200,200
343684,0,30,1,2,0,1,12,2,0,0,0,21,200,0,48,0,0,0,0,200,200
343688,0,30,1,2,0,1,14,5,2,0,0,23,23,0,33,0,7,12,0,200,200
343688,0,30,1,2,0,1,14,5,2,0,0,23,23,0,29,0,0,12,0,200,200
343688,0,30,1,2,0,1,14,5,2,0,0,23,23,0,32,0,0,200,0,200,200
343688,1,30,1,2,0,1,14,5,2,0,0,23,23,0,55,0,200,200,200,200,200
343690,0,30,1,2,0,1,14,5,0,0,2,0,0,0,200,200,7,200,200,200,200
343690,0,30,1,2,0,1,14,5,0,0,2,0,0,0,19,0,0,0,0,200,200
343692,0,30,1,2,0,1,10,2,0,0,0,200,200,0,64,0,0,0,0,200,200
343692,0,30,1,2,0,1,10,2,0,0,0,200,200,1,200,200,0,0,0,200,200
343692,1,30,1,2,0,1,10,2,0,0,0,200,200,1,19,0,200,200,200,200,200
343693,0,30,0,0,0,1,12,2,0,0,0,17,200,0,36,200,200,200,0,200,200
343693,0,30,0,0,0,1,12,2,0,0,0,17,200,0,65,200,0,200,0,200,200
343698,0,30,0,0,0,1,14,5,0,0,0,35,200,0,200,200,0,200,200,200,200
343698,0,30,0,0,0,1,14,5,0,0,0,35,200,0,41,0,0,0,0,200,200
343702,0,20,0,0,0,1,0,5,0,0,0,10,16,0,24,0,9,0,0,200,200
343702,0,20,0,0,0,1,0,5,0,0,0,10,16,0,45,0,200,0,0,200,200
343702,1,20,0,0,0,1,0,5,0,0,0,10,16,2,19,0,200,200,200,200,200
343710,0,25,0,0,0,1,12,5,0,0,0,11,200,1,45,200,200,200,0,200,200
343710,0,25,0,0,0,1,12,5,0,0,0,11,200,0,68,200,200,200,0,200,200
343724,0,30,0,0,0,1,7,7,0,0,0,0,200,2,200,200,200,200,200,200,200
343737,0,30,1,2,0,1,10,5,0,0,0,18,200,1,32,0,3,0,200,200,200
343737,0,30,1,2,0,1,10,5,0,0,0,18,200,1,26,0,0,0,0,200,200
343737,1,30,1,2,0,1,10,5,0,0,0,18,200,0,29,0,200,200,200,200,200
343743,0,30,0,0,0,1,11,5,2,0,200,23,200,1,40,0,1,200,0,200,200
343743,0,30,0,0,0,1,11,5,2,0,200,23,200,0,30,0,0,0,0,200,200