RD_NO,PERSON_TYPE,POSTED_SPEED_LIMIT,TRAFFIC_CONTROL_DEVICE,DEVICE_CONDITION,WEATHER_CONDITION,LIGHTING_CONDITION,FIRST_CRASH_TYPE,TRAFFICWAY_TYPE,ALIGNMENT,ROADWAY_SURFACE_COND,ROAD_DEFECT,PRIM_CONTRIBUTORY_CAUSE,SEC_CONTRIBUTORY_CAUSE,SEX,AGE,SAFETY_EQUIPMENT,DRIVER_ACTION,DRIVER_VISION,PHYSICAL_CONDITION,BAC_RESULT VALUE,CELL_PHONE_USE
343743,1,30,0,0,0,1,11,5,2,0,200,23,200,1,200,0,200,200,200,200,200
343743,1,30,0,0,0,1,11,5,2,0,200,23,200,0,200,5,200,200,200,200,200
343747,0,30,0,0,0,1,14,5,0,0,0,17,200,1,20,0,1,0,0,200,200
343747,0,30,0,0,0,1,14,5,0,0,0,17,200,1,39,0,1,0,0,200,200
343749,0,20,0,0,0,1,4,200,0,0,200,0,0,0,43,200,200,200,0,200,200
343752,0,30,1,2,0,1,10,5,0,0,0,7,18,0,24,0,1,0,0,200,200
343752,0,30,1,2,0,1,10,5,0,0,0,7,18,1,53,0,0,0,0,200,200
343772,0,30,2,2,0,1,0,2,0,0,0,33,200,0,55,0,12,5,0,200,200
343772,0,30,2,2,0,1,0,2,0,0,0,33,200,1,24,0,0,0,0,200,200
343772,1,30,2,2,0,1,0,2,0,0,0,33,200,1,200,0,200,200,200,200,200
343776,0,30,1,2,0,1,14,2,0,0,0,0,200,1,0,0,12,0,0,200,200
343776,0,30,1,2,0,1,14,2,0,0,0,0,200,0,65,0,12,0,0,200,200
343776,1,30,1,2,0,1,14,2,0,0,0,0,200,1,64,0,200,200,200,200,200
343779,0,30,0,0,0,1,9,2,0,0,0,33,200,0,54,0,0,5,0,200,200
343779,5,30,0,0,0,1,9,2,0,0,0,33,200,0,17,7,12,5,0,200,200
343795,0,30,1,2,0,1,14,2,0,0,0,17,16,0,62,200,4,0,0,200,200
343795,0,30,1,2,0,1,14,2,0,0,0,17,16,1,87,200,0,0,0,200,200
343796,0,30,0,0,0,1,7,6,0,0,0,0,0,2,200,200,200,200,200,200,200
343799,0,30,12,12,0,1,12,5,0,0,0,17,17,0,33,200,1,12,0,200,200
343799,0,30,12,12,0,1,12,5,0,0,0,17,17,0,68,0,0,12,0,200,200
343808,0,30,1,2,0,1,10,6,0,0,0,0,0,0,200,0,200,0,0,200,200
343808,0,30,1,2,0,1,10,6,0,0,0,0,0,0,200,0,200,0,0,200,200
343811,0,30,0,0,0,1,12,5,0,0,0,0,0,0,44,200,1,0,0,200,200
343811,0,30,0,0,0,1,12,5,0,0,0,0,0,1,31,0,0,0,0,200,200
343812,0,30,1,2,0,1,10,5,0,0,0,16,18,0,67,0,3,0,0,200,200
343812,0,30,1,2,0,1,10,5,0,0,0,16,18,0,200,200,0,200,200,200,200
343812,1,30,1,2,0,1,10,5,0,0,0,16,18,200,200,200,200,200,200,200,200
343813,0,30,0,0,0,1,14,2,0,0,0,21,23,0,63,0,7,0,0,200,200
343813,0,30,0,0,0,1,14,2,0,0,0,21,23,0,35,0,0,0,0,200,200
343815,0,5,0,0,0,1,0,7,0,0,0,20,200,0,60,0,6,200,0,200,200
343815,0,5,0,0,0,1,0,7,0,0,0,20,200,1,33,0,0,0,0,200,200
343825,0,30,1,2,0,1,8,5,0,0,0,0,200,0,200,200,200,200,200,200,200
343825,4,30,1,2,0,1,8,5,0,0,0,0,200,0,25,200,1,0,0,200,200
343826,0,25,2,200,0,1,0,5,0,0,0,17,0,0,69,200,200,200,200,200,200
343826,0,25,2,200,0,1,0,5,0,0,0,17,0,1,31,200,200,200,0,200,200
343826,1,25,2,200,0,1,0,5,0,0,0,17,0,0,33,200,200,200,200,200,200
343827,0,30,0,3,0,1,0,12,0,0,0,17,11,2,200,200,1,200,200,200,200
343827,0,30,0,3,0,1,0,12,0,0,0,17,11,1,55,0,0,0,0,200,200
343828,0,30,0,0,0,1,7,5,0,0,0,11,200,0,55,0,12,0,0,200,200
343829,0,30,2,2,0,1,0,5,0,0,0,5,200,0,20,200,5,0,0,200,200
343829,0,30,2,2,0,1,0,5,0,0,0,5,200,0,45,0,0,0,0,200,200
343837,0,30,0,0,0,1,14,5,0,0,0,200,200,2,200,200,0,200,200,200,200
343837,0,30,0,0,0,1,14,5,0,0,0,200,200,1,21,1,0,0,0,200,200
343839,0,30,200,200,0,1,14,5,0,0,0,16,16,1,75,200,200,0,0,200,200
343839,0,30,200,200,0,1,14,5,0,0,0,16,16,1,20,200,0,0,0,200,200
343850,0,30,0,0,0,1,12,5,0,0,0,0,0,1,64,0,0,0,0,200,200
343850,0,30,0,0,0,1,12,5,0,0,0,0,0,0,54,0,0,0,0,200,200
343852,0,30,0,0,0,1,12,2,0,0,0,23,0,0,200,200,4,0,0,200,200
343852,0,30,0,0,0,1,12,2,0,0,0,23,0,1,53,200,0,0,0,200,200
343852,0,30,0,0,0,1,12,2,0,0,0,23,0,1,44,7,0,0,0,200,200
343852,1,30,0,0,0,1,12,2,0,0,0,23,0,1,17,200,200,200,200,200,200
343852,1,30,0,0,0,1,12,2,0,0,0,23,0,0,16,200,200,200,200,200,200
343852,1,30,0,0,0,1,12,2,0,0,0,23,0,200,9,200,200,200,200,200,200
343852,1,30,0,0,0,1,12,2,0,0,0,23,0,200,8,200,200,200,200,200,200
343854,0,30,2,2,0,1,0,5,0,0,0,5,200,1,200,200,5,200,200,200,200
343854,0,30,2,2,0,1,0,5,0,0,0,5,200,0,45,200,0,0,0,200,200
343857,0,30,2,2,0,1,14,3,0,0,0,17,17,0,50,0,1,0,0,200,200
343857,0,30,2,2,0,1,14,3,0,0,0,17,17,0,33,7,1,0,0,200,200
343859,0,15,0,0,0,1,10,7,0,0,0,0,0,0,200,200,6,200,200,200,200
343859,0,15,0,0,0,1,10,7,0,0,0,0,0,0,59,0,0,0,0,200,200
343868,0,30,0,0,0,1,8,5,0,200,200,0,200,0,200,200,200,200,200,200,200
343868,4,30,0,0,0,1,8,5,0,200,200,0,200,0,15,200,0,0,200,200,200
343869,0,15,2,2,0,1,0,5,0,0,0,17,16,0,54,200,1,6,0,200,200
343869,0,15,2,2,0,1,0,5,0,0,0,17,16,1,46,200,0,0,0,200,200
343869,1,15,2,2,0,1,0,5,0,0,0,17,16,0,53,200,200,200,200,200,200
343874,0,30,0,0,0,1,12,2,0,0,0,0,0,0,200,200,200,200,200,200,200
343874,0,30,0,0,0,1,12,2,0,0,0,0,0,0,38,200,0,0,0,200,200
343878,0,30,0,0,0,1,10,3,0,0,200,18,17,0,59,0,3,0,0,200,200
343878,0,30,0,0,0,1,10,3,0,0,200,18,17,0,26,200,4,0,0,200,200
343880,0,30,0,0,0,1,0,0,0,0,0,17,16,0,17,0,1,0,0,200,200
343880,0,30,0,0,0,1,0,0,0,0,0,17,16,0,20,200,0,0,0,200,200
343881,0,0,0,0,0,1,7,7,0,0,200,0,0,1,200,200,200,200,200,200,200
343885,0,30,0,0,0,1,7,7,0,0,0,200,200,2,200,200,200,200,200,200,200
343888,0,30,0,0,0,1,12,3,0,0,0,21,16,0,50,200,4,0,0,200,200
343888,0,30,0,0,0,1,12,3,0,0,0,21,16,0,62,200,0,0,0,200,200
343890,0,30,1,2,0,1,14,8,0,0,200,23,0,0,49,200,7,200,200,200,200
343890,0,30,1,2,0,1,14,8,0,0,200,23,0,1,37,0,5,0,0,200,200
343890,1,30,1,2,0,1,14,8,0,0,200,23,0,0,200,5,200,200,200,200,200
343891,0,30,1,2,0,1,9,2,0,0,0,33,200,0,41,200,12,12,0,200,200
343891,5,30,1,2,0,1,9,2,0,0,0,33,200,1,39,7,0,12,0,200,200
343893,0,30,0,0,0,1,7,6,0,0,0,10,200,2,200,200,200,200,200,200,200
343898,0,30,0,0,0,1,9,5,0,0,0,0,0,1,200,200,200,200,200,200,200
343898,5,30,0,0,0,1,9,5,0,0,0,0,0,0,15,200,200,200,200,200,200
343898,1,30,0,0,0,1,9,5,0,0,0,0,0,200,200,200,200,200,200,200,200
343899,0,30,0,0,0,1,12,2,0,0,0,22,22,0,65,0,4,0,0,200,200
343899,0,30,0,0,0,1,12,2,0,0,0,22,22,1,46,0,0,0,0,200,200
343908,0,30,0,0,0,1,10,5,0,0,0,0,200,1,23,0,12,0,0,200,200
343908,0,30,0,0,0,1,10,5,0,0,0,0,200,1,32,0,0,0,0,200,200
343908,1,30,0,0,0,1,10,5,0,0,0,0,200,1,10,0,200,200,200,200,200
343913,0,20,0,0,0,1,7,7,0,0,0,0,0,2,200,200,200,200,200,200,200
343916,0,30,1,2,0,1,10,5,0,0,0,18,200,0,47,0,3,0,0,200,200
343916,0,30,1,2,0,1,10,5,0,0,0,18,200,0,60,0,0,0,0,200,200
343917,0,30,2,0,0,1,10,5,2,1,0,16,11,1,200,200,12,200,200,200,200
343917,0,30,2,0,0,1,10,5,2,1,0,16,11,1,62,0,0,0,0,200,200
343918,0,25,0,0,0,1,10,5,0,0,0,200,200,0,200,200,200,200,200,200,200
343918,0,25,0,0,0,1,10,5,0,0,0,200,200,1,32,0,0,0,0,200,200
343920,0,30,1,200,0,1,8,5,0,0,200,0,200,0,37,200,1,200,0,200,200
343920,4,30,1,200,0,1,8,5,0,0,200,0,200,0,37,200,200,200,0,200,200
343921,0,30,12,0,0,1,12,2,0,0,0,0,33,0,65,200,200,200,0,200,200
343921,0,30,12,0,0,1,12,2,0,0,0,0,33,0,24,200,0,0,0,200,200
343925,0,30,2,2,0,1,14,5,0,0,200,5,0,0,24,200,1,200,7,200,200
343925,0,30,2,2,0,1,14,5,0,0,200,5,0,1,64,0,0,0,1,200,200
343929,0,15,0,0,200,200,7,7,0,0,200,0,200,2,200,200,200,200,200,200,200
343933,0,30,0,0,0,1,7,6,0,0,0,25,200,2,200,200,200,200,200,200,200
343935,0,20,0,0,0,1,10,5,0,0,0,18,200,0,67,0,3,0,0,200,200
343935,0,20,0,0,0,1,10,5,0,0,0,18,200,1,64,0,12,0,0,200,200
343937,0,30,0,0,0,1,14,5,0,0,0,17,17,1,64,0,1,0,0,200,200
343937,0,30,0,0,0,1,14,5,0,0,0,17,17,0,47,0,0,0,0,200,200
343944,0,30,1,2,0,1,10,5,0,0,0,18,16,1,200,200,3,200,200,200,200
343944,0,30,1,2,0,1,10,5,0,0,0,18,16,1,26,0,0,0,0,200,200
343944,1,30,1,2,0,1,10,5,0,0,0,18,16,1,200,200,200,200,200,200,200
343945,0,30,0,0,0,1,7,5,0,0,200,14,14,1,200,200,12,200,200,200,200
343945,1,30,0,0,0,1,7,5,0,0,200,14,14,1,28,7,200,200,200,200,200
343953,0,30,0,0,0,1,14,5,0,0,200,23,200,0,19,200,7,200,200,200,200
343953,0,30,0,0,0,1,14,5,0,0,200,23,200,0,69,200,0,200,200,200,200
343956,0,30,1,2,0,1,7,5,0,1,0,21,21,0,37,0,200,0,0,200,200
343956,1,30,1,2,0,1,7,5,0,1,0,21,21,0,200,0,200,200,200,200,200
343957,0,30,0,0,0,1,11,2,0,0,200,10,0,0,38,200,9,200,200,200,200
343957,0,30,0,0,0,1,11,2,0,0,200,10,0,1,41,200,0,200,200,200,200
343957,1,30,0,0,0,1,11,2,0,0,200,10,0,1,200,200,200,200,200,200,200
343957,1,30,0,0,0,1,11,2,0,0,200,10,0,1,43,200,200,200,200,200,200
343958,0,30,0,0,0,1,10,5,0,0,0,0,200,0,37,0,200,200,0,200,200
343958,0,30,0,0,0,1,10,5,0,0,0,0,200,0,65,200,10,200,0,200,200
343964,0,35,1,2,0,1,12,2,0,0,0,0,0,0,34,0,200,0,0,200,200
343964,0,35,1,2,0,1,12,2,0,0,0,0,0,0,59,0,200,0,0,200,200
343964,1,35,1,2,0,1,12,2,0,0,0,0,0,1,55,0,200,200,200,200,200
343964,1,35,1,2,0,1,12,2,0,0,0,0,0,0,8,0,200,200,200,200,200
343966,0,30,1,1,0,1,0,5,0,0,0,6,14,0,35,200,13,200,200,200,200
343966,0,30,1,1,0,1,0,5,0,0,0,6,14,1,55,0,0,0,0,200,200
343966,1,30,1,1,0,1,0,5,0,0,0,6,14,0,33,200,200,200,200,200,200
343966,1,30,1,1,0,1,0,5,0,0,0,6,14,0,35,200,200,200,200,200,200
343972,0,30,1,200,0,1,14,2,0,0,200,22,0,1,38,200,2,200,200,200,200
343972,0,30,1,200,0,1,14,2,0,0,200,22,0,1,43,200,12,200,200,200,200
343972,1,30,1,200,0,1,14,2,0,0,200,22,0,1,200,200,200,200,200,200,200
343973,0,5,2,12,0,1,11,7,0,0,0,6,0,1,42,200,5,0,0,200,200
343973,0,5,2,12,0,1,11,7,0,0,0,6,0,0,28,0,0,0,0,200,200
343981,0,35,0,0,0,1,8,5,0,0,200,0,0,1,200,200,200,200,200,200,200
343981,4,35,0,0,0,1,8,5,0,0,200,0,0,0,17,2,200,200,0,200,200
343982,0,30,0,0,0,1,7,5,0,0,0,0,200,1,83,200,200,200,0,200,200
343983,0,15,0,0,0,1,7,7,0,0,0,0,0,2,200,200,200,200,200,200,200
343986,0,30,0,0,0,1,12,5,0,0,0,21,200,0,48,200,1,0,0,200,200
343986,0,30,0,0,0,1,12,5,0,0,0,21,200,1,42,200,0,0,0,200,200
343987,0,25,0,0,0,1,7,6,0,0,0,0,0,2,200,200,200,200,200,200,200
343988,0,30,2,2,0,1,0,5,0,0,0,0,0,0,200,200,12,200,200,200,200
343988,0,30,2,2,0,1,0,5,0,0,0,0,0,0,200,200,0,0,0,200,200
343988,1,30,2,2,0,1,0,5,0,0,0,0,0,1,200,200,200,200,200,200,200
343989,0,30,0,0,0,1,10,5,0,0,0,200,200,1,200,200,0,200,200,200,200
343989,0,30,0,0,0,1,10,5,0,0,0,200,200,0,62,0,0,0,0,200,200
343991,0,30,1,2,0,1,10,5,0,0,0,0,0,0,46,0,1,0,0,200,200
343991,0,30,1,2,0,1,10,5,0,0,0,0,0,1,37,0,0,0,0,200,200
343994,4,30,0,0,0,1,8,4,0,0,0,200,200,0,22,7,12,200,0,200,200
343994,0,30,0,0,0,1,8,4,0,0,0,200,200,0,36,200,0,200,0,200,200
343997,0,10,0,0,0,1,14,7,0,0,0,8,8,1,54,0,12,12,0,200,200
343997,0,10,0,0,0,1,14,7,0,0,0,8,8,0,38,0,12,0,0,200,200
343999,0,30,0,0,0,1,11,5,0,0,200,0,0,0,200,200,200,200,200,200,200
343999,0,30,0,0,0,1,11,5,0,0,200,0,0,1,60,200,200,200,0,200,200
344000,0,30,1,12,0,1,10,2,0,12,200,0,0,0,20,200,12,200,0,200,200
344000,0,30,1,12,0,1,10,2,0,12,200,0,0,0,53,200,0,200,0,200,200
344000,0,30,1,12,0,1,10,2,0,12,200,0,0,0,57,200,0,200,0,200,200
344004,0,30,0,200,0,1,0,2,0,0,0,5,14,0,29,200,5,0,0,200,200
344004,0,30,0,200,0,1,0,2,0,0,0,5,14,0,54,200,0,0,0,200,200
344006,0,30,1,2,0,1,14,5,0,200,200,22,22,1,51,0,7,200,0,200,200
344006,0,30,1,2,0,1,14,5,0,200,200,22,22,0,36,0,12,200,0,200,200
344006,1,30,1,2,0,1,14,5,0,200,200,22,22,1,200,0,200,200,200,200,200
344009,0,10,0,0,0,1,10,0,0,0,0,20,200,0,73,200,6,0,0,200,200
344009,0,10,0,0,0,1,10,0,0,0,0,20,200,1,63,200,0,0,0,200,200
344011,0,30,1,2,0,1,10,2,0,0,200,18,0,0,200,200,3,200,200,200,200
344011,0,30,1,2,0,1,10,2,0,0,200,18,0,1,37,0,0,0,0,200,200
344011,1,30,1,2,0,1,10,2,0,0,200,18,0,1,200,200,200,200,200,200,200
344028,0,30,0,0,0,1,7,6,0,0,0,0,200,1,40,200,200,0,5,200,200
344029,0,30,1,2,0,1,14,5,0,0,2,17,200,0,200,200,1,200,200,200,200
344029,0,30,1,2,0,1,14,5,0,0,2,17,200,0,34,0,0,0,0,200,200
344032,0,30,0,0,0,1,9,6,0,0,200,0,0,0,200,200,1,200,200,200,200
344032,5,30,0,0,0,1,9,6,0,0,200,0,0,1,42,7,0,200,0,200,200
344037,0,30,0,0,0,1,0,5,0,0,0,0,0,1,200,200,1,200,200,200,200
344037,0,30,0,0,0,1,0,5,0,0,0,0,0,0,41,0,0,0,0,200,200
344038,0,30,0,0,0,1,10,7,0,0,0,200,200,1,200,200,0,200,200,200,200
344038,0,30,0,0,0,1,10,7,0,0,0,200,200,0,17,0,0,0,0,200,200
344040,4,30,2,2,0,1,8,2,0,0,0,5,200,0,21,7,1,0,0,200,200
344040,0,30,2,2,0,1,8,2,0,0,0,5,200,0,56,200,0,0,0,200,200
344041,0,30,0,0,0,1,14,5,0,0,0,25,0,1,39,200,12,200,200,200,200
344041,0,30,0,0,0,1,14,5,0,0,0,25,0,1,20,0,0,0,0,200,200
344042,0,10,0,0,0,1,14,7,0,200,200,0,200,1,29,200,7,200,200,200,200
344042,0,10,0,0,0,1,14,7,0,200,200,0,200,1,50,200,0,200,200,200,200
344053,0,30,1,2,0,1,14,2,0,0,0,17,0,0,60,0,1,0,0,200,200
344053,0,30,1,2,0,1,14,2,0,0,0,17,0,0,51,0,1,0,0,200,200
344060,0,15,0,0,0,1,7,7,0,0,12,0,11,0,52,0,200,0,0,200,200
344062,0,30,0,0,0,1,12,2,0,0,0,22,200,1,54,3,1,0,0,200,200
344062,0,30,0,0,0,1,12,2,0,0,0,22,200,1,40,200,0,0,0,200,200
344063,0,30,1,2,0,1,10,5,0,0,0,0,0,2,200,200,200,200,200,200,200
344063,0,30,1,2,0,1,10,5,0,0,0,0,0,0,61,0,200,200,200,200,200
344064,0,25,0,0,0,1,7,5,0,0,0,23,200,0,200,200,7,200,200,200,200
344077,0,30,0,0,0,1,14,3,0,0,0,0,0,0,56,0,12,0,0,200,200
344077,0,30,0,0,0,1,14,3,0,0,0,0,0,0,30,0,12,0,0,200,200
344077,1,30,0,0,0,1,14,3,0,0,0,0,0,0,55,0,200,200,200,200,200
344078,0,15,0,0,0,1,10,7,0,0,0,20,200,1,70,0,6,0,0,200,200
344078,0,15,0,0,0,1,10,7,0,0,0,20,200,0,68,0,0,0,0,200,200
344081,0,30,0,0,0,1,8,3,0,0,0,0,0,0,200,200,7,200,200,200,200
344081,4,30,0,0,0,1,8,3,0,0,0,0,0,0,200,2,0,0,0,200,200
344090,0,30,3,12,0,1,10,2,0,0,0,0,200,1,29,200,200,200,200,200,200
344090,0,30,3,12,0,1,10,2,0,0,0,0,200,1,64,0,200,0,0,200,200
344090,1,30,3,12,0,1,10,2,0,0,0,0,200,1,20,0,200,200,200,200,200
344092,0,30,0,0,0,1,12,5,0,0,0,17,200,1,200,200,1,200,200,200,200
344092,0,30,0,0,0,1,12,5,0,0,0,17,200,1,53,0,0,0,0,200,200
344097,0,30,0,0,0,1,10,2,0,0,0,20,0,0,38,0,6,200,0,200,200
344097,0,30,0,0,0,1,10,2,0,0,0,20,0,0,21,0,3,200,0,200,200
344099,0,30,0,0,0,1,14,2,0,0,0,23,22,0,33,0,12,0,0,200,200
344099,0,30,0,0,0,1,14,2,0,0,0,23,22,0,38,0,0,0,0,200,200
344101,0,25,2,2,0,1,10,5,0,0,0,20,0,0,22,0,0,0,0,200,200
344101,0,25,2,2,0,1,10,5,0,0,0,20,0,0,200,200,6,200,200,200,200
344102,0,25,1,2,0,1,14,2,3,0,0,18,200,0,200,200,3,200,200,200,200
344102,0,25,1,2,0,1,14,2,3,0,0,18,200,1,59,200,0,200,0,200,200
344124,0,10,0,0,0,1,7,7,0,0,0,11,200,0,68,0,12,0,0,200,200
344129,0,30,0,0,0,1,7,12,0,0,0,0,0,2,200,200,10,200,200,200,200
344130,5,30,1,2,0,1,9,2,0,0,0,3,200,0,78,7,0,0,0,200,200
344130,0,30,1,2,0,1,9,2,0,0,0,3,200,1,35,200,12,0,0,200,200
344131,0,30,0,0,0,1,12,5,0,0,0,17,200,0,29,0,1,200,0,200,200
344131,0,30,0,0,0,1,12,5,0,0,0,17,200,0,64,0,0,200,0,200,200
344131,1,30,0,0,0,1,12,5,0,0,0,17,200,0,14,0,200,200,200,200,200
344131,1,30,0,0,0,1,12,5,0,0,0,17,200,1,10,0,200,200,200,200,200
344135,0,30,8,2,0,1,7,7,0,0,0,0,200,2,200,200,200,200,200,200,200
344138,0,30,0,0,0,1,12,5,0,0,0,200,200,1,200,200,0,200,200,200,200
344138,0,30,0,0,0,1,12,5,0,0,0,200,200,1,25,0,0,0,0,200,200
344139,0,30,1,2,0,1,2,5,0,0,0,32,200,1,37,0,10,0,6,200,200
344144,0,30,0,2,0,1,12,5,0,0,0,0,0,2,200,200,0,200,200,200,200
344144,0,30,0,2,0,1,12,5,0,0,0,0,0,1,56,7,0,0,0,200,200
344148,0,30,0,0,0,1,14,2,0,0,0,17,33,0,22,0,1,1,0,200,200
344148,0,30,0,0,0,1,14,2,0,0,0,17,33,0,45,0,0,1,0,200,200
344148,1,30,0,0,0,1,14,2,0,0,0,17,33,1,50,0,200,200,200,200,200
344150,0,30,0,0,0,1,10,5,0,0,200,0,0,0,200,200,200,200,200,200,200
344150,0,30,0,0,0,1,10,5,0,0,200,0,0,0,31,0,200,200,200,200,200
344158,0,30,0,0,0,1,10,5,0,0,0,18,0,0,200,200,3,0,0,200,200
344158,0,30,0,0,0,1,10,5,0,0,0,18,0,0,59,0,0,0,0,200,200
344158,1,30,0,0,0,1,10,5,0,0,0,18,0,1,54,0,200,200,200,200,200
344161,0,30,1,2,0,1,12,2,0,0,0,4,17,0,21,200,2,0,0,200,200
344161,0,30,1,2,0,1,12,2,0,0,0,4,17,0,54,200,0,0,0,200,200
344162,0,25,0,0,0,0,12,7,0,0,0,0,200,0,0,0,6,0,200,200,200
344162,0,25,0,0,0,0,12,7,0,0,0,0,200,1,200,200,200,200,200,200,200
344164,0,30,1,2,0,1,12,5,0,0,0,0,0,1,29,200,200,200,200,200,200
344164,0,30,1,2,0,1,12,5,0,0,0,0,0,1,35,200,200,200,200,200,200
344164,1,30,1,2,0,1,12,5,0,0,0,0,0,0,40,0,200,200,200,200,200
344165,0,30,1,2,0,1,14,5,0,0,0,23,200,2,200,200,7,200,200,200,200
344165,0,30,1,2,0,1,14,5,0,0,0,23,200,1,19,0,0,0,0,200,200
344165,1,30,1,2,0,1,14,5,0,0,0,23,200,0,18,0,200,200,200,200,200
344168,0,0,200,200,0,1,2,4,0,0,0,200,200,1,17,200,200,200,0,200,200
344173,0,30,0,0,0,1,12,5,0,0,0,0,200,0,64,0,200,200,0,200,200
344173,0,30,0,0,0,1,12,5,0,0,0,0,200,1,80,0,200,200,0,200,200
344177,0,30,0,0,0,1,7,5,0,0,0,11,200,1,0,0,10,0,0,200,200
344178,0,30,1,2,0,1,14,5,0,0,0,18,200,0,200,200,200,200,200,200,200
344178,0,30,1,2,0,1,14,5,0,0,0,18,200,0,65,0,0,0,0,200,200
344178,1,30,1,2,0,1,14,5,0,0,0,18,200,1,17,0,200,200,200,200,200
344178,1,30,1,2,0,1,14,5,0,0,0,18,200,0,200,200,200,200,200,200,200
344178,1,30,1,2,0,1,14,5,0,0,0,18,200,2,200,200,200,200,200,200,200
344184,0,30,0,0,0,1,12,3,0,0,0,200,200,1,62,0,0,0,0,200,200
344184,0,30,0,0,0,1,12,3,0,0,0,200,200,0,36,0,0,0,0,200,200
344186,0,30,2,200,0,1,0,2,0,0,0,17,200,1,29,0,1,200,0,200,200
344186,0,30,2,200,0,1,0,2,0,0,0,17,200,0,31,0,0,0,0,200,200
344186,1,30,2,200,0,1,0,2,0,0,0,17,200,1,23,0,200,200,200,200,200
344191,0,30,0,0,0,1,12,5,0,0,0,0,0,0,32,200,4,0,0,200,200
344191,0,30,0,0,0,1,12,5,0,0,0,0,0,1,36,0,0,0,0,200,200
344193,0,30,0,0,0,1,7,200,0,0,200,0,200,2,200,200,1,200,200,200,200
344196,0,30,0,0,0,1,7,5,0,0,0,200,200,0,39,1,0,0,0,200,200
344203,0,30,0,0,0,1,14,5,0,0,200,17,200,0,31,0,7,200,0,200,200
344203,0,30,0,0,0,1,14,5,0,0,200,17,200,0,60,0,0,200,0,200,200
344203,1,30,0,0,0,1,14,5,0,0,200,17,200,1,58,0,200,200,200,200,200
344209,0,30,0,0,0,1,10,6,0,0,0,18,200,0,34,0,3,0,0,200,200
344209,0,30,0,0,0,1,10,6,0,0,0,18,200,1,30,0,0,0,0,200,200
344215,0,30,2,2,0,1,10,5,0,0,0,18,11,0,200,200,1,200,200,200,200
344215,0,30,2,2,0,1,10,5,0,0,0,18,11,0,47,0,0,0,0,200,200
344216,0,30,0,0,0,1,12,6,0,0,0,22,0,0,53,200,10,200,200,200,200
344216,0,30,0,0,0,1,12,6,0,0,0,22,0,1,23,200,12,200,0,200,200
344218,0,40,200,200,0,1,12,3,0,200,200,22,16,1,27,200,200,200,200,200,200
344218,0,40,200,200,0,1,12,3,0,200,200,22,16,1,37,200,200,200,200,200,200
344219,0,30,0,0,0,1,7,2,0,0,0,0,200,0,45,7,12,0,0,200,200
344222,0,30,0,0,0,1,7,6,0,0,0,0,0,0,200,200,1,200,200,200,200
344222,1,30,0,0,0,1,7,6,0,0,0,0,0,0,200,200,200,200,200,200,200
344222,1,30,0,0,0,1,7,6,0,0,0,0,0,1,200,200,200,200,200,200,200
344222,1,30,0,0,0,1,7,6,0,0,0,0,0,0,200,0,200,200,200,200,200
344222,1,30,0,0,0,1,7,6,0,0,0,0,0,1,200,0,200,200,200,200,200
344223,0,10,0,0,0,1,7,7,0,0,0,25,200,1,39,200,6,0,1,200,200
344223,1,10,0,0,0,1,7,7,0,0,0,25,200,1,51,0,200,200,200,200,200
344224,0,35,0,0,0,1,12,6,0,0,0,21,200,0,48,200,4,0,0,200,200
344224,0,35,0,0,0,1,12,6,0,0,0,21,200,0,44,200,0,0,0,200,200
344226,0,30,0,0,0,1,8,2,0,0,0,0,0,0,63,200,200,200,0,200,200
344226,4,30,0,0,0,1,8,2,0,0,0,0,0,0,17,200,200,200,7,200,200
344227,0,10,0,0,0,1,10,1,0,0,0,12,200,0,200,200,200,200,0,200,200
344227,0,10,0,0,0,1,10,1,0,0,0,12,200,1,62,0,0,0,0,200,200
344232,0,20,0,0,0,1,11,7,0,0,0,17,200,1,200,200,1,200,200,200,200
344232,0,20,0,0,0,1,11,7,0,0,0,17,200,1,39,0,0,0,0,200,200
344232,1,20,0,0,0,1,11,7,0,0,0,17,200,0,5,0,200,200,200,200,200
344234,0,30,0,0,0,1,7,12,0,0,0,200,200,1,24,0,0,0,0,200,200
344235,0,30,0,0,0,1,12,5,0,0,0,0,0,0,47,200,200,200,200,200,200
344235,0,30,0,0,0,1,12,5,0,0,0,0,0,0,26,0,0,0,0,200,200
344237,0,30,1,2,0,1,7,6,0,0,0,0,0,2,200,200,12,200,200,200,200
344244,0,30,0,0,0,1,10,3,0,0,0,0,200,2,200,200,6,200,200,200,200
344244,0,30,0,0,0,1,10,3,0,0,0,0,200,0,51,7,12,0,0,200,200
344244,1,30,0,0,0,1,10,3,0,0,0,0,200,1,34,0,200,200,200,200,200
344249,0,0,1,2,0,1,10,2,0,0,0,18,0,0,30,200,3,200,200,200,200
344249,0,0,1,2,0,1,10,2,0,0,0,18,0,1,42,200,0,0,0,200,200
344250,0,30,2,2,0,1,0,5,0,0,0,5,17,2,200,200,1,200,200,200,200
344250,0,30,2,2,0,1,0,5,0,0,0,5,17,1,22,0,0,0,0,200,200
344251,0,30,1,2,0,1,14,2,0,0,0,21,0,1,24,0,7,0,0,200,200
344251,0,30,1,2,0,1,14,2,0,0,0,21,0,1,24,0,0,0,0,200,200
344251,1,30,1,2,0,1,14,2,0,0,0,21,0,1,200,0,200,200,200,200,200
344251,1,30,1,2,0,1,14,2,0,0,0,21,0,0,11,0,200,200,200,200,200