RD_NO,PERSON_TYPE,POSTED_SPEED_LIMIT,TRAFFIC_CONTROL_DEVICE,DEVICE_CONDITION,WEATHER_CONDITION,LIGHTING_CONDITION,FIRST_CRASH_TYPE,TRAFFICWAY_TYPE,ALIGNMENT,ROADWAY_SURFACE_COND,ROAD_DEFECT,PRIM_CONTRIBUTORY_CAUSE,SEC_CONTRIBUTORY_CAUSE,SEX,AGE,SAFETY_EQUIPMENT,DRIVER_ACTION,DRIVER_VISION,PHYSICAL_CONDITION,BAC_RESULT VALUE,CELL_PHONE_USE
344251,1,30,1,2,0,1,14,2,0,0,0,21,0,1,200,0,200,200,200,200,200
344251,1,30,1,2,0,1,14,2,0,0,0,21,0,0,12,0,200,200,200,200,200
344251,1,30,1,2,0,1,14,2,0,0,0,21,0,0,11,0,200,200,200,200,200
344258,0,30,0,0,0,1,14,7,0,0,200,0,0,0,60,200,3,200,200,200,200
344258,0,30,0,0,0,1,14,7,0,0,200,0,0,1,30,0,0,0,0,200,200
344260,0,30,0,0,0,1,12,6,0,0,200,17,200,0,55,200,0,200,0,200,200
344260,0,30,0,0,0,1,12,6,0,0,200,17,200,0,60,200,0,200,0,200,200
344262,0,0,0,0,0,1,2,12,0,0,0,17,11,2,200,200,200,200,200,200,200
344262,0,0,0,0,0,1,2,12,0,0,0,17,11,2,200,200,200,200,0,200,200
344271,0,30,1,2,0,1,14,12,0,0,0,0,0,2,200,200,200,200,200,200,200
344271,0,30,1,2,0,1,14,12,0,0,0,0,0,0,200,0,200,0,0,200,200
344273,0,30,0,0,0,1,7,7,0,0,0,0,0,1,39,200,200,200,200,200,200
344275,0,30,0,0,0,1,10,5,0,0,2,200,200,0,200,200,0,200,200,200,200
344275,0,30,0,0,0,1,10,5,0,0,2,200,200,0,52,0,0,0,0,200,200
344288,0,30,0,0,0,1,12,6,0,0,0,0,0,1,200,200,200,200,200,200,200
344288,0,30,0,0,0,1,12,6,0,0,0,0,0,1,28,200,0,0,0,200,200
344290,0,30,1,2,200,1,12,2,0,0,200,0,200,0,200,200,200,200,200,200,200
344290,0,30,1,2,200,1,12,2,0,0,200,0,200,0,51,200,200,200,200,200,200
344292,0,30,0,2,0,1,0,3,0,0,0,0,0,0,200,200,200,200,200,200,200
344292,0,30,0,2,0,1,0,3,0,0,0,0,0,1,37,200,200,200,0,200,200
344295,0,30,0,0,0,1,10,2,0,0,200,0,200,1,42,200,200,200,200,200,200
344295,0,30,0,0,0,1,10,2,0,0,200,0,200,0,33,200,200,200,200,200,200
344300,0,30,3,2,0,1,10,2,2,0,0,16,0,0,29,0,3,0,0,200,200
344300,0,30,3,2,0,1,10,2,2,0,0,16,0,0,36,0,0,0,0,200,200
344300,0,30,3,2,0,1,10,2,2,0,0,16,0,0,200,200,200,200,200,200,200
344301,0,30,0,0,0,1,7,5,0,0,0,0,200,1,60,0,200,0,0,200,200
344302,0,30,2,2,0,1,14,12,0,0,0,17,11,1,24,0,1,0,0,200,200
344302,0,30,2,2,0,1,14,12,0,0,0,17,11,1,27,0,0,0,0,200,200
344313,0,30,1,2,0,1,14,5,0,0,0,23,200,1,64,200,7,0,0,200,200
344313,0,30,1,2,0,1,14,5,0,0,0,23,200,0,26,0,0,0,0,200,200
344316,0,35,1,2,0,4,14,5,0,0,0,33,0,1,42,0,7,1,0,200,200
344316,0,35,1,2,0,4,14,5,0,0,0,33,0,0,46,0,1,0,0,200,200
344316,1,35,1,2,0,4,14,5,0,0,0,33,0,1,43,0,200,200,200,200,200
344318,0,30,0,0,0,1,7,200,0,0,0,0,18,1,200,200,200,200,200,200,200
344318,1,30,0,0,0,1,7,200,0,0,0,0,18,1,19,200,200,200,200,200,200
344319,0,30,1,2,0,1,12,6,0,0,0,21,200,0,200,200,4,200,200,200,200
344319,0,30,1,2,0,1,12,6,0,0,0,21,200,0,46,0,0,0,0,200,200
344320,0,30,0,0,0,1,14,5,0,0,0,23,200,1,36,0,7,0,0,200,200
344320,0,30,0,0,0,1,14,5,0,0,0,23,200,0,42,0,0,0,0,200,200
344326,0,25,0,0,0,1,0,12,0,0,0,5,200,0,20,0,12,0,0,200,200
344326,0,25,0,0,0,1,0,12,0,0,0,5,200,0,23,0,0,0,0,200,200
344326,1,25,0,0,0,1,0,12,0,0,0,5,200,1,16,0,200,200,200,200,200
344326,1,25,0,0,0,1,0,12,0,0,0,5,200,1,17,1,200,200,200,200,200
344330,0,30,2,2,0,1,14,6,0,0,0,17,200,0,200,0,1,0,0,200,200
344330,0,30,2,2,0,1,14,6,0,0,0,17,200,0,27,0,0,0,0,200,200
344332,0,15,0,0,0,1,7,2,0,0,0,0,0,2,200,200,7,200,200,200,200
344335,0,30,0,0,0,1,14,5,0,0,0,0,200,1,200,200,200,200,200,200,200
344335,0,30,0,0,0,1,14,5,0,0,0,0,200,1,44,0,200,0,0,200,200
344338,0,30,1,2,0,1,10,2,0,0,0,16,11,0,200,0,1,0,0,200,200
344338,0,30,1,2,0,1,10,2,0,0,0,16,11,1,54,0,0,0,0,200,200
344351,0,30,0,0,0,1,7,6,0,0,0,0,0,2,200,200,200,200,200,200,200
344356,0,30,1,2,0,1,10,5,0,200,200,22,22,0,50,200,2,200,200,200,200
344356,0,30,1,2,0,1,10,5,0,200,200,22,22,0,62,0,12,200,0,200,200
344364,0,15,0,0,0,1,7,6,0,0,0,10,0,0,200,200,9,200,200,200,200
344365,0,30,0,0,0,1,2,5,0,0,0,0,0,1,64,0,200,0,0,200,200
344367,0,30,1,2,0,1,10,5,0,0,0,18,200,0,45,200,3,200,200,200,200
344367,0,30,1,2,0,1,10,5,0,0,0,18,200,1,30,0,0,0,0,200,200
344370,0,30,1,2,0,1,10,5,0,0,0,16,11,0,200,200,3,200,200,200,200
344370,0,30,1,2,0,1,10,5,0,0,0,16,11,0,25,0,0,0,0,200,200
344378,0,30,0,0,0,0,7,6,0,0,0,200,200,1,200,200,0,200,200,200,200
344379,0,15,0,0,0,2,7,12,0,0,0,22,0,1,200,200,7,0,0,200,200
344383,0,30,1,2,0,4,14,5,0,0,0,18,0,0,46,200,3,0,0,200,200
344383,0,30,1,2,0,4,14,5,0,0,0,18,0,1,57,0,0,0,0,200,200
344389,0,20,0,0,0,3,7,0,0,0,0,20,200,0,28,200,6,0,0,200,200
344395,0,30,2,2,0,4,10,5,0,0,0,0,0,0,200,200,12,200,200,200,200
344395,0,30,2,2,0,4,10,5,0,0,0,0,0,1,200,200,0,0,0,200,200
344406,0,30,0,0,0,1,12,2,0,0,200,0,0,2,200,200,200,200,200,200,200
344406,0,30,0,0,0,1,12,2,0,0,200,0,0,1,75,200,200,200,0,200,200
344410,0,10,0,0,0,1,2,7,0,0,0,0,0,0,200,200,200,0,200,200,200
344413,5,15,0,0,0,4,9,0,0,0,0,200,200,0,36,200,200,200,7,200,200
344413,0,15,0,0,0,4,9,0,0,0,0,200,200,0,72,0,0,0,0,200,200
344426,0,30,0,0,0,3,10,2,0,0,0,18,16,1,23,0,3,0,0,200,200
344426,0,30,0,0,0,3,10,2,0,0,0,18,16,0,59,0,0,0,0,200,200
344429,0,30,2,2,0,4,0,2,0,0,0,5,16,0,46,7,5,0,0,200,200
344429,0,30,2,2,0,4,0,2,0,0,0,5,16,1,40,0,12,0,0,200,200
344430,0,45,1,2,0,1,7,5,0,0,0,11,200,2,200,200,10,200,200,200,200
344431,0,30,1,2,0,3,10,5,0,0,0,18,18,1,18,0,3,0,0,200,200
344431,0,30,1,2,0,3,10,5,0,0,0,18,18,1,39,0,0,0,0,200,200
344433,0,30,0,0,0,3,7,5,0,0,0,20,200,1,31,0,6,0,0,200,200
344433,1,30,0,0,0,3,7,5,0,0,0,20,200,1,10,0,200,200,200,200,200
344440,0,35,0,0,0,3,2,5,0,0,0,8,200,0,200,200,12,200,200,200,200
344440,1,35,0,0,0,3,2,5,0,0,0,8,200,1,38,0,200,200,200,200,200
344440,1,35,0,0,0,3,2,5,0,0,0,8,200,1,200,5,200,200,200,200,200
344440,1,35,0,0,0,3,2,5,0,0,0,8,200,1,200,5,200,200,200,200,200
344443,0,35,0,0,0,3,10,2,0,0,0,18,16,1,55,0,12,0,0,200,200
344443,1,35,0,0,0,3,10,2,0,0,0,18,16,1,200,0,200,200,200,200,200
344443,1,35,0,0,0,3,10,2,0,0,0,18,16,1,200,0,200,200,200,200,200
344443,0,35,0,0,0,3,10,2,0,0,0,18,16,2,200,200,3,200,200,200,200
344458,0,30,0,0,0,3,7,6,0,0,0,25,12,0,200,200,200,200,200,200,200
344458,1,30,0,0,0,3,7,6,0,0,0,25,12,200,200,7,200,200,200,200,200
344464,0,5,0,0,200,1,7,7,1,200,0,0,0,2,200,200,200,200,200,200,200
344465,0,30,0,0,0,0,7,5,0,0,0,0,21,1,52,200,200,0,0,200,200
344469,0,30,0,0,0,3,7,6,0,0,3,11,0,1,200,200,200,200,200,200,200
344469,1,30,0,0,0,3,7,6,0,0,3,11,0,200,200,200,200,200,200,200,200
344474,0,30,1,2,0,3,10,5,0,0,0,18,200,0,25,0,3,0,0,200,200
344474,0,30,1,2,0,3,10,5,0,0,0,18,200,1,52,0,0,0,0,200,200
344474,1,30,1,2,0,3,10,5,0,0,0,18,200,1,55,0,200,200,200,200,200
344475,0,35,1,2,0,3,12,2,0,0,0,17,16,1,24,200,1,200,200,200,200
344475,0,35,1,2,0,3,12,2,0,0,0,17,16,1,24,0,12,0,0,200,200
344479,0,30,1,2,0,3,10,2,0,0,0,8,8,0,54,0,13,0,0,200,200
344479,0,30,1,2,0,3,10,2,0,0,0,8,8,0,43,0,0,0,0,200,200
344479,1,30,1,2,0,3,10,2,0,0,0,8,8,1,200,0,200,200,200,200,200
344479,1,30,1,2,0,3,10,2,0,0,0,8,8,1,200,0,200,200,200,200,200
344486,0,30,1,2,0,1,10,5,0,0,0,18,18,0,200,200,1,0,0,200,200
344486,0,30,1,2,0,1,10,5,0,0,0,18,18,1,39,0,0,0,0,200,200
344496,0,30,0,0,0,3,10,2,0,0,0,18,18,1,26,0,3,0,0,200,200
344496,0,30,0,0,0,3,10,2,0,0,0,18,18,0,33,0,12,0,0,200,200
344496,0,30,0,0,0,3,10,2,0,0,0,18,18,0,28,0,0,0,0,200,200
344503,0,30,0,0,0,1,7,6,0,0,0,0,200,2,200,200,200,200,200,200,200
344513,0,40,0,0,0,3,2,3,0,0,0,0,200,0,200,200,200,200,200,200,200
344513,1,40,0,0,0,3,2,3,0,0,0,0,200,0,200,200,200,200,200,200,200
344515,0,30,0,0,0,4,10,5,0,0,0,18,200,0,200,200,3,200,200,200,200
344515,0,30,0,0,0,4,10,5,0,0,0,18,200,1,28,0,12,200,200,200,200
344516,5,30,1,2,0,3,9,2,0,0,0,200,200,0,74,7,12,200,7,200,200
344516,0,30,1,2,0,3,9,2,0,0,0,200,200,0,29,0,0,0,0,200,200
344524,0,30,1,2,0,3,10,5,0,0,200,18,200,1,200,200,3,200,200,200,200
344524,0,30,1,2,0,3,10,5,0,0,200,18,200,0,65,0,0,0,0,200,200
344525,0,30,0,0,0,1,12,5,0,0,0,20,17,1,200,200,6,0,0,200,200
344525,0,30,0,0,0,1,12,5,0,0,0,20,17,1,200,200,0,200,0,200,200
344525,1,30,0,0,0,1,12,5,0,0,0,20,17,1,200,200,200,200,200,200,200
344526,0,35,0,0,0,3,14,3,0,0,0,23,16,0,200,200,7,200,200,200,200
344526,0,35,0,0,0,3,14,3,0,0,0,23,16,1,62,0,0,0,0,200,200
344526,0,35,0,0,0,3,14,3,0,0,0,23,16,2,200,200,1,200,200,200,200
344533,0,35,0,0,0,3,14,2,0,0,0,23,200,0,49,200,7,200,0,200,200
344533,0,35,0,0,0,3,14,2,0,0,0,23,200,0,68,200,0,200,5,200,200
344538,0,30,1,2,0,1,10,3,0,0,0,15,6,2,200,200,200,200,200,200,200
344538,0,30,1,2,0,1,10,3,0,0,0,15,6,0,200,200,0,200,200,200,200
344538,1,30,1,2,0,1,10,3,0,0,0,15,6,1,39,200,200,200,200,200,200
344538,1,30,1,2,0,1,10,3,0,0,0,15,6,1,200,200,200,200,200,200,200
344543,0,30,2,2,0,3,14,5,0,0,0,17,0,0,29,200,1,0,0,200,200
344543,0,30,2,2,0,3,14,5,0,0,0,17,0,0,23,200,0,0,0,200,200
344543,1,30,2,2,0,3,14,5,0,0,0,17,0,0,22,200,200,200,200,200,200
344543,1,30,2,2,0,3,14,5,0,0,0,17,0,0,200,1,200,200,200,200,200
344544,0,25,0,0,0,3,7,5,0,0,0,0,0,0,200,200,200,200,200,200,200
344547,0,30,1,2,0,3,0,6,0,0,0,6,17,1,30,0,5,0,0,200,200
344547,0,30,1,2,0,3,0,6,0,0,0,6,17,1,37,0,200,0,0,200,200
344548,0,30,0,0,0,3,2,5,0,0,0,27,200,1,19,200,12,200,4,200,200
344560,0,30,12,2,0,3,7,5,0,0,0,20,15,0,21,1,6,200,5,200,200
344581,0,25,0,0,0,3,7,6,0,0,0,27,200,1,23,0,12,0,2,200,200
344591,0,30,0,0,0,3,7,7,0,0,0,11,0,1,19,200,200,200,0,200,200
344591,1,30,0,0,0,3,7,7,0,0,0,11,0,0,26,200,200,200,200,200,200
344591,1,30,0,0,0,3,7,7,0,0,0,11,0,1,32,200,200,200,200,200,200
344591,1,30,0,0,0,3,7,7,0,0,0,11,0,1,37,200,200,200,200,200,200
344592,0,30,0,5,0,3,2,5,0,0,0,28,200,0,39,200,12,0,0,200,200
344596,0,0,0,0,0,3,7,0,0,0,0,20,200,1,35,200,0,200,200,200,200
344610,0,30,0,0,0,3,2,6,0,0,0,0,0,0,19,0,200,0,0,200,200
344614,0,40,0,0,0,3,12,3,0,0,0,0,0,2,200,200,3,200,200,200,200
344614,0,40,0,0,0,3,12,3,0,0,0,0,0,1,36,200,12,0,0,200,200
344620,0,25,2,2,0,3,7,2,0,0,0,5,16,0,53,0,5,0,0,200,200
344644,0,30,1,2,0,3,10,5,0,0,0,16,18,0,58,200,3,200,0,200,200
344644,0,30,1,2,0,3,10,5,0,0,0,16,18,1,50,200,0,0,0,200,200
344646,0,40,1,2,0,3,14,3,0,0,0,23,200,2,200,200,7,200,200,200,200
344646,0,40,1,2,0,3,14,3,0,0,0,23,200,0,58,0,0,0,0,200,200
344666,0,35,1,2,0,0,12,5,0,0,0,17,200,0,41,200,1,0,0,200,200
344666,0,35,1,2,0,0,12,5,0,0,0,17,200,1,27,0,0,0,0,200,200
344666,1,35,1,2,0,0,12,5,0,0,0,17,200,1,200,200,200,200,200,200,200
344677,0,35,0,0,0,3,7,2,0,0,0,16,200,1,27,0,12,0,2,200,200
344694,0,30,0,0,0,1,12,8,0,0,0,0,200,0,26,200,4,0,0,200,200
344694,0,30,0,0,0,1,12,8,0,0,0,0,200,0,45,200,0,0,0,200,200
344695,0,30,1,2,0,1,10,5,0,0,0,18,0,1,40,0,3,0,0,200,200
344695,0,30,1,2,0,1,10,5,0,0,0,18,0,0,39,0,0,0,0,200,200
344698,0,30,1,2,0,1,10,5,0,0,0,18,0,0,44,0,3,0,0,200,200
344698,0,30,1,2,0,1,10,5,0,0,0,18,0,1,200,0,0,200,200,200,200
344706,0,35,0,0,0,1,2,2,0,0,0,0,200,1,39,0,12,0,0,200,200
344710,0,30,0,0,0,1,12,5,0,0,0,21,21,0,33,0,4,0,0,200,200
344710,0,30,0,0,0,1,12,5,0,0,0,21,21,0,26,0,0,0,0,200,200
344715,0,30,0,0,0,1,7,5,0,0,0,21,0,1,33,0,2,0,0,200,200
344726,0,30,1,2,0,1,14,5,0,0,0,17,20,0,200,200,6,200,200,200,200
344726,0,30,1,2,0,1,14,5,0,0,0,17,20,1,27,0,0,0,0,200,200
344727,0,30,1,2,0,1,10,5,0,0,0,18,18,0,23,0,3,0,0,200,200
344727,0,30,1,2,0,1,10,5,0,0,0,18,18,1,26,0,0,0,0,200,200
344738,0,30,1,2,0,1,12,5,0,0,0,21,0,0,31,200,4,0,0,200,200
344738,0,30,1,2,0,1,12,5,0,0,0,21,0,0,62,200,0,0,0,200,200
344740,0,30,0,0,0,1,14,5,0,0,0,0,200,0,50,0,7,0,0,200,200
344740,0,30,0,0,0,1,14,5,0,0,0,0,200,0,18,0,0,0,0,200,200
344741,0,20,0,0,0,3,7,6,0,0,0,0,0,2,200,200,200,200,200,200,200
344742,0,30,2,2,0,1,0,12,3,0,0,17,0,1,57,200,1,0,0,200,200
344742,0,30,2,2,0,1,0,12,3,0,0,17,0,0,28,200,12,0,0,200,200
344742,1,30,2,2,0,1,0,12,3,0,0,17,0,1,28,200,200,200,200,200,200
344743,0,30,0,0,0,1,7,2,0,0,0,0,200,0,40,200,200,200,200,200,200
344751,0,30,2,2,0,1,14,1,0,0,0,17,200,1,34,0,1,200,200,200,200
344751,0,30,2,2,0,1,14,1,0,0,0,17,200,1,29,0,0,0,0,200,200
344752,0,35,0,0,0,1,10,5,0,0,0,28,0,0,17,0,12,0,0,200,200
344752,0,35,0,0,0,1,10,5,0,0,0,28,0,1,55,0,0,0,0,200,200
344764,0,30,0,0,0,1,10,2,0,0,0,16,18,0,39,200,3,200,200,200,200
344764,0,30,0,0,0,1,10,2,0,0,0,16,18,0,34,0,0,0,0,200,200
344765,0,30,0,0,0,1,12,3,0,0,0,22,33,1,68,0,2,0,0,200,200
344765,0,30,0,0,0,1,12,3,0,0,0,22,33,1,58,0,0,0,0,200,200
344767,0,35,1,2,0,1,14,2,0,0,200,0,200,0,56,0,200,200,0,200,200
344767,0,35,1,2,0,1,14,2,0,0,200,0,200,0,58,0,0,200,0,200,200
344768,0,30,0,0,0,1,0,3,0,0,0,17,21,0,60,200,1,0,0,200,200
344768,0,30,0,0,0,1,0,3,0,0,0,17,21,0,67,0,0,0,0,200,200
344774,0,30,0,0,0,0,7,5,0,0,0,0,200,2,200,200,200,200,200,200,200
344779,0,30,1,2,0,1,10,5,0,0,0,0,0,0,46,0,200,0,0,200,200
344779,0,30,1,2,0,1,10,5,0,0,0,0,0,0,200,200,0,200,200,200,200
344780,0,30,2,0,0,1,14,6,0,0,0,5,200,1,32,0,5,3,0,200,200
344780,0,30,2,0,0,1,14,6,0,0,0,5,200,0,69,0,0,0,0,200,200
344780,0,30,2,0,0,1,14,6,0,0,0,5,200,1,27,0,3,0,0,200,200
344780,1,30,2,0,0,1,14,6,0,0,0,5,200,1,32,0,200,200,200,200,200
344780,1,30,2,0,0,1,14,6,0,0,0,5,200,0,28,0,200,200,200,200,200
344780,1,30,2,0,0,1,14,6,0,0,0,5,200,0,27,0,200,200,200,200,200
344787,0,30,0,0,0,1,12,2,0,0,0,17,14,0,26,0,200,0,0,200,200
344787,0,30,0,0,0,1,12,2,0,0,0,17,14,1,37,0,0,0,0,200,200
344794,0,30,0,0,0,1,10,3,0,0,0,18,18,1,28,0,3,0,0,200,200
344794,0,30,0,0,0,1,10,3,0,0,0,18,18,0,60,0,0,0,0,200,200
344794,1,30,0,0,0,1,10,3,0,0,0,18,18,1,51,0,200,200,200,200,200
344801,0,15,0,0,0,1,0,7,0,0,0,11,11,0,45,200,6,0,0,200,200
344801,0,15,0,0,0,1,0,7,0,0,0,11,11,0,55,200,0,0,0,200,200
344804,0,30,1,2,0,1,12,3,0,0,0,17,17,0,27,200,1,0,0,200,200
344804,0,30,1,2,0,1,12,3,0,0,0,17,17,1,32,0,0,0,0,200,200
344809,0,30,0,0,0,1,12,2,0,0,0,22,200,0,32,0,4,0,0,200,200
344809,0,30,0,0,0,1,12,2,0,0,0,22,200,1,40,0,0,0,0,200,200
344809,1,30,0,0,0,1,12,2,0,0,0,22,200,1,200,0,200,200,200,200,200
344812,0,20,0,0,0,1,7,7,0,0,0,20,200,0,24,0,6,0,0,200,200
344813,0,30,1,1,0,1,9,5,0,0,0,17,0,0,31,0,1,0,0,200,200
344813,5,30,1,1,0,1,9,5,0,0,0,17,0,0,16,7,200,0,0,200,200
344814,0,30,0,0,0,1,7,5,0,0,0,0,0,0,39,0,200,200,0,200,200
344827,0,30,0,0,0,1,10,5,0,0,0,0,0,1,60,200,0,0,0,200,200
344827,0,30,0,0,0,1,10,5,0,0,0,0,0,1,200,200,0,0,0,200,200
344828,0,30,0,0,0,1,9,5,0,0,0,0,0,0,61,0,200,0,0,200,200
344828,5,30,0,0,0,1,9,5,0,0,0,0,0,1,74,7,200,200,0,200,200
344830,0,30,1,2,0,1,14,2,0,0,0,23,200,0,200,200,3,200,200,200,200
344830,0,30,1,2,0,1,14,2,0,0,0,23,200,1,49,0,0,0,0,200,200
344838,0,30,0,0,0,1,12,5,0,0,0,18,17,0,28,200,3,0,0,200,200
344838,0,30,0,0,0,1,12,5,0,0,0,18,17,0,52,200,0,0,0,200,200
344841,0,30,0,0,0,1,12,6,0,0,0,17,0,0,44,200,1,200,0,200,200
344841,0,30,0,0,0,1,12,6,0,0,0,17,0,0,21,0,0,0,0,200,200
344842,0,15,0,0,0,1,7,7,0,0,0,17,20,1,200,200,1,200,0,200,200
344842,1,15,0,0,0,1,7,7,0,0,0,17,20,1,200,200,200,200,200,200,200
344848,0,30,0,0,0,1,12,5,0,0,0,0,0,2,200,200,200,200,200,200,200
344848,0,30,0,0,0,1,12,5,0,0,0,0,0,1,53,0,0,0,0,200,200
344853,0,35,1,2,0,1,10,2,0,0,0,20,20,0,61,200,6,200,200,200,200
344853,0,35,1,2,0,1,10,2,0,0,0,20,20,0,39,7,0,0,0,200,200
344858,0,30,0,200,0,1,9,5,0,0,200,17,0,1,49,0,200,200,0,200,200
344858,5,30,0,200,0,1,9,5,0,0,200,17,0,1,36,7,200,200,12,200,200
344863,0,30,2,200,200,3,14,3,0,200,200,0,200,0,200,200,7,200,200,200,200
344863,0,30,2,200,200,3,14,3,0,200,200,0,200,1,40,200,200,200,200,200,200
344863,1,30,2,200,200,3,14,3,0,200,200,0,200,1,200,200,200,200,200,200,200
344863,1,30,2,200,200,3,14,3,0,200,200,0,200,1,200,200,200,200,200,200,200
344866,0,30,1,2,0,1,10,1,0,0,0,18,200,1,43,0,3,0,0,200,200
344866,0,30,1,2,0,1,10,1,0,0,0,18,200,1,28,0,0,200,0,200,200
344866,1,30,1,2,0,1,10,1,0,0,0,18,200,1,200,0,200,200,200,200,200
344866,1,30,1,2,0,1,10,1,0,0,0,18,200,0,200,0,200,200,200,200,200
344870,0,30,2,2,0,1,10,5,0,0,0,18,0,0,46,200,3,200,200,200,200
344870,0,30,2,2,0,1,10,5,0,0,0,18,0,1,50,0,0,0,0,200,200
344871,0,0,1,2,0,1,8,1,0,0,0,17,0,0,45,0,1,0,0,200,200
344871,4,0,1,2,0,1,8,1,0,0,0,17,0,1,19,2,0,0,0,200,200
344878,0,30,0,0,0,1,11,5,0,0,0,0,0,1,36,0,200,200,0,200,200
344878,0,30,0,0,0,1,11,5,0,0,0,0,0,0,53,200,200,200,0,200,200
344878,1,30,0,0,0,1,11,5,0,0,0,0,0,1,6,0,200,200,200,200,200
344880,0,30,0,0,0,1,0,2,0,0,0,0,200,0,200,200,200,200,200,200,200
344880,0,30,0,0,0,1,0,2,0,0,0,0,200,0,68,0,0,0,0,200,200
344884,0,35,1,2,0,1,14,5,0,0,0,21,25,1,24,0,7,0,0,200,200
344884,0,35,1,2,0,1,14,5,0,0,0,21,25,0,38,0,0,0,0,200,200
344887,0,0,2,2,0,1,0,5,0,0,0,17,17,1,32,0,200,0,0,200,200
344887,0,0,2,2,0,1,0,5,0,0,0,17,17,1,33,0,200,0,0,200,200
344889,0,30,0,0,0,1,10,6,0,0,0,20,20,1,200,200,6,0,0,200,200
344889,0,30,0,0,0,1,10,6,0,0,0,20,20,1,32,0,0,0,0,200,200
344897,0,20,0,0,0,200,7,5,0,0,0,0,200,2,200,200,200,200,200,200,200
344901,0,30,0,0,0,1,0,5,0,0,0,20,200,1,24,200,12,0,0,200,200
344901,0,30,0,0,0,1,0,5,0,0,0,20,200,0,57,0,0,0,0,200,200
344906,0,30,2,2,0,1,3,5,0,0,0,0,0,1,66,200,1,200,200,200,200
344906,0,30,2,2,0,1,3,5,0,0,0,0,0,0,47,0,0,0,0,200,200
344906,1,30,2,2,0,1,3,5,0,0,0,0,0,1,200,200,200,200,200,200,200
344906,1,30,2,2,0,1,3,5,0,0,0,0,0,1,200,200,200,200,200,200,200
344906,1,30,2,2,0,1,3,5,0,0,0,0,0,1,200,200,200,200,200,200,200
344916,0,30,0,0,0,1,7,5,0,0,200,0,200,2,200,200,200,200,200,200,200
344917,0,30,1,2,0,1,12,1,0,0,0,0,0,1,24,0,200,0,0,200,200
344917,0,30,1,2,0,1,12,1,0,0,0,0,0,1,35,0,0,0,0,200,200
344924,0,30,0,0,0,1,7,5,0,0,0,11,200,0,68,0,12,0,0,200,200
344925,0,30,2,200,0,1,14,2,0,0,0,23,200,0,79,200,7,0,0,200,200
344925,0,30,2,200,0,1,14,2,0,0,0,23,200,0,59,200,0,0,0,200,200
344926,0,30,0,0,0,1,10,5,0,0,0,0,200,0,34,0,200,0,0,200,200
344926,0,30,0,0,0,1,10,5,0,0,0,0,200,1,48,0,200,0,0,200,200
344926,1,30,0,0,0,1,10,5,0,0,0,0,200,1,30,0,200,200,200,200,200
344926,1,30,0,0,0,1,10,5,0,0,0,0,200,1,1,5,200,200,200,200,200
344926,1,30,0,0,0,1,10,5,0,0,0,0,200,0,14,0,200,200,200,200,200
344929,0,30,0,0,0,1,10,5,0,0,0,0,200,0,0,0,0,0,0,200,200
344929,0,30,0,0,0,1,10,5,0,0,0,0,200,1,43,7,0,0,0,200,200
344929,1,30,0,0,0,1,10,5,0,0,0,0,200,0,200,0,200,200,200,200,200
344931,0,30,2,2,0,1,14,5,0,0,0,0,200,0,66,200,200,200,200,200,200
344931,0,30,2,2,0,1,14,5,0,0,0,0,200,1,27,200,0,0,0,200,200
344932,0,30,2,2,0,1,14,3,0,0,0,23,17,1,24,0,7,0,0,200,200
344932,0,30,2,2,0,1,14,3,0,0,0,23,17,1,30,0,0,0,0,200,200
344932,1,30,2,2,0,1,14,3,0,0,0,23,17,1,200,200,200,200,200,200,200
344933,0,30,1,2,0,1,10,2,0,0,0,18,200,0,24,0,3,0,0,200,200
344933,0,30,1,2,0,1,10,2,0,0,0,18,200,1,65,0,0,0,0,200,200
344933,1,30,1,2,0,1,10,2,0,0,0,18,200,1,200,0,200,200,200,200,200
344937,0,30,0,0,0,1,0,5,0,0,0,23,200,0,79,0,1,0,0,200,200
344937,0,30,0,0,0,1,0,5,0,0,0,23,200,1,39,0,0,0,0,200,200
344938,0,10,0,0,0,3,7,7,0,0,0,0,200,0,24,0,12,0,0,200,200
344942,0,30,1,2,0,1,12,5,0,0,0,21,21,1,62,0,4,0,0,200,200
344942,0,30,1,2,0,1,12,5,0,0,0,21,21,0,75,0,0,0,0,200,200
344946,0,30,1,2,0,1,10,2,0,0,0,18,200,0,32,0,3,0,0,200,200
344946,0,30,1,2,0,1,10,2,0,0,0,18,200,0,23,0,0,0,0,200,200
344953,0,30,0,0,0,1,7,5,0,200,200,0,0,0,44,0,3,200,200,200,200
344955,0,30,1,2,0,1,10,2,0,0,0,16,200,0,21,200,5,200,200,200,200
344955,0,30,1,2,0,1,10,2,0,0,0,16,200,1,37,200,0,0,0,200,200
344957,0,30,0,0,0,1,11,7,0,0,0,0,0,0,22,200,1,0,0,200,200
344957,0,30,0,0,0,1,11,7,0,0,0,0,0,0,41,200,0,12,0,200,200
344962,0,35,1,2,0,1,12,2,0,0,0,22,200,0,200,200,2,200,200,200,200
344962,0,35,1,2,0,1,12,2,0,0,0,22,200,0,47,0,0,0,0,200,200
344964,0,30,1,2,0,1,14,2,0,0,0,17,11,0,64,0,1,0,0,200,200
344964,0,30,1,2,0,1,14,2,0,0,0,17,11,1,27,0,0,0,0,200,200
344965,0,30,1,2,0,1,10,2,0,0,0,18,18,0,59,0,3,0,0,200,200
344965,0,30,1,2,0,1,10,2,0,0,0,18,18,1,47,0,0,0,0,200,200
344966,0,30,1,2,0,1,10,5,0,0,0,18,0,0,46,1,3,0,0,200,200
344966,0,30,1,2,0,1,10,5,0,0,0,18,0,1,35,0,0,0,0,200,200