RD_NO,PERSON_TYPE,POSTED_SPEED_LIMIT,TRAFFIC_CONTROL_DEVICE,DEVICE_CONDITION,WEATHER_CONDITION,LIGHTING_CONDITION,FIRST_CRASH_TYPE,TRAFFICWAY_TYPE,ALIGNMENT,ROADWAY_SURFACE_COND,ROAD_DEFECT,PRIM_CONTRIBUTORY_CAUSE,SEC_CONTRIBUTORY_CAUSE,SEX,AGE,SAFETY_EQUIPMENT,DRIVER_ACTION,DRIVER_VISION,PHYSICAL_CONDITION,BAC_RESULT VALUE,CELL_PHONE_USE
346184,0,30,200,200,200,200,7,200,0,200,200,200,200,2,200,200,200,200,200,200,200
346190,0,30,1,2,0,1,14,5,0,0,0,17,11,1,41,0,1,0,0,200,200
346190,0,30,1,2,0,1,14,5,0,0,0,17,11,1,25,0,0,0,0,200,200
346190,1,30,1,2,0,1,14,5,0,0,0,17,11,1,35,0,200,200,200,200,200
346190,1,30,1,2,0,1,14,5,0,0,0,17,11,0,1,5,200,200,200,200,200
346193,0,30,1,2,0,1,14,5,0,0,200,0,0,1,82,200,200,200,200,200,200
346193,0,30,1,2,0,1,14,5,0,0,200,0,0,0,36,200,200,200,200,200,200
346196,0,30,0,0,0,1,10,5,0,0,200,0,0,0,200,200,15,200,200,200,200
346196,0,30,0,0,0,1,10,5,0,0,200,0,0,0,52,0,0,0,0,200,200
346196,1,30,0,0,0,1,10,5,0,0,200,0,0,1,200,200,200,200,200,200,200
346197,0,30,0,0,0,1,10,5,0,0,0,21,21,1,200,200,1,200,200,200,200
346197,0,30,0,0,0,1,10,5,0,0,0,21,21,0,22,0,0,0,0,200,200
346203,0,30,0,0,0,1,8,2,0,0,0,0,0,1,200,200,200,200,200,200,200
346203,4,30,0,0,0,1,8,2,0,0,0,0,0,0,38,200,200,0,0,200,200
346215,0,30,0,0,0,1,2,6,0,0,1,0,200,0,66,0,12,0,0,200,200
346217,0,15,0,0,0,1,7,8,0,0,0,0,200,2,200,200,10,200,200,200,200
346219,0,30,2,2,0,1,0,5,0,0,0,0,0,1,56,0,200,0,0,200,200
346219,0,30,2,2,0,1,0,5,0,0,0,0,0,0,75,0,200,0,0,200,200
346229,0,30,1,2,0,1,14,1,0,0,0,0,200,1,30,0,1,0,0,200,200
346229,0,30,1,2,0,1,14,1,0,0,0,0,200,0,54,1,0,0,0,200,200
346232,0,30,7,12,0,1,9,5,0,0,12,0,0,1,200,1,200,200,200,200,200
346232,5,30,7,12,0,1,9,5,0,0,12,0,0,0,200,7,0,200,0,200,200
346233,0,30,1,2,0,1,14,2,0,0,0,0,200,0,38,200,200,200,200,200,200
346233,0,30,1,2,0,1,14,2,0,0,0,0,200,1,34,0,0,0,0,200,200
346243,0,25,0,0,200,3,7,6,2,200,0,11,200,2,200,200,200,200,200,200,200
346246,0,30,1,2,0,1,14,6,0,0,0,22,200,1,26,2,2,0,0,200,200
346246,0,30,1,2,0,1,14,6,0,0,0,22,200,0,30,0,0,0,0,200,200
346251,0,30,2,2,0,2,0,2,0,0,0,18,0,0,51,0,2,200,0,200,200
346251,0,30,2,2,0,2,0,2,0,0,0,18,0,1,43,0,0,200,0,200,200
346253,0,30,1,2,0,1,10,5,0,0,0,16,200,1,22,200,12,0,0,200,200
346253,0,30,1,2,0,1,10,5,0,0,0,16,200,0,73,0,0,0,0,200,200
346253,1,30,1,2,0,1,10,5,0,0,0,16,200,1,200,0,200,200,200,200,200
346254,0,35,1,2,0,1,10,2,0,0,0,18,200,1,200,200,3,200,200,200,200
346254,0,35,1,2,0,1,10,2,0,0,0,18,200,1,28,0,0,0,0,200,200
346260,0,30,0,0,200,200,7,6,0,200,0,0,200,2,200,200,200,200,200,200,200
346262,0,20,0,0,0,1,0,7,0,0,0,11,0,1,79,0,12,5,0,200,200
346262,0,20,0,0,0,1,0,7,0,0,0,11,0,1,28,0,0,5,0,200,200
346263,0,30,2,2,0,1,11,5,0,0,0,17,22,0,43,200,1,200,0,200,200
346263,0,30,2,2,0,1,11,5,0,0,0,17,22,1,30,200,0,200,0,200,200
346264,0,30,0,0,0,3,7,5,0,0,0,0,200,2,200,200,200,200,200,200,200
346270,0,30,0,0,0,1,7,6,0,0,0,0,0,0,51,7,12,0,0,200,200
346279,0,30,0,0,0,1,12,2,0,0,0,21,0,0,42,0,4,0,0,200,200
346279,0,30,0,0,0,1,12,2,0,0,0,21,0,0,60,0,0,0,0,200,200
346282,0,15,0,0,0,1,7,7,0,0,0,200,0,1,61,0,200,0,0,200,200
346285,0,30,0,0,0,1,0,12,0,0,0,10,17,0,200,200,9,200,200,200,200
346285,0,30,0,0,0,1,0,12,0,0,0,10,17,0,50,0,0,200,0,200,200
346287,0,30,0,0,0,1,2,0,0,0,0,20,200,0,48,0,6,0,0,200,200
346287,1,30,0,0,0,1,2,0,0,0,0,20,200,0,200,0,200,200,200,200,200
346291,0,30,200,200,200,200,10,8,2,200,200,200,200,1,200,200,6,200,200,200,200
346291,0,30,200,200,200,200,10,8,2,200,200,200,200,1,200,200,200,200,200,200,200
346292,0,10,0,0,0,1,7,7,0,0,0,2,2,0,57,0,6,0,0,200,200
346292,1,10,0,0,0,1,7,7,0,0,0,2,2,1,39,0,200,200,200,200,200
346292,1,10,0,0,0,1,7,7,0,0,0,2,2,1,8,0,200,200,200,200,200
346292,1,10,0,0,0,1,7,7,0,0,0,2,2,1,7,0,200,200,200,200,200
346292,1,10,0,0,0,1,7,7,0,0,0,2,2,0,67,0,200,200,200,200,200
346304,0,30,0,0,0,1,12,5,0,0,0,28,17,1,200,200,1,200,200,200,200
346304,0,30,0,0,0,1,12,5,0,0,0,28,17,0,62,0,0,0,0,200,200
346308,0,30,3,200,0,1,7,2,0,0,200,21,0,0,74,200,4,200,0,200,200
346310,0,30,1,2,0,1,7,5,0,0,0,0,0,0,26,200,200,200,200,200,200
346310,1,30,1,2,0,1,7,5,0,0,0,0,0,1,200,200,200,200,200,200,200
346310,1,30,1,2,0,1,7,5,0,0,0,0,0,1,200,200,200,200,200,200,200
346310,1,30,1,2,0,1,7,5,0,0,0,0,0,1,200,200,200,200,200,200,200
346310,1,30,1,2,0,1,7,5,0,0,0,0,0,1,200,200,200,200,200,200,200
346310,1,30,1,2,0,1,7,5,0,0,0,0,0,1,200,200,200,200,200,200,200
346319,0,30,0,0,0,1,14,2,0,0,0,17,200,0,52,0,1,0,0,200,200
346319,0,30,0,0,0,1,14,2,0,0,0,17,200,0,62,0,0,0,0,200,200
346320,0,30,0,0,0,1,14,5,0,0,0,25,23,0,56,0,7,0,200,200,200
346320,0,30,0,0,0,1,14,5,0,0,0,25,23,0,29,0,0,0,0,200,200
346334,0,30,0,0,0,1,7,7,0,0,0,20,200,0,200,200,6,200,200,200,200
346340,0,30,1,2,0,1,8,5,0,0,0,0,200,2,200,200,200,200,200,200,200
346340,4,30,1,2,0,1,8,5,0,0,0,0,200,1,52,7,0,12,200,200,200
346343,0,30,0,0,0,1,10,2,0,0,0,16,18,1,29,0,3,0,0,200,200
346343,0,30,0,0,0,1,10,2,0,0,0,16,18,1,53,0,0,0,0,200,200
346344,0,20,0,0,0,1,7,6,0,0,0,0,0,1,29,0,200,200,0,200,200
346346,0,30,1,2,0,1,10,5,0,0,0,18,0,0,46,0,0,0,0,200,200
346346,0,30,1,2,0,1,10,5,0,0,0,18,0,0,18,0,1,0,0,200,200
346346,0,30,1,2,0,1,10,5,0,0,0,18,0,0,19,0,0,0,0,200,200
346347,0,30,1,2,0,1,14,2,0,0,200,0,0,1,55,0,200,0,0,200,200
346347,0,30,1,2,0,1,14,2,0,0,200,0,0,1,38,0,200,0,0,200,200
346347,1,30,1,2,0,1,14,2,0,0,200,0,0,1,20,0,200,200,200,200,200
346347,1,30,1,2,0,1,14,2,0,0,200,0,0,1,42,0,200,200,200,200,200
346349,0,30,0,0,0,1,12,2,0,0,0,22,200,1,200,200,7,0,0,200,200
346349,0,30,0,0,0,1,12,2,0,0,0,22,200,0,61,200,0,0,0,200,200
346353,0,30,2,2,0,1,0,5,0,0,0,33,200,0,39,200,200,5,200,200,200
346353,0,30,2,2,0,1,0,5,0,0,0,33,200,0,70,200,200,5,200,200,200
346361,0,30,0,0,0,1,0,5,0,0,0,22,22,1,200,0,1,0,0,200,200
346361,0,30,0,0,0,1,0,5,0,0,0,22,22,0,66,0,0,0,0,200,200
346367,0,0,0,0,0,1,7,2,0,0,0,23,200,1,35,200,12,200,0,200,200
346367,1,0,0,0,0,1,7,2,0,0,0,23,200,1,1,5,200,200,200,200,200
346367,1,0,0,0,0,1,7,2,0,0,0,23,200,0,3,5,200,200,200,200,200
346367,1,0,0,0,0,1,7,2,0,0,0,23,200,0,32,200,200,200,200,200,200
346369,0,30,1,200,200,1,10,5,0,200,200,200,200,0,200,200,200,200,200,200,200
346369,0,30,1,200,200,1,10,5,0,200,200,200,200,0,200,200,200,0,200,200,200
346371,0,30,0,0,0,1,7,5,0,0,0,0,0,2,200,200,200,200,200,200,200
346371,1,30,0,0,0,1,7,5,0,0,0,0,0,0,49,0,200,200,200,200,200
346371,1,30,0,0,0,1,7,5,0,0,0,0,0,0,200,0,200,200,200,200,200
346380,0,30,1,2,0,1,12,2,0,0,0,25,22,0,200,200,2,200,200,200,200
346380,0,30,1,2,0,1,12,2,0,0,0,25,22,1,41,0,0,0,0,200,200
346380,0,30,1,2,0,1,12,2,0,0,0,25,22,0,34,0,0,0,0,200,200
346380,1,30,1,2,0,1,12,2,0,0,0,25,22,0,200,7,200,200,200,200,200
346382,0,30,1,2,0,1,10,3,0,0,0,0,0,0,61,200,200,200,200,200,200
346382,0,30,1,2,0,1,10,3,0,0,0,0,0,1,17,0,0,0,0,200,200
346392,0,30,0,0,0,1,12,5,0,0,0,200,200,1,200,200,12,200,200,200,200
346392,0,30,0,0,0,1,12,5,0,0,0,200,200,1,47,0,0,0,0,200,200
346406,0,0,0,0,0,1,0,12,0,0,0,17,200,0,72,0,1,0,0,200,200
346406,0,0,0,0,0,1,0,12,0,0,0,17,200,0,52,0,0,0,200,200,200
346406,1,0,0,0,0,1,0,12,0,0,0,17,200,0,200,0,200,200,200,200,200
346408,0,30,2,2,0,1,8,5,0,0,0,0,0,1,200,200,1,200,200,200,200
346408,4,30,2,2,0,1,8,5,0,0,0,0,0,1,18,2,12,0,0,200,200
346410,0,30,0,0,0,3,7,5,0,0,0,0,0,1,39,200,200,200,200,200,200
346411,0,30,1,2,0,1,7,2,2,0,0,22,200,1,66,200,4,0,0,200,200
346413,0,30,0,0,0,1,7,7,0,0,0,23,200,0,20,200,7,0,0,200,200
346416,0,30,0,0,0,1,0,2,0,0,0,0,200,0,47,0,0,0,0,200,200
346416,0,30,0,0,0,1,0,2,0,0,0,0,200,1,57,0,0,0,0,200,200
346418,0,30,200,200,200,200,7,6,0,200,200,200,200,2,200,200,200,200,200,200,200
346421,0,45,0,0,0,1,12,3,0,0,200,0,0,1,58,200,200,200,200,200,200
346421,0,45,0,0,0,1,12,3,0,0,200,0,0,1,54,200,200,200,0,200,200
346422,0,30,1,3,0,1,10,5,0,0,0,18,200,0,200,200,3,0,0,200,200
346422,0,30,1,3,0,1,10,5,0,0,0,18,200,1,43,0,0,0,0,200,200
346422,0,30,1,3,0,1,10,5,0,0,0,18,200,1,200,200,0,200,200,200,200
346429,0,35,1,2,0,1,12,2,0,0,0,22,200,1,25,0,4,0,0,200,200
346429,0,35,1,2,0,1,12,2,0,0,0,22,200,0,36,0,0,0,0,200,200
346429,1,35,1,2,0,1,12,2,0,0,0,22,200,0,25,0,200,200,200,200,200
346429,1,35,1,2,0,1,12,2,0,0,0,22,200,0,5,5,200,200,200,200,200
346436,0,30,2,2,0,1,0,5,0,0,0,17,0,0,25,0,1,200,0,200,200
346436,0,30,2,2,0,1,0,5,0,0,0,17,0,0,67,0,0,0,0,200,200
346436,1,30,2,2,0,1,0,5,0,0,0,17,0,1,63,0,200,200,200,200,200
346436,1,30,2,2,0,1,0,5,0,0,0,17,0,1,22,0,200,200,200,200,200
346436,1,30,2,2,0,1,0,5,0,0,0,17,0,0,23,0,200,200,200,200,200
346436,1,30,2,2,0,1,0,5,0,0,0,17,0,0,22,0,200,200,200,200,200
346442,0,30,1,1,0,1,14,2,0,0,0,0,200,1,29,3,1,0,0,200,200
346442,0,30,1,1,0,1,14,2,0,0,0,0,200,0,62,200,0,0,0,200,200
346448,0,30,1,2,0,1,5,5,0,200,1,28,0,1,46,0,0,0,0,200,200
346452,0,35,0,0,0,1,0,4,0,0,0,33,0,0,29,0,1,5,0,200,200
346452,0,35,0,0,0,1,0,4,0,0,0,33,0,0,31,0,0,5,0,200,200
346454,0,30,1,2,0,1,10,5,0,0,0,20,20,1,43,200,6,200,0,200,200
346454,0,30,1,2,0,1,10,5,0,0,0,20,20,1,53,0,0,0,0,200,200
346458,0,30,1,2,0,1,10,5,0,0,0,0,200,0,35,200,200,200,200,200,200
346458,0,30,1,2,0,1,10,5,0,0,0,0,200,0,47,200,0,0,0,200,200
346458,0,30,1,2,0,1,10,5,0,0,0,0,200,0,32,200,200,200,200,200,200
346458,1,30,1,2,0,1,10,5,0,0,0,0,200,1,200,200,200,200,200,200,200
346458,1,30,1,2,0,1,10,5,0,0,0,0,200,2,200,200,200,200,200,200,200
346469,0,30,0,0,0,1,7,5,0,0,200,0,200,2,200,200,12,200,200,200,200
346469,1,30,0,0,0,1,7,5,0,0,200,0,200,0,200,200,200,200,200,200,200
346470,0,15,0,0,0,1,8,0,0,0,0,33,200,0,43,0,12,5,0,200,200
346470,4,15,0,0,0,1,8,0,0,0,0,33,200,200,200,3,9,5,200,200,200
346472,0,30,0,0,0,1,7,2,0,0,0,21,11,0,56,0,10,0,0,200,200
346474,0,30,2,2,0,0,14,2,2,0,0,17,200,0,62,0,1,0,0,200,200
346474,0,30,2,2,0,0,14,2,2,0,0,17,200,0,32,0,0,0,0,200,200
346477,0,30,1,2,0,1,10,3,0,0,0,0,0,0,36,0,3,0,0,200,200
346477,0,30,1,2,0,1,10,3,0,0,0,0,0,1,39,0,0,0,0,200,200
346479,0,0,0,0,0,1,0,7,0,0,0,20,18,0,47,200,6,200,0,200,200
346479,0,0,0,0,0,1,0,7,0,0,0,20,18,0,25,200,3,200,0,200,200
346479,1,0,0,0,0,1,0,7,0,0,0,20,18,1,40,200,200,200,200,200,200
346479,1,0,0,0,0,1,0,7,0,0,0,20,18,0,23,200,200,200,200,200,200
346479,1,0,0,0,0,1,0,7,0,0,0,20,18,0,20,200,200,200,200,200,200
346479,1,0,0,0,0,1,0,7,0,0,0,20,18,0,23,200,200,200,200,200,200
346492,0,5,0,0,0,1,0,7,0,0,0,0,20,0,70,7,6,0,0,200,200
346492,0,5,0,0,0,1,0,7,0,0,0,0,20,1,71,7,0,0,0,200,200
346497,0,35,0,0,0,0,12,12,0,0,0,8,200,0,20,0,12,0,0,200,200
346497,0,35,0,0,0,0,12,12,0,0,0,8,200,1,58,0,0,0,0,200,200
346497,1,35,0,0,0,0,12,12,0,0,0,8,200,0,200,200,200,200,200,200,200
346497,1,35,0,0,0,0,12,12,0,0,0,8,200,1,24,0,200,200,200,200,200
346497,1,35,0,0,0,0,12,12,0,0,0,8,200,1,200,200,200,200,200,200,200
346500,0,30,2,2,0,1,0,2,0,0,0,22,200,0,20,0,2,1,0,200,200
346500,0,30,2,2,0,1,0,2,0,0,0,22,200,0,70,0,12,1,0,200,200
346501,0,30,0,0,0,4,11,5,0,0,0,11,200,2,200,200,12,200,200,200,200
346501,0,30,0,0,0,4,11,5,0,0,0,11,200,0,62,0,0,0,0,200,200
346502,0,30,1,2,0,1,10,2,0,0,0,16,18,1,28,0,3,0,0,200,200
346502,0,30,1,2,0,1,10,2,0,0,0,16,18,1,200,200,0,0,200,200,200
346511,0,25,0,0,0,1,7,5,0,0,0,0,11,0,69,0,200,0,0,200,200
346513,0,30,1,2,0,1,10,5,0,0,0,17,17,0,52,200,1,0,0,200,200
346513,0,30,1,2,0,1,10,5,0,0,0,17,17,0,47,0,0,0,0,200,200
346514,0,30,1,2,0,1,0,1,0,0,0,11,17,0,65,0,0,0,0,200,200
346514,0,30,1,2,0,1,0,1,0,0,0,11,17,1,47,0,1,0,0,200,200
346514,1,30,1,2,0,1,0,1,0,0,0,11,17,1,13,0,200,200,200,200,200
346514,1,30,1,2,0,1,0,1,0,0,0,11,17,1,9,200,200,200,200,200,200
346514,1,30,1,2,0,1,0,1,0,0,0,11,17,1,73,0,200,200,200,200,200
346514,1,30,1,2,0,1,0,1,0,0,0,11,17,0,59,200,200,200,200,200,200
346514,1,30,1,2,0,1,0,1,0,0,0,11,17,1,72,200,200,200,200,200,200
346514,1,30,1,2,0,1,0,1,0,0,0,11,17,1,58,200,200,200,200,200,200
346526,0,30,0,0,0,1,8,5,0,0,0,200,200,1,200,200,12,200,0,200,200
346526,4,30,0,0,0,1,8,5,0,0,0,200,200,1,29,2,0,0,0,200,200
346531,0,30,1,0,0,1,10,5,0,0,0,0,200,0,19,0,3,200,200,200,200
346531,0,30,1,0,0,1,10,5,0,0,0,0,200,0,44,0,0,0,0,200,200
346533,0,30,1,2,1,1,14,2,0,0,12,0,0,0,200,200,200,200,0,200,200
346533,0,30,1,2,1,1,14,2,0,0,12,0,0,1,26,200,0,200,0,200,200
346540,0,30,2,2,0,1,0,5,0,0,0,5,5,0,200,200,5,200,200,200,200
346540,0,30,2,2,0,1,0,5,0,0,0,5,5,0,23,0,0,0,0,200,200
346541,0,30,1,2,0,1,14,5,0,0,0,0,200,2,200,200,200,200,200,200,200
346541,0,30,1,2,0,1,14,5,0,0,0,0,200,0,65,0,0,0,0,200,200
346542,0,30,0,0,0,1,0,3,0,0,200,21,200,0,47,200,4,200,200,200,200
346542,0,30,0,0,0,1,0,3,0,0,200,21,200,1,57,200,0,200,200,200,200
346546,0,30,1,2,0,1,14,3,0,0,0,21,23,0,25,200,7,200,0,200,200
346546,0,30,1,2,0,1,14,3,0,0,0,21,23,1,23,200,200,200,0,200,200
346548,0,15,0,0,0,1,2,0,0,12,0,25,16,2,200,200,12,200,200,200,200
346554,0,30,0,0,0,1,7,2,0,0,0,0,200,0,200,200,200,200,200,200,200
346554,1,30,0,0,0,1,7,2,0,0,0,0,200,0,200,200,200,200,200,200,200
346558,0,30,0,0,0,1,10,6,0,0,0,0,0,1,44,0,12,0,0,200,200
346558,0,30,0,0,0,1,10,6,0,0,0,0,0,1,43,0,0,0,0,200,200
346560,0,30,0,0,0,1,10,3,0,200,200,18,200,0,51,200,3,200,0,200,200
346560,0,30,0,0,0,1,10,3,0,200,200,18,200,1,45,200,0,200,0,200,200
346560,1,30,0,0,0,1,10,3,0,200,200,18,200,1,44,200,200,200,200,200,200
346560,1,30,0,0,0,1,10,3,0,200,200,18,200,1,15,200,200,200,200,200,200
346561,0,30,0,0,0,1,12,7,0,0,0,0,0,1,200,0,1,0,0,200,200
346561,0,30,0,0,0,1,12,7,0,0,0,0,0,1,22,0,0,0,0,200,200
346563,0,30,0,0,0,1,0,5,0,0,0,17,17,1,64,0,1,0,0,200,200
346563,0,30,0,0,0,1,0,5,0,0,0,17,17,1,63,0,0,0,0,200,200
346563,1,30,0,0,0,1,0,5,0,0,0,17,17,1,81,0,200,200,200,200,200
346563,1,30,0,0,0,1,0,5,0,0,0,17,17,1,40,0,200,200,200,200,200
346568,0,30,0,0,0,1,14,5,0,0,0,17,17,0,48,0,1,0,0,200,200
346568,0,30,0,0,0,1,14,5,0,0,0,17,17,0,28,0,0,0,0,200,200
346570,0,30,2,0,0,1,14,5,0,0,0,17,23,0,58,0,7,0,0,200,200
346570,0,30,2,0,0,1,14,5,0,0,0,17,23,1,24,0,0,0,0,200,200
346577,0,30,200,200,0,1,12,5,2,0,0,16,18,0,23,0,0,0,0,200,200
346577,0,30,200,200,0,1,12,5,2,0,0,16,18,0,200,200,0,200,200,200,200
346578,0,30,200,200,200,200,7,5,0,200,200,0,0,2,200,200,200,200,200,200,200
346580,0,30,0,0,200,200,7,5,0,0,200,17,200,1,26,0,1,200,0,200,200
346587,0,30,0,0,0,0,7,6,0,0,200,0,0,2,200,200,200,200,200,200,200
346590,0,30,1,2,0,1,12,2,0,0,0,22,0,0,34,0,12,0,0,200,200
346590,0,30,1,2,0,1,12,2,0,0,0,22,0,1,0,0,4,0,0,200,200
346590,1,30,1,2,0,1,12,2,0,0,0,22,0,0,200,0,200,200,200,200,200
346595,0,30,0,0,0,1,14,5,0,0,0,23,0,2,200,200,7,200,200,200,200
346595,0,30,0,0,0,1,14,5,0,0,0,23,0,0,58,200,200,0,200,200,200
346597,0,30,0,0,0,1,7,5,0,200,200,0,200,0,49,200,200,0,0,200,200
346619,0,0,1,2,0,3,0,2,0,0,0,0,0,1,21,200,200,0,0,200,200
346619,0,0,1,2,0,3,0,2,0,0,0,0,0,1,200,200,200,200,200,200,200
346619,1,0,1,2,0,3,0,2,0,0,0,0,0,1,55,200,200,200,200,200,200
346627,0,30,0,0,0,1,12,2,0,0,0,0,200,0,37,200,4,0,0,200,200
346627,0,30,0,0,0,1,12,2,0,0,0,0,200,0,29,200,200,0,0,200,200
346627,1,30,0,0,0,1,12,2,0,0,0,0,200,1,200,200,200,200,200,200,200
346630,0,35,1,2,0,1,14,5,0,0,0,23,23,0,21,200,7,200,200,200,200
346630,0,35,1,2,0,1,14,5,0,0,0,23,23,0,19,0,0,0,0,200,200
346630,1,35,1,2,0,1,14,5,0,0,0,23,23,0,50,0,200,200,200,200,200
346633,0,30,0,0,0,1,10,2,0,0,0,17,11,1,200,200,0,200,200,200,200
346633,0,30,0,0,0,1,10,2,0,0,0,17,11,1,31,0,0,0,0,200,200
346637,0,25,3,2,0,1,14,2,0,0,0,17,17,0,24,0,1,200,0,200,200
346637,0,25,3,2,0,1,14,2,0,0,0,17,17,0,31,0,200,200,0,200,200
346637,1,25,3,2,0,1,14,2,0,0,0,17,17,1,58,1,200,200,200,200,200
346639,0,10,0,0,0,1,7,7,0,0,0,20,200,1,200,200,6,200,0,200,200
346647,0,20,2,2,0,1,11,5,0,0,0,14,17,0,200,200,8,200,200,200,200
346647,0,20,2,2,0,1,11,5,0,0,0,14,17,1,24,200,0,0,0,200,200
346653,0,30,0,0,0,1,10,6,0,0,0,18,200,0,21,0,3,0,0,200,200
346653,0,30,0,0,0,1,10,6,0,0,0,18,200,0,32,0,0,0,0,200,200
346654,0,30,1,2,0,1,12,5,0,0,0,0,0,0,34,0,1,0,0,200,200
346654,0,30,1,2,0,1,12,5,0,0,0,0,0,0,71,0,0,0,0,200,200
346660,0,30,0,0,0,1,12,6,0,0,0,0,200,0,36,200,200,0,0,200,200
346660,0,30,0,0,0,1,12,6,0,0,0,0,200,2,200,200,200,200,200,200,200
346664,0,30,1,2,0,1,12,5,0,0,0,0,200,1,200,0,200,0,0,200,200
346664,0,30,1,2,0,1,12,5,0,0,0,0,200,0,200,0,0,0,0,200,200
346664,1,30,1,2,0,1,12,5,0,0,0,0,200,0,200,0,200,200,200,200,200
346664,1,30,1,2,0,1,12,5,0,0,0,0,200,0,200,0,200,200,200,200,200
346664,1,30,1,2,0,1,12,5,0,0,0,0,200,1,200,0,200,200,200,200,200
346664,1,30,1,2,0,1,12,5,0,0,0,0,200,0,200,0,200,200,200,200,200
346667,0,30,1,2,0,1,14,5,0,0,200,17,200,1,44,0,1,200,0,200,200
346667,0,30,1,2,0,1,14,5,0,0,200,17,200,1,200,200,0,200,200,200,200
346672,0,30,0,0,0,1,0,5,0,0,200,17,200,1,19,200,1,0,0,200,200
346672,0,30,0,0,0,1,0,5,0,0,200,17,200,0,40,0,0,0,0,200,200
346672,1,30,0,0,0,1,0,5,0,0,200,17,200,0,18,200,200,200,200,200,200
346672,1,30,0,0,0,1,0,5,0,0,200,17,200,1,39,0,200,200,200,200,200
346672,1,30,0,0,0,1,0,5,0,0,200,17,200,1,6,0,200,200,200,200,200
346672,1,30,0,0,0,1,0,5,0,0,200,17,200,0,9,0,200,200,200,200,200
346672,1,30,0,0,0,1,0,5,0,0,200,17,200,0,3,0,200,200,200,200,200
346673,0,25,1,2,0,1,10,2,0,0,0,0,0,0,200,0,1,0,0,200,200
346673,0,25,1,2,0,1,10,2,0,0,0,0,0,0,47,0,0,0,0,200,200
346680,0,30,0,0,0,1,8,2,0,0,0,11,200,1,62,7,12,0,0,200,200
346680,4,30,0,0,0,1,8,2,0,0,0,11,200,1,25,3,200,0,0,200,200
346686,0,30,0,0,0,1,10,2,0,0,0,0,0,1,48,0,200,200,0,200,200
346686,0,30,0,0,0,1,10,2,0,0,0,0,0,0,54,0,0,0,0,200,200
346696,0,30,200,200,0,1,12,5,0,0,200,0,200,1,70,200,200,200,0,200,200
346696,0,30,200,200,0,1,12,5,0,0,200,0,200,1,47,200,200,200,0,200,200
346696,1,30,200,200,0,1,12,5,0,0,200,0,200,1,200,200,200,200,200,200,200
346698,0,30,0,0,0,1,10,2,0,0,0,200,200,0,200,200,12,200,200,200,200
346698,0,30,0,0,0,1,10,2,0,0,0,200,200,0,63,0,0,0,200,200,200
346699,0,35,1,2,0,1,7,5,0,0,0,0,0,1,68,200,6,0,0,200,200
346701,0,30,1,2,0,1,10,2,0,0,200,17,200,1,200,200,1,200,200,200,200
346701,0,30,1,2,0,1,10,2,0,0,200,17,200,1,36,0,0,0,0,200,200
346706,0,30,1,2,0,1,14,5,0,0,200,23,200,0,200,200,7,200,200,200,200
346706,0,30,1,2,0,1,14,5,0,0,200,23,200,0,65,200,0,200,200,200,200
346709,0,30,0,0,0,1,2,5,0,0,0,0,0,2,200,200,200,200,200,200,200
346711,0,30,1,2,0,1,10,5,0,0,0,18,200,0,200,200,3,200,200,200,200
346711,0,30,1,2,0,1,10,5,0,0,0,18,200,1,40,0,0,0,0,200,200
346719,0,30,0,0,0,1,10,5,0,0,0,20,16,1,55,200,6,200,0,200,200
346719,0,30,0,0,0,1,10,5,0,0,0,20,16,1,31,0,0,0,0,200,200
346723,0,35,1,2,0,1,12,5,0,0,0,22,22,0,21,200,2,200,0,200,200
346723,0,35,1,2,0,1,12,5,0,0,0,22,22,0,59,200,0,200,0,200,200
346728,0,30,1,2,0,1,2,5,0,0,0,11,200,1,21,200,12,0,0,200,200
346728,1,30,1,2,0,1,2,5,0,0,0,11,200,0,24,200,200,200,200,200,200
346728,1,30,1,2,0,1,2,5,0,0,0,11,200,1,2,5,200,200,200,200,200
346728,1,30,1,2,0,1,2,5,0,0,0,11,200,1,12,5,200,200,200,200,200
346741,0,30,0,0,0,1,14,5,0,0,0,23,200,0,200,200,7,200,200,200,200
346741,0,30,0,0,0,1,14,5,0,0,0,23,200,1,41,0,0,0,0,200,200
346741,1,30,0,0,0,1,14,5,0,0,0,23,200,0,200,0,200,200,200,200,200
346745,0,30,1,2,0,1,10,5,0,0,0,0,0,0,57,200,200,200,0,200,200
346745,0,30,1,2,0,1,10,5,0,0,0,0,0,1,36,200,200,200,0,200,200
346745,1,30,1,2,0,1,10,5,0,0,0,0,0,0,200,200,200,200,200,200,200
346747,0,10,0,0,0,1,7,8,5,0,0,23,0,2,200,200,200,200,200,200,200
346748,0,30,0,0,0,200,7,6,0,0,0,11,0,2,200,200,200,200,200,200,200
346748,1,30,0,0,0,200,7,6,0,0,0,11,0,2,200,200,200,200,200,200,200
346758,0,30,0,0,0,1,7,7,0,0,0,11,200,2,200,200,200,200,200,200,200
346759,0,30,0,0,0,1,10,5,0,0,0,0,200,1,50,200,3,0,0,200,200
346759,0,30,0,0,0,1,10,5,0,0,0,0,200,0,50,200,0,0,0,200,200
346760,0,30,0,0,0,1,7,2,0,0,0,0,200,0,200,200,200,200,200,200,200