RD_NO,PERSON_TYPE,POSTED_SPEED_LIMIT,TRAFFIC_CONTROL_DEVICE,DEVICE_CONDITION,WEATHER_CONDITION,LIGHTING_CONDITION,FIRST_CRASH_TYPE,TRAFFICWAY_TYPE,ALIGNMENT,ROADWAY_SURFACE_COND,ROAD_DEFECT,PRIM_CONTRIBUTORY_CAUSE,SEC_CONTRIBUTORY_CAUSE,SEX,AGE,SAFETY_EQUIPMENT,DRIVER_ACTION,DRIVER_VISION,PHYSICAL_CONDITION,BAC_RESULT VALUE,CELL_PHONE_USE
346761,0,30,0,0,0,1,14,8,0,0,0,0,0,0,200,0,200,0,0,200,200
346761,0,30,0,0,0,1,14,8,0,0,0,0,0,0,200,0,200,0,0,200,200
346765,4,30,1,2,0,1,8,5,0,0,0,0,200,0,200,200,200,0,0,200,200
346765,0,30,1,2,0,1,8,5,0,0,0,0,200,0,50,0,200,0,0,200,200
346767,0,30,200,200,0,1,10,5,0,0,200,0,200,0,25,200,200,200,0,200,200
346767,0,30,200,200,0,1,10,5,0,0,200,0,200,0,200,200,200,200,200,200,200
346773,0,0,0,0,0,3,7,2,0,0,0,0,200,2,200,200,200,200,200,200,200
346774,0,30,0,0,0,1,5,6,0,0,0,3,3,0,55,7,5,0,0,200,200
346774,0,30,0,0,0,1,5,6,0,0,0,3,3,0,200,7,0,0,0,200,200
346774,0,30,0,0,0,1,5,6,0,0,0,3,3,0,52,7,0,0,0,200,200
346776,0,30,0,0,2,1,7,5,0,0,0,0,0,2,200,200,12,200,200,200,200
346777,0,30,1,200,0,1,14,3,0,200,200,18,200,0,26,200,3,0,0,200,200
346777,0,30,1,200,0,1,14,3,0,200,200,18,200,1,25,200,0,200,200,200,200
346778,0,0,2,2,0,1,7,5,0,0,0,0,0,2,200,200,200,200,200,200,200
346779,0,30,1,2,0,1,12,2,0,0,0,22,16,2,200,200,4,200,200,200,200
346779,0,30,1,2,0,1,12,2,0,0,0,22,16,0,43,0,0,0,0,200,200
346781,0,30,2,2,0,1,0,1,0,0,0,17,200,0,35,0,1,200,1,200,200
346781,0,30,2,2,0,1,0,1,0,0,0,17,200,1,39,200,200,200,7,200,200
346781,1,30,2,2,0,1,0,1,0,0,0,17,200,1,40,200,200,200,200,200,200
346782,0,30,1,2,0,1,10,5,0,0,0,18,18,0,22,200,8,200,0,200,200
346782,0,30,1,2,0,1,10,5,0,0,0,18,18,1,61,0,0,0,0,200,200
346782,0,30,1,2,0,1,10,5,0,0,0,18,18,0,200,200,200,200,200,200,200
346796,0,30,1,2,0,1,14,3,0,0,0,17,25,1,20,0,1,1,0,200,200
346796,0,30,1,2,0,1,14,3,0,0,0,17,25,0,58,0,0,0,0,200,200
346798,0,30,0,0,0,1,0,12,0,0,0,17,11,1,28,0,1,0,0,200,200
346798,0,30,0,0,0,1,0,12,0,0,0,17,11,0,36,0,0,0,0,200,200
346799,0,25,0,0,0,1,10,2,0,0,0,0,0,0,30,0,1,0,0,200,200
346799,0,25,0,0,0,1,10,2,0,0,0,0,0,0,50,0,0,0,0,200,200
346800,0,30,0,0,0,0,10,3,0,0,0,0,0,0,23,200,0,200,1,200,200
346800,0,30,0,0,0,0,10,3,0,0,0,0,0,0,63,200,0,200,0,200,200
346800,0,30,0,0,0,0,10,3,0,0,0,0,0,0,34,200,0,200,0,200,200
346800,0,30,0,0,0,0,10,3,0,0,0,0,0,0,37,200,0,200,0,200,200
346801,0,30,2,2,0,1,14,5,0,0,0,0,200,1,30,0,12,0,0,200,200
346801,0,30,2,2,0,1,14,5,0,0,0,0,200,0,69,0,12,0,0,200,200
346801,1,30,2,2,0,1,14,5,0,0,0,0,200,1,61,0,200,200,200,200,200
346803,0,30,1,2,0,1,0,2,0,0,0,33,17,1,22,0,12,1,0,200,200
346803,0,30,1,2,0,1,0,2,0,0,0,33,17,0,25,0,0,1,0,200,200
346804,0,30,0,0,0,1,10,5,0,0,0,18,200,0,28,0,3,0,0,200,200
346804,0,30,0,0,0,1,10,5,0,0,0,18,200,0,30,0,0,0,0,200,200
346804,0,30,0,0,0,1,10,5,0,0,0,18,200,1,47,0,0,0,0,200,200
346804,1,30,0,0,0,1,10,5,0,0,0,18,200,1,35,0,200,200,200,200,200
346804,1,30,0,0,0,1,10,5,0,0,0,18,200,1,65,0,200,200,200,200,200
346804,1,30,0,0,0,1,10,5,0,0,0,18,200,1,63,0,200,200,200,200,200
346808,0,30,1,2,0,1,10,5,0,0,0,14,18,0,200,200,8,200,200,200,200
346808,0,30,1,2,0,1,10,5,0,0,0,14,18,1,49,0,0,0,0,200,200
346809,0,30,0,0,0,1,0,5,0,0,0,17,0,1,28,200,1,0,0,200,200
346809,0,30,0,0,0,1,0,5,0,0,0,17,0,1,40,0,0,0,0,200,200
346809,1,30,0,0,0,1,0,5,0,0,0,17,0,200,7,0,200,200,200,200,200
346810,0,30,0,0,0,1,2,5,0,0,0,0,0,0,23,200,0,200,0,200,200
346812,0,25,0,0,0,1,9,5,0,0,0,200,200,2,200,200,200,200,200,200,200
346812,5,25,0,0,0,1,9,5,0,0,0,200,200,0,68,7,0,200,0,200,200
346813,0,30,1,2,0,1,10,6,0,0,0,18,200,0,32,200,200,0,0,200,200
346813,0,30,1,2,0,1,10,6,0,0,0,18,200,0,21,200,0,0,0,200,200
346814,0,30,1,2,0,1,10,5,0,0,0,18,200,1,200,200,200,200,200,200,200
346814,0,30,1,2,0,1,10,5,0,0,0,18,200,0,59,200,0,200,200,200,200
346815,0,30,0,0,0,1,10,5,0,0,0,18,200,0,200,200,3,200,200,200,200
346815,0,30,0,0,0,1,10,5,0,0,0,18,200,1,55,0,0,0,0,200,200
346818,0,35,0,0,0,1,10,6,0,0,0,16,0,0,65,200,1,200,200,200,200
346818,0,35,0,0,0,1,10,6,0,0,0,16,0,1,48,0,0,0,0,200,200
346818,1,35,0,0,0,1,10,6,0,0,0,16,0,0,63,7,200,200,200,200,200
346818,1,35,0,0,0,1,10,6,0,0,0,16,0,1,59,7,200,200,200,200,200
346818,1,35,0,0,0,1,10,6,0,0,0,16,0,1,24,7,200,200,200,200,200
346818,1,35,0,0,0,1,10,6,0,0,0,16,0,0,54,7,200,200,200,200,200
346818,1,35,0,0,0,1,10,6,0,0,0,16,0,0,63,7,200,200,200,200,200
346818,1,35,0,0,0,1,10,6,0,0,0,16,0,1,48,7,200,200,200,200,200
346818,1,35,0,0,0,1,10,6,0,0,0,16,0,0,31,7,200,200,200,200,200
346818,1,35,0,0,0,1,10,6,0,0,0,16,0,0,56,7,200,200,200,200,200
346818,1,35,0,0,0,1,10,6,0,0,0,16,0,1,49,7,200,200,200,200,200
346818,1,35,0,0,0,1,10,6,0,0,0,16,0,1,28,7,200,200,200,200,200
346823,0,30,0,0,0,1,10,2,0,0,0,0,0,0,29,0,0,0,0,200,200
346823,0,30,0,0,0,1,10,2,0,0,0,0,0,0,40,0,0,0,0,200,200
346823,1,30,0,0,0,1,10,2,0,0,0,0,0,1,41,0,200,200,200,200,200
346823,1,30,0,0,0,1,10,2,0,0,0,0,0,1,13,0,200,200,200,200,200
346836,0,30,1,2,0,1,7,6,0,0,200,0,0,2,200,200,200,200,200,200,200
346836,1,30,1,2,0,1,7,6,0,0,200,0,0,1,23,200,200,200,200,200,200
346836,1,30,1,2,0,1,7,6,0,0,200,0,0,0,56,200,200,200,200,200,200
346839,0,30,0,0,0,1,7,7,0,0,0,200,200,0,39,0,6,0,0,200,200
346841,0,30,2,2,0,1,0,5,0,0,200,17,0,0,28,0,1,1,0,200,200
346841,0,30,2,2,0,1,0,5,0,0,200,17,0,0,35,200,0,12,0,200,200
346843,0,30,1,2,0,1,10,2,0,0,0,16,11,0,30,0,1,0,0,200,200
346843,0,30,1,2,0,1,10,2,0,0,0,16,11,1,54,0,0,0,0,200,200
346844,0,25,1,2,0,1,12,2,0,0,0,0,0,1,200,0,1,0,0,200,200
346844,0,25,1,2,0,1,12,2,0,0,0,0,0,1,77,0,0,0,0,200,200
346846,0,10,0,0,0,1,7,7,0,0,0,0,0,2,200,200,200,200,200,200,200
346847,0,30,0,0,0,1,10,5,0,200,200,0,200,0,44,200,200,0,0,200,200
346847,0,30,0,0,0,1,10,5,0,200,200,0,200,1,200,200,200,200,200,200,200
346847,1,30,0,0,0,1,10,5,0,200,200,0,200,1,200,200,200,200,200,200,200
346849,0,25,0,0,0,1,7,7,0,0,0,0,0,2,200,200,1,200,200,200,200
346850,0,20,1,200,0,1,10,7,0,0,200,0,0,1,200,200,200,200,200,200,200
346850,0,20,1,200,0,1,10,7,0,0,200,0,0,0,49,0,200,200,200,200,200
346854,0,30,1,2,0,1,14,2,0,0,0,0,200,0,200,200,200,0,200,200,200
346854,0,30,1,2,0,1,14,2,0,0,0,0,200,1,25,0,0,0,200,200,200
346855,0,30,0,0,0,1,12,5,0,0,0,21,22,0,16,200,4,200,200,200,200
346855,0,30,0,0,0,1,12,5,0,0,0,21,22,0,38,0,0,0,0,200,200
346861,0,30,1,2,0,1,0,12,0,0,0,6,11,0,200,0,5,0,0,200,200
346861,0,30,1,2,0,1,0,12,0,0,0,6,11,0,60,0,0,0,0,200,200
346873,0,30,200,200,200,200,7,6,0,0,200,0,200,2,200,200,200,200,200,200,200
346876,0,30,0,0,0,1,7,5,0,0,0,0,0,0,200,200,15,200,200,200,200
346877,0,40,0,0,0,1,10,3,0,0,0,18,200,1,71,0,3,0,0,200,200
346877,0,40,0,0,0,1,10,3,0,0,0,18,200,2,200,200,0,200,200,200,200
346878,0,30,0,0,0,1,10,5,0,0,200,0,0,1,73,0,200,200,0,200,200
346878,0,30,0,0,0,1,10,5,0,0,200,0,0,1,74,0,200,200,0,200,200
346880,0,30,0,0,0,1,2,6,0,0,12,29,33,0,37,0,0,12,0,200,200
346882,0,25,0,0,0,1,10,2,0,0,0,0,0,0,200,200,1,200,200,200,200
346882,0,25,0,0,0,1,10,2,0,0,0,0,0,1,30,0,0,0,0,200,200
346883,0,30,0,0,0,1,10,5,0,0,0,18,0,0,200,200,3,200,200,200,200
346883,0,30,0,0,0,1,10,5,0,0,0,18,0,1,30,0,0,200,0,200,200
346884,0,30,0,0,0,1,10,5,0,0,0,33,17,0,57,0,3,6,0,200,200
346884,0,30,0,0,0,1,10,5,0,0,0,33,17,0,41,0,0,0,0,200,200
346884,0,30,0,0,0,1,10,5,0,0,0,33,17,0,28,0,0,0,0,200,200
346884,1,30,0,0,0,1,10,5,0,0,0,33,17,0,4,0,200,200,200,200,200
346885,0,30,1,2,0,1,12,6,0,0,0,22,200,2,200,200,4,200,200,200,200
346885,0,30,1,2,0,1,12,6,0,0,0,22,200,0,59,0,0,0,0,200,200
346890,0,30,0,0,0,1,10,2,0,0,200,17,200,0,62,0,1,200,0,200,200
346890,0,30,0,0,0,1,10,2,0,0,200,17,200,1,32,0,0,200,0,200,200
346891,0,30,0,0,0,1,12,2,0,0,0,22,0,0,49,0,2,0,0,200,200
346891,0,30,0,0,0,1,12,2,0,0,0,22,0,1,43,0,12,0,0,200,200
346891,1,30,0,0,0,1,12,2,0,0,0,22,0,0,200,0,200,200,200,200,200
346892,0,30,0,0,0,1,7,6,0,200,200,0,200,1,28,200,200,200,200,200,200
346898,0,30,0,0,0,1,14,5,0,0,0,17,0,0,200,7,1,0,0,200,200
346898,0,30,0,0,0,1,14,5,0,0,0,17,0,1,200,0,0,0,0,200,200
346899,0,30,2,2,1,1,2,5,0,0,0,0,0,2,200,200,200,200,200,200,200
346903,0,30,2,2,0,3,0,5,0,0,0,17,16,0,200,200,1,200,200,200,200
346903,0,30,2,2,0,3,0,5,0,0,0,17,16,0,18,0,0,0,0,200,200
346910,0,25,0,0,0,1,12,5,0,0,0,17,200,0,48,200,1,200,0,200,200
346910,0,25,0,0,0,1,12,5,0,0,0,17,200,1,49,200,0,0,0,200,200
346910,1,25,0,0,0,1,12,5,0,0,0,17,200,1,7,200,200,200,200,200,200
346910,1,25,0,0,0,1,12,5,0,0,0,17,200,1,7,200,200,200,200,200,200
346910,1,25,0,0,0,1,12,5,0,0,0,17,200,1,29,200,200,200,200,200,200
346910,1,25,0,0,0,1,12,5,0,0,0,17,200,0,14,200,200,200,200,200,200
346910,1,25,0,0,0,1,12,5,0,0,0,17,200,1,16,200,200,200,200,200,200
346913,0,30,2,2,0,1,0,2,0,0,0,5,17,0,20,0,1,0,0,200,200
346913,0,30,2,2,0,1,0,2,0,0,0,5,17,0,57,0,0,0,0,200,200
346913,1,30,2,2,0,1,0,2,0,0,0,5,17,1,56,0,200,200,200,200,200
346913,1,30,2,2,0,1,0,2,0,0,0,5,17,0,3,5,200,200,200,200,200
346918,0,30,0,0,0,1,0,5,0,200,200,17,200,0,18,200,1,0,0,200,200
346918,0,30,0,0,0,1,0,5,0,200,200,17,200,0,31,200,200,200,0,200,200
346920,0,30,1,2,0,3,14,5,0,0,0,0,0,0,55,200,200,200,200,200,200
346920,0,30,1,2,0,3,14,5,0,0,0,0,0,0,32,0,0,0,0,200,200
346921,0,30,0,0,0,1,12,5,0,0,0,0,0,0,200,200,200,200,200,200,200
346921,0,30,0,0,0,1,12,5,0,0,0,0,0,1,61,200,200,200,0,200,200
346922,0,30,1,2,0,1,10,5,0,0,200,18,200,0,28,0,3,200,200,200,200
346922,0,30,1,2,0,1,10,5,0,0,200,18,200,1,21,1,0,200,200,200,200
346923,0,30,1,2,0,1,14,2,0,0,0,6,200,1,28,0,5,200,0,200,200
346923,0,30,1,2,0,1,14,2,0,0,0,6,200,0,38,0,12,0,0,200,200
346923,1,30,1,2,0,1,14,2,0,0,0,6,200,1,31,200,200,200,200,200,200
346923,1,30,1,2,0,1,14,2,0,0,0,6,200,0,4,5,200,200,200,200,200
346923,1,30,1,2,0,1,14,2,0,0,0,6,200,1,6,5,200,200,200,200,200
346923,1,30,1,2,0,1,14,2,0,0,0,6,200,1,4,5,200,200,200,200,200
346925,0,30,0,0,0,1,14,5,0,0,0,18,0,1,42,0,3,0,0,200,200
346925,0,30,0,0,0,1,14,5,0,0,0,18,0,1,31,0,0,0,0,200,200
346925,1,30,0,0,0,1,14,5,0,0,0,18,0,0,200,200,200,200,200,200,200
346925,1,30,0,0,0,1,14,5,0,0,0,18,0,0,3,0,200,200,200,200,200
346932,0,30,0,0,0,1,14,5,0,0,0,0,0,1,35,1,200,200,0,200,200
346932,0,30,0,0,0,1,14,5,0,0,0,0,0,0,35,0,0,200,0,200,200
346936,0,20,1,2,0,1,14,5,2,0,0,0,0,2,200,200,2,200,200,200,200
346936,0,20,1,2,0,1,14,5,2,0,0,0,0,1,20,0,0,0,0,200,200
346939,0,30,1,2,0,1,0,5,0,0,0,0,11,0,31,0,5,0,0,200,200
346939,0,30,1,2,0,1,0,5,0,0,0,0,11,0,60,0,0,0,0,200,200
346939,0,30,1,2,0,1,0,5,0,0,0,0,11,0,25,0,0,0,0,200,200
346939,1,30,1,2,0,1,0,5,0,0,0,0,11,0,58,0,200,200,200,200,200
346939,1,30,1,2,0,1,0,5,0,0,0,0,11,1,22,0,200,200,200,200,200
346941,0,30,0,0,0,1,10,5,0,0,0,18,200,0,21,0,3,0,0,200,200
346941,0,30,0,0,0,1,10,5,0,0,0,18,200,0,32,0,0,0,0,200,200
346941,1,30,0,0,0,1,10,5,0,0,0,18,200,0,22,0,200,200,200,200,200
346943,0,30,0,0,0,1,14,5,0,0,0,17,16,0,26,0,1,0,0,200,200
346943,0,30,0,0,0,1,14,5,0,0,0,17,16,0,27,0,0,0,0,200,200
346944,0,25,0,0,0,1,7,5,0,0,0,0,0,2,200,200,200,200,200,200,200
346945,0,30,1,2,0,1,10,2,0,0,0,0,0,0,200,200,200,200,200,200,200
346945,0,30,1,2,0,1,10,2,0,0,0,0,0,1,24,200,200,0,0,200,200
346949,0,30,0,0,0,1,12,5,0,0,0,0,200,1,57,0,4,0,0,200,200
346949,0,30,0,0,0,1,12,5,0,0,0,0,200,1,31,0,0,0,0,200,200
346949,1,30,0,0,0,1,12,5,0,0,0,0,200,0,33,0,200,200,200,200,200
346952,0,25,0,0,0,3,8,2,2,0,200,22,0,2,200,200,2,200,200,200,200
346952,4,25,0,0,0,3,8,2,2,0,200,22,0,0,200,200,0,0,0,200,200
346953,0,35,0,0,0,1,1,2,0,0,0,1,200,1,53,200,0,1,0,200,200
346955,0,30,0,0,0,1,0,5,0,0,0,16,20,0,200,200,200,200,200,200,200
346955,0,30,0,0,0,1,0,5,0,0,0,16,20,0,22,200,6,200,0,200,200
346958,0,30,0,0,0,1,10,5,0,0,0,18,18,0,34,7,0,0,0,200,200
346958,0,30,0,0,0,1,10,5,0,0,0,18,18,1,43,7,0,0,0,200,200
346961,0,30,1,2,0,1,10,5,0,0,0,18,11,1,54,0,1,0,0,200,200
346961,0,30,1,2,0,1,10,5,0,0,0,18,11,1,54,0,0,0,0,200,200
346963,0,30,1,2,0,1,14,2,0,0,0,17,6,1,47,200,1,200,0,200,200
346963,0,30,1,2,0,1,14,2,0,0,0,17,6,0,23,200,0,200,0,200,200
346965,0,30,0,0,0,1,10,3,0,0,200,0,0,2,200,200,200,200,200,200,200
346965,0,30,0,0,0,1,10,3,0,0,200,0,0,1,68,200,0,0,0,200,200
346968,0,30,0,0,0,1,7,5,0,0,0,20,20,1,200,200,6,200,200,200,200
346969,0,30,0,0,0,1,10,3,0,0,0,0,0,0,200,200,12,200,200,200,200
346969,0,30,0,0,0,1,10,3,0,0,0,0,0,0,34,0,0,0,0,200,200
346976,0,30,1,2,0,1,8,5,0,0,0,23,200,1,200,200,7,200,200,200,200
346976,4,30,1,2,0,1,8,5,0,0,0,23,200,0,31,2,0,0,0,200,200
346986,0,30,0,0,0,1,10,5,0,0,0,18,200,1,40,0,3,0,0,200,200
346986,0,30,0,0,0,1,10,5,0,0,0,18,200,0,20,0,0,0,0,200,200
346987,0,30,0,0,0,4,7,5,0,0,0,20,200,0,53,0,6,0,0,200,200
346989,0,30,1,2,0,1,0,12,2,0,0,6,11,0,59,200,1,200,200,200,200
346989,0,30,1,2,0,1,0,12,2,0,0,6,11,1,41,0,0,0,0,200,200
346992,0,15,0,0,0,1,0,7,0,0,0,0,0,0,25,200,200,200,200,200,200
346992,0,15,0,0,0,1,0,7,0,0,0,0,0,1,49,0,0,0,0,200,200
346996,0,20,2,2,0,1,10,6,0,0,0,200,200,0,200,200,12,0,0,200,200
346996,0,20,2,2,0,1,10,6,0,0,0,200,200,1,200,0,0,0,0,200,200
346998,0,10,0,0,0,1,7,7,0,0,0,0,0,0,24,0,0,0,0,200,200
347010,0,30,0,0,0,1,0,5,0,0,0,17,0,0,56,200,1,0,0,200,200
347010,0,30,0,0,0,1,0,5,0,0,0,17,0,1,36,200,0,0,0,200,200
347010,1,30,0,0,0,1,0,5,0,0,0,17,0,1,4,5,200,200,200,200,200
347010,1,30,0,0,0,1,0,5,0,0,0,17,0,1,6,0,200,200,200,200,200
347010,1,30,0,0,0,1,0,5,0,0,0,17,0,200,1,5,200,200,200,200,200
347013,0,25,0,0,0,1,12,5,0,0,0,11,200,1,200,0,1,0,0,200,200
347013,0,25,0,0,0,1,12,5,0,0,0,11,200,0,60,0,0,0,0,200,200
347018,0,35,1,2,0,1,14,2,0,0,0,17,17,0,28,0,1,200,0,200,200
347018,0,35,1,2,0,1,14,2,0,0,0,17,17,1,65,0,0,200,0,200,200
347024,0,30,0,0,0,1,12,5,0,0,200,0,0,0,55,0,200,200,200,200,200
347024,0,30,0,0,0,1,12,5,0,0,200,0,0,0,26,0,0,200,200,200,200
347028,0,30,0,0,0,1,12,12,0,0,0,21,0,0,48,0,4,200,0,200,200
347028,0,30,0,0,0,1,12,12,0,0,0,21,0,1,28,0,0,0,0,200,200
347029,0,30,0,0,0,1,7,5,0,0,0,0,200,1,47,0,10,0,0,200,200
347035,0,30,1,2,0,1,14,2,0,0,0,17,200,0,33,200,200,200,0,200,200
347035,0,30,1,2,0,1,14,2,0,0,0,17,200,0,47,200,200,200,0,200,200
347039,0,30,2,2,0,4,0,2,0,0,0,17,200,0,27,0,1,0,0,200,200
347039,0,30,2,2,0,4,0,2,0,0,0,17,200,0,28,0,0,0,0,200,200
347039,1,30,2,2,0,4,0,2,0,0,0,17,200,200,36,0,200,200,200,200,200
347039,1,30,2,2,0,4,0,2,0,0,0,17,200,200,35,0,200,200,200,200,200
347040,0,30,0,0,2,1,5,5,0,0,0,13,20,0,25,0,12,0,0,200,200
347041,0,30,1,2,0,4,4,1,0,0,0,25,14,2,200,200,9,200,200,200,200
347041,0,30,1,2,0,4,4,1,0,0,0,25,14,0,51,0,0,0,0,200,200
347043,0,30,1,2,0,1,14,6,0,0,0,0,0,0,59,200,12,200,0,200,200
347043,0,30,1,2,0,1,14,6,0,0,0,0,0,0,42,200,0,200,0,200,200
347048,0,15,0,0,0,1,7,7,0,0,0,0,0,0,79,200,200,200,200,200,200
347051,0,30,0,0,0,1,0,5,0,0,0,17,16,0,29,200,1,200,0,200,200
347051,0,30,0,0,0,1,0,5,0,0,0,17,16,0,27,0,0,0,0,200,200
347056,0,30,0,0,0,1,10,6,0,0,0,0,200,0,53,200,200,200,0,200,200
347056,0,30,0,0,0,1,10,6,0,0,0,0,200,0,59,200,0,200,0,200,200
347059,0,25,0,0,0,1,0,2,0,0,0,0,0,0,70,0,1,0,0,200,200
347059,0,25,0,0,0,1,0,2,0,0,0,0,0,1,35,0,0,0,0,200,200
347059,1,25,0,0,0,1,0,2,0,0,0,0,0,1,200,0,200,200,200,200,200
347063,0,30,1,2,0,1,10,5,0,0,0,0,0,1,49,0,1,0,0,200,200
347063,0,30,1,2,0,1,10,5,0,0,0,0,0,1,40,0,0,0,0,200,200
347074,0,25,0,0,0,1,2,6,0,0,0,0,0,2,200,200,200,200,200,200,200
347077,0,30,0,0,0,1,12,6,0,0,0,17,0,0,200,0,1,0,0,200,200
347077,0,30,0,0,0,1,12,6,0,0,0,17,0,0,200,200,0,0,0,200,200
347080,0,30,200,200,0,1,0,6,0,0,200,0,200,1,200,200,200,200,0,200,200
347080,0,30,200,200,0,1,0,6,0,0,200,0,200,1,28,200,200,200,0,200,200
347084,0,30,1,2,0,1,10,5,0,0,0,18,0,0,47,200,3,200,200,200,200
347084,0,30,1,2,0,1,10,5,0,0,0,18,0,0,66,0,0,0,0,200,200
347085,0,20,0,0,0,1,7,5,0,200,200,20,0,0,35,200,6,200,200,200,200
347088,0,30,12,12,0,1,2,5,0,0,0,3,200,0,45,200,5,0,0,200,200
347091,0,30,0,0,0,1,7,6,0,0,0,21,200,0,26,0,0,0,0,200,200
347092,0,35,200,200,0,1,9,3,0,0,200,200,200,1,26,200,200,200,0,200,200
347092,5,35,200,200,0,1,9,3,0,0,200,200,200,0,62,200,0,200,200,200,200
347093,0,25,0,0,0,1,10,2,0,0,0,0,0,1,18,0,1,0,0,200,200
347093,0,25,0,0,0,1,10,2,0,0,0,0,0,1,34,0,0,0,0,200,200
347094,0,30,1,2,0,1,10,5,0,0,0,18,200,0,47,0,3,0,0,200,200
347094,0,30,1,2,0,1,10,5,0,0,0,18,200,0,66,0,0,200,200,200,200
347101,0,45,0,0,0,1,10,5,0,0,0,17,200,0,61,200,0,0,0,200,200
347101,0,45,0,0,0,1,10,5,0,0,0,17,200,0,39,200,0,0,0,200,200
347102,0,30,2,2,0,1,8,2,0,0,0,0,200,1,22,7,200,0,0,200,200
347102,4,30,2,2,0,1,8,2,0,0,0,0,200,0,39,200,200,0,0,200,200
347104,0,30,1,2,0,1,12,5,0,0,0,25,0,1,34,0,12,0,0,200,200
347104,0,30,1,2,0,1,12,5,0,0,0,25,0,0,58,0,0,0,0,200,200
347108,0,30,1,2,0,1,10,5,0,0,200,18,200,0,47,200,3,200,200,200,200
347108,0,30,1,2,0,1,10,5,0,0,200,18,200,1,43,200,0,12,200,200,200
347111,0,25,0,0,0,1,0,2,0,0,12,0,0,1,28,0,1,0,0,200,200
347111,0,25,0,0,0,1,0,2,0,0,12,0,0,1,30,0,0,0,0,200,200
347120,1,30,0,0,0,4,10,5,0,0,0,18,16,1,200,0,200,200,200,200,200
347120,0,30,0,0,0,4,10,5,0,0,0,18,16,1,23,200,3,200,0,200,200
347120,0,30,0,0,0,4,10,5,0,0,0,18,16,1,25,0,0,0,0,200,200
347120,1,30,0,0,0,4,10,5,0,0,0,18,16,1,200,0,200,200,200,200,200
347120,1,30,0,0,0,4,10,5,0,0,0,18,16,1,200,0,200,200,200,200,200
347120,1,30,0,0,0,4,10,5,0,0,0,18,16,0,200,5,200,200,200,200,200
347120,1,30,0,0,0,4,10,5,0,0,0,18,16,1,200,5,200,200,200,200,200
347128,0,30,0,0,0,3,14,3,0,0,0,17,0,1,36,0,1,0,1,200,200
347128,0,30,0,0,0,3,14,3,0,0,0,17,0,0,26,0,0,0,0,200,200
347144,0,25,0,0,0,4,7,7,0,0,0,20,200,0,35,0,6,12,0,200,200
347145,0,30,2,2,0,3,0,5,0,0,0,5,16,1,24,2,5,0,0,200,200
347145,0,30,2,2,0,3,0,5,0,0,0,5,16,1,38,200,0,0,0,200,200
347153,0,30,0,0,0,4,12,5,0,0,0,0,0,1,29,0,0,0,0,200,200
347153,4,30,0,0,0,4,12,5,0,0,0,0,0,0,14,7,0,0,0,200,200
347154,0,15,0,0,0,3,7,6,0,0,0,0,200,0,58,200,200,0,200,200,200
347158,0,30,0,0,0,3,14,5,0,0,0,18,16,0,32,0,3,0,0,200,200
347158,0,30,0,0,0,3,14,5,0,0,0,18,16,1,27,3,0,0,0,200,200
347165,0,25,1,2,0,3,10,5,0,0,200,18,0,0,200,200,3,200,200,200,200
347165,0,25,1,2,0,3,10,5,0,0,200,18,0,1,39,0,0,0,200,200,200
347170,0,35,2,2,0,1,3,5,0,0,0,10,5,0,200,200,9,200,200,200,200
347170,0,35,2,2,0,1,3,5,0,0,0,10,5,1,26,0,0,0,0,200,200
347174,0,30,0,0,0,3,14,6,0,0,200,17,200,0,37,200,1,200,200,200,200
347174,0,30,0,0,0,3,14,6,0,0,200,17,200,0,47,0,0,0,0,200,200
347183,0,30,2,2,0,1,0,5,0,0,0,5,200,1,200,200,5,200,0,200,200
347183,0,30,2,2,0,1,0,5,0,0,0,5,200,1,19,0,0,0,0,200,200
347189,0,30,2,2,0,3,12,5,0,0,0,25,16,2,200,200,8,200,200,200,200
347189,0,30,2,2,0,3,12,5,0,0,0,25,16,0,25,1,0,0,0,200,200
347190,0,30,0,0,0,4,10,5,0,0,0,0,200,0,24,200,3,200,200,200,200
347190,0,30,0,0,0,4,10,5,0,0,0,0,200,1,79,0,0,0,0,200,200
347195,4,30,200,200,200,200,8,5,0,200,200,0,200,0,200,200,200,200,200,200,200
347196,0,30,1,200,0,4,9,5,0,0,200,17,0,2,200,200,200,200,200,200,200
347196,5,30,1,200,0,4,9,5,0,0,200,17,0,1,56,7,0,12,200,200,200
347200,0,30,0,0,0,3,12,2,0,0,0,22,0,1,200,0,2,0,0,200,200
347200,0,30,0,0,0,3,12,2,0,0,0,22,0,0,81,7,0,0,0,200,200
347204,0,30,0,0,0,4,5,5,0,0,0,20,200,0,51,200,12,0,0,200,200
347207,0,30,0,0,0,1,14,5,0,0,0,17,200,0,0,200,1,200,0,200,200
347207,0,30,0,0,0,1,14,5,0,0,0,17,200,1,35,200,8,0,0,200,200
347214,0,30,2,2,0,0,10,2,0,0,0,18,200,0,200,200,3,200,200,200,200
347214,0,30,2,2,0,0,10,2,0,0,0,18,200,1,26,0,0,0,0,200,200
347214,1,30,2,2,0,0,10,2,0,0,0,18,200,200,200,0,200,200,200,200,200
347215,0,30,0,0,0,1,10,5,2,0,0,18,16,1,200,200,1,200,200,200,200
347215,0,30,0,0,0,1,10,5,2,0,0,18,16,0,44,0,0,2,0,200,200
347218,0,30,2,2,0,3,10,5,0,0,0,18,18,0,48,0,1,0,0,200,200
347218,0,30,2,2,0,3,10,5,0,0,0,18,18,0,40,0,0,0,0,200,200
347218,1,30,2,2,0,3,10,5,0,0,0,18,18,0,200,0,200,200,200,200,200
347221,0,25,0,0,0,3,7,6,0,0,0,17,200,0,0,0,1,200,0,200,200