RD_NO,PERSON_TYPE,POSTED_SPEED_LIMIT,TRAFFIC_CONTROL_DEVICE,DEVICE_CONDITION,WEATHER_CONDITION,LIGHTING_CONDITION,FIRST_CRASH_TYPE,TRAFFICWAY_TYPE,ALIGNMENT,ROADWAY_SURFACE_COND,ROAD_DEFECT,PRIM_CONTRIBUTORY_CAUSE,SEC_CONTRIBUTORY_CAUSE,SEX,AGE,SAFETY_EQUIPMENT,DRIVER_ACTION,DRIVER_VISION,PHYSICAL_CONDITION,BAC_RESULT VALUE,CELL_PHONE_USE
347222,0,30,2,200,0,3,14,5,0,0,200,16,17,0,40,200,1,200,200,200,200
347222,0,30,2,200,0,3,14,5,0,0,200,16,17,1,28,200,200,200,0,200,200
347222,1,30,2,200,0,3,14,5,0,0,200,16,17,0,26,200,200,200,200,200,200
347222,1,30,2,200,0,3,14,5,0,0,200,16,17,0,0,5,200,200,200,200,200
347222,1,30,2,200,0,3,14,5,0,0,200,16,17,1,56,200,200,200,200,200,200
347224,0,35,0,0,0,3,5,3,0,0,0,25,200,0,15,7,1,12,200,200,200
347224,0,35,0,0,0,3,5,3,0,0,0,25,200,0,73,200,0,200,0,200,200
347224,1,35,0,0,0,3,5,3,0,0,0,25,200,1,17,200,200,200,200,200,200
347225,0,35,1,2,0,3,14,3,0,0,0,23,200,0,29,0,7,0,0,200,200
347225,0,35,1,2,0,3,14,3,0,0,0,23,200,0,52,0,0,0,0,200,200
347231,0,30,0,0,0,3,10,2,0,0,200,0,0,1,37,0,200,200,0,200,200
347231,0,30,0,0,0,3,10,2,0,0,200,0,0,0,20,0,200,200,0,200,200
347231,1,30,0,0,0,3,10,2,0,0,200,0,0,0,23,0,200,200,200,200,200
347231,1,30,0,0,0,3,10,2,0,0,200,0,0,0,20,0,200,200,200,200,200
347234,0,10,0,0,0,1,0,7,0,0,0,20,200,0,40,0,6,200,200,200,200
347234,0,10,0,0,0,1,0,7,0,0,0,20,200,0,38,0,0,0,0,200,200
347236,0,25,0,0,0,3,7,5,0,0,200,21,0,2,200,200,4,200,200,200,200
347238,0,30,1,2,0,3,14,3,0,0,0,0,0,1,24,200,200,200,200,200,200
347238,0,30,1,2,0,3,14,3,0,0,0,0,0,0,42,200,200,0,0,200,200
347241,4,30,1,2,0,3,8,5,0,0,200,6,200,0,54,3,200,200,7,200,200
347241,0,30,1,2,0,3,8,5,0,0,200,6,200,0,37,200,0,0,0,200,200
347261,0,30,0,0,0,3,7,5,0,0,200,0,0,2,200,200,200,200,200,200,200
347266,0,30,1,2,0,3,0,6,0,0,0,6,200,0,50,0,5,0,0,200,200
347266,0,30,1,2,0,3,0,6,0,0,0,6,200,0,27,0,12,1,0,200,200
347268,0,30,1,2,0,3,10,2,0,0,0,18,16,0,200,200,3,200,200,200,200
347268,0,30,1,2,0,3,10,2,0,0,0,18,16,1,49,0,12,0,0,200,200
347269,0,30,1,200,0,3,10,6,0,0,200,18,0,2,200,200,200,200,200,200,200
347269,0,30,1,200,0,3,10,6,0,0,200,18,0,1,55,0,0,0,0,200,200
347273,0,25,0,0,0,3,7,5,0,0,0,7,0,1,27,0,9,0,0,200,200
347273,1,25,0,0,0,3,7,5,0,0,0,7,0,1,1,5,200,200,200,200,200
347275,0,30,1,2,0,3,10,2,0,0,200,16,18,0,200,200,3,200,200,200,200
347275,0,30,1,2,0,3,10,2,0,0,200,16,18,1,41,0,0,0,0,200,200
347288,0,30,0,0,0,0,10,2,0,0,0,23,200,0,23,200,7,0,0,200,200
347288,0,30,0,0,0,0,10,2,0,0,0,23,200,0,32,200,0,0,0,200,200
347289,0,30,1,2,0,3,14,12,0,0,0,21,23,0,200,200,7,200,200,200,200
347289,0,30,1,2,0,3,14,12,0,0,0,21,23,1,58,0,0,0,0,200,200
347289,1,30,1,2,0,3,14,12,0,0,0,21,23,1,200,200,200,200,200,200,200
347291,0,35,0,0,0,1,10,5,0,0,0,18,200,0,33,200,3,200,0,200,200
347291,0,35,0,0,0,1,10,5,0,0,0,18,200,0,61,0,0,0,0,200,200
347294,0,30,0,0,0,3,7,3,0,0,200,32,16,1,26,0,8,0,5,0.17,1
347298,0,15,0,0,0,4,7,7,0,0,0,0,0,2,200,200,200,200,200,200,200
347303,0,30,2,2,0,3,10,5,0,0,0,18,200,0,41,0,0,0,0,200,200
347303,0,30,2,2,0,3,10,5,0,0,0,18,200,1,200,0,5,0,0,200,200
347303,1,30,2,2,0,3,10,5,0,0,0,18,200,200,200,0,200,200,200,200,200
347303,1,30,2,2,0,3,10,5,0,0,0,18,200,200,200,0,200,200,200,200,200
347304,0,30,1,2,0,3,10,2,0,0,200,0,200,0,29,200,6,200,200,200,200
347304,0,30,1,2,0,3,10,2,0,0,200,0,200,0,42,0,12,0,0,200,200
347304,1,30,1,2,0,3,10,2,0,0,200,0,200,1,43,0,200,200,200,200,200
347318,0,30,1,2,0,0,14,3,0,0,0,17,0,0,48,0,1,0,0,200,200
347318,0,30,1,2,0,0,14,3,0,0,0,17,0,0,32,0,0,0,0,200,200
347329,0,30,1,2,0,3,12,12,0,0,0,0,21,1,18,0,4,0,0,200,200
347329,0,30,1,2,0,3,12,12,0,0,0,0,21,0,35,0,0,0,0,200,200
347329,1,30,1,2,0,3,12,12,0,0,0,0,21,0,18,0,200,200,200,200,200
347333,0,30,1,2,0,3,14,5,0,0,0,0,0,0,200,200,200,200,200,200,200
347333,0,30,1,2,0,3,14,5,0,0,0,0,0,0,34,0,0,0,0,200,200
347339,0,30,1,2,0,3,14,5,0,0,0,6,17,0,23,200,5,0,200,200,200
347339,0,30,1,2,0,3,14,5,0,0,0,6,17,0,66,200,0,0,0,200,200
347346,4,30,0,0,0,1,8,2,0,0,0,200,200,1,24,2,12,0,0,200,200
347346,0,30,0,0,0,1,8,2,0,0,0,200,200,0,200,200,0,200,200,200,200
347357,0,30,1,2,0,0,10,2,0,0,0,17,200,0,19,200,1,200,200,200,200
347357,0,30,1,2,0,0,10,2,0,0,0,17,200,1,24,0,0,0,0,200,200
347358,0,25,0,0,0,1,14,2,2,0,0,33,33,0,28,0,12,0,0,200,200
347358,0,25,0,0,0,1,14,2,2,0,0,33,33,0,35,0,0,0,0,200,200
347365,0,25,3,2,0,3,14,6,0,0,0,23,23,0,24,200,7,0,0,200,200
347365,0,25,3,2,0,3,14,6,0,0,0,23,23,0,41,200,200,200,0,200,200
347365,1,25,3,2,0,3,14,6,0,0,0,23,23,1,19,200,200,200,200,200,200
347366,0,30,1,2,0,1,7,5,0,0,0,200,200,2,200,200,200,200,200,200,200
347372,0,30,0,0,0,3,7,5,0,0,0,0,25,2,200,200,200,200,200,200,200
347386,0,30,0,0,0,3,1,5,0,0,0,1,200,1,24,200,0,0,0,200,200
347396,0,30,2,1,0,3,10,5,0,0,0,18,16,0,22,0,3,0,0,200,200
347396,0,30,2,1,0,3,10,5,0,0,0,18,16,1,33,0,0,0,0,200,200
347408,0,30,0,0,2,3,12,5,0,1,0,22,18,0,45,200,12,200,200,200,200
347408,0,30,0,0,2,3,12,5,0,1,0,22,18,0,200,200,0,200,200,200,200
347415,0,30,200,200,0,200,7,6,0,0,200,0,0,0,60,0,200,0,0,200,200
347425,0,30,2,2,0,3,2,5,0,0,200,19,200,0,200,200,200,200,200,200,200
347425,1,30,2,2,0,3,2,5,0,0,200,19,200,1,29,200,200,200,200,200,200
347432,0,30,0,0,0,3,7,6,0,0,0,22,0,2,200,200,200,200,200,200,200
347443,0,35,0,0,0,3,2,6,0,0,0,25,32,0,27,0,12,0,5,0.15,200
347446,0,35,1,2,0,3,10,2,0,0,0,18,0,1,53,0,3,0,200,200,200
347446,0,35,1,2,0,3,10,2,0,0,0,18,0,1,26,0,0,0,200,200,200
347459,0,30,0,0,0,3,7,5,0,0,0,0,0,0,25,0,12,0,0,200,200
347460,0,15,0,0,0,1,9,7,0,0,0,17,18,1,200,200,1,200,200,200,200
347460,5,15,0,0,0,1,9,7,0,0,0,17,18,0,200,200,0,12,0,200,200
347475,0,30,0,0,0,3,12,5,0,0,0,0,200,2,200,200,200,200,200,200,200
347475,0,30,0,0,0,3,12,5,0,0,0,0,200,2,200,200,200,200,200,200,200
347493,0,30,0,0,0,2,12,5,0,0,0,21,21,1,54,0,4,0,0,200,200
347493,0,30,0,0,0,2,12,5,0,0,0,21,21,0,29,0,0,0,0,200,200
347493,1,30,0,0,0,2,12,5,0,0,0,21,21,0,31,0,200,200,200,200,200
347499,0,30,0,2,0,2,14,5,0,0,0,16,21,0,60,0,7,0,0,200,200
347499,0,30,0,2,0,2,14,5,0,0,0,16,21,0,64,0,0,0,0,200,200
347514,0,20,0,0,0,1,12,6,0,0,0,0,0,1,25,200,0,200,0,200,200
347514,0,20,0,0,0,1,12,6,0,0,0,0,0,1,22,7,200,200,0,200,200
347514,1,20,0,0,0,1,12,6,0,0,0,0,0,1,200,200,200,200,200,200,200
347514,1,20,0,0,0,1,12,6,0,0,0,0,0,1,200,200,200,200,200,200,200
347528,0,30,0,0,0,1,14,5,0,12,12,0,200,0,54,0,0,0,0,200,200
347528,0,30,0,0,0,1,14,5,0,12,12,0,200,0,37,0,200,0,0,200,200
347531,0,30,0,0,0,1,7,5,0,0,0,0,0,2,200,200,200,200,200,200,200
347534,0,30,0,0,0,1,7,5,0,0,0,0,0,2,200,200,200,200,200,200,200
347540,0,30,0,0,0,3,7,3,0,0,0,0,200,1,29,200,200,200,200,200,200
347544,4,30,0,0,0,1,8,5,0,0,0,0,0,0,200,200,200,200,200,200,200
347544,1,30,0,0,0,1,8,5,0,0,0,0,0,0,55,200,200,200,200,200,200
347548,0,30,0,0,0,1,7,6,0,0,0,0,200,2,200,200,200,200,200,200,200
347551,0,30,0,0,200,1,7,6,0,0,0,0,0,2,200,200,200,200,200,200,200
347556,0,30,200,200,200,1,10,5,0,200,200,200,200,0,200,200,200,200,200,200,200
347556,0,30,200,200,200,1,10,5,0,200,200,200,200,0,200,0,200,0,200,200,200
347556,1,30,200,200,200,1,10,5,0,200,200,200,200,1,200,0,200,200,200,200,200
347558,0,30,0,0,0,1,12,6,0,0,0,22,200,0,20,0,8,0,0,200,200
347558,0,30,0,0,0,1,12,6,0,0,0,22,200,0,27,0,12,0,0,200,200
347561,0,35,1,2,0,1,10,2,0,0,0,18,200,0,31,0,3,0,200,200,200
347561,0,35,1,2,0,1,10,2,0,0,0,18,200,0,23,0,0,0,0,200,200
347562,0,30,0,0,0,1,12,6,0,0,0,21,200,0,38,0,12,0,0,200,200
347562,0,30,0,0,0,1,12,6,0,0,0,21,200,1,23,0,4,0,0,200,200
347563,0,35,0,0,0,1,12,5,0,0,0,0,200,0,63,200,12,0,0,200,200
347563,0,35,0,0,0,1,12,5,0,0,0,0,200,1,59,0,0,0,0,200,200
347565,0,30,0,0,0,1,12,6,0,0,0,0,0,0,200,200,200,200,200,200,200
347565,0,30,0,0,0,1,12,6,0,0,0,0,0,1,21,0,0,0,0,200,200
347569,0,30,0,0,0,1,0,5,0,0,0,17,0,0,40,0,1,0,0,200,200
347569,0,30,0,0,0,1,0,5,0,0,0,17,0,1,36,0,0,0,0,200,200
347571,0,30,2,2,0,1,0,5,0,0,0,17,33,1,51,0,1,6,0,200,200
347571,0,30,2,2,0,1,0,5,0,0,0,17,33,1,30,0,0,0,0,200,200
347574,0,30,0,0,0,1,7,6,0,0,0,0,200,0,47,0,200,0,200,200,200
347575,0,30,1,2,0,1,8,2,0,0,0,17,18,1,52,0,1,200,0,200,200
347575,4,30,1,2,0,1,8,2,0,0,0,17,18,0,41,3,0,200,0,200,200
347583,0,30,0,0,0,4,7,5,0,0,0,0,200,0,200,200,12,200,200,200,200
347587,0,30,0,0,0,1,7,6,0,0,200,33,33,1,25,0,12,6,12,200,200
347598,0,30,2,2,0,1,0,2,0,0,0,17,200,0,47,0,1,5,0,200,200
347598,0,30,2,2,0,1,0,2,0,0,0,17,200,1,24,0,0,5,0,200,200
347600,0,30,1,2,0,1,0,5,0,0,0,6,200,1,18,0,5,0,0,200,200
347600,0,30,1,2,0,1,0,5,0,0,0,6,200,1,51,0,0,0,0,200,200
347600,1,30,1,2,0,1,0,5,0,0,0,6,200,0,21,0,200,200,200,200,200
347600,1,30,1,2,0,1,0,5,0,0,0,6,200,1,42,200,200,200,200,200,200
347604,0,30,0,0,0,1,12,5,0,0,0,21,200,1,40,0,4,0,0,200,200
347604,0,30,0,0,0,1,12,5,0,0,0,21,200,0,28,0,0,0,0,200,200
347608,0,35,1,2,0,1,10,2,0,0,0,0,18,1,70,200,3,200,0,200,200
347608,0,35,1,2,0,1,10,2,0,0,0,0,18,0,39,0,0,0,0,200,200
347611,0,25,0,0,0,1,7,6,0,0,0,0,200,2,200,200,200,200,200,200,200
347612,5,30,200,12,0,1,7,5,0,0,0,20,20,1,200,200,0,12,0,200,200
347612,0,30,200,12,0,1,7,5,0,0,0,20,20,2,200,200,6,200,200,200,200
347612,1,30,200,12,0,1,7,5,0,0,0,20,20,200,200,200,200,200,200,200,200
347613,0,30,1,2,0,1,14,12,0,0,0,0,17,0,200,200,200,200,200,200,200
347613,0,30,1,2,0,1,14,12,0,0,0,0,17,1,26,200,200,0,0,200,200
347614,0,30,2,2,0,1,10,2,0,0,0,18,0,0,200,200,200,200,200,200,200
347614,0,30,2,2,0,1,10,2,0,0,0,18,0,1,45,0,0,0,0,200,200
347614,1,30,2,2,0,1,10,2,0,0,0,18,0,200,200,200,200,200,200,200,200
347614,1,30,2,2,0,1,10,2,0,0,0,18,0,0,44,0,200,200,200,200,200
347614,1,30,2,2,0,1,10,2,0,0,0,18,0,1,11,0,200,200,200,200,200
347616,0,30,0,0,0,1,12,5,0,0,0,0,0,0,42,200,200,200,200,200,200
347616,0,30,0,0,0,1,12,5,0,0,0,0,0,0,62,200,200,200,200,200,200
347620,0,30,0,0,0,1,10,2,0,0,0,16,18,0,31,200,3,0,0,200,200
347620,0,30,0,0,0,1,10,2,0,0,0,16,18,1,49,0,0,0,0,200,200
347622,0,30,0,0,0,1,12,7,0,0,0,0,0,0,29,200,6,200,200,200,200
347622,0,30,0,0,0,1,12,7,0,0,0,0,0,1,41,0,0,200,200,200,200
347635,0,25,2,2,0,1,12,5,0,0,0,11,23,0,55,200,7,200,0,200,200
347635,0,25,2,2,0,1,12,5,0,0,0,11,23,0,33,200,0,0,0,200,200
347639,0,35,2,12,0,1,0,5,2,0,0,33,17,0,19,0,1,0,0,200,200
347639,0,35,2,12,0,1,0,5,2,0,0,33,17,0,54,0,0,0,0,200,200
347640,0,30,0,0,0,1,7,5,0,0,0,11,11,1,63,0,12,0,0,200,200
347655,0,15,0,0,0,1,0,5,0,0,0,0,0,1,26,0,6,0,0,200,200
347655,0,15,0,0,0,1,0,5,0,0,0,0,0,1,49,0,0,0,0,200,200
347655,1,15,0,0,0,1,0,5,0,0,0,0,0,0,200,0,200,200,200,200,200
347657,0,45,0,200,0,3,2,3,0,0,0,11,200,0,58,200,12,0,0,200,200
347666,0,25,0,0,0,1,10,5,0,0,0,18,0,0,48,0,3,0,0,200,200
347666,0,25,0,0,0,1,10,5,0,0,0,18,0,0,58,0,0,0,0,200,200
347673,0,30,0,0,0,1,10,2,0,0,0,0,0,0,200,200,3,200,200,200,200
347673,0,30,0,0,0,1,10,2,0,0,0,0,0,1,57,0,0,0,0,200,200
347673,1,30,0,0,0,1,10,2,0,0,0,0,0,0,200,1,200,200,200,200,200
347674,0,30,0,0,0,1,10,2,0,0,0,16,200,0,19,200,0,0,200,200,200
347674,0,30,0,0,0,1,10,2,0,0,0,16,200,1,53,7,0,0,0,200,200
347674,0,30,0,0,0,1,10,2,0,0,0,16,200,0,58,0,0,0,0,200,200
347677,0,30,0,0,0,1,2,5,0,0,0,0,0,0,39,0,12,0,0,200,200
347681,0,30,0,0,0,1,14,5,0,0,0,17,0,1,68,200,200,200,200,200,200
347681,0,30,0,0,0,1,14,5,0,0,0,17,0,0,24,0,0,0,0,200,200
347685,0,25,0,0,0,1,7,5,0,0,0,8,200,1,43,0,12,1,0,200,200
347692,0,30,1,200,0,1,14,5,0,0,0,18,17,2,200,200,200,200,200,200,200
347692,0,30,1,200,0,1,14,5,0,0,0,18,17,0,53,0,0,0,0,200,200
347696,0,30,0,0,0,1,7,6,0,0,0,11,200,0,58,0,15,0,0,200,200
347696,0,30,0,0,0,1,7,6,0,0,0,11,200,0,52,0,0,0,0,200,200
347698,0,30,0,0,0,1,12,5,0,0,0,22,21,0,32,0,4,200,0,200,200
347698,0,30,0,0,0,1,12,5,0,0,0,22,21,0,26,0,0,0,0,200,200
347705,0,30,0,0,0,1,0,7,0,0,0,20,17,1,39,0,6,0,0,200,200
347705,0,30,0,0,0,1,0,7,0,0,0,20,17,0,27,0,1,0,0,200,200
347706,0,30,0,0,0,1,8,2,0,0,0,21,200,0,21,0,0,0,0,200,200
347706,4,30,0,0,0,1,8,2,0,0,0,21,200,0,0,7,4,0,0,200,200
347712,0,30,1,2,0,1,10,2,0,0,0,16,200,1,90,0,3,0,0,200,200
347712,0,30,1,2,0,1,10,2,0,0,0,16,200,0,25,0,200,0,0,200,200
347712,1,30,1,2,0,1,10,2,0,0,0,16,200,0,18,0,200,200,200,200,200
347712,1,30,1,2,0,1,10,2,0,0,0,16,200,0,5,0,200,200,200,200,200
347714,0,35,2,2,0,1,0,2,0,0,0,17,200,1,66,0,1,1,0,200,200
347714,0,35,2,2,0,1,0,2,0,0,0,17,200,0,27,0,0,0,0,200,200
347737,0,30,200,200,0,1,10,5,0,200,200,16,200,0,39,200,200,200,0,200,200
347737,0,30,200,200,0,1,10,5,0,200,200,16,200,1,37,200,200,200,0,200,200
347737,1,30,200,200,0,1,10,5,0,200,200,16,200,0,19,200,200,200,200,200,200
347737,1,30,200,200,0,1,10,5,0,200,200,16,200,1,4,200,200,200,200,200,200
347740,0,10,0,0,0,1,0,7,0,200,200,200,200,1,200,200,200,200,200,200,200
347742,0,30,0,0,0,1,2,7,0,0,0,0,0,0,52,7,0,0,0,200,200
347743,0,30,0,0,0,1,10,2,0,0,0,27,200,1,61,200,12,0,4,200,200
347743,0,30,0,0,0,1,10,2,0,0,0,27,200,1,27,200,0,0,0,200,200
347751,0,15,0,0,0,1,2,0,0,0,12,0,200,0,35,0,200,200,0,200,200
347751,1,15,0,0,0,1,2,0,0,0,12,0,200,1,29,0,200,200,200,200,200
347754,0,30,12,2,200,3,2,7,0,200,0,0,0,2,200,200,12,200,200,200,200
347762,0,25,0,0,0,1,12,5,0,0,0,21,0,0,31,0,4,0,0,200,200
347762,0,25,0,0,0,1,12,5,0,0,0,21,0,1,69,0,0,0,0,200,200
347763,0,30,1,2,0,1,14,5,0,0,0,21,200,0,41,0,12,0,0,200,200
347763,0,30,1,2,0,1,14,5,0,0,0,21,200,1,27,0,12,0,0,200,200
347763,1,30,1,2,0,1,14,5,0,0,0,21,200,1,200,200,200,200,200,200,200
347780,0,30,1,2,0,1,14,5,0,0,0,33,33,0,58,200,12,12,0,200,200
347780,0,30,1,2,0,1,14,5,0,0,0,33,33,0,18,200,0,0,0,200,200
347804,0,30,0,0,200,200,7,6,0,0,0,0,0,2,200,200,200,200,200,200,200
347809,0,30,0,0,0,1,7,6,0,0,0,18,0,2,200,200,200,200,200,200,200
347818,0,30,0,0,0,1,14,5,0,0,0,0,0,0,37,200,12,200,200,200,200
347818,0,30,0,0,0,1,14,5,0,0,0,0,0,0,30,0,12,0,0,200,200
347825,0,30,0,0,0,1,7,5,0,0,0,20,20,0,72,200,6,200,0,200,200
347832,0,0,0,0,200,200,7,7,0,200,200,0,200,2,200,200,200,200,200,200,200
347834,0,30,200,200,0,1,12,3,0,0,200,0,0,0,69,0,7,0,0,200,200
347834,0,30,200,200,0,1,12,3,0,0,200,0,0,0,55,0,0,0,0,200,200
347835,0,5,0,0,0,1,7,7,0,0,0,0,200,0,200,200,200,200,200,200,200
347836,0,30,2,2,0,1,11,5,0,0,0,23,21,1,200,200,7,200,200,200,200
347836,0,30,2,2,0,1,11,5,0,0,0,23,21,0,46,0,0,0,0,200,200
347837,0,30,0,0,0,1,12,2,0,0,0,28,4,1,200,200,4,200,200,200,200
347837,0,30,0,0,0,1,12,2,0,0,0,28,4,0,39,0,0,0,0,200,200
347840,0,0,1,200,0,1,14,8,3,0,0,0,0,0,74,0,200,0,0,200,200
347840,0,0,1,200,0,1,14,8,3,0,0,0,0,0,46,0,200,0,0,200,200
347840,1,0,1,200,0,1,14,8,3,0,0,0,0,1,200,0,200,200,200,200,200
347844,0,30,0,0,0,1,11,5,0,0,0,33,200,0,34,0,7,0,0,200,200
347844,0,30,0,0,0,1,11,5,0,0,0,33,200,1,18,0,0,12,0,200,200
347850,0,30,0,0,0,1,7,6,0,0,0,20,200,0,62,0,6,0,0,200,200
347855,4,30,1,2,0,1,8,1,0,0,0,22,0,0,24,2,4,0,0,200,200
347855,0,30,1,2,0,1,8,1,0,0,0,22,0,0,40,0,0,0,0,200,200
347857,0,35,0,0,0,1,10,5,0,0,0,11,0,0,58,200,12,0,0,200,200
347857,0,35,0,0,0,1,10,5,0,0,0,11,0,0,38,200,0,0,0,200,200
347857,0,35,0,0,0,1,10,5,0,0,0,11,0,0,50,200,0,0,0,200,200
347857,1,35,0,0,0,1,10,5,0,0,0,11,0,1,45,200,200,200,200,200,200
347857,1,35,0,0,0,1,10,5,0,0,0,11,0,1,18,200,200,200,200,200,200
347863,0,25,1,12,0,1,9,12,0,0,0,17,200,2,200,200,1,200,200,200,200
347863,5,25,1,12,0,1,9,12,0,0,0,17,200,0,43,7,0,12,0,200,200
347872,0,30,1,2,0,1,9,2,0,0,0,0,200,2,200,200,12,200,200,200,200
347872,5,30,1,2,0,1,9,2,0,0,0,0,200,1,31,200,0,0,0,200,200
347873,0,30,1,2,0,1,14,2,0,0,0,17,200,0,25,0,1,200,0,200,200
347873,0,30,1,2,0,1,14,2,0,0,0,17,200,0,29,0,0,200,0,200,200
347873,1,30,1,2,0,1,14,2,0,0,0,17,200,1,23,0,200,200,200,200,200
347875,0,30,0,0,200,1,7,5,0,0,0,200,200,0,200,200,200,200,200,200,200
347880,0,30,0,0,0,1,10,6,0,0,3,0,0,1,21,0,12,0,0,200,200
347880,0,30,0,0,0,1,10,6,0,0,3,0,0,1,32,0,0,0,0,200,200
347882,0,30,200,200,200,1,14,2,3,200,200,200,200,0,200,200,200,200,200,200,200
347882,0,30,200,200,200,1,14,2,3,200,200,200,200,0,200,200,200,200,200,200,200
347882,1,30,200,200,200,1,14,2,3,200,200,200,200,1,200,200,200,200,200,200,200
347882,1,30,200,200,200,1,14,2,3,200,200,200,200,1,200,200,200,200,200,200,200
347882,1,30,200,200,200,1,14,2,3,200,200,200,200,2,200,200,200,200,200,200,200
347882,1,30,200,200,200,1,14,2,3,200,200,200,200,2,200,200,200,200,200,200,200
347882,1,30,200,200,200,1,14,2,3,200,200,200,200,0,200,200,200,200,200,200,200
347882,1,30,200,200,200,1,14,2,3,200,200,200,200,1,200,200,200,200,200,200,200
347886,0,30,0,0,200,200,5,5,0,200,1,200,200,0,64,200,12,0,12,200,200
347887,0,30,0,0,0,1,10,5,0,0,0,18,0,1,23,0,3,0,0,200,200
347887,0,30,0,0,0,1,10,5,0,0,0,18,0,0,31,0,0,0,0,200,200
347887,1,30,0,0,0,1,10,5,0,0,0,18,0,1,47,0,200,200,200,200,200
347887,1,30,0,0,0,1,10,5,0,0,0,18,0,0,19,0,200,200,200,200,200
347887,1,30,0,0,0,1,10,5,0,0,0,18,0,0,2,5,200,200,200,200,200
347890,0,30,0,0,0,1,7,7,0,0,0,0,200,0,37,200,200,200,0,200,200
347893,0,30,0,0,0,1,10,5,0,0,0,18,0,2,200,200,3,200,200,200,200
347893,0,30,0,0,0,1,10,5,0,0,0,18,0,0,59,0,0,0,0,200,200
347896,0,30,0,0,0,3,7,6,0,0,0,0,0,0,200,200,6,200,200,200,200
347903,4,30,2,2,0,1,8,2,0,0,0,17,200,0,14,2,1,0,0,200,200
347903,0,30,2,2,0,1,8,2,0,0,0,17,200,1,28,0,0,0,0,200,200
347904,0,30,1,2,0,1,12,5,0,0,0,22,22,0,25,200,2,200,200,200,200
347904,0,30,1,2,0,1,12,5,0,0,0,22,22,1,64,0,0,0,0,200,200
347908,0,30,0,0,0,1,7,6,0,0,0,20,200,2,200,200,6,200,200,200,200
347909,0,30,0,0,0,1,12,2,0,0,0,21,17,1,49,0,4,0,0,200,200
347909,0,30,0,0,0,1,12,2,0,0,0,21,17,0,18,0,0,0,0,200,200
347910,0,30,1,2,0,1,14,5,0,0,0,12,0,0,53,0,12,0,0,200,200
347910,0,30,1,2,0,1,14,5,0,0,0,12,0,1,58,0,0,0,0,200,200
347910,1,30,1,2,0,1,14,5,0,0,0,12,0,0,35,0,200,200,200,200,200
347914,0,35,1,2,0,1,10,5,0,0,0,17,16,0,42,200,1,12,0,200,200
347914,0,35,1,2,0,1,10,5,0,0,0,17,16,1,60,200,0,0,0,200,200
347916,0,10,0,0,0,1,12,6,0,0,0,200,200,0,200,200,200,200,200,200,200
347916,0,10,0,0,0,1,12,6,0,0,0,200,200,0,200,200,0,0,0,200,200
347926,0,10,0,0,0,3,7,7,5,0,0,23,0,2,200,200,7,200,200,200,200
347932,0,35,0,0,0,1,2,5,0,0,0,25,200,1,37,0,12,0,0,200,200
347933,0,30,0,0,0,1,12,6,0,0,0,11,200,1,21,0,4,0,0,200,200
347933,0,30,0,0,0,1,12,6,0,0,0,11,200,0,59,0,200,0,0,200,200
347935,0,30,0,0,0,1,7,6,0,0,0,8,200,0,71,0,12,0,0,200,200
347935,1,30,0,0,0,1,7,6,0,0,0,8,200,0,39,0,200,200,200,200,200
347942,0,10,0,0,0,1,7,12,0,0,2,22,200,0,200,200,1,200,200,200,200
347952,0,30,1,200,0,1,10,5,0,0,0,18,200,0,200,200,3,200,200,200,200
347952,0,30,1,200,0,1,10,5,0,0,0,18,200,1,25,0,0,0,0,200,200
347952,0,30,1,200,0,1,10,5,0,0,0,18,200,0,31,0,0,0,0,200,200
347952,1,30,1,200,0,1,10,5,0,0,0,18,200,1,18,0,200,200,200,200,200
347952,1,30,1,200,0,1,10,5,0,0,0,18,200,1,23,0,200,200,200,200,200
347952,1,30,1,200,0,1,10,5,0,0,0,18,200,0,26,0,200,200,200,200,200
347961,0,35,1,2,0,1,10,5,0,12,0,18,0,1,25,0,12,0,0,200,200
347961,0,35,1,2,0,1,10,5,0,12,0,18,0,0,42,0,0,0,0,200,200
347962,4,30,2,2,0,1,8,5,0,0,0,17,200,0,24,7,4,200,0,200,200
347962,0,30,2,2,0,1,8,5,0,0,0,17,200,0,60,200,12,200,0,200,200
347963,0,30,0,0,0,1,10,6,0,0,0,12,11,0,30,0,12,1,0,200,200
347963,0,30,0,0,0,1,10,6,0,0,0,12,11,0,55,0,0,1,0,200,200
347965,0,30,0,0,0,1,0,7,0,0,0,16,200,1,29,200,1,200,200,200,200
347965,0,30,0,0,0,1,0,7,0,0,0,16,200,0,49,0,0,0,200,200,200
347965,1,30,0,0,0,1,0,7,0,0,0,16,200,1,9,200,200,200,200,200,200
347965,1,30,0,0,0,1,0,7,0,0,0,16,200,0,11,200,200,200,200,200,200
347971,0,15,0,0,0,0,12,8,0,0,200,0,200,0,41,200,200,200,200,200,200
347971,0,15,0,0,0,0,12,8,0,0,200,0,200,0,58,200,200,200,0,200,200
347974,0,30,1,2,0,1,14,5,0,0,0,18,200,0,54,200,3,200,200,200,200
347974,0,30,1,2,0,1,14,5,0,0,0,18,200,0,27,0,0,0,0,200,200