RD_NO,PERSON_TYPE,POSTED_SPEED_LIMIT,TRAFFIC_CONTROL_DEVICE,DEVICE_CONDITION,WEATHER_CONDITION,LIGHTING_CONDITION,FIRST_CRASH_TYPE,TRAFFICWAY_TYPE,ALIGNMENT,ROADWAY_SURFACE_COND,ROAD_DEFECT,PRIM_CONTRIBUTORY_CAUSE,SEC_CONTRIBUTORY_CAUSE,SEX,AGE,SAFETY_EQUIPMENT,DRIVER_ACTION,DRIVER_VISION,PHYSICAL_CONDITION,BAC_RESULT VALUE,CELL_PHONE_USE
347975,0,30,0,0,0,1,7,2,0,0,0,0,200,2,200,200,200,200,200,200,200
347981,0,30,2,2,0,1,10,5,0,0,0,18,200,1,35,200,3,0,0,200,200
347981,0,30,2,2,0,1,10,5,0,0,0,18,200,1,69,0,0,0,0,200,200
347982,0,30,0,0,0,1,10,5,0,0,0,18,16,0,200,200,3,200,200,200,200
347982,0,30,0,0,0,1,10,5,0,0,0,18,16,1,37,0,0,0,0,200,200
347986,0,25,0,0,0,1,12,6,0,0,0,14,25,0,20,200,13,200,200,200,200
347986,0,25,0,0,0,1,12,6,0,0,0,14,25,0,52,200,0,0,0,200,200
347988,0,30,1,2,0,1,12,6,0,0,0,22,11,0,200,200,4,200,200,200,200
347988,0,30,1,2,0,1,12,6,0,0,0,22,11,1,39,0,0,0,0,200,200
347990,0,30,1,2,0,1,12,2,0,0,0,22,16,1,65,200,4,200,0,200,200
347990,0,30,1,2,0,1,12,2,0,0,0,22,16,0,27,200,0,200,0,200,200
347990,1,30,1,2,0,1,12,2,0,0,0,22,16,0,8,200,200,200,200,200,200
347990,1,30,1,2,0,1,12,2,0,0,0,22,16,0,29,200,200,200,200,200,200
347992,0,20,1,2,0,1,0,2,0,0,0,6,0,0,44,0,5,0,4,200,200
347992,0,20,1,2,0,1,0,2,0,0,0,6,0,0,45,0,0,0,0,200,200
347992,1,20,1,2,0,1,0,2,0,0,0,6,0,0,53,0,200,200,200,200,200
347996,0,30,2,1,0,1,7,2,0,0,0,0,0,2,200,200,200,200,200,200,200
347999,0,30,0,0,0,1,12,2,0,0,0,17,200,0,28,0,0,0,0,200,200
347999,0,30,0,0,0,1,12,2,0,0,0,17,200,1,63,0,200,0,0,200,200
348002,0,25,1,2,0,1,10,2,0,0,0,0,0,0,47,0,1,0,0,200,200
348002,0,25,1,2,0,1,10,2,0,0,0,0,0,0,31,0,0,0,0,200,200
348004,0,30,0,0,0,1,7,6,0,200,200,25,0,1,200,200,12,200,200,200,200
348005,0,30,0,0,0,1,12,2,0,0,0,17,0,0,68,0,1,200,0,200,200
348005,0,30,0,0,0,1,12,2,0,0,0,17,0,0,48,0,0,200,0,200,200
348007,0,30,0,0,0,1,10,12,0,0,0,16,17,1,200,200,1,200,200,200,200
348007,0,30,0,0,0,1,10,12,0,0,0,16,17,1,48,200,200,0,0,200,200
348008,0,30,0,0,0,1,10,5,0,12,0,18,200,1,66,200,200,200,0,200,200
348008,0,30,0,0,0,1,10,5,0,12,0,18,200,1,41,0,200,0,0,200,200
348008,1,30,0,0,0,1,10,5,0,12,0,18,200,1,59,0,200,200,200,200,200
348008,1,30,0,0,0,1,10,5,0,12,0,18,200,0,9,0,200,200,200,200,200
348010,0,35,0,0,0,1,7,7,0,0,0,20,200,0,200,200,6,200,200,200,200
348020,0,30,1,2,0,1,10,3,0,0,0,16,11,0,30,0,8,200,0,200,200
348020,0,30,1,2,0,1,10,3,0,0,0,16,11,0,22,0,12,0,0,200,200
348027,0,35,0,0,0,1,10,5,0,0,0,18,0,0,200,200,3,200,200,200,200
348027,0,35,0,0,0,1,10,5,0,0,0,18,0,1,42,200,0,0,0,200,200
348030,0,30,1,2,0,1,10,2,0,0,0,18,200,0,29,0,3,0,0,200,200
348030,0,30,1,2,0,1,10,2,0,0,0,18,200,0,42,0,0,0,0,200,200
348032,0,30,1,2,0,1,0,6,0,0,0,6,16,1,39,200,200,0,0,200,200
348032,0,30,1,2,0,1,0,6,0,0,0,6,16,1,61,200,200,0,0,200,200
348032,1,30,1,2,0,1,0,6,0,0,0,6,16,0,17,200,200,200,200,200,200
348032,1,30,1,2,0,1,0,6,0,0,0,6,16,1,17,200,200,200,200,200,200
348032,1,30,1,2,0,1,0,6,0,0,0,6,16,1,22,200,200,200,200,200,200
348034,0,30,2,2,0,1,14,5,0,0,0,17,200,0,68,0,1,0,0,200,200
348034,0,30,2,2,0,1,14,5,0,0,0,17,200,0,22,0,0,0,0,200,200
348038,0,30,1,2,0,1,10,5,0,0,0,18,200,0,17,0,3,0,0,200,200
348038,0,30,1,2,0,1,10,5,0,0,0,18,200,0,23,0,0,0,0,200,200
348038,0,30,1,2,0,1,10,5,0,0,0,18,200,1,24,0,0,0,0,200,200
348040,0,30,0,0,200,1,5,4,0,200,200,0,200,0,200,200,200,200,200,200,200
348048,0,30,0,0,0,1,11,5,0,0,0,21,200,0,55,0,12,0,0,200,200
348048,0,30,0,0,0,1,11,5,0,0,0,21,200,0,43,0,0,0,0,200,200
348051,0,30,0,0,0,1,7,6,0,0,200,0,200,2,200,200,200,200,200,200,200
348053,0,30,0,0,200,200,10,5,0,0,200,17,200,1,28,200,1,200,200,200,200
348053,0,30,0,0,200,200,10,5,0,0,200,17,200,0,0,0,0,200,0,200,200
348054,0,30,0,0,0,1,10,12,0,0,0,18,0,0,16,0,3,0,0,200,200
348054,0,30,0,0,0,1,10,12,0,0,0,18,0,1,66,0,0,0,0,200,200
348054,1,30,0,0,0,1,10,12,0,0,0,18,0,1,16,0,200,200,200,200,200
348054,1,30,0,0,0,1,10,12,0,0,0,18,0,1,73,0,200,200,200,200,200
348055,0,30,0,0,0,1,2,6,0,0,0,0,0,1,200,200,200,200,200,200,200
348055,1,30,0,0,0,1,2,6,0,0,0,0,0,1,200,200,200,200,200,200,200
348057,0,30,0,0,0,1,2,5,0,0,1,0,0,1,52,0,12,0,0,200,200
348059,0,30,0,0,0,1,12,6,0,0,0,11,0,1,89,200,12,12,0,200,200
348059,0,30,0,0,0,1,12,6,0,0,0,11,0,0,29,0,0,5,0,200,200
348059,1,30,0,0,0,1,12,6,0,0,0,11,0,1,21,200,200,200,200,200,200
348059,1,30,0,0,0,1,12,6,0,0,0,11,0,0,20,4,200,200,200,200,200
348063,0,25,1,2,0,1,10,2,0,0,0,2,18,0,22,0,15,0,0,200,1
348063,0,25,1,2,0,1,10,2,0,0,0,2,18,0,43,0,0,0,0,200,200
348067,0,0,0,0,0,0,2,5,0,0,0,0,0,2,200,200,200,200,200,200,200
348074,0,55,0,0,0,1,12,3,0,0,0,22,17,0,73,200,4,200,200,200,200
348074,0,55,0,0,0,1,12,3,0,0,0,22,17,0,56,0,0,200,0,200,200
348076,0,30,1,2,0,1,7,2,0,0,0,11,200,1,35,0,12,0,0,200,200
348076,1,30,1,2,0,1,7,2,0,0,0,11,200,1,11,0,200,200,200,200,200
348076,1,30,1,2,0,1,7,2,0,0,0,11,200,1,11,0,200,200,200,200,200
348076,1,30,1,2,0,1,7,2,0,0,0,11,200,1,6,0,200,200,200,200,200
348078,0,25,0,0,0,1,12,2,0,0,0,0,0,0,57,0,1,0,0,200,200
348078,0,25,0,0,0,1,12,2,0,0,0,0,0,1,56,0,0,0,0,200,200
348082,0,30,0,0,0,1,7,5,0,0,0,0,0,2,200,200,200,200,200,200,200
348085,0,30,1,2,0,1,10,2,0,0,0,18,0,0,25,0,3,0,0,200,200
348085,0,30,1,2,0,1,10,2,0,0,0,18,0,1,35,0,12,0,0,200,200
348086,0,35,0,0,0,1,12,5,0,0,0,16,22,1,50,200,2,0,0,200,200
348086,0,35,0,0,0,1,12,5,0,0,0,16,22,1,51,200,8,0,0,200,200
348086,0,35,0,0,0,1,12,5,0,0,0,16,22,1,28,200,0,0,0,200,200
348086,1,35,0,0,0,1,12,5,0,0,0,16,22,1,18,200,200,200,200,200,200
348086,1,35,0,0,0,1,12,5,0,0,0,16,22,1,200,200,200,200,200,200,200
348087,0,30,1,2,0,1,10,5,0,0,0,18,200,0,51,0,3,0,0,200,200
348087,0,30,1,2,0,1,10,5,0,0,0,18,200,1,35,0,0,0,0,200,200
348087,1,30,1,2,0,1,10,5,0,0,0,18,200,1,200,200,200,200,200,200,200
348092,0,30,200,200,0,1,14,5,0,200,200,0,200,0,46,200,200,200,0,200,200
348092,0,30,200,200,0,1,14,5,0,200,200,0,200,1,62,200,200,200,0,200,200
348094,0,0,2,2,0,1,14,7,0,0,0,0,0,0,200,200,200,0,0,200,200
348094,0,0,2,2,0,1,14,7,0,0,0,0,0,0,200,200,0,200,200,200,200
348098,0,15,0,0,0,1,7,7,0,0,0,17,0,0,66,200,12,0,0,200,200
348098,1,15,0,0,0,1,7,7,0,0,0,17,0,0,200,0,200,200,200,200,200
348098,1,15,0,0,0,1,7,7,0,0,0,17,0,1,200,0,200,200,200,200,200
348099,0,30,1,2,0,1,9,5,0,0,0,0,0,0,200,200,1,200,200,200,200
348099,5,30,1,2,0,1,9,5,0,0,0,0,0,1,200,200,200,200,0,200,200
348100,0,30,2,2,0,1,9,5,0,0,0,33,200,1,60,0,12,12,0,200,200
348100,5,30,2,2,0,1,9,5,0,0,0,33,200,0,31,200,200,200,0,200,200
348104,0,30,0,0,0,1,7,5,0,0,0,23,200,0,33,0,7,0,0,200,200
348112,0,30,2,2,0,1,9,5,0,0,0,5,17,0,200,200,1,200,200,200,200
348112,5,30,2,2,0,1,9,5,0,0,0,5,17,1,31,7,0,200,0,200,200
348115,0,30,4,2,0,1,10,2,0,0,0,16,0,0,33,0,1,200,0,200,200
348115,0,30,4,2,0,1,10,2,0,0,0,16,0,0,51,0,0,0,0,200,200
348117,0,25,0,0,0,1,12,2,0,0,0,0,0,0,47,0,1,0,0,200,200
348117,0,25,0,0,0,1,12,2,0,0,0,0,0,0,29,0,0,0,0,200,200
348126,0,30,1,2,0,1,14,2,0,0,0,0,0,0,53,200,12,0,0,200,200
348126,0,30,1,2,0,1,14,2,0,0,0,0,0,1,25,200,0,0,0,200,200
348132,0,35,1,2,0,1,14,6,0,0,0,23,0,0,69,0,7,0,0,200,200
348132,0,35,1,2,0,1,14,6,0,0,0,23,0,0,29,0,0,0,0,200,200
348134,0,30,0,0,0,1,12,5,0,0,0,21,0,0,46,200,0,0,0,200,200
348134,0,30,0,0,0,1,12,5,0,0,0,21,0,0,47,200,4,0,0,200,200
348134,1,30,0,0,0,1,12,5,0,0,0,21,0,1,65,200,200,200,200,200,200
348134,1,30,0,0,0,1,12,5,0,0,0,21,0,1,26,7,200,200,200,200,200
348134,1,30,0,0,0,1,12,5,0,0,0,21,0,0,200,5,200,200,200,200,200
348136,0,30,0,0,0,1,7,7,0,0,0,20,200,1,25,200,6,0,5,200,200
348136,1,30,0,0,0,1,7,7,0,0,0,20,200,1,200,0,200,200,200,200,200
348136,1,30,0,0,0,1,7,7,0,0,0,20,200,2,200,200,200,200,200,200,200
348136,1,30,0,0,0,1,7,7,0,0,0,20,200,2,200,0,200,200,200,200,200
348136,1,30,0,0,0,1,7,7,0,0,0,20,200,2,200,200,200,200,200,200,200
348137,0,10,0,0,0,1,0,7,0,0,0,0,0,1,30,0,12,0,0,200,200
348137,0,10,0,0,0,1,0,7,0,0,0,0,0,0,46,0,12,0,0,200,200
348141,0,35,1,2,0,1,10,3,0,0,0,7,200,1,60,0,0,0,0,200,200
348141,0,35,1,2,0,1,10,3,0,0,0,7,200,1,24,200,0,200,200,200,200
348144,0,30,1,2,0,1,0,5,0,0,0,0,0,0,30,200,200,200,0,200,200
348144,0,30,1,2,0,1,0,5,0,0,0,0,0,0,50,0,200,200,0,200,200
348144,1,30,1,2,0,1,0,5,0,0,0,0,0,0,29,200,200,200,200,200,200
348146,0,30,0,0,0,1,9,2,0,0,0,0,0,1,200,200,200,200,200,200,200
348146,5,30,0,0,0,1,9,2,0,0,0,0,0,0,80,7,200,200,200,200,200
348147,0,15,0,0,0,1,7,7,0,0,0,25,200,0,34,200,200,200,200,200,200
348149,0,30,0,0,0,1,7,5,0,0,0,11,0,1,44,0,0,0,0,200,200
348151,0,30,1,2,0,1,0,2,0,0,0,17,200,0,200,200,1,200,200,200,200
348151,0,30,1,2,0,1,0,2,0,0,0,17,200,0,33,0,0,0,0,200,200
348154,0,10,9,2,0,1,3,7,0,0,0,0,0,0,36,200,6,200,200,200,200
348154,0,10,9,2,0,1,3,7,0,0,0,0,0,0,35,0,0,0,0,200,200
348157,0,30,0,0,0,1,10,2,0,0,0,0,0,1,36,0,200,0,0,200,200
348157,0,30,0,0,0,1,10,2,0,0,0,0,0,0,28,0,0,0,0,200,200
348157,1,30,0,0,0,1,10,2,0,0,0,0,0,1,33,0,200,200,200,200,200
348157,1,30,0,0,0,1,10,2,0,0,0,0,0,0,12,0,200,200,200,200,200
348157,1,30,0,0,0,1,10,2,0,0,0,0,0,1,16,0,200,200,200,200,200
348157,1,30,0,0,0,1,10,2,0,0,0,0,0,0,16,0,200,200,200,200,200
348157,1,30,0,0,0,1,10,2,0,0,0,0,0,1,27,0,200,200,200,200,200
348157,1,30,0,0,0,1,10,2,0,0,0,0,0,1,37,0,200,200,200,200,200
348157,1,30,0,0,0,1,10,2,0,0,0,0,0,1,9,0,200,200,200,200,200
348162,0,0,0,0,0,1,7,7,0,0,0,0,0,1,42,0,6,200,0,200,200
348163,0,5,0,0,0,1,10,7,0,0,0,18,200,1,37,200,3,200,200,200,200
348163,0,5,0,0,0,1,10,7,0,0,0,18,200,1,54,0,0,0,0,200,200
348164,0,30,0,0,200,200,7,5,0,200,0,0,200,2,200,200,200,200,200,200,200
348169,0,30,0,0,0,1,10,2,0,0,0,18,11,0,29,200,0,0,0,200,200
348169,0,30,0,0,0,1,10,2,0,0,0,18,11,0,62,200,3,0,0,200,200
348174,0,30,0,0,0,1,7,1,0,0,0,200,200,0,47,200,200,200,0,200,200
348176,0,25,0,0,0,1,7,5,0,0,0,0,200,1,200,200,200,200,200,200,200
348176,1,25,0,0,0,1,7,5,0,0,0,0,200,1,200,200,200,200,200,200,200
348177,0,30,1,2,0,1,14,5,0,0,0,0,200,0,29,200,200,200,0,200,200
348177,0,30,1,2,0,1,14,5,0,0,0,0,200,1,25,200,200,0,0,200,200
348179,0,30,1,2,0,1,12,5,0,0,0,22,200,0,74,0,200,0,0,200,200
348179,0,30,1,2,0,1,12,5,0,0,0,22,200,1,42,0,200,0,0,200,200
348185,0,35,1,2,0,1,14,3,0,0,0,16,200,0,35,0,0,0,0,200,200
348185,0,35,1,2,0,1,14,3,0,0,0,16,200,1,200,200,0,200,200,200,200
348186,0,30,0,0,0,1,7,5,0,0,0,0,200,2,200,200,200,200,200,200,200
348188,0,10,0,0,0,1,12,7,0,0,0,20,20,0,200,200,1,200,200,200,200
348188,0,10,0,0,0,1,12,7,0,0,0,20,20,1,54,0,0,0,0,200,200
348189,0,30,1,2,0,1,10,5,0,0,0,6,6,1,200,200,5,200,200,200,200
348189,0,30,1,2,0,1,10,5,0,0,0,6,6,1,33,0,0,0,0,200,200
348195,0,15,0,0,0,1,10,4,0,0,0,18,200,0,200,200,3,200,0,200,200
348195,0,15,0,0,0,1,10,4,0,0,0,18,200,0,200,200,0,200,0,200,200
348195,0,15,0,0,0,1,10,4,0,0,0,18,200,0,200,200,0,200,0,200,200
348198,0,30,0,0,0,1,7,5,0,0,0,23,8,1,34,0,7,0,0,200,200
348200,0,30,0,0,0,1,14,5,0,0,0,0,0,0,79,0,1,0,0,200,200
348200,0,30,0,0,0,1,14,5,0,0,0,0,0,0,54,0,0,0,0,200,200
348200,1,30,0,0,0,1,14,5,0,0,0,0,0,1,61,0,200,200,200,200,200
348202,0,30,1,2,0,1,14,5,0,0,0,0,200,0,49,200,7,200,200,200,200
348202,0,30,1,2,0,1,14,5,0,0,0,0,200,1,55,0,0,0,0,200,200
348205,0,30,0,0,0,1,7,2,0,0,0,0,200,2,200,200,200,200,200,200,200
348210,0,30,1,2,0,1,10,5,0,0,0,18,200,0,200,200,3,200,200,200,200
348210,0,30,1,2,0,1,10,5,0,0,0,18,200,0,28,0,0,0,0,200,200
348214,0,30,1,2,0,1,14,2,0,0,0,17,22,0,26,0,7,0,0,200,200
348214,0,30,1,2,0,1,14,2,0,0,0,17,22,0,45,0,12,0,0,200,200
348216,0,30,0,0,0,1,12,2,0,0,200,21,0,0,200,200,4,200,200,200,200
348216,0,30,0,0,0,1,12,2,0,0,200,21,0,0,75,0,0,0,0,200,200
348218,0,30,0,0,0,200,12,6,0,0,3,0,0,0,60,200,12,200,200,200,200
348218,0,30,0,0,0,200,12,6,0,0,3,0,0,1,31,0,0,0,0,200,200
348218,1,30,0,0,0,200,12,6,0,0,3,0,0,0,200,0,200,200,200,200,200
348222,0,25,0,0,0,1,10,2,0,0,0,0,0,0,59,0,1,0,0,200,200
348222,0,25,0,0,0,1,10,2,0,0,0,0,0,1,34,0,0,0,0,200,200
348223,0,30,1,2,0,1,12,5,0,0,0,22,200,0,200,200,2,200,200,200,200
348223,0,30,1,2,0,1,12,5,0,0,0,22,200,1,68,0,0,0,0,200,200
348224,0,30,1,2,0,1,10,5,0,0,0,0,200,0,23,0,3,0,0,200,200
348224,0,30,1,2,0,1,10,5,0,0,0,0,200,1,25,0,0,0,0,200,200
348224,0,30,1,2,0,1,10,5,0,0,0,0,200,0,71,0,0,0,0,200,200
348224,1,30,1,2,0,1,10,5,0,0,0,0,200,0,4,0,200,200,200,200,200
348224,1,30,1,2,0,1,10,5,0,0,0,0,200,0,200,0,200,200,200,200,200
348226,0,30,0,0,0,1,7,2,0,0,12,0,200,2,200,200,200,200,200,200,200
348233,0,30,2,2,0,1,14,2,0,0,0,0,0,0,46,200,1,200,200,200,200
348233,0,30,2,2,0,1,14,2,0,0,0,0,0,0,35,0,0,0,0,200,200
348233,1,30,2,2,0,1,14,2,0,0,0,0,0,1,31,0,200,200,200,200,200
348234,0,30,1,2,0,1,0,2,0,0,0,17,200,1,200,200,1,200,200,200,200
348234,0,30,1,2,0,1,0,2,0,0,0,17,200,1,27,0,0,0,0,200,200
348237,0,30,1,2,0,1,10,5,0,0,0,18,200,0,40,0,3,0,0,200,200
348237,0,30,1,2,0,1,10,5,0,0,0,18,200,0,42,0,0,0,0,200,200
348237,1,30,1,2,0,1,10,5,0,0,0,18,200,0,200,0,200,200,200,200,200
348239,0,30,0,0,0,1,12,5,0,200,0,17,0,1,22,200,1,200,200,200,200
348239,0,30,0,0,0,1,12,5,0,200,0,17,0,0,71,0,0,0,0,200,200
348244,0,30,2,2,0,1,0,5,0,0,0,14,5,0,200,200,1,200,200,200,200
348244,0,30,2,2,0,1,0,5,0,0,0,14,5,1,58,0,0,0,0,200,200
348250,0,30,4,0,0,1,10,5,0,0,0,18,200,0,200,200,3,200,200,200,200
348250,0,30,4,0,0,1,10,5,0,0,0,18,200,0,41,0,0,0,0,200,200
348250,1,30,4,0,0,1,10,5,0,0,0,18,200,1,200,200,200,200,200,200,200
348250,1,30,4,0,0,1,10,5,0,0,0,18,200,0,200,0,200,200,200,200,200
348250,1,30,4,0,0,1,10,5,0,0,0,18,200,0,200,0,200,200,200,200,200
348253,0,35,0,0,0,1,10,3,0,0,0,16,200,0,46,0,1,0,0,200,200
348253,0,35,0,0,0,1,10,3,0,0,0,16,200,1,61,0,0,0,0,200,200
348253,1,35,0,0,0,1,10,3,0,0,0,16,200,0,200,0,200,200,200,200,200
348255,0,20,0,0,0,1,12,5,0,0,0,21,0,0,200,200,4,0,0,200,200
348255,0,20,0,0,0,1,12,5,0,0,0,21,0,0,22,200,0,0,0,200,200
348261,0,20,0,0,0,1,7,6,0,0,200,0,0,2,200,200,200,200,200,200,200
348262,0,35,1,2,0,1,10,5,0,0,0,18,16,1,21,0,8,0,0,200,200
348262,0,35,1,2,0,1,10,5,0,0,0,18,16,0,29,0,0,0,0,200,200
348263,0,20,1,2,0,1,10,5,0,0,0,18,11,0,35,200,3,0,0,200,200
348263,0,20,1,2,0,1,10,5,0,0,0,18,11,1,30,0,0,0,0,200,200
348263,1,20,1,2,0,1,10,5,0,0,0,18,11,0,5,5,200,200,200,200,200
348263,1,20,1,2,0,1,10,5,0,0,0,18,11,1,0,5,200,200,200,200,200
348268,0,30,1,2,0,1,10,5,0,0,200,21,11,0,21,200,6,0,0,200,200
348268,0,30,1,2,0,1,10,5,0,0,200,21,11,0,27,0,0,0,0,200,200
348273,0,45,0,0,0,1,10,3,0,0,0,16,18,1,41,200,3,0,0,200,200
348273,0,45,0,0,0,1,10,3,0,0,0,16,18,0,35,200,0,0,0,200,200
348275,0,30,0,0,0,1,14,5,0,0,0,17,22,0,200,0,1,0,0,200,200
348275,0,30,0,0,0,1,14,5,0,0,0,17,22,0,54,0,12,0,0,200,200
348275,1,30,0,0,0,1,14,5,0,0,0,17,22,0,5,5,200,200,200,200,200
348277,0,30,0,0,0,1,12,2,0,0,200,17,200,0,200,200,1,200,200,200,200
348277,0,30,0,0,0,1,12,2,0,0,200,17,200,1,43,0,0,200,0,200,200
348278,0,30,1,2,0,1,12,2,0,0,0,22,16,0,200,200,2,200,200,200,200
348278,0,30,1,2,0,1,12,2,0,0,0,22,16,0,43,0,6,200,0,200,200
348279,0,30,1,2,0,1,12,6,0,0,0,21,17,0,200,200,1,200,200,200,200
348279,0,30,1,2,0,1,12,6,0,0,0,21,17,0,64,0,0,0,0,200,200
348280,0,30,0,0,0,1,12,5,0,0,0,21,21,0,54,0,4,5,0,200,200
348280,0,30,0,0,0,1,12,5,0,0,0,21,21,0,40,0,0,0,0,200,200
348283,0,30,1,2,0,1,10,5,0,0,0,0,0,0,31,0,0,0,0,200,200
348283,0,30,1,2,0,1,10,5,0,0,0,0,0,0,50,0,1,0,0,200,200
348286,0,30,0,0,0,1,2,2,0,0,0,27,200,0,56,0,12,200,7,200,200
348286,1,30,0,0,0,1,2,2,0,0,0,27,200,0,63,0,200,200,200,200,200
348290,0,30,0,0,0,1,7,6,0,0,0,25,200,1,31,0,0,0,0,200,200
348290,1,30,0,0,0,1,7,6,0,0,0,25,200,1,42,0,200,200,200,200,200
348298,0,15,0,0,0,1,2,0,0,0,0,7,25,0,82,0,1,0,0,200,200
348300,0,40,0,0,0,1,14,2,0,0,0,23,200,0,63,0,1,0,0,200,200
348300,0,40,0,0,0,1,14,2,0,0,0,23,200,1,200,0,0,0,0,200,200
348300,1,40,0,0,0,1,14,2,0,0,0,23,200,1,63,0,200,200,200,200,200
348302,0,30,1,2,0,1,10,2,0,0,0,7,18,0,34,0,12,0,0,200,200
348302,0,30,1,2,0,1,10,2,0,0,0,7,18,0,25,0,0,0,0,200,200
348302,1,30,1,2,0,1,10,2,0,0,0,7,18,1,21,0,200,200,200,200,200
348310,4,30,0,0,0,1,8,2,0,0,200,17,18,1,22,200,1,0,0,200,200
348310,0,30,0,0,0,1,8,2,0,0,200,17,18,1,53,200,0,0,0,200,200
348312,0,30,2,2,0,1,14,5,0,0,200,17,200,1,52,200,1,200,200,200,200
348312,0,30,2,2,0,1,14,5,0,0,200,17,200,0,40,0,0,0,0,200,200
348315,0,30,0,0,0,1,0,5,0,0,0,20,11,0,55,0,6,0,0,200,200
348315,0,30,0,0,0,1,0,5,0,0,0,20,11,0,39,0,0,0,0,200,200
348316,0,30,1,2,0,1,8,5,0,0,0,17,18,1,200,200,1,200,200,200,200
348316,4,30,1,2,0,1,8,5,0,0,0,17,18,1,32,200,0,0,0,200,200
348323,0,15,0,0,0,1,7,7,0,0,0,16,200,1,21,0,10,0,0,200,200
348325,0,30,1,2,0,1,12,2,0,0,0,0,200,0,200,200,4,200,200,200,200
348325,0,30,1,2,0,1,12,2,0,0,0,0,200,0,42,0,0,0,0,200,200
348328,0,15,0,0,0,1,7,7,0,0,0,0,0,0,45,200,6,200,200,200,200
348330,0,30,0,0,0,1,7,6,0,0,200,0,0,0,200,200,200,200,200,200,200
348331,0,0,1,2,0,1,10,2,0,0,0,18,1,0,200,200,3,200,200,200,200
348331,0,0,1,2,0,1,10,2,0,0,0,18,1,1,27,200,0,0,0,200,200
348337,0,35,0,0,0,1,14,6,0,0,0,16,200,1,200,200,3,200,200,200,200
348337,0,35,0,0,0,1,14,6,0,0,0,16,200,0,38,0,0,0,0,200,200
348337,1,35,0,0,0,1,14,6,0,0,0,16,200,1,38,0,200,200,200,200,200
348338,0,25,0,0,0,1,7,6,0,0,0,0,200,0,52,0,0,0,0,200,200
348340,0,20,0,0,0,1,7,6,0,0,0,0,200,2,200,200,200,200,200,200,200
348342,0,30,1,2,0,1,0,3,3,0,0,6,17,0,48,0,5,0,0,200,200
348342,0,30,1,2,0,1,0,3,3,0,0,6,17,0,29,0,0,0,0,200,200
348342,1,30,1,2,0,1,0,3,3,0,0,6,17,0,200,0,200,200,200,200,200
348342,1,30,1,2,0,1,0,3,3,0,0,6,17,1,41,0,200,200,200,200,200
348343,0,30,1,0,0,0,10,5,0,0,200,18,200,1,34,200,3,200,0,200,200
348343,0,30,1,0,0,0,10,5,0,0,200,18,200,0,46,0,0,0,0,200,200
348345,0,30,2,0,0,1,14,5,0,0,0,7,25,0,21,0,0,0,0,200,200
348345,0,30,2,0,0,1,14,5,0,0,0,7,25,1,21,0,1,0,0,200,200
348346,0,30,0,0,0,1,0,2,0,0,0,17,17,1,200,200,1,200,200,200,200
348346,0,30,0,0,0,1,0,2,0,0,0,17,17,0,29,0,0,0,0,200,200
348348,0,30,0,0,0,1,12,5,0,0,0,0,0,0,200,200,2,200,200,200,200
348348,0,30,0,0,0,1,12,5,0,0,0,0,0,0,33,0,0,0,0,200,200
348350,0,30,0,0,0,1,7,5,0,0,0,0,200,0,27,200,200,0,0,200,200
348351,0,30,0,0,0,1,0,6,0,0,200,0,200,1,200,200,1,200,200,200,200
348351,0,30,0,0,0,1,0,6,0,0,200,0,200,1,40,0,0,0,0,200,200
348354,0,30,1,2,0,1,10,2,0,0,0,0,200,1,200,200,200,0,200,200,200
348354,0,30,1,2,0,1,10,2,0,0,0,0,200,0,90,0,0,0,200,200,200
348354,0,30,1,2,0,1,10,2,0,0,0,0,200,0,200,200,200,200,200,200,200
348354,1,30,1,2,0,1,10,2,0,0,0,0,200,1,69,0,200,200,200,200,200
348354,1,30,1,2,0,1,10,2,0,0,0,0,200,0,200,200,200,200,200,200,200
348361,0,30,0,0,0,1,7,5,0,0,0,0,0,1,200,200,200,200,200,200,200
348365,0,30,1,2,0,1,12,5,0,0,0,0,200,1,48,200,12,200,200,200,200
348365,0,30,1,2,0,1,12,5,0,0,0,0,200,0,69,0,0,0,0,200,200
348365,1,30,1,2,0,1,12,5,0,0,0,0,200,1,67,0,200,200,200,200,200
348365,1,30,1,2,0,1,12,5,0,0,0,0,200,1,200,200,200,200,200,200,200
348367,0,20,0,0,0,1,7,7,0,0,0,20,0,1,31,0,6,0,0,200,200
348367,1,20,0,0,0,1,7,7,0,0,0,20,0,0,4,5,200,200,200,200,200
348367,1,20,0,0,0,1,7,7,0,0,0,20,0,0,4,5,200,200,200,200,200
348367,1,20,0,0,0,1,7,7,0,0,0,20,0,1,38,0,200,200,200,200,200
348367,1,20,0,0,0,1,7,7,0,0,0,20,0,0,14,0,200,200,200,200,200
348367,1,20,0,0,0,1,7,7,0,0,0,20,0,0,5,5,200,200,200,200,200
348367,1,20,0,0,0,1,7,7,0,0,0,20,0,0,3,5,200,200,200,200,200
348368,0,30,0,0,0,1,7,5,0,0,0,0,0,2,200,200,200,200,200,200,200
348371,0,30,3,2,0,1,10,7,0,0,0,11,0,0,26,200,6,200,200,200,200
348371,0,30,3,2,0,1,10,7,0,0,0,11,0,0,64,0,0,0,0,200,200
348372,0,25,0,0,0,1,3,2,0,0,0,0,0,1,200,200,1,200,200,200,200
348372,0,25,0,0,0,1,3,2,0,0,0,0,0,1,78,0,0,0,0,200,200
348373,0,15,2,2,2,1,7,6,0,0,0,16,0,1,26,0,200,0,0,200,200
348378,0,30,0,0,0,1,12,2,0,0,0,16,0,1,48,200,12,0,0,200,200
348378,0,30,0,0,0,1,12,2,0,0,0,16,0,0,50,200,12,0,0,200,200