RD_NO,PERSON_TYPE,POSTED_SPEED_LIMIT,TRAFFIC_CONTROL_DEVICE,DEVICE_CONDITION,WEATHER_CONDITION,LIGHTING_CONDITION,FIRST_CRASH_TYPE,TRAFFICWAY_TYPE,ALIGNMENT,ROADWAY_SURFACE_COND,ROAD_DEFECT,PRIM_CONTRIBUTORY_CAUSE,SEC_CONTRIBUTORY_CAUSE,SEX,AGE,SAFETY_EQUIPMENT,DRIVER_ACTION,DRIVER_VISION,PHYSICAL_CONDITION,BAC_RESULT VALUE,CELL_PHONE_USE
348928,0,25,0,0,0,3,10,5,0,0,0,18,200,0,40,7,0,200,0,200,200
348929,0,30,0,0,0,0,12,5,0,0,0,23,0,0,29,0,4,0,0,200,200
348929,0,30,0,0,0,0,12,5,0,0,0,23,0,0,25,0,0,0,0,200,200
348929,1,30,0,0,0,0,12,5,0,0,0,23,0,1,25,0,200,200,200,200,200
348935,0,30,3,2,0,3,3,2,0,0,0,21,16,0,200,200,4,200,200,200,200
348935,0,30,3,2,0,3,3,2,0,0,0,21,16,0,30,0,15,0,0,200,200
348942,0,30,3,2,0,3,12,6,0,0,0,16,22,0,200,200,12,200,200,200,200
348942,0,30,3,2,0,3,12,6,0,0,0,16,22,0,28,200,0,0,0,200,200
348942,1,30,3,2,0,3,12,6,0,0,0,16,22,0,200,200,200,200,200,200,200
348942,1,30,3,2,0,3,12,6,0,0,0,16,22,1,200,200,200,200,200,200,200
348947,0,45,0,0,0,3,2,3,3,0,0,0,200,1,22,0,8,0,0,200,200
348947,1,45,0,0,0,3,2,3,3,0,0,0,200,0,20,0,200,200,200,200,200
348949,0,30,2,2,0,3,10,12,0,0,0,22,12,0,24,0,3,0,2,200,200
348949,0,30,2,2,0,3,10,12,0,0,0,22,12,0,33,0,0,0,0,200,200
348949,1,30,2,2,0,3,10,12,0,0,0,22,12,1,31,0,200,200,200,200,200
348956,0,30,1,2,0,3,10,5,0,0,0,0,0,1,29,200,3,0,0,200,200
348956,0,30,1,2,0,3,10,5,0,0,0,0,0,0,40,0,0,0,0,200,200
348964,0,30,0,0,0,3,7,5,0,0,0,32,16,0,25,200,6,0,5,0.08,200
348968,0,30,12,200,0,3,10,5,0,0,200,19,19,0,200,200,6,200,200,200,200
348968,0,30,12,200,0,3,10,5,0,0,200,19,19,1,47,200,0,200,200,200,200
348972,0,30,0,0,0,3,7,2,0,0,0,0,200,2,200,200,200,200,200,200,200
348972,1,30,0,0,0,3,7,2,0,0,0,0,200,2,200,200,200,200,200,200,200
348975,0,30,0,0,0,3,7,2,0,0,0,21,200,0,19,200,4,0,0,200,200
348989,0,30,0,0,0,3,7,5,0,0,0,16,0,1,25,0,8,0,0,200,200
348997,0,30,0,0,0,3,7,5,0,0,200,7,200,0,51,0,12,200,0,200,200
348997,1,30,0,0,0,3,7,5,0,0,200,7,200,1,200,200,200,200,200,200,200
349012,0,30,200,200,0,2,8,2,0,0,200,0,0,2,200,200,200,200,200,200,200
349012,4,30,200,200,0,2,8,2,0,0,200,0,0,0,48,200,200,200,200,200,200
349020,0,25,2,2,0,3,12,2,0,0,0,22,22,1,200,200,2,200,200,200,200
349020,0,25,2,2,0,3,12,2,0,0,0,22,22,0,56,0,0,0,0,200,200
349020,1,25,2,2,0,3,12,2,0,0,0,22,22,1,39,0,200,200,200,200,200
349028,0,30,0,0,0,3,7,5,0,0,0,0,200,0,200,200,200,200,200,200,200
349034,0,30,0,0,2,3,7,5,0,1,0,20,0,0,200,200,6,200,200,200,200
349045,0,30,0,0,0,3,2,5,2,0,0,0,0,1,28,200,8,200,200,200,200
349047,0,30,0,0,0,3,7,5,0,0,0,0,200,0,36,200,200,0,200,200,200
349047,1,30,0,0,0,3,7,5,0,0,0,0,200,0,36,200,200,200,200,200,200
349054,0,30,1,2,2,2,0,6,0,1,0,6,0,0,200,200,12,200,200,200,200
349054,0,30,1,2,2,2,0,6,0,1,0,6,0,0,64,0,12,0,0,200,200
349057,0,30,0,0,0,2,7,5,0,0,0,19,19,1,39,200,200,200,5,200,200
349065,0,30,200,200,0,200,9,3,0,200,200,200,200,2,200,200,200,200,200,200,200
349065,5,30,200,200,0,200,9,3,0,200,200,200,200,1,21,7,200,200,200,200,200
349066,0,25,0,0,2,2,7,6,0,1,0,0,0,2,200,200,200,200,200,200,200
349072,0,30,0,0,0,1,7,6,0,0,0,27,200,0,24,200,12,0,2,200,200
349073,0,30,0,0,2,1,10,5,0,1,0,18,16,1,29,200,3,0,0,200,200
349073,0,30,0,0,2,1,10,5,0,1,0,18,16,1,37,200,0,0,0,200,200
349084,0,35,0,2,1,2,10,5,0,0,0,25,200,1,28,0,12,0,0,200,200
349084,0,35,0,2,1,2,10,5,0,0,0,25,200,0,41,0,0,0,0,200,200
349090,0,30,0,0,2,1,3,5,0,1,0,10,16,0,39,0,9,0,0,200,200
349090,0,30,0,0,2,1,3,5,0,1,0,10,16,0,58,0,0,0,0,200,200
349090,1,30,0,0,2,1,3,5,0,1,0,10,16,0,45,0,200,200,200,200,200
349090,1,30,0,0,2,1,3,5,0,1,0,10,16,0,51,0,200,200,200,200,200
349092,0,30,0,0,2,1,12,6,0,1,0,21,200,0,37,0,4,0,0,200,200
349092,0,30,0,0,2,1,12,6,0,1,0,21,200,1,24,0,0,0,0,200,200
349097,0,15,0,0,2,2,2,0,0,1,0,0,0,2,200,200,200,200,200,200,200
349110,0,25,1,2,2,1,10,5,0,1,0,18,200,0,42,0,8,0,0,200,200
349110,0,25,1,2,2,1,10,5,0,1,0,18,200,0,57,0,0,0,0,200,200
349115,0,35,0,0,2,1,0,5,0,1,0,17,17,0,200,200,1,200,200,200,200
349115,0,35,0,0,2,1,0,5,0,1,0,17,17,1,26,200,0,0,0,200,200
349116,0,30,0,0,2,4,0,5,0,1,0,23,200,1,23,0,0,4,0,200,200
349116,0,30,0,0,2,4,0,5,0,1,0,23,200,0,52,0,0,0,0,200,200
349118,0,30,0,0,0,0,14,5,0,0,2,0,0,1,200,200,1,0,0,200,200
349118,0,30,0,0,0,0,14,5,0,0,2,0,0,0,66,0,0,0,0,200,200
349120,0,20,2,2,2,1,10,5,0,1,0,18,34,0,58,0,8,0,0,200,200
349120,0,20,2,2,2,1,10,5,0,1,0,18,34,0,60,0,0,0,0,200,200
349122,0,30,1,2,2,1,10,5,0,1,200,16,18,0,200,200,3,200,200,200,200
349122,0,30,1,2,2,1,10,5,0,1,200,16,18,1,55,0,0,0,0,200,200
349122,1,30,1,2,2,1,10,5,0,1,200,16,18,0,40,0,200,200,200,200,200
349122,1,30,1,2,2,1,10,5,0,1,200,16,18,0,47,0,200,200,200,200,200
349141,0,30,1,2,2,1,14,6,0,1,0,23,17,1,24,0,1,0,0,200,200
349141,0,30,1,2,2,1,14,6,0,1,0,23,17,1,18,0,0,0,0,200,200
349142,0,10,0,0,2,1,7,7,0,1,0,200,16,0,200,200,10,200,200,200,200
349143,0,30,0,0,2,1,0,5,0,1,0,0,0,0,34,0,1,0,0,200,200
349143,0,30,0,0,2,1,0,5,0,1,0,0,0,0,31,0,200,0,0,200,200
349148,0,35,1,2,2,1,14,2,5,1,0,16,34,0,17,0,8,0,0,200,200
349148,0,35,1,2,2,1,14,2,5,1,0,16,34,0,77,0,0,0,0,200,200
349156,0,30,0,0,2,1,14,2,0,1,0,18,34,0,32,0,3,0,0,200,200
349156,0,30,0,0,2,1,14,2,0,1,0,18,34,0,38,0,0,0,0,200,200
349157,0,20,2,2,200,200,7,2,0,200,0,18,18,2,200,200,3,200,200,200,200
349158,0,30,0,0,2,1,10,2,0,1,0,18,200,0,52,0,3,0,0,200,200
349158,0,30,0,0,2,1,10,2,0,1,0,18,200,1,24,0,0,0,0,200,200
349158,0,30,0,0,2,1,10,2,0,1,0,18,200,1,32,0,0,0,0,200,200
349158,1,30,0,0,2,1,10,2,0,1,0,18,200,1,31,0,200,200,200,200,200
349159,0,30,0,0,2,1,7,7,0,1,0,0,200,0,23,0,6,0,0,200,200
349159,1,30,0,0,2,1,7,7,0,1,0,0,200,1,200,200,200,200,200,200,200
349163,0,30,1,2,0,1,14,2,0,0,0,23,0,1,200,200,4,200,200,200,200
349163,0,30,1,2,0,1,14,2,0,0,0,23,0,1,41,0,0,0,0,200,200
349164,0,0,0,0,0,1,7,6,0,0,0,200,200,2,200,200,200,200,200,200,200
349165,0,35,0,0,2,1,0,3,0,1,0,17,200,0,36,200,1,5,0,200,200
349165,0,35,0,0,2,1,0,3,0,1,0,17,200,0,30,200,0,5,0,200,200
349168,0,0,0,0,0,1,7,7,0,0,0,21,21,1,200,0,4,0,0,200,200
349174,0,30,0,0,0,1,0,5,0,0,0,20,0,1,45,0,6,200,12,200,200
349174,0,30,0,0,0,1,0,5,0,0,0,20,0,0,75,0,0,0,0,200,200
349178,0,30,1,2,2,1,0,5,0,1,0,6,7,1,23,0,5,0,0,200,200
349178,0,30,1,2,2,1,0,5,0,1,0,6,7,0,44,1,200,0,0,200,200
349178,1,30,1,2,2,1,0,5,0,1,0,6,7,1,20,0,200,200,200,200,200
349178,1,30,1,2,2,1,0,5,0,1,0,6,7,0,23,0,200,200,200,200,200
349181,0,30,0,0,2,1,7,2,0,1,0,0,0,0,200,200,200,200,200,200,200
349182,4,35,0,0,2,1,8,5,0,1,0,200,200,0,21,3,0,0,0,200,200
349187,5,30,11,2,0,1,13,6,0,0,0,19,0,0,45,7,12,12,6,200,200
349187,0,30,11,2,0,1,13,6,0,0,0,19,0,2,200,200,0,0,0,200,200
349191,0,30,1,2,2,1,10,5,0,1,0,0,0,0,200,200,3,200,200,200,200
349191,0,30,1,2,2,1,10,5,0,1,0,0,0,0,29,0,0,0,0,200,200
349191,1,30,1,2,2,1,10,5,0,1,0,0,0,1,59,0,200,200,200,200,200
349192,0,30,0,0,0,1,7,6,0,0,0,17,18,0,200,200,200,200,200,200,200
349193,0,30,1,2,2,1,0,2,0,1,0,17,200,0,67,200,1,200,0,200,200
349193,0,30,1,2,2,1,0,2,0,1,0,17,200,1,28,0,0,200,0,200,200
349196,0,30,1,2,2,1,10,5,0,1,0,18,0,0,32,200,3,200,200,200,200
349196,0,30,1,2,2,1,10,5,0,1,0,18,0,1,42,0,0,0,0,200,200
349196,1,30,1,2,2,1,10,5,0,1,0,18,0,1,11,0,200,200,200,200,200
349197,0,30,1,2,2,1,10,2,0,1,0,16,0,2,200,200,1,200,200,200,200
349197,0,30,1,2,2,1,10,2,0,1,0,16,0,1,49,200,0,0,0,200,200
349198,0,25,0,0,2,1,2,3,0,1,0,14,11,0,66,0,8,0,0,200,200
349213,0,35,0,0,2,1,7,5,0,1,0,0,200,1,93,0,0,0,0,200,200
349214,0,30,0,0,1,1,7,5,0,1,200,0,0,0,200,200,200,200,200,200,200
349218,0,30,1,2,2,1,14,2,0,1,0,17,0,0,26,0,1,0,0,200,200
349218,0,30,1,2,2,1,14,2,0,1,0,17,0,0,27,0,0,0,0,200,200
349223,0,25,1,2,2,1,10,12,0,1,0,0,200,1,56,0,12,0,0,200,200
349223,0,25,1,2,2,1,10,12,0,1,0,0,200,1,57,0,0,0,0,200,200
349223,1,25,1,2,2,1,10,12,0,1,0,0,200,0,84,0,200,200,200,200,200
349227,0,25,0,0,0,1,7,5,0,0,0,200,200,2,200,200,200,200,200,200,200
349231,0,40,0,0,1,1,10,5,0,1,0,18,16,0,46,0,3,0,0,200,200
349231,0,40,0,0,1,1,10,5,0,1,0,18,16,0,63,0,0,0,0,200,200
349233,0,30,1,2,2,1,14,12,0,1,0,6,6,0,29,0,5,200,0,200,200
349233,0,30,1,2,2,1,14,12,0,1,0,6,6,0,16,0,0,200,0,200,200
349236,0,30,0,0,2,1,10,5,0,1,0,18,16,0,64,200,0,0,0,200,200
349236,0,30,0,0,2,1,10,5,0,1,0,18,16,1,21,200,3,0,0,200,200
349244,0,30,1,2,0,1,10,2,0,1,0,0,0,0,52,0,1,0,0,200,200
349244,0,30,1,2,0,1,10,2,0,1,0,0,0,1,75,0,0,0,0,200,200
349246,0,30,1,2,0,1,10,5,0,0,0,7,6,0,46,0,5,0,0,200,200
349246,0,30,1,2,0,1,10,5,0,0,0,7,6,0,200,200,200,200,200,200,200
349253,0,30,1,2,0,1,10,5,0,0,0,18,200,1,26,0,3,0,0,200,200
349253,0,30,1,2,0,1,10,5,0,0,0,18,200,0,45,0,0,0,0,200,200
349254,0,30,1,2,2,1,10,5,0,1,0,18,200,0,200,200,3,200,200,200,200
349254,0,30,1,2,2,1,10,5,0,1,0,18,200,0,44,0,0,0,0,200,200
349254,1,30,1,2,2,1,10,5,0,1,0,18,200,1,200,0,200,200,200,200,200
349254,1,30,1,2,2,1,10,5,0,1,0,18,200,1,200,0,200,200,200,200,200
349255,0,25,0,0,0,200,7,5,0,0,0,0,0,2,200,200,200,200,200,200,200
349261,0,30,1,2,1,1,10,2,0,1,0,16,28,1,23,0,3,0,0,200,200
349261,0,30,1,2,1,1,10,2,0,1,0,16,28,1,65,0,0,0,0,200,200
349261,1,30,1,2,1,1,10,2,0,1,0,16,28,1,95,0,200,200,200,200,200
349270,0,30,2,2,2,1,0,3,0,1,0,17,200,1,76,0,1,200,0,200,200
349270,0,30,2,2,2,1,0,3,0,1,0,17,200,1,33,0,200,0,0,200,200
349270,1,30,2,2,2,1,0,3,0,1,0,17,200,0,0,5,200,200,200,200,200
349270,1,30,2,2,2,1,0,3,0,1,0,17,200,1,1,5,200,200,200,200,200
349271,0,30,1,2,2,1,8,2,0,1,0,17,200,0,32,0,1,0,0,200,200
349271,4,30,1,2,2,1,8,2,0,1,0,17,200,0,24,2,0,0,0,200,200
349271,1,30,1,2,2,1,8,2,0,1,0,17,200,0,9,0,200,200,200,200,200
349272,0,30,2,2,2,1,14,5,0,1,200,17,0,1,60,0,1,200,0,200,200
349272,0,30,2,2,2,1,14,5,0,1,200,17,0,0,54,0,0,200,0,200,200
349272,1,30,2,2,2,1,14,5,0,1,200,17,0,1,200,0,200,200,200,200,200
349273,0,15,0,0,0,1,7,7,0,0,0,11,0,0,200,200,6,200,200,200,200
349275,0,35,1,2,2,1,10,5,0,1,0,16,200,0,54,0,8,0,0,200,200
349275,0,35,1,2,2,1,10,5,0,1,0,16,200,1,52,0,0,0,0,200,200
349283,0,0,0,0,0,1,2,7,0,0,0,20,200,0,40,0,6,0,0,200,200
349283,1,0,0,0,0,1,2,7,0,0,0,20,200,1,30,0,200,200,200,200,200
349286,0,30,1,2,0,1,12,2,0,0,0,17,0,0,200,200,1,200,200,200,200
349286,0,30,1,2,0,1,12,2,0,0,0,17,0,0,29,200,200,200,200,200,200
349305,0,20,1,2,0,1,10,12,0,0,0,0,200,0,34,200,200,200,200,200,200
349305,0,20,1,2,0,1,10,12,0,0,0,0,200,1,31,0,0,0,0,200,200
349306,0,25,0,0,0,1,7,6,0,0,0,0,0,1,200,200,200,200,200,200,200
349311,0,30,0,0,1,1,10,5,0,0,0,18,0,1,27,0,3,0,0,200,200
349311,0,30,0,0,1,1,10,5,0,0,0,18,0,0,53,0,0,0,0,200,200
349323,0,0,0,0,0,1,12,7,0,0,0,17,21,1,65,200,1,200,0,200,200
349323,0,0,0,0,0,1,12,7,0,0,0,17,21,1,42,0,0,0,0,200,200
349325,0,0,0,0,2,1,7,7,0,200,0,200,200,2,200,200,200,200,200,200,200
349326,0,30,2,2,2,1,0,5,0,1,0,17,14,1,35,0,0,0,0,200,200
349328,0,10,0,0,0,0,2,7,0,0,0,20,0,0,200,200,0,0,0,200,200
349329,0,30,0,0,0,1,12,6,0,0,0,17,0,0,200,200,1,200,200,200,200
349329,0,30,0,0,0,1,12,6,0,0,0,17,0,1,47,0,0,0,0,200,200
349335,0,15,0,0,1,1,7,6,0,1,0,0,200,0,52,0,0,0,0,200,200
349343,0,20,0,0,0,1,7,12,0,0,0,18,18,1,26,200,3,200,200,200,200
349344,0,30,0,0,2,1,7,5,0,1,0,16,200,0,61,0,200,200,0,200,200
349344,1,30,0,0,2,1,7,5,0,1,0,16,200,1,51,0,200,200,200,200,200
349348,0,20,2,2,2,1,7,6,0,1,0,16,16,2,200,200,200,200,200,200,200
349349,0,10,0,0,0,1,10,7,0,0,0,18,0,0,38,200,0,0,0,200,200
349349,0,10,0,0,0,1,10,7,0,0,0,18,0,0,200,200,3,200,200,200,200
349356,0,30,1,2,0,0,10,5,0,0,0,18,0,0,200,200,3,200,200,200,200
349356,0,30,1,2,0,0,10,5,0,0,0,18,0,0,33,0,0,0,0,200,200
349361,0,25,0,0,2,1,7,6,0,1,0,0,0,2,200,200,200,200,200,200,200
349362,0,25,1,2,0,1,10,12,0,0,0,0,200,0,200,200,200,200,200,200,200
349362,0,25,1,2,0,1,10,12,0,0,0,0,200,0,29,0,0,0,0,200,200
349378,0,30,1,2,2,1,10,2,0,1,0,27,200,0,24,200,12,200,0,200,200
349378,0,30,1,2,2,1,10,2,0,1,0,27,200,0,38,200,0,200,0,200,200
349388,0,30,1,2,2,1,14,5,0,1,0,0,0,0,41,0,200,200,0,200,200
349388,0,30,1,2,2,1,14,5,0,1,0,0,0,1,33,0,0,0,0,200,200
349393,0,35,1,2,0,1,10,12,0,0,0,0,200,1,38,0,12,0,0,200,200
349393,0,35,1,2,0,1,10,12,0,0,0,0,200,0,200,200,12,200,200,200,200
349395,0,30,1,2,2,1,10,5,0,1,0,18,16,1,20,200,3,200,0,200,200
349395,0,30,1,2,2,1,10,5,0,1,0,18,16,1,200,200,0,200,200,200,200
349398,0,30,1,2,0,1,10,5,0,0,0,0,200,1,24,200,200,200,200,200,200
349398,0,30,1,2,0,1,10,5,0,0,0,0,200,0,41,200,0,0,0,200,200
349399,0,30,2,2,2,1,0,5,0,1,0,33,0,0,51,0,1,5,0,200,200
349399,0,30,2,2,2,1,0,5,0,1,0,33,0,0,63,0,200,0,0,200,200
349399,1,30,2,2,2,1,0,5,0,1,0,33,0,0,62,0,200,200,200,200,200
349402,0,30,0,0,0,3,10,5,0,0,0,0,0,0,30,0,3,0,0,200,200
349402,0,30,0,0,0,3,10,5,0,0,0,0,0,0,200,0,0,0,0,200,200
349404,0,35,1,2,2,1,10,2,0,1,0,15,200,1,42,0,8,0,0,200,200
349404,0,35,1,2,2,1,10,2,0,1,0,15,200,1,26,0,0,0,5,200,200
349404,1,35,1,2,2,1,10,2,0,1,0,15,200,1,200,0,200,200,200,200,200
349405,0,30,1,2,0,1,12,2,0,0,0,11,25,1,27,200,12,0,12,200,200
349405,0,30,1,2,0,1,12,2,0,0,0,11,25,1,29,0,12,0,0,200,200
349406,0,30,200,200,200,200,7,5,0,200,200,0,0,2,200,200,200,200,200,200,200
349412,0,30,0,0,2,1,14,2,0,1,0,17,200,1,30,0,1,0,0,200,200
349412,0,30,0,0,2,1,14,2,0,1,0,17,200,1,40,0,0,0,0,200,200
349416,0,30,0,0,2,1,14,2,0,1,0,17,200,1,200,200,1,200,200,200,200
349416,0,30,0,0,2,1,14,2,0,1,0,17,200,0,24,0,0,0,0,200,200
349416,1,30,0,0,2,1,14,2,0,1,0,17,200,1,200,0,200,200,200,200,200
349419,0,30,2,2,2,1,10,1,0,1,0,18,16,1,15,200,8,0,0,200,200
349419,0,30,2,2,2,1,10,1,0,1,0,18,16,0,40,0,0,0,0,200,200
349419,1,30,2,2,2,1,10,1,0,1,0,18,16,1,29,0,200,200,200,200,200
349419,1,30,2,2,2,1,10,1,0,1,0,18,16,0,20,200,200,200,200,200,200
349419,1,30,2,2,2,1,10,1,0,1,0,18,16,0,14,200,200,200,200,200,200
349419,1,30,2,2,2,1,10,1,0,1,0,18,16,1,15,200,200,200,200,200,200
349429,0,30,0,0,0,3,11,5,0,0,0,22,16,0,89,200,2,200,0,200,200
349429,0,30,0,0,0,3,11,5,0,0,0,22,16,0,74,0,0,0,0,200,200
349432,0,30,0,0,0,1,12,5,0,1,200,22,200,2,200,200,200,200,200,200,200
349432,0,30,0,0,0,1,12,5,0,1,200,22,200,1,21,0,0,0,0,200,200
349433,0,30,1,2,2,1,10,2,0,1,0,18,0,0,28,0,3,0,0,200,200
349433,0,30,1,2,2,1,10,2,0,1,0,18,0,1,27,0,12,0,0,200,200
349433,1,30,1,2,2,1,10,2,0,1,0,18,0,1,31,0,200,200,200,200,200
349435,0,35,0,0,0,1,12,5,0,0,0,17,17,0,49,0,1,0,0,200,200
349435,0,35,0,0,0,1,12,5,0,0,0,17,17,0,31,0,0,0,0,200,200
349436,0,30,0,2,0,200,7,6,0,200,0,18,0,2,200,200,3,200,200,200,200
349437,0,30,0,0,0,1,14,2,0,1,0,0,0,0,33,0,0,0,0,200,200
349437,0,30,0,0,0,1,14,2,0,1,0,0,0,0,66,0,0,0,0,200,200
349439,0,30,1,2,2,1,0,0,0,1,0,200,200,2,200,200,0,200,200,200,200
349439,0,30,1,2,2,1,0,0,0,1,0,200,200,1,36,1,0,0,0,200,200
349439,1,30,1,2,2,1,0,0,0,1,0,200,200,1,200,0,200,200,200,200,200
349447,0,30,1,2,2,2,14,3,0,1,0,0,0,0,200,200,200,200,0,200,200
349447,0,30,1,2,2,2,14,3,0,1,0,0,0,0,43,200,0,200,0,200,200
349449,0,15,0,0,0,1,7,7,0,0,0,200,200,2,200,200,200,200,200,200,200
349450,0,25,0,0,0,1,7,6,0,0,0,0,0,0,200,200,3,0,0,200,200
349451,0,20,1,2,2,1,10,2,0,1,200,18,34,0,25,200,3,200,0,200,200
349451,0,20,1,2,2,1,10,2,0,1,200,18,34,0,63,200,200,200,0,200,200
349453,0,20,0,0,0,3,7,5,0,0,0,16,16,2,200,200,200,200,200,200,200
349456,0,30,0,0,2,1,7,6,0,1,200,0,0,2,200,200,200,200,200,200,200
349457,0,30,1,2,2,1,10,5,0,1,0,18,0,0,26,200,3,200,200,200,200
349457,0,30,1,2,2,1,10,5,0,1,0,18,0,1,59,0,0,0,0,200,200
349458,0,35,1,2,0,1,14,3,0,0,0,23,17,1,200,0,7,0,0,200,200
349458,0,35,1,2,0,1,14,3,0,0,0,23,17,0,52,0,7,0,0,200,200
349464,0,30,1,0,0,1,12,5,2,0,0,21,200,2,200,200,4,200,200,200,200
349464,0,30,1,0,0,1,12,5,2,0,0,21,200,0,73,0,0,0,0,200,200
349467,0,30,0,0,2,1,10,2,0,1,0,18,200,1,24,200,3,200,200,200,200
349467,0,30,0,0,2,1,10,2,0,1,0,18,200,1,44,200,0,0,0,200,200
349468,0,30,0,0,2,1,10,2,0,1,0,0,200,0,200,200,200,200,200,200,200
349468,0,30,0,0,2,1,10,2,0,1,0,0,200,0,37,0,0,0,0,200,200
349472,0,30,0,0,2,1,7,2,0,1,200,0,0,0,24,0,7,200,0,200,200
349472,1,30,0,0,2,1,7,2,0,1,200,0,0,0,43,0,200,200,200,200,200
349472,1,30,0,0,2,1,7,2,0,1,200,0,0,0,61,0,200,200,200,200,200
349472,1,30,0,0,2,1,7,2,0,1,200,0,0,0,9,0,200,200,200,200,200
349472,1,30,0,0,2,1,7,2,0,1,200,0,0,0,11,0,200,200,200,200,200
349472,1,30,0,0,2,1,7,2,0,1,200,0,0,1,49,0,200,200,200,200,200
349477,0,20,1,2,2,1,10,5,0,1,200,18,200,0,66,7,3,200,0,200,200
349477,0,20,1,2,2,1,10,5,0,1,200,18,200,1,18,200,0,200,0,200,200
349477,1,20,1,2,2,1,10,5,0,1,200,18,200,1,200,200,200,200,200,200,200
349478,0,30,1,2,2,1,12,5,0,1,0,22,17,0,0,0,2,0,0,200,200
349478,0,30,1,2,2,1,12,5,0,1,0,22,17,1,57,0,0,0,0,200,200
349478,1,30,1,2,2,1,12,5,0,1,0,22,17,1,10,0,200,200,200,200,200
349484,0,20,0,0,2,1,10,2,0,1,0,18,34,1,37,200,200,200,0,200,200
349484,0,20,0,0,2,1,10,2,0,1,0,18,34,0,24,200,0,200,0,200,200
349486,0,35,1,2,0,1,12,6,0,1,0,18,200,2,200,200,3,200,200,200,200
349486,0,35,1,2,0,1,12,6,0,1,0,18,200,1,22,0,0,0,0,200,200
349491,0,10,0,0,0,1,0,0,0,200,200,17,0,1,200,200,200,200,200,200,200
349491,0,10,0,0,0,1,0,0,0,200,200,17,0,0,23,0,1,0,0,200,200
349491,1,10,0,0,0,1,0,0,0,200,200,17,0,0,200,200,200,200,200,200,200
349494,0,30,0,0,0,1,10,5,0,0,0,0,200,0,200,200,12,0,0,200,200
349494,0,30,0,0,0,1,10,5,0,0,0,0,200,1,34,200,12,0,0,200,200
349494,0,30,0,0,0,1,10,5,0,0,0,0,200,0,62,200,12,0,0,200,200
349497,0,30,0,0,0,1,10,2,0,1,0,0,0,0,30,0,0,0,0,200,200
349497,0,30,0,0,0,1,10,2,0,1,0,0,0,0,42,0,0,0,0,200,200
349498,0,30,12,12,0,1,10,5,0,1,0,18,18,0,30,0,3,0,0,200,200
349498,0,30,12,12,0,1,10,5,0,1,0,18,18,0,200,0,0,0,0,200,200
349498,1,30,12,12,0,1,10,5,0,1,0,18,18,1,200,7,200,200,200,200,200
349498,1,30,12,12,0,1,10,5,0,1,0,18,18,0,200,0,200,200,200,200,200
349504,0,30,0,0,0,1,14,5,0,0,0,17,16,0,45,0,1,5,0,200,200
349504,0,30,0,0,0,1,14,5,0,0,0,17,16,0,47,0,12,5,0,200,200
349504,1,30,0,0,0,1,14,5,0,0,0,17,16,1,55,0,200,200,200,200,200
349505,0,25,0,0,0,1,0,6,0,0,0,0,200,1,200,7,0,0,0,200,200
349505,0,25,0,0,0,1,0,6,0,0,0,0,200,1,27,7,0,0,0,200,200
349509,0,30,0,0,0,1,12,5,0,1,0,17,200,1,200,200,1,200,200,200,200
349509,0,30,0,0,0,1,12,5,0,1,0,17,200,0,57,0,0,0,0,200,200
349513,0,30,0,0,2,1,10,5,0,1,0,0,200,1,24,0,200,0,0,200,200
349513,0,30,0,0,2,1,10,5,0,1,0,0,200,1,41,0,0,0,0,200,200
349517,0,30,0,0,0,1,7,7,0,0,0,0,0,0,38,0,12,200,0,200,200
349519,0,55,0,0,2,1,12,3,0,1,0,21,200,1,200,200,4,0,0,200,200
349519,0,55,0,0,2,1,12,3,0,1,0,21,200,0,31,0,0,0,0,200,200
349519,1,55,0,0,2,1,12,3,0,1,0,21,200,1,30,0,200,200,200,200,200
349519,1,55,0,0,2,1,12,3,0,1,0,21,200,0,6,0,200,200,200,200,200
349519,1,55,0,0,2,1,12,3,0,1,0,21,200,1,5,5,200,200,200,200,200
349520,0,30,0,0,1,1,14,5,0,1,0,17,0,1,49,0,1,0,0,200,200
349520,0,30,0,0,1,1,14,5,0,1,0,17,0,1,26,0,12,0,0,200,200
349527,0,35,1,2,0,1,12,3,0,0,0,0,0,2,200,200,2,200,200,200,200
349527,0,35,1,2,0,1,12,3,0,0,0,0,0,1,39,200,0,0,0,200,200
349531,0,30,200,200,0,1,12,5,0,0,200,18,200,0,66,200,200,200,0,200,200
349531,0,30,200,200,0,1,12,5,0,0,200,18,200,0,200,200,200,200,0,200,200
349535,0,30,1,2,0,2,14,12,0,1,0,0,0,0,200,200,200,200,200,200,200
349535,0,30,1,2,0,2,14,12,0,1,0,0,0,0,62,200,0,200,0,200,200
349536,0,30,0,0,0,1,0,5,0,1,0,17,22,0,43,200,1,200,200,200,200
349536,0,30,0,0,0,1,0,5,0,1,0,17,22,0,43,0,0,0,0,200,200
349537,0,15,2,2,0,1,0,7,0,0,0,17,17,0,67,0,1,0,0,200,200
349537,0,15,2,2,0,1,0,7,0,0,0,17,17,1,26,0,12,0,0,200,200
349537,1,15,2,2,0,1,0,7,0,0,0,17,17,0,200,0,200,200,200,200,200
349540,0,35,0,2,0,1,14,5,0,0,0,23,23,0,41,0,7,0,0,200,200
349540,0,35,0,2,0,1,14,5,0,0,0,23,23,1,39,0,12,0,0,200,200
349541,0,20,0,0,0,1,11,5,0,200,200,15,0,0,0,200,8,200,200,200,200
349541,0,20,0,0,0,1,11,5,0,200,200,15,0,1,21,0,0,200,0,200,200
349551,0,30,1,2,0,1,10,5,0,1,0,18,200,0,27,0,3,0,0,200,200