RD_NO,PERSON_TYPE,POSTED_SPEED_LIMIT,TRAFFIC_CONTROL_DEVICE,DEVICE_CONDITION,WEATHER_CONDITION,LIGHTING_CONDITION,FIRST_CRASH_TYPE,TRAFFICWAY_TYPE,ALIGNMENT,ROADWAY_SURFACE_COND,ROAD_DEFECT,PRIM_CONTRIBUTORY_CAUSE,SEC_CONTRIBUTORY_CAUSE,SEX,AGE,SAFETY_EQUIPMENT,DRIVER_ACTION,DRIVER_VISION,PHYSICAL_CONDITION,BAC_RESULT VALUE,CELL_PHONE_USE
349551,0,30,1,2,0,1,10,5,0,1,0,18,200,1,43,0,0,0,0,200,200
349556,0,30,2,2,0,1,14,5,0,0,0,23,23,1,29,0,7,200,0,200,200
349556,0,30,2,2,0,1,14,5,0,0,0,23,23,1,200,0,0,200,0,200,200
349557,0,30,0,0,0,1,12,6,0,0,0,0,200,0,23,200,200,200,0,200,200
349557,0,30,0,0,0,1,12,6,0,0,0,0,200,1,45,200,0,200,0,200,200
349557,1,30,0,0,0,1,12,6,0,0,0,0,200,1,200,200,200,200,200,200,200
349557,1,30,0,0,0,1,12,6,0,0,0,0,200,1,200,7,200,200,200,200,200
349557,1,30,0,0,0,1,12,6,0,0,0,0,200,0,200,7,200,200,200,200,200
349557,1,30,0,0,0,1,12,6,0,0,0,0,200,0,9,7,200,200,200,200,200
349565,0,30,1,2,1,1,14,5,0,0,0,22,17,1,50,0,12,0,0,200,200
349565,0,30,1,2,1,1,14,5,0,0,0,22,17,0,200,200,7,200,200,200,200
349567,0,30,1,2,0,1,12,5,0,1,0,0,200,0,27,0,12,0,0,200,200
349567,0,30,1,2,0,1,12,5,0,1,0,0,200,1,37,200,0,0,0,200,200
349567,1,30,1,2,0,1,12,5,0,1,0,0,200,1,200,0,200,200,200,200,200
349567,1,30,1,2,0,1,12,5,0,1,0,0,200,1,200,0,200,200,200,200,200
349567,1,30,1,2,0,1,12,5,0,1,0,0,200,1,200,0,200,200,200,200,200
349567,1,30,1,2,0,1,12,5,0,1,0,0,200,1,200,0,200,200,200,200,200
349572,0,30,0,0,0,1,10,1,0,0,0,18,0,1,40,0,3,0,0,200,200
349572,0,30,0,0,0,1,10,1,0,0,0,18,0,1,37,0,0,0,0,200,200
349572,1,30,0,0,0,1,10,1,0,0,0,18,0,0,57,200,200,200,200,200,200
349573,0,30,0,0,0,1,10,5,0,1,0,200,200,0,20,0,0,0,0,200,200
349573,0,30,0,0,0,1,10,5,0,1,0,200,200,0,43,0,0,0,0,200,200
349573,1,30,0,0,0,1,10,5,0,1,0,200,200,0,200,0,200,200,200,200,200
349573,1,30,0,0,0,1,10,5,0,1,0,200,200,0,200,0,200,200,200,200,200
349579,0,30,0,0,0,1,12,2,0,0,0,21,0,1,48,200,4,200,200,200,200
349579,0,30,0,0,0,1,12,2,0,0,0,21,0,1,31,200,0,0,0,200,200
349580,0,30,200,200,2,1,10,2,0,1,0,18,0,0,38,200,3,200,0,200,200
349580,0,30,200,200,2,1,10,2,0,1,0,18,0,1,47,0,200,0,0,200,200
349585,0,30,0,0,0,1,12,5,0,0,0,17,200,0,38,0,4,200,0,200,200
349585,0,30,0,0,0,1,12,5,0,0,0,17,200,0,31,0,0,200,0,200,200
349585,1,30,0,0,0,1,12,5,0,0,0,17,200,1,24,0,200,200,200,200,200
349591,0,35,0,0,0,1,10,5,0,1,0,0,0,1,62,200,200,0,0,200,200
349591,0,35,0,0,0,1,10,5,0,1,0,0,0,1,44,0,0,0,0,200,200
349591,1,35,0,0,0,1,10,5,0,1,0,0,0,1,46,0,200,200,200,200,200
349599,0,35,0,0,0,1,10,5,0,1,0,18,200,0,51,0,3,0,0,200,200
349599,0,35,0,0,0,1,10,5,0,1,0,18,200,0,30,0,0,0,0,200,200
349605,0,30,2,2,0,1,0,2,0,0,0,5,0,0,33,0,5,0,0,200,200
349605,0,30,2,2,0,1,0,2,0,0,0,5,0,0,57,0,200,0,0,200,200
349608,0,30,1,2,1,1,10,5,0,1,0,18,0,0,200,200,3,200,200,200,200
349608,0,30,1,2,1,1,10,5,0,1,0,18,0,0,22,0,12,0,0,200,200
349608,1,30,1,2,1,1,10,5,0,1,0,18,0,1,26,0,200,200,200,200,200
349610,0,45,0,0,1,1,10,3,0,0,0,17,22,0,38,0,4,0,0,200,200
349610,0,45,0,0,1,1,10,3,0,0,0,17,22,0,58,0,0,0,0,200,200
349612,0,30,10,2,1,1,12,5,0,200,0,0,0,0,33,200,200,0,0,200,200
349612,0,30,10,2,1,1,12,5,0,200,0,0,0,0,43,200,200,200,0,200,200
349620,0,25,1,2,0,1,14,6,0,1,0,22,0,0,33,0,7,0,0,200,200
349620,0,25,1,2,0,1,14,6,0,1,0,22,0,1,27,0,0,0,0,200,200
349621,0,30,0,0,0,1,14,12,0,0,0,0,200,0,36,200,7,200,200,200,200
349621,0,30,0,0,0,1,14,12,0,0,0,0,200,0,47,0,0,0,0,200,200
349621,1,30,0,0,0,1,14,12,0,0,0,0,200,0,200,200,200,200,200,200,200
349623,0,30,1,2,0,1,14,2,0,0,0,31,200,0,29,0,12,0,0,200,200
349623,0,30,1,2,0,1,14,2,0,0,0,31,200,1,20,200,200,0,0,200,200
349626,0,30,0,0,0,1,0,2,0,0,0,17,0,0,84,0,1,0,200,200,200
349626,0,30,0,0,0,1,0,2,0,0,0,17,0,1,61,0,0,0,200,200,200
349631,0,30,0,0,1,1,10,5,0,0,0,0,0,1,51,200,3,200,0,200,200
349631,0,30,0,0,1,1,10,5,0,0,0,0,0,1,33,200,0,200,0,200,200
349631,0,30,0,0,1,1,10,5,0,0,0,0,0,0,66,200,0,200,0,200,200
349631,1,30,0,0,1,1,10,5,0,0,0,0,0,1,35,200,200,200,200,200,200
349637,0,30,1,0,1,1,7,7,0,1,0,0,0,1,200,200,200,200,200,200,200
349640,0,30,200,200,0,1,10,5,0,0,200,18,200,0,200,200,200,200,200,200,200
349640,0,30,200,200,0,1,10,5,0,0,200,18,200,1,36,200,200,200,0,200,200
349643,0,30,0,0,1,1,10,5,0,1,0,18,0,0,34,0,3,0,0,200,200
349643,0,30,0,0,1,1,10,5,0,1,0,18,0,0,21,0,12,0,0,200,200
349644,0,30,0,0,0,1,7,7,0,0,0,27,33,0,28,200,6,5,7,200,200
349645,0,15,0,0,0,1,2,4,0,0,0,200,200,0,57,0,12,0,0,200,200
349647,0,30,0,0,0,1,10,5,0,0,1,18,0,0,24,0,3,200,0,200,200
349647,0,30,0,0,0,1,10,5,0,0,1,18,0,0,56,0,0,200,0,200,200
349648,0,30,0,0,0,1,10,2,0,0,0,16,200,1,25,200,12,0,0,200,200
349648,0,30,0,0,0,1,10,2,0,0,0,16,200,1,32,200,0,0,0,200,200
349648,1,30,0,0,0,1,10,2,0,0,0,16,200,1,48,7,200,200,200,200,200
349648,1,30,0,0,0,1,10,2,0,0,0,16,200,1,200,7,200,200,200,200,200
349648,1,30,0,0,0,1,10,2,0,0,0,16,200,0,58,7,200,200,200,200,200
349648,1,30,0,0,0,1,10,2,0,0,0,16,200,1,14,7,200,200,200,200,200
349648,1,30,0,0,0,1,10,2,0,0,0,16,200,1,200,7,200,200,200,200,200
349659,0,30,0,0,0,1,10,5,0,0,0,200,200,1,200,200,0,0,0,200,200
349659,0,30,0,0,0,1,10,5,0,0,0,200,200,1,23,0,0,0,0,200,200
349661,0,25,0,0,0,1,11,5,0,0,0,23,200,1,200,200,1,200,200,200,200
349661,0,25,0,0,0,1,11,5,0,0,0,23,200,1,70,0,0,0,0,200,200
349661,1,25,0,0,0,1,11,5,0,0,0,23,200,1,200,200,200,200,200,200,200
349663,0,30,1,2,1,1,14,2,0,1,0,17,200,0,34,0,1,0,0,200,200
349663,0,30,1,2,1,1,14,2,0,1,0,17,200,1,25,0,0,0,0,200,200
349665,0,30,0,0,1,1,10,5,0,1,0,18,22,0,19,0,3,0,0,200,200
349665,0,30,0,0,1,1,10,5,0,1,0,18,22,0,53,0,12,0,0,200,200
349672,0,30,1,2,2,1,14,5,0,1,0,0,0,0,33,7,0,200,0,200,200
349672,0,30,1,2,2,1,14,5,0,1,0,0,0,0,34,200,0,200,0,200,200
349673,0,30,1,2,0,1,12,2,0,0,0,0,200,0,27,200,4,0,200,200,200
349673,0,30,1,2,0,1,12,2,0,0,0,0,200,1,37,0,0,0,0,200,200
349674,0,65,12,200,2,1,10,12,0,1,0,21,200,0,56,200,4,200,200,200,200
349674,0,65,12,200,2,1,10,12,0,1,0,21,200,0,73,200,0,0,0,200,200
349677,0,30,1,2,1,1,14,5,0,12,0,23,17,0,42,0,7,0,0,200,200
349677,0,30,1,2,1,1,14,5,0,12,0,23,17,0,22,200,0,0,0,200,200
349677,0,30,1,2,1,1,14,5,0,12,0,23,17,0,63,200,0,0,0,200,200
349677,1,30,1,2,1,1,14,5,0,12,0,23,17,1,23,200,200,200,200,200,200
349677,1,30,1,2,1,1,14,5,0,12,0,23,17,1,3,200,200,200,200,200,200
349677,1,30,1,2,1,1,14,5,0,12,0,23,17,0,21,200,200,200,200,200,200
349681,0,15,0,0,0,1,10,7,0,0,0,20,16,1,23,200,6,200,0,200,200
349681,0,15,0,0,0,1,10,7,0,0,0,20,16,1,20,0,0,0,0,200,200
349682,0,30,1,2,0,1,14,5,0,0,4,23,21,0,36,200,7,0,0,200,200
349682,0,30,1,2,0,1,14,5,0,0,4,23,21,1,24,200,0,0,0,200,200
349684,0,35,1,2,0,1,0,5,0,0,0,6,16,0,21,0,5,200,0,200,200
349684,0,35,1,2,0,1,0,5,0,0,0,6,16,0,34,0,0,0,0,200,200
349684,0,35,1,2,0,1,0,5,0,0,0,6,16,0,24,0,0,0,0,200,200
349684,1,35,1,2,0,1,0,5,0,0,0,6,16,200,200,0,200,200,200,200,200
349684,1,35,1,2,0,1,0,5,0,0,0,6,16,0,200,0,200,200,200,200,200
349693,0,30,1,2,0,1,0,2,0,0,200,8,0,0,200,0,12,200,0,200,200
349693,0,30,1,2,0,1,0,2,0,0,200,8,0,0,23,0,0,200,0,200,200
349704,0,30,0,0,2,1,10,5,0,1,0,15,0,1,55,0,8,0,0,200,200
349704,0,30,0,0,2,1,10,5,0,1,0,15,0,0,200,200,0,0,0,200,200
349709,0,30,0,0,1,1,12,5,0,1,0,0,200,1,27,0,4,0,0,200,200
349709,0,30,0,0,1,1,12,5,0,1,0,0,200,0,200,0,3,0,0,200,200
349723,0,30,0,0,0,1,7,5,0,0,0,23,11,0,34,200,7,200,200,200,200
349724,0,30,0,0,0,1,14,5,0,0,0,0,0,0,35,0,7,0,0,200,200
349724,0,30,0,0,0,1,14,5,0,0,0,0,0,0,33,0,0,0,0,200,200
349731,0,25,1,1,0,1,14,1,0,0,0,17,200,0,22,0,0,0,0,200,200
349731,0,25,1,1,0,1,14,1,0,0,0,17,200,0,25,0,1,0,0,200,200
349733,0,30,0,0,1,1,7,5,0,0,0,21,200,0,27,200,2,200,0,200,200
349737,0,30,0,0,0,1,14,5,0,0,0,0,200,1,22,200,1,200,0,200,200
349737,0,30,0,0,0,1,14,5,0,0,0,0,200,0,200,0,0,0,0,200,200
349737,1,30,0,0,0,1,14,5,0,0,0,0,200,0,200,0,200,200,200,200,200
349737,1,30,0,0,0,1,14,5,0,0,0,0,200,1,200,200,200,200,200,200,200
349737,1,30,0,0,0,1,14,5,0,0,0,0,200,2,200,200,200,200,200,200,200
349741,0,30,0,0,0,1,10,7,0,0,0,20,200,1,200,200,6,200,200,200,200
349741,0,30,0,0,0,1,10,7,0,0,0,20,200,1,23,0,0,0,0,200,200
349748,0,35,0,0,0,1,12,5,0,0,0,21,0,0,200,200,4,200,200,200,200
349748,0,35,0,0,0,1,12,5,0,0,0,21,0,0,23,0,0,0,0,200,200
349752,0,30,0,0,2,1,7,5,0,1,0,0,0,1,200,200,12,200,200,200,200
349756,0,30,1,2,1,1,3,5,0,0,0,20,0,0,23,0,6,0,0,200,200
349756,0,30,1,2,1,1,3,5,0,0,0,20,0,1,59,0,12,0,0,200,200
349757,0,30,0,0,0,1,10,5,0,0,0,11,0,1,47,0,12,200,0,200,200
349757,0,30,0,0,0,1,10,5,0,0,0,11,0,0,35,0,0,0,0,200,200
349757,1,30,0,0,0,1,10,5,0,0,0,11,0,0,51,0,200,200,200,200,200
349757,1,30,0,0,0,1,10,5,0,0,0,11,0,0,200,0,200,200,200,200,200
349757,1,30,0,0,0,1,10,5,0,0,0,11,0,0,200,0,200,200,200,200,200
349762,0,30,0,0,0,1,12,6,0,0,0,0,200,0,200,200,200,200,200,200,200
349762,0,30,0,0,0,1,12,6,0,0,0,0,200,0,57,0,0,0,0,200,200
349770,0,30,0,0,2,1,7,5,0,1,0,0,0,1,36,0,6,4,0,200,200
349772,0,25,1,2,0,1,14,5,0,0,0,17,33,0,22,200,1,12,200,200,200
349772,0,25,1,2,0,1,14,5,0,0,0,17,33,0,55,200,0,200,200,200,200
349772,1,25,1,2,0,1,14,5,0,0,0,17,33,1,21,200,200,200,200,200,200
349773,0,30,0,0,1,1,0,5,0,0,0,17,0,0,18,0,1,0,0,200,200
349773,0,30,0,0,1,1,0,5,0,0,0,17,0,0,48,0,12,0,0,200,200
349779,0,30,2,2,200,1,0,5,0,200,200,17,17,0,46,0,1,0,0,200,200
349779,0,30,2,2,200,1,0,5,0,200,200,17,17,0,40,200,0,200,200,200,200
349779,1,30,2,2,200,1,0,5,0,200,200,17,17,1,200,0,200,200,200,200,200
349786,0,30,0,0,0,1,7,2,0,0,0,200,200,1,51,0,0,0,0,200,200
349791,0,30,0,0,0,1,7,5,0,0,0,7,7,1,58,7,0,0,0,200,200
349806,0,30,0,0,2,1,10,5,0,1,0,18,0,0,25,0,3,0,0,200,200
349806,0,30,0,0,2,1,10,5,0,1,0,18,0,1,200,200,12,200,200,200,200
349815,0,30,1,2,0,1,10,5,0,0,0,18,200,0,200,200,3,200,200,200,200
349815,0,30,1,2,0,1,10,5,0,0,0,18,200,1,49,0,0,0,0,200,200
349824,0,5,0,0,0,1,7,7,0,0,0,0,200,0,82,0,12,0,0,200,200
349825,0,15,0,0,0,1,11,7,0,0,0,20,200,1,35,0,0,200,0,200,200
349825,0,15,0,0,0,1,11,7,0,0,0,20,200,0,26,0,6,200,0,200,200
349832,0,30,2,2,0,1,0,5,0,0,0,17,17,0,46,0,1,200,0,200,200
349832,0,30,2,2,0,1,0,5,0,0,0,17,17,0,40,0,0,200,0,200,200
349835,0,30,0,0,0,1,14,2,0,0,0,17,0,0,17,0,1,0,0,200,200
349835,0,30,0,0,0,1,14,2,0,0,0,17,0,0,19,0,0,0,0,200,200
349835,1,30,0,0,0,1,14,2,0,0,0,17,0,0,17,0,200,200,200,200,200
349835,1,30,0,0,0,1,14,2,0,0,0,17,0,0,22,0,200,200,200,200,200
349836,0,30,0,0,0,1,14,2,0,0,0,23,21,2,200,200,7,200,200,200,200
349836,0,30,0,0,0,1,14,2,0,0,0,23,21,0,60,0,0,0,0,200,200
349839,0,30,0,0,0,1,7,5,0,1,0,200,200,0,28,0,0,0,0,200,200
349841,0,30,1,2,0,1,10,2,0,0,0,0,0,1,200,200,3,200,200,200,200
349841,0,30,1,2,0,1,10,2,0,0,0,0,0,0,43,200,0,0,0,200,200
349843,0,30,0,0,0,3,10,5,0,0,0,20,11,0,200,200,6,200,200,200,200
349843,0,30,0,0,0,3,10,5,0,0,0,20,11,1,32,0,0,0,0,200,200
349843,1,30,0,0,0,3,10,5,0,0,0,20,11,1,30,0,200,200,200,200,200
349843,1,30,0,0,0,3,10,5,0,0,0,20,11,1,40,0,200,200,200,200,200
349853,0,30,200,200,0,1,10,5,0,0,200,0,200,0,200,200,200,200,200,200,200
349853,0,30,200,200,0,1,10,5,0,0,200,0,200,0,35,200,200,200,0,200,200
349854,0,30,2,2,0,1,0,5,0,0,0,20,200,2,200,200,6,200,200,200,200
349854,0,30,2,2,0,1,0,5,0,0,0,20,200,0,36,0,0,0,0,200,200
349855,0,25,0,0,0,1,7,6,0,0,0,0,0,2,200,200,200,200,200,200,200
349864,0,20,0,0,0,1,7,6,0,0,0,20,200,1,200,200,6,200,200,200,200
349868,0,30,2,2,0,4,10,5,0,0,0,18,16,0,52,0,3,0,0,200,200
349868,0,30,2,2,0,4,10,5,0,0,0,18,16,0,200,200,0,200,0,200,200
349870,0,30,0,0,0,3,7,6,0,0,0,0,200,2,200,200,200,200,200,200,200
349873,0,30,1,2,0,1,2,1,0,0,0,32,32,0,41,200,7,200,5,200,200
349876,0,30,1,200,0,1,0,5,0,0,200,0,0,1,200,200,200,200,200,200,200
349876,0,30,1,200,0,1,0,5,0,0,200,0,0,0,57,0,0,200,200,200,200
349877,0,30,0,0,0,1,10,5,0,0,0,0,0,0,69,0,1,0,0,200,200
349877,0,30,0,0,0,1,10,5,0,0,0,0,0,1,43,0,0,0,0,200,200
349877,1,30,0,0,0,1,10,5,0,0,0,0,0,1,200,0,200,200,200,200,200
349877,1,30,0,0,0,1,10,5,0,0,0,0,0,1,200,0,200,200,200,200,200
349878,0,30,0,0,0,1,7,12,0,0,0,0,0,2,200,200,200,200,200,200,200
349879,0,30,1,2,0,1,0,5,0,0,0,16,200,0,53,200,5,0,0,200,200
349879,0,30,1,2,0,1,0,5,0,0,0,16,200,0,28,200,0,0,0,200,200
349884,0,30,200,200,0,1,10,5,0,200,200,0,200,0,23,200,200,200,200,200,200
349884,0,30,200,200,0,1,10,5,0,200,200,0,200,1,64,0,200,200,200,200,200
349885,0,30,1,2,0,1,14,5,0,0,0,22,200,1,43,0,2,0,0,200,200
349885,0,30,1,2,0,1,14,5,0,0,0,22,200,0,40,0,0,0,0,200,200
349887,0,3,1,0,0,1,10,2,0,0,0,0,200,0,43,0,1,200,0,200,200
349887,0,3,1,0,0,1,10,2,0,0,0,0,200,1,45,200,0,0,0,200,200
349890,0,30,1,2,0,1,0,5,0,0,0,6,17,0,200,200,5,200,200,200,200
349890,0,30,1,2,0,1,0,5,0,0,0,6,17,0,21,200,0,0,0,200,200
349894,0,20,0,0,0,1,14,2,0,0,0,0,0,1,60,0,0,0,0,200,200
349894,0,20,0,0,0,1,14,2,0,0,0,0,0,0,49,0,0,0,0,200,200
349894,1,20,0,0,0,1,14,2,0,0,0,0,0,0,1,5,200,200,200,200,200
349894,1,20,0,0,0,1,14,2,0,0,0,0,0,0,32,0,200,200,200,200,200
349899,0,30,0,0,0,1,14,5,0,0,0,17,11,1,49,200,0,0,0,200,200
349899,0,30,0,0,0,1,14,5,0,0,0,17,11,1,34,200,200,200,0,200,200
349899,1,30,0,0,0,1,14,5,0,0,0,17,11,1,7,200,200,200,200,200,200
349900,0,0,1,2,0,1,10,2,0,0,0,0,0,1,67,200,200,200,0,200,200
349900,0,0,1,2,0,1,10,2,0,0,0,0,0,0,58,200,0,0,0,200,200
349905,0,30,1,2,0,1,10,5,0,0,0,18,200,0,26,0,3,0,0,200,200
349905,0,30,1,2,0,1,10,5,0,0,0,18,200,0,53,0,0,0,0,200,200
349905,1,30,1,2,0,1,10,5,0,0,0,18,200,1,200,0,200,200,200,200,200
349907,0,30,2,2,0,4,0,5,0,0,0,5,16,0,200,200,1,200,200,200,200
349907,0,30,2,2,0,4,0,5,0,0,0,5,16,0,26,0,0,0,0,200,200
349911,0,30,0,0,0,1,10,6,0,0,0,0,200,1,200,7,0,0,0,200,200
349911,0,30,0,0,0,1,10,6,0,0,0,0,200,1,34,7,0,0,0,200,200
349911,1,30,0,0,0,1,10,6,0,0,0,0,200,1,200,7,200,200,200,200,200
349911,1,30,0,0,0,1,10,6,0,0,0,0,200,1,67,7,200,200,200,200,200
349912,0,30,1,2,0,1,10,5,0,0,0,16,200,0,26,200,3,200,200,200,200
349912,0,30,1,2,0,1,10,5,0,0,0,16,200,1,32,0,0,200,0,200,200
349912,1,30,1,2,0,1,10,5,0,0,0,16,200,0,200,0,200,200,200,200,200
349912,1,30,1,2,0,1,10,5,0,0,0,16,200,200,200,0,200,200,200,200,200
349918,0,20,0,0,200,200,7,6,0,200,0,0,0,2,200,200,200,200,200,200,200
349927,0,30,0,0,0,4,8,5,0,0,0,17,200,1,19,200,1,0,0,200,200
349927,4,30,0,0,0,4,8,5,0,0,0,17,200,1,19,7,0,0,0,200,200
349931,0,5,0,0,0,1,7,7,0,0,200,17,0,1,200,200,6,200,200,200,200
349935,0,30,1,2,0,4,0,5,0,0,0,6,16,1,25,200,1,0,0,200,200
349935,0,30,1,2,0,4,0,5,0,0,0,6,16,0,53,200,0,0,0,200,200
349935,1,30,1,2,0,4,0,5,0,0,0,6,16,1,40,200,200,200,200,200,200
349937,0,35,1,2,0,1,10,5,2,200,200,0,200,1,200,200,200,200,200,200,200
349937,0,35,1,2,0,1,10,5,2,200,200,0,200,1,23,200,0,0,0,200,200
349939,0,30,0,0,0,1,10,5,0,0,0,200,12,0,34,200,12,200,0,200,200
349939,0,30,0,0,0,1,10,5,0,0,0,200,12,0,50,200,0,200,0,200,200
349941,0,30,1,2,0,1,10,5,0,0,0,200,200,0,200,200,0,200,200,200,200
349941,0,30,1,2,0,1,10,5,0,0,0,200,200,1,49,0,0,0,0,200,200
349941,1,30,1,2,0,1,10,5,0,0,0,200,200,0,200,0,200,200,200,200,200
349945,0,30,200,200,0,1,2,6,0,200,1,29,200,1,45,0,0,0,0,200,200
349948,0,30,1,2,0,4,10,5,0,0,0,0,0,1,200,200,0,200,200,200,200
349948,0,30,1,2,0,4,10,5,0,0,0,0,0,0,29,200,0,200,0,200,200
349948,1,30,1,2,0,4,10,5,0,0,0,0,0,200,200,200,200,200,200,200,200
349952,0,30,0,0,0,1,7,5,0,0,0,0,0,0,20,0,200,200,0,200,200
349952,1,30,0,0,0,1,7,5,0,0,0,0,0,0,57,0,200,200,200,200,200
349956,0,20,2,2,0,1,0,2,0,0,0,17,0,2,200,200,1,200,200,200,200
349956,0,20,2,2,0,1,0,2,0,0,0,17,0,1,31,0,0,0,0,200,200
349958,0,30,1,2,0,4,0,2,0,0,0,6,25,0,200,200,5,200,200,200,200
349958,0,30,1,2,0,4,0,2,0,0,0,6,25,1,55,200,0,200,7,200,200
349958,0,30,1,2,0,4,0,2,0,0,0,6,25,0,69,200,0,200,7,200,200
349958,1,30,1,2,0,4,0,2,0,0,0,6,25,0,12,200,200,200,200,200,200
349958,1,30,1,2,0,4,0,2,0,0,0,6,25,0,8,200,200,200,200,200,200
349961,0,30,0,0,0,1,7,5,0,0,0,0,0,1,200,200,200,200,200,200,200
349964,0,0,0,0,0,1,7,7,0,0,200,0,0,2,200,200,200,200,200,200,200
349965,0,30,0,0,0,1,10,2,0,0,0,0,200,0,53,0,200,0,0,200,200
349965,0,30,0,0,0,1,10,2,0,0,0,0,200,0,62,7,200,200,200,200,200
349969,0,30,0,0,0,3,12,6,0,0,0,21,200,0,56,200,4,0,0,200,200
349969,0,30,0,0,0,3,12,6,0,0,0,21,200,0,29,200,0,0,0,200,200
349969,1,30,0,0,0,3,12,6,0,0,0,21,200,1,41,200,200,200,200,200,200
349970,0,20,0,0,0,2,10,2,0,0,200,18,18,0,65,200,3,200,0,200,200
349970,0,20,0,0,0,2,10,2,0,0,200,18,18,0,2,200,0,200,0,200,200
349975,0,30,0,0,0,1,7,6,0,0,200,0,0,2,200,200,200,200,200,200,200
349978,0,30,1,2,0,1,12,5,0,0,0,17,0,2,28,0,1,0,0,200,200
349978,0,30,1,2,0,1,12,5,0,0,0,17,0,1,33,0,0,0,0,200,200
349987,0,30,0,0,0,1,7,6,0,0,0,0,0,0,66,200,200,5,200,200,200
349987,1,30,0,0,0,1,7,6,0,0,0,0,0,1,200,200,200,200,200,200,200
349990,0,30,0,0,0,2,10,6,0,0,0,200,200,1,200,200,0,200,200,200,200
349990,0,30,0,0,0,2,10,6,0,0,0,200,200,1,30,0,0,0,0,200,200
349991,0,30,1,200,0,2,10,2,0,0,0,0,0,0,23,200,200,200,200,200,200
349991,0,30,1,200,0,2,10,2,0,0,0,0,0,0,50,0,12,0,0,200,200
349993,0,30,1,2,0,3,14,5,0,0,200,17,200,0,70,200,1,200,0,200,200
349993,0,30,1,2,0,3,14,5,0,0,200,17,200,0,36,200,0,200,0,200,200
349994,0,40,0,0,0,3,0,5,0,0,0,14,16,0,21,0,8,0,0,200,200
349994,0,40,0,0,0,3,0,5,0,0,0,14,16,0,29,0,0,0,0,200,200
350003,0,30,1,2,0,3,10,6,0,0,0,18,200,1,48,0,3,0,0,200,200
350003,0,30,1,2,0,3,10,6,0,0,0,18,200,0,21,0,0,0,0,200,200
350003,1,30,1,2,0,3,10,6,0,0,0,18,200,1,22,0,200,200,200,200,200
350003,1,30,1,2,0,3,10,6,0,0,0,18,200,1,69,0,200,200,200,200,200
350004,0,30,200,200,0,3,14,3,0,200,0,21,8,0,41,200,12,200,200,200,200
350004,0,30,200,200,0,3,14,3,0,200,0,21,8,1,26,200,12,200,200,200,200
350015,0,30,1,2,0,3,10,2,0,0,0,16,17,1,200,200,1,200,200,200,200
350015,0,30,1,2,0,3,10,2,0,0,0,16,17,0,44,0,0,0,0,200,200
350016,0,30,1,2,0,3,10,2,0,0,0,0,0,0,200,200,12,200,200,200,200
350016,0,30,1,2,0,3,10,2,0,0,0,0,0,0,62,0,0,0,0,200,200
350016,1,30,1,2,0,3,10,2,0,0,0,0,0,1,69,0,200,200,200,200,200
350025,0,30,0,0,0,3,7,5,0,0,0,7,200,0,24,200,12,0,200,200,200
350029,0,30,0,0,0,3,7,6,0,200,200,1,13,0,56,0,12,200,0,200,200
350030,0,30,1,2,2,1,0,5,0,1,0,17,0,1,61,0,1,0,0,200,200
350030,0,30,1,2,2,1,0,5,0,1,0,17,0,0,53,0,0,0,0,200,200
350038,0,30,0,0,0,4,0,5,0,0,0,17,21,0,25,200,1,200,0,200,200
350038,0,30,0,0,0,4,0,5,0,0,0,17,21,1,0,0,0,0,0,200,200
350045,0,30,0,0,0,3,7,5,0,0,0,20,200,0,36,0,6,200,0,200,200
350048,0,30,0,0,0,3,9,6,0,0,200,0,0,1,46,0,200,200,200,200,200
350048,5,30,0,0,0,3,9,6,0,0,200,0,0,0,6,7,1,200,200,200,200
350048,1,30,0,0,0,3,9,6,0,0,200,0,0,0,45,0,200,200,200,200,200
350049,0,25,0,0,0,3,8,6,0,0,0,33,16,1,36,0,1,5,0,200,200
350049,4,25,0,0,0,3,8,6,0,0,0,33,16,0,10,7,12,5,0,200,200
350049,1,25,0,0,0,3,8,6,0,0,0,33,16,0,0,0,200,200,200,200,200
350049,1,25,0,0,0,3,8,6,0,0,0,33,16,0,2,5,200,200,200,200,200
350058,0,30,1,200,0,3,12,2,0,0,0,22,22,0,26,0,4,0,0,200,200
350058,0,30,1,200,0,3,12,2,0,0,0,22,22,1,24,0,200,0,0,200,200
350058,1,30,1,200,0,3,12,2,0,0,0,22,22,0,29,0,200,200,200,200,200
350060,0,30,0,0,0,3,10,5,0,0,0,16,18,1,44,0,3,0,0,200,0
350060,0,30,0,0,0,3,10,5,0,0,0,16,18,0,23,0,0,0,0,200,200
350060,0,30,0,0,0,3,10,5,0,0,0,16,18,0,38,0,0,0,0,200,200
350060,1,30,0,0,0,3,10,5,0,0,0,16,18,1,200,0,200,200,200,200,200
350064,0,30,0,0,0,4,9,5,0,0,0,33,17,0,23,7,1,5,0,200,200
350064,5,30,0,0,0,4,9,5,0,0,0,33,17,0,60,7,0,0,0,200,200
350066,0,0,0,0,0,200,7,7,0,0,0,11,0,0,86,200,10,200,200,200,200
350069,0,30,0,0,0,0,10,5,0,0,0,18,200,0,200,200,3,200,200,200,200
350069,0,30,0,0,0,0,10,5,0,0,0,18,200,0,53,0,0,0,0,200,200
350071,0,40,1,2,0,3,10,3,0,0,0,18,19,0,29,0,3,0,3,200,200
350071,0,40,1,2,0,3,10,3,0,0,0,18,19,1,21,0,0,0,0,200,200
350071,0,40,1,2,0,3,10,3,0,0,0,18,19,0,25,0,0,0,0,200,200