RD_NO,PERSON_TYPE,POSTED_SPEED_LIMIT,TRAFFIC_CONTROL_DEVICE,DEVICE_CONDITION,WEATHER_CONDITION,LIGHTING_CONDITION,FIRST_CRASH_TYPE,TRAFFICWAY_TYPE,ALIGNMENT,ROADWAY_SURFACE_COND,ROAD_DEFECT,PRIM_CONTRIBUTORY_CAUSE,SEC_CONTRIBUTORY_CAUSE,SEX,AGE,SAFETY_EQUIPMENT,DRIVER_ACTION,DRIVER_VISION,PHYSICAL_CONDITION,BAC_RESULT VALUE,CELL_PHONE_USE
350071,0,40,1,2,0,3,10,3,0,0,0,18,19,0,28,7,0,0,0,200,200
350071,1,40,1,2,0,3,10,3,0,0,0,18,19,0,200,0,200,200,200,200,200
350071,1,40,1,2,0,3,10,3,0,0,0,18,19,0,30,0,200,200,200,200,200
350071,1,40,1,2,0,3,10,3,0,0,0,18,19,0,22,0,200,200,200,200,200
350074,0,30,1,2,0,3,14,2,0,0,200,23,200,0,36,200,7,0,200,200,200
350074,0,30,1,2,0,3,14,2,0,0,200,23,200,0,22,200,200,0,200,200,200
350084,0,0,0,0,0,3,7,7,0,0,0,0,200,0,200,200,10,200,200,200,200
350088,0,30,1,2,0,3,10,3,0,0,0,18,200,1,23,200,3,0,0,200,200
350088,0,30,1,2,0,3,10,3,0,0,0,18,200,1,30,200,0,0,0,200,200
350090,0,0,200,200,0,3,0,5,0,0,200,17,200,0,200,200,1,200,200,200,200
350090,0,0,200,200,0,3,0,5,0,0,200,17,200,1,38,200,0,200,0,200,200
350091,0,15,0,0,0,3,7,2,0,0,0,11,0,0,24,0,12,0,0,200,200
350091,1,15,0,0,0,3,7,2,0,0,0,11,0,0,23,0,200,200,200,200,200
350091,1,15,0,0,0,3,7,2,0,0,0,11,0,0,86,0,200,200,200,200,200
350095,0,30,0,0,0,3,2,5,0,0,0,0,200,1,200,200,200,200,200,200,200
350096,0,30,1,2,0,3,2,5,0,0,0,0,0,0,42,0,11,0,0,200,200
350101,0,20,0,0,2,200,7,6,0,1,0,0,200,2,200,200,200,200,200,200,200
350112,0,30,0,0,0,0,11,5,0,0,200,10,21,0,41,0,9,0,0,200,200
350112,0,30,0,0,0,0,11,5,0,0,200,10,21,0,59,0,0,0,0,200,200
350112,1,30,0,0,0,0,11,5,0,0,200,10,21,1,47,0,200,200,200,200,200
350113,0,30,1,2,0,3,12,5,0,0,200,21,21,0,200,200,2,200,200,200,200
350113,0,30,1,2,0,3,12,5,0,0,200,21,21,0,34,200,12,0,0,200,200
350116,0,30,200,200,0,3,12,2,0,0,0,22,0,2,200,200,2,200,200,200,200
350116,0,30,200,200,0,3,12,2,0,0,0,22,0,1,73,200,0,0,0,200,200
350120,0,30,1,2,0,3,10,5,0,0,200,18,0,1,34,0,3,0,0,200,200
350120,0,30,1,2,0,3,10,5,0,0,200,18,0,0,59,0,0,0,0,200,200
350120,1,30,1,2,0,3,10,5,0,0,200,18,0,1,60,0,200,200,200,200,200
350121,0,15,0,0,0,3,7,6,0,0,200,0,200,2,200,200,1,200,200,200,200
350124,0,15,0,0,0,3,7,6,0,0,0,0,200,2,200,200,200,200,200,200,200
350126,0,25,0,0,0,0,7,200,0,0,12,0,0,0,23,0,0,0,0,200,200
350130,0,30,0,0,0,3,14,2,0,0,0,0,0,0,200,0,0,0,0,200,200
350130,0,30,0,0,0,3,14,2,0,0,0,0,0,1,21,0,200,0,0,200,200
350130,1,30,0,0,0,3,14,2,0,0,0,0,0,1,17,0,200,200,200,200,200
350130,1,30,0,0,0,3,14,2,0,0,0,0,0,1,16,7,200,200,200,200,200
350132,0,30,2,2,0,3,0,5,0,0,0,17,200,1,24,200,1,200,0,200,200
350132,0,30,2,2,0,3,0,5,0,0,0,17,200,0,29,200,12,200,0,200,200
350135,0,30,1,2,0,3,14,5,0,0,0,23,200,1,55,0,7,0,0,200,200
350135,0,30,1,2,0,3,14,5,0,0,0,23,200,0,21,0,0,0,0,200,200
350137,0,30,0,0,0,3,7,2,0,0,0,25,25,0,200,200,8,200,200,200,200
350140,0,30,1,2,0,0,14,5,0,0,0,22,22,1,28,200,7,0,0,200,200
350140,0,30,1,2,0,0,14,5,0,0,0,22,22,0,25,200,0,0,0,200,200
350143,0,10,0,0,200,4,7,7,0,200,200,0,0,2,200,200,200,200,200,200,200
350148,0,30,2,2,12,3,0,5,0,0,0,14,5,0,24,1,8,0,0,200,200
350148,0,30,2,2,12,3,0,5,0,0,0,14,5,0,24,0,0,0,0,200,200
350148,1,30,2,2,12,3,0,5,0,0,0,14,5,1,23,200,200,200,200,200,200
350148,1,30,2,2,12,3,0,5,0,0,0,14,5,1,18,200,200,200,200,200,200
350150,0,35,1,2,0,3,14,5,0,0,0,17,200,0,200,200,1,200,200,200,200
350150,0,35,1,2,0,3,14,5,0,0,0,17,200,1,35,0,0,0,0,200,200
350153,0,30,0,0,0,3,11,5,0,0,0,0,200,0,19,0,0,0,0,200,200
350153,0,30,0,0,0,3,11,5,0,0,0,0,200,0,22,0,0,0,0,200,200
350153,1,30,0,0,0,3,11,5,0,0,0,0,200,1,20,0,200,200,200,200,200
350156,0,30,1,2,0,3,14,5,0,0,0,18,18,0,62,200,3,200,200,200,200
350156,0,30,1,2,0,3,14,5,0,0,0,18,18,0,27,200,12,0,0,200,200
350161,0,30,0,0,0,3,10,6,0,0,200,18,0,0,32,200,3,12,200,200,200
350161,0,30,0,0,0,3,10,6,0,0,200,18,0,0,35,0,0,0,0,200,200
350170,0,35,1,2,0,3,14,2,0,0,0,17,16,1,56,0,1,0,0,200,200
350170,0,35,1,2,0,3,14,2,0,0,0,17,16,0,52,0,12,0,0,200,200
350173,0,30,1,2,0,3,0,5,0,0,0,11,6,1,35,200,1,0,200,200,200
350173,0,30,1,2,0,3,0,5,0,0,0,11,6,0,54,200,0,0,0,200,200
350173,1,30,1,2,0,3,0,5,0,0,0,11,6,0,41,200,200,200,200,200,200
350173,1,30,1,2,0,3,0,5,0,0,0,11,6,1,200,200,200,200,200,200,200
350190,0,30,1,2,0,3,10,5,0,200,200,0,200,0,83,200,200,200,200,200,200
350190,0,30,1,2,0,3,10,5,0,200,200,0,200,1,32,0,0,0,0,200,200
350195,0,30,0,0,0,0,9,5,0,0,200,17,16,1,48,200,1,200,0,200,200
350195,5,30,0,0,0,0,9,5,0,0,200,17,16,0,67,7,0,12,0,200,200
350206,0,25,0,0,0,3,7,5,0,0,0,0,0,2,200,200,200,200,200,200,200
350224,0,30,0,0,0,0,10,5,0,0,0,18,200,0,46,200,3,200,200,200,200
350224,0,30,0,0,0,0,10,5,0,0,0,18,200,0,52,0,0,0,0,200,200
350239,0,30,0,0,0,3,2,3,0,0,0,0,0,0,36,200,200,200,12,200,200
350239,1,30,0,0,0,3,2,3,0,0,0,0,0,1,29,200,200,200,200,200,200
350249,0,35,0,0,0,3,7,2,0,0,0,8,200,0,34,0,200,0,0,200,200
350251,0,30,7,12,0,3,7,2,0,0,200,32,17,0,34,200,12,200,5,200,200
350257,0,30,0,0,0,3,7,5,0,0,0,0,200,0,31,200,200,0,0,200,200
350267,0,30,1,2,0,3,10,2,0,0,0,18,0,0,35,200,3,200,200,200,200
350267,0,30,1,2,0,3,10,2,0,0,0,18,0,1,200,200,0,0,0,200,200
350267,0,30,1,2,0,3,10,2,0,0,0,18,0,0,27,0,0,0,0,200,200
350267,0,30,1,2,0,3,10,2,0,0,0,18,0,0,200,200,0,200,200,200,200
350267,1,30,1,2,0,3,10,2,0,0,0,18,0,1,200,0,200,200,200,200,200
350267,1,30,1,2,0,3,10,2,0,0,0,18,0,0,200,200,200,200,200,200,200
350267,1,30,1,2,0,3,10,2,0,0,0,18,0,1,200,200,200,200,200,200,200
350267,1,30,1,2,0,3,10,2,0,0,0,18,0,1,200,200,200,200,200,200,200
350267,1,30,1,2,0,3,10,2,0,0,0,18,0,1,200,200,200,200,200,200,200
350269,0,30,0,0,0,3,12,12,0,0,0,0,0,0,28,200,200,200,200,200,200
350269,0,30,0,0,0,3,12,12,0,0,0,0,0,0,30,200,0,0,0,200,200
350276,0,25,0,0,0,3,7,6,0,200,0,15,8,0,25,200,12,200,1,200,200
350282,0,30,0,0,0,3,12,5,0,0,0,25,16,2,200,200,200,200,200,200,200
350282,0,30,0,0,0,3,12,5,0,0,0,25,16,0,31,200,0,0,0,200,200
350282,1,30,0,0,0,3,12,5,0,0,0,25,16,1,30,200,200,200,200,200,200
350284,0,30,1,2,0,3,0,5,0,0,0,6,19,0,30,0,5,0,5,200,200
350284,0,30,1,2,0,3,0,5,0,0,0,6,19,0,28,0,0,0,0,200,200
350291,1,30,0,0,0,200,12,5,0,200,200,0,0,2,200,200,200,200,200,200,200
350291,0,30,0,0,0,200,12,5,0,200,200,0,0,2,200,200,200,200,200,200,200
350291,0,30,0,0,0,200,12,5,0,200,200,0,0,0,38,200,200,200,0,200,200
350291,1,30,0,0,0,200,12,5,0,200,200,0,0,2,200,200,200,200,200,200,200
350294,0,20,0,0,0,3,7,6,0,0,0,14,0,1,200,200,8,200,200,200,200
350299,0,30,0,0,0,3,2,5,0,0,0,0,0,2,200,200,200,200,200,200,200
350305,0,30,0,0,0,3,7,5,0,0,0,13,0,1,23,0,200,0,0,200,200
350312,0,30,1,2,0,0,10,2,0,0,0,11,0,1,26,0,12,0,0,200,200
350312,0,30,1,2,0,0,10,2,0,0,0,11,0,1,37,200,0,0,0,200,200
350312,0,30,1,2,0,0,10,2,0,0,0,11,0,1,36,7,0,0,0,200,200
350315,0,30,0,0,0,2,2,2,0,0,0,32,25,1,29,200,12,0,5,200,200
350317,0,25,0,0,0,3,11,6,0,0,0,32,22,1,30,7,7,0,5,200,200
350317,0,25,0,0,0,3,11,6,0,0,0,32,22,0,53,0,0,0,0,200,200
350317,1,25,0,0,0,3,11,6,0,0,0,32,22,1,35,200,200,200,200,200,200
350317,1,25,0,0,0,3,11,6,0,0,0,32,22,0,41,200,200,200,200,200,200
350317,1,25,0,0,0,3,11,6,0,0,0,32,22,0,39,200,200,200,200,200,200
350317,1,25,0,0,0,3,11,6,0,0,0,32,22,1,24,0,200,200,200,200,200
350317,1,25,0,0,0,3,11,6,0,0,0,32,22,0,28,0,200,200,200,200,200
350318,0,30,1,2,0,3,12,5,0,0,0,22,200,0,200,200,4,200,200,200,200
350318,0,30,1,2,0,3,12,5,0,0,0,22,200,0,37,0,0,0,0,200,200
350318,1,30,1,2,0,3,12,5,0,0,0,22,200,0,22,0,200,200,200,200,200
350318,1,30,1,2,0,3,12,5,0,0,0,22,200,0,21,0,200,200,200,200,200
350321,0,30,0,0,0,3,14,5,0,0,0,23,17,0,20,200,1,0,200,200,200
350321,0,30,0,0,0,3,14,5,0,0,0,23,17,1,56,0,0,0,0,200,200
350322,0,30,0,0,0,3,2,5,0,0,0,7,11,1,32,0,12,0,0,200,200
350322,1,30,0,0,0,3,2,5,0,0,0,7,11,1,200,0,200,200,200,200,200
350333,0,20,200,200,0,3,7,5,0,0,200,0,200,2,200,200,200,200,200,200,200
350344,0,30,0,0,0,2,7,5,0,0,0,32,21,0,36,200,12,200,5,200,200
350345,0,30,1,2,0,3,10,2,0,0,0,18,18,1,40,0,3,0,0,200,200
350345,0,30,1,2,0,3,10,2,0,0,0,18,18,0,33,0,0,0,0,200,200
350352,0,0,1,2,0,2,10,5,0,0,0,16,11,0,200,200,8,200,200,200,200
350352,0,0,1,2,0,2,10,5,0,0,0,16,11,1,58,1,0,0,0,200,200
350355,0,30,1,2,0,3,0,6,0,0,200,32,200,0,32,200,5,200,7,200,200
350355,0,30,1,2,0,3,0,6,0,0,200,32,200,0,45,0,0,200,7,200,200
350357,0,30,1,2,0,2,3,1,0,0,0,21,200,0,200,200,4,200,200,200,200
350357,0,30,1,2,0,2,3,1,0,0,0,21,200,0,33,0,12,0,0,200,200
350357,1,30,1,2,0,2,3,1,0,0,0,21,200,1,25,0,200,200,200,200,200
350359,0,30,0,0,0,3,2,2,0,0,0,0,200,0,39,0,0,0,0,200,200
350359,1,30,0,0,0,3,2,2,0,0,0,0,200,0,200,0,200,200,200,200,200
350374,0,30,0,0,0,1,7,5,0,0,0,0,0,2,200,200,200,200,200,200,200
350379,0,30,0,0,0,1,7,5,0,0,0,11,0,0,30,0,12,200,200,200,200
350384,0,30,0,0,0,1,14,2,0,0,0,0,0,0,32,200,200,0,0,200,200
350384,0,30,0,0,0,1,14,2,0,0,0,0,0,0,23,200,200,200,200,200,200
350388,0,30,0,0,0,2,7,6,0,0,3,0,0,0,30,200,200,200,1,200,200
350397,0,25,0,0,0,2,7,5,0,0,0,12,12,1,65,0,12,0,0,200,200
350408,0,30,2,2,0,1,0,3,0,0,0,6,200,0,200,200,5,200,200,200,200
350408,0,30,2,2,0,1,0,3,0,0,0,6,200,1,51,0,0,0,0,200,200
350408,1,30,2,2,0,1,0,3,0,0,0,6,200,200,200,0,200,200,200,200,200
350422,0,25,0,0,0,1,7,7,0,0,0,8,0,1,66,0,12,6,0,200,200
350426,0,30,1,2,0,2,10,5,0,0,0,0,0,1,200,200,200,200,200,200,200
350426,0,30,1,2,0,2,10,5,0,0,0,0,0,0,63,0,0,0,5,200,200
350433,0,30,1,200,2,1,2,5,0,0,200,23,0,0,35,200,7,200,0,200,200
350434,0,30,1,2,0,1,0,5,0,0,0,0,200,0,34,0,0,0,0,200,200
350434,0,30,1,2,0,1,0,5,0,0,0,0,200,1,39,0,0,0,0,200,200
350437,0,20,0,0,0,1,7,6,0,0,0,15,0,0,200,200,8,200,200,200,200
350447,0,30,0,0,200,200,7,5,0,200,200,0,0,2,200,200,200,200,200,200,200
350456,0,0,0,0,0,1,7,5,0,0,0,20,11,1,52,0,6,0,0,200,200
350467,0,30,1,2,0,1,7,2,0,0,0,0,23,0,30,200,7,0,0,200,200
350476,0,20,0,0,0,1,7,200,0,0,200,14,200,0,200,200,200,200,200,200,200
350476,5,20,0,0,0,1,7,200,0,0,200,14,200,1,34,200,200,200,7,200,200
350489,0,30,1,2,0,1,10,5,0,0,0,0,200,0,200,200,200,200,200,200,200
350489,0,30,1,2,0,1,10,5,0,0,0,0,200,1,36,200,0,0,0,200,200
350489,1,30,1,2,0,1,10,5,0,0,0,0,200,0,200,200,200,200,200,200,200
350497,0,30,1,2,0,1,3,2,0,0,0,20,200,1,25,200,6,0,0,200,0
350497,0,30,1,2,0,1,3,2,0,0,0,20,200,1,37,200,0,0,0,200,200
350499,0,30,1,2,0,1,0,6,0,0,0,0,200,1,49,0,0,0,0,200,200
350499,0,30,1,2,0,1,0,6,0,0,0,0,200,1,70,0,0,0,0,200,200
350499,1,30,1,2,0,1,0,6,0,0,0,0,200,0,28,0,200,200,200,200,200
350499,1,30,1,2,0,1,0,6,0,0,0,0,200,1,200,0,200,200,200,200,200
350500,0,30,0,0,0,1,7,5,0,0,0,0,0,0,73,0,2,0,0,200,200
350500,1,30,0,0,0,1,7,5,0,0,0,0,0,0,22,0,200,200,200,200,200
350500,1,30,0,0,0,1,7,5,0,0,0,0,0,1,29,0,200,200,200,200,200
350501,0,30,0,0,0,0,7,6,0,0,0,0,200,2,200,200,200,200,200,200,200
350504,0,30,0,0,0,1,10,2,0,0,0,200,200,0,25,200,0,200,200,200,200
350504,0,30,0,0,0,1,10,2,0,0,0,200,200,1,29,0,0,0,0,200,200
350504,1,30,0,0,0,1,10,2,0,0,0,200,200,1,200,1,200,200,200,200,200
350504,1,30,0,0,0,1,10,2,0,0,0,200,200,0,200,5,200,200,200,200,200
350504,1,30,0,0,0,1,10,2,0,0,0,200,200,1,200,5,200,200,200,200,200
350510,0,30,0,0,0,1,12,2,0,0,200,16,18,0,29,200,3,0,0,200,200
350510,0,30,0,0,0,1,12,2,0,0,200,16,18,0,19,200,12,200,0,200,200
350510,1,30,0,0,0,1,12,2,0,0,200,16,18,0,18,200,200,200,200,200,200
350516,0,25,0,200,0,4,7,5,0,0,200,0,200,2,200,200,200,200,200,200,200
350518,0,30,1,2,0,1,12,5,0,0,0,22,17,0,200,200,2,200,200,200,200
350518,0,30,1,2,0,1,12,5,0,0,0,22,17,0,45,7,2,0,0,200,200
350521,0,30,0,0,0,1,12,2,0,0,0,17,0,0,58,0,1,0,0,200,200
350521,0,30,0,0,0,1,12,2,0,0,0,17,0,0,32,0,0,0,0,200,200
350522,0,0,1,2,0,1,14,6,0,0,0,23,21,0,200,200,7,200,200,200,200
350522,0,0,1,2,0,1,14,6,0,0,0,23,21,1,56,0,0,0,0,200,200
350529,0,30,0,0,2,1,12,5,0,0,0,22,0,0,41,0,1,200,0,200,200
350529,0,30,0,0,2,1,12,5,0,0,0,22,0,0,38,0,0,200,0,200,200
350534,0,30,0,0,200,200,7,5,0,200,200,0,0,2,200,200,200,200,200,200,200
350535,0,30,0,0,200,200,7,2,0,200,0,18,200,2,200,200,3,200,200,200,200
350540,0,30,0,0,0,3,7,5,0,0,1,0,0,2,200,200,200,200,200,200,200
350554,4,25,1,2,0,1,8,6,0,0,0,6,200,1,65,3,5,0,0,200,200
350554,0,25,1,2,0,1,8,6,0,0,0,6,200,1,36,0,200,0,0,200,200
350554,1,25,1,2,0,1,8,6,0,0,0,6,200,1,56,0,200,200,200,200,200
350554,1,25,1,2,0,1,8,6,0,0,0,6,200,1,5,5,200,200,200,200,200
350554,1,25,1,2,0,1,8,6,0,0,0,6,200,1,11,0,200,200,200,200,200
350554,1,25,1,2,0,1,8,6,0,0,0,6,200,1,0,5,200,200,200,200,200
350555,0,20,0,0,200,200,7,5,0,200,200,0,0,2,200,200,200,200,200,200,200
350557,0,30,2,2,0,1,14,5,0,0,200,33,200,0,45,200,0,5,0,200,200
350557,0,30,2,2,0,1,14,5,0,0,200,33,200,1,27,3,0,0,7,200,200
350559,0,20,0,0,0,1,2,6,0,0,0,14,16,0,32,0,8,0,0,200,200
350570,0,30,0,0,200,1,10,5,0,200,0,0,200,0,34,200,200,200,200,200,200
350570,0,30,0,0,200,1,10,5,0,200,0,0,200,0,57,0,0,0,0,200,200
350577,0,25,0,0,0,1,0,5,0,0,0,0,0,2,200,200,200,200,200,200,200
350577,0,25,0,0,0,1,0,5,0,0,0,0,0,1,38,0,0,0,0,200,200
350581,0,35,1,2,0,1,12,5,0,0,0,22,0,1,27,0,0,0,0,200,200
350581,0,35,1,2,0,1,12,5,0,0,0,22,0,0,200,200,2,200,200,200,200
350588,0,30,2,2,0,1,10,5,0,0,0,18,8,1,20,0,3,0,0,200,200
350588,0,30,2,2,0,1,10,5,0,0,0,18,8,1,75,0,0,0,0,200,200
350590,0,30,200,200,200,200,7,5,0,200,200,0,0,2,200,200,200,200,200,200,200
350591,0,30,1,2,0,1,10,5,0,0,0,18,200,0,200,200,3,0,0,200,200
350591,0,30,1,2,0,1,10,5,0,0,0,18,200,0,68,0,0,0,0,200,200
350591,1,30,1,2,0,1,10,5,0,0,0,18,200,0,200,0,200,200,200,200,200
350591,1,30,1,2,0,1,10,5,0,0,0,18,200,1,200,0,200,200,200,200,200
350591,1,30,1,2,0,1,10,5,0,0,0,18,200,1,200,0,200,200,200,200,200
350607,0,30,0,0,0,1,10,3,0,0,0,0,0,0,53,0,12,0,0,200,200
350607,0,30,0,0,0,1,10,3,0,0,0,0,0,0,55,0,0,0,0,200,200
350608,0,40,0,0,0,1,10,3,0,0,0,18,200,0,45,0,0,0,0,200,200
350608,0,40,0,0,0,1,10,3,0,0,0,18,200,0,42,0,3,0,0,200,200
350608,1,40,0,0,0,1,10,3,0,0,0,18,200,0,41,0,200,200,200,200,200
350615,0,30,2,12,2,1,0,5,0,1,0,0,17,0,19,0,1,1,0,200,200
350615,0,30,2,12,2,1,0,5,0,1,0,0,17,1,34,0,0,0,0,200,200
350615,1,30,2,12,2,1,0,5,0,1,0,0,17,0,33,0,200,200,200,200,200
350619,0,30,1,2,0,1,10,5,0,0,0,18,200,0,18,0,3,200,0,200,200
350619,0,30,1,2,0,1,10,5,0,0,0,18,200,0,29,0,0,0,0,200,200
350621,0,30,0,0,0,3,8,5,0,0,0,0,0,1,200,200,200,200,200,200,200
350621,4,30,0,0,0,3,8,5,0,0,0,0,0,0,32,2,200,200,5,200,200
350629,0,30,0,0,0,1,10,5,0,0,0,18,200,1,25,0,3,0,0,200,200
350629,0,30,0,0,0,1,10,5,0,0,0,18,200,1,67,0,0,0,0,200,200
350635,0,30,0,0,0,1,7,6,0,0,0,0,0,2,200,200,200,200,200,200,200
350642,0,30,0,0,0,1,7,2,0,0,0,11,200,1,43,200,0,200,0,200,200
350650,0,20,0,0,0,3,7,5,0,0,0,18,0,0,200,200,3,200,200,200,200
350650,1,20,0,0,0,3,7,5,0,0,0,18,0,1,21,0,200,200,200,200,200
350650,1,20,0,0,0,3,7,5,0,0,0,18,0,1,30,0,200,200,200,200,200
350652,0,30,1,2,0,1,0,2,0,0,0,0,200,1,33,0,12,0,0,200,200
350652,0,30,1,2,0,1,0,2,0,0,0,0,200,0,200,200,200,200,200,200,200
350652,1,30,1,2,0,1,0,2,0,0,0,0,200,1,200,0,200,200,200,200,200
350663,0,35,0,0,0,1,10,3,0,0,0,18,200,0,200,200,3,200,200,200,200
350663,0,35,0,0,0,1,10,3,0,0,0,18,200,1,37,0,0,0,0,200,200
350672,0,35,0,0,0,1,14,2,0,0,0,16,200,0,18,200,8,200,0,200,200
350672,0,35,0,0,0,1,14,2,0,0,0,16,200,0,74,200,0,200,0,200,200
350672,0,35,0,0,0,1,14,2,0,0,0,16,200,0,80,200,0,200,0,200,200
350674,0,30,1,2,0,1,14,5,0,0,0,17,11,0,30,0,1,0,0,200,200
350674,0,30,1,2,0,1,14,5,0,0,0,17,11,0,48,0,0,0,0,200,200
350674,1,30,1,2,0,1,14,5,0,0,0,17,11,0,16,1,200,200,200,200,200
350674,1,30,1,2,0,1,14,5,0,0,0,17,11,1,48,0,200,200,200,200,200
350675,0,30,1,2,0,1,10,5,0,0,200,23,200,1,200,200,7,200,200,200,200
350675,0,30,1,2,0,1,10,5,0,0,200,23,200,0,43,0,0,200,0,200,200
350683,0,30,0,0,0,1,7,6,0,0,0,0,0,2,200,200,200,200,200,200,200
350689,0,30,2,2,0,1,7,5,0,0,0,0,200,2,200,200,200,200,200,200,200
350691,0,30,0,0,0,1,10,5,0,0,0,18,18,1,200,200,8,200,200,200,200
350691,0,30,0,0,0,1,10,5,0,0,0,18,18,0,49,0,0,0,0,200,200
350691,0,30,0,0,0,1,10,5,0,0,0,18,18,1,27,0,0,0,0,200,200
350691,1,30,0,0,0,1,10,5,0,0,0,18,18,0,11,0,200,200,200,200,200
350693,0,30,2,2,0,1,0,5,0,0,0,17,200,1,200,0,1,0,0,200,200
350693,0,30,2,2,0,1,0,5,0,0,0,17,200,1,200,0,0,0,0,200,200
350693,1,30,2,2,0,1,0,5,0,0,0,17,200,1,200,0,200,200,200,200,200
350693,1,30,2,2,0,1,0,5,0,0,0,17,200,1,200,0,200,200,200,200,200
350699,0,30,1,2,0,1,12,2,0,0,0,4,200,1,36,200,1,0,0,200,200
350699,0,30,1,2,0,1,12,2,0,0,0,4,200,1,28,0,0,0,0,200,200
350701,4,30,1,1,0,1,8,2,0,0,0,11,200,0,45,7,12,0,0,200,200
350701,0,30,1,1,0,1,8,2,0,0,0,11,200,0,36,0,12,0,0,200,200
350705,0,30,0,0,0,1,7,2,0,0,0,0,200,2,200,200,200,200,200,200,200
350707,0,30,0,0,0,1,9,5,3,0,0,0,0,0,46,200,1,200,0,200,200
350707,5,30,0,0,0,1,9,5,3,0,0,0,0,0,2,7,0,200,7,200,200
350707,5,30,0,0,0,1,9,5,3,0,0,0,0,0,10,7,0,200,0,200,200
350710,0,30,1,2,0,2,0,5,0,0,0,6,17,1,31,0,5,200,0,200,200
350710,0,30,1,2,0,2,0,5,0,0,0,6,17,1,21,0,0,0,0,200,200
350710,1,30,1,2,0,2,0,5,0,0,0,6,17,1,26,0,200,200,200,200,200
350710,1,30,1,2,0,2,0,5,0,0,0,6,17,1,22,0,200,200,200,200,200
350710,1,30,1,2,0,2,0,5,0,0,0,6,17,1,21,0,200,200,200,200,200
350710,1,30,1,2,0,2,0,5,0,0,0,6,17,1,24,0,200,200,200,200,200
350710,1,30,1,2,0,2,0,5,0,0,0,6,17,1,30,0,200,200,200,200,200
350715,0,30,0,0,0,1,7,6,0,0,200,0,0,0,200,200,200,200,200,200,200
350728,0,30,0,0,0,1,10,5,0,0,1,0,200,1,52,0,12,12,0,200,200
350728,0,30,0,0,0,1,10,5,0,0,1,0,200,0,27,0,0,0,0,200,200
350728,1,30,0,0,0,1,10,5,0,0,1,0,200,0,36,0,200,200,200,200,200
350731,0,30,0,0,0,0,7,5,0,0,0,20,200,0,200,200,200,200,200,200,200
350739,0,5,0,0,0,1,10,12,0,0,200,20,20,1,200,200,6,200,200,200,200
350739,0,5,0,0,0,1,10,12,0,0,200,20,20,1,46,0,0,0,0,200,200
350743,0,30,2,12,0,1,0,5,0,0,0,0,0,0,32,200,1,200,0,200,200
350743,0,30,2,12,0,1,0,5,0,0,0,0,0,1,30,7,0,0,12,200,200
350747,0,10,0,0,0,1,7,7,0,0,0,0,0,2,200,200,200,200,200,200,200
350748,0,30,0,0,0,4,10,5,0,0,0,200,200,1,31,0,0,0,0,200,200
350748,0,30,0,0,0,4,10,5,0,0,0,200,200,1,50,1,0,0,0,200,200
350748,0,30,0,0,0,4,10,5,0,0,0,200,200,0,62,200,0,200,200,200,200
350748,1,30,0,0,0,4,10,5,0,0,0,200,200,0,200,0,200,200,200,200,200
350749,0,30,0,0,0,1,14,2,0,0,0,4,17,0,24,200,7,0,0,200,200
350749,0,30,0,0,0,1,14,2,0,0,0,4,17,0,26,200,0,0,0,200,200
350758,0,30,0,0,0,1,11,7,0,0,0,20,17,0,28,0,6,0,0,200,200
350758,0,30,0,0,0,1,11,7,0,0,0,20,17,1,25,0,6,0,0,200,200
350762,0,30,0,0,0,3,10,5,0,0,0,18,200,0,200,0,3,0,0,200,200
350762,0,30,0,0,0,3,10,5,0,0,0,18,200,0,200,200,0,200,200,200,200
350765,0,30,0,0,0,3,12,5,0,0,0,0,200,1,200,200,200,200,200,200,200
350765,0,30,0,0,0,3,12,5,0,0,0,0,200,1,24,7,200,0,0,200,200
350772,0,30,2,2,0,1,10,5,0,0,0,0,0,1,45,0,200,0,0,200,200
350772,0,30,2,2,0,1,10,5,0,0,0,0,0,0,40,0,200,0,0,200,200
350772,1,30,2,2,0,1,10,5,0,0,0,0,0,1,200,0,200,200,200,200,200
350775,0,30,0,0,0,1,7,5,0,0,0,0,200,0,200,0,10,0,0,200,200
350775,1,30,0,0,0,1,7,5,0,0,0,0,200,0,200,0,200,200,200,200,200
350801,0,30,2,0,0,1,10,6,0,0,0,20,10,1,72,0,6,0,0,200,200
350801,0,30,2,0,0,1,10,6,0,0,0,20,10,1,45,0,0,0,0,200,200
350801,1,30,2,0,0,1,10,6,0,0,0,20,10,0,200,0,200,200,200,200,200
350807,0,30,0,0,0,1,7,6,0,0,0,0,0,2,200,200,200,200,200,200,200
350810,0,25,0,12,0,1,7,2,0,0,0,200,200,0,39,0,7,0,0,200,0
350815,0,30,1,2,0,1,10,2,0,0,0,0,0,1,16,0,3,0,0,200,200
350815,0,30,1,2,0,1,10,2,0,0,0,0,0,0,28,0,0,0,0,200,200
350817,0,20,2,0,0,3,7,5,2,0,0,16,200,2,200,200,200,200,200,200,200
350821,0,35,1,2,0,1,10,5,0,0,0,18,200,1,31,200,200,200,0,200,200
350821,0,35,1,2,0,1,10,5,0,0,0,18,200,1,53,0,0,0,0,200,200
350821,1,35,1,2,0,1,10,5,0,0,0,18,200,0,9,0,200,200,200,200,200
350822,0,30,1,2,0,0,14,5,0,0,0,0,0,2,200,200,200,200,200,200,200