RD_NO,PERSON_TYPE,POSTED_SPEED_LIMIT,TRAFFIC_CONTROL_DEVICE,DEVICE_CONDITION,WEATHER_CONDITION,LIGHTING_CONDITION,FIRST_CRASH_TYPE,TRAFFICWAY_TYPE,ALIGNMENT,ROADWAY_SURFACE_COND,ROAD_DEFECT,PRIM_CONTRIBUTORY_CAUSE,SEC_CONTRIBUTORY_CAUSE,SEX,AGE,SAFETY_EQUIPMENT,DRIVER_ACTION,DRIVER_VISION,PHYSICAL_CONDITION,BAC_RESULT VALUE,CELL_PHONE_USE
350822,0,30,1,2,0,0,14,5,0,0,0,0,0,1,39,0,12,200,200,200,200
350823,0,35,0,0,0,1,10,5,0,0,0,0,0,0,200,200,1,200,200,200,200
350823,0,35,0,0,0,1,10,5,0,0,0,0,0,0,45,0,0,0,0,200,200
350825,0,30,200,200,0,200,10,5,0,200,200,0,200,0,200,200,200,200,200,200,200
350825,0,30,200,200,0,200,10,5,0,200,200,0,200,0,38,200,200,200,0,200,200
350825,0,30,200,200,0,200,10,5,0,200,200,0,200,0,48,200,200,200,0,200,200
350825,0,30,200,200,0,200,10,5,0,200,200,0,200,2,200,200,200,200,200,200,200
350829,0,30,2,2,0,1,0,2,0,0,0,17,200,1,21,200,1,0,0,200,200
350829,0,30,2,2,0,1,0,2,0,0,0,17,200,1,51,200,0,0,0,200,200
350832,0,30,1,2,0,1,14,5,0,0,0,17,17,1,19,0,1,200,0,200,200
350832,0,30,1,2,0,1,14,5,0,0,0,17,17,0,48,0,0,0,0,200,200
350832,1,30,1,2,0,1,14,5,0,0,0,17,17,200,200,200,200,200,200,200,200
350832,1,30,1,2,0,1,14,5,0,0,0,17,17,200,200,200,200,200,200,200,200
350835,0,30,0,0,0,1,12,6,2,0,0,22,200,2,200,200,4,200,200,200,200
350835,0,30,0,0,0,1,12,6,2,0,0,22,200,0,36,200,0,200,0,200,200
350836,0,10,0,0,0,1,7,7,0,0,200,0,200,0,42,0,12,200,0,200,200
350836,1,10,0,0,0,1,7,7,0,0,200,0,200,1,200,1,200,200,200,200,200
350836,1,10,0,0,0,1,7,7,0,0,200,0,200,0,200,1,200,200,200,200,200
350841,0,30,1,2,0,1,14,5,0,0,0,11,3,0,200,200,5,200,200,200,200
350841,0,30,1,2,0,1,14,5,0,0,0,11,3,1,31,200,1,0,0,200,200
350841,1,30,1,2,0,1,14,5,0,0,0,11,3,1,14,200,200,200,200,200,200
350841,1,30,1,2,0,1,14,5,0,0,0,11,3,1,21,0,200,200,200,200,200
350841,1,30,1,2,0,1,14,5,0,0,0,11,3,0,200,200,200,200,200,200,200
350841,1,30,1,2,0,1,14,5,0,0,0,11,3,0,200,200,200,200,200,200,200
350841,1,30,1,2,0,1,14,5,0,0,0,11,3,1,23,200,200,200,200,200,200
350841,1,30,1,2,0,1,14,5,0,0,0,11,3,1,5,5,200,200,200,200,200
350844,0,20,0,0,0,1,12,2,0,0,0,22,22,0,28,200,4,200,0,200,200
350844,0,20,0,0,0,1,12,2,0,0,0,22,22,0,26,0,0,200,0,200,200
350852,0,30,0,0,0,1,12,6,0,0,200,16,17,1,36,200,1,200,0,200,200
350852,0,30,0,0,0,1,12,6,0,0,200,16,17,1,25,200,0,0,0,200,200
350852,1,30,0,0,0,1,12,6,0,0,200,16,17,1,2,200,200,200,200,200,200
350856,0,30,1,2,0,1,0,2,0,0,200,0,200,0,50,200,200,200,0,200,200
350856,0,30,1,2,0,1,0,2,0,0,200,0,200,1,50,200,200,200,0,200,200
350860,0,30,0,0,0,1,14,5,0,0,0,22,200,0,27,3,12,0,0,200,200
350860,0,30,0,0,0,1,14,5,0,0,0,22,200,0,67,0,0,0,0,200,200
350860,1,30,0,0,0,1,14,5,0,0,0,22,200,200,200,7,200,200,200,200,200
350862,0,25,0,0,200,200,7,6,0,200,0,0,200,2,200,200,200,200,200,200,200
350863,0,30,1,2,0,0,10,5,3,0,200,18,0,0,39,200,3,200,200,200,200
350863,0,30,1,2,0,0,10,5,3,0,200,18,0,0,47,0,0,200,200,200,200
350863,0,30,1,2,0,0,10,5,3,0,200,18,0,1,42,200,0,200,200,200,200
350866,0,30,0,0,0,1,7,2,2,0,0,16,200,2,200,200,200,200,200,200,200
350867,0,30,0,0,0,1,10,5,0,0,0,200,200,0,65,0,0,0,0,200,200
350867,0,30,0,0,0,1,10,5,0,0,0,200,200,0,20,0,0,0,0,200,200
350867,1,30,0,0,0,1,10,5,0,0,0,200,200,0,200,0,200,200,200,200,200
350867,1,30,0,0,0,1,10,5,0,0,0,200,200,1,200,0,200,200,200,200,200
350867,1,30,0,0,0,1,10,5,0,0,0,200,200,1,200,0,200,200,200,200,200
350870,0,30,0,0,0,1,10,5,0,0,0,18,16,0,36,200,3,200,0,200,200
350870,0,30,0,0,0,1,10,5,0,0,0,18,16,1,22,0,0,0,0,200,200
350870,1,30,0,0,0,1,10,5,0,0,0,18,16,1,200,0,200,200,200,200,200
350879,0,30,0,0,0,4,7,7,0,0,0,0,200,2,200,200,200,200,200,200,200
350880,0,30,0,0,0,1,10,2,0,0,0,16,0,1,48,200,8,0,0,200,200
350880,0,30,0,0,0,1,10,2,0,0,0,16,0,1,45,200,0,0,0,200,200
350881,0,40,0,0,0,1,10,3,4,0,0,0,0,1,45,0,200,0,0,200,200
350881,0,40,0,0,0,1,10,3,4,0,0,0,0,0,23,200,0,0,0,200,200
350881,1,40,0,0,0,1,10,3,4,0,0,0,0,0,20,0,200,200,200,200,200
350881,1,40,0,0,0,1,10,3,4,0,0,0,0,1,18,0,200,200,200,200,200
350883,0,35,0,0,0,1,12,2,0,0,0,21,21,0,200,7,4,0,0,200,200
350883,0,35,0,0,0,1,12,2,0,0,0,21,21,1,35,7,0,0,0,200,200
350885,0,40,1,2,0,1,10,3,0,0,0,0,0,1,200,200,200,0,0,200,200
350885,0,40,1,2,0,1,10,3,0,0,0,0,0,0,200,0,200,0,0,200,200
350890,0,5,200,200,200,200,10,7,0,200,200,0,0,0,200,200,200,200,200,200,200
350890,0,5,200,200,200,200,10,7,0,200,200,0,0,0,31,200,200,200,200,200,200
350898,0,25,1,2,0,1,9,5,0,0,0,17,200,0,75,0,1,0,0,200,200
350898,5,25,1,2,0,1,9,5,0,0,0,17,200,1,47,7,0,0,0,200,200
350900,0,30,200,200,0,1,12,6,0,0,200,0,200,0,30,200,200,200,0,200,200
350900,0,30,200,200,0,1,12,6,0,0,200,0,200,0,59,200,200,200,0,200,200
350902,0,30,1,2,0,1,10,2,0,0,200,18,0,0,34,0,3,0,0,200,200
350902,0,30,1,2,0,1,10,2,0,0,200,18,0,1,29,200,0,200,200,200,200
350904,0,30,0,0,0,1,14,5,0,0,0,0,0,0,200,200,200,200,200,200,200
350904,0,30,0,0,0,1,14,5,0,0,0,0,0,1,37,200,0,0,0,200,200
350906,0,15,0,0,0,1,2,0,0,0,0,0,0,1,24,200,200,200,0,200,200
350908,0,30,0,0,0,1,7,5,0,0,0,0,0,0,200,200,200,200,200,200,200
350910,0,30,200,200,200,200,7,5,0,200,200,0,200,2,200,200,200,200,200,200,200
350911,0,30,1,2,0,1,0,5,0,0,0,6,200,1,36,0,0,0,0,200,200
350911,0,30,1,2,0,1,0,5,0,0,0,6,200,1,18,0,0,0,0,200,200
350911,1,30,1,2,0,1,0,5,0,0,0,6,200,1,40,0,200,200,200,200,200
350913,0,40,1,2,0,1,11,3,0,0,0,0,200,2,200,200,200,200,200,200,200
350913,0,40,1,2,0,1,11,3,0,0,0,0,200,0,30,0,200,200,0,200,200
350913,1,40,1,2,0,1,11,3,0,0,0,0,200,0,15,0,200,200,200,200,200
350913,1,40,1,2,0,1,11,3,0,0,0,0,200,0,15,0,200,200,200,200,200
350913,1,40,1,2,0,1,11,3,0,0,0,0,200,1,7,0,200,200,200,200,200
350914,0,30,2,2,0,1,9,5,0,0,0,17,0,1,21,200,1,200,0,200,200
350914,5,30,2,2,0,1,9,5,0,0,0,17,0,0,200,7,200,200,200,200,200
350918,0,30,0,0,200,200,7,6,0,200,0,0,0,2,200,200,200,200,200,200,200
350923,0,30,0,0,0,1,7,5,0,0,0,200,200,1,65,200,0,200,0,200,200
350927,0,30,2,2,0,1,14,5,0,0,0,21,25,0,200,200,7,200,200,200,200
350927,0,30,2,2,0,1,14,5,0,0,0,21,25,1,19,200,0,0,0,200,200
350929,0,30,0,0,0,0,12,6,0,0,0,22,200,0,35,200,4,200,200,200,200
350929,0,30,0,0,0,0,12,6,0,0,0,22,200,0,19,0,0,0,0,200,200
350930,0,30,0,0,0,1,5,2,0,0,0,200,200,0,47,0,0,0,0,200,200
350932,0,30,1,2,0,1,12,5,0,0,0,0,0,1,200,200,12,200,0,200,200
350932,0,30,1,2,0,1,12,5,0,0,0,0,0,0,200,200,0,0,0,200,200
350932,1,30,1,2,0,1,12,5,0,0,0,0,0,1,200,200,200,200,200,200,200
350932,1,30,1,2,0,1,12,5,0,0,0,0,0,0,200,200,200,200,200,200,200
350932,1,30,1,2,0,1,12,5,0,0,0,0,0,0,200,200,200,200,200,200,200
350932,1,30,1,2,0,1,12,5,0,0,0,0,0,1,200,200,200,200,200,200,200
350936,0,30,200,200,0,1,0,5,0,0,200,0,200,0,53,200,200,200,0,200,200
350936,0,30,200,200,0,1,0,5,0,0,200,0,200,0,40,200,200,200,0,200,200
350941,0,30,0,0,1,1,12,5,0,200,200,18,16,0,200,200,3,200,200,200,200
350941,0,30,0,0,1,1,12,5,0,200,200,18,16,1,20,200,0,200,12,200,200
350949,0,35,0,0,0,1,12,2,0,0,0,17,200,0,18,200,1,0,0,200,200
350949,0,35,0,0,0,1,12,2,0,0,0,17,200,0,27,200,0,0,0,200,200
350953,0,30,1,2,0,1,12,5,0,0,0,21,200,1,200,0,4,0,0,200,200
350953,0,30,1,2,0,1,12,5,0,0,0,21,200,0,200,0,0,0,0,200,200
350953,1,30,1,2,0,1,12,5,0,0,0,21,200,0,200,0,200,200,200,200,200
350953,1,30,1,2,0,1,12,5,0,0,0,21,200,1,200,0,200,200,200,200,200
350953,1,30,1,2,0,1,12,5,0,0,0,21,200,0,200,5,200,200,200,200,200
350960,0,30,2,0,0,1,7,6,0,0,0,16,11,0,22,200,200,200,0,200,200
350960,1,30,2,0,0,1,7,6,0,0,0,16,11,0,200,200,200,200,200,200,200
350961,0,30,0,0,0,1,7,6,0,0,0,7,0,1,52,200,12,0,0,200,200
350963,0,30,0,0,0,1,7,5,0,200,200,0,0,2,200,200,6,200,200,200,200
350967,0,30,1,2,0,1,10,5,0,0,0,0,200,0,57,200,200,200,200,200,200
350967,0,30,1,2,0,1,10,5,0,0,0,0,200,0,29,0,200,0,0,200,200
350968,0,35,200,200,0,1,7,2,0,200,200,200,200,0,56,200,200,200,200,200,200
350971,0,25,0,0,0,1,11,5,0,0,0,0,200,0,200,200,200,200,200,200,200
350971,0,25,0,0,0,1,11,5,0,0,0,0,200,0,22,200,0,200,0,200,200
350979,0,30,0,0,0,1,12,5,0,0,0,22,16,1,71,0,4,0,0,200,200
350979,0,30,0,0,0,1,12,5,0,0,0,22,16,0,54,0,0,0,0,200,200
350979,1,30,0,0,0,1,12,5,0,0,0,22,16,0,200,0,200,200,200,200,200
350979,1,30,0,0,0,1,12,5,0,0,0,22,16,1,200,0,200,200,200,200,200
350984,0,30,1,2,0,1,10,5,0,0,0,18,0,0,30,0,3,0,0,200,200
350984,0,30,1,2,0,1,10,5,0,0,0,18,0,1,200,0,0,0,0,200,200
350985,0,40,0,0,2,1,2,3,3,1,0,34,12,0,31,3,200,0,0,200,200
350990,0,35,0,0,0,1,14,2,0,0,0,23,23,1,200,200,7,200,200,200,200
350990,0,35,0,0,0,1,14,2,0,0,0,23,23,1,31,7,0,0,0,200,200
350994,0,30,1,2,0,3,10,5,0,0,0,20,200,0,20,0,6,0,0,200,200
350994,0,30,1,2,0,3,10,5,0,0,0,20,200,1,74,0,0,0,0,200,200
351003,0,30,1,2,0,1,14,3,0,0,0,17,0,1,0,200,1,0,0,200,200
351003,0,30,1,2,0,1,14,3,0,0,0,17,0,1,28,200,12,0,0,200,200
351003,1,30,1,2,0,1,14,3,0,0,0,17,0,1,16,200,200,200,200,200,200
351003,1,30,1,2,0,1,14,3,0,0,0,17,0,0,9,200,200,200,200,200,200
351003,1,30,1,2,0,1,14,3,0,0,0,17,0,0,13,200,200,200,200,200,200
351003,1,30,1,2,0,1,14,3,0,0,0,17,0,200,28,200,200,200,200,200,200
351005,0,30,1,2,0,1,10,5,0,0,0,16,200,1,25,0,200,0,0,200,200
351005,0,30,1,2,0,1,10,5,0,0,0,16,200,1,53,0,200,0,0,200,200
351005,1,30,1,2,0,1,10,5,0,0,0,16,200,200,200,0,200,200,200,200,200
351014,0,30,1,2,0,1,0,5,0,0,0,0,0,1,24,0,1,0,0,200,200
351014,0,30,1,2,0,1,0,5,0,0,0,0,0,1,57,0,12,0,0,200,200
351015,0,30,1,2,0,1,10,5,0,0,0,18,200,1,71,0,3,0,0,200,200
351015,0,30,1,2,0,1,10,5,0,0,0,18,200,0,22,0,0,0,0,200,200
351018,0,30,1,2,0,1,14,5,0,0,0,200,200,0,200,0,200,200,0,200,200
351018,0,30,1,2,0,1,14,5,0,0,0,200,200,1,54,0,200,200,0,200,200
351019,0,30,0,0,2,1,14,5,0,1,0,17,200,0,44,0,1,0,0,200,200
351019,0,30,0,0,2,1,14,5,0,1,0,17,200,1,25,0,0,0,0,200,200
351019,1,30,0,0,2,1,14,5,0,1,0,17,200,0,200,1,200,200,200,200,200
351022,0,30,0,0,0,1,10,5,0,0,0,0,0,0,76,200,200,200,200,200,200
351022,0,30,0,0,0,1,10,5,0,0,0,0,0,0,67,200,0,0,0,200,200
351022,1,30,0,0,0,1,10,5,0,0,0,0,0,0,60,200,200,200,200,200,200
351023,0,30,200,0,0,1,10,5,0,0,0,4,0,0,26,0,3,0,0,200,200
351023,0,30,200,0,0,1,10,5,0,0,0,4,0,1,52,0,0,0,0,200,200
351023,1,30,200,0,0,1,10,5,0,0,0,4,0,0,17,0,200,200,200,200,200
351027,0,30,0,0,0,1,10,5,0,0,0,18,18,1,38,200,3,0,200,200,200
351027,0,30,0,0,0,1,10,5,0,0,0,18,18,0,55,0,0,0,0,200,200
351032,0,10,0,0,0,1,7,7,0,0,200,0,200,1,200,200,200,200,200,200,200
351033,0,30,0,0,0,1,12,6,0,0,0,11,22,0,20,200,2,0,0,200,200
351033,0,30,0,0,0,1,12,6,0,0,0,11,22,0,28,200,0,0,0,200,200
351033,0,30,0,0,0,1,12,6,0,0,0,11,22,0,200,200,0,200,200,200,200
351035,0,30,1,2,0,1,10,2,0,0,0,18,11,2,200,200,3,200,200,200,200
351035,0,30,1,2,0,1,10,2,0,0,0,18,11,0,27,0,0,0,0,200,200
351035,0,30,1,2,0,1,10,2,0,0,0,18,11,0,18,0,0,0,0,200,200
351037,0,30,0,0,0,0,7,6,0,0,0,0,200,2,200,200,200,200,200,200,200
351040,0,20,0,0,0,1,7,6,0,0,0,0,200,0,200,200,200,200,200,200,200
351040,1,20,0,0,0,1,7,6,0,0,0,0,200,200,200,200,200,200,200,200,200
351042,5,30,0,0,0,1,9,5,0,0,0,200,17,0,19,7,0,0,0,200,200
351042,0,30,0,0,0,1,9,5,0,0,0,200,17,1,54,200,0,0,0,200,200
351042,1,30,0,0,0,1,9,5,0,0,0,200,17,1,22,200,200,200,200,200,200
351053,0,30,1,2,0,1,14,6,0,0,0,23,0,1,200,0,7,0,0,200,200
351053,0,30,1,2,0,1,14,6,0,0,0,23,0,0,200,0,0,0,0,200,200
351056,0,30,1,2,0,1,10,5,0,0,0,18,11,1,19,0,3,0,0,200,200
351056,0,30,1,2,0,1,10,5,0,0,0,18,11,0,67,0,0,0,0,200,200
351058,0,25,2,2,0,1,7,6,0,0,0,15,16,0,31,0,8,200,200,200,200
351082,0,30,2,0,2,1,14,2,0,1,0,17,200,0,39,0,1,0,0,200,200
351082,0,30,2,0,2,1,14,2,0,1,0,17,200,0,62,0,0,0,0,200,200
351093,0,30,0,0,0,1,14,2,0,0,0,22,21,0,50,200,2,0,0,200,200
351093,0,30,0,0,0,1,14,2,0,0,0,22,21,0,33,200,0,0,0,200,200
351097,0,30,0,0,0,1,10,2,0,0,0,18,16,0,200,200,3,200,200,200,200
351097,0,30,0,0,0,1,10,2,0,0,0,18,16,1,24,200,0,0,0,200,200
351102,0,25,0,0,0,1,7,6,0,200,0,0,0,2,200,200,200,200,200,200,200
351108,0,30,0,0,0,4,12,5,0,0,0,22,16,0,16,0,200,0,0,200,200
351108,0,30,0,0,0,4,12,5,0,0,0,22,16,1,21,0,200,0,0,200,200
351108,1,30,0,0,0,4,12,5,0,0,0,22,16,1,200,0,200,200,200,200,200
351121,0,30,0,0,0,1,14,5,0,0,0,0,0,1,52,200,200,200,200,200,200
351121,0,30,0,0,0,1,14,5,0,0,0,0,0,1,34,200,200,200,0,200,200
351125,0,30,200,200,0,1,10,5,0,0,200,18,200,0,18,200,200,200,0,200,200
351125,0,30,200,200,0,1,10,5,0,0,200,18,200,1,52,200,200,200,0,200,200
351127,4,30,200,200,0,1,8,5,0,0,200,0,200,0,200,200,200,200,200,200,200
351127,0,30,200,200,0,1,8,5,0,0,200,0,200,1,31,200,200,200,0,200,200
351128,0,30,0,0,0,1,0,0,0,0,0,17,200,1,22,200,1,0,0,200,200
351128,0,30,0,0,0,1,0,0,0,0,0,17,200,0,37,200,0,0,0,200,200
351131,0,30,1,2,0,1,0,5,0,0,0,6,6,1,19,0,5,0,0,200,200
351131,0,30,1,2,0,1,0,5,0,0,0,6,6,0,25,0,0,0,0,200,200
351131,1,30,1,2,0,1,0,5,0,0,0,6,6,1,19,0,200,200,200,200,200
351133,0,30,1,2,0,1,10,5,0,0,0,18,200,0,57,0,3,0,0,200,200
351133,0,30,1,2,0,1,10,5,0,0,0,18,200,0,37,0,0,0,0,200,200
351137,0,30,0,0,0,4,2,5,0,0,0,0,0,0,62,200,200,200,0,200,200
351139,0,30,0,0,0,1,7,6,0,0,0,0,200,0,200,200,200,200,200,200,200
351140,0,30,1,2,0,4,0,2,0,0,0,6,0,1,18,0,5,0,0,200,200
351140,0,30,1,2,0,4,0,2,0,0,0,6,0,1,41,0,0,0,0,200,200
351140,0,30,1,2,0,4,0,2,0,0,0,6,0,1,34,0,0,0,0,200,200
351140,1,30,1,2,0,4,0,2,0,0,0,6,0,1,18,0,200,200,200,200,200
351140,1,30,1,2,0,4,0,2,0,0,0,6,0,0,20,0,200,200,200,200,200
351144,0,30,1,2,0,2,14,1,0,0,0,17,200,0,26,200,1,200,0,200,200
351144,0,30,1,2,0,2,14,1,0,0,0,17,200,1,31,200,8,200,200,200,200
351144,1,30,1,2,0,2,14,1,0,0,0,17,200,1,24,200,200,200,200,200,200
351144,1,30,1,2,0,2,14,1,0,0,0,17,200,0,21,200,200,200,200,200,200
351146,0,20,0,0,0,1,7,6,0,0,0,200,200,2,200,200,200,200,200,200,200
351147,0,30,0,0,0,1,7,3,0,0,0,200,200,0,25,0,200,0,0,200,200
351147,0,30,0,0,0,1,7,3,0,0,0,200,200,1,26,0,12,0,0,200,200
351147,1,30,0,0,0,1,7,3,0,0,0,200,200,0,36,0,200,200,200,200,200
351147,1,30,0,0,0,1,7,3,0,0,0,200,200,1,6,0,200,200,200,200,200
351150,0,30,0,0,0,1,14,5,0,0,0,11,0,0,200,200,1,200,200,200,200
351150,0,30,0,0,0,1,14,5,0,0,0,11,0,0,55,0,12,200,0,200,200
351159,0,30,2,2,0,1,10,5,0,0,0,18,200,1,200,200,3,200,200,200,200
351159,0,30,2,2,0,1,10,5,0,0,0,18,200,0,48,0,0,0,0,200,200
351169,4,30,1,2,0,1,8,5,0,0,0,22,200,0,200,200,2,200,200,200,200
351169,0,30,1,2,0,1,8,5,0,0,0,22,200,0,23,0,0,0,0,200,200
351169,1,30,1,2,0,1,8,5,0,0,0,22,200,0,200,200,200,200,200,200,200
351170,0,30,0,0,0,1,12,5,0,0,0,17,200,1,44,0,1,0,0,200,200
351170,0,30,0,0,0,1,12,5,0,0,0,17,200,1,49,0,0,0,0,200,200
351182,1,5,0,0,200,200,7,7,0,200,200,0,0,1,200,200,200,200,200,200,200
351184,0,0,0,0,0,4,7,7,0,0,0,11,11,0,42,200,10,0,0,200,200
351185,0,30,0,0,0,1,14,2,0,0,0,8,16,0,44,200,7,0,0,200,200
351185,0,30,0,0,0,1,14,2,0,0,0,8,16,0,42,200,12,0,0,200,200
351186,0,30,0,0,0,4,7,5,0,0,0,16,200,1,69,0,12,0,1,200,200
351194,0,30,0,0,0,1,12,6,0,0,200,22,200,0,200,200,1,200,1,200,200
351194,0,30,0,0,0,1,12,6,0,0,200,22,200,1,22,200,0,200,1,200,200
351194,1,30,0,0,0,1,12,6,0,0,200,22,200,1,1,0,200,200,200,200,200
351197,0,30,0,0,0,3,0,5,0,0,0,16,200,0,200,200,12,200,200,200,200
351197,0,30,0,0,0,3,0,5,0,0,0,16,200,0,37,0,12,0,0,200,200
351197,1,30,0,0,0,3,0,5,0,0,0,16,200,0,17,0,200,200,200,200,200
351197,1,30,0,0,0,3,0,5,0,0,0,16,200,0,200,200,200,200,200,200,200
351201,0,30,3,200,0,1,12,2,0,0,0,22,0,1,28,200,2,200,200,200,200
351201,0,30,3,200,0,1,12,2,0,0,0,22,0,1,36,0,0,0,0,200,200
351207,4,30,1,200,0,4,8,5,0,0,200,6,200,0,57,7,5,200,200,200,200
351207,0,30,1,200,0,4,8,5,0,0,200,6,200,1,46,200,0,200,200,200,200
351209,0,30,1,2,0,1,14,2,0,0,0,6,200,0,200,200,5,200,200,200,200
351209,0,30,1,2,0,1,14,2,0,0,0,6,200,0,30,0,0,0,0,200,200
351210,0,30,0,0,0,3,0,2,0,0,0,33,0,0,18,0,200,1,0,200,200
351210,0,30,0,0,0,3,0,2,0,0,0,33,0,0,23,0,0,0,0,200,200
351217,0,30,1,2,0,3,7,5,0,0,0,0,0,0,29,200,200,200,200,200,200
351220,0,25,0,0,0,0,10,5,1,0,200,18,16,2,200,200,200,200,200,200,200
351220,0,25,0,0,0,0,10,5,1,0,200,18,16,1,29,0,0,200,0,200,200
351230,0,30,1,200,200,200,10,5,0,200,200,0,0,1,20,200,200,200,200,200,200
351230,0,30,1,200,200,200,10,5,0,200,200,0,0,1,42,200,200,200,200,200,200
351230,1,30,1,200,200,200,10,5,0,200,200,0,0,2,200,200,200,200,200,200,200
351234,0,45,0,0,0,3,12,3,0,0,0,0,200,1,17,0,4,0,0,200,200
351234,0,45,0,0,0,3,12,3,0,0,0,0,200,1,26,0,200,0,0,200,200
351246,0,30,1,2,0,1,10,5,0,0,0,18,18,1,19,200,3,200,200,200,200
351246,0,30,1,2,0,1,10,5,0,0,0,18,18,1,51,0,0,0,0,200,200
351246,1,30,1,2,0,1,10,5,0,0,0,18,18,0,37,0,200,200,200,200,200
351247,0,30,200,200,0,3,3,5,0,0,200,25,16,1,200,200,200,200,200,200,200
351247,0,30,200,200,0,3,3,5,0,0,200,25,16,1,41,200,0,0,0,200,200
351255,0,30,0,0,0,3,7,5,0,0,200,20,20,0,29,200,6,200,200,200,200
351256,0,30,0,0,2,3,9,2,0,1,200,14,15,2,200,200,200,200,200,200,200
351256,5,30,0,0,2,3,9,2,0,1,200,14,15,0,64,7,0,200,7,200,200
351262,0,25,0,0,0,3,12,2,0,0,0,21,21,0,28,0,4,0,0,200,200
351262,0,25,0,0,0,3,12,2,0,0,0,21,21,0,61,0,0,0,0,200,200
351262,1,25,0,0,0,3,12,2,0,0,0,21,21,0,30,0,200,200,200,200,200
351263,0,30,1,2,0,3,14,1,0,0,0,6,0,0,34,200,5,200,200,200,200
351263,0,30,1,2,0,3,14,1,0,0,0,6,0,0,23,0,0,0,0,200,200
351265,0,30,2,2,0,3,10,5,0,0,0,16,0,1,32,0,3,0,2,200,200
351265,0,30,2,2,0,3,10,5,0,0,0,16,0,1,31,0,0,0,0,200,200
351265,1,30,2,2,0,3,10,5,0,0,0,16,0,0,30,0,200,200,200,200,200
351266,0,30,2,2,2,3,14,2,0,1,0,17,200,1,35,7,1,200,0,200,200
351266,0,30,2,2,2,3,14,2,0,1,0,17,200,0,37,7,0,0,0,200,200
351285,0,30,1,2,0,3,10,2,0,0,0,16,200,0,23,0,1,0,0,200,200
351285,0,30,1,2,0,3,10,2,0,0,0,16,200,1,45,0,0,0,0,200,200
351301,0,30,1,2,0,3,10,3,1,0,0,20,0,0,200,200,6,200,200,200,200
351301,0,30,1,2,0,3,10,3,1,0,0,20,0,0,38,0,0,0,0,200,200
351301,1,30,1,2,0,3,10,3,1,0,0,20,0,1,33,0,200,200,200,200,200
351304,0,30,0,0,0,0,0,5,0,0,0,0,17,0,29,200,1,0,0,200,200
351304,0,30,0,0,0,0,0,5,0,0,0,0,17,0,28,200,0,0,0,200,200
351304,1,30,0,0,0,0,0,5,0,0,0,0,17,0,200,200,200,200,200,200,200
351306,0,30,1,2,0,3,10,2,0,0,0,0,0,0,200,200,200,200,200,200,200
351306,0,30,1,2,0,3,10,2,0,0,0,0,0,1,46,0,0,0,0,200,200
351325,0,15,0,0,0,200,11,7,0,0,200,20,17,0,26,200,1,200,200,200,200
351325,0,15,0,0,0,200,11,7,0,0,200,20,17,0,26,200,200,0,0,200,200
351325,1,15,0,0,0,200,11,7,0,0,200,20,17,0,200,200,200,200,200,200,200
351327,0,30,0,0,0,200,7,0,0,0,200,16,0,1,200,200,200,200,200,200,200
351327,1,30,0,0,0,200,7,0,0,0,200,16,0,0,200,200,200,200,200,200,200
351327,1,30,0,0,0,200,7,0,0,0,200,16,0,1,28,0,200,200,200,200,200
351328,0,30,0,0,0,1,12,6,0,0,0,17,200,0,35,200,0,200,200,200,200
351328,0,30,0,0,0,1,12,6,0,0,0,17,200,0,22,0,0,0,0,200,200
351328,1,30,0,0,0,1,12,6,0,0,0,17,200,1,21,0,200,200,200,200,200
351328,1,30,0,0,0,1,12,6,0,0,0,17,200,1,200,200,200,200,200,200,200
351329,0,30,0,0,0,3,12,5,0,0,0,0,0,1,200,200,200,200,200,200,200
351329,0,30,0,0,0,3,12,5,0,0,0,0,0,0,46,200,200,200,12,200,200
351329,0,30,0,0,0,3,12,5,0,0,0,0,0,0,30,0,0,0,0,200,200
351329,1,30,0,0,0,3,12,5,0,0,0,0,0,1,200,200,200,200,200,200,200
351338,0,30,0,0,0,1,10,2,0,0,0,18,0,1,50,0,3,0,0,200,200
351338,0,30,0,0,0,1,10,2,0,0,0,18,0,2,200,200,0,200,200,200,200
351340,0,30,0,0,0,3,2,2,0,0,0,27,0,0,36,0,12,0,2,200,200
351342,0,30,0,0,0,3,2,6,0,0,0,0,0,0,52,0,200,0,5,200,200
351343,0,30,0,0,2,3,7,6,0,1,0,0,200,2,200,200,200,200,200,200,200
351349,0,30,0,0,2,3,7,5,0,1,0,34,11,0,36,200,12,200,200,200,200
351349,1,30,0,0,2,3,7,5,0,1,0,34,11,0,27,0,200,200,200,200,200
351349,1,30,0,0,2,3,7,5,0,1,0,34,11,1,22,0,200,200,200,200,200
351349,1,30,0,0,2,3,7,5,0,1,0,34,11,0,200,200,200,200,200,200,200
351353,0,30,0,0,0,3,7,5,0,0,0,0,0,2,200,200,200,200,200,200,200
351355,0,30,1,2,0,3,10,5,0,0,0,18,16,0,200,200,3,200,200,200,200