RD_NO,PERSON_TYPE,POSTED_SPEED_LIMIT,TRAFFIC_CONTROL_DEVICE,DEVICE_CONDITION,WEATHER_CONDITION,LIGHTING_CONDITION,FIRST_CRASH_TYPE,TRAFFICWAY_TYPE,ALIGNMENT,ROADWAY_SURFACE_COND,ROAD_DEFECT,PRIM_CONTRIBUTORY_CAUSE,SEC_CONTRIBUTORY_CAUSE,SEX,AGE,SAFETY_EQUIPMENT,DRIVER_ACTION,DRIVER_VISION,PHYSICAL_CONDITION,BAC_RESULT VALUE,CELL_PHONE_USE
351355,0,30,1,2,0,3,10,5,0,0,0,18,16,1,22,200,0,0,0,200,200
351358,0,30,0,0,0,3,12,2,0,0,3,17,200,0,29,0,1,0,0,200,200
351358,0,30,0,0,0,3,12,2,0,0,3,17,200,0,23,2,0,0,0,200,200
351361,0,30,0,0,1,3,14,2,3,0,3,18,11,0,48,200,3,200,200,200,200
351361,0,30,0,0,1,3,14,2,3,0,3,18,11,0,54,200,12,200,0,200,200
351361,1,30,0,0,1,3,14,2,3,0,3,18,11,200,200,200,200,200,200,200,200
351364,0,20,0,0,0,3,7,6,0,0,0,200,200,0,200,200,13,200,200,200,200
351367,0,30,0,0,0,0,12,6,0,0,0,17,17,1,54,200,200,200,200,200,200
351367,0,30,0,0,0,0,12,6,0,0,0,17,17,0,30,200,200,200,200,200,200
351368,0,30,0,200,0,3,7,6,0,0,0,4,200,0,200,200,12,200,200,200,200
351371,0,30,0,0,0,3,12,5,0,0,0,20,0,1,200,200,6,200,200,200,200
351371,0,30,0,0,0,3,12,5,0,0,0,20,0,1,42,0,0,0,0,200,200
351385,0,30,0,200,0,3,9,5,0,200,200,0,0,1,25,200,200,200,200,200,200
351385,5,30,0,200,0,3,9,5,0,200,200,0,0,0,200,7,200,200,200,200,200
351389,0,25,0,0,0,3,7,5,0,0,0,22,200,0,200,200,2,200,200,200,200
351394,0,25,0,0,0,3,7,2,0,0,0,0,200,0,56,200,200,200,0,200,200
351408,0,30,0,0,1,3,7,1,0,0,0,20,20,2,200,200,6,200,200,200,200
351414,0,30,1,2,0,3,14,5,0,0,0,17,23,1,24,0,1,0,0,200,200
351414,0,30,1,2,0,3,14,5,0,0,0,17,23,1,23,0,0,0,0,200,200
351418,0,40,0,0,0,3,10,3,0,0,0,12,200,1,20,0,12,0,0,200,200
351418,0,40,0,0,0,3,10,3,0,0,0,12,200,0,28,0,0,0,0,200,200
351427,0,30,0,12,0,3,9,5,0,0,0,0,0,1,29,0,12,0,1,200,200
351427,5,30,0,12,0,3,9,5,0,0,0,0,0,1,36,7,200,200,7,200,200
351441,0,35,0,0,0,0,7,0,0,0,0,0,200,0,200,200,12,200,200,200,200
351445,0,15,0,0,0,3,7,6,0,0,0,0,200,2,200,200,200,200,200,200,200
351449,0,30,200,200,0,3,10,5,0,0,0,0,0,0,200,200,12,200,200,200,200
351449,0,30,200,200,0,3,10,5,0,0,0,0,0,1,42,200,0,200,0,200,200
351450,0,30,1,2,0,3,7,2,0,0,0,200,200,0,50,200,200,0,0,200,200
351461,0,30,0,0,0,3,7,5,0,0,0,0,27,0,20,0,200,200,2,200,200
351474,0,30,0,0,6,2,10,5,0,1,0,0,0,0,56,0,200,0,0,200,200
351474,0,30,0,0,6,2,10,5,0,1,0,0,0,0,51,0,0,0,0,200,200
351481,0,30,0,12,0,3,7,6,0,0,200,0,200,2,200,200,200,200,200,200,200
351487,0,30,1,2,0,1,3,12,0,0,0,0,0,2,200,200,200,200,200,200,200
351487,0,30,1,2,0,1,3,12,0,0,0,0,0,0,45,200,200,200,200,200,200
351498,0,20,0,0,0,1,12,6,0,0,0,17,11,0,56,0,1,1,0,200,200
351498,0,20,0,0,0,1,12,6,0,0,0,17,11,0,35,0,0,0,0,200,200
351498,1,20,0,0,0,1,12,6,0,0,0,17,11,1,200,7,200,200,200,200,200
351498,1,20,0,0,0,1,12,6,0,0,0,17,11,0,200,7,200,200,200,200,200
351500,0,30,0,0,0,1,10,5,0,0,200,16,7,1,21,0,12,0,0,200,200
351500,0,30,0,0,0,1,10,5,0,0,200,16,7,0,56,0,12,0,0,200,200
351500,0,30,0,0,0,1,10,5,0,0,200,16,7,1,48,0,12,0,0,200,200
351503,0,30,1,2,0,3,10,3,0,0,0,16,200,0,27,0,12,0,0,200,200
351503,0,30,1,2,0,3,10,3,0,0,0,16,200,0,25,0,0,0,0,200,200
351515,0,30,0,0,0,1,12,6,0,0,0,17,17,0,200,200,1,0,0,200,200
351515,0,30,0,0,0,1,12,6,0,0,0,17,17,0,60,0,0,0,0,200,200
351517,0,30,0,0,0,1,7,5,0,0,0,33,0,0,50,0,200,200,0,200,200
351520,0,20,0,0,0,1,7,6,0,0,0,0,200,2,200,200,200,200,200,200,200
351523,0,15,0,0,0,1,7,0,0,0,0,0,0,1,200,200,12,200,200,200,200
351533,0,30,0,0,0,1,9,6,0,0,0,16,200,0,200,200,12,200,200,200,200
351533,5,30,0,0,0,1,9,6,0,0,0,16,200,0,65,7,12,12,0,200,200
351534,0,30,0,0,0,3,7,5,0,0,0,0,0,0,24,0,9,0,0,200,200
351539,0,30,1,2,0,1,10,5,0,0,0,18,200,1,36,0,0,200,0,200,200
351539,0,30,1,2,0,1,10,5,0,0,0,18,200,0,50,0,3,200,0,200,200
351542,0,25,1,2,0,1,10,5,0,0,0,0,0,1,200,0,200,0,0,200,200
351542,0,25,1,2,0,1,10,5,0,0,0,0,0,1,200,0,0,0,0,200,200
351549,0,30,1,2,0,1,2,5,0,0,0,16,200,1,31,0,8,0,0,200,200
351549,1,30,1,2,0,1,2,5,0,0,0,16,200,200,200,0,200,200,200,200,200
351558,0,30,0,0,0,3,10,3,0,0,0,18,18,0,200,200,3,200,200,200,200
351558,0,30,0,0,0,3,10,3,0,0,0,18,18,0,56,0,0,0,0,200,200
351559,0,25,0,0,0,1,11,5,0,0,0,0,0,1,200,200,12,200,200,200,200
351559,0,25,0,0,0,1,11,5,0,0,0,0,0,1,31,0,0,0,0,200,200
351567,0,30,0,0,0,1,7,2,0,0,0,0,0,2,200,200,200,200,200,200,200
351577,0,15,0,0,0,1,7,0,0,0,0,0,0,0,17,200,6,200,200,200,200
351580,0,30,0,0,0,1,14,2,0,0,0,17,16,0,41,0,200,0,0,200,200
351580,0,30,0,0,0,1,14,2,0,0,0,17,16,0,52,0,200,0,0,200,200
351583,0,20,0,0,0,1,12,2,0,0,0,0,0,0,56,0,0,0,0,200,200
351583,0,20,0,0,0,1,12,2,0,0,0,0,0,1,43,0,12,0,0,200,200
351585,0,0,2,2,0,1,14,5,0,0,0,20,200,0,60,0,6,12,0,200,200
351585,0,0,2,2,0,1,14,5,0,0,0,20,200,0,25,1,0,0,0,200,200
351586,0,30,0,0,0,1,7,6,0,0,0,0,0,1,31,0,200,0,0,200,200
351586,5,30,0,0,0,1,7,6,0,0,0,0,0,1,47,7,12,12,0,200,200
351586,1,30,0,0,0,1,7,6,0,0,0,0,0,0,46,0,200,200,200,200,200
351587,0,30,1,2,0,3,10,3,0,0,0,21,11,0,21,0,4,0,0,200,200
351587,0,30,1,2,0,3,10,3,0,0,0,21,11,0,200,200,0,200,200,200,200
351587,1,30,1,2,0,3,10,3,0,0,0,21,11,1,20,0,200,200,200,200,200
351590,0,20,0,0,0,1,14,3,0,0,0,17,11,0,31,200,200,200,0,200,200
351590,0,20,0,0,0,1,14,3,0,0,0,17,11,1,52,200,200,200,0,200,200
351599,0,30,0,0,0,1,12,5,0,0,0,0,200,0,44,200,200,200,5,0.35,200
351599,0,30,0,0,0,1,12,5,0,0,0,0,200,1,23,200,200,200,0,200,200
351599,1,30,0,0,0,1,12,5,0,0,0,0,200,1,25,200,200,200,200,200,200
351600,0,30,2,2,0,1,14,5,0,0,0,22,200,0,54,0,2,0,0,200,200
351600,0,30,2,2,0,1,14,5,0,0,0,22,200,0,44,0,0,0,0,200,200
351601,0,30,0,0,0,1,14,5,0,0,0,0,0,1,44,200,200,200,0,200,200
351601,0,30,0,0,0,1,14,5,0,0,0,0,0,0,38,200,200,200,200,200,200
351606,0,30,0,0,0,1,7,6,0,0,0,11,0,0,22,200,12,200,0,200,200
351607,0,30,1,2,2,1,12,5,0,0,0,16,200,0,30,200,2,200,0,200,200
351607,0,30,1,2,2,1,12,5,0,0,0,16,200,0,53,200,200,200,0,200,200
351607,1,30,1,2,2,1,12,5,0,0,0,16,200,1,12,200,200,200,200,200,200
351607,1,30,1,2,2,1,12,5,0,0,0,16,200,1,9,200,200,200,200,200,200
351607,1,30,1,2,2,1,12,5,0,0,0,16,200,1,11,200,200,200,200,200,200
351607,1,30,1,2,2,1,12,5,0,0,0,16,200,1,15,200,200,200,200,200,200
351607,1,30,1,2,2,1,12,5,0,0,0,16,200,1,12,200,200,200,200,200,200
351607,1,30,1,2,2,1,12,5,0,0,0,16,200,1,6,200,200,200,200,200,200
351607,1,30,1,2,2,1,12,5,0,0,0,16,200,0,10,200,200,200,200,200,200
351608,0,30,2,2,0,1,0,2,0,0,0,5,0,0,200,200,5,200,200,200,200
351608,0,30,2,2,0,1,0,2,0,0,0,5,0,1,26,0,0,0,0,200,200
351608,1,30,2,2,0,1,0,2,0,0,0,5,0,0,200,0,200,200,200,200,200
351609,0,30,0,0,0,1,12,2,0,0,0,0,200,2,200,200,200,200,200,200,200
351609,0,30,0,0,0,1,12,2,0,0,0,0,200,0,65,7,0,0,0,200,200
351610,0,30,0,0,0,3,7,6,0,0,0,0,200,2,200,200,200,200,200,200,200
351615,0,30,0,3,0,1,7,2,0,0,0,0,0,1,38,200,0,200,0,200,200
351618,0,30,0,0,0,3,10,5,0,0,200,0,0,0,25,200,200,200,0,200,200
351618,0,30,0,0,0,3,10,5,0,0,200,0,0,0,61,0,0,200,0,200,200
351621,0,30,0,0,0,1,10,5,0,0,0,0,0,1,200,200,200,200,200,200,200
351621,0,30,0,0,0,1,10,5,0,0,0,0,0,0,47,0,0,0,0,200,200
351628,0,30,0,0,0,1,10,5,0,0,200,200,200,0,31,0,200,200,0,200,200
351628,0,30,0,0,0,1,10,5,0,0,200,200,200,1,43,0,0,12,0,200,200
351630,0,30,200,200,200,200,10,2,0,200,200,0,200,0,200,200,200,200,200,200,200
351630,0,30,200,200,200,200,10,2,0,200,200,0,200,1,59,200,200,200,200,200,200
351635,0,30,0,0,0,1,12,3,0,0,0,17,17,0,53,0,1,0,0,200,200
351635,0,30,0,0,0,1,12,3,0,0,0,17,17,1,50,0,0,0,0,200,200
351637,0,30,1,2,0,1,12,2,0,200,200,0,0,1,25,200,200,200,0,200,200
351637,0,30,1,2,0,1,12,2,0,200,200,0,0,0,36,0,200,0,0,200,200
351641,0,30,0,0,0,1,7,5,0,0,0,21,11,0,200,200,12,200,200,200,200
351653,0,10,0,0,0,0,0,7,0,0,0,0,0,0,200,200,1,0,0,200,200
351653,0,10,0,0,0,0,0,7,0,0,0,0,0,1,34,0,0,0,0,200,200
351656,0,30,1,2,0,1,12,5,2,0,0,21,0,1,32,0,0,0,0,200,200
351656,0,30,1,2,0,1,12,5,2,0,0,21,0,0,200,200,200,200,200,200,200
351656,1,30,1,2,0,1,12,5,2,0,0,21,0,0,200,0,200,200,200,200,200
351656,1,30,1,2,0,1,12,5,2,0,0,21,0,200,200,0,200,200,200,200,200
351656,1,30,1,2,0,1,12,5,2,0,0,21,0,200,200,7,200,200,200,200,200
351664,0,30,0,0,0,1,10,5,0,0,0,18,200,1,48,0,0,0,0,200,200
351664,0,30,0,0,0,1,10,5,0,0,0,18,200,0,66,0,0,0,0,200,200
351667,0,30,1,2,0,1,12,6,0,0,0,23,4,0,39,0,7,0,0,200,200
351667,0,30,1,2,0,1,12,6,0,0,0,23,4,0,25,0,0,0,0,200,200
351668,0,35,1,2,0,1,10,5,0,0,0,0,200,1,25,200,200,0,0,200,200
351668,0,35,1,2,0,1,10,5,0,0,0,0,200,1,43,200,0,0,0,200,200
351668,0,35,1,2,0,1,10,5,0,0,0,0,200,0,26,200,0,0,0,200,200
351668,0,35,1,2,0,1,10,5,0,0,0,0,200,1,32,200,0,0,0,200,200
351669,4,30,0,0,0,1,8,5,0,0,0,17,200,0,29,7,0,0,0,200,200
351669,0,30,0,0,0,1,8,5,0,0,0,17,200,0,67,200,1,0,0,200,200
351671,0,20,0,0,0,3,7,6,0,0,0,18,14,2,200,200,3,200,200,200,200
351672,0,35,0,0,0,1,12,2,0,0,0,21,22,0,20,200,4,0,0,200,200
351672,0,35,0,0,0,1,12,2,0,0,0,21,22,0,45,200,12,0,0,200,200
351678,0,30,0,0,200,0,12,5,0,200,200,0,0,0,200,200,4,200,200,200,200
351678,0,30,0,0,200,0,12,5,0,200,200,0,0,1,19,200,0,200,0,200,200
351681,0,30,0,0,0,1,10,5,0,0,0,0,0,0,200,200,6,200,200,200,200
351681,0,30,0,0,0,1,10,5,0,0,0,0,0,0,54,0,0,0,0,200,200
351681,1,30,0,0,0,1,10,5,0,0,0,0,0,1,200,0,200,200,200,200,200
351688,0,30,0,0,0,1,12,3,0,0,0,22,200,0,40,200,12,0,0,200,200
351688,0,30,0,0,0,1,12,3,0,0,0,22,200,1,32,200,0,0,0,200,200
351688,1,30,0,0,0,1,12,3,0,0,0,22,200,0,40,200,200,200,200,200,200
351692,0,30,0,0,0,1,7,6,0,0,0,16,200,1,19,200,12,0,0,200,200
351693,0,30,2,0,0,1,10,5,0,0,0,0,0,1,47,0,200,0,0,200,200
351693,0,30,2,0,0,1,10,5,0,0,0,0,0,0,51,0,0,0,0,200,200
351693,1,30,2,0,0,1,10,5,0,0,0,0,0,1,3,5,200,200,200,200,200
351697,0,30,0,0,200,1,7,5,0,200,0,21,0,2,200,200,200,200,200,200,200
351701,0,30,2,2,0,1,10,2,0,2,12,18,16,0,24,0,3,0,0,200,200
351701,0,30,2,2,0,1,10,2,0,2,12,18,16,1,38,0,0,0,0,200,200
351701,1,30,2,2,0,1,10,2,0,2,12,18,16,1,4,5,200,200,200,200,200
351702,0,30,1,2,0,1,14,5,0,0,0,22,22,0,53,0,12,0,0,200,200
351702,0,30,1,2,0,1,14,5,0,0,0,22,22,0,53,1,0,0,0,200,200
351702,1,30,1,2,0,1,14,5,0,0,0,22,22,1,200,200,200,200,200,200,200
351702,1,30,1,2,0,1,14,5,0,0,0,22,22,0,60,0,200,200,200,200,200
351702,1,30,1,2,0,1,14,5,0,0,0,22,22,0,54,0,200,200,200,200,200
351703,0,5,0,0,0,0,7,7,0,0,0,21,16,2,200,200,4,200,200,200,200
351706,0,30,1,2,0,1,14,3,0,0,0,17,200,0,32,200,5,0,0,200,200
351706,0,30,1,2,0,1,14,3,0,0,0,17,200,1,25,0,0,0,0,200,200
351711,0,15,0,0,0,0,7,5,0,0,0,0,200,1,200,200,200,200,200,200,200
351714,0,30,200,200,0,1,7,6,0,0,0,0,200,2,200,200,200,200,200,200,200
351716,0,35,1,2,0,1,14,5,0,0,0,23,23,0,53,0,8,200,0,200,200
351716,0,35,1,2,0,1,14,5,0,0,0,23,23,1,30,0,0,200,0,200,200
351717,0,30,1,2,6,1,14,5,5,0,0,0,0,0,31,0,4,0,0,200,200
351717,0,30,1,2,6,1,14,5,5,0,0,0,0,0,67,0,0,0,0,200,200
351717,1,30,1,2,6,1,14,5,5,0,0,0,0,0,200,0,200,200,200,200,200
351718,0,30,0,0,0,1,11,5,0,0,200,2,200,0,37,0,15,200,2,200,200
351718,0,30,0,0,0,1,11,5,0,0,200,2,200,0,64,0,0,0,0,200,200
351728,0,30,0,0,0,1,14,3,0,0,0,17,17,0,69,0,1,0,0,200,200
351728,0,30,0,0,0,1,14,3,0,0,0,17,17,1,46,0,0,0,0,200,200
351730,0,20,0,0,0,1,7,6,0,0,0,11,200,0,36,0,6,0,0,200,200
351735,0,30,0,0,200,200,7,6,0,200,200,0,200,2,200,200,200,200,200,200,200
351737,0,30,2,0,0,1,0,12,0,0,0,5,0,1,31,200,1,0,0,200,200
351737,0,30,2,0,0,1,0,12,0,0,0,5,0,0,59,0,0,0,0,200,200
351738,0,20,0,0,0,1,10,5,0,0,0,20,200,0,47,200,6,200,0,200,200
351738,0,20,0,0,0,1,10,5,0,0,0,20,200,0,24,200,0,0,0,200,200
351738,1,20,0,0,0,1,10,5,0,0,0,20,200,1,200,200,200,200,200,200,200
351739,4,30,2,2,2,3,8,5,0,1,0,0,0,0,39,200,5,0,0,200,200
351739,0,30,2,2,2,3,8,5,0,1,0,0,0,1,200,200,0,200,200,200,200
351749,0,30,0,0,0,1,5,7,0,0,0,0,0,0,57,0,12,0,0,200,200
351751,0,30,0,0,0,1,2,5,0,0,12,16,0,2,200,200,8,200,200,200,200
351754,0,30,0,0,0,1,9,0,0,0,0,14,200,1,200,200,8,200,200,200,200
351754,5,30,0,0,0,1,9,0,0,0,0,14,200,0,33,200,12,12,0,200,200
351759,0,30,0,0,0,1,10,3,3,0,0,0,0,1,38,0,200,0,0,200,200
351759,0,30,0,0,0,1,10,3,3,0,0,0,0,0,58,0,0,0,0,200,200
351759,1,30,0,0,0,1,10,3,3,0,0,0,0,1,200,0,200,200,200,200,200
351763,0,30,0,0,200,200,7,6,0,200,200,0,200,2,200,200,200,200,200,200,200
351773,0,30,1,2,0,1,0,5,0,0,0,6,6,1,68,0,5,200,0,200,200
351773,0,30,1,2,0,1,0,5,0,0,0,6,6,0,38,0,0,0,0,200,200
351783,0,20,0,0,1,1,7,6,0,200,0,0,200,2,200,200,200,200,200,200,200
351784,0,25,0,0,0,3,7,6,0,0,0,0,200,2,200,200,200,200,200,200,200
351788,0,30,1,2,0,1,12,5,0,0,0,22,0,0,52,200,200,0,0,200,200
351788,0,30,1,2,0,1,12,5,0,0,0,22,0,0,47,0,200,0,0,200,200
351788,1,30,1,2,0,1,12,5,0,0,0,22,0,0,200,200,200,200,200,200,200
351790,0,30,0,0,0,1,10,5,0,0,0,18,200,0,21,0,3,0,0,200,200
351790,0,30,0,0,0,1,10,5,0,0,0,18,200,0,52,0,0,0,0,200,200
351791,0,30,1,2,0,1,10,5,0,0,0,18,200,0,33,0,3,200,0,200,200
351791,0,30,1,2,0,1,10,5,0,0,0,18,200,0,69,0,0,200,0,200,200
351795,0,30,0,0,0,1,12,4,0,0,0,21,200,0,22,0,1,0,0,200,200
351795,0,30,0,0,0,1,12,4,0,0,0,21,200,0,33,0,0,0,0,200,200
351802,0,30,1,2,0,1,12,3,0,0,0,21,11,1,24,200,4,0,0,200,200
351802,0,30,1,2,0,1,12,3,0,0,0,21,11,1,51,0,0,0,0,200,200
351802,1,30,1,2,0,1,12,3,0,0,0,21,11,1,2,5,200,200,200,200,200
351802,1,30,1,2,0,1,12,3,0,0,0,21,11,0,1,5,200,200,200,200,200
351802,1,30,1,2,0,1,12,3,0,0,0,21,11,1,4,200,200,200,200,200,200
351802,1,30,1,2,0,1,12,3,0,0,0,21,11,1,2,200,200,200,200,200,200
351807,0,30,0,0,2,1,0,3,0,0,0,17,200,0,43,200,1,200,0,200,200
351807,0,30,0,0,2,1,0,3,0,0,0,17,200,0,51,0,0,200,0,200,200
351807,1,30,0,0,2,1,0,3,0,0,0,17,200,0,200,0,200,200,200,200,200
351811,0,30,2,2,0,1,0,2,0,0,0,17,200,1,32,0,1,0,0,200,200
351811,0,30,2,2,0,1,0,2,0,0,0,17,200,1,37,0,0,0,0,200,200
351811,1,30,2,2,0,1,0,2,0,0,0,17,200,1,4,5,200,200,200,200,200
351827,0,30,2,200,0,1,0,5,0,200,200,17,200,1,200,200,1,200,200,200,200
351827,0,30,2,200,0,1,0,5,0,200,200,17,200,0,28,0,0,200,0,200,200
351827,1,30,2,200,0,1,0,5,0,200,200,17,200,1,27,0,200,200,200,200,200
351834,0,25,0,0,0,1,7,5,0,200,200,0,0,2,200,200,12,200,200,200,200
351835,0,30,0,0,0,1,0,7,0,0,200,0,0,0,45,200,200,200,200,200,200
351835,0,30,0,0,0,1,0,7,0,0,200,0,0,0,34,0,200,200,0,200,200
351835,1,30,0,0,0,1,0,7,0,0,200,0,0,1,1,0,200,200,200,200,200
351835,1,30,0,0,0,1,0,7,0,0,200,0,0,0,200,0,200,200,200,200,200
351839,0,30,0,0,0,1,12,5,0,0,0,22,22,0,34,7,4,0,0,200,200
351839,0,30,0,0,0,1,12,5,0,0,0,22,22,0,45,0,0,0,0,200,200
351845,0,5,0,0,0,3,7,7,0,0,0,0,200,2,200,200,200,200,200,200,200
351848,0,35,1,2,0,1,2,2,0,0,0,23,11,0,30,0,7,0,0,200,200
351856,0,15,0,0,0,1,0,7,0,0,0,11,11,1,45,200,12,200,0,200,200
351856,0,15,0,0,0,1,0,7,0,0,0,11,11,0,30,200,0,0,0,200,200
351862,0,30,3,5,200,200,7,2,0,200,3,0,0,2,200,200,200,200,200,200,200
351871,0,20,0,0,0,1,7,5,0,2,12,20,28,0,64,200,6,200,0,200,200
351875,0,25,0,0,200,200,7,12,0,200,0,0,200,2,200,200,200,200,200,200,200
351876,0,35,0,0,0,1,7,5,0,0,0,0,0,1,200,200,200,200,200,200,200
351876,1,35,0,0,0,1,7,5,0,0,0,0,0,0,200,1,200,200,200,200,200
351878,0,30,1,0,0,1,14,12,0,0,0,11,0,1,200,0,12,0,0,200,200
351878,0,30,1,0,0,1,14,12,0,0,0,11,0,0,200,0,12,0,0,200,200
351888,0,30,12,2,0,1,2,3,0,0,0,3,16,1,62,0,12,0,0,200,200
351893,0,30,0,0,0,1,2,2,0,0,0,0,0,0,54,0,200,0,0,200,200
351897,0,35,0,0,0,1,2,0,0,0,0,0,200,2,200,200,200,200,200,200,200
351900,0,30,1,2,0,1,14,5,0,0,0,17,200,0,58,0,1,0,0,200,200
351900,0,30,1,2,0,1,14,5,0,0,0,17,200,0,58,0,0,0,0,200,200
351907,0,30,1,2,0,1,12,2,0,0,0,21,200,0,67,200,4,0,0,200,200
351907,0,30,1,2,0,1,12,2,0,0,0,21,200,1,72,200,0,0,0,200,200
351909,0,30,0,0,2,1,12,0,0,1,3,22,22,0,200,200,7,200,200,200,200
351909,0,30,0,0,2,1,12,0,0,1,3,22,22,1,27,0,0,0,0,200,200
351909,1,30,0,0,2,1,12,0,0,1,3,22,22,0,200,200,200,200,200,200,200
351914,0,30,0,0,0,1,14,5,0,0,0,23,23,0,41,200,7,200,200,200,200
351914,0,30,0,0,0,1,14,5,0,0,0,23,23,1,24,200,0,0,0,200,200
351923,0,30,0,0,0,1,7,6,0,0,0,0,0,2,200,200,200,200,200,200,200
351924,0,30,0,0,200,200,7,6,0,200,200,0,200,2,200,200,200,200,200,200,200
351926,0,30,0,0,1,1,7,2,0,0,0,7,11,0,20,200,4,0,0,200,200
351927,0,30,0,0,0,0,10,5,0,0,0,0,0,1,37,200,200,200,200,200,200
351927,0,30,0,0,0,0,10,5,0,0,0,0,0,0,55,0,0,0,0,200,200
351932,0,30,0,0,0,1,10,5,0,0,0,11,0,1,59,200,3,0,0,200,200
351932,0,30,0,0,0,1,10,5,0,0,0,11,0,0,45,0,0,0,0,200,200
351938,0,30,0,0,0,200,7,5,0,0,0,0,0,2,200,200,11,200,200,200,200
351948,0,30,0,0,0,1,12,5,0,0,0,22,200,0,51,0,0,0,0,200,200
351948,0,30,0,0,0,1,12,5,0,0,0,22,200,1,49,200,3,200,0,200,200
351948,1,30,0,0,0,1,12,5,0,0,0,22,200,0,200,200,200,200,200,200,200
351948,1,30,0,0,0,1,12,5,0,0,0,22,200,1,200,200,200,200,200,200,200
351949,0,30,0,0,0,1,12,3,0,0,0,21,21,0,22,0,0,0,0,200,200
351949,0,30,0,0,0,1,12,3,0,0,0,21,21,0,62,0,4,0,0,200,200
351951,0,30,0,0,0,1,7,12,0,0,0,11,0,2,200,200,12,200,200,200,200
351952,0,30,1,2,0,1,8,1,0,0,0,12,0,0,48,0,0,0,0,200,200
351952,4,30,1,2,0,1,8,1,0,0,0,12,0,0,27,7,12,0,0,200,200
351963,0,30,0,0,0,1,7,5,0,0,0,0,0,2,200,200,200,200,200,200,200
351964,0,30,1,2,0,1,10,5,0,0,0,16,200,0,200,200,3,200,200,200,200
351964,0,30,1,2,0,1,10,5,0,0,0,16,200,0,34,0,0,0,0,200,200
351965,0,10,0,0,0,1,7,7,0,0,0,0,200,2,200,200,200,200,200,200,200
351969,0,30,0,0,0,1,12,12,0,0,0,17,17,0,84,0,12,200,0,200,200
351969,0,30,0,0,0,1,12,12,0,0,0,17,17,0,31,0,0,200,0,200,200
351969,1,30,0,0,0,1,12,12,0,0,0,17,17,0,42,0,200,200,200,200,200
351972,0,30,1,2,0,1,12,5,0,0,0,21,200,0,200,200,4,200,200,200,200
351972,0,30,1,2,0,1,12,5,0,0,0,21,200,0,200,0,0,0,0,200,200
351979,0,30,2,2,0,1,0,5,0,0,0,0,200,1,26,200,200,200,0,200,200
351979,0,30,2,2,0,1,0,5,0,0,0,0,200,0,22,200,200,200,0,200,200
351979,1,30,2,2,0,1,0,5,0,0,0,0,200,0,14,200,200,200,200,200,200
351983,0,30,1,2,0,1,14,5,0,0,0,17,200,1,200,200,1,200,200,200,200
351983,0,30,1,2,0,1,14,5,0,0,0,17,200,0,23,0,0,0,0,200,200
351989,0,30,1,2,0,1,14,3,0,0,0,23,200,0,42,0,0,0,0,200,200
351989,0,30,1,2,0,1,14,3,0,0,0,23,200,0,21,0,0,0,0,200,200
351989,1,30,1,2,0,1,14,3,0,0,0,23,200,1,21,0,200,200,200,200,200
351990,0,30,2,2,0,1,7,6,0,0,0,20,0,2,200,200,6,200,200,200,200
351993,0,30,0,0,0,0,7,5,0,0,0,0,0,2,200,200,200,200,200,200,200
351995,0,30,0,0,0,1,7,5,0,0,2,20,200,0,200,200,10,200,200,200,200
351995,1,30,0,0,0,1,7,5,0,0,2,20,200,1,23,0,200,200,200,200,200
352004,0,15,0,0,0,1,0,7,0,0,0,20,200,1,20,0,6,0,0,200,200
352004,0,15,0,0,0,1,0,7,0,0,0,20,200,0,56,0,6,0,0,200,200
352004,1,15,0,0,0,1,0,7,0,0,0,20,200,1,200,0,200,200,200,200,200
352011,0,10,0,0,0,1,2,4,0,0,0,0,11,1,200,200,6,200,200,200,200
352019,0,30,1,2,2,1,14,5,0,1,0,23,200,1,84,0,7,0,0,200,200
352019,0,30,1,2,2,1,14,5,0,1,0,23,200,1,39,0,0,0,0,200,200
352020,0,30,0,0,0,1,14,6,0,0,0,23,17,1,200,200,7,200,200,200,200
352020,0,30,0,0,0,1,14,6,0,0,0,23,17,1,58,200,0,0,0,200,200
352027,0,30,0,0,0,3,7,6,0,0,0,0,200,2,200,200,10,200,200,200,200
352033,0,20,0,0,0,1,7,5,0,0,0,0,200,2,200,200,200,200,200,200,200
352036,0,20,0,200,200,1,7,6,0,200,0,200,200,1,53,200,200,200,200,200,200
352037,0,30,1,2,0,1,12,5,0,0,0,0,0,0,37,200,200,200,0,200,200
352037,0,30,1,2,0,1,12,5,0,0,0,0,0,1,59,200,200,200,0,200,200
352037,1,30,1,2,0,1,12,5,0,0,0,0,0,0,200,200,200,200,200,200,200
352037,1,30,1,2,0,1,12,5,0,0,0,0,0,0,200,200,200,200,200,200,200
352037,1,30,1,2,0,1,12,5,0,0,0,0,0,0,200,200,200,200,200,200,200
352037,1,30,1,2,0,1,12,5,0,0,0,0,0,0,200,200,200,200,200,200,200
352037,1,30,1,2,0,1,12,5,0,0,0,0,0,0,200,200,200,200,200,200,200
352037,1,30,1,2,0,1,12,5,0,0,0,0,0,0,200,200,200,200,200,200,200
352037,1,30,1,2,0,1,12,5,0,0,0,0,0,0,200,200,200,200,200,200,200
352037,1,30,1,2,0,1,12,5,0,0,0,0,0,0,200,200,200,200,200,200,200
352037,1,30,1,2,0,1,12,5,0,0,0,0,0,0,200,200,200,200,200,200,200