RD_NO,PERSON_TYPE,POSTED_SPEED_LIMIT,TRAFFIC_CONTROL_DEVICE,DEVICE_CONDITION,WEATHER_CONDITION,LIGHTING_CONDITION,FIRST_CRASH_TYPE,TRAFFICWAY_TYPE,ALIGNMENT,ROADWAY_SURFACE_COND,ROAD_DEFECT,PRIM_CONTRIBUTORY_CAUSE,SEC_CONTRIBUTORY_CAUSE,SEX,AGE,SAFETY_EQUIPMENT,DRIVER_ACTION,DRIVER_VISION,PHYSICAL_CONDITION,BAC_RESULT VALUE,CELL_PHONE_USE
352037,1,30,1,2,0,1,12,5,0,0,0,0,0,0,200,200,200,200,200,200,200
352037,1,30,1,2,0,1,12,5,0,0,0,0,0,0,200,200,200,200,200,200,200
352037,1,30,1,2,0,1,12,5,0,0,0,0,0,0,200,200,200,200,200,200,200
352037,1,30,1,2,0,1,12,5,0,0,0,0,0,0,200,200,200,200,200,200,200
352037,1,30,1,2,0,1,12,5,0,0,0,0,0,0,200,200,200,200,200,200,200
352037,1,30,1,2,0,1,12,5,0,0,0,0,0,0,200,200,200,200,200,200,200
352056,0,30,0,0,0,1,7,5,0,0,0,0,200,2,200,200,12,200,200,200,200
352057,0,30,1,2,0,1,10,2,0,0,3,16,16,0,26,0,12,0,0,200,200
352057,0,30,1,2,0,1,10,2,0,0,3,16,16,0,53,0,12,0,0,200,200
352058,0,35,1,2,0,1,0,5,0,0,0,6,200,0,26,0,5,0,0,200,200
352058,0,35,1,2,0,1,0,5,0,0,0,6,200,0,24,0,0,0,0,200,200
352058,0,35,1,2,0,1,0,5,0,0,0,6,200,0,71,0,0,0,0,200,200
352058,0,35,1,2,0,1,0,5,0,0,0,6,200,0,66,0,0,0,0,200,200
352058,1,35,1,2,0,1,0,5,0,0,0,6,200,1,62,0,200,200,200,200,200
352061,0,30,0,0,0,1,10,2,0,0,0,22,34,1,65,200,4,200,0,200,200
352061,0,30,0,0,0,1,10,2,0,0,0,22,34,0,68,200,0,200,0,200,200
352063,0,30,1,200,200,1,10,5,0,200,200,17,200,0,200,200,1,200,200,200,200
352063,0,30,1,200,200,1,10,5,0,200,200,17,200,0,65,0,0,200,0,200,200
352066,0,30,0,0,0,1,12,5,0,0,0,0,11,0,200,200,4,200,200,200,200
352066,0,30,0,0,0,1,12,5,0,0,0,0,11,0,59,0,0,0,0,200,200
352069,0,30,0,0,0,1,10,5,0,200,200,18,18,0,53,200,3,200,200,200,200
352069,0,30,0,0,0,1,10,5,0,200,200,18,18,0,62,3,200,200,200,200,200
352069,0,30,0,0,0,1,10,5,0,200,200,18,18,0,200,200,200,200,200,200,200
352071,0,30,0,0,0,3,7,7,0,0,0,0,200,2,200,200,200,200,200,200,200
352082,0,30,1,2,2,1,8,3,0,1,200,2,200,1,25,0,15,200,0,200,200
352082,4,30,1,2,2,1,8,3,0,1,200,2,200,0,63,3,0,0,0,200,200
352083,0,30,0,0,0,1,12,5,0,0,0,22,200,0,64,0,2,0,0,200,200
352083,0,30,0,0,0,1,12,5,0,0,0,22,200,2,200,200,0,200,200,200,200
352089,0,30,1,2,2,1,10,2,0,1,0,0,0,1,47,200,200,200,200,200,200
352089,0,30,1,2,2,1,10,2,0,1,0,0,0,1,30,200,200,200,0,200,200
352099,0,30,1,2,0,1,10,5,0,0,0,18,200,1,25,0,3,0,0,200,200
352099,0,30,1,2,0,1,10,5,0,0,0,18,200,0,47,0,0,0,0,200,200
352103,0,25,0,0,0,1,10,5,0,0,200,0,200,0,51,200,8,0,0,200,200
352103,0,25,0,0,0,1,10,5,0,0,200,0,200,1,38,200,0,0,0,200,200
352103,1,25,0,0,0,1,10,5,0,0,200,0,200,1,68,200,200,200,200,200,200
352103,1,25,0,0,0,1,10,5,0,0,200,0,200,0,68,200,200,200,200,200,200
352107,0,30,1,2,0,1,11,5,0,0,200,20,0,1,39,0,6,0,0,200,200
352107,0,30,1,2,0,1,11,5,0,0,200,20,0,0,23,0,0,0,0,200,200
352107,1,30,1,2,0,1,11,5,0,0,200,20,0,0,21,0,200,200,200,200,200
352107,1,30,1,2,0,1,11,5,0,0,200,20,0,0,19,0,200,200,200,200,200
352114,0,30,1,2,2,1,10,5,0,1,0,0,200,1,200,200,200,200,200,200,200
352117,0,30,0,0,0,1,0,0,0,0,0,17,200,0,55,0,2,0,0,200,200
352117,0,30,0,0,0,1,0,0,0,0,0,17,200,0,200,0,0,0,0,200,200
352122,0,30,1,2,0,1,10,5,0,0,0,16,11,0,47,0,1,0,0,200,200
352122,0,30,1,2,0,1,10,5,0,0,0,16,11,1,59,0,0,0,0,200,200
352122,0,30,1,2,0,1,10,5,0,0,0,16,11,1,68,0,0,0,0,200,200
352126,0,30,2,2,0,1,0,5,0,0,0,200,200,0,54,0,0,0,0,200,200
352126,0,30,2,2,0,1,0,5,0,0,0,200,200,1,61,0,0,0,0,200,200
352126,1,30,2,2,0,1,0,5,0,0,0,200,200,1,200,0,200,200,200,200,200
352128,0,30,1,2,0,1,10,2,0,1,0,18,34,1,51,0,3,200,0,200,200
352128,0,30,1,2,0,1,10,2,0,1,0,18,34,1,23,200,0,0,0,200,200
352128,1,30,1,2,0,1,10,2,0,1,0,18,34,1,14,200,200,200,200,200,200
352130,0,30,0,0,0,1,10,3,0,0,0,0,0,1,200,200,200,200,200,200,200
352130,0,30,0,0,0,1,10,3,0,0,0,0,0,0,49,0,0,0,0,200,200
352130,1,30,0,0,0,1,10,3,0,0,0,0,0,1,200,0,200,200,200,200,200
352134,0,30,200,200,0,1,10,2,0,0,200,18,200,0,47,200,3,200,200,200,200
352134,0,30,200,200,0,1,10,2,0,0,200,18,200,0,69,0,0,0,0,200,200
352134,0,30,200,200,0,1,10,2,0,0,200,18,200,1,59,200,0,200,200,200,200
352134,1,30,200,200,0,1,10,2,0,0,200,18,200,1,68,0,200,200,200,200,200
352136,0,10,9,0,0,1,0,2,3,0,0,33,200,1,52,0,12,12,0,200,200
352136,0,10,9,0,0,1,0,2,3,0,0,33,200,0,36,0,0,0,0,200,200
352136,1,10,9,0,0,1,0,2,3,0,0,33,200,0,21,0,200,200,200,200,200
352141,0,30,2,2,0,1,9,6,0,0,0,17,200,0,30,200,1,0,0,200,200
352141,5,30,2,2,0,1,9,6,0,0,0,17,200,0,55,7,0,0,0,200,200
352145,0,30,0,0,0,1,12,5,0,0,0,17,17,1,200,0,1,200,200,200,200
352145,0,30,0,0,0,1,12,5,0,0,0,17,17,0,65,0,0,200,0,200,200
352151,5,20,5,0,0,1,9,6,0,1,0,0,0,1,13,7,12,12,0,200,200
352151,0,20,5,0,0,1,9,6,0,1,0,0,0,0,31,200,0,0,0,200,200
352154,0,30,0,0,200,1,7,2,0,0,0,0,0,2,200,200,200,200,200,200,200
352155,0,30,1,2,0,1,10,3,0,0,0,15,21,0,36,200,8,200,200,200,200
352155,0,30,1,2,0,1,10,3,0,0,0,15,21,0,36,0,0,0,0,200,200
352159,0,30,1,2,0,1,10,3,0,0,0,16,11,0,48,0,1,0,0,200,200
352159,0,30,1,2,0,1,10,3,0,0,0,16,11,1,59,0,0,0,0,200,200
352160,0,30,200,200,0,1,14,5,0,200,200,0,200,0,32,200,200,200,0,200,200
352160,0,30,200,200,0,1,14,5,0,200,200,0,200,1,34,200,200,200,0,200,200
352169,0,30,0,0,2,1,10,2,0,1,12,16,200,0,37,200,3,200,0,200,200
352169,0,30,0,0,2,1,10,2,0,1,12,16,200,0,42,200,0,200,0,200,200
352176,0,30,1,2,2,1,10,2,0,1,0,16,15,0,20,0,8,0,0,200,200
352176,0,30,1,2,2,1,10,2,0,1,0,16,15,1,59,0,0,0,0,200,200
352177,0,30,0,0,0,1,10,5,0,0,0,18,18,1,200,200,3,200,200,200,200
352177,0,30,0,0,0,1,10,5,0,0,0,18,18,1,0,7,0,0,0,200,200
352179,0,30,0,0,0,1,0,5,0,1,0,0,200,0,200,200,1,200,200,200,200
352179,0,30,0,0,0,1,0,5,0,1,0,0,200,0,73,200,1,200,0,200,200
352179,1,30,0,0,0,1,0,5,0,1,0,0,200,1,22,200,200,200,200,200,200
352180,0,30,1,2,0,1,7,5,0,0,0,22,22,0,22,0,4,0,0,200,200
352180,0,30,1,2,0,1,7,5,0,0,0,22,22,0,32,0,12,0,0,200,200
352181,0,20,0,0,0,1,10,7,0,0,0,20,20,0,200,200,6,200,200,200,200
352181,0,20,0,0,0,1,10,7,0,0,0,20,20,1,20,200,0,0,0,200,200
352190,0,30,1,2,0,1,10,5,0,0,0,20,200,0,200,200,6,200,200,200,200
352190,0,30,1,2,0,1,10,5,0,0,0,20,200,1,24,0,0,0,0,200,200
352191,0,25,0,0,0,1,10,5,0,1,0,200,200,0,48,0,200,0,0,200,200
352191,0,25,0,0,0,1,10,5,0,1,0,200,200,0,68,1,0,0,0,200,200
352194,0,30,0,0,0,1,12,200,0,0,0,200,200,0,200,0,0,0,0,200,200
352194,0,30,0,0,0,1,12,200,0,0,0,200,200,0,39,0,0,0,0,200,200
352194,1,30,0,0,0,1,12,200,0,0,0,200,200,0,200,0,200,200,200,200,200
352200,0,30,0,0,0,1,12,5,0,1,0,0,0,0,54,0,4,200,0,200,200
352200,0,30,0,0,0,1,12,5,0,1,0,0,0,0,23,0,12,200,0,200,200
352202,0,30,0,0,0,1,7,5,0,0,0,17,200,0,33,0,0,0,0,200,200
352203,0,20,0,0,0,1,3,5,0,0,0,20,11,0,21,0,6,0,0,200,200
352203,0,20,0,0,0,1,3,5,0,0,0,20,11,1,32,0,0,0,0,200,200
352207,0,30,0,2,0,1,10,2,0,0,0,16,18,0,29,200,3,200,200,200,200
352207,0,30,0,2,0,1,10,2,0,0,0,16,18,0,25,200,0,0,200,200,200
352207,1,30,0,2,0,1,10,2,0,0,0,16,18,0,28,200,200,200,200,200,200
352207,1,30,0,2,0,1,10,2,0,0,0,16,18,0,31,200,200,200,200,200,200
352210,0,30,1,2,2,1,10,5,0,1,0,34,18,0,29,7,8,4,0,200,200
352210,0,30,1,2,2,1,10,5,0,1,0,34,18,0,55,200,0,4,0,200,200
352211,0,30,1,2,2,1,10,5,0,1,12,0,200,0,60,0,200,0,0,200,200
352211,0,30,1,2,2,1,10,5,0,1,12,0,200,0,41,0,200,0,5,200,200
352211,1,30,1,2,2,1,10,5,0,1,12,0,200,0,41,0,200,200,200,200,200
352213,0,30,0,0,0,1,7,6,0,0,0,200,200,2,200,200,200,200,200,200,200
352217,0,30,2,2,0,1,14,5,0,0,0,25,11,0,200,200,7,200,200,200,200
352217,0,30,2,2,0,1,14,5,0,0,0,25,11,1,29,200,0,0,0,200,200
352218,0,45,1,2,0,1,10,3,0,0,0,0,200,0,55,0,200,0,0,200,200
352218,0,45,1,2,0,1,10,3,0,0,0,0,200,0,73,0,0,0,0,200,200
352218,1,45,1,2,0,1,10,3,0,0,0,0,200,1,200,0,200,200,200,200,200
352224,0,25,0,0,0,1,12,5,0,0,200,21,18,1,200,200,4,200,200,200,200
352224,0,25,0,0,0,1,12,5,0,0,200,21,18,0,23,200,0,0,0,200,200
352225,0,30,0,0,2,1,10,2,0,1,0,16,0,1,38,0,200,0,0,200,200
352225,0,30,0,0,2,1,10,2,0,1,0,16,0,1,63,0,0,0,0,200,200
352226,0,30,1,2,1,1,14,6,0,0,0,18,11,1,200,200,3,200,200,200,200
352226,0,30,1,2,1,1,14,6,0,0,0,18,11,1,21,0,0,0,0,200,200
352227,0,30,1,2,0,1,10,2,0,0,200,16,200,0,200,200,3,200,200,200,200
352227,0,30,1,2,0,1,10,2,0,0,200,16,200,0,31,200,0,200,200,200,200
352229,0,30,0,0,0,1,7,6,0,0,0,200,200,1,46,0,0,0,0,200,200
352229,1,30,0,0,0,1,7,6,0,0,0,200,200,0,13,200,200,200,200,200,200
352229,1,30,0,0,0,1,7,6,0,0,0,200,200,0,15,200,200,200,200,200,200
352229,1,30,0,0,0,1,7,6,0,0,0,200,200,0,15,200,200,200,200,200,200
352229,1,30,0,0,0,1,7,6,0,0,0,200,200,1,14,200,200,200,200,200,200
352229,1,30,0,0,0,1,7,6,0,0,0,200,200,1,15,200,200,200,200,200,200
352229,1,30,0,0,0,1,7,6,0,0,0,200,200,0,14,200,200,200,200,200,200
352229,1,30,0,0,0,1,7,6,0,0,0,200,200,0,200,200,200,200,200,200,200
352229,1,30,0,0,0,1,7,6,0,0,0,200,200,1,58,200,200,200,200,200,200
352229,1,30,0,0,0,1,7,6,0,0,0,200,200,200,200,200,200,200,200,200,200
352230,0,30,1,2,0,1,10,6,0,0,0,18,200,1,200,200,3,200,200,200,200
352230,0,30,1,2,0,1,10,6,0,0,0,18,200,1,21,0,0,0,0,200,200
352231,0,30,0,0,0,1,12,2,0,0,0,22,11,0,200,200,2,200,200,200,200
352231,0,30,0,0,0,1,12,2,0,0,0,22,11,0,56,0,0,0,0,200,200
352235,0,25,200,200,0,1,10,2,0,0,200,0,0,0,53,200,200,200,0,200,200
352235,0,25,200,200,0,1,10,2,0,0,200,0,0,1,200,200,200,200,200,200,200
352237,0,30,0,0,0,1,7,5,0,0,0,0,200,2,200,200,200,200,200,200,200
352240,0,30,0,0,200,200,14,2,0,200,200,0,200,0,200,200,200,200,200,200,200
352240,0,30,0,0,200,200,14,2,0,200,200,0,200,0,75,200,200,200,200,200,200
352243,0,35,0,0,0,1,0,5,0,0,0,0,0,2,200,200,0,200,200,200,200
352243,0,35,0,0,0,1,0,5,0,0,0,0,0,0,0,0,0,0,0,200,200
352246,0,30,0,0,0,1,10,2,0,0,0,0,200,0,200,200,200,200,200,200,200
352246,0,30,0,0,0,1,10,2,0,0,0,0,200,0,44,0,0,0,0,200,200
352246,0,30,0,0,0,1,10,2,0,0,0,0,200,0,32,0,0,0,0,200,200
352247,0,30,1,2,0,1,10,2,0,0,200,18,0,0,62,0,12,200,0,200,200
352247,0,30,1,2,0,1,10,2,0,0,200,18,0,1,25,0,0,0,0,200,200
352248,0,30,1,2,0,1,12,2,0,0,200,17,200,1,76,200,1,200,0,200,200
352248,0,30,1,2,0,1,12,2,0,0,200,17,200,0,39,200,0,200,0,200,200
352248,1,30,1,2,0,1,12,2,0,0,200,17,200,0,52,200,200,200,200,200,200
352250,0,30,0,0,0,1,14,5,0,0,0,18,200,0,73,0,3,0,0,200,200
352250,0,30,0,0,0,1,14,5,0,0,0,18,200,1,33,0,0,0,0,200,200
352252,0,30,1,2,2,1,10,5,0,1,0,34,18,0,28,200,8,4,0,200,200
352252,0,30,1,2,2,1,10,5,0,1,0,34,18,0,200,200,0,200,200,200,200
352255,0,30,0,0,0,1,10,2,0,1,200,0,0,2,200,200,200,200,200,200,200
352255,0,30,0,0,0,1,10,2,0,1,200,0,0,0,50,0,0,0,0,200,200
352256,0,30,2,200,2,1,0,5,0,1,200,0,0,1,25,0,200,200,200,200,200
352256,0,30,2,200,2,1,0,5,0,1,200,0,0,1,19,0,0,200,200,200,200
352257,0,30,0,0,0,1,7,5,0,0,0,21,200,1,200,0,2,0,0,200,200
352263,0,30,2,2,0,1,10,5,0,0,0,18,18,0,200,200,3,200,200,200,200
352263,0,30,2,2,0,1,10,5,0,0,0,18,18,0,49,0,0,0,0,200,200
352263,1,30,2,2,0,1,10,5,0,0,0,18,18,1,200,7,200,200,200,200,200
352263,1,30,2,2,0,1,10,5,0,0,0,18,18,200,200,7,200,200,200,200,200
352264,0,15,0,0,0,1,9,5,0,0,200,200,0,0,30,200,12,0,0,200,200
352264,5,15,0,0,0,1,9,5,0,0,200,200,0,0,54,7,0,200,7,200,200
352264,5,15,0,0,0,1,9,5,0,0,200,200,0,0,38,7,0,200,200,200,200
352271,0,30,0,0,0,1,0,5,0,0,0,20,20,0,31,200,6,0,0,200,200
352271,0,30,0,0,0,1,0,5,0,0,0,20,20,1,48,0,0,0,0,200,200
352273,0,20,0,0,0,1,10,5,0,0,0,16,18,0,34,200,3,200,0,200,200
352273,0,20,0,0,0,1,10,5,0,0,0,16,18,1,59,0,0,0,0,200,200
352277,0,25,1,2,0,1,10,5,0,0,0,0,200,0,54,200,1,200,200,200,200
352277,0,25,1,2,0,1,10,5,0,0,0,0,200,0,23,200,6,200,200,200,200
352280,0,30,0,0,0,1,10,6,2,0,12,16,200,2,200,200,200,200,200,200,200
352280,0,30,0,0,0,1,10,6,2,0,12,16,200,0,200,200,3,200,200,200,200
352280,0,30,0,0,0,1,10,6,2,0,12,16,200,1,38,0,0,0,0,200,200
352287,0,30,0,0,0,1,14,7,0,0,0,10,200,1,200,200,9,200,200,200,200
352287,0,30,0,0,0,1,14,7,0,0,0,10,200,0,56,0,0,0,0,200,200
352289,0,30,1,2,2,1,7,6,0,1,0,7,200,0,33,0,12,0,0,200,200
352289,1,30,1,2,2,1,7,6,0,1,0,7,200,0,22,0,200,200,200,200,200
352292,0,30,1,2,0,2,14,5,0,0,0,0,200,0,200,200,1,200,200,200,200
352292,0,30,1,2,0,2,14,5,0,0,0,0,200,0,39,200,0,0,0,200,200
352294,0,30,1,2,0,1,10,5,0,0,0,0,0,0,50,0,0,0,0,200,200
352294,0,30,1,2,0,1,10,5,0,0,0,0,0,1,57,0,0,0,0,200,200
352297,0,30,0,0,0,1,7,5,0,0,0,0,200,2,200,200,200,200,200,200,200
352298,0,30,2,2,0,1,0,5,0,0,0,5,17,1,66,0,5,0,0,200,200
352298,0,30,2,2,0,1,0,5,0,0,0,5,17,0,35,0,0,0,0,200,200
352299,0,30,0,0,0,1,7,5,0,0,0,0,0,2,200,200,200,200,200,200,200
352300,0,30,1,2,2,1,14,5,0,1,0,23,200,0,41,200,7,200,200,200,200
352300,0,30,1,2,2,1,14,5,0,1,0,23,200,0,49,0,0,0,0,200,200
352300,1,30,1,2,2,1,14,5,0,1,0,23,200,1,200,0,200,200,200,200,200
352303,0,30,0,0,0,1,10,5,0,0,0,0,0,0,40,0,1,0,0,200,200
352303,0,30,0,0,0,1,10,5,0,0,0,0,0,1,60,0,0,0,0,200,200
352306,0,30,0,0,0,1,7,6,0,0,200,0,0,2,200,200,200,200,200,200,200
352309,0,20,0,0,0,1,12,2,0,0,0,200,200,0,76,200,12,200,0,200,200
352309,0,20,0,0,0,1,12,2,0,0,0,200,200,0,22,200,12,200,0,200,200
352320,0,30,0,0,0,1,11,5,0,0,0,0,200,1,200,0,1,0,0,200,200
352320,0,30,0,0,0,1,11,5,0,0,0,0,200,0,200,0,0,0,0,200,200
352321,0,30,0,0,0,1,7,5,0,200,200,22,22,0,200,200,2,200,200,200,200
352327,0,30,0,0,0,1,10,3,0,0,0,9,11,0,200,200,11,200,200,200,200
352327,0,30,0,0,0,1,10,3,0,0,0,9,11,1,50,0,0,0,0,200,200
352336,0,30,0,0,0,1,7,6,0,0,0,0,0,2,200,200,200,200,200,200,200
352344,0,30,0,0,0,1,12,5,0,0,0,0,0,0,26,200,200,0,0,200,200
352344,0,30,0,0,0,1,12,5,0,0,0,0,0,0,29,200,200,0,0,200,200
352345,0,30,0,0,0,1,14,5,0,0,0,23,200,0,200,200,7,200,200,200,200
352345,0,30,0,0,0,1,14,5,0,0,0,23,200,0,33,0,0,0,0,200,200
352349,0,30,0,0,2,1,8,5,0,1,0,0,0,1,200,200,200,200,200,200,200
352349,4,30,0,0,2,1,8,5,0,1,0,0,0,0,35,200,0,0,0,200,200
352353,0,30,1,2,0,1,14,5,0,0,0,0,200,0,200,200,12,200,200,200,200
352353,0,30,1,2,0,1,14,5,0,0,0,0,200,1,26,0,12,0,0,200,200
352353,1,30,1,2,0,1,14,5,0,0,0,0,200,1,49,200,200,200,200,200,200
352356,0,30,0,0,0,1,0,5,0,0,0,20,200,0,21,0,6,0,0,200,200
352356,0,30,0,0,0,1,0,5,0,0,0,20,200,1,58,0,0,0,0,200,200
352357,0,10,0,0,0,1,7,7,0,0,0,20,200,0,83,0,6,0,0,200,200
352360,0,30,0,0,0,1,7,7,0,0,0,0,200,0,25,200,200,200,200,200,200
352361,0,30,0,0,0,1,12,6,0,0,0,0,0,0,65,0,200,0,200,200,200
352361,0,30,0,0,0,1,12,6,0,0,0,0,0,0,65,0,0,0,200,200,200
352362,0,30,0,0,2,1,10,3,0,1,0,18,200,0,200,200,3,200,200,200,200
352362,0,30,0,0,2,1,10,3,0,1,0,18,200,1,28,0,0,0,0,200,200
352365,0,35,1,2,0,1,10,3,0,0,0,18,16,1,22,200,3,200,0,200,200
352365,0,35,1,2,0,1,10,3,0,0,0,18,16,1,46,200,0,0,0,200,200
352365,0,35,1,2,0,1,10,3,0,0,0,18,16,0,33,200,0,0,0,200,200
352365,1,35,1,2,0,1,10,3,0,0,0,18,16,1,20,200,200,200,200,200,200
352365,1,35,1,2,0,1,10,3,0,0,0,18,16,0,14,7,200,200,200,200,200
352365,1,35,1,2,0,1,10,3,0,0,0,18,16,0,58,200,200,200,200,200,200
352367,0,45,0,0,0,1,10,3,0,0,0,18,0,0,63,0,3,0,0,200,200
352367,0,45,0,0,0,1,10,3,0,0,0,18,0,0,60,0,0,0,0,200,200
352372,0,30,1,2,0,1,10,5,0,200,200,11,18,0,200,200,12,200,200,200,200
352372,0,30,1,2,0,1,10,5,0,200,200,11,18,0,82,0,200,200,200,200,200
352374,0,30,1,2,0,1,10,8,2,0,200,18,0,0,24,200,3,200,200,200,200
352374,0,30,1,2,0,1,10,8,2,0,200,18,0,0,28,0,0,0,0,200,200
352376,0,30,0,0,0,1,12,2,0,0,0,17,200,1,200,0,1,0,0,200,200
352376,0,30,0,0,0,1,12,2,0,0,0,17,200,0,200,0,0,0,0,200,200
352376,0,30,0,0,0,1,12,2,0,0,0,17,200,0,200,0,0,0,0,200,200
352376,1,30,0,0,0,1,12,2,0,0,0,17,200,1,200,0,200,200,200,200,200
352377,4,20,0,0,0,1,8,6,0,0,0,0,200,0,25,7,200,0,0,200,200
352380,0,30,2,2,0,1,8,5,0,0,0,16,11,2,200,200,12,200,200,200,200
352380,4,30,2,2,0,1,8,5,0,0,0,16,11,0,23,2,0,0,0,200,200
352384,0,35,1,2,0,1,0,2,0,0,0,6,0,1,21,200,5,200,0,200,200
352384,0,35,1,2,0,1,0,2,0,0,0,6,0,1,56,200,0,0,0,200,200
352385,0,20,0,0,0,3,3,6,0,0,0,10,0,2,200,200,9,200,200,200,200
352385,0,20,0,0,0,3,3,6,0,0,0,10,0,1,65,0,0,0,0,200,200
352389,0,30,2,2,0,1,10,5,0,0,0,16,200,1,69,0,200,0,0,200,200
352389,0,30,2,2,0,1,10,5,0,0,0,16,200,1,63,0,0,0,0,200,200
352389,1,30,2,2,0,1,10,5,0,0,0,16,200,0,63,0,200,200,200,200,200
352396,0,30,0,0,0,1,7,5,0,0,0,0,200,0,0,200,200,0,0,200,200
352404,0,25,0,0,0,1,7,6,0,0,0,0,0,2,200,200,200,200,200,200,200
352415,0,30,0,0,0,1,12,2,0,0,0,0,0,0,30,0,0,0,0,200,200
352415,0,30,0,0,0,1,12,2,0,0,0,0,0,1,39,0,0,0,0,200,200
352415,1,30,0,0,0,1,12,2,0,0,0,0,0,1,2,0,200,200,200,200,200
352415,1,30,0,0,0,1,12,2,0,0,0,0,0,1,51,0,200,200,200,200,200
352417,0,30,0,0,0,1,7,6,0,0,0,0,200,2,200,200,200,200,200,200,200
352427,0,30,1,2,0,3,12,3,0,0,0,22,22,1,200,200,4,200,200,200,200
352427,0,30,1,2,0,3,12,3,0,0,0,22,22,0,19,0,0,0,0,200,200
352428,0,30,0,0,0,1,10,7,0,0,0,11,11,0,200,200,6,200,200,200,200
352428,0,30,0,0,0,1,10,7,0,0,0,11,11,1,35,0,0,0,0,200,200
352431,0,30,0,0,0,1,0,5,0,0,0,17,200,1,20,200,1,200,200,200,200
352431,0,30,0,0,0,1,0,5,0,0,0,17,200,1,34,0,0,0,0,200,200
352434,0,30,200,200,0,1,10,2,0,0,0,0,0,0,18,200,200,200,0,200,200
352434,0,30,200,200,0,1,10,2,0,0,0,0,0,1,200,200,200,200,200,200,200
352438,0,30,1,2,0,1,14,12,0,0,0,0,0,0,200,200,7,200,200,200,200
352438,0,30,1,2,0,1,14,12,0,0,0,0,0,1,200,0,200,0,0,200,200
352441,0,30,2,2,0,1,14,6,0,0,0,17,200,0,200,0,7,0,0,200,200
352441,0,30,2,2,0,1,14,6,0,0,0,17,200,0,200,0,7,0,0,200,200
352441,1,30,2,2,0,1,14,6,0,0,0,17,200,0,200,0,200,200,200,200,200
352449,0,30,0,0,0,1,7,2,2,0,0,16,200,2,200,200,200,200,200,200,200
352451,0,30,1,2,0,1,0,2,0,0,0,17,11,0,200,200,1,200,200,200,200
352451,0,30,1,2,0,1,0,2,0,0,0,17,11,1,53,0,0,0,0,200,200
352451,1,30,1,2,0,1,0,2,0,0,0,17,11,1,24,200,200,200,200,200,200
352451,1,30,1,2,0,1,0,2,0,0,0,17,11,0,5,5,200,200,200,200,200
352451,1,30,1,2,0,1,0,2,0,0,0,17,11,1,4,5,200,200,200,200,200
352451,1,30,1,2,0,1,0,2,0,0,0,17,11,1,1,5,200,200,200,200,200
352451,1,30,1,2,0,1,0,2,0,0,0,17,11,1,14,0,200,200,200,200,200
352459,0,30,0,0,0,1,10,5,0,0,0,8,18,1,31,200,3,200,0,200,200
352459,0,30,0,0,0,1,10,5,0,0,0,8,18,1,32,200,0,0,0,200,200
352459,0,30,0,0,0,1,10,5,0,0,0,8,18,1,53,200,0,0,0,200,200
352459,1,30,0,0,0,1,10,5,0,0,0,8,18,1,34,200,200,200,200,200,200
352459,1,30,0,0,0,1,10,5,0,0,0,8,18,1,2,5,200,200,200,200,200
352459,1,30,0,0,0,1,10,5,0,0,0,8,18,1,5,200,200,200,200,200,200
352459,1,30,0,0,0,1,10,5,0,0,0,8,18,1,4,200,200,200,200,200,200
352459,1,30,0,0,0,1,10,5,0,0,0,8,18,1,4,200,200,200,200,200,200
352464,0,5,0,0,200,1,7,7,0,200,200,0,0,0,200,200,12,200,200,200,200
352466,0,30,0,0,0,1,14,5,0,0,0,0,0,1,42,0,200,200,0,200,200
352466,0,30,0,0,0,1,14,5,0,0,0,0,0,1,23,200,200,200,0,200,200
352466,1,30,0,0,0,1,14,5,0,0,0,0,0,1,11,0,200,200,200,200,200
352469,0,30,1,2,0,1,14,5,0,0,0,22,200,0,43,0,2,0,0,200,200
352469,0,30,1,2,0,1,14,5,0,0,0,22,200,0,35,0,0,0,0,200,200
352470,0,30,11,12,0,1,10,5,0,200,200,33,0,0,33,0,200,200,200,200,200
352470,0,30,11,12,0,1,10,5,0,200,200,33,0,1,18,0,200,200,200,200,200
352474,0,30,1,2,0,4,0,6,0,0,0,11,0,0,31,0,12,0,0,200,200
352474,0,30,1,2,0,4,0,6,0,0,0,11,0,1,71,0,0,0,0,200,200
352475,0,25,2,2,200,0,2,4,2,200,0,0,0,2,200,200,200,200,200,200,200
352476,0,30,0,0,0,1,12,2,0,0,200,17,11,1,27,200,1,200,0,200,200
352476,0,30,0,0,0,1,12,2,0,0,200,17,11,0,51,200,0,200,0,200,200
352479,0,5,0,0,0,1,7,7,0,0,0,20,0,0,38,200,6,0,200,200,200
352479,1,5,0,0,0,1,7,7,0,0,0,20,0,1,79,200,200,200,200,200,200
352479,1,5,0,0,0,1,7,7,0,0,0,20,0,0,46,200,200,200,200,200,200
352479,1,5,0,0,0,1,7,7,0,0,0,20,0,0,22,200,200,200,200,200,200
352479,1,5,0,0,0,1,7,7,0,0,0,20,0,0,40,200,200,200,200,200,200
352483,4,30,0,0,0,1,8,5,0,0,0,0,0,0,27,3,200,0,0,200,200
352483,0,30,0,0,0,1,8,5,0,0,0,0,0,1,21,0,200,0,0,200,200