RD_NO,PERSON_TYPE,POSTED_SPEED_LIMIT,TRAFFIC_CONTROL_DEVICE,DEVICE_CONDITION,WEATHER_CONDITION,LIGHTING_CONDITION,FIRST_CRASH_TYPE,TRAFFICWAY_TYPE,ALIGNMENT,ROADWAY_SURFACE_COND,ROAD_DEFECT,PRIM_CONTRIBUTORY_CAUSE,SEC_CONTRIBUTORY_CAUSE,SEX,AGE,SAFETY_EQUIPMENT,DRIVER_ACTION,DRIVER_VISION,PHYSICAL_CONDITION,BAC_RESULT VALUE,CELL_PHONE_USE
352490,0,30,0,0,0,1,7,7,0,0,0,25,200,2,200,200,200,200,200,200,200
352494,0,30,0,0,0,1,10,5,0,0,0,0,0,1,37,200,1,0,0,200,200
352494,0,30,0,0,0,1,10,5,0,0,0,0,0,1,30,0,0,0,0,200,200
352501,0,0,0,0,0,1,0,7,0,0,0,20,11,0,44,0,6,0,0,200,200
352501,0,0,0,0,0,1,0,7,0,0,0,20,11,1,61,0,0,0,0,200,200
352502,0,30,0,0,0,1,0,2,0,0,0,17,200,0,22,0,200,200,0,200,200
352502,0,30,0,0,0,1,0,2,0,0,0,17,200,0,48,0,0,200,0,200,200
352502,1,30,0,0,0,1,0,2,0,0,0,17,200,0,36,0,200,200,200,200,200
352507,0,15,0,0,0,1,0,7,0,0,2,20,17,1,80,0,6,0,0,200,200
352507,0,15,0,0,0,1,0,7,0,0,2,20,17,1,67,0,0,0,0,200,200
352509,0,30,0,0,0,1,10,7,0,0,0,200,200,0,200,200,0,200,200,200,200
352509,0,30,0,0,0,1,10,7,0,0,0,200,200,0,31,0,0,0,0,200,200
352512,0,40,0,0,0,1,10,3,0,0,0,16,11,1,24,0,3,0,0,200,200
352512,0,40,0,0,0,1,10,3,0,0,0,16,11,1,37,0,0,0,0,200,200
352512,1,40,0,0,0,1,10,3,0,0,0,16,11,1,4,5,200,200,200,200,200
352515,0,30,1,2,0,1,14,3,0,0,0,0,200,0,53,0,0,0,0,200,200
352515,0,30,1,2,0,1,14,3,0,0,0,0,200,0,37,0,0,0,0,200,200
352521,0,30,1,2,0,1,14,5,0,0,0,17,200,0,26,200,1,0,0,200,200
352521,0,30,1,2,0,1,14,5,0,0,0,17,200,0,62,200,12,0,0,200,200
352522,0,40,1,2,0,1,14,3,0,0,0,0,200,0,200,200,7,200,200,200,200
352522,0,40,1,2,0,1,14,3,0,0,0,0,200,1,54,0,0,0,0,200,200
352522,1,40,1,2,0,1,14,3,0,0,0,0,200,1,200,0,200,200,200,200,200
352523,0,30,0,0,0,1,10,2,0,0,200,17,200,0,28,200,1,200,0,200,200
352523,0,30,0,0,0,1,10,2,0,0,200,17,200,1,39,200,0,200,0,200,200
352534,0,30,200,200,0,1,10,5,0,0,200,0,0,0,35,0,200,200,200,200,200
352534,0,30,200,200,0,1,10,5,0,0,200,0,0,1,49,0,0,200,200,200,200
352541,0,30,2,2,0,1,10,5,0,0,0,0,200,1,32,0,200,200,200,200,200
352541,0,30,2,2,0,1,10,5,0,0,0,0,200,0,45,0,200,200,0,200,200
352545,0,30,2,2,0,1,10,5,0,0,0,18,200,1,200,0,3,0,0,200,200
352545,0,30,2,2,0,1,10,5,0,0,0,18,200,1,200,0,0,0,0,200,200
352550,5,30,0,0,0,1,9,2,0,0,0,33,200,0,35,7,12,1,0,200,200
352550,0,30,0,0,0,1,9,2,0,0,0,33,200,0,37,0,12,1,0,200,200
352553,0,30,0,0,0,1,10,5,0,0,0,18,18,0,0,0,3,0,0,200,200
352553,0,30,0,0,0,1,10,5,0,0,0,18,18,0,38,0,0,0,0,200,200
352555,0,30,1,2,0,1,14,5,0,0,0,22,200,1,30,0,0,0,0,200,200
352555,0,30,1,2,0,1,14,5,0,0,0,22,200,0,37,0,0,0,0,200,200
352556,0,30,1,2,0,1,12,2,0,0,0,23,200,0,70,200,7,0,0,200,200
352556,0,30,1,2,0,1,12,2,0,0,0,23,200,1,46,200,0,0,0,200,200
352556,1,30,1,2,0,1,12,2,0,0,0,23,200,1,200,200,200,200,200,200,200
352560,0,30,0,0,0,1,14,5,0,0,0,10,14,0,200,200,8,200,200,200,200
352560,0,30,0,0,0,1,14,5,0,0,0,10,14,0,200,0,9,0,0,200,200
352560,1,30,0,0,0,1,14,5,0,0,0,10,14,0,200,200,200,200,200,200,200
352560,1,30,0,0,0,1,14,5,0,0,0,10,14,0,200,200,200,200,200,200,200
352561,0,25,0,0,0,1,14,7,0,0,200,11,200,1,28,200,6,0,0,200,200
352561,0,25,0,0,0,1,14,7,0,0,200,11,200,0,41,200,0,0,0,200,200
352561,1,25,0,0,0,1,14,7,0,0,200,11,200,0,23,200,200,200,200,200,200
352561,1,25,0,0,0,1,14,7,0,0,200,11,200,0,7,200,200,200,200,200,200
352562,0,25,1,2,0,1,10,5,0,0,0,18,200,1,36,200,3,0,0,200,200
352562,0,25,1,2,0,1,10,5,0,0,0,18,200,1,23,200,0,0,0,200,200
352565,0,30,1,2,200,1,14,6,0,200,0,23,200,0,37,200,7,200,200,200,200
352565,0,30,1,2,200,1,14,6,0,200,0,23,200,0,32,0,0,0,0,200,200
352567,0,30,0,0,0,1,12,12,0,0,0,23,0,1,26,0,7,0,0,200,200
352567,0,30,0,0,0,1,12,12,0,0,0,23,0,0,47,0,0,0,0,200,200
352567,1,30,0,0,0,1,12,12,0,0,0,23,0,2,200,200,200,200,200,200,200
352571,0,30,0,0,0,1,7,6,0,0,0,22,200,0,52,200,2,0,0,200,200
352572,0,35,1,2,0,1,12,5,0,0,0,21,0,0,32,200,1,0,0,200,200
352572,0,35,1,2,0,1,12,5,0,0,0,21,0,0,37,0,0,0,0,200,200
352573,0,30,1,2,0,1,10,3,0,0,0,0,0,0,200,200,200,0,0,200,200
352573,0,30,1,2,0,1,10,3,0,0,0,0,0,0,200,0,200,0,0,200,200
352575,0,30,1,2,0,1,9,1,0,0,0,0,200,0,46,0,1,200,0,200,200
352575,5,30,1,2,0,1,9,1,0,0,0,0,200,1,43,7,0,0,0,200,200
352575,1,30,1,2,0,1,9,1,0,0,0,0,200,200,200,0,200,200,200,200,200
352577,0,30,2,2,0,1,0,5,0,0,0,5,0,1,200,200,5,200,200,200,200
352577,0,30,2,2,0,1,0,5,0,0,0,5,0,1,21,0,5,0,0,200,200
352577,1,30,2,2,0,1,0,5,0,0,0,5,0,1,39,0,200,200,200,200,200
352580,0,30,0,0,0,1,7,7,0,0,0,0,200,0,200,200,200,200,200,200,200
352581,0,30,0,0,0,1,14,3,0,0,0,33,0,1,39,0,1,1,0,200,200
352581,0,30,0,0,0,1,14,3,0,0,0,33,0,0,42,0,0,0,0,200,200
352582,0,35,1,2,0,1,14,12,0,0,0,6,16,1,44,0,5,0,0,200,200
352582,0,35,1,2,0,1,14,12,0,0,0,6,16,0,54,0,0,0,0,200,200
352587,0,30,1,2,0,1,12,5,0,0,0,21,200,0,44,200,4,0,0,200,200
352587,0,30,1,2,0,1,12,5,0,0,0,21,200,1,34,0,0,0,0,200,200
352591,0,30,0,0,0,1,14,5,0,0,0,22,11,0,200,0,9,0,0,200,200
352591,0,30,0,0,0,1,14,5,0,0,0,22,11,0,52,0,0,0,0,200,200
352596,0,30,0,0,0,1,12,6,0,0,0,17,200,0,33,0,0,0,0,200,200
352596,0,30,0,0,0,1,12,6,0,0,0,17,200,0,25,0,0,0,0,200,200
352596,1,30,0,0,0,1,12,6,0,0,0,17,200,0,200,0,200,200,200,200,200
352598,0,35,0,0,0,1,12,5,0,0,0,17,200,0,27,200,1,0,0,200,200
352598,0,35,0,0,0,1,12,5,0,0,0,17,200,0,45,200,0,0,0,200,200
352601,0,15,0,0,0,1,10,7,0,0,200,20,0,1,200,200,6,200,200,200,200
352601,0,15,0,0,0,1,10,7,0,0,200,20,0,0,23,0,0,0,0,200,200
352602,0,30,0,0,0,1,7,5,0,0,0,0,200,1,200,200,200,200,200,200,200
352603,0,30,10,2,0,1,7,6,0,0,0,20,20,0,63,200,6,200,0,200,200
352603,1,30,10,2,0,1,7,6,0,0,0,20,20,0,48,200,200,200,200,200,200
352603,1,30,10,2,0,1,7,6,0,0,0,20,20,1,17,200,200,200,200,200,200
352604,0,30,0,0,0,1,7,6,0,0,0,0,0,0,54,200,12,0,0,200,200
352612,0,30,0,0,0,1,1,5,0,0,0,17,0,0,200,200,1,200,200,200,200
352612,5,30,0,0,0,1,1,5,0,0,0,17,0,0,200,7,0,0,0,200,200
352613,0,0,0,0,0,1,7,12,0,0,0,20,11,0,61,0,6,0,0,200,200
352627,3,30,1,2,0,1,2,3,0,1,0,25,25,2,200,200,200,200,200,200,200
352627,0,30,1,2,0,1,2,3,0,1,0,25,25,0,53,0,12,0,0,200,200
352627,1,30,1,2,0,1,2,3,0,1,0,25,25,1,62,0,200,200,200,200,200
352627,1,30,1,2,0,1,2,3,0,1,0,25,25,1,66,0,200,200,200,200,200
352634,0,5,200,200,0,2,7,12,0,200,200,0,200,0,33,0,200,200,0,200,200
352639,0,30,0,0,0,1,14,5,0,0,0,0,200,0,55,0,2,0,0,200,200
352639,0,30,0,0,0,1,14,5,0,0,0,0,200,1,38,0,0,1,0,200,200
352640,0,30,0,0,0,1,10,5,0,0,200,0,0,2,200,200,200,200,200,200,200
352640,0,30,0,0,0,1,10,5,0,0,200,0,0,1,22,0,0,200,200,200,200
352640,0,30,0,0,0,1,10,5,0,0,200,0,0,1,45,200,0,200,200,200,200
352648,0,30,1,2,2,1,10,5,0,0,0,16,11,0,51,0,8,0,0,200,200
352648,0,30,1,2,2,1,10,5,0,0,0,16,11,1,17,0,0,0,0,200,200
352648,0,30,1,2,2,1,10,5,0,0,0,16,11,0,28,0,0,0,0,200,200
352648,0,30,1,2,2,1,10,5,0,0,0,16,11,0,200,200,0,200,200,200,200
352650,0,30,0,0,0,2,10,5,0,0,0,200,200,0,29,0,0,0,0,200,200
352650,0,30,0,0,0,2,10,5,0,0,0,200,200,0,40,1,0,0,0,200,200
352650,1,30,0,0,0,2,10,5,0,0,0,200,200,1,200,0,200,200,200,200,200
352650,1,30,0,0,0,2,10,5,0,0,0,200,200,0,200,0,200,200,200,200,200
352650,1,30,0,0,0,2,10,5,0,0,0,200,200,1,200,0,200,200,200,200,200
352660,0,30,0,0,0,1,12,6,0,200,200,22,22,0,200,200,2,200,200,200,200
352660,0,30,0,0,0,1,12,6,0,200,200,22,22,0,24,0,6,200,0,200,200
352665,0,30,200,1,0,1,14,2,0,0,200,22,22,0,200,200,2,200,200,200,200
352665,0,30,200,1,0,1,14,2,0,0,200,22,22,1,63,0,0,0,0,200,200
352672,0,5,0,0,0,1,10,7,0,0,0,0,200,2,200,200,200,200,200,200,200
352672,0,5,0,0,0,1,10,7,0,0,0,0,200,0,56,200,0,0,0,200,200
352690,0,30,1,2,0,3,14,5,0,0,0,17,23,0,53,200,1,0,0,200,200
352690,0,30,1,2,0,3,14,5,0,0,0,17,23,1,22,200,0,0,0,200,200
352690,1,30,1,2,0,3,14,5,0,0,0,17,23,1,37,200,200,200,200,200,200
352693,0,30,0,0,0,2,10,5,0,0,0,200,200,0,29,0,0,0,0,200,200
352693,0,30,0,0,0,2,10,5,0,0,0,200,200,1,19,0,0,0,0,200,200
352701,0,30,1,2,0,1,10,3,0,0,0,0,200,0,200,200,200,200,200,200,200
352701,0,30,1,2,0,1,10,3,0,0,0,0,200,1,57,0,200,200,0,200,200
352701,1,30,1,2,0,1,10,3,0,0,0,0,200,0,38,0,200,200,200,200,200
352702,0,30,1,2,0,3,10,2,0,0,0,16,11,0,200,200,1,200,200,200,200
352702,0,30,1,2,0,3,10,2,0,0,0,16,11,0,32,0,0,0,0,200,200
352710,0,30,0,0,0,2,7,5,0,0,0,20,200,0,200,200,6,200,200,200,200
352711,0,25,1,2,0,1,12,5,0,0,0,22,200,1,200,0,2,0,0,200,200
352711,0,25,1,2,0,1,12,5,0,0,0,22,200,0,60,0,0,0,0,200,200
352711,1,25,1,2,0,1,12,5,0,0,0,22,200,0,200,0,200,200,200,200,200
352721,0,30,0,0,0,3,5,3,0,0,1,29,200,1,53,0,0,0,0,200,200
352723,0,30,0,0,0,1,12,12,0,0,0,21,200,0,72,200,4,0,0,200,200
352723,0,30,0,0,0,1,12,12,0,0,0,21,200,1,29,0,0,0,0,200,200
352733,0,30,0,0,0,3,7,5,0,0,0,16,25,2,200,200,200,200,200,200,200
352735,0,30,0,0,0,3,12,2,0,200,200,16,0,1,200,200,4,200,200,200,200
352735,0,30,0,0,0,3,12,2,0,200,200,16,0,1,59,0,0,0,0,200,200
352739,0,30,2,2,0,1,0,6,0,0,0,0,200,1,41,200,1,200,200,200,200
352739,0,30,2,2,0,1,0,6,0,0,0,0,200,0,24,200,0,0,0,200,200
352749,0,30,2,0,0,0,10,2,0,0,0,18,200,0,200,200,3,200,200,200,200
352749,0,30,2,0,0,0,10,2,0,0,0,18,200,0,23,0,0,0,0,200,200
352752,0,35,1,2,0,0,14,3,0,0,0,0,0,0,54,0,200,0,0,200,200
352752,0,35,1,2,0,0,14,3,0,0,0,0,0,1,0,0,0,0,0,200,200
352754,0,30,1,2,0,1,10,5,0,0,0,18,0,0,19,200,3,200,200,200,200
352754,0,30,1,2,0,1,10,5,0,0,0,18,0,1,29,200,0,0,0,200,200
352755,0,30,0,0,0,3,2,2,0,1,200,13,200,0,36,0,14,200,0,200,200
352756,0,20,0,0,0,1,0,7,0,0,0,0,0,0,64,200,12,0,0,200,200
352756,0,20,0,0,0,1,0,7,0,0,0,0,0,1,58,200,12,0,0,200,200
352760,4,35,1,2,0,0,8,5,0,0,0,35,200,0,33,0,5,0,0,200,200
352760,0,35,1,2,0,0,8,5,0,0,0,35,200,0,51,0,0,0,0,200,200
352763,0,30,0,0,0,1,14,7,0,0,0,23,200,0,32,0,7,5,0,200,200
352763,0,30,0,0,0,1,14,7,0,0,0,23,200,2,200,200,0,200,200,200,200
352764,0,30,0,0,0,4,14,2,0,0,0,17,200,1,26,200,1,200,0,200,200
352764,0,30,0,0,0,4,14,2,0,0,0,17,200,0,43,0,0,0,0,200,200
352766,0,30,0,0,0,1,7,6,0,0,0,200,200,2,200,200,10,200,200,200,200
352768,0,30,1,2,0,1,10,6,0,0,200,18,200,0,48,200,3,200,200,200,200
352768,0,30,1,2,0,1,10,6,0,0,200,18,200,1,33,0,0,0,0,200,200
352774,0,30,2,2,0,1,0,5,0,0,0,17,200,0,41,200,0,0,0,200,200
352774,0,30,2,2,0,1,0,5,0,0,0,17,200,0,200,200,1,200,200,200,200
352778,0,25,0,0,0,3,7,5,0,0,0,20,11,0,16,200,6,200,0,200,200
352779,0,30,2,2,0,1,0,5,0,0,0,5,200,0,26,200,5,0,200,200,200
352779,0,30,2,2,0,1,0,5,0,0,0,5,200,0,23,200,0,0,0,200,200
352779,1,30,2,2,0,1,0,5,0,0,0,5,200,0,200,0,200,200,200,200,200
352779,1,30,2,2,0,1,0,5,0,0,0,5,200,0,200,0,200,200,200,200,200
352779,1,30,2,2,0,1,0,5,0,0,0,5,200,0,200,0,200,200,200,200,200
352780,0,30,1,2,0,1,14,5,0,0,0,21,17,2,200,200,4,200,200,200,200
352780,0,30,1,2,0,1,14,5,0,0,0,21,17,1,69,0,0,0,0,200,200
352781,0,5,0,0,0,3,7,7,0,1,0,0,0,0,200,200,200,200,200,200,200
352783,0,35,1,2,0,3,10,5,0,0,0,0,0,0,24,0,0,0,0,200,200
352783,0,35,1,2,0,3,10,5,0,0,0,0,0,0,200,200,1,200,200,200,200
352783,1,35,1,2,0,3,10,5,0,0,0,0,0,0,20,0,200,200,200,200,200
352783,1,35,1,2,0,3,10,5,0,0,0,0,0,0,26,0,200,200,200,200,200
352783,1,35,1,2,0,3,10,5,0,0,0,0,0,0,20,0,200,200,200,200,200
352783,1,35,1,2,0,3,10,5,0,0,0,0,0,0,20,0,200,200,200,200,200
352787,0,35,0,0,0,0,12,6,0,0,0,0,0,0,44,0,200,0,0,200,200
352787,0,35,0,0,0,0,12,6,0,0,0,0,0,1,39,0,0,0,0,200,200
352790,0,35,1,2,0,3,14,5,0,0,0,23,23,0,24,200,7,200,200,200,200
352790,0,35,1,2,0,3,14,5,0,0,0,23,23,1,19,0,0,0,0,200,200
352792,0,30,0,0,0,3,2,5,0,0,0,0,0,0,52,200,12,0,0,200,200
352795,0,30,0,0,0,3,7,6,0,0,0,32,0,1,45,200,200,200,5,0.18,200
352799,0,30,12,12,0,3,8,2,0,0,0,21,200,0,56,200,12,0,0,200,0
352799,4,30,12,12,0,3,8,2,0,0,0,21,200,0,21,200,200,0,0,200,200
352799,1,30,12,12,0,3,8,2,0,0,0,21,200,0,36,200,200,200,200,200,200
352803,0,30,1,2,0,3,10,3,0,0,0,0,0,1,34,0,200,0,0,200,200
352803,0,30,1,2,0,3,10,3,0,0,0,0,0,1,36,0,0,0,0,200,200
352803,1,30,1,2,0,3,10,3,0,0,0,0,0,0,2,5,200,200,200,200,200
352803,1,30,1,2,0,3,10,3,0,0,0,0,0,1,5,5,200,200,200,200,200
352812,0,10,0,0,1,0,7,7,0,2,200,11,200,0,34,200,12,200,0,200,200
352817,0,30,0,0,0,1,12,6,0,0,0,21,0,0,200,200,200,200,200,200,200
352817,0,30,0,0,0,1,12,6,0,0,0,21,0,1,200,0,0,0,0,200,200
352834,0,30,200,200,0,3,7,5,0,0,200,16,200,0,55,200,200,200,200,200,200
352834,1,30,200,200,0,3,7,5,0,0,200,16,200,0,54,200,200,200,200,200,200
352842,0,35,1,1,0,3,2,3,0,0,0,21,200,2,200,200,4,200,200,200,200
352842,0,35,1,1,0,3,2,3,0,0,0,21,200,0,36,0,0,0,0,200,200
352857,0,20,2,2,0,3,7,6,0,0,0,0,0,0,200,200,200,200,200,200,200
352863,0,30,1,2,200,200,10,2,0,200,0,18,200,0,200,200,3,200,200,200,200
352863,0,30,1,2,200,200,10,2,0,200,0,18,200,0,44,0,0,0,200,200,200
352871,0,30,0,0,0,3,7,6,0,0,0,25,20,0,200,200,6,200,200,200,200
352871,1,30,0,0,0,3,7,6,0,0,0,25,20,0,200,200,200,200,200,200,200
352879,0,30,0,0,0,0,14,5,0,0,0,25,200,2,200,200,200,200,200,200,200
352879,0,30,0,0,0,0,14,5,0,0,0,25,200,0,22,0,0,0,0,200,200
352879,1,30,0,0,0,0,14,5,0,0,0,25,200,0,16,0,200,200,200,200,200
352896,0,30,1,2,0,0,14,2,0,0,0,6,17,0,55,0,5,0,0,200,200
352896,0,30,1,2,0,0,14,2,0,0,0,6,17,1,36,0,0,0,0,200,200
352896,1,30,1,2,0,0,14,2,0,0,0,6,17,1,200,0,200,200,200,200,200
352900,0,30,0,0,0,1,2,5,0,0,12,15,28,0,200,200,8,0,0,200,200
352901,0,30,1,2,0,3,14,5,0,0,0,6,0,2,200,200,5,200,200,200,200
352901,0,30,1,2,0,3,14,5,0,0,0,6,0,1,21,0,0,0,0,200,200
352910,0,30,0,0,0,3,7,6,0,0,0,0,0,2,200,200,200,200,200,200,200
352920,4,30,2,2,0,3,8,2,0,0,0,5,16,0,50,2,1,0,0,200,200
352920,0,30,2,2,0,3,8,2,0,0,0,5,16,0,32,200,0,0,0,200,200
352932,0,30,0,0,0,0,2,5,3,1,0,0,200,0,35,3,7,200,0,200,200
352954,0,30,0,0,0,3,2,5,0,0,0,16,0,1,28,200,200,0,0,200,200
352954,1,30,0,0,0,3,2,5,0,0,0,16,0,1,26,200,200,200,200,200,200
352968,0,20,2,2,0,3,7,2,0,0,0,0,0,0,29,200,200,200,12,200,200
352983,0,25,0,0,0,3,2,2,0,0,0,25,200,0,21,200,8,0,0,200,200
352997,0,30,0,0,0,3,7,6,0,0,200,27,25,1,21,200,12,0,2,200,200
353029,0,30,0,0,0,1,2,5,0,0,0,12,0,1,41,0,0,0,0,200,200
353031,0,25,0,0,0,1,7,5,0,0,0,0,0,2,200,200,200,200,200,200,200
353034,0,35,1,1,0,1,12,2,0,0,0,4,3,0,62,200,4,200,0,200,200
353034,0,35,1,1,0,1,12,2,0,0,0,4,3,0,56,0,0,200,0,200,200
353034,1,35,1,1,0,1,12,2,0,0,0,4,3,0,26,200,200,200,200,200,200
353041,0,30,1,1,0,1,12,5,0,0,0,18,18,0,75,0,3,0,0,200,200
353041,0,30,1,1,0,1,12,5,0,0,0,18,18,1,42,0,0,0,0,200,200
353049,0,25,1,2,0,1,10,2,0,0,0,18,0,0,21,0,3,0,0,200,200
353049,0,25,1,2,0,1,10,2,0,0,0,18,0,0,58,0,0,0,0,200,200
353052,0,35,0,0,0,1,10,2,0,0,0,0,200,0,49,200,200,0,0,200,200
353052,0,35,0,0,0,1,10,2,0,0,0,0,200,0,60,200,0,0,0,200,200
353054,0,15,0,0,0,1,11,5,0,0,0,11,200,0,55,0,12,0,0,200,200
353054,0,15,0,0,0,1,11,5,0,0,0,11,200,0,19,0,0,0,0,200,200
353064,0,35,1,2,0,1,14,5,0,0,0,0,0,1,41,0,200,200,0,200,200
353064,0,35,1,2,0,1,14,5,0,0,0,0,0,1,41,0,0,0,0,200,200
353065,0,30,0,0,0,1,10,6,0,0,0,18,200,1,43,200,3,200,0,200,200
353065,0,30,0,0,0,1,10,6,0,0,0,18,200,1,31,200,0,200,0,200,200
353066,0,30,0,0,200,200,7,6,0,200,200,200,200,2,200,200,200,200,200,200,200
353069,0,30,0,0,0,1,14,2,0,0,0,17,33,0,21,0,1,5,0,200,200
353069,0,30,0,0,0,1,14,2,0,0,0,17,33,1,28,0,0,0,0,200,200
353071,0,30,1,2,0,1,12,2,0,0,0,22,200,0,0,200,2,0,0,200,200
353071,0,30,1,2,0,1,12,2,0,0,0,22,200,0,26,200,0,0,0,200,200
353073,0,30,0,0,0,1,12,6,0,0,0,21,200,2,200,200,4,200,200,200,200
353073,0,30,0,0,0,1,12,6,0,0,0,21,200,0,29,200,12,0,0,200,200
353075,0,30,0,0,0,1,12,5,0,0,3,17,200,0,48,0,1,0,0,200,200
353075,0,30,0,0,0,1,12,5,0,0,3,17,200,0,29,0,0,0,0,200,200
353076,0,30,1,2,0,1,10,5,0,0,0,18,200,0,34,0,3,0,0,200,200
353076,0,30,1,2,0,1,10,5,0,0,0,18,200,0,47,0,0,0,0,200,200
353078,0,30,0,0,0,1,14,5,0,0,200,23,17,1,18,200,7,6,0,200,200
353078,0,30,0,0,0,1,14,5,0,0,200,23,17,1,29,200,0,0,0,200,200
353081,0,30,0,0,0,1,10,2,0,0,0,18,14,0,44,0,3,0,0,200,200
353081,0,30,0,0,0,1,10,2,0,0,0,18,14,1,50,0,0,0,0,200,200
353081,0,30,0,0,0,1,10,2,0,0,0,18,14,1,33,0,0,3,0,200,200
353081,1,30,0,0,0,1,10,2,0,0,0,18,14,1,9,0,200,200,200,200,200
353086,0,35,3,2,0,1,10,3,2,0,0,21,0,2,200,200,4,200,200,200,200
353086,0,35,3,2,0,1,10,3,2,0,0,21,0,1,32,0,0,0,0,200,200
353086,0,35,3,2,0,1,10,3,2,0,0,21,0,1,49,0,0,0,0,200,200
353086,1,35,3,2,0,1,10,3,2,0,0,21,0,1,72,0,200,200,200,200,200
353086,1,35,3,2,0,1,10,3,2,0,0,21,0,200,200,5,200,200,200,200,200
353086,1,35,3,2,0,1,10,3,2,0,0,21,0,0,18,0,200,200,200,200,200
353086,1,35,3,2,0,1,10,3,2,0,0,21,0,0,11,0,200,200,200,200,200
353089,0,30,1,2,0,1,14,1,0,0,0,32,200,1,36,0,1,0,0,200,200
353089,0,30,1,2,0,1,14,1,0,0,0,32,200,1,41,0,0,0,0,200,200
353095,4,30,2,2,0,1,8,5,0,0,0,0,0,0,19,2,12,0,0,200,200
353095,0,30,2,2,0,1,8,5,0,0,0,0,0,1,52,200,12,0,0,200,200
353096,0,30,1,0,0,1,10,5,0,0,0,4,3,1,200,200,4,200,200,200,200
353096,0,30,1,0,0,1,10,5,0,0,0,4,3,1,36,0,0,0,0,200,200
353096,1,30,1,0,0,1,10,5,0,0,0,4,3,1,9,0,200,200,200,200,200
353097,0,30,2,2,0,3,0,6,0,0,0,0,0,1,29,200,5,200,200,200,200
353097,0,30,2,2,0,3,0,6,0,0,0,0,0,1,25,0,0,0,0,200,200
353097,1,30,2,2,0,3,0,6,0,0,0,0,0,1,200,200,200,200,200,200,200
353097,1,30,2,2,0,3,0,6,0,0,0,0,0,0,200,200,200,200,200,200,200
353098,0,30,9,2,0,1,12,2,0,0,0,22,11,0,27,0,7,0,0,200,200
353098,0,30,9,2,0,1,12,2,0,0,0,22,11,1,70,0,0,0,0,200,200
353101,0,30,0,0,0,1,12,5,0,0,0,21,11,1,44,0,4,0,0,200,200
353101,0,30,0,0,0,1,12,5,0,0,0,21,11,0,50,0,0,0,0,200,200
353102,0,30,0,0,0,1,12,5,3,0,0,17,0,1,40,200,4,200,200,200,200
353102,0,30,0,0,0,1,12,5,3,0,0,17,0,1,26,0,12,200,200,200,200
353106,0,30,1,200,0,1,12,5,0,0,0,25,0,1,22,200,12,0,0,200,200
353106,0,30,1,200,0,1,12,5,0,0,0,25,0,1,42,200,0,0,0,200,200
353107,0,25,1,2,0,1,14,5,0,0,0,0,0,1,68,0,200,0,0,200,200
353107,0,25,1,2,0,1,14,5,0,0,0,0,0,0,66,0,0,0,0,200,200
353107,1,25,1,2,0,1,14,5,0,0,0,0,0,0,66,0,200,200,200,200,200
353108,0,30,0,0,0,1,10,0,0,0,0,16,18,0,50,0,3,0,0,200,200
353108,0,30,0,0,0,1,10,0,0,0,0,16,18,0,47,200,0,0,0,200,200
353111,0,10,0,0,0,1,12,7,0,0,0,20,16,0,40,0,6,12,0,200,200
353111,0,10,0,0,0,1,12,7,0,0,0,20,16,0,31,0,0,0,0,200,200
353112,0,10,0,0,0,1,7,7,0,0,0,11,200,1,50,0,12,0,0,200,200
353112,1,10,0,0,0,1,7,7,0,0,0,11,200,1,48,0,200,200,200,200,200
353113,0,30,0,0,0,1,1,5,0,0,0,1,200,2,200,200,200,200,200,200,200
353114,0,30,0,0,0,1,11,5,0,0,0,0,0,1,43,0,1,0,200,200,200
353114,0,30,0,0,0,1,11,5,0,0,0,0,0,1,59,0,200,0,0,200,200
353115,0,30,0,0,0,1,10,5,0,0,0,0,0,0,16,200,0,0,0,200,200
353115,0,30,0,0,0,1,10,5,0,0,0,0,0,0,39,200,0,0,0,200,200
353125,0,30,1,2,0,1,10,3,0,0,0,0,200,0,54,200,200,200,0,200,200
353125,0,30,1,2,0,1,10,3,0,0,0,0,200,1,63,200,0,200,0,200,200
353125,1,30,1,2,0,1,10,3,0,0,0,0,200,0,200,5,200,200,200,200,200
353130,0,30,2,2,0,1,8,5,0,0,0,17,17,0,200,200,1,200,200,200,200
353130,4,30,2,2,0,1,8,5,0,0,0,17,17,0,57,7,12,0,0,200,200
353134,0,30,1,2,0,1,10,5,0,0,0,16,17,0,28,0,8,200,0,200,200
353134,0,30,1,2,0,1,10,5,0,0,0,16,17,1,49,0,0,0,0,200,200
353139,0,30,0,0,0,1,8,2,0,0,0,17,16,0,52,0,1,0,0,200,200
353139,4,30,0,0,0,1,8,2,0,0,0,17,16,0,32,3,0,0,0,200,200
353140,0,35,0,0,0,1,7,5,0,200,200,0,0,1,71,0,0,200,0,200,200
353140,1,35,0,0,0,1,7,5,0,200,200,0,0,0,68,0,200,200,200,200,200
353140,1,35,0,0,0,1,7,5,0,200,200,0,0,0,52,0,200,200,200,200,200
353150,0,30,2,2,0,1,0,2,0,0,0,22,0,0,36,200,2,200,200,200,200
353150,0,30,2,2,0,1,0,2,0,0,0,22,0,1,17,0,0,200,0,200,200
353151,0,30,2,2,0,1,0,5,0,0,0,33,17,1,57,0,1,1,0,200,200
353151,0,30,2,2,0,1,0,5,0,0,0,33,17,1,41,0,0,1,0,200,200
353151,1,30,2,2,0,1,0,5,0,0,0,33,17,1,22,0,200,200,200,200,200
353157,0,30,0,0,200,200,7,5,0,200,12,20,200,0,48,200,6,200,200,200,200
353157,1,30,0,0,200,200,7,5,0,200,12,20,200,200,200,200,200,200,200,200,200
353160,0,15,0,0,0,1,7,5,0,0,0,0,0,0,29,0,200,0,0,200,200