RD_NO,PERSON_TYPE,POSTED_SPEED_LIMIT,TRAFFIC_CONTROL_DEVICE,DEVICE_CONDITION,WEATHER_CONDITION,LIGHTING_CONDITION,FIRST_CRASH_TYPE,TRAFFICWAY_TYPE,ALIGNMENT,ROADWAY_SURFACE_COND,ROAD_DEFECT,PRIM_CONTRIBUTORY_CAUSE,SEC_CONTRIBUTORY_CAUSE,SEX,AGE,SAFETY_EQUIPMENT,DRIVER_ACTION,DRIVER_VISION,PHYSICAL_CONDITION,BAC_RESULT VALUE,CELL_PHONE_USE
353162,0,35,0,0,0,0,7,3,0,0,0,0,0,0,200,200,2,200,200,200,200
353163,0,30,2,2,0,1,0,5,0,0,0,21,17,1,200,200,9,200,200,200,200
353163,0,30,2,2,0,1,0,5,0,0,0,21,17,0,200,200,0,200,0,200,200
353168,0,30,0,0,0,1,14,12,0,0,0,21,23,1,34,200,7,0,0,200,200
353168,0,30,0,0,0,1,14,12,0,0,0,21,23,0,28,200,12,0,0,200,200
353168,1,30,0,0,0,1,14,12,0,0,0,21,23,0,200,200,200,200,200,200,200
353170,0,30,0,0,0,1,10,5,0,0,0,18,11,0,24,200,3,200,200,200,200
353170,0,30,0,0,0,1,10,5,0,0,0,18,11,1,48,200,0,0,0,200,200
353172,0,25,0,0,0,1,2,6,0,0,0,0,200,0,52,200,200,0,0,200,200
353175,0,30,0,0,0,1,10,2,0,0,200,18,200,1,28,0,3,200,0,200,200
353175,0,30,0,0,0,1,10,2,0,0,200,18,200,1,44,0,12,200,0,200,200
353178,0,30,2,2,0,1,12,5,0,0,0,0,0,1,45,0,200,0,0,200,200
353178,0,30,2,2,0,1,12,5,0,0,0,0,0,0,47,0,12,200,0,200,200
353178,1,30,2,2,0,1,12,5,0,0,0,0,0,1,200,0,200,200,200,200,200
353183,0,30,2,12,2,1,14,12,0,1,0,17,200,1,46,200,5,200,0,200,200
353183,0,30,2,12,2,1,14,12,0,1,0,17,200,1,36,0,0,0,0,200,200
353183,1,30,2,12,2,1,14,12,0,1,0,17,200,200,200,200,200,200,200,200,200
353183,1,30,2,12,2,1,14,12,0,1,0,17,200,0,200,5,200,200,200,200,200
353183,1,30,2,12,2,1,14,12,0,1,0,17,200,0,15,0,200,200,200,200,200
353184,0,30,1,0,0,1,0,2,0,0,0,22,0,0,200,200,2,200,200,200,200
353184,0,30,1,0,0,1,0,2,0,0,0,22,0,0,72,0,0,200,0,200,200
353195,0,30,0,0,0,1,10,2,0,0,0,18,0,0,200,200,3,200,2,200,200
353195,0,30,0,0,0,1,10,2,0,0,0,18,0,0,26,0,0,0,0,200,200
353195,0,30,0,0,0,1,10,2,0,0,0,18,0,1,27,0,0,0,0,200,200
353195,0,30,0,0,0,1,10,2,0,0,0,18,0,0,200,200,0,200,200,200,200
353207,0,5,0,0,0,1,10,7,0,0,0,0,0,1,200,200,200,200,200,200,200
353207,1,5,0,0,0,1,10,7,0,0,0,0,0,0,200,200,200,200,200,200,200
353207,0,5,0,0,0,1,10,7,0,0,0,0,0,0,70,0,0,0,0,200,200
353210,0,35,2,2,0,1,14,5,0,0,0,17,200,0,21,0,1,0,0,200,200
353210,0,35,2,2,0,1,14,5,0,0,0,17,200,0,52,0,0,0,0,200,200
353212,0,30,1,2,0,1,12,5,0,0,0,22,11,0,57,200,4,200,0,200,200
353212,0,30,1,2,0,1,12,5,0,0,0,22,11,0,34,200,0,200,200,200,200
353217,0,30,0,0,0,1,10,5,0,0,0,16,200,0,200,200,200,200,200,200,200
353217,0,30,0,0,0,1,10,5,0,0,0,16,200,1,57,0,0,0,0,200,200
353229,0,30,2,2,0,1,0,5,0,0,0,17,33,0,28,0,1,1,0,200,200
353229,0,30,2,2,0,1,0,5,0,0,0,17,33,1,29,0,0,0,0,200,200
353229,1,30,2,2,0,1,0,5,0,0,0,17,33,1,4,0,200,200,200,200,200
353229,1,30,2,2,0,1,0,5,0,0,0,17,33,0,6,0,200,200,200,200,200
353230,0,30,0,0,0,1,12,2,0,0,0,22,25,2,200,200,2,200,200,200,200
353230,0,30,0,0,0,1,12,2,0,0,0,22,25,0,0,0,0,0,0,200,200
353232,0,30,2,2,0,1,12,5,0,0,0,18,0,0,200,200,3,200,200,200,200
353232,0,30,2,2,0,1,12,5,0,0,0,18,0,0,72,0,0,0,0,200,200
353232,1,30,2,2,0,1,12,5,0,0,0,18,0,1,66,0,200,200,200,200,200
353235,0,30,2,2,0,1,8,5,0,0,0,23,200,0,27,200,1,0,0,200,200
353235,4,30,2,2,0,1,8,5,0,0,0,23,200,1,34,3,0,0,0,200,200
353238,0,30,0,0,0,1,0,5,0,0,0,17,17,0,200,200,1,200,200,200,200
353238,0,30,0,0,0,1,0,5,0,0,0,17,17,1,28,0,0,0,0,200,200
353238,1,30,0,0,0,1,0,5,0,0,0,17,17,1,8,0,200,200,200,200,200
353244,0,35,0,0,0,1,12,3,0,0,0,22,0,2,200,200,2,200,200,200,200
353244,0,35,0,0,0,1,12,3,0,0,0,22,0,1,42,0,0,0,0,200,200
353256,0,30,0,0,0,1,10,2,0,0,0,25,23,0,28,0,0,0,0,200,200
353256,0,30,0,0,0,1,10,2,0,0,0,25,23,0,32,0,12,0,0,200,200
353256,1,30,0,0,0,1,10,2,0,0,0,25,23,0,32,0,200,200,200,200,200
353256,1,30,0,0,0,1,10,2,0,0,0,25,23,0,68,0,200,200,200,200,200
353256,1,30,0,0,0,1,10,2,0,0,0,25,23,0,200,200,200,200,200,200,200
353261,0,30,0,200,0,1,10,5,0,0,0,8,18,0,50,0,200,0,0,200,200
353261,0,30,0,200,0,1,10,5,0,0,0,8,18,0,47,0,0,0,0,200,200
353261,0,30,0,200,0,1,10,5,0,0,0,8,18,1,65,0,0,0,0,200,200
353282,0,35,1,2,0,1,14,2,0,0,0,17,23,0,34,0,1,5,0,200,200
353282,0,35,1,2,0,1,14,2,0,0,0,17,23,1,32,0,0,5,0,200,200
353282,1,35,1,2,0,1,14,2,0,0,0,17,23,1,200,0,200,200,200,200,200
353294,0,30,0,0,0,1,7,2,0,0,0,0,0,1,27,7,200,200,200,200,200
353295,0,30,2,2,0,1,10,5,0,0,0,7,11,0,18,0,3,0,0,200,200
353295,0,30,2,2,0,1,10,5,0,0,0,7,11,0,74,0,0,0,0,200,200
353295,1,30,2,2,0,1,10,5,0,0,0,7,11,1,62,0,200,200,200,200,200
353295,1,30,2,2,0,1,10,5,0,0,0,7,11,1,54,0,200,200,200,200,200
353295,1,30,2,2,0,1,10,5,0,0,0,7,11,0,64,0,200,200,200,200,200
353295,1,30,2,2,0,1,10,5,0,0,0,7,11,1,49,0,200,200,200,200,200
353295,1,30,2,2,0,1,10,5,0,0,0,7,11,1,51,0,200,200,200,200,200
353295,1,30,2,2,0,1,10,5,0,0,0,7,11,1,58,0,200,200,200,200,200
353299,0,35,0,0,0,1,11,5,0,0,0,0,0,0,200,200,200,200,200,200,200
353299,0,35,0,0,0,1,11,5,0,0,0,0,0,1,26,200,0,0,0,200,200
353300,0,30,0,0,0,1,7,5,0,0,0,16,200,0,28,0,8,0,0,200,200
353314,0,30,0,0,200,200,7,6,0,200,0,0,0,2,200,200,200,200,200,200,200
353317,0,30,1,0,0,1,9,6,0,0,0,17,200,2,200,200,1,200,200,200,200
353317,5,30,1,0,0,1,9,6,0,0,0,17,200,1,76,7,0,0,0,200,200
353327,0,30,0,3,0,2,0,5,0,0,0,17,17,1,28,0,1,0,0,200,200
353327,0,30,0,3,0,2,0,5,0,0,0,17,17,0,63,0,0,0,0,200,200
353330,0,30,0,0,0,1,14,5,0,0,0,0,0,1,42,0,12,0,0,200,200
353330,0,30,0,0,0,1,14,5,0,0,0,0,0,1,200,200,200,200,200,200,200
353330,1,30,0,0,0,1,14,5,0,0,0,0,0,1,200,0,200,200,200,200,200
353330,1,30,0,0,0,1,14,5,0,0,0,0,0,0,200,0,200,200,200,200,200
353330,1,30,0,0,0,1,14,5,0,0,0,0,0,1,200,0,200,200,200,200,200
353330,1,30,0,0,0,1,14,5,0,0,0,0,0,0,200,0,200,200,200,200,200
353338,0,30,0,0,0,1,7,2,0,0,0,22,16,0,25,0,2,0,0,200,200
353339,0,30,1,2,0,3,0,2,0,0,0,6,17,0,200,200,1,200,200,200,200
353339,0,30,1,2,0,3,0,2,0,0,0,6,17,0,50,0,0,0,0,200,200
353356,0,35,0,0,0,1,2,5,0,0,0,22,200,0,28,0,12,0,0,200,200
353359,0,30,1,2,0,1,14,5,0,0,0,23,200,1,40,0,7,0,0,200,200
353359,0,30,1,2,0,1,14,5,0,0,0,23,200,1,64,0,0,0,0,200,200
353365,0,30,1,2,0,1,14,2,0,0,0,17,31,0,50,200,1,200,200,200,200
353365,0,30,1,2,0,1,14,2,0,0,0,17,31,0,69,0,0,0,0,200,200
353365,1,30,1,2,0,1,14,2,0,0,0,17,31,1,200,200,200,200,200,200,200
353365,1,30,1,2,0,1,14,2,0,0,0,17,31,0,200,200,200,200,200,200,200
353366,0,30,0,0,0,1,7,2,0,0,0,0,200,0,200,200,200,200,200,200,200
353373,0,40,9,2,0,1,10,3,0,0,0,18,16,0,37,0,3,0,0,200,200
353373,0,40,9,2,0,1,10,3,0,0,0,18,16,1,61,0,0,0,0,200,200
353380,0,30,1,2,0,1,14,6,0,0,0,21,16,0,49,200,7,0,0,200,200
353380,0,30,1,2,0,1,14,6,0,0,0,21,16,0,40,0,0,0,0,200,200
353380,1,30,1,2,0,1,14,6,0,0,0,21,16,1,79,0,200,200,200,200,200
353384,0,30,0,0,0,1,14,5,0,0,0,0,17,0,36,2,1,0,0,200,200
353384,0,30,0,0,0,1,14,5,0,0,0,0,17,1,48,0,1,0,0,200,200
353390,0,10,2,2,0,1,2,2,0,0,0,23,200,0,49,0,7,1,0,200,200
353397,0,30,0,0,0,1,12,5,0,0,0,0,0,0,27,0,4,0,0,200,200
353397,0,30,0,0,0,1,12,5,0,0,0,0,0,1,26,0,0,0,0,200,200
353405,0,0,1,2,0,1,10,2,0,1,0,0,200,0,67,0,8,0,0,200,200
353405,0,0,1,2,0,1,10,2,0,1,0,0,200,0,61,0,0,0,0,200,200
353405,1,0,1,2,0,1,10,2,0,1,0,0,200,1,63,0,200,200,200,200,200
353421,0,30,0,0,0,1,14,2,0,0,0,17,0,0,59,200,1,0,0,200,200
353421,0,30,0,0,0,1,14,2,0,0,0,17,0,0,41,200,0,0,0,200,200
353421,1,30,0,0,0,1,14,2,0,0,0,17,0,0,47,200,200,200,200,200,200
353423,0,20,2,2,0,1,7,6,0,0,0,0,0,2,200,200,200,200,200,200,200
353428,0,10,0,0,0,1,7,7,0,0,0,23,16,1,33,0,10,0,0,200,200
353430,0,30,1,2,0,1,14,1,0,0,0,17,200,1,39,0,1,1,0,200,200
353430,0,30,1,2,0,1,14,1,0,0,0,17,200,1,43,0,0,1,0,200,200
353432,0,30,2,2,0,1,0,2,0,0,0,17,200,0,36,200,1,200,0,200,200
353432,0,30,2,2,0,1,0,2,0,0,0,17,200,0,56,200,0,200,0,200,200
353443,0,30,0,0,0,1,12,2,0,0,0,17,200,0,29,0,1,0,0,200,200
353443,0,30,0,0,0,1,12,2,0,0,0,17,200,1,66,0,0,0,0,200,200
353444,0,30,0,0,0,1,7,5,0,0,0,0,200,2,200,200,200,200,200,200,200
353445,0,25,0,0,0,1,7,5,0,0,0,0,0,0,46,200,200,200,0,200,200
353450,0,30,0,0,0,1,10,5,0,0,0,0,200,0,200,200,3,200,0,200,200
353450,0,30,0,0,0,1,10,5,0,0,0,0,200,1,26,0,0,0,0,200,200
353453,0,30,0,0,0,1,7,6,0,0,0,11,0,1,53,0,0,0,0,200,200
353453,1,30,0,0,0,1,7,6,0,0,0,11,0,1,33,0,200,200,200,200,200
353454,0,30,0,0,0,1,12,2,0,0,200,17,0,0,47,0,1,0,0,200,200
353454,0,30,0,0,0,1,12,2,0,0,200,17,0,0,58,0,0,0,0,200,200
353465,0,3,0,0,0,1,7,7,0,0,0,20,200,2,200,200,6,200,200,200,200
353470,0,30,0,0,0,1,12,5,0,0,0,0,0,0,34,0,12,0,0,200,200
353470,0,30,0,0,0,1,12,5,0,0,0,0,0,0,36,0,0,0,0,200,200
353475,0,0,0,0,0,1,2,2,0,0,0,0,0,0,29,0,0,0,0,200,200
353480,0,25,1,2,0,1,10,2,0,0,0,18,200,1,21,0,3,200,200,200,200
353480,0,25,1,2,0,1,10,2,0,0,0,18,200,1,23,0,0,0,0,200,200
353483,0,35,1,2,0,1,10,2,0,0,0,12,0,1,25,0,0,0,0,200,200
353483,0,35,1,2,0,1,10,2,0,0,0,12,0,0,50,0,0,0,0,200,200
353483,1,35,1,2,0,1,10,2,0,0,0,12,0,1,200,0,200,200,200,200,200
353483,1,35,1,2,0,1,10,2,0,0,0,12,0,0,200,0,200,200,200,200,200
353486,0,25,0,0,0,1,7,5,0,0,200,0,0,2,200,200,200,200,200,200,200
353488,0,30,1,1,0,1,7,2,0,0,0,200,0,2,200,200,7,200,200,200,200
353489,4,30,0,0,0,1,8,12,0,0,200,200,200,1,50,3,12,200,0,200,200
353489,0,30,0,0,0,1,8,12,0,0,200,200,200,0,40,200,12,2,0,200,200
353491,0,35,0,0,0,1,7,2,0,0,0,0,0,0,46,200,200,200,0,200,200
353491,1,35,0,0,0,1,7,2,0,0,0,0,0,1,36,200,200,200,200,200,200
353493,0,30,2,2,0,1,10,6,0,0,0,0,0,0,37,0,0,0,0,200,200
353493,0,30,2,2,0,1,10,6,0,0,0,0,0,0,200,200,200,200,200,200,200
353496,0,30,0,0,0,1,7,7,0,0,0,20,200,0,56,0,6,0,0,200,200
353498,0,30,0,0,200,1,12,5,0,200,200,0,200,0,200,200,200,200,200,200,200
353498,0,30,0,0,200,1,12,5,0,200,200,0,200,1,42,200,200,200,200,200,200
353504,0,30,0,0,0,1,7,5,0,0,0,200,200,1,47,7,0,0,0,200,200
353507,0,30,1,2,0,1,14,3,0,0,0,0,0,0,78,0,1,200,0,200,200
353507,0,30,1,2,0,1,14,3,0,0,0,0,0,1,22,0,0,0,0,200,200
353507,1,30,1,2,0,1,14,3,0,0,0,0,0,1,76,0,200,200,200,200,200
353518,0,30,1,2,0,1,10,5,0,0,0,200,200,1,22,0,3,200,200,200,200
353518,0,30,1,2,0,1,10,5,0,0,0,200,200,1,45,0,0,0,0,200,200
353529,0,30,0,2,200,200,0,5,0,0,0,17,200,0,43,7,1,200,200,200,200
353529,0,30,0,2,200,200,0,5,0,0,0,17,200,1,62,200,0,0,0,200,200
353531,0,35,2,0,0,1,0,5,0,0,0,0,200,1,18,0,0,0,0,200,200
353531,0,35,2,0,0,1,0,5,0,0,0,0,200,0,200,200,1,200,200,200,200
353531,1,35,2,0,0,1,0,5,0,0,0,0,200,1,18,0,200,200,200,200,200
353533,0,30,1,2,0,1,10,6,0,0,0,18,200,0,50,0,3,0,0,200,200
353533,0,30,1,2,0,1,10,6,0,0,0,18,200,0,31,0,0,0,0,200,200
353533,1,30,1,2,0,1,10,6,0,0,0,18,200,0,29,0,200,200,200,200,200
353537,0,25,2,0,0,1,14,2,0,0,0,0,200,1,42,0,200,0,0,200,200
353537,0,25,2,0,0,1,14,2,0,0,0,0,200,1,24,200,0,200,0,200,200
353537,1,25,2,0,0,1,14,2,0,0,0,0,200,0,16,200,200,200,200,200,200
353537,1,25,2,0,0,1,14,2,0,0,0,0,200,0,15,200,200,200,200,200,200
353544,0,30,2,0,0,1,0,5,0,0,0,200,200,1,75,7,200,0,0,200,200
353544,0,30,2,0,0,1,0,5,0,0,0,200,200,0,41,7,0,0,0,200,200
353545,0,30,1,2,0,1,0,2,0,0,0,17,0,0,200,200,1,200,200,200,200
353545,0,30,1,2,0,1,0,2,0,0,0,17,0,1,41,0,0,0,0,200,200
353555,0,30,0,0,0,1,10,2,0,0,0,18,11,0,54,0,3,0,0,200,200
353555,0,30,0,0,0,1,10,2,0,0,0,18,11,0,49,0,0,0,0,200,200
353555,1,30,0,0,0,1,10,2,0,0,0,18,11,0,200,0,200,200,200,200,200
353555,1,30,0,0,0,1,10,2,0,0,0,18,11,0,200,0,200,200,200,200,200
353559,0,30,0,0,0,1,7,5,0,0,0,0,200,2,200,200,200,200,200,200,200
353565,0,30,1,2,0,1,10,5,0,200,200,18,18,0,51,0,3,200,0,200,200
353565,0,30,1,2,0,1,10,5,0,200,200,18,18,0,200,200,200,200,200,200,200
353565,1,30,1,2,0,1,10,5,0,200,200,18,18,1,55,0,200,200,200,200,200
353565,1,30,1,2,0,1,10,5,0,200,200,18,18,0,200,200,200,200,200,200,200
353565,1,30,1,2,0,1,10,5,0,200,200,18,18,1,200,200,200,200,200,200,200
353567,0,30,1,2,0,1,14,2,0,0,0,17,200,0,80,0,200,0,0,200,200
353567,0,30,1,2,0,1,14,2,0,0,0,17,200,1,58,0,0,0,0,200,200
353570,0,30,200,200,0,1,10,200,0,0,200,0,200,0,59,200,200,200,200,200,200
353570,0,30,200,200,0,1,10,200,0,0,200,0,200,1,27,200,200,200,200,200,200
353573,0,30,0,0,0,1,12,5,0,0,0,0,0,1,49,0,12,0,0,200,200
353573,0,30,0,0,0,1,12,5,0,0,0,0,0,0,57,0,12,0,0,200,200
353579,0,30,0,0,0,1,0,5,0,0,0,0,200,1,19,0,4,200,0,200,200
353579,0,30,0,0,0,1,0,5,0,0,0,0,200,1,60,0,0,0,0,200,200
353581,0,30,2,2,0,1,0,5,0,0,0,0,200,0,19,1,1,0,0,200,200
353581,0,30,2,2,0,1,0,5,0,0,0,0,200,1,45,0,0,0,0,200,200
353583,0,30,1,2,0,1,0,5,0,0,0,0,200,0,52,200,200,200,200,200,200
353583,0,30,1,2,0,1,0,5,0,0,0,0,200,0,62,0,200,0,0,200,200
353583,1,30,1,2,0,1,0,5,0,0,0,0,200,1,200,0,200,200,200,200,200
353586,0,25,0,0,0,1,7,2,0,0,0,0,0,0,46,7,200,200,0,200,200
353586,1,25,0,0,0,1,7,2,0,0,0,0,0,0,36,200,200,200,200,200,200
353594,0,30,0,0,0,1,7,5,0,0,0,200,200,1,200,200,0,200,200,200,200
353595,0,30,0,2,0,1,10,5,0,0,0,0,0,1,57,200,200,0,0,200,200
353595,0,30,0,2,0,1,10,5,0,0,0,0,0,1,59,200,0,0,0,200,200
353603,0,30,1,2,2,1,10,2,0,1,200,18,0,0,51,0,3,200,200,200,200
353603,0,30,1,2,2,1,10,2,0,1,200,18,0,1,38,200,12,200,200,200,200
353607,0,30,1,2,0,1,10,5,0,0,0,18,200,0,29,0,0,0,0,200,200
353607,0,30,1,2,0,1,10,5,0,0,0,18,200,0,69,0,0,0,0,200,200
353608,0,25,0,0,0,1,12,5,0,0,0,200,200,1,200,200,200,200,200,200,200
353608,0,25,0,0,0,1,12,5,0,0,0,200,200,1,50,0,0,0,0,200,200
353612,0,30,1,2,0,1,10,5,0,0,0,0,0,0,200,200,200,200,200,200,200
353612,0,30,1,2,0,1,10,5,0,0,0,0,0,1,52,0,0,0,0,200,200
353618,0,30,1,2,0,1,14,3,0,0,0,0,0,0,200,200,200,0,0,200,200
353618,0,30,1,2,0,1,14,3,0,0,0,0,0,1,200,0,200,0,0,200,200
353629,0,30,0,0,0,200,7,2,0,0,0,200,200,2,200,200,200,200,200,200,200
353635,0,30,0,0,0,1,8,5,0,0,0,0,0,2,200,200,200,200,200,200,200
353635,4,30,0,0,0,1,8,5,0,0,0,0,0,0,23,2,200,200,0,200,200
353643,0,35,0,0,0,1,14,5,0,0,0,0,0,0,77,0,0,0,0,200,200
353643,0,35,0,0,0,1,14,5,0,0,0,0,0,0,32,0,0,0,0,200,200
353646,0,30,0,0,200,0,10,5,0,200,200,17,200,0,200,200,1,200,200,200,200
353646,0,30,0,0,200,0,10,5,0,200,200,17,200,0,61,0,0,200,6,200,200
353657,0,35,0,0,0,1,7,6,0,0,0,0,0,0,200,200,200,200,200,200,200
353658,0,30,0,0,0,1,7,6,0,0,0,200,200,1,29,0,0,0,0,200,200
353664,0,30,1,2,0,1,10,5,0,0,0,0,0,0,200,200,200,200,200,200,200
353664,0,30,1,2,0,1,10,5,0,0,0,0,0,1,64,0,0,0,0,200,200
353665,0,30,0,0,2,1,12,6,0,1,0,22,15,0,20,0,2,0,0,200,200
353665,0,30,0,0,2,1,12,6,0,1,0,22,15,0,46,0,0,0,0,200,200
353666,0,5,0,0,0,1,10,7,2,0,0,20,200,1,41,200,200,200,200,200,200
353666,0,5,0,0,0,1,10,7,2,0,0,20,200,1,36,0,0,0,0,200,200
353672,0,30,0,0,0,1,14,5,0,0,0,23,0,1,21,200,7,200,0,200,200
353672,0,30,0,0,0,1,14,5,0,0,0,23,0,0,23,200,200,200,200,200,200
353676,0,30,1,2,0,1,0,2,0,0,0,6,0,0,20,200,5,200,200,200,200
353676,0,30,1,2,0,1,0,2,0,0,0,6,0,1,71,0,0,0,0,200,200
353676,0,30,1,2,0,1,0,2,0,0,0,6,0,0,43,1,0,0,0,200,200
353676,1,30,1,2,0,1,0,2,0,0,0,6,0,1,71,0,200,200,200,200,200
353678,0,30,1,2,0,1,14,6,0,0,0,23,0,1,21,0,200,0,0,200,200
353678,0,30,1,2,0,1,14,6,0,0,0,23,0,1,79,0,200,0,0,200,200
353678,1,30,1,2,0,1,14,6,0,0,0,23,0,0,21,0,200,200,200,200,200
353678,1,30,1,2,0,1,14,6,0,0,0,23,0,0,70,0,200,200,200,200,200
353681,0,30,0,0,200,200,7,5,0,200,0,200,200,2,200,200,200,200,200,200,200
353686,0,35,0,0,0,1,11,7,0,0,0,0,0,1,33,200,12,200,200,200,200
353686,0,35,0,0,0,1,11,7,0,0,0,0,0,1,48,200,0,0,0,200,200
353687,0,30,0,0,0,1,10,5,0,0,0,200,200,1,63,7,0,0,0,200,200
353687,0,30,0,0,0,1,10,5,0,0,0,200,200,0,55,0,0,0,0,200,200
353688,0,30,0,0,0,1,10,5,0,0,0,0,200,0,200,200,200,200,200,200,200
353688,0,30,0,0,0,1,10,5,0,0,0,0,200,0,20,0,200,0,0,200,200
353689,0,10,0,0,0,1,7,7,0,0,0,11,200,1,55,0,7,0,0,200,200
353690,0,30,1,2,0,1,10,5,0,0,0,18,200,1,47,200,3,0,0,200,200
353690,0,30,1,2,0,1,10,5,0,0,0,18,200,0,39,0,0,0,0,200,200
353692,0,30,0,3,0,1,10,5,0,0,0,0,0,2,200,200,200,200,200,200,200
353692,0,30,0,3,0,1,10,5,0,0,0,0,0,0,19,7,0,0,0,200,200
353702,0,30,0,0,0,1,7,6,0,0,0,200,200,1,30,200,12,0,0,200,200
353707,0,30,0,0,0,1,7,5,0,200,200,22,11,0,47,0,2,200,200,200,200
353718,0,30,1,2,0,1,12,5,0,0,0,22,11,0,43,0,2,0,0,200,200
353718,0,30,1,2,0,1,12,5,0,0,0,22,11,0,62,0,0,0,0,200,200
353718,1,30,1,2,0,1,12,5,0,0,0,22,11,0,10,0,200,200,200,200,200
353727,0,30,1,2,0,1,12,5,0,0,0,0,0,1,28,200,200,200,200,200,200
353727,0,30,1,2,0,1,12,5,0,0,0,0,0,0,27,200,200,200,200,200,200
353728,4,30,1,2,0,1,8,2,0,0,0,6,17,0,43,7,5,0,0,200,200
353728,0,30,1,2,0,1,8,2,0,0,0,6,17,0,47,200,0,0,0,200,200
353731,0,30,200,200,0,1,12,6,0,0,0,0,0,1,61,200,200,200,0,200,200
353731,0,30,200,200,0,1,12,6,0,0,0,0,0,1,79,200,200,200,0,200,200
353734,0,30,0,0,0,1,10,2,0,0,0,8,200,1,25,0,3,0,0,200,200
353734,0,30,0,0,0,1,10,2,0,0,0,8,200,1,54,0,0,0,0,200,200
353734,1,30,0,0,0,1,10,2,0,0,0,8,200,1,8,0,200,200,200,200,200
353734,1,30,0,0,0,1,10,2,0,0,0,8,200,0,6,0,200,200,200,200,200
353734,1,30,0,0,0,1,10,2,0,0,0,8,200,1,17,0,200,200,200,200,200
353734,1,30,0,0,0,1,10,2,0,0,0,8,200,1,17,0,200,200,200,200,200
353738,0,40,0,0,0,1,10,5,0,0,0,18,200,0,50,0,12,200,200,200,200
353738,0,40,0,0,0,1,10,5,0,0,0,18,200,0,44,0,0,0,0,200,200
353738,0,40,0,0,0,1,10,5,0,0,0,18,200,0,32,200,0,200,200,200,200
353739,0,0,1,2,0,1,10,6,0,0,0,18,200,0,39,0,0,0,0,200,200
353739,0,0,1,2,0,1,10,6,0,0,0,18,200,0,37,200,3,200,200,200,200
353744,0,30,1,2,0,1,0,5,0,0,0,0,0,1,30,0,1,0,0,200,200
353744,0,30,1,2,0,1,0,5,0,0,0,0,0,0,34,0,0,0,0,200,200
353745,0,30,1,2,0,1,14,3,0,0,0,23,17,1,22,0,7,0,0,200,200
353745,0,30,1,2,0,1,14,3,0,0,0,23,17,0,50,0,0,0,0,200,200
353745,1,30,1,2,0,1,14,3,0,0,0,23,17,1,18,0,200,200,200,200,200
353745,1,30,1,2,0,1,14,3,0,0,0,23,17,1,20,0,200,200,200,200,200
353750,0,30,1,2,0,1,10,5,0,0,0,18,200,0,61,0,3,0,0,200,200
353750,0,30,1,2,0,1,10,5,0,0,0,18,200,0,28,0,0,0,0,200,200
353752,0,30,0,0,0,1,14,5,0,0,0,23,0,0,24,0,7,0,0,200,200
353752,0,30,0,0,0,1,14,5,0,0,0,23,0,0,47,0,0,0,0,200,200
353753,0,30,1,2,0,1,14,12,0,0,12,0,200,0,200,200,12,200,200,200,200
353753,0,30,1,2,0,1,14,12,0,0,12,0,200,0,29,0,12,200,0,200,200
353758,0,30,0,0,0,1,12,3,0,0,0,0,200,1,48,0,200,0,0,200,200
353758,0,30,0,0,0,1,12,3,0,0,0,0,200,0,47,0,0,0,0,200,200
353759,0,30,1,2,0,1,12,5,0,0,0,0,0,0,200,200,200,200,200,200,200
353759,0,30,1,2,0,1,12,5,0,0,0,0,0,0,21,0,0,0,0,200,200
353762,0,5,0,0,0,1,0,7,2,0,0,20,11,1,63,0,6,0,0,200,200
353762,0,5,0,0,0,1,0,7,2,0,0,20,11,1,20,0,0,0,0,200,200
353763,0,30,0,0,0,1,14,2,0,0,0,17,200,0,63,200,1,0,0,200,200
353763,0,30,0,0,0,1,14,2,0,0,0,17,200,0,61,200,0,0,0,200,200
353763,1,30,0,0,0,1,14,2,0,0,0,17,200,200,200,200,200,200,200,200,200
353765,0,30,2,2,0,1,0,6,0,0,0,6,16,1,28,0,5,0,2,200,200
353765,0,30,2,2,0,1,0,6,0,0,0,6,16,0,24,0,0,0,0,200,200
353767,0,35,0,0,0,1,12,5,0,0,0,22,200,2,35,0,4,0,0,200,200
353767,0,35,0,0,0,1,12,5,0,0,0,22,200,1,200,200,0,200,200,200,200
353768,0,30,0,0,0,1,14,5,0,0,0,0,0,1,200,200,1,200,200,200,200
353768,0,30,0,0,0,1,14,5,0,0,0,0,0,1,55,0,0,0,0,200,200
353769,4,25,0,0,0,1,8,6,0,0,0,200,200,0,15,200,1,200,0,200,200
353769,0,25,0,0,0,1,8,6,0,0,0,200,200,1,51,0,0,200,0,200,200
353771,0,30,0,0,2,1,7,1,0,0,0,13,200,0,51,0,12,0,0,200,1
353771,1,30,0,0,2,1,7,1,0,0,0,13,200,0,200,0,200,200,200,200,200
353771,1,30,0,0,2,1,7,1,0,0,0,13,200,0,40,0,200,200,200,200,200
353776,0,30,1,2,0,1,0,5,0,0,0,6,200,1,37,0,5,0,0,200,200
353776,0,30,1,2,0,1,0,5,0,0,0,6,200,1,28,0,0,0,0,200,200
353779,0,30,0,0,0,1,10,5,0,0,0,200,200,0,50,7,0,0,0,200,200
353779,0,30,0,0,0,1,10,5,0,0,0,200,200,1,55,0,0,0,0,200,200
353779,1,30,0,0,0,1,10,5,0,0,0,200,200,1,200,5,200,200,200,200,200
353779,1,30,0,0,0,1,10,5,0,0,0,200,200,1,200,5,200,200,200,200,200
353781,0,30,1,2,0,1,10,5,0,0,0,0,0,0,43,200,0,0,0,200,200
353781,0,30,1,2,0,1,10,5,0,0,0,0,0,0,50,0,200,0,0,200,200
353781,1,30,1,2,0,1,10,5,0,0,0,0,0,1,69,0,200,200,200,200,200