RD_NO,PERSON_TYPE,POSTED_SPEED_LIMIT,TRAFFIC_CONTROL_DEVICE,DEVICE_CONDITION,WEATHER_CONDITION,LIGHTING_CONDITION,FIRST_CRASH_TYPE,TRAFFICWAY_TYPE,ALIGNMENT,ROADWAY_SURFACE_COND,ROAD_DEFECT,PRIM_CONTRIBUTORY_CAUSE,SEC_CONTRIBUTORY_CAUSE,SEX,AGE,SAFETY_EQUIPMENT,DRIVER_ACTION,DRIVER_VISION,PHYSICAL_CONDITION,BAC_RESULT VALUE,CELL_PHONE_USE
353781,1,30,1,2,0,1,10,5,0,0,0,0,0,0,61,0,200,200,200,200,200
353781,1,30,1,2,0,1,10,5,0,0,0,0,0,1,39,0,200,200,200,200,200
353782,0,30,0,0,0,1,12,5,0,0,0,17,200,0,200,200,1,200,200,200,200
353782,0,30,0,0,0,1,12,5,0,0,0,17,200,0,0,200,0,0,0,200,200
353785,0,30,2,2,0,1,0,5,0,0,200,0,0,0,20,200,200,200,12,200,200
353785,0,30,2,2,0,1,0,5,0,0,200,0,0,0,200,200,0,200,200,200,200
353787,0,30,1,2,0,1,10,5,0,0,0,20,200,0,27,0,0,0,0,200,200
353787,0,30,1,2,0,1,10,5,0,0,0,20,200,0,50,0,12,0,0,200,200
353788,0,30,2,2,0,1,14,5,0,0,0,0,0,0,31,0,200,0,200,200,200
353788,0,30,2,2,0,1,14,5,0,0,0,0,0,0,200,200,200,200,200,200,200
353788,1,30,2,2,0,1,14,5,0,0,0,0,0,1,200,200,200,200,200,200,200
353791,0,30,0,0,0,1,12,5,0,0,0,0,0,1,20,200,200,200,200,200,200
353791,0,30,0,0,0,1,12,5,0,0,0,0,0,0,34,0,0,0,0,200,200
353796,0,30,0,0,0,1,7,7,0,0,0,0,200,0,55,0,12,0,0,200,200
353796,1,30,0,0,0,1,7,7,0,0,0,0,200,0,47,0,200,200,200,200,200
353797,0,30,0,0,0,1,10,3,0,0,200,0,0,0,44,200,6,200,0,200,200
353797,0,30,0,0,0,1,10,3,0,0,200,0,0,1,36,200,0,200,0,200,200
353799,0,30,1,2,0,1,14,5,0,0,0,0,0,1,62,0,200,0,0,200,200
353799,0,30,1,2,0,1,14,5,0,0,0,0,0,0,55,0,200,0,0,200,200
353799,1,30,1,2,0,1,14,5,0,0,0,0,0,0,20,0,200,200,200,200,200
353799,1,30,1,2,0,1,14,5,0,0,0,0,0,0,24,0,200,200,200,200,200
353799,1,30,1,2,0,1,14,5,0,0,0,0,0,0,22,0,200,200,200,200,200
353802,0,30,0,0,0,1,10,2,0,0,0,0,200,0,200,200,200,200,200,200,200
353802,0,30,0,0,0,1,10,2,0,0,0,0,200,0,31,7,200,200,0,200,200
353804,0,15,0,0,200,200,12,200,0,200,200,0,200,0,48,200,200,200,200,200,200
353804,0,15,0,0,200,200,12,200,0,200,200,0,200,0,28,0,200,200,0,200,200
353807,0,30,2,2,0,1,10,6,0,0,0,8,18,0,21,200,3,0,0,200,200
353807,0,30,2,2,0,1,10,6,0,0,0,8,18,0,41,200,0,0,0,200,200
353807,0,30,2,2,0,1,10,6,0,0,0,8,18,0,62,200,12,0,0,200,200
353808,0,30,1,2,0,1,10,3,0,0,0,0,0,1,49,7,3,0,0,200,200
353808,0,30,1,2,0,1,10,3,0,0,0,0,0,0,32,0,0,0,0,200,200
353808,1,30,1,2,0,1,10,3,0,0,0,0,0,1,18,0,200,200,200,200,200
353808,1,30,1,2,0,1,10,3,0,0,0,0,0,0,15,7,200,200,200,200,200
353808,1,30,1,2,0,1,10,3,0,0,0,0,0,1,29,0,200,200,200,200,200
353812,0,30,2,2,0,1,7,5,0,0,200,0,200,1,21,200,12,0,0,200,200
353813,0,25,0,0,0,1,14,5,0,0,0,23,200,1,23,0,7,0,0,200,200
353813,0,25,0,0,0,1,14,5,0,0,0,23,200,0,41,0,0,0,0,200,200
353814,0,30,1,0,0,1,10,5,0,0,0,18,200,1,37,0,3,0,0,200,200
353814,0,30,1,0,0,1,10,5,0,0,0,18,200,0,27,0,0,0,0,200,200
353815,0,30,1,2,0,1,0,5,0,0,0,0,200,0,20,0,1,0,0,200,200
353815,0,30,1,2,0,1,0,5,0,0,0,0,200,1,22,0,0,0,0,200,200
353817,0,30,0,0,0,1,10,5,0,0,0,11,11,1,41,0,0,0,0,200,200
353817,0,30,0,0,0,1,10,5,0,0,0,11,11,0,29,0,0,0,0,200,200
353818,0,30,1,2,0,1,14,2,0,0,0,0,200,1,200,200,1,200,200,200,200
353818,0,30,1,2,0,1,14,2,0,0,0,0,200,0,33,0,0,0,0,200,200
353818,1,30,1,2,0,1,14,2,0,0,0,0,200,1,200,0,200,200,200,200,200
353819,0,30,9,12,0,1,12,2,0,0,12,17,0,1,200,200,1,0,0,200,200
353819,0,30,9,12,0,1,12,2,0,0,12,17,0,0,200,0,0,0,0,200,200
353820,0,30,0,0,0,1,7,5,0,0,0,17,200,1,35,200,1,0,0,200,200
353820,1,30,0,0,0,1,7,5,0,0,0,17,200,0,34,200,200,200,200,200,200
353822,0,10,0,0,0,1,7,7,0,0,0,20,200,0,27,0,0,0,0,200,200
353825,0,25,0,0,0,1,9,5,0,0,0,0,0,0,33,0,200,0,0,200,200
353825,5,25,0,0,0,1,9,5,0,0,0,0,0,0,7,200,200,200,200,200,200
353826,0,35,2,0,0,1,14,200,0,0,200,5,200,1,17,0,5,200,0,200,200
353826,0,35,2,0,0,1,14,200,0,0,200,5,200,0,28,0,0,0,0,200,200
353826,1,35,2,0,0,1,14,200,0,0,200,5,200,1,28,0,200,200,200,200,200
353828,0,30,1,2,0,1,10,5,0,0,0,18,200,0,37,0,3,0,0,200,200
353828,0,30,1,2,0,1,10,5,0,0,0,18,200,0,67,0,0,0,0,200,200
353832,0,20,200,200,0,1,12,6,0,0,200,200,200,1,43,200,1,200,200,200,200
353832,0,20,200,200,0,1,12,6,0,0,200,200,200,1,68,200,200,200,200,200,200
353836,0,15,0,0,0,1,7,5,0,0,0,200,200,0,200,200,200,200,200,200,200
353837,0,30,0,0,0,1,12,5,0,0,0,0,200,1,200,0,200,200,200,200,200
353837,0,30,0,0,0,1,12,5,0,0,0,0,200,1,55,0,200,200,0,200,200
353837,1,30,0,0,0,1,12,5,0,0,0,0,200,1,48,0,200,200,200,200,200
353838,0,30,1,2,0,1,12,5,0,200,200,21,22,0,24,0,4,200,0,200,200
353838,0,30,1,2,0,1,12,5,0,200,200,21,22,0,24,0,12,200,0,200,200
353842,0,30,1,2,0,1,10,5,0,0,0,18,200,1,200,0,3,0,0,200,200
353842,0,30,1,2,0,1,10,5,0,0,0,18,200,0,61,0,0,0,0,200,200
353846,0,30,0,0,0,1,12,5,0,0,0,200,200,0,24,200,200,0,200,200,200
353846,0,30,0,0,0,1,12,5,0,0,0,200,200,0,50,0,0,0,0,200,200
353846,1,30,0,0,0,1,12,5,0,0,0,200,200,0,48,0,200,200,200,200,200
353849,0,40,0,0,0,1,10,200,0,0,200,33,200,0,51,0,12,12,200,200,200
353849,0,40,0,0,0,1,10,200,0,0,200,33,200,0,56,0,0,0,2,200,200
353852,0,30,0,0,0,1,7,6,0,200,200,0,200,2,200,200,200,200,200,200,200
353853,0,30,1,2,0,1,10,2,0,0,200,18,200,0,42,0,3,200,0,200,200
353853,0,30,1,2,0,1,10,2,0,0,200,18,200,0,23,0,0,200,0,200,200
353854,0,30,2,200,0,1,8,5,0,200,200,200,200,1,200,200,1,200,200,200,200
353854,4,30,2,200,0,1,8,5,0,200,200,200,200,1,24,7,0,0,0,200,200
353856,0,30,0,0,0,1,7,5,0,0,0,200,200,2,200,200,0,200,200,200,200
353858,0,30,0,2,0,1,12,5,0,0,0,21,21,0,38,200,4,0,0,200,200
353858,0,30,0,2,0,1,12,5,0,0,0,21,21,0,74,200,0,0,0,200,200
353863,0,30,1,2,0,1,9,2,0,0,0,0,200,2,200,200,12,200,200,200,200
353863,5,30,1,2,0,1,9,2,0,0,0,0,200,0,8,7,12,0,0,200,200
353864,3,30,1,2,0,1,5,5,0,0,0,3,200,0,200,7,2,200,200,200,200
353864,0,30,1,2,0,1,5,5,0,0,0,3,200,0,45,0,0,0,0,200,200
353870,0,30,0,0,0,1,10,5,0,200,200,18,200,1,200,200,1,200,200,200,200
353870,0,30,0,0,0,1,10,5,0,200,200,18,200,1,61,200,0,0,0,200,200
353872,0,30,1,0,0,1,12,5,0,0,0,22,200,0,200,200,4,200,200,200,200
353872,0,30,1,0,0,1,12,5,0,0,0,22,200,0,63,0,0,0,0,200,200
353880,0,25,2,2,0,1,14,5,0,0,0,0,200,0,77,0,1,0,0,200,200
353880,0,25,2,2,0,1,14,5,0,0,0,0,200,1,43,0,12,0,0,200,200
353884,0,30,0,200,0,1,14,2,0,0,0,23,22,1,27,7,7,0,0,200,200
353884,0,30,0,200,0,1,14,2,0,0,0,23,22,0,29,200,0,0,0,200,200
353885,0,30,0,0,0,1,10,5,0,200,200,0,200,2,200,200,200,200,200,200,200
353885,0,30,0,0,0,1,10,5,0,200,200,0,200,0,29,200,0,200,200,200,200
353885,1,30,0,0,0,1,10,5,0,200,200,0,200,1,35,200,200,200,200,200,200
353886,0,30,0,0,0,1,12,6,0,0,0,17,200,1,43,200,1,0,0,200,200
353886,0,30,0,0,0,1,12,6,0,0,0,17,200,1,68,0,0,0,0,200,200
353888,0,35,0,0,0,1,10,5,0,0,0,0,200,0,35,0,8,0,0,200,200
353888,0,35,0,0,0,1,10,5,0,0,0,0,200,0,43,0,0,0,0,200,200
353889,0,30,0,0,0,1,10,6,0,0,0,14,25,0,21,200,8,0,0,200,200
353889,0,30,0,0,0,1,10,6,0,0,0,14,25,0,39,200,8,200,1,200,200
353892,0,30,1,2,0,1,12,3,0,0,0,22,0,0,43,200,2,200,0,200,200
353892,0,30,1,2,0,1,12,3,0,0,0,22,0,1,55,200,0,200,0,200,200
353892,1,30,1,2,0,1,12,3,0,0,0,22,0,200,200,200,200,200,200,200,200
353894,0,30,0,0,0,1,0,7,0,0,0,0,200,0,44,200,200,200,200,200,200
353894,0,30,0,0,0,1,0,7,0,0,0,0,200,0,38,0,200,0,200,200,200
353894,1,30,0,0,0,1,0,7,0,0,0,0,200,1,200,200,200,200,200,200,200
353895,0,30,0,0,0,1,10,2,2,0,0,0,200,1,29,200,3,200,0,200,200
353895,0,30,0,0,0,1,10,2,2,0,0,0,200,0,27,200,0,200,0,200,200
353895,0,30,0,0,0,1,10,2,2,0,0,0,200,0,50,200,0,200,0,200,200
353895,1,30,0,0,0,1,10,2,2,0,0,0,200,1,23,200,200,200,200,200,200
353896,0,30,2,2,0,1,14,5,0,0,0,0,200,1,17,200,12,200,200,200,200
353896,0,30,2,2,0,1,14,5,0,0,0,0,200,0,36,0,12,0,0,200,200
353897,0,30,0,0,0,1,0,5,0,0,0,200,200,0,200,200,0,200,200,200,200
353897,0,30,0,0,0,1,0,5,0,0,0,200,200,0,55,7,0,0,0,200,200
353900,0,30,3,0,0,1,12,5,4,0,0,22,21,0,31,200,4,0,0,200,200
353900,0,30,3,0,0,1,12,5,4,0,0,22,21,0,42,200,0,0,0,200,200
353900,1,30,3,0,0,1,12,5,4,0,0,22,21,1,28,200,200,200,200,200,200
353902,0,30,0,0,0,1,10,2,0,0,3,21,21,0,89,0,1,0,0,200,200
353902,0,30,0,0,0,1,10,2,0,0,3,21,21,0,50,0,0,0,0,200,200
353905,0,30,1,2,0,1,12,5,0,0,0,17,200,1,200,0,200,0,0,200,200
353905,0,30,1,2,0,1,12,5,0,0,0,17,200,0,200,0,200,0,0,200,200
353905,1,30,1,2,0,1,12,5,0,0,0,17,200,1,200,0,200,200,200,200,200
353905,1,30,1,2,0,1,12,5,0,0,0,17,200,2,200,0,200,200,200,200,200
353906,4,30,1,2,0,1,8,5,0,0,0,22,0,0,16,2,2,0,0,200,200
353906,0,30,1,2,0,1,8,5,0,0,0,22,0,0,64,0,0,0,0,200,200
353907,0,20,0,0,0,1,7,12,0,0,0,200,200,0,200,200,12,200,200,200,200
353908,0,35,0,0,0,1,10,5,0,0,0,18,16,0,28,200,3,200,200,200,200
353908,0,35,0,0,0,1,10,5,0,0,0,18,16,0,47,200,0,0,0,200,200
353911,0,30,2,2,0,1,14,5,0,0,200,17,200,0,88,200,1,200,0,200,200
353911,0,30,2,2,0,1,14,5,0,0,200,17,200,0,78,0,0,200,0,200,200
353912,0,20,0,0,0,1,7,7,0,0,0,16,0,0,200,200,200,200,200,200,200
353912,1,20,0,0,0,1,7,7,0,0,0,16,0,1,200,200,200,200,200,200,200
353913,0,30,2,2,0,1,9,5,0,0,0,5,17,1,39,200,5,0,0,200,200
353913,5,30,2,2,0,1,9,5,0,0,0,5,17,1,42,7,0,0,0,200,200
353913,1,30,2,2,0,1,9,5,0,0,0,5,17,1,13,200,200,200,200,200,200
353914,0,30,0,0,0,1,5,5,0,0,0,27,200,0,19,200,1,200,7,200,200
353919,0,10,0,0,0,1,4,7,0,0,0,12,200,0,54,7,12,0,0,200,200
353921,0,30,0,0,0,1,7,5,0,0,0,0,200,2,200,200,200,200,200,200,200
353922,0,35,1,2,0,1,14,1,0,0,0,17,16,0,60,200,1,0,0,200,200
353922,0,35,1,2,0,1,14,1,0,0,0,17,16,1,30,200,0,0,0,200,200
353922,1,35,1,2,0,1,14,1,0,0,0,17,16,1,26,200,200,200,200,200,200
353922,1,35,1,2,0,1,14,1,0,0,0,17,16,1,60,200,200,200,200,200,200
353924,0,5,0,0,0,1,7,7,0,0,200,0,0,2,200,200,200,200,200,200,200
353926,0,30,0,0,0,1,12,6,0,0,0,0,200,0,200,200,200,200,200,200,200
353926,0,30,0,0,0,1,12,6,0,0,0,0,200,1,76,0,200,200,0,200,200
353929,0,30,0,0,0,1,7,7,0,0,0,0,0,2,200,200,1,200,200,200,200
353930,0,30,1,2,0,1,14,5,0,0,0,23,20,1,31,200,6,200,200,200,200
353930,0,30,1,2,0,1,14,5,0,0,0,23,20,1,27,0,0,0,0,200,200
353932,0,30,2,2,0,1,9,2,0,0,200,17,0,0,200,200,1,200,200,200,200
353932,5,30,2,2,0,1,9,2,0,0,200,17,0,1,46,7,0,0,200,200,200
353933,0,30,0,0,0,1,12,5,0,0,0,0,200,1,40,0,1,0,0,200,200
353933,0,30,0,0,0,1,12,5,0,0,0,0,200,1,42,0,0,0,0,200,200
353938,0,30,2,2,0,1,0,5,0,0,0,0,0,2,200,200,200,200,200,200,200
353938,0,30,2,2,0,1,0,5,0,0,0,0,0,1,41,200,0,200,0,200,200
353941,0,30,2,0,0,1,0,5,0,0,0,5,17,0,79,0,1,0,0,200,200
353941,0,30,2,0,0,1,0,5,0,0,0,5,17,0,52,0,200,0,0,200,200
353947,0,30,2,2,0,1,0,5,0,0,0,200,200,1,63,0,0,0,0,200,200
353947,0,30,2,2,0,1,0,5,0,0,0,200,200,1,50,0,0,0,0,200,200
353947,1,30,2,2,0,1,0,5,0,0,0,200,200,0,200,0,200,200,200,200,200
353952,0,30,0,0,0,1,7,6,0,0,200,0,200,2,200,200,200,200,200,200,200
353958,0,30,0,0,0,1,7,5,0,0,0,0,0,2,200,200,200,200,200,200,200
353959,0,30,2,2,0,1,0,5,0,0,0,0,0,0,49,200,200,200,200,200,200
353959,0,30,2,2,0,1,0,5,0,0,0,0,0,1,31,0,0,0,0,200,200
353963,0,35,1,2,0,1,5,2,0,0,12,0,200,1,51,200,200,0,0,200,200
353963,1,35,1,2,0,1,5,2,0,0,12,0,200,1,9,200,200,200,200,200,200
353965,0,30,1,2,0,1,14,5,0,0,200,17,200,1,35,0,1,200,0,200,200
353965,0,30,1,2,0,1,14,5,0,0,200,17,200,0,33,200,0,200,200,200,200
353969,0,30,1,2,0,1,14,3,0,0,0,0,0,1,65,0,200,200,200,200,200
353969,0,30,1,2,0,1,14,3,0,0,0,0,0,1,50,0,200,200,200,200,200
353974,0,30,0,0,0,1,2,12,0,0,0,33,200,0,42,0,0,200,0,200,200
353974,1,30,0,0,0,1,2,12,0,0,0,33,200,0,29,0,200,200,200,200,200
353975,0,30,0,0,0,1,10,5,0,0,0,18,18,0,200,0,3,200,0,200,200
353975,0,30,0,0,0,1,10,5,0,0,0,18,18,0,46,0,0,0,0,200,200
353975,1,30,0,0,0,1,10,5,0,0,0,18,18,1,54,0,200,200,200,200,200
353982,0,45,0,0,0,1,12,3,0,0,0,22,200,2,200,200,4,200,200,200,200
353982,0,45,0,0,0,1,12,3,0,0,0,22,200,1,43,0,0,0,0,200,200
353982,0,45,0,0,0,1,12,3,0,0,0,22,200,1,39,0,0,0,0,200,200
353982,1,45,0,0,0,1,12,3,0,0,0,22,200,0,8,0,200,200,200,200,200
353982,1,45,0,0,0,1,12,3,0,0,0,22,200,1,9,0,200,200,200,200,200
353988,0,30,0,0,0,1,7,6,0,200,200,0,0,2,200,200,200,200,200,200,200
353989,0,30,1,2,0,1,8,5,0,0,0,17,200,2,200,200,1,200,200,200,200
353989,4,30,1,2,0,1,8,5,0,0,0,17,200,0,14,7,0,0,0,200,200
353992,0,30,0,0,0,1,12,5,0,0,0,17,0,0,48,0,0,0,0,200,200
353992,0,30,0,0,0,1,12,5,0,0,0,17,0,1,84,0,0,0,0,200,200
353993,5,30,1,2,0,1,9,6,0,0,0,0,0,0,14,200,12,0,0,200,200
353993,0,30,1,2,0,1,9,6,0,0,0,0,0,1,200,200,200,200,200,200,200
353996,0,30,0,0,0,1,10,5,0,0,0,200,200,0,63,0,0,0,0,200,200
353996,0,30,0,0,0,1,10,5,0,0,0,200,200,0,60,0,0,0,0,200,200
354000,0,30,1,2,0,1,14,5,0,0,0,6,200,1,25,0,5,0,0,200,200
354000,0,30,1,2,0,1,14,5,0,0,0,6,200,0,62,0,0,0,0,200,200
354004,0,30,0,0,0,1,7,5,0,0,200,0,200,0,200,200,200,200,200,200,200
354008,0,30,1,0,0,1,0,5,0,0,0,0,0,0,35,7,200,200,0,200,200
354008,0,30,1,0,0,1,0,5,0,0,0,0,0,1,31,200,200,200,0,200,200
354011,0,30,0,0,0,1,0,5,0,0,0,0,0,1,24,200,200,200,0,200,200
354011,0,30,0,0,0,1,0,5,0,0,0,0,0,0,31,200,0,0,0,200,200
354013,0,10,0,0,0,1,0,7,0,0,200,17,0,0,34,200,1,200,200,200,200
354013,0,10,0,0,0,1,0,7,0,0,200,17,0,1,52,0,0,0,200,200,200
354017,0,30,0,0,0,1,10,5,0,0,0,0,0,0,200,200,200,200,200,200,200
354017,0,30,0,0,0,1,10,5,0,0,0,0,0,0,66,0,0,0,0,200,200
354023,0,10,0,0,0,1,2,4,2,0,0,200,200,1,200,200,12,200,200,200,200
354026,0,30,0,2,0,1,7,200,0,0,0,0,0,2,200,200,200,200,200,200,200
354027,0,30,2,2,0,1,10,6,0,200,200,20,20,2,200,200,6,200,200,200,200
354027,0,30,2,2,0,1,10,6,0,200,200,20,20,0,27,0,12,200,0,200,200
354037,0,45,0,0,0,1,12,3,0,0,200,17,0,0,200,200,1,200,200,200,200
354037,0,45,0,0,0,1,12,3,0,0,200,17,0,1,38,0,0,0,0,200,200
354037,1,45,0,0,0,1,12,3,0,0,200,17,0,0,200,200,200,200,200,200,200
354039,0,30,0,2,0,1,7,5,0,0,0,0,0,2,200,200,1,200,200,200,200
354040,0,35,0,0,0,1,14,5,0,0,3,0,0,1,30,0,0,0,0,200,200
354040,0,35,0,0,0,1,14,5,0,0,3,0,0,0,56,200,0,0,0,200,200
354042,0,30,0,0,0,4,10,5,0,0,0,18,200,0,63,0,3,0,0,200,200
354042,0,30,0,0,0,4,10,5,0,0,0,18,200,1,25,0,0,0,0,200,200
354048,0,30,1,2,0,1,0,5,0,0,0,14,200,0,22,0,200,0,0,200,200
354048,0,30,1,2,0,1,0,5,0,0,0,14,200,0,200,0,0,0,0,200,200
354049,0,30,2,2,0,1,7,5,0,0,0,200,200,1,28,0,12,0,0,200,200
354055,0,30,0,0,0,1,10,5,0,0,0,18,0,0,200,200,3,200,200,200,200
354055,0,30,0,0,0,1,10,5,0,0,0,18,0,1,31,0,0,0,0,200,200
354055,1,30,0,0,0,1,10,5,0,0,0,18,0,1,200,0,200,200,200,200,200
354062,0,15,0,0,0,1,7,7,0,0,0,0,200,2,200,200,200,200,200,200,200
354071,0,30,1,200,0,4,12,5,3,0,200,21,0,0,200,200,12,200,200,200,200
354071,0,30,1,200,0,4,12,5,3,0,200,21,0,1,24,0,0,0,0,200,200
354075,0,30,2,2,0,1,10,3,0,0,0,0,200,0,60,0,200,0,0,200,200
354075,0,30,2,2,0,1,10,3,0,0,0,0,200,0,33,0,0,0,0,200,200
354075,1,30,2,2,0,1,10,3,0,0,0,0,200,0,55,0,200,200,200,200,200
354075,1,30,2,2,0,1,10,3,0,0,0,0,200,0,36,0,200,200,200,200,200
354081,0,30,2,2,0,1,0,6,0,0,200,7,0,1,18,200,1,200,200,200,200
354081,0,30,2,2,0,1,0,6,0,0,200,7,0,1,34,0,0,0,0,200,200
354083,0,10,0,0,0,1,7,7,0,0,0,0,200,1,67,0,200,200,0,200,200
354084,0,30,1,2,0,1,9,5,0,200,200,17,17,0,200,200,1,200,200,200,200
354084,5,30,1,2,0,1,9,5,0,200,200,17,17,1,34,7,12,200,200,200,200
354100,0,30,1,2,0,1,12,5,0,0,0,0,0,0,200,200,1,200,200,200,200
354100,0,30,1,2,0,1,12,5,0,0,0,0,0,0,52,0,0,0,0,200,200
354107,0,30,0,0,0,1,14,2,0,0,0,25,14,0,28,2,12,0,0,200,200
354107,0,30,0,0,0,1,14,2,0,0,0,25,14,0,0,200,12,0,0,200,200
354111,0,30,0,0,0,1,7,5,0,0,0,0,0,2,200,200,200,200,200,200,200
354120,0,10,0,0,0,4,7,5,0,0,0,20,200,0,20,200,6,0,0,200,200
354124,0,35,0,0,0,4,12,3,0,0,200,17,0,0,26,200,1,0,200,200,200
354124,0,35,0,0,0,4,12,3,0,0,200,17,0,0,36,0,1,0,200,200,200
354131,0,30,0,0,0,200,7,5,0,0,0,22,200,2,200,200,200,200,200,200,200
354137,0,30,1,200,0,3,14,5,0,0,0,0,200,0,59,200,200,200,0,200,200
354137,0,30,1,200,0,3,14,5,0,0,0,0,200,2,200,200,1,200,200,200,200
354147,0,30,0,0,0,1,14,5,0,0,12,25,28,0,26,200,12,200,200,200,200
354147,0,30,0,0,0,1,14,5,0,0,12,25,28,1,29,0,0,0,0,200,200
354147,1,30,0,0,0,1,14,5,0,0,12,25,28,2,200,200,200,200,200,200,200
354155,0,30,1,200,200,4,14,2,0,200,200,17,17,0,200,200,1,200,200,200,200
354155,0,30,1,200,200,4,14,2,0,200,200,17,17,0,64,200,200,200,0,200,200
354167,0,30,200,200,0,1,7,5,0,200,200,11,0,2,200,200,200,200,200,200,200
354185,0,30,0,0,0,1,10,5,0,0,0,0,200,0,21,200,1,200,0,200,200
354185,0,30,0,0,0,1,10,5,0,0,0,0,200,0,37,0,0,0,0,200,200
354191,0,30,200,200,0,200,10,200,0,200,200,16,0,0,200,200,200,200,200,200,200
354191,0,30,200,200,0,200,10,200,0,200,200,16,0,1,28,200,0,200,0,200,200
354191,1,30,200,200,0,200,10,200,0,200,200,16,0,1,200,200,200,200,200,200,200
354191,1,30,200,200,0,200,10,200,0,200,200,16,0,0,200,200,200,200,200,200,200
354195,0,30,1,2,0,3,14,1,0,0,0,18,0,0,0,0,3,0,0,200,200
354195,0,30,1,2,0,3,14,1,0,0,0,18,0,1,38,0,0,0,0,200,200
354195,1,30,1,2,0,3,14,1,0,0,0,18,0,0,12,0,200,200,200,200,200
354195,1,30,1,2,0,3,14,1,0,0,0,18,0,1,6,0,200,200,200,200,200
354197,0,30,0,0,0,3,2,3,0,0,0,0,0,1,55,0,200,0,0,200,200
354201,0,10,0,0,0,3,7,12,0,0,0,32,20,0,47,200,6,0,5,200,200
354203,0,30,1,200,200,1,12,2,0,200,200,0,200,1,25,200,200,200,0,200,200
354203,0,30,1,200,200,1,12,2,0,200,200,0,200,2,200,200,200,200,200,200,200
354204,0,25,0,0,0,3,7,6,0,0,0,21,16,1,12,200,12,0,0,200,200
354204,1,25,0,0,0,3,7,6,0,0,0,21,16,1,68,200,200,200,200,200,200
354208,0,45,1,2,0,1,10,3,0,0,0,18,200,1,79,200,3,200,200,200,200
354208,0,45,1,2,0,1,10,3,0,0,0,18,200,1,31,200,0,200,200,200,200
354208,1,45,1,2,0,1,10,3,0,0,0,18,200,0,36,200,200,200,200,200,200
354209,0,30,1,2,0,3,10,2,0,200,1,18,16,0,200,200,3,200,200,200,200
354209,0,30,1,2,0,3,10,2,0,200,1,18,16,0,55,0,0,0,0,200,200
354210,0,30,2,2,0,3,7,5,0,0,0,16,200,0,50,0,200,200,200,200,200
354218,0,30,0,0,0,3,7,6,0,0,0,0,0,0,32,0,0,200,0,200,200
354218,1,30,0,0,0,3,7,6,0,0,0,0,0,0,44,200,200,200,200,200,200
354218,1,30,0,0,0,3,7,6,0,0,0,0,0,0,34,200,200,200,200,200,200
354230,0,25,0,0,0,3,10,6,0,0,0,20,0,1,49,200,6,200,200,200,200
354230,0,25,0,0,0,3,10,6,0,0,0,20,0,0,41,0,0,0,0,200,200
354233,0,30,0,0,0,3,8,2,0,0,0,200,200,2,200,200,12,200,200,200,200
354233,4,30,0,0,0,3,8,2,0,0,0,200,200,0,14,7,0,0,0,200,200
354247,0,30,1,2,0,3,10,5,0,0,0,7,0,1,26,200,200,0,0,200,200
354247,0,30,1,2,0,3,10,5,0,0,0,7,0,0,27,200,0,0,0,200,200
354247,1,30,1,2,0,3,10,5,0,0,0,7,0,1,200,200,200,200,200,200,200
354249,0,30,1,2,0,3,10,6,0,0,0,25,16,0,200,200,13,200,200,200,200
354249,0,30,1,2,0,3,10,6,0,0,0,25,16,0,25,0,12,0,0,200,200
354261,0,25,0,0,0,3,2,5,0,0,0,11,200,1,50,200,200,200,0,200,200
354266,0,30,2,2,0,3,14,6,0,0,0,22,25,0,200,200,13,200,200,200,200
354266,0,30,2,2,0,3,14,6,0,0,0,22,25,0,32,0,0,0,0,200,200
354266,1,30,2,2,0,3,14,6,0,0,0,22,25,0,26,0,200,200,200,200,200
354266,1,30,2,2,0,3,14,6,0,0,0,22,25,0,42,0,200,200,200,200,200
354269,0,30,1,2,200,3,10,5,0,200,0,16,0,0,22,200,12,200,200,200,200
354269,0,30,1,2,200,3,10,5,0,200,0,16,0,1,27,200,0,0,200,200,200
354272,0,30,0,0,0,1,7,3,0,0,0,22,11,1,200,200,12,0,0,200,200
354277,0,30,1,2,0,0,10,5,0,0,0,0,0,1,31,0,0,0,0,200,200
354277,0,30,1,2,0,0,10,5,0,0,0,0,0,0,53,0,0,0,0,200,200
354279,0,30,0,0,0,3,10,12,0,0,0,7,18,0,19,0,3,0,0,200,200
354279,0,30,0,0,0,3,10,12,0,0,0,7,18,0,23,0,12,0,0,200,200
354279,1,30,0,0,0,3,10,12,0,0,0,7,18,0,18,0,200,200,200,200,200
354279,1,30,0,0,0,3,10,12,0,0,0,7,18,0,18,0,200,200,200,200,200
354283,0,30,200,200,0,4,12,5,0,0,200,21,22,0,48,200,4,200,200,200,200
354283,0,30,200,200,0,4,12,5,0,0,200,21,22,1,34,0,200,200,0,200,200
354284,0,30,2,2,0,3,0,5,0,0,0,0,17,1,45,0,0,0,0,200,200
354284,0,30,2,2,0,3,0,5,0,0,0,0,17,0,46,200,200,200,200,200,200
354286,0,30,0,0,0,3,2,5,0,0,0,11,200,0,35,200,12,0,0,200,200
354287,0,30,1,2,0,3,14,5,0,0,0,6,21,1,24,0,1,0,0,200,200