RD_NO,PERSON_TYPE,POSTED_SPEED_LIMIT,TRAFFIC_CONTROL_DEVICE,DEVICE_CONDITION,WEATHER_CONDITION,LIGHTING_CONDITION,FIRST_CRASH_TYPE,TRAFFICWAY_TYPE,ALIGNMENT,ROADWAY_SURFACE_COND,ROAD_DEFECT,PRIM_CONTRIBUTORY_CAUSE,SEC_CONTRIBUTORY_CAUSE,SEX,AGE,SAFETY_EQUIPMENT,DRIVER_ACTION,DRIVER_VISION,PHYSICAL_CONDITION,BAC_RESULT VALUE,CELL_PHONE_USE
354287,0,30,1,2,0,3,14,5,0,0,0,6,21,0,25,0,200,0,0,200,200
354287,1,30,1,2,0,3,14,5,0,0,0,6,21,1,25,0,200,200,200,200,200
354287,1,30,1,2,0,3,14,5,0,0,0,6,21,1,200,0,200,200,200,200,200
354287,1,30,1,2,0,3,14,5,0,0,0,6,21,200,200,0,200,200,200,200,200
354292,0,30,200,200,200,1,10,200,0,200,200,16,0,0,200,200,200,200,200,200,200
354292,0,30,200,200,200,1,10,200,0,200,200,16,0,0,51,200,0,200,200,200,200
354293,0,30,0,0,0,3,7,6,0,0,0,32,27,0,30,0,12,200,5,200,200
354308,0,30,0,0,0,3,12,3,0,0,0,0,200,1,200,200,200,200,200,200,200
354308,0,30,0,0,0,3,12,3,0,0,0,0,200,1,39,200,200,0,0,200,200
354309,0,30,0,0,0,3,2,3,3,0,0,16,7,0,23,200,12,200,0,200,200
354310,0,25,1,200,0,3,14,3,0,0,0,17,23,1,70,200,1,0,0,200,200
354310,0,25,1,200,0,3,14,3,0,0,0,17,23,0,200,200,200,200,200,200,200
354315,0,20,12,12,0,3,7,6,0,0,0,32,3,0,22,200,12,200,5,200,200
354340,0,30,0,0,0,3,3,5,0,0,0,0,0,0,43,200,12,0,200,200,200
354340,0,30,0,0,0,3,3,5,0,0,0,0,0,0,19,200,200,0,0,200,200
354358,0,30,0,0,0,3,7,2,0,0,0,0,200,1,200,200,12,200,200,200,200
354360,0,30,0,2,0,3,10,1,0,0,0,25,200,0,34,0,12,0,200,200,200
354360,0,30,0,2,0,3,10,1,0,0,0,25,200,0,42,0,0,0,0,200,200
354362,0,20,0,0,0,3,7,5,0,0,0,14,16,0,45,0,12,0,0,200,200
354364,4,30,0,0,0,3,8,12,0,0,0,17,200,0,15,7,0,0,0,200,200
354364,0,30,0,0,0,3,8,12,0,0,0,17,200,1,200,200,1,200,200,200,200
354371,0,30,1,2,0,0,0,5,0,0,0,17,200,0,19,0,1,0,0,200,200
354371,0,30,1,2,0,0,0,5,0,0,0,17,200,0,23,0,0,0,0,200,200
354371,1,30,1,2,0,0,0,5,0,0,0,17,200,0,16,0,200,200,200,200,200
354371,1,30,1,2,0,0,0,5,0,0,0,17,200,0,40,0,200,200,200,200,200
354377,0,15,200,0,0,1,7,0,0,0,200,28,33,2,200,200,200,200,200,200,200
354389,0,35,0,0,0,3,14,2,0,0,0,23,200,0,54,0,7,0,0,200,200
354389,0,35,0,0,0,3,14,2,0,0,0,23,200,0,30,200,0,0,0,200,200
354400,0,30,0,0,0,3,7,5,0,0,0,0,22,0,60,200,2,0,0,200,200
354405,0,30,0,0,0,3,2,5,0,0,0,0,0,0,30,200,200,200,2,200,200
354414,0,30,0,0,0,1,2,5,0,0,0,0,0,0,52,200,12,0,0,200,200
354415,0,30,1,2,0,1,10,8,0,0,0,0,200,2,200,200,200,200,200,200,200
354415,0,30,1,2,0,1,10,8,0,0,0,0,200,0,29,200,0,0,0,200,200
354418,0,30,0,0,0,1,7,5,0,0,0,27,27,1,23,0,12,0,2,200,200
354419,0,30,1,2,0,1,0,5,0,0,0,6,200,1,49,200,5,0,0,200,200
354419,0,30,1,2,0,1,0,5,0,0,0,6,200,1,23,0,0,0,0,200,200
354419,1,30,1,2,0,1,0,5,0,0,0,6,200,1,200,5,200,200,200,200,200
354437,0,20,1,2,0,1,0,5,0,0,200,0,0,0,48,200,200,200,0,200,200
354437,0,20,1,2,0,1,0,5,0,0,200,0,0,1,46,200,200,200,0,200,200
354445,0,15,0,0,0,1,7,7,0,0,0,0,0,2,200,200,200,200,200,200,200
354451,0,20,0,0,0,1,7,6,0,0,0,20,200,2,200,200,6,200,200,200,200
354453,0,15,2,2,0,1,0,6,0,0,0,0,0,0,41,0,200,0,0,200,200
354453,0,15,2,2,0,1,0,6,0,0,0,0,0,0,32,0,0,0,0,200,200
354457,0,30,0,0,0,1,7,5,0,0,0,20,200,0,200,200,6,200,200,200,200
354457,1,30,0,0,0,1,7,5,0,0,0,20,200,0,200,200,200,200,200,200,200
354465,0,30,1,2,0,1,14,2,0,0,0,23,16,1,34,0,12,0,0,200,200
354465,0,30,1,2,0,1,14,2,0,0,0,23,16,0,40,0,12,0,0,200,200
354467,0,25,0,0,0,1,0,6,0,0,0,20,0,1,41,0,6,0,0,200,200
354467,0,25,0,0,0,1,0,6,0,0,0,20,0,1,30,0,0,0,0,200,200
354474,4,30,1,2,0,1,8,12,0,0,0,6,200,0,200,7,5,0,0,200,200
354474,0,30,1,2,0,1,8,12,0,0,0,6,200,0,200,0,0,0,0,200,200
354475,0,30,2,2,0,1,9,2,0,0,0,0,200,0,30,200,1,200,0,200,200
354475,5,30,2,2,0,1,9,2,0,0,0,0,200,0,39,7,0,200,0,200,200
354481,0,35,1,2,0,1,14,5,0,0,0,18,200,0,67,0,4,0,0,200,200
354481,0,35,1,2,0,1,14,5,0,0,0,18,200,0,50,0,0,0,0,200,200
354483,0,30,0,0,0,1,10,2,0,0,0,16,200,1,26,200,3,0,0,200,200
354483,0,30,0,0,0,1,10,2,0,0,0,16,200,0,38,200,0,0,0,200,200
354484,0,30,0,0,0,1,7,5,0,0,0,16,0,0,35,200,12,0,0,200,200
354492,0,25,1,2,200,200,10,2,0,0,200,18,16,1,28,200,3,200,200,200,200
354492,0,25,1,2,200,200,10,2,0,0,200,18,16,1,47,200,0,200,200,200,200
354500,0,5,1,2,0,1,12,7,0,0,0,20,0,0,51,0,6,200,0,200,200
354500,0,5,1,2,0,1,12,7,0,0,0,20,0,1,29,0,0,200,0,200,200
354502,4,30,2,2,0,1,8,5,0,0,0,33,11,1,32,3,1,0,0,200,200
354502,0,30,2,2,0,1,8,5,0,0,0,33,11,1,25,0,0,0,0,200,200
354508,0,30,1,2,0,1,12,6,0,0,0,22,21,1,36,0,4,0,0,200,200
354508,0,30,1,2,0,1,12,6,0,0,0,22,21,0,28,0,0,0,0,200,200
354510,0,30,0,0,0,1,14,5,0,0,0,23,17,1,17,0,7,200,0,200,200
354510,0,30,0,0,0,1,14,5,0,0,0,23,17,0,42,0,0,200,0,200,200
354512,0,30,1,2,0,1,0,5,0,0,0,0,0,0,200,200,200,200,200,200,200
354512,0,30,1,2,0,1,0,5,0,0,0,0,0,1,61,200,200,0,0,200,200
354512,1,30,1,2,0,1,0,5,0,0,0,0,0,0,200,200,200,200,200,200,200
354512,1,30,1,2,0,1,0,5,0,0,0,0,0,0,200,200,200,200,200,200,200
354516,0,30,1,2,0,1,10,2,0,0,0,18,16,0,32,0,3,0,0,200,200
354516,0,30,1,2,0,1,10,2,0,0,0,18,16,0,26,0,0,0,0,200,200
354516,1,30,1,2,0,1,10,2,0,0,0,18,16,1,6,0,200,200,200,200,200
354516,1,30,1,2,0,1,10,2,0,0,0,18,16,1,1,0,200,200,200,200,200
354519,0,0,2,2,0,1,10,2,0,0,0,0,200,0,200,200,8,200,200,200,200
354519,0,0,2,2,0,1,10,2,0,0,0,0,200,1,69,0,0,0,0,200,200
354522,0,15,0,0,0,3,2,0,0,0,0,0,200,1,41,0,2,0,200,200,200
354528,0,30,2,2,0,1,0,2,0,0,0,17,0,1,25,0,1,0,0,200,200
354528,0,30,2,2,0,1,0,2,0,0,0,17,0,0,29,0,0,0,0,200,200
354530,0,30,1,2,0,1,10,2,0,0,0,16,16,1,200,0,8,0,200,200,200
354530,0,30,1,2,0,1,10,2,0,0,0,16,16,0,43,0,0,0,0,200,200
354533,0,30,0,0,0,1,14,5,0,0,0,0,0,0,43,200,200,200,200,200,200
354533,0,30,0,0,0,1,14,5,0,0,0,0,0,1,42,200,200,200,200,200,200
354533,1,30,0,0,0,1,14,5,0,0,0,0,0,0,8,200,200,200,200,200,200
354533,1,30,0,0,0,1,14,5,0,0,0,0,0,1,6,200,200,200,200,200,200
354540,0,30,0,0,0,1,10,2,0,0,0,18,18,0,50,0,3,0,0,200,200
354540,0,30,0,0,0,1,10,2,0,0,0,18,18,1,55,0,0,0,0,200,200
354546,0,25,0,0,0,1,7,6,0,0,0,0,200,1,28,200,200,200,0,200,200
354548,0,30,1,2,0,1,12,2,0,0,0,22,200,0,62,0,0,0,0,200,200
354548,0,30,1,2,0,1,12,2,0,0,0,22,200,0,39,0,4,0,0,200,200
354549,0,30,2,2,0,1,14,5,0,0,0,17,200,0,46,0,1,0,0,200,200
354549,0,30,2,2,0,1,14,5,0,0,0,17,200,0,57,0,0,0,0,200,200
354549,0,30,2,2,0,1,14,5,0,0,0,17,200,0,40,0,0,0,0,200,200
354549,1,30,2,2,0,1,14,5,0,0,0,17,200,1,200,0,200,200,200,200,200
354555,0,30,0,0,0,1,7,2,0,0,0,20,200,2,200,200,6,200,200,200,200
354558,0,30,1,2,0,1,10,5,0,0,0,17,200,0,200,200,1,200,200,200,200
354558,0,30,1,2,0,1,10,5,0,0,0,17,200,0,32,7,0,0,0,200,200
354561,0,30,2,2,0,1,14,5,0,0,0,17,23,0,66,0,1,0,0,200,200
354561,0,30,2,2,0,1,14,5,0,0,0,17,23,0,47,0,0,0,0,200,200
354566,0,30,2,2,0,1,12,3,0,0,0,21,0,0,25,0,4,0,0,200,200
354566,0,30,2,2,0,1,12,3,0,0,0,21,0,1,29,0,0,0,0,200,200
354567,0,30,1,2,0,1,8,5,0,0,0,0,200,2,200,200,200,200,200,200,200
354567,4,30,1,2,0,1,8,5,0,0,0,0,200,0,20,3,12,0,0,200,200
354575,0,30,0,0,0,1,3,5,0,0,0,17,16,1,17,0,1,0,0,200,0
354575,0,30,0,0,0,1,3,5,0,0,0,17,16,1,200,0,0,0,7,200,200
354575,0,30,0,0,0,1,3,5,0,0,0,17,16,0,57,0,0,0,0,200,200
354575,0,30,0,0,0,1,3,5,0,0,0,17,16,1,71,0,0,0,0,200,200
354576,0,30,0,0,0,1,12,3,0,0,0,0,7,0,49,0,0,0,0,200,200
354576,0,30,0,0,0,1,12,3,0,0,0,0,7,1,39,200,12,0,0,200,200
354576,1,30,0,0,0,1,12,3,0,0,0,0,7,1,5,200,200,200,200,200,200
354578,0,30,0,0,0,1,7,6,0,0,0,27,22,0,77,200,2,0,0,200,200
354583,0,30,0,0,0,1,12,5,0,0,0,22,22,0,200,200,4,0,0,200,200
354583,0,30,0,0,0,1,12,5,0,0,0,22,22,1,26,0,4,0,0,200,200
354587,0,30,0,0,0,1,10,2,0,0,0,21,18,0,60,200,4,200,0,200,200
354587,0,30,0,0,0,1,10,2,0,0,0,21,18,0,45,200,200,200,0,200,200
354587,1,30,0,0,0,1,10,2,0,0,0,21,18,1,25,200,200,200,200,200,200
354598,0,0,0,0,0,1,7,2,0,0,0,0,200,1,200,0,12,0,0,200,200
354598,1,0,0,0,0,1,7,2,0,0,0,0,200,1,39,0,200,200,200,200,200
354602,0,30,1,2,0,1,12,6,0,0,0,17,200,0,37,0,1,0,0,200,200
354602,0,30,1,2,0,1,12,6,0,0,0,17,200,0,33,0,0,0,0,200,200
354602,1,30,1,2,0,1,12,6,0,0,0,17,200,1,200,0,200,200,200,200,200
354606,0,30,0,0,0,1,12,2,0,0,0,22,200,0,200,200,4,200,200,200,200
354606,0,30,0,0,0,1,12,2,0,0,0,22,200,0,23,0,0,0,0,200,200
354610,0,30,0,0,0,3,7,5,0,0,0,17,17,0,33,0,0,0,0,200,200
354621,0,30,0,0,200,200,7,5,0,200,0,0,0,2,200,200,200,200,200,200,200
354624,4,30,2,2,0,1,8,5,0,0,0,18,0,0,18,7,3,0,0,200,200
354624,0,30,2,2,0,1,8,5,0,0,0,18,0,0,49,0,0,0,0,200,200
354634,0,30,0,0,0,1,7,5,0,0,0,0,0,2,200,200,200,200,200,200,200
354634,1,30,0,0,0,1,7,5,0,0,0,0,0,0,200,0,200,200,200,200,200
354634,1,30,0,0,0,1,7,5,0,0,0,0,0,0,200,0,200,200,200,200,200
354634,1,30,0,0,0,1,7,5,0,0,0,0,0,1,31,0,200,200,200,200,200
354636,0,25,0,0,0,1,7,6,0,0,0,0,0,2,200,200,200,200,200,200,200
354638,0,3,0,0,0,1,10,5,0,0,0,0,0,1,48,0,200,0,0,200,200
354638,0,3,0,0,0,1,10,5,0,0,0,0,0,0,74,7,200,0,0,200,200
354650,0,30,1,2,0,4,14,3,0,0,0,17,200,0,88,0,1,200,0,200,200
354650,0,30,1,2,0,4,14,3,0,0,0,17,200,1,44,0,0,0,0,200,200
354656,0,30,1,2,0,1,12,5,0,0,0,17,200,0,200,200,1,200,200,200,200
354656,0,30,1,2,0,1,12,5,0,0,0,17,200,0,78,0,0,0,0,200,200
354660,0,35,0,0,0,1,10,5,0,0,0,0,0,0,42,7,0,0,0,200,200
354660,0,35,0,0,0,1,10,5,0,0,0,0,0,0,0,0,0,0,0,200,200
354661,0,30,0,0,0,1,4,5,0,0,0,11,34,0,25,0,12,0,0,200,200
354670,0,30,0,0,0,1,3,5,0,0,0,18,18,0,200,200,200,200,200,200,200
354670,0,30,0,0,0,1,3,5,0,0,0,18,18,0,53,7,0,0,0,200,200
354670,1,30,0,0,0,1,3,5,0,0,0,18,18,1,62,0,200,200,200,200,200
354670,1,30,0,0,0,1,3,5,0,0,0,18,18,0,69,0,200,200,200,200,200
354673,0,30,0,0,0,1,7,5,0,0,0,2,0,0,37,200,15,200,12,200,1
354680,0,30,0,0,0,200,7,6,0,0,0,11,200,2,200,200,12,200,200,200,200
354685,0,30,0,0,0,1,8,5,0,0,0,200,200,0,59,0,1,0,0,200,200
354685,4,30,0,0,0,1,8,5,0,0,0,200,200,1,47,7,0,0,0,200,200
354685,1,30,0,0,0,1,8,5,0,0,0,200,200,1,200,0,200,200,200,200,200
354686,0,30,1,0,0,1,10,2,0,0,0,16,200,0,20,200,12,0,0,200,200
354686,0,30,1,0,0,1,10,2,0,0,0,16,200,1,200,200,0,0,0,200,200
354686,0,30,1,0,0,1,10,2,0,0,0,16,200,0,26,200,0,0,0,200,200
354686,1,30,1,0,0,1,10,2,0,0,0,16,200,1,20,200,200,200,200,200,200
354686,1,30,1,0,0,1,10,2,0,0,0,16,200,1,28,200,200,200,200,200,200
354686,1,30,1,0,0,1,10,2,0,0,0,16,200,1,2,200,200,200,200,200,200
354686,1,30,1,0,0,1,10,2,0,0,0,16,200,1,24,200,200,200,200,200,200
354686,1,30,1,0,0,1,10,2,0,0,0,16,200,0,2,200,200,200,200,200,200
354686,1,30,1,0,0,1,10,2,0,0,0,16,200,200,3,200,200,200,200,200,200
354701,0,30,2,2,0,1,12,6,0,0,0,17,0,0,37,0,1,0,0,200,200
354701,0,30,2,2,0,1,12,6,0,0,0,17,0,1,27,0,12,5,0,200,200
354704,0,30,9,2,0,1,12,5,0,0,0,3,21,0,70,200,5,0,0,200,200
354704,0,30,9,2,0,1,12,5,0,0,0,3,21,0,47,200,0,0,0,200,200
354710,0,30,0,0,0,1,14,5,0,0,200,0,200,0,18,0,200,5,0,200,200
354710,0,30,0,0,0,1,14,5,0,0,200,0,200,1,22,200,0,200,200,200,200
354710,1,30,0,0,0,1,14,5,0,0,200,0,200,0,200,200,200,200,200,200,200
354711,0,5,0,0,0,1,7,0,0,0,0,15,16,0,200,200,8,0,200,200,200
354711,1,5,0,0,0,1,7,0,0,0,0,15,16,1,200,200,200,200,200,200,200
354711,1,5,0,0,0,1,7,0,0,0,0,15,16,0,200,200,200,200,200,200,200
354716,0,30,0,0,0,1,7,6,0,0,0,25,25,0,47,200,13,200,200,200,200
354719,0,30,0,0,0,1,0,2,0,0,0,17,0,0,200,200,1,200,200,200,200
354719,0,30,0,0,0,1,0,2,0,0,0,17,0,1,200,0,0,5,0,200,200
354722,0,35,0,0,0,1,12,3,0,0,0,11,200,1,27,200,12,0,0,200,200
354722,0,35,0,0,0,1,12,3,0,0,0,11,200,0,50,200,0,0,0,200,200
354726,0,20,0,0,0,1,10,2,0,0,0,12,12,0,28,0,12,0,0,200,200
354726,0,20,0,0,0,1,10,2,0,0,0,12,12,0,48,0,0,0,0,200,200
354726,1,20,0,0,0,1,10,2,0,0,0,12,12,0,200,0,200,200,200,200,200
354726,1,20,0,0,0,1,10,2,0,0,0,12,12,1,18,0,200,200,200,200,200
354728,0,30,0,0,0,1,0,5,0,0,0,17,17,1,28,0,1,0,0,200,200
354728,0,30,0,0,0,1,0,5,0,0,0,17,17,0,54,0,0,0,0,200,200
354734,0,30,0,0,200,200,7,6,0,200,0,0,0,2,200,200,200,200,200,200,200
354736,0,25,0,0,200,3,7,6,0,200,200,17,200,1,200,200,1,200,200,200,200
354737,0,35,0,0,0,1,12,5,0,0,0,17,17,0,200,200,200,200,200,200,200
354737,0,35,0,0,0,1,12,5,0,0,0,17,17,1,32,0,0,0,0,200,200
354737,1,35,0,0,0,1,12,5,0,0,0,17,17,1,30,0,200,200,200,200,200
354739,0,30,1,2,0,1,12,2,0,0,0,21,21,0,69,0,2,0,0,200,200
354739,0,30,1,2,0,1,12,2,0,0,0,21,21,1,48,0,0,0,0,200,200
354748,0,30,0,0,0,1,14,3,0,0,0,23,17,1,200,200,7,200,200,200,200
354748,0,30,0,0,0,1,14,3,0,0,0,23,17,0,35,200,0,0,0,200,200
354749,0,15,0,0,0,1,7,7,0,0,200,0,0,1,55,200,10,200,200,200,200
354755,0,30,0,0,0,1,14,3,0,0,200,0,200,0,200,7,7,200,200,200,0
354755,0,30,0,0,0,1,14,3,0,0,200,0,200,0,46,0,0,0,0,200,200
354755,1,30,0,0,0,1,14,3,0,0,200,0,200,0,28,0,200,200,200,200,200
354755,1,30,0,0,0,1,14,3,0,0,200,0,200,1,22,0,200,200,200,200,200
354760,0,30,12,12,0,1,7,7,0,0,200,0,0,0,200,200,6,200,200,200,200
354767,0,30,0,0,0,1,2,5,0,0,0,22,22,0,50,0,9,0,0,200,200
354767,0,30,0,0,0,1,2,5,0,0,0,22,22,0,24,0,0,200,200,200,200
354775,0,30,0,0,0,1,12,5,0,0,0,22,11,0,59,200,4,200,0,200,200
354775,0,30,0,0,0,1,12,5,0,0,0,22,11,1,64,200,0,200,200,200,200
354778,0,30,0,0,0,1,10,5,0,0,0,18,17,1,19,200,1,200,200,200,200
354778,0,30,0,0,0,1,10,5,0,0,0,18,17,0,66,0,0,0,0,200,200
354778,1,30,0,0,0,1,10,5,0,0,0,18,17,0,200,0,200,200,200,200,200
354780,0,30,1,2,0,1,14,5,0,0,0,17,200,0,46,0,1,0,0,200,200
354780,0,30,1,2,0,1,14,5,0,0,0,17,200,1,45,0,0,0,0,200,200
354780,1,30,1,2,0,1,14,5,0,0,0,17,200,1,200,0,200,200,200,200,200
354780,1,30,1,2,0,1,14,5,0,0,0,17,200,0,12,0,200,200,200,200,200
354780,1,30,1,2,0,1,14,5,0,0,0,17,200,1,7,0,200,200,200,200,200
354780,1,30,1,2,0,1,14,5,0,0,0,17,200,1,42,0,200,200,200,200,200
354787,0,30,1,2,0,1,12,5,0,0,0,0,200,1,200,200,200,200,0,200,200
354787,0,30,1,2,0,1,12,5,0,0,0,0,200,1,200,7,0,0,0,200,200
354788,0,30,1,2,0,1,14,5,0,0,0,17,23,1,25,0,1,0,0,200,200
354788,0,30,1,2,0,1,14,5,0,0,0,17,23,1,58,0,0,0,0,200,200
354790,0,30,1,2,0,1,12,3,0,0,0,11,0,1,200,200,200,200,200,200,200
354790,0,30,1,2,0,1,12,3,0,0,0,11,0,1,37,0,0,0,0,200,200
354800,0,30,1,2,0,1,3,5,0,0,0,22,11,0,22,0,9,0,0,200,200
354800,0,30,1,2,0,1,3,5,0,0,0,22,11,0,59,0,0,0,0,200,200
354803,0,15,0,0,0,1,7,7,0,0,0,11,200,0,33,0,7,0,0,200,200
354803,1,15,0,0,0,1,7,7,0,0,0,11,200,0,35,0,200,200,200,200,200
354806,0,35,0,0,0,1,7,3,0,0,0,8,200,0,42,0,3,0,0,200,200
354810,0,30,0,0,0,1,14,2,0,200,200,11,11,1,31,0,7,0,0,200,200
354810,0,30,0,0,0,1,14,2,0,200,200,11,11,0,45,0,0,0,0,200,200
354811,0,30,1,2,0,1,14,2,0,0,0,17,23,1,32,0,7,0,0,200,200
354811,0,30,1,2,0,1,14,2,0,0,0,17,23,1,32,0,0,0,0,200,200
354814,0,25,0,0,200,1,7,5,0,200,200,20,0,0,200,200,6,200,200,200,200
354814,1,25,0,0,200,1,7,5,0,200,200,20,0,1,200,0,200,200,200,200,200
354815,0,30,1,2,0,1,14,6,0,0,0,23,200,0,200,200,7,200,200,200,200
354815,0,30,1,2,0,1,14,6,0,0,0,23,200,1,67,0,0,0,0,200,200
354819,0,30,2,2,0,1,14,2,0,0,0,17,200,1,23,0,1,0,0,200,200
354819,0,30,2,2,0,1,14,2,0,0,0,17,200,1,28,0,0,0,0,200,200
354819,1,30,2,2,0,1,14,2,0,0,0,17,200,1,12,0,200,200,200,200,200
354819,1,30,2,2,0,1,14,2,0,0,0,17,200,1,1,5,200,200,200,200,200
354826,0,30,2,2,0,1,2,2,0,0,0,13,0,0,41,0,12,0,0,200,200
354826,1,30,2,2,0,1,2,2,0,0,0,13,0,0,41,0,200,200,200,200,200
354835,0,25,2,1,0,1,10,5,0,0,0,0,0,0,21,0,200,0,0,200,200
354835,0,25,2,1,0,1,10,5,0,0,0,0,0,1,31,0,0,0,0,200,200
354835,1,25,2,1,0,1,10,5,0,0,0,0,0,1,200,0,200,200,200,200,200
354835,1,25,2,1,0,1,10,5,0,0,0,0,0,1,200,0,200,200,200,200,200
354835,1,25,2,1,0,1,10,5,0,0,0,0,0,1,200,0,200,200,200,200,200
354839,0,30,0,0,0,1,10,5,0,0,0,18,18,1,24,0,3,0,0,200,200
354839,0,30,0,0,0,1,10,5,0,0,0,18,18,0,200,200,0,0,0,200,200
354844,0,30,2,2,0,1,0,2,0,0,0,0,0,0,200,200,200,200,200,200,200
354844,0,30,2,2,0,1,0,2,0,0,0,0,0,1,31,0,0,0,0,200,200
354847,0,30,0,0,0,1,12,2,0,0,0,14,0,1,75,0,0,0,0,200,200
354847,0,30,0,0,0,1,12,2,0,0,0,14,0,0,200,200,2,200,200,200,200
354849,0,30,0,0,0,1,7,6,0,0,0,200,200,1,60,200,200,200,200,200,200
354852,0,25,0,0,0,1,9,12,0,0,0,0,200,0,37,200,12,200,0,200,200
354852,5,25,0,0,0,1,9,12,0,0,0,0,200,1,5,200,200,200,200,200,200
354853,0,30,1,2,0,1,12,5,0,0,0,0,0,1,200,200,200,200,200,200,200
354853,0,30,1,2,0,1,12,5,0,0,0,0,0,0,52,0,0,0,0,200,200
354855,0,30,0,0,0,1,2,3,0,0,0,12,200,1,68,200,200,200,0,200,200
354860,0,30,2,2,0,1,0,2,0,0,0,17,16,0,49,0,1,12,0,200,200
354860,0,30,2,2,0,1,0,2,0,0,0,17,16,0,45,0,0,12,0,200,200
354862,0,30,0,0,0,1,10,5,0,0,0,0,0,1,26,0,0,0,0,200,200
354862,0,30,0,0,0,1,10,5,0,0,0,0,0,1,61,0,0,0,0,200,200
354866,0,15,0,0,0,4,7,7,0,0,0,20,16,0,200,200,6,200,200,200,200
354883,0,35,0,0,0,1,10,2,0,0,0,18,200,1,36,0,3,0,0,200,200
354883,0,35,0,0,0,1,10,2,0,0,0,18,200,1,48,0,0,0,0,200,200
354885,0,30,0,0,0,1,12,2,0,0,0,11,11,0,33,0,4,200,200,200,200
354885,0,30,0,0,0,1,12,2,0,0,0,11,11,0,61,0,0,200,200,200,200
354885,1,30,0,0,0,1,12,2,0,0,0,11,11,0,30,0,200,200,200,200,200
354885,1,30,0,0,0,1,12,2,0,0,0,11,11,0,200,200,200,200,200,200,200
354891,0,30,1,2,0,1,12,5,0,0,0,0,0,2,200,200,200,200,200,200,200
354891,0,30,1,2,0,1,12,5,0,0,0,0,0,0,53,0,0,0,0,200,200
354895,0,30,0,0,0,1,10,5,0,0,0,0,0,0,37,0,6,0,0,200,200
354895,0,30,0,0,0,1,10,5,0,0,0,0,0,1,23,0,0,0,0,200,200
354896,0,30,0,0,0,1,12,5,0,0,0,22,200,1,28,200,4,0,0,200,200
354896,0,30,0,0,0,1,12,5,0,0,0,22,200,1,22,200,0,0,0,200,200
354903,0,30,200,200,0,1,12,5,0,200,200,12,200,1,55,200,200,200,0,200,200
354903,0,30,200,200,0,1,12,5,0,200,200,12,200,0,54,200,12,200,0,200,200
354914,0,30,1,2,0,1,12,5,0,0,0,11,200,2,200,200,12,200,200,200,200
354914,0,30,1,2,0,1,12,5,0,0,0,11,200,1,28,0,0,0,0,200,200
354916,0,30,0,0,0,1,14,5,0,0,0,0,0,0,0,2,200,0,0,200,200
354916,0,30,0,0,0,1,14,5,0,0,0,0,0,1,60,0,200,0,0,200,200
354920,0,10,200,200,0,1,14,7,0,0,200,0,0,0,200,200,1,200,200,200,200
354920,0,10,200,200,0,1,14,7,0,0,200,0,0,0,24,0,0,0,0,200,200
354920,1,10,200,200,0,1,14,7,0,0,200,0,0,1,61,0,200,200,200,200,200
354930,0,30,0,0,0,1,7,0,0,0,0,11,200,0,53,0,12,0,0,200,200
354931,0,30,1,2,0,1,12,6,0,0,0,0,200,0,200,0,4,0,0,200,200
354931,0,30,1,2,0,1,12,6,0,0,0,0,200,0,200,0,4,0,0,200,200
354935,0,30,200,200,200,200,10,5,0,200,200,0,200,0,37,200,200,200,200,200,200
354935,0,30,200,200,200,200,10,5,0,200,200,0,200,1,24,0,200,200,200,200,200
354947,0,30,0,0,0,1,10,2,0,0,0,18,200,0,35,0,3,0,0,200,200
354947,0,30,0,0,0,1,10,2,0,0,0,18,200,0,47,0,0,0,0,200,200
354947,1,30,0,0,0,1,10,2,0,0,0,18,200,1,47,0,200,200,200,200,200
354955,0,30,0,0,0,1,11,7,0,0,0,0,200,0,200,200,12,200,200,200,200
354955,0,30,0,0,0,1,11,7,0,0,0,0,200,1,39,0,0,0,0,200,200
354957,0,30,0,0,0,1,10,5,0,200,200,18,200,0,56,200,1,200,200,200,200
354957,0,30,0,0,0,1,10,5,0,200,200,18,200,1,39,200,200,0,0,200,200
354957,1,30,0,0,0,1,10,5,0,200,200,18,200,0,0,5,200,200,200,200,200
354957,1,30,0,0,0,1,10,5,0,200,200,18,200,1,200,200,200,200,200,200,200
354962,0,30,1,2,0,1,14,3,0,0,0,17,200,0,50,0,1,0,0,200,200
354962,0,30,1,2,0,1,14,3,0,0,0,17,200,0,46,0,0,0,0,200,200
354962,1,30,1,2,0,1,14,3,0,0,0,17,200,1,200,200,200,200,200,200,200
354964,4,30,1,2,0,1,8,1,0,0,0,6,0,1,19,3,5,0,0,200,200
354964,0,30,1,2,0,1,8,1,0,0,0,6,0,1,39,0,0,0,0,200,200
354965,0,30,0,0,0,1,11,7,0,0,0,0,0,0,55,200,200,200,200,200,200
354965,0,30,0,0,0,1,11,7,0,0,0,0,0,1,50,0,0,0,0,200,200
354967,0,10,0,0,0,1,14,7,2,0,0,16,17,1,36,0,1,0,0,200,200
354967,0,10,0,0,0,1,14,7,2,0,0,16,17,0,18,0,0,0,0,200,200
354971,0,30,0,0,0,1,9,2,0,0,0,0,200,0,78,0,12,0,0,200,200
354971,5,30,0,0,0,1,9,2,0,0,0,0,200,0,21,7,0,0,0,200,200
354976,0,30,1,2,0,1,14,6,0,0,0,17,0,0,200,0,1,0,0,200,200
354976,0,30,1,2,0,1,14,6,0,0,0,17,0,0,200,0,0,0,0,200,200
354980,0,30,0,0,0,1,12,5,0,200,200,17,17,0,23,200,1,200,200,200,200