RD_NO,PERSON_TYPE,POSTED_SPEED_LIMIT,TRAFFIC_CONTROL_DEVICE,DEVICE_CONDITION,WEATHER_CONDITION,LIGHTING_CONDITION,FIRST_CRASH_TYPE,TRAFFICWAY_TYPE,ALIGNMENT,ROADWAY_SURFACE_COND,ROAD_DEFECT,PRIM_CONTRIBUTORY_CAUSE,SEC_CONTRIBUTORY_CAUSE,SEX,AGE,SAFETY_EQUIPMENT,DRIVER_ACTION,DRIVER_VISION,PHYSICAL_CONDITION,BAC_RESULT VALUE,CELL_PHONE_USE
354980,0,30,0,0,0,1,12,5,0,200,200,17,17,0,57,0,200,200,200,200,200
354983,0,30,1,200,0,0,14,5,0,0,200,23,0,0,68,200,200,200,200,200,200
354983,0,30,1,200,0,0,14,5,0,0,200,23,0,0,30,0,0,0,0,200,200
354986,0,30,1,2,0,1,14,5,0,0,0,200,200,1,60,0,200,0,0,200,200
354986,0,30,1,2,0,1,14,5,0,0,0,200,200,0,59,0,0,0,0,200,200
354992,0,30,0,0,0,1,3,5,0,0,200,0,0,0,200,200,200,200,200,200,200
354992,0,30,0,0,0,1,3,5,0,0,200,0,0,1,44,0,200,200,0,200,200
354997,0,30,1,2,0,1,10,5,0,0,0,18,16,0,71,200,3,200,0,200,200
354997,0,30,1,2,0,1,10,5,0,0,0,18,16,0,25,0,0,0,0,200,200
354997,0,30,1,2,0,1,10,5,0,0,0,18,16,0,200,200,0,200,200,200,200
354998,0,30,1,2,0,1,10,3,0,0,0,18,0,0,41,0,3,0,0,200,200
354998,0,30,1,2,0,1,10,3,0,0,0,18,0,1,41,0,12,0,0,200,200
355001,4,0,1,2,0,1,8,2,0,0,0,0,0,2,200,200,200,200,200,200,200
355001,0,0,1,2,0,1,8,2,0,0,0,0,0,0,84,200,200,0,0,200,200
355003,0,30,1,2,0,1,8,5,0,0,0,0,0,0,55,200,12,0,0,200,200
355003,4,30,1,2,0,1,8,5,0,0,0,0,0,0,34,3,0,0,0,200,200
355003,1,30,1,2,0,1,8,5,0,0,0,0,0,1,200,200,200,200,200,200,200
355006,0,30,0,3,0,1,7,6,0,0,200,25,35,2,200,200,200,200,200,200,200
355007,0,25,0,0,0,1,12,5,0,0,0,20,200,1,23,0,6,0,0,200,200
355007,0,25,0,0,0,1,12,5,0,0,0,20,200,1,24,0,12,0,0,200,200
355008,0,35,1,2,0,1,0,6,0,0,0,3,200,0,21,200,5,200,200,200,200
355008,0,35,1,2,0,1,0,6,0,0,0,3,200,0,43,0,0,0,0,200,200
355008,1,35,1,2,0,1,0,6,0,0,0,3,200,0,4,5,200,200,200,200,200
355008,1,35,1,2,0,1,0,6,0,0,0,3,200,1,3,5,200,200,200,200,200
355010,0,30,200,200,200,1,2,5,0,200,200,0,200,1,74,0,0,200,200,200,200
355022,0,30,0,0,0,1,10,5,0,0,0,0,0,0,32,0,0,0,0,200,200
355022,0,30,0,0,0,1,10,5,0,0,0,0,0,0,200,200,200,200,200,200,200
355027,0,30,1,2,0,1,12,5,0,0,0,22,200,0,20,200,4,0,0,200,200
355027,0,30,1,2,0,1,12,5,0,0,0,22,200,0,46,200,0,0,0,200,200
355027,1,30,1,2,0,1,12,5,0,0,0,22,200,0,200,200,200,200,200,200,200
355028,0,30,1,2,0,1,10,5,0,0,0,0,200,0,200,0,1,0,0,200,200
355028,0,30,1,2,0,1,10,5,0,0,0,0,200,1,72,0,0,0,0,200,200
355033,0,30,1,2,0,1,14,12,0,0,0,0,0,0,200,200,200,200,200,200,200
355033,0,30,1,2,0,1,14,12,0,0,0,0,0,0,200,0,200,0,0,200,200
355039,0,20,1,2,0,1,7,5,0,0,0,22,200,0,200,200,4,200,200,200,200
355046,0,30,1,2,0,1,10,2,0,0,0,0,0,0,32,200,200,200,200,200,200
355046,0,30,1,2,0,1,10,2,0,0,0,0,0,1,35,200,0,200,0,200,200
355047,0,30,0,0,0,1,12,5,0,0,200,17,200,0,200,200,1,200,200,200,200
355047,0,30,0,0,0,1,12,5,0,0,200,17,200,1,55,0,0,200,0,200,200
355050,0,30,0,0,0,1,0,5,0,0,0,0,0,1,20,0,200,0,0,200,200
355050,0,30,0,0,0,1,0,5,0,0,0,0,0,0,27,0,0,0,0,200,200
355052,0,30,2,12,0,1,0,6,2,0,0,17,17,1,51,200,1,200,0,200,200
355052,0,30,2,12,0,1,0,6,2,0,0,17,17,1,30,200,0,200,0,200,200
355052,1,30,2,12,0,1,0,6,2,0,0,17,17,0,200,200,200,200,200,200,200
355052,1,30,2,12,0,1,0,6,2,0,0,17,17,1,200,200,200,200,200,200,200
355055,0,20,0,0,0,1,8,12,0,0,0,0,0,0,26,0,0,0,0,200,200
355055,4,20,0,0,0,1,8,12,0,0,0,0,0,0,25,2,0,0,0,200,200
355058,0,30,3,0,0,1,12,12,0,0,0,22,23,0,21,200,4,12,12,200,200
355058,0,30,3,0,0,1,12,12,0,0,0,22,23,1,30,200,12,0,0,200,200
355068,0,30,12,0,0,1,5,7,3,0,2,200,200,1,36,0,0,200,0,200,200
355070,0,30,2,0,0,1,12,6,0,0,0,0,200,1,23,200,200,200,0,200,200
355070,0,30,2,0,0,1,12,6,0,0,0,0,200,0,60,0,200,0,0,200,200
355070,1,30,2,0,0,1,12,6,0,0,0,0,200,0,200,5,200,200,200,200,200
355075,0,30,200,200,200,200,7,7,0,0,200,0,200,0,23,200,200,200,200,200,200
355075,1,30,200,200,200,200,7,7,0,0,200,0,200,0,62,200,200,200,200,200,200
355077,0,30,0,0,0,1,14,5,0,0,0,0,200,1,40,200,200,200,200,200,200
355077,0,30,0,0,0,1,14,5,0,0,0,0,200,0,70,0,0,0,0,200,200
355077,1,30,0,0,0,1,14,5,0,0,0,0,200,1,67,0,200,200,200,200,200
355083,0,35,2,2,0,1,0,3,0,0,0,17,200,0,29,200,1,0,0,200,200
355083,0,35,2,2,0,1,0,3,0,0,0,17,200,0,29,200,0,0,0,200,200
355084,0,30,1,2,0,1,10,2,0,200,200,0,200,0,200,200,1,200,200,200,200
355084,0,30,1,2,0,1,10,2,0,200,200,0,200,1,32,0,0,0,0,200,200
355086,0,30,200,200,200,200,0,5,0,200,200,0,0,2,200,200,200,200,200,200,200
355086,0,30,200,200,200,200,0,5,0,200,200,0,0,0,33,200,200,200,0,200,200
355087,0,30,0,0,200,1,7,5,0,200,200,17,200,2,200,200,1,200,200,200,200
355089,0,30,0,0,0,1,10,3,0,0,0,18,200,0,22,200,3,200,200,200,200
355089,0,30,0,0,0,1,10,3,0,0,0,18,200,0,47,0,0,0,0,200,200
355092,0,10,0,0,0,1,7,7,0,200,200,0,200,2,200,200,200,200,200,200,200
355094,0,30,1,200,0,1,10,3,0,0,200,0,0,0,27,200,200,200,200,200,200
355094,0,30,1,200,0,1,10,3,0,0,200,0,0,0,40,200,12,200,0,200,200
355095,0,25,0,0,0,1,14,5,0,0,0,21,200,1,28,200,12,200,200,200,200
355095,0,25,0,0,0,1,14,5,0,0,0,21,200,0,45,200,12,200,0,200,200
355098,0,30,0,0,0,1,12,5,0,0,0,0,0,2,200,200,200,200,200,200,200
355098,0,30,0,0,0,1,12,5,0,0,0,0,0,1,45,0,0,0,0,200,200
355098,1,30,0,0,0,1,12,5,0,0,0,0,0,0,25,0,200,200,200,200,200
355102,0,30,0,0,0,1,2,5,0,0,200,25,200,1,50,200,0,200,12,200,200
355103,0,30,200,200,200,200,7,200,0,200,200,0,200,2,200,200,200,200,200,200,200
355105,0,30,1,2,0,1,14,2,2,0,0,17,16,1,39,0,1,1,200,200,200
355105,0,30,1,2,0,1,14,2,2,0,0,17,16,1,19,0,0,0,0,200,200
355106,0,30,0,0,0,1,11,7,0,0,0,0,0,0,200,200,12,200,200,200,200
355106,0,30,0,0,0,1,11,7,0,0,0,0,0,0,200,200,0,0,0,200,200
355108,4,30,1,2,0,1,8,5,0,0,0,16,0,0,14,7,200,0,0,200,200
355108,0,30,1,2,0,1,8,5,0,0,0,16,0,1,48,0,12,2,0,200,200
355110,0,30,1,2,0,1,10,5,0,200,200,18,18,0,23,0,3,200,0,200,200
355110,0,30,1,2,0,1,10,5,0,200,200,18,18,1,45,200,12,200,200,200,200
355112,0,30,0,0,0,1,7,5,0,0,0,0,0,2,200,200,200,200,200,200,200
355113,0,30,0,0,0,1,10,12,0,0,200,20,0,0,200,200,6,200,200,200,200
355113,0,30,0,0,0,1,10,12,0,0,200,20,0,1,54,0,0,0,0,200,200
355115,0,30,0,0,0,1,7,5,0,0,0,20,200,1,55,200,6,200,0,200,200
355117,0,30,0,0,0,1,14,5,0,0,0,17,23,1,26,0,1,0,0,200,200
355117,0,30,0,0,0,1,14,5,0,0,0,17,23,0,37,0,0,0,0,200,200
355118,0,30,0,0,0,1,7,6,0,0,0,0,200,0,49,0,200,0,0,200,200
355122,0,30,0,0,0,1,14,2,0,0,200,0,200,0,76,0,200,200,200,200,200
355122,0,30,0,0,0,1,14,2,0,0,200,0,200,1,21,0,200,200,200,200,200
355123,0,30,0,0,0,1,10,5,0,0,0,18,0,1,23,200,3,200,0,200,200
355123,0,30,0,0,0,1,10,5,0,0,0,18,0,0,79,200,0,200,0,200,200
355123,0,30,0,0,0,1,10,5,0,0,0,18,0,1,60,200,0,200,0,200,200
355123,0,30,0,0,0,1,10,5,0,0,0,18,0,0,49,200,0,200,0,200,200
355123,1,30,0,0,0,1,10,5,0,0,0,18,0,0,65,200,200,200,200,200,200
355127,0,30,0,0,0,1,7,6,0,0,0,200,14,0,33,200,13,200,200,200,200
355129,0,0,0,0,0,1,12,200,0,200,200,0,200,0,34,200,200,200,200,200,200
355129,0,0,0,0,0,1,12,200,0,200,200,0,200,0,44,0,200,200,0,200,200
355132,0,30,1,2,0,1,10,2,0,0,0,18,200,1,20,0,3,0,4,200,200
355132,0,30,1,2,0,1,10,2,0,0,0,18,200,1,53,0,0,0,0,200,200
355132,1,30,1,2,0,1,10,2,0,0,0,18,200,1,27,0,200,200,200,200,200
355132,1,30,1,2,0,1,10,2,0,0,0,18,200,1,12,0,200,200,200,200,200
355132,1,30,1,2,0,1,10,2,0,0,0,18,200,0,1,5,200,200,200,200,200
355137,0,10,0,0,0,1,7,7,0,0,0,0,200,0,82,0,12,0,4,200,200
355143,0,30,0,0,0,1,7,5,0,0,0,200,200,2,200,200,200,200,200,200,200
355144,0,30,0,0,0,1,12,6,0,0,0,17,200,0,200,0,1,0,0,200,200
355144,0,30,0,0,0,1,12,6,0,0,0,17,200,0,200,0,0,0,0,200,200
355147,0,30,1,200,0,1,12,2,0,0,0,16,200,2,200,200,200,200,200,200,200
355147,0,30,1,200,0,1,12,2,0,0,0,16,200,0,36,200,0,200,200,200,200
355149,0,35,0,0,0,1,14,5,0,0,0,23,22,0,43,0,7,0,0,200,200
355149,0,35,0,0,0,1,14,5,0,0,0,23,22,0,27,0,0,0,0,200,200
355155,0,25,0,0,0,1,2,2,0,0,0,33,0,0,200,200,10,200,200,200,200
355165,0,30,2,2,0,1,14,2,0,0,200,17,0,0,200,200,1,200,200,200,200
355165,0,30,2,2,0,1,14,2,0,0,200,17,0,0,21,0,0,200,0,200,200
355165,1,30,2,2,0,1,14,2,0,0,200,17,0,1,200,200,200,200,200,200,200
355165,1,30,2,2,0,1,14,2,0,0,200,17,0,0,200,200,200,200,200,200,200
355166,0,30,0,0,0,1,12,6,0,0,0,21,200,0,23,200,4,0,0,200,200
355166,0,30,0,0,0,1,12,6,0,0,0,21,200,0,60,200,0,0,0,200,200
355173,0,30,2,2,0,1,14,5,0,0,0,0,0,1,200,200,200,200,200,200,200
355173,0,30,2,2,0,1,14,5,0,0,0,0,0,0,46,0,0,0,0,200,200
355177,0,30,0,0,0,1,9,2,0,0,0,17,200,1,30,0,0,0,0,200,200
355177,5,30,0,0,0,1,9,2,0,0,0,17,200,1,69,7,12,0,0,200,200
355177,1,30,0,0,0,1,9,2,0,0,0,17,200,1,200,0,200,200,200,200,200
355177,1,30,0,0,0,1,9,2,0,0,0,17,200,0,34,0,200,200,200,200,200
355177,1,30,0,0,0,1,9,2,0,0,0,17,200,1,63,0,200,200,200,200,200
355179,0,30,0,0,0,1,7,5,0,0,0,0,0,2,200,200,200,200,200,200,200
355183,0,55,0,0,0,1,12,3,0,200,200,21,22,0,200,200,4,200,200,200,200
355183,0,55,0,0,0,1,12,3,0,200,200,21,22,1,23,0,200,200,200,200,200
355183,1,55,0,0,0,1,12,3,0,200,200,21,22,1,23,0,200,200,200,200,200
355185,0,30,2,2,0,1,0,5,0,0,0,33,200,0,35,0,12,12,0,200,200
355185,0,30,2,2,0,1,0,5,0,0,0,33,200,1,45,0,0,0,0,200,200
355185,1,30,2,2,0,1,0,5,0,0,0,33,200,1,20,0,200,200,200,200,200
355186,0,30,1,2,0,1,14,5,0,0,0,6,200,0,200,200,5,200,200,200,200
355186,0,30,1,2,0,1,14,5,0,0,0,6,200,0,35,200,0,0,0,200,200
355186,0,30,1,2,0,1,14,5,0,0,0,6,200,0,57,200,0,0,0,200,200
355186,0,30,1,2,0,1,14,5,0,0,0,6,200,1,39,200,0,200,0,200,200
355189,0,30,0,0,0,1,14,5,0,0,0,11,0,0,26,200,12,200,0,200,200
355189,0,30,0,0,0,1,14,5,0,0,0,11,0,0,41,3,12,200,7,200,200
355190,0,30,0,0,0,1,10,5,0,0,0,18,200,0,36,0,3,0,0,200,200
355190,0,30,0,0,0,1,10,5,0,0,0,18,200,0,62,0,0,0,0,200,200
355196,0,35,0,0,0,1,12,3,2,0,0,0,0,0,25,200,200,200,0,200,200
355196,0,35,0,0,0,1,12,3,2,0,0,0,0,0,43,200,200,200,0,200,200
355197,0,10,0,0,0,3,7,7,0,0,0,0,200,1,68,0,6,0,0,200,200
355199,0,30,0,0,0,1,7,5,0,0,0,0,0,1,200,200,200,200,200,200,200
355205,0,30,2,2,0,1,9,5,0,0,0,17,0,0,32,0,1,6,0,200,200
355205,5,30,2,2,0,1,9,5,0,0,0,17,0,1,20,7,12,200,200,200,200
355206,0,30,0,0,0,1,10,2,0,0,0,0,200,1,44,0,200,0,200,200,200
355206,0,30,0,0,0,1,10,2,0,0,0,0,200,0,200,200,200,0,200,200,200
355208,0,30,1,2,0,1,14,3,0,0,0,0,0,1,33,200,7,0,0,200,200
355208,0,30,1,2,0,1,14,3,0,0,0,0,0,0,64,200,0,0,0,200,200
355214,0,30,2,2,0,1,0,5,0,0,0,17,5,1,25,0,5,0,0,200,200
355214,0,30,2,2,0,1,0,5,0,0,0,17,5,1,30,0,0,0,0,200,200
355216,0,30,1,2,0,1,12,5,0,0,0,18,200,0,65,0,2,0,0,200,200
355216,0,30,1,2,0,1,12,5,0,0,0,18,200,0,38,0,0,0,0,200,200
355217,0,5,0,0,0,1,7,7,0,0,0,20,11,1,200,200,6,200,200,200,200
355217,1,5,0,0,0,1,7,7,0,0,0,20,11,0,71,0,200,200,200,200,200
355219,0,15,0,0,0,1,10,0,0,0,0,20,16,0,200,200,6,200,0,200,200
355219,0,15,0,0,0,1,10,0,0,0,0,20,16,1,54,0,0,0,0,200,200
355219,1,15,0,0,0,1,10,0,0,0,0,20,16,1,200,0,200,200,200,200,200
355222,0,5,0,0,0,1,7,7,0,0,0,0,200,2,200,200,200,200,200,200,200
355225,0,30,2,2,0,1,14,5,0,0,0,17,0,1,42,0,200,12,0,200,200
355225,0,30,2,2,0,1,14,5,0,0,0,17,0,0,50,0,12,200,0,200,200
355226,0,30,0,0,0,1,7,5,0,0,0,0,200,2,200,200,200,200,200,200,200
355230,0,30,1,2,0,1,0,5,0,0,200,17,200,0,200,200,1,200,200,200,200
355230,0,30,1,2,0,1,0,5,0,0,200,17,200,1,35,200,0,200,200,200,200
355232,0,25,0,0,0,1,7,5,0,0,0,200,200,0,200,200,0,200,200,200,200
355233,0,30,0,0,0,1,10,5,0,0,0,18,200,0,200,0,3,0,0,200,200
355233,0,30,0,0,0,1,10,5,0,0,0,18,200,1,51,0,0,0,0,200,200
355236,0,30,2,2,0,1,8,5,0,0,0,5,11,1,45,200,5,200,0,200,200
355236,4,30,2,2,0,1,8,5,0,0,0,5,11,0,28,2,0,200,0,200,200
355236,1,30,2,2,0,1,8,5,0,0,0,5,11,0,200,5,200,200,200,200,200
355251,0,30,1,2,0,1,14,2,0,0,0,17,11,0,35,0,0,0,0,200,200
355251,0,30,1,2,0,1,14,2,0,0,0,17,11,1,21,0,1,0,7,200,200
355252,0,30,0,0,0,1,7,5,0,0,0,32,16,0,32,200,200,0,6,0,200
355253,0,30,0,0,0,1,14,2,0,0,0,23,0,0,22,0,7,0,0,200,200
355253,0,30,0,0,0,1,14,2,0,0,0,23,0,0,32,0,0,0,0,200,200
355253,1,30,0,0,0,1,14,2,0,0,0,23,0,1,18,0,200,200,200,200,200
355260,0,30,0,0,0,1,9,7,0,0,0,20,200,1,200,200,6,200,200,200,200
355260,5,30,0,0,0,1,9,7,0,0,0,20,200,0,54,7,0,0,0,200,200
355264,0,35,1,2,0,1,14,2,0,0,0,17,200,0,23,0,0,0,0,200,200
355264,0,35,1,2,0,1,14,2,0,0,0,17,200,0,33,7,0,0,0,200,200
355267,0,30,0,0,0,1,7,5,0,0,0,0,200,2,200,200,200,200,200,200,200
355271,0,30,2,2,0,1,0,2,4,0,0,17,200,1,58,200,1,0,0,200,200
355271,0,30,2,2,0,1,0,2,4,0,0,17,200,1,46,200,200,200,0,200,200
355272,0,30,1,2,0,1,10,5,0,0,0,0,0,0,28,200,12,0,0,200,200
355272,0,30,1,2,0,1,10,5,0,0,0,0,0,0,28,0,0,0,0,200,200
355273,0,30,0,0,0,1,14,5,0,0,0,23,17,1,25,0,7,0,0,200,200
355273,0,30,0,0,0,1,14,5,0,0,0,23,17,1,42,0,0,0,0,200,200
355275,0,30,200,200,0,1,7,6,0,0,200,25,25,2,200,200,200,200,200,200,200
355276,0,45,1,2,0,1,14,2,0,0,0,0,200,0,200,200,6,0,200,200,200
355276,0,45,1,2,0,1,14,2,0,0,0,0,200,1,63,0,200,0,200,200,200
355278,0,30,0,0,0,1,7,5,0,0,0,200,200,2,200,200,200,200,200,200,200
355279,0,10,12,0,0,1,7,0,0,0,0,200,200,0,200,200,200,200,200,200,200
355280,0,30,1,2,0,1,10,5,0,0,0,0,0,1,200,200,200,200,200,200,200
355280,0,30,1,2,0,1,10,5,0,0,0,0,0,1,64,0,0,0,0,200,200
355282,0,30,0,0,0,1,14,5,0,0,0,22,200,0,200,200,0,200,200,200,200
355282,0,30,0,0,0,1,14,5,0,0,0,22,200,1,25,0,0,0,0,200,200
355282,1,30,0,0,0,1,14,5,0,0,0,22,200,0,200,0,200,200,200,200,200
355285,0,30,0,0,0,1,7,6,0,0,0,0,200,0,200,200,200,200,200,200,200
355286,0,30,1,2,0,1,14,5,0,0,200,0,0,0,68,0,200,0,0,200,200
355286,0,30,1,2,0,1,14,5,0,0,200,0,0,0,21,0,200,0,0,200,200
355286,1,30,1,2,0,1,14,5,0,0,200,0,0,200,200,0,200,200,200,200,200
355286,1,30,1,2,0,1,14,5,0,0,200,0,0,1,19,200,200,200,200,200,200
355289,0,30,0,0,0,1,12,5,0,0,0,200,200,1,48,200,12,0,0,200,200
355289,0,30,0,0,0,1,12,5,0,0,0,200,200,0,46,200,12,0,0,200,200
355291,0,30,1,2,0,1,10,6,0,0,200,18,200,0,48,200,3,200,200,200,200
355291,0,30,1,2,0,1,10,6,0,0,200,18,200,1,35,200,0,200,200,200,200
355295,0,30,1,2,0,3,10,5,0,0,0,18,200,2,200,200,3,200,200,200,200
355295,0,30,1,2,0,3,10,5,0,0,0,18,200,0,37,0,0,0,0,200,200
355299,0,30,0,0,0,1,12,5,0,0,200,0,0,0,55,200,200,200,200,200,200
355304,0,30,0,0,0,1,7,7,0,0,0,21,21,0,22,200,200,0,0,200,200
355305,0,30,0,0,0,1,10,5,0,0,0,18,200,0,20,200,3,0,0,200,200
355305,0,30,0,0,0,1,10,5,0,0,0,18,200,1,48,200,0,0,0,200,200
355311,0,30,1,2,0,1,14,5,0,0,0,0,0,0,28,200,200,200,200,200,200
355311,0,30,1,2,0,1,14,5,0,0,0,0,0,1,25,200,200,200,200,200,200
355313,0,15,0,0,0,1,7,7,0,0,0,0,0,1,200,200,200,200,200,200,200
355313,1,15,0,0,0,1,7,7,0,0,0,0,0,0,200,200,200,200,200,200,200
355313,1,15,0,0,0,1,7,7,0,0,0,0,0,0,200,200,200,200,200,200,200
355313,1,15,0,0,0,1,7,7,0,0,0,0,0,2,200,200,200,200,200,200,200
355313,1,15,0,0,0,1,7,7,0,0,0,0,0,0,200,0,200,200,200,200,200
355317,0,30,0,0,0,1,12,2,0,0,0,22,21,0,38,0,4,0,0,200,200
355317,0,30,0,0,0,1,12,2,0,0,0,22,21,1,66,0,0,0,0,200,200
355321,0,30,2,2,0,1,10,5,0,0,0,16,18,1,25,0,200,0,0,200,200
355321,0,30,2,2,0,1,10,5,0,0,0,16,18,0,25,0,0,0,0,200,200
355321,0,30,2,2,0,1,10,5,0,0,0,16,18,0,46,0,0,0,0,200,200
355321,1,30,2,2,0,1,10,5,0,0,0,16,18,1,23,0,200,200,200,200,200
355321,1,30,2,2,0,1,10,5,0,0,0,16,18,1,44,0,200,200,200,200,200
355321,1,30,2,2,0,1,10,5,0,0,0,16,18,0,14,0,200,200,200,200,200
355321,1,30,2,2,0,1,10,5,0,0,0,16,18,0,19,0,200,200,200,200,200
355326,0,30,1,2,0,1,10,5,0,0,0,16,18,0,34,200,3,0,200,200,200
355326,0,30,1,2,0,1,10,5,0,0,0,16,18,0,30,200,0,0,200,200,200
355328,0,0,0,0,200,200,7,2,0,200,200,0,200,2,200,200,200,200,200,200,200
355329,0,30,0,0,0,1,3,2,0,0,0,10,200,0,34,0,9,0,7,200,200
355329,0,30,0,0,0,1,3,2,0,0,0,10,200,1,36,200,12,200,7,200,200
355329,1,30,0,0,0,1,3,2,0,0,0,10,200,0,34,0,200,200,200,200,200
355330,0,30,1,2,0,1,10,3,0,0,0,8,11,0,20,0,12,0,0,200,200
355330,0,30,1,2,0,1,10,3,0,0,0,8,11,1,39,0,0,0,0,200,200
355330,0,30,1,2,0,1,10,3,0,0,0,8,11,0,45,0,0,0,0,200,200
355336,0,30,0,0,0,1,3,0,0,0,0,17,16,0,35,0,1,0,0,200,200
355336,0,30,0,0,0,1,3,0,0,0,0,17,16,0,35,0,1,0,0,200,200
355336,1,30,0,0,0,1,3,0,0,0,0,17,16,200,200,0,200,200,200,200,200
355336,1,30,0,0,0,1,3,0,0,0,0,17,16,0,8,5,200,200,200,200,200
355336,1,30,0,0,0,1,3,0,0,0,0,17,16,200,200,5,200,200,200,200,200
355346,0,15,0,0,0,1,0,7,0,0,0,0,200,1,34,0,6,0,0,200,200
355346,0,15,0,0,0,1,0,7,0,0,0,0,200,0,200,200,0,200,200,200,200
355349,0,25,0,0,0,1,7,5,0,0,0,0,0,0,200,200,12,200,200,200,200
355351,0,30,2,200,0,1,14,5,0,0,200,0,0,1,25,200,7,200,200,200,200
355351,0,30,2,200,0,1,14,5,0,0,200,0,0,0,28,200,12,200,0,200,200
355353,0,30,0,0,0,1,12,6,0,0,0,21,17,1,33,0,4,0,0,200,200
355353,0,30,0,0,0,1,12,6,0,0,0,21,17,0,23,0,0,0,0,200,200
355355,0,30,0,0,0,3,12,2,0,0,0,0,0,0,200,0,200,0,0,200,200
355355,0,30,0,0,0,3,12,2,0,0,0,0,0,0,200,200,200,200,200,200,200
355357,0,30,0,0,0,1,7,0,0,0,0,0,0,0,34,200,200,200,200,200,200
355362,0,30,2,2,0,1,14,2,0,0,200,200,200,1,26,0,200,200,0,200,200
355362,0,30,2,2,0,1,14,2,0,0,200,200,200,0,52,200,200,200,200,200,200
355362,1,30,2,2,0,1,14,2,0,0,200,200,200,1,25,0,200,200,200,200,200
355365,0,30,0,0,0,1,7,5,0,0,0,22,22,1,200,200,0,200,200,200,200
355370,0,30,1,2,0,1,12,5,0,0,0,17,200,0,56,0,1,0,0,200,200
355370,0,30,1,2,0,1,12,5,0,0,0,17,200,0,41,0,0,0,0,200,200
355379,0,30,1,2,0,1,10,5,0,0,0,0,0,1,16,0,1,0,0,200,200
355379,0,30,1,2,0,1,10,5,0,0,0,0,0,0,66,0,0,0,0,200,200
355379,1,30,1,2,0,1,10,5,0,0,0,0,0,0,46,0,200,200,200,200,200
355379,1,30,1,2,0,1,10,5,0,0,0,0,0,1,6,0,200,200,200,200,200
355379,1,30,1,2,0,1,10,5,0,0,0,0,0,1,8,0,200,200,200,200,200
355385,0,30,0,0,0,1,12,5,0,0,0,22,14,0,200,200,4,200,200,200,200
355385,0,30,0,0,0,1,12,5,0,0,0,22,14,0,24,0,0,0,0,200,200
355387,0,30,1,2,0,1,14,3,2,0,0,0,0,2,200,200,200,200,200,200,200
355387,0,30,1,2,0,1,14,3,2,0,0,0,0,0,50,200,200,200,0,200,200
355388,0,30,1,2,0,1,10,5,0,0,0,18,200,0,33,200,3,0,0,200,200
355388,0,30,1,2,0,1,10,5,0,0,0,18,200,0,49,200,0,0,0,200,200
355388,0,30,1,2,0,1,10,5,0,0,0,18,200,2,200,200,0,200,200,200,200
355388,1,30,1,2,0,1,10,5,0,0,0,18,200,1,200,200,200,200,200,200,200
355388,1,30,1,2,0,1,10,5,0,0,0,18,200,0,200,200,200,200,200,200,200
355388,1,30,1,2,0,1,10,5,0,0,0,18,200,2,200,200,200,200,200,200,200
355390,0,30,200,200,0,1,10,3,0,0,200,0,0,1,20,200,200,200,200,200,200
355390,0,30,200,200,0,1,10,3,0,0,200,0,0,0,58,0,200,200,200,200,200
355392,0,35,1,2,0,1,12,2,0,0,0,17,200,0,28,0,4,1,0,200,200
355392,0,35,1,2,0,1,12,2,0,0,0,17,200,0,31,0,0,0,0,200,200
355395,0,20,0,0,2,1,0,2,0,0,0,0,0,0,45,200,12,200,0,200,200
355395,0,20,0,0,2,1,0,2,0,0,0,0,0,1,39,200,12,200,200,200,200
355398,0,30,1,2,0,1,9,5,0,0,0,22,17,0,200,200,2,200,200,200,200
355398,5,30,1,2,0,1,9,5,0,0,0,22,17,0,20,200,200,200,200,200,200
355399,0,25,0,0,0,1,10,2,0,0,0,18,16,2,200,200,3,200,200,200,200
355399,0,25,0,0,0,1,10,2,0,0,0,18,16,1,31,200,3,200,200,200,200
355399,0,25,0,0,0,1,10,2,0,0,0,18,16,1,64,200,3,200,0,200,200
355399,0,25,0,0,0,1,10,2,0,0,0,18,16,1,48,0,0,0,0,200,200
355401,0,30,0,0,0,2,10,5,0,0,0,200,200,0,200,200,0,200,200,200,200
355401,0,30,0,0,0,2,10,5,0,0,0,200,200,1,40,7,0,0,0,200,200
355401,1,30,0,0,0,2,10,5,0,0,0,200,200,1,200,200,200,200,200,200,200
355401,1,30,0,0,0,2,10,5,0,0,0,200,200,2,200,200,200,200,200,200,200
355408,0,30,0,0,0,1,12,5,0,0,0,22,200,1,21,200,2,0,0,200,200
355408,0,30,0,0,0,1,12,5,0,0,0,22,200,1,51,200,0,0,0,200,200
355408,1,30,0,0,0,1,12,5,0,0,0,22,200,200,200,200,200,200,200,200,200
355408,1,30,0,0,0,1,12,5,0,0,0,22,200,200,200,200,200,200,200,200,200
355408,1,30,0,0,0,1,12,5,0,0,0,22,200,1,20,200,200,200,200,200,200
355410,0,30,1,2,0,1,10,200,0,0,200,0,200,0,25,200,3,200,200,200,200
355410,0,30,1,2,0,1,10,200,0,0,200,0,200,0,57,200,0,200,0,200,200
355411,0,30,0,0,0,1,10,5,0,0,0,0,0,1,64,200,200,200,200,200,200