RD_NO,PERSON_TYPE,POSTED_SPEED_LIMIT,TRAFFIC_CONTROL_DEVICE,DEVICE_CONDITION,WEATHER_CONDITION,LIGHTING_CONDITION,FIRST_CRASH_TYPE,TRAFFICWAY_TYPE,ALIGNMENT,ROADWAY_SURFACE_COND,ROAD_DEFECT,PRIM_CONTRIBUTORY_CAUSE,SEC_CONTRIBUTORY_CAUSE,SEX,AGE,SAFETY_EQUIPMENT,DRIVER_ACTION,DRIVER_VISION,PHYSICAL_CONDITION,BAC_RESULT VALUE,CELL_PHONE_USE
355411,0,30,0,0,0,1,10,5,0,0,0,0,0,0,31,0,0,0,0,200,200
355413,0,30,1,2,0,1,10,2,0,0,0,18,200,1,49,0,1,0,0,200,200
355413,0,30,1,2,0,1,10,2,0,0,0,18,200,0,200,200,0,200,200,200,200
355415,0,30,0,0,0,1,12,5,0,0,0,18,0,0,200,200,3,200,200,200,200
355415,0,30,0,0,0,1,12,5,0,0,0,18,0,1,51,0,0,0,0,200,200
355416,0,30,0,0,0,1,12,5,0,0,0,0,200,0,42,0,2,0,0,200,200
355416,0,30,0,0,0,1,12,5,0,0,0,0,200,1,35,0,0,0,0,200,200
355419,0,30,0,0,0,1,7,6,0,0,0,200,200,2,200,200,200,200,200,200,200
355420,0,30,1,2,0,1,10,5,0,0,200,18,200,1,200,200,3,200,200,200,200
355420,0,30,1,2,0,1,10,5,0,0,200,18,200,1,53,0,0,0,0,200,200
355422,0,30,0,0,0,1,14,5,0,0,0,17,16,0,44,200,1,12,0,200,200
355422,0,30,0,0,0,1,14,5,0,0,0,17,16,0,75,200,1,0,0,200,200
355422,1,30,0,0,0,1,14,5,0,0,0,17,16,0,64,200,200,200,200,200,200
355423,0,25,0,0,0,1,7,6,0,0,0,8,11,1,200,200,12,200,200,200,200
355423,1,25,0,0,0,1,7,6,0,0,0,8,11,0,200,200,200,200,200,200,200
355426,0,30,0,0,0,1,7,5,0,0,200,0,0,2,200,200,200,200,200,200,200
355426,1,30,0,0,0,1,7,5,0,0,200,0,0,200,200,0,200,200,200,200,200
355431,0,30,0,0,0,1,7,5,0,0,0,23,11,2,200,200,12,200,200,200,200
355437,0,30,2,2,0,1,7,6,0,0,0,0,0,2,200,200,200,200,200,200,200
355458,0,30,1,2,0,4,12,2,0,0,0,16,0,0,31,0,8,0,0,200,200
355458,0,30,1,2,0,4,12,2,0,0,0,16,0,1,62,0,0,0,0,200,200
355459,0,35,0,0,0,1,12,2,0,0,0,22,200,0,0,200,2,200,200,200,200
355459,0,35,0,0,0,1,12,2,0,0,0,22,200,0,22,200,0,200,200,200,200
355459,1,35,0,0,0,1,12,2,0,0,0,22,200,1,18,200,200,200,200,200,200
355459,1,35,0,0,0,1,12,2,0,0,0,22,200,1,19,200,200,200,200,200,200
355459,1,35,0,0,0,1,12,2,0,0,0,22,200,1,200,200,200,200,200,200,200
355459,1,35,0,0,0,1,12,2,0,0,0,22,200,0,25,200,200,200,200,200,200
355459,1,35,0,0,0,1,12,2,0,0,0,22,200,0,24,200,200,200,200,200,200
355459,1,35,0,0,0,1,12,2,0,0,0,22,200,0,48,200,200,200,200,200,200
355463,0,30,0,0,0,1,12,2,0,0,200,200,200,0,63,0,200,200,0,200,200
355463,0,30,0,0,0,1,12,2,0,0,200,200,200,1,28,0,200,200,0,200,200
355463,1,30,0,0,0,1,12,2,0,0,200,200,200,0,0,5,200,200,200,200,200
355469,0,30,0,0,0,1,8,2,0,0,0,17,200,1,52,0,1,0,0,200,200
355469,4,30,0,0,0,1,8,2,0,0,0,17,200,1,28,7,0,0,0,200,200
355474,0,30,0,0,0,1,12,6,0,0,200,18,0,0,200,200,10,200,200,200,200
355474,0,30,0,0,0,1,12,6,0,0,200,18,0,1,54,0,12,0,0,200,200
355474,1,30,0,0,0,1,12,6,0,0,200,18,0,1,200,200,200,200,200,200,200
355475,0,30,1,2,0,1,0,2,0,0,0,3,200,1,23,0,200,0,0,200,200
355475,0,30,1,2,0,1,0,2,0,0,0,3,200,1,79,0,200,0,0,200,200
355478,0,30,1,2,0,1,9,5,0,0,0,17,200,2,200,200,1,200,200,200,200
355478,5,30,1,2,0,1,9,5,0,0,0,17,200,0,59,200,0,0,0,200,200
355483,0,30,1,2,0,1,10,5,0,0,0,18,0,0,50,0,3,0,0,200,200
355483,0,30,1,2,0,1,10,5,0,0,0,18,0,0,32,0,0,0,0,200,200
355483,1,30,1,2,0,1,10,5,0,0,0,18,0,1,32,0,200,200,200,200,200
355483,1,30,1,2,0,1,10,5,0,0,0,18,0,1,19,0,200,200,200,200,200
355483,1,30,1,2,0,1,10,5,0,0,0,18,0,1,15,0,200,200,200,200,200
355483,1,30,1,2,0,1,10,5,0,0,0,18,0,1,19,0,200,200,200,200,200
355483,1,30,1,2,0,1,10,5,0,0,0,18,0,0,12,0,200,200,200,200,200
355483,1,30,1,2,0,1,10,5,0,0,0,18,0,1,8,0,200,200,200,200,200
355489,0,30,0,0,0,1,7,5,0,200,200,0,200,2,200,200,200,200,200,200,200
355499,0,30,0,200,200,3,10,2,0,200,200,18,200,0,47,200,3,200,200,200,200
355499,0,30,0,200,200,3,10,2,0,200,200,18,200,1,29,200,0,200,200,200,200
355503,0,30,1,2,0,1,12,5,0,0,0,21,21,0,60,0,4,0,0,200,200
355503,0,30,1,2,0,1,12,5,0,0,0,21,21,0,68,0,0,0,0,200,200
355506,0,30,0,0,0,1,12,5,0,0,0,0,200,1,44,0,4,0,0,200,200
355506,0,30,0,0,0,1,12,5,0,0,0,0,200,1,34,0,0,0,0,200,200
355513,0,30,1,2,0,1,0,5,0,0,0,17,200,0,53,0,1,0,0,200,200
355513,0,30,1,2,0,1,0,5,0,0,0,17,200,0,29,0,0,0,0,200,200
355525,0,30,2,2,200,200,9,6,0,200,200,17,16,1,200,200,1,200,200,200,200
355525,5,30,2,2,200,200,9,6,0,200,200,17,16,1,22,7,0,200,200,200,200
355528,0,15,200,200,0,4,3,7,0,0,200,4,200,2,200,200,12,200,200,200,200
355528,0,15,200,200,0,4,3,7,0,0,200,4,200,1,41,200,0,200,200,200,200
355529,0,30,0,0,0,1,7,2,2,0,0,11,200,2,200,200,200,200,200,200,200
355535,0,30,2,0,0,1,0,5,0,0,0,200,200,0,200,200,200,200,200,200,200
355535,0,30,2,0,0,1,0,5,0,0,0,200,200,0,82,0,0,0,0,200,200
355537,0,30,200,200,200,200,7,5,0,200,200,0,0,0,200,200,200,200,200,200,200
355537,1,30,200,200,200,200,7,5,0,200,200,0,0,0,200,200,200,200,200,200,200
355537,1,30,200,200,200,200,7,5,0,200,200,0,0,0,200,200,200,200,200,200,200
355537,1,30,200,200,200,200,7,5,0,200,200,0,0,0,200,200,200,200,200,200,200
355538,0,30,1,2,4,1,10,5,0,0,0,0,200,1,200,200,200,200,200,200,200
355538,0,30,1,2,4,1,10,5,0,0,0,0,200,1,50,0,0,0,0,200,200
355547,0,30,0,0,0,1,7,6,0,0,0,0,200,0,67,200,200,200,200,200,200
355549,0,30,2,2,0,1,0,6,0,0,0,17,17,1,63,200,1,200,0,200,200
355549,0,30,2,2,0,1,0,6,0,0,0,17,17,0,80,200,12,200,0,200,200
355555,0,15,0,0,0,4,9,0,0,0,0,17,16,1,200,200,1,200,200,200,200
355555,5,15,0,0,0,4,9,0,0,0,0,17,16,0,43,7,0,0,0,200,200
355571,0,35,0,0,0,1,7,2,0,0,0,0,200,0,62,200,200,0,0,200,200
355576,0,30,0,0,0,4,2,6,0,0,0,27,200,0,27,200,12,200,7,200,200
355582,0,30,0,0,0,3,7,2,0,0,0,12,2,0,31,0,15,0,0,200,1
355587,0,15,0,0,0,1,7,0,0,0,0,0,25,2,200,200,6,200,200,200,200
355592,0,30,200,200,0,1,9,200,0,0,200,14,200,2,200,200,1,200,200,200,200
355592,5,30,200,200,0,1,9,200,0,0,200,14,200,1,39,200,200,200,0,200,200
355595,0,30,1,2,0,1,10,2,0,200,200,0,200,0,200,200,200,200,200,200,200
355595,0,30,1,2,0,1,10,2,0,200,200,0,200,0,47,200,0,200,0,200,200
355597,0,30,1,200,0,1,14,5,0,0,200,17,200,1,29,7,1,0,0,200,200
355597,0,30,1,200,0,1,14,5,0,0,200,17,200,1,25,200,0,0,0,200,200
355620,0,25,0,0,0,0,11,5,0,0,0,0,0,1,31,200,0,0,0,200,200
355620,0,25,0,0,0,0,11,5,0,0,0,0,0,0,67,200,0,0,200,200,200
355626,0,30,0,0,0,3,7,5,0,0,0,0,200,2,200,200,10,200,200,200,200
355627,0,30,0,0,0,3,12,3,0,0,0,0,0,1,36,200,200,200,200,200,200
355627,0,30,0,0,0,3,12,3,0,0,0,0,0,1,33,200,200,200,200,200,200
355627,1,30,0,0,0,3,12,3,0,0,0,0,0,1,14,200,200,200,200,200,200
355627,1,30,0,0,0,3,12,3,0,0,0,0,0,1,15,200,200,200,200,200,200
355627,1,30,0,0,0,3,12,3,0,0,0,0,0,1,47,200,200,200,200,200,200
355627,1,30,0,0,0,3,12,3,0,0,0,0,0,200,200,200,200,200,200,200,200
355640,5,30,2,12,0,3,9,12,0,0,0,0,200,1,66,7,12,12,12,200,200
355640,0,30,2,12,0,3,9,12,0,0,0,0,200,0,0,0,12,200,0,200,200
355649,0,30,0,0,0,3,12,3,0,0,200,21,0,0,200,200,4,200,200,200,200
355649,0,30,0,0,0,3,12,3,0,0,200,21,0,1,35,0,0,0,0,200,200
355651,0,30,1,2,0,4,10,1,0,0,0,32,18,0,63,200,3,0,5,200,200
355651,0,30,1,2,0,4,10,1,0,0,0,32,18,1,55,200,0,0,0,200,200
355657,0,30,2,2,0,3,14,2,0,0,0,17,16,0,42,200,1,0,0,200,200
355657,0,30,2,2,0,3,14,2,0,0,0,17,16,0,200,200,14,0,0,200,200
355657,1,30,2,2,0,3,14,2,0,0,0,17,16,0,31,200,200,200,200,200,200
355657,1,30,2,2,0,3,14,2,0,0,0,17,16,0,44,200,200,200,200,200,200
355657,1,30,2,2,0,3,14,2,0,0,0,17,16,0,200,200,200,200,200,200,200
355676,0,25,1,2,0,3,10,2,0,0,0,7,7,1,23,0,12,0,0,200,200
355676,0,25,1,2,0,3,10,2,0,0,0,7,7,1,24,1,0,0,0,200,200
355676,1,25,1,2,0,3,10,2,0,0,0,7,7,0,200,200,200,200,200,200,200
355681,0,30,0,0,0,3,7,3,0,0,0,27,19,1,26,0,12,0,12,200,200
355695,0,30,1,2,0,3,8,5,0,0,200,0,0,2,200,200,200,200,200,200,200
355695,4,30,1,2,0,3,8,5,0,0,200,0,0,0,15,200,200,200,0,200,200
355711,0,30,0,0,0,3,7,6,0,0,0,10,200,2,200,200,200,200,200,200,200
355718,0,30,1,2,0,3,14,6,0,0,0,23,17,0,43,200,200,200,0,200,200
355718,0,30,1,2,0,3,14,6,0,0,0,23,17,0,22,0,7,0,0,200,200
355729,0,30,0,0,0,3,10,2,0,0,0,18,0,1,40,0,3,0,0,200,200
355729,0,30,0,0,0,3,10,2,0,0,0,18,0,0,200,200,200,200,200,200,200
355729,0,30,0,0,0,3,10,2,0,0,0,18,0,2,200,200,200,200,200,200,200
355735,0,40,0,0,0,3,10,3,0,0,200,18,0,2,200,200,3,200,200,200,200
355735,0,40,0,0,0,3,10,3,0,0,200,18,0,1,21,200,12,200,200,200,200
355735,0,40,0,0,0,3,10,3,0,0,200,18,0,1,59,200,12,200,200,200,200
355739,0,35,1,2,0,3,14,5,0,0,0,23,200,0,59,200,4,200,200,200,200
355739,0,35,1,2,0,3,14,5,0,0,0,23,200,0,36,0,0,0,0,200,200
355743,0,30,1,2,0,1,7,5,0,0,0,27,11,1,200,200,6,200,200,200,200
355746,0,30,2,2,0,3,12,6,0,0,0,0,0,1,200,200,200,200,200,200,200
355746,0,30,2,2,0,3,12,6,0,0,0,0,0,0,25,0,0,0,0,200,200
355749,0,30,0,0,0,3,7,6,0,0,0,25,0,2,200,200,200,200,200,200,200
355760,0,30,0,0,0,3,14,5,0,0,0,17,0,0,33,0,0,0,0,200,200
355760,0,30,0,0,0,3,14,5,0,0,0,17,0,0,200,200,7,200,200,200,200
355760,1,30,0,0,0,3,14,5,0,0,0,17,0,1,200,200,200,200,200,200,200
355763,0,30,0,0,0,3,0,5,0,0,0,20,200,0,49,200,6,0,0,200,200
355763,0,30,0,0,0,3,0,5,0,0,0,20,200,1,25,200,0,0,0,200,200
355770,0,30,1,200,0,3,10,2,0,0,200,16,0,0,200,200,200,200,200,200,200
355770,0,30,1,200,0,3,10,2,0,0,200,16,0,0,51,200,0,200,0,200,200
355770,1,30,1,200,0,3,10,2,0,0,200,16,0,1,28,200,200,200,200,200,200
355770,1,30,1,200,0,3,10,2,0,0,200,16,0,0,49,200,200,200,200,200,200
355771,0,30,1,2,0,3,12,12,0,0,0,22,11,1,26,200,2,0,200,200,200
355771,0,30,1,2,0,3,12,12,0,0,0,22,11,0,47,200,0,0,0,200,200
355777,0,30,0,0,0,3,3,5,0,0,0,32,0,0,24,200,200,200,5,200,200
355777,0,30,0,0,0,3,3,5,0,0,0,32,0,1,19,200,10,200,0,200,200
355780,0,30,1,200,0,0,10,2,0,0,200,18,200,1,42,200,5,200,200,200,200
355780,0,30,1,200,0,0,10,2,0,0,200,18,200,0,34,200,0,200,200,200,200
355812,0,30,0,0,0,0,7,6,0,0,0,0,0,1,30,200,200,200,0,200,200
355812,1,30,0,0,0,0,7,6,0,0,0,0,0,1,30,200,200,200,200,200,200
355827,0,30,1,2,0,3,2,5,0,0,0,0,200,0,29,200,0,200,2,200,200
355828,0,30,0,0,0,3,0,5,0,0,0,0,0,2,200,200,200,200,200,200,200
355828,0,30,0,0,0,3,0,5,0,0,0,0,0,0,24,200,0,0,1,200,200
355832,0,30,1,2,0,3,10,5,0,0,0,18,0,0,55,200,3,200,0,200,200
355832,0,30,1,2,0,3,10,5,0,0,0,18,0,0,22,0,0,0,0,200,200
355842,0,30,0,0,0,3,7,6,0,0,0,16,0,1,35,200,12,0,0,200,200
355842,1,30,0,0,0,3,7,6,0,0,0,16,0,0,45,200,200,200,200,200,200
355843,0,30,2,2,0,3,7,5,0,0,0,7,200,0,35,0,200,200,0,200,200
355843,1,30,2,2,0,3,7,5,0,0,0,7,200,1,33,200,200,200,200,200,200
355848,0,30,0,0,0,3,2,3,0,0,0,0,0,0,35,200,13,0,200,200,200
355848,1,30,0,0,0,3,2,3,0,0,0,0,0,1,31,200,200,200,200,200,200
355855,0,30,2,2,0,3,0,2,0,0,0,0,0,0,33,0,200,0,0,200,200
355855,0,30,2,2,0,3,0,2,0,0,0,0,0,0,32,0,200,0,0,200,200
355855,1,30,2,2,0,3,0,2,0,0,0,0,0,1,31,0,200,200,200,200,200
355867,0,30,1,2,0,3,7,5,0,0,12,32,27,1,32,0,12,0,5,200,200
355881,0,30,0,0,0,3,7,6,0,0,0,200,200,2,200,200,2,200,200,200,200
355894,0,30,0,0,0,1,7,5,0,0,0,11,200,0,46,200,6,0,0,200,200
355901,0,25,1,0,0,3,10,5,0,0,0,16,15,0,200,200,1,200,200,200,200
355901,0,25,1,0,0,3,10,5,0,0,0,16,15,0,42,0,0,0,0,200,200
355920,0,30,2,2,0,1,10,5,0,0,0,16,200,0,21,0,1,0,0,200,200
355920,0,30,2,2,0,1,10,5,0,0,0,16,200,0,63,0,0,0,0,200,200
355921,0,35,1,2,0,1,14,5,2,0,0,17,17,1,44,0,1,0,0,200,200
355921,0,35,1,2,0,1,14,5,2,0,0,17,17,1,36,0,12,0,0,200,200
355921,1,35,1,2,0,1,14,5,2,0,0,17,17,1,10,0,200,200,200,200,200
355923,0,30,0,0,200,200,7,6,0,200,0,0,200,2,200,200,200,200,200,200,200
355925,0,30,0,0,0,1,10,3,0,0,0,8,200,1,61,0,12,0,0,200,200
355925,0,30,0,0,0,1,10,3,0,0,0,8,200,0,49,0,0,0,0,200,200
355926,0,15,10,2,0,3,7,2,0,0,0,0,0,0,200,200,200,200,200,200,200
355926,1,15,10,2,0,3,7,2,0,0,0,0,0,0,200,200,200,200,200,200,200
355928,0,30,1,2,0,1,12,5,0,0,0,21,23,0,42,0,7,1,0,200,200
355928,0,30,1,2,0,1,12,5,0,0,0,21,23,0,25,0,0,0,0,200,200
355929,0,30,1,2,0,1,12,2,0,0,0,22,0,0,200,200,2,200,200,200,200
355929,0,30,1,2,0,1,12,2,0,0,0,22,0,0,49,0,0,200,0,200,200
355932,0,35,1,0,0,1,10,2,0,0,0,18,18,0,43,0,0,0,0,200,200
355932,0,35,1,0,0,1,10,2,0,0,0,18,18,0,59,0,0,0,0,200,200
355937,0,30,1,2,0,1,12,6,0,0,0,17,17,1,70,0,1,0,0,200,200
355937,0,30,1,2,0,1,12,6,0,0,0,17,17,1,43,0,0,0,0,200,200
355938,0,30,1,2,200,4,10,5,0,200,0,6,200,0,200,200,6,200,0,200,200
355938,0,30,1,2,200,4,10,5,0,200,0,6,200,1,48,200,0,0,0,200,200
355940,0,30,0,0,0,1,7,5,0,0,0,20,20,1,73,200,6,200,0,200,200
355944,0,30,1,2,0,1,14,5,0,0,0,17,0,0,52,0,1,0,0,200,200
355944,0,30,1,2,0,1,14,5,0,0,0,17,0,0,29,0,0,0,0,200,200
355952,0,30,1,2,0,1,8,2,0,0,0,6,200,0,32,200,0,200,0,200,200
355952,4,30,1,2,0,1,8,2,0,0,0,6,200,0,20,2,5,200,0,200,200
355953,0,30,0,0,0,1,12,5,0,0,0,22,0,0,66,0,2,0,0,200,200
355953,0,30,0,0,0,1,12,5,0,0,0,22,0,1,200,200,12,200,200,200,200
355957,0,30,0,0,0,1,12,3,0,0,0,21,22,0,200,200,4,200,200,200,200
355957,0,30,0,0,0,1,12,3,0,0,0,21,22,1,24,0,0,0,0,200,200
355959,0,30,0,0,0,1,7,5,0,0,0,0,0,1,200,200,12,200,200,200,200
355960,0,20,0,0,0,1,7,0,0,0,3,12,0,0,60,200,12,200,0,200,200
355962,0,30,2,0,0,1,0,5,0,0,0,5,17,2,200,200,1,200,200,200,200
355962,0,30,2,0,0,1,0,5,0,0,0,5,17,1,44,0,0,0,0,200,200
355965,0,30,0,0,0,1,7,5,0,0,0,0,0,2,200,200,200,200,200,200,200
355972,0,30,2,2,0,1,0,2,0,0,0,17,200,1,21,0,1,0,0,200,200
355972,0,30,2,2,0,1,0,2,0,0,0,17,200,1,63,0,0,0,0,200,200
355973,0,30,0,0,200,1,12,6,0,0,0,22,11,1,32,200,4,200,0,200,200
355973,0,30,0,0,200,1,12,6,0,0,0,22,11,0,24,0,12,0,0,200,200
355977,0,30,0,0,0,1,11,5,0,0,0,20,200,0,64,7,6,0,0,200,200
355977,0,30,0,0,0,1,11,5,0,0,0,20,200,0,61,0,0,0,0,200,200
355978,0,30,10,2,0,1,7,2,0,0,0,3,200,0,27,0,12,0,0,200,200
355986,0,25,0,0,0,1,7,5,0,0,0,0,0,2,200,200,12,200,200,200,200
355987,0,30,0,0,0,1,14,2,0,0,0,18,17,0,65,0,3,0,0,200,200
355987,0,30,0,0,0,1,14,2,0,0,0,18,17,1,51,0,12,0,0,200,200
355987,0,30,0,0,0,1,14,2,0,0,0,18,17,1,200,7,0,0,0,200,200
355991,0,20,0,0,0,1,7,6,0,0,0,11,200,0,200,200,200,200,200,200,200
355993,0,30,0,0,0,1,10,3,0,0,0,0,200,2,200,200,200,200,200,200,200
355993,0,30,0,0,0,1,10,3,0,0,0,0,200,2,200,200,200,200,200,200,200
355993,0,30,0,0,0,1,10,3,0,0,0,0,200,1,27,0,0,0,0,200,200
355993,0,30,0,0,0,1,10,3,0,0,0,0,200,0,28,0,0,0,0,200,200
355994,0,30,0,0,0,1,7,6,0,0,0,17,200,2,200,200,1,200,200,200,200
355998,0,30,0,0,0,1,14,2,0,0,0,22,22,1,33,3,2,0,0,200,200
355998,0,30,0,0,0,1,14,2,0,0,0,22,22,0,28,0,0,0,0,200,200
355998,1,30,0,0,0,1,14,2,0,0,0,22,22,1,27,0,200,200,200,200,200
355998,1,30,0,0,0,1,14,2,0,0,0,22,22,0,6,5,200,200,200,200,200
355998,1,30,0,0,0,1,14,2,0,0,0,22,22,0,5,5,200,200,200,200,200
355999,0,30,0,0,0,1,12,2,0,0,0,0,200,0,59,0,200,200,0,200,200
355999,0,30,0,0,0,1,12,2,0,0,0,0,200,0,22,0,200,200,0,200,200
356003,0,30,0,0,0,0,2,5,0,0,3,20,200,2,200,200,200,200,200,200,200
356003,3,30,0,0,0,0,2,5,0,0,3,20,200,0,200,200,200,200,200,200,200
356006,0,30,1,2,0,1,2,5,0,0,0,23,11,2,200,200,7,200,200,200,200
356007,0,35,0,0,0,1,10,2,0,0,200,18,200,0,57,0,3,200,0,200,200
356007,0,35,0,0,0,1,10,2,0,0,200,18,200,0,48,0,0,0,0,200,200
356007,1,35,0,0,0,1,10,2,0,0,200,18,200,0,200,0,200,200,200,200,200
356010,0,30,0,0,0,1,10,5,0,0,200,0,200,1,59,0,1,0,0,200,200
356010,0,30,0,0,0,1,10,5,0,0,200,0,200,0,66,0,0,0,0,200,200
356010,1,30,0,0,0,1,10,5,0,0,200,0,200,1,57,0,200,200,200,200,200
356011,0,30,11,2,0,1,2,5,0,0,0,0,0,0,32,2,200,0,0,200,200
356012,0,30,0,0,0,1,3,5,0,0,0,0,0,0,200,200,4,200,200,200,200
356012,0,30,0,0,0,1,3,5,0,0,0,0,0,0,52,200,200,0,0,200,200
356012,1,30,0,0,0,1,3,5,0,0,0,0,0,1,200,200,200,200,200,200,200
356020,0,35,1,2,0,1,14,3,0,0,0,16,0,0,19,200,8,0,200,200,200
356020,0,35,1,2,0,1,14,3,0,0,0,16,0,0,44,200,1,0,200,200,200
356023,1,30,0,1,0,1,10,2,0,0,0,18,0,1,200,0,200,200,200,200,200
356023,0,30,0,1,0,1,10,2,0,0,0,18,0,0,200,200,3,200,200,200,200
356023,0,30,0,1,0,1,10,2,0,0,0,18,0,0,44,0,0,200,0,200,200
356025,0,0,1,2,0,1,10,5,0,0,0,0,0,0,45,0,200,0,0,200,200
356025,0,0,1,2,0,1,10,5,0,0,0,0,0,0,38,0,0,0,0,200,200
356025,1,0,1,2,0,1,10,5,0,0,0,0,0,0,2,5,200,200,200,200,200
356034,0,30,1,2,0,1,12,2,0,0,12,21,200,1,42,200,200,200,0,200,200
356034,0,30,1,2,0,1,12,2,0,0,12,21,200,0,47,200,200,200,0,200,200
356034,1,30,1,2,0,1,12,2,0,0,12,21,200,0,7,200,200,200,200,200,200
356034,1,30,1,2,0,1,12,2,0,0,12,21,200,1,3,5,200,200,200,200,200
356035,0,30,0,0,0,1,14,5,0,0,200,0,0,0,26,200,200,0,0,200,200
356035,0,30,0,0,0,1,14,5,0,0,200,0,0,1,35,0,0,0,0,200,200
356035,1,30,0,0,0,1,14,5,0,0,200,0,0,1,200,0,200,200,200,200,200
356035,1,30,0,0,0,1,14,5,0,0,200,0,0,1,200,0,200,200,200,200,200
356038,0,35,1,2,0,1,14,3,0,0,0,17,16,0,17,200,1,0,0,200,200
356038,0,35,1,2,0,1,14,3,0,0,0,17,16,0,45,200,12,0,0,200,200
356038,5,35,1,2,0,1,14,3,0,0,0,17,16,0,66,7,200,200,0,200,200
356042,0,35,1,2,0,1,14,5,0,0,0,22,23,0,50,0,4,0,0,200,200
356042,0,35,1,2,0,1,14,5,0,0,0,22,23,1,26,0,0,0,0,200,200
356045,0,30,0,0,0,3,7,5,0,0,0,200,200,2,200,200,200,200,200,200,200
356052,0,30,0,2,0,1,7,2,0,0,0,22,8,0,34,0,12,0,0,200,200
356060,0,30,0,0,0,1,12,5,0,0,0,11,11,0,200,200,4,0,0,200,200
356060,0,30,0,0,0,1,12,5,0,0,0,11,11,0,39,0,0,0,0,200,200
356061,0,30,1,2,0,1,14,6,0,0,0,23,21,0,29,0,7,0,0,200,200
356061,0,30,1,2,0,1,14,6,0,0,0,23,21,0,61,0,0,0,0,200,200
356064,0,30,0,0,0,1,12,6,0,0,0,17,21,0,35,200,4,0,0,200,200
356064,0,30,0,0,0,1,12,6,0,0,0,17,21,0,29,200,0,0,0,200,200
356068,0,30,1,2,0,1,10,2,0,0,0,18,200,2,200,200,3,200,200,200,200
356068,0,30,1,2,0,1,10,2,0,0,0,18,200,0,63,0,0,0,0,200,200
356068,1,30,1,2,0,1,10,2,0,0,0,18,200,1,71,0,200,200,200,200,200
356068,1,30,1,2,0,1,10,2,0,0,0,18,200,0,22,0,200,200,200,200,200
356068,1,30,1,2,0,1,10,2,0,0,0,18,200,1,64,0,200,200,200,200,200
356068,1,30,1,2,0,1,10,2,0,0,0,18,200,0,9,0,200,200,200,200,200
356069,0,30,0,0,0,1,7,7,0,0,0,200,200,2,200,200,200,200,200,200,200
356075,0,30,0,0,0,1,7,5,0,0,0,11,200,0,200,200,200,200,200,200,200
356076,0,30,0,0,0,1,14,5,0,0,0,17,11,1,44,0,12,0,0,200,200
356076,0,30,0,0,0,1,14,5,0,0,0,17,11,1,43,0,12,0,0,200,200
356076,1,30,0,0,0,1,14,5,0,0,0,17,11,1,3,0,200,200,200,200,200
356076,1,30,0,0,0,1,14,5,0,0,0,17,11,0,6,0,200,200,200,200,200
356076,1,30,0,0,0,1,14,5,0,0,0,17,11,1,8,0,200,200,200,200,200
356079,0,30,2,2,0,1,14,5,0,0,0,17,23,1,20,200,7,200,1,200,200
356079,0,30,2,2,0,1,14,5,0,0,0,17,23,0,69,200,0,200,0,200,200
356081,0,0,0,0,200,200,2,12,3,200,200,12,12,1,29,0,0,0,200,200,200
356082,0,30,0,0,0,1,2,5,0,0,0,11,12,0,21,200,12,0,0,200,200
356087,0,0,0,0,0,1,12,5,0,0,0,11,200,1,33,200,1,0,0,200,200
356087,0,0,0,0,0,1,12,5,0,0,0,11,200,0,68,200,0,0,0,200,200
356087,1,0,0,0,0,1,12,5,0,0,0,11,200,1,63,200,200,200,200,200,200
356089,0,30,0,0,0,4,5,5,0,0,0,200,200,0,72,0,0,0,0,200,200
356090,0,30,0,0,0,1,12,2,0,0,0,21,200,1,40,200,4,200,0,200,200
356090,0,30,0,0,0,1,12,2,0,0,0,21,200,0,47,200,0,200,0,200,200
356091,0,30,0,0,0,1,7,5,0,0,0,11,0,1,18,0,12,0,0,200,200
356093,0,30,1,2,0,3,14,12,0,0,0,200,200,0,70,200,0,200,200,200,200
356093,0,30,1,2,0,3,14,12,0,0,0,200,200,0,43,0,0,0,0,200,200
356099,0,30,0,0,0,1,7,2,0,0,0,7,200,0,19,1,12,0,0,200,200
356099,0,30,0,0,0,1,7,2,0,0,0,7,200,0,78,0,0,0,0,200,200
356102,0,30,0,0,0,3,14,2,0,0,0,17,200,1,23,200,1,200,200,200,200
356102,0,30,0,0,0,3,14,2,0,0,0,17,200,0,81,0,0,0,0,200,200
356103,0,25,0,0,200,200,7,5,0,200,200,10,1,2,200,200,200,200,200,200,200
356104,0,25,0,0,0,1,12,5,0,0,0,22,200,1,54,0,2,0,0,200,200
356104,0,25,0,0,0,1,12,5,0,0,0,22,200,1,24,0,0,0,0,200,200
356104,1,25,0,0,0,1,12,5,0,0,0,22,200,0,20,0,200,200,200,200,200
356104,1,25,0,0,0,1,12,5,0,0,0,22,200,0,22,0,200,200,200,200,200
356105,0,20,0,0,0,1,7,5,0,0,0,0,0,0,24,0,0,0,0,200,200
356105,1,20,0,0,0,1,7,5,0,0,0,0,0,0,24,0,200,200,200,200,200
356108,0,30,0,0,0,1,7,6,0,0,0,16,8,2,200,200,4,200,200,200,200
356108,0,30,0,0,0,1,7,6,0,0,0,16,8,0,36,0,8,0,7,200,200