RD_NO,PERSON_TYPE,POSTED_SPEED_LIMIT,TRAFFIC_CONTROL_DEVICE,DEVICE_CONDITION,WEATHER_CONDITION,LIGHTING_CONDITION,FIRST_CRASH_TYPE,TRAFFICWAY_TYPE,ALIGNMENT,ROADWAY_SURFACE_COND,ROAD_DEFECT,PRIM_CONTRIBUTORY_CAUSE,SEC_CONTRIBUTORY_CAUSE,SEX,AGE,SAFETY_EQUIPMENT,DRIVER_ACTION,DRIVER_VISION,PHYSICAL_CONDITION,BAC_RESULT VALUE,CELL_PHONE_USE
356108,1,30,0,0,0,1,7,6,0,0,0,16,8,0,50,0,200,200,200,200,200
356113,0,30,0,0,0,1,7,6,0,0,0,23,200,0,200,200,7,200,200,200,200
356114,0,15,0,0,0,200,7,7,0,0,0,0,0,2,200,200,200,200,200,200,200
356123,0,30,1,1,0,1,2,5,0,0,0,18,18,0,28,200,3,200,200,200,200
356123,0,30,1,1,0,1,2,5,0,0,0,18,18,0,48,0,0,0,0,200,200
356123,1,30,1,1,0,1,2,5,0,0,0,18,18,200,200,0,200,200,200,200,200
356124,0,25,0,0,0,1,7,5,0,0,0,0,0,2,200,200,200,200,200,200,200
356126,0,30,0,0,0,1,10,2,0,0,0,18,0,1,47,200,200,0,0,200,200
356126,0,30,0,0,0,1,10,2,0,0,0,18,0,1,26,3,3,0,0,200,200
356129,0,30,2,0,0,1,10,5,0,0,0,22,18,0,200,200,3,200,200,200,200
356129,0,30,2,0,0,1,10,5,0,0,0,22,18,0,29,0,0,0,0,200,200
356130,0,30,1,2,0,1,12,5,0,0,0,17,200,1,200,200,2,200,200,200,200
356130,0,30,1,2,0,1,12,5,0,0,0,17,200,0,23,0,0,0,0,200,200
356132,0,30,0,0,0,1,7,5,2,0,0,27,27,0,74,0,12,0,4,200,200
356139,0,30,0,0,0,1,7,6,1,0,1,0,200,1,67,0,0,200,0,200,200
356139,1,30,0,0,0,1,7,6,1,0,1,0,200,1,43,0,200,200,200,200,200
356151,0,30,2,2,0,2,10,5,0,0,0,8,200,0,42,0,12,0,0,200,200
356151,0,30,2,2,0,2,10,5,0,0,0,8,200,0,200,200,12,200,200,200,200
356155,0,30,0,0,0,1,11,6,0,0,0,0,200,1,32,0,0,0,0,200,200
356155,0,30,0,0,0,1,11,6,0,0,0,0,200,1,36,0,0,0,0,200,200
356156,0,25,0,0,200,200,7,5,0,200,200,0,0,2,200,200,200,200,200,200,200
356161,0,30,1,2,0,1,5,2,0,0,4,28,0,1,25,0,12,0,12,200,200
356161,1,30,1,2,0,1,5,2,0,0,4,28,0,0,200,0,200,200,200,200,200
356161,1,30,1,2,0,1,5,2,0,0,4,28,0,1,200,0,200,200,200,200,200
356164,0,30,1,2,0,1,14,5,0,0,200,200,200,1,24,200,12,0,0,200,200
356164,0,30,1,2,0,1,14,5,0,0,200,200,200,0,21,200,12,0,0,200,200
356164,1,30,1,2,0,1,14,5,0,0,200,200,200,0,200,200,200,200,200,200,200
356164,1,30,1,2,0,1,14,5,0,0,200,200,200,1,200,200,200,200,200,200,200
356179,0,30,0,0,0,1,12,3,0,0,0,200,200,0,200,200,12,200,0,200,200
356179,0,30,0,0,0,1,12,3,0,0,0,200,200,1,200,0,0,0,0,200,200
356182,0,30,1,2,0,1,14,5,0,0,0,23,21,0,41,200,7,200,0,200,200
356182,0,30,1,2,0,1,14,5,0,0,0,23,21,0,30,0,0,0,0,200,200
356184,0,30,0,2,0,1,7,5,0,0,0,0,200,2,200,200,200,200,200,200,200
356187,0,30,0,0,0,1,7,3,0,0,0,1,200,0,200,200,7,200,200,200,200
356201,0,35,1,2,0,1,0,5,0,0,0,27,6,1,73,200,5,200,12,200,200
356201,0,35,1,2,0,1,0,5,0,0,0,27,6,1,69,200,0,0,0,200,200
356204,0,30,0,0,0,1,5,5,0,0,0,12,0,1,37,200,200,0,0,200,200
356209,0,30,0,0,0,1,11,7,0,0,0,0,0,1,200,200,200,200,200,200,200
356209,0,30,0,0,0,1,11,7,0,0,0,0,0,0,65,0,0,0,0,200,200
356210,0,30,1,2,0,1,14,2,0,0,0,23,16,0,26,0,7,0,0,200,200
356210,0,30,1,2,0,1,14,2,0,0,0,23,16,0,21,0,0,0,0,200,200
356213,0,30,1,2,0,1,14,2,0,0,0,17,17,0,88,0,1,0,0,200,200
356213,0,30,1,2,0,1,14,2,0,0,0,17,17,1,27,0,0,0,0,200,200
356220,0,30,0,0,0,1,12,3,0,0,0,0,0,0,58,0,200,0,0,200,200
356220,0,30,0,0,0,1,12,3,0,0,0,0,0,1,59,0,12,0,0,200,200
356223,0,30,0,0,0,1,7,2,0,0,0,16,15,1,18,200,8,0,0,200,200
356234,0,30,1,200,0,1,12,12,0,0,0,23,0,1,22,0,7,0,0,200,200
356234,0,30,1,200,0,1,12,12,0,0,0,23,0,1,37,0,0,0,0,200,200
356235,0,30,1,2,1,1,10,2,0,0,0,16,18,1,26,0,3,0,0,200,200
356235,0,30,1,2,1,1,10,2,0,0,0,16,18,1,51,0,0,0,0,200,200
356240,0,30,1,2,0,1,12,2,0,0,0,0,200,0,33,0,0,0,0,200,200
356240,0,30,1,2,0,1,12,2,0,0,0,0,200,1,39,0,0,0,0,200,200
356246,0,30,0,0,0,1,12,5,0,0,0,17,0,0,29,200,1,0,0,200,200
356246,0,30,0,0,0,1,12,5,0,0,0,17,0,1,36,7,0,0,0,200,200
356258,0,30,1,2,0,1,14,2,0,0,0,17,23,1,34,0,7,200,0,200,200
356258,0,30,1,2,0,1,14,2,0,0,0,17,23,1,34,0,12,0,0,200,200
356270,0,30,0,0,0,1,12,6,2,0,0,29,200,0,37,0,12,0,0,200,200
356270,0,30,0,0,0,1,12,6,2,0,0,29,200,0,83,0,0,0,0,200,200
356270,1,30,0,0,0,1,12,6,2,0,0,29,200,1,85,0,200,200,200,200,200
356278,0,15,0,0,0,200,7,12,0,200,200,0,200,2,200,200,200,200,200,200,200
356279,0,30,0,0,0,1,7,6,0,0,0,0,0,0,200,200,200,200,200,200,200
356289,0,30,1,2,0,1,14,5,0,0,0,17,200,0,73,200,1,0,0,200,200
356289,0,30,1,2,0,1,14,5,0,0,0,17,200,1,24,200,0,0,0,200,200
356302,0,0,0,0,0,1,2,0,0,0,0,0,200,2,200,200,200,200,200,200,200
356304,4,0,1,2,0,1,8,2,0,0,0,11,200,0,25,200,12,0,0,200,200
356304,0,0,1,2,0,1,8,2,0,0,0,11,200,0,71,200,0,0,0,200,200
356305,0,30,0,0,0,1,14,1,0,0,0,23,200,0,200,0,7,1,0,200,200
356305,0,30,0,0,0,1,14,1,0,0,0,23,200,0,34,0,0,0,0,200,200
356305,1,30,0,0,0,1,14,1,0,0,0,23,200,1,28,0,200,200,200,200,200
356308,0,30,12,0,0,1,12,2,0,0,0,22,16,0,30,0,2,0,0,200,200
356308,0,30,12,0,0,1,12,2,0,0,0,22,16,1,70,0,0,0,0,200,200
356312,0,30,0,0,0,1,10,2,0,0,0,18,17,0,35,0,3,200,200,200,200
356312,0,30,0,0,0,1,10,2,0,0,0,18,17,0,66,0,200,200,200,200,200
356312,1,30,0,0,0,1,10,2,0,0,0,18,17,0,22,0,200,200,200,200,200
356315,0,30,2,2,0,1,0,5,0,0,0,5,0,0,39,0,5,0,0,200,200
356315,0,30,2,2,0,1,0,5,0,0,0,5,0,0,56,0,0,0,0,200,200
356315,1,30,2,2,0,1,0,5,0,0,0,5,0,0,27,0,200,200,200,200,200
356318,0,30,0,0,0,1,12,1,0,200,200,0,0,1,59,200,200,200,0,200,200
356318,0,30,0,0,0,1,12,1,0,200,200,0,0,0,200,200,200,0,0,200,200
356319,0,30,1,2,0,1,0,2,0,0,0,17,22,0,38,0,1,0,0,200,200
356319,0,30,1,2,0,1,0,2,0,0,0,17,22,0,36,0,12,0,0,200,200
356321,0,30,0,200,0,1,7,2,0,0,0,0,0,1,200,200,200,200,200,200,200
356324,0,30,0,0,0,1,2,6,0,0,12,0,200,1,71,0,0,0,0,200,200
356336,0,30,0,0,0,1,14,1,0,0,0,17,200,0,65,0,1,12,0,200,200
356336,0,30,0,0,0,1,14,1,0,0,0,17,200,2,200,200,0,200,200,200,200
356336,1,30,0,0,0,1,14,1,0,0,0,17,200,1,66,0,200,200,200,200,200
356339,0,30,1,2,0,4,12,2,0,0,0,22,0,2,200,0,2,0,0,200,200
356339,0,30,1,2,0,4,12,2,0,0,0,22,0,0,27,0,12,0,0,200,200
356343,0,30,0,0,0,1,10,2,0,0,0,18,200,0,30,0,8,0,0,200,200
356343,0,30,0,0,0,1,10,2,0,0,0,18,200,0,19,0,0,0,0,200,200
356343,1,30,0,0,0,1,10,2,0,0,0,18,200,0,45,0,200,200,200,200,200
356345,0,30,1,2,0,1,10,200,0,0,200,18,200,1,0,200,3,200,0,200,200
356345,0,30,1,2,0,1,10,200,0,0,200,18,200,0,200,200,0,200,0,200,200
356351,0,30,1,2,0,1,0,2,0,0,0,0,0,0,31,0,1,0,0,200,200
356351,0,30,1,2,0,1,0,2,0,0,0,0,0,0,40,2,0,0,0,200,200
356351,1,30,1,2,0,1,0,2,0,0,0,0,0,0,22,0,200,200,200,200,200
356354,0,30,0,0,0,1,7,2,0,0,0,200,200,0,22,200,200,200,0,200,200
356356,0,30,1,2,0,1,10,5,0,0,0,0,0,0,200,200,200,200,200,200,200
356356,0,30,1,2,0,1,10,5,0,0,0,0,0,0,58,0,0,0,0,200,200
356357,0,30,2,2,0,1,0,2,0,0,0,6,200,1,68,0,5,0,0,200,200
356357,0,30,2,2,0,1,0,2,0,0,0,6,200,0,49,0,0,0,0,200,200
356357,1,30,2,2,0,1,0,2,0,0,0,6,200,0,71,0,200,200,200,200,200
356359,0,30,1,2,0,1,12,5,0,0,0,11,0,1,200,200,4,200,200,200,200
356359,0,30,1,2,0,1,12,5,0,0,0,11,0,0,44,0,0,0,0,200,200
356359,0,30,1,2,0,1,12,5,0,0,0,11,0,1,37,0,0,0,0,200,200
356374,0,30,0,0,0,1,12,2,0,0,0,21,200,1,40,200,4,200,0,200,200
356374,0,30,0,0,0,1,12,2,0,0,0,21,200,0,57,200,0,200,0,200,200
356376,0,30,0,0,0,1,5,5,0,0,1,0,200,0,61,0,0,0,0,200,200
356378,0,30,0,0,0,1,2,12,0,0,12,0,200,0,23,0,0,0,0,200,200
356382,0,20,0,0,0,1,12,5,0,0,0,0,200,0,200,0,0,0,0,200,200
356382,0,20,0,0,0,1,12,5,0,0,0,0,200,0,200,0,200,200,200,200,200
356382,1,20,0,0,0,1,12,5,0,0,0,0,200,1,200,7,200,200,200,200,200
356384,0,30,0,0,0,3,7,5,0,0,0,20,16,0,20,200,6,0,0,200,200
356388,0,30,0,0,0,1,7,7,0,0,0,20,200,0,62,0,6,0,0,200,200
356393,0,30,200,200,200,200,7,5,0,200,200,0,0,2,200,200,200,200,200,200,200
356397,0,30,0,0,0,1,10,5,0,0,0,0,200,0,17,0,3,0,0,200,200
356397,0,30,0,0,0,1,10,5,0,0,0,0,200,0,200,0,0,0,0,200,200
356398,0,10,0,0,0,1,10,7,0,0,0,20,0,1,57,200,6,200,0,200,200
356398,0,10,0,0,0,1,10,7,0,0,0,20,0,0,46,200,6,200,0,200,200
356402,0,30,0,0,0,1,0,6,0,0,0,20,20,0,52,200,6,0,0,200,200
356402,0,30,0,0,0,1,0,6,0,0,0,20,20,0,200,0,0,0,0,200,200
356402,1,30,0,0,0,1,0,6,0,0,0,20,20,1,88,200,200,200,200,200,200
356416,0,35,1,2,0,1,10,5,0,0,0,18,17,0,30,200,1,0,0,200,200
356416,0,35,1,2,0,1,10,5,0,0,0,18,17,0,64,200,0,0,0,200,200
356416,0,35,1,2,0,1,10,5,0,0,0,18,17,0,50,200,0,0,0,200,200
356417,0,30,0,0,0,1,7,6,0,0,0,0,200,2,200,200,200,200,200,200,200
356418,0,30,0,0,200,1,10,5,0,200,200,17,200,0,28,200,1,200,200,200,200
356418,0,30,0,0,200,1,10,5,0,200,200,17,200,0,22,0,0,200,0,200,200
356425,0,30,1,2,0,1,10,5,0,0,0,18,200,1,200,0,3,0,0,200,200
356425,0,30,1,2,0,1,10,5,0,0,0,18,200,0,34,0,0,0,0,200,200
356447,0,30,200,200,0,1,14,200,0,0,0,0,200,2,200,200,12,200,200,200,200
356447,0,30,200,200,0,1,14,200,0,0,0,0,200,0,25,200,0,200,0,200,200
356448,0,30,2,200,0,1,0,5,0,200,200,17,200,0,46,200,1,0,0,200,200
356448,0,30,2,200,0,1,0,5,0,200,200,17,200,1,66,200,0,0,0,200,200
356455,0,10,0,0,0,1,7,7,0,0,0,11,200,0,29,200,12,12,0,200,200
356461,0,30,0,0,0,1,14,5,0,0,0,22,17,0,48,0,2,0,0,200,200
356461,0,30,0,0,0,1,14,5,0,0,0,22,17,0,25,0,0,0,0,200,200
356462,0,35,0,0,0,1,10,5,0,0,200,18,200,1,200,200,3,200,200,200,200
356462,0,35,0,0,0,1,10,5,0,0,200,18,200,0,23,0,0,0,0,200,200
356462,0,35,0,0,0,1,10,5,0,0,200,18,200,0,69,0,0,0,0,200,200
356464,0,30,2,2,0,1,14,2,0,0,200,17,17,1,18,200,1,200,0,200,200
356464,0,30,2,2,0,1,14,2,0,0,200,17,17,0,63,200,0,200,0,200,200
356469,0,30,0,0,0,1,0,4,1,0,0,33,29,0,59,0,200,12,0,200,200
356469,0,30,0,0,0,1,0,4,1,0,0,33,29,1,66,0,0,0,0,200,200
356474,0,20,0,0,0,1,0,6,0,0,0,20,200,0,200,0,6,0,0,200,200
356474,0,20,0,0,0,1,0,6,0,0,0,20,200,0,20,0,0,0,0,200,200
356478,0,30,0,0,0,1,10,5,1,0,0,18,16,0,58,0,3,0,0,200,200
356478,0,30,0,0,0,1,10,5,1,0,0,18,16,1,37,0,0,0,0,200,200
356478,1,30,0,0,0,1,10,5,1,0,0,18,16,200,200,5,200,200,200,200,200
356480,0,30,0,0,200,1,10,3,0,200,200,18,200,1,200,200,3,200,200,200,200
356480,0,30,0,0,200,1,10,3,0,200,200,18,200,1,55,0,0,0,0,200,200
356484,0,30,2,2,0,1,0,5,0,0,0,17,200,0,40,0,1,0,0,200,200
356484,0,30,2,2,0,1,0,5,0,0,0,17,200,0,40,0,0,0,0,200,200
356489,0,20,0,0,0,3,7,6,0,0,0,25,25,2,200,200,200,200,200,200,200
356490,0,30,1,2,0,1,0,1,0,0,0,200,200,1,31,200,12,200,200,200,200
356490,0,30,1,2,0,1,0,1,0,0,0,200,200,0,35,7,0,0,0,200,200
356490,1,30,1,2,0,1,0,1,0,0,0,200,200,1,29,0,200,200,200,200,200
356493,0,35,0,0,0,1,7,6,0,0,0,0,0,2,200,200,200,200,200,200,200
356494,0,30,0,0,0,1,12,5,0,0,0,0,0,0,200,200,12,200,200,200,200
356494,0,30,0,0,0,1,12,5,0,0,0,0,0,0,24,7,0,0,0,200,200
356496,0,30,0,0,0,1,7,6,0,0,0,20,200,0,36,0,6,0,0,200,200
356501,0,30,1,2,0,1,12,6,0,0,0,11,200,0,40,0,200,0,0,200,200
356501,0,30,1,2,0,1,12,6,0,0,0,11,200,1,43,0,0,0,0,200,200
356501,1,30,1,2,0,1,12,6,0,0,0,11,200,1,200,0,200,200,200,200,200
356506,0,30,1,2,0,1,10,2,0,0,0,0,200,0,50,200,200,0,200,200,200
356506,0,30,1,2,0,1,10,2,0,0,0,0,200,1,200,200,0,200,200,200,200
356509,0,30,1,2,0,1,10,5,0,0,0,0,0,1,200,200,200,200,200,200,200
356509,0,30,1,2,0,1,10,5,0,0,0,0,0,1,63,0,0,0,0,200,200
356509,1,30,1,2,0,1,10,5,0,0,0,0,0,1,200,0,200,200,200,200,200
356513,0,20,0,0,0,1,10,0,0,0,0,0,200,0,55,0,200,200,0,200,200
356513,0,20,0,0,0,1,10,0,0,0,0,0,200,1,70,0,200,200,0,200,200
356514,0,30,0,0,0,1,0,5,0,0,0,0,200,0,30,0,1,0,0,200,200
356514,0,30,0,0,0,1,0,5,0,0,0,0,200,0,31,0,0,0,0,200,200
356522,0,30,1,2,0,1,10,5,0,0,0,16,18,0,200,200,200,200,200,200,200
356522,0,30,1,2,0,1,10,5,0,0,0,16,18,1,31,0,0,0,0,200,200
356522,0,30,1,2,0,1,10,5,0,0,0,16,18,1,30,0,0,0,0,200,200
356525,0,30,1,2,0,1,12,5,0,0,0,17,11,1,60,0,4,0,0,200,200
356525,0,30,1,2,0,1,12,5,0,0,0,17,11,0,55,0,0,0,0,200,200
356526,0,30,0,0,0,1,14,7,0,0,0,17,0,0,47,200,1,200,0,200,200
356526,0,30,0,0,0,1,14,7,0,0,0,17,0,1,34,200,0,0,0,200,200
356535,0,30,1,2,0,1,14,12,0,0,200,0,200,0,49,200,12,0,0,200,200
356535,0,30,1,2,0,1,14,12,0,0,200,0,200,0,35,200,12,0,0,200,200
356537,0,30,0,0,0,1,10,5,0,0,200,18,0,0,33,200,3,0,0,200,200
356537,0,30,0,0,0,1,10,5,0,0,200,18,0,1,47,0,0,0,0,200,200
356537,1,30,0,0,0,1,10,5,0,0,200,18,0,0,11,0,200,200,200,200,200
356544,0,30,0,0,0,1,10,5,0,0,200,18,200,0,200,200,3,200,200,200,200
356544,0,30,0,0,0,1,10,5,0,0,200,18,200,0,29,0,0,0,0,200,200
356544,1,30,0,0,0,1,10,5,0,0,200,18,200,1,200,0,200,200,200,200,200
356545,0,30,0,0,0,1,10,3,0,0,0,0,200,0,32,0,3,0,0,200,200
356545,0,30,0,0,0,1,10,3,0,0,0,0,200,0,55,0,0,0,0,200,200
356545,0,30,0,0,0,1,10,3,0,0,0,0,200,0,200,200,0,200,200,200,200
356545,0,30,0,0,0,1,10,3,0,0,0,0,200,0,58,0,0,0,0,200,200
356547,0,30,0,0,0,1,0,7,0,0,0,20,0,1,37,0,6,4,0,200,200
356547,0,30,0,0,0,1,0,7,0,0,0,20,0,0,20,0,0,0,0,200,200
356551,0,30,200,200,200,200,8,5,0,200,200,0,0,0,200,200,1,200,200,200,200
356551,4,30,200,200,200,200,8,5,0,200,200,0,0,1,24,3,200,200,200,200,200
356552,0,30,0,0,0,1,10,2,0,0,0,27,0,0,46,200,12,200,0,200,200
356552,0,30,0,0,0,1,10,2,0,0,0,27,0,1,38,200,0,200,0,200,200
356555,0,30,200,200,0,1,10,6,0,0,0,0,0,0,60,200,6,200,0,200,200
356555,0,30,200,200,0,1,10,6,0,0,0,0,0,0,28,200,200,200,0,200,200
356560,0,30,1,2,0,1,10,5,0,0,0,0,0,1,54,200,200,200,200,200,200
356560,0,30,1,2,0,1,10,5,0,0,0,0,0,1,37,0,0,0,200,200,200
356560,1,30,1,2,0,1,10,5,0,0,0,0,0,1,12,0,200,200,200,200,200
356560,1,30,1,2,0,1,10,5,0,0,0,0,0,1,7,5,200,200,200,200,200
356561,0,20,0,0,0,1,7,5,0,0,0,0,200,2,200,200,200,200,200,200,200
356563,0,30,200,200,200,200,12,5,0,200,200,0,200,1,33,200,200,200,200,200,200
356563,0,30,200,200,200,200,12,5,0,200,200,0,200,1,34,0,200,200,200,200,200
356571,0,30,1,200,0,1,10,2,0,0,0,0,0,0,0,200,200,200,200,200,200
356571,0,30,1,200,0,1,10,2,0,0,0,0,0,0,27,200,200,200,200,200,200
356574,0,30,0,0,0,1,10,5,0,0,0,18,200,0,19,200,3,200,200,200,200
356574,0,30,0,0,0,1,10,5,0,0,0,18,200,1,40,0,0,0,0,200,200
356577,0,30,1,2,0,1,10,5,0,0,0,0,0,0,200,200,1,200,200,200,200
356577,0,30,1,2,0,1,10,5,0,0,0,0,0,0,67,0,0,0,0,200,200
356579,0,30,0,0,0,1,7,5,0,0,0,21,21,0,58,0,2,0,0,200,200
356579,1,30,0,0,0,1,7,5,0,0,0,21,21,1,31,0,200,200,200,200,200
356581,0,30,0,0,0,1,2,5,0,0,0,0,0,0,200,200,200,200,200,200,200
356582,0,30,1,2,0,1,10,5,0,0,200,0,0,0,26,200,1,200,200,200,200
356582,0,30,1,2,0,1,10,5,0,0,200,0,0,1,51,0,0,0,0,200,200
356584,0,30,1,2,0,1,14,5,0,0,0,11,0,0,47,0,12,200,0,200,200
356584,0,30,1,2,0,1,14,5,0,0,0,11,0,0,60,0,12,200,0,200,200
356586,0,0,0,0,200,200,12,200,0,200,200,0,200,1,200,200,200,200,200,200,200
356586,0,0,0,0,200,200,12,200,0,200,200,0,200,1,47,0,200,200,0,200,200
356586,1,0,0,0,200,200,12,200,0,200,200,0,200,1,12,0,200,200,200,200,200
356594,0,30,1,2,0,1,12,2,0,0,0,200,0,0,66,200,200,200,0,200,200
356594,0,30,1,2,0,1,12,2,0,0,0,200,0,1,34,200,200,200,0,200,200
356595,0,30,2,2,0,1,14,2,0,0,0,17,200,0,33,0,1,0,0,200,200
356595,0,30,2,2,0,1,14,2,0,0,0,17,200,1,35,0,0,200,0,200,200
356595,1,30,2,2,0,1,14,2,0,0,0,17,200,0,200,200,200,200,200,200,200
356596,0,0,0,0,0,1,7,7,0,0,200,0,0,2,200,200,200,200,200,200,200
356597,0,30,1,2,0,2,10,5,0,0,0,0,200,0,200,200,3,200,200,200,200
356597,0,30,1,2,0,2,10,5,0,0,0,0,200,0,41,0,0,0,0,200,200
356625,0,30,2,2,0,1,10,5,0,0,200,16,18,0,200,200,200,200,200,200,200
356625,0,30,2,2,0,1,10,5,0,0,200,16,18,1,34,0,0,0,0,200,200
356626,0,30,0,0,0,1,12,2,0,0,0,17,0,0,33,0,12,0,0,200,200
356626,0,30,0,0,0,1,12,2,0,0,0,17,0,0,48,0,0,0,0,200,200
356630,0,30,0,0,0,1,10,5,0,0,0,18,16,0,26,3,3,0,0,200,200
356630,0,30,0,0,0,1,10,5,0,0,0,18,16,1,53,0,0,0,0,200,200
356631,0,20,0,0,0,1,12,2,0,0,0,17,18,1,59,200,1,200,0,200,200
356631,0,20,0,0,0,1,12,2,0,0,0,17,18,1,19,200,200,200,0,200,200
356649,0,15,0,0,0,1,10,7,0,0,0,0,16,0,75,200,200,0,0,200,200
356649,0,15,0,0,0,1,10,7,0,0,0,0,16,1,66,0,0,0,0,200,200
356659,0,30,1,2,0,1,10,5,0,0,0,0,200,1,20,0,200,200,200,200,200
356659,0,30,1,2,0,1,10,5,0,0,0,0,200,1,51,0,0,0,0,200,200
356659,1,30,1,2,0,1,10,5,0,0,0,0,200,0,200,0,200,200,200,200,200
356660,0,15,0,0,0,1,7,7,0,0,0,0,0,1,200,200,200,200,200,200,200
356660,1,15,0,0,0,1,7,7,0,0,0,0,0,0,9,0,200,200,200,200,200
356663,0,30,0,0,0,1,14,3,0,0,0,0,200,0,200,7,0,0,0,200,200
356663,0,30,0,0,0,1,14,3,0,0,0,0,200,0,200,7,0,0,0,200,200
356669,0,40,1,200,0,1,10,3,0,200,0,0,0,1,24,0,12,0,0,200,200
356669,0,40,1,200,0,1,10,3,0,200,0,0,0,1,65,0,12,0,0,200,200
356675,0,30,0,0,0,1,10,7,0,0,0,0,0,1,200,200,6,200,200,200,200
356675,0,30,0,0,0,1,10,7,0,0,0,0,0,1,50,200,0,0,0,200,200
356679,0,35,0,0,0,1,10,3,0,0,0,18,0,0,25,200,3,0,0,200,200
356679,0,35,0,0,0,1,10,3,0,0,0,18,0,1,40,200,0,0,0,200,200
356680,0,30,1,2,1,1,10,2,0,0,0,0,200,1,25,0,200,0,0,200,200
356680,0,30,1,2,1,1,10,2,0,0,0,0,200,1,51,0,0,0,0,200,200
356684,0,30,0,0,0,1,14,5,0,0,0,11,0,0,26,200,12,200,0,200,200
356684,0,30,0,0,0,1,14,5,0,0,0,11,0,0,60,200,12,200,0,200,200
356703,0,35,0,0,0,1,12,2,0,0,0,0,0,0,22,200,200,200,200,200,200
356703,0,35,0,0,0,1,12,2,0,0,0,0,0,0,29,0,0,0,0,200,200
356704,0,30,1,2,0,1,14,2,0,0,0,0,200,1,24,200,1,200,0,200,200
356704,0,30,1,2,0,1,14,2,0,0,0,0,200,1,23,200,200,200,0,200,200
356706,0,30,0,0,0,1,10,5,0,0,0,0,0,1,200,200,200,200,200,200,200
356706,0,30,0,0,0,1,10,5,0,0,0,0,0,0,44,0,0,0,0,200,200
356719,0,30,0,0,0,1,7,5,0,0,0,15,14,0,200,200,13,200,200,200,200
356719,1,30,0,0,0,1,7,5,0,0,0,15,14,200,200,200,200,200,200,200,200
356719,1,30,0,0,0,1,7,5,0,0,0,15,14,0,200,200,200,200,200,200,200
356725,0,30,0,0,0,4,0,5,0,0,0,17,16,0,24,200,1,200,0,200,200
356725,0,30,0,0,0,4,0,5,0,0,0,17,16,0,40,0,0,0,0,200,200
356725,1,30,0,0,0,4,0,5,0,0,0,17,16,1,200,0,200,200,200,200,200
356725,1,30,0,0,0,4,0,5,0,0,0,17,16,1,200,0,200,200,200,200,200
356725,1,30,0,0,0,4,0,5,0,0,0,17,16,0,200,5,200,200,200,200,200
356725,1,30,0,0,0,4,0,5,0,0,0,17,16,0,200,5,200,200,200,200,200
356727,0,30,0,0,0,1,12,2,0,0,200,22,200,1,200,200,4,200,200,200,200
356727,0,30,0,0,0,1,12,2,0,0,200,22,200,0,57,0,0,0,0,200,200
356731,0,30,1,2,0,1,12,3,0,0,0,17,200,1,200,200,1,200,200,200,200
356731,0,30,1,2,0,1,12,3,0,0,0,17,200,1,44,200,0,0,0,200,200
356735,0,30,0,0,200,1,10,5,0,200,0,22,0,0,63,200,12,200,0,200,200
356735,0,30,0,0,200,1,10,5,0,200,0,22,0,0,31,200,0,0,0,200,200
356736,0,30,1,2,0,1,14,5,0,0,0,23,0,0,19,200,7,200,0,200,200
356736,0,30,1,2,0,1,14,5,0,0,0,23,0,1,35,0,0,0,0,200,200
356737,0,30,0,0,0,1,5,5,0,0,0,0,0,1,20,0,0,0,0,200,200
356739,0,30,0,0,0,1,8,5,0,0,0,21,200,0,47,0,10,0,0,200,200
356739,4,30,0,0,0,1,8,5,0,0,0,21,200,2,200,200,200,200,200,200,200
356740,0,40,1,2,0,1,10,2,0,0,0,18,0,0,28,0,3,0,0,200,200
356740,0,40,1,2,0,1,10,2,0,0,0,18,0,0,62,200,200,200,200,200,200
356743,0,30,1,1,0,1,12,2,0,0,0,0,200,1,50,0,12,0,0,200,200
356743,0,30,1,1,0,1,12,2,0,0,0,0,200,0,49,0,0,0,0,200,200
356743,1,30,1,1,0,1,12,2,0,0,0,0,200,1,200,0,200,200,200,200,200
356746,0,30,2,2,0,1,10,5,0,200,200,11,18,0,21,0,12,200,0,200,200
356746,0,30,2,2,0,1,10,5,0,200,200,11,18,0,26,0,200,200,0,200,200
356749,0,30,2,2,0,1,10,5,0,0,0,18,200,0,200,200,3,200,200,200,200
356749,0,30,2,2,0,1,10,5,0,0,0,18,200,1,61,0,0,0,0,200,200
356751,0,30,0,0,0,1,10,5,0,0,0,0,200,1,200,0,0,0,0,200,200
356751,0,30,0,0,0,1,10,5,0,0,0,0,200,1,200,0,0,0,5,200,200
356751,1,30,0,0,0,1,10,5,0,0,0,0,200,1,200,0,200,200,200,200,200
356751,1,30,0,0,0,1,10,5,0,0,0,0,200,1,200,0,200,200,200,200,200
356752,0,30,0,0,0,1,10,5,0,0,0,16,0,1,18,200,3,0,0,200,200
356752,0,30,0,0,0,1,10,5,0,0,0,16,0,1,52,200,0,0,0,200,200
356756,0,30,2,2,0,1,0,6,0,0,0,17,0,0,17,0,1,0,0,200,200
356756,0,30,2,2,0,1,0,6,0,0,0,17,0,0,200,200,200,200,200,200,200
356756,1,30,2,2,0,1,0,6,0,0,0,17,0,1,17,0,200,200,200,200,200
356760,0,30,1,2,0,1,12,5,0,0,0,21,0,0,42,200,4,0,0,200,200
356760,0,30,1,2,0,1,12,5,0,0,0,21,0,0,29,0,0,0,0,200,200
356761,0,30,0,0,0,1,12,5,0,0,200,22,200,0,200,200,4,200,200,200,200