RD_NO,PERSON_TYPE,POSTED_SPEED_LIMIT,TRAFFIC_CONTROL_DEVICE,DEVICE_CONDITION,WEATHER_CONDITION,LIGHTING_CONDITION,FIRST_CRASH_TYPE,TRAFFICWAY_TYPE,ALIGNMENT,ROADWAY_SURFACE_COND,ROAD_DEFECT,PRIM_CONTRIBUTORY_CAUSE,SEC_CONTRIBUTORY_CAUSE,SEX,AGE,SAFETY_EQUIPMENT,DRIVER_ACTION,DRIVER_VISION,PHYSICAL_CONDITION,BAC_RESULT VALUE,CELL_PHONE_USE
356761,0,30,0,0,0,1,12,5,0,0,200,22,200,1,74,0,0,200,0,200,200
356763,0,20,0,0,0,1,12,2,0,0,200,17,17,0,39,200,1,200,0,200,200
356763,0,20,0,0,0,1,12,2,0,0,200,17,17,1,200,200,200,200,200,200,200
356764,0,30,0,0,0,1,12,5,0,0,0,0,0,0,19,0,0,0,0,200,200
356764,0,30,0,0,0,1,12,5,0,0,0,0,0,1,25,0,0,0,0,200,200
356764,1,30,0,0,0,1,12,5,0,0,0,0,0,1,20,0,200,200,200,200,200
356769,0,15,0,0,0,1,7,7,0,0,0,0,0,2,200,200,200,200,200,200,200
356770,0,30,0,0,0,1,7,5,0,0,0,0,0,0,47,0,0,0,0,200,200
356771,4,30,0,0,0,1,8,2,0,0,0,17,200,0,19,200,0,0,0,200,200
356774,0,30,2,2,0,1,0,2,0,0,0,17,17,1,27,0,1,0,0,200,200
356774,0,30,2,2,0,1,0,2,0,0,0,17,17,1,35,0,0,0,0,200,200
356776,0,0,0,0,0,1,7,200,0,200,200,0,200,1,200,200,200,200,200,200,200
356776,1,0,0,0,0,1,7,200,0,200,200,0,200,0,56,200,200,200,200,200,200
356778,0,40,0,0,0,1,10,3,0,0,0,0,0,0,18,200,12,0,0,200,200
356778,0,40,0,0,0,1,10,3,0,0,0,0,0,0,45,0,0,0,0,200,200
356780,0,30,0,0,0,1,14,2,0,1,0,17,200,0,29,200,7,0,0,200,200
356780,0,30,0,0,0,1,14,2,0,1,0,17,200,1,30,200,0,0,0,200,200
356780,1,30,0,0,0,1,14,2,0,1,0,17,200,1,30,200,200,200,200,200,200
356783,0,30,0,0,0,1,9,4,0,0,0,17,0,1,200,200,1,200,200,200,200
356783,5,30,0,0,0,1,9,4,0,0,0,17,0,0,83,200,0,200,0,200,200
356787,0,30,1,2,0,1,14,2,0,0,0,31,6,1,27,200,5,0,200,200,200
356787,0,30,1,2,0,1,14,2,0,0,0,31,6,0,42,200,0,0,0,200,200
356788,0,30,0,0,0,1,14,5,0,0,200,0,0,2,200,200,7,200,200,200,200
356788,0,30,0,0,0,1,14,5,0,0,200,0,0,1,24,200,0,200,0,200,200
356791,0,30,1,1,0,1,10,200,0,0,200,18,200,1,32,200,3,200,200,200,200
356791,0,30,1,1,0,1,10,200,0,0,200,18,200,0,67,200,0,200,0,200,200
356792,0,30,0,0,0,1,0,5,0,0,0,17,17,0,29,0,0,0,0,200,200
356792,0,30,0,0,0,1,0,5,0,0,0,17,17,1,64,0,0,0,0,200,200
356792,1,30,0,0,0,1,0,5,0,0,0,17,17,1,200,200,200,200,200,200,200
356797,0,30,1,2,0,1,9,12,0,0,0,17,0,0,50,200,1,200,0,200,200
356797,5,30,1,2,0,1,9,12,0,0,0,17,0,1,47,7,0,0,0,200,200
356798,0,30,0,0,0,1,12,5,0,0,0,22,200,1,22,0,4,0,200,200,200
356798,0,30,0,0,0,1,12,5,0,0,0,22,200,1,69,0,0,0,0,200,200
356799,0,35,0,0,0,3,12,5,0,0,0,0,0,1,200,200,200,200,200,200,200
356799,0,35,0,0,0,3,12,5,0,0,0,0,0,0,66,200,0,0,0,200,200
356799,1,35,0,0,0,3,12,5,0,0,0,0,0,1,64,200,200,200,200,200,200
356807,0,30,0,0,0,1,10,5,0,0,0,18,200,1,68,200,3,200,0,200,200
356807,0,30,0,0,0,1,10,5,0,0,0,18,200,1,41,200,13,200,0,200,200
356807,1,30,0,0,0,1,10,5,0,0,0,18,200,0,40,200,200,200,200,200,200
356807,1,30,0,0,0,1,10,5,0,0,0,18,200,1,11,200,200,200,200,200,200
356812,0,5,12,12,0,4,10,3,0,0,0,16,11,0,34,0,6,200,0,200,200
356812,0,5,12,12,0,4,10,3,0,0,0,16,11,1,43,0,0,0,0,200,200
356814,0,30,0,0,0,1,7,5,0,0,0,0,0,0,64,0,12,0,0,200,200
356814,1,30,0,0,0,1,7,5,0,0,0,0,0,0,27,1,200,200,200,200,200
356817,0,30,1,2,0,1,10,5,0,1,0,18,200,0,52,0,3,0,0,200,200
356817,0,30,1,2,0,1,10,5,0,1,0,18,200,1,43,0,0,0,0,200,200
356822,0,30,0,2,0,1,14,5,0,200,200,17,22,1,200,200,1,200,200,200,200
356822,0,30,0,2,0,1,14,5,0,200,200,17,22,0,19,0,0,200,0,200,200
356822,1,30,0,2,0,1,14,5,0,200,200,17,22,1,17,0,200,200,200,200,200
356825,0,30,0,0,0,1,14,6,0,0,0,20,0,0,27,0,2,200,0,200,200
356825,0,30,0,0,0,1,14,6,0,0,0,20,0,1,22,0,0,0,0,200,200
356826,0,30,0,0,0,1,7,5,0,0,200,0,0,2,200,200,200,200,200,200,200
356828,0,30,2,200,0,1,10,5,0,0,200,0,0,0,200,200,200,200,200,200,200
356828,0,30,2,200,0,1,10,5,0,0,200,0,0,1,62,0,0,200,200,200,200
356831,0,35,0,0,0,1,12,2,0,0,0,0,0,0,29,0,200,200,200,200,200
356831,0,35,0,0,0,1,12,2,0,0,0,0,0,0,42,0,0,0,0,200,200
356834,0,30,1,2,0,1,14,5,0,0,0,16,16,0,43,0,3,0,0,200,200
356834,0,30,1,2,0,1,14,5,0,0,0,16,16,0,54,0,0,0,0,200,200
356835,0,35,0,0,0,1,12,5,0,0,0,22,17,1,53,200,2,0,0,200,200
356835,0,35,0,0,0,1,12,5,0,0,0,22,17,1,53,200,0,0,0,200,200
356837,0,30,1,2,0,1,14,5,0,0,0,17,23,0,200,200,1,200,200,200,200
356837,0,30,1,2,0,1,14,5,0,0,0,17,23,1,47,0,0,0,0,200,200
356838,0,30,0,0,0,1,10,7,0,0,0,17,200,0,52,200,1,200,200,200,200
356838,0,30,0,0,0,1,10,7,0,0,0,17,200,0,25,0,0,0,0,200,200
356846,0,30,0,0,0,1,7,6,0,0,1,0,0,2,200,200,200,200,200,200,200
356849,0,30,1,2,0,1,14,6,0,0,0,0,200,0,48,200,7,200,200,200,200
356849,0,30,1,2,0,1,14,6,0,0,0,0,200,1,53,0,0,0,0,200,200
356859,0,30,0,0,0,0,7,5,0,0,0,0,200,0,200,200,200,200,200,200,200
356867,0,30,0,0,0,1,12,5,0,0,200,17,0,1,21,0,1,0,0,200,200
356867,0,30,0,0,0,1,12,5,0,0,200,17,0,1,33,0,0,0,0,200,200
356880,0,30,0,0,0,1,0,12,0,0,0,17,0,1,27,0,1,0,0,200,200
356880,0,30,0,0,0,1,0,12,0,0,0,17,0,0,25,0,0,0,0,200,200
356880,1,30,0,0,0,1,0,12,0,0,0,17,0,1,28,0,200,200,200,200,200
356882,0,20,0,0,0,1,7,7,0,0,200,0,0,2,200,200,10,200,200,200,200
356891,0,30,0,0,0,1,10,5,0,0,200,18,200,1,200,200,3,200,200,200,200
356891,0,30,0,0,0,1,10,5,0,0,200,18,200,1,37,0,0,0,0,200,200
356892,0,25,0,0,0,0,0,0,0,0,0,200,200,1,23,0,0,0,0,200,200
356892,0,25,0,0,0,0,0,0,0,0,0,200,200,2,200,200,200,200,200,200,200
356894,4,30,0,0,0,4,8,2,0,0,0,19,200,0,23,7,12,12,5,200,200
356894,0,30,0,0,0,4,8,2,0,0,0,19,200,1,62,0,0,0,0,200,200
356897,0,30,0,0,0,1,12,5,0,0,0,0,0,0,20,0,12,0,0,200,200
356897,0,30,0,0,0,1,12,5,0,0,0,0,0,0,42,0,0,0,0,200,200
356898,0,30,0,0,0,4,10,5,0,0,200,18,200,0,26,200,3,200,200,200,200
356898,0,30,0,0,0,4,10,5,0,0,200,18,200,0,56,0,0,0,0,200,200
356899,0,30,1,2,0,1,10,2,0,0,0,0,18,0,21,200,3,0,0,200,200
356899,0,30,1,2,0,1,10,2,0,0,0,0,18,0,52,0,0,0,0,200,200
356901,0,30,0,0,0,4,2,5,0,0,0,23,12,1,20,200,7,0,7,200,200
356901,1,30,0,0,0,4,2,5,0,0,0,23,12,1,20,200,200,200,200,200,200
356905,0,30,2,2,0,3,0,1,0,0,0,0,0,2,200,200,200,200,200,200,200
356905,0,30,2,2,0,3,0,1,0,0,0,0,0,0,27,200,0,0,0,200,200
356909,0,30,0,0,0,1,10,3,0,0,0,16,200,1,200,200,200,200,200,200,200
356909,0,30,0,0,0,1,10,3,0,0,0,16,200,0,38,0,0,200,0,200,200
356917,0,30,0,0,0,4,10,6,0,0,0,0,0,2,200,200,200,200,200,200,200
356917,0,30,0,0,0,4,10,6,0,0,0,0,0,1,36,200,0,0,0,200,200
356922,0,30,1,2,0,4,8,5,0,0,0,0,200,0,200,0,200,200,0,200,200
356922,4,30,1,2,0,4,8,5,0,0,0,0,200,0,30,3,0,200,0,200,200
356922,1,30,1,2,0,4,8,5,0,0,0,0,200,0,200,200,200,200,200,200,200
356928,0,30,0,0,0,1,7,6,0,0,200,0,0,2,200,200,200,200,200,200,200
356933,0,30,1,2,0,1,12,5,0,0,200,21,0,1,200,200,4,200,0,200,200
356933,0,30,1,2,0,1,12,5,0,0,200,21,0,1,66,0,12,0,0,200,200
356936,0,25,200,200,0,2,7,6,0,0,0,0,0,2,200,200,200,200,200,200,200
356955,0,30,0,0,0,3,7,6,0,0,0,11,200,0,83,0,12,0,0,200,200
356964,0,30,0,0,0,1,7,5,0,0,200,0,0,2,200,200,200,200,200,200,200
356982,0,30,0,0,0,3,14,2,0,0,0,21,11,0,18,0,2,0,0,200,200
356982,0,30,0,0,0,3,14,2,0,0,0,21,11,1,56,0,0,0,0,200,200
356983,0,30,1,2,0,3,12,5,0,0,0,20,0,2,200,200,6,200,200,200,200
356983,0,30,1,2,0,3,12,5,0,0,0,20,0,1,33,0,0,0,0,200,200
356995,0,30,1,2,0,4,10,5,0,0,200,18,0,1,200,200,3,200,200,200,200
356995,0,30,1,2,0,4,10,5,0,0,200,18,0,0,26,0,0,200,200,200,200
356995,1,30,1,2,0,4,10,5,0,0,200,18,0,0,200,0,200,200,200,200,200
356999,0,25,0,0,0,3,7,6,0,0,0,0,200,0,200,200,200,200,200,200,200
357000,0,30,0,0,0,3,14,5,0,0,200,22,17,0,38,200,2,0,0,200,200
357000,0,30,0,0,0,3,14,5,0,0,200,22,17,1,23,200,0,0,0,200,200
357000,1,30,0,0,0,3,14,5,0,0,200,22,17,200,200,200,200,200,200,200,200
357001,0,30,0,0,0,3,7,2,0,0,200,20,200,0,200,200,6,200,200,200,200
357002,0,30,0,0,0,3,2,5,0,0,0,0,0,0,200,200,200,200,200,200,200
357002,1,30,0,0,0,3,2,5,0,0,0,0,0,200,200,200,200,200,200,200,200
357003,0,5,0,0,0,1,2,5,0,0,0,21,200,0,71,0,12,0,0,200,200
357021,0,25,0,0,0,3,7,6,0,0,0,0,200,0,200,200,200,200,200,200,200
357022,0,30,0,0,0,3,7,5,0,0,0,16,21,2,200,200,4,200,200,200,200
357033,0,30,1,2,0,3,14,6,0,0,200,23,23,0,45,200,12,0,0,200,200
357041,0,30,0,0,0,0,10,5,0,0,0,18,200,0,25,200,3,200,200,200,200
357041,0,30,0,0,0,0,10,5,0,0,0,18,200,1,25,200,0,0,0,200,200
357041,1,30,0,0,0,0,10,5,0,0,0,18,200,1,22,0,200,200,200,200,200
357053,0,30,2,200,0,3,0,5,0,0,0,17,200,1,34,200,1,200,200,200,200
357053,0,30,2,200,0,3,0,5,0,0,0,17,200,0,53,200,200,200,200,200,200
357053,1,30,2,200,0,3,0,5,0,0,0,17,200,0,11,200,200,200,200,200,200
357053,1,30,2,200,0,3,0,5,0,0,0,17,200,0,55,200,200,200,200,200,200
357053,1,30,2,200,0,3,0,5,0,0,0,17,200,1,35,200,200,200,200,200,200
357053,1,30,2,200,0,3,0,5,0,0,0,17,200,0,13,200,200,200,200,200,200
357053,1,30,2,200,0,3,0,5,0,0,0,17,200,1,49,200,200,200,200,200,200
357053,1,30,2,200,0,3,0,5,0,0,0,17,200,0,5,200,200,200,200,200,200
357053,1,30,2,200,0,3,0,5,0,0,0,17,200,1,8,200,200,200,200,200,200
357061,0,30,0,0,0,3,12,5,0,0,0,32,0,0,23,200,12,200,5,0.17,200
357061,0,30,0,0,0,3,12,5,0,0,0,32,0,0,28,0,0,0,0,200,200
357072,0,30,1,2,0,3,10,5,0,0,0,0,0,1,200,0,0,0,0,200,200
357072,0,30,1,2,0,3,10,5,0,0,0,0,0,2,200,200,200,200,200,200,200
357092,0,30,0,0,200,200,7,6,0,200,200,0,0,2,200,200,200,200,200,200,200
357098,0,30,0,0,1,0,2,0,0,0,3,20,33,0,28,0,6,2,0,200,200
357098,1,30,0,0,1,0,2,0,0,0,3,20,33,0,34,0,200,200,200,200,200
357125,0,25,0,0,0,3,2,7,0,0,0,11,16,0,52,200,200,200,0,200,200
357130,0,30,6,200,0,3,14,5,0,0,0,0,0,0,26,200,200,200,200,200,200
357130,0,30,6,200,0,3,14,5,0,0,0,0,0,1,29,200,200,200,200,200,200
357144,0,30,2,2,0,3,7,5,0,0,0,25,16,1,200,200,12,200,200,200,200
357149,0,30,0,0,0,3,7,3,0,0,0,0,0,2,200,200,200,200,200,200,200
357156,0,30,2,2,0,3,10,5,0,0,0,32,5,0,76,0,200,0,5,200,200
357156,0,30,2,2,0,3,10,5,0,0,0,32,5,0,52,0,0,0,0,200,200
357160,0,30,0,0,0,3,9,6,0,0,0,11,11,1,11,200,12,12,0,200,200
357160,5,30,0,0,0,3,9,6,0,0,0,11,11,0,66,7,12,12,0,200,200
357174,0,30,1,2,1,3,0,2,0,0,0,32,200,0,24,200,1,0,5,0.12,200
357174,0,30,1,2,1,3,0,2,0,0,0,32,200,1,26,200,0,0,0,200,200
357174,1,30,1,2,1,3,0,2,0,0,0,32,200,0,34,200,200,200,200,200,200
357182,0,30,0,0,0,3,7,6,0,0,0,0,0,2,200,200,200,200,200,200,200
357185,0,30,0,0,0,3,7,6,0,0,0,20,0,0,200,200,6,200,200,200,200
357201,0,30,0,0,0,3,14,5,0,0,0,23,0,1,200,200,7,200,200,200,200
357201,0,30,0,0,0,3,14,5,0,0,0,23,0,0,39,200,200,0,0,200,200
357218,4,30,1,200,200,3,8,1,0,200,200,0,200,1,200,200,200,200,200,200,200
357218,0,30,1,200,200,3,8,1,0,200,200,0,200,0,49,200,200,0,200,200,200
357244,0,30,0,0,0,0,6,2,0,0,0,0,0,0,28,200,200,0,0,200,200
357244,1,30,0,0,0,0,6,2,0,0,0,0,0,1,12,200,200,200,200,200,200
357248,0,30,0,0,0,0,2,12,0,0,1,0,0,0,51,0,200,200,0,200,200
357249,0,30,0,0,0,3,11,5,2,0,0,21,0,0,200,200,4,200,200,200,200
357249,0,30,0,0,0,3,11,5,2,0,0,21,0,0,28,200,0,0,2,200,200
357249,1,30,0,0,0,3,11,5,2,0,0,21,0,1,25,200,200,200,200,200,200
357249,1,30,0,0,0,3,11,5,2,0,0,21,0,0,200,200,200,200,200,200,200
357259,0,30,0,0,0,2,7,5,0,0,0,0,7,1,19,200,200,0,1,200,200
357261,0,30,0,0,0,0,0,5,0,0,0,20,200,0,23,200,6,200,0,200,200
357261,0,30,0,0,0,0,0,5,0,0,0,20,200,0,73,0,0,200,0,200,200
357261,1,30,0,0,0,0,0,5,0,0,0,20,200,200,200,0,200,200,200,200,200
357265,0,30,1,2,0,3,10,2,0,0,0,0,0,0,200,200,1,200,200,200,200
357265,0,30,1,2,0,3,10,2,0,0,0,0,0,1,58,0,0,0,0,200,200
357273,0,25,0,0,0,2,7,5,0,0,0,17,200,1,32,0,1,0,0,200,200
357277,0,30,0,3,0,0,7,5,2,0,0,0,0,1,200,200,6,200,200,200,200
357283,0,30,1,2,0,1,14,3,3,0,0,17,200,0,28,0,1,0,0,200,200
357283,0,30,1,2,0,1,14,3,3,0,0,17,200,1,40,0,0,0,0,200,200
357284,0,30,0,0,0,1,14,2,0,0,0,17,17,0,33,0,1,0,0,200,200
357284,0,30,0,0,0,1,14,2,0,0,0,17,17,0,22,0,0,0,0,200,200
357284,1,30,0,0,0,1,14,2,0,0,0,17,17,1,49,0,200,200,200,200,200
357284,1,30,0,0,0,1,14,2,0,0,0,17,17,0,23,0,200,200,200,200,200
357286,0,30,1,0,0,1,10,5,0,0,1,18,200,0,36,0,3,0,0,200,200
357286,0,30,1,0,0,1,10,5,0,0,1,18,200,0,52,0,0,0,0,200,200
357291,0,30,0,0,0,3,7,5,0,0,0,16,12,1,24,0,4,0,0,200,200
357291,1,30,0,0,0,3,7,5,0,0,0,16,12,1,23,0,200,200,200,200,200
357293,0,35,0,0,0,1,7,5,0,0,0,0,0,2,200,200,200,200,200,200,200
357296,0,30,0,0,0,1,10,6,2,1,2,16,200,0,34,0,3,0,5,200,200
357296,0,30,0,0,0,1,10,6,2,1,2,16,200,1,35,0,0,0,1,200,200
357301,0,45,0,0,0,1,2,3,0,0,0,0,0,0,55,0,200,0,0,200,200
357307,0,30,2,0,0,3,10,5,0,0,0,18,200,0,200,200,3,200,200,200,200
357307,0,30,2,0,0,3,10,5,0,0,0,18,200,1,44,0,0,0,0,200,200
357315,0,30,0,0,0,4,11,5,0,0,0,0,200,2,200,200,200,200,200,200,200
357315,0,30,0,0,0,4,11,5,0,0,0,0,200,1,200,200,5,200,200,200,200
357315,1,30,0,0,0,4,11,5,0,0,0,0,200,0,43,200,200,200,200,200,200
357317,0,35,1,2,0,3,9,2,0,0,0,0,0,0,200,200,200,200,200,200,200
357317,5,35,1,2,0,3,9,2,0,0,0,0,0,0,26,7,0,0,0,200,200
357317,1,35,1,2,0,3,9,2,0,0,0,0,0,200,200,200,200,200,200,200,200
357324,5,30,1,2,0,1,9,2,0,0,0,0,0,0,22,7,12,0,0,200,200
357324,0,30,1,2,0,1,9,2,0,0,0,0,0,1,50,1,12,0,0,200,200
357325,0,30,0,0,0,1,14,5,0,0,0,0,0,0,50,0,0,0,0,200,200
357325,0,30,0,0,0,1,14,5,0,0,0,0,0,0,37,0,0,0,0,200,200
357329,0,30,2,200,0,1,14,5,1,200,200,200,200,1,200,200,7,200,200,200,200
357329,0,30,2,200,0,1,14,5,1,200,200,200,200,0,200,200,200,200,200,200,200
357335,0,30,0,0,0,1,7,5,0,0,0,21,200,1,27,0,4,0,0,200,200
357336,0,15,0,3,0,1,7,5,0,0,0,0,0,2,200,200,200,200,200,200,200
357340,0,30,0,0,0,1,10,5,0,0,200,17,200,1,40,0,1,200,0,200,200
357340,0,30,0,0,0,1,10,5,0,0,200,17,200,0,59,0,0,0,0,200,200
357353,0,30,0,0,0,200,7,6,0,0,0,0,27,2,200,200,12,200,200,200,200
357355,0,25,0,0,0,1,2,0,0,0,0,33,0,0,42,0,0,3,0,200,200
357356,0,30,2,2,0,1,12,5,0,0,0,21,8,0,30,7,12,0,0,200,200
357356,0,30,2,2,0,1,12,5,0,0,0,21,8,0,55,0,2,0,0,200,200
357360,0,15,0,0,0,3,10,12,1,0,0,0,200,1,200,200,200,200,200,200,200
357360,0,15,0,0,0,3,10,12,1,0,0,0,200,1,73,0,0,0,0,200,200
357360,1,15,0,0,0,3,10,12,1,0,0,0,200,0,200,200,200,200,200,200,200
357362,0,25,0,2,0,1,10,2,0,0,0,18,200,0,42,0,3,0,0,200,200
357362,0,25,0,2,0,1,10,2,0,0,0,18,200,0,52,0,0,0,0,200,200
357362,1,25,0,2,0,1,10,2,0,0,0,18,200,1,28,0,200,200,200,200,200
357372,0,25,0,0,0,1,7,5,0,0,0,0,0,2,200,200,200,200,200,200,200
357374,0,30,0,0,0,1,12,5,0,0,0,0,200,1,37,0,4,0,0,200,200
357374,0,30,0,0,0,1,12,5,0,0,0,0,200,1,19,0,0,0,0,200,200
357374,1,30,0,0,0,1,12,5,0,0,0,0,200,0,200,0,200,200,200,200,200
357377,0,20,0,0,0,1,7,5,0,0,0,0,0,0,200,200,200,200,200,200,200
357380,0,30,1,2,0,1,14,3,2,0,0,17,17,1,31,0,1,0,0,200,200
357380,0,30,1,2,0,1,14,3,2,0,0,17,17,0,40,0,0,0,0,200,200
357384,0,35,0,0,0,1,12,3,0,0,0,16,200,1,28,0,1,0,0,200,200
357384,0,35,0,0,0,1,12,3,0,0,0,16,200,0,45,200,0,0,0,200,200
357393,0,10,0,0,200,200,7,7,0,200,200,200,200,2,200,200,200,200,200,200,200
357399,0,25,0,0,0,1,7,5,0,0,0,0,0,2,200,200,1,200,200,200,200
357403,0,30,1,2,0,1,12,3,0,0,0,22,200,1,200,0,200,0,0,200,200
357403,0,30,1,2,0,1,12,3,0,0,0,22,200,1,200,0,0,0,0,200,200
357404,0,25,12,0,0,1,3,2,0,0,0,20,16,0,37,0,6,200,0,200,200
357404,0,25,12,0,0,1,3,2,0,0,0,20,16,1,22,0,12,200,0,200,200
357407,0,30,1,2,0,1,10,1,0,0,0,18,18,0,28,0,3,0,0,200,200
357407,0,30,1,2,0,1,10,1,0,0,0,18,18,0,46,0,0,0,0,200,200
357408,0,30,0,0,0,1,12,5,0,0,0,21,16,0,200,200,4,200,200,200,200
357408,0,30,0,0,0,1,12,5,0,0,0,21,16,0,40,0,0,0,0,200,200
357411,0,35,1,2,0,1,10,3,0,0,0,18,200,0,39,200,3,200,200,200,200
357411,0,35,1,2,0,1,10,3,0,0,0,18,200,0,200,200,0,200,200,200,200
357411,0,35,1,2,0,1,10,3,0,0,0,18,200,0,40,0,0,0,0,200,200
357411,1,35,1,2,0,1,10,3,0,0,0,18,200,1,200,0,200,200,200,200,200
357412,0,30,0,0,0,1,14,5,0,0,0,23,22,0,41,200,12,0,5,200,200
357412,0,30,0,0,0,1,14,5,0,0,0,23,22,0,60,0,2,0,0,200,200
357419,0,35,0,0,0,1,10,5,0,0,0,18,200,1,200,200,3,200,200,200,200
357419,0,35,0,0,0,1,10,5,0,0,0,18,200,0,54,0,0,0,0,200,200
357426,0,45,3,2,0,1,10,3,0,0,0,11,11,1,47,0,12,0,0,200,200
357426,0,45,3,2,0,1,10,3,0,0,0,11,11,0,53,0,12,0,0,200,200
357426,0,45,3,2,0,1,10,3,0,0,0,11,11,1,28,0,12,0,0,200,200
357426,0,45,3,2,0,1,10,3,0,0,0,11,11,1,53,0,12,0,0,200,200
357427,0,30,0,0,0,1,14,6,0,0,0,0,0,0,67,200,200,200,200,200,200
357427,0,30,0,0,0,1,14,6,0,0,0,0,0,0,66,200,200,200,200,200,200
357433,0,30,0,0,0,1,10,5,0,0,0,18,200,1,26,0,3,0,0,200,200
357433,0,30,0,0,0,1,10,5,0,0,0,18,200,0,67,0,0,0,0,200,200
357434,0,30,0,0,0,1,0,7,0,0,0,17,0,0,200,200,1,200,200,200,200
357434,0,30,0,0,0,1,0,7,0,0,0,17,0,0,46,0,12,12,0,200,200
357434,1,30,0,0,0,1,0,7,0,0,0,17,0,0,200,0,200,200,200,200,200
357435,0,30,1,2,2,1,12,5,0,1,0,22,23,1,200,200,7,200,200,200,200
357435,0,30,1,2,2,1,12,5,0,1,0,22,23,0,86,200,0,0,0,200,200
357436,0,30,0,0,0,3,2,3,0,0,0,3,29,0,45,200,0,0,0,200,200
357444,0,30,2,0,0,1,12,5,0,0,0,0,0,0,200,200,200,200,200,200,200
357444,0,30,2,0,0,1,12,5,0,0,0,0,0,0,23,0,0,0,0,200,200
357446,0,30,0,0,0,1,7,5,0,0,0,200,200,0,49,0,12,0,0,200,200
357446,1,30,0,0,0,1,7,5,0,0,0,200,200,0,200,0,200,200,200,200,200
357446,1,30,0,0,0,1,7,5,0,0,0,200,200,0,200,0,200,200,200,200,200
357446,1,30,0,0,0,1,7,5,0,0,0,200,200,0,200,0,200,200,200,200,200
357448,0,30,0,200,200,200,7,5,0,200,0,0,200,2,200,200,200,200,200,200,200
357453,0,30,0,0,0,1,10,5,0,0,0,27,27,0,27,0,12,0,2,200,200
357453,0,30,0,0,0,1,10,5,0,0,0,27,27,1,26,0,0,0,0,200,200
357453,0,30,0,0,0,1,10,5,0,0,0,27,27,0,27,0,0,0,0,200,200
357453,0,30,0,0,0,1,10,5,0,0,0,27,27,0,40,0,0,0,0,200,200
357453,0,30,0,0,0,1,10,5,0,0,0,27,27,0,28,0,0,0,0,200,200
357454,0,10,0,0,0,1,0,7,0,0,0,20,200,1,200,200,6,200,200,200,200
357454,0,10,0,0,0,1,0,7,0,0,0,20,200,1,56,0,0,0,0,200,200
357455,0,30,0,0,0,1,12,6,0,0,0,22,200,0,200,7,1,0,0,200,200
357455,0,30,0,0,0,1,12,6,0,0,0,22,200,0,200,7,0,0,0,200,200
357456,0,5,2,2,0,1,14,7,0,0,0,0,0,1,73,0,1,0,0,200,200
357456,0,5,2,2,0,1,14,7,0,0,0,0,0,1,0,1,0,0,0,200,200
357462,0,30,1,2,0,1,14,5,0,0,0,200,200,2,200,200,200,200,200,200,200
357462,0,30,1,2,0,1,14,5,0,0,0,200,200,1,31,7,0,0,0,200,200
357467,0,20,0,0,2,1,12,6,0,0,2,0,200,0,200,200,0,200,200,200,200
357467,0,20,0,0,2,1,12,6,0,0,2,0,200,0,64,0,0,0,0,200,200
357471,0,30,200,200,200,200,7,5,0,200,200,200,200,2,200,200,200,200,200,200,200
357476,0,30,0,0,0,1,7,5,0,0,0,0,200,1,59,7,12,0,0,200,200
357476,1,30,0,0,0,1,7,5,0,0,0,0,200,1,200,200,200,200,200,200,200
357479,0,35,0,0,0,1,10,2,0,0,0,18,18,0,37,7,0,0,0,200,200
357479,0,35,0,0,0,1,10,2,0,0,0,18,18,1,23,7,3,0,0,200,200
357487,0,30,1,2,0,1,10,5,0,0,0,18,0,0,34,200,3,200,200,200,200
357487,0,30,1,2,0,1,10,5,0,0,0,18,0,0,53,0,0,0,0,200,200
357487,1,30,1,2,0,1,10,5,0,0,0,18,0,0,8,0,200,200,200,200,200
357488,0,30,0,0,200,200,7,5,0,200,200,0,200,2,200,200,200,200,200,200,200
357493,0,30,1,2,0,1,10,6,0,0,0,20,200,0,39,0,6,200,0,200,200
357493,0,30,1,2,0,1,10,6,0,0,0,20,200,1,25,200,0,200,0,200,200
357493,1,30,1,2,0,1,10,6,0,0,0,20,200,0,61,0,200,200,200,200,200
357494,0,30,1,2,0,1,14,2,0,0,0,22,22,0,35,0,7,0,0,200,200
357494,0,30,1,2,0,1,14,2,0,0,0,22,22,0,40,0,0,0,0,200,200
357494,1,30,1,2,0,1,14,2,0,0,0,22,22,0,12,0,200,200,200,200,200
357497,0,35,1,2,0,1,10,2,0,0,0,18,18,1,36,0,3,0,0,200,200
357497,0,35,1,2,0,1,10,2,0,0,0,18,18,0,44,0,0,0,0,200,200
357506,0,20,0,0,0,0,7,12,0,0,0,21,200,2,200,200,200,200,200,200,200
357510,0,30,1,2,0,1,14,2,0,0,0,0,200,0,68,0,200,0,0,200,200
357510,0,30,1,2,0,1,14,2,0,0,0,0,200,1,70,0,0,0,0,200,200
357510,1,30,1,2,0,1,14,2,0,0,0,0,200,1,200,200,200,200,200,200,200
357511,0,30,0,2,2,2,10,5,0,1,0,18,18,1,28,200,8,0,0,200,200
357511,0,30,0,2,2,2,10,5,0,1,0,18,18,1,19,200,0,0,0,200,200
357511,1,30,0,2,2,2,10,5,0,1,0,18,18,1,28,200,200,200,200,200,200
357511,1,30,0,2,2,2,10,5,0,1,0,18,18,0,0,5,200,200,200,200,200
357514,0,30,12,0,0,1,12,12,0,0,0,11,0,0,200,0,12,0,0,200,200