RD_NO,PERSON_TYPE,POSTED_SPEED_LIMIT,TRAFFIC_CONTROL_DEVICE,DEVICE_CONDITION,WEATHER_CONDITION,LIGHTING_CONDITION,FIRST_CRASH_TYPE,TRAFFICWAY_TYPE,ALIGNMENT,ROADWAY_SURFACE_COND,ROAD_DEFECT,PRIM_CONTRIBUTORY_CAUSE,SEC_CONTRIBUTORY_CAUSE,SEX,AGE,SAFETY_EQUIPMENT,DRIVER_ACTION,DRIVER_VISION,PHYSICAL_CONDITION,BAC_RESULT VALUE,CELL_PHONE_USE
357514,0,30,12,0,0,1,12,12,0,0,0,11,0,1,200,7,12,0,0,200,200
357514,1,30,12,0,0,1,12,12,0,0,0,11,0,2,200,0,200,200,200,200,200
357516,0,39,0,0,0,1,7,4,0,0,0,11,27,0,91,0,12,0,0,200,200
357521,0,30,0,0,0,1,14,5,0,0,0,0,200,1,21,200,0,0,0,200,200
357521,0,30,0,0,0,1,14,5,0,0,0,0,200,1,0,7,0,0,0,200,200
357523,0,15,0,0,0,3,7,6,0,0,0,0,200,2,200,200,200,200,200,200,200
357525,0,30,0,0,0,1,10,5,0,0,0,18,200,1,18,0,3,0,0,200,200
357525,0,30,0,0,0,1,10,5,0,0,0,18,200,0,24,0,0,0,0,200,200
357525,1,30,0,0,0,1,10,5,0,0,0,18,200,1,22,0,200,200,200,200,200
357530,0,30,0,0,0,1,7,12,3,0,0,200,200,0,73,0,12,0,0,200,200
357533,0,30,1,2,0,1,0,5,0,1,0,0,0,0,24,0,12,0,0,200,200
357533,0,30,1,2,0,1,0,5,0,1,0,0,0,1,59,0,0,0,0,200,200
357540,0,35,1,2,2,1,12,2,0,1,0,25,200,0,47,0,12,0,0,200,200
357540,0,35,1,2,2,1,12,2,0,1,0,25,200,0,65,0,0,0,0,200,200
357541,0,30,0,0,1,1,10,3,0,0,0,20,11,0,53,200,6,200,200,200,200
357541,0,30,0,0,1,1,10,3,0,0,0,20,11,1,26,0,0,0,0,200,200
357541,1,30,0,0,1,1,10,3,0,0,0,20,11,0,26,0,200,200,200,200,200
357545,0,30,1,2,0,1,10,5,0,0,0,0,0,1,29,200,200,200,200,200,200
357545,0,30,1,2,0,1,10,5,0,0,0,0,0,1,28,0,0,0,0,200,200
357546,0,30,1,2,0,1,14,5,0,0,0,23,200,0,65,7,1,0,0,200,200
357546,0,30,1,2,0,1,14,5,0,0,0,23,200,1,35,0,0,0,0,200,200
357552,0,25,0,0,2,1,5,6,0,1,0,25,200,0,200,200,200,200,200,200,200
357563,0,35,1,2,0,3,10,5,0,0,0,8,8,0,43,0,12,0,0,200,200
357563,0,35,1,2,0,3,10,5,0,0,0,8,8,1,43,200,0,0,0,200,200
357565,0,30,1,2,0,1,10,5,0,0,0,0,0,0,28,0,200,0,0,200,200
357565,0,30,1,2,0,1,10,5,0,0,0,0,0,1,36,0,200,0,0,200,200
357567,0,30,0,0,2,1,14,5,0,1,0,17,200,0,200,0,7,0,0,200,200
357567,0,30,0,0,2,1,14,5,0,1,0,17,200,0,200,0,0,0,0,200,200
357569,0,30,9,2,2,1,12,3,0,0,0,22,200,0,48,200,2,0,0,200,200
357569,0,30,9,2,2,1,12,3,0,0,0,22,200,0,46,7,0,0,0,200,200
357570,0,20,0,0,0,0,7,12,0,0,0,21,200,2,200,200,200,200,200,200,200
357572,0,30,0,0,2,1,14,5,0,1,200,0,200,0,53,200,1,200,200,200,200
357572,0,30,0,0,2,1,14,5,0,1,200,0,200,0,50,0,0,0,0,200,200
357576,0,35,0,0,2,1,10,2,0,1,0,0,0,1,63,0,12,0,0,200,200
357576,0,35,0,0,2,1,10,2,0,1,0,0,0,1,69,0,12,0,0,200,200
357576,1,35,0,0,2,1,10,2,0,1,0,0,0,1,14,0,200,200,200,200,200
357576,1,35,0,0,2,1,10,2,0,1,0,0,0,0,36,0,200,200,200,200,200
357582,0,30,1,1,1,1,10,5,0,0,0,16,200,0,200,200,8,200,200,200,200
357582,0,30,1,1,1,1,10,5,0,0,0,16,200,1,38,0,0,0,0,200,200
357585,0,35,0,0,2,1,7,2,0,1,0,0,0,1,21,0,12,0,0,200,200
357585,1,35,0,0,2,1,7,2,0,1,0,0,0,1,24,0,200,200,200,200,200
357585,1,35,0,0,2,1,7,2,0,1,0,0,0,1,46,0,200,200,200,200,200
357592,0,0,0,0,200,200,7,6,0,200,0,0,200,2,200,200,200,200,200,200,200
357597,0,30,0,0,2,1,7,5,0,1,0,0,200,2,200,200,200,200,200,200,200
357601,0,30,3,2,0,1,12,5,0,0,0,0,0,1,51,0,10,0,0,200,200
357601,0,30,3,2,0,1,12,5,0,0,0,0,0,1,27,0,0,0,0,200,200
357604,0,30,0,0,0,1,2,6,0,0,0,10,200,0,200,200,7,200,200,200,200
357608,0,40,0,0,0,1,4,2,0,0,1,29,0,0,46,0,0,0,0,200,200
357611,0,30,0,0,2,1,12,3,0,1,0,21,200,0,27,0,4,0,0,200,200
357611,0,30,0,0,2,1,12,3,0,1,0,21,200,1,44,0,0,0,0,200,200
357614,0,30,0,0,0,1,10,5,0,0,0,18,18,0,43,0,3,0,0,200,200
357614,0,30,0,0,0,1,10,5,0,0,0,18,18,0,57,0,0,0,0,200,200
357618,0,30,2,0,1,1,7,5,0,0,0,23,7,0,31,200,12,0,200,200,200
357618,1,30,2,0,1,1,7,5,0,0,0,23,7,200,200,200,200,200,200,200,200
357618,1,30,2,0,1,1,7,5,0,0,0,23,7,0,51,200,200,200,200,200,200
357619,0,30,0,0,0,1,10,2,0,0,0,18,200,1,20,200,3,0,0,200,200
357619,0,30,0,0,0,1,10,2,0,0,0,18,200,0,22,200,3,0,0,200,200
357619,0,30,0,0,0,1,10,2,0,0,0,18,200,1,50,0,0,0,0,200,200
357619,1,30,0,0,0,1,10,2,0,0,0,18,200,1,22,200,200,200,200,200,200
357619,1,30,0,0,0,1,10,2,0,0,0,18,200,2,23,200,200,200,200,200,200
357619,1,30,0,0,0,1,10,2,0,0,0,18,200,1,27,0,200,200,200,200,200
357619,1,30,0,0,0,1,10,2,0,0,0,18,200,1,200,5,200,200,200,200,200
357621,4,25,1,2,2,1,8,3,0,1,0,21,200,0,200,200,0,0,0,200,200
357621,0,25,1,2,2,1,8,3,0,1,0,21,200,0,73,200,0,0,0,200,200
357621,1,25,1,2,2,1,8,3,0,1,0,21,200,0,42,200,200,200,200,200,200
357626,0,30,0,0,0,1,10,2,0,1,0,18,0,0,46,200,3,200,0,200,200
357626,0,30,0,0,0,1,10,2,0,1,0,18,0,1,23,200,0,0,0,200,200
357631,0,30,0,0,0,1,14,5,0,1,0,21,17,0,21,200,12,200,0,200,200
357631,0,30,0,0,0,1,14,5,0,1,0,21,17,0,42,200,7,200,0,200,200
357631,1,30,0,0,0,1,14,5,0,1,0,21,17,0,200,200,200,200,200,200,200
357632,0,35,1,2,2,1,10,2,0,1,0,18,200,0,29,0,3,0,0,200,200
357632,0,35,1,2,2,1,10,2,0,1,0,18,200,0,25,0,0,0,0,200,200
357638,0,30,0,0,1,1,7,5,0,0,0,22,200,0,73,0,2,0,0,200,200
357647,0,30,1,2,0,1,10,5,0,0,0,18,200,0,200,0,3,0,0,200,200
357647,0,30,1,2,0,1,10,5,0,0,0,18,200,0,76,0,0,0,0,200,200
357650,0,30,0,0,0,1,7,5,0,0,0,21,200,0,200,200,7,200,200,200,200
357651,0,30,2,2,2,1,14,5,0,1,0,16,0,1,34,200,8,0,0,200,200
357651,0,30,2,2,2,1,14,5,0,1,0,16,0,0,62,200,0,0,0,200,200
357654,0,30,1,2,0,1,10,2,0,1,0,20,200,2,200,200,6,200,200,200,200
357654,0,30,1,2,0,1,10,2,0,1,0,20,200,1,19,200,0,200,0,200,200
357656,0,30,1,2,0,1,14,5,0,0,0,0,0,0,200,200,5,200,200,200,200
357656,0,30,1,2,0,1,14,5,0,0,0,0,0,1,44,0,0,0,0,200,200
357656,1,30,1,2,0,1,14,5,0,0,0,0,0,1,17,0,200,200,200,200,200
357658,0,30,0,0,0,3,14,2,0,0,0,17,0,1,45,0,1,0,0,200,200
357658,0,30,0,0,0,3,14,2,0,0,0,17,0,1,28,0,0,0,0,200,200
357659,0,30,2,0,1,1,5,3,0,0,12,28,0,0,23,200,200,0,0,200,200
357659,0,30,2,0,1,1,5,3,0,0,12,28,0,0,58,200,200,0,0,200,200
357660,0,5,1,2,2,1,14,5,0,1,0,18,0,1,47,200,200,1,200,200,200
357660,0,5,1,2,2,1,14,5,0,1,0,18,0,0,62,0,12,1,0,200,200
357663,0,30,0,0,0,1,12,2,0,1,0,0,0,1,28,0,1,0,0,200,200
357663,0,30,0,0,0,1,12,2,0,1,0,0,0,0,21,0,1,0,0,200,200
357671,0,30,0,0,0,1,12,5,0,0,0,0,200,0,200,200,4,200,200,200,200
357671,0,30,0,0,0,1,12,5,0,0,0,0,200,0,27,0,0,0,0,200,200
357671,1,30,0,0,0,1,12,5,0,0,0,0,200,1,200,200,200,200,200,200,200
357671,1,30,0,0,0,1,12,5,0,0,0,0,200,1,200,200,200,200,200,200,200
357671,1,30,0,0,0,1,12,5,0,0,0,0,200,1,200,200,200,200,200,200,200
357676,0,30,1,2,0,1,10,5,0,0,0,18,0,1,21,0,3,0,0,200,200
357676,0,30,1,2,0,1,10,5,0,0,0,18,0,0,37,0,0,0,0,200,200
357679,0,30,1,2,0,1,14,6,0,0,0,17,200,0,30,0,7,200,0,200,200
357679,0,30,1,2,0,1,14,6,0,0,0,17,200,0,25,200,0,200,12,200,200
357680,0,30,1,2,0,1,12,5,0,0,0,22,0,1,45,200,2,200,0,200,200
357680,0,30,1,2,0,1,12,5,0,0,0,22,0,1,25,0,0,0,0,200,200
357680,1,30,1,2,0,1,12,5,0,0,0,22,0,0,200,0,200,200,200,200,200
357690,0,30,0,0,1,1,12,2,0,0,0,0,200,1,72,200,200,200,200,200,200
357690,0,30,0,0,1,1,12,2,0,0,0,0,200,0,28,0,200,0,0,200,200
357691,0,35,2,2,0,1,0,12,0,0,0,17,200,0,70,0,1,0,0,200,200
357691,0,35,2,2,0,1,0,12,0,0,0,17,200,0,33,0,0,0,0,200,200
357691,1,35,2,2,0,1,0,12,0,0,0,17,200,0,200,0,200,200,200,200,200
357691,1,35,2,2,0,1,0,12,0,0,0,17,200,1,200,0,200,200,200,200,200
357691,1,35,2,2,0,1,0,12,0,0,0,17,200,0,200,0,200,200,200,200,200
357716,0,20,0,0,0,1,11,5,0,0,0,200,200,0,200,200,12,200,200,200,200
357716,0,20,0,0,0,1,11,5,0,0,0,200,200,1,200,0,0,0,0,200,200
357716,1,20,0,0,0,1,11,5,0,0,0,200,200,1,200,0,200,200,200,200,200
357722,0,30,0,0,2,1,14,5,0,1,0,23,17,1,72,200,7,0,0,200,200
357722,0,30,0,0,2,1,14,5,0,1,0,23,17,0,35,200,0,0,0,200,200
357723,0,10,0,0,200,1,7,7,0,200,200,0,0,2,200,200,200,200,200,200,200
357726,0,30,2,2,2,1,0,5,0,1,0,34,15,0,21,0,8,0,0,200,200
357726,0,30,2,2,2,1,0,5,0,1,0,34,15,0,36,0,0,0,0,200,200
357726,1,30,2,2,2,1,0,5,0,1,0,34,15,1,17,0,200,200,200,200,200
357727,0,30,200,200,0,1,14,6,0,1,0,22,0,0,76,200,200,0,0,200,200
357727,0,30,200,200,0,1,14,6,0,1,0,22,0,1,22,200,200,0,0,200,200
357730,0,30,1,2,1,1,10,5,0,1,200,0,0,1,200,200,1,200,200,200,200
357730,0,30,1,2,1,1,10,5,0,1,200,0,0,0,32,0,0,0,0,200,200
357732,0,30,0,0,0,3,0,0,0,0,0,0,200,0,200,200,1,200,200,200,200
357732,0,30,0,0,0,3,0,0,0,0,0,0,200,0,31,0,0,0,0,200,200
357732,1,30,0,0,0,3,0,0,0,0,0,0,200,1,30,0,200,200,200,200,200
357732,1,30,0,0,0,3,0,0,0,0,0,0,200,1,2,0,200,200,200,200,200
357746,0,35,0,0,2,1,12,3,0,1,0,25,22,0,200,200,2,200,200,200,200
357746,0,35,0,0,2,1,12,3,0,1,0,25,22,1,29,0,0,0,0,200,200
357746,1,35,0,0,2,1,12,3,0,1,0,25,22,0,200,200,200,200,200,200,200
357746,1,35,0,0,2,1,12,3,0,1,0,25,22,0,200,200,200,200,200,200,200
357746,1,35,0,0,2,1,12,3,0,1,0,25,22,1,57,200,200,200,200,200,200
357747,0,30,0,0,0,1,11,5,0,0,0,0,200,0,55,0,200,200,200,200,200
357747,0,30,0,0,0,1,11,5,0,0,0,0,200,0,58,0,0,0,0,200,200
357747,1,30,0,0,0,1,11,5,0,0,0,0,200,0,200,0,200,200,200,200,200
357747,1,30,0,0,0,1,11,5,0,0,0,0,200,0,200,0,200,200,200,200,200
357749,0,30,0,0,0,1,12,5,0,0,0,11,200,0,64,0,1,0,0,200,200
357749,0,30,0,0,0,1,12,5,0,0,0,11,200,0,200,200,0,200,0,200,200
357750,1,35,1,200,2,1,14,5,0,200,200,200,200,200,200,200,200,200,200,200,200
357750,0,35,1,200,2,1,14,5,0,200,200,200,200,0,56,200,200,200,0,200,200
357750,0,35,1,200,2,1,14,5,0,200,200,200,200,0,60,200,0,200,0,200,200
357750,1,35,1,200,2,1,14,5,0,200,200,200,200,1,200,200,200,200,200,200,200
357752,0,15,0,0,0,1,7,7,0,0,0,20,16,1,52,200,6,200,0,200,200
357752,1,15,0,0,0,1,7,7,0,0,0,20,16,1,200,5,200,200,200,200,200
357752,1,15,0,0,0,1,7,7,0,0,0,20,16,1,200,5,200,200,200,200,200
357756,0,30,0,0,2,1,10,5,0,1,0,0,0,0,56,0,0,0,0,200,200
357756,0,30,0,0,2,1,10,5,0,1,0,0,0,0,46,0,0,0,0,200,200
357757,0,30,1,2,0,1,14,5,0,1,0,17,34,0,58,0,1,0,0,200,200
357757,0,30,1,2,0,1,14,5,0,1,0,17,34,1,57,0,0,0,0,200,200
357757,0,30,1,2,0,1,14,5,0,1,0,17,34,0,74,0,0,0,0,200,200
357759,0,30,0,0,0,1,7,2,0,0,0,0,200,0,200,200,1,200,200,200,200
357762,0,30,0,0,0,1,11,2,0,0,0,0,200,0,200,200,200,200,200,200,200
357762,0,30,0,0,0,1,11,2,0,0,0,0,200,0,29,0,0,0,0,200,200
357773,0,30,1,200,0,1,14,2,0,1,0,0,200,0,20,200,0,200,0,200,200
357773,0,30,1,200,0,1,14,2,0,1,0,0,200,0,53,200,200,200,200,200,200
357777,0,30,1,2,0,1,7,2,0,0,0,0,200,1,35,0,0,0,0,200,200
357786,0,30,1,2,1,1,12,6,0,0,0,21,200,0,43,0,4,0,0,200,200
357786,0,30,1,2,1,1,12,6,0,0,0,21,200,0,21,0,0,0,0,200,200
357786,1,30,1,2,1,1,12,6,0,0,0,21,200,0,200,0,200,200,200,200,200
357794,0,30,1,2,2,1,0,5,0,1,0,6,200,1,72,200,5,0,0,200,200
357794,0,30,1,2,2,1,0,5,0,1,0,6,200,1,24,200,0,0,0,200,200
357797,0,30,0,0,2,1,14,5,0,1,0,0,0,1,19,0,0,200,0,200,200
357797,0,30,0,0,2,1,14,5,0,1,0,0,0,0,28,0,200,200,0,200,200
357798,0,0,0,0,0,1,0,7,0,0,0,0,200,1,34,0,0,0,0,200,200
357798,0,0,0,0,0,1,0,7,0,0,0,0,200,1,57,0,0,0,0,200,200
357800,0,30,0,0,0,1,7,5,0,0,0,20,200,0,200,200,12,0,0,200,200
357803,0,35,12,2,0,1,14,12,0,0,0,23,22,0,200,200,7,200,200,200,200
357803,0,35,12,2,0,1,14,12,0,0,0,23,22,0,49,0,0,0,0,200,200
357807,0,30,2,2,0,1,0,5,0,0,0,17,200,0,200,200,1,200,0,200,200
357807,0,30,2,2,0,1,0,5,0,0,0,17,200,0,64,0,0,0,0,200,200
357813,0,20,0,0,0,1,12,2,0,0,200,0,200,0,200,200,200,200,200,200,200
357813,0,20,0,0,0,1,12,2,0,0,200,0,200,0,28,200,200,200,200,200,200
357827,0,30,2,2,0,1,10,2,0,0,0,18,200,1,200,200,3,200,200,200,200
357827,0,30,2,2,0,1,10,2,0,0,0,18,200,1,28,0,0,0,0,200,200
357827,1,30,2,2,0,1,10,2,0,0,0,18,200,1,10,0,200,200,200,200,200
357827,1,30,2,2,0,1,10,2,0,0,0,18,200,2,200,200,200,200,200,200,200
357830,0,30,1,2,2,1,10,5,0,1,0,0,200,0,27,0,3,0,0,200,200
357830,0,30,1,2,2,1,10,5,0,1,0,0,200,1,38,0,0,0,0,200,200
357831,0,30,0,0,0,1,7,200,0,0,200,0,0,0,27,200,200,200,0,200,200
357840,0,30,200,200,2,1,10,7,0,1,200,0,200,1,39,200,200,200,0,200,200
357840,0,30,200,200,2,1,10,7,0,1,200,0,200,0,38,200,200,200,0,200,200
357841,0,30,0,0,0,1,10,6,0,0,0,20,20,0,200,200,12,200,200,200,200
357841,0,30,0,0,0,1,10,6,0,0,0,20,20,1,29,0,0,0,0,200,200
357842,0,30,0,0,200,3,7,6,0,200,0,0,200,2,200,200,200,200,200,200,200
357843,0,30,0,0,0,1,12,5,0,0,0,0,0,0,200,200,4,200,200,200,200
357843,0,30,0,0,0,1,12,5,0,0,0,0,0,0,61,0,0,0,0,200,200
357845,0,30,1,2,0,1,14,5,0,1,0,0,200,0,52,0,200,1,0,200,200
357845,0,30,1,2,0,1,14,5,0,1,0,0,200,1,51,0,200,1,0,200,200
357845,1,30,1,2,0,1,14,5,0,1,0,0,200,1,36,4,200,200,200,200,200
357845,1,30,1,2,0,1,14,5,0,1,0,0,200,1,70,200,200,200,200,200,200
357846,0,35,1,2,2,1,12,6,0,1,0,16,200,0,200,200,3,200,200,200,200
357846,0,35,1,2,2,1,12,6,0,1,0,16,200,0,26,0,0,0,0,200,200
357852,0,30,1,2,0,1,0,2,0,0,0,6,200,1,56,0,200,200,0,200,200
357852,0,30,1,2,0,1,0,2,0,0,0,6,200,0,41,0,0,0,0,200,200
357855,0,30,0,0,1,2,7,5,0,0,0,20,0,0,43,7,6,0,0,200,200
357862,0,30,0,0,2,1,10,5,0,1,200,18,0,0,46,200,12,200,0,200,200
357862,0,30,0,0,2,1,10,5,0,1,200,18,0,0,23,200,12,0,0,200,200
357864,0,10,0,0,2,1,7,7,0,1,200,33,0,1,76,0,12,12,0,200,200
357864,1,10,0,0,2,1,7,7,0,1,200,33,0,1,11,0,200,200,200,200,200
357867,0,30,2,2,2,1,2,5,0,1,0,34,0,2,200,200,200,200,200,200,200
357868,0,30,0,0,0,1,0,6,0,0,3,23,0,1,31,0,7,200,0,200,200
357868,0,30,0,0,0,1,0,6,0,0,3,23,0,0,34,0,12,200,0,200,200
357868,1,30,0,0,0,1,0,6,0,0,3,23,0,0,10,0,200,200,200,200,200
357868,1,30,0,0,0,1,0,6,0,0,3,23,0,1,34,0,200,200,200,200,200
357868,1,30,0,0,0,1,0,6,0,0,3,23,0,0,7,0,200,200,200,200,200
357868,1,30,0,0,0,1,0,6,0,0,3,23,0,0,6,0,200,200,200,200,200
357869,0,30,0,0,2,1,10,5,0,1,0,18,34,0,23,200,3,0,0,200,200
357869,0,30,0,0,2,1,10,5,0,1,0,18,34,0,29,200,0,0,0,200,200
357869,0,30,0,0,2,1,10,5,0,1,0,18,34,2,200,200,200,200,200,200,200
357870,0,30,0,0,0,1,7,7,0,0,0,0,200,0,20,0,6,200,200,200,200
357870,1,30,0,0,0,1,7,7,0,0,0,0,200,0,47,0,200,200,200,200,200
357870,1,30,0,0,0,1,7,7,0,0,0,0,200,1,71,0,200,200,200,200,200
357870,1,30,0,0,0,1,7,7,0,0,0,0,200,0,7,0,200,200,200,200,200
357870,1,30,0,0,0,1,7,7,0,0,0,0,200,1,11,0,200,200,200,200,200
357870,1,30,0,0,0,1,7,7,0,0,0,0,200,1,42,0,200,200,200,200,200
357871,0,35,1,2,0,1,10,5,0,1,0,18,200,0,51,200,3,200,0,200,200
357871,0,35,1,2,0,1,10,5,0,1,0,18,200,1,17,200,0,200,0,200,200
357874,0,30,0,0,0,1,12,3,0,0,0,17,22,1,200,0,4,0,0,200,200
357874,0,30,0,0,0,1,12,3,0,0,0,17,22,1,47,0,12,0,0,200,200
357874,1,30,0,0,0,1,12,3,0,0,0,17,22,0,200,0,200,200,200,200,200
357877,0,30,1,2,2,1,12,5,0,1,0,22,200,1,47,200,0,0,0,200,200
357877,0,30,1,2,2,1,12,5,0,1,0,22,200,2,200,200,200,200,200,200,200
357878,0,30,0,0,2,1,10,2,0,1,200,7,18,0,32,200,3,12,0,200,200
357878,0,30,0,0,2,1,10,2,0,1,200,7,18,1,70,200,0,0,0,200,200
357878,0,30,0,0,2,1,10,2,0,1,200,7,18,1,200,200,0,200,200,200,200
357882,0,30,1,2,1,1,10,2,0,1,0,0,200,2,200,200,200,200,200,200,200
357882,0,30,1,2,1,1,10,2,0,1,0,0,200,1,67,0,0,0,0,200,200
357883,0,30,0,0,0,0,14,2,0,0,0,17,2,0,32,200,1,12,0,200,1
357883,0,30,0,0,0,0,14,2,0,0,0,17,2,0,43,0,0,0,0,200,200
357883,1,30,0,0,0,0,14,2,0,0,0,17,2,0,200,200,200,200,200,200,200
357883,1,30,0,0,0,0,14,2,0,0,0,17,2,1,200,200,200,200,200,200,200
357885,0,30,0,0,0,1,14,5,0,0,0,0,200,1,18,0,7,0,0,200,200
357885,0,30,0,0,0,1,14,5,0,0,0,0,200,1,21,0,0,0,0,200,200
357885,1,30,0,0,0,1,14,5,0,0,0,0,200,1,16,0,200,200,200,200,200
357894,0,30,0,0,0,1,7,2,0,0,0,22,200,2,200,200,2,200,200,200,200
357897,0,30,0,0,1,1,14,5,0,0,0,23,21,0,22,200,7,0,0,200,200
357897,0,30,0,0,1,1,14,5,0,0,0,23,21,0,48,200,0,0,0,200,200
357900,0,10,0,0,0,1,7,7,0,200,200,0,0,0,200,200,200,200,200,200,200
357900,1,10,0,0,0,1,7,7,0,200,200,0,0,1,46,0,200,200,200,200,200
357904,0,35,1,2,0,1,11,3,0,0,0,20,200,0,66,0,6,0,0,200,200
357904,0,35,1,2,0,1,11,3,0,0,0,20,200,1,24,0,0,0,0,200,200
357908,0,30,2,2,2,1,10,5,0,1,0,34,18,0,28,0,8,4,0,200,200
357908,0,30,2,2,2,1,10,5,0,1,0,34,18,1,52,0,0,4,0,200,200
357909,0,30,0,0,0,1,7,5,0,0,0,18,18,1,200,0,3,0,0,200,200
357913,0,15,0,0,1,1,7,3,0,0,0,0,200,1,37,200,200,200,200,200,200
357915,0,30,1,2,2,1,10,5,0,1,0,18,200,1,200,200,3,200,200,200,200
357915,0,30,1,2,2,1,10,5,0,1,0,18,200,1,55,0,0,0,0,200,200
357917,0,30,2,0,0,4,10,5,0,0,0,0,200,0,200,0,200,200,0,200,200
357917,0,30,2,0,0,4,10,5,0,0,0,0,200,0,200,0,0,200,0,200,200
357919,0,30,0,0,200,200,14,5,0,200,0,17,25,0,200,200,1,200,200,200,200
357919,0,30,0,0,200,200,14,5,0,200,0,17,25,1,200,200,200,200,200,200,200
357919,5,30,0,0,200,200,14,5,0,200,0,17,25,0,51,7,0,0,0,200,200
357927,0,35,0,0,2,1,12,5,0,1,200,0,200,0,55,200,200,200,0,200,200
357927,0,35,0,0,2,1,12,5,0,1,200,0,200,0,23,200,200,200,0,200,200
357927,1,35,0,0,2,1,12,5,0,1,200,0,200,200,200,200,200,200,200,200,200
357931,0,30,2,2,1,1,0,2,3,0,0,5,17,0,33,1,5,0,12,200,200
357931,0,30,2,2,1,1,0,2,3,0,0,5,17,1,30,0,0,0,0,200,200
357936,0,30,1,2,2,1,10,2,0,1,12,34,200,1,33,0,0,4,0,200,200
357936,0,30,1,2,2,1,10,2,0,1,12,34,200,0,48,200,0,4,200,200,200
357936,1,30,1,2,2,1,10,2,0,1,12,34,200,0,200,0,200,200,200,200,200
357942,0,30,1,2,0,1,12,5,0,1,0,22,16,0,200,200,2,200,200,200,200
357942,0,30,1,2,0,1,12,5,0,1,0,22,16,0,21,0,0,0,0,200,200
357943,0,30,1,2,0,1,14,5,0,1,200,23,21,0,38,0,7,200,0,200,200
357943,0,30,1,2,0,1,14,5,0,1,200,23,21,1,50,0,7,200,0,200,200
357946,0,40,0,0,1,1,10,3,0,1,0,0,0,0,200,200,200,200,200,200,200
357946,0,40,0,0,1,1,10,3,0,1,0,0,0,0,36,200,0,0,0,200,200
357947,0,15,0,0,0,3,10,7,0,0,0,20,200,0,19,200,6,0,0,200,200
357947,0,15,0,0,0,3,10,7,0,0,0,20,200,0,33,0,0,0,0,200,200
357947,1,15,0,0,0,3,10,7,0,0,0,20,200,1,200,0,200,200,200,200,200
357949,0,30,0,0,1,1,14,5,0,200,200,23,23,0,56,200,7,200,0,200,200
357949,0,30,0,0,1,1,14,5,0,200,200,23,23,1,20,0,12,0,0,200,200
357950,0,30,200,200,0,1,10,5,0,1,200,0,200,0,200,200,200,200,200,200,200
357950,0,30,200,200,0,1,10,5,0,1,200,0,200,0,25,200,200,200,0,200,200
357952,0,30,2,0,0,1,10,5,0,0,200,0,200,0,200,200,200,200,200,200,200
357952,0,30,2,0,0,1,10,5,0,0,200,0,200,1,200,0,200,200,0,200,200
357955,0,30,0,0,2,1,14,3,0,1,0,16,16,0,200,200,1,0,0,200,200
357955,0,30,0,0,2,1,14,3,0,1,0,16,16,1,55,200,0,0,0,200,200
357960,0,10,0,0,2,1,7,7,0,1,0,34,0,1,200,200,10,200,0,200,200
357961,0,30,0,0,2,1,10,2,0,1,200,34,200,1,54,200,8,200,200,200,200
357961,0,30,0,0,2,1,10,2,0,1,200,34,200,1,200,200,0,200,200,200,200
357961,0,30,0,0,2,1,10,2,0,1,200,34,200,0,40,200,0,200,0,200,200
357962,0,30,0,0,2,1,10,2,0,1,0,18,200,0,45,0,3,0,0,200,200
357962,0,30,0,0,2,1,10,2,0,1,0,18,200,1,49,0,0,0,0,200,200
357962,1,30,0,0,2,1,10,2,0,1,0,18,200,200,200,0,200,200,200,200,200
357964,0,30,0,0,2,1,7,6,0,1,0,0,0,2,200,200,200,200,200,200,200
357966,0,30,1,2,2,1,14,2,0,1,0,22,200,2,200,200,2,200,200,200,200
357966,0,30,1,2,2,1,14,2,0,1,0,22,200,1,72,0,0,0,0,200,200
357966,1,30,1,2,2,1,14,2,0,1,0,22,200,1,70,0,200,200,200,200,200
357967,0,25,0,0,1,1,0,6,0,1,1,17,0,1,23,0,1,0,0,200,200
357967,0,25,0,0,1,1,0,6,0,1,1,17,0,0,40,0,12,0,0,200,200
357967,1,25,0,0,1,1,0,6,0,1,1,17,0,1,22,0,200,200,200,200,200
357967,1,25,0,0,1,1,0,6,0,1,1,17,0,1,26,0,200,200,200,200,200
357968,0,30,1,2,1,1,10,5,0,0,0,16,18,0,27,0,12,0,0,200,200
357968,0,30,1,2,1,1,10,5,0,0,0,16,18,0,40,0,0,0,0,200,200
357968,0,30,1,2,1,1,10,5,0,0,0,16,18,1,52,0,12,0,0,200,200
357968,0,30,1,2,1,1,10,5,0,0,0,16,18,1,37,0,12,0,0,200,200
357968,0,30,1,2,1,1,10,5,0,0,0,16,18,0,200,200,12,200,200,200,200
357973,0,30,1,2,0,1,14,5,0,0,0,17,17,0,34,0,1,0,0,200,200
357973,0,30,1,2,0,1,14,5,0,0,0,17,17,0,50,7,1,0,0,200,200
357973,1,30,1,2,0,1,14,5,0,0,0,17,17,1,200,0,200,200,200,200,200
357973,1,30,1,2,0,1,14,5,0,0,0,17,17,0,200,0,200,200,200,200,200
357974,0,30,1,2,0,1,10,5,0,0,0,16,0,1,200,200,200,200,200,200,200
357974,0,30,1,2,0,1,10,5,0,0,0,16,0,0,46,200,0,0,0,200,200
357976,4,30,0,0,0,1,8,2,0,0,0,0,200,0,27,3,0,0,0,200,200