RD_NO,PERSON_TYPE,POSTED_SPEED_LIMIT,TRAFFIC_CONTROL_DEVICE,DEVICE_CONDITION,WEATHER_CONDITION,LIGHTING_CONDITION,FIRST_CRASH_TYPE,TRAFFICWAY_TYPE,ALIGNMENT,ROADWAY_SURFACE_COND,ROAD_DEFECT,PRIM_CONTRIBUTORY_CAUSE,SEC_CONTRIBUTORY_CAUSE,SEX,AGE,SAFETY_EQUIPMENT,DRIVER_ACTION,DRIVER_VISION,PHYSICAL_CONDITION,BAC_RESULT VALUE,CELL_PHONE_USE
357979,0,20,0,0,0,1,10,2,0,0,200,18,18,0,42,200,3,200,0,200,200
357979,0,20,0,0,0,1,10,2,0,0,200,18,18,1,40,200,0,200,0,200,200
357982,0,30,0,0,2,1,14,5,0,1,200,17,11,1,39,200,1,0,0,200,200
357982,0,30,0,0,2,1,14,5,0,1,200,17,11,1,43,200,0,0,0,200,200
357983,0,30,2,2,12,1,8,5,0,1,0,0,0,1,63,0,12,200,0,200,200
357983,4,30,2,2,12,1,8,5,0,1,0,0,0,1,23,200,9,200,0,200,200
357988,0,30,0,200,2,0,7,6,0,1,0,0,0,2,200,200,200,200,200,200,200
357998,0,35,0,0,2,1,12,6,0,1,200,17,17,0,46,200,1,200,0,200,200
357998,0,35,0,0,2,1,12,6,0,1,200,17,17,0,52,200,0,0,0,200,200
357999,0,30,1,2,0,1,12,6,0,0,0,22,23,0,40,0,2,0,0,200,200
357999,0,30,1,2,0,1,12,6,0,0,0,22,23,0,18,0,0,0,0,200,200
357999,1,30,1,2,0,1,12,6,0,0,0,22,23,1,200,0,200,200,200,200,200
358001,0,30,2,2,2,1,0,2,0,1,0,5,34,0,89,200,5,200,200,200,200
358001,0,30,2,2,2,1,0,2,0,1,0,5,34,0,35,200,0,200,0,200,200
358003,0,30,2,2,0,1,0,5,0,0,0,17,11,1,32,0,1,0,0,200,200
358003,0,30,2,2,0,1,0,5,0,0,0,17,11,1,32,0,0,0,0,200,200
358003,1,30,2,2,0,1,0,5,0,0,0,17,11,0,39,0,200,200,200,200,200
358004,0,30,0,0,200,0,7,5,0,200,0,0,200,2,200,200,200,200,200,200,200
358006,0,30,200,0,0,1,12,5,0,0,200,0,200,0,200,200,0,200,200,200,200
358006,0,30,200,0,0,1,12,5,0,0,200,0,200,0,56,200,200,200,0,200,200
358008,0,30,1,2,0,1,12,5,0,0,0,21,200,1,200,200,4,200,200,200,200
358008,0,30,1,2,0,1,12,5,0,0,0,21,200,0,30,0,0,0,0,200,200
358011,0,30,0,0,0,1,4,5,0,0,0,29,29,1,28,0,0,0,0,200,200
358012,0,30,0,0,1,1,14,5,2,0,0,17,20,1,19,0,1,0,0,200,200
358012,0,30,0,0,1,1,14,5,2,0,0,17,20,0,29,0,0,0,0,200,200
358012,1,30,0,0,1,1,14,5,2,0,0,17,20,0,16,0,200,200,200,200,200
358012,1,30,0,0,1,1,14,5,2,0,0,17,20,1,17,0,200,200,200,200,200
358012,1,30,0,0,1,1,14,5,2,0,0,17,20,1,24,0,200,200,200,200,200
358020,0,30,0,0,0,200,7,6,0,200,0,0,0,2,200,200,200,200,200,200,200
358029,0,20,0,0,2,1,2,7,0,1,0,0,0,1,200,200,12,200,200,200,200
358031,0,30,0,0,0,1,14,5,0,0,0,23,200,0,23,0,7,0,0,200,200
358031,0,30,0,0,0,1,14,5,0,0,0,23,200,0,55,0,3,0,0,200,200
358031,1,30,0,0,0,1,14,5,0,0,0,23,200,0,200,0,200,200,200,200,200
358038,0,30,0,0,0,1,12,2,0,0,0,21,0,0,65,0,4,0,0,200,200
358038,0,30,0,0,0,1,12,2,0,0,0,21,0,0,40,0,12,0,0,200,200
358038,0,30,0,0,0,1,12,2,0,0,0,21,0,1,75,0,0,0,0,200,200
358038,0,30,0,0,0,1,12,2,0,0,0,21,0,0,46,0,0,0,0,200,200
358038,0,30,0,0,0,1,12,2,0,0,0,21,0,1,62,0,0,0,0,200,200
358041,0,30,0,0,0,1,14,3,0,0,200,17,0,0,38,0,7,0,0,200,200
358041,0,30,0,0,0,1,14,3,0,0,200,17,0,0,36,0,12,200,0,200,200
358041,1,30,0,0,0,1,14,3,0,0,200,17,0,0,200,0,200,200,200,200,200
358046,0,30,1,2,1,1,10,5,0,1,0,18,200,1,44,0,3,0,1,200,200
358046,0,30,1,2,1,1,10,5,0,1,0,18,200,1,20,0,0,0,0,200,200
358046,1,30,1,2,1,1,10,5,0,1,0,18,200,0,22,0,200,200,200,200,200
358052,0,30,0,0,0,1,14,5,0,1,0,11,0,2,200,200,200,200,200,200,200
358052,0,30,0,0,0,1,14,5,0,1,0,11,0,0,20,0,0,0,0,200,200
358054,0,30,0,0,2,1,14,5,0,1,0,22,11,0,18,0,1,1,0,200,200
358054,0,30,0,0,2,1,14,5,0,1,0,22,11,1,30,0,0,0,0,200,200
358054,1,30,0,0,2,1,14,5,0,1,0,22,11,1,4,5,200,200,200,200,200
358055,0,30,1,2,0,1,12,6,0,0,0,22,2,0,200,200,4,200,200,200,1
358055,0,30,1,2,0,1,12,6,0,0,0,22,2,1,37,0,0,0,200,200,200
358055,1,30,1,2,0,1,12,6,0,0,0,22,2,1,37,0,200,200,200,200,200
358060,0,30,0,0,2,1,7,7,0,1,200,0,0,2,200,200,200,200,200,200,200
358061,0,30,200,0,0,1,14,5,0,0,200,0,200,1,47,200,200,200,0,200,200
358061,0,30,200,0,0,1,14,5,0,0,200,0,200,1,39,200,200,0,1,200,200
358062,0,15,0,0,0,3,2,7,0,0,0,25,16,1,200,200,12,0,0,200,200
358062,1,15,0,0,0,3,2,7,0,0,0,25,16,0,200,200,200,200,200,200,200
358063,0,55,0,0,0,1,10,3,0,0,0,16,16,0,29,0,3,0,0,200,200
358063,0,55,0,0,0,1,10,3,0,0,0,16,16,1,34,200,0,0,0,200,200
358063,0,55,0,0,0,1,10,3,0,0,0,16,16,1,39,0,0,0,0,200,200
358063,1,55,0,0,0,1,10,3,0,0,0,16,16,0,80,0,200,200,200,200,200
358063,1,55,0,0,0,1,10,3,0,0,0,16,16,1,74,0,200,200,200,200,200
358064,0,30,0,0,2,1,14,200,0,1,0,0,0,0,56,0,200,0,0,200,200
358064,0,30,0,0,2,1,14,200,0,1,0,0,0,0,26,0,0,0,0,200,200
358067,0,30,0,0,0,1,2,3,0,0,0,0,0,1,37,0,0,0,0,200,200
358069,0,30,0,0,0,1,10,3,0,1,200,0,200,0,22,200,3,200,0,200,200
358069,0,30,0,0,0,1,10,3,0,1,200,0,200,1,25,200,0,0,0,200,200
358069,0,30,0,0,0,1,10,3,0,1,200,0,200,0,200,200,0,200,200,200,200
358072,0,30,2,0,1,1,0,5,0,1,0,17,200,0,21,0,1,0,0,200,200
358072,0,30,2,0,1,1,0,5,0,1,0,17,200,0,41,0,0,200,0,200,200
358072,1,30,2,0,1,1,0,5,0,1,0,17,200,0,200,0,200,200,200,200,200
358075,0,30,0,0,2,1,7,6,0,1,0,8,20,1,25,0,0,0,0,200,200
358078,0,30,200,200,1,1,0,5,0,200,200,0,0,1,29,200,200,200,0,200,200
358078,0,30,200,200,1,1,0,5,0,200,200,0,0,1,22,200,200,200,0,200,200
358078,1,30,200,200,1,1,0,5,0,200,200,0,0,1,200,200,200,200,200,200,200
358083,0,30,0,0,0,1,10,5,0,0,0,7,18,0,44,200,3,0,0,200,200
358083,0,30,0,0,0,1,10,5,0,0,0,7,18,0,46,0,0,0,0,200,200
358083,1,30,0,0,0,1,10,5,0,0,0,7,18,1,46,0,200,200,200,200,200
358083,1,30,0,0,0,1,10,5,0,0,0,7,18,0,14,0,200,200,200,200,200
358083,1,30,0,0,0,1,10,5,0,0,0,7,18,1,13,0,200,200,200,200,200
358085,0,35,1,2,2,1,12,5,0,1,0,22,200,2,200,200,2,200,200,200,200
358085,0,35,1,2,2,1,12,5,0,1,0,22,200,0,23,0,0,0,0,200,200
358087,0,30,0,0,0,1,14,5,0,0,0,23,16,1,71,0,7,0,0,200,200
358087,0,30,0,0,0,1,14,5,0,0,0,23,16,0,48,0,0,0,0,200,200
358094,1,30,0,0,0,1,14,5,0,0,200,23,200,200,200,200,200,200,200,200,200
358094,0,30,0,0,0,1,14,5,0,0,200,23,200,2,200,200,7,200,200,200,200
358094,0,30,0,0,0,1,14,5,0,0,200,23,200,1,63,200,0,200,0,200,200
358094,1,30,0,0,0,1,14,5,0,0,200,23,200,200,200,200,200,200,200,200,200
358094,1,30,0,0,0,1,14,5,0,0,200,23,200,2,200,200,200,200,200,200,200
358094,1,30,0,0,0,1,14,5,0,0,200,23,200,2,200,200,200,200,200,200,200
358106,0,30,0,0,200,1,11,5,0,200,200,0,0,1,22,200,200,200,200,200,200
358106,0,30,0,0,200,1,11,5,0,200,200,0,0,0,61,0,0,0,200,200,200
358106,1,30,0,0,200,1,11,5,0,200,200,0,0,1,54,0,200,200,200,200,200
358113,0,30,0,0,2,1,12,5,0,1,0,22,11,1,200,200,4,200,200,200,200
358113,0,30,0,0,2,1,12,5,0,1,0,22,11,1,40,200,0,0,0,200,200
358114,0,30,0,0,200,1,0,5,0,200,200,17,17,0,200,200,1,200,200,200,200
358114,0,30,0,0,200,1,0,5,0,200,200,17,17,1,39,0,0,0,0,200,200
358114,1,30,0,0,200,1,0,5,0,200,200,17,17,1,200,200,200,200,200,200,200
358114,1,30,0,0,200,1,0,5,0,200,200,17,17,0,4,200,200,200,200,200,200
358116,0,30,0,0,0,1,2,7,0,0,0,0,200,1,0,0,0,0,0,200,200
358116,1,30,0,0,0,1,2,7,0,0,0,0,200,1,33,0,200,200,200,200,200
358120,0,30,0,0,2,1,7,2,0,1,0,12,0,1,41,200,12,200,0,200,200
358121,0,30,2,2,0,1,12,5,0,1,0,22,200,1,61,200,2,0,0,200,200
358121,0,30,2,2,0,1,12,5,0,1,0,22,200,0,41,200,0,0,0,200,200
358122,0,30,0,0,2,1,14,5,0,1,0,17,16,0,41,200,1,1,0,200,200
358122,0,30,0,0,2,1,14,5,0,1,0,17,16,0,29,200,200,1,0,200,200
358123,0,30,1,2,0,1,14,3,0,0,0,6,31,2,200,200,5,200,200,200,200
358123,0,30,1,2,0,1,14,3,0,0,0,6,31,1,67,0,0,0,0,200,200
358127,0,10,0,0,200,200,7,7,0,200,200,0,0,1,200,200,12,200,200,200,200
358132,0,0,0,0,0,1,12,7,0,0,0,0,200,0,200,200,200,200,0,200,200
358132,0,0,0,0,0,1,12,7,0,0,0,0,200,0,53,0,0,0,0,200,200
358136,0,30,0,0,2,1,7,6,0,1,0,34,14,0,200,200,200,200,200,200,200
358138,0,30,0,0,0,1,14,5,0,0,200,0,0,1,79,0,200,200,200,200,200
358138,0,30,0,0,0,1,14,5,0,0,200,0,0,0,200,200,200,200,200,200,200
358147,0,25,2,2,0,1,14,2,0,0,0,0,0,1,54,0,0,0,0,200,200
358147,0,25,2,2,0,1,14,2,0,0,0,0,0,1,32,0,0,0,0,200,200
358149,0,30,0,0,0,1,7,5,0,0,0,0,200,0,200,200,200,200,200,200,200
358160,0,30,0,0,2,1,12,5,0,1,0,22,200,1,200,200,4,200,200,200,200
358160,0,30,0,0,2,1,12,5,0,1,0,22,200,1,35,0,0,200,0,200,200
358161,0,30,1,2,2,1,10,2,0,1,0,18,16,0,36,200,3,0,0,200,200
358161,0,30,1,2,2,1,10,2,0,1,0,18,16,1,24,200,0,0,0,200,200
358161,1,30,1,2,2,1,10,2,0,1,0,18,16,0,19,200,200,200,200,200,200
358161,1,30,1,2,2,1,10,2,0,1,0,18,16,1,25,200,200,200,200,200,200
358161,1,30,1,2,2,1,10,2,0,1,0,18,16,200,200,200,200,200,200,200,200
358164,0,15,0,0,2,1,0,7,0,1,0,0,200,0,17,0,12,200,0,200,200
358164,0,15,0,0,2,1,0,7,0,1,0,0,200,1,28,0,0,200,0,200,200
358164,1,15,0,0,2,1,0,7,0,1,0,0,200,200,200,0,200,200,200,200,200
358164,1,15,0,0,2,1,0,7,0,1,0,0,200,200,200,0,200,200,200,200,200
358164,1,15,0,0,2,1,0,7,0,1,0,0,200,200,200,5,200,200,200,200,200
358165,0,30,0,0,0,1,10,5,0,0,200,0,0,0,200,200,200,200,200,200,200
358165,0,30,0,0,0,1,10,5,0,0,200,0,0,0,33,0,0,200,200,200,200
358165,1,30,0,0,0,1,10,5,0,0,200,0,0,1,33,0,200,200,200,200,200
358165,1,30,0,0,0,1,10,5,0,0,200,0,0,0,200,200,200,200,200,200,200
358168,0,30,0,0,0,4,7,6,0,0,0,200,200,2,200,200,200,200,200,200,200
358170,0,20,0,0,0,1,12,5,0,0,0,0,200,0,19,0,200,200,0,200,200
358170,0,20,0,0,0,1,12,5,0,0,0,0,200,0,44,0,0,200,0,200,200
358174,0,30,2,0,2,1,14,5,0,1,0,17,0,0,60,0,1,200,0,200,200
358174,0,30,2,0,2,1,14,5,0,1,0,17,0,0,43,0,0,200,0,200,200
358176,0,30,1,2,0,1,12,2,0,0,0,0,200,1,200,200,12,200,200,200,200
358176,0,30,1,2,0,1,12,2,0,0,0,0,200,1,30,0,0,0,0,200,200
358176,0,30,1,2,0,1,12,2,0,0,0,0,200,1,40,0,0,0,0,200,200
358176,1,30,1,2,0,1,12,2,0,0,0,0,200,0,200,0,200,200,200,200,200
358178,0,30,2,0,2,1,14,0,0,1,0,3,23,0,200,200,7,200,200,200,200
358178,0,30,2,0,2,1,14,0,0,1,0,3,23,0,41,0,1,200,200,200,200
358179,0,30,0,0,1,1,8,5,0,1,0,0,200,0,59,0,0,0,0,200,200
358179,4,30,0,0,1,1,8,5,0,1,0,0,200,0,58,7,0,0,0,200,200
358179,1,30,0,0,1,1,8,5,0,1,0,0,200,1,43,1,200,200,200,200,200
358180,0,30,1,200,0,1,12,5,0,0,200,21,0,1,35,200,2,200,200,200,200
358180,0,30,1,200,0,1,12,5,0,0,200,21,0,0,35,200,0,200,0,200,200
358182,0,35,1,2,0,1,10,8,0,1,0,18,0,0,35,200,3,0,200,200,200
358182,0,35,1,2,0,1,10,8,0,1,0,18,0,1,56,0,0,0,0,200,200
358187,0,30,0,0,2,2,14,2,0,1,0,17,0,0,52,200,1,0,0,200,200
358187,0,30,0,0,2,2,14,2,0,1,0,17,0,1,50,200,1,0,0,200,200
358193,0,20,0,0,1,1,10,2,0,0,0,20,200,0,58,200,6,0,0,200,200
358193,0,20,0,0,1,1,10,2,0,0,0,20,200,0,56,200,0,200,0,200,200
358193,1,20,0,0,1,1,10,2,0,0,0,20,200,1,24,200,200,200,200,200,200
358197,0,30,0,0,0,1,7,6,0,0,0,0,0,0,62,0,12,0,0,200,200
358199,0,30,200,200,0,1,12,5,0,0,200,0,200,1,200,200,200,200,200,200,200
358199,0,30,200,200,0,1,12,5,0,0,200,0,200,0,57,200,200,200,0,200,200
358200,0,15,0,0,0,1,10,0,0,0,0,20,200,0,28,200,6,200,200,200,200
358200,0,15,0,0,0,1,10,0,0,0,0,20,200,1,28,200,0,200,200,200,200
358201,0,25,1,2,200,1,12,200,0,200,200,21,200,0,27,200,4,200,200,200,200
358201,0,25,1,2,200,1,12,200,0,200,200,21,200,0,25,200,0,200,200,200,200
358209,4,30,0,0,0,1,8,6,0,0,0,25,0,0,200,3,12,200,200,200,200
358209,0,30,0,0,0,1,8,6,0,0,0,25,0,1,56,0,0,0,0,200,200
358210,0,30,0,0,2,1,0,5,0,1,200,17,0,2,200,200,1,200,200,200,200
358210,0,30,0,0,2,1,0,5,0,1,200,17,0,0,24,200,0,200,0,200,200
358214,0,30,0,0,1,1,14,5,0,1,0,0,23,1,62,0,7,200,0,200,200
358214,0,30,0,0,1,1,14,5,0,1,0,0,23,0,28,0,200,200,200,200,200
358215,0,30,0,0,2,1,10,5,0,1,200,0,0,0,30,1,0,0,0,200,200
358215,0,30,0,0,2,1,10,5,0,1,200,0,0,1,200,200,0,200,200,200,200
358215,1,30,0,0,2,1,10,5,0,1,200,0,0,1,4,0,200,200,200,200,200
358222,0,25,0,0,0,1,14,5,0,0,0,23,200,0,200,200,7,200,200,200,200
358222,0,25,0,0,0,1,14,5,0,0,0,23,200,0,21,0,0,200,0,200,200
358223,0,30,0,0,0,4,14,5,0,0,0,17,16,0,200,200,1,200,0,200,200
358223,0,30,0,0,0,4,14,5,0,0,0,17,16,0,59,0,0,0,0,200,200
358226,0,35,2,2,0,1,0,7,0,0,0,0,0,1,200,200,200,200,200,200,200
358226,0,35,2,2,0,1,0,7,0,0,0,0,0,0,28,0,0,0,0,200,200
358226,1,35,2,2,0,1,0,7,0,0,0,0,0,200,200,200,200,200,200,200,200
358226,1,35,2,2,0,1,0,7,0,0,0,0,0,1,26,0,200,200,200,200,200
358228,0,30,0,0,2,4,0,6,0,1,0,34,0,1,30,0,8,0,0,200,200
358228,0,30,0,0,2,4,0,6,0,1,0,34,0,1,37,0,0,0,0,200,200
358230,0,30,2,2,0,0,10,5,0,0,200,0,0,0,200,200,200,200,200,200,200
358230,0,30,2,2,0,0,10,5,0,0,200,0,0,0,40,0,0,0,0,200,200
358232,0,30,0,0,0,1,7,5,0,0,0,21,200,0,20,200,12,0,0,200,200
358243,0,30,1,2,0,1,10,5,0,0,0,18,200,1,21,200,8,0,0,200,200
358243,0,30,1,2,0,1,10,5,0,0,0,18,200,0,24,0,0,0,0,200,200
358245,0,10,0,0,2,1,12,7,0,1,0,0,200,0,44,7,12,0,0,200,200
358245,0,10,0,0,2,1,12,7,0,1,0,0,200,1,57,0,12,0,0,200,200
358245,1,10,0,0,2,1,12,7,0,1,0,0,200,200,15,0,200,200,200,200,200
358245,1,10,0,0,2,1,12,7,0,1,0,0,200,1,42,0,200,200,200,200,200
358245,1,10,0,0,2,1,12,7,0,1,0,0,200,1,13,0,200,200,200,200,200
358250,0,30,1,0,2,1,10,5,0,1,200,15,200,1,26,200,8,200,0,200,200
358250,0,30,1,0,2,1,10,5,0,1,200,15,200,0,47,200,0,200,0,200,200
358251,0,10,0,0,0,1,3,7,0,200,200,0,200,0,200,200,6,200,200,200,200
358251,0,10,0,0,0,1,3,7,0,200,200,0,200,1,29,200,200,0,0,200,200
358251,1,10,0,0,0,1,3,7,0,200,200,0,200,1,28,200,200,200,200,200,200
358259,0,35,1,2,2,1,10,3,0,1,0,0,200,0,45,200,200,200,200,200,200
358259,0,35,1,2,2,1,10,3,0,1,0,0,200,0,79,0,0,200,0,200,200
358262,0,30,2,2,2,1,14,5,0,1,0,17,0,0,200,200,200,200,200,200,200
358262,0,30,2,2,2,1,14,5,0,1,0,17,0,1,20,0,1,0,0,200,200
358262,1,30,2,2,2,1,14,5,0,1,0,17,0,1,200,200,200,200,200,200,200
358264,0,30,0,0,0,1,10,2,0,1,0,15,16,0,45,200,8,200,0,200,200
358264,0,30,0,0,0,1,10,2,0,1,0,15,16,1,40,200,0,200,0,200,200
358264,1,30,0,0,0,1,10,2,0,1,0,15,16,1,4,5,200,200,200,200,200
358267,0,30,1,2,0,1,14,5,0,0,0,0,0,0,34,0,200,200,200,200,200
358267,0,30,1,2,0,1,14,5,0,0,0,0,0,1,37,0,200,200,200,200,200
358268,0,20,0,0,0,1,0,2,0,0,0,0,17,1,46,0,8,200,8,200,200
358268,0,20,0,0,0,1,0,2,0,0,0,0,17,1,18,0,0,0,0,200,200
358272,0,35,0,0,0,1,2,5,2,0,200,0,0,2,200,200,200,200,200,200,200
358280,0,30,1,2,0,4,10,5,0,0,0,27,15,0,63,0,3,0,7,200,200
358280,0,30,1,2,0,4,10,5,0,0,0,27,15,0,200,200,0,200,200,200,200
358281,0,30,0,0,2,1,2,6,0,1,0,1,200,1,55,200,12,0,0,200,200
358282,0,30,1,2,0,4,10,2,0,0,0,18,0,1,28,0,3,0,0,200,200
358282,0,30,1,2,0,4,10,2,0,0,0,18,0,0,43,0,12,0,0,200,200
358285,0,30,0,0,2,2,14,2,0,1,0,17,16,1,19,0,1,0,0,200,200
358285,0,30,0,0,2,2,14,2,0,1,0,17,16,0,39,0,0,0,0,200,200
358285,1,30,0,0,2,2,14,2,0,1,0,17,16,0,30,0,200,200,200,200,200
358289,0,30,0,0,0,1,12,5,0,0,0,21,21,0,200,200,4,200,200,200,200
358289,0,30,0,0,0,1,12,5,0,0,0,21,21,0,57,0,0,0,0,200,200
358293,0,30,1,2,2,4,10,3,0,1,200,0,200,1,200,200,200,200,200,200,200
358293,0,30,1,2,2,4,10,3,0,1,200,0,200,0,70,0,0,200,0,200,200
358293,0,30,1,2,2,4,10,3,0,1,200,0,200,1,48,0,0,200,0,200,200
358294,0,35,0,0,200,1,8,2,0,200,0,10,17,2,200,200,200,200,200,200,200
358294,4,35,0,0,200,1,8,2,0,200,0,10,17,0,16,200,9,0,0,200,200
358294,1,35,0,0,200,1,8,2,0,200,0,10,17,0,200,200,200,200,200,200,200
358296,0,30,0,0,0,4,10,3,0,1,0,0,0,2,200,200,200,200,200,200,200
358296,0,30,0,0,0,4,10,3,0,1,0,0,0,0,62,0,0,0,0,200,200
358296,1,30,0,0,0,4,10,3,0,1,0,0,0,1,30,0,200,200,200,200,200
358298,0,30,200,200,200,200,10,5,0,200,200,0,200,0,26,0,200,200,200,200,200
358298,0,30,200,200,200,200,10,5,0,200,200,0,200,0,56,200,200,200,200,200,200
358300,0,55,7,2,0,1,14,6,0,0,0,22,11,1,41,0,7,0,0,200,200
358300,0,55,7,2,0,1,14,6,0,0,0,22,11,0,64,0,0,0,0,200,200
358304,0,30,1,2,0,1,0,5,0,0,0,17,200,1,22,0,1,200,200,200,200
358304,0,30,1,2,0,1,0,5,0,0,0,17,200,0,59,0,0,200,0,200,200
358306,0,25,1,2,200,200,10,5,0,200,0,200,200,0,200,200,200,200,200,200,200
358306,0,25,1,2,200,200,10,5,0,200,0,200,200,1,23,200,0,200,200,200,200
358307,0,30,1,2,0,4,10,5,0,0,200,18,0,1,35,0,3,0,0,200,200
358307,0,30,1,2,0,4,10,5,0,0,200,18,0,0,31,0,0,0,0,200,200
358314,0,30,0,0,0,1,10,6,0,0,0,18,200,1,200,200,3,200,200,200,200
358314,0,30,0,0,0,1,10,6,0,0,0,18,200,1,34,0,0,0,0,200,200
358328,0,30,0,0,2,0,14,5,0,1,0,23,21,0,62,200,7,200,5,200,200
358328,0,30,0,0,2,0,14,5,0,1,0,23,21,0,31,200,0,200,0,200,200
358328,1,30,0,0,2,0,14,5,0,1,0,23,21,1,77,0,200,200,200,200,200
358329,0,25,0,0,2,3,7,5,0,1,0,0,0,2,200,200,200,200,200,200,200
358331,0,35,1,2,2,3,10,5,0,1,0,16,200,0,34,0,8,0,0,200,200
358331,0,35,1,2,2,3,10,5,0,1,0,16,200,1,42,0,0,0,0,200,200
358333,0,20,0,0,0,1,7,7,0,0,0,0,0,2,200,200,200,200,200,200,200
358337,0,30,0,200,2,3,2,5,0,1,0,15,34,0,200,200,200,200,200,200,200
358346,0,30,0,0,12,3,7,3,0,1,0,11,34,0,24,3,12,0,0,200,200
358347,0,30,0,0,2,4,10,5,0,1,0,18,200,0,56,200,3,0,5,200,200
358347,0,30,0,0,2,4,10,5,0,1,0,18,200,0,45,200,0,0,0,200,200
358357,0,30,0,0,2,3,10,3,0,1,0,17,200,1,200,200,1,200,200,200,200
358357,0,30,0,0,2,3,10,3,0,1,0,17,200,1,24,0,0,0,0,200,200
358357,1,30,0,0,2,3,10,3,0,1,0,17,200,0,35,0,200,200,200,200,200
358358,0,30,1,2,2,1,14,5,0,1,0,17,200,1,33,200,1,200,200,200,200
358358,0,30,1,2,2,1,14,5,0,1,0,17,200,0,37,0,0,200,0,200,200
358360,0,45,0,0,0,3,10,3,0,0,0,21,200,0,28,0,3,0,0,200,200
358360,0,45,0,0,0,3,10,3,0,0,0,21,200,0,26,0,0,0,0,200,200
358360,1,45,0,0,0,3,10,3,0,0,0,21,200,1,23,0,200,200,200,200,200
358360,1,45,0,0,0,3,10,3,0,0,0,21,200,0,2,0,200,200,200,200,200
358361,0,30,1,2,0,1,14,5,0,0,0,17,16,0,200,200,1,200,0,200,200
358361,0,30,1,2,0,1,14,5,0,0,0,17,16,1,59,0,0,0,0,200,200
358365,0,30,1,2,2,0,14,5,0,1,0,34,200,0,86,0,1,200,0,200,200
358365,0,30,1,2,2,0,14,5,0,1,0,34,200,1,39,0,0,200,0,200,200
358366,0,35,2,200,0,3,10,2,0,200,200,0,0,0,200,200,200,200,200,200,200
358366,0,35,2,200,0,3,10,2,0,200,200,0,0,0,55,200,0,200,0,200,200
358366,1,35,2,200,0,3,10,2,0,200,200,0,0,1,200,200,200,200,200,200,200
358366,1,35,2,200,0,3,10,2,0,200,200,0,0,1,16,200,200,200,200,200,200
358372,0,30,0,0,1,3,10,5,0,1,0,18,16,0,54,1,3,0,0,200,200
358372,0,30,0,0,1,3,10,5,0,1,0,18,16,0,45,200,0,0,0,200,200
358377,0,30,1,2,2,3,10,5,0,1,0,18,200,0,16,0,3,0,0,200,200
358377,0,30,1,2,2,3,10,5,0,1,0,18,200,0,69,0,0,0,0,200,200
358377,1,30,1,2,2,3,10,5,0,1,0,18,200,1,68,0,200,200,200,200,200
358377,1,30,1,2,2,3,10,5,0,1,0,18,200,0,18,0,200,200,200,200,200
358378,0,30,1,2,0,3,12,2,0,0,0,21,0,0,200,200,4,200,200,200,200
358378,0,30,1,2,0,3,12,2,0,0,0,21,0,1,35,0,0,0,0,200,200
358379,0,30,1,2,0,3,14,1,0,1,0,17,0,1,25,0,1,0,0,200,200
358379,0,30,1,2,0,3,14,1,0,1,0,17,0,0,71,0,0,0,0,200,200
358379,1,30,1,2,0,3,14,1,0,1,0,17,0,0,3,200,200,200,200,200,200
358379,1,30,1,2,0,3,14,1,0,1,0,17,0,0,6,200,200,200,200,200,200
358379,1,30,1,2,0,3,14,1,0,1,0,17,0,1,2,200,200,200,200,200,200
358379,1,30,1,2,0,3,14,1,0,1,0,17,0,0,9,200,200,200,200,200,200
358379,1,30,1,2,0,3,14,1,0,1,0,17,0,1,65,0,200,200,200,200,200
358382,0,30,2,2,2,3,0,5,0,1,0,17,200,0,27,200,1,200,0,200,200
358382,0,30,2,2,2,3,0,5,0,1,0,17,200,0,38,200,0,200,0,200,200
358382,1,30,2,2,2,3,0,5,0,1,0,17,200,200,200,200,200,200,200,200,200
358382,1,30,2,2,2,3,0,5,0,1,0,17,200,200,200,5,200,200,200,200,200
358382,1,30,2,2,2,3,0,5,0,1,0,17,200,200,200,0,200,200,200,200,200
358386,0,30,2,2,0,1,0,6,0,0,0,17,17,1,21,0,1,0,0,200,200
358386,0,30,2,2,0,1,0,6,0,0,0,17,17,1,26,0,0,0,0,200,200
358388,5,25,2,2,2,3,9,5,0,1,0,17,34,0,19,7,1,12,0,200,200
358388,0,25,2,2,2,3,9,5,0,1,0,17,34,0,0,0,0,0,0,200,200
358389,0,20,0,0,0,3,12,5,0,1,0,17,200,0,20,200,1,0,0,200,200
358389,0,20,0,0,0,3,12,5,0,1,0,17,200,0,55,200,12,0,0,200,200
358394,0,30,0,0,2,3,8,5,0,1,0,200,0,0,48,7,12,0,0,200,200
358394,4,30,0,0,2,3,8,5,0,1,0,200,0,0,23,2,12,0,0,200,200
358398,0,30,0,0,2,3,10,6,0,1,0,14,18,2,200,200,8,200,200,200,200
358398,0,30,0,0,2,3,10,6,0,1,0,14,18,0,24,0,0,0,0,200,200
358398,1,30,0,0,2,3,10,6,0,1,0,14,18,0,20,0,200,200,200,200,200
358398,1,30,0,0,2,3,10,6,0,1,0,14,18,0,24,0,200,200,200,200,200
358400,0,30,0,0,0,1,10,6,0,0,0,17,200,2,200,200,6,200,200,200,200