RD_NO,PERSON_TYPE,POSTED_SPEED_LIMIT,TRAFFIC_CONTROL_DEVICE,DEVICE_CONDITION,WEATHER_CONDITION,LIGHTING_CONDITION,FIRST_CRASH_TYPE,TRAFFICWAY_TYPE,ALIGNMENT,ROADWAY_SURFACE_COND,ROAD_DEFECT,PRIM_CONTRIBUTORY_CAUSE,SEC_CONTRIBUTORY_CAUSE,SEX,AGE,SAFETY_EQUIPMENT,DRIVER_ACTION,DRIVER_VISION,PHYSICAL_CONDITION,BAC_RESULT VALUE,CELL_PHONE_USE
358400,0,30,0,0,0,1,10,6,0,0,0,17,200,0,48,0,0,0,0,200,200
358402,0,30,0,0,2,3,0,5,0,1,0,0,200,1,51,0,1,0,0,200,200
358402,0,30,0,0,2,3,0,5,0,1,0,0,200,0,59,0,0,0,0,200,200
358404,0,30,0,0,2,3,3,2,0,1,0,21,0,0,21,200,12,200,2,200,200
358404,0,30,0,0,2,3,3,2,0,1,0,21,0,0,50,200,0,200,0,200,200
358404,1,30,0,0,2,3,3,2,0,1,0,21,0,0,200,200,200,200,200,200,200
358405,0,30,0,0,2,3,10,5,0,1,0,18,34,0,27,0,3,0,0,200,200
358405,0,30,0,0,2,3,10,5,0,1,0,18,34,0,37,0,0,0,0,200,200
358405,0,30,0,0,2,3,10,5,0,1,0,18,34,0,41,0,0,0,0,200,200
358405,1,30,0,0,2,3,10,5,0,1,0,18,34,1,200,0,200,200,200,200,200
358430,0,15,0,0,2,3,7,0,2,1,200,0,0,2,200,200,200,200,200,200,200
358433,0,30,0,0,0,3,10,5,0,0,0,18,16,0,200,200,3,200,200,200,200
358433,0,30,0,0,0,3,10,5,0,0,0,18,16,1,22,0,0,0,0,200,200
358433,1,30,0,0,0,3,10,5,0,0,0,18,16,1,22,0,200,200,200,200,200
358440,0,30,0,200,2,3,2,6,0,1,200,12,200,1,200,200,200,200,200,200,200
358441,0,35,0,0,0,3,12,5,0,0,0,21,200,0,32,0,4,0,0,200,200
358441,0,35,0,0,0,3,12,5,0,0,0,21,200,0,34,0,0,0,0,200,200
358443,0,30,0,0,2,3,0,5,0,1,0,0,200,0,24,0,0,0,0,200,200
358443,0,30,0,0,2,3,0,5,0,1,0,0,200,1,29,0,0,0,0,200,200
358443,1,30,0,0,2,3,0,5,0,1,0,0,200,0,22,0,200,200,200,200,200
358443,1,30,0,0,2,3,0,5,0,1,0,0,200,0,30,0,200,200,200,200,200
358445,0,5,0,0,2,3,7,7,0,1,0,0,200,0,0,200,200,0,0,200,200
358448,0,10,0,0,200,1,7,7,0,0,0,23,21,1,200,200,10,0,200,200,200
358459,0,35,0,0,2,4,10,5,0,1,0,34,18,0,29,200,3,0,0,200,200
358459,0,35,0,0,2,4,10,5,0,1,0,34,18,0,57,200,0,0,0,200,200
358462,0,30,0,0,0,3,10,5,0,0,0,18,16,1,27,0,3,0,0,200,200
358462,0,30,0,0,0,3,10,5,0,0,0,18,16,0,39,0,0,0,0,200,200
358468,0,30,1,12,2,3,0,5,0,1,0,0,0,0,24,200,200,0,0,200,200
358468,0,30,1,12,2,3,0,5,0,1,0,0,0,0,35,200,200,200,7,200,200
358468,1,30,1,12,2,3,0,5,0,1,0,0,0,1,24,200,200,200,200,200,200
358468,1,30,1,12,2,3,0,5,0,1,0,0,0,0,24,200,200,200,200,200,200
358468,1,30,1,12,2,3,0,5,0,1,0,0,0,0,42,200,200,200,200,200,200
358470,0,30,0,0,0,1,10,2,0,0,0,18,0,1,200,200,3,200,200,200,200
358470,0,30,0,0,0,1,10,2,0,0,0,18,0,1,34,0,0,0,0,200,200
358472,0,30,0,0,2,3,10,5,0,1,0,18,200,0,200,200,3,200,200,200,200
358472,0,30,0,0,2,3,10,5,0,1,0,18,200,0,22,0,12,0,0,200,200
358475,0,30,2,2,2,3,6,3,1,1,0,0,0,2,200,200,200,200,200,200,200
358478,0,30,1,2,2,3,10,5,0,1,0,16,18,0,31,200,3,200,0,200,200
358478,0,30,1,2,2,3,10,5,0,1,0,16,18,0,38,0,0,0,0,200,200
358478,1,30,1,2,2,3,10,5,0,1,0,16,18,1,200,0,200,200,200,200,200
358478,1,30,1,2,2,3,10,5,0,1,0,16,18,0,12,0,200,200,200,200,200
358478,1,30,1,2,2,3,10,5,0,1,0,16,18,1,7,0,200,200,200,200,200
358478,1,30,1,2,2,3,10,5,0,1,0,16,18,0,5,0,200,200,200,200,200
358484,0,30,1,2,2,0,14,5,0,1,0,0,200,2,200,200,200,200,200,200,200
358484,0,30,1,2,2,0,14,5,0,1,0,0,200,1,200,0,0,0,0,200,200
358484,1,30,1,2,2,0,14,5,0,1,0,0,200,1,28,0,200,200,200,200,200
358484,1,30,1,2,2,0,14,5,0,1,0,0,200,1,200,200,200,200,200,200,200
358485,0,30,0,0,2,3,10,5,0,1,0,17,200,1,200,200,6,200,200,200,200
358485,0,30,0,0,2,3,10,5,0,1,0,17,200,0,28,0,0,0,0,200,200
358485,1,30,0,0,2,3,10,5,0,1,0,17,200,1,200,200,200,200,200,200,200
358487,0,30,0,0,0,3,3,5,0,0,0,10,0,0,36,1,9,0,200,200,200
358487,0,30,0,0,0,3,3,5,0,0,0,10,0,0,22,0,0,0,0,200,200
358487,1,30,0,0,0,3,3,5,0,0,0,10,0,0,38,1,200,200,200,200,200
358487,1,30,0,0,0,3,3,5,0,0,0,10,0,1,23,200,200,200,200,200,200
358487,1,30,0,0,0,3,3,5,0,0,0,10,0,1,20,0,200,200,200,200,200
358495,0,30,1,2,2,3,10,5,0,1,0,18,200,0,68,0,3,0,2,200,200
358495,0,30,1,2,2,3,10,5,0,1,0,18,200,0,21,0,0,0,0,200,200
358499,0,25,0,0,2,3,2,3,3,1,0,15,25,0,19,0,8,0,0,200,200
358509,0,30,2,2,2,3,0,2,0,1,200,17,200,0,200,200,1,200,200,200,200
358509,0,30,2,2,2,3,0,2,0,1,200,17,200,1,26,7,0,0,0,200,200
358512,0,30,1,2,2,3,12,5,0,1,0,23,200,1,200,200,7,200,200,200,200
358512,0,30,1,2,2,3,12,5,0,1,0,23,200,0,34,0,0,200,0,200,200
358512,1,30,1,2,2,3,12,5,0,1,0,23,200,0,200,0,200,200,200,200,200
358513,0,30,200,200,200,200,14,5,0,200,200,0,200,2,200,200,200,200,200,200,200
358513,0,30,200,200,200,200,14,5,0,200,200,0,200,0,30,200,200,200,0,200,200
358514,0,30,2,2,2,3,0,5,0,1,0,0,0,1,55,0,0,0,0,200,200
358514,0,30,2,2,2,3,0,5,0,1,0,0,0,1,200,200,1,200,200,200,200
358526,0,30,0,0,0,3,7,12,0,0,0,11,200,0,31,0,10,0,0,200,200
358535,0,30,1,2,2,3,10,3,0,1,0,0,0,0,200,0,8,0,200,200,200
358535,0,30,1,2,2,3,10,3,0,1,0,0,0,0,200,0,0,0,0,200,1
358535,1,30,1,2,2,3,10,3,0,1,0,0,0,1,200,0,200,200,200,200,200
358539,0,30,1,1,0,3,10,1,0,0,0,16,18,0,54,200,1,0,0,200,200
358539,0,30,1,1,0,3,10,1,0,0,0,16,18,0,24,200,0,0,0,200,200
358539,0,30,1,1,0,3,10,1,0,0,0,16,18,0,35,200,0,0,0,200,200
358539,1,30,1,1,0,3,10,1,0,0,0,16,18,1,39,200,200,200,200,200,200
358561,0,30,0,0,2,3,3,6,0,1,0,0,200,2,200,200,200,200,200,200,200
358561,0,30,0,0,2,3,3,6,0,1,0,0,200,1,19,0,0,0,0,200,200
358561,1,30,0,0,2,3,3,6,0,1,0,0,200,1,19,0,200,200,200,200,200
358561,1,30,0,0,2,3,3,6,0,1,0,0,200,1,13,0,200,200,200,200,200
358561,1,30,0,0,2,3,3,6,0,1,0,0,200,1,14,0,200,200,200,200,200
358561,1,30,0,0,2,3,3,6,0,1,0,0,200,1,14,0,200,200,200,200,200
358562,0,20,0,0,2,3,7,5,0,1,0,15,25,0,39,0,8,0,200,200,200
358569,0,30,1,2,2,3,10,3,2,1,0,18,16,1,200,200,3,200,200,200,200
358569,0,30,1,2,2,3,10,3,2,1,0,18,16,1,59,0,0,0,0,200,200
358569,1,30,1,2,2,3,10,3,2,1,0,18,16,0,200,200,200,200,200,200,200
358569,1,30,1,2,2,3,10,3,2,1,0,18,16,1,200,0,200,200,200,200,200
358569,1,30,1,2,2,3,10,3,2,1,0,18,16,200,200,0,200,200,200,200,200
358576,0,30,2,200,2,3,0,6,0,1,0,5,14,0,200,200,200,200,200,200,200
358576,0,30,2,200,2,3,0,6,0,1,0,5,14,1,37,200,200,200,1,200,200
358576,1,30,2,200,2,3,0,6,0,1,0,5,14,1,17,200,200,200,200,200,200
358579,0,30,1,2,0,3,14,2,0,1,0,12,4,0,43,0,12,0,0,200,200
358579,0,30,1,2,0,3,14,2,0,1,0,12,4,0,44,0,12,0,0,200,200
358579,1,30,1,2,0,3,14,2,0,1,0,12,4,200,200,200,200,200,200,200,200
358579,1,30,1,2,0,3,14,2,0,1,0,12,4,200,200,200,200,200,200,200,200
358579,1,30,1,2,0,3,14,2,0,1,0,12,4,200,200,200,200,200,200,200,200
358579,1,30,1,2,0,3,14,2,0,1,0,12,4,200,200,7,200,200,200,200,200
358579,1,30,1,2,0,3,14,2,0,1,0,12,4,200,200,0,200,200,200,200,200
358585,0,30,0,200,2,3,0,6,0,1,200,0,200,1,200,200,200,200,200,200,200
358585,0,30,0,200,2,3,0,6,0,1,200,0,200,0,26,0,200,200,200,200,200
358587,4,30,1,2,2,3,8,2,0,1,200,21,200,0,22,200,4,200,200,200,200
358587,0,30,1,2,2,3,8,2,0,1,200,21,200,0,24,0,12,0,0,200,200
358593,0,30,1,2,0,3,0,2,0,0,0,0,0,0,43,200,200,200,0,200,200
358593,0,30,1,2,0,3,0,2,0,0,0,0,0,0,35,0,200,0,0,200,200
358593,1,30,1,2,0,3,0,2,0,0,0,0,0,0,48,0,200,200,200,200,200
358605,0,30,0,0,0,3,7,6,0,0,0,0,0,1,25,200,200,0,200,200,200
358606,0,30,1,2,0,3,0,6,0,0,200,0,200,1,19,200,200,200,0,200,200
358606,0,30,1,2,0,3,0,6,0,0,200,0,200,0,58,200,0,200,0,200,200
358606,1,30,1,2,0,3,0,6,0,0,200,0,200,1,20,200,200,200,200,200,200
358607,0,30,0,0,2,4,12,5,0,1,0,22,200,0,59,200,4,200,200,200,200
358607,0,30,0,0,2,4,12,5,0,1,0,22,200,0,28,0,0,0,0,200,200
358608,0,35,1,2,2,3,2,2,0,1,0,0,0,0,44,0,12,0,0,200,200
358614,0,30,2,12,0,3,0,6,0,1,0,17,0,1,26,200,1,200,7,200,200
358614,0,30,2,12,0,3,0,6,0,1,0,17,0,1,41,200,0,200,0,200,200
358614,1,30,2,12,0,3,0,6,0,1,0,17,0,0,21,200,200,200,200,200,200
358614,1,30,2,12,0,3,0,6,0,1,0,17,0,1,27,200,200,200,200,200,200
358616,0,35,0,0,0,3,7,3,0,0,0,0,200,0,49,200,200,0,0,200,200
358618,0,30,1,2,0,3,10,2,0,0,0,32,6,0,29,0,5,200,5,200,200
358618,0,30,1,2,0,3,10,2,0,0,0,32,6,0,44,0,0,200,0,200,200
358618,0,30,1,2,0,3,10,2,0,0,0,32,6,0,38,0,0,200,0,200,200
358618,1,30,1,2,0,3,10,2,0,0,0,32,6,1,59,0,200,200,200,200,200
358618,1,30,1,2,0,3,10,2,0,0,0,32,6,0,8,5,200,200,200,200,200
358618,1,30,1,2,0,3,10,2,0,0,0,32,6,1,34,0,200,200,200,200,200
358620,0,30,1,2,2,3,10,5,0,1,0,16,32,0,36,200,3,0,5,200,200
358620,0,30,1,2,2,3,10,5,0,1,0,16,32,1,32,200,0,0,0,200,200
358620,0,30,1,2,2,3,10,5,0,1,0,16,32,1,23,200,0,0,0,200,200
358625,0,30,2,2,0,3,7,6,0,1,0,0,0,2,200,200,200,200,200,200,200
358630,0,30,1,2,200,3,14,2,0,200,200,0,200,0,200,200,200,200,200,200,200
358630,0,30,1,2,200,3,14,2,0,200,200,0,200,0,21,200,200,200,0,200,200
358635,0,30,0,0,2,3,7,5,0,1,0,0,0,1,30,200,0,0,0,200,200
358635,1,30,0,0,2,3,7,5,0,1,0,0,0,1,38,200,200,200,200,200,200
358646,0,30,0,0,2,3,7,6,0,1,0,27,200,0,23,0,12,0,2,200,200
358649,0,15,0,0,0,3,7,6,0,0,200,32,200,0,48,200,12,200,5,0.16,200
358659,0,30,0,0,2,3,7,5,0,1,0,0,0,0,25,0,12,0,0,200,200
358662,0,30,1,2,2,3,10,5,0,1,0,18,0,1,200,200,3,200,200,200,200
358662,0,30,1,2,2,3,10,5,0,1,0,18,0,0,53,200,0,0,0,200,200
358662,1,30,1,2,2,3,10,5,0,1,0,18,0,0,200,200,200,200,200,200,200
358666,0,30,0,0,2,3,7,5,0,1,200,27,200,1,24,0,9,200,2,200,200
358670,0,30,0,0,0,3,7,5,0,1,0,0,200,0,37,200,12,0,0,200,200
358676,0,30,1,2,2,3,0,5,0,1,0,6,0,0,18,200,5,200,0,200,200
358676,0,30,1,2,2,3,0,5,0,1,0,6,0,0,53,200,0,0,0,200,200
358683,0,30,0,0,2,0,5,7,0,1,0,20,200,0,34,200,6,0,0,200,200
358684,0,25,0,0,2,3,7,5,0,1,0,25,25,0,200,200,4,200,200,200,200
358685,0,30,1,2,2,3,10,5,0,1,0,16,200,1,30,0,12,0,0,200,200
358685,0,30,1,2,2,3,10,5,0,1,0,16,200,0,25,0,0,0,0,200,200
358685,1,30,1,2,2,3,10,5,0,1,0,16,200,0,36,0,200,200,200,200,200
358690,0,30,0,0,2,3,12,5,0,3,0,32,200,0,17,0,4,0,0,200,200
358690,0,30,0,0,2,3,12,5,0,3,0,32,200,1,23,7,0,0,0,200,200
358692,0,30,0,0,2,3,14,5,0,1,0,10,17,1,22,200,9,200,1,200,200
358692,0,30,0,0,2,3,14,5,0,1,0,10,17,0,26,200,0,200,0,200,200
358692,1,30,0,0,2,3,14,5,0,1,0,10,17,0,200,200,200,200,200,200,200
358697,0,30,1,2,2,0,0,5,0,1,0,0,0,0,32,0,200,0,0,200,200
358697,0,30,1,2,2,0,0,5,0,1,0,0,0,1,47,0,200,0,0,200,200
358697,1,30,1,2,2,0,0,5,0,1,0,0,0,0,200,0,200,200,200,200,200
358707,0,30,1,2,0,3,2,1,0,0,0,0,0,0,22,200,8,0,3,200,200
358707,1,30,1,2,0,3,2,1,0,0,0,0,0,0,24,200,200,200,200,200,200
358710,0,35,2,2,2,3,10,2,0,1,0,18,34,0,28,200,8,200,200,200,200
358710,0,35,2,2,2,3,10,2,0,1,0,18,34,0,41,200,0,200,200,200,200
358713,0,30,1,2,2,3,0,5,0,1,0,6,17,2,200,200,5,200,200,200,200
358713,0,30,1,2,2,3,0,5,0,1,0,6,17,0,25,0,0,0,0,200,200
358713,1,30,1,2,2,3,0,5,0,1,0,6,17,0,56,0,200,200,200,200,200
358717,0,25,0,0,2,2,7,5,0,1,0,0,0,0,200,200,200,200,200,200,200
358717,1,25,0,0,2,2,7,5,0,1,0,0,0,0,200,200,200,200,200,200,200
358717,1,25,0,0,2,2,7,5,0,1,0,0,0,0,200,200,200,200,200,200,200
358726,0,25,0,0,2,2,2,5,3,1,0,34,0,0,29,200,8,12,2,200,200
358750,0,30,0,0,2,1,0,5,0,1,0,5,5,0,200,200,1,200,200,200,200
358750,0,30,0,0,2,1,0,5,0,1,0,5,5,0,50,200,0,0,0,200,200
358755,0,30,0,0,0,1,0,12,0,0,0,17,16,0,200,200,1,200,200,200,200
358755,0,30,0,0,0,1,0,12,0,0,0,17,16,0,26,0,0,0,0,200,200
358757,0,25,1,200,2,1,10,2,0,1,0,18,18,0,200,200,1,200,200,200,200
358757,0,25,1,200,2,1,10,2,0,1,0,18,18,1,60,0,0,0,0,200,200
358763,0,40,3,2,2,1,2,3,3,1,0,34,11,0,23,0,12,0,0,200,200
358765,0,30,0,0,2,1,10,3,3,1,0,15,16,0,25,0,8,0,0,200,200
358765,0,30,0,0,2,1,10,3,3,1,0,15,16,0,36,0,0,0,0,200,200
358765,0,30,0,0,2,1,10,3,3,1,0,15,16,0,65,0,0,0,0,200,200
358765,1,30,0,0,2,1,10,3,3,1,0,15,16,1,44,0,200,200,200,200,200
358766,0,30,0,0,2,3,7,6,0,1,0,15,25,0,32,200,200,0,200,200,200
358786,0,30,0,0,2,1,12,5,2,1,0,11,15,0,17,0,1,0,200,200,200
358786,0,30,0,0,2,1,12,5,2,1,0,11,15,1,35,0,0,0,0,200,200
358786,0,30,0,0,2,1,12,5,2,1,0,11,15,1,43,0,0,0,0,200,200
358786,1,30,0,0,2,1,12,5,2,1,0,11,15,0,16,0,200,200,200,200,200
358793,0,30,1,2,2,4,0,2,0,1,0,22,200,0,51,0,2,0,0,200,200
358793,0,30,1,2,2,4,0,2,0,1,0,22,200,0,30,0,0,0,0,200,200
358794,0,30,1,2,2,1,10,5,0,1,0,0,0,1,39,0,0,0,0,200,200
358794,0,30,1,2,2,1,10,5,0,1,0,0,0,0,47,0,200,0,0,200,200
358801,0,30,1,2,2,1,14,1,0,1,200,3,34,0,46,0,200,200,0,200,200
358801,0,30,1,2,2,1,14,1,0,1,200,3,34,0,50,0,200,200,0,200,200
358801,1,30,1,2,2,1,14,1,0,1,200,3,34,1,48,0,200,200,200,200,200
358810,0,30,0,0,2,1,12,5,0,1,0,22,200,1,65,200,2,200,200,200,200
358810,0,30,0,0,2,1,12,5,0,1,0,22,200,0,42,0,0,0,0,200,200
358814,0,30,200,200,200,0,7,200,0,200,0,200,200,0,200,200,200,200,200,200,200
358820,0,30,2,2,2,1,0,2,0,1,0,17,200,0,45,200,1,200,0,200,200
358820,0,30,2,2,2,1,0,2,0,1,0,17,200,0,46,200,200,200,0,200,200
358820,1,30,2,2,2,1,0,2,0,1,0,17,200,1,44,200,200,200,200,200,200
358827,0,30,1,2,2,1,0,8,0,1,0,15,200,0,42,0,8,0,0,200,200
358827,0,30,1,2,2,1,0,8,0,1,0,15,200,1,40,0,0,0,0,200,200
358834,0,30,1,2,2,1,10,12,0,1,0,34,200,0,20,0,12,0,0,200,200
358834,0,30,1,2,2,1,10,12,0,1,0,34,200,0,53,0,0,0,0,200,200
358836,0,35,0,0,2,1,12,5,0,1,0,21,16,1,21,0,4,0,0,200,200
358836,0,35,0,0,2,1,12,5,0,1,0,21,16,0,38,7,0,0,0,200,200
358837,0,30,0,0,2,3,7,5,0,1,0,0,0,1,35,0,200,0,0,200,200
358841,0,30,0,0,2,1,7,6,0,1,0,0,0,0,200,200,200,200,200,200,200
358843,0,30,0,0,2,1,14,5,0,1,0,0,200,0,37,0,200,4,200,200,200
358843,1,30,0,0,2,1,14,5,0,1,0,0,200,1,25,0,200,200,200,200,200
358843,1,30,0,0,2,1,14,5,0,1,0,0,200,1,2,5,200,200,200,200,200
358853,0,5,0,0,2,1,7,7,0,1,0,20,0,2,200,200,200,200,200,200,200
358855,0,25,0,0,0,3,7,6,0,1,0,16,200,2,200,200,200,200,200,200,200
358858,0,30,0,0,0,0,7,5,0,0,0,0,0,2,200,200,200,200,200,200,200
358862,0,0,0,0,2,1,2,7,0,1,0,0,0,2,200,200,200,200,200,200,200
358872,0,30,1,2,2,1,10,5,0,1,0,18,18,0,56,0,3,0,0,200,200
358872,0,30,1,2,2,1,10,5,0,1,0,18,18,1,95,0,0,0,0,200,200
358878,0,30,0,0,2,1,7,5,0,1,0,200,200,1,200,200,200,200,200,200,200
358890,0,30,0,0,2,1,2,0,0,1,0,0,200,1,27,0,10,0,0,200,200
358893,0,15,0,0,1,1,2,0,0,1,0,20,19,0,19,200,6,200,5,200,200
358893,1,15,0,0,1,1,2,0,0,1,0,20,19,0,19,200,200,200,200,200,200
358895,0,30,0,12,2,1,7,5,0,1,0,23,200,2,200,200,7,200,200,200,200
358896,0,25,0,0,200,200,7,6,0,200,0,22,0,0,23,200,2,200,200,200,200
358906,0,35,0,0,2,1,7,7,0,1,200,0,0,1,31,200,200,200,0,200,200
358906,1,35,0,0,2,1,7,7,0,1,200,0,0,0,34,200,200,200,200,200,200
358908,0,30,0,0,0,4,12,5,0,0,0,17,200,1,23,200,1,200,200,200,200
358908,0,30,0,0,0,4,12,5,0,0,0,17,200,1,29,0,0,0,0,200,200
358909,0,0,0,0,2,3,7,5,0,1,0,21,11,2,200,200,12,200,200,200,200
358910,0,30,0,0,2,1,7,5,0,1,0,21,16,0,19,200,4,0,12,200,200
358910,1,30,0,0,2,1,7,5,0,1,0,21,16,0,200,200,200,200,200,200,200
358921,0,30,1,2,200,1,10,5,0,200,0,0,200,1,49,200,200,200,200,200,200
358921,0,30,1,2,200,1,10,5,0,200,0,0,200,0,45,200,0,0,0,200,200
358922,0,0,0,0,200,1,9,7,0,1,0,20,200,0,200,200,6,200,200,200,200
358922,5,0,0,0,200,1,9,7,0,1,0,20,200,1,73,7,0,0,200,200,200
358923,0,30,1,2,2,1,0,5,0,1,200,15,200,1,52,200,0,200,0,200,200
358923,0,30,1,2,2,1,0,5,0,1,200,15,200,0,64,200,12,200,0,200,200
358923,1,30,1,2,2,1,0,5,0,1,200,15,200,1,23,200,200,200,200,200,200
358924,0,30,2,2,1,1,0,5,0,1,0,17,200,1,62,200,1,0,0,200,200
358924,0,30,2,2,1,1,0,5,0,1,0,17,200,0,42,0,0,0,0,200,200
358924,1,30,2,2,1,1,0,5,0,1,0,17,200,0,16,0,200,200,200,200,200
358925,0,30,0,0,200,200,7,5,0,200,0,0,0,2,200,200,200,200,200,200,200
358926,0,30,1,2,2,1,7,5,0,1,0,0,0,1,27,200,200,200,0,200,200
358927,0,30,2,2,2,2,7,5,0,1,0,0,0,2,200,200,200,200,200,200,200
358928,0,25,0,200,2,1,12,12,0,1,0,22,17,1,200,200,2,200,200,200,200
358928,0,25,0,200,2,1,12,12,0,1,0,22,17,1,46,200,1,0,0,200,200
358931,0,30,1,2,2,1,10,2,0,1,0,16,18,0,22,0,3,0,0,200,200
358931,0,30,1,2,2,1,10,2,0,1,0,16,18,0,27,0,0,0,0,200,200
358931,1,30,1,2,2,1,10,2,0,1,0,16,18,1,200,0,200,200,200,200,200
358932,0,35,0,0,2,1,10,5,0,1,0,0,0,0,200,200,200,200,200,200,200
358932,0,35,0,0,2,1,10,5,0,1,0,0,0,1,33,0,0,0,0,200,200
358932,0,35,0,0,2,1,10,5,0,1,0,0,0,0,200,200,200,200,200,200,200
358939,0,30,1,2,0,1,14,8,0,0,0,17,11,1,22,0,1,1,0,200,200
358939,0,30,1,2,0,1,14,8,0,0,0,17,11,0,29,0,0,0,0,200,200
358942,0,35,0,0,2,3,7,6,0,1,0,0,200,2,200,200,200,200,200,200,200
358947,0,30,0,0,2,1,10,5,0,1,0,18,200,2,200,200,15,200,200,200,200
358947,0,30,0,0,2,1,10,5,0,1,0,18,200,1,31,0,0,0,0,200,200
358947,1,30,0,0,2,1,10,5,0,1,0,18,200,1,29,0,200,200,200,200,200
358948,0,30,2,2,0,1,12,6,0,0,0,21,15,0,44,200,7,200,200,200,200
358948,0,30,2,2,0,1,12,6,0,0,0,21,15,0,58,0,0,0,0,200,200
358948,1,30,2,2,0,1,12,6,0,0,0,21,15,0,200,0,200,200,200,200,200
358949,0,30,1,2,2,1,12,6,0,1,0,32,200,0,200,200,8,200,200,200,200
358949,0,30,1,2,2,1,12,6,0,1,0,32,200,0,32,0,0,0,0,200,200
358949,1,30,1,2,2,1,12,6,0,1,0,32,200,1,42,0,200,200,200,200,200
358949,1,30,1,2,2,1,12,6,0,1,0,32,200,1,200,200,200,200,200,200,200
358951,0,30,0,0,2,1,7,7,0,1,0,200,200,0,29,200,200,0,0,200,200
358955,0,30,0,0,0,1,7,7,0,0,0,0,0,2,200,200,200,200,200,200,200
358959,0,30,0,0,2,1,7,5,0,1,0,16,0,2,200,200,12,200,200,200,200
358960,0,20,0,0,0,1,7,5,0,1,0,200,200,0,34,200,0,0,0,200,200
358961,0,30,1,2,2,1,10,12,0,1,0,200,200,0,200,200,200,200,200,200,200
358961,0,30,1,2,2,1,10,12,0,1,0,200,200,1,35,0,0,0,0,200,200
358962,0,35,0,0,0,1,14,2,0,1,0,0,200,0,43,0,7,0,0,200,200
358962,0,35,0,0,0,1,14,2,0,1,0,0,200,0,57,0,0,0,0,200,200
358963,0,30,0,0,2,3,7,2,0,1,0,0,0,2,200,200,200,200,200,200,200
358965,0,35,2,2,2,1,10,2,0,1,0,18,18,0,200,200,3,0,0,200,200
358965,0,35,2,2,2,1,10,2,0,1,0,18,18,1,32,0,0,0,0,200,200
358967,0,20,0,0,200,1,7,5,0,200,0,200,200,2,200,200,200,200,200,200,200
358969,0,30,0,0,0,1,7,5,0,0,0,0,200,2,200,200,200,200,200,200,200
358971,0,30,1,2,2,1,0,3,0,1,0,6,11,1,41,200,5,0,0,200,200
358971,0,30,1,2,2,1,0,3,0,1,0,6,11,0,43,200,0,0,0,200,200
358971,0,30,1,2,2,1,0,3,0,1,0,6,11,0,41,200,0,0,0,200,200
358972,0,25,0,0,0,3,7,6,0,0,0,0,200,2,200,200,200,200,200,200,200
358973,0,30,1,2,2,1,10,5,0,1,0,34,200,0,18,200,12,0,0,200,200
358973,0,30,1,2,2,1,10,5,0,1,0,34,200,0,26,200,0,0,0,200,200
358973,1,30,1,2,2,1,10,5,0,1,0,34,200,1,22,200,200,200,200,200,200
358974,0,30,1,2,2,1,10,6,0,1,0,16,18,1,51,0,3,0,0,200,200
358974,0,30,1,2,2,1,10,6,0,1,0,16,18,0,50,0,0,0,0,200,200
358979,0,30,1,2,2,1,14,5,0,1,0,200,200,1,24,0,12,0,0,200,200
358979,0,30,1,2,2,1,14,5,0,1,0,200,200,1,34,0,0,0,0,200,200
358979,1,30,1,2,2,1,14,5,0,1,0,200,200,1,31,0,200,200,200,200,200
358985,0,30,0,0,2,1,8,2,0,1,0,0,200,1,46,200,200,0,0,200,200
358985,4,30,0,0,2,1,8,2,0,1,0,0,200,0,33,7,0,0,0,200,200
358988,0,30,1,2,2,1,12,5,0,1,0,21,17,1,54,200,4,200,0,200,200
358988,0,30,1,2,2,1,12,5,0,1,0,21,17,1,42,200,0,200,0,200,200
358991,0,30,0,0,2,1,12,5,0,1,0,17,22,0,36,0,1,0,0,200,200
358991,0,30,0,0,2,1,12,5,0,1,0,17,22,0,200,0,0,0,0,200,200
358995,0,30,1,2,0,1,12,5,0,0,0,0,200,0,200,200,2,200,200,200,200
358995,0,30,1,2,0,1,12,5,0,0,0,0,200,0,44,0,0,0,0,200,200
358995,1,30,1,2,0,1,12,5,0,0,0,0,200,1,43,0,200,200,200,200,200
358997,0,35,1,2,2,1,10,5,0,1,0,0,0,0,31,200,200,200,200,200,200
358997,0,35,1,2,2,1,10,5,0,1,0,0,0,0,25,0,0,0,0,200,200
359005,0,20,0,0,2,1,7,6,0,1,0,0,200,2,200,200,200,200,200,200,200
359006,0,35,0,0,2,1,10,0,0,1,0,25,200,0,200,200,6,200,200,200,200
359006,0,35,0,0,2,1,10,0,0,1,0,25,200,0,32,200,0,0,0,200,200
359009,0,30,0,0,2,1,10,2,0,1,0,11,16,1,200,200,1,200,200,200,200
359009,0,30,0,0,2,1,10,2,0,1,0,11,16,0,0,0,0,0,0,200,200
359010,0,30,1,2,2,1,14,3,0,1,0,17,200,0,200,200,1,200,200,200,200
359010,0,30,1,2,2,1,14,3,0,1,0,17,200,0,44,200,0,200,0,200,200
359011,0,30,0,0,2,3,12,5,0,1,0,0,0,0,200,200,200,200,200,200,200
359011,0,30,0,0,2,3,12,5,0,1,0,0,0,0,64,0,0,0,0,200,200
359011,1,30,0,0,2,3,12,5,0,1,0,0,0,200,200,200,200,200,200,200,200