RD_NO,PERSON_TYPE,POSTED_SPEED_LIMIT,TRAFFIC_CONTROL_DEVICE,DEVICE_CONDITION,WEATHER_CONDITION,LIGHTING_CONDITION,FIRST_CRASH_TYPE,TRAFFICWAY_TYPE,ALIGNMENT,ROADWAY_SURFACE_COND,ROAD_DEFECT,PRIM_CONTRIBUTORY_CAUSE,SEC_CONTRIBUTORY_CAUSE,SEX,AGE,SAFETY_EQUIPMENT,DRIVER_ACTION,DRIVER_VISION,PHYSICAL_CONDITION,BAC_RESULT VALUE,CELL_PHONE_USE
359011,1,30,0,0,2,3,12,5,0,1,0,0,0,0,200,200,200,200,200,200,200
359013,0,15,0,0,0,1,4,7,0,0,1,29,200,0,57,0,12,0,0,200,200
359029,0,15,0,0,200,200,7,5,0,200,0,0,200,2,200,200,200,200,200,200,200
359034,0,25,2,0,0,1,3,6,0,0,0,0,0,0,30,200,200,200,200,200,200
359034,0,25,2,0,0,1,3,6,0,0,0,0,0,0,60,0,0,0,0,200,200
359047,0,30,0,0,2,1,10,2,0,1,0,18,0,1,35,0,3,0,0,200,200
359047,0,30,0,0,2,1,10,2,0,1,0,18,0,0,46,0,0,0,0,200,200
359047,1,30,0,0,2,1,10,2,0,1,0,18,0,1,12,0,200,200,200,200,200
359047,1,30,0,0,2,1,10,2,0,1,0,18,0,1,9,0,200,200,200,200,200
359047,1,30,0,0,2,1,10,2,0,1,0,18,0,0,1,5,200,200,200,200,200
359047,1,30,0,0,2,1,10,2,0,1,0,18,0,1,43,0,200,200,200,200,200
359048,0,15,0,0,1,1,14,5,0,1,0,22,21,0,74,200,9,0,0,200,200
359048,0,15,0,0,1,1,14,5,0,1,0,22,21,0,18,0,0,0,0,200,200
359048,1,15,0,0,1,1,14,5,0,1,0,22,21,1,200,200,200,200,200,200,200
359048,1,15,0,0,1,1,14,5,0,1,0,22,21,200,200,200,200,200,200,200,200
359053,0,35,1,2,2,1,10,2,0,1,0,0,0,2,200,200,0,200,200,200,200
359053,0,35,1,2,2,1,10,2,0,1,0,0,0,0,63,0,0,0,0,200,200
359055,0,30,1,2,2,1,8,3,0,1,0,17,33,0,21,0,1,1,0,200,200
359055,4,30,1,2,2,1,8,3,0,1,0,17,33,0,24,7,0,1,0,200,200
359055,1,30,1,2,2,1,8,3,0,1,0,17,33,1,22,0,200,200,200,200,200
359063,0,30,0,0,2,1,7,7,0,1,200,0,11,2,200,200,200,200,200,200,200
359065,0,30,1,2,2,1,14,1,0,1,0,17,34,0,25,0,7,0,0,200,200
359065,0,30,1,2,2,1,14,1,0,1,0,17,34,0,28,0,0,0,0,200,200
359066,0,30,1,2,0,1,10,5,0,1,200,0,0,0,200,200,200,200,200,200,200
359066,0,30,1,2,0,1,10,5,0,1,200,0,0,0,70,200,200,200,200,200,200
359070,0,5,0,0,0,1,7,7,3,0,0,10,10,1,200,7,9,200,200,200,200
359071,0,40,0,0,0,1,7,3,2,0,0,21,16,0,62,0,4,0,0,200,200
359071,5,40,0,0,0,1,7,3,2,0,0,21,16,1,52,7,12,200,200,200,200
359071,0,40,0,0,0,1,7,3,2,0,0,21,16,1,33,0,0,0,0,200,200
359074,0,30,0,0,2,1,10,5,0,1,0,34,18,1,29,0,3,0,0,200,200
359074,0,30,0,0,2,1,10,5,0,1,0,34,18,0,57,0,0,0,0,200,200
359074,1,30,0,0,2,1,10,5,0,1,0,34,18,1,57,0,200,200,200,200,200
359078,0,20,0,0,1,1,0,12,0,1,2,32,0,1,59,200,1,0,1,200,200
359078,0,20,0,0,1,1,0,12,0,1,2,32,0,1,24,200,0,0,0,200,200
359078,1,20,0,0,1,1,0,12,0,1,2,32,0,1,200,200,200,200,200,200,200
359078,1,20,0,0,1,1,0,12,0,1,2,32,0,0,200,200,200,200,200,200,200
359078,1,20,0,0,1,1,0,12,0,1,2,32,0,0,200,200,200,200,200,200,200
359078,1,20,0,0,1,1,0,12,0,1,2,32,0,1,200,200,200,200,200,200,200
359082,0,30,0,0,2,1,10,3,0,1,0,16,200,0,200,200,4,200,200,200,200
359082,0,30,0,0,2,1,10,3,0,1,0,16,200,1,200,200,12,200,200,200,200
359083,0,30,200,200,2,1,10,2,0,1,200,18,0,0,29,200,3,200,0,200,200
359083,0,30,200,200,2,1,10,2,0,1,200,18,0,0,51,200,200,200,0,200,200
359083,1,30,200,200,2,1,10,2,0,1,200,18,0,0,67,200,200,200,200,200,200
359086,0,15,0,0,0,1,7,7,0,0,0,20,16,0,26,200,6,200,0,200,200
359088,0,30,0,0,0,1,12,5,0,0,0,0,0,0,65,0,12,0,0,200,200
359088,0,30,0,0,0,1,12,5,0,0,0,0,0,1,28,0,0,0,0,200,200
359088,1,30,0,0,0,1,12,5,0,0,0,0,0,0,200,200,200,200,200,200,200
359088,1,30,0,0,0,1,12,5,0,0,0,0,0,0,200,200,200,200,200,200,200
359088,1,30,0,0,0,1,12,5,0,0,0,0,0,0,200,200,200,200,200,200,200
359088,1,30,0,0,0,1,12,5,0,0,0,0,0,1,200,200,200,200,200,200,200
359088,1,30,0,0,0,1,12,5,0,0,0,0,0,0,200,200,200,200,200,200,200
359089,0,30,0,0,2,3,7,6,0,1,0,0,200,2,200,200,200,200,200,200,200
359090,0,30,0,0,0,1,12,12,0,0,0,200,200,0,50,0,0,0,0,200,200
359090,0,30,0,0,0,1,12,12,0,0,0,200,200,1,33,0,0,0,0,200,200
359093,0,25,200,200,2,1,9,2,0,1,0,17,34,0,21,200,1,0,0,200,200
359093,5,25,200,200,2,1,9,2,0,1,0,17,34,0,30,200,0,0,0,200,200
359094,0,35,2,2,0,0,10,5,0,1,0,22,0,0,200,200,2,200,200,200,200
359094,0,35,2,2,0,0,10,5,0,1,0,22,0,0,28,0,0,0,0,200,200
359095,0,30,0,0,0,4,12,5,0,0,0,21,21,2,200,200,200,200,200,200,200
359095,0,30,0,0,0,4,12,5,0,0,0,21,21,0,26,0,0,0,0,200,200
359095,1,30,0,0,0,4,12,5,0,0,0,21,21,2,200,200,200,200,200,200,200
359098,0,15,0,0,0,1,0,2,0,0,0,0,200,0,18,200,0,0,200,200,200
359098,0,15,0,0,0,1,0,2,0,0,0,0,200,1,22,0,0,0,200,200,200
359105,0,35,0,0,0,1,14,3,0,0,0,18,200,0,42,0,3,0,0,200,200
359105,0,35,0,0,0,1,14,3,0,0,0,18,200,0,37,0,0,0,0,200,200
359105,1,35,0,0,0,1,14,3,0,0,0,18,200,1,18,0,200,200,200,200,200
359107,0,30,1,2,1,1,14,6,0,0,0,21,200,1,43,200,4,0,0,200,200
359107,0,30,1,2,1,1,14,6,0,0,0,21,200,0,32,0,0,0,0,200,200
359111,0,30,1,2,2,1,10,12,0,1,0,6,22,1,31,0,2,0,0,200,200
359111,0,30,1,2,2,1,10,12,0,1,0,6,22,0,24,0,0,0,0,200,200
359111,0,30,1,2,2,1,10,12,0,1,0,6,22,1,23,0,0,0,0,200,200
359111,0,30,1,2,2,1,10,12,0,1,0,6,22,0,41,0,0,0,0,200,200
359111,0,30,1,2,2,1,10,12,0,1,0,6,22,1,29,0,0,0,0,200,200
359111,1,30,1,2,2,1,10,12,0,1,0,6,22,0,60,0,200,200,200,200,200
359111,1,30,1,2,2,1,10,12,0,1,0,6,22,1,60,0,200,200,200,200,200
359113,0,30,1,2,0,1,10,3,0,1,0,18,7,0,25,200,3,0,0,200,200
359113,0,30,1,2,0,1,10,3,0,1,0,18,7,0,39,0,0,0,0,200,200
359120,0,30,200,200,200,1,12,5,0,0,200,0,200,0,53,200,200,200,0,200,200
359120,0,30,200,200,200,1,12,5,0,0,200,0,200,1,60,200,200,200,0,200,200
359122,0,30,1,2,0,1,10,3,0,1,0,18,200,0,33,0,3,0,0,200,200
359122,0,30,1,2,0,1,10,3,0,1,0,18,200,0,45,0,0,0,0,200,200
359128,0,30,2,2,2,1,10,5,0,1,0,0,34,1,24,0,200,0,0,200,200
359128,0,30,2,2,2,1,10,5,0,1,0,0,34,1,29,0,200,0,0,200,200
359128,1,30,2,2,2,1,10,5,0,1,0,0,34,1,8,0,200,200,200,200,200
359128,1,30,2,2,2,1,10,5,0,1,0,0,34,1,11,0,200,200,200,200,200
359129,0,30,2,2,0,1,10,5,0,0,200,16,0,1,200,200,200,200,200,200,200
359129,0,30,2,2,0,1,10,5,0,0,200,16,0,0,23,0,0,0,0,200,200
359129,1,30,2,2,0,1,10,5,0,0,200,16,0,1,18,0,200,200,200,200,200
359130,0,30,0,0,0,1,7,6,0,0,0,0,200,2,200,200,200,200,200,200,200
359136,0,30,0,0,0,1,11,5,0,0,0,0,0,0,200,200,200,200,200,200,200
359136,0,30,0,0,0,1,11,5,0,0,0,0,0,1,58,0,200,0,0,200,200
359141,0,30,0,0,2,1,12,5,0,1,0,0,0,0,48,0,12,0,0,200,200
359141,0,30,0,0,2,1,12,5,0,1,0,0,0,0,86,0,12,0,0,200,200
359142,0,25,0,0,0,1,0,6,0,0,0,17,16,0,49,200,1,200,200,200,200
359143,0,30,1,2,0,1,10,5,0,0,0,18,200,0,57,0,3,0,0,200,200
359143,0,30,1,2,0,1,10,5,0,0,0,18,200,0,40,0,0,0,0,200,200
359143,0,30,1,2,0,1,10,5,0,0,0,18,200,0,33,0,0,0,0,200,200
359143,1,30,1,2,0,1,10,5,0,0,0,18,200,0,200,0,200,200,200,200,200
359143,1,30,1,2,0,1,10,5,0,0,0,18,200,1,37,0,200,200,200,200,200
359143,1,30,1,2,0,1,10,5,0,0,0,18,200,1,9,0,200,200,200,200,200
359143,1,30,1,2,0,1,10,5,0,0,0,18,200,1,6,0,200,200,200,200,200
359143,1,30,1,2,0,1,10,5,0,0,0,18,200,0,1,0,200,200,200,200,200
359144,0,30,0,0,0,1,7,7,0,0,0,25,200,1,200,200,12,200,200,200,200
359144,1,30,0,0,0,1,7,7,0,0,0,25,200,0,200,200,200,200,200,200,200
359147,0,30,0,0,200,200,7,5,0,200,200,0,200,0,200,200,200,200,200,200,200
359149,0,30,1,2,0,1,14,5,0,0,0,23,200,0,28,200,7,200,0,200,200
359149,0,30,1,2,0,1,14,5,0,0,0,23,200,0,23,200,0,200,0,200,200
359149,1,30,1,2,0,1,14,5,0,0,0,23,200,0,200,0,200,200,200,200,200
359160,0,20,0,0,2,1,7,3,0,1,0,0,0,1,75,0,12,0,0,200,200
359161,0,30,1,2,0,1,14,6,0,0,0,0,200,1,21,200,1,0,0,200,200
359161,0,30,1,2,0,1,14,6,0,0,0,0,200,0,38,7,0,0,0,200,200
359162,0,0,2,2,2,1,0,5,0,1,0,0,0,0,200,200,200,200,200,200,200
359162,0,0,2,2,2,1,0,5,0,1,0,0,0,1,36,200,0,0,0,200,200
359167,0,30,0,0,0,3,3,6,0,0,0,20,0,2,200,200,6,200,200,200,200
359167,0,30,0,0,0,3,3,6,0,0,0,20,0,1,27,0,0,0,0,200,200
359168,0,30,0,0,200,2,7,5,0,200,0,0,200,2,200,200,200,200,200,200,200
359173,0,30,0,0,0,1,11,6,0,0,0,20,11,0,41,0,6,0,0,200,200
359173,0,30,0,0,0,1,11,6,0,0,0,20,11,1,27,0,0,0,0,200,200
359175,0,25,1,2,1,1,7,5,0,0,0,0,0,0,30,0,7,200,0,200,200
359185,0,30,0,0,200,3,7,2,0,200,0,0,0,2,200,200,200,200,200,200,200
359186,0,15,0,0,0,1,10,7,0,0,0,18,16,1,200,200,3,200,200,200,200
359186,0,15,0,0,0,1,10,7,0,0,0,18,16,1,25,0,0,0,0,200,200
359186,1,15,0,0,0,1,10,7,0,0,0,18,16,0,200,200,200,200,200,200,200
359186,1,15,0,0,0,1,10,7,0,0,0,18,16,0,200,200,200,200,200,200,200
359186,1,15,0,0,0,1,10,7,0,0,0,18,16,1,200,200,200,200,200,200,200
359187,0,30,0,0,0,1,7,5,0,1,0,20,0,0,200,0,0,0,0,200,200
359188,0,30,12,12,0,1,14,2,0,0,0,23,17,1,26,0,7,12,0,200,200
359188,0,30,12,12,0,1,14,2,0,0,0,23,17,0,39,0,0,0,0,200,200
359199,0,30,0,0,0,1,10,7,0,0,200,18,200,0,200,200,3,200,200,200,200
359199,0,30,0,0,0,1,10,7,0,0,200,18,200,1,31,200,12,200,0,200,200
359200,0,30,2,200,0,1,14,2,0,200,200,23,200,1,24,200,200,0,0,200,200
359200,0,30,2,200,0,1,14,2,0,200,200,23,200,0,33,200,0,0,0,200,200
359200,1,30,2,200,0,1,14,2,0,200,200,23,200,0,22,200,200,200,200,200,200
359200,1,30,2,200,0,1,14,2,0,200,200,23,200,1,4,200,200,200,200,200,200
359200,1,30,2,200,0,1,14,2,0,200,200,23,200,1,8,200,200,200,200,200,200
359207,0,30,1,2,0,1,10,5,0,0,0,18,0,1,48,200,0,0,0,200,200
359207,0,30,1,2,0,1,10,5,0,0,0,18,0,1,34,0,3,0,0,200,200
359207,1,30,1,2,0,1,10,5,0,0,0,18,0,1,10,0,200,200,200,200,200
359208,0,25,0,0,0,200,12,7,0,0,200,0,0,0,200,200,1,200,200,200,200
359208,0,25,0,0,0,200,12,7,0,0,200,0,0,0,52,0,200,200,0,200,200
359210,0,30,200,200,0,1,10,5,0,0,200,0,200,1,0,200,200,200,0,200,200
359210,0,30,200,200,0,1,10,5,0,0,200,0,200,1,34,200,200,200,0,200,200
359212,0,30,0,0,0,1,10,2,0,200,0,0,200,0,200,200,0,200,200,200,200
359212,0,30,0,0,0,1,10,2,0,200,0,0,200,1,48,7,0,0,0,200,200
359213,0,30,0,0,0,1,10,0,0,0,0,0,0,1,200,200,12,200,0,200,200
359213,0,30,0,0,0,1,10,0,0,0,0,0,0,1,200,200,0,0,0,200,200
359217,0,35,0,0,0,1,14,5,2,0,0,10,10,0,47,200,4,200,0,200,200
359217,0,35,0,0,0,1,14,5,2,0,0,10,10,0,31,7,0,200,0,200,200
359217,1,35,0,0,0,1,14,5,2,0,0,10,10,1,25,200,200,200,200,200,200
359217,1,35,0,0,0,1,14,5,2,0,0,10,10,0,26,200,200,200,200,200,200
359223,0,30,0,0,1,1,2,2,0,0,12,29,29,1,33,0,12,200,0,200,200
359226,0,35,2,0,1,1,10,2,0,0,200,5,200,0,200,200,3,0,0,200,200
359226,0,35,2,0,1,1,10,2,0,0,200,5,200,0,33,0,0,0,0,200,200
359229,0,30,0,0,0,1,11,5,0,0,200,0,0,0,56,0,200,0,0,200,200
359229,0,30,0,0,0,1,11,5,0,0,200,0,0,1,21,0,0,0,0,200,200
359229,1,30,0,0,0,1,11,5,0,0,200,0,0,1,61,0,200,200,200,200,200
359232,0,10,0,0,0,1,0,7,0,200,200,20,200,0,25,200,1,200,200,200,200
359232,0,10,0,0,0,1,0,7,0,200,200,20,200,0,49,200,200,200,0,200,200
359237,0,30,1,200,0,1,12,2,0,200,200,11,0,0,0,200,4,200,0,200,200
359237,0,30,1,200,0,1,12,2,0,200,200,11,0,1,25,200,12,200,0,200,200
359239,0,35,0,0,1,1,0,5,0,0,0,17,17,0,39,200,1,200,0,200,200
359239,0,35,0,0,1,1,0,5,0,0,0,17,17,0,49,200,0,200,0,200,200
359241,0,10,0,0,0,1,2,12,0,0,0,20,0,0,42,200,6,0,0,200,200
359242,1,30,0,0,0,1,7,3,0,0,0,21,0,0,74,200,200,200,200,200,200
359242,1,30,0,0,0,1,7,3,0,0,0,21,0,1,63,200,200,200,200,200,200
359242,0,30,0,0,0,1,7,3,0,0,0,21,0,1,45,0,0,0,0,200,200
359243,0,30,0,0,0,1,7,200,0,200,200,0,0,2,200,200,200,200,200,200,200
359244,0,30,0,0,0,1,2,7,0,0,0,200,200,2,200,200,200,200,200,200,200
359245,0,30,0,0,0,1,7,6,0,0,0,10,0,0,36,200,9,200,0,200,200
359245,1,30,0,0,0,1,7,6,0,0,0,10,0,0,38,200,200,200,200,200,200
359246,0,30,0,0,2,1,12,6,0,0,0,21,200,1,200,200,4,200,200,200,200
359246,0,30,0,0,2,1,12,6,0,0,0,21,200,0,72,0,0,0,0,200,200
359246,1,30,0,0,2,1,12,6,0,0,0,21,200,0,200,0,200,200,200,200,200
359249,0,35,0,0,0,1,7,5,0,0,0,0,0,2,200,200,200,200,200,200,200
359253,0,30,1,2,0,1,12,2,0,0,0,4,22,0,74,0,4,0,0,200,200
359253,0,30,1,2,0,1,12,2,0,0,0,4,22,1,21,0,0,0,0,200,200
359254,0,20,0,0,0,1,8,7,0,0,0,33,200,1,30,0,1,1,0,200,200
359254,4,20,0,0,0,1,8,7,0,0,0,33,200,0,21,3,1,200,0,200,200
359261,0,30,0,0,2,1,12,5,0,1,200,0,0,2,200,200,0,200,200,200,200
359261,0,30,0,0,2,1,12,5,0,1,200,0,0,0,23,0,0,0,0,200,200
359262,0,30,0,0,0,1,10,5,0,0,0,200,200,0,63,0,0,0,0,200,200
359262,0,30,0,0,0,1,10,5,0,0,0,200,200,0,34,0,0,0,0,200,200
359263,0,30,0,0,0,1,7,6,0,0,0,0,200,2,200,200,200,200,200,200,200
359266,0,30,1,2,2,1,10,5,0,1,0,0,0,1,22,200,200,0,0,200,200
359266,0,30,1,2,2,1,10,5,0,1,0,0,0,0,82,200,200,0,0,200,200
359267,0,30,0,0,0,1,12,3,0,0,200,21,200,0,55,200,4,200,0,200,200
359267,0,30,0,0,0,1,12,3,0,0,200,21,200,1,0,200,0,200,0,200,200
359268,0,20,0,0,0,1,12,2,3,0,0,0,200,0,27,200,12,200,0,200,200
359268,0,20,0,0,0,1,12,2,3,0,0,0,200,1,50,200,200,200,0,200,200
359271,0,35,1,2,0,1,12,6,0,0,0,200,200,0,200,200,7,200,200,200,200
359271,0,35,1,2,0,1,12,6,0,0,0,200,200,1,53,0,0,0,0,200,200
359273,0,30,0,0,0,1,12,2,0,0,0,17,200,0,59,200,1,0,0,200,200
359273,0,30,0,0,0,1,12,2,0,0,0,17,200,0,57,200,0,0,0,200,200
359273,1,30,0,0,0,1,12,2,0,0,0,17,200,1,200,200,200,200,200,200,200
359274,0,30,0,0,0,2,9,5,0,0,0,200,200,1,48,0,0,0,0,200,200
359274,5,30,0,0,0,2,9,5,0,0,0,200,200,0,16,7,0,0,0,200,200
359274,1,30,0,0,0,2,9,5,0,0,0,200,200,1,200,0,200,200,200,200,200
359274,1,30,0,0,0,2,9,5,0,0,0,200,200,1,200,0,200,200,200,200,200
359274,1,30,0,0,0,2,9,5,0,0,0,200,200,0,200,0,200,200,200,200,200
359282,0,30,0,0,200,200,7,6,0,200,0,0,200,2,200,200,200,200,200,200,200
359284,0,30,1,2,0,1,10,2,0,1,0,18,16,1,28,200,3,0,0,200,200
359284,0,30,1,2,0,1,10,2,0,1,0,18,16,1,39,200,200,0,0,200,200
359284,0,30,1,2,0,1,10,2,0,1,0,18,16,1,68,7,0,0,0,200,200
359284,1,30,1,2,0,1,10,2,0,1,0,18,16,1,0,7,200,200,200,200,200
359287,0,30,1,200,0,4,10,5,0,0,0,18,200,1,30,0,0,0,0,200,200
359287,0,30,1,200,0,4,10,5,0,0,0,18,200,0,74,0,0,0,0,200,200
359287,0,30,1,200,0,4,10,5,0,0,0,18,200,1,49,0,12,0,0,200,200
359287,1,30,1,200,0,4,10,5,0,0,0,18,200,0,18,0,200,200,200,200,200
359287,1,30,1,200,0,4,10,5,0,0,0,18,200,1,55,0,200,200,200,200,200
359287,1,30,1,200,0,4,10,5,0,0,0,18,200,1,200,0,200,200,200,200,200
359290,0,20,0,0,0,1,7,2,0,0,200,20,20,0,52,200,6,12,0,200,200
359295,0,35,1,2,0,1,12,3,0,0,0,21,21,0,200,200,200,200,200,200,200
359295,0,35,1,2,0,1,12,3,0,0,0,21,21,1,60,0,4,0,0,200,200
359297,0,30,2,200,1,1,10,2,0,0,0,16,0,0,200,200,3,200,200,200,200
359297,0,30,2,200,1,1,10,2,0,0,0,16,0,0,24,0,0,0,0,200,200
359298,0,30,0,0,0,1,12,5,0,0,200,21,200,0,200,200,4,200,200,200,200
359298,0,30,0,0,0,1,12,5,0,0,200,21,200,0,39,0,0,0,0,200,200
359298,1,30,0,0,0,1,12,5,0,0,200,21,200,1,200,0,200,200,200,200,200
359298,1,30,0,0,0,1,12,5,0,0,200,21,200,1,200,0,200,200,200,200,200
359306,0,30,0,0,0,1,7,5,0,200,200,0,0,2,200,200,200,200,200,200,200
359312,0,30,0,0,0,1,9,2,0,0,0,200,200,1,56,200,0,5,0,200,200
359312,5,30,0,0,0,1,9,2,0,0,0,200,200,1,9,7,12,200,7,200,200
359312,1,30,0,0,0,1,9,2,0,0,0,200,200,1,76,200,200,200,200,200,200
359316,0,30,2,2,0,1,9,5,0,0,0,200,200,1,48,0,0,0,0,200,200
359316,5,30,2,2,0,1,9,5,0,0,0,200,200,1,9,7,0,0,0,200,200
359317,0,30,0,0,2,0,7,6,0,1,0,200,200,2,200,200,200,200,200,200,200
359332,0,30,0,0,0,1,7,5,0,0,0,0,13,0,35,200,6,200,200,200,200
359333,0,30,0,0,1,1,7,2,0,0,0,0,0,0,32,0,12,0,0,200,200
359336,0,30,0,0,200,3,7,6,0,1,0,0,200,2,200,200,200,200,200,200,200
359349,4,30,0,0,0,1,8,7,0,0,0,0,200,0,200,2,200,200,200,200,200
359349,0,30,0,0,0,1,8,7,0,0,0,0,200,1,57,0,200,0,0,200,200
359350,0,35,200,200,2,1,14,5,0,200,200,0,200,0,24,200,200,200,200,200,200
359350,0,35,200,200,2,1,14,5,0,200,200,0,200,1,31,200,200,200,200,200,200
359352,0,30,0,0,0,1,10,5,2,0,0,200,200,0,28,200,0,0,0,200,200
359352,0,30,0,0,0,1,10,5,2,0,0,200,200,0,62,200,0,200,0,200,200
359352,1,30,0,0,0,1,10,5,2,0,0,200,200,0,35,200,200,200,200,200,200
359352,1,30,0,0,0,1,10,5,2,0,0,200,200,0,69,200,200,200,200,200,200
359361,0,30,0,0,0,1,7,5,0,0,0,17,200,1,57,200,0,200,0,200,200
359365,0,30,0,0,0,1,7,6,0,0,0,0,200,1,200,200,12,200,200,200,200
359367,0,30,200,200,0,1,0,5,0,0,200,0,200,0,200,200,200,200,200,200,200
359367,0,30,200,200,0,1,0,5,0,0,200,0,200,0,24,200,200,200,0,200,200
359369,0,15,0,0,0,1,7,12,0,0,0,0,0,0,54,0,10,0,0,200,200
359376,0,30,0,0,0,1,0,0,0,0,0,200,200,0,200,200,0,200,200,200,200
359376,0,30,0,0,0,1,0,0,0,0,0,200,200,0,47,0,0,0,0,200,200
359376,1,30,0,0,0,1,0,0,0,0,0,200,200,1,200,0,200,200,200,200,200
359379,0,30,0,0,1,1,0,2,0,0,0,17,16,0,23,0,1,0,0,200,200
359379,0,30,0,0,1,1,0,2,0,0,0,17,16,1,38,0,0,0,0,200,200
359379,1,30,0,0,1,1,0,2,0,0,0,17,16,1,20,0,200,200,200,200,200
359379,1,30,0,0,1,1,0,2,0,0,0,17,16,0,38,5,200,200,200,200,200
359379,1,30,0,0,1,1,0,2,0,0,0,17,16,1,3,5,200,200,200,200,200
359381,0,30,1,2,1,1,10,2,0,0,0,0,0,0,200,200,1,200,200,200,200
359381,0,30,1,2,1,1,10,2,0,0,0,0,0,0,0,0,0,0,0,200,200
359384,0,20,0,0,0,1,10,2,0,0,0,18,22,2,200,200,200,200,200,200,200
359384,0,20,0,0,0,1,10,2,0,0,0,18,22,0,68,200,0,0,0,200,200
359388,0,30,2,2,0,1,14,5,0,0,0,17,200,1,200,0,3,0,0,200,200
359388,0,30,2,2,0,1,14,5,0,0,0,17,200,0,28,0,0,0,0,200,200
359389,0,15,0,0,0,1,7,5,0,0,0,0,200,2,200,200,200,200,200,200,200
359391,0,35,0,0,2,1,12,6,0,0,200,0,200,1,200,200,8,200,0,200,200
359391,0,35,0,0,2,1,12,6,0,0,200,0,200,1,72,0,0,0,0,200,200
359391,1,35,0,0,2,1,12,6,0,0,200,0,200,0,21,0,200,200,200,200,200
359399,0,30,0,0,0,1,14,5,0,0,0,22,200,0,56,0,2,0,0,200,200
359399,0,30,0,0,0,1,14,5,0,0,0,22,200,0,53,7,0,0,0,200,200
359406,0,30,0,0,0,1,12,2,0,0,0,17,0,1,200,200,2,200,200,200,200
359406,0,30,0,0,0,1,12,2,0,0,0,17,0,0,58,0,0,0,0,200,200
359407,0,30,1,2,2,1,10,5,0,1,200,18,0,0,200,200,3,200,200,200,200
359407,0,30,1,2,2,1,10,5,0,1,200,18,0,0,24,0,0,0,0,200,200
359410,0,30,1,200,0,1,14,1,0,1,200,0,0,0,21,0,12,200,200,200,200
359410,0,30,1,200,0,1,14,1,0,1,200,0,0,0,50,200,200,200,200,200,200
359415,0,30,3,12,0,1,7,2,0,0,0,22,0,0,200,200,2,200,200,200,200
359415,1,30,3,12,0,1,7,2,0,0,0,22,0,0,200,200,200,200,200,200,200
359430,0,10,0,0,0,1,7,7,0,0,0,0,0,2,200,200,200,200,200,200,200
359432,0,30,0,0,0,1,14,5,0,0,0,200,200,1,200,200,0,200,200,200,200
359432,0,30,0,0,0,1,14,5,0,0,0,200,200,0,27,7,0,0,0,200,200
359434,0,25,0,0,0,1,14,5,0,0,0,23,0,0,42,0,12,0,0,200,200
359434,0,25,0,0,0,1,14,5,0,0,0,23,0,0,50,0,0,0,0,200,200
359435,0,30,200,200,1,1,14,5,0,200,200,0,0,0,57,200,200,200,200,200,200
359435,0,30,200,200,1,1,14,5,0,200,200,0,0,1,28,0,0,0,0,200,200
359446,0,30,0,0,0,1,10,2,0,0,0,0,200,0,28,0,0,0,0,200,200
359446,0,30,0,0,0,1,10,2,0,0,0,0,200,1,29,0,4,0,0,200,200
359446,1,30,0,0,0,1,10,2,0,0,0,0,200,1,200,0,200,200,200,200,200
359448,0,30,0,0,0,1,0,5,0,0,0,200,200,1,67,0,0,0,0,200,200
359448,0,30,0,0,0,1,0,5,0,0,0,200,200,0,46,0,0,0,0,200,200
359449,0,30,0,0,0,1,0,2,0,0,0,11,200,0,18,200,6,200,0,200,200
359449,0,30,0,0,0,1,0,2,0,0,0,11,200,1,32,200,0,200,0,200,200
359450,0,30,0,0,0,1,7,5,0,0,0,33,33,0,67,0,12,12,0,200,200
359452,0,30,1,2,0,3,12,2,0,0,0,0,200,1,200,200,12,200,200,200,200
359452,0,30,1,2,0,3,12,2,0,0,0,0,200,0,32,0,0,0,0,200,200
359453,0,30,0,0,0,1,2,6,0,0,0,200,200,0,200,200,200,200,200,200,200
359458,0,25,1,2,1,1,9,7,0,1,0,8,200,1,200,200,200,200,200,200,200
359458,5,25,1,2,1,1,9,7,0,1,0,8,200,1,35,200,200,200,5,200,200
359458,1,25,1,2,1,1,9,7,0,1,0,8,200,1,200,200,200,200,200,200,200
359458,1,25,1,2,1,1,9,7,0,1,0,8,200,1,200,200,200,200,200,200,200
359458,1,25,1,2,1,1,9,7,0,1,0,8,200,200,200,200,200,200,200,200,200
359458,1,25,1,2,1,1,9,7,0,1,0,8,200,200,200,200,200,200,200,200,200
359460,0,30,0,0,1,1,2,6,0,0,0,20,0,0,200,0,200,0,0,200,200
359460,1,30,0,0,1,1,2,6,0,0,0,20,0,0,200,0,200,200,200,200,200
359461,0,30,0,0,0,1,12,5,0,0,0,0,200,1,34,0,200,0,0,200,200
359461,0,30,0,0,0,1,12,5,0,0,0,0,200,0,31,0,200,0,0,200,200
359461,1,30,0,0,0,1,12,5,0,0,0,0,200,0,200,0,200,200,200,200,200
359461,1,30,0,0,0,1,12,5,0,0,0,0,200,0,200,0,200,200,200,200,200
359461,1,30,0,0,0,1,12,5,0,0,0,0,200,1,200,0,200,200,200,200,200