RD_NO,PERSON_TYPE,POSTED_SPEED_LIMIT,TRAFFIC_CONTROL_DEVICE,DEVICE_CONDITION,WEATHER_CONDITION,LIGHTING_CONDITION,FIRST_CRASH_TYPE,TRAFFICWAY_TYPE,ALIGNMENT,ROADWAY_SURFACE_COND,ROAD_DEFECT,PRIM_CONTRIBUTORY_CAUSE,SEC_CONTRIBUTORY_CAUSE,SEX,AGE,SAFETY_EQUIPMENT,DRIVER_ACTION,DRIVER_VISION,PHYSICAL_CONDITION,BAC_RESULT VALUE,CELL_PHONE_USE
359461,1,30,0,0,0,1,12,5,0,0,0,0,200,1,200,0,200,200,200,200,200
359461,1,30,0,0,0,1,12,5,0,0,0,0,200,1,200,0,200,200,200,200,200
359464,0,30,0,2,2,1,10,5,0,1,0,18,200,1,21,200,3,0,0,200,200
359464,0,30,0,2,2,1,10,5,0,1,0,18,200,1,71,0,0,0,0,200,200
359464,1,30,0,2,2,1,10,5,0,1,0,18,200,0,20,200,200,200,200,200,200
359464,1,30,0,2,2,1,10,5,0,1,0,18,200,0,79,0,200,200,200,200,200
359469,0,30,1,2,0,1,10,5,0,0,0,0,0,0,200,200,200,200,200,200,200
359469,0,30,1,2,0,1,10,5,0,0,0,0,0,1,47,0,0,0,0,200,200
359473,0,30,2,2,0,1,14,5,0,0,0,17,200,1,53,200,1,0,0,200,200
359473,0,30,2,2,0,1,14,5,0,0,0,17,200,1,30,200,0,0,0,200,200
359476,0,30,1,200,0,1,8,2,0,200,200,25,0,1,200,200,12,200,200,200,200
359476,4,30,1,200,0,1,8,2,0,200,200,25,0,0,53,200,12,200,0,200,200
359478,0,30,0,0,0,1,7,6,0,0,0,11,20,2,200,200,6,200,200,200,200
359480,0,30,0,0,0,1,12,3,0,0,0,0,200,1,200,200,1,0,0,200,200
359480,0,30,0,0,0,1,12,3,0,0,0,0,200,1,63,0,0,0,0,200,200
359480,1,30,0,0,0,1,12,3,0,0,0,0,200,1,31,0,200,200,200,200,200
359480,1,30,0,0,0,1,12,3,0,0,0,0,200,2,200,5,200,200,200,200,200
359480,1,30,0,0,0,1,12,3,0,0,0,0,200,2,200,0,200,200,200,200,200
359481,0,30,0,0,0,1,7,7,0,0,0,0,200,2,200,200,200,200,200,200,200
359485,0,30,1,2,0,1,12,5,0,0,0,21,0,1,200,200,2,200,200,200,200
359485,0,30,1,2,0,1,12,5,0,0,0,21,0,1,54,0,0,0,0,200,200
359488,0,30,0,0,2,0,2,5,0,1,0,16,25,1,33,200,12,0,5,0.19,200
359488,1,30,0,0,2,0,2,5,0,1,0,16,25,0,200,200,200,200,200,200,200
359490,0,30,1,2,2,1,10,2,0,1,0,16,0,0,200,200,200,0,200,200,200
359490,0,30,1,2,2,1,10,2,0,1,0,16,0,1,47,0,0,0,0,200,200
359490,1,30,1,2,2,1,10,2,0,1,0,16,0,0,39,0,200,200,200,200,200
359493,0,30,0,0,0,1,0,5,0,0,0,17,200,0,200,0,1,0,0,200,200
359493,0,30,0,0,0,1,0,5,0,0,0,17,200,1,36,0,0,0,0,200,200
359495,0,30,0,0,1,1,14,5,0,1,0,17,21,0,32,0,1,0,0,200,200
359495,0,30,0,0,1,1,14,5,0,1,0,17,21,0,46,7,0,0,0,200,200
359495,1,30,0,0,1,1,14,5,0,1,0,17,21,0,33,0,200,200,200,200,200
359495,1,30,0,0,1,1,14,5,0,1,0,17,21,1,29,0,200,200,200,200,200
359495,1,30,0,0,1,1,14,5,0,1,0,17,21,1,39,0,200,200,200,200,200
359497,0,35,2,12,0,1,7,6,0,0,0,22,0,0,43,0,2,0,0,200,200
359497,1,35,2,12,0,1,7,6,0,0,0,22,0,0,50,0,200,200,200,200,200
359500,0,30,0,0,0,1,12,5,0,0,0,21,200,1,28,0,4,0,0,200,200
359500,0,30,0,0,0,1,12,5,0,0,0,21,200,0,50,0,0,0,0,200,200
359500,1,30,0,0,0,1,12,5,0,0,0,21,200,1,200,0,200,200,200,200,200
359500,1,30,0,0,0,1,12,5,0,0,0,21,200,0,200,0,200,200,200,200,200
359500,1,30,0,0,0,1,12,5,0,0,0,21,200,200,200,0,200,200,200,200,200
359501,0,30,1,2,2,0,10,3,0,1,0,0,0,1,31,0,200,200,200,200,200
359501,0,30,1,2,2,0,10,3,0,1,0,0,0,1,54,200,200,200,200,200,200
359501,1,30,1,2,2,0,10,3,0,1,0,0,0,0,200,200,200,200,200,200,200
359506,0,30,2,2,2,1,0,5,0,1,0,5,5,1,28,0,1,0,0,200,200
359506,0,30,2,2,2,1,0,5,0,1,0,5,5,1,41,0,0,0,0,200,200
359512,0,30,2,2,0,1,0,5,0,1,0,17,16,1,38,0,1,0,0,200,200
359512,0,30,2,2,0,1,0,5,0,1,0,17,16,0,32,200,0,200,0,200,200
359512,1,30,2,2,0,1,0,5,0,1,0,17,16,0,200,0,200,200,200,200,200
359515,0,30,0,0,0,1,10,6,0,0,0,18,200,0,42,200,3,200,200,200,200
359515,0,30,0,0,0,1,10,6,0,0,0,18,200,0,23,0,0,0,0,200,200
359515,1,30,0,0,0,1,10,6,0,0,0,18,200,1,200,0,200,200,200,200,200
359516,0,30,0,0,0,1,10,5,0,0,200,0,200,0,200,200,200,200,200,200,200
359516,0,30,0,0,0,1,10,5,0,0,200,0,200,0,50,200,200,200,0,200,200
359524,0,35,0,0,2,0,2,5,0,1,1,29,28,0,30,0,0,0,0,200,200
359525,0,10,0,0,0,1,7,5,0,0,0,0,0,0,54,0,200,0,0,200,200
359525,1,10,0,0,0,1,7,5,0,0,0,0,0,1,41,0,200,200,200,200,200
359525,1,10,0,0,0,1,7,5,0,0,0,0,0,0,7,0,200,200,200,200,200
359525,1,10,0,0,0,1,7,5,0,0,0,0,0,1,5,0,200,200,200,200,200
359525,1,10,0,0,0,1,7,5,0,0,0,0,0,0,87,0,200,200,200,200,200
359525,1,10,0,0,0,1,7,5,0,0,0,0,0,1,83,0,200,200,200,200,200
359525,1,10,0,0,0,1,7,5,0,0,0,0,0,0,67,1,200,200,200,200,200
359527,0,30,0,0,0,0,10,12,0,0,0,20,0,0,200,200,6,200,200,200,200
359527,0,30,0,0,0,0,10,12,0,0,0,20,0,1,29,0,0,0,0,200,200
359533,0,30,0,0,0,1,14,5,0,0,0,23,0,1,58,200,7,200,0,200,200
359533,0,30,0,0,0,1,14,5,0,0,0,23,0,1,57,200,0,0,0,200,200
359533,1,30,0,0,0,1,14,5,0,0,0,23,0,0,57,200,200,200,200,200,200
359535,0,30,0,3,0,1,14,5,0,0,0,17,0,1,27,0,1,0,0,200,200
359535,0,30,0,3,0,1,14,5,0,0,0,17,0,0,45,0,0,0,0,200,200
359537,0,30,0,0,0,1,10,200,0,0,0,200,200,1,29,0,0,4,0,200,200
359537,0,30,0,0,0,1,10,200,0,0,0,200,200,0,41,0,0,0,0,200,200
359537,1,30,0,0,0,1,10,200,0,0,0,200,200,1,200,0,200,200,200,200,200
359539,0,20,0,0,0,1,10,6,0,3,0,200,200,1,24,200,200,200,0,200,200
359539,0,20,0,0,0,1,10,6,0,3,0,200,200,0,26,0,200,200,0,200,200
359541,0,30,0,0,0,1,10,5,0,0,200,18,200,0,19,0,3,0,0,200,200
359541,0,30,0,0,0,1,10,5,0,0,200,18,200,1,32,0,0,0,0,200,200
359541,1,30,0,0,0,1,10,5,0,0,200,18,200,1,52,0,200,200,200,200,200
359542,0,30,0,0,0,1,7,5,0,0,0,0,0,2,200,200,200,200,200,200,200
359542,1,30,0,0,0,1,7,5,0,0,0,0,0,0,61,200,200,200,200,200,200
359542,1,30,0,0,0,1,7,5,0,0,0,0,0,1,46,200,200,200,200,200,200
359542,1,30,0,0,0,1,7,5,0,0,0,0,0,1,200,200,200,200,200,200,200
359542,1,30,0,0,0,1,7,5,0,0,0,0,0,1,200,200,200,200,200,200,200
359543,0,30,200,0,0,1,14,5,0,0,200,0,200,0,25,200,200,200,0,200,200
359543,0,30,200,0,0,1,14,5,0,0,200,0,200,1,53,200,200,200,0,200,200
359545,0,30,2,2,0,1,0,3,0,0,0,17,0,0,40,0,1,0,0,200,200
359545,0,30,2,2,0,1,0,3,0,0,0,17,0,0,31,0,0,0,0,200,200
359545,1,30,2,2,0,1,0,3,0,0,0,17,0,0,29,0,200,200,200,200,200
359545,1,30,2,2,0,1,0,3,0,0,0,17,0,1,30,0,200,200,200,200,200
359545,1,30,2,2,0,1,0,3,0,0,0,17,0,1,29,0,200,200,200,200,200
359545,1,30,2,2,0,1,0,3,0,0,0,17,0,0,1,5,200,200,200,200,200
359546,0,30,1,2,1,1,10,5,0,200,200,0,200,2,200,200,200,200,200,200,200
359546,0,30,1,2,1,1,10,5,0,200,200,0,200,0,73,0,200,200,0,200,200
359547,0,15,0,0,0,1,7,6,0,0,0,23,200,0,38,0,7,0,0,200,200
359557,0,30,0,0,0,1,7,5,0,200,200,0,200,2,200,200,200,200,200,200,200
359559,0,30,0,0,0,1,7,6,0,0,12,200,200,1,60,0,0,0,0,200,200
359568,0,30,1,2,0,1,10,5,0,0,0,16,7,0,31,200,3,0,200,200,200
359568,0,30,1,2,0,1,10,5,0,0,0,16,7,0,51,0,0,0,0,200,200
359572,0,30,0,0,2,1,10,5,0,1,200,0,0,0,200,200,200,200,200,200,200
359572,0,30,0,0,2,1,10,5,0,1,200,0,0,0,23,0,0,200,200,200,200
359578,0,25,0,0,200,200,0,5,0,200,200,17,200,0,200,200,1,200,200,200,200
359578,0,25,0,0,200,200,0,5,0,200,200,17,200,1,41,0,0,0,0,200,200
359579,0,30,1,2,0,1,9,2,0,0,0,20,20,0,35,200,6,200,0,200,200
359579,5,30,1,2,0,1,9,2,0,0,0,20,20,1,60,7,0,0,0,200,200
359582,0,30,1,2,1,1,14,2,0,0,0,0,0,1,20,200,0,200,0,200,200
359582,0,30,1,2,1,1,14,2,0,0,0,0,0,0,23,200,0,200,0,200,200
359582,1,30,1,2,1,1,14,2,0,0,0,0,0,1,200,200,200,200,200,200,200
359584,0,30,0,0,0,1,7,7,0,0,0,200,200,0,17,0,0,0,0,200,200
359584,1,30,0,0,0,1,7,7,0,0,0,200,200,0,200,7,200,200,200,200,200
359584,1,30,0,0,0,1,7,7,0,0,0,200,200,0,200,0,200,200,200,200,200
359585,0,15,0,0,0,1,14,7,0,1,0,17,16,1,27,0,1,0,0,200,200
359585,0,15,0,0,0,1,14,7,0,1,0,17,16,0,25,200,0,200,0,200,200
359585,1,15,0,0,0,1,14,7,0,1,0,17,16,1,200,0,200,200,200,200,200
359585,1,15,0,0,0,1,14,7,0,1,0,17,16,0,200,5,200,200,200,200,200
359585,1,15,0,0,0,1,14,7,0,1,0,17,16,1,200,0,200,200,200,200,200
359585,1,15,0,0,0,1,14,7,0,1,0,17,16,0,200,5,200,200,200,200,200
359586,0,30,0,0,0,1,10,5,0,0,0,18,200,0,17,0,3,0,0,200,200
359586,0,30,0,0,0,1,10,5,0,0,0,18,200,0,22,0,0,0,0,200,200
359586,1,30,0,0,0,1,10,5,0,0,0,18,200,1,200,0,200,200,200,200,200
359589,0,10,0,0,0,1,10,7,0,0,200,0,0,0,200,200,200,200,200,200,200
359589,0,10,0,0,0,1,10,7,0,0,200,0,0,0,0,0,200,0,200,200,200
359590,0,25,1,2,1,3,10,5,0,0,0,8,200,0,51,0,3,0,0,200,200
359590,0,25,1,2,1,3,10,5,0,0,0,8,200,1,35,0,0,0,0,200,200
359590,1,25,1,2,1,3,10,5,0,0,0,8,200,1,28,0,200,200,200,200,200
359601,0,30,0,0,1,1,2,6,0,200,200,14,11,1,36,200,12,200,200,200,200
359603,0,30,1,2,0,1,14,5,0,0,0,17,200,0,52,200,1,0,0,200,200
359603,0,30,1,2,0,1,14,5,0,0,0,17,200,0,40,200,0,0,0,200,200
359604,0,30,0,0,0,1,14,5,0,0,0,17,17,1,58,200,1,0,12,200,200
359604,0,30,0,0,0,1,14,5,0,0,0,17,17,0,40,0,0,0,0,200,200
359604,1,30,0,0,0,1,14,5,0,0,0,17,17,1,34,0,200,200,200,200,200
359605,0,35,0,0,0,1,7,7,0,0,200,0,200,1,200,200,200,0,0,200,200
359606,0,30,0,0,0,1,7,0,0,0,0,0,0,2,200,200,200,200,200,200,200
359610,0,30,0,0,0,1,7,2,0,0,0,200,23,0,47,200,200,200,0,200,200
359622,0,30,1,2,0,4,10,5,0,1,0,18,8,0,65,0,3,0,0,200,200
359622,0,30,1,2,0,4,10,5,0,1,0,18,8,1,39,0,0,0,0,200,200
359624,0,30,0,0,0,1,12,6,0,0,200,11,200,1,32,200,10,200,200,200,200
359624,0,30,0,0,0,1,12,6,0,0,200,11,200,0,55,0,0,200,0,200,200
359628,0,30,1,2,0,4,14,5,0,0,0,11,0,0,62,0,8,0,0,200,200
359628,0,30,1,2,0,4,14,5,0,0,0,11,0,0,26,0,0,0,0,200,200
359638,0,30,0,0,0,1,12,2,0,0,0,17,200,1,45,200,1,200,200,200,200
359638,0,30,0,0,0,1,12,2,0,0,0,17,200,0,43,200,200,200,0,200,200
359638,1,30,0,0,0,1,12,2,0,0,0,17,200,0,10,200,200,200,200,200,200
359638,1,30,0,0,0,1,12,2,0,0,0,17,200,1,39,200,200,200,200,200,200
359638,1,30,0,0,0,1,12,2,0,0,0,17,200,0,5,200,200,200,200,200,200
359638,1,30,0,0,0,1,12,2,0,0,0,17,200,0,9,200,200,200,200,200,200
359639,0,30,0,0,0,2,14,2,0,0,0,17,0,0,44,0,7,0,0,200,200
359639,0,30,0,0,0,2,14,2,0,0,0,17,0,1,21,0,12,0,0,200,200
359643,0,30,1,2,1,1,14,5,0,200,200,0,200,2,200,200,200,200,200,200,200
359643,0,30,1,2,1,1,14,5,0,200,200,0,200,1,30,200,200,200,0,200,200
359643,1,30,1,2,1,1,14,5,0,200,200,0,200,0,30,200,200,200,200,200,200
359643,1,30,1,2,1,1,14,5,0,200,200,0,200,0,0,200,200,200,200,200,200
359649,0,30,0,0,0,4,7,6,0,0,0,0,200,0,61,0,10,0,0,200,200
359657,0,30,0,0,0,4,7,7,0,0,0,20,200,0,200,200,6,200,200,200,200
359660,0,15,0,0,0,1,7,200,0,0,0,0,0,0,200,200,200,200,200,200,200
359671,0,30,1,2,2,4,14,5,0,1,0,0,0,0,40,2,200,0,0,200,200
359671,0,30,1,2,2,4,14,5,0,1,0,0,0,0,39,0,0,0,0,200,200
359677,0,30,0,0,0,1,12,5,0,0,200,21,200,0,42,200,4,200,0,200,200
359677,0,30,0,0,0,1,12,5,0,0,200,21,200,0,63,200,0,200,0,200,200
359680,0,30,0,0,1,3,14,2,0,0,0,22,200,0,23,200,2,200,0,200,200
359680,0,30,0,0,1,3,14,2,0,0,0,22,200,0,29,200,0,200,0,200,200
359680,1,30,0,0,1,3,14,2,0,0,0,22,200,1,24,200,200,200,200,200,200
359681,0,30,1,2,1,1,10,5,0,0,0,6,17,0,200,200,8,0,0,200,200
359681,0,30,1,2,1,1,10,5,0,0,0,6,17,0,23,0,0,0,0,200,200
359681,0,30,1,2,1,1,10,5,0,0,0,6,17,2,200,200,2,200,200,200,200
359690,0,35,0,0,0,3,5,5,0,0,0,11,200,1,16,200,200,0,0,200,200
359691,0,30,0,0,0,3,14,5,0,0,0,0,200,0,54,200,12,200,0,200,200
359691,0,30,0,0,0,3,14,5,0,0,0,0,200,0,47,200,200,200,0,200,200
359691,1,30,0,0,0,3,14,5,0,0,0,0,200,1,51,200,200,200,200,200,200
359695,0,30,0,0,0,3,2,5,0,0,0,0,200,0,200,200,12,200,200,200,200
359696,0,35,200,200,0,4,10,2,0,0,0,18,0,1,200,200,3,200,200,200,200
359696,0,35,200,200,0,4,10,2,0,0,0,18,0,1,65,0,0,200,0,200,200
359699,0,30,0,0,200,3,2,7,0,200,200,16,200,1,42,0,12,12,0,200,200
359699,1,30,0,0,200,3,2,7,0,200,200,16,200,0,33,0,200,200,200,200,200
359699,1,30,0,0,200,3,2,7,0,200,200,16,200,1,5,5,200,200,200,200,200
359699,1,30,0,0,200,3,2,7,0,200,200,16,200,0,1,5,200,200,200,200,200
359699,1,30,0,0,200,3,2,7,0,200,200,16,200,200,200,0,200,200,200,200,200
359700,0,30,2,2,0,3,14,5,0,0,0,23,22,0,40,200,2,0,200,200,200
359700,0,30,2,2,0,3,14,5,0,0,0,23,22,0,20,200,12,0,200,200,200
359703,0,30,0,0,2,3,0,5,0,1,0,17,0,0,31,0,1,0,0,200,200
359703,0,30,0,0,2,3,0,5,0,1,0,17,0,0,32,0,14,0,0,200,200
359705,0,35,1,2,0,1,10,5,0,0,0,20,200,0,200,200,6,200,200,200,200
359705,0,35,1,2,0,1,10,5,0,0,0,20,200,1,34,0,0,0,0,200,200
359708,0,30,0,0,0,3,7,5,0,0,0,0,0,2,200,200,200,200,200,200,200
359712,0,30,0,0,2,3,10,5,0,1,0,18,12,0,34,200,3,200,200,200,200
359712,0,30,0,0,2,3,10,5,0,1,0,18,12,0,57,0,0,0,0,200,200
359712,1,30,0,0,2,3,10,5,0,1,0,18,12,1,54,0,200,200,200,200,200
359717,0,30,1,2,0,1,12,2,0,0,0,21,0,1,37,0,200,0,0,200,200
359717,0,30,1,2,0,1,12,2,0,0,0,21,0,2,200,200,7,200,200,200,200
359719,0,30,0,0,2,3,10,5,0,1,0,18,200,0,200,200,3,200,200,200,200
359719,0,30,0,0,2,3,10,5,0,1,0,18,200,1,31,0,0,200,0,200,200
359727,0,30,2,2,2,3,12,5,0,1,0,22,11,0,32,7,2,0,0,200,200
359727,0,30,2,2,2,3,12,5,0,1,0,22,11,0,31,0,0,0,0,200,200
359727,1,30,2,2,2,3,12,5,0,1,0,22,11,0,16,0,200,200,200,200,200
359733,0,25,1,2,2,3,14,8,0,1,0,23,200,1,38,0,7,0,0,200,200
359733,0,25,1,2,2,3,14,8,0,1,0,23,200,0,28,0,0,0,0,200,200
359735,0,30,1,2,0,3,10,5,0,0,0,18,200,0,28,200,3,200,0,200,200
359735,0,30,1,2,0,3,10,5,0,0,0,18,200,0,22,200,0,200,200,200,200
359735,1,30,1,2,0,3,10,5,0,0,0,18,200,0,200,200,200,200,200,200,200
359735,1,30,1,2,0,3,10,5,0,0,0,18,200,1,200,200,200,200,200,200,200
359739,0,35,1,3,0,3,10,2,0,1,0,16,0,0,63,0,3,0,0,200,200
359739,0,35,1,3,0,3,10,2,0,1,0,16,0,0,25,0,0,0,0,200,200
359739,0,35,1,3,0,3,10,2,0,1,0,16,0,0,57,0,0,0,0,200,200
359739,1,35,1,3,0,3,10,2,0,1,0,16,0,1,59,0,200,200,200,200,200
359739,1,35,1,3,0,3,10,2,0,1,0,16,0,1,14,0,200,200,200,200,200
359740,0,30,0,0,2,3,12,5,0,1,0,21,200,0,45,0,12,200,0,200,200
359740,0,30,0,0,2,3,12,5,0,1,0,21,200,0,44,0,0,200,0,200,200
359744,0,30,1,2,2,3,14,5,0,1,0,17,200,0,200,200,1,200,200,200,200
359744,0,30,1,2,2,3,14,5,0,1,0,17,200,1,20,0,0,0,0,200,200
359745,0,25,1,2,0,3,9,5,0,0,0,6,3,0,46,0,0,0,0,200,200
359745,5,25,1,2,0,3,9,5,0,0,0,6,3,0,35,7,5,0,0,200,200
359755,0,30,200,200,0,3,0,5,0,0,0,33,0,0,21,200,1,1,0,200,200
359755,0,30,200,200,0,3,0,5,0,0,0,33,0,1,48,0,0,200,0,200,200
359766,0,30,12,200,0,3,11,3,0,0,200,10,200,0,18,200,9,200,200,200,200
359766,0,30,12,200,0,3,11,3,0,0,200,10,200,0,38,200,200,200,200,200,200
359766,1,30,12,200,0,3,11,3,0,0,200,10,200,200,200,200,200,200,200,200,200
359767,0,35,0,0,2,3,7,5,0,1,0,11,34,1,200,200,8,200,200,200,200
359770,0,30,2,2,0,3,0,5,0,0,0,5,0,0,38,200,5,200,0,200,200
359770,0,30,2,2,0,3,0,5,0,0,0,5,0,0,20,200,0,200,0,200,200
359783,0,30,0,0,0,1,7,6,0,0,0,22,21,2,200,200,2,200,200,200,200
359786,0,30,0,0,1,0,12,2,3,1,200,21,200,0,27,200,200,200,200,200,200
359786,0,30,0,0,1,0,12,2,3,1,200,21,200,0,34,0,0,0,0,200,200
359800,0,25,4,2,0,3,14,8,0,1,0,32,0,1,28,200,1,0,0,200,200
359800,0,25,4,2,0,3,14,8,0,1,0,32,0,1,50,200,0,0,0,200,200
359806,0,30,1,2,0,3,10,5,0,0,0,16,17,1,200,200,3,200,200,200,200
359806,0,30,1,2,0,3,10,5,0,0,0,16,17,1,42,0,0,0,0,200,200
359809,0,30,1,2,12,3,3,1,0,1,0,25,16,0,200,200,5,200,200,200,200
359809,0,30,1,2,12,3,3,1,0,1,0,25,16,0,47,0,0,0,0,200,200
359813,0,30,1,2,2,3,14,5,0,1,0,17,0,0,59,0,1,0,0,200,200
359813,0,30,1,2,2,3,14,5,0,1,0,17,0,1,26,0,0,0,0,200,200
359818,0,30,200,2,0,0,0,7,0,0,0,20,0,0,30,0,6,0,0,200,200
359818,0,30,200,2,0,0,0,7,0,0,0,20,0,0,200,200,200,200,200,200,200
359823,0,30,0,0,2,3,7,6,0,1,0,200,200,2,200,200,200,200,200,200,200
359827,0,35,1,2,2,3,14,5,0,1,0,11,34,1,200,200,200,200,200,200,200
359827,0,35,1,2,2,3,14,5,0,1,0,11,34,0,29,0,0,0,0,200,200
359828,0,30,0,0,12,200,7,7,5,200,0,0,0,2,200,200,8,200,200,200,200
359832,0,35,2,2,0,3,0,12,0,1,0,5,200,0,23,200,1,0,0,200,200
359832,0,35,2,2,0,3,0,12,0,1,0,5,200,0,39,200,0,0,0,200,200
359833,0,30,0,0,2,3,7,6,0,1,0,0,200,0,37,0,12,0,0,200,200
359834,0,30,1,2,0,0,14,5,0,1,0,0,17,0,25,200,1,200,0,200,200
359834,0,30,1,2,0,0,14,5,0,1,0,0,17,1,28,200,200,0,0,200,200
359839,0,50,12,12,2,3,14,5,0,1,200,18,11,1,29,200,3,200,200,200,200
359839,0,50,12,12,2,3,14,5,0,1,200,18,11,1,18,200,0,200,200,200,200
359841,0,30,0,0,0,1,10,5,0,0,0,18,200,0,28,200,3,200,200,200,200
359841,0,30,0,0,0,1,10,5,0,0,0,18,200,0,63,0,0,0,0,200,200
359843,0,30,1,2,0,3,10,5,0,0,0,18,18,1,200,200,1,200,200,200,200
359843,0,30,1,2,0,3,10,5,0,0,0,18,18,1,39,0,0,0,0,200,200
359848,0,30,0,0,2,3,0,5,0,1,0,17,200,0,46,0,1,4,0,200,200
359848,0,30,0,0,2,3,0,5,0,1,0,17,200,0,19,0,0,4,0,200,200
359852,0,30,1,2,2,3,10,6,0,1,0,18,200,0,53,200,3,200,0,200,200
359852,0,30,1,2,2,3,10,6,0,1,0,18,200,0,200,200,0,200,200,200,200
359857,0,30,0,0,2,0,10,7,0,1,0,0,0,1,200,200,3,200,200,200,200
359857,0,30,0,0,2,0,10,7,0,1,0,0,0,0,37,200,0,0,0,200,200
359860,0,30,1,2,200,200,10,2,0,200,200,200,200,2,200,200,200,200,200,200,200
359860,0,30,1,2,200,200,10,2,0,200,200,200,200,0,38,200,200,200,0,200,200
359863,0,30,0,0,2,3,2,5,0,0,12,200,200,1,55,200,0,0,0,200,200
359865,0,30,1,2,2,3,10,5,0,1,0,18,200,0,41,200,3,200,0,200,200
359865,0,30,1,2,2,3,10,5,0,1,0,18,200,0,23,200,0,0,0,200,200
359872,0,30,1,200,0,3,10,2,0,200,0,18,16,0,36,200,3,200,200,200,200
359872,0,30,1,200,0,3,10,2,0,200,0,18,16,0,57,0,0,0,0,200,200
359881,0,35,0,0,2,3,7,12,0,1,200,16,0,1,46,200,200,200,0,200,200
359881,1,35,0,0,2,3,7,12,0,1,200,16,0,200,200,200,200,200,200,200,200
359884,0,35,0,0,200,1,10,5,0,200,200,11,18,1,200,200,3,200,200,200,200
359884,0,35,0,0,200,1,10,5,0,200,200,11,18,1,29,200,12,200,0,200,200
359890,0,30,1,2,2,3,14,3,0,1,0,34,11,1,36,200,1,0,0,200,200
359890,0,30,1,2,2,3,14,3,0,1,0,34,11,0,23,200,0,0,200,200,200
359892,0,30,2,2,2,3,0,5,0,1,0,17,200,0,52,200,1,200,0,200,200
359892,0,30,2,2,2,3,0,5,0,1,0,17,200,0,63,200,0,200,0,200,200
359893,0,30,1,2,0,3,7,5,0,0,0,14,16,2,200,200,200,200,200,200,200
359895,0,30,1,2,2,3,9,5,0,1,0,200,200,0,25,0,0,0,0,200,200
359895,5,30,1,2,2,3,9,5,0,1,0,200,200,0,29,7,12,0,5,200,200
359898,0,30,200,200,0,3,14,5,0,0,0,23,17,0,31,0,7,0,0,200,200
359898,0,30,200,200,0,3,14,5,0,0,0,23,17,0,31,0,0,0,0,200,200
359899,0,15,0,0,2,3,2,6,0,1,200,0,200,0,200,200,200,200,200,200,200
359900,0,30,0,0,2,1,12,5,0,1,0,0,0,1,19,0,0,0,0,200,200
359900,0,30,0,0,2,1,12,5,0,1,0,0,0,1,46,0,8,200,200,200,200
359901,0,30,0,0,2,3,7,5,0,1,0,20,200,0,49,0,6,200,0,200,200
359903,0,30,0,0,0,0,5,5,0,0,1,0,0,0,27,0,200,200,200,200,200
359906,0,30,0,0,0,3,10,2,0,0,0,20,20,0,34,0,6,0,0,200,200
359906,0,30,0,0,0,3,10,2,0,0,0,20,20,0,30,0,0,0,0,200,200
359908,0,30,0,0,1,0,2,5,0,1,0,0,0,2,200,200,200,200,200,200,200
359913,0,30,0,0,200,3,8,2,0,1,0,0,0,2,200,200,200,200,200,200,200
359913,4,30,0,0,200,3,8,2,0,1,0,0,0,0,56,2,200,200,200,200,200
359917,0,30,1,2,2,3,10,2,0,1,0,32,32,1,28,200,8,200,5,200,200
359917,0,30,1,2,2,3,10,2,0,1,0,32,32,1,33,200,200,200,0,200,200
359917,1,30,1,2,2,3,10,2,0,1,0,32,32,1,200,200,200,200,200,200,200
359917,1,30,1,2,2,3,10,2,0,1,0,32,32,2,200,200,200,200,200,200,200
359917,1,30,1,2,2,3,10,2,0,1,0,32,32,2,200,200,200,200,200,200,200
359917,1,30,1,2,2,3,10,2,0,1,0,32,32,2,200,200,200,200,200,200,200
359922,0,10,0,0,12,200,2,7,0,0,0,20,0,0,36,0,6,200,0,200,200
359922,1,10,0,0,12,200,2,7,0,0,0,20,0,1,46,0,200,200,200,200,200
359922,1,10,0,0,12,200,2,7,0,0,0,20,0,0,27,0,200,200,200,200,200
359924,0,30,1,2,2,3,2,2,0,1,0,0,0,2,200,200,200,200,200,200,200
359924,1,30,1,2,2,3,2,2,0,1,0,0,0,200,200,200,200,200,200,200,200
359924,1,30,1,2,2,3,2,2,0,1,0,0,0,200,200,200,200,200,200,200,200
359924,1,30,1,2,2,3,2,2,0,1,0,0,0,200,200,200,200,200,200,200,200
359933,0,30,1,2,2,3,3,5,0,1,0,27,16,0,0,200,8,200,5,200,200
359933,0,30,1,2,2,3,3,5,0,1,0,27,16,0,49,200,0,0,0,200,200
359933,0,30,1,2,2,3,3,5,0,1,0,27,16,0,49,200,0,0,0,200,200
359933,1,30,1,2,2,3,3,5,0,1,0,27,16,0,22,200,200,200,200,200,200
359933,1,30,1,2,2,3,3,5,0,1,0,27,16,1,45,200,200,200,200,200,200
359934,0,20,200,200,2,3,7,6,0,1,0,0,200,2,200,200,200,200,200,200,200
359937,0,30,1,2,2,3,14,2,0,1,200,17,200,0,200,200,1,200,200,200,200