RD_NO,PERSON_TYPE,POSTED_SPEED_LIMIT,TRAFFIC_CONTROL_DEVICE,DEVICE_CONDITION,WEATHER_CONDITION,LIGHTING_CONDITION,FIRST_CRASH_TYPE,TRAFFICWAY_TYPE,ALIGNMENT,ROADWAY_SURFACE_COND,ROAD_DEFECT,PRIM_CONTRIBUTORY_CAUSE,SEC_CONTRIBUTORY_CAUSE,SEX,AGE,SAFETY_EQUIPMENT,DRIVER_ACTION,DRIVER_VISION,PHYSICAL_CONDITION,BAC_RESULT VALUE,CELL_PHONE_USE
359937,0,30,1,2,2,3,14,2,0,1,200,17,200,0,37,200,0,200,0,200,200
359937,1,30,1,2,2,3,14,2,0,1,200,17,200,200,200,200,200,200,200,200,200
359937,1,30,1,2,2,3,14,2,0,1,200,17,200,200,200,200,200,200,200,200,200
359942,0,30,2,2,2,3,0,5,0,1,200,200,200,2,200,200,5,200,200,200,200
359942,0,30,2,2,2,3,0,5,0,1,200,200,200,0,31,200,0,0,0,200,200
359944,0,30,0,0,2,3,2,3,0,1,200,0,0,2,200,200,200,200,200,200,200
359947,0,35,1,200,2,3,10,6,0,1,200,15,16,1,37,200,8,0,12,200,200
359947,0,35,1,200,2,3,10,6,0,1,200,15,16,1,39,200,200,0,0,200,200
359949,0,30,1,2,2,3,10,3,0,1,0,18,0,0,30,0,3,0,0,200,200
359949,0,30,1,2,2,3,10,3,0,1,0,18,0,1,67,0,0,0,0,200,200
359956,0,30,2,2,12,3,2,6,0,1,3,32,27,0,38,200,200,200,5,0.16,200
359957,0,15,0,0,2,0,7,6,0,1,0,34,200,0,25,200,0,0,200,200,200
359957,1,15,0,0,2,0,7,6,0,1,0,34,200,0,16,200,200,200,200,200,200
359957,1,15,0,0,2,0,7,6,0,1,0,34,200,0,200,200,200,200,200,200,200
359961,0,25,0,200,2,3,14,2,0,1,0,23,25,0,45,200,7,200,200,200,200
359961,0,25,0,200,2,3,14,2,0,1,0,23,25,1,39,200,200,200,200,200,200
359961,1,25,0,200,2,3,14,2,0,1,0,23,25,1,200,200,200,200,200,200,200
359962,0,30,1,200,2,3,14,2,0,1,200,23,21,1,26,200,7,200,200,200,200
359962,0,30,1,200,2,3,14,2,0,1,200,23,21,0,52,200,0,200,0,200,200
359962,1,30,1,200,2,3,14,2,0,1,200,23,21,0,24,200,200,200,200,200,200
359962,1,30,1,200,2,3,14,2,0,1,200,23,21,1,200,200,200,200,200,200,200
359962,1,30,1,200,2,3,14,2,0,1,200,23,21,0,24,200,200,200,200,200,200
359962,1,30,1,200,2,3,14,2,0,1,200,23,21,1,200,200,200,200,200,200,200
359967,0,30,0,0,2,3,7,5,0,1,0,25,32,1,24,200,12,0,5,0.17,200
359971,0,30,0,0,2,3,7,2,0,1,0,14,0,0,200,200,8,200,200,200,200
359973,0,30,0,0,2,3,10,5,0,1,0,0,0,1,200,200,200,200,200,200,200
359973,0,30,0,0,2,3,10,5,0,1,0,0,0,0,32,0,0,0,0,200,200
359973,0,30,0,0,2,3,10,5,0,1,0,0,0,1,19,0,0,0,0,200,200
359980,0,30,1,2,0,3,12,5,0,0,0,17,0,0,68,0,1,0,0,200,200
359980,0,30,1,2,0,3,12,5,0,0,0,17,0,0,44,0,0,0,0,200,200
359982,0,30,0,0,2,3,14,5,0,1,0,23,21,1,33,200,7,0,0,200,200
359982,0,30,0,0,2,3,14,5,0,1,0,23,21,0,20,200,0,0,0,200,200
359992,0,30,2,12,2,3,10,5,0,1,0,18,0,0,200,200,3,200,200,200,200
359992,0,30,2,12,2,3,10,5,0,1,0,18,0,0,57,0,0,0,0,200,200
359992,1,30,2,12,2,3,10,5,0,1,0,18,0,0,200,0,200,200,200,200,200
359993,0,30,1,2,0,3,10,5,0,1,0,18,200,1,200,200,3,200,200,200,200
359993,0,30,1,2,0,3,10,5,0,1,0,18,200,0,43,200,0,200,0,200,200
359993,1,30,1,2,0,3,10,5,0,1,0,18,200,0,200,200,200,200,200,200,200
359997,0,30,1,200,200,3,10,5,0,1,200,0,200,2,200,200,200,200,200,200,200
359997,0,30,1,200,200,3,10,5,0,1,200,0,200,1,31,0,0,200,0,200,200
359997,1,30,1,200,200,3,10,5,0,1,200,0,200,0,200,0,200,200,200,200,200
360000,0,35,0,0,0,3,7,5,0,1,0,14,14,1,33,0,8,200,200,200,200
360000,1,35,0,0,0,3,7,5,0,1,0,14,14,0,31,200,200,200,200,200,200
360004,0,30,1,2,200,200,10,2,0,200,200,200,200,0,200,200,200,200,200,200,200
360004,0,30,1,2,200,200,10,2,0,200,200,200,200,0,62,200,200,200,200,200,200
360007,0,30,0,0,0,3,10,5,0,0,0,18,0,1,200,200,3,200,200,200,200
360007,0,30,0,0,0,3,10,5,0,0,0,18,0,0,47,0,12,0,0,200,200
360010,0,30,1,2,2,3,4,5,0,1,12,11,0,0,22,200,12,0,0,200,200
360014,0,30,0,0,2,0,11,5,0,1,200,200,200,2,200,200,200,200,200,200,200
360014,0,30,0,0,2,0,11,5,0,1,200,200,200,1,32,0,0,0,0,200,200
360014,0,30,0,0,2,0,11,5,0,1,200,200,200,2,200,200,200,200,200,200,200
360026,0,30,0,0,2,3,2,5,5,1,0,15,34,0,28,200,8,0,0,200,200
360028,0,30,0,0,1,3,7,6,0,1,0,20,11,2,200,200,6,200,200,200,200
360037,0,30,1,2,0,3,0,2,0,1,0,16,200,0,30,0,8,0,0,200,200
360037,0,30,1,2,0,3,0,2,0,1,0,16,200,0,21,0,0,0,0,200,200
360042,0,30,2,0,2,3,14,5,0,1,0,200,200,1,200,200,1,200,200,200,200
360042,0,30,2,0,2,3,14,5,0,1,0,200,200,0,20,2,0,0,7,200,200
360043,0,30,1,2,0,3,12,5,0,1,0,22,200,0,39,200,2,0,200,200,200
360043,0,30,1,2,0,3,12,5,0,1,0,22,200,0,43,0,0,0,0,200,200
360044,0,15,0,0,2,3,2,0,0,1,200,33,200,0,40,200,0,12,0,200,200
360044,1,15,0,0,2,3,2,0,0,1,200,33,200,200,200,200,200,200,200,200,200
360046,0,30,0,0,2,3,7,6,0,1,0,10,25,2,200,200,9,200,200,200,200
360050,0,30,0,0,2,3,7,6,0,1,0,0,200,2,200,200,200,200,200,200,200
360054,0,35,2,0,2,0,0,5,0,1,0,34,12,1,23,0,1,0,1,200,200
360054,0,35,2,0,2,0,0,5,0,1,0,34,12,0,47,0,0,0,0,200,200
360054,1,35,2,0,2,0,0,5,0,1,0,34,12,1,27,0,200,200,200,200,200
360056,0,30,0,0,0,3,7,3,0,1,0,32,10,0,27,200,11,200,5,200,200
360059,0,30,0,0,0,3,2,3,0,0,0,0,0,0,33,1,200,200,200,200,200
360059,1,30,0,0,0,3,2,3,0,0,0,0,0,0,44,200,200,200,200,200,200
360060,0,30,0,0,0,3,2,0,0,1,0,16,200,0,200,200,13,200,200,200,200
360060,1,30,0,0,0,3,2,0,0,1,0,16,200,0,200,200,200,200,200,200,200
360069,0,30,0,0,2,3,10,5,0,1,0,18,34,0,25,0,3,0,0,200,200
360069,0,30,0,0,2,3,10,5,0,1,0,18,34,1,34,0,0,0,0,200,200
360073,0,30,2,2,0,4,0,5,0,0,0,5,200,0,200,200,5,200,200,200,200
360073,0,30,2,2,0,4,0,5,0,0,0,5,200,1,37,0,0,0,0,200,200
360073,1,30,2,2,0,4,0,5,0,0,0,5,200,1,200,200,200,200,200,200,200
360079,0,20,0,0,0,2,12,6,0,0,200,17,200,0,200,200,1,200,200,200,200
360079,0,20,0,0,0,2,12,6,0,0,200,17,200,1,23,200,0,200,1,200,200
360079,1,20,0,0,0,2,12,6,0,0,200,17,200,0,28,200,200,200,200,200,200
360079,1,20,0,0,0,2,12,6,0,0,200,17,200,1,17,200,200,200,200,200,200
360087,0,30,1,2,0,1,10,2,0,1,0,11,200,1,23,0,1,0,0,200,200
360087,0,30,1,2,0,1,10,2,0,1,0,11,200,1,38,0,0,0,0,200,200
360096,0,30,0,0,2,0,7,6,0,1,0,0,200,1,200,200,200,200,200,200,200
360096,1,30,0,0,2,0,7,6,0,1,0,0,200,1,28,7,200,200,200,200,200
360105,0,20,0,2,2,3,0,6,0,1,0,23,34,0,56,200,7,0,0,200,200
360105,0,20,0,2,2,3,0,6,0,1,0,23,34,0,19,200,200,0,0,200,200
360107,0,30,0,0,1,1,7,2,0,0,0,19,16,0,200,200,12,200,200,200,200
360119,0,30,0,0,2,1,7,5,0,1,0,21,200,0,24,0,4,0,0,200,200
360121,0,40,0,0,2,2,2,3,0,1,0,34,0,1,36,0,8,0,0,200,200
360127,0,30,0,200,2,3,6,3,0,1,0,27,200,1,24,0,12,200,2,200,200
360129,0,30,0,0,2,2,2,5,0,1,0,34,0,0,35,200,12,4,0,200,200
360131,0,30,0,0,2,1,7,7,2,1,0,0,200,1,30,200,12,200,0,200,200
360132,0,30,0,0,2,0,5,6,3,1,0,34,200,0,200,0,8,0,0,200,200
360139,0,30,0,0,0,1,7,7,0,0,0,0,0,0,200,200,200,200,200,200,200
360145,0,30,0,0,2,1,3,5,0,1,0,27,21,0,45,200,12,200,3,0.32,200
360145,0,30,0,0,2,1,3,5,0,1,0,27,21,0,27,200,0,0,0,200,200
360145,1,30,0,0,2,1,3,5,0,1,0,27,21,1,28,200,200,200,200,200,200
360146,0,30,0,0,2,0,10,5,0,1,0,18,16,2,200,200,9,200,200,200,200
360146,0,30,0,0,2,0,10,5,0,1,0,18,16,0,42,0,0,0,0,200,200
360146,0,30,0,0,2,0,10,5,0,1,0,18,16,0,200,200,0,0,0,200,200
360147,0,30,1,2,2,1,10,5,0,1,0,18,17,0,33,200,3,0,0,200,200
360147,0,30,1,2,2,1,10,5,0,1,0,18,17,0,34,200,0,0,0,200,200
360147,1,30,1,2,2,1,10,5,0,1,0,18,17,1,200,200,200,200,200,200,200
360151,0,30,0,0,200,1,12,5,0,200,200,21,22,1,53,200,4,200,0,200,200
360151,0,30,0,0,200,1,12,5,0,200,200,21,22,0,48,0,0,0,0,200,200
360181,0,30,1,2,2,1,10,2,0,1,0,18,18,0,30,0,3,0,0,200,200
360181,0,30,1,2,2,1,10,2,0,1,0,18,18,1,36,0,0,0,0,200,200
360196,0,30,1,2,0,1,10,5,0,0,0,0,0,1,58,0,12,0,0,200,200
360196,0,30,1,2,0,1,10,5,0,0,0,0,0,1,45,0,0,0,200,200,200
360201,0,30,0,0,2,1,9,5,2,1,200,34,0,0,73,0,200,200,0,200,200
360201,5,30,0,0,2,1,9,5,2,1,200,34,0,0,50,7,0,200,0,200,200
360203,0,35,1,2,2,1,14,3,0,1,0,0,0,1,53,0,200,200,0,200,200
360203,0,35,1,2,2,1,14,3,0,1,0,0,0,0,43,0,0,0,0,200,200
360203,1,35,1,2,2,1,14,3,0,1,0,0,0,200,200,200,200,200,200,200,200
360203,1,35,1,2,2,1,14,3,0,1,0,0,0,200,200,200,200,200,200,200,200
360210,0,30,1,2,2,1,14,5,0,1,0,23,200,0,200,200,7,200,200,200,200
360210,0,30,1,2,2,1,14,5,0,1,0,23,200,1,57,0,0,0,0,200,200
360211,0,30,2,2,2,3,0,5,0,1,0,5,17,0,23,200,5,0,0,200,200
360211,0,30,2,2,2,3,0,5,0,1,0,5,17,1,53,0,0,0,0,200,200
360213,0,30,2,2,2,1,10,2,0,1,0,0,0,0,31,0,200,0,0,200,200
360213,0,30,2,2,2,1,10,2,0,1,0,0,0,0,24,0,0,0,0,200,200
360216,0,35,0,0,2,0,10,5,0,0,0,0,0,0,200,200,0,200,200,200,200
360216,0,35,0,0,2,0,10,5,0,0,0,0,0,0,20,0,0,0,0,200,200
360219,0,25,1,2,2,1,10,5,0,1,0,200,200,0,44,200,12,0,0,200,200
360219,0,25,1,2,2,1,10,5,0,1,0,200,200,0,34,200,0,0,0,200,200
360220,0,30,2,2,2,1,14,5,0,1,0,17,5,1,39,0,1,0,0,200,200
360220,0,30,2,2,2,1,14,5,0,1,0,17,5,0,28,0,0,0,0,200,200
360220,1,30,2,2,2,1,14,5,0,1,0,17,5,200,200,0,200,200,200,200,200
360220,1,30,2,2,2,1,14,5,0,1,0,17,5,200,200,0,200,200,200,200,200
360222,0,35,0,0,0,1,12,5,0,0,0,0,0,0,200,200,200,200,200,200,200
360222,0,35,0,0,0,1,12,5,0,0,0,0,0,1,31,0,0,0,0,200,200
360233,5,30,0,0,2,1,4,2,0,1,0,13,34,0,200,7,12,200,200,200,200
360233,0,30,0,0,2,1,4,2,0,1,0,13,34,1,83,0,12,4,0,200,200
360238,0,30,0,0,2,2,10,2,0,1,0,0,34,2,56,200,200,200,200,200,200
360238,0,30,0,0,2,2,10,2,0,1,0,0,34,0,47,7,0,0,0,200,200
360241,0,35,1,2,2,1,0,6,0,1,0,0,5,1,54,0,200,0,0,200,200
360241,0,35,1,2,2,1,0,6,0,1,0,0,5,1,200,200,200,0,0,200,200
360243,0,30,0,0,2,1,14,5,0,1,0,17,16,0,24,0,0,0,0,200,200
360243,0,30,0,0,2,1,14,5,0,1,0,17,16,0,44,1,1,0,0,200,200
360243,1,30,0,0,2,1,14,5,0,1,0,17,16,0,25,0,200,200,200,200,200
360245,0,15,0,0,2,1,7,5,0,1,0,34,0,1,35,0,0,0,0,200,200
360245,1,15,0,0,2,1,7,5,0,1,0,34,0,0,200,5,200,200,200,200,200
360252,0,30,0,0,2,1,7,5,0,1,0,20,0,0,200,200,200,200,200,200,200
360254,0,30,0,0,2,1,7,6,0,1,0,200,200,0,56,200,12,4,0,200,200
360255,0,30,0,0,2,1,14,2,0,1,0,23,0,1,68,0,7,0,0,200,200
360255,0,30,0,0,2,1,14,2,0,1,0,23,0,1,50,0,0,0,0,200,200
360269,0,30,0,0,0,1,7,5,0,200,0,0,200,2,200,200,200,200,200,200,200
360270,0,30,1,2,2,1,10,2,0,1,0,18,16,1,37,0,3,4,0,200,200
360270,0,30,1,2,2,1,10,2,0,1,0,18,16,1,50,0,0,0,0,200,200
360270,1,30,1,2,2,1,10,2,0,1,0,18,16,1,12,0,200,200,200,200,200
360270,1,30,1,2,2,1,10,2,0,1,0,18,16,0,61,0,200,200,200,200,200
360270,1,30,1,2,2,1,10,2,0,1,0,18,16,0,54,0,200,200,200,200,200
360270,1,30,1,2,2,1,10,2,0,1,0,18,16,1,50,0,200,200,200,200,200
360274,0,30,0,0,0,1,12,3,0,0,0,17,17,0,200,200,1,200,200,200,200
360274,0,30,0,0,0,1,12,3,0,0,0,17,17,0,54,0,0,0,0,200,200
360274,1,30,0,0,0,1,12,3,0,0,0,17,17,1,41,0,200,200,200,200,200
360274,1,30,0,0,0,1,12,3,0,0,0,17,17,0,200,200,200,200,200,200,200
360276,0,35,0,0,2,1,10,5,0,1,0,0,0,2,200,200,0,200,200,200,200
360276,0,35,0,0,2,1,10,5,0,1,0,0,0,0,78,0,0,0,0,200,200
360276,1,35,0,0,2,1,10,5,0,1,0,0,0,1,74,0,200,200,200,200,200
360283,0,30,2,2,0,1,0,5,0,1,0,17,200,1,68,0,1,0,0,200,200
360283,0,30,2,2,0,1,0,5,0,1,0,17,200,1,200,0,14,0,0,200,200
360283,1,30,2,2,0,1,0,5,0,1,0,17,200,0,200,0,200,200,200,200,200
360286,0,30,2,2,2,1,10,6,0,1,0,5,18,1,29,0,5,0,0,200,200
360286,0,30,2,2,2,1,10,6,0,1,0,5,18,0,45,0,12,0,0,200,200
360294,0,45,0,0,2,1,10,3,0,1,0,18,15,0,59,200,8,200,200,200,200
360294,0,45,0,0,2,1,10,3,0,1,0,18,15,1,50,0,0,0,0,200,200
360305,0,30,0,0,1,1,7,5,0,0,0,0,200,0,200,200,200,200,200,200,200
360305,1,30,0,0,1,1,7,5,0,0,0,0,200,1,56,0,200,200,200,200,200
360307,0,30,0,0,0,1,7,7,0,0,0,20,20,0,31,0,6,5,0,200,200
360307,1,30,0,0,0,1,7,7,0,0,0,20,20,1,31,0,200,200,200,200,200
360307,1,30,0,0,0,1,7,7,0,0,0,20,20,1,8,0,200,200,200,200,200
360307,1,30,0,0,0,1,7,7,0,0,0,20,20,1,9,0,200,200,200,200,200
360328,0,0,0,0,1,1,4,6,0,1,1,29,200,0,200,200,0,0,0,200,200
360332,0,30,0,0,2,200,7,2,0,1,0,18,0,2,200,200,3,200,200,200,200
360339,0,25,0,0,0,1,7,5,0,0,0,0,0,2,200,200,200,200,200,200,200
360341,0,25,0,0,1,1,12,5,0,0,0,11,200,0,52,200,200,0,0,200,200
360341,0,25,0,0,1,1,12,5,0,0,0,11,200,0,37,200,200,0,0,200,200
360349,0,30,2,2,2,1,0,5,0,1,0,5,200,0,6,0,5,0,0,200,200
360349,0,30,2,2,2,1,0,5,0,1,0,5,200,1,27,0,0,0,0,200,200
360349,1,30,2,2,2,1,0,5,0,1,0,5,200,0,200,0,200,200,200,200,200
360349,1,30,2,2,2,1,0,5,0,1,0,5,200,0,6,200,200,200,200,200,200
360353,0,30,1,2,0,3,10,2,0,1,0,0,0,0,28,200,3,200,200,200,200
360353,0,30,1,2,0,3,10,2,0,1,0,0,0,0,22,0,0,0,0,200,200
360353,1,30,1,2,0,3,10,2,0,1,0,0,0,0,67,0,200,200,200,200,200
360353,1,30,1,2,0,3,10,2,0,1,0,0,0,1,63,0,200,200,200,200,200
360356,0,30,0,0,2,1,7,6,0,1,0,200,200,2,200,200,200,200,200,200,200
360359,0,30,1,2,0,1,10,5,0,1,0,0,0,1,200,0,12,0,0,200,200
360359,0,30,1,2,0,1,10,5,0,1,0,0,0,1,38,0,0,0,0,200,200
360359,1,30,1,2,0,1,10,5,0,1,0,0,0,0,200,0,200,200,200,200,200
360359,1,30,1,2,0,1,10,5,0,1,0,0,0,0,200,0,200,200,200,200,200
360359,1,30,1,2,0,1,10,5,0,1,0,0,0,1,200,0,200,200,200,200,200
360359,1,30,1,2,0,1,10,5,0,1,0,0,0,1,200,0,200,200,200,200,200
360361,0,30,1,2,2,1,14,1,0,1,200,18,0,1,48,200,200,200,0,200,200
360361,0,30,1,2,2,1,14,1,0,1,200,18,0,1,20,200,0,200,0,200,200
360366,0,30,0,0,2,1,12,3,0,1,0,15,0,1,48,200,8,0,0,200,200
360366,0,30,0,0,2,1,12,3,0,1,0,15,0,1,26,200,0,0,0,200,200
360367,0,35,1,2,2,1,14,2,0,1,0,34,0,0,21,0,3,12,0,200,200
360367,0,35,1,2,2,1,14,2,0,1,0,34,0,0,43,0,0,0,0,200,200
360367,1,35,1,2,2,1,14,2,0,1,0,34,0,0,50,0,200,200,200,200,200
360367,1,35,1,2,2,1,14,2,0,1,0,34,0,1,18,0,200,200,200,200,200
360367,1,35,1,2,2,1,14,2,0,1,0,34,0,1,16,0,200,200,200,200,200
360372,0,35,1,2,2,1,14,1,0,1,0,17,16,0,75,200,1,0,0,200,200
360372,0,35,1,2,2,1,14,1,0,1,0,17,16,0,58,200,0,0,0,200,200
360374,0,40,3,2,2,1,10,2,0,1,0,16,15,0,25,200,12,0,0,200,200
360374,0,40,3,2,2,1,10,2,0,1,0,16,15,1,36,200,3,0,0,200,200
360374,1,40,3,2,2,1,10,2,0,1,0,16,15,0,32,200,200,200,200,200,200
360380,0,30,200,200,2,1,2,3,0,1,0,0,200,1,18,200,12,0,0,200,200
360386,0,30,1,2,0,1,14,5,0,0,0,17,18,2,200,200,1,200,200,200,200
360386,0,30,1,2,0,1,14,5,0,0,0,17,18,1,44,0,0,0,0,200,200
360386,0,30,1,2,0,1,14,5,0,0,0,17,18,0,200,200,1,200,200,200,200
360386,1,30,1,2,0,1,14,5,0,0,0,17,18,0,200,0,200,200,200,200,200
360389,0,30,2,2,0,1,14,5,0,0,0,5,200,1,51,0,7,0,0,200,200
360389,0,30,2,2,0,1,14,5,0,0,0,5,200,1,38,0,0,0,0,200,200
360389,1,30,2,2,0,1,14,5,0,0,0,5,200,0,200,0,200,200,200,200,200
360394,0,30,2,2,1,1,0,2,0,1,0,5,17,1,83,0,5,12,200,200,200
360394,0,30,2,2,1,1,0,2,0,1,0,5,17,1,35,0,0,0,0,200,200
360394,1,30,2,2,1,1,0,2,0,1,0,5,17,0,6,5,200,200,200,200,200
360403,0,30,2,2,2,1,10,5,0,1,0,18,200,0,200,200,12,200,200,200,200
360403,0,30,2,2,2,1,10,5,0,1,0,18,200,0,24,0,0,0,0,200,200
360403,1,30,2,2,2,1,10,5,0,1,0,18,200,0,200,0,200,200,200,200,200
360403,1,30,2,2,2,1,10,5,0,1,0,18,200,0,5,200,200,200,200,200,200
360409,0,30,0,0,2,1,0,5,0,1,0,0,0,1,42,0,0,200,0,200,200
360411,0,30,0,0,0,1,0,2,0,0,0,17,0,1,64,0,1,0,0,200,200
360411,0,30,0,0,0,1,0,2,0,0,0,17,0,1,27,0,0,0,0,200,200
360411,1,30,0,0,0,1,0,2,0,0,0,17,0,1,11,5,200,200,200,200,200
360411,1,30,0,0,0,1,0,2,0,0,0,17,0,0,10,5,200,200,200,200,200
360411,1,30,0,0,0,1,0,2,0,0,0,17,0,1,4,5,200,200,200,200,200
360412,0,30,0,0,0,1,12,2,0,1,0,22,200,0,79,0,4,0,0,200,200
360412,0,30,0,0,0,1,12,2,0,1,0,22,200,1,29,0,0,0,0,200,200
360413,0,35,0,0,0,1,7,5,0,0,0,0,0,2,200,200,0,200,200,200,200
360415,0,30,0,0,2,1,2,5,0,1,0,34,34,1,55,200,12,0,0,200,200
360419,0,30,0,0,2,1,12,5,0,1,0,23,200,1,39,200,1,0,0,200,200
360419,0,30,0,0,2,1,12,5,0,1,0,23,200,1,23,200,0,0,0,200,200
360419,1,30,0,0,2,1,12,5,0,1,0,23,200,1,200,200,200,200,200,200,200
360419,1,30,0,0,2,1,12,5,0,1,0,23,200,1,200,200,200,200,200,200,200
360421,0,30,0,0,1,1,2,5,0,1,0,23,200,0,27,0,4,0,0,200,200
360423,0,30,0,0,0,1,10,6,0,0,0,20,20,1,33,0,6,5,0,200,200
360423,0,30,0,0,0,1,10,6,0,0,0,20,20,1,28,0,12,5,0,200,200
360423,1,30,0,0,0,1,10,6,0,0,0,20,20,1,65,0,200,200,200,200,200
360423,1,30,0,0,0,1,10,6,0,0,0,20,20,1,50,0,200,200,200,200,200
360423,1,30,0,0,0,1,10,6,0,0,0,20,20,0,16,0,200,200,200,200,200
360423,1,30,0,0,0,1,10,6,0,0,0,20,20,1,28,5,200,200,200,200,200
360423,1,30,0,0,0,1,10,6,0,0,0,20,20,1,5,0,200,200,200,200,200
360429,0,30,1,2,0,1,14,3,0,1,0,17,200,0,200,0,0,0,0,200,200
360429,0,30,1,2,0,1,14,3,0,1,0,17,200,0,200,0,1,0,0,200,200
360429,1,30,1,2,0,1,14,3,0,1,0,17,200,1,200,200,200,200,200,200,200
360438,0,15,0,0,1,1,3,7,0,0,0,20,200,1,200,200,6,200,200,200,200
360438,0,15,0,0,1,1,3,7,0,0,0,20,200,1,35,0,0,0,0,200,200
360441,0,30,0,0,0,1,10,5,0,0,0,18,200,0,17,0,200,0,0,200,200
360441,0,30,0,0,0,1,10,5,0,0,0,18,200,0,26,0,0,0,0,200,200
360441,0,30,0,0,0,1,10,5,0,0,0,18,200,0,200,200,0,200,200,200,200
360444,0,30,1,2,2,1,14,6,0,1,0,23,200,1,56,200,7,200,200,200,200
360444,0,30,1,2,2,1,14,6,0,1,0,23,200,0,22,0,0,0,0,200,200
360445,0,30,0,0,2,1,10,5,0,1,0,18,200,1,51,0,3,0,0,200,200
360445,0,30,0,0,2,1,10,5,0,1,0,18,200,1,26,0,0,0,0,200,200
360445,1,30,0,0,2,1,10,5,0,1,0,18,200,0,33,0,200,200,200,200,200
360452,0,20,2,2,2,1,10,2,0,1,0,16,200,0,35,200,3,0,200,200,200
360452,0,20,2,2,2,1,10,2,0,1,0,16,200,0,48,0,0,0,0,200,200
360452,1,20,2,2,2,1,10,2,0,1,0,16,200,1,47,0,200,200,200,200,200
360452,1,20,2,2,2,1,10,2,0,1,0,16,200,1,5,0,200,200,200,200,200
360452,1,20,2,2,2,1,10,2,0,1,0,16,200,1,8,0,200,200,200,200,200
360456,0,30,0,0,0,1,10,5,0,0,0,18,0,0,18,0,0,0,0,200,200
360456,0,30,0,0,0,1,10,5,0,0,0,18,0,1,41,0,0,0,0,200,200
360459,0,30,1,2,0,1,10,5,0,0,0,20,200,0,200,0,6,0,0,200,200
360459,0,30,1,2,0,1,10,5,0,0,0,20,200,0,51,0,12,0,0,200,200
360464,0,35,0,0,1,1,12,5,0,200,200,17,200,0,43,200,1,200,0,200,200
360464,0,35,0,0,1,1,12,5,0,200,200,17,200,0,58,200,0,200,0,200,200
360481,0,30,1,2,0,1,10,5,0,0,0,18,16,1,200,200,3,200,200,200,200
360481,0,30,1,2,0,1,10,5,0,0,0,18,16,0,55,0,0,0,0,200,200
360483,0,30,0,0,0,1,7,5,0,1,0,11,200,1,21,0,10,0,0,200,200
360483,1,30,0,0,0,1,7,5,0,1,0,11,200,1,19,0,200,200,200,200,200
360484,0,30,0,0,2,1,7,5,0,1,0,0,0,2,200,200,200,200,200,200,200
360487,0,30,1,2,0,1,12,3,0,0,0,22,200,1,200,200,2,200,200,200,200
360487,0,30,1,2,0,1,12,3,0,0,0,22,200,1,22,0,0,0,0,200,200
360491,0,30,2,2,0,1,12,5,0,1,0,0,0,0,46,0,4,0,0,200,200
360491,0,30,2,2,0,1,12,5,0,1,0,0,0,1,28,0,1,0,0,200,200
360492,0,25,0,0,0,1,12,6,0,1,0,17,200,0,25,0,1,200,0,200,200
360492,0,25,0,0,0,1,12,6,0,1,0,17,200,0,74,0,0,200,0,200,200
360497,0,30,0,0,0,1,7,2,0,0,0,0,0,1,200,200,200,200,200,200,200
360497,1,30,0,0,0,1,7,2,0,0,0,0,0,1,29,200,200,200,200,200,200
360504,0,35,1,2,1,1,10,3,0,0,0,16,200,1,24,0,12,0,0,200,200
360504,0,35,1,2,1,1,10,3,0,0,0,16,200,1,24,0,0,0,0,200,200
360504,1,35,1,2,1,1,10,3,0,0,0,16,200,1,24,0,200,200,200,200,200
360504,1,35,1,2,1,1,10,3,0,0,0,16,200,1,25,0,200,200,200,200,200
360504,1,35,1,2,1,1,10,3,0,0,0,16,200,0,26,0,200,200,200,200,200
360507,0,15,0,0,0,1,7,7,0,0,0,0,0,2,200,200,200,200,200,200,200
360508,0,30,200,200,0,1,7,5,0,200,200,20,200,0,33,200,6,200,0,200,200
360509,0,30,2,2,1,1,10,3,0,1,0,0,200,1,35,1,200,200,0,200,200
360509,0,30,2,2,1,1,10,3,0,1,0,0,200,0,29,0,0,0,0,200,200
360509,1,30,2,2,1,1,10,3,0,1,0,0,200,1,29,0,200,200,200,200,200
360516,0,30,0,0,0,1,12,6,0,0,0,200,200,0,52,0,200,0,0,200,200
360516,0,30,0,0,0,1,12,6,0,0,0,200,200,0,73,0,0,0,0,200,200
360516,1,30,0,0,0,1,12,6,0,0,0,200,200,0,200,0,200,200,200,200,200
360528,0,10,0,0,0,1,0,7,0,0,200,17,17,1,32,0,1,0,0,200,200
360528,0,10,0,0,0,1,0,7,0,0,200,17,17,1,53,0,0,0,0,200,200
360535,0,35,1,2,0,1,14,5,0,0,0,23,200,0,200,200,7,0,200,200,200
360535,0,35,1,2,0,1,14,5,0,0,0,23,200,1,56,0,0,0,0,200,200
360536,0,30,0,0,1,1,10,5,0,0,0,0,0,1,30,200,200,0,0,200,200
360536,0,30,0,0,1,1,10,5,0,0,0,0,0,1,29,200,200,0,0,200,200
360536,0,30,0,0,1,1,10,5,0,0,0,0,0,1,22,200,200,0,0,200,200
360536,0,30,0,0,1,1,10,5,0,0,0,0,0,0,24,200,200,0,0,200,200
360536,1,30,0,0,1,1,10,5,0,0,0,0,0,1,200,200,200,200,200,200,200
360538,0,25,1,2,1,1,14,12,0,200,200,21,200,1,27,200,7,0,0,200,200