RD_NO,PERSON_TYPE,POSTED_SPEED_LIMIT,TRAFFIC_CONTROL_DEVICE,DEVICE_CONDITION,WEATHER_CONDITION,LIGHTING_CONDITION,FIRST_CRASH_TYPE,TRAFFICWAY_TYPE,ALIGNMENT,ROADWAY_SURFACE_COND,ROAD_DEFECT,PRIM_CONTRIBUTORY_CAUSE,SEC_CONTRIBUTORY_CAUSE,SEX,AGE,SAFETY_EQUIPMENT,DRIVER_ACTION,DRIVER_VISION,PHYSICAL_CONDITION,BAC_RESULT VALUE,CELL_PHONE_USE
361188,1,30,1,2,0,3,14,6,0,0,0,25,200,0,44,200,200,200,200,200,200
361188,1,30,1,2,0,3,14,6,0,0,0,25,200,0,53,200,200,200,200,200,200
361197,0,30,0,0,0,3,10,2,0,0,200,0,200,0,54,200,200,200,0,200,200
361197,0,30,0,0,0,3,10,2,0,0,200,0,200,0,30,200,12,200,0,200,200
361198,0,30,2,2,0,3,0,5,0,0,0,17,14,0,200,200,5,200,200,200,200
361198,0,30,2,2,0,3,0,5,0,0,0,17,14,1,46,0,0,0,0,200,200
361203,0,30,0,0,200,200,7,4,0,200,0,0,0,2,200,200,6,200,200,200,200
361209,0,30,1,2,0,3,0,3,0,0,0,6,200,0,58,0,0,0,0,200,200
361209,0,30,1,2,0,3,0,3,0,0,0,6,200,0,28,0,0,0,0,200,200
361209,0,30,1,2,0,3,0,3,0,0,0,6,200,0,57,0,5,0,0,200,200
361209,1,30,1,2,0,3,0,3,0,0,0,6,200,0,17,1,200,200,200,200,200
361217,0,30,1,2,0,1,10,5,0,0,0,18,0,0,42,200,3,200,200,200,200
361217,0,30,1,2,0,1,10,5,0,0,0,18,0,0,39,0,12,0,0,200,200
361225,0,40,1,2,0,1,10,2,0,0,0,0,200,0,30,0,200,0,0,200,200
361225,0,40,1,2,0,1,10,2,0,0,0,0,200,0,32,0,0,0,0,200,200
361232,0,25,1,2,0,1,12,12,0,0,200,0,0,0,36,200,12,200,0,200,200
361232,0,25,1,2,0,1,12,12,0,0,200,0,0,0,43,200,200,200,0,200,200
361235,0,25,0,0,0,1,12,5,0,0,0,0,0,0,200,0,0,0,0,200,200
361235,0,25,0,0,0,1,12,5,0,0,0,0,0,0,200,0,0,0,0,200,200
361237,0,25,0,0,0,1,5,5,0,0,0,11,200,0,28,200,200,0,0,200,200
361241,0,30,1,2,0,1,12,8,0,0,0,0,0,2,200,200,200,200,200,200,200
361241,0,30,1,2,0,1,12,8,0,0,0,0,0,1,26,0,0,0,0,200,200
361241,1,30,1,2,0,1,12,8,0,0,0,0,0,0,28,0,200,200,200,200,200
361244,0,30,1,0,0,1,10,6,3,0,0,18,200,0,47,0,12,0,0,200,200
361244,0,30,1,0,0,1,10,6,3,0,0,18,200,0,40,0,0,0,0,200,200
361245,0,30,1,2,0,1,10,5,0,0,0,16,200,0,53,200,3,0,0,200,200
361245,0,30,1,2,0,1,10,5,0,0,0,16,200,1,57,0,0,0,0,200,200
361250,0,30,1,2,0,1,14,5,0,0,0,0,16,0,46,0,7,12,0,200,200
361250,0,30,1,2,0,1,14,5,0,0,0,0,16,0,64,0,0,0,0,200,200
361270,0,30,0,0,0,1,14,5,0,0,0,22,21,1,33,0,2,0,0,200,200
361270,0,30,0,0,0,1,14,5,0,0,0,22,21,0,28,0,0,0,0,200,200
361276,0,20,0,0,200,200,7,6,0,200,0,0,0,2,200,200,200,200,200,200,200
361282,0,30,1,2,0,1,10,5,0,0,0,18,0,0,33,0,3,0,0,200,200
361282,0,30,1,2,0,1,10,5,0,0,0,18,0,0,43,0,0,0,0,200,200
361288,0,30,1,2,0,1,14,2,0,0,0,17,200,0,42,0,1,200,0,200,200
361288,0,30,1,2,0,1,14,2,0,0,0,17,200,1,59,0,0,0,0,200,200
361297,0,30,1,2,0,1,14,1,0,0,0,23,22,0,45,200,7,0,0,200,200
361297,0,30,1,2,0,1,14,1,0,0,0,23,22,0,40,200,0,0,0,200,200
361300,0,30,0,0,0,1,10,6,0,0,0,18,200,1,50,0,3,0,0,200,200
361300,0,30,0,0,0,1,10,6,0,0,0,18,200,0,58,0,0,0,0,200,200
361306,0,30,1,2,200,200,10,2,0,200,200,0,0,0,200,200,200,200,200,200,200
361306,0,30,1,2,200,200,10,2,0,200,200,0,0,0,34,0,0,200,0,200,200
361306,1,30,1,2,200,200,10,2,0,200,200,0,0,1,9,0,200,200,200,200,200
361306,1,30,1,2,200,200,10,2,0,200,200,0,0,1,7,0,200,200,200,200,200
361309,0,30,1,2,0,1,10,3,0,0,0,18,27,0,55,0,3,0,200,200,200
361309,0,30,1,2,0,1,10,3,0,0,0,18,27,0,34,0,0,0,0,200,200
361310,0,20,0,0,0,3,7,6,0,0,0,0,200,2,200,200,200,200,200,200,200
361312,0,30,0,0,0,1,12,12,0,0,0,11,0,0,200,7,1,0,0,200,200
361312,0,30,0,0,0,1,12,12,0,0,0,11,0,0,200,7,12,0,0,200,200
361316,0,30,1,2,0,1,12,5,0,0,200,21,17,0,200,200,4,200,200,200,200
361316,0,30,1,2,0,1,12,5,0,0,200,21,17,0,66,0,0,0,0,200,200
361320,0,25,0,0,0,0,7,5,0,0,0,0,0,2,200,200,200,200,200,200,200
361323,0,35,1,2,0,3,2,2,0,1,0,0,200,2,200,200,200,200,200,200,200
361329,0,30,0,0,0,1,0,6,0,0,0,20,27,0,55,200,6,0,12,200,200
361332,0,30,2,2,0,1,0,5,0,0,0,17,17,1,40,200,0,200,0,200,200
361332,0,30,2,2,0,1,0,5,0,0,0,17,17,1,36,200,1,200,0,200,200
361333,0,35,1,2,0,1,14,5,0,0,0,200,200,1,42,200,200,0,0,200,200
361333,0,35,1,2,0,1,14,5,0,0,0,200,200,0,68,200,200,0,0,200,200
361336,0,30,1,2,0,1,14,2,0,0,0,17,17,1,38,0,200,0,0,200,200
361336,0,30,1,2,0,1,14,2,0,0,0,17,17,1,53,0,200,0,0,200,200
361343,5,40,1,2,0,1,9,2,0,0,0,0,200,1,27,200,200,200,200,200,200
361343,0,40,1,2,0,1,9,2,0,0,0,0,200,1,37,0,0,0,0,200,200
361348,0,30,0,200,0,0,2,3,0,0,0,16,21,0,59,0,12,0,0,200,200
361348,0,30,0,200,0,0,2,3,0,0,0,16,21,1,20,0,0,0,0,200,200
361348,0,30,0,200,0,0,2,3,0,0,0,16,21,0,25,0,0,0,0,200,200
361350,0,30,0,0,0,1,7,5,0,0,0,0,0,2,200,200,200,200,200,200,200
361358,0,30,0,0,0,1,7,2,0,0,0,200,0,0,63,0,12,0,0,200,200
361363,0,30,1,2,1,2,12,5,0,1,0,0,200,1,35,200,200,0,0,200,200
361363,0,30,1,2,1,2,12,5,0,1,0,0,200,0,42,0,0,0,0,200,200
361364,0,25,1,3,0,1,12,3,0,0,0,200,200,1,64,0,4,0,0,200,200
361364,0,25,1,3,0,1,12,3,0,0,0,200,200,1,37,0,0,0,0,200,200
361367,0,30,2,2,0,1,0,5,0,0,0,0,0,0,23,0,200,0,0,200,200
361367,0,30,2,2,0,1,0,5,0,0,0,0,0,0,30,0,0,0,0,200,200
361373,0,25,0,0,0,1,10,5,0,0,0,18,14,2,200,200,1,200,200,200,200
361373,0,25,0,0,0,1,10,5,0,0,0,18,14,0,49,0,0,0,0,200,200
361376,0,40,1,2,0,1,10,6,0,0,0,18,200,0,50,0,3,200,0,200,200
361376,0,40,1,2,0,1,10,6,0,0,0,18,200,1,43,0,0,0,0,200,200
361386,0,35,0,0,0,3,7,5,0,0,0,21,21,0,200,200,200,200,200,200,200
361389,0,30,2,2,0,1,0,5,0,0,0,17,17,0,80,0,1,0,0,200,200
361389,0,30,2,2,0,1,0,5,0,0,0,17,17,0,200,200,0,200,200,200,200
361390,0,30,0,0,200,1,5,5,0,200,0,0,0,1,23,200,0,0,0,200,200
361391,0,30,0,0,0,1,7,6,0,0,0,0,0,0,200,200,12,200,200,200,200
361391,1,30,0,0,0,1,7,6,0,0,0,0,0,0,200,200,200,200,200,200,200
361394,0,30,0,0,0,1,7,5,0,0,0,11,11,1,95,0,12,0,7,200,200
361397,0,30,0,0,0,200,7,5,0,0,0,0,200,2,200,200,200,200,200,200,200
361407,0,45,0,0,0,1,5,5,0,0,1,29,29,0,40,200,0,0,0,200,200
361408,0,25,0,0,0,1,14,5,0,0,0,200,200,0,52,0,0,0,0,200,200
361408,0,25,0,0,0,1,14,5,0,0,0,200,200,0,40,0,200,200,0,200,200
361414,5,35,2,2,0,1,9,2,0,0,0,17,200,1,66,200,0,0,7,200,200
361414,0,35,2,2,0,1,9,2,0,0,0,17,200,1,33,0,1,0,0,200,200
361414,1,35,2,2,0,1,9,2,0,0,0,17,200,0,11,0,200,200,200,200,200
361414,1,35,2,2,0,1,9,2,0,0,0,17,200,1,10,0,200,200,200,200,200
361415,0,30,0,0,0,1,11,7,0,0,0,0,0,1,36,0,1,0,0,200,200
361415,0,30,0,0,0,1,11,7,0,0,0,0,0,0,28,0,0,0,0,200,200
361415,1,30,0,0,0,1,11,7,0,0,0,0,0,1,28,0,200,200,200,200,200
361424,0,5,0,0,0,1,7,7,0,0,0,16,200,1,75,0,6,0,200,200,200
361426,0,10,0,0,0,1,7,2,0,0,0,0,200,2,200,200,200,200,200,200,200
361431,0,25,0,0,0,1,7,6,0,0,0,0,0,2,200,200,200,200,200,200,200
361435,0,30,2,2,0,200,14,5,0,0,0,23,23,2,200,200,7,200,200,200,200
361435,0,30,2,2,0,200,14,5,0,0,0,23,23,1,21,0,200,0,0,200,200
361438,0,25,1,2,0,1,10,5,0,0,0,15,200,0,200,200,8,200,200,200,200
361438,0,25,1,2,0,1,10,5,0,0,0,15,200,1,24,200,0,200,0,200,200
361439,0,30,1,2,0,1,12,6,0,0,0,0,0,0,23,0,0,0,0,200,200
361439,0,30,1,2,0,1,12,6,0,0,0,0,0,0,69,0,0,0,0,200,200
361445,0,35,0,0,200,200,7,5,0,200,200,0,200,2,200,200,200,200,200,200,200
361452,0,30,0,0,2,1,0,5,0,0,0,0,0,1,57,0,0,0,0,200,200
361452,1,30,0,0,2,1,0,5,0,0,0,0,0,1,33,0,200,200,200,200,200
361452,1,30,0,0,2,1,0,5,0,0,0,0,0,0,37,0,200,200,200,200,200
361464,0,30,0,0,200,200,7,6,0,0,0,0,0,2,200,200,200,200,200,200,200
361465,0,30,1,2,0,1,10,5,0,0,0,16,16,1,89,0,3,0,0,200,200
361465,0,30,1,2,0,1,10,5,0,0,0,16,16,0,51,0,0,0,0,200,200
361470,0,40,0,0,0,1,10,5,0,0,0,18,16,0,30,0,3,0,0,200,200
361470,0,40,0,0,0,1,10,5,0,0,0,18,16,0,43,0,0,0,0,200,200
361472,0,30,0,0,0,1,7,7,0,0,0,0,0,1,200,200,200,200,200,200,200
361474,0,30,0,0,0,1,0,12,0,0,0,17,200,0,30,200,0,0,0,200,200
361474,0,30,0,0,0,1,0,12,0,0,0,17,200,0,200,200,0,0,0,200,200
361475,0,30,1,2,0,1,14,5,0,0,0,23,21,1,25,200,7,0,0,200,200
361475,0,30,1,2,0,1,14,5,0,0,0,23,21,0,53,0,0,0,0,200,200
361477,0,20,0,0,0,2,7,5,2,0,0,13,0,0,18,0,12,0,0,200,200
361486,0,30,0,0,0,1,10,2,0,0,0,20,200,0,56,200,6,200,0,200,200
361486,0,30,0,0,0,1,10,2,0,0,0,20,200,1,33,200,9,0,0,200,200
361486,1,30,0,0,0,1,10,2,0,0,0,20,200,0,38,200,200,200,200,200,200
361489,0,30,0,0,0,1,12,6,0,0,0,11,200,0,43,0,12,0,0,200,200
361489,0,30,0,0,0,1,12,6,0,0,0,11,200,0,67,0,0,0,0,200,200
361501,0,30,0,0,0,1,7,7,0,0,0,17,17,2,200,200,1,200,200,200,200
361503,0,30,0,0,0,1,14,1,0,0,0,0,0,0,56,0,0,0,0,200,200
361503,0,30,0,0,0,1,14,1,0,0,0,0,0,1,43,200,200,200,200,200,200
361510,0,30,0,0,0,1,12,12,0,0,0,11,0,1,200,0,12,12,0,200,200
361510,0,30,0,0,0,1,12,12,0,0,0,11,0,1,200,0,0,0,0,200,200
361516,0,25,0,0,0,1,7,6,0,0,0,0,0,0,200,200,12,200,200,200,200
361522,0,30,0,0,0,1,0,3,0,0,0,17,17,0,39,0,1,0,0,200,200
361522,0,30,0,0,0,1,0,3,0,0,0,17,17,0,37,0,0,0,0,200,200
361522,1,30,0,0,0,1,0,3,0,0,0,17,17,1,38,0,200,200,200,200,200
361526,0,30,0,0,0,1,7,12,0,0,0,0,200,0,200,200,200,200,200,200,200
361529,0,30,0,0,0,1,7,5,0,0,0,0,200,0,76,200,12,0,0,200,200
361529,1,30,0,0,0,1,7,5,0,0,0,0,200,0,200,0,200,200,200,200,200
361531,0,20,0,0,0,1,7,6,0,0,0,0,0,2,200,200,200,200,200,200,200
361535,0,30,1,2,0,1,14,5,0,200,200,0,0,2,200,200,1,200,200,200,200
361535,0,30,1,2,0,1,14,5,0,200,200,0,0,0,70,200,0,200,0,200,200
361537,0,30,1,2,0,1,10,5,0,0,0,18,200,1,83,0,3,0,0,200,200
361537,0,30,1,2,0,1,10,5,0,0,0,18,200,1,74,0,0,0,0,200,200
361537,0,30,1,2,0,1,10,5,0,0,0,18,200,0,63,0,0,0,0,200,200
361538,0,30,1,2,0,1,0,5,0,0,0,17,0,1,68,0,1,200,0,200,200
361538,0,30,1,2,0,1,0,5,0,0,0,17,0,0,35,0,12,200,0,200,200
361538,1,30,1,2,0,1,0,5,0,0,0,17,0,1,65,0,200,200,200,200,200
361540,0,30,1,2,0,1,14,5,0,0,0,22,0,2,200,200,12,200,200,200,200
361540,0,30,1,2,0,1,14,5,0,0,0,22,0,0,65,0,12,0,0,200,200
361540,1,30,1,2,0,1,14,5,0,0,0,22,0,1,64,0,200,200,200,200,200
361540,1,30,1,2,0,1,14,5,0,0,0,22,0,0,66,0,200,200,200,200,200
361542,0,30,0,0,0,1,10,5,0,0,0,18,200,0,200,200,3,200,200,200,200
361542,0,30,0,0,0,1,10,5,0,0,0,18,200,0,23,0,0,0,0,200,200
361542,1,30,0,0,0,1,10,5,0,0,0,18,200,0,200,200,200,200,200,200,200
361542,1,30,0,0,0,1,10,5,0,0,0,18,200,0,200,200,200,200,200,200,200
361542,1,30,0,0,0,1,10,5,0,0,0,18,200,0,23,0,200,200,200,200,200
361546,0,10,0,0,200,200,2,0,0,200,0,0,200,2,200,200,200,200,200,200,200
361548,0,30,0,0,0,1,7,2,0,0,0,16,16,2,200,200,1,200,200,200,200
361548,1,30,0,0,0,1,7,2,0,0,0,16,16,1,38,1,200,200,200,200,200
361549,0,30,1,2,0,1,10,2,0,0,0,18,11,0,32,200,3,0,0,200,200
361549,0,30,1,2,0,1,10,2,0,0,0,18,11,0,75,200,0,0,0,200,200
361552,0,30,1,2,0,1,8,5,0,0,0,21,4,0,51,0,1,0,0,200,200
361552,4,30,1,2,0,1,8,5,0,0,0,21,4,0,200,200,0,200,200,200,200
361562,0,30,2,2,4,0,14,5,0,200,200,0,0,2,200,200,1,200,200,200,200
361562,0,30,2,2,4,0,14,5,0,200,200,0,0,1,43,200,0,200,0,200,200
361569,0,30,2,2,200,200,9,5,0,200,200,0,200,2,200,200,200,200,200,200,200
361569,5,30,2,2,200,200,9,5,0,200,200,0,200,0,200,7,200,200,200,200,200
361571,0,30,2,2,0,1,0,2,0,0,0,17,0,0,200,200,1,200,200,200,200
361571,0,30,2,2,0,1,0,2,0,0,0,17,0,1,35,0,0,1,0,200,200
361587,0,20,0,0,0,1,7,6,0,0,0,0,0,2,200,200,200,200,200,200,200
361591,0,30,1,2,200,1,12,6,0,200,200,0,0,2,200,200,2,200,200,200,200
361591,0,30,1,2,200,1,12,6,0,200,200,0,0,1,40,200,0,200,0,200,200
361606,0,30,0,0,0,1,12,2,0,0,0,17,17,0,200,200,200,200,200,200,200
361606,0,30,0,0,0,1,12,2,0,0,0,17,17,0,27,0,0,0,0,200,200
361609,0,25,0,0,0,1,7,5,0,0,0,33,200,0,46,0,12,12,0,200,200
361617,0,30,2,2,0,1,14,2,2,0,0,23,8,0,27,0,7,0,0,200,200
361617,0,30,2,2,0,1,14,2,2,0,0,23,8,1,21,0,0,0,0,200,200
361624,0,25,0,0,0,1,7,5,0,0,0,0,0,0,83,0,1,0,0,200,200
361626,0,20,0,0,0,1,7,7,0,0,0,0,0,2,200,200,200,200,200,200,200
361630,0,15,0,0,0,1,0,0,0,0,0,8,200,0,200,200,6,200,200,200,200
361630,0,15,0,0,0,1,0,0,0,0,0,8,200,0,47,200,0,0,0,200,200
361633,0,30,2,2,0,1,0,5,0,0,0,0,0,0,59,0,1,0,0,200,200
361633,0,30,2,2,0,1,0,5,0,0,0,0,0,0,28,0,0,0,0,200,200
361640,0,15,0,0,0,1,14,7,0,0,0,0,0,1,27,200,7,200,0,200,200
361640,0,15,0,0,0,1,14,7,0,0,0,0,0,0,49,200,200,200,0,200,200
361642,0,20,0,0,0,1,10,7,0,0,200,0,200,1,40,200,6,12,200,200,200
361642,0,20,0,0,0,1,10,7,0,0,200,0,200,0,32,0,0,0,0,200,200
361642,1,20,0,0,0,1,10,7,0,0,200,0,200,0,4,5,200,200,200,200,200
361642,1,20,0,0,0,1,10,7,0,0,200,0,200,0,1,5,200,200,200,200,200
361644,4,30,0,0,0,1,8,5,0,1,0,17,0,0,35,200,0,0,0,200,200
361644,1,30,0,0,0,1,8,5,0,1,0,17,0,0,60,0,200,200,200,200,200
361655,0,30,0,0,0,1,7,2,0,0,0,0,200,2,200,200,200,200,200,200,200
361673,0,30,0,0,0,1,12,2,0,0,0,17,16,1,45,0,1,0,0,200,200
361673,0,30,0,0,0,1,12,2,0,0,0,17,16,0,56,0,0,0,0,200,200
361677,0,30,2,2,0,1,8,5,0,0,4,17,7,1,52,200,12,200,0,200,200
361677,4,30,2,2,0,1,8,5,0,0,4,17,7,0,200,200,12,200,0,200,200
361677,1,30,2,2,0,1,8,5,0,0,4,17,7,0,200,200,200,200,200,200,200
361684,0,30,1,2,0,1,12,5,0,0,0,16,200,0,45,0,1,0,0,200,200
361684,0,30,1,2,0,1,12,5,0,0,0,16,200,0,42,0,0,0,0,200,200
361684,1,30,1,2,0,1,12,5,0,0,0,16,200,1,41,0,200,200,200,200,200
361685,0,30,2,2,0,1,0,2,0,0,0,0,17,1,36,0,200,0,0,200,200
361685,0,30,2,2,0,1,0,2,0,0,0,0,17,0,31,0,200,0,0,200,200
361688,0,30,0,0,0,1,11,5,0,0,0,0,0,0,24,0,6,12,0,200,200
361688,0,30,0,0,0,1,11,5,0,0,0,0,0,0,25,0,0,0,0,200,200
361689,0,30,1,1,0,1,10,2,0,0,0,0,0,1,32,0,0,0,0,200,200
361689,0,30,1,1,0,1,10,2,0,0,0,0,0,0,45,0,3,0,0,200,200
361690,0,30,0,0,0,1,14,5,0,0,0,23,200,1,26,200,7,0,0,200,200
361690,0,30,0,0,0,1,14,5,0,0,0,23,200,0,33,200,0,0,0,200,200
361690,1,30,0,0,0,1,14,5,0,0,0,23,200,0,200,5,200,200,200,200,200
361693,0,30,1,2,0,1,0,5,0,0,0,0,0,0,50,200,200,200,0,200,200
361693,0,30,1,2,0,1,0,5,0,0,0,0,0,1,31,200,200,200,0,200,200
361695,0,30,0,0,0,1,7,7,0,0,0,200,200,0,25,7,0,200,200,200,200
361696,0,20,0,0,0,1,7,5,0,0,0,0,0,0,60,0,11,0,0,200,200
361701,0,30,1,2,0,1,10,2,0,0,0,16,6,0,19,200,5,0,0,200,200
361701,0,30,1,2,0,1,10,2,0,0,0,16,6,0,200,200,0,0,0,200,200
361701,0,30,1,2,0,1,10,2,0,0,0,16,6,0,57,200,0,0,0,200,200
361711,0,15,0,0,200,200,7,5,0,200,0,0,0,2,200,200,200,200,200,200,200
361712,0,20,0,0,0,1,10,7,0,0,0,200,200,1,200,200,12,200,200,200,200
361712,0,20,0,0,0,1,10,7,0,0,0,200,200,0,200,0,0,0,0,200,200
361720,0,10,0,0,0,1,10,7,0,200,200,18,200,0,23,200,200,0,0,200,200
361720,0,10,0,0,0,1,10,7,0,200,200,18,200,1,38,200,0,0,0,200,200
361732,0,30,0,0,0,1,7,5,0,0,0,200,200,2,200,200,200,200,200,200,200
361734,0,30,0,0,0,1,10,7,0,0,0,200,200,0,200,200,0,200,200,200,200
361734,0,30,0,0,0,1,10,7,0,0,0,200,200,1,45,0,0,0,0,200,200
361734,1,30,0,0,0,1,10,7,0,0,0,200,200,1,200,0,200,200,200,200,200
361735,1,30,0,0,0,1,11,5,0,0,0,20,17,1,34,0,200,200,200,200,200
361735,1,30,0,0,0,1,11,5,0,0,0,20,17,0,18,0,200,200,200,200,200
361735,0,30,0,0,0,1,11,5,0,0,0,20,17,1,21,0,6,0,0,200,200
361735,0,30,0,0,0,1,11,5,0,0,0,20,17,0,22,0,200,0,0,200,200
361736,0,30,0,0,0,3,7,5,0,0,0,0,200,2,200,200,200,200,200,200,200
361746,0,35,0,0,0,1,7,5,0,0,0,0,0,2,200,200,0,200,200,200,200
361747,0,30,0,0,0,3,2,5,0,0,0,0,0,2,200,200,200,200,200,200,200
361748,0,30,1,200,0,1,12,5,0,0,0,25,25,0,200,200,200,200,200,200,200
361748,0,30,1,200,0,1,12,5,0,0,0,25,25,0,28,200,0,0,0,200,200
361751,0,30,0,0,0,1,10,7,0,0,0,20,0,0,31,0,6,200,0,200,200
361751,0,30,0,0,0,1,10,7,0,0,0,20,0,1,24,0,0,200,0,200,200
361757,0,30,0,0,0,1,7,7,0,0,0,200,200,0,20,0,0,0,0,200,200
361757,1,30,0,0,0,1,7,7,0,0,0,200,200,0,200,0,200,200,200,200,200
361757,1,30,0,0,0,1,7,7,0,0,0,200,200,1,200,0,200,200,200,200,200
361757,1,30,0,0,0,1,7,7,0,0,0,200,200,0,200,0,200,200,200,200,200
361761,0,30,0,0,0,1,10,5,0,0,200,0,0,0,30,0,200,200,200,200,200
361761,0,30,0,0,0,1,10,5,0,0,200,0,0,1,60,0,0,200,200,200,200
361767,0,30,1,2,0,1,11,5,0,0,0,0,0,0,54,0,0,0,0,200,200
361767,0,30,1,2,0,1,11,5,0,0,0,0,0,0,52,0,0,0,0,200,200
361770,0,35,0,0,200,1,10,5,0,0,0,0,200,1,200,0,0,200,0,200,200
361770,0,35,0,0,200,1,10,5,0,0,0,0,200,1,200,0,200,200,0,200,200
361776,0,30,1,2,0,1,10,5,0,0,0,18,200,1,200,200,3,200,200,200,1
361776,0,30,1,2,0,1,10,5,0,0,0,18,200,0,46,0,0,0,0,200,200
361776,1,30,1,2,0,1,10,5,0,0,0,18,200,1,46,0,200,200,200,200,200
361776,1,30,1,2,0,1,10,5,0,0,0,18,200,1,9,0,200,200,200,200,200
361782,0,30,0,0,200,200,2,7,0,200,0,4,0,2,200,200,12,200,200,200,200
361784,0,30,0,0,0,0,7,5,0,0,0,0,200,2,200,200,200,200,200,200,200
361790,0,30,0,0,0,1,12,5,0,0,0,200,200,0,22,200,0,0,0,200,200
361790,0,30,0,0,0,1,12,5,0,0,0,200,200,1,23,0,0,0,0,200,200
361790,1,30,0,0,0,1,12,5,0,0,0,200,200,0,200,0,200,200,200,200,200
361790,1,30,0,0,0,1,12,5,0,0,0,200,200,1,200,0,200,200,200,200,200
361790,1,30,0,0,0,1,12,5,0,0,0,200,200,0,200,0,200,200,200,200,200
361791,0,35,2,0,0,1,0,5,0,0,0,17,200,0,24,0,1,0,200,200,200
361791,0,35,2,0,0,1,0,5,0,0,0,17,200,0,0,0,0,0,0,200,200
361791,0,35,2,0,0,1,0,5,0,0,0,17,200,2,200,200,12,200,200,200,200
361791,1,35,2,0,0,1,0,5,0,0,0,17,200,2,200,200,200,200,200,200,200
361796,0,30,0,0,0,1,12,5,0,0,0,200,200,0,64,0,12,0,0,200,200
361796,0,30,0,0,0,1,12,5,0,0,0,200,200,0,80,0,0,0,0,200,200
361800,0,30,0,0,0,1,7,7,0,0,0,7,200,0,42,0,200,0,0,200,200
361801,0,30,1,2,0,1,10,2,0,0,0,18,0,0,200,200,200,200,200,200,200
361801,0,30,1,2,0,1,10,2,0,0,0,18,0,0,57,0,0,0,0,200,200
361801,1,30,1,2,0,1,10,2,0,0,0,18,0,0,200,200,200,200,200,200,200
361802,0,15,0,0,0,1,5,0,0,0,0,200,200,0,39,0,12,0,0,200,200
361810,4,30,0,0,0,1,8,5,0,0,0,35,200,0,200,200,200,200,200,200,200
361810,0,30,0,0,0,1,8,5,0,0,0,35,200,0,71,0,0,0,0,200,200
361814,0,30,1,2,0,1,10,2,0,0,0,18,200,0,38,0,3,0,0,200,200
361814,0,30,1,2,0,1,10,2,0,0,0,18,200,1,59,0,0,0,0,200,200
361820,0,30,0,0,200,200,7,5,0,200,200,0,0,2,200,200,200,200,200,200,200
361825,0,30,2,1,0,1,12,5,0,0,200,0,200,0,21,200,4,200,200,200,200
361825,0,30,2,1,0,1,12,5,0,0,200,0,200,1,81,0,0,200,0,200,200
361830,0,0,0,0,0,1,10,7,0,0,0,0,0,2,200,200,10,200,200,200,200
361830,0,0,0,0,0,1,10,7,0,0,0,0,0,0,23,200,0,0,0,200,200
361831,0,30,0,0,0,1,12,5,0,0,0,0,0,1,20,0,0,0,0,200,200
361831,0,30,0,0,0,1,12,5,0,0,0,0,0,0,54,0,0,0,0,200,200
361831,1,30,0,0,0,1,12,5,0,0,0,0,0,0,1,5,200,200,200,200,200
361833,0,30,0,0,0,1,12,5,0,0,0,0,0,1,17,200,1,0,0,200,200
361833,0,30,0,0,0,1,12,5,0,0,0,0,0,0,64,0,0,0,0,200,200
361834,0,30,2,2,0,3,14,12,0,0,0,0,0,1,200,200,200,0,0,200,200
361834,0,30,2,2,0,3,14,12,0,0,0,0,0,0,200,0,0,0,0,200,200
361837,0,30,0,0,0,1,12,5,0,0,0,21,200,0,200,200,4,200,200,200,200
361837,0,30,0,0,0,1,12,5,0,0,0,21,200,0,25,0,0,0,0,200,200
361841,0,30,2,2,0,1,10,2,0,0,0,20,0,0,47,200,6,200,0,200,200
361841,0,30,2,2,0,1,10,2,0,0,0,20,0,1,35,200,0,0,0,200,200
361842,0,30,2,2,0,1,0,5,0,0,0,200,200,0,61,0,0,0,0,200,200
361842,0,30,2,2,0,1,0,5,0,0,0,200,200,0,61,0,0,0,0,200,200
361843,0,30,1,2,0,1,14,5,0,0,0,17,0,1,79,0,1,0,0,200,200
361843,0,30,1,2,0,1,14,5,0,0,0,17,0,0,58,0,0,0,0,200,200
361847,5,25,0,0,0,1,9,5,0,0,0,0,200,0,30,200,200,0,0,200,200
361847,0,25,0,0,0,1,9,5,0,0,0,0,200,0,29,0,0,0,0,200,200
361853,0,10,0,0,0,4,7,7,0,0,200,0,200,1,59,200,10,200,200,200,200
361854,0,30,0,0,0,3,7,5,0,0,0,0,0,2,200,200,200,200,200,200,200
361866,0,35,0,0,0,1,12,5,0,0,0,22,23,0,29,0,0,0,0,200,200
361866,0,35,0,0,0,1,12,5,0,0,0,22,23,0,22,200,7,0,0,200,200
361866,1,35,0,0,0,1,12,5,0,0,0,22,23,1,22,200,200,200,200,200,200
361866,1,35,0,0,0,1,12,5,0,0,0,22,23,1,0,200,200,200,200,200,200
361866,1,35,0,0,0,1,12,5,0,0,0,22,23,1,2,200,200,200,200,200,200
361872,0,30,1,2,0,1,14,2,0,0,0,23,16,0,39,200,7,200,0,200,200
361872,0,30,1,2,0,1,14,2,0,0,0,23,16,0,29,200,200,200,0,200,200
361872,1,30,1,2,0,1,14,2,0,0,0,23,16,0,33,200,200,200,200,200,200
361873,0,30,0,0,0,1,12,5,0,0,0,22,200,2,200,200,2,200,200,200,200
361873,0,30,0,0,0,1,12,5,0,0,0,22,200,0,56,0,0,0,0,200,200
361876,0,25,0,0,0,1,10,5,0,0,0,18,200,0,200,200,3,200,200,200,200
361876,0,25,0,0,0,1,10,5,0,0,0,18,200,1,79,0,0,0,0,200,200