RD_NO,PERSON_TYPE,POSTED_SPEED_LIMIT,TRAFFIC_CONTROL_DEVICE,DEVICE_CONDITION,WEATHER_CONDITION,LIGHTING_CONDITION,FIRST_CRASH_TYPE,TRAFFICWAY_TYPE,ALIGNMENT,ROADWAY_SURFACE_COND,ROAD_DEFECT,PRIM_CONTRIBUTORY_CAUSE,SEC_CONTRIBUTORY_CAUSE,SEX,AGE,SAFETY_EQUIPMENT,DRIVER_ACTION,DRIVER_VISION,PHYSICAL_CONDITION,BAC_RESULT VALUE,CELL_PHONE_USE
361876,1,25,0,0,0,1,10,5,0,0,0,18,200,0,51,0,200,200,200,200,200
361876,1,25,0,0,0,1,10,5,0,0,0,18,200,0,49,0,200,200,200,200,200
361881,0,35,1,2,0,1,14,1,0,0,0,23,17,0,26,0,7,0,0,200,200
361881,0,35,1,2,0,1,14,1,0,0,0,23,17,1,54,0,0,0,0,200,200
361882,0,30,1,200,0,1,0,2,0,0,0,0,0,1,29,200,1,200,200,200,200
361882,0,30,1,200,0,1,0,2,0,0,0,0,0,1,57,0,0,200,0,200,200
361884,0,30,1,2,0,1,14,5,0,0,0,22,21,0,0,0,200,0,0,200,200
361884,0,30,1,2,0,1,14,5,0,0,0,22,21,1,44,0,200,0,0,200,200
361884,1,30,1,2,0,1,14,5,0,0,0,22,21,1,12,0,200,200,200,200,200
361884,1,30,1,2,0,1,14,5,0,0,0,22,21,1,7,0,200,200,200,200,200
361887,0,35,0,0,0,1,10,7,0,0,0,20,20,0,24,200,6,0,0,200,200
361887,0,35,0,0,0,1,10,7,0,0,0,20,20,0,29,200,0,0,0,200,0
361890,0,30,1,2,0,1,14,2,0,0,0,0,0,1,19,0,200,0,0,200,200
361890,0,30,1,2,0,1,14,2,0,0,0,0,0,1,32,0,200,0,0,200,200
361903,0,30,1,2,0,1,10,5,0,0,0,0,200,0,200,200,12,0,0,200,200
361903,0,30,1,2,0,1,10,5,0,0,0,0,200,0,27,200,0,0,0,200,200
361905,0,30,0,0,200,200,7,6,0,200,200,0,200,2,200,200,200,200,200,200,200
361913,0,30,1,2,0,1,10,5,0,0,0,0,200,0,22,200,200,0,0,200,200
361913,0,30,1,2,0,1,10,5,0,0,0,0,200,1,30,200,0,0,0,200,200
361913,1,30,1,2,0,1,10,5,0,0,0,0,200,0,200,200,200,200,200,200,200
361913,1,30,1,2,0,1,10,5,0,0,0,0,200,0,200,5,200,200,200,200,200
361914,0,30,9,0,0,1,14,6,0,0,0,18,200,1,200,200,3,200,200,200,200
361914,0,30,9,0,0,1,14,6,0,0,0,18,200,0,68,0,0,0,0,200,200
361926,0,30,1,2,0,1,12,6,0,0,0,21,200,1,44,0,4,0,0,200,200
361926,0,30,1,2,0,1,12,6,0,0,0,21,200,0,31,0,0,0,0,200,200
361930,0,30,0,0,0,1,12,5,0,0,200,22,0,1,200,200,4,0,0,200,200
361930,0,30,0,0,0,1,12,5,0,0,200,22,0,1,70,0,0,0,0,200,200
361931,0,30,1,2,0,1,12,3,0,0,0,0,0,0,200,200,200,200,200,200,200
361931,0,30,1,2,0,1,12,3,0,0,0,0,0,1,200,0,200,0,0,200,200
361932,0,30,1,2,0,1,12,2,0,0,0,0,16,0,57,0,4,0,0,200,200
361932,0,30,1,2,0,1,12,2,0,0,0,0,16,1,23,0,0,0,0,200,200
361937,0,30,0,0,0,1,7,5,0,0,0,0,200,0,42,0,200,0,0,200,200
361939,0,30,1,2,0,1,12,5,0,0,0,200,200,1,26,0,200,0,0,200,200
361939,0,30,1,2,0,1,12,5,0,0,0,200,200,0,48,0,0,0,200,200,200
361939,1,30,1,2,0,1,12,5,0,0,0,200,200,1,200,0,200,200,200,200,200
361940,0,30,2,2,0,1,10,5,0,0,0,18,18,1,84,0,3,0,0,200,200
361940,0,30,2,2,0,1,10,5,0,0,0,18,18,0,200,0,0,0,0,200,200
361946,0,30,0,0,0,1,7,7,0,0,200,0,0,2,200,200,200,200,200,200,200
361947,0,30,0,0,0,1,10,5,0,0,0,18,200,0,27,200,3,0,0,200,200
361947,0,30,0,0,0,1,10,5,0,0,0,18,200,0,50,0,0,0,0,200,200
361950,0,30,1,2,0,1,10,5,0,0,0,200,200,0,200,200,12,200,0,200,200
361950,0,30,1,2,0,1,10,5,0,0,0,200,200,1,200,0,0,0,0,200,200
361951,0,30,2,2,0,1,0,5,0,0,200,17,200,0,25,0,0,200,0,200,200
361951,0,30,2,2,0,1,0,5,0,0,200,17,200,0,47,0,1,200,0,200,200
361951,1,30,2,2,0,1,0,5,0,0,200,17,200,1,0,5,200,200,200,200,200
361954,0,30,1,2,0,1,12,1,0,0,0,0,0,0,200,200,200,200,200,200,200
361954,0,30,1,2,0,1,12,1,0,0,0,0,0,0,33,0,0,0,0,200,200
361963,0,30,200,200,0,1,12,5,0,0,0,17,200,1,47,200,1,200,0,200,200
361963,0,30,200,200,0,1,12,5,0,0,0,17,200,1,41,200,0,200,0,200,200
361965,0,35,0,0,0,1,7,5,0,0,0,0,200,2,200,200,200,200,200,200,200
361967,0,30,1,2,0,1,12,6,0,0,0,21,200,0,200,200,4,200,200,200,200
361967,0,30,1,2,0,1,12,6,0,0,0,21,200,0,32,0,0,0,0,200,200
361968,0,10,0,0,0,1,7,7,0,0,0,0,0,1,200,200,12,0,0,200,200
361969,0,0,0,0,0,1,12,2,0,0,0,17,200,1,63,0,1,0,0,200,200
361969,0,0,0,0,0,1,12,2,0,0,0,17,200,0,50,0,0,0,0,200,200
361975,0,10,0,0,0,1,2,7,0,200,200,0,200,0,71,200,0,0,0,200,200
361976,0,30,1,2,0,1,10,5,0,0,0,18,200,0,200,0,3,200,200,200,200
361976,0,30,1,2,0,1,10,5,0,0,0,18,200,1,62,0,0,0,0,200,200
361977,0,30,0,0,200,200,7,2,0,200,0,0,200,0,200,200,200,200,200,200,200
361980,0,30,2,2,0,1,0,5,0,0,0,17,33,1,25,0,1,1,0,200,200
361980,0,30,2,2,0,1,0,5,0,0,0,17,33,1,69,0,0,1,0,200,200
361980,1,30,2,2,0,1,0,5,0,0,0,17,33,1,53,0,200,200,200,200,200
361980,1,30,2,2,0,1,0,5,0,0,0,17,33,0,46,0,200,200,200,200,200
361981,0,30,0,0,0,1,7,6,0,0,0,200,200,2,200,200,200,200,200,200,200
361982,0,30,0,0,0,1,11,5,0,0,0,0,200,0,45,0,200,200,0,200,200
361982,0,30,0,0,0,1,11,5,0,0,0,0,200,1,53,0,200,0,0,200,200
361985,0,30,0,0,0,1,7,2,0,0,0,0,200,1,65,200,12,0,0,200,200
361992,0,30,0,0,0,1,7,3,0,0,0,20,200,0,200,200,6,200,200,200,200
361992,1,30,0,0,0,1,7,3,0,0,0,20,200,0,30,0,200,200,200,200,200
361992,1,30,0,0,0,1,7,3,0,0,0,20,200,0,200,200,200,200,200,200,200
361994,0,5,0,0,0,1,2,7,0,0,0,0,200,1,63,0,0,0,0,200,200
361995,0,30,0,0,0,1,10,5,0,0,0,18,200,1,18,200,3,0,0,200,200
361995,0,30,0,0,0,1,10,5,0,0,0,18,200,0,60,7,0,0,0,200,200
361995,1,30,0,0,0,1,10,5,0,0,0,18,200,0,200,200,200,200,200,200,200
361996,0,30,1,2,0,1,14,2,0,0,0,17,200,1,75,200,1,200,200,200,200
361996,0,30,1,2,0,1,14,2,0,0,0,17,200,0,37,200,200,200,200,200,200
361997,0,30,1,2,0,1,10,5,0,0,0,18,18,0,35,0,1,0,0,200,200
361997,0,30,1,2,0,1,10,5,0,0,0,18,18,0,59,0,0,0,0,200,200
362004,0,30,0,0,200,200,12,5,0,200,200,0,200,0,200,200,200,200,200,200,200
362004,0,30,0,0,200,200,12,5,0,200,200,0,200,1,71,0,0,0,0,200,200
362011,0,30,1,2,0,1,10,2,0,0,0,16,0,0,81,0,3,0,0,200,200
362011,0,30,1,2,0,1,10,2,0,0,0,16,0,1,50,0,0,0,0,200,200
362013,0,25,0,0,200,1,7,6,0,0,0,0,0,2,200,200,200,200,200,200,200
362014,0,35,1,2,0,1,10,2,0,0,0,6,7,0,31,200,5,200,0,200,200
362014,0,35,1,2,0,1,10,2,0,0,0,6,7,1,24,200,0,200,0,200,200
362016,0,30,0,0,0,1,7,5,0,0,0,200,200,0,77,0,12,0,0,200,200
362016,1,30,0,0,0,1,7,5,0,0,0,200,200,1,200,0,200,200,200,200,200
362019,0,30,0,0,0,4,14,5,0,0,0,200,200,0,21,0,0,0,0,200,200
362019,0,30,0,0,0,4,14,5,0,0,0,200,200,0,32,0,0,0,0,200,200
362019,1,30,0,0,0,4,14,5,0,0,0,200,200,1,200,0,200,200,200,200,200
362019,1,30,0,0,0,4,14,5,0,0,0,200,200,1,200,0,200,200,200,200,200
362021,0,30,1,2,0,1,7,3,0,0,0,0,0,0,48,200,200,200,200,200,200
362022,0,30,0,0,0,1,14,2,0,0,0,23,21,0,25,0,7,0,0,200,200
362022,0,30,0,0,0,1,14,2,0,0,0,23,21,0,26,0,0,0,0,200,200
362023,0,40,0,0,0,1,10,3,0,0,0,18,16,0,54,0,3,0,0,200,200
362023,0,40,0,0,0,1,10,3,0,0,0,18,16,0,38,0,0,0,0,200,200
362023,1,40,0,0,0,1,10,3,0,0,0,18,16,1,17,0,200,200,200,200,200
362025,0,15,0,0,0,1,7,6,0,0,0,11,0,0,200,200,200,200,200,200,200
362033,0,25,0,0,0,3,7,6,0,1,0,0,200,2,200,200,200,200,200,200,200
362038,0,20,2,2,0,1,0,6,0,0,0,5,200,2,200,200,12,200,200,200,200
362038,0,20,2,2,0,1,0,6,0,0,0,5,200,1,22,0,0,0,0,200,200
362045,0,35,0,0,0,1,10,5,0,0,0,9,200,1,21,0,15,0,0,200,200
362045,0,35,0,0,0,1,10,5,0,0,0,9,200,0,52,200,0,0,200,200,200
362050,0,30,1,2,0,1,10,5,0,0,0,18,18,0,66,0,3,0,0,200,200
362050,0,30,1,2,0,1,10,5,0,0,0,18,18,0,76,0,0,0,0,200,200
362055,0,0,200,200,0,1,12,2,0,0,0,0,0,0,47,200,200,200,0,200,200
362055,0,0,200,200,0,1,12,2,0,0,0,0,0,0,32,200,200,200,0,200,200
362058,0,45,0,0,0,1,10,3,0,0,0,0,0,0,36,0,3,0,0,200,200
362058,0,45,0,0,0,1,10,3,0,0,0,0,0,0,48,0,0,0,0,200,200
362059,0,30,0,0,0,1,10,2,0,0,0,11,0,0,30,200,3,200,0,200,200
362059,0,30,0,0,0,1,10,2,0,0,0,11,0,0,34,200,0,0,0,200,200
362059,0,30,0,0,0,1,10,2,0,0,0,11,0,0,67,200,0,0,0,200,200
362059,1,30,0,0,0,1,10,2,0,0,0,11,0,1,35,200,200,200,200,200,200
362062,0,30,2,2,0,1,0,5,0,0,0,17,0,2,200,200,200,200,200,200,200
362062,0,30,2,2,0,1,0,5,0,0,0,17,0,1,57,0,0,0,0,200,200
362063,0,15,0,0,0,1,2,0,0,0,0,20,200,0,200,200,6,200,200,200,200
362063,3,15,0,0,0,1,2,0,0,0,0,20,200,1,73,7,0,200,0,200,200
362072,0,30,1,200,0,1,14,5,0,0,200,0,0,1,23,0,200,200,200,200,200
362072,0,30,1,200,0,1,14,5,0,0,200,0,0,1,28,0,0,200,200,200,200
362072,1,30,1,200,0,1,14,5,0,0,200,0,0,0,200,0,200,200,200,200,200
362074,0,30,0,0,0,1,9,2,0,0,0,0,0,2,200,200,200,200,200,200,200
362074,5,30,0,0,0,1,9,2,0,0,0,0,0,0,60,7,200,0,0,200,200
362077,0,30,0,0,0,1,10,5,0,0,0,18,16,0,25,200,3,200,0,200,200
362077,0,30,0,0,0,1,10,5,0,0,0,18,16,1,36,0,0,0,0,200,200
362079,0,30,0,0,0,1,4,5,0,0,0,200,200,1,38,0,0,0,0,200,200
362079,1,30,0,0,0,1,4,5,0,0,0,200,200,0,200,0,200,200,200,200,200
362081,0,30,0,0,0,1,14,5,0,0,0,23,200,0,200,200,7,200,200,200,200
362081,0,30,0,0,0,1,14,5,0,0,0,23,200,1,23,0,0,0,0,200,200
362081,1,30,0,0,0,1,14,5,0,0,0,23,200,0,200,200,200,200,200,200,200
362081,1,30,0,0,0,1,14,5,0,0,0,23,200,0,200,200,200,200,200,200,200
362085,0,30,1,2,0,1,12,2,0,0,0,21,200,0,27,200,4,200,0,200,200
362085,0,30,1,2,0,1,12,2,0,0,0,21,200,1,28,200,0,200,0,200,200
362086,0,30,1,2,0,1,10,5,0,0,0,0,200,0,25,200,0,0,0,200,200
362086,0,30,1,2,0,1,10,5,0,0,0,0,200,1,43,200,0,0,0,200,200
362086,1,30,1,2,0,1,10,5,0,0,0,0,200,2,200,200,200,200,200,200,200
362086,1,30,1,2,0,1,10,5,0,0,0,0,200,2,200,200,200,200,200,200,200
362086,1,30,1,2,0,1,10,5,0,0,0,0,200,0,200,200,200,200,200,200,200
362086,1,30,1,2,0,1,10,5,0,0,0,0,200,1,200,200,200,200,200,200,200
362086,1,30,1,2,0,1,10,5,0,0,0,0,200,0,200,200,200,200,200,200,200
362093,0,30,12,0,0,1,9,5,0,0,0,0,200,1,42,0,12,0,0,200,200
362093,5,30,12,0,0,1,9,5,0,0,0,0,200,0,16,2,200,200,0,200,200
362096,0,30,1,200,0,1,10,5,0,0,0,200,200,1,0,0,200,0,0,200,200
362096,0,30,1,200,0,1,10,5,0,0,0,200,200,0,52,0,0,0,0,200,200
362098,0,30,0,0,0,1,10,5,0,0,0,18,0,1,25,0,3,0,0,200,200
362098,0,30,0,0,0,1,10,5,0,0,0,18,0,0,33,0,0,0,0,200,200
362098,1,30,0,0,0,1,10,5,0,0,0,18,0,1,29,0,200,200,200,200,200
362098,1,30,0,0,0,1,10,5,0,0,0,18,0,1,20,0,200,200,200,200,200
362100,0,35,200,200,200,200,7,6,0,200,200,0,0,2,200,200,200,200,200,200,200
362110,0,25,2,12,0,1,0,5,0,0,0,0,200,0,27,0,0,1,0,200,200
362110,0,25,2,12,0,1,0,5,0,0,0,0,200,1,36,0,2,1,0,200,200
362110,1,25,2,12,0,1,0,5,0,0,0,0,200,1,58,0,200,200,200,200,200
362112,0,30,1,2,0,1,14,5,0,0,0,23,200,0,25,0,7,0,0,200,200
362112,0,30,1,2,0,1,14,5,0,0,0,23,200,0,38,0,0,0,0,200,200
362126,0,30,1,2,2,1,10,5,0,1,0,16,0,1,59,200,3,200,200,200,200
362126,0,30,1,2,2,1,10,5,0,1,0,16,0,0,42,200,0,200,200,200,200
362127,0,30,2,0,0,1,14,5,0,0,0,200,200,1,32,200,0,200,200,200,200
362127,0,30,2,0,0,1,14,5,0,0,0,200,200,0,19,0,0,0,0,200,200
362127,1,30,2,0,0,1,14,5,0,0,0,200,200,0,200,0,200,200,200,200,200
362127,1,30,2,0,0,1,14,5,0,0,0,200,200,0,200,200,200,200,200,200,200
362129,0,30,0,0,0,1,12,5,0,0,0,17,16,0,35,200,1,200,0,200,200
362129,0,30,0,0,0,1,12,5,0,0,0,17,16,1,41,0,0,0,0,200,200
362130,0,30,2,2,0,1,14,2,0,0,0,18,18,0,56,0,3,0,0,200,200
362130,0,30,2,2,0,1,14,2,0,0,0,18,18,1,43,0,12,0,0,200,200
362132,0,35,0,0,0,1,0,200,2,0,0,33,0,0,37,200,12,12,0,200,200
362132,0,35,0,0,0,1,0,200,2,0,0,33,0,0,63,0,0,0,0,200,200
362138,0,30,1,2,0,1,10,5,0,0,200,18,0,0,200,200,3,0,0,200,200
362138,0,30,1,2,0,1,10,5,0,0,200,18,0,0,32,0,0,0,0,200,200
362140,0,30,0,0,0,0,12,5,0,0,0,22,200,0,23,200,2,200,200,200,200
362140,0,30,0,0,0,0,12,5,0,0,0,22,200,0,28,0,0,0,0,200,200
362142,0,30,2,2,0,3,0,6,0,0,0,0,200,0,200,200,6,200,200,200,200
362142,0,30,2,2,0,3,0,6,0,0,0,0,200,0,40,200,0,0,0,200,200
362142,1,30,2,2,0,3,0,6,0,0,0,0,200,0,200,200,200,200,200,200,200
362142,1,30,2,2,0,3,0,6,0,0,0,0,200,1,200,200,200,200,200,200,200
362142,1,30,2,2,0,3,0,6,0,0,0,0,200,200,200,200,200,200,200,200,200
362142,1,30,2,2,0,3,0,6,0,0,0,0,200,2,200,200,200,200,200,200,200
362143,0,30,0,0,0,1,12,5,0,0,200,21,200,0,40,0,0,0,0,200,200
362143,0,30,0,0,0,1,12,5,0,0,200,21,200,1,200,200,200,200,200,200,200
362144,0,30,0,0,0,1,7,6,0,0,0,11,16,0,28,200,200,0,0,200,200
362151,0,35,0,0,0,1,10,5,0,0,0,16,200,1,32,200,1,200,200,200,200
362151,0,35,0,0,0,1,10,5,0,0,0,16,200,1,43,200,0,200,200,200,200
362155,0,30,0,0,0,1,14,5,0,0,0,23,200,0,200,200,7,200,200,200,200
362155,0,30,0,0,0,1,14,5,0,0,0,23,200,1,32,0,0,0,0,200,200
362161,0,30,1,2,0,1,10,2,0,0,0,0,200,1,34,200,1,0,0,200,200
362161,0,30,1,2,0,1,10,2,0,0,0,0,200,2,200,200,0,200,200,200,200
362165,0,30,0,0,0,1,12,2,0,0,200,0,0,0,56,0,2,200,0,200,200
362165,0,30,0,0,0,1,12,2,0,0,200,0,0,0,40,200,0,200,200,200,200
362168,0,25,0,0,0,1,7,0,0,0,0,11,200,1,73,200,2,3,0,200,200
362173,0,30,0,200,0,1,10,5,0,0,0,200,200,0,200,200,200,200,200,200,200
362173,0,30,0,200,0,1,10,5,0,0,0,200,200,0,200,0,0,0,0,200,200
362180,0,30,0,0,200,1,7,200,0,200,200,17,200,2,200,200,1,200,200,200,200
362184,0,30,0,0,0,1,10,5,0,0,0,18,16,0,56,0,3,0,0,200,200
362184,0,30,0,0,0,1,10,5,0,0,0,18,16,0,52,200,0,200,0,200,200
362184,1,30,0,0,0,1,10,5,0,0,0,18,16,1,200,200,200,200,200,200,200
362188,0,30,0,0,0,0,7,6,0,0,0,200,200,2,200,200,200,200,200,200,200
362193,0,30,0,0,200,1,7,6,0,200,200,0,200,2,200,200,200,200,200,200,200
362198,0,25,0,0,0,1,10,5,0,0,0,7,11,1,32,200,200,12,0,200,200
362198,0,25,0,0,0,1,10,5,0,0,0,7,11,1,65,0,0,0,0,200,200
362201,0,30,200,200,0,1,10,6,0,0,0,0,200,1,21,0,3,200,0,200,200
362201,0,30,200,200,0,1,10,6,0,0,0,0,200,1,30,0,0,200,0,200,200
362202,0,25,5,200,0,1,9,5,0,0,200,14,0,2,200,200,200,200,200,200,200
362202,5,25,5,200,0,1,9,5,0,0,200,14,0,0,14,7,0,200,0,200,200
362204,0,30,0,0,0,1,12,5,0,0,200,0,200,0,200,200,200,200,200,200,200
362204,0,30,0,0,0,1,12,5,0,0,200,0,200,0,29,200,0,200,0,200,200
362205,4,30,2,2,0,1,8,5,0,0,0,5,200,0,200,200,5,0,200,200,200
362205,0,30,2,2,0,1,8,5,0,0,0,5,200,1,28,200,0,0,0,200,200
362214,0,30,0,0,0,1,7,5,0,0,0,8,200,0,36,0,12,0,0,200,200
362214,1,30,0,0,0,1,7,5,0,0,0,8,200,1,200,0,200,200,200,200,200
362217,0,30,1,2,0,1,10,3,0,0,0,0,0,1,200,200,1,200,200,200,200
362217,0,30,1,2,0,1,10,3,0,0,0,0,0,0,47,0,0,0,0,200,200
362217,1,30,1,2,0,1,10,3,0,0,0,0,0,1,200,7,200,200,200,200,200
362219,0,30,1,2,0,1,10,2,0,0,0,18,0,0,59,0,3,0,0,200,200
362219,0,30,1,2,0,1,10,2,0,0,0,18,0,0,25,0,200,0,0,200,200
362219,0,30,1,2,0,1,10,2,0,0,0,18,0,0,88,0,200,0,0,200,200
362224,0,35,0,0,0,1,10,2,0,0,0,18,0,0,40,0,3,0,0,200,200
362224,0,35,0,0,0,1,10,2,0,0,0,18,0,0,54,0,0,0,0,200,200
362230,3,0,0,0,0,1,2,0,0,0,0,0,200,0,64,200,200,200,200,200,200
362230,0,0,0,0,0,1,2,0,0,0,0,0,200,1,61,200,12,0,0,200,200
362231,0,15,0,0,0,1,9,0,0,0,0,200,200,2,200,200,200,200,200,200,200
362231,5,15,0,0,0,1,9,0,0,0,0,200,200,0,58,7,12,12,5,200,200
362232,0,30,1,2,0,1,10,2,0,0,0,18,200,0,20,200,1,0,0,200,200
362232,0,30,1,2,0,1,10,2,0,0,0,18,200,0,48,200,200,0,0,200,200
362232,0,30,1,2,0,1,10,2,0,0,0,18,200,1,27,200,3,0,0,200,200
362241,0,30,0,0,0,1,12,5,0,0,200,0,0,0,56,0,200,0,0,200,200
362241,0,30,0,0,0,1,12,5,0,0,200,0,0,0,71,0,200,0,0,200,200
362241,1,30,0,0,0,1,12,5,0,0,200,0,0,1,62,0,200,200,200,200,200
362244,0,30,0,0,0,1,0,5,0,0,0,17,200,1,22,200,1,200,0,200,200
362244,0,30,0,0,0,1,0,5,0,0,0,17,200,0,59,0,0,0,0,200,200
362246,0,35,1,200,0,1,10,2,0,0,0,0,200,1,29,0,4,200,0,200,200
362246,0,35,1,200,0,1,10,2,0,0,0,0,200,0,50,0,200,200,0,200,200
362255,0,30,1,2,0,1,10,2,0,0,0,16,18,1,28,0,3,0,0,200,200
362255,0,30,1,2,0,1,10,2,0,0,0,16,18,1,32,200,0,0,0,200,200
362255,1,30,1,2,0,1,10,2,0,0,0,16,18,2,200,200,200,200,200,200,200
362255,1,30,1,2,0,1,10,2,0,0,0,16,18,2,200,200,200,200,200,200,200
362255,1,30,1,2,0,1,10,2,0,0,0,16,18,2,200,200,200,200,200,200,200
362256,0,30,1,2,0,1,10,5,0,0,0,18,200,1,53,0,3,0,0,200,200
362256,0,30,1,2,0,1,10,5,0,0,0,18,200,0,50,0,0,0,0,200,200
362262,0,30,1,2,0,1,14,5,0,0,0,16,14,0,200,200,5,200,200,200,200
362262,0,30,1,2,0,1,14,5,0,0,0,16,14,0,74,0,0,0,0,200,200
362262,1,30,1,2,0,1,14,5,0,0,0,16,14,0,59,0,200,200,200,200,200
362265,0,30,1,2,0,1,10,5,0,0,0,0,0,0,200,200,3,200,200,200,200
362265,0,30,1,2,0,1,10,5,0,0,0,0,0,0,23,200,0,0,0,200,200
362266,0,30,2,2,0,1,8,5,0,0,200,17,200,1,35,0,1,0,0,200,200
362266,4,30,2,2,0,1,8,5,0,0,200,17,200,1,55,3,0,200,0,200,200
362275,0,35,3,0,0,1,14,1,0,0,0,23,17,0,66,0,7,1,0,200,200
362275,0,35,3,0,0,1,14,1,0,0,0,23,17,1,36,0,0,0,0,200,200
362276,0,30,1,2,0,1,14,2,0,0,0,18,0,0,56,200,3,0,0,200,200
362276,0,30,1,2,0,1,14,2,0,0,0,18,0,0,40,0,0,0,0,200,200
362280,0,25,0,0,0,1,10,2,0,0,0,18,0,0,31,0,0,0,0,200,200
362280,0,25,0,0,0,1,10,2,0,0,0,18,0,1,200,200,0,200,200,200,200
362284,0,30,0,0,0,1,14,0,0,0,0,0,0,0,200,200,12,0,0,200,200
362284,0,30,0,0,0,1,14,0,0,0,0,0,0,0,200,200,0,0,0,200,200
362284,1,30,0,0,0,1,14,0,0,0,0,0,0,1,200,200,200,200,200,200,200
362292,0,30,0,2,0,1,2,5,0,0,0,13,200,0,200,0,14,0,0,200,200
362292,1,30,0,2,0,1,2,5,0,0,0,13,200,0,200,0,200,200,200,200,200
362295,0,30,1,2,0,1,0,5,0,0,0,17,200,2,200,200,200,200,200,200,200
362295,0,30,1,2,0,1,0,5,0,0,0,17,200,1,68,0,0,0,0,200,200
362295,1,30,1,2,0,1,0,5,0,0,0,17,200,200,45,0,200,200,200,200,200
362302,0,30,3,2,0,1,12,2,0,0,0,0,0,1,200,200,200,200,200,200,200
362302,0,30,3,2,0,1,12,2,0,0,0,0,0,1,55,0,200,0,0,200,200
362302,1,30,3,2,0,1,12,2,0,0,0,0,0,2,200,200,200,200,200,200,200
362304,0,30,0,0,0,1,14,6,0,0,0,200,200,1,200,200,0,200,200,200,200
362304,0,30,0,0,0,1,14,6,0,0,0,200,200,0,49,0,0,0,0,200,200
362305,0,30,1,200,0,1,10,5,0,200,200,18,200,1,200,200,1,200,200,200,200
362305,0,30,1,200,0,1,10,5,0,200,200,18,200,0,50,200,0,0,0,200,200
362312,0,20,1,2,2,1,8,7,0,1,0,17,200,0,200,200,1,200,200,200,200
362312,4,20,1,2,2,1,8,7,0,1,0,17,200,1,29,3,0,0,0,200,200
362335,0,30,2,2,0,1,8,6,0,0,0,17,5,0,31,0,1,0,0,200,200
362335,4,30,2,2,0,1,8,6,0,0,0,17,5,0,15,3,0,0,0,200,200
362344,0,30,0,0,0,1,2,5,0,0,0,12,200,0,35,0,200,0,0,200,200
362350,0,30,0,0,0,1,7,6,0,0,0,0,200,2,200,200,200,200,200,200,200
362352,0,30,0,0,0,1,12,5,0,0,0,22,200,0,200,200,2,200,200,200,200
362352,0,30,0,0,0,1,12,5,0,0,0,22,200,0,22,0,0,0,0,200,200
362357,0,35,0,0,0,1,14,2,0,0,0,23,23,0,36,200,7,0,0,200,200
362357,0,35,0,0,0,1,14,2,0,0,0,23,23,0,38,0,0,0,0,200,200
362365,0,30,0,0,0,1,11,5,0,0,0,0,200,0,200,200,1,200,200,200,200
362365,0,30,0,0,0,1,11,5,0,0,0,0,200,0,29,1,0,0,0,200,200
362365,1,30,0,0,0,1,11,5,0,0,0,0,200,0,200,200,200,200,200,200,200
362365,1,30,0,0,0,1,11,5,0,0,0,0,200,0,200,0,200,200,200,200,200
362366,0,30,0,0,0,1,0,5,0,0,0,22,22,2,200,200,2,200,200,200,200
362366,0,30,0,0,0,1,0,5,0,0,0,22,22,0,43,0,0,0,0,200,200
362366,1,30,0,0,0,1,0,5,0,0,0,22,22,1,24,0,200,200,200,200,200
362374,0,30,0,0,0,1,7,6,0,0,0,0,0,2,200,200,200,200,200,200,200
362382,0,30,0,0,0,1,10,5,0,0,0,200,200,2,200,200,200,200,200,200,200
362382,0,30,0,0,0,1,10,5,0,0,0,200,200,0,200,0,0,0,0,200,200
362384,0,35,1,2,0,1,10,200,0,0,0,18,200,0,200,200,3,200,200,200,200
362384,0,35,1,2,0,1,10,200,0,0,0,18,200,1,33,0,0,0,0,200,200
362385,0,30,0,0,0,1,8,5,0,0,0,0,0,0,27,0,12,0,0,200,200
362385,4,30,0,0,0,1,8,5,0,0,0,0,0,0,32,3,0,0,0,200,200
362387,0,25,0,0,0,1,12,5,0,0,0,17,23,1,51,200,1,200,0,200,200
362387,0,25,0,0,0,1,12,5,0,0,0,17,23,1,53,200,0,200,0,200,200
362392,0,25,0,0,0,1,7,6,0,0,0,0,200,0,24,0,200,0,0,200,200
362403,0,30,2,2,0,3,9,6,0,200,200,0,0,2,200,200,200,200,200,200,200
362403,5,30,2,2,0,3,9,6,0,200,200,0,0,0,27,200,0,200,7,200,200
362412,5,30,1,2,0,3,9,5,0,0,0,200,200,0,22,7,200,0,0,200,200
362412,0,30,1,2,0,3,9,5,0,0,0,200,200,1,28,0,12,0,0,200,200
362426,0,30,0,0,0,3,12,6,0,0,200,17,0,0,65,0,1,0,0,200,200
362426,0,30,0,0,0,3,12,6,0,0,200,17,0,0,42,0,0,0,0,200,200
362431,0,5,12,2,0,3,2,3,0,0,0,0,16,0,48,200,12,200,4,200,200
362434,0,30,0,0,0,4,8,5,0,0,0,22,11,2,200,200,200,200,200,200,200
362434,4,30,0,0,0,4,8,5,0,0,0,22,11,0,40,7,200,200,5,200,200
362450,0,30,0,0,0,1,7,6,0,0,0,23,25,2,200,200,8,200,200,200,200
362452,0,20,0,0,0,3,12,2,0,0,0,22,22,1,30,200,2,200,200,200,200
362452,0,20,0,0,0,3,12,2,0,0,0,22,22,1,25,200,12,0,0,200,200