RD_NO,PERSON_TYPE,POSTED_SPEED_LIMIT,TRAFFIC_CONTROL_DEVICE,DEVICE_CONDITION,WEATHER_CONDITION,LIGHTING_CONDITION,FIRST_CRASH_TYPE,TRAFFICWAY_TYPE,ALIGNMENT,ROADWAY_SURFACE_COND,ROAD_DEFECT,PRIM_CONTRIBUTORY_CAUSE,SEC_CONTRIBUTORY_CAUSE,SEX,AGE,SAFETY_EQUIPMENT,DRIVER_ACTION,DRIVER_VISION,PHYSICAL_CONDITION,BAC_RESULT VALUE,CELL_PHONE_USE
362452,1,20,0,0,0,3,12,2,0,0,0,22,22,1,4,0,200,200,200,200,200
362452,1,20,0,0,0,3,12,2,0,0,0,22,22,1,35,0,200,200,200,200,200
362452,1,20,0,0,0,3,12,2,0,0,0,22,22,1,25,0,200,200,200,200,200
362452,1,20,0,0,0,3,12,2,0,0,0,22,22,1,10,0,200,200,200,200,200
362455,4,30,1,2,0,3,8,5,0,0,0,6,0,0,36,7,5,0,0,200,200
362455,0,30,1,2,0,3,8,5,0,0,0,6,0,0,53,0,0,0,0,200,200
362455,1,30,1,2,0,3,8,5,0,0,0,6,0,1,47,0,200,200,200,200,200
362478,4,35,0,0,0,1,8,6,0,0,0,21,200,0,200,200,12,200,200,200,200
362478,0,35,0,0,0,1,8,6,0,0,0,21,200,1,46,0,0,0,0,200,200
362485,0,30,0,0,0,4,2,8,2,0,0,8,8,1,44,0,0,0,0,200,200
362486,0,30,0,0,0,1,7,6,0,0,0,0,0,2,200,200,200,200,200,200,200
362489,0,30,2,2,0,1,4,5,2,0,0,0,0,0,50,2,200,200,0,200,200
362509,0,45,1,2,0,3,0,2,0,0,0,16,16,2,200,200,200,200,200,200,200
362509,0,45,1,2,0,3,0,2,0,0,0,16,16,0,40,0,0,0,0,200,200
362512,0,30,0,0,0,3,7,2,0,0,0,0,0,0,200,200,200,200,200,200,200
362513,0,30,0,0,0,3,7,6,0,0,0,20,16,2,200,200,6,200,200,200,200
362514,0,30,0,0,0,1,2,7,0,0,0,21,200,0,200,200,200,200,200,200,200
362527,0,30,0,0,0,3,11,5,0,0,200,0,0,0,200,200,200,200,200,200,200
362527,0,30,0,0,0,3,11,5,0,0,200,0,0,0,35,200,0,0,0,200,200
362537,0,30,1,2,0,4,12,12,0,0,0,9,200,1,25,200,4,200,200,200,200
362537,0,30,1,2,0,4,12,12,0,0,0,9,200,0,27,0,0,0,0,200,200
362537,1,30,1,2,0,4,12,12,0,0,0,9,200,1,25,0,200,200,200,200,200
362537,1,30,1,2,0,4,12,12,0,0,0,9,200,0,1,5,200,200,200,200,200
362537,1,30,1,2,0,4,12,12,0,0,0,9,200,200,5,5,200,200,200,200,200
362543,0,30,1,2,0,0,12,5,0,0,0,0,0,1,200,200,200,200,200,200,200
362543,0,30,1,2,0,0,12,5,0,0,0,0,0,1,51,0,0,0,0,200,200
362544,0,30,1,2,0,3,0,1,0,0,0,6,16,0,18,0,5,0,0,200,200
362544,0,30,1,2,0,3,0,1,0,0,0,6,16,0,20,0,0,0,0,200,200
362554,0,35,1,2,0,3,14,5,0,0,200,6,17,0,31,0,0,0,0,200,200
362554,0,35,1,2,0,3,14,5,0,0,200,6,17,0,40,200,5,200,200,200,200
362559,0,30,0,0,0,3,7,7,0,0,0,11,200,0,34,0,12,0,0,200,200
362564,0,30,200,0,0,3,4,5,0,0,0,0,0,0,200,200,12,200,200,200,200
362590,0,15,0,0,0,3,2,0,0,0,0,16,11,0,25,200,1,0,0,200,200
362592,0,25,2,0,0,3,14,1,0,0,0,17,14,1,18,0,1,0,0,200,200
362592,0,25,2,0,0,3,14,1,0,0,0,17,14,0,22,0,0,0,0,200,200
362592,1,25,2,0,0,3,14,1,0,0,0,17,14,0,19,0,200,200,200,200,200
362610,0,30,0,0,0,3,7,5,0,0,0,0,0,2,200,200,200,200,200,200,200
362610,1,30,0,0,0,3,7,5,0,0,0,0,0,0,55,200,200,200,200,200,200
362622,0,15,0,0,0,3,2,0,0,0,200,200,0,1,42,200,12,0,0,200,200
362634,0,30,1,2,0,3,10,5,0,0,0,18,6,1,42,200,3,0,0,200,200
362634,0,30,1,2,0,3,10,5,0,0,0,18,6,0,200,200,0,0,0,200,200
362634,1,30,1,2,0,3,10,5,0,0,0,18,6,1,200,200,200,200,200,200,200
362683,0,30,0,0,0,3,7,6,0,0,0,32,27,0,44,200,1,200,3,200,200
362687,0,25,0,0,0,3,7,6,0,0,0,8,10,0,18,0,0,200,0,200,200
362696,0,15,0,0,0,3,7,6,0,0,0,0,200,2,200,200,200,200,200,200,200
362697,0,30,0,0,0,200,7,6,0,0,200,32,200,1,21,200,12,200,5,200,200
362697,1,30,0,0,0,200,7,6,0,0,200,32,200,1,20,200,200,200,200,200,200
362716,0,30,1,2,0,3,0,1,0,0,0,6,200,1,44,0,5,0,0,200,200
362716,0,30,1,2,0,3,0,1,0,0,0,6,200,0,43,200,0,0,0,200,200
362725,0,30,1,2,0,1,10,5,0,0,0,18,0,0,200,200,3,200,200,200,200
362725,0,30,1,2,0,1,10,5,0,0,0,18,0,0,30,0,0,0,0,200,200
362726,0,30,0,12,0,2,2,3,0,0,0,10,16,2,200,200,200,200,200,200,200
362728,0,30,1,2,0,1,0,2,0,0,0,22,200,0,41,0,12,0,0,200,200
362728,0,30,1,2,0,1,0,2,0,0,0,22,200,0,46,0,4,0,0,200,200
362728,1,30,1,2,0,1,0,2,0,0,0,22,200,1,38,0,200,200,200,200,200
362730,0,30,1,2,0,1,7,3,0,0,0,28,200,0,52,0,12,0,0,200,200
362732,0,30,0,200,0,1,14,5,0,0,0,23,0,0,51,0,0,0,0,200,200
362732,0,30,0,200,0,1,14,5,0,0,0,23,0,2,200,200,7,200,200,200,200
362733,0,0,1,2,0,200,12,12,0,0,0,0,200,2,200,200,200,200,200,200,200
362733,0,0,1,2,0,200,12,12,0,0,0,0,200,1,52,200,0,0,0,200,200
362736,0,20,0,0,0,1,7,5,0,0,0,0,0,0,31,0,200,200,2,200,200
362744,0,25,0,0,0,2,7,2,0,0,0,7,0,1,36,0,12,0,0,200,200
362745,0,20,0,0,0,200,7,5,0,0,0,0,200,2,200,200,200,200,200,200,200
362751,0,20,0,0,0,3,7,6,0,0,0,0,200,2,200,200,200,200,200,200,200
362756,0,10,0,0,0,1,2,4,0,0,0,11,0,0,24,200,12,0,0,200,200
362758,0,35,0,0,0,1,12,6,0,0,0,22,18,1,200,200,4,200,200,200,200
362758,0,35,0,0,0,1,12,6,0,0,0,22,18,1,29,200,0,0,0,200,200
362763,0,30,0,0,0,1,12,2,0,0,0,17,20,0,27,0,1,0,0,200,200
362763,0,30,0,0,0,1,12,2,0,0,0,17,20,0,43,0,0,0,0,200,200
362763,1,30,0,0,0,1,12,2,0,0,0,17,20,1,26,0,200,200,200,200,200
362780,0,30,2,2,0,1,12,5,0,0,0,22,21,1,27,200,4,0,0,200,200
362780,0,30,2,2,0,1,12,5,0,0,0,22,21,1,42,0,0,0,0,200,200
362782,0,30,2,2,0,1,10,2,0,0,0,18,200,0,200,200,3,200,200,200,200
362782,0,30,2,2,0,1,10,2,0,0,0,18,200,1,55,200,0,200,0,200,200
362791,0,30,2,2,0,1,0,5,0,0,0,0,5,0,47,0,200,0,0,200,200
362791,0,30,2,2,0,1,0,5,0,0,0,0,5,0,45,0,200,0,0,200,200
362801,0,30,0,0,0,1,7,2,0,0,0,0,0,1,200,200,200,200,200,200,200
362804,0,30,0,0,0,1,10,5,0,0,0,0,0,0,200,200,3,200,200,200,200
362804,0,30,0,0,0,1,10,5,0,0,0,0,0,1,30,0,0,0,0,200,200
362807,0,30,1,2,0,1,14,12,0,0,0,6,16,0,62,200,5,0,0,200,200
362807,0,30,1,2,0,1,14,12,0,0,0,6,16,0,37,0,0,0,0,200,200
362810,0,30,0,0,0,1,2,2,0,0,0,8,27,2,200,200,200,200,200,200,200
362810,1,30,0,0,0,1,2,2,0,0,0,8,27,0,28,1,200,200,200,200,200
362822,0,30,1,2,0,1,12,2,0,0,0,23,21,0,45,200,4,0,0,200,200
362822,0,30,1,2,0,1,12,2,0,0,0,23,21,0,47,200,0,0,0,200,200
362823,0,30,0,0,0,1,12,3,0,0,0,17,17,0,37,200,1,0,0,200,200
362823,0,30,0,0,0,1,12,3,0,0,0,17,17,0,62,0,0,0,0,200,200
362824,0,30,0,0,0,1,12,3,0,0,0,0,200,0,43,200,12,200,0,200,200
362824,0,30,0,0,0,1,12,3,0,0,0,0,200,0,52,200,200,200,0,200,200
362825,0,30,0,0,0,3,7,6,0,0,0,0,0,2,200,200,200,200,200,200,200
362827,0,30,0,0,0,1,0,5,0,0,0,0,0,0,42,0,3,0,0,200,200
362827,0,30,0,0,0,1,0,5,0,0,0,0,0,0,25,0,0,0,0,200,200
362827,1,30,0,0,0,1,0,5,0,0,0,0,0,1,200,0,200,200,200,200,200
362827,1,30,0,0,0,1,0,5,0,0,0,0,0,1,200,7,200,200,200,200,200
362827,1,30,0,0,0,1,0,5,0,0,0,0,0,1,200,7,200,200,200,200,200
362832,0,30,0,0,200,0,2,6,0,200,0,14,16,2,200,200,8,200,200,200,200
362832,3,30,0,0,200,0,2,6,0,200,0,14,16,2,200,200,200,200,200,200,200
362837,0,20,0,0,0,1,12,6,0,0,0,0,22,1,53,0,10,0,0,200,200
362837,0,20,0,0,0,1,12,6,0,0,0,0,22,1,41,200,12,200,200,200,200
362840,0,30,1,2,0,1,10,5,0,0,0,18,6,0,33,0,3,0,0,200,200
362840,0,30,1,2,0,1,10,5,0,0,0,18,6,0,200,200,0,200,200,200,200
362849,0,30,0,0,0,1,12,2,0,0,0,0,200,0,200,0,0,0,0,200,200
362849,0,30,0,0,0,1,12,2,0,0,0,0,200,1,61,0,0,0,0,200,200
362854,0,30,1,2,0,1,10,5,0,0,0,18,200,1,64,200,3,200,200,200,200
362854,0,30,1,2,0,1,10,5,0,0,0,18,200,1,32,0,0,0,0,200,200
362855,0,30,0,0,0,1,8,5,0,0,0,17,200,0,45,200,1,0,0,200,200
362855,4,30,0,0,0,1,8,5,0,0,0,17,200,0,36,3,0,0,0,200,200
362864,0,25,2,2,0,1,7,5,0,0,0,28,200,0,51,0,200,0,0,200,200
362865,0,25,0,0,0,1,7,5,0,0,0,0,200,0,25,0,12,0,0,200,200
362868,0,30,0,0,0,1,14,5,0,0,0,0,200,0,57,0,12,5,0,200,200
362868,0,30,0,0,0,1,14,5,0,0,0,0,200,0,67,0,12,0,0,200,200
362869,0,30,1,2,2,1,10,5,0,1,0,0,0,0,33,200,200,0,0,200,200
362869,0,30,1,2,2,1,10,5,0,1,0,0,0,0,21,200,200,0,0,200,200
362869,1,30,1,2,2,1,10,5,0,1,0,0,0,0,18,200,200,200,200,200,200
362869,1,30,1,2,2,1,10,5,0,1,0,0,0,0,200,200,200,200,200,200,200
362880,0,30,1,2,0,1,9,5,0,0,0,17,200,0,26,0,1,0,0,200,200
362880,5,30,1,2,0,1,9,5,0,0,0,17,200,1,53,7,0,200,7,200,200
362881,0,30,0,0,0,1,0,6,0,0,0,16,22,0,49,0,2,0,0,200,200
362881,0,30,0,0,0,1,0,6,0,0,0,16,22,0,32,0,0,0,0,200,200
362881,1,30,0,0,0,1,0,6,0,0,0,16,22,0,20,0,200,200,200,200,200
362882,0,30,2,2,0,1,10,6,0,0,0,0,200,1,34,200,200,200,0,200,200
362882,0,30,2,2,0,1,10,6,0,0,0,0,200,1,45,0,0,0,0,200,200
362885,0,25,2,2,0,1,7,5,0,0,0,200,200,0,38,0,12,0,0,200,200
362885,1,25,2,2,0,1,7,5,0,0,0,200,200,0,200,0,200,200,200,200,200
362887,0,30,12,200,0,1,12,2,0,0,200,0,0,0,46,200,200,200,200,200,200
362887,0,30,12,200,0,1,12,2,0,0,200,0,0,0,33,0,0,200,0,200,200
362890,0,30,1,2,0,1,10,2,0,0,0,18,200,0,24,0,0,0,0,200,200
362890,0,30,1,2,0,1,10,2,0,0,0,18,200,1,200,200,0,200,200,200,200
362903,0,30,0,0,0,1,12,5,0,0,0,21,22,0,61,0,12,0,0,200,200
362903,0,30,0,0,0,1,12,5,0,0,0,21,22,1,53,0,0,0,0,200,200
362904,0,35,0,0,0,1,12,5,0,0,0,0,0,1,66,0,0,0,0,200,200
362904,0,35,0,0,0,1,12,5,0,0,0,0,0,0,41,0,0,0,0,200,200
362904,1,35,0,0,0,1,12,5,0,0,0,0,0,1,68,0,200,200,200,200,200
362907,0,20,0,0,0,3,5,7,0,0,0,0,200,0,40,0,0,0,0,200,200
362913,0,40,3,2,0,1,12,3,0,0,0,11,11,0,41,0,4,0,0,200,200
362913,0,40,3,2,0,1,12,3,0,0,0,11,11,0,49,0,0,0,0,200,200
362913,1,40,3,2,0,1,12,3,0,0,0,11,11,0,200,0,200,200,200,200,200
362915,0,30,0,0,0,1,10,5,0,0,0,18,0,0,35,0,3,0,0,200,200
362915,0,30,0,0,0,1,10,5,0,0,0,18,0,0,24,0,0,0,0,200,200
362915,1,30,0,0,0,1,10,5,0,0,0,18,0,1,25,0,200,200,200,200,200
362917,0,30,0,0,0,3,7,6,0,0,0,0,0,2,200,200,200,200,200,200,200
362919,0,30,1,2,0,1,10,2,0,0,0,18,11,0,200,200,3,200,200,200,200
362919,0,30,1,2,0,1,10,2,0,0,0,18,11,0,48,7,0,0,0,200,200
362920,0,30,1,2,0,1,14,5,0,0,0,23,0,0,25,0,7,0,0,200,200
362920,0,30,1,2,0,1,14,5,0,0,0,23,0,0,37,0,12,0,0,200,200
362923,4,30,1,2,0,1,8,2,0,0,0,17,6,0,41,2,12,0,5,200,200
362923,0,30,1,2,0,1,8,2,0,0,0,17,6,0,41,0,0,0,0,200,200
362925,0,30,1,200,0,1,12,5,0,0,0,17,28,1,41,200,1,200,0,200,200
362925,0,30,1,200,0,1,12,5,0,0,0,17,28,0,56,200,0,200,0,200,200
362927,0,30,1,2,0,1,9,5,0,0,0,25,0,0,200,200,6,200,200,200,200
362927,5,30,1,2,0,1,9,5,0,0,0,25,0,1,61,200,200,200,200,200,200
362928,0,30,200,200,0,1,7,5,0,0,0,16,0,0,73,0,12,200,12,200,200
362936,0,30,0,3,0,1,12,5,0,0,0,0,200,0,29,200,12,0,0,200,200
362936,0,30,0,3,0,1,12,5,0,0,0,0,200,0,36,0,200,0,0,200,200
362940,0,15,0,0,0,1,7,7,0,0,0,20,200,1,200,7,6,0,0,200,200
362957,0,25,1,2,0,1,12,5,0,0,0,18,200,0,22,0,3,0,0,200,200
362957,0,25,1,2,0,1,12,5,0,0,0,18,200,0,27,0,0,0,0,200,200
362957,1,25,1,2,0,1,12,5,0,0,0,18,200,1,24,0,200,200,200,200,200
362960,0,30,0,0,0,1,10,2,0,0,0,0,0,0,25,0,0,0,0,200,200
362960,0,30,0,0,0,1,10,2,0,0,0,0,0,1,34,0,0,0,0,200,200
362964,0,30,0,0,2,3,4,2,0,1,1,200,200,0,25,0,0,0,0,200,200
362964,1,30,0,0,2,3,4,2,0,1,1,200,200,1,25,0,200,200,200,200,200
362964,1,30,0,0,2,3,4,2,0,1,1,200,200,0,25,0,200,200,200,200,200
362965,0,40,1,2,0,1,10,3,0,0,0,33,200,0,80,0,12,0,0,200,200
362965,0,40,1,2,0,1,10,3,0,0,0,33,200,0,28,0,0,0,0,200,200
362968,0,15,0,0,0,1,0,7,0,0,0,0,0,1,200,200,200,200,200,200,200
362968,0,15,0,0,0,1,0,7,0,0,0,0,0,0,75,0,200,0,0,200,200
362970,0,30,1,2,0,1,10,5,0,0,0,11,0,1,51,0,0,0,0,200,200
362970,0,30,1,2,0,1,10,5,0,0,0,11,0,0,60,200,3,0,0,200,200
362973,0,20,0,0,200,0,7,5,0,200,0,0,0,2,200,200,200,200,200,200,200
362985,0,20,0,0,0,1,7,7,0,2,200,200,200,2,200,200,200,200,200,200,200
362988,0,30,0,0,0,1,7,6,0,0,0,23,200,0,45,0,7,0,0,200,200
362988,1,30,0,0,0,1,7,6,0,0,0,23,200,0,69,7,200,200,200,200,200
362989,0,20,2,2,0,1,2,5,0,0,0,17,0,1,27,200,1,0,0,200,200
362991,0,20,1,2,0,1,14,5,0,0,0,22,11,1,28,0,2,0,0,200,200
362991,0,20,1,2,0,1,14,5,0,0,0,22,11,0,71,0,0,0,0,200,200
363000,0,30,1,2,0,1,2,5,0,0,0,200,200,1,88,0,1,1,0,200,200
363000,0,30,1,2,0,1,2,5,0,0,0,200,200,0,46,0,0,0,0,200,200
363002,0,10,0,0,0,1,12,12,0,0,0,0,0,1,42,0,200,0,0,200,200
363002,0,10,0,0,0,1,12,12,0,0,0,0,0,0,19,0,200,0,0,200,200
363004,0,30,0,0,0,1,2,7,0,0,0,0,200,0,34,0,12,0,0,200,200
363005,0,30,200,200,0,1,7,6,0,0,0,200,200,1,44,200,12,0,0,200,200
363006,0,15,0,0,0,1,2,5,0,0,0,11,0,0,50,0,6,0,0,200,200
363008,0,30,0,0,0,1,14,12,3,0,0,23,200,1,28,200,7,0,0,200,200
363008,0,30,0,0,0,1,14,12,3,0,0,23,200,1,23,0,0,0,0,200,200
363011,0,30,0,0,0,1,10,200,0,0,0,18,20,1,200,200,200,200,200,200,200
363011,0,30,0,0,0,1,10,200,0,0,0,18,20,1,52,0,200,200,0,200,200
363011,1,30,0,0,0,1,10,200,0,0,0,18,20,0,80,0,200,200,200,200,200
363013,0,30,0,0,200,3,14,2,0,200,200,0,0,0,200,200,200,200,200,200,200
363013,0,30,0,0,200,3,14,2,0,200,200,0,0,1,24,0,0,0,0,200,200
363014,0,20,0,0,0,3,5,0,0,0,0,0,200,2,200,200,200,200,200,200,200
363016,0,15,10,2,0,1,7,7,0,0,0,0,200,1,200,200,200,200,200,200,200
363016,1,15,10,2,0,1,7,7,0,0,0,0,200,0,200,200,200,200,200,200,200
363022,0,25,0,0,0,1,12,5,0,0,0,17,200,0,200,200,1,200,200,200,200
363022,0,25,0,0,0,1,12,5,0,0,0,17,200,0,51,0,0,0,0,200,200
363035,0,30,0,0,0,1,12,5,0,0,0,21,200,0,29,200,12,200,0,200,200
363035,0,30,0,0,0,1,12,5,0,0,0,21,200,0,59,0,12,200,0,200,0
363038,0,30,0,0,200,1,7,6,0,200,0,0,0,2,200,200,200,200,200,200,200
363039,0,0,0,0,0,1,10,12,0,0,0,11,200,0,65,200,3,0,0,200,200
363039,0,0,0,0,0,1,10,12,0,0,0,11,200,0,63,200,0,0,0,200,200
363041,0,30,0,0,0,1,7,5,0,0,0,200,200,0,44,0,7,0,0,200,200
363053,0,30,2,2,0,1,0,12,0,0,200,33,200,0,69,0,1,5,0,200,200
363053,0,30,2,2,0,1,0,12,0,0,200,33,200,1,25,0,0,0,0,200,200
363055,0,10,0,0,0,1,7,7,0,0,0,20,200,1,35,0,6,0,0,200,200
363057,0,15,0,0,0,1,7,7,0,0,0,0,0,2,200,200,200,200,200,200,200
363058,0,30,0,0,0,1,10,5,0,0,0,0,0,1,36,200,200,0,0,200,200
363058,0,30,0,0,0,1,10,5,0,0,0,0,0,1,200,200,200,200,200,200,200
363058,1,30,0,0,0,1,10,5,0,0,0,0,0,1,5,5,200,200,200,200,200
363058,1,30,0,0,0,1,10,5,0,0,0,0,0,0,3,5,200,200,200,200,200
363065,0,30,0,0,0,1,7,5,0,0,0,7,200,1,46,200,12,12,0,200,200
363067,0,30,0,0,0,1,10,6,0,0,0,18,18,1,200,200,3,200,200,200,200
363067,0,30,0,0,0,1,10,6,0,0,0,18,18,0,60,0,0,0,0,200,200
363070,0,30,0,0,200,200,7,6,0,200,0,0,0,2,200,200,200,200,200,200,200
363072,0,30,1,2,0,1,12,5,0,0,0,18,17,1,26,0,3,0,0,200,200
363072,0,30,1,2,0,1,12,5,0,0,0,18,17,0,17,0,200,0,0,200,200
363072,1,30,1,2,0,1,12,5,0,0,0,18,17,0,200,0,200,200,200,200,200
363072,1,30,1,2,0,1,12,5,0,0,0,18,17,0,200,0,200,200,200,200,200
363076,0,15,0,0,0,3,0,7,0,0,0,20,0,1,34,0,1,0,0,200,200
363076,0,15,0,0,0,3,0,7,0,0,0,20,0,0,47,200,200,0,0,200,200
363081,0,30,2,2,0,1,10,3,0,0,12,0,16,0,200,200,200,200,200,200,200
363081,0,30,2,2,0,1,10,3,0,0,12,0,16,1,71,0,0,0,0,200,200
363081,0,30,2,2,0,1,10,3,0,0,12,0,16,0,45,200,0,0,0,200,200
363086,0,30,0,2,0,1,0,0,0,0,0,17,200,0,200,200,0,200,200,200,200
363086,0,30,0,2,0,1,0,0,0,0,0,17,200,1,29,0,0,0,0,200,200
363087,0,35,1,2,0,1,10,2,0,0,0,0,0,0,200,200,200,200,200,200,200
363087,0,35,1,2,0,1,10,2,0,0,0,0,0,0,28,0,0,0,0,200,200
363087,1,35,1,2,0,1,10,2,0,0,0,0,0,1,200,0,200,200,200,200,200
363094,0,30,1,2,0,1,12,2,0,0,0,0,200,1,200,200,0,200,200,200,200
363094,0,30,1,2,0,1,12,2,0,0,0,0,200,0,59,0,0,0,0,200,200
363101,0,30,7,200,0,1,10,2,0,200,200,7,200,0,58,200,1,200,0,200,200
363101,0,30,7,200,0,1,10,2,0,200,200,7,200,1,24,200,0,200,0,200,200
363107,0,25,0,0,0,1,2,6,0,0,0,0,0,0,39,0,0,0,0,200,200
363108,0,30,0,0,0,1,7,5,0,0,0,200,200,2,200,200,3,200,200,200,200
363113,0,30,2,2,0,1,14,5,0,0,0,20,7,0,47,0,6,0,0,200,200
363113,0,30,2,2,0,1,14,5,0,0,0,20,7,0,34,0,0,0,0,200,200
363116,0,30,0,0,0,1,0,12,0,0,0,20,200,0,31,200,6,200,0,200,200
363116,0,30,0,0,0,1,0,12,0,0,0,20,200,0,72,200,12,200,200,200,200
363135,0,30,2,2,0,1,14,6,0,0,0,0,0,0,200,200,1,200,200,200,200
363135,0,30,2,2,0,1,14,6,0,0,0,0,0,1,200,0,0,0,0,200,200
363141,0,30,0,0,0,1,12,3,0,0,0,17,200,1,67,0,1,0,0,200,200
363141,0,30,0,0,0,1,12,3,0,0,0,17,200,0,38,0,0,0,0,200,200
363144,0,30,1,2,0,1,0,5,0,0,0,6,6,1,53,0,5,0,0,200,200
363144,0,30,1,2,0,1,0,5,0,0,0,6,6,0,57,0,0,0,0,200,200
363144,1,30,1,2,0,1,0,5,0,0,0,6,6,1,13,0,200,200,200,200,200
363144,1,30,1,2,0,1,0,5,0,0,0,6,6,0,8,0,200,200,200,200,200
363144,1,30,1,2,0,1,0,5,0,0,0,6,6,0,11,0,200,200,200,200,200
363144,1,30,1,2,0,1,0,5,0,0,0,6,6,200,200,1,200,200,200,200,200
363144,1,30,1,2,0,1,0,5,0,0,0,6,6,200,200,1,200,200,200,200,200
363144,1,30,1,2,0,1,0,5,0,0,0,6,6,200,200,1,200,200,200,200,200
363144,1,30,1,2,0,1,0,5,0,0,0,6,6,200,200,1,200,200,200,200,200
363144,1,30,1,2,0,1,0,5,0,0,0,6,6,0,200,1,200,200,200,200,200
363145,0,30,1,2,0,1,12,6,0,0,0,0,0,0,30,0,0,0,0,200,200
363145,0,30,1,2,0,1,12,6,0,0,0,0,0,0,53,0,0,0,0,200,200
363145,1,30,1,2,0,1,12,6,0,0,0,0,0,1,200,200,200,200,200,200,200
363145,1,30,1,2,0,1,12,6,0,0,0,0,0,1,200,200,200,200,200,200,200
363145,1,30,1,2,0,1,12,6,0,0,0,0,0,1,200,200,200,200,200,200,200
363150,0,30,0,0,0,1,10,12,0,0,0,0,0,0,43,0,200,0,0,200,200
363150,0,30,0,0,0,1,10,12,0,0,0,0,0,1,25,0,200,0,0,200,200
363150,1,30,0,0,0,1,10,12,0,0,0,0,0,0,58,0,200,200,200,200,200
363150,1,30,0,0,0,1,10,12,0,0,0,0,0,1,25,0,200,200,200,200,200
363150,1,30,0,0,0,1,10,12,0,0,0,0,0,1,59,0,200,200,200,200,200
363155,0,15,0,0,0,1,5,7,0,0,0,20,200,0,57,0,6,0,0,200,200
363155,1,15,0,0,0,1,5,7,0,0,0,20,200,1,40,0,200,200,200,200,200
363159,0,30,200,200,0,1,14,5,0,0,200,21,16,0,22,0,1,200,0,200,200
363159,0,30,200,200,0,1,14,5,0,0,200,21,16,0,20,200,1,200,200,200,200
363166,0,35,0,0,0,1,0,5,0,0,0,0,200,0,200,200,0,200,200,200,200
363166,0,35,0,0,0,1,0,5,0,0,0,0,200,0,200,0,200,200,0,200,200
363167,0,40,200,200,200,1,14,5,0,200,200,17,23,1,28,200,7,200,200,200,200
363167,0,40,200,200,200,1,14,5,0,200,200,17,23,1,23,200,200,200,200,200,200
363168,0,15,0,0,0,1,7,7,0,0,0,20,0,0,33,200,6,200,2,200,200
363175,0,30,1,2,0,1,10,5,0,0,0,0,200,0,200,0,0,0,0,200,200
363175,0,30,1,2,0,1,10,5,0,0,0,0,200,1,31,0,0,0,0,200,200
363176,0,25,0,0,0,1,12,5,0,0,0,17,200,0,46,200,1,200,200,200,200
363176,0,25,0,0,0,1,12,5,0,0,0,17,200,1,33,0,12,0,0,200,200
363180,0,25,0,0,0,1,7,5,0,0,0,20,16,0,200,200,6,200,200,200,200
363180,1,25,0,0,0,1,7,5,0,0,0,20,16,0,55,200,200,200,200,200,200
363185,0,30,0,200,0,1,0,5,0,0,0,0,200,0,67,200,200,200,0,200,200
363185,0,30,0,200,0,1,0,5,0,0,0,0,200,1,44,200,200,200,0,200,200
363187,0,30,0,0,0,1,0,5,0,0,0,0,0,1,18,200,200,200,0,200,200
363187,0,30,0,0,0,1,0,5,0,0,0,0,0,0,66,0,200,0,0,200,200
363195,0,30,1,2,0,1,10,5,2,0,0,0,200,0,33,0,12,0,0,200,200
363195,0,30,1,2,0,1,10,5,2,0,0,0,200,0,52,0,0,0,0,200,200
363195,1,30,1,2,0,1,10,5,2,0,0,0,200,1,52,0,200,200,200,200,200
363198,0,30,0,0,0,1,7,5,0,0,0,0,0,1,62,0,200,0,7,200,200
363201,0,30,0,0,0,1,10,12,0,0,0,16,21,0,55,200,12,0,0,200,200
363201,0,30,0,0,0,1,10,12,0,0,0,16,21,0,26,1,0,0,0,200,200
363210,0,30,0,0,0,1,8,5,0,0,0,0,200,0,37,0,0,0,0,200,200
363210,4,30,0,0,0,1,8,5,0,0,0,0,200,0,28,3,0,0,0,200,200
363214,0,30,2,2,0,1,0,5,0,0,0,0,200,1,46,0,0,0,0,200,200
363214,0,30,2,2,0,1,0,5,0,0,0,0,200,0,35,0,0,0,0,200,200
363214,1,30,2,2,0,1,0,5,0,0,0,0,200,1,200,0,200,200,200,200,200
363215,0,30,0,0,0,1,12,2,0,0,0,0,0,0,58,0,200,0,0,200,200
363215,0,30,0,0,0,1,12,2,0,0,0,0,0,1,32,0,200,0,0,200,200
363215,1,30,0,0,0,1,12,2,0,0,0,0,0,200,200,200,200,200,200,200,200
363217,0,30,0,0,200,4,7,6,0,200,200,0,200,2,200,200,200,200,200,200,200
363221,0,35,1,2,0,1,14,3,0,0,0,23,0,0,57,200,7,0,0,200,200
363221,0,35,1,2,0,1,14,3,0,0,0,23,0,1,23,0,0,0,0,200,200
363221,1,35,1,2,0,1,14,3,0,0,0,23,0,0,25,0,200,200,200,200,200
363227,0,30,0,0,0,1,10,5,0,0,0,18,18,0,70,0,3,0,0,200,200
363227,0,30,0,0,0,1,10,5,0,0,0,18,18,0,54,0,0,0,0,200,200
363231,0,30,0,0,0,1,10,5,0,0,0,0,0,0,200,200,12,0,0,200,200
363231,0,30,0,0,0,1,10,5,0,0,0,0,0,1,200,200,0,0,0,200,200
363239,0,30,1,2,0,1,14,2,0,0,0,23,17,1,24,0,7,0,0,200,200
363239,0,30,1,2,0,1,14,2,0,0,0,23,17,0,25,0,0,0,0,200,200
363241,0,30,0,0,0,1,14,3,0,0,0,0,200,0,35,200,200,200,0,200,200
363241,0,30,0,0,0,1,14,3,0,0,0,0,200,0,38,200,0,200,0,200,200
363242,0,20,0,0,0,1,10,7,0,0,0,20,0,1,200,200,6,200,200,200,200
363242,0,20,0,0,0,1,10,7,0,0,0,20,0,1,73,0,0,0,0,200,200