RD_NO,PERSON_TYPE,POSTED_SPEED_LIMIT,TRAFFIC_CONTROL_DEVICE,DEVICE_CONDITION,WEATHER_CONDITION,LIGHTING_CONDITION,FIRST_CRASH_TYPE,TRAFFICWAY_TYPE,ALIGNMENT,ROADWAY_SURFACE_COND,ROAD_DEFECT,PRIM_CONTRIBUTORY_CAUSE,SEC_CONTRIBUTORY_CAUSE,SEX,AGE,SAFETY_EQUIPMENT,DRIVER_ACTION,DRIVER_VISION,PHYSICAL_CONDITION,BAC_RESULT VALUE,CELL_PHONE_USE
363244,0,35,0,0,0,1,10,5,0,0,0,0,0,0,59,7,0,0,0,200,200
363244,0,35,0,0,0,1,10,5,0,0,0,0,0,1,34,0,0,0,0,200,200
363246,0,30,0,0,0,1,10,5,0,0,0,12,200,1,36,200,12,0,0,200,200
363246,0,30,0,0,0,1,10,5,0,0,0,12,200,1,43,200,0,0,0,200,200
363257,0,30,1,2,0,1,10,5,0,0,0,18,200,0,80,0,3,0,0,200,200
363257,0,30,1,2,0,1,10,5,0,0,0,18,200,0,66,0,0,0,0,200,200
363259,0,30,0,0,0,1,7,2,0,0,0,0,0,2,200,200,200,200,200,200,200
363260,0,30,1,2,0,1,10,2,0,0,0,0,200,0,200,200,200,200,200,200,200
363260,0,30,1,2,0,1,10,2,0,0,0,0,200,1,49,0,0,0,0,200,200
363262,0,0,0,0,0,1,7,3,0,0,0,0,200,2,200,200,200,200,200,200,200
363267,0,30,0,0,0,1,12,5,0,0,0,11,200,1,49,7,10,0,0,200,200
363267,0,30,0,0,0,1,12,5,0,0,0,11,200,1,21,0,0,0,0,200,200
363267,1,30,0,0,0,1,12,5,0,0,0,11,200,1,45,0,200,200,200,200,200
363268,0,30,0,0,0,1,10,5,0,0,0,0,0,2,200,200,200,200,200,200,200
363268,0,30,0,0,0,1,10,5,0,0,0,0,0,0,47,0,200,0,0,200,200
363268,1,30,0,0,0,1,10,5,0,0,0,0,0,0,18,0,200,200,200,200,200
363273,0,30,0,0,0,1,12,5,0,0,0,17,0,0,200,200,1,200,200,200,200
363273,0,30,0,0,0,1,12,5,0,0,0,17,0,0,55,0,0,0,0,200,200
363273,1,30,0,0,0,1,12,5,0,0,0,17,0,0,200,200,200,200,200,200,200
363273,1,30,0,0,0,1,12,5,0,0,0,17,0,1,200,0,200,200,200,200,200
363277,0,30,1,0,0,1,10,2,0,0,0,18,200,0,21,200,1,0,0,200,200
363277,0,30,1,0,0,1,10,2,0,0,0,18,200,0,80,200,0,0,0,200,200
363277,0,30,1,0,0,1,10,2,0,0,0,18,200,1,69,7,0,0,0,200,200
363281,0,30,0,0,0,1,7,5,0,0,0,200,200,1,36,0,0,0,0,200,200
363284,0,30,0,0,200,200,7,3,0,200,200,0,0,2,200,200,200,200,200,200,200
363286,0,30,0,0,0,1,10,5,0,0,0,0,0,0,47,200,200,200,200,200,200
363286,0,30,0,0,0,1,10,5,0,0,0,0,0,1,54,0,0,0,0,200,200
363291,0,30,0,0,0,1,2,5,0,0,0,0,0,1,31,200,200,0,0,200,200
363291,1,30,0,0,0,1,2,5,0,0,0,0,0,1,21,200,200,200,200,200,200
363291,1,30,0,0,0,1,2,5,0,0,0,0,0,1,2,200,200,200,200,200,200
363301,0,10,0,0,0,1,5,0,0,0,0,15,0,0,200,200,8,200,200,200,200
363303,0,30,0,0,0,1,7,2,0,0,0,20,0,2,200,200,10,200,200,200,200
363304,0,0,0,0,0,1,7,7,0,0,0,11,0,2,200,200,200,200,200,200,200
363311,0,30,0,0,0,1,12,5,0,0,0,22,200,1,200,200,4,200,200,200,200
363311,0,30,0,0,0,1,12,5,0,0,0,22,200,0,44,0,0,0,0,200,200
363311,1,30,0,0,0,1,12,5,0,0,0,22,200,0,200,0,200,200,200,200,200
363312,0,25,0,0,0,1,3,6,0,0,0,200,200,0,30,7,13,12,0,200,200
363312,0,25,0,0,0,1,3,6,0,0,0,200,200,0,44,0,14,0,0,200,200
363312,1,25,0,0,0,1,3,6,0,0,0,200,200,0,200,0,200,200,200,200,200
363322,0,30,0,0,0,1,7,6,0,0,0,35,200,0,44,200,0,200,0,200,200
363328,0,10,0,0,0,1,7,0,0,200,200,22,11,0,33,0,2,200,0,200,200
363329,0,30,1,2,0,1,10,5,0,0,0,18,18,0,42,0,3,0,0,200,200
363329,0,30,1,2,0,1,10,5,0,0,0,18,18,0,35,0,0,0,0,200,200
363330,0,10,200,200,0,4,7,0,0,0,200,0,200,2,200,200,200,200,200,200,200
363333,0,30,1,2,0,1,14,2,0,0,0,23,17,1,38,0,7,0,0,200,200
363333,0,30,1,2,0,1,14,2,0,0,0,23,17,1,77,0,0,0,0,200,200
363340,0,25,0,0,0,1,7,6,0,0,0,0,0,0,59,200,6,200,0,200,200
363343,0,30,1,2,0,1,10,2,0,0,0,8,200,1,43,200,3,200,0,200,200
363343,0,30,1,2,0,1,10,2,0,0,0,8,200,0,27,200,12,0,0,200,200
363344,0,30,0,0,0,1,7,6,0,0,0,7,200,0,46,0,0,0,0,200,200
363346,0,30,1,2,0,1,14,3,0,0,0,18,18,0,38,0,0,0,0,200,200
363346,0,30,1,2,0,1,14,3,0,0,0,18,18,0,59,200,3,200,200,200,200
363346,1,30,1,2,0,1,14,3,0,0,0,18,18,1,39,0,200,200,200,200,200
363346,1,30,1,2,0,1,14,3,0,0,0,18,18,1,200,7,200,200,200,200,200
363346,1,30,1,2,0,1,14,3,0,0,0,18,18,0,200,0,200,200,200,200,200
363351,0,35,0,0,0,1,7,2,0,0,0,0,0,0,200,0,200,200,200,200,200
363351,1,35,0,0,0,1,7,2,0,0,0,0,0,1,200,200,200,200,200,200,200
363353,0,30,0,0,0,1,12,6,0,0,0,0,0,0,200,0,200,0,0,200,200
363353,0,30,0,0,0,1,12,6,0,0,0,0,0,1,200,0,200,0,0,200,200
363353,1,30,0,0,0,1,12,6,0,0,0,0,0,1,200,0,200,200,200,200,200
363354,0,30,1,2,0,1,14,2,0,0,0,33,17,0,200,200,1,1,0,200,200
363354,0,30,1,2,0,1,14,2,0,0,0,33,17,0,77,0,0,1,0,200,200
363354,1,30,1,2,0,1,14,2,0,0,0,33,17,1,84,0,200,200,200,200,200
363362,0,30,1,2,200,200,10,5,0,200,200,14,16,0,200,200,1,200,200,200,200
363362,0,30,1,2,200,200,10,5,0,200,200,14,16,0,37,200,0,0,0,200,200
363363,0,30,1,2,0,1,14,3,0,0,0,17,200,1,52,200,200,200,0,200,200
363363,0,30,1,2,0,1,14,3,0,0,0,17,200,1,22,200,200,200,0,200,200
363367,0,15,2,2,0,1,10,6,0,0,0,0,200,1,0,0,200,0,0,200,200
363367,0,15,2,2,0,1,10,6,0,0,0,0,200,0,200,200,200,0,200,200,200
363369,0,0,0,0,0,1,0,6,0,0,0,20,20,0,64,200,6,0,0,200,200
363369,0,0,0,0,0,1,0,6,0,0,0,20,20,1,31,200,0,0,0,200,200
363369,1,0,0,0,0,1,0,6,0,0,0,20,20,0,200,200,200,200,200,200,200
363375,0,30,0,0,0,1,12,5,0,0,0,0,0,2,200,200,200,200,200,200,200
363375,0,30,0,0,0,1,12,5,0,0,0,0,0,0,54,200,200,200,200,200,200
363383,0,30,0,0,0,1,12,5,0,0,0,22,16,0,32,0,4,0,0,200,200
363383,0,30,0,0,0,1,12,5,0,0,0,22,16,0,46,0,0,0,0,200,200
363383,1,30,0,0,0,1,12,5,0,0,0,22,16,0,200,0,200,200,200,200,200
363389,0,30,0,0,0,1,7,5,0,0,0,11,200,0,68,200,10,0,0,200,200
363395,0,30,1,2,0,1,0,2,0,0,0,20,200,0,38,200,0,200,0,200,200
363395,0,30,1,2,0,1,0,2,0,0,0,20,200,2,200,200,6,200,200,200,200
363404,0,30,0,0,0,1,7,5,0,0,0,200,200,2,200,200,0,200,200,200,200
363407,0,35,200,200,0,1,7,2,0,0,0,200,200,2,200,200,200,200,200,200,200
363412,0,25,0,0,0,1,8,5,0,0,0,17,200,0,54,200,1,200,0,200,200
363412,4,25,0,0,0,1,8,5,0,0,0,17,200,0,19,200,0,200,0,200,200
363414,0,30,0,0,0,1,0,7,0,0,200,0,0,0,200,200,200,200,0,200,200
363414,0,30,0,0,0,1,0,7,0,0,200,0,0,0,39,0,200,0,0,200,200
363418,0,35,0,0,0,1,10,5,0,0,0,18,18,1,37,200,3,200,0,200,200
363418,0,35,0,0,0,1,10,5,0,0,0,18,18,1,54,200,0,200,0,200,200
363421,0,30,1,2,0,1,14,5,0,0,0,23,200,1,31,200,7,0,0,200,200
363421,0,30,1,2,0,1,14,5,0,0,0,23,200,0,48,200,0,0,0,200,200
363421,1,30,1,2,0,1,14,5,0,0,0,23,200,1,200,200,200,200,200,200,200
363421,1,30,1,2,0,1,14,5,0,0,0,23,200,1,200,200,200,200,200,200,200
363421,1,30,1,2,0,1,14,5,0,0,0,23,200,1,200,200,200,200,200,200,200
363421,1,30,1,2,0,1,14,5,0,0,0,23,200,1,200,200,200,200,200,200,200
363428,0,30,0,0,0,1,7,5,0,0,0,0,0,2,200,200,200,200,200,200,200
363433,4,30,0,0,0,1,8,2,0,0,200,200,200,0,24,3,0,200,0,200,200
363440,0,30,0,0,0,1,14,5,0,0,0,22,200,0,25,200,7,0,0,200,200
363440,0,30,0,0,0,1,14,5,0,0,0,22,200,0,43,200,0,0,0,200,200
363444,0,30,2,2,0,1,0,5,0,0,0,5,16,1,31,0,5,0,0,200,200
363444,0,30,2,2,0,1,0,5,0,0,0,5,16,1,29,0,12,0,0,200,200
363445,0,35,200,200,0,1,7,5,0,0,200,200,200,0,63,0,2,200,0,200,200
363446,0,30,1,2,0,1,14,5,0,0,0,23,200,1,34,200,7,200,200,200,200
363446,0,30,1,2,0,1,14,5,0,0,0,23,200,1,44,0,0,0,0,200,200
363449,0,30,0,0,0,1,14,5,0,0,0,22,200,0,200,200,2,200,200,200,200
363449,0,30,0,0,0,1,14,5,0,0,0,22,200,0,22,0,0,0,0,200,200
363453,0,30,1,2,0,1,10,5,0,0,0,7,0,1,35,200,1,200,200,200,200
363453,0,30,1,2,0,1,10,5,0,0,0,7,0,1,29,0,0,0,0,200,200
363453,0,30,1,2,0,1,10,5,0,0,0,7,0,0,32,0,0,200,0,200,200
363454,0,30,1,2,0,1,10,5,0,0,0,0,200,1,69,0,0,0,0,200,200
363454,0,30,1,2,0,1,10,5,0,0,0,0,200,0,40,0,0,0,0,200,200
363454,1,30,1,2,0,1,10,5,0,0,0,0,200,0,19,0,200,200,200,200,200
363455,0,30,0,0,0,0,12,2,0,0,0,22,0,0,56,200,0,200,0,200,200
363455,0,30,0,0,0,0,12,2,0,0,0,22,0,1,200,200,4,200,200,200,200
363463,0,30,0,0,0,1,12,5,0,0,0,17,0,1,69,0,0,0,0,200,200
363463,0,30,0,0,0,1,12,5,0,0,0,17,0,1,43,0,1,200,0,200,200
363463,1,30,0,0,0,1,12,5,0,0,0,17,0,1,24,0,200,200,200,200,200
363463,1,30,0,0,0,1,12,5,0,0,0,17,0,0,3,5,200,200,200,200,200
363465,0,30,2,2,0,1,0,5,0,0,0,17,33,0,33,0,1,5,0,200,200
363465,0,30,2,2,0,1,0,5,0,0,0,17,33,1,28,0,0,0,0,200,200
363465,1,30,2,2,0,1,0,5,0,0,0,17,33,1,27,0,200,200,200,200,200
363466,0,30,0,0,200,200,7,6,0,200,200,0,0,2,200,200,200,200,200,200,200
363475,4,30,1,2,0,1,8,5,0,0,0,17,16,0,66,2,1,0,0,200,200
363475,0,30,1,2,0,1,8,5,0,0,0,17,16,1,33,0,0,0,0,200,200
363478,0,30,1,2,0,1,12,2,0,0,0,22,22,0,66,0,2,0,0,200,200
363478,0,30,1,2,0,1,12,2,0,0,0,22,22,0,39,0,12,0,0,200,200
363479,0,30,0,0,0,1,14,5,0,0,0,17,16,1,80,0,1,1,0,200,200
363479,0,30,0,0,0,1,14,5,0,0,0,17,16,0,51,0,0,0,0,200,200
363480,0,30,0,0,0,1,14,5,0,0,0,0,0,1,20,0,200,200,0,200,200
363480,0,30,0,0,0,1,14,5,0,0,0,0,0,0,23,0,200,200,0,200,200
363480,1,30,0,0,0,1,14,5,0,0,0,0,0,1,200,200,200,200,200,200,200
363482,0,15,0,0,0,1,7,7,0,0,0,0,0,1,200,200,12,200,200,200,200
363486,0,25,1,2,0,1,8,5,0,0,0,6,200,1,69,0,12,0,0,200,200
363486,4,25,1,2,0,1,8,5,0,0,0,6,200,0,22,7,1,0,0,200,200
363487,0,30,200,200,0,1,12,5,0,0,0,16,200,1,200,200,200,200,200,200,200
363487,0,30,200,200,0,1,12,5,0,0,0,16,200,1,22,0,200,200,0,200,200
363491,0,30,200,200,0,1,10,5,0,0,200,0,200,0,200,200,200,200,200,200,200
363491,0,30,200,200,0,1,10,5,0,0,200,0,200,0,48,200,200,200,0,200,200
363493,0,30,2,2,0,1,7,5,0,0,0,200,200,0,200,200,200,200,200,200,200
363494,0,30,0,0,0,1,12,3,0,0,0,0,200,2,200,200,200,200,200,200,200
363494,0,30,0,0,0,1,12,3,0,0,0,0,200,0,57,7,0,0,0,200,200
363497,0,30,1,2,0,1,10,2,0,0,0,18,200,1,24,0,3,0,0,200,200
363497,0,30,1,2,0,1,10,2,0,0,0,18,200,1,35,0,0,0,0,200,200
363499,0,40,0,0,0,1,10,2,0,0,0,0,200,0,51,200,0,0,0,200,200
363499,0,40,0,0,0,1,10,2,0,0,0,0,200,1,62,0,0,0,200,200,200
363504,0,30,0,0,0,1,12,5,0,0,0,0,200,0,27,0,4,0,0,200,200
363504,0,30,0,0,0,1,12,5,0,0,0,0,200,0,24,0,0,0,0,200,200
363509,0,30,1,2,0,1,14,3,0,0,0,6,200,1,30,7,200,200,0,200,200
363509,0,30,1,2,0,1,14,3,0,0,0,6,200,0,21,0,200,200,0,200,200
363511,0,30,0,0,0,1,10,2,0,0,0,18,0,0,200,200,3,200,200,200,200
363511,0,30,0,0,0,1,10,2,0,0,0,18,0,1,46,0,200,0,0,200,200
363516,0,30,0,0,0,1,10,5,0,0,0,0,0,1,52,7,0,0,0,200,200
363516,0,30,0,0,0,1,10,5,0,0,0,0,0,1,43,0,0,0,0,200,200
363520,0,30,0,0,0,1,12,5,0,0,0,21,0,0,200,200,4,200,200,200,200
363520,0,30,0,0,0,1,12,5,0,0,0,21,0,1,53,0,0,0,0,200,200
363529,0,35,1,2,0,1,8,2,0,0,0,0,0,1,74,7,200,0,0,200,200
363529,4,35,1,2,0,1,8,2,0,0,0,0,0,0,14,200,0,0,0,200,200
363530,0,30,0,0,0,1,7,7,0,0,0,0,0,2,200,200,200,200,200,200,200
363544,0,30,0,0,0,1,10,5,0,0,0,18,200,0,22,0,3,0,0,200,200
363544,0,30,0,0,0,1,10,5,0,0,0,18,200,0,23,0,0,0,0,200,200
363545,0,30,0,0,0,1,12,6,0,0,200,17,0,0,60,200,1,200,200,200,200
363545,0,30,0,0,0,1,12,6,0,0,200,17,0,1,62,0,0,0,0,200,200
363545,1,30,0,0,0,1,12,6,0,0,200,17,0,0,200,200,200,200,200,200,200
363547,0,30,0,0,0,1,10,5,0,0,0,0,0,0,68,200,1,200,0,200,200
363547,0,30,0,0,0,1,10,5,0,0,0,0,0,0,30,200,0,0,0,200,200
363554,0,30,0,0,0,1,0,6,0,0,0,0,0,1,200,200,12,200,0,200,200
363554,0,30,0,0,0,1,0,6,0,0,0,0,0,0,200,200,0,0,0,200,200
363559,0,30,1,2,0,1,10,2,0,0,0,18,0,0,38,3,3,0,0,200,200
363559,0,30,1,2,0,1,10,2,0,0,0,18,0,1,22,200,0,200,200,200,200
363561,0,30,1,2,0,1,10,5,0,0,0,0,200,0,30,200,3,200,200,200,200
363561,0,30,1,2,0,1,10,5,0,0,0,0,200,0,44,0,0,0,0,200,200
363562,0,15,0,0,0,1,7,6,0,0,0,0,200,2,200,200,0,200,200,200,200
363567,0,30,0,0,0,1,12,5,0,0,0,0,0,1,51,200,200,200,200,200,200
363567,0,30,0,0,0,1,12,5,0,0,0,0,0,0,25,0,0,0,0,200,200
363570,0,30,0,0,0,1,10,2,0,0,0,0,0,1,63,200,12,200,0,200,200
363570,0,30,0,0,0,1,10,2,0,0,0,0,0,0,28,200,200,200,0,200,200
363573,2,30,0,0,0,1,7,5,0,0,0,8,16,0,200,200,8,200,200,200,200
363573,0,30,0,0,0,1,7,5,0,0,0,8,16,0,24,0,12,0,0,200,200
363579,0,30,1,2,0,1,10,5,0,0,0,18,18,0,21,0,0,0,0,200,200
363579,0,30,1,2,0,1,10,5,0,0,0,18,18,0,0,0,0,0,0,200,200
363583,5,30,1,2,0,1,9,5,0,0,0,17,200,1,51,7,1,0,1,200,200
363583,0,30,1,2,0,1,9,5,0,0,0,17,200,0,43,0,0,0,0,200,200
363584,0,30,1,2,0,1,14,5,0,0,0,23,200,2,200,200,7,200,200,200,200
363584,0,30,1,2,0,1,14,5,0,0,0,23,200,1,36,0,0,0,0,200,200
363589,0,30,0,0,0,1,5,5,0,0,0,17,5,1,200,200,1,200,200,200,200
363589,0,30,0,0,0,1,5,5,0,0,0,17,5,0,35,0,0,0,0,200,200
363589,1,30,0,0,0,1,5,5,0,0,0,17,5,0,200,0,200,200,200,200,200
363590,0,0,0,0,0,1,12,5,0,0,0,0,0,0,200,200,200,200,200,200,200
363590,0,0,0,0,0,1,12,5,0,0,0,0,0,1,34,200,0,0,0,200,200
363595,0,30,0,0,0,1,12,5,0,0,0,21,11,0,32,200,2,0,0,200,200
363595,0,30,0,0,0,1,12,5,0,0,0,21,11,1,49,0,0,0,0,200,200
363596,0,30,0,0,0,1,7,7,0,0,0,0,0,0,65,200,200,200,200,200,200
363599,0,25,0,0,0,1,7,7,0,0,0,20,200,1,200,200,6,200,200,200,200
363608,0,30,0,0,0,1,10,5,0,0,0,0,0,0,42,0,0,0,0,200,200
363608,0,30,0,0,0,1,10,5,0,0,0,0,0,1,23,0,0,0,0,200,200
363608,1,30,0,0,0,1,10,5,0,0,0,0,0,0,200,0,200,200,200,200,200
363612,0,30,1,2,0,1,10,3,0,0,0,18,200,1,28,200,3,12,0,200,200
363612,0,30,1,2,0,1,10,3,0,0,0,18,200,1,43,200,0,0,0,200,200
363619,0,30,0,200,0,1,14,5,0,0,0,16,17,0,200,200,1,200,200,200,200
363619,0,30,0,200,0,1,14,5,0,0,0,16,17,0,27,200,0,0,0,200,200
363626,0,30,0,0,0,1,8,5,0,0,0,23,200,0,27,0,7,0,0,200,200
363626,4,30,0,0,0,1,8,5,0,0,0,23,200,1,35,200,0,0,0,200,200
363627,0,40,0,0,0,1,12,3,0,0,0,17,0,0,200,0,200,0,0,200,200
363627,0,40,0,0,0,1,12,3,0,0,0,17,0,0,200,0,0,0,0,200,200
363628,0,30,1,2,0,1,14,1,0,0,0,22,21,0,63,0,4,0,0,200,200
363628,0,30,1,2,0,1,14,1,0,0,0,22,21,1,31,0,0,0,0,200,200
363629,0,25,2,2,0,1,8,5,0,0,0,5,200,1,50,0,1,0,0,200,200
363629,4,25,2,2,0,1,8,5,0,0,0,5,200,0,55,7,5,0,0,200,200
363630,0,30,1,2,0,1,12,5,0,0,0,22,200,0,52,0,200,0,0,200,200
363630,0,30,1,2,0,1,12,5,0,0,0,22,200,0,25,0,200,0,0,200,200
363635,0,30,1,2,0,1,14,5,0,0,0,0,200,1,41,200,200,200,0,200,200
363635,0,30,1,2,0,1,14,5,0,0,0,0,200,1,29,200,200,200,0,200,200
363635,1,30,1,2,0,1,14,5,0,0,0,0,200,0,63,200,200,200,200,200,200
363638,0,30,1,2,0,1,14,12,0,0,0,0,200,1,200,200,1,200,0,200,200
363638,0,30,1,2,0,1,14,12,0,0,0,0,200,1,200,200,0,200,0,200,200
363642,0,30,0,0,0,1,12,6,0,0,0,21,200,0,49,200,4,0,0,200,200
363642,0,30,0,0,0,1,12,6,0,0,0,21,200,0,58,7,0,0,0,200,200
363644,0,30,0,0,0,1,14,5,0,0,0,200,200,0,200,200,0,200,200,200,200
363644,0,30,0,0,0,1,14,5,0,0,0,200,200,1,25,1,0,0,0,200,200
363644,1,30,0,0,0,1,14,5,0,0,0,200,200,1,200,0,200,200,200,200,200
363644,1,30,0,0,0,1,14,5,0,0,0,200,200,0,200,0,200,200,200,200,200
363644,1,30,0,0,0,1,14,5,0,0,0,200,200,0,200,0,200,200,200,200,200
363649,0,30,2,2,0,1,14,2,0,0,0,0,0,0,29,200,1,200,0,200,200
363649,0,30,2,2,0,1,14,2,0,0,0,0,0,1,200,200,0,200,200,200,200
363657,0,35,200,200,0,1,7,6,0,0,0,200,200,2,200,200,200,200,200,200,200
363658,0,30,0,0,0,3,12,7,0,0,0,0,0,0,55,200,0,200,0,200,200
363658,0,30,0,0,0,3,12,7,0,0,0,0,0,1,40,200,0,200,0,200,200
363658,1,30,0,0,0,3,12,7,0,0,0,0,0,1,54,200,200,200,200,200,200
363659,0,30,0,0,0,1,7,6,0,0,0,11,0,1,200,200,12,200,200,200,200
363659,1,30,0,0,0,1,7,6,0,0,0,11,0,1,27,1,200,200,200,200,200
363663,0,40,12,2,0,1,2,2,0,0,0,0,200,0,22,200,200,0,0,200,200
363664,0,30,0,0,0,1,10,5,0,0,0,16,18,0,34,200,3,0,0,200,200
363664,0,30,0,0,0,1,10,5,0,0,0,16,18,1,19,200,0,0,0,200,200
363664,0,30,0,0,0,1,10,5,0,0,0,16,18,0,72,200,0,0,0,200,200
363664,1,30,0,0,0,1,10,5,0,0,0,16,18,1,19,200,200,200,200,200,200
363664,1,30,0,0,0,1,10,5,0,0,0,16,18,0,19,200,200,200,200,200,200
363664,1,30,0,0,0,1,10,5,0,0,0,16,18,0,19,200,200,200,200,200,200
363664,1,30,0,0,0,1,10,5,0,0,0,16,18,1,0,5,200,200,200,200,200
363666,0,30,0,0,0,1,7,6,0,0,0,0,0,0,40,0,12,0,0,200,200
363670,0,30,0,0,0,1,0,7,0,0,0,17,11,0,200,200,1,200,200,200,200
363670,0,30,0,0,0,1,0,7,0,0,0,17,11,0,0,200,0,0,0,200,200
363674,0,30,2,2,0,1,10,5,0,0,0,18,22,0,33,200,3,200,0,200,200
363674,0,30,2,2,0,1,10,5,0,0,0,18,22,1,49,200,0,0,0,200,200
363674,1,30,2,2,0,1,10,5,0,0,0,18,22,0,31,200,200,200,200,200,200
363686,0,30,1,2,0,1,12,5,0,0,0,0,0,1,28,0,0,0,0,200,200
363686,0,30,1,2,0,1,12,5,0,0,0,0,0,1,26,0,0,0,0,200,200
363692,0,30,0,0,0,1,10,5,0,0,0,18,200,0,200,200,3,200,200,200,200
363692,0,30,0,0,0,1,10,5,0,0,0,18,200,0,24,0,0,0,0,200,200
363692,1,30,0,0,0,1,10,5,0,0,0,18,200,1,200,0,200,200,200,200,200
363693,0,30,0,0,2,1,10,5,0,0,0,0,0,1,200,200,3,200,200,200,200
363693,0,30,0,0,2,1,10,5,0,0,0,0,0,1,47,7,0,0,0,200,200
363693,0,30,0,0,2,1,10,5,0,0,0,0,0,0,59,7,1,0,0,200,200
363699,0,30,1,2,0,1,7,5,0,0,0,28,0,0,60,0,200,0,0,200,200
363701,0,55,0,0,0,1,10,3,0,200,200,18,18,0,19,0,3,200,0,200,200
363701,0,55,0,0,0,1,10,3,0,200,200,18,18,0,60,0,12,200,0,200,200
363701,0,55,0,0,0,1,10,3,0,200,200,18,18,0,27,0,12,200,0,200,200
363713,0,35,1,2,0,1,9,3,0,0,0,200,200,1,44,0,0,0,0,200,200
363713,5,35,1,2,0,1,9,3,0,0,0,200,200,1,15,7,12,1,200,200,200
363718,0,30,0,0,0,1,10,1,0,0,0,18,18,0,200,200,3,200,200,200,200
363718,0,30,0,0,0,1,10,1,0,0,0,18,18,1,26,0,0,0,0,200,200
363718,0,30,0,0,0,1,10,1,0,0,0,18,18,1,35,0,0,0,0,200,200
363721,0,30,0,0,0,2,0,5,0,0,0,22,7,0,66,200,12,1,0,200,200
363721,0,30,0,0,0,2,0,5,0,0,0,22,7,0,51,200,200,200,200,200,200
363723,0,30,0,0,0,1,0,6,0,0,0,0,0,0,43,200,200,200,0,200,200
363723,0,30,0,0,0,1,0,6,0,0,0,0,0,0,70,200,0,0,0,200,200
363727,0,30,0,0,0,1,0,5,0,0,0,0,200,1,200,0,200,200,0,200,200
363727,0,30,0,0,0,1,0,5,0,0,0,0,200,0,200,0,0,200,0,200,200
363736,0,30,0,0,0,0,7,6,0,0,0,200,200,2,200,200,0,200,200,200,200
363738,0,30,0,0,0,0,12,5,0,0,0,0,200,2,200,200,200,200,200,200,200
363738,0,30,0,0,0,0,12,5,0,0,0,0,200,0,53,7,0,0,0,200,200
363740,0,30,0,0,0,1,7,6,0,0,0,0,200,0,41,200,12,0,0,200,200
363743,0,30,1,2,0,1,10,5,0,0,0,22,200,0,45,0,4,0,0,200,200
363743,0,30,1,2,0,1,10,5,0,0,0,22,200,0,31,200,0,200,200,200,200
363746,0,30,2,2,0,1,0,5,0,0,0,17,0,0,31,200,200,200,200,200,200
363746,0,30,2,2,0,1,0,5,0,0,0,17,0,1,29,0,0,0,0,200,200
363755,0,30,0,0,0,1,0,6,0,0,0,17,200,0,68,200,1,200,0,200,200
363755,0,30,0,0,0,1,0,6,0,0,0,17,200,0,35,200,0,200,0,200,200
363755,1,30,0,0,0,1,0,6,0,0,0,17,200,0,46,200,200,200,200,200,200
363761,0,30,0,0,0,1,7,7,0,0,0,0,200,1,200,200,200,200,200,200,200
363769,0,30,1,2,0,1,14,6,0,0,0,17,23,0,62,200,7,200,200,200,200
363769,0,30,1,2,0,1,14,6,0,0,0,17,23,0,35,0,0,0,0,200,200
363771,0,30,1,2,0,1,14,5,0,0,0,17,200,1,28,0,1,0,0,200,200
363771,0,30,1,2,0,1,14,5,0,0,0,17,200,0,52,0,0,0,0,200,200
363778,0,30,0,0,0,1,14,5,0,0,0,23,16,0,200,200,7,200,200,200,200
363778,0,30,0,0,0,1,14,5,0,0,0,23,16,1,53,0,0,0,0,200,200
363778,1,30,0,0,0,1,14,5,0,0,0,23,16,1,75,0,200,200,200,200,200
363778,1,30,0,0,0,1,14,5,0,0,0,23,16,0,50,0,200,200,200,200,200
363778,1,30,0,0,0,1,14,5,0,0,0,23,16,1,44,0,200,200,200,200,200
363778,1,30,0,0,0,1,14,5,0,0,0,23,16,1,72,0,200,200,200,200,200
363802,0,30,2,2,0,1,0,2,0,0,0,0,0,1,25,200,1,200,200,200,200
363802,0,30,2,2,0,1,0,2,0,0,0,0,0,1,38,200,0,200,0,200,200
363804,0,30,0,0,0,4,14,5,0,0,0,200,200,0,17,200,0,0,0,200,200
363804,0,30,0,0,0,4,14,5,0,0,0,200,200,0,66,0,0,0,0,200,200
363807,0,35,1,2,0,1,14,3,0,0,0,17,17,0,49,200,1,0,0,200,200
363807,0,35,1,2,0,1,14,3,0,0,0,17,17,0,35,200,0,0,0,200,200
363810,0,30,0,0,0,1,7,5,0,0,0,16,200,0,26,7,200,200,200,200,200
363817,0,30,0,0,0,1,14,2,0,0,200,22,0,1,21,200,2,200,200,200,200
363817,0,30,0,0,0,1,14,2,0,0,200,22,0,1,71,0,0,0,0,200,200
363831,4,30,0,0,0,1,8,5,0,0,200,0,200,0,200,200,2,200,200,200,200
363834,0,30,0,0,0,3,7,5,0,0,0,0,200,0,24,200,200,200,200,200,200
363835,0,30,0,0,0,3,10,2,0,0,0,18,16,1,51,200,3,200,200,200,200
363835,0,30,0,0,0,3,10,2,0,0,0,18,16,0,38,200,0,0,0,200,200
363845,0,30,0,0,0,4,7,5,0,0,0,11,0,0,36,0,3,0,0,200,200
363850,0,30,0,0,0,3,2,0,0,0,0,14,2,2,200,200,200,200,200,200,200
363854,0,40,0,0,0,3,12,2,0,0,0,16,18,0,200,200,3,200,200,200,200
363854,0,40,0,0,0,3,12,2,0,0,0,16,18,1,59,1,0,0,0,200,200
363855,0,35,0,0,0,1,12,5,0,0,0,18,200,1,23,200,3,200,1,200,200