RD_NO,PERSON_TYPE,POSTED_SPEED_LIMIT,TRAFFIC_CONTROL_DEVICE,DEVICE_CONDITION,WEATHER_CONDITION,LIGHTING_CONDITION,FIRST_CRASH_TYPE,TRAFFICWAY_TYPE,ALIGNMENT,ROADWAY_SURFACE_COND,ROAD_DEFECT,PRIM_CONTRIBUTORY_CAUSE,SEC_CONTRIBUTORY_CAUSE,SEX,AGE,SAFETY_EQUIPMENT,DRIVER_ACTION,DRIVER_VISION,PHYSICAL_CONDITION,BAC_RESULT VALUE,CELL_PHONE_USE
363855,0,35,0,0,0,1,12,5,0,0,0,18,200,1,26,200,0,0,0,200,200
363855,0,35,0,0,0,1,12,5,0,0,0,18,200,1,55,200,0,0,0,200,200
363855,1,35,0,0,0,1,12,5,0,0,0,18,200,0,27,200,200,200,200,200,200
363855,1,35,0,0,0,1,12,5,0,0,0,18,200,0,24,200,200,200,200,200,200
363855,1,35,0,0,0,1,12,5,0,0,0,18,200,0,58,200,200,200,200,200,200
363855,1,35,0,0,0,1,12,5,0,0,0,18,200,0,30,200,200,200,200,200,200
363855,1,35,0,0,0,1,12,5,0,0,0,18,200,1,200,200,200,200,200,200,200
363856,0,30,1,2,0,3,14,5,1,0,0,17,0,1,23,200,1,200,0,200,200
363856,0,30,1,2,0,3,14,5,1,0,0,17,0,1,23,200,0,200,0,200,200
363856,1,30,1,2,0,3,14,5,1,0,0,17,0,1,1,5,200,200,200,200,200
363872,0,30,12,2,0,3,2,3,0,0,0,23,0,0,21,200,8,200,0,200,200
363876,0,30,0,0,0,4,10,2,0,0,0,16,18,0,41,200,3,0,0,200,200
363876,0,30,0,0,0,4,10,2,0,0,0,16,18,1,40,0,0,0,0,200,200
363876,1,30,0,0,0,4,10,2,0,0,0,16,18,1,45,0,200,200,200,200,200
363876,1,30,0,0,0,4,10,2,0,0,0,16,18,0,6,0,200,200,200,200,200
363876,1,30,0,0,0,4,10,2,0,0,0,16,18,1,45,0,200,200,200,200,200
363876,1,30,0,0,0,4,10,2,0,0,0,16,18,1,16,0,200,200,200,200,200
363876,1,30,0,0,0,4,10,2,0,0,0,16,18,1,12,0,200,200,200,200,200
363905,0,30,1,2,0,4,10,6,0,0,0,0,0,0,61,200,200,0,200,200,200
363905,0,30,1,2,0,4,10,6,0,0,0,0,0,1,200,200,200,200,200,200,200
363905,0,30,1,2,0,4,10,6,0,0,0,0,0,0,32,200,0,0,0,200,200
363907,0,30,1,2,0,4,14,5,0,0,0,23,18,0,72,200,3,0,0,200,200
363907,0,30,1,2,0,4,14,5,0,0,0,23,18,1,58,200,0,0,0,200,200
363909,0,30,200,200,200,200,5,2,0,200,4,28,0,0,20,0,0,200,200,200,200
363909,1,30,200,200,200,200,5,2,0,200,4,28,0,1,200,0,200,200,200,200,200
363928,0,0,1,200,200,200,12,12,0,200,200,21,0,1,38,200,4,200,200,200,200
363928,0,0,1,200,200,200,12,12,0,200,200,21,0,0,23,200,0,200,0,200,200
363930,0,30,1,2,0,3,14,1,0,0,0,17,23,0,25,0,1,0,0,200,200
363930,0,30,1,2,0,3,14,1,0,0,0,17,23,0,74,0,0,0,0,200,200
363930,1,30,1,2,0,3,14,1,0,0,0,17,23,1,74,0,200,200,200,200,200
363931,0,30,1,2,0,1,14,5,0,0,0,3,3,0,200,200,5,200,200,200,200
363931,0,30,1,2,0,1,14,5,0,0,0,3,3,2,34,200,0,0,0,200,200
363933,0,5,200,200,200,4,7,7,0,200,200,0,0,2,200,200,200,200,200,200,200
363942,0,30,2,2,0,3,9,5,0,0,0,17,200,0,19,200,7,0,0,200,200
363942,5,30,2,2,0,3,9,5,0,0,0,17,200,1,47,200,12,12,12,200,200
363946,0,30,2,0,0,3,12,6,0,0,200,12,0,1,200,200,200,200,200,200,200
363946,0,30,2,0,0,3,12,6,0,0,200,12,0,0,45,7,200,0,200,200,200
363955,0,10,200,200,0,3,12,5,0,0,0,22,200,0,47,200,4,200,200,200,200
363955,0,10,200,200,0,3,12,5,0,0,0,22,200,1,28,200,200,200,0,200,200
363962,0,25,0,0,0,3,7,6,0,0,0,25,0,0,200,200,200,200,200,200,200
363962,1,25,0,0,0,3,7,6,0,0,0,25,0,200,200,200,200,200,200,200,200
363962,1,25,0,0,0,3,7,6,0,0,0,25,0,200,200,200,200,200,200,200,200
363964,0,45,0,0,0,3,10,3,0,0,0,18,200,0,36,0,3,0,0,200,200
363964,0,45,0,0,0,3,10,3,0,0,0,18,200,0,200,200,200,200,200,200,200
363977,0,10,0,0,0,1,7,7,0,0,200,0,0,2,200,200,200,200,200,200,200
363984,0,30,1,2,0,3,14,2,0,0,0,23,21,1,200,200,7,200,200,200,200
363984,0,30,1,2,0,3,14,2,0,0,0,23,21,1,53,0,0,0,0,200,200
363986,0,30,1,2,0,3,14,5,0,0,0,21,200,0,41,0,12,0,0,200,200
363986,0,30,1,2,0,3,14,5,0,0,0,21,200,0,52,0,0,0,0,200,200
363986,1,30,1,2,0,3,14,5,0,0,0,21,200,0,50,0,200,200,200,200,200
363997,0,30,200,200,0,3,8,2,0,200,200,200,200,0,200,200,200,200,200,200,200
363997,4,30,200,200,0,3,8,2,0,200,200,200,200,0,19,200,200,200,200,200,200
364005,0,30,0,0,0,3,7,6,0,0,0,20,11,0,200,200,6,200,200,200,200
364005,1,30,0,0,0,3,7,6,0,0,0,20,11,2,200,200,200,200,200,200,200
364006,0,35,2,12,0,3,12,5,0,0,0,18,22,0,21,0,3,0,200,200,200
364006,0,35,2,12,0,3,12,5,0,0,0,18,22,1,200,0,0,0,0,200,200
364006,1,35,2,12,0,3,12,5,0,0,0,18,22,1,20,0,200,200,200,200,200
364006,1,35,2,12,0,3,12,5,0,0,0,18,22,0,17,0,200,200,200,200,200
364006,1,35,2,12,0,3,12,5,0,0,0,18,22,0,19,0,200,200,200,200,200
364007,0,35,1,2,0,3,14,5,0,0,0,17,200,1,31,0,1,0,0,200,200
364007,0,35,1,2,0,3,14,5,0,0,0,17,200,0,27,0,12,0,0,200,200
364021,0,30,0,0,0,3,12,5,0,0,0,0,200,1,23,200,200,0,1,200,200
364021,0,30,0,0,0,3,12,5,0,0,0,0,200,0,34,200,0,0,0,200,200
364021,1,30,0,0,0,3,12,5,0,0,0,0,200,1,31,200,200,200,200,200,200
364021,1,30,0,0,0,3,12,5,0,0,0,0,200,1,36,200,200,200,200,200,200
364025,0,30,200,200,0,3,12,12,0,200,200,22,22,2,200,200,200,200,200,200,200
364025,0,30,200,200,0,3,12,12,0,200,200,22,22,1,34,200,200,200,1,200,200
364034,0,30,0,0,0,3,7,5,0,0,0,0,0,2,200,200,200,200,200,200,200
364041,0,20,0,0,0,3,7,6,0,0,0,0,0,0,42,200,200,0,0,200,200
364045,0,30,0,0,0,3,12,5,0,0,0,20,200,2,200,200,6,200,200,200,200
364045,0,30,0,0,0,3,12,5,0,0,0,20,200,1,26,0,0,0,0,200,200
364067,0,25,2,2,0,3,0,200,0,0,0,5,11,0,40,0,5,0,0,200,200
364067,0,25,2,2,0,3,0,200,0,0,0,5,11,0,48,0,0,0,0,200,200
364074,1,30,1,2,0,3,0,5,0,0,0,6,7,1,200,200,200,200,200,200,200
364074,0,30,1,2,0,3,0,5,0,0,0,6,7,0,21,200,5,0,200,200,200
364074,0,30,1,2,0,3,0,5,0,0,0,6,7,0,39,200,200,0,0,200,200
364074,1,30,1,2,0,3,0,5,0,0,0,6,7,1,200,200,200,200,200,200,200
364074,1,30,1,2,0,3,0,5,0,0,0,6,7,1,200,200,200,200,200,200,200
364075,0,40,0,0,0,3,14,3,0,0,0,23,22,0,27,0,2,0,0,200,200
364075,0,40,0,0,0,3,14,3,0,0,0,23,22,0,36,0,0,0,0,200,200
364085,0,35,1,2,0,3,12,12,0,0,0,22,200,1,31,200,4,0,0,200,200
364085,0,35,1,2,0,3,12,12,0,0,0,22,200,0,71,200,12,0,0,200,200
364086,0,30,0,0,0,3,12,5,0,0,0,21,16,1,200,200,4,200,0,200,200
364086,0,30,0,0,0,3,12,5,0,0,0,21,16,0,46,200,12,200,0,200,200
364094,0,30,0,0,0,3,2,5,0,0,0,25,0,0,200,200,12,200,200,200,200
364094,1,30,0,0,0,3,2,5,0,0,0,25,0,1,200,200,200,200,200,200,200
364110,0,30,1,2,0,3,10,2,0,0,200,16,16,0,33,0,12,0,200,200,200
364110,0,30,1,2,0,3,10,2,0,0,200,16,16,1,26,0,0,0,1,200,200
364110,1,30,1,2,0,3,10,2,0,0,200,16,16,0,24,0,200,200,200,200,200
364110,1,30,1,2,0,3,10,2,0,0,200,16,16,1,5,0,200,200,200,200,200
364110,1,30,1,2,0,3,10,2,0,0,200,16,16,1,7,0,200,200,200,200,200
364110,1,30,1,2,0,3,10,2,0,0,200,16,16,0,1,0,200,200,200,200,200
364116,0,35,1,2,0,3,2,2,0,0,0,25,200,2,200,200,12,200,200,200,200
364116,1,35,1,2,0,3,2,2,0,0,0,25,200,2,200,200,200,200,200,200,200
364120,0,30,0,0,0,3,10,5,0,0,0,18,18,2,200,200,3,200,200,200,200
364120,0,30,0,0,0,3,10,5,0,0,0,18,18,1,28,7,0,0,0,200,200
364123,0,20,0,0,0,3,2,0,0,0,0,0,0,2,200,200,200,200,200,200,200
364143,0,30,0,0,0,2,10,2,0,0,200,18,200,1,23,200,3,200,7,200,200
364143,0,30,0,0,0,2,10,2,0,0,200,18,200,0,43,200,0,200,0,200,200
364163,0,30,1,1,0,1,14,2,0,0,0,0,0,0,75,200,200,0,0,200,200
364163,0,30,1,1,0,1,14,2,0,0,0,0,0,1,25,200,200,0,0,200,200
364175,0,35,0,0,0,1,14,5,0,0,0,18,23,0,21,0,3,200,0,200,200
364175,0,35,0,0,0,1,14,5,0,0,0,18,23,0,38,0,7,200,0,200,200
364175,1,35,0,0,0,1,14,5,0,0,0,18,23,1,45,0,200,200,200,200,200
364183,0,30,1,2,0,1,8,2,0,0,0,16,23,2,200,200,1,200,200,200,200
364183,4,30,1,2,0,1,8,2,0,0,0,16,23,0,34,3,0,0,0,200,200
364185,0,30,0,0,0,1,14,2,0,0,0,17,16,0,77,0,1,0,0,200,200
364185,0,30,0,0,0,1,14,2,0,0,0,17,16,0,27,2,0,0,0,200,200
364187,0,30,2,2,0,1,14,5,0,0,0,11,200,1,56,0,12,0,0,200,200
364187,0,30,2,2,0,1,14,5,0,0,0,11,200,1,29,0,12,0,0,200,200
364187,1,30,2,2,0,1,14,5,0,0,0,11,200,0,54,0,200,200,200,200,200
364187,1,30,2,2,0,1,14,5,0,0,0,11,200,0,0,5,200,200,200,200,200
364196,0,25,0,0,0,1,8,0,0,0,0,200,200,1,49,0,200,2,0,200,200
364196,4,25,0,0,0,1,8,0,0,0,0,200,200,0,52,7,200,2,0,200,200
364200,0,10,0,0,0,1,7,7,0,0,0,0,0,0,200,200,6,200,200,200,200
364200,1,10,0,0,0,1,7,7,0,0,0,0,0,1,200,200,200,200,200,200,200
364203,0,20,0,0,0,1,7,6,0,0,0,0,0,1,16,200,0,200,200,200,200
364206,0,30,0,0,0,1,5,7,0,0,0,8,200,0,200,0,200,6,200,200,200
364213,0,30,0,0,0,1,7,5,0,0,0,0,0,0,200,200,200,200,200,200,200
364215,0,30,1,2,0,1,10,5,0,0,0,7,0,0,27,0,12,0,0,200,200
364215,0,30,1,2,0,1,10,5,0,0,0,7,0,1,47,0,0,0,0,200,200
364215,0,30,1,2,0,1,10,5,0,0,0,7,0,1,53,0,0,0,0,200,200
364221,0,30,2,0,0,1,10,5,0,0,0,0,0,1,46,0,200,0,0,200,200
364221,0,30,2,0,0,1,10,5,0,0,0,0,0,0,200,200,200,200,200,200,200
364221,1,30,2,0,0,1,10,5,0,0,0,0,0,2,200,200,200,200,200,200,200
364222,0,0,0,0,0,1,7,6,0,0,0,16,200,1,200,200,0,200,0,200,200
364230,0,25,0,0,0,200,7,6,0,0,0,0,0,2,200,200,200,200,200,200,200
364231,0,30,1,200,0,2,10,2,0,0,0,0,0,1,200,200,200,200,200,200,200
364231,0,30,1,200,0,2,10,2,0,0,0,0,0,1,58,0,0,0,200,200,200
364247,0,30,0,0,0,1,7,6,0,0,0,0,200,2,200,200,200,200,200,200,200
364248,0,30,1,2,0,1,12,2,0,0,0,18,200,1,37,200,0,200,0,200,200
364248,0,30,1,2,0,1,12,2,0,0,0,18,200,0,30,200,3,200,0,200,200
364250,0,30,1,2,0,1,10,5,0,0,0,18,16,0,41,200,3,0,0,200,200
364250,0,30,1,2,0,1,10,5,0,0,0,18,16,0,45,200,15,0,0,200,200
364250,0,30,1,2,0,1,10,5,0,0,0,18,16,2,200,200,0,200,200,200,200
364256,0,25,0,0,0,3,7,6,0,0,0,200,0,2,200,200,200,200,200,200,200
364259,0,30,2,2,0,1,0,2,0,0,0,11,33,0,34,0,12,12,0,200,200
364259,0,30,2,2,0,1,0,2,0,0,0,11,33,1,35,0,12,12,0,200,200
364259,1,30,2,2,0,1,0,2,0,0,0,11,33,0,13,0,200,200,200,200,200
364259,1,30,2,2,0,1,0,2,0,0,0,11,33,1,3,5,200,200,200,200,200
364261,0,30,0,0,0,1,7,5,0,0,0,0,0,1,62,0,200,0,0,200,200
364262,0,30,0,0,0,200,7,6,0,0,200,0,0,2,200,200,200,200,200,200,200
364270,0,45,0,0,0,1,12,3,0,0,0,21,11,0,20,0,4,0,0,200,200
364270,0,45,0,0,0,1,12,3,0,0,0,21,11,1,36,0,0,0,0,200,200
364270,1,45,0,0,0,1,12,3,0,0,0,21,11,0,36,0,200,200,200,200,200
364272,0,30,0,0,0,1,14,5,0,0,0,0,0,1,38,0,3,0,0,200,200
364272,0,30,0,0,0,1,14,5,0,0,0,0,0,0,26,7,0,0,0,200,200
364275,0,30,0,0,200,1,10,5,0,200,0,18,200,0,200,200,3,200,0,200,200
364275,0,30,0,0,200,1,10,5,0,200,0,18,200,1,200,0,12,0,0,200,200
364276,0,30,0,0,0,1,0,5,0,0,0,0,200,0,29,0,0,0,0,200,200
364276,0,30,0,0,0,1,0,5,0,0,0,0,200,0,49,0,0,0,0,200,200
364277,0,30,0,0,0,1,7,3,0,0,0,17,17,2,200,200,1,200,200,200,200
364278,0,25,0,0,0,1,12,6,0,0,0,0,0,0,39,0,0,0,0,200,200
364278,0,25,0,0,0,1,12,6,0,0,0,0,0,1,41,0,0,0,0,200,200
364280,0,30,0,0,0,1,3,2,0,0,0,200,200,0,200,200,200,1,200,200,200
364280,0,30,0,0,0,1,3,2,0,0,0,200,200,1,69,0,0,200,200,200,200
364289,0,30,0,0,0,1,14,2,0,0,0,0,0,1,43,0,12,0,0,200,200
364289,0,30,0,0,0,1,14,2,0,0,0,0,0,0,58,200,12,0,0,200,200
364296,0,40,0,0,0,1,10,3,5,0,0,21,200,0,28,0,4,0,0,200,200
364296,0,40,0,0,0,1,10,3,5,0,0,21,200,1,23,0,0,0,0,200,200
364296,1,40,0,0,0,1,10,3,5,0,0,21,200,1,25,0,200,200,200,200,200
364301,0,30,1,2,0,1,14,2,0,0,0,21,200,0,56,200,12,200,0,200,200
364301,0,30,1,2,0,1,14,2,0,0,0,21,200,1,24,200,12,200,0,200,200
364317,0,30,1,2,0,1,14,1,0,0,0,0,200,0,27,0,200,0,0,200,200
364317,0,30,1,2,0,1,14,1,0,0,0,0,200,0,63,0,200,0,0,200,200
364317,1,30,1,2,0,1,14,1,0,0,0,0,200,0,2,5,200,200,200,200,200
364317,1,30,1,2,0,1,14,1,0,0,0,0,200,0,68,7,200,200,200,200,200
364318,0,30,1,2,200,1,10,5,0,200,200,18,0,1,56,200,3,200,200,200,200
364318,0,30,1,2,200,1,10,5,0,200,200,18,0,0,52,0,12,0,0,200,200
364318,1,30,1,2,200,1,10,5,0,200,200,18,0,1,26,0,200,200,200,200,200
364320,0,30,0,0,0,1,14,6,0,0,0,23,200,0,33,0,7,0,0,200,200
364320,0,30,0,0,0,1,14,6,0,0,0,23,200,0,48,0,0,0,0,200,200
364323,0,45,0,0,0,1,12,8,0,0,0,17,0,0,22,0,1,0,0,200,200
364323,0,45,0,0,0,1,12,8,0,0,0,17,0,1,47,200,0,200,200,200,200
364323,1,45,0,0,0,1,12,8,0,0,0,17,0,1,200,200,200,200,200,200,200
364323,1,45,0,0,0,1,12,8,0,0,0,17,0,1,200,200,200,200,200,200,200
364331,0,30,0,0,0,1,7,12,0,0,0,200,200,2,200,200,200,200,200,200,200
364335,0,30,0,0,0,1,12,2,0,0,0,21,22,0,200,0,4,0,0,200,200
364335,0,30,0,0,0,1,12,2,0,0,0,21,22,0,200,0,0,0,0,200,200
364336,0,30,0,0,200,200,7,5,0,200,0,0,0,2,200,200,200,200,200,200,200
364337,0,25,0,0,0,1,0,6,0,0,0,0,200,0,34,0,1,0,0,200,200
364337,0,25,0,0,0,1,0,6,0,0,0,0,200,0,59,0,0,0,0,200,200
364342,0,30,1,2,0,1,10,2,0,0,0,0,0,0,83,200,200,200,200,200,200
364342,0,30,1,2,0,1,10,2,0,0,0,0,0,0,26,0,0,0,0,200,200
364343,0,30,1,2,0,1,12,2,0,0,0,22,200,1,25,0,2,0,0,200,200
364343,0,30,1,2,0,1,12,2,0,0,0,22,200,0,56,0,0,0,0,200,200
364344,4,30,0,0,0,1,8,5,0,0,0,17,200,1,32,7,0,0,0,200,200
364344,1,30,0,0,0,1,8,5,0,0,0,17,200,1,200,200,200,200,200,200,200
364352,0,30,0,0,0,1,7,5,0,0,0,0,200,2,200,200,200,200,200,200,200
364353,0,30,1,2,0,0,0,3,0,0,0,17,17,0,51,0,1,0,0,200,200
364353,0,30,1,2,0,0,0,3,0,0,0,17,17,1,55,0,0,0,0,200,200
364356,0,30,0,0,0,1,14,5,0,0,0,23,17,0,200,200,7,200,200,200,200
364356,0,30,0,0,0,1,14,5,0,0,0,23,17,0,74,7,0,0,0,200,200
364357,0,30,0,0,0,1,12,5,0,0,0,0,200,1,37,0,12,0,0,200,200
364357,0,30,0,0,0,1,12,5,0,0,0,0,200,0,56,0,12,0,0,200,200
364364,0,30,0,0,0,1,7,6,0,0,1,7,11,1,26,0,2,0,0,200,200
364366,5,30,2,2,0,1,9,5,0,0,0,200,200,0,9,7,0,0,0,200,200
364366,0,30,2,2,0,1,9,5,0,0,0,200,200,1,46,0,0,0,0,200,200
364386,0,25,0,0,0,1,7,5,0,0,0,0,0,0,68,200,200,0,0,200,200
364386,1,25,0,0,0,1,7,5,0,0,0,0,0,0,24,200,200,200,200,200,200
364386,1,25,0,0,0,1,7,5,0,0,0,0,0,1,22,200,200,200,200,200,200
364386,1,25,0,0,0,1,7,5,0,0,0,0,0,0,28,200,200,200,200,200,200
364388,0,30,1,200,0,1,12,5,0,0,200,0,0,1,50,200,200,200,0,200,200
364388,0,30,1,200,0,1,12,5,0,0,200,0,0,0,45,200,200,200,0,200,200
364391,0,30,1,2,0,1,14,1,0,200,200,6,16,0,34,0,5,200,0,200,200
364391,0,30,1,2,0,1,14,1,0,200,200,6,16,1,30,0,0,200,0,200,200
364396,0,30,1,2,0,1,10,2,0,0,0,0,0,1,27,200,200,200,200,200,200
364396,0,30,1,2,0,1,10,2,0,0,0,0,0,0,39,0,0,0,0,200,200
364397,0,30,2,3,0,1,0,5,0,0,0,20,200,0,33,200,6,200,200,200,200
364397,0,30,2,3,0,1,0,5,0,0,0,20,200,1,58,0,0,0,0,200,200
364398,0,30,0,0,0,1,0,6,0,0,0,0,0,1,200,0,200,200,0,200,200
364398,0,30,0,0,0,1,0,6,0,0,0,0,0,0,200,0,200,200,200,200,200
364398,1,30,0,0,0,1,0,6,0,0,0,0,0,0,200,0,200,200,200,200,200
364398,1,30,0,0,0,1,0,6,0,0,0,0,0,0,200,0,200,200,200,200,200
364398,1,30,0,0,0,1,0,6,0,0,0,0,0,0,200,0,200,200,200,200,200
364401,0,30,0,0,0,1,0,5,0,0,0,200,200,1,39,200,200,0,0,200,200
364401,0,30,0,0,0,1,0,5,0,0,0,200,200,1,36,7,0,0,0,200,200
364405,0,30,1,2,0,1,0,5,0,0,0,17,17,0,64,0,1,0,0,200,200
364405,0,30,1,2,0,1,0,5,0,0,0,17,17,0,46,0,0,0,0,200,200
364406,0,25,2,2,0,1,12,5,0,0,0,0,200,2,200,200,200,200,200,200,200
364406,0,25,2,2,0,1,12,5,0,0,0,0,200,1,37,0,200,0,0,200,200
364408,0,15,0,0,0,1,0,7,0,0,0,17,0,0,65,200,1,0,0,200,200
364408,0,15,0,0,0,1,0,7,0,0,0,17,0,1,38,0,0,0,0,200,200
364408,1,15,0,0,0,1,0,7,0,0,0,17,0,0,13,0,200,200,200,200,200
364408,1,15,0,0,0,1,0,7,0,0,0,17,0,0,10,0,200,200,200,200,200
364415,0,35,1,2,0,1,14,5,0,0,0,23,18,0,37,0,200,0,0,200,200
364415,0,35,1,2,0,1,14,5,0,0,0,23,18,1,65,0,3,0,0,200,200
364415,1,35,1,2,0,1,14,5,0,0,0,23,18,1,62,0,200,200,200,200,200
364418,0,30,200,200,0,1,10,5,0,200,200,18,200,1,54,200,3,200,0,200,200
364418,0,30,200,200,0,1,10,5,0,200,200,18,200,1,48,200,12,200,0,200,200
364432,0,10,0,0,0,1,2,0,0,0,0,200,200,0,28,0,7,0,0,200,200
364433,0,30,0,0,0,1,9,5,0,0,0,17,200,1,45,0,5,0,0,200,200
364433,5,30,0,0,0,1,9,5,0,0,0,17,200,0,63,7,0,0,0,200,200
364443,0,30,0,0,0,1,14,2,0,0,0,0,200,0,29,200,200,0,0,200,200
364443,0,30,0,0,0,1,14,2,0,0,0,0,200,0,18,200,0,0,0,200,200
364469,0,30,0,0,0,1,12,2,0,0,0,0,200,0,76,0,200,200,0,200,200
364469,0,30,0,0,0,1,12,2,0,0,0,0,200,1,37,200,200,200,200,200,200
364473,0,30,0,0,0,3,7,5,0,0,3,17,200,2,200,200,1,200,200,200,200
364477,0,30,0,0,0,1,0,7,0,0,0,20,20,1,31,0,6,0,0,200,200
364477,0,30,0,0,0,1,0,7,0,0,0,20,20,1,24,0,0,0,0,200,200
364482,0,25,1,2,0,1,2,1,0,0,0,4,33,0,25,0,12,3,0,200,200
364488,0,30,0,0,0,1,14,5,0,0,0,18,200,0,16,200,3,0,0,200,200
364488,0,30,0,0,0,1,14,5,0,0,0,18,200,0,32,0,0,0,0,200,200
364488,1,30,0,0,0,1,14,5,0,0,0,18,200,0,21,200,200,200,200,200,200
364488,1,30,0,0,0,1,14,5,0,0,0,18,200,1,16,200,200,200,200,200,200
364491,0,0,0,0,0,1,7,7,0,0,0,25,25,1,200,200,12,200,200,200,200
364492,0,30,1,2,0,1,10,5,0,0,0,18,0,1,28,200,3,200,200,200,200
364492,0,30,1,2,0,1,10,5,0,0,0,18,0,1,26,0,0,0,0,200,200
364492,1,30,1,2,0,1,10,5,0,0,0,18,0,1,4,0,200,200,200,200,200
364492,1,30,1,2,0,1,10,5,0,0,0,18,0,1,5,0,200,200,200,200,200
364492,1,30,1,2,0,1,10,5,0,0,0,18,0,1,4,0,200,200,200,200,200
364498,0,30,0,0,0,1,12,2,0,0,0,0,200,1,29,200,200,0,0,200,200
364498,0,30,0,0,0,1,12,2,0,0,0,0,200,0,58,200,0,0,0,200,200
364498,1,30,0,0,0,1,12,2,0,0,0,0,200,0,7,200,200,200,200,200,200
364504,0,30,0,0,0,1,7,5,0,0,0,22,0,0,40,0,7,0,200,200,200
364504,1,30,0,0,0,1,7,5,0,0,0,22,0,0,200,0,200,200,200,200,200
364506,0,30,0,0,0,1,12,5,0,0,0,0,0,0,200,0,12,0,0,200,200
364506,0,30,0,0,0,1,12,5,0,0,0,0,0,0,200,0,0,0,0,200,200
364513,0,30,0,0,0,1,12,5,0,0,0,21,200,0,64,7,200,0,0,200,200
364513,0,30,0,0,0,1,12,5,0,0,0,21,200,0,56,7,0,0,0,200,200
364515,0,30,2,2,0,1,7,5,0,0,0,0,200,0,48,0,12,200,0,200,200
364515,1,30,2,2,0,1,7,5,0,0,0,0,200,0,58,0,200,200,200,200,200
364515,1,30,2,2,0,1,7,5,0,0,0,0,200,0,36,0,200,200,200,200,200
364515,1,30,2,2,0,1,7,5,0,0,0,0,200,0,50,0,200,200,200,200,200
364515,1,30,2,2,0,1,7,5,0,0,0,0,200,0,36,0,200,200,200,200,200
364521,0,30,1,2,0,1,14,2,0,0,0,22,20,0,59,200,2,0,0,200,200
364521,0,30,1,2,0,1,14,2,0,0,0,22,20,0,33,200,6,200,0,200,200
364521,0,30,1,2,0,1,14,2,0,0,0,22,20,1,27,200,0,0,0,200,200
364523,0,30,1,2,0,1,10,2,0,0,0,18,16,0,53,0,3,0,0,200,200
364523,0,30,1,2,0,1,10,2,0,0,0,18,16,1,61,0,0,0,0,200,200
364523,1,30,1,2,0,1,10,2,0,0,0,18,16,1,14,0,200,200,200,200,200
364523,1,30,1,2,0,1,10,2,0,0,0,18,16,0,11,0,200,200,200,200,200
364527,0,30,0,0,0,1,10,5,0,0,0,18,200,1,52,0,3,0,0,200,200
364527,0,30,0,0,0,1,10,5,0,0,0,18,200,0,32,0,0,0,0,200,200
364536,0,30,0,0,0,1,5,7,0,0,0,16,200,0,18,200,12,0,0,200,200
364541,0,35,0,0,0,1,2,5,3,0,0,15,200,0,22,200,12,0,0,200,200
364541,1,35,0,0,0,1,2,5,3,0,0,15,200,0,16,200,200,200,200,200,200
364544,0,30,0,0,0,1,12,3,0,0,0,0,0,1,48,0,200,200,0,200,200
364544,0,30,0,0,0,1,12,3,0,0,0,0,0,1,38,200,0,200,0,200,200
364545,0,25,0,0,0,1,7,5,0,0,0,0,200,0,200,200,200,200,200,200,200
364548,0,30,0,0,0,1,7,6,0,0,0,20,20,1,200,200,6,200,200,200,200
364555,0,30,2,2,0,1,0,6,0,0,0,20,21,0,49,0,10,0,0,200,200
364555,0,30,2,2,0,1,0,6,0,0,0,20,21,1,30,0,0,0,0,200,200
364563,0,35,0,0,0,3,10,5,0,0,0,16,18,2,200,200,3,200,200,200,200
364563,0,35,0,0,0,3,10,5,0,0,0,16,18,0,61,0,0,0,0,200,200
364567,0,30,1,2,0,2,10,2,0,0,0,18,200,1,23,200,3,200,200,200,200
364567,0,30,1,2,0,2,10,2,0,0,0,18,200,0,25,0,0,0,0,200,200
364571,0,30,0,0,0,1,7,6,0,0,0,2,200,1,29,200,15,0,7,200,200
364571,1,30,0,0,0,1,7,6,0,0,0,2,200,1,62,200,200,200,200,200,200
364573,0,30,0,200,0,1,9,2,0,200,200,11,20,0,200,200,6,200,200,200,200
364573,5,30,0,200,0,1,9,2,0,200,200,11,20,0,14,200,0,200,0,200,200
364586,0,30,0,0,0,1,2,0,0,0,0,0,0,0,63,0,12,0,0,200,200
364598,0,30,0,0,0,1,12,2,0,0,0,17,200,1,31,0,1,0,0,200,200
364598,0,30,0,0,0,1,12,2,0,0,0,17,200,1,26,0,0,0,0,200,200
364598,1,30,0,0,0,1,12,2,0,0,0,17,200,0,5,5,200,200,200,200,200
364601,0,0,1,2,0,1,10,200,0,200,200,0,200,0,29,200,200,200,200,200,200
364601,0,0,1,2,0,1,10,200,0,200,200,0,200,0,62,0,200,200,0,200,200
364602,0,30,2,2,0,1,2,5,0,0,0,0,0,0,50,200,200,0,0,200,200
364604,0,30,0,0,0,1,7,7,0,0,0,0,0,2,200,200,200,200,200,200,200
364608,0,30,1,200,0,1,10,5,0,0,0,18,200,0,200,200,3,200,200,200,200
364608,0,30,1,200,0,1,10,5,0,0,0,18,200,0,38,0,0,200,0,200,200
364621,0,20,0,0,0,1,10,2,0,0,200,18,18,1,31,200,3,200,0,200,200
364621,0,20,0,0,0,1,10,2,0,0,200,18,18,0,0,200,0,200,0,200,200