RD_NO,PERSON_TYPE,POSTED_SPEED_LIMIT,TRAFFIC_CONTROL_DEVICE,DEVICE_CONDITION,WEATHER_CONDITION,LIGHTING_CONDITION,FIRST_CRASH_TYPE,TRAFFICWAY_TYPE,ALIGNMENT,ROADWAY_SURFACE_COND,ROAD_DEFECT,PRIM_CONTRIBUTORY_CAUSE,SEC_CONTRIBUTORY_CAUSE,SEX,AGE,SAFETY_EQUIPMENT,DRIVER_ACTION,DRIVER_VISION,PHYSICAL_CONDITION,BAC_RESULT VALUE,CELL_PHONE_USE
364622,0,30,0,0,0,1,14,5,0,0,0,200,200,1,73,0,0,0,0,200,200
364622,0,30,0,0,0,1,14,5,0,0,0,200,200,1,40,7,0,0,0,200,200
364622,1,30,0,0,0,1,14,5,0,0,0,200,200,0,200,0,200,200,200,200,200
364625,0,30,0,0,0,1,10,3,0,0,0,0,0,1,21,0,0,0,0,200,200
364625,0,30,0,0,0,1,10,3,0,0,0,0,0,0,51,0,0,0,0,200,200
364629,0,0,1,2,0,1,7,2,0,0,0,28,0,0,37,0,12,0,0,200,200
364633,0,30,0,0,0,1,7,5,0,0,0,0,200,2,200,200,200,200,200,200,200
364634,0,30,1,2,0,1,14,5,0,0,0,0,0,0,27,200,200,200,200,200,200
364634,0,30,1,2,0,1,14,5,0,0,0,0,0,0,59,0,0,0,0,200,200
364637,0,15,0,0,0,1,2,0,0,0,0,0,0,2,200,200,200,200,200,200,200
364652,0,30,2,2,0,1,0,12,0,0,0,16,11,0,32,0,200,0,0,200,200
364652,0,30,2,2,0,1,0,12,0,0,0,16,11,0,51,0,200,200,0,200,200
364652,1,30,2,2,0,1,0,12,0,0,0,16,11,0,6,0,200,200,200,200,200
364652,1,30,2,2,0,1,0,12,0,0,0,16,11,1,25,0,200,200,200,200,200
364652,1,30,2,2,0,1,0,12,0,0,0,16,11,1,4,0,200,200,200,200,200
364652,1,30,2,2,0,1,0,12,0,0,0,16,11,1,7,0,200,200,200,200,200
364652,1,30,2,2,0,1,0,12,0,0,0,16,11,0,0,5,200,200,200,200,200
364652,1,30,2,2,0,1,0,12,0,0,0,16,11,1,7,0,200,200,200,200,200
364663,0,30,200,200,0,1,7,5,0,0,200,0,200,2,200,200,200,200,200,200,200
364665,0,30,0,0,0,3,7,6,0,0,0,22,0,2,200,200,200,200,200,200,200
364671,0,30,0,0,0,1,8,5,0,0,200,17,200,1,30,200,1,200,200,200,200
364671,4,30,0,0,0,1,8,5,0,0,200,17,200,1,29,3,0,0,0,200,200
364679,0,25,0,200,0,3,7,5,0,0,0,0,200,2,200,200,200,200,200,200,200
364685,0,30,0,0,0,1,12,5,0,0,0,0,0,1,18,0,200,0,0,200,200
364685,0,30,0,0,0,1,12,5,0,0,0,0,0,1,41,0,0,0,0,200,200
364688,0,30,1,2,0,1,10,5,0,0,0,0,0,1,51,0,0,0,0,200,200
364688,0,30,1,2,0,1,10,5,0,0,0,0,0,0,47,0,0,0,0,200,200
364692,0,20,0,0,0,1,7,2,0,0,200,200,0,2,200,200,200,200,200,200,200
364693,0,30,0,0,0,1,2,2,0,0,0,29,29,0,64,0,0,0,0,200,200
364696,0,30,12,12,0,1,10,2,0,12,2,16,18,0,18,0,3,0,0,200,200
364696,0,30,12,12,0,1,10,2,0,12,2,16,18,0,49,3,0,0,0,200,200
364700,0,30,1,2,0,1,10,2,0,0,0,20,16,0,25,200,6,0,0,200,200
364700,0,30,1,2,0,1,10,2,0,0,0,20,16,0,50,200,12,0,0,200,200
364703,0,30,0,0,0,1,10,3,0,0,0,0,0,0,200,200,200,200,200,200,200
364703,0,30,0,0,0,1,10,3,0,0,0,0,0,1,20,0,0,0,0,200,200
364706,0,20,0,0,0,1,7,7,0,200,200,0,0,1,200,200,200,200,200,200,200
364714,0,30,0,0,0,1,12,5,0,0,0,21,7,0,78,200,200,0,0,200,200
364714,0,30,0,0,0,1,12,5,0,0,0,21,7,1,45,200,200,0,0,200,200
364717,0,30,0,0,0,1,7,5,2,0,0,23,200,1,23,0,7,4,0,200,200
364723,0,30,0,0,0,1,7,5,0,0,0,21,200,0,24,0,4,0,0,200,200
364724,0,30,0,0,0,1,3,3,0,0,0,0,0,0,200,200,200,200,200,200,200
364724,0,30,0,0,0,1,3,3,0,0,0,0,0,0,22,0,0,0,0,200,200
364724,1,30,0,0,0,1,3,3,0,0,0,0,0,1,19,0,200,200,200,200,200
364725,0,30,1,2,0,1,14,2,0,0,0,0,0,0,60,0,7,0,0,200,200
364725,0,30,1,2,0,1,14,2,0,0,0,0,0,1,19,0,0,0,0,200,200
364727,0,0,0,0,0,1,12,5,0,0,0,0,0,0,200,200,200,200,200,200,200
364727,0,0,0,0,0,1,12,5,0,0,0,0,0,0,28,200,0,0,0,200,200
364730,0,30,200,200,0,1,10,5,0,0,0,0,200,0,200,200,200,200,200,200,200
364730,0,30,200,200,0,1,10,5,0,0,0,0,200,0,79,200,0,200,0,200,200
364730,1,30,200,200,0,1,10,5,0,0,0,0,200,1,36,200,200,200,200,200,200
364732,0,30,1,2,0,1,12,5,0,0,0,21,200,1,200,0,4,0,0,200,200
364732,0,30,1,2,0,1,12,5,0,0,0,21,200,1,29,0,0,0,0,200,200
364739,0,30,0,0,0,1,7,5,0,0,0,200,200,2,200,200,200,200,200,200,200
364744,4,30,0,0,0,1,8,5,0,0,0,200,200,0,200,7,12,200,5,200,200
364744,0,30,0,0,0,1,8,5,0,0,0,200,200,1,23,200,0,0,0,200,200
364746,0,30,1,2,0,1,10,2,0,0,0,18,200,0,20,200,3,200,0,200,200
364746,0,30,1,2,0,1,10,2,0,0,0,18,200,0,67,200,0,200,0,200,200
364751,0,10,0,0,0,1,9,7,0,200,200,20,20,0,200,200,6,200,200,200,200
364751,5,10,0,0,0,1,9,7,0,200,200,20,20,0,67,7,0,200,200,200,200
364755,0,25,2,2,0,1,9,1,0,0,0,17,5,1,200,200,5,200,200,200,0
364755,5,25,2,2,0,1,9,1,0,0,0,17,5,1,22,7,0,0,0,200,200
364762,0,10,0,0,0,1,7,0,0,0,200,0,0,2,200,200,200,200,200,200,200
364766,0,0,0,0,0,1,7,7,0,0,0,0,0,2,200,200,200,200,200,200,200
364771,0,30,1,2,0,1,10,5,0,0,0,18,200,0,58,200,3,0,0,200,200
364771,0,30,1,2,0,1,10,5,0,0,0,18,200,1,34,200,0,0,0,200,200
364771,1,30,1,2,0,1,10,5,0,0,0,18,200,1,200,200,200,200,200,200,200
364774,0,30,200,200,200,200,10,200,0,200,200,0,200,0,27,0,200,200,200,200,200
364774,0,30,200,200,200,200,10,200,0,200,200,0,200,0,58,0,200,200,200,200,200
364778,0,10,0,0,0,1,7,7,0,0,200,0,200,2,200,200,200,200,200,200,200
364779,0,30,0,200,0,1,5,0,0,0,200,20,20,0,200,200,6,200,200,200,200
364780,0,30,0,200,0,1,12,6,0,0,0,11,0,0,40,7,4,0,0,200,200
364780,0,30,0,200,0,1,12,6,0,0,0,11,0,0,51,200,0,200,0,200,200
364787,0,30,1,2,0,1,0,12,0,0,0,6,200,0,21,0,1,200,0,200,200
364787,0,30,1,2,0,1,0,12,0,0,0,6,200,1,69,0,0,200,0,200,200
364788,0,30,0,0,0,1,7,7,0,0,0,27,200,0,54,200,12,0,7,200,200
364789,0,30,0,0,0,1,12,2,0,0,0,11,0,1,46,200,200,200,200,200,200
364789,0,30,0,0,0,1,12,2,0,0,0,11,0,1,75,200,200,200,0,200,200
364793,0,35,0,0,200,1,7,7,0,200,200,200,200,2,200,200,200,200,200,200,200
364796,0,30,12,12,0,1,12,6,0,0,0,17,200,0,25,200,1,0,0,200,200
364796,0,30,12,12,0,1,12,6,0,0,0,17,200,0,27,200,0,0,0,200,200
364798,0,30,1,2,0,1,10,2,0,0,0,18,200,0,49,200,3,0,0,200,200
364798,0,30,1,2,0,1,10,2,0,0,0,18,200,0,48,200,0,0,0,200,200
364799,0,30,1,200,0,1,10,5,0,200,200,0,16,1,200,200,1,200,200,200,200
364799,0,30,1,200,0,1,10,5,0,200,200,0,16,1,75,200,200,200,0,200,200
364800,0,30,0,0,0,1,10,5,0,0,0,200,200,0,200,200,0,200,200,200,200
364800,0,30,0,0,0,1,10,5,0,0,0,200,200,0,61,0,0,0,0,200,200
364800,1,30,0,0,0,1,10,5,0,0,0,200,200,1,200,0,200,200,200,200,200
364804,0,30,0,2,0,1,12,5,0,0,0,7,200,1,40,200,12,0,0,200,200
364804,0,30,0,2,0,1,12,5,0,0,0,7,200,0,43,200,0,0,0,200,200
364808,0,30,1,2,0,1,10,2,0,0,0,18,16,1,20,200,3,0,0,200,200
364808,0,30,1,2,0,1,10,2,0,0,0,18,16,0,51,200,0,0,0,200,200
364809,0,30,0,0,0,1,10,7,0,0,0,20,200,0,200,200,6,200,200,200,200
364809,0,30,0,0,0,1,10,7,0,0,0,20,200,0,19,0,12,200,0,200,200
364814,0,30,0,0,0,1,7,6,0,200,200,22,22,0,200,200,2,200,200,200,200
364814,1,30,0,0,0,1,7,6,0,200,200,22,22,0,200,200,200,200,200,200,200
364821,0,30,200,200,200,200,12,200,0,200,200,0,200,0,200,200,200,200,200,200,200
364821,0,30,200,200,200,200,12,200,0,200,200,0,200,0,47,0,200,200,200,200,200
364821,1,30,200,200,200,200,12,200,0,200,200,0,200,1,45,0,200,200,200,200,200
364822,0,15,0,0,0,1,7,7,0,0,0,200,200,2,200,200,200,200,200,200,200
364824,0,30,0,0,0,1,14,2,0,0,200,17,200,0,40,0,1,0,0,200,200
364824,0,30,0,0,0,1,14,2,0,0,200,17,200,0,23,0,0,0,0,200,200
364830,0,30,0,0,200,200,7,6,0,200,200,0,200,2,200,200,200,200,200,200,200
364832,0,30,0,0,0,1,7,5,0,0,0,0,0,0,200,200,200,200,200,200,200
364840,0,35,1,200,0,1,10,3,0,0,200,200,200,1,20,200,3,0,0,200,200
364840,0,35,1,200,0,1,10,3,0,0,200,200,200,1,54,0,12,0,0,200,200
364841,0,30,0,0,0,1,11,2,0,200,200,0,0,2,200,200,9,200,200,200,200
364841,0,30,0,0,0,1,11,2,0,200,200,0,0,1,77,200,0,200,0,200,200
364845,0,30,0,0,0,1,12,6,0,0,0,22,200,1,47,200,4,200,200,200,200
364845,0,30,0,0,0,1,12,6,0,0,0,22,200,0,38,0,0,0,0,200,200
364847,0,30,0,0,0,1,7,5,0,0,200,0,200,0,200,200,200,200,200,200,200
364848,0,30,0,0,0,1,7,2,0,0,0,0,0,1,33,0,0,0,0,200,200
364849,0,30,0,0,0,4,7,5,0,200,200,7,7,1,60,200,12,200,200,200,200
364850,4,30,200,200,0,1,8,6,0,0,200,0,200,0,200,200,200,200,200,200,200
364851,0,30,0,0,0,1,12,6,0,0,0,21,200,1,22,0,4,0,0,200,200
364851,0,30,0,0,0,1,12,6,0,0,0,21,200,0,61,7,0,0,0,200,200
364851,1,30,0,0,0,1,12,6,0,0,0,21,200,0,14,0,200,200,200,200,200
364851,1,30,0,0,0,1,12,6,0,0,0,21,200,1,21,0,200,200,200,200,200
364851,1,30,0,0,0,1,12,6,0,0,0,21,200,0,13,0,200,200,200,200,200
364851,1,30,0,0,0,1,12,6,0,0,0,21,200,1,12,0,200,200,200,200,200
364851,1,30,0,0,0,1,12,6,0,0,0,21,200,1,13,0,200,200,200,200,200
364851,1,30,0,0,0,1,12,6,0,0,0,21,200,0,13,0,200,200,200,200,200
364851,1,30,0,0,0,1,12,6,0,0,0,21,200,0,13,0,200,200,200,200,200
364851,1,30,0,0,0,1,12,6,0,0,0,21,200,1,32,0,200,200,200,200,200
364851,1,30,0,0,0,1,12,6,0,0,0,21,200,1,14,0,200,200,200,200,200
364851,1,30,0,0,0,1,12,6,0,0,0,21,200,1,27,0,200,200,200,200,200
364851,1,30,0,0,0,1,12,6,0,0,0,21,200,1,13,0,200,200,200,200,200
364851,1,30,0,0,0,1,12,6,0,0,0,21,200,1,15,0,200,200,200,200,200
364851,1,30,0,0,0,1,12,6,0,0,0,21,200,1,13,0,200,200,200,200,200
364851,1,30,0,0,0,1,12,6,0,0,0,21,200,0,13,0,200,200,200,200,200
364853,0,30,1,2,0,1,12,5,0,0,200,0,0,0,62,0,12,0,0,200,200
364853,0,30,1,2,0,1,12,5,0,0,200,0,0,1,62,7,0,0,0,200,200
364854,0,30,1,2,0,1,14,5,0,0,0,23,0,0,200,200,7,200,0,200,200
364854,0,30,1,2,0,1,14,5,0,0,0,23,0,1,28,0,0,0,0,200,200
364857,0,30,0,0,0,1,14,5,0,0,0,22,200,0,28,200,2,0,0,200,200
364857,0,30,0,0,0,1,14,5,0,0,0,22,200,0,34,200,0,0,0,200,200
364858,0,30,0,0,0,1,12,6,0,0,0,0,200,0,49,200,15,200,200,200,200
364858,0,30,0,0,0,1,12,6,0,0,0,0,200,0,39,0,200,200,0,200,200
364860,0,30,0,0,0,1,12,6,0,200,200,17,17,1,28,200,1,200,200,200,200
364860,0,30,0,0,0,1,12,6,0,200,200,17,17,0,69,0,12,200,0,200,200
364860,1,30,0,0,0,1,12,6,0,200,200,17,17,0,200,200,200,200,200,200,200
364864,0,30,1,2,0,1,10,5,2,0,0,16,0,1,21,200,200,0,0,200,200
364864,0,30,1,2,0,1,10,5,2,0,0,16,0,0,47,200,0,0,0,200,200
364864,1,30,1,2,0,1,10,5,2,0,0,16,0,200,200,200,200,200,200,200,200
364866,0,30,0,0,0,1,12,5,0,0,0,22,16,1,26,0,3,0,0,200,200
364866,0,30,0,0,0,1,12,5,0,0,0,22,16,0,30,0,0,0,0,200,200
364870,0,30,1,2,0,1,12,5,0,0,200,21,200,0,52,0,4,200,0,200,200
364870,0,30,1,2,0,1,12,5,0,0,200,21,200,0,29,0,0,200,0,200,200
364871,0,30,2,12,0,1,0,2,0,0,0,0,0,0,57,200,200,200,0,200,200
364871,0,30,2,12,0,1,0,2,0,0,0,0,0,0,41,200,200,200,0,200,200
364871,0,30,2,12,0,1,0,2,0,0,0,0,0,0,41,200,200,200,0,200,200
364871,0,30,2,12,0,1,0,2,0,0,0,0,0,1,33,200,200,0,0,200,200
364873,0,30,0,0,0,1,10,5,0,0,0,0,0,0,48,200,0,0,0,200,200
364873,0,30,0,0,0,1,10,5,0,0,0,0,0,0,38,0,0,0,0,200,200
364879,0,30,1,2,0,1,0,2,0,0,0,17,16,0,66,200,1,0,0,200,200
364879,0,30,1,2,0,1,0,2,0,0,0,17,16,1,76,0,0,0,0,200,200
364880,0,30,0,2,0,1,12,5,0,0,0,20,23,0,200,200,7,200,200,200,200
364880,0,30,0,2,0,1,12,5,0,0,0,20,23,1,30,0,0,0,0,200,200
364880,1,30,0,2,0,1,12,5,0,0,0,20,23,0,200,0,200,200,200,200,200
364881,0,30,0,0,0,1,7,5,0,0,0,25,200,1,29,0,12,0,0,200,200
364882,0,20,0,0,0,1,7,2,0,0,0,0,0,2,200,200,200,200,200,200,200
364883,0,35,1,2,0,1,10,5,0,0,0,18,200,1,36,200,3,0,0,200,200
364883,0,35,1,2,0,1,10,5,0,0,0,18,200,1,20,200,0,0,0,200,200
364883,1,35,1,2,0,1,10,5,0,0,0,18,200,1,60,200,200,200,200,200,200
364883,1,35,1,2,0,1,10,5,0,0,0,18,200,1,22,200,200,200,200,200,200
364885,0,30,0,0,0,1,12,2,0,0,0,0,0,1,47,200,200,200,200,200,200
364885,0,30,0,0,0,1,12,2,0,0,0,0,0,0,73,200,0,200,0,200,200
364885,1,30,0,0,0,1,12,2,0,0,0,0,0,0,200,200,200,200,200,200,200
364885,1,30,0,0,0,1,12,2,0,0,0,0,0,1,200,200,200,200,200,200,200
364885,1,30,0,0,0,1,12,2,0,0,0,0,0,1,200,7,200,200,200,200,200
364888,0,30,1,200,0,1,12,5,0,0,200,21,200,1,31,0,4,200,0,200,200
364888,0,30,1,200,0,1,12,5,0,0,200,21,200,1,56,0,0,200,0,200,200
364889,0,35,0,0,0,1,10,5,0,0,0,18,0,0,28,200,3,0,0,200,200
364889,0,35,0,0,0,1,10,5,0,0,0,18,0,0,29,200,0,0,0,200,200
364889,1,35,0,0,0,1,10,5,0,0,0,18,0,0,24,200,200,200,200,200,200
364891,0,30,2,2,0,1,0,5,0,0,0,17,0,1,33,200,1,200,0,200,200
364891,0,30,2,2,0,1,0,5,0,0,0,17,0,1,39,200,12,0,0,200,200
364900,0,30,0,0,0,1,7,5,0,0,0,20,0,0,28,0,6,0,0,200,200
364904,0,30,0,0,0,1,3,6,0,0,0,10,200,0,200,200,9,200,200,200,200
364904,0,30,0,0,0,1,3,6,0,0,0,10,200,1,21,0,0,0,0,200,200
364908,0,30,1,2,0,1,14,5,0,0,0,18,200,2,200,200,3,200,200,200,200
364908,0,30,1,2,0,1,14,5,0,0,0,18,200,1,0,0,0,0,0,200,200
364908,1,30,1,2,0,1,14,5,0,0,0,18,200,0,200,0,200,200,200,200,200
364911,0,30,0,0,0,1,10,6,0,0,0,20,200,0,48,0,6,0,0,200,200
364911,0,30,0,0,0,1,10,6,0,0,0,20,200,0,41,0,0,0,0,200,200
364920,0,30,0,0,0,1,12,5,0,0,0,200,200,2,200,200,200,200,200,200,200
364920,0,30,0,0,0,1,12,5,0,0,0,200,200,0,24,7,0,0,0,200,200
364922,0,30,0,0,0,1,2,3,2,0,0,0,0,0,41,200,0,0,0,200,200
364925,0,30,1,2,0,1,10,5,0,0,0,18,0,1,65,0,3,200,0,200,200
364925,0,30,1,2,0,1,10,5,0,0,0,18,0,0,43,0,0,200,0,200,200
364925,1,30,1,2,0,1,10,5,0,0,0,18,0,1,10,0,200,200,200,200,200
364925,1,30,1,2,0,1,10,5,0,0,0,18,0,0,8,0,200,200,200,200,200
364925,1,30,1,2,0,1,10,5,0,0,0,18,0,0,3,0,200,200,200,200,200
364925,1,30,1,2,0,1,10,5,0,0,0,18,0,1,1,0,200,200,200,200,200
364928,0,20,0,0,0,1,7,5,0,0,0,20,0,0,200,200,6,200,200,200,200
364928,1,20,0,0,0,1,7,5,0,0,0,20,0,0,200,200,200,200,200,200,200
364931,0,30,0,0,0,1,7,2,0,0,0,0,200,0,200,200,200,200,200,200,200
364934,0,30,1,2,0,1,14,2,0,0,0,6,200,1,54,0,4,200,0,200,200
364934,0,30,1,2,0,1,14,2,0,0,0,6,200,1,22,0,0,0,0,200,200
364935,0,30,0,0,0,1,10,2,0,0,0,0,200,0,33,0,200,0,0,200,200
364935,0,30,0,0,0,1,10,2,0,0,0,0,200,0,39,200,0,0,200,200,200
364936,0,30,0,0,0,200,0,7,0,0,0,17,200,0,44,200,1,200,0,200,200
364936,0,30,0,0,0,200,0,7,0,0,0,17,200,1,200,200,0,200,200,200,200
364941,0,30,0,0,0,1,12,5,0,0,200,0,0,0,34,200,200,200,200,200,200
364941,0,30,0,0,0,1,12,5,0,0,200,0,0,0,34,0,200,200,200,200,200
364942,0,30,1,2,0,1,14,6,0,0,0,23,0,0,200,200,7,200,200,200,200
364942,0,30,1,2,0,1,14,6,0,0,0,23,0,1,35,0,0,200,0,200,200
364942,1,30,1,2,0,1,14,6,0,0,0,23,0,1,200,200,200,200,200,200,200
364942,1,30,1,2,0,1,14,6,0,0,0,23,0,0,33,0,200,200,200,200,200
364942,1,30,1,2,0,1,14,6,0,0,0,23,0,0,14,0,200,200,200,200,200
364943,0,30,0,0,0,1,12,5,0,0,0,200,200,0,200,0,0,0,0,200,200
364943,0,30,0,0,0,1,12,5,0,0,0,200,200,0,38,0,0,0,0,200,200
364944,0,30,0,0,0,1,10,3,0,0,200,18,200,0,46,0,3,0,0,200,200
364944,0,30,0,0,0,1,10,3,0,0,200,18,200,0,49,0,0,200,0,200,200
364944,1,30,0,0,0,1,10,3,0,0,200,18,200,0,15,0,200,200,200,200,200
364945,0,40,1,2,0,1,10,2,0,0,0,0,0,0,22,0,200,0,0,200,200
364945,0,40,1,2,0,1,10,2,0,0,0,0,0,1,66,0,0,0,0,200,200
364956,0,30,200,200,0,1,10,6,0,0,200,18,200,0,27,200,200,200,0,200,200
364956,0,30,200,200,0,1,10,6,0,0,200,18,200,1,45,200,200,200,0,200,200
364958,0,30,0,0,0,1,0,2,0,0,200,0,0,1,33,0,1,200,0,200,200
364958,0,30,0,0,0,1,0,2,0,0,200,0,0,0,48,0,0,200,7,200,200
364963,0,30,0,0,0,1,2,5,0,0,0,0,0,0,34,0,0,4,0,200,200
364969,0,30,1,2,0,1,12,5,0,0,0,0,0,0,73,200,200,200,200,200,200
364969,0,30,1,2,0,1,12,5,0,0,0,0,0,0,50,200,200,200,200,200,200
364975,0,30,2,2,0,1,0,2,0,0,0,0,200,1,64,0,12,0,0,200,200
364975,0,30,2,2,0,1,0,2,0,0,0,0,200,0,25,0,0,0,0,200,200
364975,1,30,2,2,0,1,0,2,0,0,0,0,200,1,24,7,200,200,200,200,200
364980,0,30,1,2,0,1,14,5,0,0,0,0,0,1,22,200,7,200,0,200,200
364980,0,30,1,2,0,1,14,5,0,0,0,0,0,1,54,200,200,200,0,200,200
364981,0,25,0,0,0,1,12,12,0,0,0,20,20,0,200,200,6,200,200,200,200
364981,0,25,0,0,0,1,12,12,0,0,0,20,20,0,27,7,0,0,0,200,200
364985,0,30,0,0,0,0,10,7,0,0,0,200,200,0,200,200,0,200,200,200,200
364985,0,30,0,0,0,0,10,7,0,0,0,200,200,1,25,0,0,0,0,200,200
364989,0,30,0,0,0,1,12,5,0,0,0,0,0,1,53,0,12,200,0,200,200
364989,0,30,0,0,0,1,12,5,0,0,0,0,0,1,49,200,0,200,0,200,200
364989,1,30,0,0,0,1,12,5,0,0,0,0,0,1,24,200,200,200,200,200,200
364991,0,30,200,0,0,1,7,5,0,0,200,0,200,0,200,200,200,200,200,200,200
364991,1,30,200,0,0,1,7,5,0,0,200,0,200,1,20,200,200,200,200,200,200
364996,0,30,0,0,0,1,7,5,0,0,200,20,200,0,26,0,6,200,0,200,200
364996,1,30,0,0,0,1,7,5,0,0,200,20,200,200,26,0,200,200,200,200,200
364999,0,30,0,0,0,1,14,5,0,0,200,17,200,1,200,200,1,200,200,200,200
364999,0,30,0,0,0,1,14,5,0,0,200,17,200,0,28,0,0,0,0,200,200
365000,0,30,0,0,0,1,12,5,0,0,0,0,0,0,46,3,200,0,0,200,200
365000,0,30,0,0,0,1,12,5,0,0,0,0,0,1,23,0,0,0,0,200,200
365002,0,30,0,0,0,1,7,6,0,0,0,0,200,2,200,200,200,200,200,200,200
365005,0,15,0,0,0,1,7,7,0,0,0,200,200,2,200,200,200,200,200,200,200
365007,0,30,0,0,0,1,10,5,0,0,0,0,0,1,39,200,3,200,0,200,200
365007,0,30,0,0,0,1,10,5,0,0,0,0,0,1,52,200,0,200,0,200,200
365008,0,30,0,0,0,1,12,5,0,0,0,200,200,0,200,200,0,200,200,200,200
365008,0,30,0,0,0,1,12,5,0,0,0,200,200,1,37,0,0,0,0,200,200
365018,0,30,1,2,0,1,2,5,0,0,0,0,0,2,200,200,200,200,200,200,200
365022,0,30,1,2,0,1,0,5,0,0,0,200,200,0,33,200,200,0,0,200,200
365022,0,30,1,2,0,1,0,5,0,0,0,200,200,0,80,200,200,0,0,200,200
365023,0,30,3,2,0,1,12,2,0,0,0,22,21,0,60,0,2,0,0,200,200
365023,0,30,3,2,0,1,12,2,0,0,0,22,21,0,31,0,0,0,0,200,200
365026,0,30,0,0,0,1,14,5,0,0,0,17,21,0,55,0,1,0,0,200,200
365026,0,30,0,0,0,1,14,5,0,0,0,17,21,0,18,0,0,0,0,200,200
365029,0,55,200,200,0,1,10,3,0,0,0,200,200,0,22,200,3,200,200,200,200
365029,0,55,200,200,0,1,10,3,0,0,0,200,200,1,47,0,200,200,0,200,200
365035,0,15,0,0,0,2,7,5,0,0,0,0,0,2,200,200,200,200,200,200,200
365038,0,30,1,2,0,1,10,2,0,0,200,7,0,0,20,0,12,200,0,200,200
365038,0,30,1,2,0,1,10,2,0,0,200,7,0,0,39,0,0,0,0,200,200
365038,1,30,1,2,0,1,10,2,0,0,200,7,0,1,19,0,200,200,200,200,200
365039,0,30,1,2,0,1,10,2,0,0,200,18,18,0,31,0,3,200,0,200,200
365039,0,30,1,2,0,1,10,2,0,0,200,18,18,1,45,0,0,200,0,200,200
365048,0,30,1,2,0,1,14,5,0,0,0,0,200,1,18,0,200,0,0,200,200
365048,0,30,1,2,0,1,14,5,0,0,0,0,200,1,35,0,200,0,0,200,200
365051,0,30,200,200,0,1,12,5,0,0,200,0,200,0,200,200,200,200,200,200,200
365051,0,30,200,200,0,1,12,5,0,0,200,0,200,0,28,200,200,200,0,200,200
365053,0,30,0,0,0,1,12,3,0,0,0,0,0,0,200,200,0,200,200,200,200
365053,0,30,0,0,0,1,12,3,0,0,0,0,0,1,27,0,0,0,0,200,200
365055,0,30,0,0,0,1,12,2,0,0,0,16,18,0,34,0,3,0,0,200,200
365055,0,30,0,0,0,1,12,2,0,0,0,16,18,1,41,0,0,0,0,200,200
365056,0,30,1,2,0,1,10,2,0,0,0,18,200,0,35,200,3,200,200,200,200
365056,0,30,1,2,0,1,10,2,0,0,0,18,200,0,34,0,0,200,200,200,200
365059,0,30,0,0,0,1,14,2,0,0,0,23,17,0,58,200,7,0,0,200,200
365059,0,30,0,0,0,1,14,2,0,0,0,23,17,0,25,200,0,0,0,200,200
365062,0,30,0,0,0,1,7,5,0,0,0,0,0,1,200,200,200,200,200,200,200
365063,0,30,1,2,0,1,10,5,0,0,0,0,0,0,200,200,200,200,200,200,200
365063,0,30,1,2,0,1,10,5,0,0,0,0,0,1,28,0,0,0,0,200,200
365063,1,30,1,2,0,1,10,5,0,0,0,0,0,1,200,200,200,200,200,200,200
365064,0,30,0,0,0,1,2,5,0,0,0,12,0,0,27,0,12,0,0,200,200
365069,0,30,0,0,0,1,9,5,0,0,0,17,200,0,57,0,1,0,0,200,200
365069,5,30,0,0,0,1,9,5,0,0,0,17,200,0,29,7,12,12,0,200,200
365076,0,30,1,2,0,1,8,2,0,0,0,23,21,0,0,200,7,12,0,200,200
365076,4,30,1,2,0,1,8,2,0,0,0,23,21,0,30,7,4,12,0,200,200
365076,1,30,1,2,0,1,8,2,0,0,0,23,21,1,37,200,200,200,200,200,200
365081,0,30,0,0,0,1,12,5,0,0,0,25,0,2,200,200,1,200,200,200,200
365081,0,30,0,0,0,1,12,5,0,0,0,25,0,0,47,0,0,0,0,200,200
365087,0,0,0,0,0,0,7,7,0,0,0,200,200,0,26,0,12,0,0,200,200
365094,0,30,0,0,0,1,12,5,0,0,0,17,200,0,24,3,1,0,0,200,200
365094,0,30,0,0,0,1,12,5,0,0,0,17,200,0,200,200,0,200,200,200,200
365097,0,25,1,0,0,1,10,2,0,0,0,18,18,0,38,0,0,0,0,200,200
365097,0,25,1,0,0,1,10,2,0,0,0,18,18,0,27,0,0,0,0,200,200
365098,0,30,200,200,0,1,14,5,0,0,200,0,200,0,26,200,200,200,0,200,200
365098,0,30,200,200,0,1,14,5,0,0,200,0,200,1,42,200,200,200,0,200,200
365100,0,30,1,2,0,1,0,5,0,0,0,0,0,1,200,200,200,200,200,200,200
365100,0,30,1,2,0,1,0,5,0,0,0,0,0,1,34,0,200,0,0,200,200
365100,1,30,1,2,0,1,0,5,0,0,0,0,0,1,200,200,200,200,200,200,200
365112,0,0,0,0,0,1,12,200,0,200,200,0,200,0,30,0,200,200,0,200,200
365112,0,0,0,0,0,1,12,200,0,200,200,0,200,1,28,0,200,200,0,200,200
365118,0,30,0,0,0,1,0,5,0,0,0,5,200,0,200,200,12,200,200,200,200