RD_NO,PERSON_TYPE,POSTED_SPEED_LIMIT,TRAFFIC_CONTROL_DEVICE,DEVICE_CONDITION,WEATHER_CONDITION,LIGHTING_CONDITION,FIRST_CRASH_TYPE,TRAFFICWAY_TYPE,ALIGNMENT,ROADWAY_SURFACE_COND,ROAD_DEFECT,PRIM_CONTRIBUTORY_CAUSE,SEC_CONTRIBUTORY_CAUSE,SEX,AGE,SAFETY_EQUIPMENT,DRIVER_ACTION,DRIVER_VISION,PHYSICAL_CONDITION,BAC_RESULT VALUE,CELL_PHONE_USE
365118,0,30,0,0,0,1,0,5,0,0,0,5,200,0,27,200,0,0,0,200,200
365122,0,30,200,200,0,1,10,5,0,0,0,18,200,1,23,0,3,200,0,200,200
365122,0,30,200,200,0,1,10,5,0,0,0,18,200,1,54,0,200,200,0,200,200
365124,0,30,0,0,0,1,0,2,0,0,0,17,200,0,82,0,1,1,0,200,200
365124,0,30,0,0,0,1,0,2,0,0,0,17,200,0,61,0,0,0,0,200,200
365125,0,30,0,0,0,1,14,3,0,0,0,17,16,1,26,0,1,0,0,200,200
365125,0,30,0,0,0,1,14,3,0,0,0,17,16,1,42,0,0,0,0,200,200
365125,1,30,0,0,0,1,14,3,0,0,0,17,16,0,0,5,200,200,200,200,200
365126,0,30,0,0,0,1,7,6,0,0,0,0,200,1,43,0,200,200,0,200,200
365127,0,30,0,0,0,1,10,5,0,200,200,18,18,1,20,200,3,200,200,200,200
365127,0,30,0,0,0,1,10,5,0,200,200,18,18,1,41,0,200,200,0,200,200
365127,1,30,0,0,0,1,10,5,0,200,200,18,18,1,200,200,200,200,200,200,200
365127,1,30,0,0,0,1,10,5,0,200,200,18,18,1,200,200,200,200,200,200,200
365134,0,30,2,1,0,1,9,5,0,0,200,20,17,0,200,200,1,200,200,200,200
365134,5,30,2,1,0,1,9,5,0,0,200,20,17,1,25,7,0,200,0,200,200
365136,0,30,0,0,0,1,7,7,0,0,0,0,200,2,200,200,200,200,200,200,200
365145,0,10,0,0,0,1,7,12,0,0,0,0,0,1,43,0,200,200,0,200,200
365148,0,30,0,0,0,1,7,6,0,0,0,0,200,2,200,200,200,200,200,200,200
365150,0,30,0,0,0,1,14,5,0,0,200,0,0,2,200,200,9,200,200,200,200
365150,0,30,0,0,0,1,14,5,0,0,200,0,0,1,54,0,0,200,0,200,200
365153,0,10,0,0,0,1,10,7,0,0,200,0,0,1,37,0,0,0,0,200,200
365153,0,10,0,0,0,1,10,7,0,0,200,0,0,0,21,0,0,0,0,200,200
365153,1,10,0,0,0,1,10,7,0,0,200,0,0,0,200,0,200,200,200,200,200
365155,0,30,0,0,0,1,7,5,0,0,0,0,0,0,200,0,1,0,0,200,200
365159,0,30,1,2,0,1,10,2,0,0,0,16,200,0,200,200,200,200,200,200,200
365159,0,30,1,2,0,1,10,2,0,0,0,16,200,1,34,200,12,0,0,200,200
365163,0,30,1,2,0,1,10,5,0,1,0,18,25,1,25,200,3,0,0,200,200
365163,0,30,1,2,0,1,10,5,0,1,0,18,25,0,31,0,0,0,0,200,200
365164,0,30,0,0,0,1,12,2,0,0,200,0,200,1,72,0,200,200,0,200,200
365164,0,30,0,0,0,1,12,2,0,0,200,0,200,1,200,200,200,200,200,200,200
365165,5,30,0,0,0,1,9,6,0,0,0,17,33,1,6,200,12,5,200,200,200
365165,0,30,0,0,0,1,9,6,0,0,0,17,33,0,32,0,12,5,0,200,200
365171,0,30,0,0,0,1,7,2,0,0,0,0,0,1,34,0,0,0,0,200,200
365174,0,30,1,2,0,1,2,5,0,0,0,0,200,0,20,0,0,0,0,200,200
365174,1,30,1,2,0,1,2,5,0,0,0,0,200,1,25,0,200,200,200,200,200
365174,1,30,1,2,0,1,2,5,0,0,0,0,200,1,16,0,200,200,200,200,200
365174,1,30,1,2,0,1,2,5,0,0,0,0,200,1,19,0,200,200,200,200,200
365175,0,30,0,0,0,1,10,2,0,0,0,0,200,1,23,0,200,0,200,200,200
365175,0,30,0,0,0,1,10,2,0,0,0,0,200,0,200,200,200,0,200,200,200
365180,0,30,0,0,0,1,10,5,0,0,0,18,200,0,200,200,3,200,200,200,200
365180,0,30,0,0,0,1,10,5,0,0,0,18,200,0,22,0,0,0,0,200,200
365182,0,0,2,2,0,1,2,12,4,0,0,21,16,0,17,200,12,200,7,200,200
365192,0,30,0,0,0,4,7,5,0,0,0,0,200,0,20,200,200,0,0,200,200
365194,0,10,0,0,0,1,7,7,0,0,0,0,0,1,32,0,200,0,0,200,200
365194,1,10,0,0,0,1,7,7,0,0,0,0,0,0,200,0,200,200,200,200,200
365194,1,10,0,0,0,1,7,7,0,0,0,0,0,0,200,0,200,200,200,200,200
365194,1,10,0,0,0,1,7,7,0,0,0,0,0,1,200,0,200,200,200,200,200
365196,0,30,0,0,0,4,7,5,0,0,0,0,200,1,34,7,0,0,0,200,200
365209,0,30,0,0,0,1,12,5,0,0,0,200,200,2,200,200,0,200,200,200,200
365209,0,30,0,0,0,1,12,5,0,0,0,200,200,1,37,0,0,0,0,200,200
365222,0,30,200,200,0,1,12,5,0,0,0,21,200,0,200,200,4,200,200,200,200
365222,0,30,200,200,0,1,12,5,0,0,0,21,200,0,24,0,200,200,0,200,200
365227,0,30,0,0,0,1,7,6,0,0,0,21,21,0,43,0,10,0,0,200,200
365228,0,30,0,0,0,1,8,5,0,0,0,0,200,1,200,200,200,200,200,200,200
365228,4,30,0,0,0,1,8,5,0,0,0,0,200,0,30,3,200,200,200,200,200
365230,0,30,2,0,0,4,10,5,0,0,0,20,200,0,200,200,6,200,200,200,200
365230,0,30,2,0,0,4,10,5,0,0,0,20,200,0,38,0,0,0,0,200,200
365231,0,30,2,2,0,1,14,5,0,0,0,0,0,1,45,0,1,0,0,200,200
365231,0,30,2,2,0,1,14,5,0,0,0,0,0,1,69,0,0,0,0,200,200
365257,0,30,2,12,0,4,9,12,0,0,200,11,0,1,83,200,12,200,0,200,200
365257,5,30,2,12,0,4,9,12,0,0,200,11,0,1,53,1,12,12,12,200,200
365258,0,30,0,0,0,3,7,6,0,0,0,0,200,2,200,200,200,200,200,200,200
365263,0,30,0,0,0,1,7,5,0,0,0,0,0,2,200,200,200,200,200,200,200
365276,0,10,0,0,0,1,12,12,0,0,0,20,20,0,27,200,6,0,0,200,200
365276,0,10,0,0,0,1,12,12,0,0,0,20,20,0,21,200,0,200,0,200,200
365281,0,55,0,0,0,1,12,6,0,0,0,0,0,0,200,200,200,200,200,200,200
365281,0,55,0,0,0,1,12,6,0,0,0,0,0,0,58,0,0,0,0,200,200
365292,4,30,0,0,0,3,8,5,0,0,0,200,200,0,0,200,12,0,0,200,200
365292,4,30,0,0,0,3,8,5,0,0,0,200,200,0,63,200,12,0,0,200,200
365292,0,30,0,0,0,3,8,5,0,0,0,200,200,0,28,200,0,0,0,200,200
365296,0,35,0,0,0,4,1,2,0,0,0,1,16,0,28,0,0,0,0,200,200
365300,0,30,0,0,0,4,0,2,0,200,200,17,0,0,200,200,1,200,200,200,200
365300,0,30,0,0,0,4,0,2,0,200,200,17,0,0,31,0,0,0,0,200,200
365311,0,30,1,2,0,4,14,2,0,0,0,23,200,1,200,200,7,200,200,200,200
365311,0,30,1,2,0,4,14,2,0,0,0,23,200,0,30,200,0,200,0,200,200
365313,0,30,0,0,0,1,12,5,0,0,0,0,0,1,200,0,200,0,0,200,200
365313,0,30,0,0,0,1,12,5,0,0,0,0,0,0,19,0,0,0,0,200,200
365335,0,30,0,0,0,0,12,5,0,0,0,30,0,0,200,200,11,200,200,200,1
365335,0,30,0,0,0,0,12,5,0,0,0,30,0,0,29,200,0,0,0,200,200
365337,0,30,1,2,0,3,14,5,0,0,200,0,0,1,17,200,200,200,200,200,200
365337,0,30,1,2,0,3,14,5,0,0,200,0,0,0,44,0,200,200,0,200,200
365337,1,30,1,2,0,3,14,5,0,0,200,0,0,1,200,0,200,200,200,200,200
365337,1,30,1,2,0,3,14,5,0,0,200,0,0,0,200,0,200,200,200,200,200
365337,1,30,1,2,0,3,14,5,0,0,200,0,0,0,200,0,200,200,200,200,200
365342,0,30,0,0,0,3,2,5,0,0,0,16,0,1,39,0,200,200,0,200,200
365343,0,25,1,2,0,3,14,5,0,0,0,0,0,1,38,200,200,200,200,200,200
365346,0,15,0,0,0,1,2,0,0,0,0,15,14,0,200,200,8,200,200,200,200
365350,0,25,0,0,0,1,10,5,0,0,200,0,200,2,200,200,200,200,200,200,200
365350,0,25,0,0,0,1,10,5,0,0,200,0,200,0,20,0,0,0,0,200,200
365350,0,25,0,0,0,1,10,5,0,0,200,0,200,1,58,0,0,0,0,200,200
365351,0,35,0,0,0,3,10,2,0,0,0,0,0,1,74,0,1,0,0,200,200
365351,0,35,0,0,0,3,10,2,0,0,0,0,0,0,68,0,0,0,0,200,200
365355,0,30,1,2,0,0,14,5,0,0,0,17,200,0,27,0,1,0,0,200,200
365355,0,30,1,2,0,0,14,5,0,0,0,17,200,1,63,0,0,0,0,200,200
365355,1,30,1,2,0,0,14,5,0,0,0,17,200,1,61,0,200,200,200,200,200
365362,0,15,1,2,0,2,10,2,0,0,0,16,11,0,29,200,3,0,0,200,200
365362,0,15,1,2,0,2,10,2,0,0,0,16,11,2,200,200,200,200,200,200,200
365367,0,30,0,0,0,3,7,2,0,0,0,0,0,0,22,0,200,200,0,200,200
365375,0,30,1,2,0,3,14,2,0,0,0,22,200,0,200,200,2,200,200,200,200
365375,0,30,1,2,0,3,14,2,0,0,0,22,200,0,29,0,0,0,0,200,200
365378,0,35,0,0,0,0,7,6,0,0,0,0,200,2,200,200,200,200,200,200,200
365382,0,20,0,0,0,3,7,6,0,0,0,20,0,0,200,200,6,200,200,200,200
365401,0,35,0,0,0,0,12,6,0,0,0,20,21,0,200,200,6,200,3,200,200
365401,0,35,0,0,0,0,12,6,0,0,0,20,21,1,200,200,0,0,0,200,200
365412,0,30,2,0,0,3,0,5,0,0,0,17,200,0,38,200,1,0,0,200,200
365412,0,30,2,0,0,3,0,5,0,0,0,17,200,0,25,7,1,200,0,200,200
365427,0,30,0,0,0,0,7,5,0,0,0,13,200,0,31,200,12,0,0,200,200
365430,0,30,0,0,0,3,7,6,0,0,0,16,21,1,200,200,200,200,200,200,200
365433,0,30,2,2,0,3,0,5,0,0,0,0,0,0,25,200,200,0,0,200,200
365433,0,30,2,2,0,3,0,5,0,0,0,0,0,1,38,200,200,0,200,200,200
365443,0,15,4,2,0,3,10,7,0,0,0,18,0,1,200,200,3,200,200,200,200
365443,0,15,4,2,0,3,10,7,0,0,0,18,0,1,49,200,0,0,0,200,200
365443,1,15,4,2,0,3,10,7,0,0,0,18,0,200,200,200,200,200,200,200,200
365443,1,15,4,2,0,3,10,7,0,0,0,18,0,200,200,200,200,200,200,200,200
365470,0,30,0,0,0,3,8,2,0,0,12,16,200,2,200,200,200,200,200,200,200
365470,4,30,0,0,0,3,8,2,0,0,12,16,200,0,56,2,0,200,0,200,200
365476,0,30,0,0,0,3,7,6,0,0,0,0,0,1,24,0,12,0,1,200,200
365479,0,35,1,2,0,3,9,2,0,0,0,0,0,1,30,200,200,200,0,200,200
365479,5,35,1,2,0,3,9,2,0,0,0,0,0,1,23,7,200,200,0,200,200
365479,1,35,1,2,0,3,9,2,0,0,0,0,0,0,20,200,200,200,200,200,200
365482,0,30,0,0,0,0,7,5,0,0,0,0,200,0,200,200,200,200,200,200,200
365495,0,30,0,0,0,3,2,6,0,0,1,8,25,0,19,200,1,0,0,200,200
365495,1,30,0,0,0,3,2,6,0,0,1,8,25,1,17,200,200,200,200,200,200
365495,1,30,0,0,0,3,2,6,0,0,1,8,25,1,17,200,200,200,200,200,200
365500,0,20,0,0,0,3,12,6,0,0,0,12,200,0,34,200,200,200,200,200,200
365500,0,20,0,0,0,3,12,6,0,0,0,12,200,0,29,200,0,200,0,200,200
365501,0,30,1,2,0,4,0,5,0,0,0,0,0,1,42,200,200,200,200,200,200
365501,0,30,1,2,0,4,0,5,0,0,0,0,0,1,38,200,200,0,0,200,200
365532,0,30,0,0,2,1,7,2,0,1,0,34,200,1,26,0,12,0,0,200,200
365535,0,35,200,0,0,3,2,8,3,0,0,7,30,1,25,0,11,200,0,200,1
365535,1,35,200,0,0,3,2,8,3,0,0,7,30,1,40,0,200,200,200,200,200
365537,0,30,3,0,0,3,12,6,0,0,0,21,16,0,42,200,4,0,0,200,200
365537,0,30,3,0,0,3,12,6,0,0,0,21,16,0,41,200,2,0,0,200,200
365569,0,30,0,0,1,3,2,5,0,0,200,1,200,1,23,0,12,200,0,200,200
365575,0,30,200,200,200,3,10,2,0,200,200,18,18,0,200,200,3,200,200,200,200
365575,0,30,200,200,200,3,10,2,0,200,200,18,18,0,48,200,200,200,0,200,200
365602,0,30,0,0,0,4,7,5,0,0,0,21,0,0,28,200,2,200,200,200,200
365613,0,15,0,0,0,3,7,7,0,0,0,0,200,2,200,200,200,200,200,200,200
365618,0,30,0,0,1,2,7,5,0,1,200,11,0,0,200,200,200,200,200,200,200
365625,0,35,0,0,0,2,4,3,0,0,0,0,0,0,43,200,200,200,200,200,200
365626,0,30,0,0,0,3,7,6,0,1,200,10,0,2,200,200,9,200,200,200,200
365628,0,30,0,0,0,3,7,5,0,0,0,200,200,2,200,7,200,200,200,200,200
365631,0,30,9,2,0,2,2,2,2,1,12,8,8,1,42,0,4,1,0,200,200
365644,0,30,1,2,0,3,14,2,0,0,0,17,17,0,200,200,1,200,200,200,200
365644,0,30,1,2,0,3,14,2,0,0,0,17,17,1,30,200,0,0,0,200,200
365656,0,30,0,0,0,1,12,6,0,0,0,0,0,2,200,200,200,200,200,200,200
365656,0,30,0,0,0,1,12,6,0,0,0,0,0,1,23,0,0,0,0,200,200
365663,0,30,1,2,0,3,14,5,0,0,0,0,200,1,46,200,9,200,200,200,200
365663,0,30,1,2,0,3,14,5,0,0,0,0,200,0,49,0,0,0,200,200,200
365670,0,30,0,0,1,1,12,2,0,0,0,17,0,1,59,0,1,0,0,200,200
365670,0,30,0,0,1,1,12,2,0,0,0,17,0,0,48,0,0,0,0,200,200
365687,0,30,2,2,0,1,2,5,0,0,0,5,200,1,200,200,5,200,200,200,200
365692,0,30,0,0,0,1,12,5,0,0,0,17,200,1,62,200,200,200,200,200,200
365692,0,30,0,0,0,1,12,5,0,0,0,17,200,1,51,0,0,0,0,200,200
365695,0,30,1,2,0,1,14,6,0,0,0,23,200,0,56,200,7,0,0,200,200
365695,0,30,1,2,0,1,14,6,0,0,0,23,200,1,30,200,0,0,0,200,200
365697,0,30,1,2,0,1,12,2,0,0,0,0,200,0,50,0,0,0,0,200,200
365697,0,30,1,2,0,1,12,2,0,0,0,0,200,0,44,0,0,0,0,200,200
365704,0,30,1,2,0,1,12,5,0,0,0,0,200,2,200,200,200,200,200,200,200
365704,0,30,1,2,0,1,12,5,0,0,0,0,200,1,58,0,0,0,0,200,200
365707,0,30,1,2,0,1,10,2,0,0,0,0,200,1,32,200,200,200,200,200,200
365707,0,30,1,2,0,1,10,2,0,0,0,0,200,1,55,0,0,0,0,200,200
365711,0,30,1,2,200,1,10,5,0,200,200,0,200,1,200,200,1,200,200,200,200
365711,0,30,1,2,200,1,10,5,0,200,200,0,200,1,57,0,0,0,0,200,200
365711,1,30,1,2,200,1,10,5,0,200,200,0,200,0,200,0,200,200,200,200,200
365714,0,30,1,2,0,1,0,5,0,0,0,6,0,0,51,7,5,0,0,200,200
365714,0,30,1,2,0,1,0,5,0,0,0,6,0,0,31,0,0,0,0,200,200
365714,0,30,1,2,0,1,0,5,0,0,0,6,0,0,49,0,0,0,0,200,200
365715,0,25,1,2,200,200,10,5,0,0,0,18,200,0,200,200,3,200,200,200,200
365715,0,25,1,2,200,200,10,5,0,0,0,18,200,0,30,0,0,0,0,200,200
365715,1,25,1,2,200,200,10,5,0,0,0,18,200,1,200,200,200,200,200,200,200
365717,0,25,0,0,200,200,7,6,0,200,0,0,0,2,200,200,200,200,200,200,200
365725,0,30,0,0,0,1,10,5,0,0,0,12,0,1,0,0,12,0,0,200,200
365725,0,30,0,0,0,1,10,5,0,0,0,12,0,0,25,0,0,0,0,200,200
365725,0,30,0,0,0,1,10,5,0,0,0,12,0,1,24,0,0,0,0,200,200
365727,0,35,0,0,0,1,10,5,0,0,0,18,16,0,68,0,3,0,0,200,200
365727,0,35,0,0,0,1,10,5,0,0,0,18,16,0,54,0,0,0,0,200,200
365728,0,30,0,0,0,1,12,3,0,0,0,8,0,0,35,200,200,200,0,200,200
365728,0,30,0,0,0,1,12,3,0,0,0,8,0,1,20,200,200,200,0,200,200
365735,5,30,1,2,0,1,9,2,0,0,0,4,4,0,200,200,200,1,200,200,200
365735,0,30,1,2,0,1,9,2,0,0,0,4,4,0,25,0,0,1,0,200,200
365738,0,30,1,2,0,1,12,6,0,0,0,20,200,0,56,200,6,0,0,200,200
365738,0,30,1,2,0,1,12,6,0,0,0,20,200,0,49,200,0,0,0,200,200
365738,1,30,1,2,0,1,12,6,0,0,0,20,200,1,200,200,200,200,200,200,200
365740,0,30,0,0,0,1,0,5,0,0,0,23,200,0,40,0,7,0,0,200,200
365740,0,30,0,0,0,1,0,5,0,0,0,23,200,0,65,0,0,0,0,200,200
365740,1,30,0,0,0,1,0,5,0,0,0,23,200,200,200,0,200,200,200,200,200
365755,0,30,0,0,0,1,12,6,0,0,0,22,200,0,24,200,2,0,0,200,200
365755,0,30,0,0,0,1,12,6,0,0,0,22,200,0,73,200,0,0,0,200,200
365756,0,30,0,0,0,1,10,5,0,0,0,12,0,0,39,200,200,200,0,200,200
365756,0,30,0,0,0,1,10,5,0,0,0,12,0,1,30,200,200,200,0,200,200
365756,1,30,0,0,0,1,10,5,0,0,0,12,0,0,200,200,200,200,200,200,200
365760,0,15,0,0,0,1,2,0,0,0,0,0,200,0,61,0,12,0,0,200,200
365761,0,30,1,2,0,1,12,6,0,0,0,200,200,1,42,0,200,0,0,200,200
365761,0,30,1,2,0,1,12,6,0,0,0,200,200,1,42,0,200,0,0,200,200
365761,1,30,1,2,0,1,12,6,0,0,0,200,200,0,200,200,200,200,200,200,200
365766,0,10,0,0,0,1,7,0,0,0,0,200,200,0,24,0,0,0,0,200,200
365767,0,25,0,0,0,1,12,6,0,0,0,17,200,0,29,7,1,0,0,200,200
365767,0,25,0,0,0,1,12,6,0,0,0,17,200,0,66,0,0,0,0,200,200
365769,0,30,0,0,0,1,0,5,0,0,0,17,20,0,28,200,6,2,0,200,200
365769,0,30,0,0,0,1,0,5,0,0,0,17,20,1,30,0,0,0,0,200,200
365769,1,30,0,0,0,1,0,5,0,0,0,17,20,1,32,200,200,200,200,200,200
365769,1,30,0,0,0,1,0,5,0,0,0,17,20,0,11,0,200,200,200,200,200
365779,0,30,0,0,0,1,7,6,0,0,0,20,200,1,19,200,6,0,0,200,200
365782,0,20,0,0,0,1,7,6,0,0,0,0,0,1,31,0,12,0,0,200,200
365784,0,15,0,0,0,1,7,7,0,0,0,0,0,2,200,200,200,200,200,200,200
365785,0,30,0,0,0,1,0,6,0,0,0,20,200,0,62,200,6,0,200,200,200
365785,0,30,0,0,0,1,0,6,0,0,0,20,200,1,38,0,0,0,0,200,200
365789,0,30,1,2,0,1,10,2,0,0,0,16,200,0,25,200,12,200,0,200,200
365789,0,30,1,2,0,1,10,2,0,0,0,16,200,1,41,200,0,200,0,200,200
365789,1,30,1,2,0,1,10,2,0,0,0,16,200,0,88,200,200,200,200,200,200
365791,0,30,0,0,200,200,7,5,0,200,0,0,0,2,200,200,200,200,200,200,200
365793,0,30,1,2,0,1,10,3,0,0,0,0,200,0,55,200,1,200,200,200,200
365793,0,30,1,2,0,1,10,3,0,0,0,0,200,0,26,0,0,0,0,200,200
365796,0,25,1,2,0,1,10,2,0,0,0,0,200,0,200,200,200,200,200,200,200
365796,0,25,1,2,0,1,10,2,0,0,0,0,200,0,74,0,0,0,0,200,200
365796,1,25,1,2,0,1,10,2,0,0,0,0,200,0,200,200,200,200,200,200,200
365796,1,25,1,2,0,1,10,2,0,0,0,0,200,1,200,200,200,200,200,200,200
365797,0,30,1,2,0,3,10,5,0,0,0,18,200,0,29,200,3,0,200,200,200
365797,0,30,1,2,0,3,10,5,0,0,0,18,200,1,62,0,0,0,200,200,200
365804,0,30,2,2,0,1,14,3,0,0,200,18,200,1,0,0,12,0,0,200,200
365804,0,30,2,2,0,1,14,3,0,0,200,18,200,0,17,0,0,200,0,200,200
365804,1,30,2,2,0,1,14,3,0,0,200,18,200,1,36,0,200,200,200,200,200
365805,0,30,0,0,200,200,7,5,0,0,0,200,200,2,200,200,200,200,200,200,200
365806,0,30,0,0,0,1,12,5,0,0,0,16,25,0,200,200,1,200,200,200,200
365806,0,30,0,0,0,1,12,5,0,0,0,16,25,0,29,200,12,0,0,200,200
365808,0,30,0,0,0,1,7,7,0,0,0,20,25,1,200,200,6,200,200,200,200
365817,0,30,1,2,0,1,14,5,0,0,0,17,11,1,21,200,1,200,200,200,200
365817,0,30,1,2,0,1,14,5,0,0,0,17,11,1,32,0,0,0,0,200,200
365817,1,30,1,2,0,1,14,5,0,0,0,17,11,1,0,5,200,200,200,200,200
365820,0,30,0,0,0,1,7,6,0,0,0,0,200,0,200,200,10,200,200,200,200
365822,0,30,0,0,0,1,2,0,0,0,0,20,200,0,30,0,6,0,0,200,200
365829,0,30,2,2,0,1,0,2,0,0,0,22,0,1,48,0,12,200,1,200,200
365829,0,30,2,2,0,1,0,2,0,0,0,22,0,0,69,0,0,200,0,200,200
365829,1,30,2,2,0,1,0,2,0,0,0,22,0,1,200,0,200,200,200,200,200
365832,0,30,2,2,0,1,10,5,0,0,0,18,200,2,200,200,200,200,200,200,200
365832,0,30,2,2,0,1,10,5,0,0,0,18,200,0,49,0,0,0,0,200,200
365852,0,30,1,2,0,1,7,6,0,0,0,0,0,2,200,200,200,200,200,200,200
365854,0,30,0,0,0,1,2,5,2,0,0,20,11,0,31,0,6,0,0,200,200
365855,0,40,1,2,0,1,10,5,0,0,0,18,18,0,27,0,3,0,0,200,200
365855,0,40,1,2,0,1,10,5,0,0,0,18,18,1,25,0,0,0,0,200,200
365862,0,30,0,0,0,1,12,5,0,0,0,17,0,0,200,0,1,200,0,200,200
365862,0,30,0,0,0,1,12,5,0,0,0,17,0,0,200,0,200,0,0,200,200
365869,0,30,0,0,0,1,14,2,0,0,0,20,8,1,50,0,6,200,0,200,200
365869,0,30,0,0,0,1,14,2,0,0,0,20,8,1,30,0,0,200,0,200,200
365869,1,30,0,0,0,1,14,2,0,0,0,20,8,1,200,0,200,200,200,200,200
365869,1,30,0,0,0,1,14,2,0,0,0,20,8,1,200,0,200,200,200,200,200
365869,1,30,0,0,0,1,14,2,0,0,0,20,8,1,200,0,200,200,200,200,200
365869,1,30,0,0,0,1,14,2,0,0,0,20,8,0,200,0,200,200,200,200,200
365872,0,30,1,2,0,1,12,2,0,0,0,0,200,1,45,0,200,0,0,200,200
365872,0,30,1,2,0,1,12,2,0,0,0,0,200,0,56,0,0,0,0,200,200
365872,1,30,1,2,0,1,12,2,0,0,0,0,200,1,22,0,200,200,200,200,200
365872,1,30,1,2,0,1,12,2,0,0,0,0,200,0,22,0,200,200,200,200,200
365878,0,30,0,0,0,1,14,2,0,0,0,0,200,0,74,0,200,200,0,200,200
365878,0,30,0,0,0,1,14,2,0,0,0,0,200,1,35,0,200,200,200,200,200
365878,1,30,0,0,0,1,14,2,0,0,0,0,200,0,200,0,200,200,200,200,200
365880,0,25,1,2,0,1,12,3,0,0,0,0,0,0,200,0,12,200,0,200,200
365880,0,25,1,2,0,1,12,3,0,0,0,0,0,1,43,0,0,0,0,200,200
365889,0,30,0,0,0,1,14,2,0,0,0,22,17,0,49,0,2,0,200,200,200
365889,0,30,0,0,0,1,14,2,0,0,0,22,17,0,27,0,0,0,0,200,200
365890,0,30,0,0,0,1,12,3,0,0,0,0,0,0,200,0,0,0,0,200,200
365890,0,30,0,0,0,1,12,3,0,0,0,0,0,0,20,0,4,0,0,200,200
365891,0,30,1,2,0,1,10,2,0,0,0,0,0,0,30,200,3,200,200,200,200
365891,0,30,1,2,0,1,10,2,0,0,0,0,0,0,29,0,0,0,0,200,200
365893,0,30,0,0,0,1,12,5,0,0,0,0,200,0,32,0,4,0,0,200,200
365893,0,30,0,0,0,1,12,5,0,0,0,0,200,0,31,0,0,0,0,200,200
365894,0,30,0,0,0,1,9,0,0,0,0,20,17,0,54,0,6,12,0,200,200
365894,5,30,0,0,0,1,9,0,0,0,0,20,17,0,55,7,12,0,0,200,200
365896,0,25,0,0,0,1,7,5,0,0,0,12,0,1,29,0,200,0,0,200,200
365902,0,10,0,0,0,1,11,8,1,0,0,16,16,0,21,3,1,200,200,200,200
365902,0,10,0,0,0,1,11,8,1,0,0,16,16,0,48,200,0,200,0,200,200
365909,0,30,0,0,0,1,10,5,0,0,0,16,18,1,24,200,3,0,0,200,200
365909,0,30,0,0,0,1,10,5,0,0,0,16,18,0,62,0,3,0,0,200,200
365909,0,30,0,0,0,1,10,5,0,0,0,16,18,1,63,200,12,200,200,200,200
365909,1,30,0,0,0,1,10,5,0,0,0,16,18,1,32,0,200,200,200,200,200
365914,0,25,0,0,0,1,7,12,0,0,0,0,200,0,61,200,200,200,200,200,200
365923,0,30,2,2,0,1,12,5,0,0,0,17,200,0,37,200,1,200,0,200,200
365923,0,30,2,2,0,1,12,5,0,0,0,17,200,1,52,200,200,200,0,200,200
365936,0,30,0,0,0,1,7,5,0,0,0,0,200,0,200,200,200,200,200,200,200
365937,0,30,1,2,0,3,0,12,0,0,200,17,19,0,26,200,1,200,3,200,200
365937,0,30,1,2,0,3,0,12,0,0,200,17,19,1,26,0,0,0,0,200,200
365939,0,30,1,1,0,1,14,6,0,0,0,21,200,0,52,0,7,0,0,200,200
365939,0,30,1,1,0,1,14,6,0,0,0,21,200,0,69,0,12,0,0,200,200
365941,0,30,12,12,0,1,5,12,2,0,0,20,0,0,34,0,6,200,0,200,200
365944,0,30,0,0,0,1,14,2,0,0,0,23,11,0,21,0,7,0,0,200,200
365944,0,30,0,0,0,1,14,2,0,0,0,23,11,1,56,0,0,0,0,200,200
365944,1,30,0,0,0,1,14,2,0,0,0,23,11,0,12,0,200,200,200,200,200
365944,1,30,0,0,0,1,14,2,0,0,0,23,11,1,22,0,200,200,200,200,200
365958,0,30,1,2,0,1,10,6,0,0,0,0,200,0,72,0,200,0,0,200,200
365958,0,30,1,2,0,1,10,6,0,0,0,0,200,0,28,0,0,0,0,200,200
365959,0,30,1,5,0,1,5,5,0,0,0,21,0,0,68,0,12,0,0,200,200
365959,1,30,1,5,0,1,5,5,0,0,0,21,0,1,200,0,200,200,200,200,200
365961,0,30,1,2,0,1,12,6,0,0,0,22,200,1,57,0,2,0,0,200,200
365961,0,30,1,2,0,1,12,6,0,0,0,22,200,1,68,0,0,0,0,200,200
365961,1,30,1,2,0,1,12,6,0,0,0,22,200,200,200,0,200,200,200,200,200
365970,0,10,0,0,0,1,12,7,0,0,0,0,0,1,21,200,200,0,0,200,200
365970,0,10,0,0,0,1,12,7,0,0,0,0,0,1,0,0,0,0,0,200,200
365972,0,25,0,0,0,1,7,5,0,0,0,0,0,1,84,200,200,0,0,200,200
365972,1,25,0,0,0,1,7,5,0,0,0,0,0,1,38,200,200,200,200,200,200
365973,0,25,0,0,5,1,14,7,0,0,0,21,0,0,69,200,7,200,0,200,200
365973,0,25,0,0,5,1,14,7,0,0,0,21,0,0,21,200,0,200,0,200,200
365977,0,30,0,0,200,1,10,5,0,200,0,0,0,1,25,0,0,0,0,200,200
365977,0,30,0,0,200,1,10,5,0,200,0,0,0,0,30,0,0,0,0,200,200
365981,0,30,0,0,0,200,7,6,0,0,0,0,200,2,200,200,200,200,200,200,200
365982,0,25,0,0,0,1,7,6,0,0,0,0,0,0,47,0,7,0,0,200,200