RD_NO,PERSON_TYPE,POSTED_SPEED_LIMIT,TRAFFIC_CONTROL_DEVICE,DEVICE_CONDITION,WEATHER_CONDITION,LIGHTING_CONDITION,FIRST_CRASH_TYPE,TRAFFICWAY_TYPE,ALIGNMENT,ROADWAY_SURFACE_COND,ROAD_DEFECT,PRIM_CONTRIBUTORY_CAUSE,SEC_CONTRIBUTORY_CAUSE,SEX,AGE,SAFETY_EQUIPMENT,DRIVER_ACTION,DRIVER_VISION,PHYSICAL_CONDITION,BAC_RESULT VALUE,CELL_PHONE_USE
365984,0,30,0,0,0,3,14,5,0,0,0,23,200,0,27,200,7,0,0,200,200
365984,0,30,0,0,0,3,14,5,0,0,0,23,200,2,200,200,200,200,200,200,200
365984,1,30,0,0,0,3,14,5,0,0,0,23,200,0,23,1,200,200,200,200,200
365984,1,30,0,0,0,3,14,5,0,0,0,23,200,0,1,4,200,200,200,200,200
365984,1,30,0,0,0,3,14,5,0,0,0,23,200,1,20,1,200,200,200,200,200
365995,0,30,0,0,0,1,10,5,0,0,0,18,200,1,23,200,1,0,0,200,200
365995,0,30,0,0,0,1,10,5,0,0,0,18,200,0,35,200,0,0,0,200,200
365998,0,30,1,3,0,1,12,5,0,0,0,0,0,0,52,0,200,0,0,200,200
365998,0,30,1,3,0,1,12,5,0,0,0,0,0,1,28,0,200,0,0,200,200
366004,0,30,0,0,0,1,12,5,0,0,200,0,200,0,27,200,4,200,200,200,200
366004,0,30,0,0,0,1,12,5,0,0,200,0,200,0,29,0,0,0,0,200,200
366014,0,5,0,0,0,1,0,6,0,0,0,17,200,1,35,200,1,200,200,200,200
366014,0,5,0,0,0,1,0,6,0,0,0,17,200,0,25,0,0,0,0,200,200
366018,0,25,0,0,0,1,7,6,0,0,0,0,0,0,48,0,7,0,0,200,200
366019,0,30,0,0,0,1,7,6,0,0,0,0,200,2,200,200,200,200,200,200,200
366022,0,30,0,0,0,1,7,6,0,0,0,0,0,0,200,200,200,200,200,200,200
366024,0,30,2,2,0,1,14,5,0,0,0,17,200,0,70,0,1,0,200,200,200
366024,0,30,2,2,0,1,14,5,0,0,0,17,200,0,44,0,0,0,0,200,200
366028,0,15,0,0,0,1,7,7,0,0,0,0,0,1,200,200,1,0,0,200,200
366028,1,15,0,0,0,1,7,7,0,0,0,0,0,0,200,200,200,200,200,200,200
366028,1,15,0,0,0,1,7,7,0,0,0,0,0,1,200,200,200,200,200,200,200
366032,0,10,1,2,0,1,12,2,0,0,0,17,17,0,54,0,1,0,0,200,200
366032,0,10,1,2,0,1,12,2,0,0,0,17,17,0,43,0,0,0,0,200,200
366053,0,30,0,0,0,1,10,5,0,0,0,0,0,0,19,200,3,0,0,200,200
366053,0,30,0,0,0,1,10,5,0,0,0,0,0,1,51,200,0,0,0,200,200
366058,0,30,0,0,0,1,12,5,0,0,0,0,0,1,33,0,0,0,0,200,200
366058,0,30,0,0,0,1,12,5,0,0,0,0,0,0,62,0,0,0,0,200,200
366069,0,30,1,2,0,1,14,2,0,0,0,21,200,0,70,200,12,200,0,200,200
366069,0,30,1,2,0,1,14,2,0,0,0,21,200,0,21,200,200,200,0,200,200
366071,0,30,0,0,0,1,10,2,0,0,0,18,200,0,26,0,3,0,0,200,200
366071,0,30,0,0,0,1,10,2,0,0,0,18,200,1,45,0,0,0,0,200,200
366081,0,30,0,0,0,1,2,3,0,0,0,0,200,0,31,0,0,0,0,200,200
366086,0,35,0,0,0,0,14,5,0,0,0,0,0,0,47,200,200,200,200,200,200
366086,0,35,0,0,0,0,14,5,0,0,0,0,0,1,24,0,0,0,0,200,200
366089,0,0,2,2,0,1,0,6,0,0,0,17,3,1,47,0,6,0,0,200,200
366089,0,0,2,2,0,1,0,6,0,0,0,17,3,0,31,0,1,0,0,200,200
366092,0,35,0,0,0,1,12,5,0,0,0,22,0,0,200,200,2,200,200,200,200
366092,0,35,0,0,0,1,12,5,0,0,0,22,0,0,42,0,0,0,0,200,200
366092,1,35,0,0,0,1,12,5,0,0,0,22,0,1,42,0,200,200,200,200,200
366095,0,30,1,2,0,1,12,2,0,0,2,17,0,0,20,200,1,0,0,200,200
366095,0,30,1,2,0,1,12,2,0,0,2,17,0,1,46,200,0,0,0,200,200
366096,0,30,0,0,0,1,12,5,0,0,0,0,0,1,29,0,200,200,200,200,200
366096,0,30,0,0,0,1,12,5,0,0,0,0,0,0,200,200,200,200,200,200,200
366097,0,30,1,2,0,1,10,1,0,0,0,21,200,0,200,200,3,200,200,200,200
366097,0,30,1,2,0,1,10,1,0,0,0,21,200,1,46,0,0,0,0,200,200
366099,0,30,0,0,0,1,12,5,0,0,0,200,200,1,28,0,0,0,0,200,200
366099,0,30,0,0,0,1,12,5,0,0,0,200,200,0,37,0,0,0,0,200,200
366099,1,30,0,0,0,1,12,5,0,0,0,200,200,1,200,0,200,200,200,200,200
366099,1,30,0,0,0,1,12,5,0,0,0,200,200,1,200,0,200,200,200,200,200
366099,1,30,0,0,0,1,12,5,0,0,0,200,200,0,200,0,200,200,200,200,200
366104,0,30,2,200,0,1,0,5,0,200,200,5,17,0,76,200,1,200,0,200,200
366104,0,30,2,200,0,1,0,5,0,200,200,5,17,0,37,200,1,200,0,200,200
366107,0,30,2,2,0,1,0,5,0,0,200,17,200,0,0,0,1,0,0,200,200
366107,0,30,2,2,0,1,0,5,0,0,200,17,200,1,73,0,0,0,0,200,200
366107,1,30,2,2,0,1,0,5,0,0,200,17,200,0,28,0,200,200,200,200,200
366107,1,30,2,2,0,1,0,5,0,0,200,17,200,1,28,0,200,200,200,200,200
366107,1,30,2,2,0,1,0,5,0,0,200,17,200,1,6,5,200,200,200,200,200
366109,0,30,0,0,0,1,7,5,0,0,0,13,200,1,50,0,12,0,0,200,200
366111,0,30,1,2,0,1,14,5,0,0,0,0,0,1,37,0,7,0,0,200,200
366111,0,30,1,2,0,1,14,5,0,0,0,0,0,0,55,0,0,0,0,200,200
366125,0,30,1,200,0,1,10,5,0,0,200,14,18,1,200,200,8,200,200,200,200
366125,0,30,1,200,0,1,10,5,0,0,200,14,18,0,45,0,0,200,200,200,200
366125,1,30,1,200,0,1,10,5,0,0,200,14,18,0,200,200,200,200,200,200,200
366126,0,35,0,0,0,1,0,5,0,0,0,200,200,0,22,200,200,200,0,200,200
366126,0,35,0,0,0,1,0,5,0,0,0,200,200,0,20,7,200,200,0,200,200
366132,0,30,0,0,0,1,14,5,0,0,0,0,0,0,45,0,200,200,200,200,200
366132,0,30,0,0,0,1,14,5,0,0,0,0,0,1,200,200,200,200,200,200,200
366137,0,30,0,0,0,1,7,12,0,12,0,0,0,2,200,200,200,200,200,200,200
366142,0,30,200,200,200,200,5,2,0,200,200,0,0,0,52,200,200,200,200,200,200
366147,0,15,200,200,0,1,5,0,0,200,200,0,0,1,200,200,200,200,200,200,200
366147,1,15,200,200,0,1,5,0,0,200,200,0,0,0,200,200,200,200,200,200,200
366157,0,15,0,0,0,200,7,6,0,0,0,0,200,2,200,200,200,200,200,200,200
366159,0,30,0,0,0,1,7,5,0,0,0,20,200,1,25,0,6,0,0,200,200
366166,0,30,0,0,0,1,7,2,0,0,0,0,0,2,200,200,10,200,200,200,200
366167,0,35,2,2,0,1,10,5,0,0,0,18,0,0,200,200,8,200,0,200,200
366167,0,35,2,2,0,1,10,5,0,0,0,18,0,0,41,0,0,0,0,200,200
366170,0,30,0,0,0,1,10,2,0,0,0,18,200,1,200,200,3,200,200,200,200
366170,0,30,0,0,0,1,10,2,0,0,0,18,200,1,74,0,0,0,0,200,200
366179,0,30,1,2,0,0,14,2,0,0,0,0,0,0,49,0,200,200,0,200,200
366179,0,30,1,2,0,0,14,2,0,0,0,0,0,1,46,0,0,0,0,200,200
366182,0,30,2,2,0,1,10,5,0,0,0,0,0,0,83,0,1,0,0,200,200
366182,0,30,2,2,0,1,10,5,0,0,0,0,0,0,26,0,0,0,0,200,200
366183,0,35,0,0,0,1,10,5,0,0,0,0,0,0,70,7,3,0,0,200,200
366183,0,35,0,0,0,1,10,5,0,0,0,0,0,0,67,7,0,0,0,200,200
366185,0,30,0,0,0,1,10,5,0,0,0,0,200,0,45,0,200,200,200,200,200
366185,0,30,0,0,0,1,10,5,0,0,0,0,200,1,33,0,0,0,0,200,200
366187,0,30,1,2,0,1,10,5,0,0,0,0,200,1,200,200,200,200,200,200,200
366187,0,30,1,2,0,1,10,5,0,0,0,0,200,1,48,1,0,0,0,200,200
366189,0,30,0,0,0,1,7,5,0,0,0,0,200,1,19,0,12,0,4,200,200
366190,0,30,0,0,0,1,7,5,0,0,0,0,0,2,200,200,200,200,200,200,200
366191,0,30,0,0,0,1,10,6,0,0,0,18,11,0,58,0,3,0,0,200,200
366191,0,30,0,0,0,1,10,6,0,0,0,18,11,0,54,0,0,0,0,200,200
366192,0,30,1,2,0,1,12,2,0,0,0,0,0,0,44,200,200,200,0,200,200
366192,0,30,1,2,0,1,12,2,0,0,0,0,0,2,200,200,200,200,200,200,200
366206,0,30,0,0,0,1,12,3,0,0,200,21,200,0,29,200,4,200,200,200,200
366206,0,30,0,0,0,1,12,3,0,0,200,21,200,0,64,200,0,200,0,200,200
366207,0,30,0,200,0,1,14,7,0,0,200,23,200,0,75,200,7,200,0,200,200
366207,0,30,0,200,0,1,14,7,0,0,200,23,200,1,32,200,200,200,0,200,200
366208,0,30,0,0,0,1,10,5,0,0,0,18,18,1,23,0,3,0,0,200,200
366208,0,30,0,0,0,1,10,5,0,0,0,18,18,0,73,0,0,0,0,200,200
366208,0,30,0,0,0,1,10,5,0,0,0,18,18,0,18,0,0,0,0,200,200
366212,0,30,0,0,0,1,7,5,0,0,0,0,0,2,200,200,200,200,200,200,200
366213,0,35,0,0,0,1,10,6,0,0,0,20,20,1,34,0,6,0,0,200,200
366213,0,35,0,0,0,1,10,6,0,0,0,20,20,1,26,0,0,0,0,200,200
366218,0,30,0,0,0,1,0,5,0,0,0,0,200,0,50,200,0,0,0,200,200
366218,0,30,0,0,0,1,0,5,0,0,0,0,200,0,200,200,1,200,200,200,200
366219,0,35,2,2,0,1,10,5,0,0,0,0,200,0,200,1,200,0,0,200,200
366219,0,35,2,2,0,1,10,5,0,0,0,0,200,1,200,200,0,200,200,200,200
366219,1,35,2,2,0,1,10,5,0,0,0,0,200,1,200,0,200,200,200,200,200
366224,0,30,200,200,0,1,12,5,0,0,0,0,0,0,200,200,200,200,200,200,200
366224,0,30,200,200,0,1,12,5,0,0,0,0,0,0,34,0,0,0,0,200,200
366228,0,30,0,0,0,1,10,5,0,0,12,18,16,1,53,0,3,0,0,200,200
366228,0,30,0,0,0,1,10,5,0,0,12,18,16,0,56,0,0,0,0,200,200
366234,0,30,1,2,0,1,10,5,0,0,200,18,18,0,200,200,1,200,200,200,200
366234,0,30,1,2,0,1,10,5,0,0,200,18,18,0,71,0,0,0,0,200,200
366234,1,30,1,2,0,1,10,5,0,0,200,18,18,1,200,0,200,200,200,200,200
366237,0,30,0,0,0,1,10,5,0,0,0,18,200,0,30,0,3,0,0,200,200
366237,0,30,0,0,0,1,10,5,0,0,0,18,200,1,53,0,0,0,0,200,200
366237,0,30,0,0,0,1,10,5,0,0,0,18,200,1,33,0,0,0,0,200,200
366247,0,30,0,2,0,1,14,5,0,0,0,17,0,0,80,0,1,0,0,200,200
366247,0,30,0,2,0,1,14,5,0,0,0,17,0,1,75,0,0,0,0,200,200
366248,0,30,0,0,0,1,12,3,0,0,0,13,200,0,69,0,12,0,0,200,200
366248,0,30,0,0,0,1,12,3,0,0,0,13,200,0,60,0,0,0,0,200,200
366257,0,30,0,0,0,1,14,2,0,0,0,0,0,0,25,0,200,0,0,200,200
366257,0,30,0,0,0,1,14,2,0,0,0,0,0,0,22,0,0,0,0,200,200
366260,0,10,0,0,0,1,7,7,0,200,200,0,200,1,200,200,10,200,200,200,200
366268,0,30,0,0,0,1,7,6,0,200,200,20,11,1,23,200,6,200,200,200,200
366268,1,30,0,0,0,1,7,6,0,200,200,20,11,0,200,200,200,200,200,200,200
366268,1,30,0,0,0,1,7,6,0,200,200,20,11,0,200,200,200,200,200,200,200
366282,0,30,0,0,0,1,7,5,0,0,0,0,200,2,200,200,200,200,200,200,200
366284,0,30,2,200,0,1,0,12,0,0,0,14,200,1,21,200,200,200,0,200,200
366284,0,30,2,200,0,1,0,12,0,0,0,14,200,0,200,200,200,200,200,200,200
366289,0,30,1,2,0,1,14,3,0,0,0,17,200,1,27,200,1,0,0,200,200
366289,0,30,1,2,0,1,14,3,0,0,0,17,200,0,22,200,1,0,0,200,200
366289,1,30,1,2,0,1,14,3,0,0,0,17,200,1,9,200,200,200,200,200,200
366290,0,30,0,0,0,1,12,2,0,0,0,21,200,0,44,200,12,0,0,200,200
366290,0,30,0,0,0,1,12,2,0,0,0,21,200,1,60,200,0,0,0,200,200
366293,0,30,1,2,0,1,10,5,0,0,0,0,0,0,33,200,200,200,200,200,200
366293,0,30,1,2,0,1,10,5,0,0,0,0,0,1,34,0,200,200,200,200,200
366297,0,30,0,0,0,1,10,5,0,0,0,18,0,0,200,200,3,0,0,200,200
366297,0,30,0,0,0,1,10,5,0,0,0,18,0,1,24,200,3,0,0,200,200
366297,0,30,0,0,0,1,10,5,0,0,0,18,0,1,32,200,0,0,0,200,200
366297,1,30,0,0,0,1,10,5,0,0,0,18,0,1,3,5,200,200,200,200,200
366297,1,30,0,0,0,1,10,5,0,0,0,18,0,1,34,200,200,200,200,200,200
366300,0,30,1,2,0,1,10,5,0,0,0,18,200,0,20,0,3,0,0,200,200
366300,0,30,1,2,0,1,10,5,0,0,0,18,200,0,54,0,0,0,0,200,200
366302,0,25,0,0,0,1,12,5,0,0,200,22,21,0,200,200,12,200,200,200,200
366302,0,25,0,0,0,1,12,5,0,0,200,22,21,1,36,200,0,200,0,200,200
366302,1,25,0,0,0,1,12,5,0,0,200,22,21,0,200,200,200,200,200,200,200
366303,0,30,2,2,0,1,0,5,0,0,0,17,5,1,47,0,0,0,0,200,200
366303,0,30,2,2,0,1,0,5,0,0,0,17,5,1,22,0,1,0,0,200,200
366303,1,30,2,2,0,1,0,5,0,0,0,17,5,0,25,0,200,200,200,200,200
366303,1,30,2,2,0,1,0,5,0,0,0,17,5,0,45,0,200,200,200,200,200
366307,0,30,0,0,0,1,7,5,0,0,0,0,200,0,200,200,200,0,0,200,200
366315,0,30,0,0,0,1,10,2,0,0,0,18,16,0,200,200,1,200,200,200,200
366315,0,30,0,0,0,1,10,2,0,0,0,18,16,1,26,0,0,0,0,200,200
366315,0,30,0,0,0,1,10,2,0,0,0,18,16,0,25,0,0,0,0,200,200
366315,1,30,0,0,0,1,10,2,0,0,0,18,16,200,200,5,200,200,200,200,200
366322,0,30,0,0,0,1,14,2,0,0,0,22,200,1,59,0,2,0,0,200,200
366322,0,30,0,0,0,1,14,2,0,0,0,22,200,1,30,0,0,0,0,200,200
366323,0,30,0,0,0,1,7,5,0,0,0,0,0,2,200,200,200,200,200,200,200
366328,0,30,0,0,0,1,12,5,0,0,200,17,23,1,60,0,1,0,0,200,200
366328,0,30,0,0,0,1,12,5,0,0,200,17,23,0,52,0,0,0,0,200,200
366332,0,20,0,0,0,1,7,5,0,0,0,0,0,0,48,200,12,0,0,200,200
366333,0,20,0,0,0,1,7,6,0,0,0,20,23,2,200,200,9,200,200,200,200
366338,0,30,0,0,0,1,7,2,0,0,0,0,0,1,200,200,200,200,200,200,200
366339,0,30,200,200,200,200,12,5,0,200,200,0,0,0,200,200,200,200,200,200,200
366339,0,30,200,200,200,200,12,5,0,200,200,0,0,0,30,200,200,200,200,200,200
366349,0,30,0,0,0,1,12,5,0,0,0,200,200,0,59,0,0,0,0,200,200
366349,0,30,0,0,0,1,12,5,0,0,0,200,200,0,38,0,0,0,0,200,200
366349,1,30,0,0,0,1,12,5,0,0,0,200,200,1,200,0,200,200,200,200,200
366350,0,30,0,0,0,1,12,5,0,200,0,0,0,0,46,0,200,200,0,200,200
366350,0,30,0,0,0,1,12,5,0,200,0,0,0,0,43,0,200,200,0,200,200
366350,1,30,0,0,0,1,12,5,0,200,0,0,0,0,200,0,200,200,200,200,200
366350,1,30,0,0,0,1,12,5,0,200,0,0,0,0,9,0,200,200,200,200,200
366353,0,30,1,2,0,3,12,2,0,200,200,6,0,0,0,200,5,200,200,200,200
366353,0,30,1,2,0,3,12,2,0,200,200,6,0,0,24,0,0,0,0,200,200
366354,0,30,0,0,0,1,12,5,0,200,200,17,0,0,51,200,1,200,0,200,200
366354,0,30,0,0,0,1,12,5,0,200,200,17,0,0,34,200,12,200,200,200,200
366359,0,30,1,2,0,1,14,5,0,0,0,23,17,0,43,200,7,200,200,200,200
366359,0,30,1,2,0,1,14,5,0,0,0,23,17,1,35,0,0,0,0,200,200
366363,0,30,1,0,0,1,14,5,0,0,200,17,23,1,51,200,1,0,0,200,200
366363,0,30,1,0,0,1,14,5,0,0,200,17,23,0,23,2,0,0,0,200,200
366363,1,30,1,0,0,1,14,5,0,0,200,17,23,1,200,200,200,200,200,200,200
366368,0,30,0,0,0,1,12,5,0,0,0,22,22,0,24,0,2,0,0,200,200
366368,0,30,0,0,0,1,12,5,0,0,0,22,22,1,200,200,0,0,0,200,200
366372,0,30,1,2,0,1,14,5,0,0,0,0,0,0,50,0,1,0,0,200,200
366372,0,30,1,2,0,1,14,5,0,0,0,0,0,0,67,0,0,0,0,200,200
366373,0,30,1,2,0,1,10,5,0,0,200,0,200,1,200,200,200,200,200,200,200
366373,0,30,1,2,0,1,10,5,0,0,200,0,200,1,27,0,200,200,0,200,200
366373,1,30,1,2,0,1,10,5,0,0,200,0,200,0,33,0,200,200,200,200,200
366373,1,30,1,2,0,1,10,5,0,0,200,0,200,0,3,0,200,200,200,200,200
366373,1,30,1,2,0,1,10,5,0,0,200,0,200,0,0,0,200,200,200,200,200
366375,0,30,0,0,0,1,7,5,0,0,0,0,0,0,200,200,200,200,200,200,200
366375,1,30,0,0,0,1,7,5,0,0,0,0,0,0,200,0,200,200,200,200,200
366375,1,30,0,0,0,1,7,5,0,0,0,0,0,0,200,0,200,200,200,200,200
366376,0,30,0,0,0,1,12,5,0,0,0,22,0,0,200,200,2,200,200,200,200
366376,0,30,0,0,0,1,12,5,0,0,0,22,0,0,71,0,0,0,0,200,200
366376,1,30,0,0,0,1,12,5,0,0,0,22,0,1,200,200,200,200,200,200,200
366379,0,10,0,0,0,1,7,12,0,200,200,0,0,2,200,200,200,200,200,200,200
366380,0,30,0,0,0,1,12,5,0,0,0,200,200,1,200,200,0,200,200,200,200
366380,0,30,0,0,0,1,12,5,0,0,0,200,200,0,45,0,0,0,0,200,200
366380,1,30,0,0,0,1,12,5,0,0,0,200,200,0,200,0,200,200,200,200,200
366381,0,25,0,0,0,1,7,5,0,0,0,20,200,1,37,0,6,0,0,200,200
366384,0,30,0,0,0,1,0,7,0,0,200,20,200,0,20,200,6,200,0,200,200
366384,0,30,0,0,0,1,0,7,0,0,200,20,200,0,53,200,0,200,0,200,200
366385,0,30,0,0,0,1,7,5,0,0,0,0,200,0,200,200,200,200,200,200,200
366390,0,30,0,0,0,1,12,6,0,0,0,20,25,1,34,0,6,0,1,200,200
366390,0,30,0,0,0,1,12,6,0,0,0,20,25,0,29,0,200,0,0,200,200
366398,0,35,2,0,0,1,0,5,0,0,0,17,200,0,200,0,1,200,0,200,200
366398,0,35,2,0,0,1,0,5,0,0,0,17,200,1,36,0,1,200,0,200,200
366398,0,35,2,0,0,1,0,5,0,0,0,17,200,0,27,0,0,200,0,200,200
366398,0,35,2,0,0,1,0,5,0,0,0,17,200,1,48,0,0,200,0,200,200
366400,0,15,0,0,0,1,11,0,0,0,0,18,0,0,200,200,3,200,200,200,200
366400,0,15,0,0,0,1,11,0,0,0,0,18,0,0,72,0,0,0,0,200,200
366403,4,30,1,2,0,1,8,5,0,0,0,0,200,200,200,200,200,200,200,200,200
366403,0,30,1,2,0,1,8,5,0,0,0,0,200,0,59,0,0,0,0,200,200
366409,0,30,1,2,0,1,10,2,0,0,0,0,0,1,35,0,200,0,0,200,200
366409,0,30,1,2,0,1,10,2,0,0,0,0,0,1,65,0,0,0,0,200,200
366413,4,30,0,0,0,1,8,5,0,0,3,200,200,0,34,3,12,0,0,200,200
366414,0,35,0,0,0,1,14,6,0,0,0,21,23,0,200,200,7,200,200,200,200
366414,0,35,0,0,0,1,14,6,0,0,0,21,23,0,34,200,0,200,200,200,200
366417,0,35,0,0,0,1,12,2,0,0,0,23,200,0,36,0,7,0,0,200,200
366417,0,35,0,0,0,1,12,2,0,0,0,23,200,0,28,200,12,0,0,200,200
366418,0,30,1,2,0,1,14,5,0,0,0,17,14,0,55,0,1,0,0,200,200
366418,0,30,1,2,0,1,14,5,0,0,0,17,14,0,26,7,8,0,200,200,200
366418,1,30,1,2,0,1,14,5,0,0,0,17,14,1,200,0,200,200,200,200,200
366427,0,30,0,0,0,1,10,5,0,0,0,0,0,1,44,0,0,0,0,200,200
366427,0,30,0,0,0,1,10,5,0,0,0,0,0,1,67,200,200,200,200,200,200
366428,0,30,0,0,0,1,12,5,0,0,0,27,200,0,24,0,200,200,0,200,200
366428,0,30,0,0,0,1,12,5,0,0,0,27,200,1,200,0,200,200,4,200,200
366437,0,30,10,3,0,1,0,12,0,0,0,3,17,1,36,200,9,0,12,200,200
366437,0,30,10,3,0,1,0,12,0,0,0,3,17,0,0,200,0,0,0,200,200
366440,0,30,1,2,0,1,14,2,0,0,0,0,0,0,21,200,12,0,0,200,200
366440,0,30,1,2,0,1,14,2,0,0,0,0,0,1,17,0,12,0,0,200,200
366444,0,5,0,0,0,1,0,7,0,0,0,12,0,0,34,200,12,200,200,200,200
366444,0,5,0,0,0,1,0,7,0,0,0,12,0,0,30,200,0,200,0,200,200
366446,0,35,0,0,0,1,12,3,0,0,0,22,0,0,200,200,4,200,200,200,200
366446,0,35,0,0,0,1,12,3,0,0,0,22,0,0,54,0,0,0,0,200,200
366448,0,55,0,0,0,1,10,12,0,0,0,0,0,1,84,0,3,0,0,200,200
366448,0,55,0,0,0,1,10,12,0,0,0,0,0,0,55,0,200,0,0,200,200
366448,1,55,0,0,0,1,10,12,0,0,0,0,0,0,81,0,200,200,200,200,200
366458,0,30,1,2,0,1,10,2,0,0,0,16,18,0,41,200,3,200,0,200,200
366458,0,30,1,2,0,1,10,2,0,0,0,16,18,0,35,0,0,0,0,200,200
366458,0,30,1,2,0,1,10,2,0,0,0,16,18,1,23,0,0,0,0,200,200
366458,1,30,1,2,0,1,10,2,0,0,0,16,18,0,15,0,200,200,200,200,200
366459,0,30,0,0,0,1,12,5,0,0,0,200,200,0,200,200,200,200,200,200,200
366459,0,30,0,0,0,1,12,5,0,0,0,200,200,1,54,0,200,0,0,200,200
366460,0,30,2,2,0,1,0,5,0,0,0,17,16,0,65,0,1,1,0,200,200
366460,0,30,2,2,0,1,0,5,0,0,0,17,16,0,76,0,0,0,0,200,200
366460,1,30,2,2,0,1,0,5,0,0,0,17,16,1,78,0,200,200,200,200,200
366463,0,35,0,0,0,1,14,2,0,0,200,17,0,0,27,200,1,200,200,200,200
366463,0,35,0,0,0,1,14,2,0,0,200,17,0,0,31,200,0,200,200,200,200
366463,1,35,0,0,0,1,14,2,0,0,200,17,0,1,43,200,200,200,200,200,200
366463,1,35,0,0,0,1,14,2,0,0,200,17,0,1,22,200,200,200,200,200,200
366465,0,30,1,2,0,1,12,2,0,0,0,0,0,0,43,0,200,0,0,200,200
366465,0,30,1,2,0,1,12,2,0,0,0,0,0,1,24,0,0,0,0,200,200
366467,0,30,1,2,0,1,10,2,0,0,0,0,200,1,24,0,0,0,0,200,200
366467,0,30,1,2,0,1,10,2,0,0,0,0,200,0,55,0,0,0,0,200,200
366470,0,30,2,0,0,1,14,5,0,0,0,0,0,0,20,0,0,0,0,200,200
366470,0,30,2,0,0,1,14,5,0,0,0,0,0,1,19,0,0,0,0,200,200
366473,4,30,0,0,0,1,8,2,0,0,0,17,16,0,30,200,1,0,0,200,200
366473,0,30,0,0,0,1,8,2,0,0,0,17,16,0,45,200,0,0,0,200,200
366474,0,30,0,0,0,1,10,5,0,0,200,0,0,1,200,200,200,200,200,200,200
366474,0,30,0,0,0,1,10,5,0,0,200,0,0,0,45,0,12,0,0,200,200
366476,0,30,0,0,0,1,10,5,0,0,0,18,200,1,35,200,3,200,0,200,200
366476,0,30,0,0,0,1,10,5,0,0,0,18,200,0,200,200,12,200,200,200,200
366477,0,30,1,2,0,1,12,5,0,0,0,0,0,0,26,200,200,200,200,200,200
366477,0,30,1,2,0,1,12,5,0,0,0,0,0,1,29,0,0,0,0,200,200
366478,0,30,1,2,0,1,0,2,0,0,0,6,16,0,29,0,5,0,0,200,200
366478,0,30,1,2,0,1,0,2,0,0,0,6,16,0,35,0,0,0,0,200,200
366478,1,30,1,2,0,1,0,2,0,0,0,6,16,1,200,0,200,200,200,200,200
366478,1,30,1,2,0,1,0,2,0,0,0,6,16,1,200,0,200,200,200,200,200
366479,0,35,1,2,0,1,12,5,0,0,200,200,200,1,66,0,12,0,0,200,200
366479,0,35,1,2,0,1,12,5,0,0,200,200,200,1,57,0,0,200,0,200,200
366479,1,35,1,2,0,1,12,5,0,0,200,200,200,0,35,0,200,200,200,200,200
366479,1,35,1,2,0,1,12,5,0,0,200,200,200,0,15,0,200,200,200,200,200
366479,1,35,1,2,0,1,12,5,0,0,200,200,200,0,200,0,200,200,200,200,200
366479,1,35,1,2,0,1,12,5,0,0,200,200,200,1,4,0,200,200,200,200,200
366482,0,30,2,2,0,1,12,2,0,0,0,21,200,0,200,200,4,200,200,200,200
366482,0,30,2,2,0,1,12,2,0,0,0,21,200,0,58,1,0,0,0,200,200
366490,0,25,0,0,0,1,7,5,0,0,0,200,0,0,44,0,200,200,0,200,200
366491,0,30,200,200,200,200,12,3,0,200,200,0,0,0,47,200,200,200,200,200,200
366491,0,30,200,200,200,200,12,3,0,200,200,0,0,0,82,200,200,200,200,200,200
366491,1,30,200,200,200,200,12,3,0,200,200,0,0,0,200,200,200,200,200,200,200
366491,1,30,200,200,200,200,12,3,0,200,200,0,0,0,200,200,200,200,200,200,200
366491,1,30,200,200,200,200,12,3,0,200,200,0,0,1,200,200,200,200,200,200,200
366495,0,20,0,0,0,1,12,7,0,0,0,22,22,1,39,0,2,0,0,200,200
366495,0,20,0,0,0,1,12,7,0,0,0,22,22,1,52,0,0,0,0,200,200
366504,0,5,0,0,0,1,10,5,0,0,200,0,0,1,20,200,0,0,0,200,200
366504,0,5,0,0,0,1,10,5,0,0,200,0,0,1,33,0,0,0,0,200,200
366504,1,5,0,0,0,1,10,5,0,0,200,0,0,0,200,0,200,200,200,200,200
366508,0,30,0,0,0,1,14,5,0,0,0,17,0,1,200,200,1,200,200,200,200
366508,0,30,0,0,0,1,14,5,0,0,0,17,0,1,68,0,0,0,0,200,200
366510,0,0,0,0,0,1,2,0,0,1,1,29,200,1,0,0,0,0,0,200,200
366521,0,30,0,0,0,1,2,12,0,0,0,0,7,2,200,200,12,200,200,200,200
366525,0,30,2,2,1,1,0,5,0,0,0,33,11,0,33,1,200,200,0,200,200
366525,0,30,2,2,1,1,0,5,0,0,0,33,11,1,32,200,12,200,0,200,200
366525,1,30,2,2,1,1,0,5,0,0,0,33,11,1,35,0,200,200,200,200,200
366528,0,30,1,2,0,1,10,3,0,0,0,0,0,0,48,0,200,0,0,200,200
366528,0,30,1,2,0,1,10,3,0,0,0,0,0,1,37,0,0,0,0,200,200
366528,0,30,1,2,0,1,10,3,0,0,0,0,0,0,20,0,0,0,0,200,200
366528,1,30,1,2,0,1,10,3,0,0,0,0,0,0,43,0,200,200,200,200,200
366528,1,30,1,2,0,1,10,3,0,0,0,0,0,0,16,0,200,200,200,200,200