RD_NO,PERSON_TYPE,POSTED_SPEED_LIMIT,TRAFFIC_CONTROL_DEVICE,DEVICE_CONDITION,WEATHER_CONDITION,LIGHTING_CONDITION,FIRST_CRASH_TYPE,TRAFFICWAY_TYPE,ALIGNMENT,ROADWAY_SURFACE_COND,ROAD_DEFECT,PRIM_CONTRIBUTORY_CAUSE,SEC_CONTRIBUTORY_CAUSE,SEX,AGE,SAFETY_EQUIPMENT,DRIVER_ACTION,DRIVER_VISION,PHYSICAL_CONDITION,BAC_RESULT VALUE,CELL_PHONE_USE
366529,0,35,1,2,0,1,0,2,0,0,0,17,0,0,58,0,1,0,0,200,0
366529,0,35,1,2,0,1,0,2,0,0,0,17,0,0,44,0,0,0,0,200,200
366530,0,25,0,0,200,1,7,5,0,200,200,0,0,2,200,200,200,200,200,200,200
366531,0,5,0,0,0,1,7,7,0,0,2,0,200,2,26,200,0,200,200,200,200
366534,0,33,0,0,0,1,14,3,0,0,0,23,11,0,48,200,7,0,0,200,200
366534,0,33,0,0,0,1,14,3,0,0,0,23,11,1,32,200,0,0,0,200,200
366534,1,33,0,0,0,1,14,3,0,0,0,23,11,0,54,200,200,200,200,200,200
366534,1,33,0,0,0,1,14,3,0,0,0,23,11,1,29,200,200,200,200,200,200
366534,1,33,0,0,0,1,14,3,0,0,0,23,11,1,8,200,200,200,200,200,200
366534,1,33,0,0,0,1,14,3,0,0,0,23,11,0,10,7,200,200,200,200,200
366537,0,30,1,2,0,1,10,5,0,0,0,0,0,0,36,200,200,200,200,200,200
366537,0,30,1,2,0,1,10,5,0,0,0,0,0,1,23,0,0,0,0,200,200
366546,0,25,1,2,0,1,10,5,0,0,0,18,200,0,22,200,1,0,0,200,200
366546,0,25,1,2,0,1,10,5,0,0,0,18,200,0,38,200,0,0,0,200,200
366550,0,40,1,3,0,1,10,2,0,0,0,0,18,0,49,0,12,200,0,200,200
366550,0,40,1,3,0,1,10,2,0,0,0,0,18,0,47,0,12,200,0,200,200
366550,0,40,1,3,0,1,10,2,0,0,0,0,18,0,36,0,200,200,0,200,200
366551,0,30,200,200,200,200,12,200,0,200,200,0,200,0,200,200,200,200,200,200,200
366551,0,30,200,200,200,200,12,200,0,200,200,0,200,0,61,0,200,200,200,200,200
366555,0,30,0,0,0,1,7,7,0,0,0,0,200,2,200,200,200,200,200,200,200
366557,0,30,0,0,0,1,0,5,0,0,0,200,200,1,35,0,0,0,0,200,200
366557,0,30,0,0,0,1,0,5,0,0,0,200,200,1,29,0,0,0,0,200,200
366559,0,30,2,2,0,1,14,5,0,0,0,0,0,1,200,7,200,0,0,200,200
366559,0,30,2,2,0,1,14,5,0,0,0,0,0,1,32,0,0,0,0,200,200
366564,0,30,1,2,0,1,14,2,0,0,0,21,22,0,23,200,2,0,0,200,200
366564,0,30,1,2,0,1,14,2,0,0,0,21,22,0,25,200,1,0,0,200,200
366568,0,30,0,0,0,1,7,7,0,0,0,0,0,2,200,200,200,200,200,200,200
366570,0,30,0,0,0,0,7,5,0,0,0,0,0,2,200,200,200,200,200,200,200
366574,0,30,0,2,0,1,10,5,0,0,0,16,200,0,50,200,3,0,0,200,200
366574,0,30,0,2,0,1,10,5,0,0,0,16,200,0,65,200,0,200,200,200,200
366578,0,30,0,0,0,1,12,6,0,0,200,21,200,2,200,200,12,200,200,200,200
366578,0,30,0,0,0,1,12,6,0,0,200,21,200,1,60,200,0,200,0,200,200
366579,0,30,0,0,0,1,14,2,0,0,0,11,200,1,31,200,1,200,200,200,200
366579,0,30,0,0,0,1,14,2,0,0,0,11,200,1,62,0,0,0,0,200,200
366580,0,30,0,0,0,1,12,5,0,0,0,0,0,0,47,0,0,0,0,200,200
366580,0,30,0,0,0,1,12,5,0,0,0,0,0,0,35,0,0,0,0,200,200
366581,0,30,0,0,200,3,7,6,0,200,200,0,0,2,200,200,200,200,200,200,200
366583,0,30,2,2,0,1,14,2,0,0,0,33,0,0,30,3,200,1,0,200,200
366583,0,30,2,2,0,1,14,2,0,0,0,33,0,0,65,0,0,1,0,200,200
366585,0,30,0,0,0,1,10,2,0,0,0,0,0,0,24,0,3,0,0,200,200
366585,0,30,0,0,0,1,10,2,0,0,0,0,0,1,46,0,0,0,0,200,200
366588,0,30,2,0,0,1,10,5,0,0,0,0,200,2,200,200,200,200,200,200,200
366588,0,30,2,0,0,1,10,5,0,0,0,0,200,1,32,0,0,0,0,200,200
366589,0,30,2,2,0,1,14,2,0,200,200,6,11,1,21,200,5,200,200,200,200
366589,0,30,2,2,0,1,14,2,0,200,200,6,11,1,45,1,0,200,0,200,200
366591,0,30,0,0,0,3,12,5,0,0,0,0,0,0,200,200,200,200,200,200,200
366591,0,30,0,0,0,3,12,5,0,0,0,0,0,0,29,0,200,0,0,200,200
366602,0,30,1,2,0,1,10,2,0,0,0,18,200,0,200,200,0,200,0,200,200
366602,0,30,1,2,0,1,10,2,0,0,0,18,200,0,200,200,3,200,200,200,200
366602,1,30,1,2,0,1,10,2,0,0,0,18,200,0,50,200,200,200,200,200,200
366602,1,30,1,2,0,1,10,2,0,0,0,18,200,1,200,200,200,200,200,200,200
366602,1,30,1,2,0,1,10,2,0,0,0,18,200,1,7,200,200,200,200,200,200
366602,1,30,1,2,0,1,10,2,0,0,0,18,200,0,45,200,200,200,200,200,200
366602,1,30,1,2,0,1,10,2,0,0,0,18,200,1,47,200,200,200,200,200,200
366602,1,30,1,2,0,1,10,2,0,0,0,18,200,1,8,200,200,200,200,200,200
366602,1,30,1,2,0,1,10,2,0,0,0,18,200,1,6,200,200,200,200,200,200
366605,0,30,1,200,0,1,10,5,0,0,0,200,200,0,200,200,200,200,200,200,200
366605,0,30,1,200,0,1,10,5,0,0,0,200,200,0,200,200,200,200,200,200,200
366605,0,30,1,200,0,1,10,5,0,0,0,200,200,0,61,200,0,200,0,200,200
366607,0,10,0,0,0,1,5,7,0,0,0,17,0,1,44,0,6,200,0,200,200
366607,0,10,0,0,0,1,5,7,0,0,0,17,0,1,36,7,0,200,0,200,200
366608,0,35,1,2,0,1,10,3,0,0,0,18,200,1,200,200,200,200,200,200,200
366608,0,35,1,2,0,1,10,3,0,0,0,18,200,0,21,0,0,0,0,200,200
366609,0,30,0,0,0,1,8,7,0,0,0,0,0,0,200,200,8,200,200,200,200
366609,4,30,0,0,0,1,8,7,0,0,0,0,0,0,64,7,0,200,0,200,200
366619,0,30,0,0,0,1,7,6,0,0,0,25,200,0,38,0,12,0,0,200,200
366626,0,30,0,0,0,4,10,200,0,0,0,200,200,1,200,200,0,200,200,200,200
366626,0,30,0,0,0,4,10,200,0,0,0,200,200,0,26,0,0,0,0,200,200
366626,1,30,0,0,0,4,10,200,0,0,0,200,200,2,200,0,200,200,200,200,200
366626,1,30,0,0,0,4,10,200,0,0,0,200,200,1,200,0,200,200,200,200,200
366627,4,30,1,2,0,1,8,2,0,0,0,21,22,0,36,3,5,0,0,200,200
366627,0,30,1,2,0,1,8,2,0,0,0,21,22,1,34,0,12,200,0,200,200
366628,0,0,0,0,0,1,11,7,0,0,0,20,200,1,200,200,6,200,200,200,200
366628,0,0,0,0,0,1,11,7,0,0,0,20,200,1,61,0,0,0,0,200,200
366635,0,30,1,2,0,1,14,5,0,0,0,17,0,0,23,0,1,0,0,200,200
366635,0,30,1,2,0,1,14,5,0,0,0,17,0,0,22,0,0,0,0,200,200
366635,1,30,1,2,0,1,14,5,0,0,0,17,0,1,23,0,200,200,200,200,200
366639,0,30,1,2,0,1,10,5,0,0,0,0,0,1,58,200,0,0,0,200,200
366639,0,30,1,2,0,1,10,5,0,0,0,0,0,0,56,0,0,0,0,200,200
366642,0,30,0,0,0,4,14,5,0,0,0,0,0,1,29,0,12,0,200,200,200
366642,0,30,0,0,0,4,14,5,0,0,0,0,0,0,64,200,12,200,12,200,200
366642,1,30,0,0,0,4,14,5,0,0,0,0,0,0,31,0,200,200,200,200,200
366644,0,30,0,0,0,1,14,5,0,0,0,17,200,0,26,0,1,0,0,200,200
366644,0,30,0,0,0,1,14,5,0,0,0,17,200,0,41,0,0,0,0,200,200
366645,0,30,1,2,0,1,0,3,0,0,0,6,16,0,200,200,5,200,200,200,200
366645,0,30,1,2,0,1,0,3,0,0,0,6,16,0,50,0,0,0,0,200,200
366645,0,30,1,2,0,1,0,3,0,0,0,6,16,0,49,0,0,0,0,200,200
366645,1,30,1,2,0,1,0,3,0,0,0,6,16,0,200,0,200,200,200,200,200
366645,1,30,1,2,0,1,0,3,0,0,0,6,16,200,200,7,200,200,200,200,200
366645,1,30,1,2,0,1,0,3,0,0,0,6,16,0,200,0,200,200,200,200,200
366651,0,10,0,0,0,1,12,7,0,0,0,0,0,1,200,200,2,200,200,200,200
366651,0,10,0,0,0,1,12,7,0,0,0,0,0,0,47,0,200,0,0,200,200
366652,0,30,1,2,0,3,14,6,0,0,0,5,200,0,200,200,1,200,0,200,200
366652,0,30,1,2,0,3,14,6,0,0,0,5,200,0,200,200,0,200,0,200,200
366655,0,30,0,0,0,4,12,5,0,0,0,20,0,0,52,0,6,0,0,200,200
366655,0,30,0,0,0,4,12,5,0,0,0,20,0,1,40,0,0,0,0,200,200
366655,1,30,0,0,0,4,12,5,0,0,0,20,0,1,36,0,200,200,200,200,200
366659,0,30,200,200,0,4,10,5,0,0,200,0,0,0,200,200,200,200,200,200,200
366659,0,30,200,200,0,4,10,5,0,0,200,0,0,1,36,200,0,200,0,200,200
366659,1,30,200,200,0,4,10,5,0,0,200,0,0,1,200,200,200,200,200,200,200
366661,0,30,0,0,0,1,7,7,0,0,0,0,200,1,49,0,200,0,0,200,200
366664,0,0,1,2,0,1,11,6,0,0,0,21,22,0,200,200,9,200,200,200,200
366664,0,0,1,2,0,1,11,6,0,0,0,21,22,1,43,200,0,0,0,200,200
366666,0,30,2,0,0,1,14,1,2,0,0,17,22,0,200,200,2,200,200,200,200
366666,0,30,2,0,0,1,14,1,2,0,0,17,22,1,57,0,200,0,0,200,200
366673,0,30,0,0,0,1,0,7,0,0,0,17,200,0,33,200,1,200,200,200,200
366673,0,30,0,0,0,1,0,7,0,0,0,17,200,1,29,0,0,0,200,200,200
366675,0,25,0,0,0,1,7,12,0,0,0,10,0,0,27,200,9,0,0,200,200
366677,0,25,0,0,0,1,10,6,0,0,0,20,200,0,43,200,6,0,0,200,200
366677,0,25,0,0,0,1,10,6,0,0,0,20,200,1,21,200,0,0,0,200,200
366677,1,25,0,0,0,1,10,6,0,0,0,20,200,1,43,200,200,200,200,200,200
366677,1,25,0,0,0,1,10,6,0,0,0,20,200,1,4,0,200,200,200,200,200
366677,1,25,0,0,0,1,10,6,0,0,0,20,200,1,14,200,200,200,200,200,200
366677,1,25,0,0,0,1,10,6,0,0,0,20,200,1,36,200,200,200,200,200,200
366677,1,25,0,0,0,1,10,6,0,0,0,20,200,0,37,200,200,200,200,200,200
366677,1,25,0,0,0,1,10,6,0,0,0,20,200,0,17,200,200,200,200,200,200
366677,1,25,0,0,0,1,10,6,0,0,0,20,200,0,19,200,200,200,200,200,200
366678,0,30,1,2,0,1,10,5,0,0,0,20,16,1,200,200,6,200,200,200,200
366678,0,30,1,2,0,1,10,5,0,0,0,20,16,0,38,0,0,0,0,200,200
366680,0,25,1,2,0,1,8,6,0,0,0,0,200,0,35,0,0,0,0,200,200
366680,4,25,1,2,0,1,8,6,0,0,0,0,200,0,22,2,0,0,0,200,200
366680,1,25,1,2,0,1,8,6,0,0,0,0,200,1,38,0,200,200,200,200,200
366680,1,25,1,2,0,1,8,6,0,0,0,0,200,0,2,0,200,200,200,200,200
366683,0,30,0,0,0,1,10,2,0,0,0,16,18,0,46,200,3,0,0,200,200
366683,0,30,0,0,0,1,10,2,0,0,0,16,18,0,27,200,0,0,0,200,200
366686,0,30,0,0,0,4,7,5,0,0,0,0,0,2,200,200,10,200,200,200,200
366687,0,35,0,2,0,1,14,5,0,0,0,20,11,0,29,0,6,0,0,200,200
366687,0,35,0,2,0,1,14,5,0,0,0,20,11,1,32,0,0,0,0,200,200
366690,0,30,1,2,0,1,10,5,0,0,0,0,200,2,200,200,200,200,200,200,200
366690,0,30,1,2,0,1,10,5,0,0,0,0,200,0,57,200,0,200,0,200,200
366693,0,30,1,2,0,1,12,5,0,0,0,0,200,0,31,0,200,0,0,200,200
366693,0,30,1,2,0,1,12,5,0,0,0,0,200,0,24,0,200,0,0,200,200
366695,0,20,0,0,0,1,7,5,0,0,0,21,25,2,200,200,200,200,200,200,200
366702,0,30,0,0,0,1,7,7,0,0,0,20,200,0,20,200,6,200,0,200,200
366702,1,30,0,0,0,1,7,7,0,0,0,20,200,0,200,200,200,200,200,200,200
366702,1,30,0,0,0,1,7,7,0,0,0,20,200,1,200,200,200,200,200,200,200
366705,0,30,0,0,0,1,14,5,0,0,0,17,0,1,19,0,1,0,0,200,200
366705,0,30,0,0,0,1,14,5,0,0,0,17,0,0,18,0,0,0,0,200,200
366707,0,30,0,0,0,1,12,6,0,0,0,200,200,1,38,200,0,200,200,200,200
366707,0,30,0,0,0,1,12,6,0,0,0,200,200,1,37,0,0,0,0,200,200
366707,1,30,0,0,0,1,12,6,0,0,0,200,200,1,200,200,200,200,200,200,200
366707,1,30,0,0,0,1,12,6,0,0,0,200,200,0,200,0,200,200,200,200,200
366710,0,20,0,0,0,4,7,6,0,0,0,8,0,0,23,0,12,0,0,200,200
366715,0,30,0,0,0,1,14,7,0,0,0,0,0,0,42,7,6,0,0,200,200
366715,0,30,0,0,0,1,14,7,0,0,0,0,0,1,20,0,0,0,0,200,200
366716,0,30,0,0,0,4,12,5,0,0,0,17,16,0,21,200,1,200,0,200,200
366716,0,30,0,0,0,4,12,5,0,0,0,17,16,1,34,0,0,0,0,200,200
366730,0,35,2,2,0,0,10,5,0,0,0,18,0,0,200,200,8,200,200,200,200
366730,0,35,2,2,0,0,10,5,0,0,0,18,0,0,24,0,0,0,0,200,200
366734,0,30,0,0,0,1,12,5,0,0,0,0,0,1,34,200,200,200,200,200,200
366734,0,30,0,0,0,1,12,5,0,0,0,0,0,0,21,0,200,200,200,200,200
366734,1,30,0,0,0,1,12,5,0,0,0,0,0,200,200,0,200,200,200,200,200
366734,1,30,0,0,0,1,12,5,0,0,0,0,0,200,200,0,200,200,200,200,200
366734,1,30,0,0,0,1,12,5,0,0,0,0,0,200,200,0,200,200,200,200,200
366736,0,15,0,0,0,1,7,12,0,0,0,0,200,2,200,200,12,200,200,200,200
366745,0,30,0,0,0,3,10,5,0,0,0,18,200,1,55,0,12,0,0,200,200
366745,0,30,0,0,0,3,10,5,0,0,0,18,200,1,22,0,0,0,0,200,200
366751,0,30,0,0,0,3,12,3,0,0,200,21,0,1,200,200,4,200,200,200,200
366751,0,30,0,0,0,3,12,3,0,0,200,21,0,0,39,0,0,0,0,200,200
366760,0,30,200,2,0,3,14,2,0,0,0,11,21,0,33,200,7,200,0,200,200
366760,0,30,200,2,0,3,14,2,0,0,0,11,21,0,65,200,200,200,0,200,200
366760,1,30,200,2,0,3,14,2,0,0,0,11,21,1,30,200,200,200,200,200,200
366766,0,30,0,0,0,1,7,5,0,0,0,0,0,2,200,200,200,200,200,200,200
366769,0,30,1,2,0,4,12,5,0,0,0,0,0,1,74,200,12,0,0,200,200
366769,0,30,1,2,0,4,12,5,0,0,0,0,0,0,65,200,0,0,0,200,200
366776,0,25,0,0,0,3,7,5,0,0,0,10,0,0,19,7,200,0,0,200,200
366776,5,25,0,0,0,3,7,5,0,0,0,10,0,0,2,7,0,0,0,200,200
366776,1,25,0,0,0,3,7,5,0,0,0,10,0,0,20,7,200,200,200,200,200
366779,0,25,0,0,0,1,9,5,0,0,0,0,0,0,57,0,0,0,200,200,200
366779,5,25,0,0,0,1,9,5,0,0,0,0,0,0,31,7,200,200,200,200,200
366779,1,25,0,0,0,1,9,5,0,0,0,0,0,200,200,200,200,200,200,200,200
366780,0,40,0,0,0,4,12,5,0,0,0,21,200,0,36,200,4,200,0,200,200
366780,0,40,0,0,0,4,12,5,0,0,0,21,200,1,29,200,0,200,200,200,200
366783,0,30,0,0,0,3,2,5,0,0,0,0,200,0,200,200,200,200,200,200,200
366783,1,30,0,0,0,3,2,5,0,0,0,0,200,0,24,0,200,200,200,200,200
366784,0,35,0,0,0,1,10,5,0,0,0,18,200,1,200,200,3,0,0,200,200
366784,0,35,0,0,0,1,10,5,0,0,0,18,200,0,56,0,0,0,0,200,200
366791,0,30,1,2,0,1,14,5,0,0,0,0,0,0,18,0,7,0,0,200,200
366791,0,30,1,2,0,1,14,5,0,0,0,0,0,1,24,0,0,4,0,200,200
366798,0,30,3,200,0,4,12,5,0,0,0,0,200,0,51,200,200,200,200,200,200
366798,0,30,3,200,0,4,12,5,0,0,0,0,200,0,51,200,0,200,0,200,200
366798,1,30,3,200,0,4,12,5,0,0,0,0,200,1,200,200,200,200,200,200,200
366798,1,30,3,200,0,4,12,5,0,0,0,0,200,0,200,200,200,200,200,200,200
366807,0,25,0,0,0,3,7,5,0,0,0,0,11,0,200,200,200,200,200,200,200
366812,0,30,0,0,0,3,10,5,0,0,0,18,0,2,200,200,200,200,200,200,200
366812,0,30,0,0,0,3,10,5,0,0,0,18,0,0,27,200,0,0,0,200,200
366816,0,0,0,0,0,3,7,7,0,0,0,0,0,0,45,0,200,0,0,200,200
366820,0,35,0,2,0,1,7,6,0,0,0,20,35,0,40,200,6,0,200,200,200
366822,0,30,0,0,0,1,7,5,0,0,200,0,200,1,200,200,10,200,200,200,200
366826,0,35,0,0,0,3,8,2,0,0,0,200,200,1,21,0,12,0,0,200,200
366826,4,35,0,0,0,3,8,2,0,0,0,200,200,1,40,7,0,0,0,200,200
366837,0,20,0,0,0,200,2,12,0,200,200,200,200,0,200,200,200,200,200,200,200
366842,0,30,1,2,0,3,12,2,0,0,0,0,200,0,46,200,200,200,0,200,200
366842,0,30,1,2,0,3,12,2,0,0,0,0,200,1,21,200,200,0,0,200,200
366842,1,30,1,2,0,3,12,2,0,0,0,0,200,0,36,200,200,200,200,200,200
366842,1,30,1,2,0,3,12,2,0,0,0,0,200,0,63,7,200,200,200,200,200
366842,1,30,1,2,0,3,12,2,0,0,0,0,200,0,41,7,200,200,200,200,200
366842,1,30,1,2,0,3,12,2,0,0,0,0,200,0,20,200,200,200,200,200,200
366847,0,25,2,2,0,1,14,5,0,0,200,0,0,0,50,0,6,200,200,200,200
366847,0,25,2,2,0,1,14,5,0,0,200,0,0,0,18,0,0,0,0,200,200
366847,1,25,2,2,0,1,14,5,0,0,200,0,0,200,200,200,200,200,200,200,200
366847,1,25,2,2,0,1,14,5,0,0,200,0,0,200,200,200,200,200,200,200,200
366847,1,25,2,2,0,1,14,5,0,0,200,0,0,200,200,0,200,200,200,200,200
366851,0,30,2,2,0,3,12,5,0,0,200,22,0,0,52,200,2,200,200,200,200
366851,0,30,2,2,0,3,12,5,0,0,200,22,0,0,27,0,200,200,200,200,200
366851,1,30,2,2,0,3,12,5,0,0,200,22,0,0,200,200,200,200,200,200,200
366858,0,30,2,2,0,4,10,5,0,0,0,18,14,1,32,200,3,200,200,200,200
366858,0,30,2,2,0,4,10,5,0,0,0,18,14,1,22,200,0,0,0,200,200
366858,1,30,2,2,0,4,10,5,0,0,0,18,14,0,23,200,200,200,200,200,200
366863,0,35,0,0,0,3,7,5,0,0,0,200,200,1,200,200,200,200,200,200,200
366865,0,25,200,0,200,200,7,7,0,200,200,20,200,2,200,200,200,200,200,200,200
366871,0,30,1,2,0,3,10,2,0,0,0,18,18,1,42,0,3,0,0,200,200
366871,0,30,1,2,0,3,10,2,0,0,0,18,18,0,41,0,0,0,0,200,200
366873,0,35,0,0,0,1,12,5,0,0,0,22,21,1,37,200,4,0,200,200,200
366873,0,35,0,0,0,1,12,5,0,0,0,22,21,1,38,200,0,0,0,200,200
366877,0,30,0,0,0,3,7,7,0,0,0,0,0,2,200,200,200,200,200,200,200
366879,0,30,1,2,0,1,14,5,0,0,0,23,6,1,19,0,7,0,0,200,200
366879,0,30,1,2,0,1,14,5,0,0,0,23,6,0,29,0,0,0,0,200,200
366879,1,30,1,2,0,1,14,5,0,0,0,23,6,0,200,200,200,200,200,200,200
366881,0,30,2,2,0,3,0,5,0,0,0,5,200,0,35,200,5,0,0,200,200
366881,0,30,2,2,0,3,0,5,0,0,0,5,200,0,42,200,200,0,0,200,200
366883,0,35,1,2,0,3,3,2,0,0,0,23,6,1,21,0,7,0,0,200,200
366883,0,35,1,2,0,3,3,2,0,0,0,23,6,0,41,0,0,0,0,200,200
366887,4,30,0,0,0,3,8,6,0,0,0,22,200,0,29,200,2,0,0,200,200
366887,0,30,0,0,0,3,8,6,0,0,0,22,200,0,200,200,200,200,200,200,200
366920,0,30,1,2,0,3,0,1,0,0,0,0,0,0,47,0,200,0,0,200,200
366920,0,30,1,2,0,3,0,1,0,0,0,0,0,0,49,0,14,0,0,200,200
366929,0,30,0,0,0,1,12,5,0,0,0,22,23,0,42,200,4,200,200,200,200
366929,0,30,0,0,0,1,12,5,0,0,0,22,23,1,21,200,200,200,0,200,200
366930,0,30,1,2,0,3,0,3,0,0,0,6,200,0,22,0,5,0,0,200,200
366930,0,30,1,2,0,3,0,3,0,0,0,6,200,0,37,0,0,0,0,200,200
366937,4,20,2,2,0,3,8,6,1,0,0,0,200,1,20,7,200,0,0,200,200
366939,0,30,1,2,0,3,2,3,0,0,0,0,200,2,200,200,200,200,200,200,200
366944,0,30,0,0,0,3,7,6,0,0,0,11,200,1,51,200,200,0,0,200,200
366952,0,35,0,0,0,1,7,5,0,0,0,0,0,2,200,200,200,200,200,200,200
366954,0,30,200,200,0,1,10,5,0,0,0,200,0,2,200,200,200,200,200,200,200
366954,0,30,200,200,0,1,10,5,0,0,0,200,0,0,60,200,200,200,7,200,200
366959,0,0,0,0,0,3,7,6,0,0,0,0,200,2,200,200,200,200,200,200,200
366967,0,30,1,2,0,3,8,1,0,200,200,18,18,0,200,200,3,200,200,200,200
366967,4,30,1,2,0,3,8,1,0,200,200,18,18,0,24,3,12,0,200,200,200
366984,0,30,1,2,0,3,10,5,0,0,0,0,200,2,200,200,200,200,200,200,200
366984,0,30,1,2,0,3,10,5,0,0,0,0,200,0,21,200,0,0,0,200,200
366984,0,30,1,2,0,3,10,5,0,0,0,0,200,1,29,200,0,0,0,200,200
366984,1,30,1,2,0,3,10,5,0,0,0,0,200,1,32,200,200,200,200,200,200
366984,1,30,1,2,0,3,10,5,0,0,0,0,200,1,9,200,200,200,200,200,200
366984,1,30,1,2,0,3,10,5,0,0,0,0,200,0,7,200,200,200,200,200,200
366984,1,30,1,2,0,3,10,5,0,0,0,0,200,0,6,200,200,200,200,200,200
366984,1,30,1,2,0,3,10,5,0,0,0,0,200,0,3,200,200,200,200,200,200
366996,0,0,0,0,0,1,7,7,0,0,0,0,200,2,200,200,200,200,200,200,200
366999,0,30,1,2,0,3,0,3,0,1,0,6,6,0,53,0,200,0,0,200,200
366999,0,30,1,2,0,3,0,3,0,1,0,6,6,1,22,0,5,0,0,200,200
367015,0,30,0,0,0,3,7,6,0,0,0,0,0,2,200,200,200,200,200,200,200
367021,0,35,1,2,0,3,3,5,0,0,0,32,6,1,29,0,5,0,5,0.19,200
367021,0,35,1,2,0,3,3,5,0,0,0,32,6,0,31,200,0,0,0,200,200
367034,0,15,0,0,0,3,0,7,0,200,200,20,200,0,66,200,6,200,7,200,200
367034,0,15,0,0,0,3,0,7,0,200,200,20,200,0,37,200,0,200,0,200,200
367046,0,30,0,200,200,1,12,2,0,200,200,22,22,2,200,200,2,200,200,200,200
367046,0,30,0,200,200,1,12,2,0,200,200,22,22,0,39,0,12,200,200,200,200
367049,0,30,200,200,0,3,2,6,0,0,0,0,0,0,57,0,200,200,0,200,200
367052,0,25,0,0,0,0,7,5,0,0,3,32,10,0,51,200,9,0,5,200,200
367066,0,35,0,0,0,0,2,2,0,0,0,16,0,0,48,0,12,0,0,200,200
367068,0,30,200,200,200,3,0,2,0,200,200,17,16,1,200,200,200,200,200,200,200
367068,0,30,200,200,200,3,0,2,0,200,200,17,16,0,200,200,0,200,200,200,200
367068,1,30,200,200,200,3,0,2,0,200,200,17,16,0,47,0,200,200,200,200,200
367068,1,30,200,200,200,3,0,2,0,200,200,17,16,0,200,200,200,200,200,200,200
367071,0,30,1,2,0,3,10,3,0,0,0,0,200,2,200,200,200,200,200,200,200
367071,0,30,1,2,0,3,10,3,0,0,0,0,200,1,57,200,0,0,0,200,200
367078,0,30,1,2,0,3,6,8,3,0,0,0,0,2,200,200,200,200,200,200,200
367080,0,30,1,2,0,3,0,5,0,0,0,6,200,0,200,200,200,200,200,200,200
367080,0,30,1,2,0,3,0,5,0,0,0,6,200,0,58,0,0,0,0,200,200
367093,0,30,0,0,0,3,2,8,4,0,0,0,200,0,200,200,200,200,200,200,200
367093,1,30,0,0,0,3,2,8,4,0,0,0,200,0,200,200,200,200,200,200,200
367093,1,30,0,0,0,3,2,8,4,0,0,0,200,0,200,200,200,200,200,200,200
367097,0,30,1,200,0,3,10,5,0,0,200,0,0,0,200,200,200,200,200,200,200
367097,0,30,1,200,0,3,10,5,0,0,200,0,0,0,33,200,200,200,200,200,200
367102,0,30,0,0,0,3,7,5,0,0,0,0,200,0,36,200,12,200,2,200,200
367109,0,30,0,0,0,200,14,2,0,0,0,0,0,0,31,200,200,200,0,200,200
367109,0,30,0,0,0,200,14,2,0,0,0,0,0,0,56,200,200,200,0,200,200
367109,1,30,0,0,0,200,14,2,0,0,0,0,0,1,27,200,200,200,200,200,200
367112,0,30,1,12,0,1,14,5,0,0,0,17,200,0,52,0,1,0,0,200,200
367112,0,30,1,12,0,1,14,5,0,0,0,17,200,1,56,0,200,0,0,200,200
367123,0,30,0,0,0,1,14,5,0,0,0,18,200,0,31,0,3,0,0,200,200
367123,0,30,0,0,0,1,14,5,0,0,0,18,200,1,29,0,0,0,0,200,200
367129,0,20,0,0,0,1,0,6,0,0,0,0,0,1,29,0,6,0,0,200,200
367129,0,20,0,0,0,1,0,6,0,0,0,0,0,1,41,0,0,0,0,200,200
367137,0,35,1,2,0,1,12,5,0,0,0,0,0,1,200,200,200,200,0,200,200
367137,0,35,1,2,0,1,12,5,0,0,0,0,0,1,56,0,0,0,0,200,200
367141,0,25,2,2,0,1,14,8,0,0,0,11,21,0,48,0,4,12,0,200,200
367141,0,25,2,2,0,1,14,8,0,0,0,11,21,0,32,0,0,0,0,200,200
367143,0,30,1,2,0,1,12,5,0,0,0,22,0,0,24,0,0,0,0,200,200
367143,0,30,1,2,0,1,12,5,0,0,0,22,0,0,200,200,2,200,200,200,200
367146,0,30,0,0,0,1,12,200,0,0,0,17,22,0,200,200,1,200,200,200,200
367146,0,30,0,0,0,1,12,200,0,0,0,17,22,0,21,200,0,0,0,200,200
367146,1,30,0,0,0,1,12,200,0,0,0,17,22,0,19,200,200,200,200,200,200
367147,0,35,0,0,0,1,10,5,0,0,0,16,7,0,43,0,12,0,0,200,200
367147,0,35,0,0,0,1,10,5,0,0,0,16,7,0,46,0,0,0,0,200,200
367147,1,35,0,0,0,1,10,5,0,0,0,16,7,0,0,5,200,200,200,200,200
367150,0,30,0,0,0,3,7,2,0,0,0,0,0,2,200,200,200,200,200,200,200
367152,0,0,2,2,0,1,14,12,0,0,0,11,200,1,52,200,1,0,0,200,200
367152,0,0,2,2,0,1,14,12,0,0,0,11,200,0,38,200,0,0,0,200,200
367152,1,0,2,2,0,1,14,12,0,0,0,11,200,1,54,200,200,200,200,200,200