RD_NO,PERSON_TYPE,POSTED_SPEED_LIMIT,TRAFFIC_CONTROL_DEVICE,DEVICE_CONDITION,WEATHER_CONDITION,LIGHTING_CONDITION,FIRST_CRASH_TYPE,TRAFFICWAY_TYPE,ALIGNMENT,ROADWAY_SURFACE_COND,ROAD_DEFECT,PRIM_CONTRIBUTORY_CAUSE,SEC_CONTRIBUTORY_CAUSE,SEX,AGE,SAFETY_EQUIPMENT,DRIVER_ACTION,DRIVER_VISION,PHYSICAL_CONDITION,BAC_RESULT VALUE,CELL_PHONE_USE
367152,1,0,2,2,0,1,14,12,0,0,0,11,200,0,56,200,200,200,200,200,200
367160,0,30,1,2,0,1,8,2,0,0,200,17,0,1,200,200,1,200,200,200,200
367160,4,30,1,2,0,1,8,2,0,0,200,17,0,0,30,3,0,200,0,200,200
367161,0,30,2,2,0,1,0,5,0,0,0,5,17,2,200,200,1,200,200,200,200
367161,0,30,2,2,0,1,0,5,0,0,0,5,17,1,51,0,0,0,0,200,200
367165,0,30,1,2,0,1,14,3,0,0,200,22,23,0,48,200,7,200,200,200,200
367165,0,30,1,2,0,1,14,3,0,0,200,22,23,0,46,0,0,0,0,200,200
367170,0,35,0,0,0,1,12,5,0,0,0,17,200,0,28,0,1,200,0,200,200
367170,0,35,0,0,0,1,12,5,0,0,0,17,200,1,26,0,0,200,0,200,200
367172,0,30,1,2,0,1,8,6,0,0,0,0,0,1,30,0,12,0,0,200,200
367172,4,30,1,2,0,1,8,6,0,0,0,0,0,1,33,3,12,0,0,200,200
367175,0,25,0,0,0,1,7,0,0,0,0,11,0,0,17,0,6,0,0,200,200
367175,1,25,0,0,0,1,7,0,0,0,0,11,0,200,25,0,200,200,200,200,200
367181,0,0,0,0,0,1,0,7,0,0,0,0,0,0,38,200,6,200,0,200,200
367181,0,0,0,0,0,1,0,7,0,0,0,0,0,0,51,200,12,200,0,200,200
367184,0,30,1,2,0,1,14,5,0,0,0,23,200,0,28,0,0,0,0,200,200
367184,0,30,1,2,0,1,14,5,0,0,0,23,200,1,36,7,7,0,0,200,200
367202,0,30,1,2,0,1,12,5,0,0,0,21,200,1,54,0,4,200,0,200,200
367202,0,30,1,2,0,1,12,5,0,0,0,21,200,1,21,0,0,200,0,200,200
367206,4,30,1,2,0,1,8,2,0,0,0,6,200,0,58,7,5,200,12,200,200
367206,0,30,1,2,0,1,8,2,0,0,0,6,200,1,48,200,0,0,0,200,200
367206,0,30,1,2,0,1,8,2,0,0,0,6,200,0,59,200,0,0,0,200,200
367208,0,30,1,2,0,1,10,3,0,0,0,16,0,1,32,200,3,200,0,200,200
367208,0,30,1,2,0,1,10,3,0,0,0,16,0,0,31,200,0,0,0,200,200
367211,0,20,1,2,0,1,0,5,0,0,0,15,200,0,50,0,5,0,0,200,200
367211,0,20,1,2,0,1,0,5,0,0,0,15,200,1,50,0,0,0,0,200,200
367215,0,30,1,2,0,1,14,3,0,0,0,17,17,0,49,0,7,0,0,200,200
367215,0,30,1,2,0,1,14,3,0,0,0,17,17,0,50,0,0,0,0,200,200
367221,0,30,0,0,0,1,10,5,0,0,0,18,200,1,45,200,3,200,200,200,200
367221,0,30,0,0,0,1,10,5,0,0,0,18,200,1,47,0,0,0,0,200,200
367222,0,30,2,2,0,1,0,5,0,0,0,5,200,0,20,0,5,0,0,200,200
367222,0,30,2,2,0,1,0,5,0,0,0,5,200,1,56,0,0,0,0,200,200
367227,0,30,2,2,0,1,12,6,0,0,200,21,17,0,200,200,4,200,200,200,200
367227,0,30,2,2,0,1,12,6,0,0,200,21,17,0,49,0,0,0,0,200,200
367229,0,30,200,0,0,1,10,12,0,0,0,18,18,1,200,200,3,200,0,200,200
367229,0,30,200,0,0,1,10,12,0,0,0,18,18,0,55,200,0,200,0,200,200
367230,0,30,1,2,0,1,12,2,0,0,0,14,0,0,200,200,200,200,200,200,200
367230,0,30,1,2,0,1,12,2,0,0,0,14,0,0,200,200,200,200,200,200,200
367230,0,30,1,2,0,1,12,2,0,0,0,14,0,1,28,200,200,200,0,200,200
367230,1,30,1,2,0,1,12,2,0,0,0,14,0,1,4,200,200,200,200,200,200
367230,1,30,1,2,0,1,12,2,0,0,0,14,0,1,8,200,200,200,200,200,200
367233,0,30,0,0,0,1,14,2,0,0,0,17,17,0,200,200,1,200,200,200,200
367233,0,30,0,0,0,1,14,2,0,0,0,17,17,0,29,0,0,0,0,200,200
367238,0,30,1,2,0,1,10,5,0,0,0,18,16,1,69,0,3,3,0,200,200
367238,0,30,1,2,0,1,10,5,0,0,0,18,16,0,39,0,0,0,0,200,200
367259,0,30,2,2,0,1,0,5,0,0,12,28,200,1,47,0,0,12,0,200,200
367259,0,30,2,2,0,1,0,5,0,0,12,28,200,1,33,0,0,0,0,200,200
367266,0,30,0,0,0,1,10,5,0,0,0,18,200,0,67,0,3,0,0,200,200
367266,0,30,0,0,0,1,10,5,0,0,0,18,200,0,25,0,0,0,0,200,200
367266,1,30,0,0,0,1,10,5,0,0,0,18,200,1,70,0,200,200,200,200,200
367267,0,30,2,2,0,1,10,2,0,0,0,18,18,1,47,0,3,0,0,200,200
367267,0,30,2,2,0,1,10,2,0,0,0,18,18,1,51,0,0,0,0,200,200
367271,0,30,0,0,0,1,9,5,0,0,0,25,200,0,200,200,12,200,200,200,200
367271,5,30,0,0,0,1,9,5,0,0,0,25,200,1,59,200,0,12,0,200,200
367271,1,30,0,0,0,1,9,5,0,0,0,25,200,0,200,200,200,200,200,200,200
367273,0,10,0,0,0,1,0,7,0,0,0,0,200,0,74,200,6,200,0,200,200
367273,0,10,0,0,0,1,0,7,0,0,0,0,200,0,41,200,6,200,0,200,200
367276,0,30,0,0,0,1,10,5,0,0,0,0,0,0,48,200,200,200,200,200,200
367276,0,30,0,0,0,1,10,5,0,0,0,0,0,1,62,200,200,200,200,200,200
367282,0,30,0,0,0,1,10,7,0,0,200,18,16,1,44,200,3,200,200,200,200
367282,0,30,0,0,0,1,10,7,0,0,200,18,16,1,67,0,0,0,0,200,200
367282,1,30,0,0,0,1,10,7,0,0,200,18,16,1,61,0,200,200,200,200,200
367285,0,30,0,0,0,1,12,5,0,0,0,0,0,0,28,200,12,200,0,200,200
367285,0,30,0,0,0,1,12,5,0,0,0,0,0,0,74,0,0,200,0,200,200
367286,0,30,1,2,0,1,10,3,0,0,0,16,0,1,28,0,8,0,0,200,200
367286,0,30,1,2,0,1,10,3,0,0,0,16,0,0,49,0,0,0,0,200,200
367293,0,25,0,0,0,200,7,6,0,0,0,0,0,2,200,200,200,200,200,200,200
367298,0,30,0,0,0,1,7,5,0,0,0,0,0,1,200,200,200,200,200,200,200
367306,0,25,2,2,0,1,10,5,0,0,0,18,200,0,33,0,3,0,0,200,200
367306,0,25,2,2,0,1,10,5,0,0,0,18,200,0,55,0,0,0,0,200,200
367309,0,30,0,0,0,1,7,5,0,0,0,11,22,1,20,200,2,0,0,200,200
367313,0,30,0,0,0,1,7,6,0,0,200,23,17,1,200,200,7,200,200,200,200
367313,1,30,0,0,0,1,7,6,0,0,200,23,17,200,200,0,200,200,200,200,200
367322,1,30,1,2,0,1,10,3,0,0,0,16,21,1,37,200,200,200,200,200,200
367322,1,30,1,2,0,1,10,3,0,0,0,16,21,0,10,200,200,200,200,200,200
367322,0,30,1,2,0,1,10,3,0,0,0,16,21,1,31,200,3,200,0,200,200
367322,0,30,1,2,0,1,10,3,0,0,0,16,21,1,25,200,0,0,0,200,200
367322,1,30,1,2,0,1,10,3,0,0,0,16,21,1,200,200,200,200,200,200,200
367322,1,30,1,2,0,1,10,3,0,0,0,16,21,1,200,200,200,200,200,200,200
367322,1,30,1,2,0,1,10,3,0,0,0,16,21,200,200,200,200,200,200,200,200
367322,1,30,1,2,0,1,10,3,0,0,0,16,21,200,200,200,200,200,200,200,200
367322,1,30,1,2,0,1,10,3,0,0,0,16,21,200,200,200,200,200,200,200,200
367322,1,30,1,2,0,1,10,3,0,0,0,16,21,200,5,200,200,200,200,200,200
367322,1,30,1,2,0,1,10,3,0,0,0,16,21,0,9,200,200,200,200,200,200
367322,1,30,1,2,0,1,10,3,0,0,0,16,21,200,11,200,200,200,200,200,200
367331,0,30,0,0,0,0,7,5,0,0,0,0,0,2,200,200,200,200,200,200,200
367335,0,30,1,2,0,1,10,2,0,0,0,0,0,1,25,200,200,200,200,200,200
367335,0,30,1,2,0,1,10,2,0,0,0,0,0,1,50,0,200,0,0,200,200
367337,0,30,0,0,0,1,7,6,0,0,0,21,0,0,30,0,12,0,0,200,200
367338,0,25,0,200,200,200,12,3,0,200,200,22,0,0,16,200,2,200,200,200,200
367338,0,25,0,200,200,200,12,3,0,200,200,22,0,0,42,200,12,200,200,200,200
367340,0,30,1,2,0,1,10,5,0,0,0,0,0,0,200,200,200,200,200,200,200
367340,0,30,1,2,0,1,10,5,0,0,0,0,0,1,53,200,200,200,200,200,200
367340,0,30,1,2,0,1,10,5,0,0,0,0,0,0,200,200,200,200,200,200,200
367343,0,30,0,0,0,1,7,5,0,0,0,0,200,2,200,200,0,200,200,200,200
367349,0,30,1,2,0,1,10,5,0,0,0,6,2,1,25,0,5,0,0,200,1
367349,0,30,1,2,0,1,10,5,0,0,0,6,2,1,34,0,0,0,0,200,200
367350,0,0,2,2,0,1,9,2,0,0,0,16,200,0,200,200,5,200,200,200,200
367350,5,0,2,2,0,1,9,2,0,0,0,16,200,0,32,200,200,200,200,200,200
367351,0,30,12,2,0,1,2,12,0,0,0,0,200,0,58,200,12,0,0,200,200
367355,0,30,0,0,0,1,12,5,0,0,0,0,0,2,200,200,12,200,200,200,200
367355,0,30,0,0,0,1,12,5,0,0,0,0,0,1,42,200,0,0,0,200,200
367356,0,30,1,2,0,1,10,2,0,0,0,16,16,0,200,200,1,200,200,200,200
367356,0,30,1,2,0,1,10,2,0,0,0,16,16,1,70,0,0,0,0,200,200
367358,0,20,0,0,200,1,7,5,0,200,0,0,0,2,200,200,200,200,200,200,200
367359,0,30,1,2,0,1,12,2,0,0,0,22,200,0,200,200,2,200,200,200,200
367359,0,30,1,2,0,1,12,2,0,0,0,22,200,1,37,0,0,0,0,200,200
367365,0,30,1,2,0,1,10,6,0,0,0,18,21,0,200,0,3,0,0,200,200
367365,0,30,1,2,0,1,10,6,0,0,0,18,21,1,21,0,0,0,0,200,200
367365,1,30,1,2,0,1,10,6,0,0,0,18,21,1,200,0,200,200,200,200,200
367372,0,30,1,2,0,1,14,5,0,0,0,200,200,2,200,200,200,200,200,200,200
367372,0,30,1,2,0,1,14,5,0,0,0,200,200,0,51,0,200,200,0,200,200
367372,1,30,1,2,0,1,14,5,0,0,0,200,200,1,52,0,200,200,200,200,200
367382,0,30,1,2,0,1,7,5,0,0,0,11,0,1,38,0,7,0,0,200,200
367387,0,25,0,0,0,1,7,6,0,0,0,11,0,0,46,200,1,200,0,200,200
367391,0,30,0,0,0,1,7,6,0,0,0,20,0,0,57,200,6,0,0,200,200
367395,0,30,1,2,0,1,14,2,0,0,0,22,200,0,200,200,2,200,200,200,200
367395,0,30,1,2,0,1,14,2,0,0,0,22,200,0,18,0,12,0,0,200,200
367395,1,30,1,2,0,1,14,2,0,0,0,22,200,1,46,0,200,200,200,200,200
367395,1,30,1,2,0,1,14,2,0,0,0,22,200,0,55,0,200,200,200,200,200
367395,1,30,1,2,0,1,14,2,0,0,0,22,200,1,8,0,200,200,200,200,200
367397,0,30,0,0,0,1,12,5,0,0,0,18,18,0,63,0,1,0,0,200,200
367397,0,30,0,0,0,1,12,5,0,0,0,18,18,1,48,0,0,0,0,200,200
367406,0,35,1,2,0,1,12,2,0,0,0,0,200,0,53,0,4,0,0,200,200
367406,0,35,1,2,0,1,12,2,0,0,0,0,200,0,28,0,0,0,0,200,200
367406,1,35,1,2,0,1,12,2,0,0,0,0,200,0,27,0,200,200,200,200,200
367412,0,30,0,0,0,1,14,2,0,0,0,18,0,0,78,0,3,200,0,200,200
367412,0,30,0,0,0,1,14,2,0,0,0,18,0,1,36,0,0,0,0,200,200
367412,1,30,0,0,0,1,14,2,0,0,0,18,0,0,1,0,200,200,200,200,200
367417,0,30,1,2,0,1,14,2,0,0,0,3,0,0,21,200,200,0,0,200,200
367417,0,30,1,2,0,1,14,2,0,0,0,3,0,1,33,200,200,0,0,200,200
367418,0,30,0,0,0,1,7,5,0,0,200,0,200,0,31,0,6,12,0,200,200
367418,1,30,0,0,0,1,7,5,0,0,200,0,200,0,39,0,200,200,200,200,200
367418,1,30,0,0,0,1,7,5,0,0,200,0,200,0,24,0,200,200,200,200,200
367420,0,30,1,200,200,200,12,5,0,200,200,18,200,0,30,200,3,200,200,200,200
367420,0,30,1,200,200,200,12,5,0,200,200,18,200,1,27,200,200,200,200,200,200
367420,1,30,1,200,200,200,12,5,0,200,200,18,200,1,3,200,200,200,200,200,200
367421,0,30,0,0,0,1,7,5,0,0,0,0,0,0,200,0,0,0,0,200,200
367433,0,30,0,0,0,1,7,5,0,0,0,0,0,0,200,200,200,200,200,200,200
367434,0,30,0,0,0,3,10,5,0,0,0,22,200,2,200,200,1,200,200,200,200
367434,0,30,0,0,0,3,10,5,0,0,0,22,200,1,23,0,0,0,0,200,200
367438,0,30,0,0,0,1,7,6,0,0,0,0,200,2,200,200,200,200,200,200,200
367441,0,30,1,2,0,1,10,5,0,0,0,18,200,0,18,0,3,200,200,200,200
367441,0,30,1,2,0,1,10,5,0,0,0,18,200,1,27,0,0,0,0,200,200
367445,0,25,1,2,0,1,10,6,2,0,0,18,200,1,31,1,3,0,0,200,200
367445,0,25,1,2,0,1,10,6,2,0,0,18,200,0,60,200,200,0,0,200,200
367445,0,25,1,2,0,1,10,6,2,0,0,18,200,0,53,200,0,0,0,200,200
367456,0,30,0,0,0,1,0,7,0,0,0,0,0,0,200,200,200,200,200,200,200
367456,0,30,0,0,0,1,0,7,0,0,0,0,0,0,47,200,200,200,200,200,200
367457,0,15,0,0,0,1,5,0,0,0,0,13,200,1,33,0,0,0,0,200,200
367457,1,15,0,0,0,1,5,0,0,0,0,13,200,1,36,0,200,200,200,200,200
367458,0,30,0,0,0,1,2,5,0,0,0,11,4,1,47,0,12,0,0,200,200
367465,0,25,2,2,0,1,14,2,0,0,0,22,22,0,20,0,2,0,0,200,200
367465,0,25,2,2,0,1,14,2,0,0,0,22,22,0,23,0,0,0,0,200,200
367465,1,25,2,2,0,1,14,2,0,0,0,22,22,0,200,0,200,200,200,200,200
367467,0,30,1,2,0,1,14,2,0,0,0,23,0,0,19,200,7,0,0,200,200
367467,0,30,1,2,0,1,14,2,0,0,0,23,0,1,55,200,12,0,0,200,200
367467,1,30,1,2,0,1,14,2,0,0,0,23,0,0,20,200,200,200,200,200,200
367468,0,15,0,0,0,1,7,7,0,0,0,200,200,2,200,200,200,200,200,200,200
367483,0,30,0,0,0,1,7,5,0,0,200,23,0,1,30,0,7,200,200,200,200
367489,0,30,1,2,0,1,12,5,0,0,0,0,200,1,200,200,200,200,200,200,200
367489,0,30,1,2,0,1,12,5,0,0,0,0,200,0,59,0,200,0,0,200,200
367490,0,30,0,0,0,3,2,2,0,0,0,17,17,0,25,0,1,0,200,200,200
367490,1,30,0,0,0,3,2,2,0,0,0,17,17,0,26,0,200,200,200,200,200
367490,1,30,0,0,0,3,2,2,0,0,0,17,17,0,200,0,200,200,200,200,200
367490,1,30,0,0,0,3,2,2,0,0,0,17,17,0,200,0,200,200,200,200,200
367494,0,25,10,0,0,1,8,2,0,0,0,11,4,0,76,200,1,0,0,200,200
367494,4,25,10,0,0,1,8,2,0,0,0,11,4,0,23,2,12,0,0,200,200
367494,1,25,10,0,0,1,8,2,0,0,0,11,4,1,72,200,200,200,200,200,200
367498,0,30,0,0,0,1,7,7,0,0,0,0,0,0,200,200,12,200,200,200,200
367503,0,0,1,2,0,1,12,2,0,0,0,22,21,0,53,200,4,200,200,200,200
367503,0,0,1,2,0,1,12,2,0,0,0,22,21,1,42,0,0,0,0,200,200
367503,1,0,1,2,0,1,12,2,0,0,0,22,21,0,18,0,200,200,200,200,200
367507,0,30,0,0,0,1,8,5,0,0,0,21,17,1,200,200,2,200,200,200,200
367507,4,30,0,0,0,1,8,5,0,0,0,21,17,1,49,200,0,0,0,200,200
367508,0,35,0,0,0,1,12,3,0,0,0,0,200,2,200,200,200,200,200,200,200
367508,0,35,0,0,0,1,12,3,0,0,0,0,200,1,26,0,0,0,0,200,200
367510,0,30,1,2,0,1,14,5,0,0,0,33,200,0,47,0,12,12,0,200,200
367510,0,30,1,2,0,1,14,5,0,0,0,33,200,1,44,0,0,0,0,200,200
367510,1,30,1,2,0,1,14,5,0,0,0,33,200,200,16,0,200,200,200,200,200
367510,1,30,1,2,0,1,14,5,0,0,0,33,200,1,7,5,200,200,200,200,200
367510,1,30,1,2,0,1,14,5,0,0,0,33,200,0,3,0,200,200,200,200,200
367512,0,30,0,0,0,1,7,5,0,0,0,0,11,2,200,200,200,200,200,200,200
367518,0,30,1,2,0,1,10,5,0,0,0,20,200,0,53,0,6,0,0,200,200
367518,0,30,1,2,0,1,10,5,0,0,0,20,200,0,52,0,0,0,0,200,200
367518,1,30,1,2,0,1,10,5,0,0,0,20,200,0,56,0,200,200,200,200,200
367521,0,30,0,0,0,1,14,5,2,0,0,23,17,0,55,200,7,0,0,200,200
367521,0,30,0,0,0,1,14,5,2,0,0,23,17,1,69,200,0,0,0,200,200
367522,0,30,0,0,0,1,7,5,0,0,0,0,0,0,200,200,200,200,200,200,200
367525,0,5,0,0,0,1,7,7,0,0,0,0,0,2,200,200,200,200,200,200,200
367529,0,30,2,2,0,1,14,2,0,0,0,0,35,0,66,0,0,0,0,200,200
367529,0,30,2,2,0,1,14,2,0,0,0,0,35,0,64,0,0,0,0,200,200
367530,5,30,0,0,0,1,9,2,0,0,0,200,200,0,8,7,12,200,0,200,200
367530,0,30,0,0,0,1,9,2,0,0,0,200,200,0,200,0,0,12,0,200,200
367532,0,30,0,0,0,1,7,6,0,0,0,0,0,2,200,200,200,200,200,200,200
367533,0,35,0,0,200,200,10,6,0,200,200,18,200,0,56,200,3,200,200,200,200
367533,0,35,0,0,200,200,10,6,0,200,200,18,200,0,59,200,0,200,0,200,200
367537,0,30,0,0,0,1,7,5,0,0,0,0,200,0,16,200,200,200,200,200,200
367541,0,30,0,0,0,1,5,5,0,0,0,0,0,0,200,0,0,0,0,200,200
367545,0,30,2,2,0,1,12,5,0,0,0,22,5,1,52,0,0,0,0,200,200
367545,0,30,2,2,0,1,12,5,0,0,0,22,5,0,200,200,0,200,200,200,200
367545,1,30,2,2,0,1,12,5,0,0,0,22,5,1,19,0,200,200,200,200,200
367545,1,30,2,2,0,1,12,5,0,0,0,22,5,1,17,0,200,200,200,200,200
367547,0,20,0,0,0,1,14,5,0,0,0,23,23,0,200,200,7,200,200,200,200
367547,0,20,0,0,0,1,14,5,0,0,0,23,23,0,77,0,0,0,0,200,200
367548,0,25,2,2,0,1,7,5,0,0,0,0,0,0,200,0,200,0,0,200,200
367552,0,25,0,0,0,1,12,5,0,0,200,17,0,0,62,0,1,0,0,200,200
367552,0,25,0,0,0,1,12,5,0,0,200,17,0,1,70,0,0,0,0,200,200
367556,0,30,2,2,0,1,0,5,0,0,200,16,200,0,34,0,1,200,0,200,200
367556,0,30,2,2,0,1,0,5,0,0,200,16,200,0,68,0,0,200,0,200,200
367556,1,30,2,2,0,1,0,5,0,0,200,16,200,1,32,0,200,200,200,200,200
367558,0,30,0,0,0,1,7,5,0,0,0,0,0,2,200,200,200,200,200,200,200
367563,0,25,1,200,0,1,10,5,0,200,200,18,12,1,200,200,3,200,200,200,200
367563,0,25,1,200,0,1,10,5,0,200,200,18,12,1,26,0,200,0,200,200,200
367564,0,30,2,2,0,1,0,2,0,0,0,17,200,0,64,0,1,0,0,200,200
367564,0,30,2,2,0,1,0,2,0,0,0,17,200,0,28,0,0,0,0,200,200
367569,0,30,0,0,0,1,7,5,0,0,0,27,200,0,26,0,12,0,4,200,200
367572,0,30,0,0,0,1,10,2,0,0,0,18,16,0,42,200,3,0,0,200,200
367572,0,30,0,0,0,1,10,2,0,0,0,18,16,1,34,200,0,0,0,200,200
367572,1,30,0,0,0,1,10,2,0,0,0,18,16,0,0,5,200,200,200,200,200
367572,1,30,0,0,0,1,10,2,0,0,0,18,16,1,3,5,200,200,200,200,200
367572,1,30,0,0,0,1,10,2,0,0,0,18,16,0,6,0,200,200,200,200,200
367586,0,30,0,0,0,1,12,3,0,0,0,17,16,0,200,200,1,0,0,200,200
367586,0,30,0,0,0,1,12,3,0,0,0,17,16,0,60,200,0,0,0,200,200
367588,0,30,0,0,0,1,12,2,0,0,0,22,200,0,64,7,2,0,0,200,200
367588,0,30,0,0,0,1,12,2,0,0,0,22,200,1,28,7,12,0,0,200,200
367590,0,30,200,200,0,1,10,2,0,0,200,18,200,1,23,200,3,200,0,200,200
367590,0,30,200,200,0,1,10,2,0,0,200,18,200,1,29,200,200,200,0,200,200
367612,0,30,0,0,0,1,12,5,0,0,0,17,20,0,65,0,6,0,0,200,200
367612,0,30,0,0,0,1,12,5,0,0,0,17,20,0,36,0,2,0,0,200,200
367613,0,35,1,2,0,1,10,5,0,0,0,0,0,1,21,200,200,200,0,200,200
367613,0,35,1,2,0,1,10,5,0,0,0,0,0,1,37,0,0,0,0,200,200
367615,0,30,1,2,0,1,14,2,0,0,0,21,17,0,59,200,12,200,0,200,200
367615,0,30,1,2,0,1,14,2,0,0,0,21,17,0,50,200,12,200,0,200,200
367616,0,30,2,2,0,1,12,5,0,0,0,0,0,1,200,200,200,200,200,200,200
367616,0,30,2,2,0,1,12,5,0,0,0,0,0,0,35,0,0,0,0,200,200
367626,0,30,1,2,0,1,10,2,0,0,0,18,17,1,35,0,3,0,0,200,200
367626,0,30,1,2,0,1,10,2,0,0,0,18,17,1,60,0,12,0,0,200,200
367626,1,30,1,2,0,1,10,2,0,0,0,18,17,1,16,0,200,200,200,200,200
367626,1,30,1,2,0,1,10,2,0,0,0,18,17,0,18,0,200,200,200,200,200
367626,1,30,1,2,0,1,10,2,0,0,0,18,17,0,6,0,200,200,200,200,200
367631,0,30,12,2,0,1,10,2,0,0,0,18,16,0,21,0,3,0,0,200,200
367631,0,30,12,2,0,1,10,2,0,0,0,18,16,1,38,0,0,0,0,200,200
367631,1,30,12,2,0,1,10,2,0,0,0,18,16,1,48,0,200,200,200,200,200
367631,1,30,12,2,0,1,10,2,0,0,0,18,16,0,1,5,200,200,200,200,200
367632,0,30,1,2,0,1,12,5,0,0,0,0,0,0,200,200,1,0,0,200,200
367632,0,30,1,2,0,1,12,5,0,0,0,0,0,1,200,0,0,0,0,200,200
367636,0,5,0,0,200,3,7,0,0,200,0,33,0,0,200,200,6,200,200,200,200
367637,0,30,0,0,0,1,7,7,0,0,0,0,200,0,56,0,12,0,0,200,200
367640,0,30,0,0,0,1,8,2,0,0,0,22,200,2,200,200,2,200,200,200,200
367640,4,30,0,0,0,1,8,2,0,0,0,22,200,0,0,7,0,0,0,200,200
367645,0,35,0,0,200,1,12,5,0,200,200,22,200,0,200,200,4,200,200,200,200
367645,0,35,0,0,200,1,12,5,0,200,200,22,200,0,63,200,0,200,0,200,200
367653,0,30,0,0,0,1,7,5,0,0,0,0,0,2,200,200,200,200,200,200,200
367654,0,30,0,0,0,1,12,8,2,0,0,0,200,1,200,200,4,200,200,200,200
367654,0,30,0,0,0,1,12,8,2,0,0,0,200,1,31,200,0,0,0,200,200
367661,0,30,0,0,0,1,10,5,0,0,0,20,0,0,18,0,6,0,0,200,200
367661,0,30,0,0,0,1,10,5,0,0,0,20,0,0,53,0,0,0,0,200,200
367661,1,30,0,0,0,1,10,5,0,0,0,20,0,0,18,0,200,200,200,200,200
367661,1,30,0,0,0,1,10,5,0,0,0,20,0,1,63,7,200,200,200,200,200
367664,0,30,2,2,0,1,14,5,0,0,0,23,23,0,200,200,7,0,0,200,200
367664,0,30,2,2,0,1,14,5,0,0,0,23,23,0,48,0,0,0,0,200,200
367668,0,30,0,0,0,1,10,7,0,0,0,17,200,0,81,0,1,0,0,200,200
367668,0,30,0,0,0,1,10,7,0,0,0,17,200,0,71,0,0,0,0,200,200
367673,0,30,1,2,0,1,10,2,0,0,0,0,200,0,36,200,200,0,0,200,200
367673,0,30,1,2,0,1,10,2,0,0,0,0,200,1,53,0,0,0,0,200,200
367673,1,30,1,2,0,1,10,2,0,0,0,0,200,1,25,0,200,200,200,200,200
367677,0,30,0,0,0,1,10,2,0,0,0,0,200,0,40,0,12,0,0,200,200
367677,0,30,0,0,0,1,10,2,0,0,0,0,200,0,47,0,12,0,0,200,200
367683,0,30,2,2,0,1,14,5,0,0,0,17,200,0,60,200,7,200,0,200,200
367683,0,30,2,2,0,1,14,5,0,0,0,17,200,1,57,200,0,0,0,200,200
367684,0,30,0,0,0,1,10,5,0,0,0,33,11,1,42,200,6,200,0,200,200
367684,0,30,0,0,0,1,10,5,0,0,0,33,11,1,43,200,0,0,0,200,200
367686,0,30,0,0,0,1,11,5,0,0,0,25,200,0,200,200,0,200,200,200,200
367686,0,30,0,0,0,1,11,5,0,0,0,25,200,0,40,7,0,0,0,200,200
367688,0,30,0,0,0,1,7,5,0,0,0,0,0,2,200,200,200,200,200,200,200
367690,0,30,7,2,0,1,10,2,0,0,0,18,16,0,32,200,3,0,0,200,200
367690,0,30,7,2,0,1,10,2,0,0,0,18,16,1,60,200,12,0,0,200,200
367691,0,30,0,0,0,1,14,5,0,0,0,17,200,0,50,200,12,0,0,200,200
367691,0,30,0,0,0,1,14,5,0,0,0,17,200,0,35,200,1,0,0,200,200
367694,4,30,0,0,0,1,8,2,0,0,0,33,200,0,27,7,0,200,0,200,200
367698,0,40,200,200,0,1,10,3,0,0,200,18,16,1,200,200,3,200,200,200,200
367698,0,40,200,200,0,1,10,3,0,0,200,18,16,1,55,0,0,0,0,200,200
367699,0,30,200,200,0,1,0,0,0,0,0,16,16,0,60,0,8,0,0,200,200
367699,0,30,200,200,0,1,0,0,0,0,0,16,16,0,30,200,0,200,200,200,200
367699,1,30,200,200,0,1,0,0,0,0,0,16,16,0,22,0,200,200,200,200,200
367699,1,30,200,200,0,1,0,0,0,0,0,16,16,0,28,0,200,200,200,200,200
367701,0,30,0,0,0,1,7,7,0,0,200,0,0,2,200,200,200,200,200,200,200
367707,0,30,0,0,200,200,14,2,0,200,200,17,200,1,200,200,7,200,200,200,200
367707,0,30,0,0,200,200,14,2,0,200,200,17,200,1,23,200,0,200,12,200,200
367710,0,30,0,0,0,1,7,6,0,0,0,12,0,0,45,200,0,0,0,200,200
367710,1,30,0,0,0,1,7,6,0,0,0,12,0,0,0,200,200,200,200,200,200
367713,0,30,0,0,0,1,7,2,0,0,0,0,0,0,200,200,200,200,200,200,200
367716,0,30,1,2,0,1,14,5,0,0,0,17,23,0,200,200,1,200,200,200,200
367716,0,30,1,2,0,1,14,5,0,0,0,17,23,1,56,0,0,0,0,200,200
367716,1,30,1,2,0,1,14,5,0,0,0,17,23,0,200,200,200,200,200,200,200
367721,0,30,0,0,0,1,10,5,0,0,0,0,0,0,200,200,200,200,200,200,200
367721,0,30,0,0,0,1,10,5,0,0,0,0,0,0,19,0,0,0,0,200,200
367721,1,30,0,0,0,1,10,5,0,0,0,0,0,200,200,0,200,200,200,200,200
367728,0,30,2,2,0,1,0,2,0,0,0,17,200,1,66,0,1,0,0,200,200
367728,0,30,2,2,0,1,0,2,0,0,0,17,200,0,33,0,0,0,0,200,200
367728,1,30,2,2,0,1,0,2,0,0,0,17,200,0,200,0,200,200,200,200,200
367728,1,30,2,2,0,1,0,2,0,0,0,17,200,200,29,0,200,200,200,200,200