RD_NO,PERSON_TYPE,POSTED_SPEED_LIMIT,TRAFFIC_CONTROL_DEVICE,DEVICE_CONDITION,WEATHER_CONDITION,LIGHTING_CONDITION,FIRST_CRASH_TYPE,TRAFFICWAY_TYPE,ALIGNMENT,ROADWAY_SURFACE_COND,ROAD_DEFECT,PRIM_CONTRIBUTORY_CAUSE,SEC_CONTRIBUTORY_CAUSE,SEX,AGE,SAFETY_EQUIPMENT,DRIVER_ACTION,DRIVER_VISION,PHYSICAL_CONDITION,BAC_RESULT VALUE,CELL_PHONE_USE
367728,1,30,2,2,0,1,0,2,0,0,0,17,200,0,27,0,200,200,200,200,200
367728,1,30,2,2,0,1,0,2,0,0,0,17,200,1,26,0,200,200,200,200,200
367730,0,30,0,0,0,1,10,2,0,0,0,16,11,0,52,0,3,0,0,200,200
367730,0,30,0,0,0,1,10,2,0,0,0,16,11,0,54,0,0,0,0,200,200
367730,1,30,0,0,0,1,10,2,0,0,0,16,11,1,53,0,200,200,200,200,200
367734,0,30,0,0,0,1,10,7,0,0,0,20,0,0,200,200,0,200,200,200,200
367734,0,30,0,0,0,1,10,7,0,0,0,20,0,1,42,0,0,0,0,200,200
367737,0,30,0,0,0,1,10,2,0,0,0,16,200,1,64,0,12,0,0,200,200
367737,0,30,0,0,0,1,10,2,0,0,0,16,200,0,18,0,0,0,0,200,200
367737,0,30,0,0,0,1,10,2,0,0,0,16,200,1,34,0,0,0,0,200,200
367737,1,30,0,0,0,1,10,2,0,0,0,16,200,0,200,0,200,200,200,200,200
367737,1,30,0,0,0,1,10,2,0,0,0,16,200,0,200,0,200,200,200,200,200
367740,0,30,1,2,0,1,14,2,0,0,0,17,17,0,26,0,1,0,0,200,200
367740,0,30,1,2,0,1,14,2,0,0,0,17,17,0,62,0,0,0,0,200,200
367745,0,30,0,0,0,1,12,2,0,0,0,21,200,0,27,0,4,0,0,200,200
367745,0,30,0,0,0,1,12,2,0,0,0,21,200,0,50,0,0,0,0,200,200
367745,1,30,0,0,0,1,12,2,0,0,0,21,200,1,22,0,200,200,200,200,200
367745,1,30,0,0,0,1,12,2,0,0,0,21,200,0,0,5,200,200,200,200,200
367745,1,30,0,0,0,1,12,2,0,0,0,21,200,1,1,5,200,200,200,200,200
367750,0,30,0,0,0,1,10,2,0,0,200,18,35,1,42,200,3,200,0,200,200
367750,0,30,0,0,0,1,10,2,0,0,200,18,35,1,0,200,0,200,0,200,200
367751,0,30,2,2,0,1,0,5,0,0,0,0,0,2,200,200,200,200,200,200,200
367751,0,30,2,2,0,1,0,5,0,0,0,0,0,1,30,0,0,0,0,200,200
367751,1,30,2,2,0,1,0,5,0,0,0,0,0,0,200,0,200,200,200,200,200
367753,0,30,1,2,0,1,10,5,0,0,0,18,200,0,200,0,3,0,0,200,200
367753,0,30,1,2,0,1,10,5,0,0,0,18,200,1,24,0,0,0,0,200,200
367753,1,30,1,2,0,1,10,5,0,0,0,18,200,200,200,5,200,200,200,200,200
367754,0,30,0,0,0,1,7,4,0,0,0,35,200,1,57,200,1,200,0,200,200
367758,0,30,0,0,0,1,10,5,0,0,0,18,200,0,24,0,3,0,0,200,200
367758,0,30,0,0,0,1,10,5,0,0,0,18,200,0,27,0,0,0,0,200,200
367762,0,30,0,0,0,1,14,5,0,0,0,0,0,1,37,0,0,0,0,200,200
367762,0,30,0,0,0,1,14,5,0,0,0,0,0,0,34,0,0,0,0,200,200
367770,0,25,0,200,0,1,14,5,0,0,1,16,29,0,47,0,0,0,0,200,200
367770,0,25,0,200,0,1,14,5,0,0,1,16,29,0,200,200,2,200,200,200,200
367781,0,30,0,0,0,1,14,5,0,0,0,17,200,1,200,200,1,200,200,200,200
367781,0,30,0,0,0,1,14,5,0,0,0,17,200,1,24,0,0,0,0,200,200
367782,0,30,0,0,0,1,14,5,0,0,0,17,200,1,29,200,1,0,0,200,200
367782,0,30,0,0,0,1,14,5,0,0,0,17,200,1,83,200,0,0,0,200,200
367795,0,30,2,2,0,1,10,6,0,0,200,18,0,0,200,200,3,200,200,200,200
367795,0,30,2,2,0,1,10,6,0,0,200,18,0,0,36,0,0,0,0,200,200
367796,0,30,0,0,0,1,12,5,0,0,0,22,0,0,70,0,2,0,0,200,200
367796,0,30,0,0,0,1,12,5,0,0,0,22,0,0,18,0,2,0,0,200,200
367796,1,30,0,0,0,1,12,5,0,0,0,22,0,1,200,0,200,200,200,200,200
367798,0,20,0,0,0,3,7,7,0,0,0,11,200,1,40,0,12,0,0,200,200
367799,0,35,1,2,0,1,14,2,0,0,0,23,16,0,30,200,1,0,0,200,200
367799,0,35,1,2,0,1,14,2,0,0,0,23,16,0,40,200,200,0,0,200,200
367800,0,30,2,2,0,1,14,5,0,0,0,0,200,1,34,0,3,0,0,200,200
367800,0,30,2,2,0,1,14,5,0,0,0,0,200,1,38,0,0,0,0,200,200
367800,1,30,2,2,0,1,14,5,0,0,0,0,200,1,200,0,200,200,200,200,200
367800,1,30,2,2,0,1,14,5,0,0,0,0,200,1,200,0,200,200,200,200,200
367802,0,10,0,0,0,1,0,0,0,0,0,20,0,1,47,200,200,200,0,200,200
367802,0,10,0,0,0,1,0,0,0,0,0,20,0,1,44,0,0,0,0,200,200
367803,0,30,1,2,0,1,14,3,0,0,0,0,200,0,200,200,0,0,200,200,200
367803,0,30,1,2,0,1,14,3,0,0,0,0,200,0,19,0,0,0,0,200,200
367804,0,30,0,0,0,1,14,12,0,0,0,0,0,2,200,200,200,200,200,200,200
367804,0,30,0,0,0,1,14,12,0,0,0,0,0,1,20,0,0,0,0,200,200
367807,0,30,1,2,0,1,14,5,0,0,0,17,200,0,33,0,1,0,0,200,200
367807,0,30,1,2,0,1,14,5,0,0,0,17,200,0,45,0,0,0,0,200,200
367810,0,30,0,0,0,1,7,6,0,200,200,0,0,2,200,200,200,200,200,200,200
367811,0,30,0,0,0,1,14,5,0,0,0,0,0,0,200,200,12,200,0,200,200
367811,0,30,0,0,0,1,14,5,0,0,0,0,0,0,200,200,0,200,0,200,200
367814,0,10,0,0,0,1,10,0,0,0,0,20,8,1,19,200,0,0,0,200,200
367814,0,10,0,0,0,1,10,0,0,0,0,20,8,1,42,200,6,200,0,200,200
367817,0,20,0,0,0,1,7,12,3,0,0,22,200,1,46,0,2,0,0,200,200
367817,1,20,0,0,0,1,7,12,3,0,0,22,200,200,200,200,200,200,200,200,200
367817,1,20,0,0,0,1,7,12,3,0,0,22,200,0,200,200,200,200,200,200,200
367829,0,30,0,0,0,1,10,5,0,0,0,7,7,1,34,200,12,0,0,200,200
367829,0,30,0,0,0,1,10,5,0,0,0,7,7,1,53,200,0,0,0,200,200
367829,0,30,0,0,0,1,10,5,0,0,0,7,7,1,23,200,0,0,0,200,200
367838,0,30,0,200,0,1,7,5,2,0,200,0,200,2,200,200,200,200,200,200,200
367842,0,30,0,0,0,1,2,3,0,0,0,16,0,1,35,200,0,0,0,200,200
367847,0,10,0,0,0,1,12,7,0,0,0,0,0,0,200,200,12,200,200,200,200
367847,0,10,0,0,0,1,12,7,0,0,0,0,0,1,56,200,12,0,0,200,200
367847,1,10,0,0,0,1,12,7,0,0,0,0,0,0,47,200,200,200,200,200,200
367847,1,10,0,0,0,1,12,7,0,0,0,0,0,0,200,200,200,200,200,200,200
367847,1,10,0,0,0,1,12,7,0,0,0,0,0,0,200,200,200,200,200,200,200
367855,0,10,0,0,0,1,7,7,0,0,200,11,0,2,200,200,200,200,200,200,200
367859,0,30,0,0,0,0,12,5,0,0,0,17,200,0,71,0,200,0,0,200,200
367859,0,30,0,0,0,0,12,5,0,0,0,17,200,1,36,200,1,200,200,200,200
367860,0,30,0,0,0,1,10,5,0,0,0,0,0,1,17,0,0,0,0,200,200
367860,0,30,0,0,0,1,10,5,0,0,0,0,0,0,200,200,0,0,0,200,200
367863,0,30,1,2,0,1,12,2,0,0,12,0,200,1,34,200,200,0,0,200,200
367863,0,30,1,2,0,1,12,2,0,0,12,0,200,0,38,0,200,0,0,200,200
367863,1,30,1,2,0,1,12,2,0,0,12,0,200,1,200,200,200,200,200,200,200
367876,0,30,2,2,0,1,0,2,0,0,0,7,0,1,200,200,200,200,200,200,200
367876,0,30,2,2,0,1,0,2,0,0,0,7,0,1,26,0,0,0,0,200,200
367878,0,30,0,0,0,1,8,5,0,0,0,11,11,0,65,0,200,0,0,200,200
367878,4,30,0,0,0,1,8,5,0,0,0,11,11,0,47,7,1,200,200,200,200
367882,0,30,0,0,200,200,7,6,0,0,0,200,200,1,51,200,200,0,0,200,200
367887,0,35,0,0,0,1,7,5,0,0,0,0,0,1,40,0,0,0,0,200,200
367890,0,30,1,2,0,1,12,2,0,0,0,22,0,0,200,200,2,200,200,200,200
367890,0,30,1,2,0,1,12,2,0,0,0,22,0,1,49,0,12,0,0,200,200
367890,1,30,1,2,0,1,12,2,0,0,0,22,0,1,200,0,200,200,200,200,200
367894,0,30,0,0,0,1,10,2,0,0,0,0,200,1,34,0,0,0,0,200,200
367894,0,30,0,0,0,1,10,2,0,0,0,0,200,0,19,0,0,0,0,200,200
367895,0,30,0,200,0,1,10,5,0,0,0,16,200,2,200,200,1,200,200,200,200
367895,0,30,0,200,0,1,10,5,0,0,0,16,200,1,35,0,0,0,0,200,200
367895,1,30,0,200,0,1,10,5,0,0,0,16,200,0,36,200,200,200,200,200,200
367895,1,30,0,200,0,1,10,5,0,0,0,16,200,1,37,200,200,200,200,200,200
367901,0,40,0,0,0,1,12,3,5,0,0,21,200,1,64,0,4,0,0,200,200
367901,0,40,0,0,0,1,12,3,5,0,0,21,200,0,63,0,0,0,0,200,200
367902,0,30,0,0,0,1,7,7,0,0,12,0,0,2,200,200,200,200,200,200,200
367905,0,10,0,0,0,1,0,7,0,0,0,20,200,0,54,0,6,0,0,200,200
367905,0,10,0,0,0,1,0,7,0,0,0,20,200,0,38,0,0,0,0,200,200
367906,0,30,200,200,0,1,7,6,0,0,200,25,25,2,200,200,200,200,200,200,200
367908,0,30,0,0,0,1,12,5,0,0,0,12,0,1,84,0,12,0,0,200,200
367908,0,30,0,0,0,1,12,5,0,0,0,12,0,0,68,0,0,0,0,200,200
367909,0,30,200,0,0,1,10,200,0,0,0,0,200,2,200,200,0,200,200,200,200
367909,0,30,200,0,0,1,10,200,0,0,0,0,200,0,30,7,0,0,0,200,200
367911,0,15,0,0,0,1,9,7,0,0,0,0,200,1,200,200,1,200,200,200,200
367911,5,15,0,0,0,1,9,7,0,0,0,0,200,0,25,7,0,200,0,200,200
367915,0,15,0,0,1,1,7,7,0,0,0,0,0,2,200,200,200,200,200,200,200
367922,0,30,1,2,0,1,10,3,0,0,0,0,0,1,200,0,1,0,0,200,200
367922,0,30,1,2,0,1,10,3,0,0,0,0,0,1,200,0,0,0,0,200,200
367925,0,30,0,0,0,1,10,5,0,0,0,18,200,1,25,0,3,0,0,200,200
367925,0,30,0,0,0,1,10,5,0,0,0,18,200,1,26,0,0,0,0,200,200
367929,0,30,1,2,0,1,12,6,0,0,0,0,200,0,35,200,0,0,0,200,200
367929,0,30,1,2,0,1,12,6,0,0,0,0,200,0,50,200,0,0,0,200,200
367934,0,30,0,0,0,1,10,5,0,0,0,0,0,0,19,0,0,0,0,200,200
367934,0,30,0,0,0,1,10,5,0,0,0,0,0,0,200,200,0,0,0,200,200
367948,0,20,0,0,0,1,9,6,0,0,0,16,200,0,44,200,200,200,0,200,200
367948,5,20,0,0,0,1,9,6,0,0,0,16,200,1,7,7,12,200,0,200,200
367948,1,20,0,0,0,1,9,6,0,0,0,16,200,1,40,200,200,200,200,200,200
367948,1,20,0,0,0,1,9,6,0,0,0,16,200,1,64,200,200,200,200,200,200
367948,1,20,0,0,0,1,9,6,0,0,0,16,200,1,107,200,200,200,200,200,200
367948,1,20,0,0,0,1,9,6,0,0,0,16,200,1,109,200,200,200,200,200,200
367951,0,30,200,200,0,1,12,5,0,0,200,11,0,0,200,200,1,200,200,200,200
367951,0,30,200,200,0,1,12,5,0,0,200,11,0,0,75,0,0,0,0,200,200
367954,0,30,0,0,0,1,7,5,0,0,200,0,0,0,200,7,200,200,200,200,200
367957,0,30,2,2,0,1,14,5,0,0,0,23,200,0,67,200,7,200,200,200,200
367957,0,30,2,2,0,1,14,5,0,0,0,23,200,0,45,200,9,200,200,200,200
367957,1,30,2,2,0,1,14,5,0,0,0,23,200,1,200,200,200,200,200,200,200
367958,0,30,0,0,0,1,10,5,0,0,0,27,0,1,60,200,3,0,0,200,200
367958,0,30,0,0,0,1,10,5,0,0,0,27,0,1,25,200,0,0,0,200,200
367968,0,30,0,0,0,1,7,5,0,0,0,0,19,2,200,200,2,200,200,200,200
367969,0,30,12,0,0,1,10,2,0,0,200,18,200,2,200,200,1,200,200,200,200
367969,0,30,12,0,0,1,10,2,0,0,200,18,200,0,35,200,0,200,0,200,200
367970,4,30,1,2,0,1,8,3,0,0,0,6,0,0,43,7,5,200,0,200,200
367970,0,30,1,2,0,1,8,3,0,0,0,6,0,0,55,200,0,200,0,200,200
367970,1,30,1,2,0,1,8,3,0,0,0,6,0,0,200,200,200,200,200,200,200
367976,0,30,0,0,0,1,10,5,0,0,0,0,200,0,19,200,200,200,0,200,200
367976,0,30,0,0,0,1,10,5,0,0,0,0,200,1,54,7,0,200,0,200,200
367978,0,15,0,0,1,1,7,7,0,0,0,0,11,0,66,0,12,200,0,200,200
367978,1,15,0,0,1,1,7,7,0,0,0,0,11,1,37,0,200,200,200,200,200
367985,0,30,0,0,0,1,14,5,0,0,0,22,0,0,26,200,2,200,0,200,200
367985,0,30,0,0,0,1,14,5,0,0,0,22,0,1,26,200,0,200,0,200,200
367985,0,30,0,0,0,1,14,5,0,0,0,22,0,0,27,200,0,200,0,200,200
367985,1,30,0,0,0,1,14,5,0,0,0,22,0,0,27,200,200,200,200,200,200
367989,0,30,200,200,200,200,14,200,0,200,200,0,200,0,200,200,200,200,200,200,200
367989,0,30,200,200,200,200,14,200,0,200,200,0,200,1,52,0,200,200,200,200,200
367989,1,30,200,200,200,200,14,200,0,200,200,0,200,0,49,0,200,200,200,200,200
367993,0,30,1,2,0,1,10,5,0,0,0,16,0,0,200,200,200,200,200,200,200
367993,0,30,1,2,0,1,10,5,0,0,0,16,0,0,29,200,0,200,0,200,200
367997,0,30,0,0,0,1,10,5,0,0,0,0,0,0,200,200,200,200,200,200,200
367997,0,30,0,0,0,1,10,5,0,0,0,0,0,1,45,0,0,0,0,200,200
367997,1,30,0,0,0,1,10,5,0,0,0,0,0,1,200,0,200,200,200,200,200
367997,1,30,0,0,0,1,10,5,0,0,0,0,0,0,200,5,200,200,200,200,200
368000,0,30,0,0,0,1,10,5,0,0,0,18,7,1,35,0,0,0,0,200,200
368000,0,30,0,0,0,1,10,5,0,0,0,18,7,1,43,0,0,0,0,200,200
368003,0,35,0,0,200,1,7,200,0,200,200,18,200,0,27,200,3,200,0,200,200
368007,0,30,200,200,200,200,7,5,0,200,200,0,0,2,200,200,200,200,200,200,200
368017,0,30,0,0,200,200,7,6,0,200,0,0,0,2,200,200,200,200,200,200,200
368019,0,20,0,0,0,1,12,5,0,0,0,0,200,0,47,0,1,0,0,200,200
368019,0,20,0,0,0,1,12,5,0,0,0,0,200,1,40,0,1,0,0,200,200
368021,0,30,0,0,0,1,14,5,0,0,0,0,0,0,49,0,0,0,0,200,200
368021,0,30,0,0,0,1,14,5,0,0,0,0,0,0,200,200,0,0,0,200,200
368022,0,30,200,200,200,200,12,200,0,200,200,0,200,0,26,0,200,200,200,200,200
368022,0,30,200,200,200,200,12,200,0,200,200,0,200,0,54,200,200,200,200,200,200
368025,0,30,0,0,0,1,7,6,0,0,200,0,0,2,200,200,12,200,200,200,200
368035,0,0,1,2,0,1,10,5,0,0,0,0,0,0,200,200,200,200,200,200,200
368035,0,0,1,2,0,1,10,5,0,0,0,0,0,1,46,200,0,0,0,200,200
368036,0,20,0,0,0,1,14,5,0,0,0,0,0,0,48,0,200,0,0,200,200
368036,1,20,0,0,0,1,14,5,0,0,0,0,0,0,37,0,200,200,200,200,200
368036,1,20,0,0,0,1,14,5,0,0,0,0,0,1,54,0,200,200,200,200,200
368037,0,30,0,0,0,1,12,5,0,0,0,0,0,0,43,0,0,0,0,200,200
368037,0,30,0,0,0,1,12,5,0,0,0,0,0,0,43,0,0,0,0,200,200
368038,0,0,0,0,0,1,7,7,0,0,0,0,0,2,200,200,200,200,200,200,200
368043,0,30,0,0,0,1,10,5,0,0,0,18,200,0,26,0,3,0,200,200,200
368043,0,30,0,0,0,1,10,5,0,0,0,18,200,0,33,0,0,0,0,200,200
368043,1,30,0,0,0,1,10,5,0,0,0,18,200,1,200,0,200,200,200,200,200
368044,0,30,0,0,0,1,12,3,2,0,0,16,21,0,200,200,4,200,200,200,200
368044,0,30,0,0,0,1,12,3,2,0,0,16,21,0,50,0,0,0,0,200,200
368045,0,30,0,0,0,1,9,5,0,0,0,0,200,1,200,200,200,200,200,200,200
368045,5,30,0,0,0,1,9,5,0,0,0,0,200,0,55,7,0,200,0,200,200
368046,0,30,1,2,0,4,10,5,0,0,0,18,200,1,76,0,3,0,0,200,200
368046,0,30,1,2,0,4,10,5,0,0,0,18,200,0,26,0,0,0,0,200,200
368048,0,30,0,0,0,1,7,7,0,0,0,0,200,0,65,200,200,0,200,200,200
368049,0,30,1,2,0,1,14,5,0,0,0,0,0,0,200,200,12,200,200,200,200
368049,0,30,1,2,0,1,14,5,0,0,0,0,0,0,200,200,0,200,0,200,200
368053,0,30,2,2,0,1,14,5,0,0,0,23,21,0,47,200,12,0,0,200,200
368053,0,30,2,2,0,1,14,5,0,0,0,23,21,1,35,200,7,0,0,200,200
368053,1,30,2,2,0,1,14,5,0,0,0,23,21,1,200,200,200,200,200,200,200
368053,1,30,2,2,0,1,14,5,0,0,0,23,21,1,200,200,200,200,200,200,200
368053,1,30,2,2,0,1,14,5,0,0,0,23,21,1,200,200,200,200,200,200,200
368057,4,30,0,0,0,1,8,5,0,0,0,0,0,1,27,7,200,0,0,200,200
368057,1,30,0,0,0,1,8,5,0,0,0,0,0,0,200,200,200,200,200,200,200
368059,0,30,1,2,0,1,14,2,0,0,0,17,0,2,200,200,1,200,200,200,200
368059,0,30,1,2,0,1,14,2,0,0,0,17,0,0,200,0,12,0,0,200,200
368065,0,30,0,0,0,1,0,0,0,0,0,17,200,1,31,0,1,0,0,200,200
368065,0,30,0,0,0,1,0,0,0,0,0,17,200,1,27,0,0,0,0,200,200
368069,0,30,1,2,0,1,10,3,5,0,0,16,18,0,26,0,3,0,0,200,200
368069,0,30,1,2,0,1,10,3,5,0,0,16,18,1,32,0,0,0,0,200,200
368069,1,30,1,2,0,1,10,3,5,0,0,16,18,1,28,0,200,200,200,200,200
368069,1,30,1,2,0,1,10,3,5,0,0,16,18,1,30,0,200,200,200,200,200
368076,0,30,1,2,0,1,12,2,0,0,0,21,200,1,41,200,4,0,0,200,200
368076,0,30,1,2,0,1,12,2,0,0,0,21,200,0,25,200,0,0,0,200,200
368076,1,30,1,2,0,1,12,2,0,0,0,21,200,0,29,200,200,200,200,200,200
368077,0,30,1,2,0,1,10,5,0,0,0,18,0,1,32,0,3,0,0,200,200
368077,0,30,1,2,0,1,10,5,0,0,0,18,0,1,43,0,0,0,0,200,200
368077,1,30,1,2,0,1,10,5,0,0,0,18,0,1,200,200,200,200,200,200,200
368077,1,30,1,2,0,1,10,5,0,0,0,18,0,200,200,200,200,200,200,200,200
368077,1,30,1,2,0,1,10,5,0,0,0,18,0,200,200,200,200,200,200,200,200
368077,1,30,1,2,0,1,10,5,0,0,0,18,0,200,200,200,200,200,200,200,200
368077,1,30,1,2,0,1,10,5,0,0,0,18,0,200,200,200,200,200,200,200,200
368079,0,30,1,2,0,1,10,5,0,0,0,0,0,0,33,0,200,0,0,200,200
368079,0,30,1,2,0,1,10,5,0,0,0,0,0,0,200,200,200,200,200,200,200
368079,1,30,1,2,0,1,10,5,0,0,0,0,0,0,200,0,200,200,200,200,200
368079,1,30,1,2,0,1,10,5,0,0,0,0,0,0,200,0,200,200,200,200,200
368079,1,30,1,2,0,1,10,5,0,0,0,0,0,1,200,200,200,200,200,200,200
368082,0,30,0,0,0,1,7,12,0,0,0,0,200,1,200,200,200,200,200,200,200
368085,0,30,0,0,0,3,7,6,0,0,0,0,200,2,200,200,200,200,200,200,200
368090,0,20,0,0,0,1,12,2,0,0,0,0,0,2,200,200,200,200,200,200,200
368090,0,20,0,0,0,1,12,2,0,0,0,0,0,0,55,200,0,200,0,200,200
368091,0,30,0,0,0,1,10,6,0,0,0,18,18,1,24,0,8,0,0,200,200
368091,0,30,0,0,0,1,10,6,0,0,0,18,18,1,50,0,0,0,0,200,200
368095,0,25,0,0,0,1,7,6,0,0,0,12,15,0,32,200,200,200,200,200,200
368097,0,30,1,2,0,1,10,6,0,0,0,18,200,0,60,200,3,200,0,200,200
368097,0,30,1,2,0,1,10,6,0,0,0,18,200,1,63,200,0,200,0,200,200
368102,0,0,0,0,0,1,7,5,0,0,0,0,0,0,54,200,12,200,0,200,200
368106,0,30,1,200,0,1,10,5,0,200,200,0,0,0,18,200,200,200,200,200,200
368106,0,30,1,200,0,1,10,5,0,200,200,0,0,1,28,0,0,0,0,200,200
368114,0,20,1,2,0,1,10,5,0,0,0,18,16,0,49,0,0,0,0,200,200
368114,0,20,1,2,0,1,10,5,0,0,0,18,16,0,44,200,3,200,0,200,200
368114,1,20,1,2,0,1,10,5,0,0,0,18,16,1,36,0,200,200,200,200,200
368115,0,30,0,0,0,1,12,2,0,0,0,17,16,1,25,200,1,0,0,200,200
368115,0,30,0,0,0,1,12,2,0,0,0,17,16,0,60,200,0,0,0,200,200
368118,0,35,1,2,0,1,14,2,0,200,200,14,15,2,200,200,200,200,200,200,200
368118,0,35,1,2,0,1,14,2,0,200,200,14,15,1,35,200,200,200,200,200,200
368118,0,35,1,2,0,1,14,2,0,200,200,14,15,0,26,200,200,200,200,200,200
368119,0,30,1,2,0,1,11,5,0,0,0,0,0,2,200,200,12,200,200,200,200
368119,0,30,1,2,0,1,11,5,0,0,0,0,0,1,200,200,0,0,0,200,200
368121,0,30,2,2,0,4,10,5,0,0,0,18,200,0,46,0,0,0,0,200,200
368121,0,30,2,2,0,4,10,5,0,0,0,18,200,0,40,0,0,0,0,200,200
368121,1,30,2,2,0,4,10,5,0,0,0,18,200,1,43,0,200,200,200,200,200
368121,1,30,2,2,0,4,10,5,0,0,0,18,200,0,38,0,200,200,200,200,200
368122,0,15,0,0,0,1,2,0,0,0,0,12,0,0,25,0,0,0,0,200,200
368127,0,30,0,0,0,1,7,6,0,0,0,0,200,0,28,7,0,200,0,200,200
368130,0,30,0,0,0,1,2,12,0,0,0,0,0,0,41,0,0,0,0,200,200
368133,0,5,0,0,0,1,7,7,0,0,0,20,200,1,200,200,6,200,200,200,200
368139,0,30,1,2,0,1,10,5,0,0,0,18,18,0,40,0,9,0,0,200,200
368139,0,30,1,2,0,1,10,5,0,0,0,18,18,1,39,0,0,0,0,200,200
368139,1,30,1,2,0,1,10,5,0,0,0,18,18,200,3,0,200,200,200,200,200
368139,1,30,1,2,0,1,10,5,0,0,0,18,18,200,1,7,200,200,200,200,200
368139,1,30,1,2,0,1,10,5,0,0,0,18,18,200,10,7,200,200,200,200,200
368144,0,30,0,0,0,1,14,5,0,0,0,0,0,1,46,0,200,0,0,200,200
368144,0,30,0,0,0,1,14,5,0,0,0,0,0,1,44,0,0,0,0,200,200
368147,0,30,0,0,0,1,10,5,0,0,0,18,18,0,36,7,0,0,0,200,200
368147,0,30,0,0,0,1,10,5,0,0,0,18,18,0,40,0,0,0,0,200,200
368151,0,35,0,0,200,200,12,200,0,200,200,17,200,0,45,200,0,200,0,200,200
368159,0,30,1,2,0,1,10,5,0,0,0,18,200,1,200,200,0,200,200,200,200
368159,0,30,1,2,0,1,10,5,0,0,0,18,200,1,57,0,0,0,0,200,200
368163,0,30,1,0,0,1,12,2,0,0,0,21,200,0,44,0,12,0,0,200,200
368163,0,30,1,0,0,1,12,2,0,0,0,21,200,0,31,0,0,0,0,200,200
368165,0,30,0,0,0,1,10,2,0,0,0,0,200,1,35,200,1,200,200,200,200
368165,0,30,0,0,0,1,10,2,0,0,0,0,200,1,27,200,0,0,200,200,200
368165,0,30,0,0,0,1,10,2,0,0,0,0,200,0,35,0,0,0,200,200,200
368167,0,30,0,0,0,1,7,7,0,0,0,0,0,1,18,0,0,0,0,200,200
368170,0,30,0,0,0,1,7,5,0,0,0,0,0,1,29,0,0,0,0,200,200
368171,0,30,0,0,0,3,7,6,0,0,0,0,0,2,200,200,200,200,200,200,200
368172,0,30,1,2,0,200,10,5,0,0,200,18,200,0,75,200,3,200,200,200,200
368172,0,30,1,2,0,200,10,5,0,0,200,18,200,1,24,200,0,200,0,200,200
368180,0,30,1,0,0,2,14,5,0,0,0,22,200,1,32,0,4,0,0,200,200
368180,0,30,1,0,0,2,14,5,0,0,0,22,200,0,63,0,0,0,0,200,200
368182,0,30,0,0,0,4,9,6,0,0,0,0,0,0,63,200,200,200,0,200,200
368182,5,30,0,0,0,4,9,6,0,0,0,0,0,0,78,7,200,200,7,200,200
368186,0,30,1,2,0,2,10,5,0,0,0,2,11,1,25,200,3,200,0,200,1
368186,0,30,1,2,0,2,10,5,0,0,0,2,11,1,36,0,0,0,0,200,200
368186,1,30,1,2,0,2,10,5,0,0,0,2,11,0,51,0,200,200,200,200,200
368200,4,30,0,0,0,1,8,5,0,0,0,0,0,0,16,200,0,0,0,200,200
368208,0,20,0,0,0,4,10,0,0,0,2,20,200,0,24,0,6,0,0,200,200
368208,0,20,0,0,0,4,10,0,0,0,2,20,200,1,42,0,0,0,0,200,200
368218,0,15,0,0,0,4,7,0,0,0,0,25,25,0,28,200,13,0,200,200,200
368218,1,15,0,0,0,4,7,0,0,0,0,25,25,1,25,200,200,200,200,200,200
368226,0,30,0,0,0,4,2,5,0,0,0,200,200,0,31,200,0,0,0,200,200
368226,1,30,0,0,0,4,2,5,0,0,0,200,200,0,200,200,200,200,200,200,200
368234,0,30,1,2,0,3,14,2,2,0,0,0,200,0,38,200,200,200,0,200,200
368234,0,30,1,2,0,3,14,2,2,0,0,0,200,0,22,200,0,200,0,200,200
368235,0,30,2,2,0,1,9,5,0,0,0,5,25,0,200,200,5,200,200,200,200
368235,5,30,2,2,0,1,9,5,0,0,0,5,25,1,19,7,0,0,0,200,200
368239,0,30,1,2,0,1,10,5,0,0,0,18,0,1,35,0,3,0,0,200,200
368239,0,30,1,2,0,1,10,5,0,0,0,18,0,0,49,0,0,0,0,200,200
368240,0,30,0,0,0,1,10,2,0,0,0,18,0,0,200,200,3,200,200,200,200
368240,0,30,0,0,0,1,10,2,0,0,0,18,0,1,26,0,0,0,0,200,200
368240,0,30,0,0,0,1,10,2,0,0,0,18,0,0,200,200,0,200,200,200,200
368241,0,30,1,2,0,1,14,12,0,0,0,23,11,1,36,0,7,0,0,200,200
368241,0,30,1,2,0,1,14,12,0,0,0,23,11,0,20,0,0,0,0,200,200
368242,0,25,0,0,0,3,7,6,0,0,200,0,0,1,24,200,200,200,0,200,200
368244,0,30,3,200,200,4,12,5,0,200,200,17,0,0,30,200,1,200,200,200,200
368244,0,30,3,200,200,4,12,5,0,200,200,17,0,0,27,200,200,200,0,200,200
368245,0,30,0,0,0,3,2,2,0,0,12,28,28,0,29,0,12,0,0,200,200
368249,0,20,0,0,0,1,7,5,0,0,0,17,200,0,200,200,1,200,200,200,200
368252,0,30,1,2,0,3,14,2,0,0,0,0,200,0,28,200,200,0,0,200,200
368252,0,30,1,2,0,3,14,2,0,0,0,0,200,0,51,200,200,0,0,200,200
368255,0,35,1,2,0,1,14,5,0,0,0,22,16,0,58,200,2,200,200,200,200