RD_NO,PERSON_TYPE,POSTED_SPEED_LIMIT,TRAFFIC_CONTROL_DEVICE,DEVICE_CONDITION,WEATHER_CONDITION,LIGHTING_CONDITION,FIRST_CRASH_TYPE,TRAFFICWAY_TYPE,ALIGNMENT,ROADWAY_SURFACE_COND,ROAD_DEFECT,PRIM_CONTRIBUTORY_CAUSE,SEC_CONTRIBUTORY_CAUSE,SEX,AGE,SAFETY_EQUIPMENT,DRIVER_ACTION,DRIVER_VISION,PHYSICAL_CONDITION,BAC_RESULT VALUE,CELL_PHONE_USE
368255,0,35,1,2,0,1,14,5,0,0,0,22,16,1,27,0,0,0,0,200,200
368257,0,30,1,200,0,1,14,2,0,200,200,0,200,1,26,200,200,200,200,200,200
368257,0,30,1,200,0,1,14,2,0,200,200,0,200,1,31,0,0,200,200,200,200
368261,0,30,200,200,0,1,12,5,0,0,200,21,18,0,29,200,2,200,0,200,200
368261,0,30,200,200,0,1,12,5,0,0,200,21,18,0,26,200,200,200,0,200,200
368268,0,30,0,0,0,3,7,6,0,0,0,0,0,0,23,200,200,0,0,200,200
368268,1,30,0,0,0,3,7,6,0,0,0,0,0,0,33,200,200,200,200,200,200
368270,0,10,0,0,0,0,12,5,0,0,0,0,0,0,37,0,0,0,0,200,200
368270,0,10,0,0,0,0,12,5,0,0,0,0,0,0,28,0,0,0,0,200,200
368270,1,10,0,0,0,0,12,5,0,0,0,0,0,0,12,0,200,200,200,200,200
368274,4,30,1,2,0,1,8,6,0,0,0,0,0,0,22,200,12,0,0,200,200
368274,0,30,1,2,0,1,8,6,0,0,0,0,0,0,24,0,0,0,0,200,200
368277,0,30,0,0,0,0,10,5,0,0,0,20,0,1,40,1,6,0,0,200,200
368277,0,30,0,0,0,0,10,5,0,0,0,20,0,1,25,0,0,0,0,200,200
368277,1,30,0,0,0,0,10,5,0,0,0,20,0,200,37,0,200,200,200,200,200
368277,1,30,0,0,0,0,10,5,0,0,0,20,0,0,14,0,200,200,200,200,200
368277,1,30,0,0,0,0,10,5,0,0,0,20,0,0,8,0,200,200,200,200,200
368277,1,30,0,0,0,0,10,5,0,0,0,20,0,1,10,0,200,200,200,200,200
368284,0,30,1,2,200,3,10,2,0,200,200,16,0,1,26,200,200,200,200,200,200
368284,0,30,1,2,200,3,10,2,0,200,200,16,0,0,24,200,0,0,0,200,200
368302,0,30,1,2,0,3,14,5,0,0,3,23,23,0,29,200,7,200,0,200,200
368302,0,30,1,2,0,3,14,5,0,0,3,23,23,1,45,200,12,200,0,200,200
368305,0,30,1,2,0,0,14,5,0,0,0,17,17,0,24,200,200,200,0,200,200
368305,0,30,1,2,0,0,14,5,0,0,0,17,17,0,20,200,1,200,0,200,200
368328,0,30,1,2,0,3,10,5,0,0,200,0,0,0,39,0,3,0,0,200,200
368328,0,30,1,2,0,3,10,5,0,0,200,0,0,1,26,0,0,0,0,200,200
368328,1,30,1,2,0,3,10,5,0,0,200,0,0,2,200,200,200,200,200,200,200
368328,1,30,1,2,0,3,10,5,0,0,200,0,0,2,200,200,200,200,200,200,200
368328,1,30,1,2,0,3,10,5,0,0,200,0,0,2,200,200,200,200,200,200,200
368332,0,30,1,2,0,3,14,5,0,0,0,17,200,0,200,200,1,200,200,200,200
368332,0,30,1,2,0,3,14,5,0,0,0,17,200,1,20,200,12,0,0,200,200
368332,1,30,1,2,0,3,14,5,0,0,0,17,200,0,2,5,200,200,200,200,200
368333,0,30,0,0,0,4,0,6,0,0,0,17,200,0,53,0,1,0,0,200,200
368333,0,30,0,0,0,4,0,6,0,0,0,17,200,0,45,0,0,0,0,200,200
368333,1,30,0,0,0,4,0,6,0,0,0,17,200,0,18,200,200,200,200,200,200
368338,0,30,200,200,0,4,12,6,0,0,200,17,22,0,32,200,4,200,200,200,200
368338,0,30,200,200,0,4,12,6,0,0,200,17,22,0,51,0,200,200,0,200,200
368354,0,30,1,2,0,3,12,6,0,0,200,21,0,0,35,200,0,200,0,200,200
368354,0,30,1,2,0,3,12,6,0,0,200,21,0,0,52,200,2,200,0,200,200
368361,0,30,0,0,0,0,7,12,3,0,0,7,0,0,68,200,12,0,0,200,200
368366,0,35,0,0,0,3,9,2,0,12,1,25,25,0,22,0,12,0,0,200,200
368366,5,35,0,0,0,3,9,2,0,12,1,25,25,0,15,7,0,12,7,200,200
368366,1,35,0,0,0,3,9,2,0,12,1,25,25,0,24,0,200,200,200,200,200
368372,0,30,1,2,0,3,14,5,0,0,0,17,33,0,42,0,1,12,0,200,200
368372,0,30,1,2,0,3,14,5,0,0,0,17,33,0,31,0,14,0,0,200,200
368372,1,30,1,2,0,3,14,5,0,0,0,17,33,0,41,0,200,200,200,200,200
368372,1,30,1,2,0,3,14,5,0,0,0,17,33,0,10,0,200,200,200,200,200
368372,1,30,1,2,0,3,14,5,0,0,0,17,33,0,8,0,200,200,200,200,200
368372,1,30,1,2,0,3,14,5,0,0,0,17,33,0,30,0,200,200,200,200,200
368374,0,30,1,2,0,3,14,5,0,0,0,21,17,1,19,0,4,0,0,200,200
368374,0,30,1,2,0,3,14,5,0,0,0,21,17,0,22,0,0,0,0,200,200
368374,1,30,1,2,0,3,14,5,0,0,0,21,17,1,28,0,200,200,200,200,200
368375,0,30,1,2,0,3,11,5,0,0,200,0,0,0,24,200,200,200,200,200,200
368375,0,30,1,2,0,3,11,5,0,0,200,0,0,0,18,200,200,200,200,200,200
368375,1,30,1,2,0,3,11,5,0,0,200,0,0,200,200,200,200,200,200,200,200
368375,1,30,1,2,0,3,11,5,0,0,200,0,0,200,200,200,200,200,200,200,200
368378,0,30,0,0,0,0,8,5,0,0,0,23,200,0,200,200,7,200,200,200,200
368378,4,30,0,0,0,0,8,5,0,0,0,23,200,1,23,2,0,0,0,200,200
368382,0,35,1,2,0,3,14,5,2,0,0,17,32,0,46,200,1,200,5,200,200
368382,0,35,1,2,0,3,14,5,2,0,0,17,32,0,29,200,0,200,0,200,200
368384,0,30,200,200,0,3,10,5,0,0,0,18,200,2,200,200,3,200,200,200,200
368384,0,30,200,200,0,3,10,5,0,0,0,18,200,0,54,200,0,200,0,200,200
368384,1,30,200,200,0,3,10,5,0,0,0,18,200,1,52,200,200,200,200,200,200
368390,0,30,0,0,0,3,2,5,1,0,0,25,0,0,23,0,4,0,0,200,200
368394,0,30,200,200,200,3,7,5,0,200,200,0,0,2,200,200,200,200,200,200,200
368396,3,30,0,0,0,3,5,6,0,0,0,25,11,0,200,200,12,0,0,200,200
368400,0,30,0,0,0,3,12,5,0,0,0,21,17,0,34,200,10,0,0,200,200
368400,4,30,0,0,0,3,12,5,0,0,0,21,17,0,35,7,0,0,0,200,200
368400,1,30,0,0,0,3,12,5,0,0,0,21,17,0,23,200,200,200,200,200,200
368401,0,35,1,2,0,3,8,2,0,0,0,25,19,1,37,200,1,0,3,200,200
368401,4,35,1,2,0,3,8,2,0,0,0,25,19,1,26,2,0,0,0,200,200
368406,0,30,2,2,0,3,12,5,0,0,0,0,200,0,75,0,200,0,0,200,200
368406,0,30,2,2,0,3,12,5,0,0,0,0,200,1,37,0,200,0,0,200,200
368406,1,30,2,2,0,3,12,5,0,0,0,0,200,1,48,0,200,200,200,200,200
368408,0,30,0,0,0,3,12,5,0,0,0,22,0,0,61,200,2,200,0,200,200
368408,0,30,0,0,0,3,12,5,0,0,0,22,0,0,37,200,0,200,0,200,200
368413,0,20,0,200,0,3,7,6,0,0,0,32,16,1,27,200,12,200,5,0.21,200
368415,0,30,1,2,0,3,0,2,0,0,3,17,16,0,44,2,1,0,0,200,200
368415,0,30,1,2,0,3,0,2,0,0,3,17,16,1,42,0,12,0,0,200,200
368417,0,30,1,2,0,1,12,3,0,0,0,22,200,0,200,200,2,200,200,200,200
368417,0,30,1,2,0,1,12,3,0,0,0,22,200,1,48,0,0,0,0,200,200
368423,0,50,1,0,0,3,14,5,0,0,200,23,17,1,200,200,7,200,200,200,200
368423,0,50,1,0,0,3,14,5,0,0,200,23,17,1,42,200,0,200,200,200,200
368437,0,30,1,2,0,3,12,3,0,0,0,22,200,0,200,200,2,200,200,200,200
368437,0,30,1,2,0,3,12,3,0,0,0,22,200,1,56,0,0,0,0,200,200
368446,0,30,1,2,0,3,10,5,0,0,0,0,0,1,200,200,200,200,200,200,200
368446,0,30,1,2,0,3,10,5,0,0,0,0,0,1,29,200,12,0,0,200,200
368467,0,30,0,0,0,0,12,6,0,0,0,20,200,1,21,200,6,0,200,200,200
368467,0,30,0,0,0,0,12,6,0,0,0,20,200,1,28,0,0,0,0,200,200
368468,0,30,0,0,0,3,7,5,0,0,0,0,0,2,200,200,200,200,200,200,200
368474,0,30,0,0,0,3,7,6,0,0,0,20,200,0,43,0,6,0,0,200,200
368478,0,40,0,0,0,3,10,3,5,0,0,15,18,0,20,0,8,0,0,200,200
368478,0,40,0,0,0,3,10,3,5,0,0,15,18,1,24,0,0,0,0,200,200
368478,1,40,0,0,0,3,10,3,5,0,0,15,18,1,22,0,200,200,200,200,200
368492,0,30,200,200,1,3,10,5,0,0,200,0,0,0,41,200,1,200,0,200,200
368492,0,30,200,200,1,3,10,5,0,0,200,0,0,1,32,200,0,200,0,200,200
368493,0,30,0,0,0,3,12,5,0,0,0,15,14,2,200,200,8,200,200,200,200
368493,0,30,0,0,0,3,12,5,0,0,0,15,14,0,34,0,0,0,0,200,200
368504,0,30,0,0,0,3,2,5,3,0,0,15,11,0,200,0,8,0,0,200,200
368504,1,30,0,0,0,3,2,5,3,0,0,15,11,0,19,0,200,200,200,200,200
368506,5,30,0,0,0,3,14,12,0,0,0,0,0,0,58,7,0,0,0,200,200
368506,0,30,0,0,0,3,14,12,0,0,0,0,0,0,200,200,200,200,200,200,200
368506,0,30,0,0,0,3,14,12,0,0,0,0,0,1,19,200,200,200,0,200,200
368506,1,30,0,0,0,3,14,12,0,0,0,0,0,0,200,200,200,200,200,200,200
368511,0,35,0,0,0,3,11,5,0,0,0,10,21,2,200,200,9,200,200,200,200
368511,0,35,0,0,0,3,11,5,0,0,0,10,21,1,26,0,12,6,0,200,200
368512,0,30,0,0,0,3,7,5,0,0,0,0,200,2,200,200,200,200,200,200,200
368515,0,25,0,0,0,3,2,6,0,0,0,0,0,2,200,200,200,200,200,200,200
368523,0,15,200,0,0,3,10,7,0,0,200,20,33,2,200,200,6,200,200,200,200
368523,0,15,200,0,0,3,10,7,0,0,200,20,33,0,55,0,0,0,0,200,200
368527,0,35,1,2,0,3,14,5,0,0,0,6,16,1,26,200,5,200,200,200,200
368527,0,35,1,2,0,3,14,5,0,0,0,6,16,0,54,200,12,200,200,200,200
368527,1,35,1,2,0,3,14,5,0,0,0,6,16,0,20,200,200,200,200,200,200
368527,1,35,1,2,0,3,14,5,0,0,0,6,16,1,28,200,200,200,200,200,200
368538,0,30,1,2,0,3,14,5,0,0,0,17,16,0,23,0,1,0,0,200,200
368538,0,30,1,2,0,3,14,5,0,0,0,17,16,0,28,0,12,0,0,200,200
368540,0,30,0,200,0,3,2,5,0,0,200,0,200,2,200,200,200,200,200,200,200
368560,0,45,0,0,0,3,12,3,0,0,0,27,16,0,50,0,2,0,2,200,200
368560,0,45,0,0,0,3,12,3,0,0,0,27,16,0,24,0,0,0,0,200,200
368561,0,30,0,0,0,3,7,7,0,0,0,16,0,2,200,200,200,200,200,200,200
368561,1,30,0,0,0,3,7,7,0,0,0,16,0,200,200,200,200,200,200,200,200
368568,0,30,0,0,0,3,12,12,0,200,200,0,0,1,200,200,200,200,200,200,200
368568,0,30,0,0,0,3,12,12,0,200,200,0,0,0,40,0,0,0,0,200,200
368568,1,30,0,0,0,3,12,12,0,200,200,0,0,0,36,0,200,200,200,200,200
368575,0,30,2,2,0,3,0,5,0,0,0,5,0,0,50,0,5,0,0,200,200
368575,0,30,2,2,0,3,0,5,0,0,0,5,0,0,24,0,0,0,0,200,200
368576,0,30,1,1,0,3,10,5,0,0,0,18,200,0,200,200,3,200,200,200,200
368576,0,30,1,1,0,3,10,5,0,0,0,18,200,0,23,0,0,0,0,200,200
368576,1,30,1,1,0,3,10,5,0,0,0,18,200,1,38,0,200,200,200,200,200
368584,0,30,1,2,0,3,14,5,0,0,0,0,0,0,200,200,200,200,200,200,200
368584,0,30,1,2,0,3,14,5,0,0,0,0,0,1,27,200,200,200,0,200,200
368586,0,30,1,2,0,3,2,5,0,0,0,11,200,0,20,200,12,0,0,200,200
368586,1,30,1,2,0,3,2,5,0,0,0,11,200,0,200,200,200,200,200,200,200
368586,1,30,1,2,0,3,2,5,0,0,0,11,200,0,200,200,200,200,200,200,200
368590,0,30,2,0,0,3,0,5,0,0,0,0,200,1,200,200,200,200,200,200,200
368590,0,30,2,0,0,3,0,5,0,0,0,0,200,1,30,200,200,0,7,200,200
368590,1,30,2,0,0,3,0,5,0,0,0,0,200,1,0,200,200,200,200,200,200
368590,1,30,2,0,0,3,0,5,0,0,0,0,200,1,32,200,200,200,200,200,200
368590,1,30,2,0,0,3,0,5,0,0,0,0,200,1,31,0,200,200,200,200,200
368594,0,10,0,0,0,3,7,7,0,0,0,20,0,2,200,200,200,200,200,200,200
368594,1,10,0,0,0,3,7,7,0,0,0,20,0,1,28,7,200,200,200,200,200
368594,1,10,0,0,0,3,7,7,0,0,0,20,0,1,28,0,200,200,200,200,200
368599,0,20,0,0,0,2,7,5,0,0,0,0,0,1,27,0,200,0,0,200,200
368602,0,45,1,2,0,3,10,2,0,0,0,27,16,0,62,0,3,0,5,0.15,200
368602,0,45,1,2,0,3,10,2,0,0,0,27,16,0,38,0,0,0,0,200,200
368612,0,30,2,2,0,1,2,2,0,0,0,23,16,1,27,200,7,1,1,200,200
368628,0,30,0,0,0,200,2,12,0,0,0,0,200,2,200,200,12,200,200,200,200
368637,0,30,0,0,0,1,7,6,0,0,0,0,16,2,200,200,200,200,200,200,200
368640,0,30,0,0,0,1,12,6,0,0,1,25,21,0,200,200,12,200,200,200,200
368640,0,30,0,0,0,1,12,6,0,0,1,25,21,1,52,0,0,0,0,200,200
368640,1,30,0,0,0,1,12,6,0,0,1,25,21,1,200,200,200,200,200,200,200
368643,0,30,0,0,0,1,7,2,2,0,0,25,16,2,200,200,8,200,200,200,200
368650,0,30,1,2,0,3,10,2,0,0,0,18,0,0,60,0,3,0,0,200,200
368650,0,30,1,2,0,3,10,2,0,0,0,18,0,0,56,0,0,0,0,200,200
368660,0,20,0,0,0,1,7,6,0,0,0,0,200,2,200,200,200,200,200,200,200
368661,0,25,2,2,0,1,10,6,0,0,3,0,0,0,34,0,3,0,0,200,200
368661,0,25,2,2,0,1,10,6,0,0,3,0,0,1,41,0,0,0,0,200,200
368665,0,25,0,0,0,1,7,6,0,0,0,0,0,2,200,200,200,200,200,200,200
368672,0,30,0,0,0,1,11,3,2,0,0,10,16,0,200,200,4,200,200,200,200
368672,0,30,0,0,0,1,11,3,2,0,0,10,16,0,32,0,0,0,0,200,200
368679,0,35,0,0,0,1,12,7,2,0,0,18,18,0,27,200,3,0,0,200,200
368679,0,35,0,0,0,1,12,7,2,0,0,18,18,1,64,0,0,0,0,200,200
368681,0,30,1,2,0,1,0,5,0,0,0,14,6,0,35,0,5,0,0,200,200
368681,0,30,1,2,0,1,0,5,0,0,0,14,6,1,26,0,0,0,0,200,200
368682,0,0,0,0,0,1,7,5,0,0,0,27,200,1,31,0,12,0,0,200,200
368684,0,30,0,0,0,200,7,6,0,0,200,0,200,0,200,200,0,200,200,200,200
368685,0,30,1,2,0,1,14,5,0,0,0,22,22,1,27,200,2,200,0,200,200
368685,0,30,1,2,0,1,14,5,0,0,0,22,22,1,47,0,0,0,0,200,200
368686,0,30,0,0,0,1,10,5,0,0,0,18,200,0,33,0,3,0,0,200,200
368686,0,30,0,0,0,1,10,5,0,0,0,18,200,0,34,0,0,0,0,200,200
368686,0,30,0,0,0,1,10,5,0,0,0,18,200,0,59,0,0,0,0,200,200
368693,0,30,1,2,0,1,10,5,0,0,0,18,200,0,36,0,3,0,0,200,200
368693,0,30,1,2,0,1,10,5,0,0,0,18,200,1,48,0,0,0,0,200,200
368698,4,30,0,0,0,1,8,2,0,0,0,21,11,0,66,7,4,12,0,200,200
368698,0,30,0,0,0,1,8,2,0,0,0,21,11,1,28,200,0,0,0,200,200
368698,1,30,0,0,0,1,8,2,0,0,0,21,11,0,200,200,200,200,200,200,200
368698,1,30,0,0,0,1,8,2,0,0,0,21,11,0,200,200,200,200,200,200,200
368702,0,5,0,0,0,1,0,7,0,0,0,200,200,0,62,200,6,0,0,200,200
368702,0,5,0,0,0,1,0,7,0,0,0,200,200,0,31,7,0,0,0,200,200
368703,0,30,0,0,0,1,11,5,0,0,0,20,0,0,42,0,6,0,0,200,200
368703,0,30,0,0,0,1,11,5,0,0,0,20,0,0,24,0,0,0,0,200,200
368706,0,30,2,2,0,3,7,2,0,0,0,0,0,2,200,200,200,200,200,200,200
368711,0,30,0,0,0,200,7,5,0,0,0,0,33,0,29,0,200,0,200,200,200
368713,0,30,0,0,0,2,2,7,0,0,0,14,0,1,31,0,12,0,0,200,200
368718,0,30,0,0,0,1,12,3,0,0,0,17,200,0,30,0,1,0,0,200,200
368718,0,30,0,0,0,1,12,3,0,0,0,17,200,0,28,0,0,0,0,200,200
368719,0,30,1,2,0,3,14,5,0,0,0,23,22,0,200,200,7,200,200,200,200
368719,0,30,1,2,0,3,14,5,0,0,0,23,22,1,56,0,0,0,0,200,200
368723,1,0,0,0,0,1,7,7,0,0,0,20,200,1,200,200,200,200,200,200,200
368723,0,0,0,0,0,1,7,7,0,0,0,20,200,1,200,200,6,200,200,200,200
368724,0,30,6,2,0,1,10,5,0,0,0,22,0,1,31,0,2,0,0,200,200
368724,0,30,6,2,0,1,10,5,0,0,0,22,0,0,71,0,0,0,0,200,200
368724,1,30,6,2,0,1,10,5,0,0,0,22,0,1,10,0,200,200,200,200,200
368725,0,30,0,2,0,1,10,5,0,0,0,18,200,0,47,200,3,0,0,200,200
368725,0,30,0,2,0,1,10,5,0,0,0,18,200,0,27,200,0,0,0,200,200
368728,0,30,0,0,0,1,10,2,0,0,0,18,0,0,42,0,3,200,0,200,200
368728,0,30,0,0,0,1,10,2,0,0,0,18,0,0,45,0,0,0,0,200,200
368731,0,30,200,200,200,200,7,6,0,200,200,200,200,2,200,200,200,200,200,200,200
368737,0,0,2,2,0,3,7,5,0,0,0,18,200,2,200,200,3,200,200,200,200
368741,0,30,0,0,0,1,12,6,0,0,0,200,200,1,23,0,200,0,0,200,200
368741,0,30,0,0,0,1,12,6,0,0,0,200,200,1,36,200,200,200,0,200,200
368742,0,30,0,0,0,1,2,6,0,0,0,25,200,0,200,200,12,200,200,200,200
368744,0,30,1,2,0,1,10,5,0,0,0,0,0,1,200,200,200,200,0,200,200
368744,0,30,1,2,0,1,10,5,0,0,0,0,0,1,63,0,0,0,0,200,200
368744,0,30,1,2,0,1,10,5,0,0,0,0,0,0,200,200,200,200,0,200,200
368744,1,30,1,2,0,1,10,5,0,0,0,0,0,1,200,0,200,200,200,200,200
368744,1,30,1,2,0,1,10,5,0,0,0,0,0,1,200,200,200,200,200,200,200
368745,0,30,0,0,0,1,0,5,0,0,0,200,200,0,37,0,12,12,0,200,200
368745,0,30,0,0,0,1,0,5,0,0,0,200,200,1,63,0,0,0,0,200,200
368746,0,30,0,0,0,1,7,5,0,0,0,0,200,2,200,200,200,200,200,200,200
368747,0,30,1,2,0,3,3,5,0,0,0,0,0,2,200,200,200,200,200,200,200
368747,0,30,1,2,0,3,3,5,0,0,0,0,0,0,19,0,0,0,0,200,200
368752,0,20,0,0,0,0,7,6,0,0,0,0,0,2,200,200,200,200,200,200,200
368762,0,25,0,0,0,1,7,5,0,0,0,12,200,1,23,0,6,12,0,200,200
368773,0,5,0,0,0,1,7,12,0,0,0,0,200,0,200,200,200,200,0,200,200
368773,1,5,0,0,0,1,7,12,0,0,0,0,200,1,0,5,200,200,200,200,200
368773,1,5,0,0,0,1,7,12,0,0,0,0,200,0,0,1,200,200,200,200,200
368778,0,30,0,0,0,1,0,5,0,0,0,17,0,0,89,0,1,200,0,200,200
368778,0,30,0,0,0,1,0,5,0,0,0,17,0,0,64,0,0,0,0,200,200
368789,0,30,0,0,0,200,7,6,0,200,0,0,0,2,200,200,200,200,200,200,200
368792,0,30,0,0,0,1,10,5,0,0,0,18,0,0,56,0,3,0,0,200,200
368792,0,30,0,0,0,1,10,5,0,0,0,18,0,1,64,0,12,0,0,200,200
368792,1,30,0,0,0,1,10,5,0,0,0,18,0,200,78,0,200,200,200,200,200
368801,0,30,0,0,0,3,10,2,0,0,0,0,0,0,200,200,12,200,200,200,200
368801,0,30,0,0,0,3,10,2,0,0,0,0,0,1,36,0,0,0,0,200,200
368801,0,30,0,0,0,3,10,2,0,0,0,0,0,1,25,0,0,0,0,200,200
368808,0,30,0,0,0,1,7,5,0,0,0,0,200,0,59,0,0,12,0,200,200
368812,0,30,1,2,0,1,10,5,0,0,0,18,11,0,18,200,3,200,200,200,200
368812,0,30,1,2,0,1,10,5,0,0,0,18,11,1,48,0,0,0,0,200,200
368815,0,30,2,2,0,1,0,2,0,0,0,17,200,0,41,200,1,200,0,200,200
368815,0,30,2,2,0,1,0,2,0,0,0,17,200,0,29,200,0,200,0,200,200
368815,1,30,2,2,0,1,0,2,0,0,0,17,200,0,3,5,200,200,200,200,200
368818,0,30,0,0,0,1,7,6,0,0,0,0,200,1,63,200,200,200,0,200,200
368818,1,30,0,0,0,1,7,6,0,0,0,0,200,0,200,200,200,200,200,200,200
368824,0,25,0,0,0,1,7,6,0,0,0,0,200,2,200,200,200,200,200,200,200
368826,0,10,0,0,0,1,0,7,0,0,0,0,0,0,46,0,200,0,0,200,200
368826,0,10,0,0,0,1,0,7,0,0,0,0,0,1,54,0,0,0,0,200,200
368827,0,30,2,2,0,1,10,5,0,0,0,16,200,1,19,200,8,0,0,200,200
368827,0,30,2,2,0,1,10,5,0,0,0,16,200,0,55,0,0,0,0,200,200
368827,1,30,2,2,0,1,10,5,0,0,0,16,200,0,200,0,200,200,200,200,200
368827,1,30,2,2,0,1,10,5,0,0,0,16,200,0,3,0,200,200,200,200,200
368830,0,30,0,0,0,1,14,2,0,0,0,17,23,1,76,0,7,200,200,200,200
368830,0,30,0,0,0,1,14,2,0,0,0,17,23,0,61,0,0,0,0,200,200
368833,0,30,0,0,0,1,9,5,0,0,0,17,200,0,55,200,1,0,0,200,200
368833,5,30,0,0,0,1,9,5,0,0,0,17,200,0,72,200,0,0,0,200,200
368834,0,30,1,2,0,1,12,6,0,0,0,17,11,1,200,200,1,200,200,200,200
368834,0,30,1,2,0,1,12,6,0,0,0,17,11,1,45,0,0,0,0,200,200
368838,0,30,1,0,0,1,12,5,0,0,0,0,0,0,62,0,4,0,0,200,200
368838,0,30,1,0,0,1,12,5,0,0,0,0,0,0,22,0,200,0,0,200,200
368856,0,30,1,2,0,1,14,12,0,0,0,23,11,2,200,200,7,200,200,200,200
368856,0,30,1,2,0,1,14,12,0,0,0,23,11,1,31,0,0,0,0,200,200
368860,0,30,2,2,0,1,10,5,0,0,0,16,0,0,200,200,3,200,200,200,200
368860,0,30,2,2,0,1,10,5,0,0,0,16,0,1,23,0,0,0,0,200,200
368860,1,30,2,2,0,1,10,5,0,0,0,16,0,0,24,0,200,200,200,200,200
368860,1,30,2,2,0,1,10,5,0,0,0,16,0,1,22,0,200,200,200,200,200
368862,0,20,0,0,0,1,7,5,0,0,0,20,200,1,51,200,6,200,0,200,200
368872,0,30,2,2,0,1,0,12,0,0,0,17,26,0,200,200,1,200,200,200,200
368872,0,30,2,2,0,1,0,12,0,0,0,17,26,0,55,0,0,0,0,200,200
368875,0,30,0,0,0,1,12,3,0,0,0,0,200,0,200,200,200,200,200,200,200
368875,0,30,0,0,0,1,12,3,0,0,0,0,200,1,42,0,0,0,0,200,200
368875,1,30,0,0,0,1,12,3,0,0,0,0,200,1,200,7,200,200,200,200,200
368875,1,30,0,0,0,1,12,3,0,0,0,0,200,0,200,7,200,200,200,200,200
368875,1,30,0,0,0,1,12,3,0,0,0,0,200,0,200,7,200,200,200,200,200
368878,0,30,1,2,0,1,10,6,0,0,0,0,0,0,200,200,200,200,200,200,200
368878,0,30,1,2,0,1,10,6,0,0,0,0,0,0,50,0,0,0,0,200,200
368884,0,30,1,0,0,1,10,5,0,0,0,16,17,0,200,200,1,200,200,200,200
368884,0,30,1,0,0,1,10,5,0,0,0,16,17,1,45,0,0,0,0,200,200
368888,0,35,0,0,200,1,7,5,0,0,0,0,0,1,37,0,200,0,0,200,200
368890,0,30,1,2,0,1,14,5,0,0,200,17,200,0,19,200,1,200,0,200,200
368890,0,30,1,2,0,1,14,5,0,0,200,17,200,0,33,200,0,200,0,200,200
368892,0,30,1,2,0,1,14,5,0,0,0,0,0,1,57,0,12,0,0,200,200
368892,0,30,1,2,0,1,14,5,0,0,0,0,0,1,33,0,12,0,0,200,200
368892,1,30,1,2,0,1,14,5,0,0,0,0,0,0,200,0,200,200,200,200,200
368892,1,30,1,2,0,1,14,5,0,0,0,0,0,0,1,5,200,200,200,200,200
368892,1,30,1,2,0,1,14,5,0,0,0,0,0,1,0,5,200,200,200,200,200
368892,1,30,1,2,0,1,14,5,0,0,0,0,0,0,4,0,200,200,200,200,200
368892,1,30,1,2,0,1,14,5,0,0,0,0,0,0,12,0,200,200,200,200,200
368900,0,30,0,0,0,1,7,5,0,0,0,20,200,1,31,0,6,200,1,200,200
368912,0,30,0,0,0,1,10,5,0,0,0,0,200,0,20,200,0,0,0,200,200
368912,0,30,0,0,0,1,10,5,0,0,0,0,200,0,4,0,0,0,0,200,200
368912,0,30,0,0,0,1,10,5,0,0,0,0,200,1,200,200,0,200,200,200,200
368912,1,30,0,0,0,1,10,5,0,0,0,0,200,0,200,0,200,200,200,200,200
368912,1,30,0,0,0,1,10,5,0,0,0,0,200,1,200,0,200,200,200,200,200
368913,0,30,0,0,200,200,7,6,0,200,200,0,200,2,200,200,200,200,200,200,200
368915,0,20,0,0,0,1,11,2,0,0,0,200,200,0,41,0,200,0,200,200,200
368915,0,20,0,0,0,1,11,2,0,0,0,200,200,1,50,0,200,0,0,200,200
368915,1,20,0,0,0,1,11,2,0,0,0,200,200,0,69,0,200,200,200,200,200
368916,0,30,0,0,0,1,7,2,0,0,0,21,200,0,22,200,12,200,200,200,200
368916,1,30,0,0,0,1,7,2,0,0,0,21,200,0,200,200,200,200,200,200,200
368921,0,30,1,2,0,0,0,12,0,0,0,11,0,2,200,200,12,200,200,200,200
368921,0,30,1,2,0,0,0,12,0,0,0,11,0,0,200,0,12,0,0,200,200
368922,0,30,1,2,0,1,12,6,0,0,0,22,22,2,43,200,4,200,200,200,200
368922,0,30,1,2,0,1,12,6,0,0,0,22,22,1,21,0,0,0,0,200,200
368923,0,30,0,0,0,1,12,5,0,0,0,0,0,0,25,0,1,0,0,200,200
368923,0,30,0,0,0,1,12,5,0,0,0,0,0,0,56,0,1,0,0,200,200
368931,0,15,0,0,0,1,0,12,0,0,0,17,200,1,33,0,1,5,0,200,200
368931,0,15,0,0,0,1,0,12,0,0,0,17,200,1,28,0,0,0,0,200,200
368932,0,30,0,0,0,1,0,7,0,0,0,20,200,1,33,0,6,0,0,200,200
368932,0,30,0,0,0,1,0,7,0,0,0,20,200,1,35,0,0,0,0,200,200
368932,1,30,0,0,0,1,0,7,0,0,0,20,200,1,200,0,200,200,200,200,200
368932,1,30,0,0,0,1,0,7,0,0,0,20,200,1,1,0,200,200,200,200,200
368935,0,30,0,0,200,1,7,6,0,200,200,0,0,2,200,200,200,200,200,200,200
368937,0,25,1,2,0,1,8,5,0,0,0,200,200,0,65,200,12,200,0,200,200
368937,4,25,1,2,0,1,8,5,0,0,0,200,200,1,25,7,9,200,7,200,200
368939,5,30,12,2,0,1,9,5,0,0,0,17,3,1,21,7,0,200,0,200,200