RD_NO,PERSON_TYPE,POSTED_SPEED_LIMIT,TRAFFIC_CONTROL_DEVICE,DEVICE_CONDITION,WEATHER_CONDITION,LIGHTING_CONDITION,FIRST_CRASH_TYPE,TRAFFICWAY_TYPE,ALIGNMENT,ROADWAY_SURFACE_COND,ROAD_DEFECT,PRIM_CONTRIBUTORY_CAUSE,SEC_CONTRIBUTORY_CAUSE,SEX,AGE,SAFETY_EQUIPMENT,DRIVER_ACTION,DRIVER_VISION,PHYSICAL_CONDITION,BAC_RESULT VALUE,CELL_PHONE_USE
368939,0,30,12,2,0,1,9,5,0,0,0,17,3,2,200,200,1,200,200,200,200
368943,0,30,0,0,0,1,10,7,0,0,0,17,20,0,58,200,200,200,200,200,200
368943,0,30,0,0,0,1,10,7,0,0,0,17,20,1,57,0,200,0,0,200,200
368944,4,35,12,0,0,1,8,12,0,0,0,11,0,1,200,7,200,0,0,200,200
368944,0,35,12,0,0,1,8,12,0,0,0,11,0,0,200,7,12,0,0,200,200
368951,0,30,0,0,200,3,7,5,0,200,200,0,0,2,200,200,200,200,200,200,200
368953,0,40,0,0,0,1,2,3,0,0,0,11,200,1,32,0,12,0,0,200,200
368953,1,40,0,0,0,1,2,3,0,0,0,11,200,0,33,0,200,200,200,200,200
368954,0,30,200,200,200,1,10,5,0,200,200,0,0,0,200,200,200,200,200,200,200
368954,0,30,200,200,200,1,10,5,0,200,200,0,0,0,27,0,0,0,200,200,200
368957,0,30,2,2,0,1,0,2,0,0,200,0,200,1,41,200,200,200,200,200,200
368957,0,30,2,2,0,1,0,2,0,0,200,0,200,0,53,200,200,200,200,200,200
368957,1,30,2,2,0,1,0,2,0,0,200,0,200,1,50,200,200,200,200,200,200
368957,1,30,2,2,0,1,0,2,0,0,200,0,200,0,12,200,200,200,200,200,200
368957,1,30,2,2,0,1,0,2,0,0,200,0,200,1,34,200,200,200,200,200,200
368958,0,30,0,0,0,3,7,5,0,0,0,0,1,2,200,200,200,200,200,200,200
368958,1,30,0,0,0,3,7,5,0,0,0,0,1,1,56,0,200,200,200,200,200
368958,1,30,0,0,0,3,7,5,0,0,0,0,1,0,29,0,200,200,200,200,200
368959,0,30,1,2,0,1,14,5,0,0,0,17,6,1,44,200,5,200,200,200,200
368959,0,30,1,2,0,1,14,5,0,0,0,17,6,1,36,0,0,0,0,200,200
368959,1,30,1,2,0,1,14,5,0,0,0,17,6,1,200,0,200,200,200,200,200
368961,0,30,0,0,0,1,12,6,0,0,0,17,22,0,62,0,12,0,0,200,200
368961,0,30,0,0,0,1,12,6,0,0,0,17,22,1,43,0,0,0,0,200,200
368961,1,30,0,0,0,1,12,6,0,0,0,17,22,0,13,0,200,200,200,200,200
368961,1,30,0,0,0,1,12,6,0,0,0,17,22,1,11,0,200,200,200,200,200
368961,1,30,0,0,0,1,12,6,0,0,0,17,22,1,34,0,200,200,200,200,200
368963,0,30,0,0,0,1,10,5,0,0,0,18,200,0,46,0,3,200,0,200,200
368963,0,30,0,0,0,1,10,5,0,0,0,18,200,0,200,200,200,200,200,200,200
368969,0,30,0,0,0,1,12,2,0,0,0,0,200,1,75,0,200,0,0,200,200
368969,0,30,0,0,0,1,12,2,0,0,0,0,200,0,33,0,0,0,0,200,200
368969,1,30,0,0,0,1,12,2,0,0,0,0,200,0,200,0,200,200,200,200,200
368971,0,30,1,2,0,1,14,2,0,0,0,17,0,1,33,0,1,0,0,200,200
368971,0,30,1,2,0,1,14,2,0,0,0,17,0,2,200,200,0,200,200,200,200
368972,0,30,1,2,0,1,10,5,0,0,0,18,0,1,41,200,3,0,0,200,200
368972,0,30,1,2,0,1,10,5,0,0,0,18,0,0,32,200,0,0,0,200,200
368973,0,30,0,0,0,1,2,3,0,0,0,200,200,0,32,0,0,0,0,200,200
368974,0,30,1,2,0,1,10,5,0,0,0,18,200,0,62,0,3,0,0,200,200
368974,0,30,1,2,0,1,10,5,0,0,0,18,200,1,21,0,0,0,0,200,200
368980,0,30,0,0,0,1,10,2,0,0,200,0,0,0,200,200,200,200,200,200,200
368980,0,30,0,0,0,1,10,2,0,0,200,0,0,0,52,0,0,200,0,200,200
368981,0,30,1,2,0,1,10,5,0,0,0,0,0,0,20,200,200,200,200,200,200
368981,0,30,1,2,0,1,10,5,0,0,0,0,0,0,200,200,200,200,200,200,200
368981,0,30,1,2,0,1,10,5,0,0,0,0,0,0,34,0,200,200,200,200,200
368985,0,35,2,0,0,1,14,6,0,0,0,23,200,0,67,0,1,0,0,200,200
368985,0,35,2,0,0,1,14,6,0,0,0,23,200,0,30,0,12,0,0,200,200
368985,1,35,2,0,0,1,14,6,0,0,0,23,200,0,28,0,200,200,200,200,200
368986,0,15,3,12,0,1,7,7,0,0,0,22,0,1,19,0,2,0,0,200,200
368986,1,15,3,12,0,1,7,7,0,0,0,22,0,1,200,0,200,200,200,200,200
368987,0,30,1,2,0,1,12,5,0,0,0,21,17,1,19,0,4,0,0,200,200
368987,0,30,1,2,0,1,12,5,0,0,0,21,17,1,59,0,0,0,0,200,200
368989,0,35,0,0,0,1,12,5,0,0,0,21,200,0,28,0,4,0,0,200,200
368989,0,35,0,0,0,1,12,5,0,0,0,21,200,0,29,0,0,0,0,200,200
368990,0,30,0,0,0,1,14,5,0,0,0,17,200,1,29,0,1,0,0,200,200
368990,0,30,0,0,0,1,14,5,0,0,0,17,200,0,30,0,0,0,0,200,200
368991,0,30,0,0,0,1,2,12,0,0,12,0,200,0,48,0,12,12,0,200,200
368992,0,25,0,0,0,1,12,3,0,0,0,17,200,1,200,200,1,0,0,200,200
368992,0,25,0,0,0,1,12,3,0,0,0,17,200,1,32,0,0,0,0,200,200
368998,0,30,0,0,0,1,8,5,0,0,200,0,0,0,200,200,200,200,200,200,200
368998,4,30,0,0,0,1,8,5,0,0,200,0,0,0,25,2,0,0,0,200,200
369006,0,30,0,0,0,1,12,6,0,0,0,17,17,0,40,0,1,0,0,200,200
369006,0,30,0,0,0,1,12,6,0,0,0,17,17,1,38,0,0,0,0,200,200
369007,0,35,200,200,0,3,11,3,0,0,200,200,200,0,200,200,200,200,200,200,200
369007,0,35,200,200,0,3,11,3,0,0,200,200,200,1,30,0,12,200,0,200,200
369008,0,30,200,200,0,1,12,2,0,0,0,21,18,0,200,200,200,200,200,200,200
369008,0,30,200,200,0,1,12,2,0,0,0,21,18,1,16,200,0,200,0,200,200
369009,0,25,0,0,0,1,7,5,0,0,0,0,0,0,200,200,200,200,200,200,200
369009,1,25,0,0,0,1,7,5,0,0,0,0,0,1,9,200,200,200,200,200,200
369009,1,25,0,0,0,1,7,5,0,0,0,0,0,1,8,200,200,200,200,200,200
369011,0,30,1,2,0,1,10,3,0,0,0,18,0,0,33,0,3,0,0,200,200
369011,0,30,1,2,0,1,10,3,0,0,0,18,0,0,45,0,0,0,0,200,200
369017,0,5,0,0,0,1,7,7,0,0,0,0,0,2,200,200,200,200,200,200,200
369020,0,15,0,0,0,1,7,7,0,0,0,0,0,2,58,200,200,200,200,200,200
369021,0,15,0,0,0,1,14,6,0,200,200,0,0,0,22,200,200,200,0,200,200
369021,0,15,0,0,0,1,14,6,0,200,200,0,0,0,51,200,200,200,0,200,200
369021,1,15,0,0,0,1,14,6,0,200,200,0,0,0,200,200,200,200,200,200,200
369027,0,30,0,0,0,1,10,2,0,0,0,18,16,0,57,0,3,0,0,200,200
369027,0,30,0,0,0,1,10,2,0,0,0,18,16,1,18,0,0,0,0,200,200
369032,0,5,0,0,0,1,0,7,0,0,200,0,200,1,23,200,12,0,0,200,200
369032,0,5,0,0,0,1,0,7,0,0,200,0,200,1,72,0,0,0,0,200,200
369033,0,30,2,2,0,1,10,5,0,0,0,18,200,1,37,0,3,0,0,200,200
369033,0,30,2,2,0,1,10,5,0,0,0,18,200,1,56,0,0,0,0,200,200
369033,1,30,2,2,0,1,10,5,0,0,0,18,200,0,6,5,200,200,200,200,200
369033,1,30,2,2,0,1,10,5,0,0,0,18,200,0,5,5,200,200,200,200,200
369034,0,30,200,200,200,1,3,5,0,200,200,0,200,1,200,200,12,200,200,200,200
369034,0,30,200,200,200,1,3,5,0,200,200,0,200,1,40,0,0,0,0,200,200
369037,0,25,1,2,0,1,14,2,0,0,0,22,11,0,37,200,1,1,200,200,200
369037,0,25,1,2,0,1,14,2,0,0,0,22,11,0,60,0,0,0,200,200,200
369039,0,30,2,2,0,1,10,2,0,0,0,16,0,1,64,0,3,0,0,200,200
369039,0,30,2,2,0,1,10,2,0,0,0,16,0,0,24,0,0,0,0,200,200
369043,0,30,0,0,0,1,0,5,2,0,0,16,11,0,200,200,200,200,200,200,200
369043,0,30,0,0,0,1,0,5,2,0,0,16,11,0,67,0,0,0,0,200,200
369043,1,30,0,0,0,1,0,5,2,0,0,16,11,1,200,0,200,200,200,200,200
369045,0,30,1,2,0,1,0,5,0,0,200,17,200,0,200,200,1,200,200,200,200
369045,0,30,1,2,0,1,0,5,0,0,200,17,200,0,26,200,0,0,0,200,200
369045,1,30,1,2,0,1,0,5,0,0,200,17,200,1,29,200,200,200,200,200,200
369050,0,30,1,2,0,1,10,5,0,0,0,0,200,1,24,200,0,0,0,200,200
369050,0,30,1,2,0,1,10,5,0,0,0,0,200,0,25,200,0,0,0,200,200
369050,1,30,1,2,0,1,10,5,0,0,0,0,200,1,23,200,200,200,200,200,200
369053,0,30,1,200,0,1,10,5,0,0,200,18,200,2,200,200,3,200,200,200,200
369053,0,30,1,200,0,1,10,5,0,0,200,18,200,1,34,0,0,200,0,200,200
369053,0,30,1,200,0,1,10,5,0,0,200,18,200,1,200,200,200,200,200,200,200
369058,0,30,200,200,200,200,10,200,0,200,200,0,200,1,200,200,200,200,200,200,200
369058,0,30,200,200,200,200,10,200,0,200,200,0,200,1,69,0,15,200,200,200,200
369058,1,30,200,200,200,200,10,200,0,200,200,0,200,1,28,0,200,200,200,200,200
369059,0,30,1,200,0,1,14,5,0,0,200,23,11,0,57,200,1,200,0,200,0
369059,0,30,1,200,0,1,14,5,0,0,200,23,11,0,55,200,200,200,0,200,200
369059,1,30,1,200,0,1,14,5,0,0,200,23,11,1,26,200,200,200,200,200,200
369059,1,30,1,200,0,1,14,5,0,0,200,23,11,1,3,200,200,200,200,200,200
369059,1,30,1,200,0,1,14,5,0,0,200,23,11,1,5,200,200,200,200,200,200
369059,1,30,1,200,0,1,14,5,0,0,200,23,11,1,60,200,200,200,200,200,200
369066,0,30,1,2,0,1,9,1,0,0,0,0,200,1,32,200,1,200,0,200,200
369066,5,30,1,2,0,1,9,1,0,0,0,0,200,1,200,200,200,200,200,200,200
369068,0,30,0,0,0,1,12,6,0,0,0,17,200,0,49,0,0,0,0,200,200
369068,0,30,0,0,0,1,12,6,0,0,0,17,200,0,200,200,1,200,200,200,200
369071,0,30,0,0,0,1,7,6,0,0,0,0,0,2,200,200,12,200,200,200,200
369073,0,30,0,0,200,200,7,5,0,200,0,0,200,2,200,200,200,200,200,200,200
369077,0,30,1,2,0,1,10,2,0,0,0,18,16,0,66,7,3,0,0,200,200
369077,0,30,1,2,0,1,10,2,0,0,0,18,16,1,20,200,200,200,0,200,200
369077,0,30,1,2,0,1,10,2,0,0,0,18,16,1,53,200,0,200,0,200,200
369078,0,30,0,0,0,1,12,5,0,0,0,21,200,0,200,200,4,200,200,200,200
369078,0,30,0,0,0,1,12,5,0,0,0,21,200,0,29,0,0,0,0,200,200
369078,1,30,0,0,0,1,12,5,0,0,0,21,200,0,21,200,200,200,200,200,200
369078,1,30,0,0,0,1,12,5,0,0,0,21,200,0,200,200,200,200,200,200,200
369084,0,35,1,200,200,3,14,5,0,200,200,18,200,0,200,200,3,200,200,200,200
369084,0,35,1,200,200,3,14,5,0,200,200,18,200,0,25,0,0,0,0,200,200
369084,1,35,1,200,200,3,14,5,0,200,200,18,200,0,3,0,200,200,200,200,200
369084,1,35,1,200,200,3,14,5,0,200,200,18,200,0,1,0,200,200,200,200,200
369088,0,30,0,0,0,1,2,0,0,12,12,4,28,0,26,200,12,200,0,200,200
369088,1,30,0,0,0,1,2,0,0,12,12,4,28,0,24,200,200,200,200,200,200
369088,1,30,0,0,0,1,2,0,0,12,12,4,28,0,34,200,200,200,200,200,200
369090,0,30,0,0,200,1,10,2,0,200,200,18,200,0,59,200,3,200,200,200,200
369090,0,30,0,0,200,1,10,2,0,200,200,18,200,1,200,200,200,200,200,200,200
369097,0,30,2,2,0,1,0,6,0,0,0,5,16,0,25,200,1,0,0,200,200
369097,0,30,2,2,0,1,0,6,0,0,0,5,16,0,37,200,0,0,0,200,200
369097,1,30,2,2,0,1,0,6,0,0,0,5,16,200,200,200,200,200,200,200,200
369098,0,30,2,2,0,1,0,5,0,0,0,17,0,0,41,0,12,0,0,200,200
369098,0,30,2,2,0,1,0,5,0,0,0,17,0,1,29,0,1,0,0,200,200
369098,5,30,2,2,0,1,0,5,0,0,0,17,0,0,27,7,200,200,7,200,200
369098,1,30,2,2,0,1,0,5,0,0,0,17,0,0,16,0,200,200,200,200,200
369100,0,30,0,0,0,1,14,6,0,0,200,17,200,1,20,0,12,0,0,200,200
369100,0,30,0,0,0,1,14,6,0,0,200,17,200,0,49,200,0,0,0,200,200
369100,1,30,0,0,0,1,14,6,0,0,200,17,200,1,21,0,200,200,200,200,200
369107,0,35,1,2,0,1,10,5,0,0,0,0,200,0,200,200,12,200,200,200,200
369107,0,35,1,2,0,1,10,5,0,0,0,0,200,0,43,0,12,0,0,200,200
369107,1,35,1,2,0,1,10,5,0,0,0,0,200,1,14,0,200,200,200,200,200
369112,0,30,2,2,0,1,14,5,0,0,0,0,200,0,54,0,1,0,0,200,200
369112,0,30,2,2,0,1,14,5,0,0,0,0,200,0,68,0,0,0,0,200,200
369118,0,30,0,0,0,1,10,3,0,0,0,16,200,0,25,0,12,0,0,200,200
369118,0,30,0,0,0,1,10,3,0,0,0,16,200,1,18,0,0,0,0,200,200
369118,0,30,0,0,0,1,10,3,0,0,0,16,200,0,29,0,0,0,0,200,200
369123,0,30,1,2,0,1,10,5,0,0,0,18,200,0,51,0,3,200,0,200,200
369123,0,30,1,2,0,1,10,5,0,0,0,18,200,0,60,0,0,0,0,200,200
369123,1,30,1,2,0,1,10,5,0,0,0,18,200,0,41,0,200,200,200,200,200
369126,0,30,0,0,0,1,7,5,0,0,0,200,200,0,30,200,0,0,0,200,200
369128,0,30,0,0,0,1,10,6,0,0,0,0,0,1,200,200,0,200,200,200,200
369128,0,30,0,0,0,1,10,6,0,0,0,0,0,1,200,200,0,0,0,200,200
369131,0,30,1,2,0,1,10,5,0,0,0,0,0,1,200,200,200,200,200,200,200
369131,0,30,1,2,0,1,10,5,0,0,0,0,0,0,49,0,0,0,0,200,200
369131,1,30,1,2,0,1,10,5,0,0,0,0,0,0,200,0,200,200,200,200,200
369135,0,20,0,0,0,1,2,7,0,0,0,0,0,0,27,0,0,0,0,200,200
369140,0,30,2,2,0,1,0,2,0,0,0,17,22,0,27,0,1,0,0,200,200
369140,0,30,2,2,0,1,0,2,0,0,0,17,22,0,55,0,12,0,0,200,200
369142,0,30,1,2,0,1,10,5,0,0,0,0,0,0,46,200,200,0,0,200,200
369142,0,30,1,2,0,1,10,5,0,0,0,0,0,1,32,0,0,0,1,200,200
369150,5,30,0,0,0,1,9,5,0,0,0,0,0,0,23,7,12,0,5,200,200
369150,0,30,0,0,0,1,9,5,0,0,0,0,0,0,26,7,12,0,0,200,200
369150,1,30,0,0,0,1,9,5,0,0,0,0,0,0,29,0,200,200,200,200,200
369156,0,30,1,2,0,1,10,5,0,0,0,18,200,1,62,0,3,0,0,200,200
369156,0,30,1,2,0,1,10,5,0,0,0,18,200,0,18,0,0,0,0,200,200
369158,4,30,200,200,0,1,8,3,0,200,200,23,0,0,0,200,15,200,0,200,1
369158,0,30,200,200,0,1,8,3,0,200,200,23,0,0,46,200,0,200,0,200,200
369164,0,15,0,0,200,200,0,0,0,200,200,17,200,1,200,200,1,200,200,200,200
369164,0,15,0,0,200,200,0,0,0,200,200,17,200,0,23,0,0,0,0,200,200
369165,0,30,1,2,0,1,10,5,0,0,0,200,200,0,38,0,12,0,0,200,200
369165,0,30,1,2,0,1,10,5,0,0,0,200,200,0,32,0,0,0,0,200,200
369175,0,30,1,2,0,1,10,5,0,0,200,0,200,0,49,200,200,200,0,200,200
369175,0,30,1,2,0,1,10,5,0,0,200,0,200,0,21,200,200,200,0,200,200
369176,0,30,1,2,0,1,12,6,0,0,0,17,0,1,200,200,1,0,0,200,200
369176,0,30,1,2,0,1,12,6,0,0,0,17,0,1,200,0,0,0,0,200,200
369177,0,30,200,200,0,1,11,7,0,0,0,0,200,1,200,0,200,200,200,200,200
369177,0,30,200,200,0,1,11,7,0,0,0,0,200,0,58,0,200,200,0,200,200
369182,0,30,0,0,0,1,10,5,0,0,0,18,18,1,58,200,0,200,200,200,200
369191,0,30,1,2,0,3,0,5,0,0,200,6,200,1,200,200,5,200,200,200,200
369191,0,30,1,2,0,3,0,5,0,0,200,6,200,1,30,0,0,0,0,200,200
369192,0,25,1,2,0,1,14,5,0,0,0,20,200,1,29,200,6,200,200,200,200
369192,0,25,1,2,0,1,14,5,0,0,0,20,200,1,50,0,0,0,0,200,200
369192,1,25,1,2,0,1,14,5,0,0,0,20,200,0,16,0,200,200,200,200,200
369198,0,30,0,0,0,1,12,5,0,0,0,0,0,1,27,0,0,0,0,200,200
369198,0,30,0,0,0,1,12,5,0,0,0,0,0,1,57,200,200,200,200,200,200
369198,1,30,0,0,0,1,12,5,0,0,0,0,0,1,200,0,200,200,200,200,200
369198,1,30,0,0,0,1,12,5,0,0,0,0,0,1,200,5,200,200,200,200,200
369201,0,30,0,0,0,1,12,5,0,0,0,21,200,2,200,200,12,200,200,200,200
369201,0,30,0,0,0,1,12,5,0,0,0,21,200,0,40,0,0,0,0,200,200
369201,1,30,0,0,0,1,12,5,0,0,0,21,200,1,200,0,200,200,200,200,200
369201,1,30,0,0,0,1,12,5,0,0,0,21,200,1,200,0,200,200,200,200,200
369201,1,30,0,0,0,1,12,5,0,0,0,21,200,1,200,0,200,200,200,200,200
369206,0,30,2,0,0,1,10,6,0,0,0,0,200,1,54,200,200,200,200,200,200
369206,0,30,2,0,0,1,10,6,0,0,0,0,200,0,57,200,0,0,0,200,200
369206,1,30,2,0,0,1,10,6,0,0,0,0,200,1,82,200,200,200,200,200,200
369208,0,30,0,0,0,1,8,5,0,0,0,0,0,1,200,0,200,0,0,200,200
369208,4,30,0,0,0,1,8,5,0,0,0,0,0,0,200,200,200,200,0,200,200
369218,0,25,0,0,0,1,7,5,5,0,0,0,200,0,200,200,10,200,200,200,200
369226,0,30,0,0,0,1,10,2,0,0,0,18,200,1,23,0,3,0,0,200,200
369226,0,30,0,0,0,1,10,2,0,0,0,18,200,1,31,0,0,0,0,200,200
369235,0,30,1,2,0,1,14,2,0,0,0,21,16,1,200,200,7,0,0,200,200
369235,0,30,1,2,0,1,14,2,0,0,0,21,16,1,22,200,0,0,0,200,200
369235,1,30,1,2,0,1,14,2,0,0,0,21,16,0,200,200,200,200,200,200,200
369235,1,30,1,2,0,1,14,2,0,0,0,21,16,0,29,200,200,200,200,200,200
369235,1,30,1,2,0,1,14,2,0,0,0,21,16,0,4,200,200,200,200,200,200
369239,0,30,200,200,0,1,12,3,0,200,200,21,0,0,200,200,4,200,200,200,200
369239,0,30,200,200,0,1,12,3,0,200,200,21,0,0,89,200,200,200,0,200,200
369243,0,30,0,0,200,200,7,6,0,0,200,200,200,2,200,200,200,200,200,200,200
369244,0,30,0,0,0,0,7,6,0,0,0,0,0,2,200,200,200,200,200,200,200
369245,0,30,0,0,0,1,12,5,0,0,0,17,0,1,200,0,0,0,0,200,200
369245,0,30,0,0,0,1,12,5,0,0,0,17,0,1,200,0,1,0,0,200,200
369246,0,30,200,200,0,1,14,5,0,0,0,0,200,0,51,0,1,200,0,200,200
369246,0,30,200,200,0,1,14,5,0,0,0,0,200,0,28,0,200,200,0,200,200
369249,0,10,3,2,0,1,7,7,0,0,0,21,0,2,200,200,1,200,200,200,200
369250,0,30,0,0,0,1,10,5,0,0,0,18,200,0,41,0,3,0,0,200,200
369250,0,30,0,0,0,1,10,5,0,0,0,18,200,1,27,0,0,0,0,200,200
369250,1,30,0,0,0,1,10,5,0,0,0,18,200,0,30,0,200,200,200,200,200
369250,1,30,0,0,0,1,10,5,0,0,0,18,200,1,25,0,200,200,200,200,200
369257,0,20,0,0,0,1,7,5,0,0,0,200,200,0,50,0,0,0,0,200,200
369257,1,20,0,0,0,1,7,5,0,0,0,200,200,1,200,0,200,200,200,200,200
369257,1,20,0,0,0,1,7,5,0,0,0,200,200,0,200,0,200,200,200,200,200
369257,1,20,0,0,0,1,7,5,0,0,0,200,200,1,200,0,200,200,200,200,200
369257,1,20,0,0,0,1,7,5,0,0,0,200,200,0,200,200,200,200,200,200,200
369258,0,30,0,0,0,1,10,5,0,0,0,11,200,0,17,200,12,200,0,200,200
369258,0,30,0,0,0,1,10,5,0,0,0,11,200,1,74,200,0,200,0,200,200
369258,1,30,0,0,0,1,10,5,0,0,0,11,200,0,71,200,200,200,200,200,200
369261,0,30,0,0,0,1,7,5,0,0,0,0,0,1,73,200,200,200,200,200,200
369261,1,30,0,0,0,1,7,5,0,0,0,0,0,1,200,0,200,200,200,200,200
369261,1,30,0,0,0,1,7,5,0,0,0,0,0,1,200,0,200,200,200,200,200
369261,1,30,0,0,0,1,7,5,0,0,0,0,0,0,200,0,200,200,200,200,200
369262,0,30,0,0,0,200,7,5,0,0,0,0,200,2,200,200,200,200,200,200,200
369263,0,30,2,2,0,1,0,2,0,0,0,22,17,0,61,0,1,1,0,200,200
369263,0,30,2,2,0,1,0,2,0,0,0,22,17,0,200,200,2,200,200,200,200
369266,0,30,1,2,0,1,10,3,0,0,0,18,11,0,40,200,12,0,0,200,200
369266,0,30,1,2,0,1,10,3,0,0,0,18,11,0,32,0,0,0,0,200,200
369266,1,30,1,2,0,1,10,3,0,0,0,18,11,1,200,0,200,200,200,200,200
369271,0,25,0,0,0,1,7,6,0,0,0,0,200,2,200,200,200,200,200,200,200
369273,0,30,0,0,0,1,7,6,0,0,0,16,200,1,17,0,12,0,0,200,200
369277,0,30,1,2,0,1,12,5,0,0,0,22,200,0,200,200,2,12,200,200,200
369277,0,30,1,2,0,1,12,5,0,0,0,22,200,0,33,0,0,0,0,200,200
369278,0,30,1,2,0,1,10,2,0,0,0,16,18,0,29,200,3,200,0,200,200
369278,0,30,1,2,0,1,10,2,0,0,0,16,18,1,33,200,200,200,0,200,200
369279,0,25,0,0,0,1,7,5,0,0,0,0,0,1,41,200,12,0,0,200,200
369284,0,30,2,2,0,1,0,2,0,0,0,17,200,0,46,0,1,0,0,200,200
369284,0,30,2,2,0,1,0,2,0,0,0,17,200,1,25,0,0,0,0,200,200
369285,0,30,1,2,0,1,14,5,0,0,0,23,200,0,34,200,7,200,200,200,200
369285,0,30,1,2,0,1,14,5,0,0,0,23,200,1,19,0,0,0,0,200,200
369285,1,30,1,2,0,1,14,5,0,0,0,23,200,1,200,0,200,200,200,200,200
369287,0,30,0,0,0,2,7,2,0,0,0,0,0,2,200,200,200,200,200,200,200
369289,0,30,0,0,0,4,10,5,0,0,0,200,200,1,200,200,200,200,200,200,200
369289,0,30,0,0,0,4,10,5,0,0,0,200,200,1,75,200,200,200,0,200,200
369297,0,30,0,0,0,1,7,5,0,0,0,0,0,0,32,0,0,0,0,200,200
369297,1,30,0,0,0,1,7,5,0,0,0,0,0,1,200,0,200,200,200,200,200
369297,1,30,0,0,0,1,7,5,0,0,0,0,0,0,200,0,200,200,200,200,200
369297,1,30,0,0,0,1,7,5,0,0,0,0,0,1,200,0,200,200,200,200,200
369301,0,35,1,0,0,1,10,3,0,0,0,200,200,0,200,200,200,200,200,200,200
369301,0,35,1,0,0,1,10,3,0,0,0,200,200,1,18,0,12,200,0,200,200
369301,0,35,1,0,0,1,10,3,0,0,0,200,200,1,25,200,200,200,0,200,200
369302,0,30,0,0,0,1,2,12,0,0,0,11,200,0,26,200,7,0,0,200,200
369309,0,20,0,0,0,0,7,6,0,1,0,0,0,2,200,200,200,200,200,200,200
369315,0,30,12,12,0,1,7,0,0,0,0,0,200,2,200,200,200,200,200,200,200
369316,0,25,0,0,0,1,7,6,0,0,0,0,200,0,200,200,200,200,200,200,200
369317,0,10,200,200,0,1,7,7,0,0,0,27,200,1,49,200,200,0,4,200,200
369324,0,30,0,0,0,1,7,6,0,0,0,11,200,0,27,0,0,0,0,200,200
369324,1,30,0,0,0,1,7,6,0,0,0,11,200,1,25,0,200,200,200,200,200
369330,0,20,0,0,0,1,7,6,0,0,200,0,200,0,200,200,12,200,200,200,200
369330,1,20,0,0,0,1,7,6,0,0,200,0,200,0,32,7,200,200,200,200,200
369330,1,20,0,0,0,1,7,6,0,0,200,0,200,0,200,200,200,200,200,200,200
369330,1,20,0,0,0,1,7,6,0,0,200,0,200,0,200,0,200,200,200,200,200
369334,0,30,0,0,0,200,7,6,0,0,0,200,200,2,200,200,200,200,200,200,200
369336,0,10,0,0,0,1,0,7,0,0,0,0,0,1,200,200,1,200,200,200,200
369336,0,10,0,0,0,1,0,7,0,0,0,0,0,1,72,0,0,0,0,200,200
369336,1,10,0,0,0,1,0,7,0,0,0,0,0,1,66,0,200,200,200,200,200
369347,0,20,0,0,0,1,0,7,0,0,200,20,0,0,44,0,6,0,0,200,200
369347,0,20,0,0,0,1,0,7,0,0,200,20,0,0,54,0,0,0,0,200,200
369348,0,30,1,2,0,1,10,5,0,0,0,18,200,0,56,0,3,0,0,200,200
369348,0,30,1,2,0,1,10,5,0,0,0,18,200,0,33,0,0,0,0,200,200
369360,4,30,0,0,0,1,8,5,0,0,0,0,200,0,23,7,1,0,0,200,200
369360,0,30,0,0,0,1,8,5,0,0,0,0,200,0,70,200,0,0,0,200,200
369360,1,30,0,0,0,1,8,5,0,0,0,0,200,1,200,200,200,200,200,200,200
369365,0,30,1,2,0,1,10,5,0,0,0,0,0,1,21,0,200,0,0,200,200
369365,0,30,1,2,0,1,10,5,0,0,0,0,0,1,28,0,0,0,0,200,200
369365,1,30,1,2,0,1,10,5,0,0,0,0,0,0,67,0,200,200,200,200,200
369366,0,30,0,0,0,1,7,6,0,0,0,0,0,0,200,200,200,200,200,200,200
369370,4,30,0,0,0,1,8,5,0,0,0,0,0,0,200,200,200,200,200,200,200
369370,1,30,0,0,0,1,8,5,0,0,0,0,0,0,200,0,200,200,200,200,200
369370,1,30,0,0,0,1,8,5,0,0,0,0,0,1,200,0,200,200,200,200,200
369370,1,30,0,0,0,1,8,5,0,0,0,0,0,0,200,0,200,200,200,200,200
369374,0,30,0,0,0,1,14,5,0,0,0,23,200,0,35,200,8,200,200,200,200
369374,0,30,0,0,0,1,14,5,0,0,0,23,200,1,49,0,0,0,0,200,200
369378,0,35,200,200,0,1,7,12,0,0,200,200,200,2,200,200,200,200,200,200,200
369381,0,30,0,0,0,1,12,5,0,0,200,22,200,0,200,200,2,200,200,200,200
369381,0,30,0,0,0,1,12,5,0,0,200,22,200,0,37,0,0,0,0,200,200
369381,1,30,0,0,0,1,12,5,0,0,200,22,200,0,11,0,200,200,200,200,200
369381,1,30,0,0,0,1,12,5,0,0,200,22,200,0,31,0,200,200,200,200,200