RD_NO,PERSON_TYPE,POSTED_SPEED_LIMIT,TRAFFIC_CONTROL_DEVICE,DEVICE_CONDITION,WEATHER_CONDITION,LIGHTING_CONDITION,FIRST_CRASH_TYPE,TRAFFICWAY_TYPE,ALIGNMENT,ROADWAY_SURFACE_COND,ROAD_DEFECT,PRIM_CONTRIBUTORY_CAUSE,SEC_CONTRIBUTORY_CAUSE,SEX,AGE,SAFETY_EQUIPMENT,DRIVER_ACTION,DRIVER_VISION,PHYSICAL_CONDITION,BAC_RESULT VALUE,CELL_PHONE_USE
369381,1,30,0,0,0,1,12,5,0,0,200,22,200,0,0,0,200,200,200,200,200
369383,0,30,0,0,0,1,12,5,0,0,0,0,200,0,54,0,1,0,0,200,200
369383,0,30,0,0,0,1,12,5,0,0,0,0,200,1,46,0,0,0,0,200,200
369383,1,30,0,0,0,1,12,5,0,0,0,0,200,1,200,0,200,200,200,200,200
369383,1,30,0,0,0,1,12,5,0,0,0,0,200,0,200,0,200,200,200,200,200
369383,1,30,0,0,0,1,12,5,0,0,0,0,200,1,200,0,200,200,200,200,200
369383,1,30,0,0,0,1,12,5,0,0,0,0,200,0,200,0,200,200,200,200,200
369383,1,30,0,0,0,1,12,5,0,0,0,0,200,1,200,0,200,200,200,200,200
369386,0,30,0,0,0,1,7,7,0,0,0,25,200,2,200,200,1,200,200,200,200
369387,0,30,200,200,0,1,10,7,0,0,200,0,200,1,69,200,200,200,0,200,200
369387,0,30,200,200,0,1,10,7,0,0,200,0,200,0,52,200,200,200,0,200,200
369393,0,30,0,0,0,1,12,5,0,0,0,16,16,0,200,200,1,200,200,200,200
369393,0,30,0,0,0,1,12,5,0,0,0,16,16,1,23,0,0,0,0,200,200
369393,1,30,0,0,0,1,12,5,0,0,0,16,16,0,200,200,200,200,200,200,200
369399,0,30,0,0,0,1,8,5,0,0,0,200,200,1,52,200,200,0,0,200,200
369399,4,30,0,0,0,1,8,5,0,0,0,200,200,0,24,7,0,0,0,200,200
369400,0,25,0,0,0,1,11,2,0,0,0,20,17,1,22,200,1,0,0,200,200
369400,0,25,0,0,0,1,11,2,0,0,0,20,17,0,35,200,6,0,0,200,200
369402,0,30,1,2,0,1,10,3,0,0,200,0,0,0,30,200,200,200,200,200,200
369402,0,30,1,2,0,1,10,3,0,0,200,0,0,0,63,0,0,200,0,200,200
369404,4,35,0,0,0,1,8,3,0,0,0,0,0,0,58,2,0,0,200,200,200
369404,0,35,0,0,0,1,8,3,0,0,0,0,0,1,51,0,0,0,0,200,200
369405,0,30,200,200,200,200,10,200,0,200,200,0,200,0,200,200,200,200,200,200,200
369405,0,30,200,200,200,200,10,200,0,200,200,0,200,0,79,0,200,200,200,200,200
369407,0,20,1,2,0,1,14,5,0,0,0,0,0,1,30,0,200,0,0,200,200
369407,0,20,1,2,0,1,14,5,0,0,0,0,0,0,55,0,200,0,0,200,200
369407,1,20,1,2,0,1,14,5,0,0,0,0,0,1,52,0,200,200,200,200,200
369407,1,20,1,2,0,1,14,5,0,0,0,0,0,0,7,0,200,200,200,200,200
369407,1,20,1,2,0,1,14,5,0,0,0,0,0,1,3,0,200,200,200,200,200
369410,0,10,0,0,0,1,7,7,0,0,0,0,0,1,74,200,12,200,200,200,200
369411,0,30,1,2,0,1,10,2,0,0,200,200,200,1,44,0,200,200,0,200,200
369411,0,30,1,2,0,1,10,2,0,0,200,200,200,0,73,0,200,200,0,200,200
369411,1,30,1,2,0,1,10,2,0,0,200,200,200,0,17,0,200,200,200,200,200
369411,1,30,1,2,0,1,10,2,0,0,200,200,200,0,21,0,200,200,200,200,200
369411,1,30,1,2,0,1,10,2,0,0,200,200,200,0,13,0,200,200,200,200,200
369415,0,30,0,0,0,1,10,5,0,0,0,0,200,1,60,200,1,200,0,200,200
369415,0,30,0,0,0,1,10,5,0,0,0,0,200,0,62,0,0,0,0,200,200
369419,0,30,0,0,0,1,14,2,0,0,0,23,23,1,50,0,0,0,0,200,200
369419,0,30,0,0,0,1,14,2,0,0,0,23,23,1,69,0,7,0,0,200,200
369422,0,30,0,0,0,1,7,5,0,0,0,0,0,0,26,0,0,0,0,200,200
369425,0,35,0,0,0,1,10,3,0,0,0,18,200,1,28,200,3,200,0,200,200
369425,0,35,0,0,0,1,10,3,0,0,0,18,200,0,37,200,0,0,0,200,200
369428,0,30,2,2,0,1,0,2,0,0,0,5,200,0,51,0,5,0,0,200,200
369428,0,30,2,2,0,1,0,2,0,0,0,5,200,0,57,0,0,0,0,200,200
369438,0,5,0,0,0,1,7,0,0,0,0,20,200,0,26,200,6,200,0,200,200
369439,0,25,0,0,0,1,7,6,0,0,0,0,200,2,200,200,200,200,200,200,200
369451,0,30,0,0,0,4,14,6,0,0,0,17,11,0,22,0,1,0,0,200,200
369451,0,30,0,0,0,4,14,6,0,0,0,17,11,1,36,0,0,0,0,200,200
369454,0,30,0,0,0,1,11,5,0,0,0,0,0,1,25,200,200,200,200,200,200
369454,0,30,0,0,0,1,11,5,0,0,0,0,0,0,58,0,0,0,0,200,200
369458,0,30,1,2,0,1,10,5,0,0,0,18,16,0,200,200,1,200,200,200,200
369458,0,30,1,2,0,1,10,5,0,0,0,18,16,0,25,0,0,0,0,200,200
369462,0,30,0,0,0,1,12,3,0,0,200,21,27,1,53,200,2,200,200,200,200
369462,0,30,0,0,0,1,12,3,0,0,200,21,27,1,28,200,12,200,200,200,200
369464,0,30,0,0,0,1,7,5,0,0,200,0,200,1,200,200,200,200,200,200,200
369464,1,30,0,0,0,1,7,5,0,0,200,0,200,2,200,200,200,200,200,200,200
369469,0,30,0,0,0,1,14,5,0,0,0,0,0,0,200,200,200,200,200,200,200
369469,0,30,0,0,0,1,14,5,0,0,0,0,0,0,19,0,200,200,200,200,200
369470,0,20,0,0,0,1,7,6,0,0,0,0,200,2,200,200,200,200,200,200,200
369475,0,30,0,0,0,4,10,5,0,0,0,0,0,0,20,0,0,0,0,200,200
369475,0,30,0,0,0,4,10,5,0,0,0,0,0,0,53,0,0,0,0,200,200
369476,0,35,1,200,0,1,14,3,0,0,200,200,200,0,40,0,7,200,12,200,200
369476,0,35,1,200,0,1,14,3,0,0,200,200,200,1,18,0,12,200,0,200,200
369476,1,35,1,200,0,1,14,3,0,0,200,200,200,2,200,0,200,200,200,200,200
369476,1,35,1,200,0,1,14,3,0,0,200,200,200,2,200,0,200,200,200,200,200
369476,1,35,1,200,0,1,14,3,0,0,200,200,200,2,200,0,200,200,200,200,200
369476,1,35,1,200,0,1,14,3,0,0,200,200,200,2,200,0,200,200,200,200,200
369490,0,35,1,2,0,4,10,3,0,0,0,0,200,0,54,0,200,0,0,200,200
369490,0,35,1,2,0,4,10,3,0,0,0,0,200,1,60,0,0,0,0,200,200
369490,1,35,1,2,0,4,10,3,0,0,0,0,200,1,200,0,200,200,200,200,200
369498,0,30,0,0,0,3,7,5,0,0,0,0,200,0,90,0,200,0,0,200,200
369500,0,30,1,2,0,3,10,5,0,0,0,18,0,0,57,0,8,0,0,200,200
369500,0,30,1,2,0,3,10,5,0,0,0,18,0,0,33,0,0,0,0,200,200
369500,1,30,1,2,0,3,10,5,0,0,0,18,0,1,33,0,200,200,200,200,200
369504,0,35,0,0,0,3,10,5,0,0,0,22,200,0,33,0,3,0,0,200,200
369504,0,35,0,0,0,3,10,5,0,0,0,22,200,0,44,0,0,0,0,200,200
369504,1,35,0,0,0,3,10,5,0,0,0,22,200,1,25,0,200,200,200,200,200
369504,1,35,0,0,0,3,10,5,0,0,0,22,200,0,26,0,200,200,200,200,200
369504,1,35,0,0,0,3,10,5,0,0,0,22,200,1,41,0,200,200,200,200,200
369512,0,30,0,0,0,3,12,2,0,0,0,22,0,0,40,0,2,0,0,200,200
369512,0,30,0,0,0,3,12,2,0,0,0,22,0,1,57,0,0,0,0,200,200
369512,1,30,0,0,0,3,12,2,0,0,0,22,0,0,34,0,200,200,200,200,200
369512,1,30,0,0,0,3,12,2,0,0,0,22,0,0,200,0,200,200,200,200,200
369512,1,30,0,0,0,3,12,2,0,0,0,22,0,1,53,0,200,200,200,200,200
369517,0,30,1,2,0,1,7,5,0,0,0,0,200,0,34,0,12,0,0,200,200
369520,0,30,0,0,0,2,7,5,0,0,200,0,200,0,200,200,12,200,200,200,200
369523,0,5,0,0,0,3,10,7,0,0,0,16,200,0,19,200,3,0,0,200,200
369523,0,5,0,0,0,3,10,7,0,0,0,16,200,1,31,200,0,0,0,200,200
369523,1,5,0,0,0,3,10,7,0,0,0,16,200,1,4,200,200,200,200,200,200
369523,1,5,0,0,0,3,10,7,0,0,0,16,200,0,5,200,200,200,200,200,200
369523,1,5,0,0,0,3,10,7,0,0,0,16,200,0,19,200,200,200,200,200,200
369523,1,5,0,0,0,3,10,7,0,0,0,16,200,0,19,200,200,200,200,200,200
369523,1,5,0,0,0,3,10,7,0,0,0,16,200,0,20,200,200,200,200,200,200
369523,1,5,0,0,0,3,10,7,0,0,0,16,200,0,16,200,200,200,200,200,200
369524,0,20,0,0,0,1,12,3,0,0,200,22,200,0,17,200,2,200,0,200,200
369524,0,20,0,0,0,1,12,3,0,0,200,22,200,1,50,200,0,0,0,200,200
369534,0,30,0,0,0,3,7,6,0,0,0,20,200,1,58,200,6,0,0,200,200
369537,0,35,0,0,0,3,10,7,0,0,200,20,25,0,200,200,200,200,200,200,200
369537,0,35,0,0,0,3,10,7,0,0,200,20,25,1,22,200,200,200,0,200,200
369537,1,35,0,0,0,3,10,7,0,0,200,20,25,0,200,200,200,200,200,200,200
369537,1,35,0,0,0,3,10,7,0,0,200,20,25,1,22,200,200,200,200,200,200
369542,0,30,2,0,0,0,12,2,0,0,0,22,21,0,200,200,200,200,200,200,200
369542,0,30,2,0,0,0,12,2,0,0,0,22,21,0,52,7,0,200,0,200,200
369546,0,30,1,2,2,3,0,6,0,0,0,6,0,0,19,0,5,0,0,200,200
369546,0,30,1,2,2,3,0,6,0,0,0,6,0,0,44,7,0,0,0,200,200
369546,1,30,1,2,2,3,0,6,0,0,0,6,0,1,63,200,200,200,200,200,200
369555,0,30,0,0,0,3,7,6,0,0,0,20,11,2,200,200,6,200,200,200,200
369556,0,30,3,2,0,0,7,5,0,0,0,21,0,0,48,0,4,0,0,200,200
369558,0,20,0,0,0,1,7,6,0,0,0,20,0,0,33,0,6,0,0,200,200
369559,0,30,0,0,0,1,12,2,0,0,0,0,200,2,200,200,4,200,200,200,200
369559,0,30,0,0,0,1,12,2,0,0,0,0,200,1,29,0,0,0,0,200,200
369571,0,30,0,0,0,3,12,5,0,0,0,22,0,0,64,200,2,200,0,200,200
369571,0,30,0,0,0,3,12,5,0,0,0,22,0,0,75,200,12,200,0,200,200
369571,1,30,0,0,0,3,12,5,0,0,0,22,0,1,61,200,200,200,200,200,200
369582,0,30,1,2,0,3,14,2,0,0,0,0,0,0,38,2,200,200,200,200,200
369588,0,30,200,200,0,0,10,5,0,0,0,18,18,1,21,200,3,0,0,200,200
369588,0,30,200,200,0,0,10,5,0,0,0,18,18,0,29,200,0,0,0,200,200
369589,0,30,0,0,0,1,10,6,0,0,0,20,0,0,55,0,6,200,0,200,200
369589,0,30,0,0,0,1,10,6,0,0,0,20,0,1,27,0,0,0,0,200,200
369589,1,30,0,0,0,1,10,6,0,0,0,20,0,1,49,0,200,200,200,200,200
369589,1,30,0,0,0,1,10,6,0,0,0,20,0,1,18,0,200,200,200,200,200
369591,0,30,1,2,0,3,0,5,0,0,0,6,0,1,51,0,5,200,0,200,200
369591,0,30,1,2,0,3,0,5,0,0,0,6,0,1,43,0,0,0,0,200,200
369591,1,30,1,2,0,3,0,5,0,0,0,6,0,1,15,0,200,200,200,200,200
369591,1,30,1,2,0,3,0,5,0,0,0,6,0,0,8,0,200,200,200,200,200
369591,1,30,1,2,0,3,0,5,0,0,0,6,0,0,71,0,200,200,200,200,200
369591,1,30,1,2,0,3,0,5,0,0,0,6,0,1,68,0,200,200,200,200,200
369591,1,30,1,2,0,3,0,5,0,0,0,6,0,1,12,0,200,200,200,200,200
369591,1,30,1,2,0,3,0,5,0,0,0,6,0,0,32,0,200,200,200,200,200
369595,0,25,0,0,0,0,7,5,0,0,0,0,200,0,23,200,200,0,0,200,200
369595,1,25,0,0,0,0,7,5,0,0,0,0,200,1,16,200,200,200,200,200,200
369596,0,30,1,2,0,0,10,6,0,0,0,18,200,2,200,200,3,200,200,200,200
369596,0,30,1,2,0,0,10,6,0,0,0,18,200,1,51,0,0,0,0,200,200
369596,1,30,1,2,0,0,10,6,0,0,0,18,200,0,200,0,200,200,200,200,200
369597,0,30,1,2,0,0,14,5,0,0,0,17,17,1,29,200,1,0,0,200,200
369597,0,30,1,2,0,0,14,5,0,0,0,17,17,0,62,200,0,0,0,200,200
369602,0,30,0,0,0,3,5,5,0,0,4,0,0,0,41,0,0,0,0,200,200
369607,0,30,1,2,0,3,10,2,0,0,0,18,0,0,52,0,3,0,0,200,200
369607,0,30,1,2,0,3,10,2,0,0,0,18,0,0,46,0,0,0,0,200,200
369616,0,30,1,2,0,0,10,5,0,0,0,18,18,1,40,200,3,0,0,200,200
369616,0,30,1,2,0,0,10,5,0,0,0,18,18,1,43,200,0,0,0,200,200
369619,0,15,0,0,0,4,7,0,0,0,0,0,200,2,200,200,200,200,200,200,200
369622,0,30,1,2,0,3,8,2,0,0,0,17,200,0,71,200,1,0,0,200,200
369622,4,30,1,2,0,3,8,2,0,0,0,17,200,0,200,3,0,200,200,200,200
369625,0,30,2,2,0,3,14,5,0,0,0,17,200,2,200,200,1,200,200,200,200
369625,0,30,2,2,0,3,14,5,0,0,0,17,200,0,23,0,0,0,0,200,200
369625,1,30,2,2,0,3,14,5,0,0,0,17,200,0,25,0,200,200,200,200,200
369625,1,30,2,2,0,3,14,5,0,0,0,17,200,1,27,0,200,200,200,200,200
369625,1,30,2,2,0,3,14,5,0,0,0,17,200,0,41,0,200,200,200,200,200
369625,1,30,2,2,0,3,14,5,0,0,0,17,200,200,200,200,200,200,200,200,200
369626,0,35,0,0,0,3,9,2,0,0,200,16,0,1,200,200,1,200,200,200,200
369626,5,35,0,0,0,3,9,2,0,0,200,16,0,1,42,7,0,200,7,200,200
369628,0,30,0,0,0,3,7,6,0,0,0,25,200,0,28,200,200,200,200,200,200
369629,4,30,200,200,200,3,8,2,0,200,200,0,0,1,200,7,200,200,200,200,200
369629,0,30,200,200,200,3,8,2,0,200,200,0,0,1,33,200,0,200,200,200,200
369630,0,35,0,0,0,3,7,5,0,0,0,0,0,2,200,200,200,200,200,200,200
369630,1,35,0,0,0,3,7,5,0,0,0,0,0,1,38,200,200,200,200,200,200
369631,0,30,0,0,0,3,11,2,0,0,0,0,200,2,200,200,8,200,200,200,200
369631,0,30,0,0,0,3,11,2,0,0,0,0,200,0,30,7,0,0,0,200,200
369631,1,30,0,0,0,3,11,2,0,0,0,0,200,1,38,200,200,200,200,200,200
369635,0,30,1,2,0,3,10,2,0,0,0,16,200,0,200,200,200,200,200,200,200
369635,0,30,1,2,0,3,10,2,0,0,0,16,200,0,53,0,0,0,0,200,200
369635,1,30,1,2,0,3,10,2,0,0,0,16,200,1,49,0,200,200,200,200,200
369643,0,30,1,200,0,3,14,5,0,200,200,23,21,0,27,200,7,200,200,200,200
369643,0,30,1,200,0,3,14,5,0,200,200,23,21,0,21,200,0,200,0,200,200
369649,0,30,0,0,0,3,12,5,0,0,0,22,25,2,200,200,8,200,200,200,200
369649,0,30,0,0,0,3,12,5,0,0,0,22,25,1,50,0,0,0,0,200,200
369653,0,30,0,0,0,0,9,5,0,0,0,17,200,0,75,200,1,200,0,200,200
369653,5,30,0,0,0,0,9,5,0,0,0,17,200,0,18,200,200,200,7,200,200
369653,1,30,0,0,0,0,9,5,0,0,0,17,200,0,47,200,200,200,200,200,200
369653,1,30,0,0,0,0,9,5,0,0,0,17,200,1,46,200,200,200,200,200,200
369654,0,30,1,2,0,3,12,5,0,0,0,23,22,0,50,0,2,0,0,200,200
369654,0,30,1,2,0,3,12,5,0,0,0,23,22,0,23,0,0,0,0,200,200
369657,0,45,0,0,0,3,12,3,0,0,0,17,21,0,52,0,4,0,0,200,200
369657,0,45,0,0,0,3,12,3,0,0,0,17,21,0,26,0,1,0,0,200,200
369665,0,30,1,2,0,3,14,3,0,0,0,6,200,1,52,0,7,0,0,200,200
369665,0,30,1,2,0,3,14,3,0,0,0,6,200,1,24,0,0,0,0,200,200
369671,0,30,0,0,0,0,14,5,0,0,0,23,200,0,29,0,7,0,0,200,200
369671,0,30,0,0,0,0,14,5,0,0,0,23,200,0,33,200,0,0,0,200,200
369671,1,30,0,0,0,0,14,5,0,0,0,23,200,1,29,0,200,200,200,200,200
369674,0,35,0,0,0,3,14,5,0,0,0,14,14,0,200,200,200,200,200,200,200
369674,0,35,0,0,0,3,14,5,0,0,0,14,14,0,54,200,0,0,0,200,200
369680,0,10,0,0,0,3,0,7,0,0,0,0,200,0,200,200,200,200,200,200,200
369680,0,10,0,0,0,3,0,7,0,0,0,0,200,0,59,0,200,0,0,200,200
369682,0,30,0,0,0,3,12,6,0,0,0,7,200,0,53,0,12,0,0,200,200
369682,0,30,0,0,0,3,12,6,0,0,0,7,200,1,39,0,0,0,0,200,200
369682,1,30,0,0,0,3,12,6,0,0,0,7,200,0,45,0,200,200,200,200,200
369686,0,30,1,2,0,4,9,2,0,0,0,17,0,0,29,200,1,0,0,200,200
369686,5,30,1,2,0,4,9,2,0,0,0,17,0,1,22,7,200,0,200,200,200
369691,0,30,2,2,0,3,14,5,0,0,0,14,32,0,24,0,12,0,5,0.11,200
369691,0,30,2,2,0,3,14,5,0,0,0,14,32,0,42,0,1,0,0,200,200
369691,1,30,2,2,0,3,14,5,0,0,0,14,32,200,200,200,200,200,200,200,200
369694,0,30,200,200,0,0,3,5,0,0,0,10,16,0,17,1,9,200,200,200,200
369694,0,30,200,200,0,0,3,5,0,0,0,10,16,0,20,1,9,200,200,200,200
369694,1,30,200,200,0,0,3,5,0,0,0,10,16,0,16,1,200,200,200,200,200
369694,1,30,200,200,0,0,3,5,0,0,0,10,16,1,19,1,200,200,200,200,200
369700,0,25,0,0,0,3,10,5,0,0,200,18,0,0,30,200,3,0,0,200,200
369700,0,25,0,0,0,3,10,5,0,0,200,18,0,0,36,200,0,0,0,200,200
369700,1,25,0,0,0,3,10,5,0,0,200,18,0,0,35,200,200,200,200,200,200
369707,0,30,0,0,0,3,7,12,0,0,0,16,200,1,200,200,12,200,200,200,200
369715,0,30,0,0,0,3,12,5,0,0,0,17,200,0,57,0,1,0,0,200,200
369715,0,30,0,0,0,3,12,5,0,0,0,17,200,0,27,0,0,0,0,200,200
369717,0,30,1,2,0,3,10,2,0,0,0,0,0,0,40,0,3,0,0,200,200
369717,0,30,1,2,0,3,10,2,0,0,0,0,0,0,200,200,0,0,0,200,200
369721,0,30,0,0,0,3,5,5,0,0,0,0,200,1,20,0,200,0,0,200,200
369727,4,30,0,0,0,3,8,5,0,0,0,200,200,1,200,7,200,200,200,200,200
369727,1,30,0,0,0,3,8,5,0,0,0,200,200,0,200,200,200,200,200,200,200
369727,1,30,0,0,0,3,8,5,0,0,0,200,200,1,34,7,200,200,200,200,200
369728,0,30,0,0,0,1,2,5,0,0,0,25,16,0,34,200,13,200,200,200,200
369728,1,30,0,0,0,1,2,5,0,0,0,25,16,0,200,1,200,200,200,200,200
369729,0,30,0,0,0,3,14,5,0,0,200,11,0,0,200,200,12,200,200,200,200
369729,0,30,0,0,0,3,14,5,0,0,200,11,0,1,19,0,12,200,200,200,200
369729,1,30,0,0,0,3,14,5,0,0,200,11,0,1,13,0,200,200,200,200,200
369736,0,30,2,2,0,3,14,5,0,0,0,25,23,0,200,200,1,200,200,200,200
369736,0,30,2,2,0,3,14,5,0,0,0,25,23,0,20,0,0,0,0,200,200
369736,1,30,2,2,0,3,14,5,0,0,0,25,23,1,200,0,200,200,200,200,200
369736,1,30,2,2,0,3,14,5,0,0,0,25,23,0,200,0,200,200,200,200,200
369736,1,30,2,2,0,3,14,5,0,0,0,25,23,1,200,0,200,200,200,200,200
369739,0,25,0,0,0,3,7,6,0,0,0,20,200,0,34,200,6,0,0,200,200
369742,0,20,0,12,0,3,10,6,0,0,3,19,11,0,200,200,3,200,5,200,200
369742,0,20,0,12,0,3,10,6,0,0,3,19,11,0,49,200,0,0,0,200,200
369744,0,30,0,0,0,3,3,5,1,0,0,32,25,0,30,200,12,0,5,200,200
369744,0,30,0,0,0,3,3,5,1,0,0,32,25,0,80,200,0,0,0,200,200
369744,0,30,0,0,0,3,3,5,1,0,0,32,25,0,45,200,200,0,0,200,200
369744,0,30,0,0,0,3,3,5,1,0,0,32,25,0,63,200,0,0,0,200,200
369744,1,30,0,0,0,3,3,5,1,0,0,32,25,200,200,200,200,200,200,200,200
369744,1,30,0,0,0,3,3,5,1,0,0,32,25,0,50,200,200,200,200,200,200
369744,1,30,0,0,0,3,3,5,1,0,0,32,25,1,60,200,200,200,200,200,200
369745,0,30,0,0,0,3,3,5,0,0,0,20,25,2,200,200,6,200,200,200,200
369745,0,30,0,0,0,3,3,5,0,0,0,20,25,0,40,0,0,0,0,200,200
369746,0,30,1,2,0,3,12,5,0,0,200,17,8,0,19,0,1,200,200,200,200
369746,0,30,1,2,0,3,12,5,0,0,200,17,8,0,28,0,0,200,200,200,200
369746,1,30,1,2,0,3,12,5,0,0,200,17,8,1,200,0,200,200,200,200,200
369746,1,30,1,2,0,3,12,5,0,0,200,17,8,1,200,0,200,200,200,200,200
369749,0,30,0,0,0,3,12,6,0,0,0,23,21,1,26,200,4,0,0,200,200
369749,0,30,0,0,0,3,12,6,0,0,0,23,21,0,46,200,0,0,0,200,200
369749,1,30,0,0,0,3,12,6,0,0,0,23,21,1,23,200,200,200,200,200,200
369752,0,30,1,0,0,3,7,2,0,0,0,14,16,1,21,200,8,0,0,200,200
369752,1,30,1,0,0,3,7,2,0,0,0,14,16,1,50,200,200,200,200,200,200
369753,0,30,0,0,0,3,2,3,0,0,0,0,200,1,19,0,0,0,0,200,200
369756,0,30,1,2,0,3,10,6,0,0,0,200,200,2,200,200,200,200,200,200,200
369756,0,30,1,2,0,3,10,6,0,0,0,200,200,0,56,200,200,0,0,200,200
369761,0,30,0,0,0,3,0,12,0,0,0,16,200,0,200,200,8,200,200,200,200
369761,0,30,0,0,0,3,0,12,0,0,0,16,200,1,24,200,12,200,0,200,200
369767,0,20,1,2,0,3,14,2,0,0,0,18,0,0,57,200,3,200,200,200,200
369767,0,20,1,2,0,3,14,2,0,0,0,18,0,1,26,0,0,0,0,200,200
369768,0,30,0,0,0,3,6,12,0,0,0,21,200,0,27,200,12,1,7,200,200
369772,0,30,2,2,0,0,7,5,0,0,0,32,19,0,49,200,12,0,5,200,200
369777,0,30,1,2,0,3,12,5,0,0,0,21,200,0,22,200,4,200,200,200,200
369777,0,30,1,2,0,3,12,5,0,0,0,21,200,0,35,0,0,0,0,200,200
369777,1,30,1,2,0,3,12,5,0,0,0,21,200,1,200,200,200,200,200,200,200
369784,0,30,0,0,0,3,12,5,0,0,0,0,200,1,200,200,200,200,200,200,200
369784,0,30,0,0,0,3,12,5,0,0,0,0,200,1,58,0,200,0,0,200,200
369789,0,25,0,0,0,3,7,6,0,0,0,0,0,2,200,200,200,200,200,200,200
369792,0,30,1,2,0,3,0,5,0,0,0,200,200,0,26,200,200,200,0,200,200
369792,0,30,1,2,0,3,0,5,0,0,0,200,200,0,20,200,200,200,0,200,200
369805,0,10,0,0,0,1,7,5,0,0,0,16,0,1,200,200,6,200,200,200,200
369814,0,30,2,2,0,3,14,5,0,0,0,16,11,1,22,0,1,0,0,200,200
369814,0,30,2,2,0,3,14,5,0,0,0,16,11,0,28,0,0,0,0,200,200
369822,0,30,0,0,0,3,9,6,0,0,0,11,17,1,200,200,1,200,200,200,200
369822,5,30,0,0,0,3,9,6,0,0,0,11,17,1,51,7,0,0,0,200,200
369823,0,30,9,0,0,3,2,12,0,0,0,25,0,0,200,200,12,200,200,200,200
369828,0,35,1,2,0,200,0,5,0,0,0,6,3,0,28,0,5,0,0,200,200
369828,0,35,1,2,0,200,0,5,0,0,0,6,3,1,31,0,0,0,0,200,200
369828,1,35,1,2,0,200,0,5,0,0,0,6,3,0,39,0,200,200,200,200,200
369828,1,35,1,2,0,200,0,5,0,0,0,6,3,0,8,0,200,200,200,200,200
369828,1,35,1,2,0,200,0,5,0,0,0,6,3,1,6,0,200,200,200,200,200
369828,1,35,1,2,0,200,0,5,0,0,0,6,3,1,4,0,200,200,200,200,200
369829,0,30,0,0,0,3,2,5,0,0,0,16,0,0,67,0,8,200,200,200,200
369830,0,30,200,200,0,3,7,6,0,200,200,0,0,1,29,200,200,200,200,200,200
369835,0,25,0,0,0,3,7,6,0,0,0,0,0,0,54,200,200,0,0,200,200
369840,0,35,0,0,0,0,7,5,0,0,0,0,0,0,30,0,12,0,0,200,200
369849,1,30,0,0,0,3,14,2,0,0,0,0,0,1,17,200,200,200,200,200,200
369849,0,30,0,0,0,3,14,2,0,0,0,0,0,0,31,0,7,0,0,200,200
369849,0,30,0,0,0,3,14,2,0,0,0,0,0,1,31,200,0,0,0,200,200
369849,1,30,0,0,0,3,14,2,0,0,0,0,0,0,28,0,200,200,200,200,200
369849,1,30,0,0,0,3,14,2,0,0,0,0,0,1,18,200,200,200,200,200,200
369854,0,30,0,0,0,3,12,6,0,200,200,22,200,1,200,200,200,200,200,200,200
369854,0,30,0,0,0,3,12,6,0,200,200,22,200,0,42,0,0,0,0,200,200
369859,0,5,0,0,0,3,2,7,0,0,0,20,20,0,200,0,6,0,0,200,200
369861,0,30,0,0,0,3,7,5,0,0,0,22,200,1,30,200,8,0,0,200,200
369861,1,30,0,0,0,3,7,5,0,0,0,22,200,0,30,200,200,200,200,200,200
369863,0,30,2,0,0,3,7,6,0,0,200,16,16,1,18,200,8,12,1,200,200
369863,1,30,2,0,0,3,7,6,0,0,200,16,16,1,200,200,200,200,200,200,200
369863,1,30,2,0,0,3,7,6,0,0,200,16,16,1,11,200,200,200,200,200,200
369863,1,30,2,0,0,3,7,6,0,0,200,16,16,200,200,200,200,200,200,200,200
369865,0,30,1,2,0,3,0,2,0,0,0,16,0,1,27,0,14,0,0,200,200
369865,0,30,1,2,0,3,0,2,0,0,0,16,0,1,44,0,13,0,0,200,200
369867,0,30,200,200,0,3,10,5,0,0,0,27,16,0,40,0,12,200,2,200,200
369867,0,30,200,200,0,3,10,5,0,0,0,27,16,0,32,200,200,0,0,200,200
369874,0,30,0,0,0,3,7,3,0,0,0,0,200,0,35,0,200,200,200,200,200
369874,0,30,0,0,0,3,7,3,0,0,0,0,200,0,53,0,200,200,200,200,200
369876,0,25,0,0,0,3,10,5,0,0,0,17,17,0,27,0,1,0,0,200,200
369876,0,25,0,0,0,3,10,5,0,0,0,17,17,1,61,0,0,0,0,200,200
369879,0,30,0,0,0,3,7,2,0,0,0,0,0,0,38,200,200,0,2,200,200
369883,0,30,0,200,0,3,5,5,0,0,0,0,0,0,47,200,200,200,200,200,200
369885,0,30,1,2,0,4,0,5,0,0,0,6,200,2,200,200,200,200,200,200,200
369885,0,30,1,2,0,4,0,5,0,0,0,6,200,0,27,200,0,200,0,200,200
369895,0,30,0,0,0,2,2,5,0,0,0,0,200,0,20,200,200,200,5,0.06,200
369895,1,30,0,0,0,2,2,5,0,0,0,0,200,1,24,200,200,200,200,200,200
369905,0,30,0,0,0,200,7,5,0,0,0,0,0,2,200,200,200,200,200,200,200