RD_NO,PERSON_TYPE,POSTED_SPEED_LIMIT,TRAFFIC_CONTROL_DEVICE,DEVICE_CONDITION,WEATHER_CONDITION,LIGHTING_CONDITION,FIRST_CRASH_TYPE,TRAFFICWAY_TYPE,ALIGNMENT,ROADWAY_SURFACE_COND,ROAD_DEFECT,PRIM_CONTRIBUTORY_CAUSE,SEC_CONTRIBUTORY_CAUSE,SEX,AGE,SAFETY_EQUIPMENT,DRIVER_ACTION,DRIVER_VISION,PHYSICAL_CONDITION,BAC_RESULT VALUE,CELL_PHONE_USE
369908,0,35,0,0,0,1,7,6,0,0,0,21,21,0,35,0,4,0,2,200,200
369914,0,30,0,0,200,200,7,6,0,200,0,0,200,1,200,200,200,200,200,200,200
369919,0,30,2,2,0,1,14,12,0,0,0,5,11,1,22,200,5,5,200,200,200
369919,0,30,2,2,0,1,14,12,0,0,0,5,11,0,68,0,0,0,0,200,200
369919,1,30,2,2,0,1,14,12,0,0,0,5,11,1,20,200,200,200,200,200,200
369919,1,30,2,2,0,1,14,12,0,0,0,5,11,0,200,200,200,200,200,200,200
369924,0,30,1,2,0,1,14,5,0,0,0,17,200,1,25,200,1,200,0,200,200
369924,0,30,1,2,0,1,14,5,0,0,0,17,200,1,46,200,200,200,0,200,200
369928,0,30,0,0,0,1,0,5,0,0,0,17,16,0,200,200,1,200,200,200,200
369928,0,30,0,0,0,1,0,5,0,0,0,17,16,0,20,0,0,0,0,200,200
369930,0,25,200,2,0,1,10,5,0,0,0,17,0,0,31,200,1,200,0,200,200
369930,0,25,200,2,0,1,10,5,0,0,0,17,0,0,25,200,200,200,0,200,200
369935,0,30,1,2,0,1,14,5,0,0,0,17,11,1,21,0,1,0,0,200,200
369935,0,30,1,2,0,1,14,5,0,0,0,17,11,0,43,0,0,0,0,200,200
369935,1,30,1,2,0,1,14,5,0,0,0,17,11,1,21,0,200,200,200,200,200
369935,1,30,1,2,0,1,14,5,0,0,0,17,11,1,20,0,200,200,200,200,200
369953,0,30,1,2,0,1,10,5,0,0,0,0,200,0,23,0,12,0,0,200,200
369953,0,30,1,2,0,1,10,5,0,0,0,0,200,1,52,0,0,0,0,200,200
369953,1,30,1,2,0,1,10,5,0,0,0,0,200,1,200,0,200,200,200,200,200
369954,0,30,0,0,0,1,7,2,0,0,0,33,0,2,200,200,12,200,200,200,200
369957,0,30,200,12,0,1,7,6,0,0,0,0,200,2,200,200,200,200,200,200,200
369962,0,30,0,0,0,3,7,5,0,0,0,0,0,1,23,200,12,200,200,200,200
369963,0,0,0,0,0,1,7,5,0,200,200,0,0,2,200,200,200,200,200,200,200
369972,0,30,0,0,0,2,7,6,0,0,0,200,200,2,200,200,6,200,200,200,200
369972,1,30,0,0,0,2,7,6,0,0,0,200,200,2,200,200,200,200,200,200,200
369978,0,10,2,2,0,1,7,7,0,0,0,17,200,0,200,200,1,200,200,200,200
369978,1,10,2,2,0,1,7,7,0,0,0,17,200,1,42,0,200,200,200,200,200
369984,0,30,0,0,0,200,7,6,0,0,0,0,200,0,200,200,10,200,200,200,200
369988,0,20,0,0,200,3,7,5,0,200,0,0,0,2,200,200,200,200,200,200,200
369989,0,15,0,0,0,1,7,5,0,0,0,21,200,0,40,0,1,0,0,200,200
369990,0,35,1,2,0,1,10,12,0,0,0,11,0,0,200,0,12,0,0,200,200
369990,0,35,1,2,0,1,10,12,0,0,0,11,0,0,200,0,12,0,0,200,200
370000,0,20,0,0,0,1,7,6,0,0,0,18,11,0,65,200,3,0,0,200,200
370008,0,30,0,0,0,1,14,5,0,0,0,23,200,1,81,200,7,200,200,200,200
370008,0,30,0,0,0,1,14,5,0,0,0,23,200,0,26,200,0,200,200,200,200
370020,0,30,1,2,0,1,10,5,0,0,0,18,16,0,46,0,3,0,0,200,200
370020,0,30,1,2,0,1,10,5,0,0,0,18,16,0,70,0,0,0,0,200,200
370027,0,30,0,0,200,3,12,6,0,200,0,12,0,0,200,200,200,200,200,200,200
370027,1,30,0,0,200,3,12,6,0,200,0,12,0,0,200,200,200,200,200,200,200
370029,0,30,1,2,0,1,14,5,0,0,0,6,0,1,25,0,5,0,0,200,200
370029,0,30,1,2,0,1,14,5,0,0,0,6,0,1,47,0,0,0,0,200,200
370029,1,30,1,2,0,1,14,5,0,0,0,6,0,1,58,0,200,200,200,200,200
370029,1,30,1,2,0,1,14,5,0,0,0,6,0,1,68,0,200,200,200,200,200
370029,1,30,1,2,0,1,14,5,0,0,0,6,0,1,0,5,200,200,200,200,200
370029,1,30,1,2,0,1,14,5,0,0,0,6,0,1,54,0,200,200,200,200,200
370049,0,30,1,2,0,1,14,2,0,0,0,0,0,2,200,200,1,200,200,200,200
370049,0,30,1,2,0,1,14,2,0,0,0,0,0,1,82,0,12,0,0,200,200
370050,0,15,0,0,0,1,7,7,0,0,0,20,200,1,89,0,6,0,0,200,200
370054,0,30,0,0,0,1,10,5,1,0,0,18,0,0,21,0,3,0,0,200,200
370054,0,30,0,0,0,1,10,5,1,0,0,18,0,0,47,0,0,0,0,200,200
370055,0,30,0,0,0,3,5,5,0,0,0,0,0,0,29,0,200,0,0,200,200
370056,0,30,0,0,0,1,2,3,0,0,0,3,0,0,29,200,12,0,0,200,200
370062,0,35,1,2,0,1,14,12,0,0,0,11,0,0,200,7,12,0,0,200,200
370062,0,35,1,2,0,1,14,12,0,0,0,11,0,1,200,7,12,0,0,200,200
370066,0,30,0,0,0,3,7,6,0,0,0,21,0,2,200,200,200,200,200,200,200
370069,0,20,0,0,0,1,14,2,0,0,0,200,200,1,42,0,4,0,0,200,200
370069,0,20,0,0,0,1,14,2,0,0,0,200,200,0,34,0,0,0,0,200,200
370069,1,20,0,0,0,1,14,2,0,0,0,200,200,1,200,0,200,200,200,200,200
370069,1,20,0,0,0,1,14,2,0,0,0,200,200,1,30,0,200,200,200,200,200
370074,0,30,1,2,0,1,14,2,0,0,0,0,16,0,18,0,7,200,0,200,200
370074,0,30,1,2,0,1,14,2,0,0,0,0,16,0,200,0,0,0,0,200,200
370074,1,30,1,2,0,1,14,2,0,0,0,0,16,1,16,0,200,200,200,200,200
370076,0,30,0,0,0,1,7,6,2,0,0,0,20,1,31,0,200,0,0,200,200
370087,0,30,0,0,0,1,10,2,0,0,0,17,18,0,25,0,1,0,0,200,200
370087,0,30,0,0,0,1,10,2,0,0,0,17,18,1,43,0,0,0,0,200,200
370098,0,30,0,0,0,1,7,7,0,0,0,20,11,0,200,200,6,200,200,200,200
370099,0,30,1,2,0,1,14,5,0,0,0,17,18,0,200,200,1,200,200,200,200
370099,0,30,1,2,0,1,14,5,0,0,0,17,18,0,51,0,0,0,0,200,200
370105,0,30,0,0,0,1,11,5,0,0,0,21,200,1,32,200,1,0,0,200,200
370105,0,30,0,0,0,1,11,5,0,0,0,21,200,0,60,7,0,0,0,200,200
370115,0,20,2,2,0,1,0,5,0,0,0,5,11,1,46,200,5,0,0,200,200
370115,0,20,2,2,0,1,0,5,0,0,0,5,11,1,29,200,0,0,0,200,200
370119,0,15,0,0,0,1,7,7,0,0,0,0,0,0,32,0,200,0,0,200,200
370119,1,15,0,0,0,1,7,7,0,0,0,0,0,1,32,0,200,200,200,200,200
370121,0,30,1,2,0,1,12,5,0,0,0,0,0,0,50,200,200,0,0,200,200
370121,0,30,1,2,0,1,12,5,0,0,0,0,0,0,28,200,200,0,0,200,200
370121,1,30,1,2,0,1,12,5,0,0,0,0,0,0,200,200,200,200,200,200,200
370121,1,30,1,2,0,1,12,5,0,0,0,0,0,0,200,200,200,200,200,200,200
370124,0,30,2,2,0,1,2,5,0,0,0,23,0,1,17,0,7,0,0,200,200
370127,0,30,0,0,1,1,12,5,0,0,0,25,22,0,200,200,2,200,200,200,200
370127,0,30,0,0,1,1,12,5,0,0,0,25,22,0,26,0,0,0,0,200,200
370127,1,30,0,0,1,1,12,5,0,0,0,25,22,1,23,0,200,200,200,200,200
370127,1,30,0,0,1,1,12,5,0,0,0,25,22,0,1,5,200,200,200,200,200
370133,0,30,0,0,0,1,10,12,0,1,0,20,200,0,27,0,6,0,0,200,200
370133,0,30,0,0,0,1,10,12,0,1,0,20,200,1,37,0,0,0,0,200,200
370134,0,20,0,0,0,1,0,2,0,0,0,200,200,0,200,200,1,200,200,200,200
370134,0,20,0,0,0,1,0,2,0,0,0,200,200,0,52,0,0,0,0,200,200
370136,0,30,0,0,0,1,12,6,0,0,0,17,22,0,43,200,2,0,0,200,200
370136,0,30,0,0,0,1,12,6,0,0,0,17,22,0,26,200,0,0,0,200,200
370146,0,30,0,0,0,1,12,7,0,0,0,0,0,0,47,0,12,0,0,200,200
370146,0,30,0,0,0,1,12,7,0,0,0,0,0,1,28,0,12,0,0,200,200
370148,0,35,0,0,0,1,14,5,0,0,0,0,0,1,23,200,200,0,0,200,200
370148,0,35,0,0,0,1,14,5,0,0,0,0,0,0,55,0,0,0,0,200,200
370151,0,30,0,0,0,1,8,5,0,0,12,20,11,0,200,200,6,200,200,200,200
370151,4,30,0,0,0,1,8,5,0,0,12,20,11,0,29,200,12,0,0,200,200
370157,0,30,2,2,0,1,10,2,0,0,0,0,0,0,52,200,200,200,200,200,200
370157,0,30,2,2,0,1,10,2,0,0,0,0,0,0,31,0,0,0,0,200,200
370162,0,25,0,0,0,1,12,2,0,0,0,200,200,1,25,0,4,0,0,200,200
370162,0,25,0,0,0,1,12,2,0,0,0,200,200,0,52,0,0,200,200,200,200
370177,0,30,2,2,0,1,10,5,0,1,0,0,0,0,200,200,3,200,200,200,200
370177,0,30,2,2,0,1,10,5,0,1,0,0,0,0,54,0,0,0,0,200,200
370177,1,30,2,2,0,1,10,5,0,1,0,0,0,1,200,0,200,200,200,200,200
370184,0,30,2,2,0,1,10,5,0,0,0,18,16,1,23,200,3,200,0,200,200
370184,0,30,2,2,0,1,10,5,0,0,0,18,16,0,25,0,0,0,0,200,200
370184,1,30,2,2,0,1,10,5,0,0,0,18,16,1,200,0,200,200,200,200,200
370185,0,30,0,0,0,1,14,5,0,0,0,23,11,0,200,200,7,200,200,200,200
370185,0,30,0,0,0,1,14,5,0,0,0,23,11,0,30,0,0,0,0,200,200
370188,0,30,1,2,0,1,2,2,0,0,12,29,16,0,24,0,0,0,0,200,200
370189,0,30,0,0,0,1,14,5,0,0,0,23,16,1,200,200,7,0,0,200,200
370189,0,30,0,0,0,1,14,5,0,0,0,23,16,1,200,0,0,0,0,200,200
370189,1,30,0,0,0,1,14,5,0,0,0,23,16,1,200,0,200,200,200,200,200
370196,0,30,200,200,0,1,12,6,0,0,0,200,200,1,56,0,1,200,0,200,200
370196,0,30,200,200,0,1,12,6,0,0,0,200,200,0,22,0,0,0,0,200,200
370201,0,30,200,200,200,200,7,5,0,200,200,0,200,2,200,200,200,200,200,200,200
370208,0,30,0,0,0,1,0,6,0,0,0,0,0,1,40,200,200,200,200,200,200
370208,0,30,0,0,0,1,0,6,0,0,0,0,0,0,43,0,0,0,200,200,200
370211,0,30,0,0,0,1,14,2,0,0,200,200,200,1,200,200,7,200,200,200,200
370211,0,30,0,0,0,1,14,2,0,0,200,200,200,1,63,0,0,200,0,200,200
370215,0,30,0,0,0,1,8,5,0,0,0,25,0,1,25,0,12,200,0,200,200
370215,4,30,0,0,0,1,8,5,0,0,0,25,0,0,33,3,0,0,0,200,200
370217,0,30,0,0,0,1,7,2,0,0,0,0,0,2,200,200,200,200,200,200,200
370218,0,30,200,200,0,1,7,6,0,0,200,0,200,2,200,200,200,200,200,200,200
370223,0,30,0,0,0,1,8,5,2,0,0,16,200,1,23,0,200,0,0,200,200
370223,4,30,0,0,0,1,8,5,2,0,0,16,200,0,12,7,1,0,0,200,200
370225,0,30,1,2,1,1,14,5,0,0,0,17,200,0,46,0,1,0,0,200,200
370225,0,30,1,2,1,1,14,5,0,0,0,17,200,0,18,0,0,0,0,200,200
370225,1,30,1,2,1,1,14,5,0,0,0,17,200,1,42,0,200,200,200,200,200
370228,0,35,2,2,0,1,0,2,0,0,0,5,0,1,89,0,1,0,0,200,200
370228,0,35,2,2,0,1,0,2,0,0,0,5,0,0,51,200,0,200,200,200,200
370228,1,35,2,2,0,1,0,2,0,0,0,5,0,200,200,200,200,200,200,200,200
370230,0,35,2,2,0,1,12,5,0,0,0,0,200,1,77,0,0,0,0,200,200
370230,0,35,2,2,0,1,12,5,0,0,0,0,200,1,45,0,0,0,0,200,200
370230,1,35,2,2,0,1,12,5,0,0,0,0,200,1,200,0,200,200,200,200,200
370233,0,30,0,0,0,1,7,7,0,0,0,200,200,0,200,200,200,200,200,200,200
370233,1,30,0,0,0,1,7,7,0,0,0,200,200,1,200,200,200,200,200,200,200
370234,0,55,0,0,0,1,12,6,0,0,0,21,200,0,200,200,4,200,0,200,200
370234,0,55,0,0,0,1,12,6,0,0,0,21,200,0,31,0,0,0,0,200,200
370234,1,55,0,0,0,1,12,6,0,0,0,21,200,0,30,0,200,200,200,200,200
370236,0,30,1,2,0,1,10,2,0,0,200,18,0,0,200,200,3,200,200,200,200
370236,0,30,1,2,0,1,10,2,0,0,200,18,0,0,65,0,0,0,0,200,200
370238,0,30,0,0,0,1,12,3,0,0,0,17,17,0,44,0,1,0,0,200,200
370238,0,30,0,0,0,1,12,3,0,0,0,17,17,0,38,0,0,0,0,200,200
370249,0,30,200,200,200,200,3,7,0,200,200,20,17,1,32,200,6,200,200,200,200
370249,0,30,200,200,200,200,3,7,0,200,200,20,17,0,51,200,12,200,200,200,200
370250,0,30,2,2,0,1,11,2,0,0,0,22,7,0,38,0,2,0,0,200,200
370250,0,30,2,2,0,1,11,2,0,0,0,22,7,0,22,0,0,0,0,200,200
370250,1,30,2,2,0,1,11,2,0,0,0,22,7,1,200,0,200,200,200,200,200
370250,1,30,2,2,0,1,11,2,0,0,0,22,7,0,200,0,200,200,200,200,200
370250,1,30,2,2,0,1,11,2,0,0,0,22,7,0,200,0,200,200,200,200,200
370250,1,30,2,2,0,1,11,2,0,0,0,22,7,1,200,0,200,200,200,200,200
370250,1,30,2,2,0,1,11,2,0,0,0,22,7,1,200,0,200,200,200,200,200
370250,1,30,2,2,0,1,11,2,0,0,0,22,7,1,200,0,200,200,200,200,200
370260,0,30,2,2,0,1,0,5,0,0,0,17,0,0,82,7,1,0,0,200,200
370260,0,30,2,2,0,1,0,5,0,0,0,17,0,1,25,0,0,0,0,200,200
370262,0,30,1,2,0,1,10,5,0,0,0,18,200,0,59,0,3,0,0,200,200
370262,0,30,1,2,0,1,10,5,0,0,0,18,200,0,48,0,0,0,0,200,200
370262,0,30,1,2,0,1,10,5,0,0,0,18,200,0,59,0,0,0,0,200,200
370263,0,30,2,2,0,1,8,12,0,0,0,0,200,0,200,0,1,0,0,200,200
370263,4,30,2,2,0,1,8,12,0,0,0,0,200,0,60,3,1,0,0,200,200
370263,1,30,2,2,0,1,8,12,0,0,0,0,200,0,63,0,200,200,200,200,200
370268,0,30,1,2,0,1,14,5,0,0,0,0,0,0,64,0,0,0,0,200,200
370268,0,30,1,2,0,1,14,5,0,0,0,0,0,0,200,200,200,200,200,200,200
370268,1,30,1,2,0,1,14,5,0,0,0,0,0,1,60,0,200,200,200,200,200
370270,0,30,1,2,0,1,14,3,0,0,0,23,0,0,200,200,7,0,0,200,200
370270,0,30,1,2,0,1,14,3,0,0,0,23,0,0,200,0,0,0,0,200,200
370273,0,30,2,2,0,1,8,12,0,0,0,17,200,0,32,0,0,0,0,200,200
370273,4,30,2,2,0,1,8,12,0,0,0,17,200,0,20,7,12,0,0,200,200
370274,0,30,200,200,0,1,12,200,0,0,200,200,200,0,200,200,1,200,200,200,200
370274,0,30,200,200,0,1,12,200,0,0,200,200,200,1,81,0,0,0,0,200,200
370279,0,30,0,0,200,200,7,6,0,200,200,200,200,2,200,200,200,200,200,200,200
370282,0,25,0,0,0,1,0,5,0,0,0,0,200,0,68,0,1,0,0,200,200
370282,0,25,0,0,0,1,0,5,0,0,0,0,200,1,22,0,0,0,0,200,200
370283,0,30,0,0,0,1,7,7,0,0,0,0,200,2,200,200,200,200,200,200,200
370285,0,30,0,0,0,1,12,200,0,0,0,22,200,1,56,200,4,200,200,200,200
370285,0,30,0,0,0,1,12,200,0,0,0,22,200,0,49,0,0,0,0,200,200
370287,0,30,1,2,0,1,10,2,0,0,0,16,18,0,29,7,3,0,0,200,200
370287,0,30,1,2,0,1,10,2,0,0,0,16,18,0,48,7,0,0,0,200,200
370292,0,30,1,2,0,3,10,5,0,0,0,200,200,0,200,200,200,200,200,200,200
370292,0,30,1,2,0,3,10,5,0,0,0,200,200,0,57,0,0,0,0,200,200
370295,0,30,0,0,0,1,0,7,0,0,0,20,20,1,25,0,6,0,0,200,200
370295,0,30,0,0,0,1,0,7,0,0,0,20,20,0,24,0,0,0,0,200,200
370300,0,30,0,0,0,1,10,2,0,0,0,16,18,0,48,0,3,0,0,200,200
370300,0,30,0,0,0,1,10,2,0,0,0,16,18,1,20,0,0,0,0,200,200
370300,0,30,0,0,0,1,10,2,0,0,0,16,18,1,36,0,0,0,0,200,200
370300,1,30,0,0,0,1,10,2,0,0,0,16,18,1,55,0,200,200,200,200,200
370300,1,30,0,0,0,1,10,2,0,0,0,16,18,0,13,0,200,200,200,200,200
370300,1,30,0,0,0,1,10,2,0,0,0,16,18,1,8,0,200,200,200,200,200
370300,1,30,0,0,0,1,10,2,0,0,0,16,18,0,10,0,200,200,200,200,200
370301,0,30,1,2,0,1,0,5,0,0,0,6,200,0,24,0,5,0,0,200,200
370301,0,30,1,2,0,1,0,5,0,0,0,6,200,0,23,0,0,0,0,200,200
370303,0,30,0,0,0,1,10,5,0,0,0,18,200,0,21,0,3,0,0,200,200
370303,0,30,0,0,0,1,10,5,0,0,0,18,200,0,47,0,0,0,0,200,200
370303,1,30,0,0,0,1,10,5,0,0,0,18,200,1,200,200,200,200,200,200,200
370309,0,20,0,0,0,1,12,6,0,0,0,17,21,1,24,0,0,0,0,200,200
370309,0,20,0,0,0,1,12,6,0,0,0,17,21,0,200,200,4,200,200,200,200
370309,1,20,0,0,0,1,12,6,0,0,0,17,21,1,200,200,200,200,200,200,200
370317,0,30,200,200,0,1,7,200,0,0,0,200,13,2,200,200,200,200,200,200,200
370321,0,30,1,2,0,1,10,5,0,0,0,18,0,1,37,200,200,0,0,200,200
370321,0,30,1,2,0,1,10,5,0,0,0,18,0,0,66,200,200,0,0,200,200
370321,1,30,1,2,0,1,10,5,0,0,0,18,0,1,15,200,200,200,200,200,200
370321,1,30,1,2,0,1,10,5,0,0,0,18,0,0,0,5,200,200,200,200,200
370324,0,30,0,0,0,1,9,6,0,0,0,17,11,0,36,0,1,0,0,200,200
370324,5,30,0,0,0,1,9,6,0,0,0,17,11,0,25,7,0,200,200,200,200
370328,0,30,2,2,0,1,0,5,0,0,0,17,200,0,52,0,1,0,0,200,200
370328,0,30,2,2,0,1,0,5,0,0,0,17,200,0,23,0,0,0,0,200,200
370328,1,30,2,2,0,1,0,5,0,0,0,17,200,1,16,0,200,200,200,200,200
370333,0,30,2,2,0,1,10,6,0,0,0,20,0,0,200,200,6,200,200,200,200
370333,0,30,2,2,0,1,10,6,0,0,0,20,0,1,37,0,0,0,0,200,200
370334,0,30,1,2,0,1,10,2,0,0,0,0,200,0,38,0,3,0,0,200,200
370334,0,30,1,2,0,1,10,2,0,0,0,0,200,0,30,0,0,0,0,200,200
370334,1,30,1,2,0,1,10,2,0,0,0,0,200,1,200,0,200,200,200,200,200
370334,1,30,1,2,0,1,10,2,0,0,0,0,200,1,200,5,200,200,200,200,200
370334,1,30,1,2,0,1,10,2,0,0,0,0,200,1,200,0,200,200,200,200,200
370334,1,30,1,2,0,1,10,2,0,0,0,0,200,0,200,0,200,200,200,200,200
370334,1,30,1,2,0,1,10,2,0,0,0,0,200,1,200,0,200,200,200,200,200
370334,1,30,1,2,0,1,10,2,0,0,0,0,200,1,200,0,200,200,200,200,200
370335,0,30,0,0,0,1,4,2,0,0,0,200,200,1,61,200,0,0,0,200,200
370337,0,30,1,2,0,1,12,2,0,0,0,0,0,2,200,200,200,200,200,200,200
370337,0,30,1,2,0,1,12,2,0,0,0,0,0,0,35,0,0,0,0,200,200
370341,0,30,0,0,0,1,7,5,0,0,0,0,200,0,200,200,200,200,200,200,200
370354,0,30,0,0,0,1,12,5,0,0,0,0,0,0,21,0,200,0,0,200,200
370354,0,30,0,0,0,1,12,5,0,0,0,0,0,0,62,200,0,0,0,200,200
370354,1,30,0,0,0,1,12,5,0,0,0,0,0,1,200,0,200,200,200,200,200
370357,0,10,0,0,0,1,7,7,0,0,200,0,0,0,200,200,200,200,200,200,200
370359,0,30,2,2,0,1,0,5,0,0,0,0,200,1,26,0,1,0,0,200,200
370359,0,30,2,2,0,1,0,5,0,0,0,0,200,1,26,0,0,0,0,200,200
370359,1,30,2,2,0,1,0,5,0,0,0,0,200,1,30,0,200,200,200,200,200
370359,1,30,2,2,0,1,0,5,0,0,0,0,200,0,30,0,200,200,200,200,200
370360,0,30,200,200,0,1,11,7,0,0,200,0,200,1,58,200,200,200,0,200,200
370360,0,30,200,200,0,1,11,7,0,0,200,0,200,1,41,200,200,200,0,200,200
370362,0,30,0,0,0,1,10,2,0,0,0,18,16,1,34,0,3,0,0,200,200
370362,0,30,0,0,0,1,10,2,0,0,0,18,16,0,47,0,0,0,0,200,200
370367,0,30,1,2,0,1,10,3,0,0,0,0,200,0,35,200,12,200,200,200,200
370367,0,30,1,2,0,1,10,3,0,0,0,0,200,0,27,200,200,0,0,200,200
370369,0,30,0,0,0,1,14,2,0,0,0,17,200,0,200,200,6,200,200,200,200
370369,0,30,0,0,0,1,14,2,0,0,0,17,200,1,45,200,0,0,0,200,200
370370,0,35,0,0,0,1,10,5,0,0,0,22,22,1,44,0,2,0,0,200,200
370370,0,35,0,0,0,1,10,5,0,0,0,22,22,0,29,0,0,0,0,200,200
370370,0,35,0,0,0,1,10,5,0,0,0,22,22,1,28,0,0,0,0,200,200
370377,0,30,0,0,0,1,12,5,0,0,0,0,200,2,200,200,200,200,200,200,200
370377,0,30,0,0,0,1,12,5,0,0,0,0,200,0,39,0,0,0,0,200,200
370378,0,30,0,0,0,1,10,3,0,0,0,16,200,0,200,200,1,200,200,200,200
370378,0,30,0,0,0,1,10,3,0,0,0,16,200,0,49,200,0,200,0,200,200
370383,0,30,0,0,0,1,9,5,0,0,0,14,0,0,200,200,200,200,200,200,200
370383,5,30,0,0,0,1,9,5,0,0,0,14,0,0,21,200,0,200,200,200,200
370383,1,30,0,0,0,1,9,5,0,0,0,14,0,2,200,200,200,200,200,200,200
370385,0,30,0,0,0,1,10,5,0,0,0,7,200,1,25,0,12,0,0,200,200
370385,0,30,0,0,0,1,10,5,0,0,0,7,200,0,36,0,0,0,0,200,200
370388,0,30,200,200,0,1,4,5,0,0,0,0,0,1,45,200,200,200,200,200,200
370395,0,10,0,0,0,1,7,7,0,0,0,0,200,2,200,200,0,200,200,200,200
370401,0,30,0,0,1,1,7,5,0,0,200,0,0,0,40,200,200,0,0,200,200
370411,0,30,1,2,0,1,12,5,0,0,0,0,0,0,46,0,1,0,0,200,200
370411,0,30,1,2,0,1,12,5,0,0,0,0,0,1,63,0,0,0,0,200,200
370413,0,30,0,0,0,1,14,5,0,0,0,23,0,0,50,0,7,0,0,200,200
370413,0,30,0,0,0,1,14,5,0,0,0,23,0,0,28,0,0,0,0,200,200
370414,0,30,1,2,2,1,11,5,0,1,0,22,34,1,20,0,0,0,0,200,200
370414,0,30,1,2,2,1,11,5,0,1,0,22,34,0,200,200,12,200,200,200,200
370416,0,30,1,1,0,1,10,2,0,0,0,18,200,1,36,200,3,200,200,200,200
370416,0,30,1,1,0,1,10,2,0,0,0,18,200,1,50,200,0,0,0,200,200
370417,0,15,0,0,0,1,0,7,0,0,0,0,200,1,200,200,1,200,200,200,200
370417,0,15,0,0,0,1,0,7,0,0,0,0,200,1,43,200,0,0,0,200,200
370420,0,25,0,0,0,1,7,5,0,0,0,200,200,0,28,0,12,0,0,200,200
370426,0,30,0,0,0,1,7,7,0,0,0,200,200,1,200,200,200,200,200,200,200
370426,1,30,0,0,0,1,7,7,0,0,0,200,200,0,200,200,200,200,200,200,200
370427,0,25,1,2,0,200,7,2,0,0,200,200,200,2,200,200,200,200,200,200,200
370428,0,30,0,0,0,1,14,2,0,0,0,0,0,1,36,200,200,0,0,200,200
370428,0,30,0,0,0,1,14,2,0,0,0,0,0,1,18,200,200,0,0,200,200
370428,1,30,0,0,0,1,14,2,0,0,0,0,0,0,17,200,200,200,200,200,200
370428,1,30,0,0,0,1,14,2,0,0,0,0,0,0,1,5,200,200,200,200,200
370439,0,30,0,0,0,1,7,12,0,0,0,0,0,2,200,200,200,200,200,200,200
370445,0,25,200,200,0,1,7,6,0,0,0,22,200,1,200,200,2,200,0,200,200
370446,0,25,0,200,0,1,0,6,0,0,200,17,14,0,33,200,1,200,200,200,200
370446,0,25,0,200,0,1,0,6,0,0,200,17,14,0,200,7,0,200,0,200,200
370449,0,30,0,0,0,1,2,6,0,0,0,0,200,1,22,200,200,200,200,200,200
370450,0,20,0,0,0,1,7,5,0,0,0,20,0,1,22,0,10,0,0,200,200
370457,0,30,0,0,0,1,12,5,0,0,0,0,0,0,200,200,200,0,200,200,200
370457,0,30,0,0,0,1,12,5,0,0,0,0,0,1,200,0,200,0,0,200,200
370458,0,15,0,0,0,1,2,0,0,0,0,0,0,1,200,200,200,200,200,200,200
370458,1,15,0,0,0,1,2,0,0,0,0,0,0,1,200,200,200,200,200,200,200
370460,0,30,1,2,0,1,0,12,0,0,0,6,11,1,31,0,5,12,0,200,200
370460,0,30,1,2,0,1,0,12,0,0,0,6,11,1,23,0,0,0,0,200,200
370460,0,30,1,2,0,1,0,12,0,0,0,6,11,0,66,0,0,0,0,200,200
370460,1,30,1,2,0,1,0,12,0,0,0,6,11,0,49,0,200,200,200,200,200
370460,1,30,1,2,0,1,0,12,0,0,0,6,11,1,17,0,200,200,200,200,200
370460,1,30,1,2,0,1,0,12,0,0,0,6,11,1,23,0,200,200,200,200,200
370460,1,30,1,2,0,1,0,12,0,0,0,6,11,1,23,0,200,200,200,200,200
370460,1,30,1,2,0,1,0,12,0,0,0,6,11,0,24,0,200,200,200,200,200
370460,1,30,1,2,0,1,0,12,0,0,0,6,11,1,200,200,200,200,200,200,200
370470,0,30,1,2,1,1,10,5,0,0,0,0,0,1,200,200,200,200,200,200,200
370470,0,30,1,2,1,1,10,5,0,0,0,0,0,1,26,0,0,0,0,200,200
370474,0,30,1,2,0,1,10,5,0,0,0,20,200,0,22,200,6,0,0,200,200
370474,0,30,1,2,0,1,10,5,0,0,0,20,200,1,67,200,0,0,0,200,200
370474,1,30,1,2,0,1,10,5,0,0,0,20,200,1,17,200,200,200,200,200,200
370474,1,30,1,2,0,1,10,5,0,0,0,20,200,1,200,200,200,200,200,200,200
370483,0,30,0,0,0,1,14,5,0,0,0,17,200,0,200,200,7,200,200,200,200
370483,0,30,0,0,0,1,14,5,0,0,0,17,200,0,40,0,0,0,0,200,200
370483,1,30,0,0,0,1,14,5,0,0,0,17,200,0,200,0,200,200,200,200,200
370488,0,30,0,0,0,1,14,5,0,0,0,0,200,0,52,0,7,0,0,200,200
370488,0,30,0,0,0,1,14,5,0,0,0,0,200,0,48,0,0,0,0,200,200
370488,1,30,0,0,0,1,14,5,0,0,0,0,200,0,200,0,200,200,200,200,200
370488,1,30,0,0,0,1,14,5,0,0,0,0,200,1,200,0,200,200,200,200,200
370488,1,30,0,0,0,1,14,5,0,0,0,0,200,1,200,0,200,200,200,200,200
370510,0,30,0,0,0,1,11,5,0,0,200,0,0,1,200,200,200,200,200,200,200
370510,0,30,0,0,0,1,11,5,0,0,200,0,0,0,35,0,0,200,200,200,200
370513,0,30,1,2,0,1,10,3,0,0,0,20,200,1,200,200,6,200,200,200,200