RD_NO,PERSON_TYPE,POSTED_SPEED_LIMIT,TRAFFIC_CONTROL_DEVICE,DEVICE_CONDITION,WEATHER_CONDITION,LIGHTING_CONDITION,FIRST_CRASH_TYPE,TRAFFICWAY_TYPE,ALIGNMENT,ROADWAY_SURFACE_COND,ROAD_DEFECT,PRIM_CONTRIBUTORY_CAUSE,SEC_CONTRIBUTORY_CAUSE,SEX,AGE,SAFETY_EQUIPMENT,DRIVER_ACTION,DRIVER_VISION,PHYSICAL_CONDITION,BAC_RESULT VALUE,CELL_PHONE_USE
370513,0,30,1,2,0,1,10,3,0,0,0,20,200,1,30,0,0,0,0,200,200
370517,0,30,1,2,0,1,14,5,0,0,0,6,200,1,27,200,5,0,0,200,200
370517,0,30,1,2,0,1,14,5,0,0,0,6,200,0,42,7,0,0,0,200,200
370520,0,25,1,2,0,1,10,5,0,0,0,18,200,2,200,200,3,200,200,200,200
370520,0,25,1,2,0,1,10,5,0,0,0,18,200,0,23,0,0,0,0,200,200
370520,1,25,1,2,0,1,10,5,0,0,0,18,200,1,58,0,200,200,200,200,200
370526,0,30,1,2,0,1,10,2,0,0,0,18,16,2,200,200,200,200,200,200,200
370526,0,30,1,2,0,1,10,2,0,0,0,18,16,0,49,200,0,0,0,200,200
370528,0,20,1,2,0,1,10,12,0,0,0,18,18,0,25,200,8,200,0,200,200
370528,0,20,1,2,0,1,10,12,0,0,0,18,18,0,24,0,0,0,0,200,200
370528,1,20,1,2,0,1,10,12,0,0,0,18,18,0,200,200,200,200,200,200,200
370536,0,20,0,0,0,1,0,6,0,0,0,17,33,0,25,200,0,0,0,200,200
370536,0,20,0,0,0,1,0,6,0,0,0,17,33,0,77,200,1,5,0,200,200
370538,0,30,0,0,0,1,7,0,0,0,0,18,200,0,61,0,3,0,0,200,200
370541,0,30,0,0,0,4,7,2,0,0,0,18,200,0,51,0,6,0,0,200,200
370546,0,30,0,0,0,1,10,2,0,0,0,0,200,2,200,200,200,200,200,200,200
370546,0,30,0,0,0,1,10,2,0,0,0,0,200,0,38,200,200,200,0,200,200
370549,0,30,0,0,0,1,7,7,0,0,0,0,0,2,200,200,200,200,200,200,200
370552,0,30,0,0,0,1,7,6,0,0,0,20,200,1,200,200,6,200,200,200,200
370555,0,30,0,0,200,200,14,5,0,200,200,0,0,0,41,200,200,200,0,200,200
370555,0,30,0,0,200,200,14,5,0,200,200,0,0,0,200,200,200,200,200,200,200
370559,0,30,0,0,0,1,7,6,0,0,0,0,200,0,0,200,200,200,0,200,200
370560,0,30,200,200,0,1,7,5,0,0,0,0,0,2,200,200,200,200,200,200,200
370561,0,30,0,0,200,200,7,12,0,200,200,0,0,0,200,200,200,200,200,200,200
370563,0,30,1,2,0,1,0,5,0,0,0,0,0,0,200,200,12,200,200,200,200
370563,0,30,1,2,0,1,0,5,0,0,0,0,0,1,200,200,0,0,0,200,200
370574,0,30,1,2,0,1,0,5,0,0,0,6,0,0,73,0,5,0,0,200,200
370574,0,30,1,2,0,1,0,5,0,0,0,6,0,1,18,0,0,0,0,200,200
370574,1,30,1,2,0,1,0,5,0,0,0,6,0,1,80,0,200,200,200,200,200
370574,1,30,1,2,0,1,0,5,0,0,0,6,0,1,18,0,200,200,200,200,200
370574,1,30,1,2,0,1,0,5,0,0,0,6,0,1,18,0,200,200,200,200,200
370579,0,30,200,200,0,2,10,5,0,200,200,18,16,0,50,200,3,200,200,200,200
370579,0,30,200,200,0,2,10,5,0,200,200,18,16,0,27,200,0,200,200,200,200
370580,0,0,0,0,0,1,7,5,0,0,0,11,0,0,26,200,200,200,200,200,200
370580,1,0,0,0,0,1,7,5,0,0,0,11,0,0,65,200,200,200,200,200,200
370580,1,0,0,0,0,1,7,5,0,0,0,11,0,1,25,200,200,200,200,200,200
370580,1,0,0,0,0,1,7,5,0,0,0,11,0,0,65,200,200,200,200,200,200
370585,0,30,2,2,0,1,14,5,2,0,0,23,200,0,50,0,7,0,0,200,200
370585,0,30,2,2,0,1,14,5,2,0,0,23,200,1,27,0,0,0,0,200,200
370591,0,30,2,2,0,1,14,5,0,0,0,0,0,1,18,0,12,0,0,200,200
370591,0,30,2,2,0,1,14,5,0,0,0,0,0,1,18,0,0,0,0,200,200
370592,0,30,0,0,0,1,10,5,0,0,0,0,200,2,200,200,200,200,200,200,200
370592,0,30,0,0,0,1,10,5,0,0,0,0,200,0,76,0,0,0,0,200,200
370592,1,30,0,0,0,1,10,5,0,0,0,0,200,0,81,0,200,200,200,200,200
370592,1,30,0,0,0,1,10,5,0,0,0,0,200,1,78,0,200,200,200,200,200
370592,1,30,0,0,0,1,10,5,0,0,0,0,200,1,72,0,200,200,200,200,200
370594,0,30,0,0,0,1,10,5,0,0,0,18,200,0,200,200,200,0,0,200,200
370594,0,30,0,0,0,1,10,5,0,0,0,18,200,0,30,200,0,0,0,200,200
370605,0,30,0,0,0,1,7,6,0,0,0,25,16,0,200,200,8,200,200,200,200
370622,0,30,1,2,0,1,10,5,0,0,200,0,0,0,200,200,200,200,200,200,200
370622,0,30,1,2,0,1,10,5,0,0,200,0,0,0,66,0,0,0,0,200,200
370622,1,30,1,2,0,1,10,5,0,0,200,0,0,0,200,200,200,200,200,200,200
370622,1,30,1,2,0,1,10,5,0,0,200,0,0,1,59,0,200,200,200,200,200
370639,0,30,0,0,0,1,8,5,0,0,0,17,200,0,26,0,1,12,0,200,200
370639,4,30,0,0,0,1,8,5,0,0,0,17,200,1,23,3,0,12,0,200,200
370642,0,30,0,0,0,1,7,6,0,0,0,0,200,2,200,200,200,200,200,200,200
370644,0,25,0,0,0,1,7,5,0,0,0,0,0,2,200,200,200,200,200,200,200
370646,0,30,0,0,0,1,7,6,0,0,0,0,200,1,200,200,0,200,200,200,200
370652,0,30,0,0,0,1,10,5,0,0,0,18,0,0,200,200,3,200,200,200,200
370652,0,30,0,0,0,1,10,5,0,0,0,18,0,0,81,0,0,0,0,200,200
370652,1,30,0,0,0,1,10,5,0,0,0,18,0,1,200,0,200,200,200,200,200
370671,0,30,0,0,0,0,7,2,0,0,0,25,200,1,21,200,12,0,0,200,200
370672,0,30,1,2,0,1,3,5,0,0,0,25,16,0,24,0,0,0,0,200,200
370672,0,30,1,2,0,1,3,5,0,0,0,25,16,0,16,200,12,0,0,200,200
370672,1,30,1,2,0,1,3,5,0,0,0,25,16,0,22,200,200,200,200,200,200
370672,1,30,1,2,0,1,3,5,0,0,0,25,16,0,16,200,200,200,200,200,200
370679,0,30,0,0,0,1,7,5,0,0,0,16,0,0,200,200,1,200,200,200,200
370682,0,35,0,0,0,1,8,5,0,0,0,0,0,2,200,200,1,200,200,200,200
370682,4,35,0,0,0,1,8,5,0,0,0,0,0,0,30,2,200,200,5,200,200
370685,0,30,0,0,0,1,7,200,0,0,0,25,20,1,200,200,10,200,200,200,200
370695,0,15,200,200,0,1,7,6,0,0,0,0,0,2,200,200,200,200,200,200,200
370703,0,35,1,2,0,4,14,3,0,0,0,17,200,0,0,200,1,0,0,200,200
370703,0,35,1,2,0,4,14,3,0,0,0,17,200,1,26,200,200,0,0,200,200
370703,1,35,1,2,0,4,14,3,0,0,0,17,200,1,48,200,200,200,200,200,200
370703,1,35,1,2,0,4,14,3,0,0,0,17,200,0,14,200,200,200,200,200,200
370703,1,35,1,2,0,4,14,3,0,0,0,17,200,0,4,200,200,200,200,200,200
370703,1,35,1,2,0,4,14,3,0,0,0,17,200,1,13,200,200,200,200,200,200
370711,0,35,3,2,2,4,7,5,0,0,0,20,200,0,48,0,6,0,0,200,200
370714,0,30,1,2,0,0,0,2,0,0,0,0,0,1,23,200,1,0,0,200,200
370714,0,30,1,2,0,0,0,2,0,0,0,0,0,0,200,200,14,0,0,200,200
370714,1,30,1,2,0,0,0,2,0,0,0,0,0,1,25,200,200,200,200,200,200
370714,1,30,1,2,0,0,0,2,0,0,0,0,0,0,200,200,200,200,200,200,200
370720,0,30,1,2,0,200,0,5,0,200,200,21,23,1,17,200,7,200,200,200,200
370720,0,30,1,2,0,200,0,5,0,200,200,21,23,0,200,200,0,200,200,200,200
370729,0,30,0,0,0,3,9,5,0,0,0,0,0,0,49,200,12,200,200,200,200
370729,5,30,0,0,0,3,9,5,0,0,0,0,0,0,6,200,0,200,0,200,200
370736,0,30,0,0,0,4,7,6,0,0,0,27,0,0,34,200,200,200,200,200,200
370772,0,30,3,2,0,3,14,5,0,0,0,17,17,0,22,0,7,0,0,200,200
370772,0,30,3,2,0,3,14,5,0,0,0,17,17,0,50,0,0,0,0,200,200
370772,1,30,3,2,0,3,14,5,0,0,0,17,17,0,22,0,200,200,200,200,200
370772,1,30,3,2,0,3,14,5,0,0,0,17,17,0,21,0,200,200,200,200,200
370772,1,30,3,2,0,3,14,5,0,0,0,17,17,1,200,0,200,200,200,200,200
370779,0,30,2,2,0,3,0,5,0,0,0,17,11,0,200,0,1,0,0,200,200
370779,0,30,2,2,0,3,0,5,0,0,0,17,11,0,20,0,0,0,0,200,200
370779,1,30,2,2,0,3,0,5,0,0,0,17,11,1,24,0,200,200,200,200,200
370783,0,30,1,2,0,3,14,5,0,0,0,23,200,0,47,0,7,0,0,200,200
370783,0,30,1,2,0,3,14,5,0,0,0,23,200,0,35,0,0,0,0,200,200
370783,1,30,1,2,0,3,14,5,0,0,0,23,200,1,43,0,200,200,200,200,200
370783,1,30,1,2,0,3,14,5,0,0,0,23,200,1,44,0,200,200,200,200,200
370789,0,30,2,2,0,3,0,5,0,0,0,17,200,0,49,200,1,200,0,200,200
370789,0,30,2,2,0,3,0,5,0,0,0,17,200,1,47,200,0,200,0,200,200
370789,0,30,2,2,0,3,0,5,0,0,0,17,200,1,46,200,0,200,0,200,200
370789,1,30,2,2,0,3,0,5,0,0,0,17,200,1,36,200,200,200,200,200,200
370789,1,30,2,2,0,3,0,5,0,0,0,17,200,1,14,200,200,200,200,200,200
370789,1,30,2,2,0,3,0,5,0,0,0,17,200,1,3,200,200,200,200,200,200
370789,1,30,2,2,0,3,0,5,0,0,0,17,200,1,8,5,200,200,200,200,200
370797,0,30,0,0,0,1,2,5,0,0,0,11,8,0,21,0,8,12,0,200,200
370798,0,30,0,0,0,3,10,5,0,0,0,18,16,0,26,200,3,0,0,200,200
370798,0,30,0,0,0,3,10,5,0,0,0,18,16,0,62,200,3,0,0,200,200
370798,1,30,0,0,0,3,10,5,0,0,0,18,16,1,57,200,200,200,200,200,200
370803,0,30,0,0,0,3,14,5,0,0,0,17,200,1,38,0,1,0,0,200,200
370803,0,30,0,0,0,3,14,5,0,0,0,17,200,0,29,0,0,0,0,200,200
370803,1,30,0,0,0,3,14,5,0,0,0,17,200,1,20,0,200,200,200,200,200
370803,1,30,0,0,0,3,14,5,0,0,0,17,200,1,16,0,200,200,200,200,200
370803,1,30,0,0,0,3,14,5,0,0,0,17,200,1,9,0,200,200,200,200,200
370809,0,30,1,2,0,3,12,5,0,0,0,22,200,0,200,200,4,200,0,200,200
370809,0,30,1,2,0,3,12,5,0,0,0,22,200,1,29,200,200,200,200,200,200
370812,0,30,0,0,0,3,14,5,0,0,0,8,8,0,40,0,7,0,0,200,200
370812,0,30,0,0,0,3,14,5,0,0,0,8,8,0,53,0,0,0,0,200,200
370812,1,30,0,0,0,3,14,5,0,0,0,8,8,1,200,0,200,200,200,200,200
370812,1,30,0,0,0,3,14,5,0,0,0,8,8,1,200,0,200,200,200,200,200
370812,1,30,0,0,0,3,14,5,0,0,0,8,8,0,200,7,200,200,200,200,200
370812,1,30,0,0,0,3,14,5,0,0,0,8,8,0,200,0,200,200,200,200,200
370812,1,30,0,0,0,3,14,5,0,0,0,8,8,0,40,0,200,200,200,200,200
370821,0,0,1,2,0,1,2,12,0,0,0,0,0,0,57,0,12,0,0,200,200
370829,0,20,0,0,0,0,7,6,0,0,0,0,200,2,200,200,200,200,200,200,200
370833,0,30,1,2,0,3,8,6,0,0,0,200,200,0,57,200,200,0,0,200,200
370833,4,30,1,2,0,3,8,6,0,0,0,200,200,0,25,200,200,0,0,200,200
370855,0,10,0,0,0,0,10,7,0,0,0,20,17,0,200,200,6,200,200,200,200
370855,0,10,0,0,0,0,10,7,0,0,0,20,17,1,26,200,0,0,0,200,200
370857,0,30,0,0,0,3,10,2,0,0,0,0,200,0,70,200,12,200,200,200,200
370857,0,30,0,0,0,3,10,2,0,0,0,0,200,0,20,0,0,0,0,200,200
370858,0,35,1,2,0,3,14,2,0,0,0,17,15,0,40,0,1,0,0,200,200
370858,0,35,1,2,0,3,14,2,0,0,0,17,15,1,49,0,12,0,0,200,200
370858,0,35,1,2,0,3,14,2,0,0,0,17,15,0,39,0,12,0,0,200,200
370859,0,30,2,2,0,3,14,6,0,0,200,22,21,0,200,200,2,200,200,200,200
370859,0,30,2,2,0,3,14,6,0,0,200,22,21,1,46,0,0,200,0,200,200
370859,1,30,2,2,0,3,14,6,0,0,200,22,21,1,200,0,200,200,200,200,200
370859,1,30,2,2,0,3,14,6,0,0,200,22,21,200,200,0,200,200,200,200,200
370860,0,30,0,0,0,3,14,5,0,0,0,0,0,2,200,200,200,200,200,200,200
370860,0,30,0,0,0,3,14,5,0,0,0,0,0,1,31,0,200,0,0,200,200
370880,0,30,1,2,0,1,10,2,0,200,200,18,16,1,200,200,5,200,200,200,200
370880,0,30,1,2,0,1,10,2,0,200,200,18,16,0,16,200,0,200,0,200,200
370883,0,30,0,0,0,3,12,6,0,0,0,22,0,0,36,200,2,200,200,200,200
370883,0,30,0,0,0,3,12,6,0,0,0,22,0,0,28,200,12,0,0,200,200
370884,0,30,1,200,0,3,10,5,0,0,200,0,200,0,200,200,200,200,200,200,200
370884,0,30,1,200,0,3,10,5,0,0,200,0,200,0,42,0,0,200,0,200,200
370890,0,30,0,0,0,3,7,6,0,0,0,0,200,2,200,200,200,200,200,200,200
370892,0,30,0,0,0,1,12,5,0,0,0,17,0,1,34,0,200,0,0,200,200
370892,0,30,0,0,0,1,12,5,0,0,0,17,0,0,62,0,0,0,200,200,200
370899,0,25,0,0,0,1,10,6,0,0,200,18,0,2,200,200,3,200,200,200,200
370899,0,25,0,0,0,1,10,6,0,0,200,18,0,1,32,0,3,0,0,200,200
370899,0,25,0,0,0,1,10,6,0,0,200,18,0,0,76,200,0,0,200,200,200
370912,0,30,1,2,0,3,0,5,0,0,0,6,200,0,48,200,5,0,0,200,200
370912,0,30,1,2,0,3,0,5,0,0,0,6,200,0,33,0,0,0,0,200,200
370920,0,45,0,0,0,3,12,3,2,0,2,21,22,1,38,0,4,0,0,200,200
370920,0,45,0,0,0,3,12,3,2,0,2,21,22,1,21,0,4,0,0,200,200
370926,0,30,1,2,0,3,10,5,0,0,0,200,200,1,43,200,200,200,200,200,200
370926,0,30,1,2,0,3,10,5,0,0,0,200,200,1,36,200,0,0,0,200,200
370926,1,30,1,2,0,3,10,5,0,0,0,200,200,1,200,200,200,200,200,200,200
370931,0,20,0,12,0,3,7,5,0,0,0,16,0,0,29,200,200,0,0,200,200
370932,0,30,0,0,200,200,7,2,0,200,200,0,0,2,200,200,200,200,200,200,200
370957,0,30,0,0,0,3,10,5,0,0,0,0,0,0,53,200,200,0,12,200,200
370957,0,30,0,0,0,3,10,5,0,0,0,0,0,1,17,0,0,0,0,200,200
370960,0,30,1,2,0,3,14,2,0,0,0,17,200,0,19,0,1,0,0,200,200
370960,0,30,1,2,0,3,14,2,0,0,0,17,200,1,32,0,12,0,0,200,200
370960,1,30,1,2,0,3,14,2,0,0,0,17,200,1,19,0,200,200,200,200,200
370969,0,30,0,0,0,3,7,6,0,0,0,200,200,1,33,200,200,200,200,0.21,200
370971,0,30,0,0,0,3,7,6,0,0,0,11,200,0,26,1,12,0,0,200,200
370971,1,30,0,0,0,3,7,6,0,0,0,11,200,1,22,0,200,200,200,200,200
370979,0,25,1,200,0,0,0,2,0,0,200,0,0,0,20,200,200,200,200,200,200
370979,0,25,1,200,0,0,0,2,0,0,200,0,0,0,200,200,200,200,200,200,200
370979,1,25,1,200,0,0,0,2,0,0,200,0,0,0,19,200,200,200,200,200,200
370979,1,25,1,200,0,0,0,2,0,0,200,0,0,0,200,200,200,200,200,200,200
370981,0,30,1,2,0,3,10,2,0,0,0,16,18,0,27,0,3,0,0,200,200
370981,0,30,1,2,0,3,10,2,0,0,0,16,18,1,60,0,3,0,0,200,200
370981,1,30,1,2,0,3,10,2,0,0,0,16,18,0,33,0,200,200,200,200,200
370981,1,30,1,2,0,3,10,2,0,0,0,16,18,0,56,0,200,200,200,200,200
370993,0,30,1,2,0,3,10,5,0,0,0,32,32,1,27,200,1,200,5,200,200
370993,0,30,1,2,0,3,10,5,0,0,0,32,32,0,45,0,0,200,200,200,200
370993,1,30,1,2,0,3,10,5,0,0,0,32,32,1,21,200,200,200,200,200,200
370999,0,30,0,0,0,3,7,5,0,0,0,0,0,2,200,200,200,200,200,200,200
371000,0,30,0,2,0,0,10,2,0,0,200,0,200,0,31,200,200,200,0,200,200
371000,0,30,0,2,0,0,10,2,0,0,200,0,200,1,200,200,200,200,200,200,200
371002,0,15,0,0,0,3,2,0,0,0,0,0,25,2,200,200,200,200,200,200,200
371006,0,30,0,3,0,3,5,3,3,0,0,14,0,2,200,200,200,200,200,200,200
371010,0,15,0,0,0,3,2,0,0,0,0,0,200,2,200,200,200,200,200,200,200
371011,0,30,0,0,0,3,2,7,0,0,0,25,19,1,23,1,200,200,200,200,200
371014,0,30,1,2,0,3,9,5,0,0,0,0,200,1,58,200,1,0,0,200,200
371014,5,30,1,2,0,3,9,5,0,0,0,0,200,0,26,7,0,0,0,200,200
371020,0,30,0,0,0,3,7,2,0,0,0,16,200,0,23,200,8,0,0,200,200
371020,1,30,0,0,0,3,7,2,0,0,0,16,200,1,21,200,200,200,200,200,200
371026,0,35,200,200,0,3,7,2,0,0,200,0,200,2,200,200,200,200,200,200,200
371027,0,45,0,0,0,3,2,3,0,0,0,0,0,2,200,200,200,200,200,200,200
371035,0,30,0,0,0,3,2,5,0,0,0,32,32,0,20,200,200,200,0,200,200
371049,0,30,0,0,0,3,7,6,0,0,0,16,200,0,32,0,8,200,200,200,200
371052,0,35,1,200,0,3,0,5,0,0,0,0,0,0,23,200,200,0,0,200,200
371052,0,35,1,200,0,3,0,5,0,0,0,0,0,0,37,200,200,0,0,200,200
371056,0,30,0,0,0,3,2,0,0,0,0,0,0,0,25,0,12,0,0,200,200
371059,0,30,2,2,0,3,0,2,0,0,0,17,0,2,200,200,1,200,200,200,200
371059,0,30,2,2,0,3,0,2,0,0,0,17,0,0,28,0,14,200,0,200,200
371059,1,30,2,2,0,3,0,2,0,0,0,17,0,1,33,0,200,200,200,200,200
371064,5,30,0,0,0,0,9,5,0,0,200,0,0,1,16,200,200,200,0,200,200
371064,0,30,0,0,0,0,9,5,0,0,200,0,0,2,200,200,200,200,200,200,200
371070,0,45,0,0,0,2,5,2,0,0,200,0,0,0,56,200,12,200,0,200,200
371071,0,30,1,2,0,1,14,5,0,0,0,17,200,0,36,1,200,0,0,200,200
371071,0,30,1,2,0,1,14,5,0,0,0,17,200,0,51,0,200,0,0,200,200
371097,0,25,0,0,0,0,7,5,0,0,0,14,200,2,200,200,200,200,200,200,200
371098,0,30,1,2,0,1,2,5,0,0,0,18,18,0,23,0,200,0,0,200,200
371098,0,30,1,2,0,1,2,5,0,0,0,18,18,1,63,0,0,0,0,200,200
371100,0,0,0,0,0,1,5,3,2,0,0,12,200,0,43,200,0,0,0,200,200
371100,1,0,0,0,0,1,5,3,2,0,0,12,200,0,22,200,200,200,200,200,200
371106,0,30,2,2,0,1,14,5,0,0,0,17,200,0,23,0,1,0,0,200,200
371106,0,30,2,2,0,1,14,5,0,0,0,17,200,0,57,0,0,0,0,200,200
371106,1,30,2,2,0,1,14,5,0,0,0,17,200,1,25,0,200,200,200,200,200
371108,0,30,1,2,0,1,14,5,0,0,0,23,17,0,200,200,7,0,0,200,200
371108,0,30,1,2,0,1,14,5,0,0,0,23,17,0,44,0,0,0,0,200,200
371108,1,30,1,2,0,1,14,5,0,0,0,23,17,0,200,0,200,200,200,200,200
371111,0,30,2,2,0,1,12,5,0,0,0,0,0,1,63,200,0,12,200,200,200
371111,0,30,2,2,0,1,12,5,0,0,0,0,0,0,64,0,0,0,0,200,200
371113,0,30,0,0,0,1,7,6,0,0,0,0,200,1,23,200,10,200,200,200,200
371116,0,35,0,0,0,1,2,5,0,0,0,0,0,1,200,200,200,200,200,200,200
371117,0,30,2,2,0,1,10,5,0,0,0,0,0,2,200,200,200,200,200,200,200
371117,0,30,2,2,0,1,10,5,0,0,0,0,0,0,51,200,0,0,0,200,200
371120,0,25,0,0,0,1,12,12,3,0,0,22,200,1,200,200,2,200,200,200,200
371120,0,25,0,0,0,1,12,12,3,0,0,22,200,1,23,0,0,0,0,200,200
371122,0,30,0,0,0,1,14,2,0,0,0,18,0,2,200,200,3,200,200,200,200
371122,0,30,0,0,0,1,14,2,0,0,0,18,0,0,59,0,0,0,0,200,200
371126,0,30,2,2,0,1,14,5,0,0,0,0,0,2,200,200,5,200,200,200,200
371126,0,30,2,2,0,1,14,5,0,0,0,0,0,0,34,0,0,0,0,200,200
371128,0,30,1,2,0,1,14,5,0,0,0,0,0,1,56,1,200,0,0,200,200
371128,0,30,1,2,0,1,14,5,0,0,0,0,0,0,21,200,200,200,200,200,200
371128,1,30,1,2,0,1,14,5,0,0,0,0,0,1,24,200,200,200,200,200,200
371133,0,25,0,0,200,200,7,5,0,200,200,21,0,2,200,200,4,200,200,200,200
371140,0,30,1,2,0,1,10,5,0,0,0,0,27,1,53,0,12,0,12,200,200
371140,0,30,1,2,0,1,10,5,0,0,0,0,27,1,50,200,0,0,0,200,200
371140,1,30,1,2,0,1,10,5,0,0,0,0,27,1,44,200,200,200,200,200,200
371142,0,35,1,2,0,1,10,5,0,0,0,33,200,0,38,0,12,6,0,200,200
371142,1,35,1,2,0,1,10,5,0,0,0,33,200,1,18,200,200,200,200,200,200
371144,0,30,1,2,0,1,2,5,0,0,0,0,0,0,32,200,12,200,200,200,200
371144,0,30,1,2,0,1,2,5,0,0,0,0,0,1,64,0,0,0,0,200,200
371146,0,0,0,0,0,1,7,5,0,0,0,21,21,0,200,200,2,200,200,200,200
371147,0,30,0,0,0,1,3,5,0,0,0,20,0,0,60,200,6,200,200,200,200
371147,0,30,0,0,0,1,3,5,0,0,0,20,0,0,45,0,0,0,0,200,200
371157,0,30,2,200,200,200,7,5,0,0,0,0,200,2,200,200,200,200,200,200,200
371161,0,15,0,0,200,200,7,7,0,200,0,0,200,2,200,200,200,200,200,200,200
371166,0,30,1,1,0,1,12,5,0,0,0,0,0,0,60,200,200,200,200,200,200
371166,0,30,1,1,0,1,12,5,0,0,0,0,0,0,37,200,200,200,200,200,200
371172,0,20,0,0,0,1,7,5,0,0,0,7,200,0,46,0,12,0,0,200,200
371181,0,25,0,0,0,1,7,5,0,0,0,0,200,0,22,7,6,0,0,200,200
371183,0,15,0,0,200,200,7,7,0,200,0,0,200,0,200,200,200,200,200,200,200
371183,1,15,0,0,200,200,7,7,0,200,0,0,200,200,200,200,200,200,200,200,200
371186,0,30,0,0,0,1,10,5,0,0,0,18,200,1,26,0,3,0,0,200,200
371186,0,30,0,0,0,1,10,5,0,0,0,18,200,0,56,0,0,0,0,200,200
371186,1,30,0,0,0,1,10,5,0,0,0,18,200,0,200,0,200,200,200,200,200
371189,0,30,0,0,0,1,7,7,0,0,0,33,0,0,32,1,12,0,0,200,200
371195,0,30,2,0,0,1,11,2,0,1,0,0,200,0,200,200,1,200,200,200,200
371195,0,30,2,0,0,1,11,2,0,1,0,0,200,1,44,0,0,0,0,200,200
371202,0,30,0,0,0,1,12,5,0,0,0,0,200,1,26,0,0,0,0,200,200
371202,0,30,0,0,0,1,12,5,0,0,0,0,200,1,200,200,0,200,200,200,200
371203,0,30,0,0,0,1,12,3,0,0,0,17,200,0,22,200,1,0,0,200,200
371203,0,30,0,0,0,1,12,3,0,0,0,17,200,1,24,0,0,0,0,200,200
371203,1,30,0,0,0,1,12,3,0,0,0,17,200,200,200,0,200,200,200,200,200
371203,1,30,0,0,0,1,12,3,0,0,0,17,200,1,1,0,200,200,200,200,200
371203,1,30,0,0,0,1,12,3,0,0,0,17,200,0,2,0,200,200,200,200,200
371203,1,30,0,0,0,1,12,3,0,0,0,17,200,0,200,200,200,200,200,200,200
371203,1,30,0,0,0,1,12,3,0,0,0,17,200,0,200,200,200,200,200,200,200
371204,0,30,0,0,0,1,10,5,0,0,0,18,0,0,52,200,3,200,200,200,200
371204,0,30,0,0,0,1,10,5,0,0,0,18,0,1,61,0,0,0,0,200,200
371204,1,30,0,0,0,1,10,5,0,0,0,18,0,1,26,0,200,200,200,200,200
371205,0,30,0,0,0,1,0,5,0,0,0,0,0,0,200,200,200,200,200,200,200
371205,0,30,0,0,0,1,0,5,0,0,0,0,0,1,20,0,0,0,0,200,200
371206,4,30,0,0,0,1,8,6,0,0,0,21,0,0,21,3,200,0,0,200,200
371206,0,30,0,0,0,1,8,6,0,0,0,21,0,0,49,0,0,0,0,200,200
371209,0,30,1,2,0,1,12,2,0,0,0,21,22,1,26,0,2,0,0,200,200
371209,0,30,1,2,0,1,12,2,0,0,0,21,22,1,46,200,0,0,0,200,200
371210,0,30,1,2,0,1,14,2,0,0,0,18,0,0,200,0,8,0,0,200,200
371210,0,30,1,2,0,1,14,2,0,0,0,18,0,1,48,0,0,0,0,200,200
371219,0,30,0,0,0,1,7,6,0,0,0,0,0,0,200,200,200,200,200,200,200
371220,0,30,1,2,0,1,10,5,0,0,0,0,0,1,23,0,4,0,0,200,200
371220,0,30,1,2,0,1,10,5,0,0,0,0,0,1,27,0,0,0,0,200,200
371220,1,30,1,2,0,1,10,5,0,0,0,0,0,1,25,0,200,200,200,200,200
371223,0,30,1,0,0,1,10,3,0,0,0,17,17,0,48,200,1,200,200,200,200
371223,0,30,1,0,0,1,10,3,0,0,0,17,17,0,59,0,0,0,0,200,200
371224,0,30,2,2,0,3,9,6,0,0,0,17,200,2,200,200,1,200,200,200,200
371224,5,30,2,2,0,3,9,6,0,0,0,17,200,1,28,7,0,200,200,200,200
371233,0,20,0,0,0,1,7,6,0,0,0,0,0,2,200,200,200,200,200,200,200
371237,0,30,0,0,0,1,12,5,0,0,0,21,0,1,200,200,4,200,200,200,200
371237,0,30,0,0,0,1,12,5,0,0,0,21,0,1,55,0,0,0,0,200,200
371245,0,30,0,0,0,1,7,5,0,0,0,33,20,0,63,0,6,12,0,200,200
371251,0,30,1,2,0,1,0,12,0,0,0,6,6,1,23,0,5,6,0,200,200
371251,0,30,1,2,0,1,0,12,0,0,0,6,6,1,47,0,0,0,0,200,200
371266,0,20,0,0,0,1,12,2,0,0,0,17,22,0,200,200,1,0,200,200,200
371266,0,20,0,0,0,1,12,2,0,0,0,17,22,0,32,200,0,0,0,200,200
371279,0,30,0,0,0,1,10,2,0,0,0,200,200,0,37,0,12,0,0,200,200
371279,0,30,0,0,0,1,10,2,0,0,0,200,200,1,42,0,0,0,0,200,200
371279,1,30,0,0,0,1,10,2,0,0,0,200,200,0,33,0,200,200,200,200,200
371288,0,30,0,0,200,200,7,3,0,200,200,0,200,2,200,200,200,200,200,200,200
371291,0,25,2,2,0,1,12,5,0,0,0,22,22,0,200,200,2,200,200,200,200
371291,0,25,2,2,0,1,12,5,0,0,0,22,22,0,42,0,0,0,0,200,200
371294,0,30,0,0,0,3,7,5,0,0,0,0,0,2,200,200,200,200,200,200,200
371300,0,10,0,0,0,1,7,7,0,0,0,0,11,1,200,200,6,200,200,200,200