RD_NO,PERSON_TYPE,POSTED_SPEED_LIMIT,TRAFFIC_CONTROL_DEVICE,DEVICE_CONDITION,WEATHER_CONDITION,LIGHTING_CONDITION,FIRST_CRASH_TYPE,TRAFFICWAY_TYPE,ALIGNMENT,ROADWAY_SURFACE_COND,ROAD_DEFECT,PRIM_CONTRIBUTORY_CAUSE,SEC_CONTRIBUTORY_CAUSE,SEX,AGE,SAFETY_EQUIPMENT,DRIVER_ACTION,DRIVER_VISION,PHYSICAL_CONDITION,BAC_RESULT VALUE,CELL_PHONE_USE
371301,0,30,0,0,0,1,7,12,2,0,0,0,0,0,22,200,12,0,0,200,200
371301,1,30,0,0,0,1,7,12,2,0,0,0,0,200,200,1,200,200,200,200,200
371302,0,30,0,0,0,1,7,6,0,0,0,0,200,1,37,0,8,200,0,200,200
371312,0,30,0,0,0,0,7,2,0,0,0,0,200,2,200,200,200,200,200,200,200
371314,0,30,1,2,200,1,14,5,0,200,200,0,0,2,200,200,1,200,200,200,200
371314,0,30,1,2,200,1,14,5,0,200,200,0,0,1,62,200,0,200,0,200,200
371324,0,30,0,0,0,1,10,5,0,0,0,17,0,0,40,0,7,0,0,200,200
371324,0,30,0,0,0,1,10,5,0,0,0,17,0,0,27,0,0,0,0,200,200
371326,0,30,1,2,0,1,10,1,0,0,0,18,200,1,36,0,3,0,0,200,200
371326,0,30,1,2,0,1,10,1,0,0,0,18,200,1,51,0,0,0,0,200,200
371326,1,30,1,2,0,1,10,1,0,0,0,18,200,0,4,5,200,200,200,200,200
371326,1,30,1,2,0,1,10,1,0,0,0,18,200,0,3,5,200,200,200,200,200
371326,1,30,1,2,0,1,10,1,0,0,0,18,200,1,1,5,200,200,200,200,200
371336,0,30,0,0,0,3,14,5,0,0,0,22,10,2,200,200,200,200,200,200,200
371336,0,30,0,0,0,3,14,5,0,0,0,22,10,0,35,0,0,0,0,200,200
371338,0,0,0,0,0,1,7,7,0,0,0,20,200,0,22,200,6,200,0,200,200
371339,0,25,2,0,0,1,7,6,0,0,0,0,200,0,42,200,0,0,0,200,200
371342,0,15,0,0,200,200,7,5,0,200,0,0,0,2,200,200,200,200,200,200,200
371345,0,35,0,0,0,1,7,5,0,0,0,0,0,2,200,200,0,200,200,200,200
371348,0,30,1,2,0,1,14,5,0,0,0,23,17,1,25,0,7,0,0,200,200
371348,0,30,1,2,0,1,14,5,0,0,0,23,17,0,54,0,0,0,0,200,200
371348,1,30,1,2,0,1,14,5,0,0,0,23,17,1,50,0,200,200,200,200,200
371348,1,30,1,2,0,1,14,5,0,0,0,23,17,0,17,0,200,200,200,200,200
371352,0,30,2,2,0,3,0,5,0,0,0,17,0,2,200,200,1,200,200,200,200
371352,0,30,2,2,0,3,0,5,0,0,0,17,0,0,45,0,0,0,0,200,200
371353,0,30,0,0,0,0,7,5,0,0,0,0,200,1,29,200,12,200,200,200,200
371355,0,30,0,0,0,1,7,6,0,0,0,0,200,2,200,200,200,200,200,200,200
371362,0,30,0,0,0,3,7,5,0,0,0,0,0,2,200,200,200,200,200,200,200
371371,0,30,0,0,0,1,10,1,0,0,0,18,16,0,30,0,3,0,0,200,200
371371,0,30,0,0,0,1,10,1,0,0,0,18,16,0,24,0,0,0,0,200,200
371373,0,25,0,0,200,1,7,6,0,200,0,11,200,0,200,200,7,200,200,200,200
371379,0,30,0,0,0,1,10,5,0,0,0,0,200,0,200,200,200,200,200,200,200
371379,0,30,0,0,0,1,10,5,0,0,0,0,200,1,27,0,0,0,0,200,200
371382,0,0,0,0,0,1,7,5,0,0,0,33,0,1,27,0,6,5,0,200,200
371386,0,30,0,0,0,1,2,7,0,0,0,200,200,2,200,200,200,200,200,200,200
371386,0,30,0,0,0,1,2,7,0,0,0,200,200,2,200,200,200,200,200,200,200
371390,0,30,1,2,0,1,10,5,0,0,0,0,18,0,55,0,3,0,0,200,200
371390,0,30,1,2,0,1,10,5,0,0,0,0,18,0,0,0,12,0,0,200,200
371395,0,30,0,0,0,1,0,12,0,0,0,17,200,0,200,200,1,200,200,200,200
371395,0,30,0,0,0,1,0,12,0,0,0,17,200,0,37,7,0,0,0,200,200
371397,0,15,0,0,0,1,10,7,0,0,0,20,200,0,48,0,6,0,0,200,200
371397,0,15,0,0,0,1,10,7,0,0,0,20,200,1,57,0,0,0,0,200,200
371400,0,30,0,0,0,1,0,2,0,0,0,0,200,0,200,200,200,200,200,200,200
371400,0,30,0,0,0,1,0,2,0,0,0,0,200,0,27,0,0,0,0,200,200
371409,0,30,12,2,0,1,7,7,0,0,0,0,0,2,200,200,200,200,200,200,200
371415,0,30,0,0,0,1,10,6,0,0,0,0,200,1,39,0,200,0,0,200,200
371415,0,30,0,0,0,1,10,6,0,0,0,0,200,0,44,0,200,0,0,200,200
371415,1,30,0,0,0,1,10,6,0,0,0,0,200,1,47,0,200,200,200,200,200
371415,1,30,0,0,0,1,10,6,0,0,0,0,200,0,200,0,200,200,200,200,200
371417,0,20,0,0,0,1,11,5,0,0,0,22,0,1,62,200,2,200,200,200,200
371417,0,20,0,0,0,1,11,5,0,0,0,22,0,1,62,0,0,0,0,200,200
371418,0,30,0,0,0,1,10,6,0,0,3,18,200,0,38,0,3,0,0,200,200
371418,0,30,0,0,0,1,10,6,0,0,3,18,200,0,72,0,0,0,0,200,200
371418,1,30,0,0,0,1,10,6,0,0,3,18,200,1,34,0,200,200,200,200,200
371418,1,30,0,0,0,1,10,6,0,0,3,18,200,200,200,5,200,200,200,200,200
371418,1,30,0,0,0,1,10,6,0,0,3,18,200,200,200,5,200,200,200,200,200
371418,1,30,0,0,0,1,10,6,0,0,3,18,200,200,200,0,200,200,200,200,200
371420,0,30,0,0,0,1,0,5,0,0,0,21,0,0,200,200,1,200,0,200,200
371420,0,30,0,0,0,1,0,5,0,0,0,21,0,0,73,0,0,0,0,200,200
371426,0,25,0,0,0,1,10,2,0,0,0,200,200,0,43,0,3,0,0,200,200
371426,0,25,0,0,0,1,10,2,0,0,0,200,200,0,200,200,0,200,200,200,200
371427,0,30,0,0,0,1,7,200,0,0,0,0,200,2,200,200,200,200,200,200,200
371429,0,30,0,0,0,1,14,5,0,0,0,23,0,1,53,0,7,1,0,200,200
371429,0,30,0,0,0,1,14,5,0,0,0,23,0,1,41,0,200,0,0,200,200
371429,1,30,0,0,0,1,14,5,0,0,0,23,0,0,69,0,200,200,200,200,200
371429,1,30,0,0,0,1,14,5,0,0,0,23,0,1,87,0,200,200,200,200,200
371429,1,30,0,0,0,1,14,5,0,0,0,23,0,0,9,0,200,200,200,200,200
371429,1,30,0,0,0,1,14,5,0,0,0,23,0,0,200,0,200,200,200,200,200
371432,0,20,0,0,0,1,8,0,0,0,0,17,200,2,200,200,1,200,200,200,200
371432,4,20,0,0,0,1,8,0,0,0,0,17,200,1,69,2,0,200,200,200,200
371438,0,30,0,0,0,3,7,6,0,0,0,0,200,2,200,200,200,200,200,200,200
371442,0,30,1,2,0,4,12,2,0,0,0,18,200,1,26,200,3,200,200,200,200
371442,0,30,1,2,0,4,12,2,0,0,0,18,200,0,61,200,12,0,0,200,200
371446,0,30,1,2,0,1,10,2,0,0,0,18,0,1,42,200,3,0,0,200,200
371446,0,30,1,2,0,1,10,2,0,0,0,18,0,0,25,200,0,0,0,200,200
371449,0,30,0,0,0,1,10,3,0,0,0,18,16,1,48,0,3,0,0,200,200
371449,0,30,0,0,0,1,10,3,0,0,0,18,16,1,78,0,0,0,0,200,200
371449,1,30,0,0,0,1,10,3,0,0,0,18,16,1,78,0,200,200,200,200,200
371449,1,30,0,0,0,1,10,3,0,0,0,18,16,1,84,0,200,200,200,200,200
371449,1,30,0,0,0,1,10,3,0,0,0,18,16,1,67,0,200,200,200,200,200
371451,0,30,0,0,0,2,0,5,0,0,0,33,17,0,30,200,1,1,0,200,200
371451,0,30,0,0,0,2,0,5,0,0,0,33,17,0,39,200,0,0,0,200,200
371455,0,30,1,2,0,1,10,5,0,0,0,18,200,0,19,200,1,0,200,200,200
371455,0,30,1,2,0,1,10,5,0,0,0,18,200,1,45,0,0,0,0,200,200
371457,0,30,0,0,0,1,10,5,0,0,0,0,0,0,27,0,1,0,0,200,200
371457,0,30,0,0,0,1,10,5,0,0,0,0,0,1,38,0,0,0,0,200,200
371459,0,25,0,0,200,200,7,5,0,200,200,0,0,2,200,200,200,200,200,200,200
371463,0,0,0,0,0,1,7,7,0,0,200,0,200,2,200,200,200,200,200,200,200
371467,0,30,0,0,200,200,7,6,0,200,200,0,200,2,200,200,200,200,200,200,200
371468,0,30,12,200,0,0,7,6,0,0,200,0,0,2,200,200,200,200,200,200,200
371470,0,30,1,2,0,1,0,3,0,0,0,6,16,0,19,0,5,0,0,200,200
371470,0,30,1,2,0,1,0,3,0,0,0,6,16,0,46,0,0,0,0,200,200
371470,1,30,1,2,0,1,0,3,0,0,0,6,16,1,19,0,200,200,200,200,200
371470,1,30,1,2,0,1,0,3,0,0,0,6,16,1,32,0,200,200,200,200,200
371470,1,30,1,2,0,1,0,3,0,0,0,6,16,1,6,0,200,200,200,200,200
371470,1,30,1,2,0,1,0,3,0,0,0,6,16,0,0,5,200,200,200,200,200
371475,0,30,0,0,0,1,7,6,0,0,0,0,0,2,200,200,200,200,200,200,200
371477,0,30,1,3,0,1,7,5,0,0,0,11,11,0,58,0,12,0,2,200,200
371480,0,30,0,0,0,1,10,6,0,0,0,18,200,0,57,0,3,0,0,200,200
371480,0,30,0,0,0,1,10,6,0,0,0,18,200,1,45,0,0,0,0,200,200
371480,0,30,0,0,0,1,10,6,0,0,0,18,200,0,74,0,0,0,0,200,200
371480,0,30,0,0,0,1,10,6,0,0,0,18,200,1,26,0,0,0,0,200,200
371483,0,30,0,0,0,1,10,5,2,0,0,16,200,1,53,200,12,0,0,200,200
371483,0,30,0,0,0,1,10,5,2,0,0,16,200,1,46,200,0,0,0,200,200
371487,0,30,0,0,0,1,7,5,0,0,0,11,200,0,19,0,10,0,0,200,200
371493,0,30,2,2,0,1,9,5,0,0,0,11,200,0,74,0,200,0,0,200,200
371493,5,30,2,2,0,1,9,5,0,0,0,11,200,0,25,3,0,0,0,200,200
371493,1,30,2,2,0,1,9,5,0,0,0,11,200,1,200,0,200,200,200,200,200
371498,0,30,1,2,0,1,0,2,0,0,0,6,16,1,36,0,5,0,0,200,200
371498,0,30,1,2,0,1,0,2,0,0,0,6,16,0,29,0,0,0,0,200,200
371498,1,30,1,2,0,1,0,2,0,0,0,6,16,1,36,0,200,200,200,200,200
371498,1,30,1,2,0,1,0,2,0,0,0,6,16,0,15,0,200,200,200,200,200
371501,0,0,1,2,0,3,14,5,0,0,0,17,31,1,200,200,7,200,200,200,200
371501,0,0,1,2,0,3,14,5,0,0,0,17,31,1,30,0,0,0,0,200,200
371501,1,0,1,2,0,3,14,5,0,0,0,17,31,0,200,0,200,200,200,200,200
371501,1,0,1,2,0,3,14,5,0,0,0,17,31,0,200,0,200,200,200,200,200
371502,0,30,0,0,0,200,7,6,0,0,0,0,200,2,200,200,200,200,200,200,200
371505,0,30,1,2,0,1,14,2,0,0,0,17,200,0,200,200,1,0,0,200,200
371505,0,30,1,2,0,1,14,2,0,0,0,17,200,1,64,0,0,0,0,200,200
371505,1,30,1,2,0,1,14,2,0,0,0,17,200,1,17,0,200,200,200,200,200
371509,0,30,1,2,0,1,10,5,0,0,0,20,20,0,55,200,6,200,200,200,200
371509,0,30,1,2,0,1,10,5,0,0,0,20,20,0,39,200,0,0,0,200,200
371516,0,25,0,0,0,1,7,5,0,0,0,20,200,1,200,200,200,200,200,200,200
371529,0,35,2,2,0,1,12,5,0,0,0,0,200,1,200,0,0,200,0,200,200
371529,0,35,2,2,0,1,12,5,0,0,0,0,200,1,200,0,200,200,0,200,200
371530,0,30,0,0,0,1,12,6,0,0,0,0,0,0,200,200,1,0,0,200,200
371530,0,30,0,0,0,1,12,6,0,0,0,0,0,0,200,0,0,0,0,200,200
371531,0,25,0,0,0,1,10,5,0,0,0,18,0,0,200,200,3,200,200,200,200
371531,0,25,0,0,0,1,10,5,0,0,0,18,0,0,66,200,0,0,0,200,200
371531,0,25,0,0,0,1,10,5,0,0,0,18,0,1,200,200,3,0,0,200,200
371533,0,25,1,2,0,3,10,5,0,0,0,18,200,1,200,200,3,200,200,200,200
371533,0,25,1,2,0,3,10,5,0,0,0,18,200,1,34,0,0,0,0,200,200
371535,0,15,0,0,0,1,0,7,0,0,0,0,200,0,41,0,6,0,0,200,200
371535,0,15,0,0,0,1,0,7,0,0,0,0,200,0,32,0,200,0,0,200,200
371535,1,15,0,0,0,1,0,7,0,0,0,0,200,0,88,0,200,200,200,200,200
371542,0,30,1,2,0,3,5,5,0,0,1,200,200,0,68,0,0,0,0,200,200
371554,0,10,0,0,0,1,7,7,0,0,0,20,0,1,19,0,6,0,0,200,200
371555,0,30,0,0,0,1,12,3,0,0,0,22,200,0,28,0,2,0,0,200,200
371555,0,30,0,0,0,1,12,3,0,0,0,22,200,0,63,0,0,0,0,200,200
371567,0,35,0,0,0,1,10,5,0,0,0,0,0,2,200,200,200,200,200,200,200
371567,0,35,0,0,0,1,10,5,0,0,0,0,0,1,60,0,0,0,0,200,200
371567,1,35,0,0,0,1,10,5,0,0,0,0,0,1,45,0,200,200,200,200,200
371567,1,35,0,0,0,1,10,5,0,0,0,0,0,1,30,0,200,200,200,200,200
371569,0,35,1,2,0,1,12,12,0,0,0,4,200,0,49,200,4,12,0,200,200
371569,0,35,1,2,0,1,12,12,0,0,0,4,200,1,63,200,0,0,0,200,200
371570,0,15,0,0,0,1,7,0,0,0,0,0,0,0,30,0,2,0,0,200,200
371573,0,30,0,0,0,1,12,2,0,0,200,17,11,1,58,0,1,0,0,200,200
371573,0,30,0,0,0,1,12,2,0,0,200,17,11,0,26,0,0,0,0,200,200
371573,1,30,0,0,0,1,12,2,0,0,200,17,11,1,23,7,200,200,200,200,200
371578,0,30,0,0,0,1,12,5,0,0,0,17,16,1,30,0,4,0,0,200,200
371578,0,30,0,0,0,1,12,5,0,0,0,17,16,1,49,0,0,0,0,200,200
371578,1,30,0,0,0,1,12,5,0,0,0,17,16,1,200,0,200,200,200,200,200
371590,0,30,0,200,1,1,2,200,0,0,1,0,200,0,83,7,0,0,0,200,200
371594,0,30,0,0,0,2,7,6,0,0,0,0,200,2,200,200,200,200,200,200,200
371595,0,30,0,0,0,1,14,5,0,0,0,17,0,1,24,200,1,0,0,200,200
371595,0,30,0,0,0,1,14,5,0,0,0,17,0,0,50,200,0,0,0,200,200
371595,1,30,0,0,0,1,14,5,0,0,0,17,0,1,24,200,200,200,200,200,200
371595,1,30,0,0,0,1,14,5,0,0,0,17,0,1,0,200,200,200,200,200,200
371595,1,30,0,0,0,1,14,5,0,0,0,17,0,1,26,200,200,200,200,200,200
371597,0,30,0,0,0,1,10,5,0,0,0,18,200,0,35,200,3,200,200,200,200
371597,0,30,0,0,0,1,10,5,0,0,0,18,200,0,32,0,0,0,0,200,200
371597,1,30,0,0,0,1,10,5,0,0,0,18,200,0,27,0,200,200,200,200,200
371597,1,30,0,0,0,1,10,5,0,0,0,18,200,1,58,0,200,200,200,200,200
371597,1,30,0,0,0,1,10,5,0,0,0,18,200,0,15,0,200,200,200,200,200
371605,0,20,0,0,0,1,7,5,0,0,0,200,200,0,200,200,12,200,200,200,200
371614,0,30,0,0,0,1,10,2,0,0,200,18,0,1,200,200,3,200,200,200,200
371614,0,30,0,0,0,1,10,2,0,0,200,18,0,0,77,0,0,0,0,200,200
371623,0,30,1,2,0,1,12,6,0,0,0,0,200,0,88,200,1,200,200,200,200
371623,0,30,1,2,0,1,12,6,0,0,0,0,200,1,39,0,0,0,0,200,200
371626,0,30,1,2,0,1,12,3,0,0,200,0,35,1,29,200,200,200,200,200,200
371626,0,30,1,2,0,1,12,3,0,0,200,0,35,0,41,200,200,200,200,200,200
371627,0,30,0,0,0,1,10,6,0,0,0,0,0,0,200,0,6,0,0,200,200
371627,0,30,0,0,0,1,10,6,0,0,0,0,0,0,200,0,0,0,0,200,200
371629,0,30,1,2,0,1,12,6,0,0,0,17,0,0,200,200,1,0,0,200,200
371629,0,30,1,2,0,1,12,6,0,0,0,17,0,1,200,0,0,0,0,200,200
371631,0,30,0,200,0,1,8,5,0,0,0,200,200,1,29,0,0,0,0,200,200
371631,4,30,0,200,0,1,8,5,0,0,0,200,200,0,34,3,0,0,0,200,200
371637,0,20,0,0,0,1,7,6,0,0,0,0,0,2,200,200,200,200,200,200,200
371639,0,30,0,0,0,1,10,2,0,0,200,18,200,0,29,0,3,200,0,200,200
371639,0,30,0,0,0,1,10,2,0,0,200,18,200,1,26,0,0,0,0,200,200
371639,0,30,0,0,0,1,10,2,0,0,200,18,200,1,28,0,0,0,0,200,200
371639,0,30,0,0,0,1,10,2,0,0,200,18,200,0,28,0,0,0,0,200,200
371639,1,30,0,0,0,1,10,2,0,0,200,18,200,1,200,0,200,200,200,200,200
371642,0,30,1,2,0,1,14,6,0,0,0,23,21,0,32,200,7,0,0,200,200
371642,0,30,1,2,0,1,14,6,0,0,0,23,21,0,36,200,0,0,0,200,200
371656,0,30,2,2,0,1,7,2,0,0,0,0,0,1,74,0,200,200,0,200,200
371662,0,20,2,2,0,1,0,5,0,0,0,5,0,0,46,0,5,3,0,200,200
371662,0,20,2,2,0,1,0,5,0,0,0,5,0,0,20,0,0,0,0,200,200
371671,0,30,1,2,0,1,14,5,0,0,0,31,200,1,68,200,200,200,1,200,200
371671,0,30,1,2,0,1,14,5,0,0,0,31,200,1,39,0,0,0,0,200,200
371671,1,30,1,2,0,1,14,5,0,0,0,31,200,0,72,200,200,200,200,200,200
371671,1,30,1,2,0,1,14,5,0,0,0,31,200,0,3,5,200,200,200,200,200
371671,1,30,1,2,0,1,14,5,0,0,0,31,200,0,2,5,200,200,200,200,200
371671,1,30,1,2,0,1,14,5,0,0,0,31,200,0,5,5,200,200,200,200,200
371671,1,30,1,2,0,1,14,5,0,0,0,31,200,0,8,5,200,200,200,200,200
371676,0,30,0,0,0,1,7,5,0,0,0,17,200,0,69,3,0,0,0,200,200
371679,0,30,0,0,0,3,7,6,0,0,0,0,200,2,200,200,200,200,200,200,200
371681,0,30,0,0,0,1,7,2,0,0,0,22,200,0,38,200,2,200,0,200,200
371682,0,30,1,2,0,1,7,5,0,0,0,0,0,2,200,200,0,200,200,200,200
371689,0,30,0,0,0,1,14,5,0,0,0,23,16,1,17,7,7,0,0,200,200
371689,0,30,0,0,0,1,14,5,0,0,0,23,16,0,69,7,0,0,0,200,200
371704,0,30,1,2,0,1,10,5,0,0,0,18,17,1,57,0,1,0,0,200,200
371704,0,30,1,2,0,1,10,5,0,0,0,18,17,1,21,0,0,200,0,200,200
371706,0,30,1,2,0,1,12,5,0,0,0,0,200,0,62,200,200,0,0,200,200
371706,0,30,1,2,0,1,12,5,0,0,0,0,200,0,18,200,200,0,0,200,200
371708,0,20,0,0,0,3,7,5,0,0,0,0,0,0,200,200,200,200,200,200,200
371711,0,15,0,0,0,1,11,7,0,0,0,20,200,1,31,0,6,0,0,200,200
371711,0,15,0,0,0,1,11,7,0,0,0,20,200,0,69,0,0,0,0,200,200
371715,0,30,1,2,0,1,12,2,0,0,200,0,200,1,39,200,200,200,200,200,200
371715,0,30,1,2,0,1,12,2,0,0,200,0,200,1,39,200,200,200,200,200,200
371717,0,30,1,2,0,1,10,5,0,0,0,18,200,1,37,0,1,0,0,200,200
371717,0,30,1,2,0,1,10,5,0,0,0,18,200,0,38,0,0,0,0,200,200
371721,0,30,0,0,0,1,14,7,0,0,0,18,200,0,20,0,3,200,0,200,200
371721,0,30,0,0,0,1,14,7,0,0,0,18,200,1,38,0,0,0,0,200,200
371721,1,30,0,0,0,1,14,7,0,0,0,18,200,1,36,0,200,200,200,200,200
371723,0,30,0,0,0,1,14,5,0,0,0,21,200,0,29,0,12,0,0,200,200
371723,0,30,0,0,0,1,14,5,0,0,0,21,200,0,62,0,0,0,0,200,200
371724,0,30,0,0,0,1,7,5,0,0,0,0,0,0,200,200,200,200,200,200,200
371724,1,30,0,0,0,1,7,5,0,0,0,0,0,0,200,0,200,200,200,200,200
371727,0,20,0,0,200,200,7,6,0,200,200,0,200,2,200,200,200,200,200,200,200
371742,0,30,1,2,0,1,12,5,0,0,0,0,0,0,200,0,4,0,0,200,200
371742,0,30,1,2,0,1,12,5,0,0,0,0,0,0,200,0,0,0,0,200,200
371746,0,30,0,0,0,1,0,12,0,0,0,17,200,1,27,0,1,0,0,200,200
371746,0,30,0,0,0,1,0,12,0,0,0,17,200,0,56,0,0,0,0,200,200
371746,1,30,0,0,0,1,0,12,0,0,0,17,200,1,0,5,200,200,200,200,200
371746,1,30,0,0,0,1,0,12,0,0,0,17,200,1,4,5,200,200,200,200,200
371746,1,30,0,0,0,1,0,12,0,0,0,17,200,1,57,0,200,200,200,200,200
371746,1,30,0,0,0,1,0,12,0,0,0,17,200,0,29,0,200,200,200,200,200
371750,0,30,2,0,0,1,14,5,0,0,200,0,200,0,64,200,7,200,0,200,200
371750,0,30,2,0,0,1,14,5,0,0,200,0,200,0,24,200,1,200,0,200,200
371753,0,30,2,0,0,1,8,6,0,0,0,17,0,1,54,0,1,0,0,200,200
371753,4,30,2,0,0,1,8,6,0,0,0,17,0,0,66,7,7,1,0,200,200
371754,0,30,1,2,0,1,10,5,0,0,200,18,200,0,36,0,3,0,0,200,200
371754,0,30,1,2,0,1,10,5,0,0,200,18,200,1,29,200,0,0,0,200,200
371754,1,30,1,2,0,1,10,5,0,0,200,18,200,1,25,200,200,200,200,200,200
371754,1,30,1,2,0,1,10,5,0,0,200,18,200,0,31,200,200,200,200,200,200
371758,0,30,0,0,0,1,12,6,0,0,0,7,0,0,200,0,12,0,0,200,200
371758,0,30,0,0,0,1,12,6,0,0,0,7,0,1,200,0,0,0,0,200,200
371758,1,30,0,0,0,1,12,6,0,0,0,7,0,0,200,200,200,200,200,200,200
371765,0,30,0,0,0,1,7,6,0,0,0,200,200,2,200,200,0,200,200,200,200
371766,0,30,0,0,0,200,7,5,0,0,0,0,0,2,200,200,200,200,200,200,200
371767,0,30,0,0,0,1,10,2,0,0,0,16,200,0,24,0,12,0,0,200,200
371767,0,30,0,0,0,1,10,2,0,0,0,16,200,0,60,0,0,0,0,200,200
371772,0,30,0,0,0,1,14,6,0,0,0,0,200,1,43,7,0,0,0,200,200
371772,0,30,0,0,0,1,14,6,0,0,0,0,200,1,56,7,0,0,0,200,200
371774,0,30,0,0,0,1,0,12,0,0,0,20,16,0,200,200,6,0,3,200,200
371774,0,30,0,0,0,1,0,12,0,0,0,20,16,0,200,0,0,0,0,200,200
371777,0,30,0,0,0,1,10,5,0,0,0,18,18,0,28,0,3,0,0,200,200
371777,0,30,0,0,0,1,10,5,0,0,0,18,18,0,63,0,0,0,0,200,200
371777,0,30,0,0,0,1,10,5,0,0,0,18,18,1,33,0,0,0,0,200,200
371777,1,30,0,0,0,1,10,5,0,0,0,18,18,0,14,0,200,200,200,200,200
371778,0,30,1,2,0,1,14,6,0,0,0,23,17,0,26,0,7,0,0,200,200
371778,0,30,1,2,0,1,14,6,0,0,0,23,17,0,40,0,0,0,0,200,200
371780,0,30,0,0,0,1,14,12,0,0,0,20,33,0,55,200,6,200,0,200,200
371780,0,30,0,0,0,1,14,12,0,0,0,20,33,1,23,200,0,0,0,200,200
371783,0,0,0,0,0,1,0,7,0,0,0,200,200,1,66,0,0,0,0,200,200
371783,0,0,0,0,0,1,0,7,0,0,0,200,200,1,25,0,0,0,0,200,200
371783,1,0,0,0,0,1,0,7,0,0,0,200,200,0,5,5,200,200,200,200,200
371783,1,0,0,0,0,1,0,7,0,0,0,200,200,1,3,5,200,200,200,200,200
371784,0,30,0,0,0,1,10,2,0,0,0,18,18,0,43,0,3,0,0,200,200
371784,0,30,0,0,0,1,10,2,0,0,0,18,18,0,59,200,0,200,200,200,200
371786,0,30,0,0,0,200,7,6,0,0,0,0,0,2,200,200,200,200,200,200,200
371788,0,30,1,2,0,1,10,5,0,0,0,0,200,0,40,0,1,0,0,200,200
371788,0,30,1,2,0,1,10,5,0,0,0,0,200,1,57,0,0,0,0,200,200
371792,0,30,0,0,0,1,14,2,0,0,0,17,17,0,73,0,1,200,0,200,200
371792,0,30,0,0,0,1,14,2,0,0,0,17,17,0,54,0,0,0,0,200,200
371794,0,30,0,0,0,1,10,5,0,0,0,16,200,0,39,200,3,0,0,200,200
371794,0,30,0,0,0,1,10,5,0,0,0,16,200,0,21,200,3,0,0,200,200
371794,0,30,0,0,0,1,10,5,0,0,0,16,200,1,30,200,200,0,0,200,200
371794,1,30,0,0,0,1,10,5,0,0,0,16,200,0,29,200,200,200,200,200,200
371799,0,30,1,2,0,1,14,2,0,0,0,6,0,2,200,200,5,200,200,200,200
371799,0,30,1,2,0,1,14,2,0,0,0,6,0,1,37,0,0,0,0,200,200
371804,0,30,0,0,0,1,10,4,0,0,0,0,0,0,200,0,3,0,0,200,200
371804,0,30,0,0,0,1,10,4,0,0,0,0,0,0,200,0,0,0,0,200,200
371815,0,30,1,200,0,1,10,5,0,0,0,18,200,0,67,0,3,200,0,200,200
371815,0,30,1,200,0,1,10,5,0,0,0,18,200,0,31,0,200,200,0,200,200
371815,0,30,1,200,0,1,10,5,0,0,0,18,200,1,45,0,200,200,0,200,200
371818,0,30,1,2,0,1,14,1,0,0,0,0,0,0,66,0,12,0,0,200,200
371818,0,30,1,2,0,1,14,1,0,0,0,0,0,0,37,0,200,0,0,200,200
371818,1,30,1,2,0,1,14,1,0,0,0,0,0,0,14,0,200,200,200,200,200
371820,0,30,0,0,0,1,14,5,0,0,0,200,200,0,200,200,0,200,200,200,200
371820,0,30,0,0,0,1,14,5,0,0,0,200,200,0,25,7,0,0,0,200,200
371820,1,30,0,0,0,1,14,5,0,0,0,200,200,1,200,0,200,200,200,200,200
371835,0,30,0,0,0,1,7,5,0,0,0,33,11,0,42,200,2,5,0,200,200
371838,0,25,0,0,0,1,10,5,0,0,0,18,0,0,34,200,3,0,0,200,200
371838,0,25,0,0,0,1,10,5,0,0,0,18,0,1,20,200,0,0,0,200,200
371838,0,25,0,0,0,1,10,5,0,0,0,18,0,1,51,200,0,0,0,200,200
371838,1,25,0,0,0,1,10,5,0,0,0,18,0,1,18,200,200,200,200,200,200
371838,1,25,0,0,0,1,10,5,0,0,0,18,0,1,41,200,200,200,200,200,200
371839,0,30,0,0,0,1,12,6,0,0,0,0,0,0,33,0,12,0,0,200,200
371839,0,30,0,0,0,1,12,6,0,0,0,0,0,0,200,200,0,200,200,200,200
371842,0,30,0,200,0,1,10,2,0,0,200,16,200,0,47,200,12,200,0,200,200
371842,0,30,0,200,0,1,10,2,0,0,200,16,200,0,48,200,0,200,0,200,200
371844,0,30,200,200,200,1,10,5,0,0,0,18,200,1,200,200,3,200,200,200,200
371844,0,30,200,200,200,1,10,5,0,0,0,18,200,0,60,0,0,0,0,200,200
371845,0,30,0,0,0,1,12,5,0,0,0,0,0,1,200,200,4,200,200,200,200
371845,0,30,0,0,0,1,12,5,0,0,0,0,0,1,50,7,0,0,0,200,200
371846,0,30,0,0,0,1,12,5,0,0,0,16,200,0,44,0,8,0,0,200,200
371846,0,30,0,0,0,1,12,5,0,0,0,16,200,1,56,0,200,0,0,200,200
371846,1,30,0,0,0,1,12,5,0,0,0,16,200,0,22,0,200,200,200,200,200
371846,1,30,0,0,0,1,12,5,0,0,0,16,200,0,28,0,200,200,200,200,200
371846,1,30,0,0,0,1,12,5,0,0,0,16,200,0,38,0,200,200,200,200,200
371846,1,30,0,0,0,1,12,5,0,0,0,16,200,1,13,0,200,200,200,200,200
371846,1,30,0,0,0,1,12,5,0,0,0,16,200,1,13,0,200,200,200,200,200
371846,1,30,0,0,0,1,12,5,0,0,0,16,200,0,3,5,200,200,200,200,200
371849,0,30,0,0,0,1,10,5,0,0,0,18,200,0,31,200,3,200,200,200,200