RD_NO,PERSON_TYPE,POSTED_SPEED_LIMIT,TRAFFIC_CONTROL_DEVICE,DEVICE_CONDITION,WEATHER_CONDITION,LIGHTING_CONDITION,FIRST_CRASH_TYPE,TRAFFICWAY_TYPE,ALIGNMENT,ROADWAY_SURFACE_COND,ROAD_DEFECT,PRIM_CONTRIBUTORY_CAUSE,SEC_CONTRIBUTORY_CAUSE,SEX,AGE,SAFETY_EQUIPMENT,DRIVER_ACTION,DRIVER_VISION,PHYSICAL_CONDITION,BAC_RESULT VALUE,CELL_PHONE_USE
371849,0,30,0,0,0,1,10,5,0,0,0,18,200,0,45,0,0,0,0,200,200
371849,1,30,0,0,0,1,10,5,0,0,0,18,200,0,200,0,200,200,200,200,200
371853,0,35,0,0,0,1,7,5,0,0,3,0,0,1,29,200,0,0,0,200,200
371855,0,30,1,2,0,1,10,5,0,0,0,18,0,2,200,200,3,200,200,200,200
371855,0,30,1,2,0,1,10,5,0,0,0,18,0,0,30,0,0,0,0,200,200
371857,0,30,0,0,0,1,10,2,0,0,0,0,0,2,200,200,200,200,200,200,200
371857,0,30,0,0,0,1,10,2,0,0,0,0,0,0,63,0,0,0,0,200,200
371857,0,30,0,0,0,1,10,2,0,0,0,0,0,0,41,0,0,0,0,200,200
371861,0,30,0,0,0,1,10,5,0,0,0,14,200,0,21,200,8,200,200,200,200
371861,0,30,0,0,0,1,10,5,0,0,0,14,200,0,54,0,0,0,0,200,200
371863,0,30,0,0,0,1,7,6,0,0,200,0,0,2,200,200,200,200,200,200,200
371869,0,30,0,0,0,1,7,5,0,0,0,0,200,0,48,200,6,0,0,200,200
371870,0,30,0,0,0,2,7,5,0,0,0,200,200,2,200,200,0,200,200,200,200
371871,0,30,1,2,0,1,0,1,0,0,0,17,0,0,20,200,1,0,0,200,200
371871,0,30,1,2,0,1,0,1,0,0,0,17,0,0,41,200,0,200,0,200,200
371871,0,30,1,2,0,1,0,1,0,0,0,17,0,0,29,200,0,200,0,200,200
371871,1,30,1,2,0,1,0,1,0,0,0,17,0,1,37,200,200,200,200,200,200
371872,0,30,0,0,0,1,12,5,0,0,0,0,200,0,41,0,4,200,200,200,200
371872,0,30,0,0,0,1,12,5,0,0,0,0,200,0,25,0,0,0,0,200,200
371872,1,30,0,0,0,1,12,5,0,0,0,0,200,1,200,7,200,200,200,200,200
371875,0,35,1,2,0,1,10,5,0,0,0,18,18,0,26,200,0,0,0,200,200
371875,0,35,1,2,0,1,10,5,0,0,0,18,18,0,56,200,12,0,0,200,200
371876,0,30,0,0,0,1,9,6,0,0,0,0,0,0,200,200,12,200,0,200,200
371876,5,30,0,0,0,1,9,6,0,0,0,0,0,1,19,7,0,0,0,200,200
371890,0,30,0,0,0,1,14,2,0,0,0,17,200,1,33,0,1,0,0,200,200
371890,0,30,0,0,0,1,14,2,0,0,0,17,200,0,22,0,8,0,0,200,200
371890,1,30,0,0,0,1,14,2,0,0,0,17,200,0,38,0,200,200,200,200,200
371899,0,30,1,2,0,1,14,2,0,0,200,23,0,2,200,200,7,200,200,200,200
371899,0,30,1,2,0,1,14,2,0,0,200,23,0,0,27,0,0,0,0,200,200
371910,0,30,1,2,0,1,10,2,0,0,200,0,0,0,57,200,200,200,200,200,200
371910,0,30,1,2,0,1,10,2,0,0,200,0,0,0,43,0,200,200,0,200,200
371919,0,30,2,2,0,1,10,5,0,0,0,16,16,2,200,200,200,200,200,200,200
371919,0,30,2,2,0,1,10,5,0,0,0,16,16,1,49,200,0,0,0,200,200
371919,0,30,2,2,0,1,10,5,0,0,0,16,16,0,55,200,0,0,0,200,200
371919,0,30,2,2,0,1,10,5,0,0,0,16,16,1,33,200,1,200,0,200,200
371920,0,30,0,0,0,1,14,2,0,0,200,0,200,0,200,200,12,200,200,200,200
371920,0,30,0,0,0,1,14,2,0,0,200,0,200,0,26,200,200,200,200,200,200
371924,0,30,0,0,0,1,12,2,0,0,0,22,22,2,200,200,2,200,200,200,200
371924,0,30,0,0,0,1,12,2,0,0,0,22,22,1,53,0,0,0,0,200,200
371925,0,30,0,0,0,1,10,3,0,0,0,18,18,1,47,0,0,0,0,200,200
371925,0,30,0,0,0,1,10,3,0,0,0,18,18,1,23,0,3,0,0,200,200
371931,0,30,0,0,0,1,12,5,0,0,0,21,0,0,200,200,0,200,200,200,200
371931,0,30,0,0,0,1,12,5,0,0,0,21,0,0,30,0,0,0,0,200,200
371936,0,15,0,0,0,1,14,5,0,0,0,17,0,1,58,0,1,0,0,200,200
371936,0,15,0,0,0,1,14,5,0,0,0,17,0,0,53,0,0,0,0,200,200
371937,0,30,1,2,0,1,10,5,0,0,0,18,16,0,200,200,3,200,200,200,200
371937,0,30,1,2,0,1,10,5,0,0,0,18,16,1,43,0,0,0,0,200,200
371940,0,30,0,0,0,1,7,5,0,0,0,0,0,0,66,200,200,0,0,200,200
371941,0,30,0,0,0,1,10,2,0,0,0,0,200,1,200,200,200,0,200,200,200
371941,0,30,0,0,0,1,10,2,0,0,0,0,200,1,47,0,0,0,0,200,200
371943,0,30,1,2,0,1,14,5,0,0,0,0,0,0,200,0,7,0,0,200,200
371943,0,30,1,2,0,1,14,5,0,0,0,0,0,1,200,0,0,0,0,200,200
371943,1,30,1,2,0,1,14,5,0,0,0,0,0,0,200,0,200,200,200,200,200
371945,0,30,1,2,0,1,10,2,0,0,0,18,200,0,200,200,3,200,200,200,200
371945,0,30,1,2,0,1,10,2,0,0,0,18,200,1,49,0,0,0,0,200,200
371945,1,30,1,2,0,1,10,2,0,0,0,18,200,0,200,200,200,200,200,200,200
371946,0,25,0,0,0,1,7,6,0,0,0,11,33,2,200,200,12,200,200,200,200
371951,0,30,0,0,0,1,14,5,0,0,0,23,22,0,44,200,7,200,200,200,200
371951,0,30,0,0,0,1,14,5,0,0,0,23,22,0,61,0,0,0,0,200,200
371953,3,30,1,2,0,1,4,2,0,0,1,29,0,200,200,7,12,12,12,200,200
371953,0,30,1,2,0,1,4,2,0,0,1,29,0,1,40,0,12,0,0,200,200
371953,1,30,1,2,0,1,4,2,0,0,1,29,0,0,200,5,200,200,200,200,200
371953,1,30,1,2,0,1,4,2,0,0,1,29,0,0,200,5,200,200,200,200,200
371958,0,25,2,0,0,1,10,6,0,0,0,18,11,1,26,0,1,0,0,200,200
371958,0,25,2,0,0,1,10,6,0,0,0,18,11,1,38,0,0,0,0,200,200
371960,0,30,1,2,0,2,10,2,0,0,0,200,200,0,63,200,200,0,0,200,200
371960,0,30,1,2,0,2,10,2,0,0,0,200,200,0,62,200,200,0,0,200,200
371960,1,30,1,2,0,2,10,2,0,0,0,200,200,1,42,200,200,200,200,200,200
371962,0,30,0,0,0,1,12,5,0,0,0,17,0,1,58,0,1,0,0,200,200
371962,0,30,0,0,0,1,12,5,0,0,0,17,0,0,32,0,0,0,0,200,200
371965,0,30,0,0,0,1,0,4,0,0,0,20,20,1,200,7,6,0,0,200,200
371965,0,30,0,0,0,1,0,4,0,0,0,20,20,1,55,0,0,0,0,200,200
371967,0,30,2,2,0,1,0,5,0,0,0,0,0,1,200,200,12,200,200,200,200
371967,0,30,2,2,0,1,0,5,0,0,0,0,0,1,200,200,0,0,0,200,200
371980,0,35,0,0,0,1,8,5,0,0,0,16,7,1,20,0,12,0,0,200,200
371980,4,35,0,0,0,1,8,5,0,0,0,16,7,0,43,3,0,0,0,200,200
371984,0,30,0,0,0,1,10,5,0,0,0,0,0,0,43,0,12,0,0,200,200
371984,0,30,0,0,0,1,10,5,0,0,0,0,0,1,78,0,12,0,0,200,200
371984,1,30,0,0,0,1,10,5,0,0,0,0,0,200,200,0,200,200,200,200,200
371984,1,30,0,0,0,1,10,5,0,0,0,0,0,200,200,1,200,200,200,200,200
371984,1,30,0,0,0,1,10,5,0,0,0,0,0,200,200,0,200,200,200,200,200
371991,0,30,0,0,0,1,10,5,0,0,0,18,200,0,200,200,3,200,200,200,200
371991,0,30,0,0,0,1,10,5,0,0,0,18,200,1,32,0,0,0,0,200,200
371991,0,30,0,0,0,1,10,5,0,0,0,18,200,1,0,0,0,0,0,200,200
371992,0,30,1,2,0,1,10,2,0,0,0,18,0,0,200,0,1,0,0,200,200
371992,0,30,1,2,0,1,10,2,0,0,0,18,0,1,30,0,0,0,0,200,200
371994,0,30,2,2,0,1,14,2,0,0,0,17,33,0,42,200,1,1,0,200,200
371994,0,30,2,2,0,1,14,2,0,0,0,17,33,0,20,200,0,1,0,200,200
371994,1,30,2,2,0,1,14,2,0,0,0,17,33,1,23,200,200,200,200,200,200
371996,0,30,2,2,1,1,10,5,0,0,0,0,0,0,52,0,200,0,0,200,200
371996,0,30,2,2,1,1,10,5,0,0,0,0,0,1,61,0,0,0,0,200,200
371999,0,35,0,0,0,1,10,1,0,0,0,18,16,1,31,0,3,0,0,200,200
371999,0,35,0,0,0,1,10,1,0,0,0,18,16,1,200,0,0,0,0,200,200
372002,0,30,10,2,0,1,10,2,0,0,0,0,0,1,19,200,12,200,200,200,200
372002,0,30,10,2,0,1,10,2,0,0,0,0,0,1,28,0,0,0,0,200,200
372008,0,30,2,2,0,1,7,5,0,0,0,0,200,2,200,200,200,200,200,200,200
372009,0,30,0,0,0,1,0,12,2,0,0,17,17,1,200,200,1,200,200,200,200
372009,0,30,0,0,0,1,0,12,2,0,0,17,17,1,25,0,0,0,0,200,200
372010,0,30,0,0,0,1,7,3,0,0,0,0,11,0,28,0,10,200,0,200,200
372010,1,30,0,0,0,1,7,3,0,0,0,0,11,0,33,0,200,200,200,200,200
372010,1,30,0,0,0,1,7,3,0,0,0,0,11,1,1,0,200,200,200,200,200
372013,0,30,2,2,0,1,12,2,0,0,0,21,22,0,43,200,9,0,0,200,200
372013,0,30,2,2,0,1,12,2,0,0,0,21,22,0,38,200,0,0,0,200,200
372013,1,30,2,2,0,1,12,2,0,0,0,21,22,0,36,200,200,200,200,200,200
372013,1,30,2,2,0,1,12,2,0,0,0,21,22,0,200,200,200,200,200,200,200
372017,0,15,0,0,0,1,2,0,0,0,0,0,0,1,200,200,200,200,200,200,200
372018,0,30,1,200,0,1,10,5,0,0,200,0,0,1,38,200,200,200,200,200,200
372018,0,30,1,200,0,1,10,5,0,0,200,0,0,1,57,0,0,200,200,200,200
372020,0,30,0,0,0,1,0,7,0,0,0,20,200,1,200,200,6,200,200,200,200
372020,0,30,0,0,0,1,0,7,0,0,0,20,200,0,42,0,200,200,0,200,200
372022,0,30,0,0,0,1,7,5,0,0,0,200,200,1,56,200,12,0,0,200,200
372029,0,30,0,0,0,1,7,6,0,0,0,0,0,2,200,200,200,200,200,200,200
372030,0,30,0,0,0,1,3,6,0,0,0,20,20,0,200,0,6,0,0,200,200
372030,0,30,0,0,0,1,3,6,0,0,0,20,20,0,28,0,0,0,0,200,200
372034,0,30,0,0,0,1,14,2,0,0,3,17,16,0,46,3,8,12,7,200,200
372034,0,30,0,0,0,1,14,2,0,0,3,17,16,1,32,0,1,0,0,200,200
372037,0,30,0,200,0,1,14,1,0,0,0,8,200,2,200,200,200,200,200,200,200
372037,0,30,0,200,0,1,14,1,0,0,0,8,200,0,28,7,0,0,0,200,200
372040,0,30,1,2,0,1,10,5,0,0,0,16,200,0,200,200,3,0,0,200,200
372040,0,30,1,2,0,1,10,5,0,0,0,16,200,1,200,0,0,0,0,200,200
372044,0,30,1,2,0,3,10,5,0,0,200,11,11,1,39,200,12,200,200,200,200
372044,0,30,1,2,0,3,10,5,0,0,200,11,11,0,36,0,0,0,0,200,200
372044,1,30,1,2,0,3,10,5,0,0,200,11,11,1,200,200,200,200,200,200,200
372044,1,30,1,2,0,3,10,5,0,0,200,11,11,1,200,200,200,200,200,200,200
372044,1,30,1,2,0,3,10,5,0,0,200,11,11,1,32,0,200,200,200,200,200
372044,1,30,1,2,0,3,10,5,0,0,200,11,11,0,3,5,200,200,200,200,200
372044,1,30,1,2,0,3,10,5,0,0,200,11,11,1,0,5,200,200,200,200,200
372045,0,30,0,0,0,1,12,5,0,0,0,200,200,1,200,200,0,200,200,200,200
372045,0,30,0,0,0,1,12,5,0,0,0,200,200,1,42,0,0,0,0,200,200
372059,0,20,0,0,0,1,7,5,0,0,0,0,0,0,26,0,10,0,0,200,200
372063,0,35,1,2,0,1,14,5,0,0,0,17,0,0,31,0,1,0,0,200,200
372063,0,35,1,2,0,1,14,5,0,0,0,17,0,0,200,0,0,0,0,200,200
372080,0,30,1,2,0,1,12,5,0,0,0,22,200,0,40,0,4,0,0,200,200
372080,0,30,1,2,0,1,12,5,0,0,0,22,200,0,18,0,0,0,0,200,200
372085,0,20,0,0,200,200,7,6,0,0,0,0,0,2,200,200,200,200,200,200,200
372086,0,30,0,0,0,1,8,5,0,0,0,17,0,0,33,7,1,0,0,200,200
372086,4,30,0,0,0,1,8,5,0,0,0,17,0,0,26,7,0,0,0,200,200
372088,0,30,1,2,0,1,9,5,0,0,0,33,0,0,27,0,1,6,0,200,200
372088,5,30,1,2,0,1,9,5,0,0,0,33,0,0,34,7,0,0,0,200,200
372089,0,30,1,2,0,1,10,2,0,0,0,16,18,1,21,200,3,0,0,200,200
372089,0,30,1,2,0,1,10,2,0,0,0,16,18,0,52,0,0,0,0,200,200
372092,0,30,0,0,0,1,10,2,0,0,200,18,11,1,36,0,3,0,0,200,200
372092,0,30,0,0,0,1,10,2,0,0,200,18,11,0,39,0,0,0,0,200,200
372096,0,30,1,2,0,1,10,5,0,0,0,16,200,0,16,0,12,0,0,200,200
372096,0,30,1,2,0,1,10,5,0,0,0,16,200,0,54,0,0,0,0,200,200
372098,0,15,0,0,0,1,2,0,0,0,0,23,23,1,30,200,7,0,0,200,200
372102,0,30,1,2,0,1,12,2,0,0,0,0,0,0,25,200,12,200,0,200,200
372102,0,30,1,2,0,1,12,2,0,0,0,0,0,0,29,200,12,200,0,200,200
372109,0,30,1,2,0,1,10,5,0,0,200,18,0,0,200,200,3,200,200,200,200
372109,0,30,1,2,0,1,10,5,0,0,200,18,0,0,50,0,0,0,0,200,200
372109,1,30,1,2,0,1,10,5,0,0,200,18,0,1,49,0,200,200,200,200,200
372111,0,30,0,0,0,1,12,5,0,0,0,0,200,0,21,0,4,0,0,200,200
372111,0,30,0,0,0,1,12,5,0,0,0,0,200,0,36,0,1,0,0,200,200
372117,0,30,0,0,0,1,7,2,0,0,0,0,0,2,200,200,0,200,200,200,200
372117,1,30,0,0,0,1,7,2,0,0,0,0,0,1,54,0,200,200,200,200,200
372118,0,30,1,2,200,1,14,5,0,200,0,0,0,1,23,0,200,200,200,200,200
372118,0,30,1,2,200,1,14,5,0,200,0,0,0,1,31,0,12,200,200,200,200
372122,0,30,1,2,0,1,10,5,0,0,200,18,200,1,200,0,200,200,200,200,200
372122,0,30,1,2,0,1,10,5,0,0,200,18,200,0,25,0,0,0,0,200,200
372124,0,30,0,0,0,1,12,3,0,0,0,21,21,0,28,200,4,0,0,200,200
372124,0,30,0,0,0,1,12,3,0,0,0,21,21,1,52,200,0,0,0,200,200
372126,0,20,0,0,0,1,7,2,0,0,0,0,0,2,200,200,200,200,200,200,200
372130,0,30,1,2,0,1,10,6,0,0,0,16,18,0,26,0,3,0,0,200,200
372130,0,30,1,2,0,1,10,6,0,0,0,16,18,1,44,0,0,0,0,200,200
372132,0,30,2,2,0,1,0,2,0,0,0,0,22,1,32,0,2,0,0,200,200
372132,0,30,2,2,0,1,0,2,0,0,0,0,22,1,0,0,12,0,0,200,200
372136,0,30,1,2,0,1,14,5,0,0,0,0,0,0,200,200,7,200,200,200,200
372136,0,30,1,2,0,1,14,5,0,0,0,0,0,0,42,0,0,0,0,200,200
372139,0,30,0,0,0,4,8,5,0,0,0,11,0,1,29,200,12,200,200,200,200
372139,4,30,0,0,0,4,8,5,0,0,0,11,0,1,26,200,12,200,0,200,200
372139,0,30,0,0,0,4,8,5,0,0,0,11,0,2,200,200,200,200,200,200,200
372151,0,35,3,2,0,1,0,1,0,0,0,17,33,0,20,0,1,12,0,200,200
372151,0,35,3,2,0,1,0,1,0,0,0,17,33,1,76,0,0,0,0,200,200
372154,0,30,1,2,0,1,10,2,0,0,200,18,0,0,60,0,3,200,0,200,200
372154,0,30,1,2,0,1,10,2,0,0,200,18,0,0,56,0,0,0,0,200,200
372154,0,30,1,2,0,1,10,2,0,0,200,18,0,0,65,0,0,0,0,200,200
372159,0,25,0,0,0,1,7,6,0,0,0,0,0,1,71,0,0,0,0,200,200
372176,0,30,0,0,0,1,0,5,0,0,0,17,0,1,200,200,1,200,200,200,200
372176,0,30,0,0,0,1,0,5,0,0,0,17,0,0,27,0,0,0,0,200,200
372177,0,30,1,2,0,1,10,6,0,0,0,16,18,1,200,0,3,0,0,200,200
372177,0,30,1,2,0,1,10,6,0,0,0,16,18,0,38,0,0,0,0,200,200
372179,0,30,0,0,0,1,14,6,0,0,0,18,17,0,28,0,3,0,0,200,200
372183,0,30,1,200,0,4,0,5,0,0,200,17,6,2,200,200,1,200,200,200,200
372183,0,30,1,200,0,4,0,5,0,0,200,17,6,1,33,0,12,0,0,200,200
372187,0,30,0,0,0,1,9,2,0,0,0,17,17,0,69,0,1,0,0,200,200
372187,5,30,0,0,0,1,9,2,0,0,0,17,17,0,29,7,0,0,0,200,200
372193,0,30,9,2,0,4,7,6,0,0,0,10,200,0,48,0,9,0,0,200,200
372194,0,30,0,0,0,200,7,2,2,0,0,0,200,0,37,200,12,200,0,200,200
372195,0,30,12,200,0,3,9,5,2,0,200,17,200,0,60,200,1,200,200,200,200
372195,5,30,12,200,0,3,9,5,2,0,200,17,200,1,14,200,12,200,200,200,0
372195,1,30,12,200,0,3,9,5,2,0,200,17,200,1,200,200,200,200,200,200,200
372196,0,35,1,2,0,1,10,5,0,0,0,18,16,1,45,0,3,0,0,200,200
372196,0,35,1,2,0,1,10,5,0,0,0,18,16,0,66,0,0,0,0,200,200
372196,1,35,1,2,0,1,10,5,0,0,0,18,16,0,20,0,200,200,200,200,200
372196,1,35,1,2,0,1,10,5,0,0,0,18,16,1,24,0,200,200,200,200,200
372228,0,20,0,0,0,1,7,5,0,0,0,22,0,0,49,200,7,0,0,200,200
372231,0,30,1,2,0,1,14,2,0,0,0,0,0,1,0,0,12,12,0,200,200
372231,0,30,1,2,0,1,14,2,0,0,0,0,0,0,46,0,0,0,0,200,200
372251,0,30,2,0,0,1,14,5,0,0,200,0,0,0,21,200,200,200,200,200,200
372251,0,30,2,0,0,1,14,5,0,0,200,0,0,0,31,0,200,200,0,200,200
372288,0,30,0,0,0,3,2,7,3,0,0,0,200,2,200,200,11,200,200,200,200
372291,0,30,0,0,0,3,0,5,0,0,0,17,200,1,43,0,1,0,0,200,200
372291,0,30,0,0,0,3,0,5,0,0,0,17,200,0,75,0,0,0,0,200,200
372292,0,30,0,0,0,1,11,7,0,0,0,0,200,1,200,200,2,200,200,200,200
372292,0,30,0,0,0,1,11,7,0,0,0,0,200,1,34,0,0,0,0,200,200
372292,1,30,0,0,0,1,11,7,0,0,0,0,200,0,6,5,200,200,200,200,200
372292,1,30,0,0,0,1,11,7,0,0,0,0,200,0,200,5,200,200,200,200,200
372292,1,30,0,0,0,1,11,7,0,0,0,0,200,0,200,200,200,200,200,200,200
372303,0,30,1,2,0,0,10,2,0,0,0,8,18,0,51,200,3,0,0,200,200
372303,0,30,1,2,0,0,10,2,0,0,0,8,18,1,59,0,0,0,0,200,200
372303,1,30,1,2,0,0,10,2,0,0,0,8,18,1,86,0,200,200,200,200,200
372312,0,30,0,12,0,3,12,5,0,0,0,200,200,0,26,200,4,0,0,200,200
372312,0,30,0,12,0,3,12,5,0,0,0,200,200,1,30,200,0,0,0,200,200
372312,1,30,0,12,0,3,12,5,0,0,0,200,200,1,13,7,200,200,200,200,200
372313,0,30,1,2,0,1,12,5,0,0,200,0,0,0,200,200,200,200,200,200,200
372313,0,30,1,2,0,1,12,5,0,0,200,0,0,0,28,0,12,200,0,200,200
372318,0,40,1,2,0,3,12,5,0,0,0,0,0,0,54,200,200,0,7,200,200
372318,0,40,1,2,0,3,12,5,0,0,0,0,0,1,30,0,200,0,0,200,200
372323,0,30,2,200,200,200,7,5,0,200,0,0,200,2,200,200,200,200,200,200,200
372328,0,10,0,0,0,1,7,7,0,0,0,0,200,2,200,200,200,200,200,200,200
372331,0,25,0,0,0,0,2,12,5,200,12,33,200,0,37,0,12,3,0,200,200
372331,1,25,0,0,0,0,2,12,5,200,12,33,200,0,53,0,200,200,200,200,200
372332,0,30,0,0,0,1,0,12,0,200,200,17,16,1,25,200,1,200,200,200,200
372332,0,30,0,0,0,1,0,12,0,200,200,17,16,1,25,0,12,0,0,200,200
372333,0,30,1,2,0,1,8,2,0,0,0,17,0,2,200,200,200,200,200,200,200
372333,4,30,1,2,0,1,8,2,0,0,0,17,0,0,13,200,200,200,0,200,200
372334,0,30,0,0,0,3,7,6,0,0,0,0,0,2,200,200,200,200,200,200,200
372339,0,30,2,2,0,3,8,2,0,0,0,14,200,0,200,200,200,200,200,200,200
372339,4,30,2,2,0,3,8,2,0,0,0,14,200,0,56,2,0,0,0,200,200
372342,0,25,0,0,0,3,7,6,0,0,0,32,25,0,25,200,12,12,5,200,200
372361,0,30,1,2,0,3,7,5,0,0,0,23,0,0,19,200,7,0,200,200,200
372364,0,30,0,0,0,1,2,3,0,0,0,0,200,0,42,7,12,0,0,200,200
372364,1,30,0,0,0,1,2,3,0,0,0,0,200,0,33,7,200,200,200,200,200
372365,0,35,1,2,0,3,14,5,0,0,0,23,200,0,47,0,7,0,0,200,200
372365,0,35,1,2,0,3,14,5,0,0,0,23,200,0,46,0,0,0,0,200,200
372366,0,30,2,2,0,1,0,5,0,0,200,17,200,1,200,200,1,200,200,200,200
372366,0,30,2,2,0,1,0,5,0,0,200,17,200,0,59,0,0,0,0,200,200
372366,1,30,2,2,0,1,0,5,0,0,200,17,200,0,200,200,200,200,200,200,200
372366,1,30,2,2,0,1,0,5,0,0,200,17,200,0,200,200,200,200,200,200,200
372366,1,30,2,2,0,1,0,5,0,0,200,17,200,0,200,200,200,200,200,200,200
372382,0,40,0,0,0,3,10,3,0,0,200,18,200,2,200,200,3,200,200,200,200
372382,0,40,0,0,0,3,10,3,0,0,200,18,200,0,54,200,0,0,0,200,200
372383,0,30,1,2,0,3,10,2,0,0,0,0,200,0,200,200,200,200,200,200,200
372383,0,30,1,2,0,3,10,2,0,0,0,0,200,0,28,200,0,0,0,200,200
372385,0,30,0,0,0,3,10,5,0,0,0,0,0,0,26,200,4,200,200,200,200
372385,0,30,0,0,0,3,10,5,0,0,0,0,0,0,26,200,12,0,0,200,200
372391,0,30,1,2,200,3,12,2,0,200,200,16,0,2,200,200,200,200,200,200,200
372391,0,30,1,2,200,3,12,2,0,200,200,16,0,1,31,0,0,0,0,200,200
372397,0,30,1,200,0,1,10,2,0,0,0,20,200,0,200,200,6,200,200,200,200
372397,0,30,1,200,0,1,10,2,0,0,0,20,200,1,20,0,0,0,0,200,200
372397,1,30,1,200,0,1,10,2,0,0,0,20,200,0,200,0,200,200,200,200,200
372401,0,30,0,0,0,3,9,2,0,0,0,25,0,0,200,200,12,200,200,200,200
372401,5,30,0,0,0,3,9,2,0,0,0,25,0,1,13,7,200,200,0,200,200
372419,0,30,0,0,0,3,7,6,0,0,0,10,25,2,200,200,9,200,200,200,200
372421,0,30,0,0,0,3,0,12,0,0,0,6,200,1,47,200,5,0,0,200,200
372421,0,30,0,0,0,3,0,12,0,0,0,6,200,0,34,7,0,0,0,200,200
372436,0,25,0,0,0,3,7,5,0,0,0,20,20,2,200,200,6,200,200,200,200
372439,0,30,1,2,0,3,0,5,0,0,0,16,0,1,24,0,1,12,0,200,200
372439,0,30,1,2,0,3,0,5,0,0,0,16,0,1,31,0,0,0,0,200,0
372439,1,30,1,2,0,3,0,5,0,0,0,16,0,1,30,7,200,200,200,200,200
372439,1,30,1,2,0,3,0,5,0,0,0,16,0,0,25,200,200,200,200,200,200
372454,0,30,0,0,0,3,5,5,0,0,0,25,0,0,200,200,200,200,200,200,200
372462,0,30,1,2,0,3,10,5,0,0,200,11,0,0,53,200,3,0,2,200,200
372462,0,30,1,2,0,3,10,5,0,0,200,11,0,0,60,200,0,0,0,200,200
372462,1,30,1,2,0,3,10,5,0,0,200,11,0,200,200,200,200,200,200,200,200
372462,1,30,1,2,0,3,10,5,0,0,200,11,0,200,200,200,200,200,200,200,200
372466,0,30,3,0,0,3,7,7,0,0,0,200,200,2,200,200,200,200,200,200,200
372484,0,30,0,0,0,1,7,5,0,0,0,21,0,0,20,0,4,200,200,200,200
372491,0,30,1,2,0,1,0,2,0,0,0,6,200,0,47,0,5,200,0,200,200
372491,0,30,1,2,0,1,0,2,0,0,0,6,200,1,25,0,5,200,0,200,200
372504,0,30,1,200,0,0,14,5,0,0,0,0,200,0,200,200,200,200,200,200,200
372504,0,30,1,200,0,0,14,5,0,0,0,0,200,0,54,0,0,0,0,200,200
372508,0,30,0,0,0,1,3,5,0,0,0,0,0,0,200,200,200,200,200,200,200
372508,0,30,0,0,0,1,3,5,0,0,0,0,0,1,54,0,0,0,0,200,200
372511,0,30,0,0,1,1,7,5,0,0,0,21,16,1,51,0,2,0,0,200,200
372511,1,30,0,0,1,1,7,5,0,0,0,21,16,1,8,0,200,200,200,200,200
372517,0,30,1,2,0,1,14,2,0,0,0,12,10,1,29,0,9,1,0,200,200
372517,0,30,1,2,0,1,14,2,0,0,0,12,10,1,28,0,0,0,0,200,200
372517,1,30,1,2,0,1,14,2,0,0,0,12,10,1,200,0,200,200,200,200,200
372518,0,30,1,2,1,1,10,5,0,0,12,16,200,0,22,200,8,0,0,200,200
372518,0,30,1,2,1,1,10,5,0,0,12,16,200,0,43,200,200,0,0,200,200
372519,0,30,1,2,1,1,14,2,2,0,0,21,0,0,20,200,7,200,200,200,200
372519,0,30,1,2,1,1,14,2,2,0,0,21,0,0,30,0,0,0,0,200,200
372519,1,30,1,2,1,1,14,2,2,0,0,21,0,1,1,5,200,200,200,200,200
372521,0,10,0,0,0,1,3,0,0,0,0,0,0,0,29,200,1,0,0,200,200
372521,0,10,0,0,0,1,3,0,0,0,0,0,0,1,22,0,0,0,0,200,200
372526,0,30,0,0,0,1,2,5,0,0,0,11,11,1,31,0,12,0,0,200,200
372533,0,25,1,2,0,1,14,2,0,0,0,17,21,0,57,200,1,1,0,200,200
372533,0,25,1,2,0,1,14,2,0,0,0,17,21,0,51,200,12,0,0,200,200
372537,0,30,0,0,0,1,14,5,0,0,0,23,33,0,77,0,7,0,0,200,200
372537,0,30,0,0,0,1,14,5,0,0,0,23,33,0,73,0,0,12,0,200,200
372544,0,25,0,0,0,1,7,6,0,0,0,0,0,2,200,200,200,200,200,200,200
372548,0,30,0,0,0,1,10,3,0,0,0,0,200,0,58,200,3,200,200,200,200
372548,0,30,0,0,0,1,10,3,0,0,0,0,200,1,62,0,0,0,0,200,200
372561,0,35,1,2,1,1,12,2,0,0,0,22,200,0,26,0,1,0,0,200,200
372561,0,35,1,2,1,1,12,2,0,0,0,22,200,0,38,0,0,0,0,200,200
372562,0,0,0,0,0,1,2,7,0,0,0,0,200,0,46,200,12,200,0,200,200
372564,0,25,0,0,0,1,7,5,0,0,0,200,200,0,25,200,12,200,0,200,200
372564,1,25,0,0,0,1,7,5,0,0,0,200,200,1,52,200,200,200,200,200,200
372569,0,30,1,2,0,1,7,5,0,0,0,0,0,0,22,0,200,0,0,200,200
372569,1,30,1,2,0,1,7,5,0,0,0,0,0,1,44,0,200,200,200,200,200
372570,0,45,0,0,0,1,12,3,0,0,0,21,200,1,200,200,200,200,200,200,200
372570,0,45,0,0,0,1,12,3,0,0,0,21,200,1,29,0,0,0,0,200,200
372572,0,35,2,2,0,1,14,5,0,0,0,17,200,0,0,0,1,0,0,200,200
372572,0,35,2,2,0,1,14,5,0,0,0,17,200,0,35,0,0,0,0,200,200
372586,0,35,2,2,0,1,14,6,0,0,0,5,0,2,200,200,5,200,200,200,200
372586,0,35,2,2,0,1,14,6,0,0,0,5,0,0,21,200,0,0,0,200,200