RD_NO,PERSON_TYPE,POSTED_SPEED_LIMIT,TRAFFIC_CONTROL_DEVICE,DEVICE_CONDITION,WEATHER_CONDITION,LIGHTING_CONDITION,FIRST_CRASH_TYPE,TRAFFICWAY_TYPE,ALIGNMENT,ROADWAY_SURFACE_COND,ROAD_DEFECT,PRIM_CONTRIBUTORY_CAUSE,SEC_CONTRIBUTORY_CAUSE,SEX,AGE,SAFETY_EQUIPMENT,DRIVER_ACTION,DRIVER_VISION,PHYSICAL_CONDITION,BAC_RESULT VALUE,CELL_PHONE_USE
372588,0,35,0,0,0,1,14,5,0,0,0,28,28,1,24,0,12,12,0,200,200
372588,0,35,0,0,0,1,14,5,0,0,0,28,28,0,23,0,0,200,0,200,200
372589,0,45,0,2,0,4,10,3,0,0,0,16,200,2,200,200,1,200,200,200,200
372589,0,45,0,2,0,4,10,3,0,0,0,16,200,1,22,0,0,0,0,200,200
372593,0,25,0,0,0,1,12,5,0,0,0,22,200,1,200,200,2,200,200,200,200
372593,0,25,0,0,0,1,12,5,0,0,0,22,200,1,66,0,0,0,0,200,200
372598,0,30,0,200,0,1,12,5,0,0,200,17,16,0,200,200,1,200,200,200,200
372598,0,30,0,200,0,1,12,5,0,0,200,17,16,0,38,0,0,0,0,200,200
372600,0,25,1,2,0,1,14,5,0,0,0,21,0,1,27,0,4,0,0,200,200
372600,0,25,1,2,0,1,14,5,0,0,0,21,0,1,200,0,0,0,0,200,200
372608,0,30,0,0,0,1,11,5,0,0,0,12,200,0,25,0,0,0,0,200,200
372608,0,30,0,0,0,1,11,5,0,0,0,12,200,0,56,0,0,0,0,200,200
372609,0,30,0,0,0,1,12,5,0,0,0,21,200,1,26,200,4,0,0,200,200
372609,0,30,0,0,0,1,12,5,0,0,0,21,200,1,39,200,0,0,0,200,200
372615,0,30,0,0,0,1,7,5,0,0,0,16,200,1,49,0,200,200,0,200,200
372615,1,30,0,0,0,1,7,5,0,0,0,16,200,1,25,0,200,200,200,200,200
372615,1,30,0,0,0,1,7,5,0,0,0,16,200,0,52,200,200,200,200,200,200
372615,1,30,0,0,0,1,7,5,0,0,0,16,200,0,0,5,200,200,200,200,200
372615,1,30,0,0,0,1,7,5,0,0,0,16,200,0,4,200,200,200,200,200,200
372615,1,30,0,0,0,1,7,5,0,0,0,16,200,0,3,200,200,200,200,200,200
372615,1,30,0,0,0,1,7,5,0,0,0,16,200,0,5,200,200,200,200,200,200
372617,0,30,0,0,0,1,7,6,0,0,0,22,200,0,200,200,2,200,200,200,200
372621,0,30,0,0,0,200,7,6,0,0,0,0,200,2,200,200,200,200,200,200,200
372625,0,30,0,0,1,2,7,5,0,0,0,0,0,0,27,200,0,0,0,200,200
372625,1,30,0,0,1,2,7,5,0,0,0,0,0,2,200,200,200,200,200,200,200
372625,1,30,0,0,1,2,7,5,0,0,0,0,0,0,200,0,200,200,200,200,200
372626,0,30,1,2,0,1,12,3,0,0,0,18,18,0,200,200,3,200,200,200,200
372626,0,30,1,2,0,1,12,3,0,0,0,18,18,0,200,200,0,0,0,200,200
372628,0,25,0,0,0,2,5,5,0,0,0,0,200,0,200,200,200,200,200,200,200
372629,0,10,0,0,0,1,0,7,0,0,0,0,200,1,200,200,200,200,200,200,200
372629,0,10,0,0,0,1,0,7,0,0,0,0,200,0,64,200,200,0,0,200,200
372630,0,30,0,0,0,200,7,6,0,0,0,21,200,2,200,200,12,200,200,200,200
372644,0,30,0,0,200,200,0,5,0,200,200,0,0,0,18,200,200,200,200,200,200
372644,0,30,0,0,200,200,0,5,0,200,200,0,0,0,25,200,200,200,0,200,200
372647,0,30,0,0,0,1,10,5,0,0,0,0,0,1,23,0,200,0,0,200,200
372647,0,30,0,0,0,1,10,5,0,0,0,0,0,0,47,0,200,0,0,200,200
372655,0,30,0,0,1,1,14,2,0,0,0,17,200,0,38,200,1,0,0,200,200
372655,0,30,0,0,1,1,14,2,0,0,0,17,200,0,42,200,0,0,0,200,200
372656,0,30,0,0,0,1,12,2,0,0,0,0,0,1,54,0,200,200,0,200,200
372656,0,30,0,0,0,1,12,2,0,0,0,0,0,1,200,0,200,0,0,200,200
372657,0,15,0,0,0,1,0,7,0,200,200,0,0,0,200,200,6,200,200,200,200
372657,0,15,0,0,0,1,0,7,0,200,200,0,0,0,48,0,0,0,0,200,200
372664,0,30,1,2,0,1,0,5,0,0,0,6,16,0,41,0,5,0,0,200,200
372664,0,30,1,2,0,1,0,5,0,0,0,6,16,0,56,0,0,0,0,200,200
372670,0,20,0,0,0,1,7,12,0,0,0,0,200,0,200,200,12,200,200,200,200
372673,0,30,0,0,1,1,2,5,0,0,0,11,11,0,61,0,12,0,0,200,200
372680,0,20,0,0,0,1,11,5,0,0,0,0,0,0,47,0,0,0,0,200,200
372680,0,20,0,0,0,1,11,5,0,0,0,0,0,0,29,0,0,0,0,200,200
372688,0,30,0,0,0,1,2,2,0,0,0,0,200,0,56,0,0,0,0,200,200
372692,0,30,0,0,0,1,10,3,0,0,0,17,18,0,200,200,1,200,200,200,200
372692,0,30,0,0,0,1,10,3,0,0,0,17,18,0,53,0,0,0,0,200,200
372699,0,30,0,0,0,1,12,5,0,0,0,0,0,1,60,0,4,0,0,200,200
372699,0,30,0,0,0,1,12,5,0,0,0,0,0,1,24,0,0,0,0,200,200
372708,0,30,0,0,0,1,10,5,0,0,0,21,20,0,28,200,4,200,0,200,200
372708,0,30,0,0,0,1,10,5,0,0,0,21,20,0,49,200,6,200,0,200,200
372715,0,30,0,0,0,1,5,6,0,0,1,28,28,0,75,0,0,0,0,200,200
372715,1,30,0,0,0,1,5,6,0,0,1,28,28,1,74,0,200,200,200,200,200
372721,0,30,0,0,0,1,10,5,0,0,0,0,200,1,27,0,200,200,1,200,200
372721,0,30,0,0,0,1,10,5,0,0,0,0,200,0,52,0,0,200,0,200,200
372734,0,30,1,2,0,1,2,2,0,0,0,27,200,0,21,0,12,0,2,200,200
372737,0,30,0,0,0,1,12,5,0,0,0,17,200,1,200,0,1,0,0,200,200
372737,0,30,0,0,0,1,12,5,0,0,0,17,200,0,27,0,0,0,0,200,200
372746,0,30,0,0,1,1,0,12,0,0,0,20,200,0,34,0,6,0,0,200,200
372746,0,30,0,0,1,1,0,12,0,0,0,20,200,0,39,0,0,0,0,200,200
372754,0,30,1,2,0,1,10,2,0,0,0,0,0,0,36,0,3,0,0,200,200
372754,0,30,1,2,0,1,10,2,0,0,0,0,0,0,44,0,0,0,0,200,200
372761,0,30,0,0,0,1,10,2,0,0,0,17,18,1,200,200,1,200,200,200,200
372761,0,30,0,0,0,1,10,2,0,0,0,17,18,1,32,0,0,0,0,200,200
372767,0,30,0,0,0,1,7,5,0,0,0,17,17,0,41,0,0,0,0,200,200
372769,0,30,0,0,0,1,8,6,0,0,0,0,0,0,64,200,12,0,0,200,200
372769,4,30,0,0,0,1,8,6,0,0,0,0,0,1,30,7,0,0,0,200,200
372771,1,30,0,0,0,1,7,3,0,0,0,18,200,1,28,200,200,200,200,200,200
372771,0,30,0,0,0,1,7,3,0,0,0,18,200,0,24,0,2,0,0,200,200
372771,1,30,0,0,0,1,7,3,0,0,0,18,200,1,23,0,200,200,200,200,200
372774,0,30,0,0,0,3,7,2,0,0,0,0,200,2,200,200,200,200,200,200,200
372777,0,30,2,3,0,1,14,6,0,0,0,23,0,0,58,200,7,0,0,200,200
372777,0,30,2,3,0,1,14,6,0,0,0,23,0,0,38,200,0,0,0,200,200
372779,4,30,2,2,0,1,8,6,0,0,0,33,5,0,23,3,12,0,0,200,200
372779,0,30,2,2,0,1,8,6,0,0,0,33,5,0,44,0,0,2,0,200,200
372783,0,25,0,0,0,0,7,7,0,0,0,0,200,2,200,200,200,200,200,200,200
372786,0,20,0,0,0,1,7,2,0,0,0,200,200,2,200,200,200,200,200,200,200
372787,0,35,1,2,0,1,14,5,0,0,0,17,17,1,73,0,1,0,0,200,200
372787,0,35,1,2,0,1,14,5,0,0,0,17,17,1,37,0,0,0,0,200,200
372789,0,40,0,0,200,1,10,2,0,200,200,0,0,0,70,200,200,200,0,200,200
372789,0,40,0,0,200,1,10,2,0,200,200,0,0,1,200,200,200,200,200,200,200
372790,0,15,0,0,0,1,3,7,0,0,0,20,0,0,51,0,6,200,0,200,200
372790,0,15,0,0,0,1,3,7,0,0,0,20,0,1,65,0,0,0,0,200,200
372802,0,35,1,2,0,1,10,5,0,0,0,18,200,0,200,0,3,0,0,200,200
372802,0,35,1,2,0,1,10,5,0,0,0,18,200,1,200,0,0,0,0,200,200
372806,0,30,12,2,0,1,12,2,0,0,0,22,25,2,200,200,2,200,200,200,200
372806,0,30,12,2,0,1,12,2,0,0,0,22,25,1,38,200,0,0,0,200,200
372806,1,30,12,2,0,1,12,2,0,0,0,22,25,0,32,200,200,200,200,200,200
372811,0,30,0,0,0,1,2,6,0,0,0,11,200,0,38,0,12,0,0,200,200
372811,1,30,0,0,0,1,2,6,0,0,0,11,200,0,26,0,200,200,200,200,200
372817,0,30,0,0,0,1,10,5,0,0,0,18,0,1,23,0,8,0,0,200,200
372817,0,30,0,0,0,1,10,5,0,0,0,18,0,1,200,200,0,200,200,200,200
372817,1,30,0,0,0,1,10,5,0,0,0,18,0,1,1,5,200,200,200,200,200
372825,0,30,0,0,0,3,7,3,0,0,0,0,0,2,200,200,6,200,200,200,200
372828,0,0,0,0,0,1,14,0,0,0,0,17,0,0,25,200,1,0,0,200,200
372828,0,0,0,0,0,1,14,0,0,0,0,17,0,1,36,0,0,0,0,200,200
372828,1,0,0,0,0,1,14,0,0,0,0,17,0,200,200,5,200,200,200,200,200
372835,0,30,0,0,200,200,7,7,0,2,1,11,200,2,200,200,200,200,200,200,200
372843,0,30,2,2,0,1,8,5,0,0,0,17,200,0,200,200,1,200,0,200,200
372843,4,30,2,2,0,1,8,5,0,0,0,17,200,1,23,3,0,0,0,200,200
372845,0,0,12,12,12,1,5,12,0,1,0,0,200,0,200,200,6,200,200,200,200
372846,0,30,2,2,0,1,14,5,0,0,0,0,0,0,51,200,200,200,0,200,200
372846,0,30,2,2,0,1,14,5,0,0,0,0,0,0,71,200,200,200,0,200,200
372852,0,30,0,0,0,1,12,5,0,0,0,0,0,0,36,0,1,0,0,200,200
372852,0,30,0,0,0,1,12,5,0,0,0,0,0,1,70,0,0,0,0,200,200
372860,0,30,2,2,0,1,0,5,0,0,0,17,5,0,200,200,5,200,200,200,200
372860,0,30,2,2,0,1,0,5,0,0,0,17,5,1,21,0,0,0,0,200,200
372865,0,30,0,0,0,1,11,6,0,0,0,0,0,1,26,0,12,0,0,200,200
372865,0,30,0,0,0,1,11,6,0,0,0,0,0,1,43,200,0,0,0,200,200
372866,0,30,2,200,0,1,10,2,0,200,200,0,200,2,200,200,3,200,200,200,200
372866,0,30,2,200,0,1,10,2,0,200,200,0,200,1,57,0,0,200,0,200,200
372874,0,30,0,0,0,1,10,5,0,0,12,18,0,0,19,200,3,200,200,200,200
372874,0,30,0,0,0,1,10,5,0,0,12,18,0,0,55,200,0,200,200,200,200
372874,1,30,0,0,0,1,10,5,0,0,12,18,0,0,22,200,200,200,200,200,200
372875,0,30,0,0,1,1,10,6,0,0,0,18,0,0,40,0,3,0,0,200,200
372875,0,30,0,0,1,1,10,6,0,0,0,18,0,0,43,0,0,0,0,200,200
372878,0,30,1,2,0,1,2,6,0,0,0,0,200,0,45,0,200,0,0,200,200
372882,0,40,0,0,200,0,12,3,0,200,200,21,22,2,200,200,4,200,200,200,200
372882,0,40,0,0,200,0,12,3,0,200,200,21,22,0,57,200,0,200,200,200,200
372897,0,30,0,0,0,1,14,5,0,0,0,23,200,1,35,0,7,0,0,200,200
372897,0,30,0,0,0,1,14,5,0,0,0,23,200,0,31,0,0,0,0,200,200
372898,0,30,0,0,0,1,7,5,0,0,0,0,200,2,200,200,200,200,200,200,200
372899,0,30,0,0,0,1,5,5,0,0,1,200,200,0,41,0,0,0,0,200,200
372899,1,30,0,0,0,1,5,5,0,0,1,200,200,1,38,0,200,200,200,200,200
372904,0,30,0,0,0,1,7,5,0,0,0,0,200,2,200,200,200,200,200,200,200
372914,0,30,2,2,1,1,11,5,0,0,12,0,200,0,70,0,12,200,0,200,200
372914,0,30,2,2,1,1,11,5,0,0,12,0,200,0,56,0,0,0,0,200,200
372918,0,30,12,12,1,1,5,5,0,0,0,0,200,0,60,200,0,0,0,200,200
372935,0,30,0,0,0,1,12,5,0,0,0,22,200,0,30,0,200,0,0,200,200
372935,0,30,0,0,0,1,12,5,0,0,0,22,200,0,67,0,0,0,0,200,200
372938,0,30,0,0,0,1,8,5,0,0,0,17,16,0,66,0,1,0,0,200,200
372938,4,30,0,0,0,1,8,5,0,0,0,17,16,1,35,2,0,0,0,200,200
372947,0,30,0,0,0,1,7,6,0,0,0,0,0,2,200,200,200,200,200,200,200
372949,0,30,0,0,0,1,7,5,0,0,0,0,16,0,22,200,12,0,0,200,200
372949,1,30,0,0,0,1,7,5,0,0,0,0,16,1,31,200,200,200,200,200,200
372956,0,30,0,0,0,1,7,5,0,0,200,0,0,1,200,200,200,200,0,200,200
372960,0,30,0,0,0,1,12,5,0,0,0,200,200,1,49,7,0,0,0,200,200
372960,0,30,0,0,0,1,12,5,0,0,0,200,200,1,49,7,0,0,0,200,200
372968,0,30,1,2,0,1,10,5,0,0,0,22,17,0,47,200,4,0,0,200,200
372968,0,30,1,2,0,1,10,5,0,0,0,22,17,0,70,0,0,0,0,200,200
372972,0,35,0,0,0,1,7,7,0,0,0,0,0,2,200,200,200,200,200,200,200
372974,0,30,0,0,0,1,12,5,0,200,200,23,0,0,38,200,4,200,0,200,200
372974,0,30,0,0,0,1,12,5,0,200,200,23,0,1,22,200,0,200,0,200,200
372974,1,30,0,0,0,1,12,5,0,200,200,23,0,0,21,200,200,200,200,200,200
372980,0,30,0,0,0,1,7,2,0,0,0,11,0,2,200,200,12,200,200,200,200
372981,0,25,0,0,0,1,7,0,0,0,0,20,0,0,200,200,6,200,200,200,200
372981,1,25,0,0,0,1,7,0,0,0,0,20,0,200,200,200,200,200,200,200,200
372981,1,25,0,0,0,1,7,0,0,0,0,20,0,200,200,200,200,200,200,200,200
372985,0,30,0,0,0,1,0,5,0,0,0,20,200,0,200,200,6,200,200,200,200
372985,0,30,0,0,0,1,0,5,0,0,0,20,200,0,49,200,0,0,0,200,200
372992,0,30,1,2,0,1,10,5,0,0,0,0,0,0,200,200,200,200,200,200,200
372992,0,30,1,2,0,1,10,5,0,0,0,0,0,1,39,0,0,0,0,200,200
372996,0,30,0,0,0,1,12,1,0,0,0,25,200,2,200,200,0,200,200,200,200
372998,0,0,0,0,0,1,7,7,0,0,0,200,200,2,200,200,200,200,200,200,200
373000,0,25,0,0,1,1,2,0,4,0,0,0,0,0,71,0,0,0,0,200,200
373009,0,35,2,2,0,1,14,5,0,0,0,0,0,0,26,200,200,0,0,200,200
373009,0,35,2,2,0,1,14,5,0,0,0,0,0,0,63,200,200,0,0,200,200
373009,0,35,2,2,0,1,14,5,0,0,0,0,0,0,41,200,0,0,0,200,200
373013,0,0,1,2,0,1,10,2,0,0,0,18,200,0,52,0,3,0,0,200,200
373013,0,0,1,2,0,1,10,2,0,0,0,18,200,0,88,0,0,0,0,200,200
373013,0,0,1,2,0,1,10,2,0,0,0,18,200,0,40,0,0,0,0,200,200
373018,0,30,0,200,0,2,12,5,0,0,0,16,200,1,47,0,4,200,0,200,200
373018,0,30,0,200,0,2,12,5,0,0,0,16,200,0,200,200,200,200,200,200,200
373020,4,30,0,0,0,1,8,5,0,0,0,13,17,0,46,200,1,0,0,200,200
373020,0,30,0,0,0,1,8,5,0,0,0,13,17,1,20,200,0,0,0,200,200
373021,0,30,200,200,0,1,10,5,0,200,200,0,200,1,38,200,200,200,0,200,200
373021,0,30,200,200,0,1,10,5,0,200,200,0,200,1,51,200,200,200,0,200,200
373026,0,30,1,2,0,1,10,5,0,0,0,18,17,0,200,200,1,200,200,200,200
373026,0,30,1,2,0,1,10,5,0,0,0,18,17,1,49,0,0,0,0,200,200
373032,0,30,0,0,0,1,7,5,0,0,0,200,200,0,64,0,0,0,0,200,200
373032,1,30,0,0,0,1,7,5,0,0,0,200,200,1,200,1,200,200,200,200,200
373039,0,30,2,2,0,1,14,5,0,0,0,0,200,0,29,0,200,0,0,200,200
373039,0,30,2,2,0,1,14,5,0,0,0,0,200,0,26,0,200,0,0,200,200
373054,0,30,1,200,0,1,12,5,0,0,0,18,200,1,200,200,4,200,200,200,200
373054,0,30,1,200,0,1,12,5,0,0,0,18,200,0,38,0,200,200,0,200,200
373061,0,30,2,2,0,1,14,5,0,0,0,23,200,0,43,0,7,0,0,200,200
373061,0,30,2,2,0,1,14,5,0,0,0,23,200,0,72,0,0,0,0,200,200
373064,0,30,0,0,0,1,7,6,0,0,0,0,200,1,200,200,12,200,200,200,200
373069,0,30,0,0,0,1,10,5,0,0,0,18,16,1,200,200,3,200,200,200,200
373069,0,30,0,0,0,1,10,5,0,0,0,18,16,0,75,0,0,0,0,200,200
373076,0,10,0,0,0,1,11,7,0,0,0,22,11,2,200,200,2,200,200,200,200
373076,0,10,0,0,0,1,11,7,0,0,0,22,11,1,29,0,0,0,0,200,200
373077,0,0,0,0,200,1,7,7,0,0,0,20,200,0,18,200,6,0,0,200,200
373081,0,0,0,0,0,1,7,7,0,0,0,0,200,2,200,200,200,200,200,200,200
373085,0,30,0,0,0,1,12,2,0,0,0,21,200,0,200,200,4,0,200,200,200
373085,0,30,0,0,0,1,12,2,0,0,0,21,200,0,32,0,0,0,0,200,200
373085,1,30,0,0,0,1,12,2,0,0,0,21,200,1,20,0,200,200,200,200,200
373088,0,30,0,0,0,1,12,5,0,0,0,0,200,0,66,0,4,0,0,200,200
373088,0,30,0,0,0,1,12,5,0,0,0,0,200,0,25,7,0,0,0,200,200
373092,0,30,2,2,0,1,12,6,0,0,0,0,200,0,35,0,0,0,0,200,200
373092,0,30,2,2,0,1,12,6,0,0,0,0,200,0,37,0,0,0,0,200,200
373094,0,30,0,0,1,1,14,2,0,0,0,200,200,0,80,0,1,0,0,200,200
373094,0,30,0,0,1,1,14,2,0,0,0,200,200,0,51,0,12,0,0,200,200
373097,0,30,0,0,0,1,0,5,0,0,0,16,200,0,65,0,1,0,0,200,200
373097,0,30,0,0,0,1,0,5,0,0,0,16,200,1,44,0,0,0,0,200,200
373098,4,30,0,0,0,1,8,2,0,0,0,0,0,0,17,7,12,200,7,200,200
373098,0,30,0,0,0,1,8,2,0,0,0,0,0,0,52,0,0,0,0,200,200
373099,0,30,0,0,0,1,7,6,0,0,0,0,0,2,200,200,200,200,200,200,200
373103,0,35,1,2,1,1,10,2,0,0,0,18,200,1,48,200,3,0,0,200,200
373103,0,35,1,2,1,1,10,2,0,0,0,18,200,1,21,7,0,0,0,200,200
373103,1,35,1,2,1,1,10,2,0,0,0,18,200,1,27,0,200,200,200,200,200
373105,0,30,2,2,0,1,0,5,0,0,0,17,200,0,18,200,1,0,0,200,200
373105,0,30,2,2,0,1,0,5,0,0,0,17,200,0,48,0,0,0,0,200,200
373106,0,30,0,0,0,1,14,5,0,0,0,21,200,0,200,200,4,200,200,200,200
373106,0,30,0,0,0,1,14,5,0,0,0,21,200,1,39,0,200,200,0,200,200
373116,0,30,12,12,0,1,10,6,0,0,0,18,200,0,45,200,3,0,0,200,200
373116,0,30,12,12,0,1,10,6,0,0,0,18,200,0,48,200,0,0,0,200,200
373123,0,30,0,0,0,1,10,5,0,0,0,18,200,0,41,200,3,200,200,200,200
373123,0,30,0,0,0,1,10,5,0,0,0,18,200,1,28,200,0,200,200,200,200
373123,0,30,0,0,0,1,10,5,0,0,0,18,200,1,45,0,0,0,0,200,200
373127,0,30,0,0,0,3,7,5,0,0,0,0,0,2,200,200,200,200,200,200,200
373128,0,30,1,2,0,1,10,2,0,0,0,0,200,1,26,200,200,0,0,200,200
373128,0,30,1,2,0,1,10,2,0,0,0,0,200,0,40,200,200,0,0,200,200
373128,1,30,1,2,0,1,10,2,0,0,0,0,200,0,35,200,200,200,200,200,200
373130,0,30,0,0,0,1,14,5,0,0,0,17,16,0,200,0,1,0,0,200,200
373130,0,30,0,0,0,1,14,5,0,0,0,17,16,1,200,0,0,0,0,200,200
373130,1,30,0,0,0,1,14,5,0,0,0,17,16,1,200,5,200,200,200,200,200
373130,1,30,0,0,0,1,14,5,0,0,0,17,16,1,200,5,200,200,200,200,200
373131,0,30,0,0,0,1,12,5,0,0,0,200,200,0,46,0,0,0,0,200,200
373131,0,30,0,0,0,1,12,5,0,0,0,200,200,1,27,0,0,0,0,200,200
373132,0,30,1,2,0,1,10,2,0,0,0,7,7,1,33,0,12,0,0,200,200
373132,0,30,1,2,0,1,10,2,0,0,0,7,7,1,33,0,0,0,0,200,200
373133,0,35,1,2,0,1,10,5,0,0,200,18,0,0,200,200,3,200,200,200,200
373133,0,35,1,2,0,1,10,5,0,0,200,18,0,0,55,200,200,200,0,200,200
373134,0,30,0,0,0,1,10,2,0,0,0,0,200,0,200,200,200,200,200,200,200
373134,0,30,0,0,0,1,10,2,0,0,0,0,200,1,47,0,0,0,0,200,200
373134,1,30,0,0,0,1,10,2,0,0,0,0,200,1,71,0,200,200,200,200,200
373141,0,30,1,2,0,1,12,5,0,0,0,17,200,1,200,200,1,200,200,200,200
373141,0,30,1,2,0,1,12,5,0,0,0,17,200,0,68,0,0,0,0,200,200
373143,0,30,1,2,0,1,10,2,0,0,0,18,0,1,50,0,3,0,0,200,200
373143,0,30,1,2,0,1,10,2,0,0,0,18,0,0,37,0,12,0,0,200,200
373146,0,40,0,0,0,1,12,3,3,0,0,0,0,1,200,0,200,0,0,200,200
373146,0,40,0,0,0,1,12,3,3,0,0,0,0,0,200,0,200,0,0,200,200
373148,0,30,200,200,0,1,7,6,0,200,200,0,200,2,200,200,200,200,200,200,200
373150,0,30,0,0,0,1,14,2,0,0,3,17,200,0,44,0,1,0,0,200,200
373150,0,30,0,0,0,1,14,2,0,0,3,17,200,0,35,0,0,0,0,200,200
373150,1,30,0,0,0,1,14,2,0,0,3,17,200,200,200,0,200,200,200,200,200
373154,0,20,0,0,0,1,12,2,0,0,200,17,0,0,36,200,12,5,0,200,200
373154,0,20,0,0,0,1,12,2,0,0,200,17,0,0,53,200,1,200,0,200,200
373159,0,30,200,200,200,200,12,5,0,0,200,0,200,0,200,0,200,200,0,200,200
373159,0,30,200,200,200,200,12,5,0,0,200,0,200,0,200,0,0,200,0,200,200
373170,0,20,0,0,0,1,7,5,0,0,0,2,200,0,24,0,15,0,0,200,1
373170,1,20,0,0,0,1,7,5,0,0,0,2,200,1,21,0,200,200,200,200,200
373184,0,30,1,2,0,1,14,3,0,0,0,11,0,1,40,0,4,200,0,200,200
373184,0,30,1,2,0,1,14,3,0,0,0,11,0,0,41,0,200,200,0,200,200
373184,1,30,1,2,0,1,14,3,0,0,0,11,0,0,5,5,200,200,200,200,200
373193,0,30,0,0,0,1,8,5,0,0,0,0,0,1,200,200,0,200,200,200,200
373193,4,30,0,0,0,1,8,5,0,0,0,0,0,1,18,7,0,0,0,200,200
373194,0,30,0,0,0,1,7,6,0,0,0,23,11,1,200,200,12,0,0,200,200
373196,0,30,1,2,0,1,10,2,0,0,0,18,16,0,22,0,1,0,0,200,200
373196,0,30,1,2,0,1,10,2,0,0,0,18,16,1,19,0,0,0,0,200,200
373199,0,30,0,0,0,1,10,5,1,0,0,18,200,0,58,0,3,200,0,200,200
373199,0,30,0,0,0,1,10,5,1,0,0,18,200,0,46,0,200,200,0,200,200
373203,0,30,1,2,0,1,12,2,0,0,0,23,17,1,35,0,7,0,0,200,200
373203,0,30,1,2,0,1,12,2,0,0,0,23,17,1,46,0,0,0,0,200,200
373205,0,30,1,2,0,1,0,5,0,0,0,10,33,1,69,0,9,1,0,200,200
373205,0,30,1,2,0,1,0,5,0,0,0,10,33,0,24,0,0,0,0,200,200
373209,0,30,0,0,0,1,12,5,0,0,0,22,200,2,200,200,4,200,200,200,200
373209,0,30,0,0,0,1,12,5,0,0,0,22,200,0,30,200,0,0,0,200,200
373213,0,10,0,0,0,1,2,7,0,0,0,0,0,0,25,0,12,0,0,200,200
373213,1,10,0,0,0,1,2,7,0,0,0,0,0,0,200,0,200,200,200,200,200
373222,0,30,0,0,0,1,10,3,0,0,0,0,200,0,47,7,0,0,0,200,200
373222,0,30,0,0,0,1,10,3,0,0,0,0,200,1,200,7,0,0,0,200,200
373223,0,30,0,0,1,1,10,5,0,0,0,11,18,0,66,200,3,0,200,200,200
373223,0,30,0,0,1,1,10,5,0,0,0,11,18,1,63,200,0,0,0,200,200
373223,0,30,0,0,1,1,10,5,0,0,0,11,18,0,49,200,0,0,0,200,200
373223,1,30,0,0,1,1,10,5,0,0,0,11,18,0,50,200,200,200,200,200,200
373225,0,30,0,0,0,1,12,5,0,0,0,17,0,0,200,200,1,200,200,200,200
373225,0,30,0,0,0,1,12,5,0,0,0,17,0,1,56,200,0,200,0,200,200
373225,1,30,0,0,0,1,12,5,0,0,0,17,0,0,39,200,200,200,200,200,200
373227,0,30,1,2,0,1,10,5,0,0,0,18,16,0,58,200,3,200,0,200,200
373227,0,30,1,2,0,1,10,5,0,0,0,18,16,1,200,200,0,200,200,200,200
373227,0,30,1,2,0,1,10,5,0,0,0,18,16,0,34,0,0,0,0,200,200
373228,0,30,0,0,0,1,10,5,0,0,0,0,0,0,22,200,3,200,200,200,200
373228,0,30,0,0,0,1,10,5,0,0,0,0,0,1,33,0,0,0,0,200,200
373228,1,30,0,0,0,1,10,5,0,0,0,0,0,0,14,0,200,200,200,200,200
373228,1,30,0,0,0,1,10,5,0,0,0,0,0,1,1,5,200,200,200,200,200
373228,1,30,0,0,0,1,10,5,0,0,0,0,0,0,2,5,200,200,200,200,200
373228,1,30,0,0,0,1,10,5,0,0,0,0,0,1,6,5,200,200,200,200,200
373233,0,10,0,0,0,1,10,4,0,0,0,18,0,1,27,200,3,200,200,200,200
373233,0,10,0,0,0,1,10,4,0,0,0,18,0,1,40,0,0,0,0,200,200
373237,0,20,0,0,0,1,14,5,0,0,0,0,0,1,17,0,12,200,0,200,200
373237,0,20,0,0,0,1,14,5,0,0,0,0,0,1,45,0,0,200,0,200,200
373243,0,30,0,0,0,1,7,5,0,0,0,0,200,0,25,0,12,0,0,200,200
373247,0,35,2,0,0,1,0,2,0,0,0,17,16,0,71,0,1,0,0,200,200
373247,0,35,2,0,0,1,0,2,0,0,0,17,16,1,57,0,0,0,0,200,200
373247,1,35,2,0,0,1,0,2,0,0,0,17,16,1,69,0,200,200,200,200,200
373247,1,35,2,0,0,1,0,2,0,0,0,17,16,200,10,0,200,200,200,200,200
373247,1,35,2,0,0,1,0,2,0,0,0,17,16,0,200,0,200,200,200,200,200
373247,1,35,2,0,0,1,0,2,0,0,0,17,16,0,71,0,200,200,200,200,200
373250,0,30,1,2,2,1,10,5,0,1,0,34,18,1,27,0,3,0,0,200,200
373250,0,30,1,2,2,1,10,5,0,1,0,34,18,1,200,0,0,0,0,200,200
373256,0,30,0,0,0,1,10,5,0,0,0,0,0,2,200,200,200,200,200,200,200
373256,0,30,0,0,0,1,10,5,0,0,0,0,0,0,48,7,0,0,0,200,200
373259,0,25,0,0,1,1,7,5,0,0,200,0,0,0,28,200,200,200,200,200,200
373260,0,30,0,0,0,1,12,2,0,0,0,21,0,1,21,200,4,0,0,200,200
373260,0,30,0,0,0,1,12,2,0,0,0,21,0,1,41,200,0,0,0,200,200
373266,0,30,2,2,0,1,0,2,0,0,0,5,0,0,200,200,1,200,200,200,200
373266,0,30,2,2,0,1,0,2,0,0,0,5,0,0,48,0,0,0,0,200,200
373266,1,30,2,2,0,1,0,2,0,0,0,5,0,0,17,0,200,200,200,200,200
373267,0,25,2,2,0,1,14,6,0,0,0,25,17,0,200,200,9,200,12,200,200
373267,0,25,2,2,0,1,14,6,0,0,0,25,17,1,56,200,0,0,12,200,200
373267,0,25,2,2,0,1,14,6,0,0,0,25,17,0,29,0,0,0,0,200,200