RD_NO,PERSON_TYPE,POSTED_SPEED_LIMIT,TRAFFIC_CONTROL_DEVICE,DEVICE_CONDITION,WEATHER_CONDITION,LIGHTING_CONDITION,FIRST_CRASH_TYPE,TRAFFICWAY_TYPE,ALIGNMENT,ROADWAY_SURFACE_COND,ROAD_DEFECT,PRIM_CONTRIBUTORY_CAUSE,SEC_CONTRIBUTORY_CAUSE,SEX,AGE,SAFETY_EQUIPMENT,DRIVER_ACTION,DRIVER_VISION,PHYSICAL_CONDITION,BAC_RESULT VALUE,CELL_PHONE_USE
373272,0,30,0,0,0,1,7,7,0,0,0,0,200,2,200,200,200,200,200,200,200
373273,0,30,1,2,1,1,14,5,0,0,0,17,200,1,17,0,1,0,0,200,200
373273,0,30,1,2,1,1,14,5,0,0,0,17,200,0,33,0,0,0,0,200,200
373273,1,30,1,2,1,1,14,5,0,0,0,17,200,0,17,0,200,200,200,200,200
373273,1,30,1,2,1,1,14,5,0,0,0,17,200,0,34,0,200,200,200,200,200
373279,0,25,2,2,0,1,0,5,0,0,0,33,21,0,72,0,4,1,0,200,200
373279,0,25,2,2,0,1,0,5,0,0,0,33,21,1,200,200,0,200,0,200,200
373280,0,30,0,0,0,1,7,5,0,0,0,0,0,0,200,200,200,200,200,200,200
373280,1,30,0,0,0,1,7,5,0,0,0,0,0,200,200,200,200,200,200,200,200
373282,0,30,0,0,0,1,12,6,0,0,0,22,21,0,21,0,2,0,0,200,200
373282,0,30,0,0,0,1,12,6,0,0,0,22,21,0,47,0,0,0,0,200,200
373288,0,30,1,2,0,1,14,1,0,0,0,23,200,0,20,200,7,1,0,200,200
373288,0,30,1,2,0,1,14,1,0,0,0,23,200,0,24,200,0,1,0,200,200
373290,0,30,1,2,0,1,12,5,0,0,0,0,0,1,200,200,12,200,200,200,200
373290,0,30,1,2,0,1,12,5,0,0,0,0,0,1,45,0,0,0,0,200,200
373296,0,30,1,2,2,1,10,5,0,1,0,16,34,0,53,0,8,0,0,200,200
373296,0,30,1,2,2,1,10,5,0,1,0,16,34,1,23,0,0,0,0,200,200
373296,0,30,1,2,2,1,10,5,0,1,0,16,34,1,27,0,0,0,0,200,200
373296,1,30,1,2,2,1,10,5,0,1,0,16,34,0,23,0,200,200,200,200,200
373296,1,30,1,2,2,1,10,5,0,1,0,16,34,0,10,0,200,200,200,200,200
373296,1,30,1,2,2,1,10,5,0,1,0,16,34,1,7,0,200,200,200,200,200
373296,1,30,1,2,2,1,10,5,0,1,0,16,34,1,1,5,200,200,200,200,200
373297,0,30,0,0,0,1,8,5,0,0,0,22,200,2,200,200,2,200,200,200,200
373297,4,30,0,0,0,1,8,5,0,0,0,22,200,0,22,3,0,0,0,200,200
373298,0,30,0,0,0,1,7,6,0,0,0,200,200,2,200,200,0,200,200,200,200
373307,0,30,0,0,0,1,10,7,0,0,0,0,200,1,200,200,200,200,200,200,200
373307,0,30,0,0,0,1,10,7,0,0,0,0,200,0,29,0,0,0,0,200,200
373307,1,30,0,0,0,1,10,7,0,0,0,0,200,1,2,0,200,200,200,200,200
373315,0,30,0,0,0,1,10,5,0,0,0,0,0,0,200,0,1,0,0,200,200
373315,0,30,0,0,0,1,10,5,0,0,0,0,0,1,44,0,0,0,0,200,200
373319,0,30,0,0,2,1,7,5,0,1,0,12,12,0,21,0,12,0,0,200,200
373319,1,30,0,0,2,1,7,5,0,1,0,12,12,1,28,200,200,200,200,200,200
373319,1,30,0,0,2,1,7,5,0,1,0,12,12,1,10,0,200,200,200,200,200
373319,1,30,0,0,2,1,7,5,0,1,0,12,12,1,6,5,200,200,200,200,200
373328,0,30,2,2,0,1,7,5,0,0,0,0,0,1,200,200,10,200,0,200,200
373328,1,30,2,2,0,1,7,5,0,0,0,0,0,0,200,200,200,200,200,200,200
373330,0,25,0,0,0,1,7,6,0,0,0,7,0,1,34,0,0,0,0,200,200
373337,0,30,0,0,0,3,7,5,0,0,0,0,200,2,200,200,200,200,200,200,200
373341,0,30,0,0,1,1,7,5,0,0,0,21,200,0,45,0,4,5,0,200,200
373344,0,30,0,0,0,1,7,6,0,0,0,20,200,2,200,200,6,200,200,200,200
373350,0,30,0,0,0,1,14,3,0,0,0,0,0,0,68,0,1,200,0,200,200
373350,0,30,0,0,0,1,14,3,0,0,0,0,0,0,27,0,0,200,0,200,200
373350,1,30,0,0,0,1,14,3,0,0,0,0,0,0,19,0,200,200,200,200,200
373356,0,30,1,0,0,1,12,5,0,0,200,0,0,1,61,0,200,200,200,200,200
373356,0,30,1,0,0,1,12,5,0,0,200,0,0,1,61,0,0,200,200,200,200
373359,0,30,0,0,0,1,0,4,0,0,0,33,200,0,19,0,1,5,0,200,200
373359,0,30,0,0,0,1,0,4,0,0,0,33,200,0,40,0,200,200,0,200,200
373365,0,35,1,2,0,1,10,5,0,0,0,7,0,1,27,0,3,0,0,200,200
373365,0,35,1,2,0,1,10,5,0,0,0,7,0,0,32,0,0,0,0,200,200
373365,1,35,1,2,0,1,10,5,0,0,0,7,0,0,3,0,200,200,200,200,200
373366,0,30,0,0,0,1,7,5,0,0,0,200,200,1,45,0,0,0,0,200,200
373366,1,30,0,0,0,1,7,5,0,0,0,200,200,1,14,0,200,200,200,200,200
373366,1,30,0,0,0,1,7,5,0,0,0,200,200,1,9,0,200,200,200,200,200
373366,1,30,0,0,0,1,7,5,0,0,0,200,200,0,44,0,200,200,200,200,200
373367,0,30,2,2,0,1,10,5,0,0,0,0,0,1,200,200,200,200,200,200,200
373367,0,30,2,2,0,1,10,5,0,0,0,0,0,0,51,0,200,200,7,200,200
373368,0,30,0,0,0,1,14,2,0,0,0,0,200,0,22,7,0,0,0,200,200
373368,0,30,0,0,0,1,14,2,0,0,0,0,200,0,62,7,0,0,0,200,200
373369,0,30,1,2,0,1,9,5,0,0,0,17,0,1,52,0,1,0,0,200,200
373369,5,30,1,2,0,1,9,5,0,0,0,17,0,1,25,7,0,0,0,200,200
373371,0,10,0,0,0,1,10,7,0,0,0,20,200,0,25,200,6,200,200,200,200
373371,0,10,0,0,0,1,10,7,0,0,0,20,200,1,52,0,0,0,0,200,200
373373,0,35,0,0,0,1,12,2,0,0,0,33,200,0,55,0,4,0,0,200,200
373373,0,35,0,0,0,1,12,2,0,0,0,33,200,0,29,0,0,0,0,200,200
373376,0,30,0,200,0,1,10,5,0,0,0,0,200,0,200,0,0,200,0,200,200
373376,0,30,0,200,0,1,10,5,0,0,0,0,200,1,200,0,200,200,0,200,200
373378,0,25,0,0,2,1,10,5,0,1,0,18,18,1,22,0,3,0,0,200,200
373378,0,25,0,0,2,1,10,5,0,1,0,18,18,0,30,0,0,0,0,200,200
373378,1,25,0,0,2,1,10,5,0,1,0,18,18,1,21,0,200,200,200,200,200
373379,0,30,1,2,1,1,12,5,0,0,0,0,0,1,200,200,200,200,200,200,200
373379,0,30,1,2,1,1,12,5,0,0,0,0,0,1,28,0,0,0,0,200,200
373379,1,30,1,2,1,1,12,5,0,0,0,0,0,0,8,0,200,200,200,200,200
373381,0,30,0,0,0,1,0,7,0,0,0,20,200,0,52,7,200,0,0,200,200
373381,0,30,0,0,0,1,0,7,0,0,0,20,200,1,32,7,200,0,0,200,200
373382,0,35,200,200,0,1,12,6,0,0,0,0,0,1,45,200,12,200,200,200,200
373382,0,35,200,200,0,1,12,6,0,0,0,0,0,0,65,200,200,200,0,200,200
373388,0,30,1,2,0,1,2,5,0,0,0,8,0,0,50,0,12,0,0,200,200
373388,0,30,1,2,0,1,2,5,0,0,0,8,0,0,18,0,0,0,0,200,200
373389,0,30,1,2,0,1,12,2,0,0,0,22,0,1,200,200,2,200,200,200,200
373389,0,30,1,2,0,1,12,2,0,0,0,22,0,0,26,0,0,0,0,200,200
373401,0,30,0,0,0,1,10,5,0,0,0,0,0,1,200,200,6,0,0,200,200
373401,0,30,0,0,0,1,10,5,0,0,0,0,0,0,200,0,0,0,0,200,200
373401,1,30,0,0,0,1,10,5,0,0,0,0,0,1,200,0,200,200,200,200,200
373406,0,30,1,2,0,1,12,5,0,0,0,21,200,1,200,200,4,200,200,200,200
373406,0,30,1,2,0,1,12,5,0,0,0,21,200,0,31,0,0,0,0,200,200
373412,0,30,0,0,0,1,7,5,0,0,0,0,200,2,200,200,200,200,200,200,200
373413,0,30,1,2,0,1,10,2,0,0,0,18,16,0,36,200,3,0,0,200,200
373413,0,30,1,2,0,1,10,2,0,0,0,18,16,0,25,200,0,0,0,200,200
373418,0,30,1,2,0,1,10,5,0,0,200,11,200,0,200,200,8,0,0,200,200
373422,0,30,0,0,0,1,0,12,0,0,0,0,0,1,69,0,200,0,0,200,200
373422,0,30,0,0,0,1,0,12,0,0,0,0,0,0,19,0,0,0,0,200,200
373427,0,20,0,0,0,1,7,6,0,0,0,20,11,1,200,200,10,200,200,200,200
373428,0,30,1,2,0,1,12,5,0,0,0,21,200,0,46,0,4,0,0,200,200
373428,0,30,1,2,0,1,12,5,0,0,0,21,200,0,59,0,0,0,0,200,200
373428,1,30,1,2,0,1,12,5,0,0,0,21,200,1,200,0,200,200,200,200,200
373428,1,30,1,2,0,1,12,5,0,0,0,21,200,1,200,7,200,200,200,200,200
373428,1,30,1,2,0,1,12,5,0,0,0,21,200,1,200,0,200,200,200,200,200
373428,1,30,1,2,0,1,12,5,0,0,0,21,200,1,200,7,200,200,200,200,200
373432,0,30,2,2,0,1,0,5,0,0,0,200,200,1,22,0,0,0,0,200,200
373432,0,30,2,2,0,1,0,5,0,0,0,200,200,1,54,0,0,0,0,200,200
373432,1,30,2,2,0,1,0,5,0,0,0,200,200,0,200,0,200,200,200,200,200
373434,0,35,0,0,0,1,12,3,0,0,0,21,21,1,37,0,4,0,0,200,200
373434,0,35,0,0,0,1,12,3,0,0,0,21,21,1,25,0,0,0,0,200,200
373434,1,35,0,0,0,1,12,3,0,0,0,21,21,0,46,0,200,200,200,200,200
373435,0,20,0,0,0,1,7,7,0,0,0,0,0,2,200,200,200,200,200,200,200
373438,0,30,0,0,0,1,10,6,0,0,0,20,200,0,36,0,6,0,0,200,200
373438,0,30,0,0,0,1,10,6,0,0,0,20,200,1,49,0,0,0,0,200,200
373441,0,30,0,0,2,1,10,5,0,1,0,18,11,0,23,0,3,0,0,200,200
373441,0,30,0,0,2,1,10,5,0,1,0,18,11,0,36,0,0,0,0,200,200
373441,1,30,0,0,2,1,10,5,0,1,0,18,11,1,2,0,200,200,200,200,200
373449,0,30,200,200,0,1,9,5,0,0,0,20,200,0,200,200,6,200,200,200,200
373449,5,30,200,200,0,1,9,5,0,0,0,20,200,1,26,7,0,0,0,200,200
373456,0,15,0,0,0,1,9,7,0,0,0,20,200,1,17,200,1,0,0,200,200
373456,5,15,0,0,0,1,9,7,0,0,0,20,200,0,50,7,0,0,0,200,200
373457,0,30,1,1,1,2,7,5,2,1,0,200,34,1,43,0,14,200,0,200,200
373457,1,30,1,1,1,2,7,5,2,1,0,200,34,0,46,0,200,200,200,200,200
373458,0,30,1,2,0,4,12,5,0,0,0,22,14,1,27,200,2,0,0,200,200
373458,0,30,1,2,0,4,12,5,0,0,0,22,14,0,49,200,0,0,0,200,200
373458,0,30,1,2,0,4,12,5,0,0,0,22,14,0,53,200,0,0,0,200,200
373459,0,30,1,1,0,1,14,6,0,0,0,0,0,0,200,0,3,0,0,200,200
373459,0,30,1,1,0,1,14,6,0,0,0,0,0,0,200,0,0,0,0,200,200
373478,0,10,0,0,0,1,7,7,0,0,0,0,200,0,200,200,7,0,0,200,200
373484,0,30,1,2,0,1,9,5,0,0,0,17,23,0,65,200,1,0,0,200,200
373484,5,30,1,2,0,1,9,5,0,0,0,17,23,0,77,7,0,0,0,200,200
373485,0,30,0,0,0,1,14,12,0,0,0,0,0,0,21,0,7,0,0,200,200
373485,0,30,0,0,0,1,14,12,0,0,0,0,0,0,38,0,0,0,0,200,200
373496,0,30,2,2,0,1,10,6,0,0,0,0,0,1,21,0,12,200,0,200,200
373496,0,30,2,2,0,1,10,6,0,0,0,0,0,1,61,0,0,0,0,200,200
373497,0,35,0,0,0,1,12,2,0,0,0,0,0,0,200,200,12,200,200,200,200
373497,0,35,0,0,0,1,12,2,0,0,0,0,0,1,29,0,200,0,0,200,200
373501,0,30,0,0,1,200,7,6,0,200,200,25,200,0,52,200,12,200,200,200,200
373512,0,30,0,0,0,1,7,200,0,0,0,0,200,1,50,0,200,0,0,200,200
373517,0,30,0,0,0,1,7,5,0,0,0,16,16,0,47,0,8,0,0,200,200
373532,0,30,0,0,0,1,12,5,3,0,0,21,200,1,40,7,3,0,0,200,200
373532,0,30,0,0,0,1,12,5,3,0,0,21,200,0,43,7,12,0,0,200,200
373535,0,30,0,0,0,1,0,7,0,0,0,17,200,1,58,0,1,200,0,200,200
373535,0,30,0,0,0,1,0,7,0,0,0,17,200,0,22,0,12,200,200,200,200
373536,0,30,2,2,200,200,7,5,0,0,0,0,0,2,200,200,200,200,200,200,200
373538,0,30,1,2,0,1,14,3,0,0,0,21,200,0,200,200,4,200,200,200,200
373538,0,30,1,2,0,1,14,3,0,0,0,21,200,1,35,0,0,0,0,200,200
373538,1,30,1,2,0,1,14,3,0,0,0,21,200,0,41,0,200,200,200,200,200
373538,1,30,1,2,0,1,14,3,0,0,0,21,200,1,7,5,200,200,200,200,200
373538,1,30,1,2,0,1,14,3,0,0,0,21,200,0,2,5,200,200,200,200,200
373538,1,30,1,2,0,1,14,3,0,0,0,21,200,0,200,0,200,200,200,200,200
373538,1,30,1,2,0,1,14,3,0,0,0,21,200,0,200,200,200,200,200,200,200
373547,0,30,0,0,0,1,0,3,0,0,0,0,0,1,200,200,0,200,200,200,200
373547,0,30,0,0,0,1,0,3,0,0,0,0,0,1,49,7,0,0,0,200,200
373556,0,35,0,0,0,4,11,3,0,0,0,21,11,0,31,0,2,0,0,200,200
373556,0,35,0,0,0,4,11,3,0,0,0,21,11,0,48,0,0,0,0,200,200
373571,0,30,0,0,0,1,11,5,0,0,0,11,0,0,200,200,12,200,200,200,200
373571,0,30,0,0,0,1,11,5,0,0,0,11,0,0,65,0,0,0,0,200,200
373577,0,30,1,200,0,3,9,2,0,0,200,17,200,1,29,0,1,200,0,200,200
373577,5,30,1,200,0,3,9,2,0,0,200,17,200,1,41,7,5,200,200,200,200
373578,0,30,1,2,0,4,14,2,0,0,0,23,17,1,200,0,7,0,0,200,200
373578,0,30,1,2,0,4,14,2,0,0,0,23,17,1,20,0,0,0,0,200,200
373585,0,20,0,0,0,1,10,2,0,0,200,18,18,0,88,200,200,200,200,200,200
373585,0,20,0,0,0,1,10,2,0,0,200,18,18,1,20,200,0,200,0,200,200
373587,0,30,2,1,0,1,0,12,2,0,0,5,17,1,46,200,1,0,0,200,200
373587,0,30,2,1,0,1,0,12,2,0,0,5,17,0,23,200,0,0,0,200,200
373614,0,30,0,0,0,1,7,5,0,0,0,0,200,2,200,200,200,200,200,200,200
373620,0,30,2,2,0,4,9,5,0,0,0,17,200,0,33,200,1,0,0,200,200
373620,5,30,2,2,0,4,9,5,0,0,0,17,200,1,64,200,0,0,0,200,200
373623,0,35,0,0,0,3,10,2,0,0,0,0,0,1,45,0,1,0,0,200,200
373623,0,35,0,0,0,3,10,2,0,0,0,0,0,0,200,0,0,0,0,200,200
373624,0,30,1,2,0,3,14,5,0,0,0,14,31,0,200,200,5,200,200,200,200
373624,0,30,1,2,0,3,14,5,0,0,0,14,31,1,35,0,0,0,0,200,200
373624,1,30,1,2,0,3,14,5,0,0,0,14,31,0,200,200,200,200,200,200,200
373626,0,20,0,0,0,3,8,6,0,0,0,0,200,0,200,200,1,200,200,200,200
373626,4,20,0,0,0,3,8,6,0,0,0,0,200,0,18,2,0,0,0,200,200
373636,0,30,1,200,0,3,10,5,0,0,0,18,16,0,55,0,0,0,0,200,200
373636,0,30,1,200,0,3,10,5,0,0,0,18,16,2,200,200,3,200,200,200,200
373645,0,30,0,0,0,1,7,7,0,0,0,0,0,1,200,200,200,200,200,200,200
373648,0,0,0,0,0,4,7,7,0,0,0,25,20,0,200,200,0,200,200,200,200
373651,0,30,0,0,0,0,10,5,0,0,0,20,200,1,39,0,6,0,0,200,200
373651,0,30,0,0,0,0,10,5,0,0,0,20,200,0,21,0,0,0,0,200,200
373654,0,30,0,0,0,1,7,5,0,0,0,0,200,0,45,0,12,0,0,200,200
373657,0,30,0,0,0,3,12,6,0,0,200,17,0,1,200,200,1,200,200,200,200
373657,0,30,0,0,0,3,12,6,0,0,200,17,0,0,31,0,0,0,0,200,200
373667,0,30,0,0,0,3,12,5,0,0,0,22,200,2,200,200,2,200,200,200,200
373667,0,30,0,0,0,3,12,5,0,0,0,22,200,0,42,200,0,200,0,200,200
373667,1,30,0,0,0,3,12,5,0,0,0,22,200,1,32,200,200,200,200,200,200
373670,0,30,0,0,0,1,12,5,0,0,0,0,0,0,200,200,200,200,200,200,200
373670,0,30,0,0,0,1,12,5,0,0,0,0,0,1,32,0,0,0,0,200,200
373675,0,30,0,0,0,1,7,7,0,0,0,20,20,0,200,200,6,200,200,200,200
373676,0,30,0,0,0,0,10,5,0,0,0,200,200,1,23,200,200,0,0,200,200
373676,0,30,0,0,0,0,10,5,0,0,0,200,200,0,49,200,0,0,0,200,200
373681,0,30,0,0,0,3,7,6,0,0,0,0,0,0,200,200,6,200,200,200,200
373686,0,30,1,2,0,3,14,3,0,0,0,23,0,0,25,200,0,0,0,200,200
373686,0,30,1,2,0,3,14,3,0,0,0,23,0,0,20,200,7,0,0,200,200
373686,1,30,1,2,0,3,14,3,0,0,0,23,0,1,19,200,200,200,200,200,200
373695,0,5,0,0,0,3,9,0,0,0,0,200,200,0,44,0,12,0,0,200,200
373695,5,5,0,0,0,3,9,0,0,0,0,200,200,1,6,7,0,200,7,200,200
373695,1,5,0,0,0,3,9,0,0,0,0,200,200,0,10,0,200,200,200,200,200
373695,1,5,0,0,0,3,9,0,0,0,0,200,200,1,6,1,200,200,200,200,200
373704,0,30,0,0,0,4,7,5,0,0,0,16,200,0,0,0,8,200,200,200,200
373704,1,30,0,0,0,4,7,5,0,0,0,16,200,0,23,0,200,200,200,200,200
373704,1,30,0,0,0,4,7,5,0,0,0,16,200,0,24,0,200,200,200,200,200
373704,1,30,0,0,0,4,7,5,0,0,0,16,200,0,32,0,200,200,200,200,200
373706,0,30,0,0,0,3,7,5,0,0,0,0,200,0,200,200,200,0,0,200,200
373708,0,30,0,0,0,3,7,5,0,0,0,0,0,0,79,200,12,200,0,200,200
373709,0,30,0,0,0,3,7,3,0,0,0,0,0,2,200,200,200,200,200,200,200
373725,0,30,1,2,0,1,10,6,0,0,0,16,200,1,23,0,3,0,200,200,200
373725,0,30,1,2,0,1,10,6,0,0,0,16,200,0,28,0,0,0,0,200,200
373730,0,10,0,0,0,3,3,7,0,0,0,16,200,0,35,0,12,0,0,200,200
373730,0,10,0,0,0,3,3,7,0,0,0,16,200,0,60,0,12,0,0,200,200
373734,0,30,2,2,0,3,14,5,0,0,0,17,200,2,200,200,1,200,200,200,200
373734,0,30,2,2,0,3,14,5,0,0,0,17,200,0,33,0,0,0,0,200,200
373738,0,30,0,0,0,3,5,6,0,0,0,8,200,0,35,0,12,0,0,200,200
373755,0,30,0,0,0,1,14,2,0,0,0,17,16,0,200,200,1,200,200,200,200
373755,0,30,0,0,0,1,14,2,0,0,0,17,16,0,29,0,12,0,200,200,200
373755,1,30,0,0,0,1,14,2,0,0,0,17,16,1,200,0,200,200,200,200,200
373756,0,30,1,2,0,3,10,5,0,0,0,7,200,1,21,0,3,12,0,200,200
373756,0,30,1,2,0,3,10,5,0,0,0,7,200,1,40,0,0,0,0,200,200
373756,1,30,1,2,0,3,10,5,0,0,0,7,200,0,22,0,200,200,200,200,200
373762,0,30,0,0,0,3,12,6,0,0,0,0,0,0,31,200,200,0,0,200,200
373762,0,30,0,0,0,3,12,6,0,0,0,0,0,0,22,200,200,0,0,200,200
373762,1,30,0,0,0,3,12,6,0,0,0,0,0,1,200,7,200,200,200,200,200
373765,0,25,1,2,0,3,10,5,0,0,200,18,0,0,33,0,3,0,0,200,200
373765,0,25,1,2,0,3,10,5,0,0,200,18,0,0,29,0,0,0,0,200,200
373766,0,30,200,200,0,4,10,3,0,0,200,20,21,0,67,0,6,200,0,200,200
373766,0,30,200,200,0,4,10,3,0,0,200,20,21,0,34,0,0,200,0,200,200
373780,0,20,0,0,0,3,11,12,0,0,0,10,11,0,31,200,1,200,200,200,200
373780,0,20,0,0,0,3,11,12,0,0,0,10,11,0,43,0,0,0,0,200,200
373782,4,25,2,12,0,0,8,12,0,0,0,0,0,1,200,3,200,0,3,200,200
373782,0,25,2,12,0,0,8,12,0,0,0,0,0,2,200,200,200,200,200,200,200
373784,0,45,0,0,0,0,12,12,0,0,0,200,200,2,200,200,4,200,200,200,200
373784,0,45,0,0,0,0,12,12,0,0,0,200,200,0,48,0,0,0,0,200,200
373787,0,30,1,2,0,4,0,5,0,0,0,5,200,0,200,200,12,200,200,200,200
373787,0,30,1,2,0,4,0,5,0,0,0,5,200,0,38,0,0,0,0,200,200
373788,0,30,0,0,0,3,12,5,0,0,0,21,200,0,39,200,1,200,200,200,200
373788,0,30,0,0,0,3,12,5,0,0,0,21,200,0,21,200,0,0,0,200,200
373793,0,30,1,2,0,3,14,12,0,0,0,23,11,1,30,0,7,0,0,200,200
373793,0,30,1,2,0,3,14,12,0,0,0,23,11,1,0,0,0,0,0,200,200
373795,0,30,1,2,0,3,9,5,0,0,200,17,0,0,200,200,1,200,200,200,200
373795,5,30,1,2,0,3,9,5,0,0,200,17,0,0,29,200,200,200,0,200,200
373797,0,35,2,2,0,3,0,5,0,0,0,11,200,0,20,0,12,0,0,200,200
373797,0,35,2,2,0,3,0,5,0,0,0,11,200,0,48,0,0,0,0,200,200
373803,0,30,1,2,0,3,10,5,0,0,200,18,0,0,46,200,3,200,200,200,200
373803,0,30,1,2,0,3,10,5,0,0,200,18,0,1,32,0,1,0,0,200,200
373803,1,30,1,2,0,3,10,5,0,0,200,18,0,1,11,0,200,200,200,200,200
373803,1,30,1,2,0,3,10,5,0,0,200,18,0,0,8,0,200,200,200,200,200
373809,0,30,0,0,0,3,7,2,0,0,0,20,0,1,200,200,6,200,200,200,200
373809,1,30,0,0,0,3,7,2,0,0,0,20,0,1,200,200,200,200,200,200,200
373810,0,30,0,0,0,3,11,5,0,0,0,0,0,2,200,200,200,200,200,200,200
373810,0,30,0,0,0,3,11,5,0,0,0,0,0,1,23,200,0,0,0,200,200
373813,0,15,0,0,0,0,9,0,0,0,1,0,200,2,200,200,12,200,200,200,200
373813,5,15,0,0,0,0,9,0,0,0,1,0,200,0,40,7,200,200,200,200,200
373818,0,30,2,0,0,3,0,2,0,0,3,27,11,0,200,200,1,200,200,200,200
373818,0,30,2,0,0,3,0,2,0,0,3,27,11,0,30,200,0,200,200,200,200
373821,0,30,1,2,0,0,10,2,0,0,0,7,200,0,30,0,3,0,0,200,200
373821,0,30,1,2,0,0,10,2,0,0,0,7,200,0,26,0,0,0,0,200,200
373823,0,30,1,2,0,3,12,5,0,0,0,21,200,0,0,0,4,0,0,200,200
373823,0,30,1,2,0,3,12,5,0,0,0,21,200,0,21,0,0,0,0,200,200
373826,0,30,0,0,0,3,7,2,0,0,0,9,21,1,32,200,12,0,0,200,200
373828,0,5,0,0,0,3,7,7,0,0,0,0,0,0,26,0,200,200,200,200,200
373828,1,5,0,0,0,3,7,7,0,0,0,0,0,1,32,5,200,200,200,200,200
373830,0,30,0,0,0,3,2,0,0,0,0,19,200,0,200,200,12,0,5,200,200
373831,0,30,0,0,0,0,10,2,0,0,12,0,200,0,24,200,200,200,0,200,200
373831,0,30,0,0,0,0,10,2,0,0,12,0,200,0,36,200,200,200,0,200,200
373831,1,30,0,0,0,0,10,2,0,0,12,0,200,200,200,200,200,200,200,200,200
373853,0,30,1,2,0,3,14,5,0,0,0,0,11,0,32,200,12,0,0,200,200
373853,0,30,1,2,0,3,14,5,0,0,0,0,11,0,51,200,12,0,0,200,200
373863,0,30,1,0,0,3,12,5,0,0,3,0,200,0,200,200,200,200,200,200,200
373863,0,30,1,0,0,3,12,5,0,0,3,0,200,1,38,0,0,0,0,200,200
373863,1,30,1,0,0,3,12,5,0,0,3,0,200,1,42,0,200,200,200,200,200
373871,0,30,0,0,0,3,2,6,0,0,0,200,200,1,27,0,0,0,0,200,200
373871,0,30,0,0,0,3,2,6,0,0,0,200,200,2,200,200,200,200,200,200,200
373871,1,30,0,0,0,3,2,6,0,0,0,200,200,0,1,5,200,200,200,200,200
373873,0,30,1,2,0,3,14,1,0,0,0,0,200,0,34,0,12,0,0,200,200
373873,0,30,1,2,0,3,14,1,0,0,0,0,200,1,19,0,12,0,0,200,200
373873,1,30,1,2,0,3,14,1,0,0,0,0,200,0,17,0,200,200,200,200,200
373873,1,30,1,2,0,3,14,1,0,0,0,0,200,1,17,0,200,200,200,200,200
373882,0,25,0,0,0,3,7,5,0,0,0,7,11,1,23,200,12,0,0,200,200
373885,0,25,1,2,0,3,12,2,0,0,0,21,21,0,31,0,4,0,0,200,200
373885,0,25,1,2,0,3,12,2,0,0,0,21,21,1,26,0,0,0,0,200,200
373912,0,30,0,0,0,3,7,5,0,0,0,20,200,0,29,200,6,0,0,200,200
373912,1,30,0,0,0,3,7,5,0,0,0,20,200,0,200,200,200,200,200,200,200
373912,1,30,0,0,0,3,7,5,0,0,0,20,200,0,200,200,200,200,200,200,200
373922,0,25,0,0,200,3,7,6,0,200,0,19,0,1,200,200,10,200,5,200,200
373922,1,25,0,0,200,3,7,6,0,200,0,19,0,1,200,200,200,200,200,200,200
373922,1,25,0,0,200,3,7,6,0,200,0,19,0,1,24,0,200,200,200,200,200
373922,1,25,0,0,200,3,7,6,0,200,0,19,0,0,200,0,200,200,200,200,200
373922,1,25,0,0,200,3,7,6,0,200,0,19,0,0,200,0,200,200,200,200,200
373922,1,25,0,0,200,3,7,6,0,200,0,19,0,1,23,0,200,200,200,200,200
373926,0,35,0,0,0,3,7,5,0,0,0,14,20,1,33,0,200,0,0,200,200
373930,0,30,0,3,0,3,2,5,0,0,0,0,0,2,200,200,0,200,200,200,200
373945,0,30,0,0,0,3,10,5,0,0,0,18,0,0,34,0,3,0,0,200,200
373945,0,30,0,0,0,3,10,5,0,0,0,18,0,0,200,200,200,200,200,200,200
373945,1,30,0,0,0,3,10,5,0,0,0,18,0,1,42,0,200,200,200,200,200
373945,1,30,0,0,0,3,10,5,0,0,0,18,0,0,38,0,200,200,200,200,200
373959,0,30,200,0,0,3,7,5,0,0,0,200,200,2,200,200,200,200,200,200,200
373974,0,30,0,0,0,1,10,1,0,0,0,18,18,1,38,200,3,200,0,200,200
373974,0,30,0,0,0,1,10,1,0,0,0,18,18,0,43,200,12,200,0,200,200
373975,0,30,0,0,0,1,14,5,0,0,0,23,200,1,62,200,0,0,0,200,200
373975,0,30,0,0,0,1,14,5,0,0,0,23,200,0,54,200,7,1,0,200,200
373981,0,30,1,2,0,1,14,5,0,0,0,17,17,1,23,0,7,0,0,200,200
373981,0,30,1,2,0,1,14,5,0,0,0,17,17,0,28,0,0,0,0,200,200
373985,0,30,0,0,0,1,12,6,0,0,0,17,17,0,63,0,200,0,0,200,200
373985,0,30,0,0,0,1,12,6,0,0,0,17,17,1,43,0,200,0,0,200,200
373994,0,30,0,0,0,1,0,12,0,0,0,17,200,1,200,200,1,200,200,200,200
373994,0,30,0,0,0,1,0,12,0,0,0,17,200,1,26,0,0,0,0,200,200
373994,1,30,0,0,0,1,0,12,0,0,0,17,200,1,200,200,200,200,200,200,200
373994,1,30,0,0,0,1,0,12,0,0,0,17,200,1,43,0,200,200,200,200,200
373998,0,30,0,0,0,1,12,6,2,0,0,21,11,0,55,0,0,0,0,200,200
373998,0,30,0,0,0,1,12,6,2,0,0,21,11,0,60,0,4,12,0,200,200
373998,1,30,0,0,0,1,12,6,2,0,0,21,11,200,200,200,200,200,200,200,200
374003,0,30,1,2,0,1,14,5,0,0,0,17,22,0,64,0,1,200,0,200,200