RD_NO,PERSON_TYPE,POSTED_SPEED_LIMIT,TRAFFIC_CONTROL_DEVICE,DEVICE_CONDITION,WEATHER_CONDITION,LIGHTING_CONDITION,FIRST_CRASH_TYPE,TRAFFICWAY_TYPE,ALIGNMENT,ROADWAY_SURFACE_COND,ROAD_DEFECT,PRIM_CONTRIBUTORY_CAUSE,SEC_CONTRIBUTORY_CAUSE,SEX,AGE,SAFETY_EQUIPMENT,DRIVER_ACTION,DRIVER_VISION,PHYSICAL_CONDITION,BAC_RESULT VALUE,CELL_PHONE_USE
374003,0,30,1,2,0,1,14,5,0,0,0,17,22,0,60,0,0,0,0,200,200
374004,0,55,10,2,0,1,12,3,0,0,0,22,200,1,47,0,2,0,0,200,200
374004,0,55,10,2,0,1,12,3,0,0,0,22,200,0,54,0,0,0,0,200,200
374011,0,35,1,2,0,1,14,5,0,0,0,17,200,0,26,0,1,0,0,200,200
374011,0,35,1,2,0,1,14,5,0,0,0,17,200,1,36,0,0,0,0,200,200
374013,0,35,1,2,0,1,10,2,0,0,200,0,200,1,21,0,12,0,0,200,200
374013,0,35,1,2,0,1,10,2,0,0,200,0,200,1,37,0,0,0,0,200,200
374014,0,30,1,2,0,3,10,5,0,0,0,18,0,1,30,0,3,200,200,200,200
374014,0,30,1,2,0,3,10,5,0,0,0,18,0,0,55,0,0,0,0,200,200
374014,1,30,1,2,0,3,10,5,0,0,0,18,0,1,2,5,200,200,200,200,200
374018,0,30,1,2,0,1,14,5,0,0,0,23,0,1,53,0,7,0,0,200,200
374018,0,30,1,2,0,1,14,5,0,0,0,23,0,1,45,0,0,0,0,200,200
374018,1,30,1,2,0,1,14,5,0,0,0,23,0,0,15,0,200,200,200,200,200
374019,4,30,1,2,0,1,8,5,0,0,0,21,200,0,65,2,4,0,0,200,200
374019,0,30,1,2,0,1,8,5,0,0,0,21,200,0,50,0,0,0,0,200,200
374027,0,30,0,0,0,1,10,5,0,0,0,18,200,0,52,0,3,200,0,200,200
374027,0,30,0,0,0,1,10,5,0,0,0,18,200,0,34,0,12,0,0,200,200
374027,0,30,0,0,0,1,10,5,0,0,0,18,200,0,34,0,12,0,0,200,200
374031,0,30,1,2,0,3,10,5,0,0,0,18,0,0,22,200,3,200,200,200,200
374031,0,30,1,2,0,3,10,5,0,0,0,18,0,0,49,0,0,0,0,200,200
374032,0,30,0,0,0,1,12,5,0,0,0,0,0,0,18,0,4,0,0,200,200
374032,0,30,0,0,0,1,12,5,0,0,0,0,0,0,53,200,4,0,0,200,200
374034,0,0,1,2,0,1,2,12,0,0,12,29,200,1,35,200,12,0,0,200,200
374034,0,0,1,2,0,1,2,12,0,0,12,29,200,0,56,200,0,0,0,200,200
374034,1,0,1,2,0,1,2,12,0,0,12,29,200,0,39,200,200,200,200,200,200
374034,1,0,1,2,0,1,2,12,0,0,12,29,200,0,1,5,200,200,200,200,200
374037,0,40,0,0,0,1,12,2,0,0,0,22,17,0,55,200,4,200,200,200,200
374037,0,40,0,0,0,1,12,2,0,0,0,22,17,0,55,0,0,0,0,200,200
374044,0,30,1,2,0,1,12,5,0,0,0,22,200,0,49,200,0,200,0,200,200
374044,0,30,1,2,0,1,12,5,0,0,0,22,200,0,50,200,1,200,0,200,200
374044,1,30,1,2,0,1,12,5,0,0,0,22,200,0,48,200,200,200,200,200,200
374045,0,30,0,0,200,200,7,6,0,200,200,0,0,0,200,200,200,200,200,200,200
374048,0,30,200,0,0,1,8,200,0,0,0,0,0,0,37,200,12,0,0,200,200
374048,4,30,200,0,0,1,8,200,0,0,0,0,0,0,22,7,12,0,0,200,200
374050,0,40,0,0,0,1,12,2,1,0,0,22,0,0,200,200,4,200,200,200,200
374050,0,40,0,0,0,1,12,2,1,0,0,22,0,1,38,0,0,0,0,200,200
374052,0,35,2,200,200,200,10,5,0,200,200,16,200,2,200,200,3,200,200,200,200
374052,0,35,2,200,200,200,10,5,0,200,200,16,200,0,34,200,0,200,200,200,200
374055,0,30,1,2,0,1,0,2,0,0,0,6,17,0,50,200,5,0,0,200,200
374055,0,30,1,2,0,1,0,2,0,0,0,6,17,0,69,200,0,0,0,200,200
374055,1,30,1,2,0,1,0,2,0,0,0,6,17,1,72,200,200,200,200,200,200
374058,0,25,0,0,0,1,7,5,0,0,0,13,200,0,51,0,12,0,0,200,200
374060,0,30,0,0,0,1,14,5,0,0,0,0,0,1,34,0,12,0,0,200,200
374060,0,30,0,0,0,1,14,5,0,0,0,0,0,1,41,0,12,0,0,200,200
374060,1,30,0,0,0,1,14,5,0,0,0,0,0,1,200,0,200,200,200,200,200
374060,1,30,0,0,0,1,14,5,0,0,0,0,0,1,4,5,200,200,200,200,200
374066,0,35,1,4,0,1,14,2,0,0,0,17,200,1,17,0,1,0,0,200,200
374066,0,35,1,4,0,1,14,2,0,0,0,17,200,0,54,0,0,0,0,200,200
374083,0,30,0,0,200,200,7,6,0,200,0,0,0,2,200,200,200,200,200,200,200
374086,0,30,2,2,0,1,10,5,0,0,0,18,7,1,200,200,3,200,200,200,200
374086,0,30,2,2,0,1,10,5,0,0,0,18,7,0,51,0,0,0,0,200,200
374086,1,30,2,2,0,1,10,5,0,0,0,18,7,1,76,0,200,200,200,200,200
374086,1,30,2,2,0,1,10,5,0,0,0,18,7,0,7,0,200,200,200,200,200
374086,1,30,2,2,0,1,10,5,0,0,0,18,7,0,7,0,200,200,200,200,200
374087,0,30,0,0,0,1,12,6,0,0,0,0,0,1,29,200,200,0,0,200,200
374087,0,30,0,0,0,1,12,6,0,0,0,0,0,1,25,200,200,0,0,200,200
374097,0,30,2,2,0,1,14,5,0,0,0,11,16,0,74,200,7,0,0,200,200
374097,0,30,2,2,0,1,14,5,0,0,0,11,16,0,76,200,0,0,0,200,200
374100,0,30,0,0,0,1,10,2,0,0,0,18,18,1,200,200,3,200,200,200,200
374100,0,30,0,0,0,1,10,2,0,0,0,18,18,1,25,0,0,0,0,200,200
374104,0,35,0,0,0,1,12,3,0,0,0,22,0,2,200,200,2,200,200,200,200
374104,0,35,0,0,0,1,12,3,0,0,0,22,0,0,49,0,0,0,0,200,200
374110,0,20,2,2,0,1,7,5,0,0,0,20,200,0,51,200,6,0,0,200,200
374116,0,25,2,2,0,1,0,2,0,0,3,0,0,0,200,200,200,200,200,200,200
374116,0,25,2,2,0,1,0,2,0,0,3,0,0,1,56,0,12,0,0,200,200
374117,0,30,2,2,0,1,0,12,0,0,0,0,0,1,29,0,1,1,0,200,200
374117,0,30,2,2,0,1,0,12,0,0,0,0,0,0,46,0,0,0,0,200,200
374118,0,30,1,2,0,1,10,5,0,0,0,18,0,1,54,0,12,0,0,200,200
374118,0,30,1,2,0,1,10,5,0,0,0,18,0,1,200,200,0,200,200,200,200
374121,0,30,1,2,0,1,12,1,0,0,0,21,16,0,32,200,4,0,0,200,200
374121,0,30,1,2,0,1,12,1,0,0,0,21,16,1,54,200,0,0,0,200,200
374122,0,30,1,2,0,1,14,2,0,0,0,17,200,0,58,200,1,200,0,200,200
374122,0,30,1,2,0,1,14,2,0,0,0,17,200,0,51,200,200,200,0,200,200
374122,1,30,1,2,0,1,14,2,0,0,0,17,200,1,7,0,200,200,200,200,200
374122,1,30,1,2,0,1,14,2,0,0,0,17,200,0,8,0,200,200,200,200,200
374124,0,15,0,0,0,1,5,0,0,0,0,23,200,0,35,200,7,0,0,200,200
374126,0,30,2,2,0,1,0,2,0,0,0,17,200,0,200,0,5,0,0,200,200
374126,0,30,2,2,0,1,0,2,0,0,0,17,200,1,200,0,0,0,0,200,200
374126,1,30,2,2,0,1,0,2,0,0,0,17,200,0,55,0,200,200,200,200,200
374130,0,35,2,2,0,1,0,12,0,0,0,11,200,1,18,200,1,200,0,200,200
374130,0,35,2,2,0,1,0,12,0,0,0,11,200,1,47,200,0,200,0,200,200
374135,0,30,2,2,0,1,0,5,0,0,0,17,11,1,76,0,1,5,0,200,200
374135,0,30,2,2,0,1,0,5,0,0,0,17,11,0,46,0,0,0,0,200,200
374136,0,30,1,2,0,1,14,2,0,0,0,0,11,1,45,0,200,0,0,200,200
374136,0,30,1,2,0,1,14,2,0,0,0,0,11,1,57,0,7,0,0,200,200
374137,0,30,0,0,0,1,12,6,0,0,0,17,17,0,49,0,1,0,0,200,200
374137,0,30,0,0,0,1,12,6,0,0,0,17,17,1,35,0,1,0,0,200,200
374142,0,30,1,2,0,1,10,6,0,0,0,18,11,2,200,200,3,200,200,200,200
374142,0,30,1,2,0,1,10,6,0,0,0,18,11,1,58,200,0,0,0,200,200
374154,0,30,0,0,0,1,10,2,0,0,200,20,28,0,46,200,6,200,0,200,200
374154,0,30,0,0,0,1,10,2,0,0,200,20,28,0,40,200,200,200,0,200,200
374154,1,30,0,0,0,1,10,2,0,0,200,20,28,1,41,200,200,200,200,200,200
374156,0,30,1,2,0,1,14,5,0,0,0,0,0,2,200,200,3,200,200,200,200
374156,0,30,1,2,0,1,14,5,0,0,0,0,0,1,66,0,0,0,0,200,200
374156,1,30,1,2,0,1,14,5,0,0,0,0,0,2,200,200,200,200,200,200,200
374157,4,30,1,2,0,1,8,3,0,0,200,18,200,0,200,7,3,200,0,200,200
374157,0,30,1,2,0,1,8,3,0,0,200,18,200,0,54,0,0,200,0,200,200
374162,0,30,2,2,0,1,0,5,0,0,0,17,200,0,23,200,1,3,0,200,200
374162,0,30,2,2,0,1,0,5,0,0,0,17,200,1,44,200,0,0,0,200,200
374163,0,20,0,0,0,1,10,7,0,0,0,20,200,1,200,200,1,200,200,200,200
374163,0,20,0,0,0,1,10,7,0,0,0,20,200,0,23,0,0,0,0,200,200
374164,0,30,1,2,0,1,12,5,0,0,0,0,0,0,200,200,2,200,200,200,200
374164,0,30,1,2,0,1,12,5,0,0,0,0,0,1,35,0,0,0,0,200,200
374166,0,35,0,0,0,1,14,5,0,0,0,17,200,1,23,0,1,0,0,200,200
374166,0,35,0,0,0,1,14,5,0,0,0,17,200,0,42,0,0,0,0,200,200
374166,1,35,0,0,0,1,14,5,0,0,0,17,200,200,200,0,200,200,200,200,200
374167,0,35,0,0,0,1,10,5,2,0,0,18,200,0,31,0,3,0,0,200,200
374167,0,35,0,0,0,1,10,5,2,0,0,18,200,0,24,0,0,0,0,200,200
374168,0,30,0,0,0,1,14,5,0,0,0,23,200,0,23,0,7,0,0,200,200
374168,0,30,0,0,0,1,14,5,0,0,0,23,200,0,34,200,0,0,0,200,200
374171,0,30,0,0,0,1,0,7,0,0,0,0,0,1,200,200,200,200,200,200,200
374171,0,30,0,0,0,1,0,7,0,0,0,0,0,0,48,0,200,0,0,200,200
374176,0,30,0,0,0,1,10,1,1,0,0,18,16,0,18,0,3,0,0,200,200
374176,0,30,0,0,0,1,10,1,1,0,0,18,16,1,26,0,0,0,0,200,200
374176,0,30,0,0,0,1,10,1,1,0,0,18,16,0,66,7,0,0,0,200,200
374176,0,30,0,0,0,1,10,1,1,0,0,18,16,0,33,0,0,0,0,200,200
374177,0,30,0,0,0,1,7,6,0,0,0,0,200,0,50,0,6,0,0,200,200
374178,0,0,1,2,0,1,12,5,0,0,0,21,22,0,200,200,200,200,200,200,200
374178,0,0,1,2,0,1,12,5,0,0,0,21,22,1,35,0,0,0,0,200,200
374179,0,20,1,2,0,1,10,5,0,0,0,16,18,0,26,0,12,0,0,200,200
374179,0,20,1,2,0,1,10,5,0,0,0,16,18,0,58,0,0,0,0,200,200
374183,0,30,0,0,0,1,12,5,0,0,0,23,200,0,20,0,4,0,0,200,200
374183,0,30,0,0,0,1,12,5,0,0,0,23,200,1,59,0,0,0,0,200,200
374185,4,35,1,2,0,1,8,5,0,0,0,21,200,0,200,2,200,200,200,200,200
374185,0,35,1,2,0,1,8,5,0,0,0,21,200,1,26,0,0,0,0,200,200
374208,0,35,1,2,0,1,10,5,0,0,0,22,0,2,200,200,2,200,200,200,200
374208,0,35,1,2,0,1,10,5,0,0,0,22,0,1,57,0,0,0,0,200,200
374208,1,35,1,2,0,1,10,5,0,0,0,22,0,1,58,7,200,200,200,200,200
374208,1,35,1,2,0,1,10,5,0,0,0,22,0,1,200,7,200,200,200,200,200
374213,0,30,0,0,0,1,7,5,0,0,0,21,200,0,45,200,12,200,0,200,200
374214,0,30,0,0,0,1,7,5,0,0,0,0,0,2,200,200,200,200,200,200,200
374215,0,30,0,200,200,200,7,5,0,200,200,0,200,2,200,200,200,200,200,200,200
374222,0,30,0,0,0,1,14,6,0,0,0,23,0,1,39,0,7,0,0,200,200
374222,0,30,0,0,0,1,14,6,0,0,0,23,0,1,44,0,12,0,0,200,200
374226,0,30,1,2,0,1,10,5,0,0,0,0,16,0,39,0,3,0,0,200,200
374226,0,30,1,2,0,1,10,5,0,0,0,0,16,0,200,200,0,0,0,200,200
374231,0,15,0,0,0,1,7,7,0,0,0,0,0,0,200,200,200,200,200,200,200
374234,0,10,0,0,0,1,10,7,0,0,0,0,200,1,74,0,6,0,0,200,200
374234,0,10,0,0,0,1,10,7,0,0,0,0,200,0,31,200,0,200,200,200,200
374241,0,30,0,0,0,1,12,5,0,0,0,0,0,1,24,200,12,0,0,200,200
374241,0,30,0,0,0,1,12,5,0,0,0,0,0,0,45,200,12,0,0,200,200
374242,0,30,1,2,0,1,12,6,0,0,0,22,200,0,55,0,1,0,0,200,200
374242,0,30,1,2,0,1,12,6,0,0,0,22,200,1,27,0,0,0,0,200,200
374256,0,30,0,0,0,3,7,6,0,0,0,0,200,2,200,200,200,200,200,200,200
374257,0,30,0,0,0,1,0,0,0,0,0,20,17,0,52,200,6,200,0,200,200
374257,0,30,0,0,0,1,0,0,0,0,0,20,17,0,35,200,200,200,0,200,200
374257,1,30,0,0,0,1,0,0,0,0,0,20,17,1,200,200,200,200,200,200,200
374260,0,30,1,2,0,1,14,5,0,0,0,0,0,0,18,200,200,0,0,200,200
374260,0,30,1,2,0,1,14,5,0,0,0,0,0,0,65,200,200,0,0,200,200
374260,1,30,1,2,0,1,14,5,0,0,0,0,0,0,200,200,200,200,200,200,200
374260,1,30,1,2,0,1,14,5,0,0,0,0,0,1,200,200,200,200,200,200,200
374264,0,10,0,0,0,1,7,7,0,0,0,0,0,2,200,200,200,200,200,200,200
374266,0,30,0,0,0,1,10,5,0,0,0,18,200,1,23,0,3,200,0,200,200
374266,0,30,0,0,0,1,10,5,0,0,0,18,200,0,42,0,0,200,0,200,200
374270,0,30,0,0,0,1,7,6,0,0,0,0,200,0,40,0,12,0,0,200,200
374270,1,30,0,0,0,1,7,6,0,0,0,0,200,1,200,200,200,200,200,200,200
374270,1,30,0,0,0,1,7,6,0,0,0,0,200,0,62,0,200,200,200,200,200
374273,0,30,1,2,0,1,10,5,0,0,0,18,16,0,29,200,3,0,0,200,200
374273,0,30,1,2,0,1,10,5,0,0,0,18,16,0,29,0,0,0,0,200,200
374273,1,30,1,2,0,1,10,5,0,0,0,18,16,1,24,1,200,200,200,200,200
374273,1,30,1,2,0,1,10,5,0,0,0,18,16,0,26,200,200,200,200,200,200
374273,1,30,1,2,0,1,10,5,0,0,0,18,16,0,27,0,200,200,200,200,200
374277,0,30,0,0,0,1,10,3,0,0,0,200,200,0,44,0,0,0,0,200,200
374277,0,30,0,0,0,1,10,3,0,0,0,200,200,1,27,0,0,0,0,200,200
374278,0,30,0,0,0,1,10,7,0,0,0,200,200,1,25,200,200,200,200,200,200
374278,0,30,0,0,0,1,10,7,0,0,0,200,200,0,42,0,0,0,0,200,200
374279,0,30,0,0,0,1,10,5,0,0,0,18,200,0,24,0,3,0,0,200,200
374279,0,30,0,0,0,1,10,5,0,0,0,18,200,0,200,200,0,0,0,200,200
374281,0,30,1,2,0,1,0,5,0,0,0,12,16,0,52,200,12,0,0,200,200
374281,0,30,1,2,0,1,0,5,0,0,0,12,16,0,45,200,0,0,0,200,200
374284,0,20,0,0,0,1,2,8,0,0,0,20,11,0,37,0,6,6,0,200,200
374284,3,20,0,0,0,1,2,8,0,0,0,20,11,200,200,7,200,200,200,200,200
374285,0,30,1,2,0,1,14,5,0,0,0,17,200,0,23,200,0,0,0,200,200
374285,0,30,1,2,0,1,14,5,0,0,0,17,200,0,39,200,1,0,0,200,200
374293,0,30,0,0,0,1,7,5,0,0,0,0,0,1,62,0,12,5,0,200,200
374298,0,0,0,0,0,1,7,0,0,0,0,20,0,0,25,0,6,0,0,200,200
374302,0,30,0,0,0,1,14,6,0,0,0,21,0,0,60,0,7,0,0,200,200
374302,0,30,0,0,0,1,14,6,0,0,0,21,0,1,28,0,0,0,0,200,200
374302,1,30,0,0,0,1,14,6,0,0,0,21,0,1,29,0,200,200,200,200,200
374302,1,30,0,0,0,1,14,6,0,0,0,21,0,0,18,0,200,200,200,200,200
374302,1,30,0,0,0,1,14,6,0,0,0,21,0,200,200,0,200,200,200,200,200
374302,1,30,0,0,0,1,14,6,0,0,0,21,0,0,18,0,200,200,200,200,200
374302,1,30,0,0,0,1,14,6,0,0,0,21,0,0,18,0,200,200,200,200,200
374302,1,30,0,0,0,1,14,6,0,0,0,21,0,0,18,0,200,200,200,200,200
374302,1,30,0,0,0,1,14,6,0,0,0,21,0,0,18,0,200,200,200,200,200
374306,0,30,0,0,0,1,14,2,0,0,0,17,200,0,30,0,7,0,0,200,200
374306,0,30,0,0,0,1,14,2,0,0,0,17,200,0,54,0,0,0,0,200,200
374309,0,5,0,0,0,1,7,12,0,0,0,0,200,1,81,200,12,0,0,200,200
374312,0,30,1,2,0,1,10,5,0,0,0,18,200,0,200,200,3,0,0,200,200
374312,0,30,1,2,0,1,10,5,0,0,0,18,200,0,67,0,0,0,0,200,200
374318,0,30,0,0,0,1,14,5,0,0,0,17,200,0,200,200,1,0,0,200,200
374318,0,30,0,0,0,1,14,5,0,0,0,17,200,1,64,200,0,0,0,200,200
374325,0,30,1,2,0,1,14,5,0,0,3,0,200,0,58,200,200,0,0,200,200
374325,0,30,1,2,0,1,14,5,0,0,3,0,200,0,51,200,200,0,0,200,200
374325,0,30,1,2,0,1,14,5,0,0,3,0,200,0,81,200,0,0,0,200,200
374326,0,30,0,0,0,1,7,5,0,0,0,0,200,1,200,200,0,0,0,200,200
374327,0,30,2,2,0,1,10,2,0,0,0,2,0,0,200,200,15,200,200,200,1
374327,0,30,2,2,0,1,10,2,0,0,0,2,0,0,42,0,12,0,0,200,200
374328,0,30,2,2,0,1,0,5,0,0,0,17,18,1,31,0,3,0,0,200,200
374328,0,30,2,2,0,1,0,5,0,0,0,17,18,0,30,0,0,0,0,200,200
374330,0,0,1,2,0,1,10,5,0,0,0,18,0,0,22,0,3,0,0,200,200
374330,0,0,1,2,0,1,10,5,0,0,0,18,0,1,25,0,0,0,0,200,200
374335,0,5,0,0,200,1,7,7,0,200,0,20,200,0,42,200,6,200,200,200,200
374335,1,5,0,0,200,1,7,7,0,200,0,20,200,1,32,200,200,200,200,200,200
374336,0,45,1,2,0,1,12,3,0,0,0,0,0,0,18,0,200,0,0,200,200
374336,0,45,1,2,0,1,12,3,0,0,0,0,0,1,24,1,1,0,0,200,200
374341,0,30,0,0,0,1,14,2,0,0,0,21,200,0,39,200,2,200,0,200,200
374341,0,30,0,0,0,1,14,2,0,0,0,21,200,1,31,200,200,200,0,200,200
374341,1,30,0,0,0,1,14,2,0,0,0,21,200,1,5,0,200,200,200,200,200
374343,0,0,2,2,0,1,10,12,0,0,0,11,200,1,22,200,8,0,0,200,200
374343,0,0,2,2,0,1,10,12,0,0,0,11,200,1,33,200,12,0,0,200,200
374343,0,0,2,2,0,1,10,12,0,0,0,11,200,0,72,200,12,0,0,200,200
374357,0,30,1,2,0,1,10,5,0,0,0,18,200,0,69,200,3,200,0,200,200
374357,0,30,1,2,0,1,10,5,0,0,0,18,200,0,28,0,0,0,0,200,200
374363,0,35,2,2,0,1,10,5,0,0,0,8,200,0,33,200,3,0,0,200,200
374363,0,35,2,2,0,1,10,5,0,0,0,8,200,0,40,200,0,0,0,200,200
374363,0,35,2,2,0,1,10,5,0,0,0,8,200,0,65,200,0,0,0,200,200
374364,0,30,0,0,0,1,7,5,0,0,0,33,0,0,46,0,6,12,0,200,200
374366,0,30,0,0,0,0,7,5,0,0,200,0,0,1,200,200,12,200,0,200,200
374366,1,30,0,0,0,0,7,5,0,0,200,0,0,1,200,0,200,200,200,200,200
374366,1,30,0,0,0,0,7,5,0,0,200,0,0,1,200,200,200,200,200,200,200
374369,0,30,0,0,0,1,7,5,0,0,0,0,0,1,200,200,200,200,200,200,200
374369,1,30,0,0,0,1,7,5,0,0,0,0,0,0,49,200,200,200,200,200,200
374373,0,30,1,1,0,1,12,5,0,0,0,21,22,0,67,200,4,0,0,200,200
374373,0,30,1,1,0,1,12,5,0,0,0,21,22,0,47,0,0,0,0,200,200
374373,1,30,1,1,0,1,12,5,0,0,0,21,22,0,1,5,200,200,200,200,200
374373,1,30,1,1,0,1,12,5,0,0,0,21,22,1,4,5,200,200,200,200,200
374373,1,30,1,1,0,1,12,5,0,0,0,21,22,1,40,0,200,200,200,200,200
374375,0,30,0,0,0,1,12,5,0,0,0,0,0,0,200,200,1,200,200,200,200
374375,0,30,0,0,0,1,12,5,0,0,0,0,0,1,46,0,0,0,0,200,200
374394,0,30,2,2,0,1,0,5,0,0,0,17,200,1,200,200,1,200,200,200,200
374394,0,30,2,2,0,1,0,5,0,0,0,17,200,0,61,200,0,1,0,200,200
374394,1,30,2,2,0,1,0,5,0,0,0,17,200,1,200,200,200,200,200,200,200
374394,1,30,2,2,0,1,0,5,0,0,0,17,200,1,61,200,200,200,200,200,200
374394,1,30,2,2,0,1,0,5,0,0,0,17,200,1,4,200,200,200,200,200,200
374399,0,30,2,12,0,1,10,5,0,0,0,18,18,0,39,200,3,0,0,200,200
374399,0,30,2,12,0,1,10,5,0,0,0,18,18,1,65,0,0,0,0,200,200
374403,0,30,0,0,0,1,10,5,0,0,0,23,22,2,200,200,7,200,200,200,200
374403,0,30,0,0,0,1,10,5,0,0,0,23,22,1,43,0,0,0,0,200,200
374406,0,25,1,2,0,1,12,2,0,0,200,22,11,1,200,200,2,200,200,200,200
374406,0,25,1,2,0,1,12,2,0,0,200,22,11,1,37,0,0,0,0,200,200
374406,1,25,1,2,0,1,12,2,0,0,200,22,11,1,30,0,200,200,200,200,200
374406,1,25,1,2,0,1,12,2,0,0,200,22,11,0,11,0,200,200,200,200,200
374406,1,25,1,2,0,1,12,2,0,0,200,22,11,1,9,0,200,200,200,200,200
374406,1,25,1,2,0,1,12,2,0,0,200,22,11,0,200,200,200,200,200,200,200
374411,0,35,0,0,0,1,12,3,0,0,0,21,21,2,200,200,4,200,200,200,200
374411,0,35,0,0,0,1,12,3,0,0,0,21,21,2,200,200,0,200,200,200,200
374415,0,30,0,0,0,1,12,2,0,0,0,21,200,0,36,200,4,0,0,200,200
374415,0,30,0,0,0,1,12,2,0,0,0,21,200,1,39,0,0,0,0,200,200
374415,1,30,0,0,0,1,12,2,0,0,0,21,200,0,200,0,200,200,200,200,200
374415,1,30,0,0,0,1,12,2,0,0,0,21,200,0,200,0,200,200,200,200,200
374421,0,30,1,2,0,1,14,2,0,0,0,200,200,0,200,200,200,200,200,200,200
374425,0,35,0,0,0,1,12,3,0,0,0,22,200,1,200,0,1,0,0,200,200
374425,0,35,0,0,0,1,12,3,0,0,0,22,200,1,22,0,0,0,0,200,200
374430,0,30,0,0,0,1,12,5,0,0,0,17,0,0,200,200,1,200,200,200,200
374430,0,30,0,0,0,1,12,5,0,0,0,17,0,0,26,0,0,0,0,200,200
374430,1,30,0,0,0,1,12,5,0,0,0,17,0,1,200,200,200,200,200,200,200
374433,0,30,1,200,0,1,14,5,5,200,200,25,0,2,200,200,200,200,200,200,200
374433,0,30,1,200,0,1,14,5,5,200,200,25,0,1,51,200,0,200,0,200,200
374433,1,30,1,200,0,1,14,5,5,200,200,25,0,1,200,200,200,200,200,200,200
374436,0,35,1,2,0,1,14,2,0,0,0,17,33,0,22,0,0,0,0,200,200
374436,0,35,1,2,0,1,14,2,0,0,0,17,33,1,35,0,1,12,0,200,200
374436,1,35,1,2,0,1,14,2,0,0,0,17,33,1,22,0,200,200,200,200,200
374436,1,35,1,2,0,1,14,2,0,0,0,17,33,0,37,0,200,200,200,200,200
374436,1,35,1,2,0,1,14,2,0,0,0,17,33,1,8,0,200,200,200,200,200
374436,1,35,1,2,0,1,14,2,0,0,0,17,33,1,5,5,200,200,200,200,200
374437,0,30,1,2,0,1,14,200,0,0,0,18,200,0,23,0,0,0,0,200,200
374437,0,30,1,2,0,1,14,200,0,0,0,18,200,1,30,200,3,200,200,200,200
374441,0,30,9,12,0,1,0,6,0,0,0,0,0,0,33,0,200,200,0,200,200
374441,0,30,9,12,0,1,0,6,0,0,0,0,0,0,53,0,200,200,0,200,200
374441,1,30,9,12,0,1,0,6,0,0,0,0,0,1,26,200,200,200,200,200,200
374442,0,30,1,2,0,1,10,5,0,0,0,20,17,0,58,200,6,200,200,200,200
374442,0,30,1,2,0,1,10,5,0,0,0,20,17,1,57,200,0,200,0,200,200
374444,0,0,0,0,0,1,7,5,0,0,0,20,200,0,200,200,6,0,0,200,200
374447,0,15,0,0,0,1,7,6,0,0,0,0,0,2,200,200,200,200,200,200,200
374452,0,20,0,0,0,1,7,6,0,0,0,11,8,1,23,0,12,0,0,200,200
374452,1,20,0,0,0,1,7,6,0,0,0,11,8,1,200,0,200,200,200,200,200
374454,0,30,0,0,0,1,10,5,0,0,0,7,18,0,23,0,12,0,0,200,200
374454,0,30,0,0,0,1,10,5,0,0,0,7,18,1,65,0,0,0,0,200,200
374454,1,30,0,0,0,1,10,5,0,0,0,7,18,0,65,0,200,200,200,200,200
374462,0,30,1,2,0,1,12,1,0,0,0,17,0,1,200,0,0,0,0,200,200
374462,0,30,1,2,0,1,12,1,0,0,0,17,0,0,21,0,1,0,0,200,200
374462,1,30,1,2,0,1,12,1,0,0,0,17,0,1,20,0,200,200,200,200,200
374465,0,30,1,2,0,1,14,5,0,0,0,22,200,1,200,200,1,200,200,200,200
374465,0,30,1,2,0,1,14,5,0,0,0,22,200,1,37,0,0,0,0,200,200
374471,0,30,1,2,0,3,14,12,0,0,0,27,25,0,200,200,4,200,200,200,200
374471,0,30,1,2,0,3,14,12,0,0,0,27,25,1,79,200,0,0,0,200,200
374472,0,30,1,2,0,1,14,5,0,0,0,17,200,1,39,200,1,200,200,200,200
374472,0,30,1,2,0,1,14,5,0,0,0,17,200,0,36,0,0,0,0,200,200
374472,1,30,1,2,0,1,14,5,0,0,0,17,200,0,200,0,200,200,200,200,200
374485,0,0,0,0,0,1,7,7,0,0,0,21,200,0,51,200,2,200,0,200,200
374485,1,0,0,0,0,1,7,7,0,0,0,21,200,0,36,200,200,200,200,200,200
374487,5,30,0,0,0,1,9,6,0,0,0,14,200,1,15,200,0,200,0,200,200
374487,0,30,0,0,0,1,9,6,0,0,0,14,200,0,39,0,8,0,0,200,200
374494,0,30,1,2,0,1,14,5,0,0,0,21,200,2,200,200,4,200,200,200,200
374494,0,30,1,2,0,1,14,5,0,0,0,21,200,1,37,0,0,0,0,200,200
374494,1,30,1,2,0,1,14,5,0,0,0,21,200,2,200,200,200,200,200,200,200
374494,1,30,1,2,0,1,14,5,0,0,0,21,200,2,200,200,200,200,200,200,200
374494,1,30,1,2,0,1,14,5,0,0,0,21,200,2,200,200,200,200,200,200,200
374494,1,30,1,2,0,1,14,5,0,0,0,21,200,2,200,200,200,200,200,200,200
374500,0,30,0,0,0,1,10,5,0,0,0,0,0,1,49,0,0,0,0,200,200
374500,0,30,0,0,0,1,10,5,0,0,0,0,0,0,24,200,200,200,200,200,200
374500,1,30,0,0,0,1,10,5,0,0,0,0,0,0,200,0,200,200,200,200,200
374501,0,30,0,0,0,1,0,7,0,0,0,0,0,1,38,0,0,0,0,200,200
374501,0,30,0,0,0,1,0,7,0,0,0,0,0,0,42,0,12,0,0,200,200
374503,0,30,12,12,0,1,7,2,0,0,0,23,17,0,35,0,1,0,0,200,200
374505,0,30,0,0,0,1,12,2,0,0,0,17,200,1,25,0,1,0,0,200,200