RD_NO,PERSON_TYPE,POSTED_SPEED_LIMIT,TRAFFIC_CONTROL_DEVICE,DEVICE_CONDITION,WEATHER_CONDITION,LIGHTING_CONDITION,FIRST_CRASH_TYPE,TRAFFICWAY_TYPE,ALIGNMENT,ROADWAY_SURFACE_COND,ROAD_DEFECT,PRIM_CONTRIBUTORY_CAUSE,SEC_CONTRIBUTORY_CAUSE,SEX,AGE,SAFETY_EQUIPMENT,DRIVER_ACTION,DRIVER_VISION,PHYSICAL_CONDITION,BAC_RESULT VALUE,CELL_PHONE_USE
374505,0,30,0,0,0,1,12,2,0,0,0,17,200,0,54,0,0,0,0,200,200
374505,1,30,0,0,0,1,12,2,0,0,0,17,200,1,30,0,200,200,200,200,200
374509,0,30,1,2,0,1,10,5,0,0,0,0,200,1,200,200,200,200,200,200,200
374509,0,30,1,2,0,1,10,5,0,0,0,0,200,0,79,0,0,0,0,200,200
374510,0,30,0,0,0,1,4,8,1,0,0,12,0,0,47,0,6,0,0,200,200
374515,0,30,0,0,0,1,7,5,0,200,200,0,0,2,200,200,200,200,200,200,200
374517,0,30,0,0,0,200,7,6,0,0,0,0,200,2,200,200,200,200,200,200,200
374543,0,30,200,200,0,1,12,2,0,0,12,21,0,0,20,200,4,200,0,200,200
374543,0,30,200,200,0,1,12,2,0,0,12,21,0,0,63,200,2,200,0,200,200
374551,0,30,1,12,0,1,0,5,0,0,0,17,200,1,31,0,1,0,0,200,200
374551,0,30,1,12,0,1,0,5,0,0,0,17,200,0,23,0,0,0,0,200,200
374551,1,30,1,12,0,1,0,5,0,0,0,17,200,1,3,5,200,200,200,200,200
374551,1,30,1,12,0,1,0,5,0,0,0,17,200,0,38,0,200,200,200,200,200
374553,0,30,0,0,0,1,14,1,0,0,0,17,200,0,62,200,1,1,0,200,200
374553,0,30,0,0,0,1,14,1,0,0,0,17,200,1,53,200,0,0,0,200,200
374553,1,30,0,0,0,1,14,1,0,0,0,17,200,1,19,200,200,200,200,200,200
374556,0,30,0,0,0,1,2,7,0,0,0,33,200,0,50,200,12,12,0,200,200
374559,0,15,0,0,0,1,7,12,0,0,0,23,200,1,38,200,7,200,0,200,200
374559,0,15,0,0,0,1,7,12,0,0,0,23,200,1,38,200,7,200,0,200,200
374559,0,15,0,0,0,1,7,12,0,0,0,23,200,1,38,200,7,200,0,200,200
374559,1,15,0,0,0,1,7,12,0,0,0,23,200,0,29,200,200,200,200,200,200
374565,0,5,0,0,0,1,10,7,0,0,0,20,200,0,28,0,0,4,0,200,200
374565,0,5,0,0,0,1,10,7,0,0,0,20,200,0,200,200,6,200,200,200,200
374566,0,35,0,0,0,1,12,5,0,0,0,200,200,0,200,200,200,200,200,200,200
374566,0,35,0,0,0,1,12,5,0,0,0,200,200,0,45,0,0,0,0,200,200
374568,0,35,0,0,0,3,7,7,0,0,0,0,0,2,200,200,200,200,200,200,200
374571,4,25,0,0,0,1,8,5,0,0,0,17,200,0,26,7,0,0,0,200,200
374571,0,25,0,0,0,1,8,5,0,0,0,17,200,1,59,0,1,0,0,200,200
374571,0,25,0,0,0,1,8,5,0,0,0,17,200,1,59,0,1,0,0,200,200
374571,0,25,0,0,0,1,8,5,0,0,0,17,200,1,59,0,1,0,0,200,200
374571,0,25,0,0,0,1,8,5,0,0,0,17,200,1,59,0,1,0,0,200,200
374571,0,25,0,0,0,1,8,5,0,0,0,17,200,1,59,0,1,0,0,200,200
374571,1,25,0,0,0,1,8,5,0,0,0,17,200,1,22,0,200,200,200,200,200
374572,0,30,3,2,0,1,12,3,0,0,0,0,0,2,200,200,4,200,200,200,200
374572,0,30,3,2,0,1,12,3,0,0,0,0,0,1,52,0,0,0,0,200,200
374573,0,30,1,0,0,1,10,5,0,0,0,18,200,1,34,0,0,0,0,200,200
374573,0,30,1,0,0,1,10,5,0,0,0,18,200,0,39,0,0,0,0,200,200
374573,0,30,1,0,0,1,10,5,0,0,0,18,200,0,61,0,3,0,0,200,200
374576,0,30,0,0,0,1,7,6,0,0,200,0,0,2,200,200,200,200,200,200,200
374577,0,20,0,0,0,1,7,6,0,0,0,200,200,1,54,0,12,0,0,200,200
374578,0,30,0,0,1,1,12,5,0,0,0,33,33,0,31,0,200,5,0,200,200
374578,0,30,0,0,1,1,12,5,0,0,0,33,33,0,36,0,12,5,0,200,200
374585,0,20,0,0,0,1,2,7,0,0,0,8,8,1,200,200,12,12,0,200,200
374585,1,20,0,0,0,1,2,7,0,0,0,8,8,1,21,200,200,200,200,200,200
374585,1,20,0,0,0,1,2,7,0,0,0,8,8,1,3,200,200,200,200,200,200
374588,0,25,0,0,0,1,7,7,0,0,0,20,20,0,200,200,200,200,200,200,200
374592,0,30,1,2,0,1,14,2,1,0,0,0,0,0,63,0,0,0,0,200,200
374592,0,30,1,2,0,1,14,2,1,0,0,0,0,0,24,0,200,0,0,200,200
374594,0,35,1,2,0,1,14,5,0,0,0,6,200,0,200,200,5,200,200,200,200
374594,0,35,1,2,0,1,14,5,0,0,0,6,200,0,39,200,0,0,0,200,200
374596,0,40,0,0,0,1,2,2,0,0,0,0,0,0,63,200,200,200,7,200,200
374602,0,30,1,2,0,1,12,5,0,0,0,0,0,0,200,200,200,200,200,200,200
374602,0,30,1,2,0,1,12,5,0,0,0,0,0,1,28,0,0,0,0,200,200
374602,1,30,1,2,0,1,12,5,0,0,0,0,0,2,200,200,200,200,200,200,200
374603,0,35,4,0,0,1,14,2,0,0,0,17,17,1,36,0,1,0,0,200,200
374603,0,35,4,0,0,1,14,2,0,0,0,17,17,1,22,0,1,0,0,200,200
374603,1,35,4,0,0,1,14,2,0,0,0,17,17,0,23,0,200,200,200,200,200
374604,0,30,0,0,0,1,0,7,0,0,0,0,0,0,57,0,6,0,0,200,200
374604,0,30,0,0,0,1,0,7,0,0,0,0,0,0,32,0,0,0,0,200,200
374604,1,30,0,0,0,1,0,7,0,0,0,0,0,0,200,0,200,200,200,200,200
374609,0,30,1,2,0,1,12,5,0,0,0,0,21,0,28,7,0,0,0,200,200
374609,0,30,1,2,0,1,12,5,0,0,0,0,21,2,200,200,4,200,200,200,200
374609,1,30,1,2,0,1,12,5,0,0,0,0,21,1,19,7,200,200,200,200,200
374614,0,30,1,2,0,1,10,2,0,200,200,22,22,1,65,0,12,200,200,200,200
374614,0,30,1,2,0,1,10,2,0,200,200,22,22,0,200,200,2,200,200,200,200
374614,1,30,1,2,0,1,10,2,0,200,200,22,22,0,200,200,200,200,200,200,200
374615,0,30,1,2,0,1,10,5,0,0,0,18,0,0,200,200,3,200,200,200,200
374615,0,30,1,2,0,1,10,5,0,0,0,18,0,1,39,200,0,0,0,200,200
374617,0,10,0,0,1,1,2,7,0,0,200,12,12,0,200,200,0,200,0,200,200
374619,0,35,0,0,0,1,12,5,0,0,0,21,0,0,44,0,0,0,0,200,200
374619,0,35,0,0,0,1,12,5,0,0,0,21,0,1,20,0,4,0,0,200,200
374627,0,30,0,2,0,1,14,6,0,0,0,23,21,0,57,0,0,0,0,200,200
374627,0,30,0,2,0,1,14,6,0,0,0,23,21,2,200,200,7,200,200,200,200
374628,0,30,200,200,0,1,10,6,0,0,200,18,200,0,200,200,200,200,200,200,200
374628,0,30,200,200,0,1,10,6,0,0,200,18,200,1,36,200,200,200,0,200,200
374629,0,15,0,0,0,1,7,7,0,0,0,16,200,0,200,200,12,0,0,200,200
374631,0,35,0,0,0,1,7,2,0,0,0,0,200,2,200,200,200,200,200,200,200
374633,0,30,200,200,200,1,12,2,0,0,200,22,0,1,28,200,2,200,0,200,200
374633,0,30,200,200,200,1,12,2,0,0,200,22,0,1,200,200,2,200,200,200,200
374635,0,30,1,2,0,1,10,5,0,0,0,0,0,1,19,200,3,200,0,200,200
374635,0,30,1,2,0,1,10,5,0,0,0,0,0,1,40,200,200,200,0,200,200
374635,1,30,1,2,0,1,10,5,0,0,0,0,0,1,37,200,200,200,200,200,200
374635,1,30,1,2,0,1,10,5,0,0,0,0,0,1,39,200,200,200,200,200,200
374636,0,30,0,200,0,1,7,5,0,0,0,0,200,0,200,200,200,200,200,200,200
374636,1,30,0,200,0,1,7,5,0,0,0,0,200,1,31,200,200,200,200,200,200
374636,1,30,0,200,0,1,7,5,0,0,0,0,200,1,22,200,200,200,200,200,200
374636,1,30,0,200,0,1,7,5,0,0,0,0,200,0,11,200,200,200,200,200,200
374636,1,30,0,200,0,1,7,5,0,0,0,0,200,200,200,200,200,200,200,200,200
374636,1,30,0,200,0,1,7,5,0,0,0,0,200,200,200,200,200,200,200,200,200
374636,1,30,0,200,0,1,7,5,0,0,0,0,200,200,200,200,200,200,200,200,200
374638,0,30,0,0,0,1,14,2,0,0,0,0,0,0,66,0,0,0,0,200,200
374638,0,30,0,0,0,1,14,2,0,0,0,0,0,1,50,0,12,0,0,200,200
374641,0,30,1,2,0,0,10,5,0,0,0,18,27,0,77,200,0,0,0,200,200
374641,0,30,1,2,0,0,10,5,0,0,0,18,27,0,35,200,3,0,0,200,200
374643,0,35,0,0,0,1,14,5,0,0,0,0,0,0,200,200,1,0,0,200,200
374643,0,35,0,0,0,1,14,5,0,0,0,0,0,1,40,200,0,0,0,200,200
374645,0,30,1,2,0,1,10,5,0,0,0,18,200,0,50,0,3,0,0,200,200
374645,0,30,1,2,0,1,10,5,0,0,0,18,200,0,26,0,0,0,0,200,200
374645,1,30,1,2,0,1,10,5,0,0,0,18,200,2,200,5,200,200,200,200,200
374646,0,30,0,0,0,1,12,5,0,0,0,17,0,0,23,0,1,0,0,200,200
374646,0,30,0,0,0,1,12,5,0,0,0,17,0,1,54,0,0,0,0,200,200
374652,0,25,0,0,2,1,7,2,0,0,0,0,200,1,200,200,200,200,200,200,200
374653,0,30,2,2,0,1,14,5,0,0,0,23,0,0,84,0,7,0,0,200,200
374653,0,30,2,2,0,1,14,5,0,0,0,23,0,0,29,0,7,0,0,200,200
374656,0,5,0,0,0,1,10,7,0,0,0,11,33,1,200,200,6,200,0,200,200
374656,0,5,0,0,0,1,10,7,0,0,0,11,33,0,33,200,0,0,0,200,200
374663,0,30,1,2,0,1,10,2,0,0,200,16,0,0,29,0,0,200,0,200,200
374663,0,30,1,2,0,1,10,2,0,0,200,16,0,1,60,200,200,200,200,200,200
374663,1,30,1,2,0,1,10,2,0,0,200,16,0,1,26,0,200,200,200,200,200
374663,1,30,1,2,0,1,10,2,0,0,200,16,0,1,6,0,200,200,200,200,200
374663,1,30,1,2,0,1,10,2,0,0,200,16,0,1,2,0,200,200,200,200,200
374666,0,30,1,200,200,1,14,1,0,0,200,0,200,0,63,200,200,200,200,200,200
374666,0,30,1,200,200,1,14,1,0,0,200,0,200,0,24,200,1,200,200,200,200
374667,0,30,200,200,200,1,14,2,0,200,200,200,200,1,27,200,200,200,0,200,200
374667,0,30,200,200,200,1,14,2,0,200,200,200,200,0,44,200,200,200,0,200,200
374667,0,30,200,200,200,1,14,2,0,200,200,200,200,0,44,200,200,200,0,200,200
374671,0,30,1,2,0,1,12,5,0,0,0,21,200,2,200,200,4,200,200,200,200
374671,0,30,1,2,0,1,12,5,0,0,0,21,200,1,33,0,0,0,0,200,200
374673,0,25,0,0,1,1,10,2,0,12,12,18,200,1,54,0,3,200,200,200,200
374673,0,25,0,0,1,1,10,2,0,12,12,18,200,0,20,0,0,0,0,200,200
374673,0,25,0,0,1,1,10,2,0,12,12,18,200,0,200,0,0,0,0,200,200
374673,1,25,0,0,1,1,10,2,0,12,12,18,200,1,29,0,200,200,200,200,200
374673,1,25,0,0,1,1,10,2,0,12,12,18,200,1,0,5,200,200,200,200,200
374676,0,30,1,2,0,1,12,5,0,0,0,17,0,1,32,0,1,0,0,200,200
374676,0,30,1,2,0,1,12,5,0,0,0,17,0,0,41,0,0,0,0,200,200
374682,0,30,2,2,2,1,0,5,0,1,0,0,0,0,28,0,0,0,0,200,200
374682,0,30,2,2,2,1,0,5,0,1,0,0,0,1,61,0,0,0,0,200,200
374683,0,30,0,0,0,1,7,5,0,0,0,20,200,0,75,200,6,200,200,200,200
374683,1,30,0,0,0,1,7,5,0,0,0,20,200,1,27,200,200,200,200,200,200
374684,0,30,2,2,0,1,12,5,0,200,200,22,22,0,58,0,7,200,200,200,200
374684,0,30,2,2,0,1,12,5,0,200,200,22,22,0,25,0,2,200,200,200,200
374686,0,35,0,0,0,1,2,3,0,0,0,0,200,0,51,0,0,0,0,200,200
374686,1,35,0,0,0,1,2,3,0,0,0,0,200,1,8,0,200,200,200,200,200
374689,0,30,1,2,0,1,7,5,0,0,0,0,200,0,37,200,200,0,0,200,200
374700,0,30,0,0,0,1,7,6,0,0,200,20,200,1,61,0,6,200,0,200,200
374701,0,35,1,2,2,1,10,2,0,1,0,34,18,1,43,0,0,0,0,200,200
374701,0,35,1,2,2,1,10,2,0,1,0,34,18,0,33,0,3,0,0,200,200
374705,0,30,0,0,0,1,14,5,0,0,0,11,200,0,31,0,7,5,0,200,200
374706,0,30,1,2,0,1,14,3,3,0,0,17,21,1,33,0,1,0,0,200,200
374706,0,30,1,2,0,1,14,3,3,0,0,17,21,1,20,0,4,0,0,200,200
374706,1,30,1,2,0,1,14,3,3,0,0,17,21,1,20,0,200,200,200,200,200
374707,0,25,1,2,0,1,0,5,0,0,0,21,17,0,34,0,0,0,0,200,200
374707,0,25,1,2,0,1,0,5,0,0,0,21,17,2,200,200,2,200,200,200,200
374707,0,25,1,2,0,1,0,5,0,0,0,21,17,2,200,200,7,200,200,200,200
374707,0,25,1,2,0,1,0,5,0,0,0,21,17,2,200,200,7,200,200,200,200
374717,0,30,0,0,1,1,0,2,0,0,0,17,17,0,36,0,1,0,0,200,200
374717,0,30,0,0,1,1,0,2,0,0,0,17,17,1,42,200,0,0,0,200,200
374717,1,30,0,0,1,1,0,2,0,0,0,17,17,1,11,0,200,200,200,200,200
374717,1,30,0,0,1,1,0,2,0,0,0,17,17,1,200,0,200,200,200,200,200
374718,4,30,2,2,0,1,8,5,0,0,200,0,200,0,19,2,12,200,200,200,200
374718,0,30,2,2,0,1,8,5,0,0,200,0,200,0,22,200,200,200,0,200,200
374720,0,25,2,2,0,1,0,2,0,0,0,17,0,0,69,200,200,200,0,200,200
374720,0,25,2,2,0,1,0,2,0,0,0,17,0,0,28,200,200,200,0,200,200
374720,0,25,2,2,0,1,0,2,0,0,0,17,0,0,49,200,1,200,0,200,200
374720,1,25,2,2,0,1,0,2,0,0,0,17,0,1,27,200,200,200,200,200,200
374723,0,30,1,2,0,1,12,3,0,0,0,0,200,1,29,0,12,0,0,200,200
374723,0,30,1,2,0,1,12,3,0,0,0,0,200,1,41,0,0,0,0,200,200
374723,1,30,1,2,0,1,12,3,0,0,0,0,200,1,200,0,200,200,200,200,200
374723,1,30,1,2,0,1,12,3,0,0,0,0,200,0,41,0,200,200,200,200,200
374727,0,30,0,0,0,1,12,2,0,0,0,0,200,0,49,200,200,0,0,200,200
374727,0,30,0,0,0,1,12,2,0,0,0,0,200,0,43,200,200,0,0,200,200
374729,0,30,2,2,0,1,14,5,0,0,0,17,200,0,25,0,0,200,0,200,200
374729,0,30,2,2,0,1,14,5,0,0,0,17,200,1,24,0,1,200,0,200,200
374731,0,30,1,2,0,1,0,2,0,0,0,17,200,0,27,0,1,1,200,200,200
374731,0,30,1,2,0,1,0,2,0,0,0,17,200,0,55,0,0,0,200,200,200
374732,0,30,0,0,0,1,12,5,0,0,0,17,200,1,31,200,0,200,1,200,200
374732,0,30,0,0,0,1,12,5,0,0,0,17,200,1,27,200,1,200,0,200,200
374732,1,30,0,0,0,1,12,5,0,0,0,17,200,1,10,200,200,200,200,200,200
374733,0,15,0,0,0,200,7,6,0,0,0,0,200,2,200,200,200,200,200,200,200
374738,0,30,0,0,200,200,2,0,0,200,0,200,200,2,200,200,200,200,200,200,200
374739,0,30,0,0,0,2,10,5,0,0,3,0,0,1,42,0,0,200,0,200,200
374739,0,30,0,0,0,2,10,5,0,0,3,0,0,1,21,0,200,200,0,200,200
374739,1,30,0,0,0,2,10,5,0,0,3,0,0,1,19,0,200,200,200,200,200
374739,1,30,0,0,0,2,10,5,0,0,3,0,0,1,32,0,200,200,200,200,200
374739,1,30,0,0,0,2,10,5,0,0,3,0,0,1,4,0,200,200,200,200,200
374739,1,30,0,0,0,2,10,5,0,0,3,0,0,1,22,0,200,200,200,200,200
374739,1,30,0,0,0,2,10,5,0,0,3,0,0,1,6,0,200,200,200,200,200
374753,0,30,0,0,0,1,12,3,0,0,0,22,0,0,46,0,12,0,0,200,200
374753,0,30,0,0,0,1,12,3,0,0,0,22,0,1,25,0,2,0,0,200,200
374753,1,30,0,0,0,1,12,3,0,0,0,22,0,0,200,0,200,200,200,200,200
374753,1,30,0,0,0,1,12,3,0,0,0,22,0,0,200,0,200,200,200,200,200
374753,1,30,0,0,0,1,12,3,0,0,0,22,0,0,200,0,200,200,200,200,200
374774,0,30,0,0,0,1,10,5,0,200,200,7,7,1,36,200,12,200,200,200,200
374774,0,30,0,0,0,1,10,5,0,200,200,7,7,0,55,0,0,200,0,200,200
374779,0,35,200,200,200,1,12,3,0,1,200,0,0,0,56,0,0,0,0,200,200
374779,0,35,200,200,200,1,12,3,0,1,200,0,0,2,200,200,200,200,200,200,200
374784,4,20,2,2,0,1,8,6,0,0,0,5,23,0,58,1,5,0,0,200,200
374784,0,20,2,2,0,1,8,6,0,0,0,5,23,0,25,0,12,0,0,200,200
374785,0,35,0,0,0,1,0,5,0,0,0,17,23,1,45,200,1,0,0,200,200
374785,0,35,0,0,0,1,0,5,0,0,0,17,23,1,28,200,0,0,0,200,200
374790,0,30,0,0,0,1,2,2,2,0,0,0,200,0,56,200,12,12,0,200,200
374791,0,30,0,0,0,1,0,7,0,0,0,17,0,1,21,200,1,0,0,200,200
374791,0,30,0,0,0,1,0,7,0,0,0,17,0,0,20,200,0,0,0,200,200
374794,0,30,0,0,0,1,14,5,0,0,0,17,200,0,200,200,1,200,200,200,200
374794,0,30,0,0,0,1,14,5,0,0,0,17,200,1,52,0,0,0,0,200,200
374797,0,30,1,2,2,1,10,2,0,1,0,12,0,1,42,0,0,0,0,200,200
374797,0,30,1,2,2,1,10,2,0,1,0,12,0,1,47,0,0,0,0,200,200
374797,0,30,1,2,2,1,10,2,0,1,0,12,0,0,16,0,12,0,0,200,200
374797,0,30,1,2,2,1,10,2,0,1,0,12,0,0,22,0,0,0,0,200,200
374801,0,30,2,1,0,1,0,6,0,0,0,17,5,0,25,0,1,0,0,200,200
374801,0,30,2,1,0,1,0,6,0,0,0,17,5,0,32,0,1,0,0,200,200
374801,1,30,2,1,0,1,0,6,0,0,0,17,5,1,27,0,200,200,200,200,200
374801,1,30,2,1,0,1,0,6,0,0,0,17,5,200,200,0,200,200,200,200,200
374802,0,30,0,0,0,1,7,6,0,0,0,200,200,0,27,200,7,0,0,200,200
374802,1,30,0,0,0,1,7,6,0,0,0,200,200,0,52,200,200,200,200,200,200
374805,0,30,0,0,0,1,10,5,0,0,0,21,23,1,64,0,0,0,0,200,200
374805,0,30,0,0,0,1,10,5,0,0,0,21,23,1,55,0,0,0,0,200,200
374805,0,30,0,0,0,1,10,5,0,0,0,21,23,1,59,0,4,0,0,200,200
374808,0,30,1,2,0,1,10,6,0,0,0,21,21,0,200,0,0,0,0,200,200
374808,0,30,1,2,0,1,10,6,0,0,0,21,21,1,56,0,4,200,0,200,200
374810,0,30,200,200,0,1,11,5,0,200,200,0,0,0,30,200,0,200,0,200,200
374810,0,30,200,200,0,1,11,5,0,200,200,0,0,2,200,200,200,200,200,200,200
374813,0,30,0,0,0,1,10,5,0,0,0,0,0,1,200,0,0,0,0,200,200
374813,0,30,0,0,0,1,10,5,0,0,0,0,0,0,30,200,3,0,0,200,200
374815,0,10,0,0,0,1,7,7,0,0,0,20,200,0,77,0,0,0,0,200,200
374824,0,40,0,0,0,1,10,3,0,0,0,7,16,1,34,0,1,12,200,200,200
374824,0,40,0,0,0,1,10,3,0,0,0,7,16,1,33,0,0,0,200,200,200
374832,0,30,12,12,0,1,0,5,0,0,0,27,200,1,60,200,12,0,4,200,200
374832,0,30,12,12,0,1,0,5,0,0,0,27,200,0,30,200,0,0,0,200,200
374832,1,30,12,12,0,1,0,5,0,0,0,27,200,1,30,4,200,200,200,200,200
374837,0,30,1,2,0,1,10,5,0,0,0,18,0,0,59,200,0,0,0,200,200
374837,0,30,1,2,0,1,10,5,0,0,0,18,0,0,200,200,3,200,200,200,200
374840,0,30,0,0,0,1,10,0,0,0,0,25,20,0,33,200,6,0,0,200,200
374840,0,30,0,0,0,1,10,0,0,0,0,25,20,0,46,0,0,0,0,200,200
374846,0,30,1,200,200,1,10,6,0,200,200,20,200,2,200,200,6,200,200,200,200
374846,0,30,1,200,200,1,10,6,0,200,200,20,200,0,39,200,0,200,0,200,200
374847,0,30,1,2,0,1,8,2,0,0,0,0,200,0,20,0,12,0,0,200,200
374847,4,30,1,2,0,1,8,2,0,0,0,0,200,1,26,2,0,0,0,200,200
374851,0,15,0,0,200,200,7,0,0,200,0,0,0,2,200,200,200,200,200,200,200
374852,0,30,0,0,0,1,10,2,0,0,0,18,16,1,30,0,0,0,0,200,200
374852,0,30,0,0,0,1,10,2,0,0,0,18,16,0,53,0,3,0,0,200,200
374855,0,15,0,0,0,1,10,7,0,0,0,18,16,1,61,0,3,0,0,200,200
374855,0,15,0,0,0,1,10,7,0,0,0,18,16,1,40,0,0,0,0,200,200
374858,0,35,1,2,0,1,10,3,0,0,0,200,200,1,30,0,0,0,0,200,200
374858,0,35,1,2,0,1,10,3,0,0,0,200,200,1,200,200,200,200,200,200,200
374861,0,30,0,0,0,1,12,5,0,0,0,200,200,1,21,200,200,200,0,200,200
374861,0,30,0,0,0,1,12,5,0,0,0,200,200,1,200,200,0,0,0,200,200
374867,0,30,0,0,0,1,7,5,0,0,0,21,200,1,200,200,4,200,200,200,200
374882,0,30,0,0,0,1,0,5,0,0,200,0,0,0,51,0,200,200,200,200,200
374882,0,30,0,0,0,1,0,5,0,0,200,0,0,1,17,200,200,200,200,200,200
374885,0,30,2,2,0,1,8,5,0,0,0,17,200,1,200,200,1,200,200,200,200
374885,4,30,2,2,0,1,8,5,0,0,0,17,200,0,42,3,0,1,0,200,200
374887,0,30,2,2,0,1,14,2,0,0,200,17,200,0,17,200,0,200,0,200,200
374887,0,30,2,2,0,1,14,2,0,0,200,17,200,1,73,0,1,200,0,200,200
374891,0,30,0,0,0,1,12,5,0,0,0,20,200,0,49,200,0,0,0,200,200
374891,0,30,0,0,0,1,12,5,0,0,0,20,200,1,61,200,6,200,0,200,200
374896,0,30,0,0,0,1,2,5,0,0,0,23,0,1,28,200,4,200,4,200,200
374903,0,30,1,2,0,1,14,5,0,0,0,6,14,0,200,200,5,200,200,200,200
374903,0,30,1,2,0,1,14,5,0,0,0,6,14,0,28,200,0,200,0,200,200
374903,0,30,1,2,0,1,14,5,0,0,0,6,14,0,200,200,5,200,200,200,200
374907,0,30,200,200,0,1,12,200,0,0,0,17,17,1,43,200,1,200,200,200,200
374907,0,30,200,200,0,1,12,200,0,0,0,17,17,1,55,200,0,200,0,200,200
374919,0,30,0,0,200,200,7,7,0,200,200,0,0,0,200,200,200,200,200,200,200
374927,0,30,2,2,0,1,14,5,0,0,0,5,200,1,200,200,1,200,200,200,200
374927,0,30,2,2,0,1,14,5,0,0,0,5,200,1,35,0,0,0,0,200,200
374933,0,30,0,12,0,1,12,2,0,0,0,0,200,0,52,0,0,200,12,200,200
374933,0,30,0,12,0,1,12,2,0,0,0,0,200,1,42,0,200,200,0,200,200
374938,0,25,2,2,0,1,7,6,0,0,0,0,0,0,28,0,200,200,0,200,200
374941,0,30,0,0,0,1,7,2,0,0,0,22,200,0,54,0,4,0,0,200,200
374941,0,30,0,0,0,1,7,2,0,0,0,22,200,0,54,0,4,0,0,200,200
374950,4,30,1,2,0,1,8,6,0,0,0,17,23,0,44,7,1,0,0,200,200
374950,0,30,1,2,0,1,8,6,0,0,0,17,23,0,57,0,0,0,0,200,200
374953,0,30,200,200,0,1,12,2,0,0,200,22,200,2,200,200,2,200,200,200,200
374953,0,30,200,200,0,1,12,2,0,0,200,22,200,1,48,200,0,200,0,200,200
374963,0,30,0,0,1,1,10,3,0,0,0,0,0,0,0,200,200,200,200,200,200
374963,0,30,0,0,1,1,10,3,0,0,0,0,0,1,50,0,0,0,0,200,200
374973,0,15,0,0,0,1,0,7,0,0,0,20,200,1,48,0,6,0,0,200,200
374973,0,15,0,0,0,1,0,7,0,0,0,20,200,1,29,0,0,0,0,200,200
374979,0,30,1,2,0,1,0,5,0,0,0,6,14,0,47,200,0,0,0,200,200
374979,0,30,1,2,0,1,0,5,0,0,0,6,14,0,54,200,5,200,200,200,200
374982,0,25,0,0,0,1,12,5,0,0,0,22,11,1,26,0,1,0,0,200,200
374982,0,25,0,0,0,1,12,5,0,0,0,22,11,0,23,0,0,0,0,200,200
374982,1,25,0,0,0,1,12,5,0,0,0,22,11,1,29,0,200,200,200,200,200
374982,1,25,0,0,0,1,12,5,0,0,0,22,11,1,26,0,200,200,200,200,200
374984,0,30,0,0,0,1,14,5,0,0,200,23,0,1,37,200,0,200,200,200,200
374984,0,30,0,0,0,1,14,5,0,0,200,23,0,0,32,200,7,200,0,200,200
374985,0,30,1,2,0,1,14,2,0,0,0,21,200,0,40,200,7,200,0,200,200
374985,0,30,1,2,0,1,14,2,0,0,0,21,200,1,18,0,0,0,0,200,200
374985,1,30,1,2,0,1,14,2,0,0,0,21,200,1,23,0,200,200,200,200,200
374986,0,30,1,2,0,1,14,5,0,0,0,23,0,0,42,200,0,0,0,200,200
374986,0,30,1,2,0,1,14,5,0,0,0,23,0,0,19,200,7,0,0,200,200
374986,1,30,1,2,0,1,14,5,0,0,0,23,0,0,21,200,200,200,200,200,200
374989,0,30,1,2,0,1,0,2,0,0,0,17,0,2,200,200,200,200,200,200,200
374989,0,30,1,2,0,1,0,2,0,0,0,17,0,0,60,0,12,0,0,200,200
374992,0,30,0,0,0,1,9,2,0,0,0,21,14,0,26,200,1,0,0,200,200
374992,5,30,0,0,0,1,9,2,0,0,0,21,14,0,35,7,0,12,0,200,200
374992,1,30,0,0,0,1,9,2,0,0,0,21,14,0,30,200,200,200,200,200,200
374995,0,35,2,2,0,1,14,5,0,0,0,17,16,0,36,3,0,0,0,200,200
374995,0,35,2,2,0,1,14,5,0,0,0,17,16,0,23,0,1,0,0,200,200
374996,0,30,1,2,0,1,0,5,0,0,0,16,0,0,31,0,1,0,0,200,200
374996,0,30,1,2,0,1,0,5,0,0,0,16,0,0,49,0,0,0,0,200,200
375018,0,10,0,0,0,1,7,7,0,200,200,0,0,2,200,200,200,200,200,200,200
375043,0,30,0,0,0,1,14,5,0,0,0,0,0,0,39,0,1,0,0,200,200
375043,0,30,0,0,0,1,14,5,0,0,0,0,0,1,38,0,0,0,0,200,200
375048,0,30,1,2,0,4,0,12,0,0,0,0,200,1,200,200,12,200,0,200,200
375048,0,30,1,2,0,4,0,12,0,0,0,0,200,0,200,200,0,200,0,200,200
375048,1,30,1,2,0,4,0,12,0,0,0,0,200,0,200,200,200,200,200,200,200
375048,1,30,1,2,0,4,0,12,0,0,0,0,200,200,200,200,200,200,200,200,200
375048,1,30,1,2,0,4,0,12,0,0,0,0,200,0,200,200,200,200,200,200,200
375048,1,30,1,2,0,4,0,12,0,0,0,0,200,1,200,200,200,200,200,200,200
375048,1,30,1,2,0,4,0,12,0,0,0,0,200,0,200,200,200,200,200,200,200
375054,4,30,0,0,0,1,8,5,0,0,0,17,200,1,28,7,0,0,0,200,200
375054,0,30,0,0,0,1,8,5,0,0,0,17,200,0,28,0,1,0,0,200,200