RD_NO,PERSON_TYPE,POSTED_SPEED_LIMIT,TRAFFIC_CONTROL_DEVICE,DEVICE_CONDITION,WEATHER_CONDITION,LIGHTING_CONDITION,FIRST_CRASH_TYPE,TRAFFICWAY_TYPE,ALIGNMENT,ROADWAY_SURFACE_COND,ROAD_DEFECT,PRIM_CONTRIBUTORY_CAUSE,SEC_CONTRIBUTORY_CAUSE,SEX,AGE,SAFETY_EQUIPMENT,DRIVER_ACTION,DRIVER_VISION,PHYSICAL_CONDITION,BAC_RESULT VALUE,CELL_PHONE_USE
375057,0,30,1,2,0,3,2,3,0,0,200,200,200,0,26,200,12,200,0,200,200
375060,0,30,0,0,0,1,0,6,0,0,0,20,0,1,47,200,6,200,0,200,200
375060,0,30,0,0,0,1,0,6,0,0,0,20,0,0,50,200,0,0,0,200,200
375061,0,25,0,0,0,3,7,6,0,0,200,0,0,2,200,200,200,200,200,200,200
375065,0,30,0,0,0,0,10,2,0,0,0,0,0,1,64,0,0,0,0,200,200
375065,0,30,0,0,0,0,10,2,0,0,0,0,0,0,36,0,0,0,0,200,200
375072,0,30,0,0,0,1,7,5,0,0,2,0,0,2,200,200,200,200,200,200,200
375084,0,30,0,0,0,1,12,3,0,0,0,21,25,1,41,200,4,200,200,200,200
375084,0,30,0,0,0,1,12,3,0,0,0,21,25,0,45,200,0,0,0,200,200
375089,0,40,0,0,0,1,10,3,0,0,0,18,0,0,25,0,3,0,0,200,200
375089,0,40,0,0,0,1,10,3,0,0,0,18,0,1,50,0,0,0,0,200,200
375089,1,40,0,0,0,1,10,3,0,0,0,18,0,1,20,0,200,200,200,200,200
375089,1,40,0,0,0,1,10,3,0,0,0,18,0,1,23,0,200,200,200,200,200
375089,1,40,0,0,0,1,10,3,0,0,0,18,0,1,22,0,200,200,200,200,200
375089,1,40,0,0,0,1,10,3,0,0,0,18,0,1,6,0,200,200,200,200,200
375089,1,40,0,0,0,1,10,3,0,0,0,18,0,1,17,0,200,200,200,200,200
375094,0,30,0,0,0,1,7,6,0,0,0,20,200,1,200,200,200,200,200,200,200
375098,0,30,0,0,0,3,12,5,0,0,0,22,0,0,31,7,0,0,0,200,200
375098,0,30,0,0,0,3,12,5,0,0,0,22,0,0,64,200,4,0,0,200,200
375105,0,5,0,0,0,4,7,5,0,0,0,0,19,1,200,200,200,0,0,200,200
375109,0,30,2,2,0,3,8,5,0,0,0,10,0,2,200,200,12,200,200,200,200
375109,0,30,2,2,0,3,8,5,0,0,0,10,0,1,24,0,12,0,0,200,200
375109,4,30,2,2,0,3,8,5,0,0,0,10,0,1,70,2,9,0,0,200,200
375113,0,20,0,0,200,3,7,6,0,200,3,0,11,2,200,200,200,200,200,200,200
375115,0,30,0,0,0,1,7,5,0,0,0,0,0,2,200,200,200,200,200,200,200
375121,0,30,1,2,0,3,14,2,0,0,0,16,200,0,60,0,12,0,0,200,200
375121,0,30,1,2,0,3,14,2,0,0,0,16,200,1,18,0,12,0,0,200,200
375121,1,30,1,2,0,3,14,2,0,0,0,16,200,1,24,0,200,200,200,200,200
375121,1,30,1,2,0,3,14,2,0,0,0,16,200,1,20,0,200,200,200,200,200
375121,1,30,1,2,0,3,14,2,0,0,0,16,200,1,11,0,200,200,200,200,200
375121,1,30,1,2,0,3,14,2,0,0,0,16,200,1,13,0,200,200,200,200,200
375122,0,25,0,0,200,200,7,0,0,200,200,0,0,0,200,200,200,200,200,200,200
375123,0,5,0,0,0,200,0,7,0,0,0,20,200,0,31,200,6,200,200,200,200
375123,0,5,0,0,0,200,0,7,0,0,0,20,200,1,29,0,0,0,0,200,200
375126,0,30,2,2,0,1,7,5,0,0,0,11,0,0,52,0,0,0,0,200,200
375126,1,30,2,2,0,1,7,5,0,0,0,11,0,1,200,200,200,200,200,200,200
375129,0,30,0,0,0,3,12,5,0,0,0,32,21,0,20,0,4,0,5,200,200
375129,0,30,0,0,0,3,12,5,0,0,0,32,21,1,21,0,0,0,0,200,200
375129,1,30,0,0,0,3,12,5,0,0,0,32,21,1,21,0,200,200,200,200,200
375129,1,30,0,0,0,3,12,5,0,0,0,32,21,1,21,0,200,200,200,200,200
375136,0,30,1,2,0,3,0,2,0,0,0,14,6,1,44,0,8,0,0,200,200
375136,0,30,1,2,0,3,0,2,0,0,0,14,6,1,27,0,0,0,0,200,200
375142,0,30,1,2,0,3,14,2,0,0,0,17,200,1,18,0,1,200,0,200,200
375142,0,30,1,2,0,3,14,2,0,0,0,17,200,0,19,0,0,200,0,200,200
375142,1,30,1,2,0,3,14,2,0,0,0,17,200,2,200,0,200,200,200,200,200
375142,1,30,1,2,0,3,14,2,0,0,0,17,200,2,200,0,200,200,200,200,200
375142,1,30,1,2,0,3,14,2,0,0,0,17,200,2,200,0,200,200,200,200,200
375142,1,30,1,2,0,3,14,2,0,0,0,17,200,2,200,0,200,200,200,200,200
375148,0,30,1,2,2,3,14,5,0,1,0,200,200,0,64,0,12,0,0,200,200
375148,0,30,1,2,2,3,14,5,0,1,0,200,200,1,32,0,200,0,0,200,200
375155,0,15,0,0,0,3,10,7,0,0,200,0,0,1,59,0,1,200,0,200,200
375155,0,15,0,0,0,3,10,7,0,0,200,0,0,0,49,7,8,200,0,200,200
375156,0,0,0,0,0,3,3,7,0,0,0,200,200,0,58,0,6,0,0,200,200
375156,0,0,0,0,0,3,3,7,0,0,0,200,200,0,35,0,6,0,0,200,200
375156,1,0,0,0,0,3,3,7,0,0,0,200,200,0,22,0,200,200,200,200,200
375156,1,0,0,0,0,3,3,7,0,0,0,200,200,1,34,0,200,200,200,200,200
375158,0,30,0,0,0,3,14,5,0,0,0,23,21,1,200,200,7,200,200,200,200
375158,0,30,0,0,0,3,14,5,0,0,0,23,21,0,20,0,0,0,0,200,200
375160,0,30,0,0,0,1,14,5,0,0,0,17,0,0,32,0,1,0,0,200,200
375160,0,30,0,0,0,1,14,5,0,0,0,17,0,1,20,0,0,0,0,200,200
375163,0,0,0,0,0,1,7,7,0,200,200,0,0,1,200,200,200,200,200,200,200
375182,0,15,0,200,0,3,7,7,0,0,0,0,0,0,51,0,6,200,5,200,200
375185,0,30,2,12,1,1,2,2,0,0,0,14,0,1,14,0,8,0,0,200,200
375189,0,30,0,0,0,3,0,5,0,200,200,0,0,0,200,200,1,200,200,200,200
375189,0,30,0,0,0,3,0,5,0,200,200,0,0,0,49,200,0,0,0,200,200
375194,0,35,1,2,0,3,4,1,0,0,0,16,0,0,43,2,7,200,200,200,200
375198,0,30,2,200,200,200,14,200,0,200,200,5,23,0,37,200,5,200,200,200,200
375198,0,30,2,200,200,200,14,200,0,200,200,5,23,0,44,200,0,200,200,200,200
375199,0,5,0,0,0,3,7,7,0,200,0,20,200,0,200,200,6,200,200,200,200
375203,0,30,1,2,0,1,10,6,0,0,0,7,7,0,200,0,12,0,0,200,200
375203,0,30,1,2,0,1,10,6,0,0,0,7,7,1,51,0,0,0,0,200,200
375206,0,10,0,0,0,1,12,12,0,0,200,11,0,0,52,0,0,0,200,200,200
375206,0,10,0,0,0,1,12,12,0,0,200,11,0,1,27,200,12,200,200,200,200
375218,0,30,1,2,0,3,14,5,0,0,0,17,200,0,20,0,1,0,0,200,200
375218,0,30,1,2,0,3,14,5,0,0,0,17,200,1,17,0,0,0,0,200,200
375221,0,30,3,200,0,3,12,5,0,200,200,0,200,0,48,200,200,200,0,200,200
375225,0,30,200,200,0,200,12,1,0,200,200,0,0,0,200,200,4,200,200,200,200
375225,0,30,200,200,0,200,12,1,0,200,200,0,0,0,0,0,0,200,200,200,200
375230,0,30,1,2,0,3,12,6,0,0,0,25,19,1,200,200,2,0,3,200,200
375230,0,30,1,2,0,3,12,6,0,0,0,25,19,1,50,0,0,0,0,200,200
375239,0,30,0,0,0,3,14,5,0,0,0,20,0,1,200,200,6,200,200,200,200
375239,0,30,0,0,0,3,14,5,0,0,0,20,0,1,29,0,0,0,0,200,200
375244,0,30,2,2,0,3,0,5,0,0,0,6,200,0,30,0,5,0,0,200,200
375244,0,30,2,2,0,3,0,5,0,0,0,6,200,0,39,0,0,0,0,200,200
375244,1,30,2,2,0,3,0,5,0,0,0,6,200,1,46,0,200,200,200,200,200
375244,1,30,2,2,0,3,0,5,0,0,0,6,200,0,200,0,200,200,200,200,200
375251,0,35,0,2,0,3,10,2,0,0,0,18,16,0,200,200,3,200,200,200,200
375251,0,35,0,2,0,3,10,2,0,0,0,18,16,0,22,0,0,0,0,200,200
375252,0,30,1,2,0,3,14,2,0,0,0,0,20,0,38,200,2,200,200,200,200
375252,0,30,1,2,0,3,14,2,0,0,0,0,20,0,29,0,0,0,0,200,200
375255,0,30,0,0,0,3,2,6,0,0,12,28,0,0,39,200,12,0,0,200,200
375258,0,30,0,200,0,3,7,6,0,0,200,0,0,0,19,7,200,200,0,200,200
375258,1,30,0,200,0,3,7,6,0,0,200,0,0,1,200,7,200,200,200,200,200
375265,0,30,2,0,0,4,10,5,0,0,0,18,16,0,47,200,3,200,200,200,200
375265,0,30,2,0,0,4,10,5,0,0,0,18,16,1,39,200,0,200,0,200,200
375265,1,30,2,0,0,4,10,5,0,0,0,18,16,1,200,200,200,200,200,200,200
375265,1,30,2,0,0,4,10,5,0,0,0,18,16,0,200,200,200,200,200,200,200
375266,0,30,0,0,0,3,2,3,0,0,0,200,200,0,28,200,12,200,0,200,200
375275,0,30,0,0,0,3,12,3,0,0,0,17,0,2,200,200,1,200,200,200,200
375275,0,30,0,0,0,3,12,3,0,0,0,17,0,0,18,0,0,0,0,200,200
375285,0,25,0,0,0,200,7,7,0,0,0,200,200,2,200,200,200,200,200,200,200
375286,0,30,0,0,0,1,7,7,0,0,0,22,22,2,200,200,2,200,200,200,200
375304,0,30,0,0,0,3,7,6,0,0,0,21,200,2,200,200,200,200,200,200,200
375306,0,45,1,2,0,3,10,2,0,0,200,11,0,0,27,200,6,0,200,200,200
375306,0,45,1,2,0,3,10,2,0,0,200,11,0,0,36,0,0,0,0,200,200
375308,0,15,0,200,0,0,3,0,0,0,0,0,0,0,42,200,200,200,200,200,200
375308,0,15,0,200,0,0,3,0,0,0,0,0,0,1,43,200,0,0,0,200,200
375314,0,30,0,0,0,3,7,6,0,0,0,25,16,0,200,200,13,200,200,200,200
375314,1,30,0,0,0,3,7,6,0,0,0,25,16,200,200,200,200,200,200,200,200
375314,1,30,0,0,0,3,7,6,0,0,0,25,16,200,200,200,200,200,200,200,200
375320,0,30,0,0,0,3,14,5,0,0,0,10,200,1,31,200,7,0,0,200,200
375320,0,30,0,0,0,3,14,5,0,0,0,10,200,1,23,200,0,0,0,200,200
375320,1,30,0,0,0,3,14,5,0,0,0,10,200,0,20,7,200,200,200,200,200
375324,0,30,0,0,200,3,7,6,0,200,200,12,12,0,35,0,200,0,0,200,200
375327,0,25,2,0,0,3,7,6,0,0,0,0,0,2,200,200,200,200,200,200,200
375327,1,25,2,0,0,3,7,6,0,0,0,0,0,0,36,200,200,200,200,200,200
375327,1,25,2,0,0,3,7,6,0,0,0,0,0,1,21,200,200,200,200,200,200
375328,0,30,1,2,0,1,12,5,0,0,0,22,11,0,19,0,2,0,0,200,200
375328,0,30,1,2,0,1,12,5,0,0,0,22,11,1,37,0,0,0,0,200,200
375334,0,10,0,0,0,1,0,6,0,0,0,0,0,1,200,200,0,200,200,200,200
375334,0,10,0,0,0,1,0,6,0,0,0,0,0,1,42,0,0,0,0,200,200
375336,0,30,0,0,0,3,2,5,0,0,0,0,0,2,200,200,200,200,200,200,200
375347,0,30,0,0,0,3,12,5,0,1,0,21,0,2,200,200,6,200,200,200,200
375347,0,30,0,0,0,3,12,5,0,1,0,21,0,0,36,0,0,0,0,200,200
375347,1,30,0,0,0,3,12,5,0,1,0,21,0,0,200,0,200,200,200,200,200
375347,1,30,0,0,0,3,12,5,0,1,0,21,0,1,200,0,200,200,200,200,200
375387,0,30,1,2,0,3,10,2,0,0,0,16,200,0,41,0,12,0,0,200,200
375387,0,30,1,2,0,3,10,2,0,0,0,16,200,0,55,0,0,0,0,200,200
375387,0,30,1,2,0,3,10,2,0,0,0,16,200,0,48,0,0,0,0,200,200
375387,1,30,1,2,0,3,10,2,0,0,0,16,200,0,54,0,200,200,200,200,200
375394,0,30,0,0,0,3,7,5,0,0,0,0,0,0,33,200,200,200,5,200,200
375421,0,10,0,0,0,3,7,7,0,0,0,16,20,0,40,200,6,200,0,200,200
375427,0,30,0,0,0,3,7,5,0,0,0,200,200,0,55,0,200,200,0,200,200
375440,0,30,1,2,0,1,14,6,0,0,0,21,200,0,30,0,7,200,0,200,200
375440,0,30,1,2,0,1,14,6,0,0,0,21,200,0,47,0,0,200,0,200,200
375444,0,30,0,0,0,1,12,3,0,0,0,17,17,0,48,0,1,0,0,200,200
375444,0,30,0,0,0,1,12,3,0,0,0,17,17,0,53,0,0,0,0,200,200
375445,0,35,1,2,0,2,0,5,0,0,0,0,0,0,200,200,200,200,200,200,200
375445,0,35,1,2,0,2,0,5,0,0,0,0,0,0,69,0,0,0,0,200,200
375448,0,45,1,2,0,1,12,2,0,0,0,0,0,0,52,0,200,0,0,200,200
375448,0,45,1,2,0,1,12,2,0,0,0,0,0,0,45,0,1,0,0,200,200
375452,0,25,0,0,200,1,14,5,0,200,200,15,8,0,46,200,12,200,1,200,200
375452,0,25,0,0,200,1,14,5,0,200,200,15,8,1,19,0,12,0,0,200,200
375452,1,25,0,0,200,1,14,5,0,200,200,15,8,0,20,0,200,200,200,200,200
375458,0,30,1,2,0,1,0,5,0,0,0,17,200,0,56,0,1,0,0,200,200
375458,0,30,1,2,0,1,0,5,0,0,0,17,200,0,33,0,0,0,0,200,200
375463,0,30,1,2,0,1,10,5,3,0,0,0,0,1,42,0,200,0,0,200,200
375463,0,30,1,2,0,1,10,5,3,0,0,0,0,0,57,0,0,0,0,200,200
375467,0,30,6,2,0,1,5,5,0,0,0,0,0,0,46,200,0,200,0,200,200
375475,0,40,1,2,0,1,14,5,0,0,3,10,21,1,23,0,9,0,0,200,200
375475,0,40,1,2,0,1,14,5,0,0,3,10,21,1,32,0,0,0,0,200,200
375477,0,30,0,0,0,1,0,5,0,0,0,17,200,0,43,0,1,0,0,200,200
375477,0,30,0,0,0,1,0,5,0,0,0,17,200,1,21,0,0,0,0,200,200
375477,1,30,0,0,0,1,0,5,0,0,0,17,200,200,13,0,200,200,200,200,200
375477,1,30,0,0,0,1,0,5,0,0,0,17,200,1,10,0,200,200,200,200,200
375485,0,30,0,0,0,1,7,2,0,0,0,22,200,1,24,200,2,0,0,200,200
375494,0,30,1,2,0,1,12,5,0,0,0,22,200,1,200,200,200,200,200,200,200
375494,0,30,1,2,0,1,12,5,0,0,0,22,200,0,62,0,200,0,0,200,200
375500,0,30,2,2,0,1,14,5,0,0,0,17,200,1,24,0,1,0,0,200,200
375500,0,30,2,2,0,1,14,5,0,0,0,17,200,0,73,0,0,0,0,200,200
375503,0,25,1,2,0,1,10,5,0,0,0,0,0,0,200,0,200,0,0,200,200
375503,0,25,1,2,0,1,10,5,0,0,0,0,0,1,200,0,200,0,0,200,200
375512,0,10,0,0,0,1,2,7,0,0,0,11,33,0,63,200,12,12,0,200,200
375517,0,25,1,2,0,1,12,6,0,0,200,21,0,0,47,200,4,200,0,200,200
375517,0,25,1,2,0,1,12,6,0,0,200,21,0,0,53,200,12,200,0,200,200
375520,0,20,0,0,200,200,7,6,0,200,0,200,200,2,200,200,200,200,200,200,200
375523,0,30,0,0,0,1,8,5,0,0,0,33,33,0,25,200,12,0,0,200,200
375523,4,30,0,0,0,1,8,5,0,0,0,33,33,0,24,3,12,0,0,200,200
375534,0,30,0,0,0,1,10,2,0,0,0,0,0,1,28,200,0,0,0,200,200
375534,0,30,0,0,0,1,10,2,0,0,0,0,0,0,200,200,0,200,200,200,200
375535,0,15,0,0,0,3,7,7,0,0,0,20,11,1,51,0,6,0,0,200,200
375536,0,30,0,0,0,1,12,5,0,0,0,22,22,2,200,200,2,200,200,200,200
375536,0,30,0,0,0,1,12,5,0,0,0,22,22,0,38,0,0,0,0,200,200
375537,0,30,0,0,0,200,7,5,0,0,0,11,0,2,200,200,200,200,200,200,200
375545,0,30,1,2,0,1,12,1,0,0,0,0,0,1,51,0,4,0,0,200,200
375545,0,30,1,2,0,1,12,1,0,0,0,0,0,0,53,0,200,0,0,200,200
375546,0,20,0,0,0,3,7,5,0,0,0,0,200,2,200,200,200,200,200,200,200
375548,0,30,0,0,0,1,10,5,0,0,0,18,18,0,25,0,1,0,0,200,200
375548,0,30,0,0,0,1,10,5,0,0,0,18,18,0,67,0,0,0,0,200,200
375550,0,30,1,2,0,1,14,2,0,0,0,17,23,0,43,0,7,0,0,200,200
375550,0,30,1,2,0,1,14,2,0,0,0,17,23,0,29,0,0,0,0,200,200
375556,0,30,2,2,0,1,0,12,0,0,1,17,0,1,59,0,12,0,0,200,200
375556,0,30,2,2,0,1,0,12,0,0,1,17,0,1,40,0,12,0,0,200,200
375557,0,30,0,0,0,3,0,2,0,0,0,17,16,2,200,200,1,200,200,200,200
375557,0,30,0,0,0,3,0,2,0,0,0,17,16,0,31,0,0,0,0,200,200
375559,0,30,2,2,0,1,12,5,0,0,0,200,200,0,39,0,12,0,0,200,200
375559,0,30,2,2,0,1,12,5,0,0,0,200,200,1,33,0,0,0,0,200,200
375561,0,30,1,2,0,1,10,3,0,0,0,18,18,1,200,200,3,0,0,200,200
375561,0,30,1,2,0,1,10,3,0,0,0,18,18,1,42,0,0,0,0,200,200
375567,4,30,1,2,0,1,8,5,0,0,0,23,200,0,28,7,5,200,0,200,200
375567,0,30,1,2,0,1,8,5,0,0,0,23,200,1,23,200,0,200,0,200,200
375567,1,30,1,2,0,1,8,5,0,0,0,23,200,1,42,200,200,200,200,200,200
375569,0,35,12,0,0,1,12,3,0,0,0,28,0,0,200,200,200,200,200,200,200
375569,0,35,12,0,0,1,12,3,0,0,0,28,0,0,46,7,0,0,0,200,200
375575,0,30,0,0,0,1,7,6,0,0,0,0,0,2,200,200,200,200,200,200,200
375576,0,30,1,2,0,1,14,8,2,0,0,21,200,0,44,0,4,200,0,200,200
375576,0,30,1,2,0,1,14,8,2,0,0,21,200,0,25,0,0,200,0,200,200
375585,0,20,0,0,0,1,7,5,0,0,0,200,200,1,33,200,0,200,200,200,200
375585,1,20,0,0,0,1,7,5,0,0,0,200,200,0,31,0,200,200,200,200,200
375588,0,30,1,2,0,1,12,5,0,0,0,10,20,1,21,200,9,0,0,200,200
375588,0,30,1,2,0,1,12,5,0,0,0,10,20,1,51,0,0,0,0,200,200
375596,0,15,0,0,0,1,0,7,0,0,0,0,200,1,31,200,1,5,200,200,200
375596,0,15,0,0,0,1,0,7,0,0,0,0,200,1,69,0,0,0,0,200,200
375599,0,30,0,0,0,1,7,0,0,0,0,20,20,0,42,0,6,0,0,200,200
375609,0,30,0,0,0,1,7,7,0,0,0,18,0,1,200,200,3,0,0,200,200
375611,0,30,0,0,0,0,7,6,0,0,0,0,200,2,200,200,200,200,200,200,200
375614,0,30,0,0,0,1,7,6,0,0,0,7,200,0,64,0,12,0,0,200,200
375619,0,30,2,2,0,1,10,2,0,0,0,5,16,1,28,0,1,0,0,200,200
375619,0,30,2,2,0,1,10,2,0,0,0,5,16,1,64,0,0,0,0,200,200
375619,1,30,2,2,0,1,10,2,0,0,0,5,16,0,200,0,200,200,200,200,200
375620,0,30,1,2,0,1,12,5,0,0,0,17,22,0,30,200,1,200,200,200,200
375620,0,30,1,2,0,1,12,5,0,0,0,17,22,0,47,0,0,0,0,200,200
375620,1,30,1,2,0,1,12,5,0,0,0,17,22,0,200,0,200,200,200,200,200
375621,0,30,0,0,200,200,7,6,0,200,200,0,0,2,200,200,200,200,200,200,200
375623,0,30,0,0,0,1,11,5,0,0,0,21,16,1,31,200,9,0,0,200,200
375623,0,30,0,0,0,1,11,5,0,0,0,21,16,1,20,0,0,0,0,200,200
375623,1,30,0,0,0,1,11,5,0,0,0,21,16,1,19,0,200,200,200,200,200
375627,0,25,1,200,200,1,0,3,0,200,200,17,0,0,55,200,1,200,200,200,200
375627,0,25,1,200,200,1,0,3,0,200,200,17,0,1,24,200,4,200,200,200,200
375627,1,25,1,200,200,1,0,3,0,200,200,17,0,1,48,200,200,200,200,200,200
375627,1,25,1,200,200,1,0,3,0,200,200,17,0,0,0,200,200,200,200,200,200
375629,0,30,0,0,0,1,2,5,0,0,0,25,11,0,27,200,13,0,0,200,200
375630,0,30,0,0,0,1,7,7,0,0,200,0,0,0,53,200,200,200,0,200,200
375631,0,35,1,2,0,1,8,12,1,0,0,23,200,0,200,200,7,200,200,200,200
375631,4,35,1,2,0,1,8,12,1,0,0,23,200,1,17,3,0,200,0,200,200
375631,4,35,1,2,0,1,8,12,1,0,0,23,200,1,19,3,0,200,0,200,200
375633,0,30,1,2,0,1,10,6,0,0,200,20,200,0,54,0,6,200,0,200,200
375633,0,30,1,2,0,1,10,6,0,0,200,20,200,0,38,0,0,200,0,200,200
375633,1,30,1,2,0,1,10,6,0,0,200,20,200,0,34,0,200,200,200,200,200
375638,0,30,1,1,0,1,14,5,0,0,0,0,200,0,44,0,200,0,0,200,200
375638,0,30,1,1,0,1,14,5,0,0,0,0,200,0,43,0,200,0,0,200,200
375647,0,30,2,2,0,1,10,5,0,0,0,18,11,0,200,200,3,200,200,200,200
375647,0,30,2,2,0,1,10,5,0,0,0,18,11,1,56,0,0,0,0,200,200
375648,0,30,1,2,0,1,10,5,0,0,0,18,0,1,54,200,3,200,200,200,200
375648,0,30,1,2,0,1,10,5,0,0,0,18,0,0,55,0,0,0,0,200,200
375651,0,25,2,2,0,1,0,5,0,0,0,17,23,1,200,200,1,200,200,200,200
375651,0,25,2,2,0,1,0,5,0,0,0,17,23,0,59,0,0,0,0,200,200
375652,0,30,0,0,2,1,0,5,0,1,0,11,0,0,200,200,200,200,200,200,200
375652,0,30,0,0,2,1,0,5,0,1,0,11,0,0,21,0,12,0,0,200,200
375654,0,30,1,2,0,1,12,5,0,0,0,21,16,0,21,0,4,0,0,200,200
375654,0,30,1,2,0,1,12,5,0,0,0,21,16,0,32,0,0,0,0,200,200
375655,0,30,1,2,0,1,10,5,0,0,0,2,16,0,43,0,3,0,0,200,1
375655,0,30,1,2,0,1,10,5,0,0,0,2,16,0,27,0,0,0,0,200,200
375665,0,30,2,2,2,1,14,12,0,1,0,34,0,0,26,0,8,0,0,200,200
375665,0,30,2,2,2,1,14,12,0,1,0,34,0,1,31,0,0,0,0,200,200
375665,1,30,2,2,2,1,14,12,0,1,0,34,0,0,40,0,200,200,200,200,200
375670,0,30,12,0,0,1,12,12,0,0,0,11,0,0,200,0,4,0,0,200,200
375670,0,30,12,0,0,1,12,12,0,0,0,11,0,0,200,0,12,0,0,200,200
375671,0,30,0,0,0,1,12,12,0,0,0,11,0,1,38,0,12,0,0,200,200
375671,0,30,0,0,0,1,12,12,0,0,0,11,0,0,53,0,12,0,0,200,200
375673,0,5,0,0,0,1,7,0,0,0,0,17,0,0,67,0,1,0,0,200,200
375674,0,15,0,0,200,200,7,7,0,200,12,11,11,1,20,0,200,200,200,200,200
375675,0,30,2,2,0,1,0,5,0,0,0,5,14,0,33,200,5,200,0,200,200
375675,0,30,2,2,0,1,0,5,0,0,0,5,14,1,39,0,0,200,0,200,200
375675,1,30,2,2,0,1,0,5,0,0,0,5,14,0,9,0,200,200,200,200,200
375675,1,30,2,2,0,1,0,5,0,0,0,5,14,1,12,0,200,200,200,200,200
375675,1,30,2,2,0,1,0,5,0,0,0,5,14,1,4,0,200,200,200,200,200
375681,0,30,0,0,0,1,12,6,0,0,0,22,22,0,200,200,1,200,200,200,200
375681,0,30,0,0,0,1,12,6,0,0,0,22,22,0,42,0,12,0,0,200,200
375682,0,35,0,0,0,1,12,5,0,0,200,17,200,0,46,0,1,200,0,200,200
375682,0,35,0,0,0,1,12,5,0,0,200,17,200,0,76,0,0,200,0,200,200
375691,0,30,0,0,0,1,14,2,0,0,0,21,200,0,21,200,4,0,0,200,200
375691,0,30,0,0,0,1,14,2,0,0,0,21,200,0,38,200,0,0,0,200,200
375691,1,30,0,0,0,1,14,2,0,0,0,21,200,0,49,200,200,200,200,200,200
375691,1,30,0,0,0,1,14,2,0,0,0,21,200,1,48,200,200,200,200,200,200
375697,0,25,0,0,0,1,12,6,0,0,0,0,0,0,23,200,12,200,200,200,200
375697,0,25,0,0,0,1,12,6,0,0,0,0,0,1,200,0,0,0,0,200,200
375697,1,25,0,0,0,1,12,6,0,0,0,0,0,1,200,0,200,200,200,200,200
375697,1,25,0,0,0,1,12,6,0,0,0,0,0,0,200,0,200,200,200,200,200
375697,1,25,0,0,0,1,12,6,0,0,0,0,0,0,200,0,200,200,200,200,200
375698,0,30,1,2,0,1,12,5,0,0,0,0,200,0,62,0,12,0,0,200,200
375698,0,30,1,2,0,1,12,5,0,0,0,0,200,0,37,0,0,0,0,200,200
375700,0,30,1,2,0,1,14,5,0,0,0,17,21,0,30,0,7,0,0,200,200
375700,0,30,1,2,0,1,14,5,0,0,0,17,21,0,0,0,12,0,0,200,200
375702,0,30,0,0,0,0,7,5,0,0,0,0,0,2,200,200,200,200,200,200,200
375715,0,30,0,0,0,3,10,3,0,0,0,0,0,0,24,0,3,0,0,200,200
375715,0,30,0,0,0,3,10,3,0,0,0,0,0,2,200,200,0,200,200,200,200
375716,0,15,0,0,0,1,7,5,0,0,0,22,11,1,94,0,2,1,0,200,200
375717,0,25,0,0,0,1,7,5,0,0,0,25,0,0,27,200,200,200,0,200,200
375718,0,30,1,2,0,1,10,5,0,0,0,18,0,0,53,200,200,0,0,200,200
375718,0,30,1,2,0,1,10,5,0,0,0,18,0,1,33,0,0,0,0,200,200
375718,1,30,1,2,0,1,10,5,0,0,0,18,0,1,52,0,200,200,200,200,200
375718,1,30,1,2,0,1,10,5,0,0,0,18,0,0,17,0,200,200,200,200,200
375718,1,30,1,2,0,1,10,5,0,0,0,18,0,0,3,5,200,200,200,200,200
375723,0,45,1,2,0,3,10,3,0,0,0,16,16,1,48,200,3,0,0,200,200
375723,0,45,1,2,0,3,10,3,0,0,0,16,16,0,42,0,0,0,0,200,200
375725,0,15,0,0,0,1,7,7,0,0,0,0,0,2,200,200,200,200,200,200,200
375732,0,15,0,0,0,1,7,7,0,0,0,0,0,2,200,200,200,200,200,200,200
375733,0,25,2,2,0,1,7,12,0,0,0,11,0,0,200,0,12,0,0,200,200
375734,0,30,0,0,0,1,12,5,0,0,0,0,0,1,59,0,200,0,0,200,200
375734,0,30,0,0,0,1,12,5,0,0,0,0,0,1,23,0,0,0,0,200,200
375734,1,30,0,0,0,1,12,5,0,0,0,0,0,0,20,0,200,200,200,200,200
375735,0,25,2,12,0,1,8,6,0,0,0,0,0,1,200,200,200,200,200,200,200
375735,4,25,2,12,0,1,8,6,0,0,0,0,0,0,60,2,12,0,0,200,200
375738,0,30,1,2,0,1,14,3,0,0,200,21,22,0,72,200,200,200,0,200,200
375738,0,30,1,2,0,1,14,3,0,0,200,21,22,0,38,200,200,200,0,200,200
375750,0,30,1,2,0,1,10,12,0,0,0,11,0,0,200,0,1,0,0,200,200
375750,0,30,1,2,0,1,10,12,0,0,0,11,0,0,200,0,0,0,0,200,200
375753,0,30,0,0,0,1,7,6,0,0,0,11,0,0,45,0,12,0,0,200,200
375775,0,30,0,0,0,1,14,3,0,0,0,17,200,0,24,200,1,5,0,200,200
375775,0,30,0,0,0,1,14,3,0,0,0,17,200,1,20,200,0,5,0,200,200
375775,1,30,0,0,0,1,14,3,0,0,0,17,200,1,47,200,200,200,200,200,200
375777,0,30,0,0,0,2,10,6,0,0,0,18,18,2,200,200,1,200,200,200,200
375777,0,30,0,0,0,2,10,6,0,0,0,18,18,0,29,0,0,0,0,200,200
375779,0,30,1,2,0,1,7,5,0,0,0,0,0,2,200,200,200,200,200,200,200
375780,0,10,0,0,0,1,7,7,0,0,0,0,200,0,200,200,12,200,200,200,200
375780,1,10,0,0,0,1,7,7,0,0,0,0,200,1,26,0,200,200,200,200,200