RD_NO,PERSON_TYPE,POSTED_SPEED_LIMIT,TRAFFIC_CONTROL_DEVICE,DEVICE_CONDITION,WEATHER_CONDITION,LIGHTING_CONDITION,FIRST_CRASH_TYPE,TRAFFICWAY_TYPE,ALIGNMENT,ROADWAY_SURFACE_COND,ROAD_DEFECT,PRIM_CONTRIBUTORY_CAUSE,SEC_CONTRIBUTORY_CAUSE,SEX,AGE,SAFETY_EQUIPMENT,DRIVER_ACTION,DRIVER_VISION,PHYSICAL_CONDITION,BAC_RESULT VALUE,CELL_PHONE_USE
375784,0,30,2,2,0,1,10,5,0,0,0,18,200,0,30,0,1,0,0,200,200
375784,0,30,2,2,0,1,10,5,0,0,0,18,200,0,54,0,0,0,0,200,200
375791,0,30,1,2,0,1,10,5,0,0,0,18,200,2,200,200,3,200,200,200,200
375791,0,30,1,2,0,1,10,5,0,0,0,18,200,1,29,0,0,0,0,200,200
375793,0,30,1,2,0,1,14,5,0,0,0,17,14,1,200,200,12,0,0,200,200
375793,0,30,1,2,0,1,14,5,0,0,0,17,14,0,200,0,0,0,0,200,200
375802,0,30,0,0,0,1,11,5,0,0,0,17,0,1,28,0,1,0,0,200,200
375802,0,30,0,0,0,1,11,5,0,0,0,17,0,1,18,0,0,0,0,200,200
375812,0,30,1,2,0,1,3,3,0,0,0,16,200,0,53,0,8,0,0,200,200
375812,0,30,1,2,0,1,3,3,0,0,0,16,200,0,61,0,0,0,0,200,200
375823,0,30,1,2,0,1,3,5,0,0,0,20,20,0,22,0,6,0,0,200,200
375823,0,30,1,2,0,1,3,5,0,0,0,20,20,0,43,0,0,0,0,200,200
375823,1,30,1,2,0,1,3,5,0,0,0,20,20,1,200,0,200,200,200,200,200
375824,0,30,2,2,2,1,8,5,0,1,0,0,11,1,55,0,12,1,0,200,200
375824,4,30,2,2,2,1,8,5,0,1,0,0,11,0,200,2,0,12,0,200,200
375830,0,30,2,0,0,1,0,12,0,0,0,33,5,0,26,0,5,5,0,200,200
375830,0,30,2,0,0,1,0,12,0,0,0,33,5,0,59,0,0,0,0,200,200
375830,1,30,2,0,0,1,0,12,0,0,0,33,5,0,19,0,200,200,200,200,200
375831,0,0,0,0,0,1,7,6,0,0,0,11,14,1,200,200,200,200,200,200,200
375835,0,30,1,2,0,1,12,2,0,0,0,16,16,1,54,0,12,200,200,200,200
375835,0,30,1,2,0,1,12,2,0,0,0,16,16,1,55,0,0,0,0,200,200
375838,4,30,2,12,0,1,8,5,2,0,0,0,0,0,59,7,9,0,1,200,200
375838,0,30,2,12,0,1,8,5,2,0,0,0,0,1,61,0,12,0,0,200,200
375843,0,30,0,0,0,1,10,5,0,0,0,17,200,0,200,200,1,200,200,200,200
375843,0,30,0,0,0,1,10,5,0,0,0,17,200,1,46,0,0,0,0,200,200
375844,0,35,0,0,0,1,10,2,0,0,0,18,200,1,200,200,3,200,0,200,200
375844,0,35,0,0,0,1,10,2,0,0,0,18,200,1,66,0,0,0,0,200,200
375845,0,30,0,0,0,1,7,6,0,0,0,0,200,2,200,200,200,200,200,200,200
375848,0,30,0,0,0,1,12,2,0,0,0,17,21,0,50,200,12,0,0,200,200
375848,0,30,0,0,0,1,12,2,0,0,0,17,21,0,76,200,0,0,0,200,200
375852,0,30,12,12,0,1,12,2,0,0,0,22,17,0,45,0,200,200,0,200,200
375852,0,30,12,12,0,1,12,2,0,0,0,22,17,0,31,0,200,200,0,200,200
375854,0,30,1,2,0,1,10,3,0,0,0,0,200,0,200,200,1,200,200,200,200
375854,0,30,1,2,0,1,10,3,0,0,0,0,200,1,65,0,0,0,0,200,200
375856,0,30,0,0,0,1,7,5,0,0,0,33,200,0,24,200,0,12,0,200,200
375856,1,30,0,0,0,1,7,5,0,0,0,33,200,1,48,200,200,200,200,200,200
375857,0,30,0,0,0,1,7,6,0,0,0,20,11,0,57,200,6,200,200,200,200
375858,0,30,0,0,0,1,7,6,0,0,0,20,0,0,200,200,6,200,0,200,200
375861,0,30,0,0,0,1,10,2,0,0,0,0,200,1,46,0,200,200,200,200,200
375861,0,30,0,0,0,1,10,2,0,0,0,0,200,0,35,0,0,0,200,200,200
375864,0,35,0,0,0,3,7,6,0,0,0,0,200,2,200,200,200,200,200,200,200
375869,0,35,1,2,0,1,2,3,2,0,0,12,200,0,55,0,0,0,0,200,200
375872,0,0,0,0,0,1,12,6,0,0,0,17,0,1,52,200,1,0,0,200,200
375872,0,0,0,0,0,1,12,6,0,0,0,17,0,0,47,200,0,0,0,200,200
375878,0,30,0,0,0,1,7,6,0,0,0,0,0,0,35,0,0,0,0,200,200
375880,0,30,1,2,0,1,10,2,0,0,0,18,200,1,17,0,3,0,0,200,200
375880,0,30,1,2,0,1,10,2,0,0,0,18,200,0,79,0,0,0,0,200,200
375884,0,30,0,0,0,1,10,7,0,0,0,0,0,0,30,200,200,200,200,200,200
375884,0,30,0,0,0,1,10,7,0,0,0,0,0,1,35,200,200,200,200,200,200
375892,0,25,0,0,0,1,12,3,0,0,0,21,200,0,28,0,0,0,0,200,200
375892,0,25,0,0,0,1,12,3,0,0,0,21,200,1,27,0,0,0,0,200,200
375893,0,30,1,2,0,1,10,5,0,0,0,18,200,1,60,200,3,200,200,200,200
375893,0,30,1,2,0,1,10,5,0,0,0,18,200,1,54,0,0,0,0,200,200
375894,0,30,0,0,0,1,14,2,0,0,0,17,200,1,78,0,1,0,0,200,200
375894,0,30,0,0,0,1,14,2,0,0,0,17,200,1,25,0,0,0,0,200,200
375896,0,30,0,0,0,1,12,6,0,0,0,17,200,1,200,200,1,200,200,200,200
375896,0,30,0,0,0,1,12,6,0,0,0,17,200,0,31,0,0,0,0,200,200
375896,1,30,0,0,0,1,12,6,0,0,0,17,200,0,34,0,200,200,200,200,200
375899,0,25,0,0,0,1,14,5,0,0,0,22,200,0,83,200,200,200,0,200,200
375899,0,25,0,0,0,1,14,5,0,0,0,22,200,1,28,200,0,200,0,200,200
375904,0,30,1,2,0,1,14,5,0,0,0,17,17,1,19,200,1,200,200,200,200
375904,0,30,1,2,0,1,14,5,0,0,0,17,17,1,31,0,0,0,0,200,200
375925,0,30,1,5,0,1,10,5,0,0,0,18,200,0,46,200,3,200,200,200,200
375925,0,30,1,5,0,1,10,5,0,0,0,18,200,0,42,0,0,0,0,200,200
375926,0,30,1,2,0,1,12,3,0,0,0,23,0,2,200,200,4,200,200,200,200
375926,0,30,1,2,0,1,12,3,0,0,0,23,0,0,48,0,0,0,0,200,200
375929,0,15,0,0,0,1,2,7,0,0,0,20,20,1,42,0,6,0,0,200,200
375930,0,30,0,0,0,1,10,6,0,0,0,0,0,0,200,200,200,200,200,200,200
375930,0,30,0,0,0,1,10,6,0,0,0,0,0,0,42,0,0,0,0,200,200
375937,0,10,0,0,0,1,7,7,0,0,0,0,0,2,200,200,200,200,200,200,200
375940,0,30,0,0,0,1,10,5,0,0,0,18,18,0,21,200,3,200,0,200,200
375940,0,30,0,0,0,1,10,5,0,0,0,18,18,0,61,200,0,200,0,200,200
375942,0,30,1,2,0,1,0,5,0,0,0,6,0,0,49,200,5,0,0,200,200
375942,0,30,1,2,0,1,0,5,0,0,0,6,0,0,38,200,0,0,0,200,200
375942,1,30,1,2,0,1,0,5,0,0,0,6,0,1,59,200,200,200,200,200,200
375942,1,30,1,2,0,1,0,5,0,0,0,6,0,1,32,200,200,200,200,200,200
375942,1,30,1,2,0,1,0,5,0,0,0,6,0,1,39,200,200,200,200,200,200
375942,1,30,1,2,0,1,0,5,0,0,0,6,0,1,36,200,200,200,200,200,200
375944,0,30,1,2,0,1,0,12,0,0,0,20,200,0,43,0,0,0,0,200,200
375944,0,30,1,2,0,1,0,12,0,0,0,20,200,0,26,0,0,0,0,200,200
375944,1,30,1,2,0,1,0,12,0,0,0,20,200,1,200,0,200,200,200,200,200
375951,0,30,0,0,0,1,11,5,0,200,200,22,22,2,200,200,2,200,200,200,200
375951,0,30,0,0,0,1,11,5,0,200,200,22,22,1,44,0,2,200,200,200,200
375952,0,30,0,0,0,1,8,5,0,0,0,13,0,0,54,200,12,0,0,200,200
375952,4,30,0,0,0,1,8,5,0,0,0,13,0,0,13,2,8,0,0,200,200
375953,0,30,1,2,0,1,12,6,0,0,12,17,0,0,29,0,1,0,0,200,200
375953,0,30,1,2,0,1,12,6,0,0,12,17,0,0,69,0,0,0,0,200,200
375954,0,30,0,0,0,1,0,7,0,0,0,20,17,0,22,7,6,0,0,200,200
375954,0,30,0,0,0,1,0,7,0,0,0,20,17,1,19,0,0,0,0,200,200
375957,0,30,0,0,0,1,14,5,0,0,0,22,23,1,200,200,7,200,200,200,200
375957,0,30,0,0,0,1,14,5,0,0,0,22,23,0,50,0,0,0,0,200,200
375957,1,30,0,0,0,1,14,5,0,0,0,22,23,1,33,0,200,200,200,200,200
375962,0,30,1,2,0,1,14,5,0,0,0,0,200,0,30,0,200,0,0,200,200
375962,0,30,1,2,0,1,14,5,0,0,0,0,200,0,58,0,0,0,0,200,200
375964,0,30,0,0,0,1,12,5,0,0,0,0,0,0,200,200,12,200,200,200,200
375964,0,30,0,0,0,1,12,5,0,0,0,0,0,1,35,0,0,0,0,200,200
375965,0,30,200,200,0,1,12,5,0,0,0,200,200,0,24,0,1,200,0,200,200
375965,0,30,200,200,0,1,12,5,0,0,0,200,200,1,37,0,0,200,0,200,200
375968,0,25,0,0,0,1,10,5,0,0,200,0,0,0,200,200,12,200,200,200,200
375968,0,25,0,0,0,1,10,5,0,0,200,0,0,0,46,0,0,0,0,200,200
375969,0,30,0,0,0,1,12,5,0,0,0,0,22,0,64,200,12,0,200,200,200
375969,0,30,0,0,0,1,12,5,0,0,0,0,22,0,58,200,200,0,0,200,200
375974,0,30,1,2,0,1,10,2,0,0,0,18,11,1,22,200,3,200,0,200,200
375974,0,30,1,2,0,1,10,2,0,0,0,18,11,1,26,200,200,0,0,200,200
375974,1,30,1,2,0,1,10,2,0,0,0,18,11,0,23,200,200,200,200,200,200
375974,1,30,1,2,0,1,10,2,0,0,0,18,11,1,17,200,200,200,200,200,200
375980,0,30,0,0,0,1,12,2,0,0,0,17,0,1,72,0,0,0,0,200,200
375980,0,30,0,0,0,1,12,2,0,0,0,17,0,1,36,0,1,0,0,200,200
375981,0,25,0,0,0,1,7,6,0,0,0,0,11,1,200,200,12,200,200,200,200
375982,0,30,0,0,0,1,7,2,0,0,0,0,0,2,200,200,200,200,200,200,200
375983,0,30,1,2,0,1,10,5,0,0,0,16,18,0,36,0,0,0,0,200,200
375983,0,30,1,2,0,1,10,5,0,0,0,16,18,1,30,0,0,0,0,200,200
375988,0,30,1,2,0,1,14,2,0,0,0,21,200,0,200,200,12,200,200,200,200
375988,0,30,1,2,0,1,14,2,0,0,0,21,200,1,42,0,1,0,0,200,200
375988,1,30,1,2,0,1,14,2,0,0,0,21,200,0,200,0,200,200,200,200,200
375990,0,25,0,3,0,0,7,6,0,0,0,0,0,2,200,200,200,200,200,200,200
375991,0,30,3,2,0,1,12,5,0,0,0,22,22,0,34,7,2,0,0,200,200
375991,0,30,3,2,0,1,12,5,0,0,0,22,22,0,33,0,0,0,0,200,200
375991,1,30,3,2,0,1,12,5,0,0,0,22,22,0,32,7,200,200,200,200,200
375991,1,30,3,2,0,1,12,5,0,0,0,22,22,0,32,7,200,200,200,200,200
375991,1,30,3,2,0,1,12,5,0,0,0,22,22,0,26,0,200,200,200,200,200
375993,0,30,0,0,0,1,12,3,0,0,0,0,200,0,26,200,4,200,0,200,200
375993,0,30,0,0,0,1,12,3,0,0,0,0,200,0,56,200,0,0,0,200,200
375997,0,30,0,0,0,1,7,7,0,0,0,0,200,1,63,200,12,200,12,200,200
376002,0,30,0,0,0,1,14,6,0,0,0,20,200,0,61,200,6,200,200,200,200
376002,0,30,0,0,0,1,14,6,0,0,0,20,200,0,38,0,0,0,0,200,200
376005,0,30,0,0,0,1,7,5,0,0,0,0,200,2,200,200,200,200,200,200,200
376006,0,30,200,200,0,1,10,5,0,200,200,0,0,0,60,200,200,0,200,200,200
376006,0,30,200,200,0,1,10,5,0,200,200,0,0,0,59,0,0,0,0,200,200
376011,0,30,0,0,0,1,7,5,0,0,0,0,200,2,200,200,200,200,200,200,200
376013,0,30,1,2,0,1,14,5,0,0,0,17,200,1,39,0,1,0,0,200,200
376013,0,30,1,2,0,1,14,5,0,0,0,17,200,0,35,0,0,0,0,200,200
376013,1,30,1,2,0,1,14,5,0,0,0,17,200,1,200,200,200,200,200,200,200
376014,0,30,0,0,0,1,10,5,0,0,0,18,7,0,28,0,3,0,0,200,200
376014,0,30,0,0,0,1,10,5,0,0,0,18,7,0,200,200,0,200,200,200,200
376018,0,30,1,2,0,1,10,5,0,0,0,0,0,1,200,200,200,200,200,200,200
376018,0,30,1,2,0,1,10,5,0,0,0,0,0,0,56,0,0,0,0,200,200
376020,0,30,0,0,0,1,10,2,0,0,0,16,18,0,42,200,3,0,0,200,200
376020,0,30,0,0,0,1,10,2,0,0,0,16,18,1,42,200,0,0,0,200,200
376020,1,30,0,0,0,1,10,2,0,0,0,16,18,0,200,0,200,200,200,200,200
376020,1,30,0,0,0,1,10,2,0,0,0,16,18,0,200,0,200,200,200,200,200
376020,1,30,0,0,0,1,10,2,0,0,0,16,18,1,200,0,200,200,200,200,200
376023,0,30,1,2,0,1,10,2,0,0,0,18,0,1,28,0,3,0,0,200,200
376023,0,30,1,2,0,1,10,2,0,0,0,18,0,1,23,0,1,0,0,200,200
376023,0,30,1,2,0,1,10,2,0,0,0,18,0,1,61,0,0,0,0,200,200
376024,0,30,1,2,0,1,12,5,0,0,0,0,0,1,39,0,200,0,0,200,200
376024,0,30,1,2,0,1,12,5,0,0,0,0,0,0,38,0,0,0,0,200,200
376024,1,30,1,2,0,1,12,5,0,0,0,0,0,1,0,5,200,200,200,200,200
376024,1,30,1,2,0,1,12,5,0,0,0,0,0,1,21,1,200,200,200,200,200
376025,0,30,0,0,0,1,10,3,0,0,0,16,18,1,28,0,3,0,0,200,200
376025,0,30,0,0,0,1,10,3,0,0,0,16,18,1,88,0,0,0,0,200,200
376025,0,30,0,0,0,1,10,3,0,0,0,16,18,1,48,0,0,0,0,200,200
376026,0,30,0,0,0,1,0,5,0,0,0,0,0,0,49,0,12,0,0,200,200
376026,0,30,0,0,0,1,0,5,0,0,0,0,0,1,28,0,0,0,0,200,200
376026,1,30,0,0,0,1,0,5,0,0,0,0,0,0,40,0,200,200,200,200,200
376027,0,25,1,2,0,1,12,5,0,0,0,22,0,1,200,200,4,200,200,200,200
376027,0,25,1,2,0,1,12,5,0,0,0,22,0,0,40,200,0,200,0,200,200
376029,0,25,0,0,0,1,12,5,0,0,0,17,200,0,43,200,1,200,200,200,200
376029,0,25,0,0,0,1,12,5,0,0,0,17,200,0,44,0,0,0,0,200,200
376035,0,30,0,0,0,1,0,7,0,0,0,20,200,0,200,200,6,200,200,200,200
376035,5,30,0,0,0,1,0,7,0,0,0,20,200,0,50,200,0,0,7,200,200
376035,0,30,0,0,0,1,0,7,0,0,0,20,200,1,80,200,0,0,0,200,200
376038,0,5,0,0,0,1,7,7,0,0,0,0,0,0,50,200,200,200,200,200,200
376043,0,30,2,2,0,1,0,5,0,0,0,11,200,0,200,200,1,200,200,200,200
376043,0,30,2,2,0,1,0,5,0,0,0,11,200,1,200,0,0,0,0,200,200
376048,0,10,0,0,0,1,9,7,0,0,0,17,15,1,19,200,1,0,200,200,200
376048,5,10,0,0,0,1,9,7,0,0,0,17,15,0,49,7,0,0,0,200,200
376048,1,10,0,0,0,1,9,7,0,0,0,17,15,1,29,200,200,200,200,200,200
376051,0,30,12,12,0,1,7,6,0,0,0,20,20,1,29,0,6,0,0,200,200
376051,1,30,12,12,0,1,7,6,0,0,0,20,20,0,11,0,200,200,200,200,200
376051,1,30,12,12,0,1,7,6,0,0,0,20,20,0,5,0,200,200,200,200,200
376051,1,30,12,12,0,1,7,6,0,0,0,20,20,1,8,0,200,200,200,200,200
376051,1,30,12,12,0,1,7,6,0,0,0,20,20,0,200,0,200,200,200,200,200
376051,1,30,12,12,0,1,7,6,0,0,0,20,20,0,200,0,200,200,200,200,200
376052,0,30,2,0,0,1,0,5,0,0,0,0,200,0,61,7,0,12,200,200,200
376052,0,30,2,0,0,1,0,5,0,0,0,0,200,1,44,200,200,200,200,200,200
376056,0,30,1,2,0,1,10,5,0,0,0,18,200,0,45,0,0,0,0,200,200
376056,0,30,1,2,0,1,10,5,0,0,0,18,200,1,36,0,0,0,0,200,200
376056,1,30,1,2,0,1,10,5,0,0,0,18,200,1,3,5,200,200,200,200,200
376058,0,30,0,0,0,1,7,2,0,0,0,17,200,0,50,0,0,0,0,200,200
376058,1,30,0,0,0,1,7,2,0,0,0,17,200,1,200,0,200,200,200,200,200
376059,0,10,0,0,0,1,7,0,0,200,200,22,22,1,42,0,2,200,0,200,200
376065,0,30,200,200,0,3,12,5,0,0,200,200,200,0,200,200,200,200,200,200,200
376065,0,30,200,200,0,3,12,5,0,0,200,200,200,1,31,0,0,0,0,200,200
376069,0,30,0,0,0,1,10,4,0,0,200,20,200,0,52,200,6,200,200,200,200
376069,0,30,0,0,0,1,10,4,0,0,200,20,200,0,69,200,0,200,200,200,200
376069,1,30,0,0,0,1,10,4,0,0,200,20,200,0,69,200,200,200,200,200,200
376071,0,0,0,0,0,1,7,7,0,0,0,0,0,0,45,0,12,0,0,200,200
376071,1,0,0,0,0,1,7,7,0,0,0,0,0,0,200,200,200,200,200,200,200
376078,0,30,0,200,0,1,7,7,0,0,0,0,200,0,30,200,12,200,200,200,200
376080,0,30,0,0,0,1,10,5,0,0,0,16,200,1,29,200,1,0,0,200,200
376080,0,30,0,0,0,1,10,5,0,0,0,16,200,1,37,200,0,0,0,200,200
376082,0,10,0,0,0,1,10,7,0,0,200,0,0,0,21,200,1,200,200,200,200
376082,0,10,0,0,0,1,10,7,0,0,200,0,0,0,30,200,1,200,200,200,200
376086,0,30,200,200,0,1,14,200,0,200,200,17,200,1,200,200,1,200,0,200,200
376086,0,30,200,200,0,1,14,200,0,200,200,17,200,1,0,200,0,200,0,200,200
376091,0,30,0,0,0,1,14,6,0,0,0,17,200,1,38,0,1,0,0,200,200
376091,0,30,0,0,0,1,14,6,0,0,0,17,200,1,23,0,0,0,0,200,200
376099,0,30,200,200,200,200,10,5,0,200,200,0,0,0,75,200,200,200,200,200,200
376099,0,30,200,200,200,200,10,5,0,200,200,0,0,1,24,0,0,0,0,200,200
376099,1,30,200,200,200,200,10,5,0,200,200,0,0,1,62,0,200,200,200,200,200
376104,0,0,0,0,200,200,7,7,0,200,200,0,200,1,200,200,200,200,200,200,200
376105,0,30,0,0,0,1,14,2,0,0,0,20,200,0,34,0,6,0,0,200,200
376105,0,30,0,0,0,1,14,2,0,0,0,20,200,1,22,0,0,0,0,200,200
376109,0,30,200,200,0,1,10,3,0,0,0,18,200,0,54,0,3,0,0,200,200
376109,0,30,200,200,0,1,10,3,0,0,0,18,200,1,45,0,0,0,0,200,200
376110,0,30,0,0,0,1,7,5,0,0,0,0,200,0,32,0,12,200,200,200,200
376110,1,30,0,0,0,1,7,5,0,0,0,0,200,2,200,200,200,200,200,200,200
376114,0,25,0,0,0,1,12,3,0,0,0,18,200,0,200,200,3,200,200,200,200
376114,0,25,0,0,0,1,12,3,0,0,0,18,200,0,39,0,0,0,0,200,200
376116,0,30,0,0,0,1,0,7,0,0,0,17,200,1,38,0,1,5,0,200,200
376116,0,30,0,0,0,1,0,7,0,0,0,17,200,0,200,200,0,200,200,200,200
376122,0,30,200,200,0,1,10,5,0,0,200,18,200,0,29,200,3,200,0,200,200
376122,0,30,200,200,0,1,10,5,0,0,200,18,200,1,30,200,0,200,200,200,200
376123,0,30,0,0,0,1,7,6,0,0,200,0,0,2,200,200,200,200,200,200,200
376125,0,30,0,0,0,1,7,5,0,0,0,0,0,1,22,0,0,0,0,200,200
376131,0,30,1,2,0,1,12,5,0,0,0,22,200,0,39,200,1,200,200,200,200
376131,0,30,1,2,0,1,12,5,0,0,0,22,200,1,29,0,0,0,0,200,200
376131,1,30,1,2,0,1,12,5,0,0,0,22,200,0,43,0,200,200,200,200,200
376134,0,30,0,0,0,1,14,2,0,0,0,17,200,0,200,200,1,0,200,200,200
376134,0,30,0,0,0,1,14,2,0,0,0,17,200,1,64,0,0,0,0,200,200
376135,0,35,1,200,0,1,10,2,0,0,0,200,200,0,23,200,200,200,0,200,200
376135,0,35,1,200,0,1,10,2,0,0,0,200,200,1,19,200,200,200,0,200,200
376136,0,30,200,200,0,3,0,5,0,0,0,17,200,2,200,200,1,200,200,200,200
376136,0,30,200,200,0,3,0,5,0,0,0,17,200,1,18,0,0,0,0,200,200
376137,0,30,2,2,0,1,10,2,0,0,0,16,0,0,55,0,12,0,0,200,200
376137,0,30,2,2,0,1,10,2,0,0,0,16,0,1,31,0,0,0,0,200,200
376143,0,30,0,0,0,1,7,7,0,0,0,0,0,1,44,0,6,0,0,200,200
376145,0,30,1,2,0,1,12,6,0,0,0,21,200,0,48,0,4,0,0,200,200
376145,0,30,1,2,0,1,12,6,0,0,0,21,200,0,39,0,0,0,0,200,200
376146,0,30,0,0,0,1,7,7,0,0,0,0,200,2,200,200,200,200,200,200,200
376150,0,30,1,200,0,1,14,5,0,0,200,23,200,0,48,200,7,200,200,200,200
376150,0,30,1,200,0,1,14,5,0,0,200,23,200,1,69,200,0,200,0,200,200
376155,0,30,0,0,0,1,11,5,0,200,200,25,0,1,80,200,7,200,200,200,200
376155,0,30,0,0,0,1,11,5,0,200,200,25,0,0,66,0,12,200,0,200,200
376156,0,30,2,2,0,1,0,5,2,0,0,17,17,0,33,0,1,0,0,200,200
376156,0,30,2,2,0,1,0,5,2,0,0,17,17,0,27,0,0,0,0,200,200
376156,1,30,2,2,0,1,0,5,2,0,0,17,17,0,9,0,200,200,200,200,200
376156,1,30,2,2,0,1,0,5,2,0,0,17,17,0,2,0,200,200,200,200,200
376156,1,30,2,2,0,1,0,5,2,0,0,17,17,0,13,0,200,200,200,200,200
376158,0,30,0,0,0,1,0,7,0,0,0,0,200,1,62,0,12,0,0,200,200
376158,0,30,0,0,0,1,0,7,0,0,0,0,200,0,43,0,12,0,0,200,200
376159,0,30,0,0,0,1,9,5,0,0,200,0,200,1,21,0,200,12,0,200,200
376159,5,30,0,0,0,1,9,5,0,0,200,0,200,1,31,200,200,12,0,200,200
376161,0,30,0,0,0,1,10,7,0,0,0,20,0,0,200,200,6,200,200,200,200
376161,0,30,0,0,0,1,10,7,0,0,0,20,0,1,45,0,6,0,0,200,200
376165,0,30,0,0,0,1,12,5,0,200,200,0,0,0,30,0,200,0,0,200,200
376165,0,30,0,0,0,1,12,5,0,200,200,0,0,0,78,0,0,0,0,200,200
376165,1,30,0,0,0,1,12,5,0,200,200,0,0,1,49,0,200,200,200,200,200
376165,1,30,0,0,0,1,12,5,0,200,200,0,0,0,12,0,200,200,200,200,200
376165,1,30,0,0,0,1,12,5,0,200,200,0,0,1,9,0,200,200,200,200,200
376167,0,30,0,0,0,1,10,5,0,200,200,8,18,0,40,200,12,200,200,200,200
376167,0,30,0,0,0,1,10,5,0,200,200,8,18,0,39,0,200,200,0,200,200
376177,0,30,0,0,0,1,7,5,0,0,0,25,200,1,36,0,0,0,0,200,200
376177,1,30,0,0,0,1,7,5,0,0,0,25,200,0,38,7,200,200,200,200,200
376178,0,30,200,200,0,1,7,5,0,0,0,200,200,2,200,200,200,200,200,200,200
376182,0,30,0,0,0,1,12,3,0,0,0,18,200,0,200,200,3,200,200,200,200
376182,0,30,0,0,0,1,12,3,0,0,0,18,200,1,55,0,0,0,0,200,200
376182,1,30,0,0,0,1,12,3,0,0,0,18,200,0,21,0,200,200,200,200,200
376182,1,30,0,0,0,1,12,3,0,0,0,18,200,0,13,0,200,200,200,200,200
376186,0,25,1,2,0,1,11,5,0,0,200,4,11,1,26,200,9,200,200,200,200
376186,0,25,1,2,0,1,11,5,0,0,200,4,11,0,55,0,0,0,200,200,200
376187,0,30,1,200,0,1,11,2,0,0,0,0,200,2,200,200,200,200,200,200,200
376187,0,30,1,200,0,1,11,2,0,0,0,0,200,0,200,200,200,200,200,200,200
376187,1,30,1,200,0,1,11,2,0,0,0,0,200,1,19,200,200,200,200,200,200
376191,0,30,1,2,0,1,10,5,0,0,0,18,200,0,30,0,3,0,0,200,200
376191,0,30,1,2,0,1,10,5,0,0,0,18,200,0,26,0,0,0,0,200,200
376191,1,30,1,2,0,1,10,5,0,0,0,18,200,1,25,0,200,200,200,200,200
376192,0,25,1,2,0,1,9,5,0,0,0,0,0,1,200,200,1,200,200,200,200
376192,5,25,1,2,0,1,9,5,0,0,0,0,0,1,58,7,0,200,200,200,200
376193,0,30,0,0,0,1,7,5,0,0,0,200,200,1,45,0,200,0,0,200,200
376195,0,30,1,2,0,1,14,5,0,0,0,25,15,0,23,200,12,200,0,200,200
376195,0,30,1,2,0,1,14,5,0,0,0,25,15,1,70,0,0,0,0,200,200
376197,0,30,1,2,0,1,10,2,0,0,0,18,200,0,28,0,3,0,0,200,200
376197,0,30,1,2,0,1,10,2,0,0,0,18,200,0,41,0,0,0,0,200,200
376198,0,30,0,0,0,1,7,5,0,0,0,0,200,2,200,200,200,200,200,200,200
376201,0,30,1,2,0,1,14,5,0,0,0,17,0,0,24,0,1,0,0,200,200
376201,0,30,1,2,0,1,14,5,0,0,0,17,0,1,29,0,0,0,0,200,200
376205,0,30,1,2,0,1,10,5,0,0,0,0,200,0,27,200,200,200,200,200,200
376205,0,30,1,2,0,1,10,5,0,0,0,0,200,0,28,0,0,0,0,200,200
376209,0,30,1,2,0,1,0,12,0,0,0,6,0,1,30,0,5,0,0,200,200
376209,0,30,1,2,0,1,0,12,0,0,0,6,0,0,31,0,0,0,0,200,200
376210,0,30,1,2,0,1,10,2,1,0,0,16,200,1,42,0,8,0,0,200,200
376210,0,30,1,2,0,1,10,2,1,0,0,16,200,1,41,0,0,0,0,200,200
376210,0,30,1,2,0,1,10,2,1,0,0,16,200,0,47,0,0,0,0,200,200
376210,1,30,1,2,0,1,10,2,1,0,0,16,200,1,5,4,200,200,200,200,200
376211,0,30,0,0,0,1,3,2,0,0,0,21,17,1,43,0,4,0,0,200,200
376211,0,30,0,0,0,1,3,2,0,0,0,21,17,1,58,0,4,0,0,200,200
376211,1,30,0,0,0,1,3,2,0,0,0,21,17,1,16,0,200,200,200,200,200
376217,0,30,1,0,0,1,0,3,0,0,0,17,0,2,200,200,1,200,200,200,200
376217,0,30,1,0,0,1,0,3,0,0,0,17,0,0,23,0,0,0,0,200,200
376222,0,30,1,2,0,1,2,2,0,0,0,23,11,0,25,0,7,0,0,200,200
376223,0,30,1,2,0,1,10,2,0,0,0,0,200,1,200,200,12,200,200,200,200
376223,0,30,1,2,0,1,10,2,0,0,0,0,200,0,22,0,0,0,0,200,200
376224,0,30,0,0,0,1,10,5,0,0,0,18,200,0,25,0,3,0,0,200,200
376224,0,30,0,0,0,1,10,5,0,0,0,18,200,1,31,0,0,0,0,200,200
376228,0,30,0,0,0,1,10,3,0,0,0,18,200,1,27,0,0,0,0,200,200
376228,0,30,0,0,0,1,10,3,0,0,0,18,200,1,68,0,0,0,0,200,200
376230,0,30,0,0,0,1,7,6,0,0,0,0,0,2,200,200,8,200,200,200,200
376233,0,25,2,2,0,1,0,5,0,0,0,17,200,0,47,0,0,0,0,200,200
376233,0,25,2,2,0,1,0,5,0,0,0,17,200,0,73,0,0,0,0,200,200
376234,0,30,0,0,0,2,10,2,0,0,0,18,11,1,200,0,3,0,200,200,200
376234,0,30,0,0,0,2,10,2,0,0,0,18,11,1,54,0,0,0,0,200,200
376236,0,30,0,0,0,1,12,5,0,0,0,22,200,0,56,200,4,200,200,200,200
376236,0,30,0,0,0,1,12,5,0,0,0,22,200,0,55,0,0,0,0,200,200