RD_NO,PERSON_TYPE,POSTED_SPEED_LIMIT,TRAFFIC_CONTROL_DEVICE,DEVICE_CONDITION,WEATHER_CONDITION,LIGHTING_CONDITION,FIRST_CRASH_TYPE,TRAFFICWAY_TYPE,ALIGNMENT,ROADWAY_SURFACE_COND,ROAD_DEFECT,PRIM_CONTRIBUTORY_CAUSE,SEC_CONTRIBUTORY_CAUSE,SEX,AGE,SAFETY_EQUIPMENT,DRIVER_ACTION,DRIVER_VISION,PHYSICAL_CONDITION,BAC_RESULT VALUE,CELL_PHONE_USE
376238,0,30,1,2,200,1,12,5,0,200,0,0,0,2,200,200,200,200,200,200,200
376238,0,30,1,2,200,1,12,5,0,200,0,0,0,0,58,200,0,200,0,200,200
376245,0,30,2,2,0,1,0,5,0,0,0,0,0,1,31,200,1,0,0,200,200
376245,0,30,2,2,0,1,0,5,0,0,0,0,0,1,19,0,0,0,0,200,200
376252,0,30,1,2,0,1,10,5,0,0,0,0,0,0,62,200,200,200,200,200,200
376252,0,30,1,2,0,1,10,5,0,0,0,0,0,1,52,0,200,200,200,200,200
376254,0,25,0,0,0,1,12,5,0,0,0,33,200,1,22,0,0,12,0,200,200
376254,0,25,0,0,0,1,12,5,0,0,0,33,200,1,28,0,0,0,0,200,200
376255,0,30,0,0,0,1,10,5,0,0,0,0,200,0,53,0,3,0,0,200,200
376255,0,30,0,0,0,1,10,5,0,0,0,0,200,0,28,0,0,0,0,200,200
376259,0,15,0,0,0,1,2,7,0,0,200,0,200,0,200,200,200,200,200,200,200
376260,0,30,0,0,0,1,10,5,0,0,0,18,200,0,18,200,0,200,200,200,200
376260,0,30,0,0,0,1,10,5,0,0,0,18,200,1,46,0,0,0,0,200,200
376265,0,30,2,2,0,1,0,2,0,0,0,0,200,1,59,0,12,0,0,200,200
376265,0,30,2,2,0,1,0,2,0,0,0,0,200,1,59,0,0,0,0,200,200
376272,0,30,2,12,0,1,10,2,0,0,0,18,0,0,200,200,1,200,200,200,200
376272,0,30,2,12,0,1,10,2,0,0,0,18,0,1,62,0,0,0,0,200,200
376273,0,35,200,200,0,1,10,5,0,0,0,0,0,0,83,200,200,0,0,200,200
376273,0,35,200,200,0,1,10,5,0,0,0,0,0,0,32,200,200,0,0,200,200
376276,0,35,2,0,0,1,7,5,0,0,0,13,0,0,35,0,12,0,0,200,200
376279,0,30,0,0,0,1,7,6,0,0,0,0,0,2,200,200,12,200,200,200,200
376279,1,30,0,0,0,1,7,6,0,0,0,0,0,1,200,200,200,200,200,200,200
376283,0,0,1,200,0,1,10,5,0,0,0,0,200,1,51,0,0,0,0,200,200
376283,0,0,1,200,0,1,10,5,0,0,0,0,200,1,34,0,0,0,0,200,200
376288,0,30,0,0,0,1,3,7,0,0,0,0,200,1,23,200,6,0,0,200,200
376288,0,30,0,0,0,1,3,7,0,0,0,0,200,0,29,0,0,0,0,200,200
376288,1,30,0,0,0,1,3,7,0,0,0,0,200,1,26,0,200,200,200,200,200
376288,1,30,0,0,0,1,3,7,0,0,0,0,200,0,1,5,200,200,200,200,200
376288,1,30,0,0,0,1,3,7,0,0,0,0,200,0,6,0,200,200,200,200,200
376288,1,30,0,0,0,1,3,7,0,0,0,0,200,2,200,200,200,200,200,200,200
376288,1,30,0,0,0,1,3,7,0,0,0,0,200,2,200,200,200,200,200,200,200
376292,0,30,200,200,0,1,12,5,0,0,200,0,0,0,24,0,200,200,200,200,200
376292,0,30,200,200,0,1,12,5,0,0,200,0,0,0,35,0,200,200,200,200,200
376297,4,0,1,2,0,1,8,5,0,0,0,0,200,0,12,200,200,200,0,200,200
376297,0,0,1,2,0,1,8,5,0,0,0,0,200,1,33,200,200,200,0,200,200
376301,0,30,2,2,0,1,0,5,0,0,0,17,0,1,23,0,1,0,0,200,200
376301,0,30,2,2,0,1,0,5,0,0,0,17,0,1,48,0,0,0,0,200,200
376306,0,30,1,2,0,1,12,5,0,0,0,22,200,1,30,200,4,200,200,200,200
376306,0,30,1,2,0,1,12,5,0,0,0,22,200,0,63,0,0,0,0,200,200
376308,0,30,0,0,0,1,7,6,0,0,0,0,0,2,200,200,200,200,200,200,200
376311,0,30,0,0,0,1,8,5,0,0,0,0,0,1,61,200,12,0,0,200,200
376311,4,30,0,0,0,1,8,5,0,0,0,0,0,0,200,200,200,0,0,200,200
376311,1,30,0,0,0,1,8,5,0,0,0,0,0,0,200,200,200,200,200,200,200
376311,1,30,0,0,0,1,8,5,0,0,0,0,0,0,38,200,200,200,200,200,200
376320,0,10,0,0,0,3,7,7,0,0,0,18,11,0,200,200,3,200,200,200,200
376323,0,30,0,0,0,1,14,12,0,0,200,25,200,0,25,200,13,0,200,200,200
376323,0,30,0,0,0,1,14,12,0,0,200,25,200,0,200,200,0,0,0,200,200
376323,1,30,0,0,0,1,14,12,0,0,200,25,200,0,29,200,200,200,200,200,200
376323,1,30,0,0,0,1,14,12,0,0,200,25,200,0,200,7,200,200,200,200,200
376323,1,30,0,0,0,1,14,12,0,0,200,25,200,1,29,200,200,200,200,200,200
376326,0,30,0,0,0,1,2,7,0,0,0,0,0,0,47,0,12,0,0,200,200
376327,0,30,2,0,0,1,0,3,0,0,0,17,0,0,40,200,1,0,0,200,200
376327,0,30,2,0,0,1,0,3,0,0,0,17,0,0,44,200,0,0,0,200,200
376327,0,30,2,0,0,1,0,3,0,0,0,17,0,1,41,200,0,0,0,200,200
376327,1,30,2,0,0,1,0,3,0,0,0,17,0,0,57,7,200,200,200,200,200
376330,0,30,1,2,0,1,10,5,0,0,0,18,200,1,19,0,3,0,0,200,200
376330,0,30,1,2,0,1,10,5,0,0,0,18,200,0,30,0,0,0,0,200,200
376333,0,35,1,2,0,1,14,5,0,0,0,17,0,1,23,0,1,0,0,200,200
376333,0,35,1,2,0,1,14,5,0,0,0,17,0,0,53,0,0,0,0,200,200
376333,1,35,1,2,0,1,14,5,0,0,0,17,0,1,23,0,200,200,200,200,200
376333,1,35,1,2,0,1,14,5,0,0,0,17,0,1,24,0,200,200,200,200,200
376333,1,35,1,2,0,1,14,5,0,0,0,17,0,0,20,0,200,200,200,200,200
376333,1,35,1,2,0,1,14,5,0,0,0,17,0,0,13,0,200,200,200,200,200
376334,0,30,0,0,0,1,10,5,0,0,0,0,0,1,58,0,200,0,0,200,200
376334,0,30,0,0,0,1,10,5,0,0,0,0,0,0,33,0,0,0,0,200,200
376334,1,30,0,0,0,1,10,5,0,0,0,0,0,1,200,0,200,200,200,200,200
376334,1,30,0,0,0,1,10,5,0,0,0,0,0,0,200,0,200,200,200,200,200
376336,0,30,1,2,0,1,10,2,0,0,0,18,200,0,48,7,0,0,0,200,200
376336,0,30,1,2,0,1,10,2,0,0,0,18,200,1,42,7,3,0,0,200,200
376342,0,15,0,0,200,1,7,7,0,200,200,0,0,0,200,200,6,200,200,200,200
376342,1,15,0,0,200,1,7,7,0,200,200,0,0,0,200,200,200,200,200,200,200
376347,0,30,2,2,0,1,0,5,0,0,0,5,200,1,200,200,1,200,200,200,200
376347,0,30,2,2,0,1,0,5,0,0,0,5,200,0,32,0,0,0,0,200,200
376348,0,30,0,0,0,1,0,5,0,0,0,0,0,1,44,0,0,0,0,200,200
376348,0,30,0,0,0,1,0,5,0,0,0,0,0,0,39,0,0,0,0,200,200
376348,1,30,0,0,0,1,0,5,0,0,0,0,0,1,200,0,200,200,200,200,200
376354,0,20,0,0,0,1,7,5,0,0,0,0,0,2,200,200,200,200,200,200,200
376357,0,30,0,0,0,1,12,5,0,0,0,0,0,1,20,0,0,0,0,200,200
376357,0,30,0,0,0,1,12,5,0,0,0,0,0,0,53,0,0,0,0,200,200
376361,0,30,0,0,0,1,7,5,0,0,0,0,0,2,200,200,200,200,200,200,200
376367,0,25,2,2,0,1,10,5,0,0,0,18,7,1,24,200,3,200,200,200,200
376367,0,25,2,2,0,1,10,5,0,0,0,18,7,1,38,200,0,200,200,200,200
376371,0,30,1,2,0,1,0,5,0,0,0,25,0,0,200,200,1,200,200,200,200
376371,0,30,1,2,0,1,0,5,0,0,0,25,0,1,29,0,0,0,0,200,200
376371,1,30,1,2,0,1,0,5,0,0,0,25,0,1,200,0,200,200,200,200,200
376376,0,30,0,0,0,1,7,2,0,0,0,0,0,2,200,200,200,200,200,200,200
376382,0,30,0,0,0,1,14,5,0,0,0,11,11,0,42,0,7,0,0,200,200
376382,0,30,0,0,0,1,14,5,0,0,0,11,11,0,47,0,0,0,0,200,200
376388,0,20,2,12,0,1,10,2,0,0,0,18,18,0,25,0,3,12,200,200,200
376388,0,20,2,12,0,1,10,2,0,0,0,18,18,1,48,0,0,0,0,200,200
376390,0,30,0,0,0,1,0,6,0,0,0,4,16,1,42,200,2,0,0,200,200
376390,0,30,0,0,0,1,0,6,0,0,0,4,16,0,52,200,0,0,0,200,200
376392,0,30,0,0,0,1,14,3,0,0,0,17,23,0,200,200,1,200,200,200,200
376392,0,30,0,0,0,1,14,3,0,0,0,17,23,1,42,0,0,0,0,200,200
376396,0,30,0,0,0,1,11,2,0,0,0,18,200,1,44,7,0,0,0,200,200
376396,0,30,0,0,0,1,11,2,0,0,0,18,200,2,200,200,3,200,200,200,200
376400,0,30,12,200,0,1,12,12,0,0,0,17,17,0,200,200,1,200,200,200,200
376400,0,30,12,200,0,1,12,12,0,0,0,17,17,1,46,200,0,200,0,200,200
376404,0,30,0,0,0,1,0,2,0,0,0,23,17,0,44,0,7,0,0,200,200
376404,0,30,0,0,0,1,0,2,0,0,0,23,17,0,34,0,0,0,0,200,200
376407,0,25,0,0,0,1,10,5,0,0,0,18,200,0,25,200,3,200,200,200,200
376407,0,25,0,0,0,1,10,5,0,0,0,18,200,0,200,200,0,200,200,200,200
376407,0,25,0,0,0,1,10,5,0,0,0,18,200,0,49,200,200,200,200,200,200
376409,0,30,1,2,0,1,12,5,0,0,0,200,200,1,29,0,200,0,0,200,200
376409,0,30,1,2,0,1,12,5,0,0,0,200,200,1,20,0,0,0,0,200,200
376410,0,30,0,0,0,1,0,2,0,0,0,0,200,0,200,0,12,0,0,200,200
376410,0,30,0,0,0,1,0,2,0,0,0,0,200,1,45,0,0,0,0,200,200
376412,0,30,0,0,0,4,10,2,0,0,0,27,27,1,71,0,12,0,0,200,200
376412,0,30,0,0,0,4,10,2,0,0,0,27,27,0,22,0,0,0,0,200,200
376412,0,30,0,0,0,4,10,2,0,0,0,27,27,1,58,7,0,0,0,200,200
376412,1,30,0,0,0,4,10,2,0,0,0,27,27,200,200,0,200,200,200,200,200
376416,0,30,1,2,0,0,9,5,0,0,0,0,0,1,200,200,200,200,200,200,200
376416,5,30,1,2,0,0,9,5,0,0,0,0,0,1,25,200,200,200,200,200,200
376422,0,30,0,0,0,1,12,5,0,0,0,0,0,2,200,200,200,200,200,200,200
376422,0,30,0,0,0,1,12,5,0,0,0,0,0,1,26,0,0,0,0,200,200
376425,0,30,1,2,0,1,8,5,0,0,0,0,0,0,46,200,200,200,200,200,200
376425,4,30,1,2,0,1,8,5,0,0,0,0,0,1,64,200,200,0,0,200,200
376427,0,30,1,2,0,1,8,5,0,0,0,0,0,0,200,200,200,200,200,200,200
376427,4,30,1,2,0,1,8,5,0,0,0,0,0,1,29,3,0,0,0,200,200
376429,0,30,200,200,0,1,0,5,0,0,0,200,200,2,200,200,200,200,200,200,200
376429,0,30,200,200,0,1,0,5,0,0,0,200,200,1,24,0,0,0,0,200,200
376432,0,30,0,0,0,1,10,2,0,0,200,18,0,0,65,200,3,200,0,200,200
376432,0,30,0,0,0,1,10,2,0,0,200,18,0,0,22,200,0,0,0,200,200
376433,0,30,0,0,0,1,2,5,0,0,0,0,27,0,36,0,200,0,4,200,200
376433,1,30,0,0,0,1,2,5,0,0,0,0,27,1,200,0,200,200,200,200,200
376433,1,30,0,0,0,1,2,5,0,0,0,0,27,0,200,0,200,200,200,200,200
376436,0,25,0,0,0,1,11,5,0,0,0,0,200,0,200,200,200,200,200,200,200
376436,0,25,0,0,0,1,11,5,0,0,0,0,200,1,25,0,0,0,0,200,200
376437,0,30,0,0,0,1,12,5,0,0,0,22,0,0,47,0,2,0,0,200,200
376437,0,30,0,0,0,1,12,5,0,0,0,22,0,0,56,0,0,0,0,200,200
376439,0,30,1,2,0,1,12,6,0,0,0,22,200,0,36,200,2,200,200,200,200
376439,0,30,1,2,0,1,12,6,0,0,0,22,200,0,51,0,0,0,0,200,200
376442,0,30,0,0,0,1,12,3,0,0,0,22,200,0,71,200,2,200,200,200,200
376442,0,30,0,0,0,1,12,3,0,0,0,22,200,0,52,7,0,0,0,200,200
376442,1,30,0,0,0,1,12,3,0,0,0,22,200,1,200,0,200,200,200,200,200
376447,0,30,0,0,0,1,14,2,0,0,0,17,200,0,32,0,1,4,0,200,200
376447,0,30,0,0,0,1,14,2,0,0,0,17,200,0,23,0,0,0,0,200,200
376459,0,30,1,2,0,1,2,5,0,0,2,14,25,0,26,1,8,200,0,200,200
376459,1,30,1,2,0,1,2,5,0,0,2,14,25,0,21,200,200,200,200,200,200
376465,0,30,0,0,0,2,7,6,0,0,0,16,0,2,200,200,200,200,200,200,200
376469,0,30,0,0,0,1,10,5,0,0,0,18,200,1,56,0,3,0,0,200,200
376469,0,30,0,0,0,1,10,5,0,0,0,18,200,0,50,0,0,0,0,200,200
376470,0,30,0,0,0,1,14,5,0,0,0,17,200,0,200,0,1,0,0,200,200
376470,0,30,0,0,0,1,14,5,0,0,0,17,200,0,20,0,200,0,0,200,200
376472,0,30,0,0,0,1,2,5,0,0,0,0,0,0,57,0,0,0,0,200,200
376476,0,30,0,0,0,1,10,5,0,0,0,0,200,0,200,0,200,200,0,200,200
376476,0,30,0,0,0,1,10,5,0,0,0,0,200,1,33,0,0,0,0,200,200
376477,0,30,0,0,0,1,7,7,0,0,0,22,22,1,200,200,0,0,0,200,200
376481,0,30,0,0,0,1,7,6,0,0,0,0,200,1,47,0,0,0,0,200,200
376481,1,30,0,0,0,1,7,6,0,0,0,0,200,1,30,0,200,200,200,200,200
376481,1,30,0,0,0,1,7,6,0,0,0,0,200,0,40,0,200,200,200,200,200
376481,1,30,0,0,0,1,7,6,0,0,0,0,200,0,13,1,200,200,200,200,200
376481,1,30,0,0,0,1,7,6,0,0,0,0,200,0,0,5,200,200,200,200,200
376484,0,30,0,0,0,1,14,2,0,0,200,0,0,1,56,0,0,0,200,200,200
376484,0,30,0,0,0,1,14,2,0,0,200,0,0,0,54,200,1,200,200,200,200
376485,0,30,1,200,200,200,10,5,0,200,200,18,200,1,57,200,3,200,200,200,200
376485,0,30,1,200,200,200,10,5,0,200,200,18,200,0,27,200,0,200,0,200,200
376493,0,30,0,0,0,1,7,5,0,0,0,200,200,2,200,200,200,200,200,200,200
376500,0,30,1,2,0,1,10,5,0,0,0,20,18,0,35,0,6,0,0,200,200
376500,0,30,1,2,0,1,10,5,0,0,0,20,18,0,25,7,0,0,0,200,200
376509,0,30,0,0,0,1,12,5,0,0,2,22,0,1,200,200,2,200,200,200,200
376509,0,30,0,0,0,1,12,5,0,0,2,22,0,0,26,200,0,0,0,200,200
376509,1,30,0,0,0,1,12,5,0,0,2,22,0,200,200,200,200,200,200,200,200
376509,1,30,0,0,0,1,12,5,0,0,2,22,0,0,29,200,200,200,200,200,200
376514,0,35,1,2,0,0,10,5,0,0,0,0,0,1,200,200,200,200,200,200,200
376514,0,35,1,2,0,0,10,5,0,0,0,0,0,1,26,0,0,0,0,200,200
376516,0,30,0,0,0,1,7,6,0,0,0,200,200,2,200,200,200,200,200,200,200
376528,0,30,0,0,0,4,10,5,0,0,0,18,200,0,49,0,3,0,0,200,200
376528,0,30,0,0,0,4,10,5,0,0,0,18,200,1,41,0,0,0,0,200,200
376528,1,30,0,0,0,4,10,5,0,0,0,18,200,0,41,0,200,200,200,200,200
376528,1,30,0,0,0,4,10,5,0,0,0,18,200,1,8,0,200,200,200,200,200
376528,1,30,0,0,0,4,10,5,0,0,0,18,200,0,1,5,200,200,200,200,200
376528,1,30,0,0,0,4,10,5,0,0,0,18,200,0,6,5,200,200,200,200,200
376531,0,25,0,0,0,0,7,7,0,0,200,0,0,2,200,200,200,200,200,200,200
376536,0,30,0,0,0,4,7,7,0,0,0,20,0,1,200,200,6,200,200,200,200
376537,0,30,1,2,0,1,12,2,0,0,0,0,200,0,24,0,0,0,0,200,200
376537,0,30,1,2,0,1,12,2,0,0,0,0,200,1,70,0,0,0,0,200,200
376541,0,30,1,2,0,4,7,5,0,0,0,0,0,0,30,0,200,0,0,200,200
376545,0,30,1,2,0,1,0,5,0,0,0,200,200,0,69,200,12,200,200,200,200
376545,0,30,1,2,0,1,0,5,0,0,0,200,200,0,34,0,0,0,0,200,200
376548,0,45,0,0,0,1,12,2,0,0,0,200,200,0,200,200,4,200,200,200,200
376548,0,45,0,0,0,1,12,2,0,0,0,200,200,0,33,0,0,0,0,200,200
376552,0,30,0,0,0,3,12,5,0,0,0,21,0,1,200,200,4,200,200,200,200
376552,0,30,0,0,0,3,12,5,0,0,0,21,0,0,30,0,0,0,0,200,200
376552,1,30,0,0,0,3,12,5,0,0,0,21,0,0,29,0,200,200,200,200,200
376552,1,30,0,0,0,3,12,5,0,0,0,21,0,1,200,200,200,200,200,200,200
376559,0,30,0,0,0,1,10,2,0,0,0,22,200,0,57,0,3,0,0,200,200
376559,0,30,0,0,0,1,10,2,0,0,0,22,200,1,40,0,0,0,0,200,200
376563,0,30,1,2,0,1,12,3,0,0,0,23,0,0,200,200,4,200,200,200,200
376563,0,30,1,2,0,1,12,3,0,0,0,23,0,1,42,0,0,200,0,200,200
376570,0,25,0,0,0,3,12,5,0,0,200,22,0,0,51,0,4,0,0,200,200
376570,0,25,0,0,0,3,12,5,0,0,200,22,0,1,33,0,0,0,0,200,200
376577,0,45,0,0,0,0,4,5,0,0,1,200,200,1,20,200,0,200,200,200,200
376579,0,30,0,0,0,1,2,6,0,0,0,0,0,0,34,0,12,200,0,200,200
376579,1,30,0,0,0,1,2,6,0,0,0,0,0,1,200,200,200,200,200,200,200
376587,4,25,0,0,0,4,8,5,0,0,0,0,0,0,200,200,200,200,200,200,200
376587,1,25,0,0,0,4,8,5,0,0,0,0,0,1,200,200,200,200,200,200,200
376587,1,25,0,0,0,4,8,5,0,0,0,0,0,0,45,0,200,200,200,200,200
376589,0,30,0,0,0,3,9,5,0,0,0,11,200,0,66,200,12,200,12,200,200
376589,5,30,0,0,0,3,9,5,0,0,0,11,200,1,40,7,12,200,0,200,200
376590,0,35,1,2,0,3,14,5,0,0,0,23,200,0,47,200,200,200,200,200,200
376590,0,35,1,2,0,3,14,5,0,0,0,23,200,1,41,200,0,200,200,200,200
376592,0,30,0,0,0,1,10,5,0,0,200,0,200,1,56,200,200,0,0,200,200
376592,0,30,0,0,0,1,10,5,0,0,200,0,200,0,50,0,0,0,0,200,200
376596,0,30,0,0,0,3,12,5,0,0,0,0,0,0,33,200,200,200,200,200,200
376596,0,30,0,0,0,3,12,5,0,0,0,0,0,1,33,0,0,0,0,200,200
376599,0,30,1,2,0,0,14,1,0,0,0,14,6,1,29,0,0,0,7,200,200
376599,0,30,1,2,0,0,14,1,0,0,0,14,6,0,200,200,200,200,200,200,200
376599,1,30,1,2,0,0,14,1,0,0,0,14,6,0,200,200,200,200,200,200,200
376599,1,30,1,2,0,0,14,1,0,0,0,14,6,1,32,0,200,200,200,200,200
376599,1,30,1,2,0,0,14,1,0,0,0,14,6,0,200,200,200,200,200,200,200
376599,1,30,1,2,0,0,14,1,0,0,0,14,6,0,200,200,200,200,200,200,200
376600,0,30,0,0,0,3,12,5,0,0,0,17,0,0,34,0,1,0,0,200,200
376600,0,30,0,0,0,3,12,5,0,0,0,17,0,0,25,3,0,0,0,200,200
376601,0,30,0,0,0,3,0,5,0,0,0,17,0,1,48,200,200,200,0,200,200
376601,0,30,0,0,0,3,0,5,0,0,0,17,0,1,25,200,1,200,0,200,200
376601,1,30,0,0,0,3,0,5,0,0,0,17,0,1,43,200,200,200,200,200,200
376601,1,30,0,0,0,3,0,5,0,0,0,17,0,1,76,200,200,200,200,200,200
376603,0,30,0,0,0,3,7,6,0,0,0,17,200,0,200,200,12,200,200,200,200
376603,1,30,0,0,0,3,7,6,0,0,0,17,200,1,50,1,200,200,200,200,200
376604,0,30,0,2,0,1,7,5,0,0,0,22,11,0,200,200,1,200,200,200,200
376605,0,35,1,2,0,1,10,5,0,0,0,18,200,0,47,200,3,200,200,200,200
376605,0,35,1,2,0,1,10,5,0,0,0,18,200,1,29,0,0,0,0,200,200
376607,0,30,0,0,0,1,12,5,0,200,200,200,200,2,200,200,4,200,200,200,200
376607,0,30,0,0,0,1,12,5,0,200,200,200,200,0,22,200,0,200,200,200,200
376611,0,30,0,200,0,1,7,5,0,0,0,22,200,0,44,0,2,0,0,200,200
376618,0,25,1,2,0,3,14,8,0,0,200,21,0,0,200,200,7,200,200,200,200
376618,0,25,1,2,0,3,14,8,0,0,200,21,0,1,58,0,0,0,0,200,200
376623,0,35,1,2,0,3,14,2,0,0,0,17,0,0,23,0,1,200,0,200,200
376623,0,35,1,2,0,3,14,2,0,0,0,17,0,0,35,0,0,200,0,200,200
376627,0,30,0,200,0,1,10,5,0,0,0,18,200,0,200,200,1,200,200,200,200
376627,0,30,0,200,0,1,10,5,0,0,0,18,200,1,24,0,0,0,0,200,200
376632,0,30,200,200,0,3,12,6,0,0,200,0,200,0,65,200,200,200,200,200,200
376632,0,30,200,200,0,3,12,6,0,0,200,0,200,1,64,0,200,200,200,200,200
376636,0,30,1,2,0,3,14,5,0,0,200,0,0,0,50,200,200,200,200,200,200
376636,0,30,1,2,0,3,14,5,0,0,200,0,0,0,57,0,200,200,0,200,200
376636,1,30,1,2,0,3,14,5,0,0,200,0,0,1,200,0,200,200,200,200,200
376636,1,30,1,2,0,3,14,5,0,0,200,0,0,0,200,200,200,200,200,200,200
376636,1,30,1,2,0,3,14,5,0,0,200,0,0,1,200,0,200,200,200,200,200
376636,1,30,1,2,0,3,14,5,0,0,200,0,0,0,200,0,200,200,200,200,200
376640,0,30,0,0,0,3,7,2,0,0,0,0,200,2,200,200,200,200,200,200,200
376641,0,30,0,0,0,0,12,3,1,0,0,0,200,0,59,200,4,200,200,200,200
376641,0,30,0,0,0,0,12,3,1,0,0,0,200,0,48,200,0,200,200,200,200
376641,1,30,0,0,0,0,12,3,1,0,0,0,200,1,43,200,200,200,200,200,200
376644,0,30,0,0,0,1,7,5,0,200,200,20,0,0,200,200,6,200,200,200,200
376646,0,30,3,2,0,1,12,5,0,0,200,21,21,0,62,200,4,12,200,200,200
376646,0,30,3,2,0,1,12,5,0,0,200,21,21,1,52,200,12,0,0,200,200
376658,0,10,0,0,0,3,11,7,0,200,200,10,200,0,58,200,9,200,0,200,200
376658,0,10,0,0,0,3,11,7,0,200,200,10,200,0,23,200,0,200,0,200,200
376675,0,30,1,2,0,3,10,5,0,0,0,15,16,0,40,0,8,0,0,200,200
376675,0,30,1,2,0,3,10,5,0,0,0,15,16,0,38,0,0,0,0,200,200
376675,0,30,1,2,0,3,10,5,0,0,0,15,16,0,31,0,0,0,0,200,200
376680,0,30,1,2,0,3,10,5,0,0,0,18,200,1,39,0,3,200,0,200,200
376680,0,30,1,2,0,3,10,5,0,0,0,18,200,0,31,0,0,0,0,200,200
376680,1,30,1,2,0,3,10,5,0,0,0,18,200,1,30,0,200,200,200,200,200
376693,0,35,1,2,0,3,14,2,0,0,0,0,200,1,31,200,200,0,7,200,200
376693,0,35,1,2,0,3,14,2,0,0,0,0,200,0,53,200,0,0,0,200,200
376710,0,30,1,2,0,3,14,3,0,0,0,23,0,0,200,200,7,200,200,200,200
376710,0,30,1,2,0,3,14,3,0,0,0,23,0,0,0,0,0,0,0,200,200
376720,0,30,1,2,200,3,14,5,0,200,200,0,0,2,200,200,1,200,200,200,200
376720,0,30,1,2,200,3,14,5,0,200,200,0,0,0,39,200,0,200,0,200,200
376720,1,30,1,2,200,3,14,5,0,200,200,0,0,1,200,200,200,200,200,200,200
376720,1,30,1,2,200,3,14,5,0,200,200,0,0,2,200,200,200,200,200,200,200
376720,1,30,1,2,200,3,14,5,0,200,200,0,0,200,200,200,200,200,200,200,200
376722,0,30,1,2,0,3,10,3,0,0,0,3,21,1,19,0,4,0,0,200,200
376722,0,30,1,2,0,3,10,3,0,0,0,3,21,0,59,0,1,0,0,200,200
376722,1,30,1,2,0,3,10,3,0,0,0,3,21,1,16,0,200,200,200,200,200
376722,1,30,1,2,0,3,10,3,0,0,0,3,21,0,66,0,200,200,200,200,200
376722,1,30,1,2,0,3,10,3,0,0,0,3,21,1,54,0,200,200,200,200,200
376722,1,30,1,2,0,3,10,3,0,0,0,3,21,0,16,1,200,200,200,200,200
376722,1,30,1,2,0,3,10,3,0,0,0,3,21,0,61,0,200,200,200,200,200
376722,1,30,1,2,0,3,10,3,0,0,0,3,21,1,46,0,200,200,200,200,200
376722,1,30,1,2,0,3,10,3,0,0,0,3,21,0,21,0,200,200,200,200,200
376722,1,30,1,2,0,3,10,3,0,0,0,3,21,1,48,0,200,200,200,200,200
376722,1,30,1,2,0,3,10,3,0,0,0,3,21,0,22,0,200,200,200,200,200
376722,1,30,1,2,0,3,10,3,0,0,0,3,21,0,44,0,200,200,200,200,200
376734,0,30,0,0,0,3,12,6,0,0,0,0,0,2,200,200,200,200,200,200,200
376734,0,30,0,0,0,3,12,6,0,0,0,0,0,0,54,200,200,0,0,200,200
376738,0,45,0,0,0,0,2,2,0,0,0,200,200,2,200,200,200,200,200,200,200
376740,0,30,1,2,0,3,14,5,0,0,0,23,200,0,200,200,7,200,200,200,200
376740,0,30,1,2,0,3,14,5,0,0,0,23,200,1,54,0,0,0,0,200,200
376744,0,30,1,2,0,1,10,3,0,0,0,0,0,1,38,200,200,200,200,200,200
376744,0,30,1,2,0,1,10,3,0,0,0,0,0,1,24,0,0,0,0,200,200
376747,0,30,0,0,0,3,2,2,0,0,0,200,200,2,200,200,200,200,200,200,200
376751,4,30,0,0,0,1,8,5,0,0,0,0,0,1,56,7,0,0,0,200,200
376754,0,35,1,2,0,3,0,1,0,0,200,3,0,0,200,200,5,200,0,200,200
376754,0,35,1,2,0,3,0,1,0,0,200,3,0,0,55,200,0,200,0,200,200
376754,1,35,1,2,0,3,0,1,0,0,200,3,0,1,30,200,200,200,200,200,200
376754,1,35,1,2,0,3,0,1,0,0,200,3,0,1,29,200,200,200,200,200,200
376767,0,5,0,0,0,0,10,7,0,0,0,18,200,0,200,200,3,200,200,200,200
376767,0,5,0,0,0,0,10,7,0,0,0,18,200,0,26,200,0,200,200,200,200
376779,0,30,0,0,0,3,7,6,0,0,0,25,11,0,25,200,12,200,200,200,200
376779,1,30,0,0,0,3,7,6,0,0,0,25,11,200,200,200,200,200,200,200,200
376779,1,30,0,0,0,3,7,6,0,0,0,25,11,200,200,200,200,200,200,200,200
376779,1,30,0,0,0,3,7,6,0,0,0,25,11,200,200,200,200,200,200,200,200
376783,0,10,0,0,200,0,7,7,0,200,200,20,200,1,18,200,6,200,200,200,200
376795,0,35,0,0,0,3,7,5,0,0,0,16,200,1,200,200,12,0,0,200,200
376800,0,30,0,0,0,3,7,7,0,0,0,20,11,0,29,200,6,200,200,200,200
376803,0,30,0,0,0,3,12,5,0,0,200,21,0,1,26,200,4,200,200,200,200
376803,0,30,0,0,0,3,12,5,0,0,200,21,0,1,17,0,0,0,0,200,200
376808,0,30,1,2,0,0,12,3,2,0,0,0,200,0,200,200,3,200,200,200,200
376808,0,30,1,2,0,0,12,3,2,0,0,0,200,0,52,200,12,200,0,200,200
376808,1,30,1,2,0,0,12,3,2,0,0,0,200,1,200,200,200,200,200,200,200