RD_NO,PERSON_TYPE,POSTED_SPEED_LIMIT,TRAFFIC_CONTROL_DEVICE,DEVICE_CONDITION,WEATHER_CONDITION,LIGHTING_CONDITION,FIRST_CRASH_TYPE,TRAFFICWAY_TYPE,ALIGNMENT,ROADWAY_SURFACE_COND,ROAD_DEFECT,PRIM_CONTRIBUTORY_CAUSE,SEC_CONTRIBUTORY_CAUSE,SEX,AGE,SAFETY_EQUIPMENT,DRIVER_ACTION,DRIVER_VISION,PHYSICAL_CONDITION,BAC_RESULT VALUE,CELL_PHONE_USE
376809,0,30,0,0,0,3,7,6,0,0,0,32,25,0,24,200,7,0,5,200,200
376810,0,35,1,2,0,3,10,5,0,0,0,18,200,1,200,200,3,200,200,200,200
376810,0,35,1,2,0,3,10,5,0,0,0,18,200,1,36,0,0,0,0,200,200
376810,1,35,1,2,0,3,10,5,0,0,0,18,200,1,14,0,200,200,200,200,200
376820,0,35,2,2,0,3,0,3,0,0,0,6,16,0,56,0,5,0,0,200,200
376820,0,35,2,2,0,3,0,3,0,0,0,6,16,0,200,200,0,200,200,200,200
376821,0,25,0,0,0,3,7,2,0,0,0,0,0,0,37,200,0,0,0,200,200
376821,1,25,0,0,0,3,7,2,0,0,0,0,0,1,32,200,200,200,200,200,200
376824,0,30,0,0,0,3,10,6,0,0,0,16,17,2,200,200,200,200,200,200,200
376824,0,30,0,0,0,3,10,6,0,0,0,16,17,0,37,200,0,0,0,200,200
376824,0,30,0,0,0,3,10,6,0,0,0,16,17,0,37,200,200,0,0,200,200
376824,1,30,0,0,0,3,10,6,0,0,0,16,17,0,200,200,200,200,200,200,200
376824,1,30,0,0,0,3,10,6,0,0,0,16,17,0,28,200,200,200,200,200,200
376838,0,30,1,2,0,3,14,5,0,0,0,6,6,0,200,200,5,200,200,200,200
376838,0,30,1,2,0,3,14,5,0,0,0,6,6,0,18,0,0,0,5,200,200
376842,0,25,1,2,0,0,12,12,0,0,0,200,200,0,36,0,3,0,0,200,200
376842,0,25,1,2,0,0,12,12,0,0,0,200,200,1,48,0,0,0,0,200,200
376843,0,25,9,2,0,3,2,3,3,0,0,32,25,0,42,2,8,0,5,200,200
376865,0,30,0,0,0,3,2,5,0,0,0,27,11,1,18,0,12,0,2,200,200
376868,0,35,2,2,0,3,2,2,0,0,200,0,0,1,26,200,200,200,200,200,200
376870,0,30,1,2,0,3,14,2,0,0,0,22,200,0,19,200,2,0,0,200,200
376870,0,30,1,2,0,3,14,2,0,0,0,22,200,0,58,200,0,0,0,200,200
376872,0,30,2,2,0,0,2,5,0,0,0,0,200,1,38,0,200,0,0,200,200
376872,1,30,2,2,0,0,2,5,0,0,0,0,200,0,30,200,200,200,200,200,200
376874,0,30,0,0,0,3,11,5,0,0,0,12,200,0,0,200,12,0,0,200,200
376874,0,30,0,0,0,3,11,5,0,0,0,12,200,0,22,200,0,0,0,200,200
376880,0,30,1,2,0,3,10,2,0,0,3,11,11,0,24,200,3,200,0,200,200
376880,0,30,1,2,0,3,10,2,0,0,3,11,11,1,45,200,0,200,0,200,200
376893,0,30,0,0,0,3,7,5,0,0,0,200,200,2,200,200,200,200,200,200,200
376896,0,30,0,0,0,3,7,5,0,0,200,0,0,2,200,200,12,200,200,200,200
376897,0,35,0,0,0,3,12,5,0,1,0,14,0,0,26,0,200,0,0,200,200
376897,0,35,0,0,0,3,12,5,0,1,0,14,0,0,51,0,0,0,0,200,200
376899,0,30,200,200,200,200,9,200,0,200,200,0,0,1,200,200,200,200,200,200,200
376899,5,30,200,200,200,200,9,200,0,200,200,0,0,1,31,7,0,200,7,200,200
376899,1,30,200,200,200,200,9,200,0,200,200,0,0,2,200,200,200,200,200,200,200
376899,1,30,200,200,200,200,9,200,0,200,200,0,0,2,200,200,200,200,200,200,200
376899,1,30,200,200,200,200,9,200,0,200,200,0,0,2,200,200,200,200,200,200,200
376899,1,30,200,200,200,200,9,200,0,200,200,0,0,2,200,200,200,200,200,200,200
376899,1,30,200,200,200,200,9,200,0,200,200,0,0,2,200,200,200,200,200,200,200
376900,0,30,2,2,0,3,2,5,0,0,200,32,21,0,34,200,12,0,5,0.24,200
376900,0,30,2,2,0,3,2,5,0,0,200,32,21,1,29,200,0,0,0,200,200
376900,1,30,2,2,0,3,2,5,0,0,200,32,21,1,200,200,200,200,200,200,200
376900,1,30,2,2,0,3,2,5,0,0,200,32,21,2,200,200,200,200,200,200,200
376920,0,30,0,0,0,3,12,5,0,0,0,17,200,2,200,200,4,200,200,200,200
376920,0,30,0,0,0,3,12,5,0,0,0,17,200,1,28,0,0,0,1,200,200
376929,0,30,0,0,0,1,12,3,0,0,0,17,17,1,35,0,1,0,0,200,200
376929,0,30,0,0,0,1,12,3,0,0,0,17,17,0,25,0,0,0,0,200,200
376939,0,20,2,2,0,2,14,2,0,0,0,200,200,1,35,0,9,0,0,200,200
376939,0,20,2,2,0,2,14,2,0,0,0,200,200,0,26,0,200,0,0,200,200
376948,0,25,0,200,200,0,7,12,0,200,200,0,0,2,200,200,200,200,200,200,200
376949,0,30,0,0,0,1,10,5,0,0,0,18,18,0,58,200,0,0,0,200,200
376949,0,30,0,0,0,1,10,5,0,0,0,18,18,0,26,200,0,0,0,200,200
376952,0,35,0,0,0,1,7,2,0,0,200,0,0,0,200,200,200,200,200,200,200
376955,0,35,1,2,0,1,14,2,0,0,0,23,18,1,24,200,7,0,0,200,200
376955,0,35,1,2,0,1,14,2,0,0,0,23,18,0,64,200,0,0,0,200,200
376957,0,30,0,0,0,200,7,5,0,0,0,0,200,2,200,200,200,200,200,200,200
376963,0,30,0,0,0,1,7,7,0,0,0,17,17,1,200,200,1,200,200,200,200
376964,0,30,2,2,0,1,0,2,0,0,0,5,5,0,82,200,5,0,0,200,200
376964,0,30,2,2,0,1,0,2,0,0,0,5,5,1,0,200,0,0,0,200,200
376964,1,30,2,2,0,1,0,2,0,0,0,5,5,0,38,200,200,200,200,200,200
376965,0,30,0,0,0,4,10,3,0,0,0,0,0,1,200,200,12,200,200,200,200
376965,0,30,0,0,0,4,10,3,0,0,0,0,0,0,35,0,12,0,0,200,200
376966,0,30,1,2,0,1,12,5,0,0,200,0,0,2,200,200,200,200,200,200,200
376966,0,30,1,2,0,1,12,5,0,0,200,0,0,0,69,0,0,0,0,200,200
376968,0,15,0,0,0,2,7,7,0,0,0,0,0,1,200,200,6,200,200,200,200
376968,1,15,0,0,0,2,7,7,0,0,0,0,0,200,200,200,200,200,200,200,200
376969,0,30,1,2,0,1,14,2,0,0,0,22,23,0,200,200,7,200,200,200,200
376969,0,30,1,2,0,1,14,2,0,0,0,22,23,0,61,200,0,0,0,200,200
376970,0,30,0,0,0,1,10,5,0,0,0,0,200,1,33,0,200,0,0,200,200
376970,0,30,0,0,0,1,10,5,0,0,0,0,200,0,58,0,0,0,0,200,200
376970,0,30,0,0,0,1,10,5,0,0,0,0,200,0,34,0,0,0,0,200,200
376974,0,20,0,0,0,1,12,12,0,0,0,18,11,1,26,0,3,1,0,200,200
376974,0,20,0,0,0,1,12,12,0,0,0,18,11,0,29,0,0,0,0,200,200
376978,0,30,0,0,0,1,10,5,0,0,0,0,0,1,49,200,3,0,0,200,200
376978,0,30,0,0,0,1,10,5,0,0,0,0,0,0,36,7,0,0,0,200,200
376978,1,30,0,0,0,1,10,5,0,0,0,0,0,0,200,200,200,200,200,200,200
376981,0,30,0,0,0,1,3,5,0,0,0,11,200,1,69,0,12,0,0,200,200
376981,0,30,0,0,0,1,3,5,0,0,0,11,200,0,200,0,0,0,0,200,200
376983,0,30,1,2,0,1,12,2,0,0,0,0,0,1,58,200,2,200,200,200,200
376983,0,30,1,2,0,1,12,2,0,0,0,0,0,1,27,0,0,200,0,200,200
376984,0,30,0,0,200,200,7,3,0,200,0,0,0,2,200,200,200,200,200,200,200
376986,1,30,1,2,0,0,14,5,0,0,0,21,0,1,45,200,200,200,200,200,200
376986,0,30,1,2,0,0,14,5,0,0,0,21,0,2,200,200,9,200,200,200,200
376986,0,30,1,2,0,0,14,5,0,0,0,21,0,0,47,200,0,0,0,200,200
376995,0,30,1,1,0,1,14,2,0,0,0,16,35,1,200,0,1,200,0,200,200
376995,0,30,1,1,0,1,14,2,0,0,0,16,35,1,200,0,12,200,0,200,200
376995,0,30,1,1,0,1,14,2,0,0,0,16,35,0,200,0,0,200,0,200,200
377007,0,30,0,0,0,1,7,6,0,0,0,12,0,1,61,0,0,0,0,200,200
377011,0,30,2,2,0,1,0,5,0,0,0,33,11,0,49,0,1,6,0,200,200
377011,0,30,2,2,0,1,0,5,0,0,0,33,11,1,200,0,0,0,0,200,200
377023,0,30,1,2,0,1,14,2,0,0,0,23,0,1,51,200,7,12,0,200,200
377023,0,30,1,2,0,1,14,2,0,0,0,23,0,0,55,200,12,12,0,200,200
377025,0,25,0,0,0,1,12,5,0,0,0,0,0,1,21,0,1,0,0,200,200
377025,0,25,0,0,0,1,12,5,0,0,0,0,0,1,53,0,0,0,0,200,200
377025,1,25,0,0,0,1,12,5,0,0,0,0,0,0,200,0,200,200,200,200,200
377031,0,30,0,0,0,1,7,6,0,0,200,0,200,0,200,200,200,200,200,200,200
377032,0,30,1,2,0,1,14,5,0,0,0,0,0,0,200,2,5,200,200,200,200
377032,0,30,1,2,0,1,14,5,0,0,0,0,0,0,59,0,0,0,0,200,200
377042,0,30,0,0,0,1,14,2,0,0,0,0,23,0,74,0,12,0,0,200,200
377042,0,30,0,0,0,1,14,2,0,0,0,0,23,1,57,0,7,0,0,200,200
377042,1,30,0,0,0,1,14,2,0,0,0,0,23,1,63,0,200,200,200,200,200
377043,0,30,1,2,0,1,14,5,0,0,0,0,200,0,62,200,12,200,200,200,200
377043,0,30,1,2,0,1,14,5,0,0,0,0,200,1,28,0,0,0,0,200,200
377043,1,30,1,2,0,1,14,5,0,0,0,0,200,0,10,0,200,200,200,200,200
377046,0,30,0,0,0,3,7,5,0,0,0,0,0,2,200,200,6,200,200,200,200
377048,0,30,0,0,0,1,12,5,0,0,0,22,200,1,34,0,0,0,0,200,200
377048,0,30,0,0,0,1,12,5,0,0,0,22,200,0,200,200,200,200,200,200,200
377048,1,30,0,0,0,1,12,5,0,0,0,22,200,1,13,0,200,200,200,200,200
377055,0,30,0,0,0,3,10,2,0,0,0,0,200,1,46,0,0,0,0,200,200
377055,0,30,0,0,0,3,10,2,0,0,0,0,200,0,42,200,0,0,0,200,200
377066,0,25,0,0,0,1,14,5,0,0,0,17,17,0,27,0,1,0,0,200,200
377066,0,25,0,0,0,1,14,5,0,0,0,17,17,0,40,0,0,0,0,200,200
377070,0,30,2,2,0,1,0,5,0,0,0,0,200,1,200,200,200,200,200,200,200
377070,0,30,2,2,0,1,0,5,0,0,0,0,200,0,200,200,200,200,0,200,200
377071,0,35,0,0,0,1,2,0,0,0,0,200,200,0,64,0,0,0,0,200,200
377072,0,25,1,2,200,2,10,5,0,0,0,18,200,0,40,200,3,200,0,200,200
377072,0,25,1,2,200,2,10,5,0,0,0,18,200,1,37,0,0,0,0,200,200
377073,0,35,0,0,0,1,2,5,0,0,0,27,27,0,82,0,200,200,7,200,200
377074,0,30,0,0,0,0,7,5,0,0,0,0,0,2,200,200,200,200,200,200,200
377076,0,25,4,200,200,0,10,6,0,200,0,18,17,2,200,200,3,200,200,200,200
377076,0,25,4,200,200,0,10,6,0,200,0,18,17,0,43,200,12,0,0,200,200
377076,0,25,4,200,200,0,10,6,0,200,0,18,17,1,200,200,200,200,200,200,200
377086,4,30,0,0,0,1,8,2,0,0,0,0,200,0,53,7,12,200,0,200,200
377086,0,30,0,0,0,1,8,2,0,0,0,0,200,1,22,200,0,200,0,200,200
377088,0,30,2,2,0,1,0,5,0,200,200,0,200,0,48,200,200,200,200,200,200
377088,0,30,2,2,0,1,0,5,0,200,200,0,200,0,25,200,0,200,200,200,200
377088,1,30,2,2,0,1,0,5,0,200,200,0,200,1,28,200,200,200,200,200,200
377089,0,30,0,0,0,1,7,5,0,0,200,0,0,2,200,200,200,200,200,200,200
377098,0,25,0,0,0,1,12,5,0,0,0,22,15,1,200,200,2,200,200,200,200
377098,0,25,0,0,0,1,12,5,0,0,0,22,15,1,56,0,0,0,0,200,200
377108,0,30,2,0,0,1,14,2,0,0,0,0,0,1,53,0,200,0,0,200,200
377108,0,30,2,0,0,1,14,2,0,0,0,0,0,1,68,0,0,0,0,200,200
377109,0,5,0,0,0,1,7,7,0,0,0,200,200,2,200,200,200,200,200,200,200
377111,0,0,0,0,0,1,7,5,0,0,0,0,0,0,53,200,200,200,0,200,200
377115,0,30,0,0,0,1,12,5,0,0,0,22,22,0,61,200,4,200,0,200,200
377115,0,30,0,0,0,1,12,5,0,0,0,22,22,1,55,200,0,200,0,200,200
377115,1,30,0,0,0,1,12,5,0,0,0,22,22,0,77,0,200,200,200,200,200
377116,0,30,0,0,0,1,7,3,0,0,0,12,0,2,200,200,12,200,200,200,200
377117,0,30,0,0,0,1,10,3,0,0,0,18,18,0,43,200,3,0,0,200,200
377117,0,30,0,0,0,1,10,3,0,0,0,18,18,0,44,0,0,0,0,200,200
377123,0,25,0,0,0,2,7,2,0,0,0,200,200,2,200,200,200,200,200,200,200
377125,0,30,0,0,0,1,10,5,0,0,200,0,0,1,37,200,200,200,0,200,200
377125,0,30,0,0,0,1,10,5,0,0,200,0,0,1,37,200,200,200,0,200,200
377127,0,30,0,0,0,1,12,2,0,0,0,17,0,1,53,200,1,200,200,200,200
377127,0,30,0,0,0,1,12,2,0,0,0,17,0,0,72,0,0,0,0,200,200
377129,0,30,2,2,0,1,10,2,0,0,0,0,18,0,48,0,3,0,0,200,200
377129,0,30,2,2,0,1,10,2,0,0,0,0,18,0,56,0,0,0,0,200,200
377130,0,30,0,0,0,1,7,6,0,0,0,21,200,0,33,0,4,0,0,200,200
377139,0,30,0,0,0,1,14,5,0,0,0,0,0,0,21,200,1,200,200,200,200
377139,0,30,0,0,0,1,14,5,0,0,0,0,0,0,21,0,0,0,0,200,200
377144,0,25,1,2,0,1,12,5,0,0,0,17,22,1,56,0,4,200,200,200,200
377144,0,25,1,2,0,1,12,5,0,0,0,17,22,1,29,0,0,0,0,200,200
377149,0,30,0,0,0,3,7,5,0,200,0,0,0,2,200,200,200,200,200,200,200
377152,0,30,0,0,0,200,7,2,0,0,0,200,200,2,200,200,200,200,200,200,200
377153,0,10,0,0,0,1,10,7,0,0,0,20,20,1,23,0,6,0,0,200,200
377153,0,10,0,0,0,1,10,7,0,0,0,20,20,0,29,0,0,0,0,200,200
377153,1,10,0,0,0,1,10,7,0,0,0,20,20,1,56,0,200,200,200,200,200
377163,0,30,0,0,0,1,7,6,0,0,0,0,0,1,28,200,0,0,0,200,200
377164,0,30,0,0,0,1,7,3,0,0,0,12,0,0,50,0,12,0,0,200,200
377169,0,30,0,0,0,1,12,3,0,0,0,22,0,0,25,0,4,0,0,200,200
377169,0,30,0,0,0,1,12,3,0,0,0,22,0,0,23,0,0,0,0,200,200
377172,0,30,2,2,0,1,8,5,0,0,0,0,0,0,34,0,12,0,0,200,200
377172,4,30,2,2,0,1,8,5,0,0,0,0,0,1,200,0,12,200,0,200,200
377172,1,30,2,2,0,1,8,5,0,0,0,0,0,0,200,0,200,200,200,200,200
377181,0,30,1,2,0,1,10,5,0,0,0,0,0,0,49,7,200,200,200,200,200
377181,0,30,1,2,0,1,10,5,0,0,0,0,0,0,44,200,200,200,200,200,200
377181,1,30,1,2,0,1,10,5,0,0,0,0,0,1,66,200,200,200,200,200,200
377184,0,30,0,0,0,1,12,5,0,0,0,17,200,0,200,200,1,200,200,200,200
377184,0,30,0,0,0,1,12,5,0,0,0,17,200,1,51,0,1,0,0,200,200
377189,0,30,0,0,0,0,7,5,0,0,0,0,0,2,200,200,200,200,200,200,200
377192,0,30,1,2,0,1,10,5,0,0,0,0,0,0,56,200,200,200,0,200,200
377192,0,30,1,2,0,1,10,5,0,0,0,0,0,0,53,200,0,200,0,200,200
377192,1,30,1,2,0,1,10,5,0,0,0,0,0,0,81,200,200,200,200,200,200
377193,0,35,0,0,0,1,14,2,0,0,0,0,200,0,51,0,1,0,0,200,200
377193,0,35,0,0,0,1,14,2,0,0,0,0,200,0,50,1,4,0,0,200,200
377196,0,30,1,2,0,1,10,2,2,0,0,18,0,0,32,0,3,0,0,200,200
377196,0,30,1,2,0,1,10,2,2,0,0,18,0,0,67,200,0,200,200,200,200
377198,0,30,0,0,0,1,10,5,0,0,0,12,18,0,200,200,12,200,1,200,200
377198,0,30,0,0,0,1,10,5,0,0,0,12,18,0,44,0,0,0,0,200,200
377198,1,30,0,0,0,1,10,5,0,0,0,12,18,1,48,0,200,200,200,200,200
377200,0,30,0,0,0,1,7,6,0,0,0,0,200,0,200,200,10,200,200,200,200
377208,0,0,200,200,0,1,10,5,0,0,200,22,20,1,200,200,4,200,200,200,200
377208,0,0,200,200,0,1,10,5,0,0,200,22,20,1,54,0,0,200,0,200,200
377219,0,30,0,0,0,0,14,5,0,0,0,0,0,1,200,200,1,200,200,200,200
377219,0,30,0,0,0,0,14,5,0,0,0,0,0,1,21,0,0,0,0,200,200
377230,0,30,0,0,0,1,9,2,0,0,0,2,200,1,200,200,15,200,200,200,200
377230,5,30,0,0,0,1,9,2,0,0,0,2,200,1,58,7,0,200,0,200,200
377231,0,30,0,0,0,1,0,2,0,0,0,17,0,0,19,200,1,200,0,200,200
377231,0,30,0,0,0,1,0,2,0,0,0,17,0,0,29,200,0,200,0,200,200
377233,0,30,0,0,0,1,10,5,0,0,0,18,0,1,37,200,3,0,0,200,200
377233,0,30,0,0,0,1,10,5,0,0,0,18,0,0,42,200,0,0,0,200,200
377235,0,30,1,2,0,1,12,2,0,0,0,22,22,1,200,200,2,200,200,200,200
377235,0,30,1,2,0,1,12,2,0,0,0,22,22,0,46,0,0,0,0,200,200
377237,0,30,0,0,0,1,12,2,0,0,0,21,200,0,77,200,4,0,0,200,200
377237,0,30,0,0,0,1,12,2,0,0,0,21,200,0,47,200,0,0,0,200,200
377238,0,30,0,0,0,200,7,5,0,200,200,0,200,2,200,200,200,200,200,200,200
377260,0,30,0,0,0,1,7,5,0,0,0,0,200,2,200,200,200,200,200,200,200
377267,0,10,0,0,0,1,7,7,0,0,0,18,20,0,62,200,3,0,0,200,200
377268,0,30,0,0,0,1,7,5,0,0,0,0,200,0,55,0,0,0,0,200,200
377268,1,30,0,0,0,1,7,5,0,0,0,0,200,1,200,200,200,200,200,200,200
377270,0,30,2,0,0,1,0,2,0,0,0,16,17,0,200,200,1,200,200,200,200
377270,0,30,2,0,0,1,0,2,0,0,0,16,17,1,21,0,0,0,0,200,200
377270,1,30,2,0,0,1,0,2,0,0,0,16,17,1,200,0,200,200,200,200,200
377271,0,5,1,0,0,1,0,12,0,0,0,0,0,0,200,200,200,200,200,200,200
377271,0,5,1,0,0,1,0,12,0,0,0,0,0,0,200,0,200,200,200,200,200
377273,0,30,0,0,0,1,14,3,0,0,0,21,200,1,200,200,4,0,0,200,200
377273,0,30,0,0,0,1,14,3,0,0,0,21,200,0,66,0,0,0,0,200,200
377275,0,30,1,2,0,1,14,5,0,0,0,33,16,0,85,0,1,5,0,200,200
377275,0,30,1,2,0,1,14,5,0,0,0,33,16,0,60,0,0,5,0,200,200
377287,0,30,0,0,0,1,10,2,0,0,0,18,17,0,26,200,1,200,200,200,200
377287,0,30,0,0,0,1,10,2,0,0,0,18,17,0,43,0,0,0,0,200,200
377288,0,35,2,2,0,1,0,3,0,0,0,17,7,1,17,200,1,200,0,200,200
377288,0,35,2,2,0,1,0,3,0,0,0,17,7,1,30,200,200,200,0,200,200
377289,4,30,2,2,0,1,8,5,0,0,0,10,23,0,31,2,9,0,0,200,200
377289,0,30,2,2,0,1,8,5,0,0,0,10,23,0,25,0,0,0,0,200,200
377289,1,30,2,2,0,1,8,5,0,0,0,10,23,1,200,0,200,200,200,200,200
377291,0,30,1,2,0,1,14,200,0,0,0,17,0,1,200,200,7,200,200,200,200
377291,0,30,1,2,0,1,14,200,0,0,0,17,0,0,48,0,0,0,0,200,200
377298,0,5,0,0,0,1,7,7,0,0,0,0,200,0,71,200,1,0,200,200,200
377302,0,30,1,2,0,1,10,2,0,0,0,0,200,0,67,0,200,200,200,200,200
377302,0,30,1,2,0,1,10,2,0,0,0,0,200,1,50,0,0,0,0,200,200
377302,1,30,1,2,0,1,10,2,0,0,0,0,200,1,62,0,200,200,200,200,200
377302,1,30,1,2,0,1,10,2,0,0,0,0,200,1,48,0,200,200,200,200,200
377302,1,30,1,2,0,1,10,2,0,0,0,0,200,1,58,1,200,200,200,200,200
377302,1,30,1,2,0,1,10,2,0,0,0,0,200,1,2,5,200,200,200,200,200
377310,0,30,0,0,0,1,12,5,0,0,0,17,17,0,51,0,1,0,0,200,200
377310,0,30,0,0,0,1,12,5,0,0,0,17,17,1,43,0,0,0,0,200,200
377316,0,35,0,0,0,1,0,5,0,0,0,17,200,0,59,0,1,1,0,200,200
377316,0,35,0,0,0,1,0,5,0,0,0,17,200,0,24,0,0,0,0,200,200
377321,0,30,0,0,0,1,10,3,0,0,0,7,0,1,68,0,12,0,0,200,200
377321,0,30,0,0,0,1,10,3,0,0,0,7,0,0,58,200,0,0,0,200,200
377327,0,30,0,0,0,1,12,6,0,0,0,20,20,0,65,0,12,0,0,200,200
377327,0,30,0,0,0,1,12,6,0,0,0,20,20,0,27,0,0,0,0,200,200
377327,1,30,0,0,0,1,12,6,0,0,0,20,20,1,0,0,200,200,200,200,200
377330,0,30,0,0,0,1,12,5,0,0,0,17,200,0,70,200,1,0,0,200,200
377330,0,30,0,0,0,1,12,5,0,0,0,17,200,1,20,0,0,0,0,200,200
377336,0,15,0,0,0,1,7,2,0,0,0,200,200,2,200,200,200,200,200,200,200
377340,0,30,0,0,0,1,7,5,0,0,0,21,12,0,0,0,12,0,0,200,200
377342,0,35,0,0,0,1,9,7,0,0,0,17,200,0,41,0,1,200,0,200,200
377342,5,35,0,0,0,1,9,7,0,0,0,17,200,0,54,7,0,12,0,200,200
377355,0,30,1,2,0,1,12,5,0,0,0,22,200,1,200,200,2,200,200,200,200
377355,0,30,1,2,0,1,12,5,0,0,0,22,200,1,44,0,0,200,0,200,200
377361,0,30,0,0,0,1,7,5,0,0,0,0,0,2,200,200,200,200,200,200,200
377368,0,5,0,0,0,1,7,7,0,0,0,0,0,2,200,200,200,200,200,200,200
377371,0,30,1,2,0,1,12,5,0,0,0,0,0,0,30,200,200,200,200,200,200
377371,0,30,1,2,0,1,12,5,0,0,0,0,0,1,20,0,0,0,0,200,200
377378,0,30,0,0,0,1,7,3,0,0,0,20,200,0,58,0,6,0,0,200,200
377387,0,35,0,0,0,1,7,6,0,0,0,22,22,1,44,200,4,0,200,200,200
377407,0,30,0,0,0,1,14,2,0,0,0,17,21,0,44,0,1,0,0,200,200
377407,0,30,0,0,0,1,14,2,0,0,0,17,21,0,34,200,12,0,0,200,200
377410,0,30,0,0,0,1,10,6,0,0,0,20,200,1,200,200,6,200,200,200,200
377410,0,30,0,0,0,1,10,6,0,0,0,20,200,0,23,0,12,200,0,200,200
377411,0,30,1,2,0,1,0,12,0,0,0,6,0,1,38,200,5,200,200,200,200
377411,0,30,1,2,0,1,0,12,0,0,0,6,0,1,35,0,0,0,0,200,200
377413,0,35,2,2,0,1,0,2,0,0,0,17,200,0,77,0,1,1,0,200,200
377413,0,35,2,2,0,1,0,2,0,0,0,17,200,0,20,0,0,6,0,200,200
377413,0,35,2,2,0,1,0,2,0,0,0,17,200,0,52,0,0,0,0,200,200
377415,0,30,0,0,0,1,10,5,0,0,200,18,18,1,200,200,3,200,200,200,200
377415,0,30,0,0,0,1,10,5,0,0,200,18,18,1,64,200,0,200,0,200,200
377417,0,30,0,0,0,1,12,5,0,0,200,0,0,0,39,200,200,200,200,200,200
377417,0,30,0,0,0,1,12,5,0,0,200,0,0,1,56,0,200,200,200,200,200
377420,0,20,2,2,0,1,10,5,0,0,0,0,0,0,71,0,6,0,0,200,200
377420,0,20,2,2,0,1,10,5,0,0,0,0,0,0,55,0,0,0,0,200,200
377421,0,30,0,0,0,3,12,5,0,0,0,0,0,1,49,200,200,200,0,200,200
377421,0,30,0,0,0,3,12,5,0,0,0,0,0,0,42,0,0,0,0,200,200
377421,1,30,0,0,0,3,12,5,0,0,0,0,0,0,200,0,200,200,200,200,200
377426,0,30,0,0,0,1,10,2,0,0,200,0,0,1,200,200,200,200,200,200,200
377426,0,30,0,0,0,1,10,2,0,0,200,0,0,1,41,0,200,200,0,200,200
377428,0,30,0,0,0,1,7,5,0,0,0,0,200,2,200,200,200,200,200,200,200
377429,0,30,0,0,0,1,14,5,0,0,0,23,200,1,19,7,0,0,0,200,200
377429,1,30,0,0,0,1,14,5,0,0,0,23,200,0,200,0,200,200,200,200,200
377429,1,30,0,0,0,1,14,5,0,0,0,23,200,1,13,0,200,200,200,200,200
377429,1,30,0,0,0,1,14,5,0,0,0,23,200,0,200,0,200,200,200,200,200
377429,1,30,0,0,0,1,14,5,0,0,0,23,200,0,20,0,200,200,200,200,200
377431,0,30,0,0,0,1,10,5,0,0,0,0,0,0,27,200,200,0,0,200,200
377431,0,30,0,0,0,1,10,5,0,0,0,0,0,0,34,0,0,0,0,200,200
377437,0,30,0,0,0,1,10,5,0,0,0,7,16,1,37,0,15,0,0,200,200
377437,0,30,0,0,0,1,10,5,0,0,0,7,16,0,42,200,0,200,0,200,200
377438,0,30,200,200,2,1,10,2,0,0,0,18,200,0,19,0,1,200,0,200,200
377438,0,30,200,200,2,1,10,2,0,0,0,18,200,1,0,0,0,200,0,200,200
377445,0,20,0,0,0,1,4,5,0,0,0,0,0,0,30,0,12,0,0,200,200
377447,0,30,0,0,0,1,2,7,0,0,0,200,200,0,38,0,12,0,0,200,200
377450,0,30,1,2,0,1,12,2,0,0,0,0,200,0,200,200,200,200,200,200,200
377450,0,30,1,2,0,1,12,2,0,0,0,0,200,1,49,200,0,0,0,200,200
377453,0,30,0,0,0,1,11,7,0,0,0,11,0,0,74,200,6,0,0,200,200
377453,0,30,0,0,0,1,11,7,0,0,0,11,0,1,28,200,12,0,0,200,200
377458,0,30,1,2,0,1,12,1,0,0,0,22,21,1,20,0,4,0,0,200,200
377458,0,30,1,2,0,1,12,1,0,0,0,22,21,0,33,0,0,0,0,200,200
377458,1,30,1,2,0,1,12,1,0,0,0,22,21,0,46,0,200,200,200,200,200
377458,1,30,1,2,0,1,12,1,0,0,0,22,21,1,29,0,200,200,200,200,200
377458,1,30,1,2,0,1,12,1,0,0,0,22,21,1,29,0,200,200,200,200,200
377458,1,30,1,2,0,1,12,1,0,0,0,22,21,0,10,0,200,200,200,200,200
377458,1,30,1,2,0,1,12,1,0,0,0,22,21,0,6,0,200,200,200,200,200
377460,0,30,1,2,0,1,14,5,0,0,0,17,0,0,70,0,1,0,0,200,200
377460,0,30,1,2,0,1,14,5,0,0,0,17,0,0,69,7,1,0,0,200,200
377464,0,30,0,0,0,1,10,3,0,0,0,0,200,2,200,200,200,200,200,200,200
377464,0,30,0,0,0,1,10,3,0,0,0,0,200,1,37,200,0,0,0,200,200
377464,1,30,0,0,0,1,10,3,0,0,0,0,200,1,0,5,200,200,200,200,200
377465,0,35,0,0,0,1,11,7,0,0,0,20,20,1,200,200,6,200,200,200,200
377465,0,35,0,0,0,1,11,7,0,0,0,20,20,1,44,0,0,0,0,200,200
377467,0,30,0,0,0,1,10,5,0,200,200,18,11,0,28,0,3,200,0,200,200
377467,0,30,0,0,0,1,10,5,0,200,200,18,11,1,41,0,200,200,0,200,200
377468,0,30,2,2,0,1,11,5,0,0,0,17,200,1,45,0,1,0,0,200,200
377468,0,30,2,2,0,1,11,5,0,0,0,17,200,0,200,0,0,0,0,200,200
377478,0,30,0,0,0,1,7,5,0,0,0,0,200,2,200,200,15,200,200,200,200