RD_NO,PERSON_TYPE,POSTED_SPEED_LIMIT,TRAFFIC_CONTROL_DEVICE,DEVICE_CONDITION,WEATHER_CONDITION,LIGHTING_CONDITION,FIRST_CRASH_TYPE,TRAFFICWAY_TYPE,ALIGNMENT,ROADWAY_SURFACE_COND,ROAD_DEFECT,PRIM_CONTRIBUTORY_CAUSE,SEC_CONTRIBUTORY_CAUSE,SEX,AGE,SAFETY_EQUIPMENT,DRIVER_ACTION,DRIVER_VISION,PHYSICAL_CONDITION,BAC_RESULT VALUE,CELL_PHONE_USE
377479,0,30,1,2,0,1,14,5,0,0,200,0,0,0,25,200,1,0,0,200,200
377479,0,30,1,2,0,1,14,5,0,0,200,0,0,0,36,0,12,0,0,200,200
377479,1,30,1,2,0,1,14,5,0,0,200,0,0,1,1,5,200,200,200,200,200
377480,0,35,0,0,0,1,14,2,0,0,0,18,0,0,80,0,3,200,0,200,200
377480,0,35,0,0,0,1,14,2,0,0,0,18,0,0,57,0,0,200,0,200,200
377489,0,30,1,2,0,1,9,2,0,0,0,16,20,0,42,200,1,0,0,200,200
377489,5,30,1,2,0,1,9,2,0,0,0,16,20,1,67,7,12,0,0,200,200
377491,0,30,1,2,0,1,10,12,0,0,0,18,200,0,56,0,3,0,0,200,200
377491,0,30,1,2,0,1,10,12,0,0,0,18,200,0,50,0,0,0,0,200,200
377493,0,30,0,0,0,1,7,6,0,0,0,8,200,0,34,0,3,0,0,200,200
377495,0,30,0,0,0,1,7,6,0,200,0,0,200,2,200,200,200,200,200,200,200
377498,0,30,0,0,0,1,12,2,0,0,0,0,200,0,42,0,4,12,0,200,200
377498,0,30,0,0,0,1,12,2,0,0,0,0,200,0,32,0,0,0,0,200,200
377501,0,30,1,2,0,1,10,5,0,0,0,18,18,1,200,200,8,200,200,200,200
377501,0,30,1,2,0,1,10,5,0,0,0,18,18,0,52,0,0,0,0,200,200
377507,0,30,2,2,0,1,14,5,0,0,0,0,0,0,38,0,3,200,200,200,200
377507,0,30,2,2,0,1,14,5,0,0,0,0,0,1,41,0,0,0,0,200,200
377514,0,30,0,0,0,1,14,5,0,0,0,20,16,0,200,200,6,200,0,200,200
377514,0,30,0,0,0,1,14,5,0,0,0,20,16,1,57,0,0,0,0,200,200
377522,0,10,0,0,0,1,7,7,0,0,0,200,200,2,200,200,200,200,200,200,200
377523,0,45,0,0,0,1,12,3,5,0,0,0,0,1,80,0,4,0,0,200,200
377523,0,45,0,0,0,1,12,3,5,0,0,0,0,0,50,0,0,0,0,200,200
377524,0,30,0,0,0,1,0,5,0,0,0,0,0,0,61,0,0,0,0,200,200
377524,0,30,0,0,0,1,0,5,0,0,0,0,0,0,52,0,0,0,0,200,200
377527,0,30,1,2,0,1,10,5,0,200,200,18,18,1,200,200,3,200,200,200,200
377527,0,30,1,2,0,1,10,5,0,200,200,18,18,0,23,0,200,200,200,200,200
377534,0,30,0,0,0,1,14,5,2,0,0,17,11,1,78,0,1,12,0,200,200
377534,0,30,0,0,0,1,14,5,2,0,0,17,11,1,44,0,0,0,0,200,200
377543,0,30,0,0,0,1,7,6,0,0,0,0,0,2,200,200,10,200,200,200,200
377544,0,30,0,0,0,1,7,5,0,0,0,21,200,2,200,200,12,200,200,200,200
377545,0,30,0,0,0,1,10,5,0,0,200,18,200,1,18,200,3,200,0,200,200
377545,0,30,0,0,0,1,10,5,0,0,200,18,200,0,70,200,0,200,0,200,200
377545,0,30,0,0,0,1,10,5,0,0,200,18,200,0,200,200,0,200,0,200,200
377551,0,30,0,0,0,1,14,2,0,0,200,23,23,0,200,200,7,200,200,200,200
377551,0,30,0,0,0,1,14,2,0,0,200,23,23,0,37,0,0,200,0,200,200
377553,0,30,1,2,0,1,10,5,0,0,0,20,200,0,17,0,12,0,0,200,200
377553,0,30,1,2,0,1,10,5,0,0,0,20,200,1,32,0,0,0,0,200,200
377553,1,30,1,2,0,1,10,5,0,0,0,20,200,1,33,0,200,200,200,200,200
377553,1,30,1,2,0,1,10,5,0,0,0,20,200,1,53,0,200,200,200,200,200
377554,0,30,1,2,0,1,14,5,0,0,0,17,200,0,37,0,1,0,0,200,200
377554,0,30,1,2,0,1,14,5,0,0,0,17,200,0,63,0,0,0,0,200,200
377560,0,30,1,2,0,1,10,5,0,0,0,18,200,0,200,0,200,200,200,200,200
377560,0,30,1,2,0,1,10,5,0,0,0,18,200,1,76,0,3,0,0,200,200
377561,0,30,1,2,0,1,14,5,0,0,0,22,21,0,55,200,7,200,0,200,200
377561,0,30,1,2,0,1,14,5,0,0,0,22,21,0,17,200,0,200,0,200,200
377561,1,30,1,2,0,1,14,5,0,0,0,22,21,1,200,200,200,200,200,200,200
377561,1,30,1,2,0,1,14,5,0,0,0,22,21,0,200,200,200,200,200,200,200
377564,0,30,0,0,0,200,0,5,0,0,0,18,200,1,57,0,3,0,0,200,200
377564,0,30,0,0,0,200,0,5,0,0,0,18,200,1,200,200,0,200,200,200,200
377567,0,30,1,2,0,1,10,2,0,0,0,16,11,1,24,0,0,0,0,200,200
377567,0,30,1,2,0,1,10,2,0,0,0,16,11,1,18,0,1,0,0,200,200
377573,0,40,1,2,0,1,12,3,0,0,0,21,17,0,200,200,4,200,200,200,200
377573,0,40,1,2,0,1,12,3,0,0,0,21,17,0,19,0,0,0,0,200,200
377573,0,40,1,2,0,1,12,3,0,0,0,21,17,1,31,200,3,0,0,200,200
377573,0,40,1,2,0,1,12,3,0,0,0,21,17,0,35,200,3,200,200,200,200
377573,1,40,1,2,0,1,12,3,0,0,0,21,17,1,200,200,200,200,200,200,200
377574,0,20,0,0,0,1,2,5,0,0,0,14,16,0,200,200,12,200,200,200,200
377575,0,30,1,2,0,1,10,2,0,200,200,18,0,1,80,200,200,200,200,200,200
377575,0,30,1,2,0,1,10,2,0,200,200,18,0,1,37,200,200,200,200,200,200
377575,0,30,1,2,0,1,10,2,0,200,200,18,0,1,50,0,200,200,0,200,200
377575,1,30,1,2,0,1,10,2,0,200,200,18,0,0,61,0,200,200,200,200,200
377578,0,30,0,0,0,1,12,5,0,0,0,0,0,0,53,0,2,0,0,200,200
377578,0,30,0,0,0,1,12,5,0,0,0,0,0,0,62,0,0,0,0,200,200
377581,0,30,1,2,0,1,14,5,0,0,0,33,11,0,65,0,12,12,0,200,200
377581,0,30,1,2,0,1,14,5,0,0,0,33,11,1,49,0,0,0,0,200,200
377582,0,30,2,2,0,1,8,5,0,0,0,0,200,0,200,0,200,200,200,200,200
377582,4,30,2,2,0,1,8,5,0,0,0,0,200,0,18,7,0,0,200,200,200
377585,0,30,0,0,0,1,7,5,0,0,0,0,200,2,200,200,200,200,200,200,200
377590,0,30,0,0,200,200,7,5,0,0,0,20,200,2,200,200,200,200,200,200,200
377592,0,35,0,0,0,1,7,3,0,0,0,0,0,0,46,200,200,0,0,200,200
377592,1,35,0,0,0,1,7,3,0,0,0,0,0,1,29,200,200,200,200,200,200
377596,0,30,0,0,0,1,7,7,0,0,0,20,200,0,58,0,6,0,0,200,200
377597,0,30,0,0,0,1,10,5,0,0,0,16,0,0,56,200,3,0,0,200,200
377597,0,30,0,0,0,1,10,5,0,0,0,16,0,1,26,200,0,0,0,200,200
377600,0,30,0,0,200,200,7,6,0,200,0,17,0,2,200,200,1,200,200,200,200
377605,0,10,0,0,0,1,8,5,0,200,200,22,22,0,41,0,2,200,200,200,200
377605,4,10,0,0,0,1,8,5,0,200,200,22,22,0,200,200,2,200,200,200,200
377606,0,30,1,2,0,1,12,2,0,0,0,21,200,0,36,200,4,200,0,200,200
377606,0,30,1,2,0,1,12,2,0,0,0,21,200,0,34,0,0,0,0,200,200
377606,1,30,1,2,0,1,12,2,0,0,0,21,200,1,200,0,200,200,200,200,200
377608,0,25,0,0,0,1,10,5,0,0,0,18,14,0,65,200,200,0,0,200,200
377608,0,25,0,0,0,1,10,5,0,0,0,18,14,1,43,200,0,0,0,200,200
377608,0,25,0,0,0,1,10,5,0,0,0,18,14,0,51,200,0,0,0,200,200
377609,0,20,1,2,0,1,10,2,0,0,0,18,18,0,63,200,200,200,200,200,200
377609,0,20,1,2,0,1,10,2,0,0,0,18,18,0,0,200,0,200,0,200,200
377616,0,30,1,2,0,1,0,2,0,0,0,20,200,0,46,0,6,0,0,200,200
377616,0,30,1,2,0,1,0,2,0,0,0,20,200,0,69,0,0,0,0,200,200
377616,1,30,1,2,0,1,0,2,0,0,0,20,200,1,52,0,200,200,200,200,200
377619,0,30,1,2,0,1,0,5,0,0,0,6,200,1,43,0,5,0,0,200,200
377619,0,30,1,2,0,1,0,5,0,0,0,6,200,1,68,0,0,0,0,200,200
377619,0,30,1,2,0,1,0,5,0,0,0,6,200,1,24,0,0,0,0,200,200
377619,1,30,1,2,0,1,0,5,0,0,0,6,200,1,36,0,200,200,200,200,200
377619,1,30,1,2,0,1,0,5,0,0,0,6,200,1,36,0,200,200,200,200,200
377619,1,30,1,2,0,1,0,5,0,0,0,6,200,1,200,0,200,200,200,200,200
377620,0,30,0,0,0,1,7,7,0,0,0,0,0,2,200,200,200,200,200,200,200
377627,0,30,1,2,0,0,12,5,0,0,0,21,200,0,200,200,4,200,200,200,200
377627,0,30,1,2,0,0,12,5,0,0,0,21,200,0,52,0,0,0,0,200,200
377633,5,30,0,0,0,1,9,3,0,0,0,200,200,1,0,200,200,200,200,200,200
377633,0,30,0,0,0,1,9,3,0,0,0,200,200,0,30,0,0,0,0,200,200
377634,0,30,1,2,0,1,14,3,0,0,0,31,17,1,20,0,1,0,0,200,200
377634,0,30,1,2,0,1,14,3,0,0,0,31,17,0,53,0,0,0,0,200,200
377634,1,30,1,2,0,1,14,3,0,0,0,31,17,0,21,0,200,200,200,200,200
377634,1,30,1,2,0,1,14,3,0,0,0,31,17,1,20,0,200,200,200,200,200
377638,0,30,1,2,0,1,10,5,0,0,0,18,200,0,24,0,3,0,0,200,200
377638,0,30,1,2,0,1,10,5,0,0,0,18,200,1,43,0,0,0,0,200,200
377638,0,30,1,2,0,1,10,5,0,0,0,18,200,0,68,0,0,0,0,200,200
377638,1,30,1,2,0,1,10,5,0,0,0,18,200,0,13,0,200,200,200,200,200
377642,0,15,0,0,0,1,7,7,0,0,0,0,0,2,200,200,200,200,200,200,200
377643,0,30,0,0,0,1,5,6,0,0,0,33,33,0,42,0,12,3,0,200,200
377643,1,30,0,0,0,1,5,6,0,0,0,33,33,0,43,0,200,200,200,200,200
377645,0,10,0,0,0,1,0,7,0,0,0,0,200,1,200,0,6,0,0,200,200
377645,0,10,0,0,0,1,0,7,0,0,0,0,200,1,57,0,0,0,0,200,200
377645,1,10,0,0,0,1,0,7,0,0,0,0,200,1,59,0,200,200,200,200,200
377651,0,30,0,0,0,1,7,6,0,0,0,0,0,2,200,200,1,200,200,200,200
377652,0,10,0,0,0,1,11,7,0,200,200,20,20,1,60,0,6,200,0,200,200
377652,0,10,0,0,0,1,11,7,0,200,200,20,20,1,39,200,6,200,200,200,200
377652,1,10,0,0,0,1,11,7,0,200,200,20,20,2,200,200,200,200,200,200,200
377653,0,30,0,0,0,1,10,5,0,0,0,0,0,0,200,200,200,200,200,200,200
377653,0,30,0,0,0,1,10,5,0,0,0,0,0,1,26,0,200,200,200,200,200
377655,0,30,0,0,0,1,7,5,0,0,0,22,22,2,200,200,4,0,0,200,200
377660,0,15,0,0,0,200,7,7,0,0,0,0,0,2,200,200,200,200,200,200,200
377663,0,30,0,0,0,1,7,6,0,0,200,23,0,2,200,200,7,200,200,200,200
377672,0,35,0,0,0,1,7,5,0,0,0,0,0,2,200,200,200,200,200,200,200
377674,0,30,0,0,0,1,12,5,0,0,0,16,20,0,51,200,1,200,200,200,200
377674,0,30,0,0,0,1,12,5,0,0,0,16,20,1,42,200,10,200,0,200,200
377675,0,30,2,2,0,1,10,5,0,0,0,20,200,0,45,0,6,200,200,200,200
377675,0,30,2,2,0,1,10,5,0,0,0,20,200,0,22,0,200,200,0,200,200
377679,0,30,0,0,0,1,12,5,0,0,0,22,200,1,46,0,2,0,0,200,200
377679,0,30,0,0,0,1,12,5,0,0,0,22,200,0,51,0,0,0,0,200,200
377680,0,30,1,2,0,1,10,2,0,0,0,0,0,0,24,0,0,0,0,200,200
377680,0,30,1,2,0,1,10,2,0,0,0,0,0,0,27,0,0,0,0,200,200
377680,1,30,1,2,0,1,10,2,0,0,0,0,0,0,41,0,200,200,200,200,200
377680,1,30,1,2,0,1,10,2,0,0,0,0,0,0,27,0,200,200,200,200,200
377682,0,30,0,0,0,1,7,5,0,0,0,0,0,1,47,0,7,0,0,200,200
377683,0,30,2,2,0,1,0,2,0,0,0,17,16,0,42,200,1,1,0,200,200
377683,0,30,2,2,0,1,0,2,0,0,0,17,16,1,40,0,0,200,7,200,200
377683,1,30,2,2,0,1,0,2,0,0,0,17,16,0,2,5,200,200,200,200,200
377683,1,30,2,2,0,1,0,2,0,0,0,17,16,1,1,5,200,200,200,200,200
377684,0,30,1,2,0,1,10,5,0,0,0,18,200,1,27,0,3,0,0,200,200
377684,0,30,1,2,0,1,10,5,0,0,0,18,200,1,51,0,0,0,0,200,200
377684,0,30,1,2,0,1,10,5,0,0,0,18,200,1,22,0,0,0,0,200,200
377687,0,30,0,0,0,1,7,7,0,0,0,0,16,1,200,200,10,0,0,200,200
377689,0,30,0,0,0,1,14,5,0,0,0,17,21,0,200,200,1,200,200,200,200
377689,0,30,0,0,0,1,14,5,0,0,0,17,21,0,37,0,0,0,0,200,200
377692,0,30,1,2,0,3,10,5,0,0,0,200,200,0,17,0,6,0,0,200,200
377692,0,30,1,2,0,3,10,5,0,0,0,200,200,1,27,0,0,0,0,200,200
377694,0,30,2,2,0,1,10,5,0,0,0,0,0,1,200,0,200,0,0,200,200
377694,0,30,2,2,0,1,10,5,0,0,0,0,0,0,23,0,0,0,0,200,200
377695,0,30,0,0,0,1,12,5,0,0,0,0,200,0,25,200,2,0,0,200,200
377695,0,30,0,0,0,1,12,5,0,0,0,0,200,1,32,0,0,0,0,200,200
377698,0,10,0,0,0,1,0,7,0,0,0,20,200,1,58,0,6,0,0,200,200
377698,0,10,0,0,0,1,0,7,0,0,0,20,200,0,54,0,0,0,0,200,200
377703,0,30,2,2,0,1,0,5,0,0,0,17,11,1,50,0,1,0,0,200,200
377703,0,30,2,2,0,1,0,5,0,0,0,17,11,1,48,0,0,0,0,200,200
377703,1,30,2,2,0,1,0,5,0,0,0,17,11,1,18,0,200,200,200,200,200
377703,1,30,2,2,0,1,0,5,0,0,0,17,11,0,41,0,200,200,200,200,200
377703,1,30,2,2,0,1,0,5,0,0,0,17,11,1,7,5,200,200,200,200,200
377703,1,30,2,2,0,1,0,5,0,0,0,17,11,1,22,0,200,200,200,200,200
377703,1,30,2,2,0,1,0,5,0,0,0,17,11,1,11,0,200,200,200,200,200
377704,0,30,0,0,0,1,12,2,0,0,0,21,200,0,200,200,4,200,200,200,200
377704,0,30,0,0,0,1,12,2,0,0,0,21,200,1,29,7,0,0,0,200,200
377711,0,30,0,0,0,1,0,2,0,0,0,0,0,0,38,7,1,200,0,200,200
377711,0,30,0,0,0,1,0,2,0,0,0,0,0,1,73,200,0,200,0,200,200
377711,1,30,0,0,0,1,0,2,0,0,0,0,0,1,200,200,200,200,200,200,200
377711,1,30,0,0,0,1,0,2,0,0,0,0,0,2,200,200,200,200,200,200,200
377711,1,30,0,0,0,1,0,2,0,0,0,0,0,1,200,200,200,200,200,200,200
377719,0,30,1,2,0,1,14,12,0,0,0,17,16,1,18,200,1,0,0,200,200
377719,0,30,1,2,0,1,14,12,0,0,0,17,16,0,32,200,12,0,0,200,200
377724,0,30,1,2,0,1,10,5,0,0,0,0,0,0,200,200,200,200,200,200,200
377724,0,30,1,2,0,1,10,5,0,0,0,0,0,0,61,0,0,0,0,200,200
377725,0,30,0,0,0,1,8,5,0,0,0,17,200,1,200,200,12,200,200,200,200
377725,4,30,0,0,0,1,8,5,0,0,0,17,200,0,29,7,0,0,0,200,200
377729,0,30,0,0,0,1,7,2,0,0,0,20,200,1,23,0,6,0,0,200,200
377731,0,30,0,0,0,1,10,5,0,0,0,0,0,0,200,0,200,0,0,200,200
377731,0,30,0,0,0,1,10,5,0,0,0,0,0,0,32,0,0,0,0,200,200
377732,0,30,1,2,0,1,10,5,0,0,0,18,200,1,39,0,3,0,0,200,200
377732,0,30,1,2,0,1,10,5,0,0,0,18,200,1,200,200,0,200,200,200,200
377734,0,30,2,2,0,1,0,2,0,0,0,17,200,0,36,200,1,200,0,200,200
377734,0,30,2,2,0,1,0,2,0,0,0,17,200,1,26,200,0,200,0,200,200
377734,1,30,2,2,0,1,0,2,0,0,0,17,200,1,34,200,200,200,200,200,200
377735,0,30,0,0,0,3,10,3,0,0,0,18,18,0,200,200,3,200,200,200,200
377735,0,30,0,0,0,3,10,3,0,0,0,18,18,1,51,0,0,0,0,200,200
377738,0,30,0,0,0,1,2,2,0,0,200,200,200,1,24,200,200,200,12,200,200
377738,3,30,0,0,0,1,2,2,0,0,200,200,200,200,200,200,200,200,200,200,200
377740,0,30,0,0,0,1,7,6,0,0,0,0,16,1,48,0,200,0,200,200,200
377750,0,0,0,0,0,1,7,7,0,0,200,0,0,0,66,0,200,200,200,200,200
377751,0,30,0,0,0,1,7,5,0,0,0,21,200,0,62,200,2,0,0,200,200
377754,0,30,0,0,0,1,12,5,0,0,0,0,0,0,200,0,10,0,0,200,200
377754,0,30,0,0,0,1,12,5,0,0,0,0,0,1,59,0,0,0,0,200,200
377764,0,30,0,0,0,1,7,5,0,0,200,0,0,2,200,200,200,200,200,200,200
377765,0,30,0,0,0,0,2,0,0,0,0,0,200,0,200,200,200,200,200,200,200
377768,0,30,0,0,0,1,14,5,0,0,0,23,200,0,26,200,7,0,0,200,200
377768,0,30,0,0,0,1,14,5,0,0,0,23,200,0,43,0,0,0,0,200,200
377769,0,25,0,0,0,1,7,2,0,0,0,0,0,1,59,7,12,200,200,200,200
377771,0,30,2,0,0,1,0,5,0,0,0,0,200,0,200,200,200,200,200,200,200
377771,0,30,2,0,0,1,0,5,0,0,0,0,200,0,41,0,0,0,0,200,200
377778,0,30,0,0,0,1,0,7,0,0,0,20,200,0,50,200,6,200,200,200,200
377778,0,30,0,0,0,1,0,7,0,0,0,20,200,0,34,0,0,0,0,200,200
377779,0,30,1,2,0,1,10,5,0,0,0,21,200,0,200,0,12,0,0,200,200
377779,0,30,1,2,0,1,10,5,0,0,0,21,200,1,26,0,0,0,0,200,200
377779,1,30,1,2,0,1,10,5,0,0,0,21,200,1,28,0,200,200,200,200,200
377780,0,30,0,0,0,1,0,7,0,0,0,0,0,1,31,0,200,200,200,200,200
377780,0,30,0,0,0,1,0,7,0,0,0,0,0,0,57,0,200,200,200,200,200
377784,0,30,0,0,200,4,10,5,0,200,200,0,0,0,60,200,200,200,200,200,200
377784,0,30,0,0,200,4,10,5,0,200,200,0,0,1,24,0,0,0,200,200,200
377784,1,30,0,0,200,4,10,5,0,200,200,0,0,0,200,0,200,200,200,200,200
377785,0,30,0,0,0,1,2,5,0,0,0,0,0,0,20,0,200,200,200,200,200
377790,0,30,0,0,0,1,10,5,0,0,0,18,200,2,200,200,3,200,200,200,200
377790,0,30,0,0,0,1,10,5,0,0,0,18,200,1,34,0,0,0,0,200,200
377795,0,0,1,2,0,1,10,2,0,0,0,18,200,0,27,200,3,200,0,200,200
377795,0,0,1,2,0,1,10,2,0,0,0,18,200,1,36,200,12,200,0,200,200
377795,1,0,1,2,0,1,10,2,0,0,0,18,200,1,66,200,200,200,200,200,200
377795,1,0,1,2,0,1,10,2,0,0,0,18,200,0,0,5,200,200,200,200,200
377797,0,30,0,0,0,1,14,5,0,0,0,33,200,1,37,0,1,5,0,200,200
377797,0,30,0,0,0,1,14,5,0,0,0,33,200,1,54,0,0,200,0,200,200
377798,0,30,0,0,0,1,7,5,0,0,0,0,0,1,200,200,200,0,200,200,200
377799,0,30,2,12,0,1,0,5,0,0,0,11,0,0,200,200,200,200,200,200,200
377799,0,30,2,12,0,1,0,5,0,0,0,11,0,0,51,200,200,200,0,200,200
377799,1,30,2,12,0,1,0,5,0,0,0,11,0,2,200,200,200,200,200,200,200
377803,0,30,0,0,0,1,10,5,0,0,0,18,0,0,43,200,3,200,0,200,200
377803,0,30,0,0,0,1,10,5,0,0,0,18,0,1,40,0,0,0,0,200,200
377806,0,30,0,0,0,1,8,6,0,0,0,17,200,2,200,200,1,200,200,200,200
377806,4,30,0,0,0,1,8,6,0,0,0,17,200,0,13,0,0,0,0,200,200
377810,0,30,0,0,0,1,10,5,0,0,0,16,0,0,18,200,12,200,0,200,200
377810,0,30,0,0,0,1,10,5,0,0,0,16,0,1,52,200,0,200,0,200,200
377810,0,30,0,0,0,1,10,5,0,0,0,16,0,1,31,200,0,200,0,200,200
377810,1,30,0,0,0,1,10,5,0,0,0,16,0,1,3,5,200,200,200,200,200
377810,1,30,0,0,0,1,10,5,0,0,0,16,0,1,19,200,200,200,200,200,200
377815,0,30,2,2,0,1,0,5,0,0,0,17,17,1,51,0,1,0,0,200,200
377815,0,30,2,2,0,1,0,5,0,0,0,17,17,1,67,0,0,0,0,200,200
377816,0,30,1,2,0,1,12,2,0,0,0,21,200,1,45,0,1,0,200,200,200
377816,0,30,1,2,0,1,12,2,0,0,0,21,200,0,48,0,0,0,0,200,200
377817,0,30,0,0,0,1,12,2,0,0,0,21,11,1,26,200,4,200,0,200,200
377817,0,30,0,0,0,1,12,2,0,0,0,21,11,1,37,200,0,200,0,200,200
377818,0,30,0,0,0,1,10,5,0,0,0,0,0,0,0,200,1,0,0,200,200
377818,0,30,0,0,0,1,10,5,0,0,0,0,0,1,26,0,0,0,0,200,200
377821,0,30,1,2,0,1,12,5,0,0,0,13,200,1,27,0,12,0,0,200,200
377821,0,30,1,2,0,1,12,5,0,0,0,13,200,0,50,0,0,0,0,200,200
377822,0,20,0,0,0,1,7,2,0,0,200,200,200,2,200,200,200,200,200,200,200
377824,0,30,0,0,0,1,7,5,0,0,0,0,0,0,74,0,0,0,0,200,200
377824,1,30,0,0,0,1,7,5,0,0,0,0,0,0,43,0,200,200,200,200,200
377824,1,30,0,0,0,1,7,5,0,0,0,0,0,1,200,5,200,200,200,200,200
377829,0,30,2,200,0,1,0,3,0,0,2,5,17,1,59,200,1,0,0,200,200
377829,0,30,2,200,0,1,0,3,0,0,2,5,17,1,32,200,12,0,0,200,200
377831,0,30,0,0,0,1,7,3,0,0,0,0,200,1,200,200,1,200,200,200,200
377833,0,30,0,0,0,1,2,6,0,0,0,1,0,0,58,0,7,0,0,200,200
377834,0,30,12,0,0,1,7,7,0,0,0,0,0,2,200,200,200,200,200,200,200
377840,0,30,0,0,0,1,14,5,0,0,0,17,200,0,29,200,1,200,0,200,200
377840,0,30,0,0,0,1,14,5,0,0,0,17,200,1,47,200,0,200,0,200,200
377841,0,30,1,2,0,1,10,5,0,0,0,18,200,0,36,200,3,200,0,200,200
377841,0,30,1,2,0,1,10,5,0,0,0,18,200,0,21,0,0,0,0,200,200
377841,1,30,1,2,0,1,10,5,0,0,0,18,200,2,200,200,200,200,200,200,200
377841,1,30,1,2,0,1,10,5,0,0,0,18,200,2,200,200,200,200,200,200,200
377841,1,30,1,2,0,1,10,5,0,0,0,18,200,0,200,200,200,200,200,200,200
377841,1,30,1,2,0,1,10,5,0,0,0,18,200,1,200,0,200,200,200,200,200
377844,0,30,1,2,0,1,12,5,0,0,0,0,0,1,200,200,4,200,200,200,200
377844,0,30,1,2,0,1,12,5,0,0,0,0,0,1,44,0,0,0,0,200,200
377845,0,30,0,2,0,1,14,5,0,0,0,0,0,0,49,0,1,0,0,200,200
377845,0,30,0,2,0,1,14,5,0,0,0,0,0,1,73,0,0,0,0,200,200
377846,0,30,1,2,0,1,0,5,0,0,0,17,17,1,54,200,1,0,0,200,200
377846,0,30,1,2,0,1,0,5,0,0,0,17,17,0,62,0,0,0,0,200,200
377847,0,30,0,0,0,1,2,4,2,0,0,0,200,0,57,0,200,6,0,200,200
377854,0,30,1,2,0,1,10,5,0,0,0,18,18,2,200,200,1,200,200,200,200
377854,0,30,1,2,0,1,10,5,0,0,0,18,18,1,55,0,0,0,0,200,200
377856,0,30,1,2,0,1,14,2,0,0,0,25,200,0,200,200,1,200,200,200,200
377856,0,30,1,2,0,1,14,2,0,0,0,25,200,0,0,0,0,0,200,200,200
377859,0,30,0,0,0,1,0,5,0,0,0,17,200,1,28,0,1,0,0,200,200
377859,0,30,0,0,0,1,0,5,0,0,0,17,200,0,71,0,0,0,0,200,200
377859,0,30,0,0,0,1,0,5,0,0,0,17,200,0,26,0,0,0,0,200,200
377867,0,30,1,2,0,1,12,2,0,0,0,11,0,0,200,200,12,0,200,200,200
377867,0,30,1,2,0,1,12,2,0,0,0,11,0,0,36,0,0,0,0,200,200
377867,1,30,1,2,0,1,12,2,0,0,0,11,0,0,13,0,200,200,200,200,200
377868,0,30,1,2,0,1,10,5,0,0,0,0,0,0,200,200,12,200,0,200,200
377868,0,30,1,2,0,1,10,5,0,0,0,0,0,0,200,200,0,0,0,200,200
377869,0,30,2,2,0,1,14,5,0,0,0,17,200,1,35,0,1,0,0,200,200
377869,0,30,2,2,0,1,14,5,0,0,0,17,200,1,37,0,0,0,0,200,200
377872,0,30,0,0,0,1,8,2,0,0,0,25,33,0,55,200,12,200,0,200,200
377872,4,30,0,0,0,1,8,2,0,0,0,25,33,0,21,200,200,200,0,200,200
377874,4,15,0,0,0,1,8,0,0,0,0,17,200,200,200,2,1,2,200,200,200
377874,0,15,0,0,0,1,8,0,0,0,0,17,200,1,45,0,0,2,0,200,200
377895,0,30,1,2,0,1,10,5,0,0,0,18,200,0,52,0,3,0,0,200,200
377895,0,30,1,2,0,1,10,5,0,0,0,18,200,0,30,0,0,0,0,200,200
377897,0,30,0,0,0,1,7,6,0,0,0,0,200,0,27,0,200,0,0,200,200
377897,1,30,0,0,0,1,7,6,0,0,0,0,200,0,6,1,200,200,200,200,200
377897,1,30,0,0,0,1,7,6,0,0,0,0,200,0,8,1,200,200,200,200,200
377901,0,30,1,2,0,1,0,6,0,0,0,6,25,0,200,200,5,200,200,200,200
377901,0,30,1,2,0,1,0,6,0,0,0,6,25,0,40,0,0,0,0,200,200
377903,0,30,1,2,0,1,14,2,3,0,0,22,23,1,25,0,7,0,0,200,200
377903,0,30,1,2,0,1,14,2,3,0,0,22,23,1,26,1,0,0,0,200,200
377904,0,15,0,0,0,1,9,0,0,0,200,0,0,1,200,200,200,200,200,200,200
377904,5,15,0,0,0,1,9,0,0,0,200,0,0,0,59,200,200,200,2,200,200
377904,1,15,0,0,0,1,9,0,0,0,200,0,0,200,200,200,200,200,200,200,200
377910,0,30,0,0,0,1,0,5,0,0,0,17,0,1,50,0,0,0,0,200,200
377910,0,30,0,0,0,1,0,5,0,0,0,17,0,1,36,0,0,0,0,200,200
377910,1,30,0,0,0,1,0,5,0,0,0,17,0,1,200,0,200,200,200,200,200
377914,0,30,1,2,0,1,7,2,0,0,0,23,200,1,29,0,12,0,0,200,200
377914,1,30,1,2,0,1,7,2,0,0,0,23,200,0,200,0,200,200,200,200,200
377916,0,30,0,0,0,4,7,7,0,0,0,0,200,2,200,200,200,200,200,200,200
377917,0,30,0,0,0,1,12,2,0,0,200,0,0,0,28,0,200,200,0,200,200
377917,0,30,0,0,0,1,12,2,0,0,200,0,0,0,55,0,0,200,0,200,200
377918,0,30,0,0,0,1,14,2,0,0,0,18,16,1,28,200,2,0,0,200,200
377918,0,30,0,0,0,1,14,2,0,0,0,18,16,1,32,200,2,0,0,200,200
377929,0,15,0,0,0,1,7,0,0,0,0,0,200,0,200,200,200,200,200,200,200
377929,1,15,0,0,0,1,7,0,0,0,0,0,200,0,200,200,200,200,200,200,200
377934,0,25,0,0,0,1,7,5,0,0,0,0,200,2,200,200,200,200,200,200,200
377939,0,30,1,2,0,1,14,2,0,200,200,23,22,0,37,200,7,200,200,200,200
377939,0,30,1,2,0,1,14,2,0,200,200,23,22,1,27,0,200,200,0,200,200