RD_NO,PERSON_TYPE,POSTED_SPEED_LIMIT,TRAFFIC_CONTROL_DEVICE,DEVICE_CONDITION,WEATHER_CONDITION,LIGHTING_CONDITION,FIRST_CRASH_TYPE,TRAFFICWAY_TYPE,ALIGNMENT,ROADWAY_SURFACE_COND,ROAD_DEFECT,PRIM_CONTRIBUTORY_CAUSE,SEC_CONTRIBUTORY_CAUSE,SEX,AGE,SAFETY_EQUIPMENT,DRIVER_ACTION,DRIVER_VISION,PHYSICAL_CONDITION,BAC_RESULT VALUE,CELL_PHONE_USE
377939,1,30,1,2,0,1,14,2,0,200,200,23,22,0,200,200,200,200,200,200,200
377939,1,30,1,2,0,1,14,2,0,200,200,23,22,0,200,200,200,200,200,200,200
377941,0,25,1,200,0,1,10,2,0,0,0,18,18,1,39,200,3,200,200,200,200
377941,0,25,1,200,0,1,10,2,0,0,0,18,18,1,57,0,0,0,0,200,200
377949,0,30,0,0,0,1,8,5,0,0,0,0,0,0,200,200,1,200,200,200,200
377949,4,30,0,0,0,1,8,5,0,0,0,0,0,0,24,3,0,0,0,200,200
377953,0,30,0,0,0,3,7,5,0,0,200,0,200,1,21,200,200,200,200,200,200
377953,1,30,0,0,0,3,7,5,0,0,200,0,200,200,200,200,200,200,200,200,200
377953,1,30,0,0,0,3,7,5,0,0,200,0,200,200,200,200,200,200,200,200,200
377964,0,30,0,0,0,1,7,5,0,0,0,200,200,0,40,0,200,0,0,200,200
377964,1,30,0,0,0,1,7,5,0,0,0,200,200,0,12,0,200,200,200,200,200
377966,0,30,0,0,0,1,7,6,0,200,200,0,200,2,200,200,200,200,200,200,200
377967,0,30,1,2,0,1,8,5,0,0,0,17,21,0,200,200,1,200,200,200,200
377967,4,30,1,2,0,1,8,5,0,0,0,17,21,0,31,3,0,0,0,200,200
377968,0,30,0,0,0,2,3,7,0,0,0,16,0,1,30,200,10,200,0,200,200
377968,0,30,0,0,0,2,3,7,0,0,0,16,0,0,28,200,0,200,0,200,200
377968,1,30,0,0,0,2,3,7,0,0,0,16,0,1,28,200,200,200,200,200,200
377968,1,30,0,0,0,2,3,7,0,0,0,16,0,0,29,200,200,200,200,200,200
377975,0,35,1,2,0,1,12,1,0,0,0,0,0,0,38,200,200,0,0,200,200
377975,0,35,1,2,0,1,12,1,0,0,0,0,0,0,25,200,0,0,0,200,200
377975,0,35,1,2,0,1,12,1,0,0,0,0,0,0,27,7,0,0,0,200,200
377978,0,30,0,0,0,4,14,2,0,0,200,17,200,2,200,200,200,200,200,200,200
377978,0,30,0,0,0,4,14,2,0,0,200,17,200,0,24,200,0,200,0,200,200
377978,0,30,0,0,0,4,14,2,0,0,200,17,200,0,24,200,0,200,0,200,200
377978,1,30,0,0,0,4,14,2,0,0,200,17,200,0,25,200,200,200,200,200,200
377979,0,30,0,0,0,1,12,5,0,0,0,23,200,1,31,7,0,0,0,200,200
377979,0,30,0,0,0,1,12,5,0,0,0,23,200,2,200,200,0,200,200,200,200
377984,0,35,0,0,0,3,10,3,0,0,0,18,0,1,51,0,3,0,0,200,200
377984,0,35,0,0,0,3,10,3,0,0,0,18,0,0,53,0,0,0,0,200,200
377987,0,15,0,0,0,4,0,7,0,200,200,0,200,0,63,200,6,200,200,200,200
377987,0,15,0,0,0,4,0,7,0,200,200,0,200,1,45,0,200,0,0,200,200
377995,0,30,0,12,0,1,14,5,0,0,0,23,200,0,200,200,7,200,200,200,200
377995,0,30,0,12,0,1,14,5,0,0,0,23,200,1,18,0,0,0,0,200,200
377995,1,30,0,12,0,1,14,5,0,0,0,23,200,1,18,0,200,200,200,200,200
377999,0,30,200,200,0,1,7,5,0,0,0,0,200,2,200,200,200,200,200,200,200
378003,0,30,0,0,0,1,2,2,0,0,200,13,0,0,45,0,0,200,0,200,200
378003,1,30,0,0,0,1,2,2,0,0,200,13,0,1,43,0,200,200,200,200,200
378005,0,30,0,0,0,3,10,2,0,0,0,0,0,1,25,0,3,0,0,200,200
378005,0,30,0,0,0,3,10,2,0,0,0,0,0,1,51,0,0,0,0,200,200
378007,0,30,1,2,0,4,10,6,0,0,0,18,200,0,59,0,3,0,0,200,200
378007,0,30,1,2,0,4,10,6,0,0,0,18,200,0,36,0,0,0,0,200,200
378008,0,30,1,2,0,1,7,6,0,0,0,22,200,0,49,200,12,200,200,200,200
378028,0,30,1,200,0,3,10,5,0,200,200,0,0,1,34,200,200,200,200,200,200
378028,0,30,1,200,0,3,10,5,0,200,200,0,0,1,59,0,0,0,0,200,200
378033,0,30,1,2,0,1,10,5,0,0,0,18,200,1,200,200,3,200,200,200,200
378033,0,30,1,2,0,1,10,5,0,0,0,18,200,1,63,0,200,200,0,200,200
378034,0,30,0,0,0,3,14,5,0,0,0,23,0,2,200,200,7,200,200,200,200
378034,0,30,0,0,0,3,14,5,0,0,0,23,0,1,41,0,0,0,0,200,200
378036,0,30,2,2,0,1,12,2,0,0,0,18,0,0,200,200,3,0,0,200,200
378036,0,30,2,2,0,1,12,2,0,0,0,18,0,0,31,0,12,0,0,200,200
378036,1,30,2,2,0,1,12,2,0,0,0,18,0,200,200,200,200,200,200,200,200
378036,1,30,2,2,0,1,12,2,0,0,0,18,0,2,200,200,200,200,200,200,200
378036,1,30,2,2,0,1,12,2,0,0,0,18,0,1,200,200,200,200,200,200,200
378038,0,5,12,1,0,0,2,7,0,0,0,3,200,0,29,0,12,0,0,200,200
378038,1,5,12,1,0,0,2,7,0,0,0,3,200,0,200,0,200,200,200,200,200
378045,0,15,200,200,0,200,2,7,0,0,0,200,200,0,34,0,200,0,0,200,200
378048,0,30,2,2,0,1,0,12,0,0,0,17,17,1,47,0,1,0,0,200,200
378048,0,30,2,2,0,1,0,12,0,0,0,17,17,0,56,0,0,0,0,200,200
378050,0,30,0,0,0,3,14,5,0,0,0,23,0,0,47,0,7,0,0,200,200
378050,0,30,0,0,0,3,14,5,0,0,0,23,0,0,19,0,0,0,0,200,200
378054,0,35,0,200,0,1,0,7,0,0,0,0,0,0,200,200,200,200,200,200,200
378054,0,35,0,200,0,1,0,7,0,0,0,0,0,0,17,0,12,0,0,200,200
378060,0,30,0,0,0,3,7,5,0,0,0,0,0,2,200,200,200,200,200,200,200
378065,0,30,0,0,0,3,2,5,0,0,0,16,16,1,58,0,10,0,0,200,200
378068,0,15,0,0,0,1,7,7,0,0,0,0,0,0,200,200,200,200,200,200,200
378070,0,30,2,2,0,1,0,6,0,0,0,17,16,0,51,0,1,0,0,200,200
378070,0,30,2,2,0,1,0,6,0,0,0,17,16,1,35,0,0,0,0,200,200
378070,1,30,2,2,0,1,0,6,0,0,0,17,16,0,62,7,200,200,200,200,200
378075,0,10,0,0,0,3,7,12,0,0,0,20,200,0,62,0,6,0,0,200,200
378075,1,10,0,0,0,3,7,12,0,0,0,20,200,0,13,0,200,200,200,200,200
378077,0,30,0,0,0,1,7,5,0,0,0,0,200,0,200,200,6,200,200,200,200
378077,1,30,0,0,0,1,7,5,0,0,0,0,200,2,200,200,200,200,200,200,200
378077,1,30,0,0,0,1,7,5,0,0,0,0,200,2,200,0,200,200,200,200,200
378082,0,35,1,2,0,0,14,6,0,0,0,0,0,0,45,0,200,0,0,200,200
378082,0,35,1,2,0,0,14,6,0,0,0,0,0,0,36,0,200,0,0,200,200
378086,0,30,0,0,0,2,14,5,0,0,0,17,200,0,75,0,1,0,0,200,200
378086,0,30,0,0,0,2,14,5,0,0,0,17,200,1,56,0,0,0,0,200,200
378089,0,30,2,2,0,0,0,6,0,0,0,17,0,0,42,200,1,0,0,200,200
378089,0,30,2,2,0,0,0,6,0,0,0,17,0,1,27,200,0,0,0,200,200
378091,0,30,0,0,0,1,10,5,0,0,0,20,0,1,29,200,6,0,0,200,200
378091,0,30,0,0,0,1,10,5,0,0,0,20,0,1,30,0,0,0,0,200,200
378094,0,30,0,0,0,1,7,5,0,0,0,0,0,2,200,200,200,200,200,200,200
378099,0,30,0,0,0,0,0,5,0,0,0,17,16,0,200,200,12,200,200,200,200
378099,0,30,0,0,0,0,0,5,0,0,0,17,16,0,200,0,0,0,0,200,200
378100,0,30,1,2,0,1,10,5,0,0,200,0,0,0,35,200,200,200,200,200,200
378100,0,30,1,2,0,1,10,5,0,0,200,0,0,1,46,0,0,200,0,200,200
378100,1,30,1,2,0,1,10,5,0,0,200,0,0,1,200,0,200,200,200,200,200
378100,1,30,1,2,0,1,10,5,0,0,200,0,0,1,200,0,200,200,200,200,200
378103,0,20,2,2,0,3,0,12,0,0,1,5,16,1,23,0,1,0,0,200,200
378103,0,20,2,2,0,3,0,12,0,0,1,5,16,0,27,0,0,0,0,200,200
378115,0,30,1,2,0,3,14,12,0,0,1,16,14,0,23,200,8,0,0,200,200
378115,0,30,1,2,0,3,14,12,0,0,1,16,14,0,68,200,0,0,0,200,200
378115,1,30,1,2,0,3,14,12,0,0,1,16,14,1,23,200,200,200,200,200,200
378119,0,40,1,2,0,3,5,3,0,0,0,33,200,0,26,0,0,12,0,200,200
378119,1,40,1,2,0,3,5,3,0,0,0,33,200,0,24,0,200,200,200,200,200
378122,0,30,0,0,0,0,2,3,0,0,0,11,0,0,55,200,12,0,0,200,200
378128,0,30,2,2,0,3,14,2,0,0,0,17,17,0,31,200,1,0,0,200,200
378128,0,30,2,2,0,3,14,2,0,0,0,17,17,0,35,200,12,0,0,200,200
378132,0,30,0,0,0,3,9,5,0,0,0,0,200,2,200,200,200,200,200,200,200
378132,5,30,0,0,0,3,9,5,0,0,0,0,200,0,48,7,0,0,5,200,200
378135,0,20,0,0,0,1,7,5,0,0,0,14,0,0,200,200,8,200,200,200,200
378139,0,30,1,2,0,3,14,2,0,0,200,23,200,1,200,200,7,200,200,200,200
378139,0,30,1,2,0,3,14,2,0,0,200,23,200,1,42,0,0,0,0,200,200
378144,0,30,0,0,0,3,7,5,0,0,0,27,200,0,65,0,200,0,12,200,200
378152,0,30,0,0,0,3,7,6,0,0,0,21,200,2,200,200,200,200,200,200,200
378156,0,30,0,0,0,0,7,6,0,0,0,16,200,1,21,200,6,200,0,200,200
378158,0,30,0,0,0,3,10,3,0,0,0,18,0,0,25,0,3,0,0,200,200
378158,0,30,0,0,0,3,10,3,0,0,0,18,0,0,50,0,0,0,0,200,200
378163,0,5,0,0,0,3,7,7,0,0,0,0,0,0,200,200,200,200,200,200,200
378163,1,5,0,0,0,3,7,7,0,0,0,0,0,0,60,200,200,200,200,200,200
378166,0,30,1,2,0,4,0,5,0,0,0,6,200,0,32,0,5,0,0,200,200
378166,0,30,1,2,0,4,0,5,0,0,0,6,200,0,49,0,0,0,0,200,200
378166,0,30,1,2,0,4,0,5,0,0,0,6,200,0,40,0,0,0,0,200,200
378166,1,30,1,2,0,4,0,5,0,0,0,6,200,0,66,0,200,200,200,200,200
378166,1,30,1,2,0,4,0,5,0,0,0,6,200,1,56,0,200,200,200,200,200
378166,1,30,1,2,0,4,0,5,0,0,0,6,200,1,29,0,200,200,200,200,200
378166,1,30,1,2,0,4,0,5,0,0,0,6,200,1,61,0,200,200,200,200,200
378166,1,30,1,2,0,4,0,5,0,0,0,6,200,1,35,0,200,200,200,200,200
378170,0,30,200,200,0,1,9,200,0,0,0,0,0,1,200,200,200,200,200,200,200
378170,5,30,200,200,0,1,9,200,0,0,0,0,0,1,29,7,0,200,200,200,200
378171,0,30,0,0,0,3,7,5,0,0,0,30,200,0,28,0,11,0,0,200,1
378180,0,30,0,0,0,3,12,5,0,0,0,17,200,0,200,200,200,200,200,200,200
378180,0,30,0,0,0,3,12,5,0,0,0,17,200,0,39,200,0,0,0,200,200
378180,1,30,0,0,0,3,12,5,0,0,0,17,200,1,200,200,200,200,200,200,200
378186,0,30,0,0,0,3,12,2,3,0,0,21,200,0,35,200,4,200,200,200,200
378186,0,30,0,0,0,3,12,2,3,0,0,21,200,0,54,200,0,0,0,200,200
378186,1,30,0,0,0,3,12,2,3,0,0,21,200,1,200,200,200,200,200,200,200
378199,0,30,0,2,0,0,2,5,0,0,0,25,32,0,18,200,200,200,5,0.17,200
378199,0,30,0,2,0,0,2,5,0,0,0,25,32,1,27,200,0,0,0,200,200
378199,0,30,0,2,0,0,2,5,0,0,0,25,32,0,21,200,0,0,0,200,200
378199,1,30,0,2,0,0,2,5,0,0,0,25,32,0,4,200,200,200,200,200,200
378199,1,30,0,2,0,0,2,5,0,0,0,25,32,1,34,200,200,200,200,200,200
378199,1,30,0,2,0,0,2,5,0,0,0,25,32,1,41,200,200,200,200,200,200
378203,0,30,2,2,0,3,0,5,0,0,0,0,0,0,200,200,1,200,200,200,200
378203,0,30,2,2,0,3,0,5,0,0,0,0,0,0,24,0,0,0,0,200,200
378206,0,30,0,0,0,3,11,5,0,0,0,21,0,0,24,200,4,200,0,200,200
378206,0,30,0,0,0,3,11,5,0,0,0,21,0,0,52,200,4,200,0,200,200
378208,0,35,2,2,0,3,0,5,0,0,0,17,0,0,63,200,200,200,0,200,200
378208,0,35,2,2,0,3,0,5,0,0,0,17,0,0,27,200,1,200,0,200,200
378208,1,35,2,2,0,3,0,5,0,0,0,17,0,1,200,200,200,200,200,200,200
378208,1,35,2,2,0,3,0,5,0,0,0,17,0,1,200,200,200,200,200,200,200
378208,1,35,2,2,0,3,0,5,0,0,0,17,0,0,200,200,200,200,200,200,200
378208,1,35,2,2,0,3,0,5,0,0,0,17,0,0,200,200,200,200,200,200,200
378209,0,30,0,0,0,3,8,5,0,0,0,7,200,0,31,0,10,0,0,200,200
378209,4,30,0,0,0,3,8,5,0,0,0,7,200,0,200,7,2,0,0,200,200
378219,0,5,0,0,0,0,7,6,0,0,0,0,0,2,200,200,200,200,200,200,200
378226,0,30,1,2,0,3,12,5,0,0,0,0,0,0,40,0,200,0,0,200,200
378226,0,30,1,2,0,3,12,5,0,0,0,0,0,0,36,0,0,0,0,200,200
378227,0,30,1,2,0,4,9,2,0,0,0,17,0,1,200,200,1,200,200,200,200
378227,5,30,1,2,0,4,9,2,0,0,0,17,0,1,32,7,0,12,12,200,200
378232,0,15,0,0,0,1,14,7,0,0,0,18,0,1,200,200,3,200,200,200,200
378232,0,15,0,0,0,1,14,7,0,0,0,18,0,1,59,0,0,0,0,200,200
378237,0,25,2,0,0,3,7,5,0,0,0,0,0,2,200,200,200,200,200,200,200
378242,0,30,1,2,0,0,10,5,0,0,0,18,0,1,32,0,0,0,0,200,200
378242,0,30,1,2,0,0,10,5,0,0,0,18,0,0,200,200,3,200,200,200,200
378242,1,30,1,2,0,0,10,5,0,0,0,18,0,0,200,0,200,200,200,200,200
378242,1,30,1,2,0,0,10,5,0,0,0,18,0,2,200,200,200,200,200,200,200
378244,0,30,1,2,0,3,12,2,0,0,0,0,200,0,200,200,200,200,200,200,200
378244,0,30,1,2,0,3,12,2,0,0,0,0,200,0,24,200,0,0,0,200,200
378247,0,10,0,0,0,3,10,7,0,0,0,18,200,0,25,0,3,0,0,200,200
378247,0,10,0,0,0,3,10,7,0,0,0,18,200,1,50,0,0,0,0,200,200
378247,1,10,0,0,0,3,10,7,0,0,0,18,200,1,55,0,200,200,200,200,200
378253,0,10,0,0,0,3,0,7,0,0,200,17,0,1,21,0,6,200,0,200,200
378253,0,10,0,0,0,3,0,7,0,0,200,17,0,0,200,200,0,200,200,200,200
378254,0,35,1,2,0,3,12,3,0,0,0,22,200,2,200,200,4,200,200,200,200
378254,0,35,1,2,0,3,12,3,0,0,0,22,200,1,40,0,0,0,0,200,200
378254,0,35,1,2,0,3,12,3,0,0,0,22,200,0,72,0,0,0,0,200,200
378254,1,35,1,2,0,3,12,3,0,0,0,22,200,1,53,0,200,200,200,200,200
378254,1,35,1,2,0,3,12,3,0,0,0,22,200,2,200,5,200,200,200,200,200
378257,0,30,0,0,0,3,7,12,0,0,0,200,200,2,200,200,6,200,200,200,200
378259,0,30,1,2,0,3,0,5,0,0,0,6,200,2,200,200,5,200,200,200,200
378259,0,30,1,2,0,3,0,5,0,0,0,6,200,0,24,0,0,0,0,200,200
378260,0,30,0,0,0,3,12,2,0,0,0,22,200,2,200,200,2,200,200,200,200
378260,0,30,0,0,0,3,12,2,0,0,0,22,200,0,24,0,0,0,0,200,200
378265,0,30,2,1,0,0,10,2,0,0,0,18,200,2,200,200,3,200,200,200,200
378265,0,30,2,1,0,0,10,2,0,0,0,18,200,0,36,200,0,200,0,200,200
378266,0,30,0,0,0,3,10,6,0,0,200,18,0,0,200,200,3,200,200,200,200
378266,0,30,0,0,0,3,10,6,0,0,200,18,0,1,52,0,0,0,0,200,200
378271,0,30,0,0,0,3,14,2,0,0,0,23,200,0,18,200,7,200,200,200,200
378271,0,30,0,0,0,3,14,2,0,0,0,23,200,1,39,200,0,200,0,200,200
378273,0,30,0,0,0,0,7,6,0,0,200,0,200,0,37,200,200,200,0,200,200
378275,0,30,1,2,0,3,14,2,0,0,0,17,0,1,24,0,1,0,0,200,200
378275,0,30,1,2,0,3,14,2,0,0,0,17,0,0,21,0,0,0,0,200,200
378275,1,30,1,2,0,3,14,2,0,0,0,17,0,1,19,0,200,200,200,200,200
378275,1,30,1,2,0,3,14,2,0,0,0,17,0,200,200,0,200,200,200,200,200
378278,0,25,0,0,0,0,7,5,0,0,0,12,200,0,29,200,12,0,0,200,200
378290,0,25,0,0,0,3,4,5,0,0,3,200,200,0,45,200,0,200,0,200,200
378300,0,40,0,0,0,3,2,3,3,0,3,11,15,0,20,0,8,0,0,200,200
378302,0,30,0,0,0,3,7,2,0,0,0,0,0,0,28,200,200,200,200,200,200
378313,0,25,1,2,0,0,7,6,0,0,0,16,0,0,30,200,8,200,200,200,200
378316,0,35,0,0,0,3,7,5,0,0,0,0,200,0,32,200,200,0,0,200,200
378318,0,30,0,0,0,3,7,5,0,0,0,21,16,0,44,200,4,0,200,200,200
378324,0,25,2,2,0,3,7,6,0,0,0,200,200,0,22,7,12,12,12,200,200
378324,1,25,2,2,0,3,7,6,0,0,0,200,200,1,20,7,200,200,200,200,200
378326,0,30,1,1,2,3,10,3,0,0,0,18,18,0,200,200,1,200,200,200,200
378326,0,30,1,1,2,3,10,3,0,0,0,18,18,0,34,0,0,0,0,200,200
378328,4,30,0,0,0,3,8,6,0,0,3,17,0,0,26,2,1,0,3,200,200
378328,0,30,0,0,0,3,8,6,0,0,3,17,0,0,25,200,0,0,0,200,200
378332,0,30,0,0,0,3,12,2,0,0,0,17,200,0,40,200,12,200,0,200,200
378332,0,30,0,0,0,3,12,2,0,0,0,17,200,0,37,200,0,200,0,200,200
378362,0,30,1,2,0,3,0,12,0,0,0,6,16,1,29,200,5,200,200,200,200
378362,0,30,1,2,0,3,0,12,0,0,0,6,16,1,46,0,12,200,200,200,200
378362,0,30,1,2,0,3,0,12,0,0,0,6,16,1,29,0,12,0,0,200,200
378362,1,30,1,2,0,3,0,12,0,0,0,6,16,0,24,0,200,200,200,200,200
378362,1,30,1,2,0,3,0,12,0,0,0,6,16,1,30,0,200,200,200,200,200
378363,0,25,0,0,0,3,7,5,0,0,0,0,16,0,41,0,200,200,0,200,200
378371,0,30,0,0,0,3,14,2,0,0,0,17,0,1,26,0,1,200,0,200,200
378371,0,30,0,0,0,3,14,2,0,0,0,17,0,0,61,0,0,0,0,200,200
378377,0,30,0,0,0,3,10,2,0,0,0,18,200,0,200,200,200,200,200,200,200
378377,0,30,0,0,0,3,10,2,0,0,0,18,200,1,19,0,0,0,0,200,200
378377,1,30,0,0,0,3,10,2,0,0,0,18,200,200,200,0,200,200,200,200,200
378384,0,30,0,0,0,1,7,5,0,0,0,200,200,1,32,0,0,0,0,200,200
378385,0,35,2,2,0,3,0,3,0,0,0,17,200,0,22,0,1,0,0,200,200
378385,0,35,2,2,0,3,0,3,0,0,0,17,200,0,26,0,0,0,0,200,200
378385,1,35,2,2,0,3,0,3,0,0,0,17,200,200,200,0,200,200,200,200,200
378385,1,35,2,2,0,3,0,3,0,0,0,17,200,200,200,0,200,200,200,200,200
378385,1,35,2,2,0,3,0,3,0,0,0,17,200,200,200,0,200,200,200,200,200
378385,1,35,2,2,0,3,0,3,0,0,0,17,200,200,200,0,200,200,200,200,200
378386,0,30,2,2,0,3,7,6,0,0,0,200,200,2,200,200,15,200,200,200,200
378388,0,30,0,0,0,3,7,5,0,0,0,0,0,0,21,200,200,200,0,200,200
378389,0,10,0,0,0,0,7,7,0,0,0,20,17,1,200,200,6,0,0,200,200
378389,1,10,0,0,0,0,7,7,0,0,0,20,17,1,200,200,200,200,200,200,200
378389,1,10,0,0,0,0,7,7,0,0,0,20,17,0,200,200,200,200,200,200,200
378389,1,10,0,0,0,0,7,7,0,0,0,20,17,0,29,200,200,200,200,200,200
378398,0,30,3,2,0,3,12,2,0,0,0,18,16,1,17,200,3,200,200,200,200
378398,0,30,3,2,0,3,12,2,0,0,0,18,16,0,40,200,0,0,0,200,200
378398,1,30,3,2,0,3,12,2,0,0,0,18,16,0,26,200,200,200,200,200,200
378406,0,30,200,200,0,4,10,8,0,0,200,200,0,0,200,200,200,200,200,200,200
378406,0,30,200,200,0,4,10,8,0,0,200,200,0,0,200,200,200,200,200,200,200
378406,0,30,200,200,0,4,10,8,0,0,200,200,0,0,50,0,0,200,1,200,200
378406,1,30,200,200,0,4,10,8,0,0,200,200,0,200,200,0,200,200,200,200,200
378410,0,30,0,2,0,3,7,5,0,0,200,32,23,0,33,200,7,0,5,200,200
378412,0,30,0,0,0,3,7,5,0,0,0,21,16,0,36,200,4,200,0,200,200
378417,0,30,0,0,0,3,7,5,0,0,0,33,0,0,36,200,12,0,0,200,200
378420,0,30,1,2,0,3,14,5,0,0,0,17,200,0,35,200,200,200,200,200,200
378420,0,30,1,2,0,3,14,5,0,0,0,17,200,1,26,0,200,0,0,200,200
378420,1,30,1,2,0,3,14,5,0,0,0,17,200,1,22,0,200,200,200,200,200
378426,0,30,1,2,0,3,0,2,0,0,0,6,16,1,35,0,5,0,0,200,200
378426,0,30,1,2,0,3,0,2,0,0,0,6,16,1,38,0,0,0,0,200,200
378426,1,30,1,2,0,3,0,2,0,0,0,6,16,0,25,0,200,200,200,200,200
378426,1,30,1,2,0,3,0,2,0,0,0,6,16,0,19,0,200,200,200,200,200
378427,0,25,0,0,0,3,7,5,0,200,200,0,0,1,200,200,200,200,200,200,200
378429,0,30,2,2,0,3,0,12,0,0,0,16,200,0,200,200,200,200,200,200,200
378429,0,30,2,2,0,3,0,12,0,0,0,16,200,0,64,0,0,200,200,200,200
378432,0,30,0,0,0,3,7,5,0,0,0,200,200,1,49,200,12,0,0,200,200
378432,1,30,0,0,0,3,7,5,0,0,0,200,200,0,35,200,200,200,200,200,200
378434,0,30,1,2,0,3,7,5,0,0,0,0,200,0,38,0,0,0,0,200,200
378436,0,30,0,0,0,3,2,2,0,0,0,0,0,0,0,0,200,200,200,200,200
378439,0,30,0,0,0,3,2,12,0,0,0,0,0,0,41,0,200,0,200,200,200
378441,0,30,0,0,0,0,10,6,0,0,0,23,200,1,200,0,7,0,0,200,200
378441,0,30,0,0,0,0,10,6,0,0,0,23,200,0,43,0,0,0,0,200,200
378449,0,35,2,2,0,1,7,5,0,0,0,2,200,1,22,200,15,0,12,200,1
378465,0,30,0,0,0,1,7,5,0,0,0,200,200,2,200,200,200,200,200,200,200
378471,0,30,1,2,0,3,10,2,0,0,0,18,200,2,200,200,3,200,200,200,200
378471,0,30,1,2,0,3,10,2,0,0,0,18,200,0,30,200,0,4,0,200,200
378472,0,20,0,0,2,1,7,6,0,0,0,21,0,0,38,200,200,200,0,200,200
378474,0,30,0,0,0,3,7,2,0,0,0,0,200,0,200,200,1,200,200,200,200
378477,0,30,0,0,0,1,10,5,0,0,0,23,11,1,37,200,7,0,200,200,200
378477,0,30,0,0,0,1,10,5,0,0,0,23,11,1,30,0,1,0,200,200,200
378477,1,30,0,0,0,1,10,5,0,0,0,23,11,1,34,200,200,200,200,200,200
378479,0,30,0,0,0,3,7,6,0,0,0,0,0,2,200,200,200,200,200,200,200
378480,0,30,1,2,0,2,3,2,0,0,0,21,3,0,200,200,4,200,200,200,200
378480,0,30,1,2,0,2,3,2,0,0,0,21,3,0,51,0,0,0,0,200,200
378483,0,30,0,0,0,1,7,5,0,0,0,16,200,0,30,0,4,0,0,200,200
378487,0,30,1,2,0,2,14,8,3,0,0,23,23,0,200,200,7,200,200,200,200
378487,0,30,1,2,0,2,14,8,3,0,0,23,23,0,32,0,12,200,0,200,200
378492,0,30,1,2,0,1,0,2,0,0,0,6,200,0,60,0,5,200,0,200,200
378492,0,30,1,2,0,1,0,2,0,0,0,6,200,1,28,0,5,200,0,200,200
378492,1,30,1,2,0,1,0,2,0,0,0,6,200,0,200,0,200,200,200,200,200
378495,0,35,0,200,2,0,2,3,0,0,200,200,200,2,200,200,200,200,200,200,200
378503,0,30,0,0,0,1,14,5,0,0,0,21,11,0,51,200,7,0,0,200,200
378503,0,30,0,0,0,1,14,5,0,0,0,21,11,0,48,200,200,0,0,200,200
378509,0,55,0,0,0,2,2,2,0,0,0,11,0,2,200,200,200,200,200,200,200
378514,0,25,0,0,0,1,7,6,0,0,0,20,200,1,65,0,6,6,0,200,200
378516,0,35,1,2,0,2,10,5,0,0,0,0,0,0,200,200,3,200,200,200,200
378516,0,35,1,2,0,2,10,5,0,0,0,0,0,0,49,0,0,0,0,200,200
378516,1,35,1,2,0,2,10,5,0,0,0,0,0,1,37,0,200,200,200,200,200
378518,0,20,0,0,0,3,7,2,0,0,2,200,200,2,200,200,200,200,200,200,200
378520,0,30,0,0,0,3,0,5,0,0,0,17,200,2,200,200,1,200,200,200,200
378520,0,30,0,0,0,3,0,5,0,0,0,17,200,1,53,0,0,0,0,200,200
378534,0,30,0,0,0,1,7,2,0,0,0,0,0,2,200,200,200,200,200,200,200
378539,0,30,0,0,0,4,7,5,0,0,0,200,200,2,200,200,200,200,200,200,200
378541,0,30,0,0,0,1,7,2,0,0,0,0,0,2,200,200,200,200,200,200,200
378542,0,20,0,0,0,1,7,6,0,0,0,0,0,2,200,200,200,200,200,200,200
378548,0,30,1,2,0,0,10,12,0,0,0,11,0,1,200,200,1,200,200,200,200
378548,0,30,1,2,0,0,10,12,0,0,0,11,0,1,200,0,0,0,0,200,200
378549,0,30,4,2,0,3,10,2,0,0,0,18,200,1,200,200,3,200,200,200,200
378549,0,30,4,2,0,3,10,2,0,0,0,18,200,0,40,0,200,200,200,200,200
378549,1,30,4,2,0,3,10,2,0,0,0,18,200,1,36,0,200,200,200,200,200
378551,0,30,2,2,0,1,7,6,0,0,0,0,200,1,200,200,200,200,200,200,200
378551,1,30,2,2,0,1,7,6,0,0,0,0,200,0,200,200,200,200,200,200,200
378559,0,35,1,2,0,1,12,3,0,0,0,0,0,0,200,200,200,200,200,200,200
378559,0,35,1,2,0,1,12,3,0,0,0,0,0,1,28,0,0,0,0,200,200
378565,0,20,0,0,0,1,7,6,0,0,0,0,200,0,22,0,2,0,0,200,200
378568,0,30,1,2,0,1,12,3,0,0,0,17,200,0,41,0,1,0,0,200,200
378568,0,30,1,2,0,1,12,3,0,0,0,17,200,1,200,200,8,0,0,200,200
378572,0,30,1,2,0,1,0,5,0,200,200,0,200,1,200,200,1,200,200,200,200
378572,0,30,1,2,0,1,0,5,0,200,200,0,200,0,200,200,0,200,0,200,200
378580,0,30,1,2,0,1,10,5,0,0,0,200,200,0,42,0,3,0,0,200,200
378580,0,30,1,2,0,1,10,5,0,0,0,200,200,1,51,0,0,0,0,200,200
378580,1,30,1,2,0,1,10,5,0,0,0,200,200,1,70,0,200,200,200,200,200
378581,0,35,1,2,0,1,10,5,0,0,0,18,200,1,22,200,3,0,0,200,200
378581,0,35,1,2,0,1,10,5,0,0,0,18,200,0,28,200,0,0,0,200,200