RD_NO,PERSON_TYPE,POSTED_SPEED_LIMIT,TRAFFIC_CONTROL_DEVICE,DEVICE_CONDITION,WEATHER_CONDITION,LIGHTING_CONDITION,FIRST_CRASH_TYPE,TRAFFICWAY_TYPE,ALIGNMENT,ROADWAY_SURFACE_COND,ROAD_DEFECT,PRIM_CONTRIBUTORY_CAUSE,SEC_CONTRIBUTORY_CAUSE,SEX,AGE,SAFETY_EQUIPMENT,DRIVER_ACTION,DRIVER_VISION,PHYSICAL_CONDITION,BAC_RESULT VALUE,CELL_PHONE_USE
378589,0,30,0,0,0,1,11,5,0,0,0,0,0,0,57,200,200,200,200,200,200
378589,0,30,0,0,0,1,11,5,0,0,0,0,0,0,51,200,200,200,200,200,200
378589,1,30,0,0,0,1,11,5,0,0,0,0,0,1,55,200,200,200,200,200,200
378596,0,30,2,2,0,1,0,5,0,0,0,5,200,0,29,0,1,0,0,200,200
378596,0,30,2,2,0,1,0,5,0,0,0,5,200,1,63,0,0,0,0,200,200
378597,0,30,0,0,0,1,14,5,0,0,0,23,17,2,200,200,2,200,200,200,200
378597,0,30,0,0,0,1,14,5,0,0,0,23,17,0,58,200,0,0,0,200,200
378597,1,30,0,0,0,1,14,5,0,0,0,23,17,0,43,200,200,200,200,200,200
378597,1,30,0,0,0,1,14,5,0,0,0,23,17,0,50,7,200,200,200,200,200
378597,1,30,0,0,0,1,14,5,0,0,0,23,17,0,43,200,200,200,200,200,200
378599,0,30,0,0,0,1,12,2,0,0,0,13,29,1,24,0,12,0,0,200,200
378599,0,30,0,0,0,1,12,2,0,0,0,13,29,0,49,0,0,0,0,200,200
378604,0,30,1,2,0,1,10,3,0,0,0,16,200,0,50,0,12,0,0,200,200
378604,0,30,1,2,0,1,10,3,0,0,0,16,200,1,69,0,0,0,0,200,200
378604,1,30,1,2,0,1,10,3,0,0,0,16,200,0,61,0,200,200,200,200,200
378609,0,30,0,0,0,1,14,5,0,0,0,33,200,0,45,0,0,12,0,200,200
378609,0,30,0,0,0,1,14,5,0,0,0,33,200,1,24,0,0,0,0,200,200
378621,0,10,2,0,0,1,7,7,0,0,0,200,200,1,25,0,6,200,0,200,200
378628,0,35,1,2,0,3,10,5,0,0,0,14,11,0,200,200,8,200,200,200,200
378628,0,35,1,2,0,3,10,5,0,0,0,14,11,0,55,0,0,0,200,200,200
378628,1,35,1,2,0,3,10,5,0,0,0,14,11,1,200,0,200,200,200,200,200
378629,0,20,0,0,0,1,7,6,0,0,0,0,0,2,200,200,200,200,200,200,200
378631,0,30,0,0,0,1,10,200,0,200,200,0,0,0,24,200,200,200,200,200,200
378631,0,30,0,0,0,1,10,200,0,200,200,0,0,0,70,0,0,0,0,200,200
378633,0,30,1,2,0,1,0,2,0,0,0,6,200,1,39,200,1,0,0,200,200
378633,0,30,1,2,0,1,0,2,0,0,0,6,200,1,31,200,0,0,0,200,200
378633,1,30,1,2,0,1,0,2,0,0,0,6,200,1,200,200,200,200,200,200,200
378633,1,30,1,2,0,1,0,2,0,0,0,6,200,200,200,200,200,200,200,200,200
378633,1,30,1,2,0,1,0,2,0,0,0,6,200,200,200,200,200,200,200,200,200
378639,0,30,0,0,0,0,12,12,0,200,200,0,200,2,200,200,200,200,200,200,200
378639,0,30,0,0,0,0,12,12,0,200,200,0,200,0,35,200,0,200,200,200,200
378650,0,25,0,0,0,1,12,5,0,0,0,0,0,0,59,0,200,0,0,200,200
378650,0,25,0,0,0,1,12,5,0,0,0,0,0,1,200,200,12,0,0,200,200
378655,0,30,1,2,0,3,10,3,0,0,0,0,0,1,45,0,200,0,0,200,200
378655,0,30,1,2,0,3,10,3,0,0,0,0,0,0,200,200,200,200,200,200,200
378655,1,30,1,2,0,3,10,3,0,0,0,0,0,0,20,0,200,200,200,200,200
378655,1,30,1,2,0,3,10,3,0,0,0,0,0,1,15,0,200,200,200,200,200
378655,1,30,1,2,0,3,10,3,0,0,0,0,0,1,16,0,200,200,200,200,200
378655,1,30,1,2,0,3,10,3,0,0,0,0,0,0,14,0,200,200,200,200,200
378657,0,25,0,0,0,1,7,6,0,0,0,0,200,2,200,200,200,200,200,200,200
378660,0,30,0,0,0,1,7,6,0,0,0,0,0,2,200,200,200,200,200,200,200
378668,0,20,2,2,0,1,9,5,0,0,0,17,0,0,70,0,1,0,0,200,200
378668,5,20,2,2,0,1,9,5,0,0,0,17,0,1,83,7,0,0,0,200,200
378677,0,30,12,0,0,1,10,5,0,0,0,18,18,1,49,0,3,200,200,200,200
378677,0,30,12,0,0,1,10,5,0,0,0,18,18,0,73,0,0,0,0,200,200
378683,0,30,2,2,0,1,3,6,0,0,0,0,200,0,200,200,6,200,200,200,200
378683,0,30,2,2,0,1,3,6,0,0,0,0,200,0,56,0,0,0,0,200,200
378683,1,30,2,2,0,1,3,6,0,0,0,0,200,0,15,0,200,200,200,200,200
378683,1,30,2,2,0,1,3,6,0,0,0,0,200,0,9,0,200,200,200,200,200
378683,1,30,2,2,0,1,3,6,0,0,0,0,200,0,200,5,200,200,200,200,200
378683,1,30,2,2,0,1,3,6,0,0,0,0,200,1,200,200,200,200,200,200,200
378683,1,30,2,2,0,1,3,6,0,0,0,0,200,2,200,200,200,200,200,200,200
378687,0,30,1,2,0,1,0,5,0,0,0,16,200,1,18,0,1,0,0,200,200
378687,0,30,1,2,0,1,0,5,0,0,0,16,200,1,27,0,0,0,0,200,200
378688,0,30,0,0,200,200,7,2,0,0,200,21,200,2,200,200,12,200,200,200,200
378698,0,20,0,0,0,3,7,5,0,0,0,0,0,2,200,200,200,200,200,200,200
378707,2,30,0,0,0,1,2,2,0,0,0,21,0,0,60,200,4,200,0,200,200
378707,0,30,0,0,0,1,2,2,0,0,0,21,0,0,31,200,200,200,0,200,200
378709,0,30,0,0,0,1,7,6,0,0,0,0,0,2,200,200,200,200,200,200,200
378717,0,5,0,0,0,1,7,7,0,0,0,20,200,0,23,200,6,200,200,200,200
378720,0,30,0,0,0,1,7,5,0,0,0,0,200,2,200,200,200,200,200,200,200
378722,0,30,2,2,200,200,7,6,0,200,0,0,0,2,200,200,200,200,200,200,200
378724,0,30,1,2,0,1,14,2,0,0,0,22,21,0,50,0,7,0,0,200,200
378724,0,30,1,2,0,1,14,2,0,0,0,22,21,1,39,0,0,0,0,200,200
378724,1,30,1,2,0,1,14,2,0,0,0,22,21,0,43,0,200,200,200,200,200
378724,1,30,1,2,0,1,14,2,0,0,0,22,21,1,41,0,200,200,200,200,200
378724,1,30,1,2,0,1,14,2,0,0,0,22,21,0,200,0,200,200,200,200,200
378729,0,30,0,0,0,1,7,5,0,0,0,0,200,2,200,200,200,200,200,200,200
378733,0,30,0,0,0,1,7,5,0,0,12,29,12,0,200,0,200,0,1,200,200
378741,0,30,1,2,0,1,14,5,0,0,0,3,200,0,30,200,9,200,0,200,200
378741,0,30,1,2,0,1,14,5,0,0,0,3,200,0,59,200,0,200,0,200,200
378741,0,30,1,2,0,1,14,5,0,0,0,3,200,0,51,200,0,200,0,200,200
378744,0,30,0,0,0,1,7,12,0,0,0,11,0,0,54,0,6,0,0,200,200
378748,0,0,0,0,0,3,7,2,0,0,0,0,200,2,200,200,200,200,200,200,200
378750,0,15,0,0,0,0,7,7,0,0,0,0,0,2,200,200,200,200,200,200,200
378753,0,30,0,0,0,1,10,2,0,0,0,17,18,0,24,200,1,0,0,200,200
378753,0,30,0,0,0,1,10,2,0,0,0,17,18,1,60,0,0,0,0,200,200
378754,0,30,2,0,0,1,0,2,0,0,0,10,200,0,32,0,9,5,0,200,200
378754,0,30,2,0,0,1,0,2,0,0,0,10,200,0,40,0,0,5,0,200,200
378758,0,30,0,0,0,1,1,2,0,0,0,1,200,0,57,0,0,0,0,200,200
378763,0,30,0,0,0,1,14,5,0,0,0,0,200,0,35,0,0,0,0,200,200
378763,0,30,0,0,0,1,14,5,0,0,0,0,200,1,30,0,0,0,0,200,200
378776,0,30,1,2,0,1,12,5,0,0,0,22,0,1,58,0,2,0,0,200,200
378776,0,30,1,2,0,1,12,5,0,0,0,22,0,1,59,0,0,0,0,200,200
378778,0,30,0,0,0,1,10,5,0,0,0,18,200,1,31,200,3,0,0,200,200
378778,0,30,0,0,0,1,10,5,0,0,0,18,200,1,39,200,0,0,0,200,200
378784,0,35,0,0,0,1,14,5,0,0,0,17,200,0,55,200,1,0,0,200,200
378784,0,35,0,0,0,1,14,5,0,0,0,17,200,0,30,200,0,0,0,200,200
378787,0,30,0,0,0,1,12,2,0,0,0,0,200,0,200,200,200,200,200,200,200
378787,0,30,0,0,0,1,12,2,0,0,0,0,200,0,59,0,200,200,200,200,200
378797,0,30,2,2,0,1,0,5,0,0,0,17,11,1,25,0,1,0,0,200,200
378797,0,30,2,2,0,1,0,5,0,0,0,17,11,0,37,0,0,0,0,200,200
378797,1,30,2,2,0,1,0,5,0,0,0,17,11,1,19,0,200,200,200,200,200
378802,0,30,2,2,0,1,0,5,0,0,0,17,5,1,27,0,1,200,0,200,200
378802,0,30,2,2,0,1,0,5,0,0,0,17,5,0,35,0,200,200,0,200,200
378804,0,30,0,0,0,0,14,5,0,0,0,22,0,0,57,200,12,200,200,200,200
378804,0,30,0,0,0,0,14,5,0,0,0,22,0,0,56,0,0,0,200,200,200
378805,0,30,0,0,0,1,11,7,0,0,200,0,200,1,33,0,200,0,0,200,200
378805,0,30,0,0,0,1,11,7,0,0,200,0,200,0,42,0,200,0,0,200,200
378805,1,30,0,0,0,1,11,7,0,0,200,0,200,1,14,0,200,200,200,200,200
378805,1,30,0,0,0,1,11,7,0,0,200,0,200,0,2,4,200,200,200,200,200
378805,1,30,0,0,0,1,11,7,0,0,200,0,200,1,36,0,200,200,200,200,200
378805,1,30,0,0,0,1,11,7,0,0,200,0,200,0,10,0,200,200,200,200,200
378805,1,30,0,0,0,1,11,7,0,0,200,0,200,1,14,0,200,200,200,200,200
378811,0,30,0,0,0,1,0,6,0,0,0,33,200,0,36,0,1,12,0,200,200
378811,0,30,0,0,0,1,0,6,0,0,0,33,200,0,40,0,0,0,0,200,200
378815,0,30,2,5,0,1,2,2,0,0,0,23,26,1,54,0,7,0,0,200,200
378832,0,30,2,2,0,1,14,5,0,0,0,17,16,1,56,200,1,200,200,200,200
378832,0,30,2,2,0,1,14,5,0,0,0,17,16,0,19,0,0,0,0,200,200
378835,0,30,1,2,0,1,0,5,0,0,0,17,17,0,200,200,1,200,200,200,200
378835,0,30,1,2,0,1,0,5,0,0,0,17,17,1,30,0,0,0,0,200,200
378838,0,0,0,0,0,1,7,7,0,0,0,20,200,1,200,200,6,200,200,200,200
378844,0,30,2,0,2,1,12,3,0,0,0,0,0,0,52,0,4,0,0,200,200
378844,0,30,2,0,2,1,12,3,0,0,0,0,0,1,46,0,9,0,0,200,200
378845,0,25,0,0,0,1,7,5,0,0,0,20,200,0,200,200,6,200,200,200,200
378848,0,0,0,0,0,3,11,7,0,0,0,20,0,0,66,0,6,0,0,200,200
378848,0,0,0,0,0,3,11,7,0,0,0,20,0,0,23,0,0,0,0,200,200
378849,1,10,0,0,0,1,0,7,0,0,0,0,0,1,200,0,200,200,200,200,200
378849,0,10,0,0,0,1,0,7,0,0,0,0,0,1,60,0,12,5,0,200,200
378849,0,10,0,0,0,1,0,7,0,0,0,0,0,0,64,0,0,0,0,200,200
378850,0,30,0,0,0,1,0,3,0,0,200,7,200,1,24,200,12,0,0,200,200
378850,0,30,0,0,0,1,0,3,0,0,200,7,200,1,53,200,0,0,0,200,200
378855,0,30,2,0,0,1,0,12,0,0,0,17,200,0,200,200,1,200,200,200,200
378855,0,30,2,0,0,1,0,12,0,0,0,17,200,0,27,0,0,0,0,200,200
378855,1,30,2,0,0,1,0,12,0,0,0,17,200,0,200,0,200,200,200,200,200
378855,1,30,2,0,0,1,0,12,0,0,0,17,200,1,26,0,200,200,200,200,200
378857,0,30,2,0,0,1,0,2,0,0,0,0,200,1,53,0,1,0,0,200,200
378857,0,30,2,0,0,1,0,2,0,0,0,0,200,1,48,0,200,0,0,200,200
378859,0,30,1,2,0,1,14,6,0,0,0,31,17,1,200,200,7,200,200,200,200
378859,0,30,1,2,0,1,14,6,0,0,0,31,17,0,65,0,0,0,0,200,200
378860,0,30,1,2,0,1,9,2,0,0,0,16,0,0,40,0,12,0,0,200,200
378860,5,30,1,2,0,1,9,2,0,0,0,16,0,0,20,7,12,0,0,200,200
378860,1,30,1,2,0,1,9,2,0,0,0,16,0,1,28,0,200,200,200,200,200
378863,0,30,1,2,0,1,12,2,0,0,0,22,16,2,200,200,2,200,200,200,200
378863,0,30,1,2,0,1,12,2,0,0,0,22,16,0,68,0,0,0,0,200,200
378865,0,30,0,0,0,1,7,6,0,0,0,21,22,2,200,200,10,200,200,200,200
378866,0,30,0,0,0,1,14,6,0,0,0,17,200,1,23,200,1,0,0,200,200
378866,0,30,0,0,0,1,14,6,0,0,0,17,200,0,55,200,0,0,0,200,200
378872,0,30,1,2,0,1,10,5,0,0,200,18,0,1,53,200,12,0,0,200,200
378872,0,30,1,2,0,1,10,5,0,0,200,18,0,1,27,0,0,0,0,200,200
378872,1,30,1,2,0,1,10,5,0,0,200,18,0,2,200,200,200,200,200,200,200
378874,0,15,0,0,0,1,7,5,0,0,0,27,0,0,70,200,12,200,2,200,200
378880,0,30,0,0,0,1,7,7,0,0,0,11,200,0,22,0,1,0,200,200,200
378880,1,30,0,0,0,1,7,7,0,0,0,11,200,0,57,0,200,200,200,200,200
378885,0,30,2,2,0,1,10,2,0,0,0,0,0,1,20,200,200,200,0,200,200
378885,0,30,2,2,0,1,10,2,0,0,0,0,0,0,53,0,0,200,0,200,200
378885,1,30,2,2,0,1,10,2,0,0,0,0,0,1,57,200,200,200,200,200,200
378888,0,30,0,0,0,3,12,2,0,0,0,11,0,1,200,200,0,0,0,200,200
378888,0,30,0,0,0,3,12,2,0,0,0,11,0,1,26,0,0,0,0,200,200
378888,1,30,0,0,0,3,12,2,0,0,0,11,0,1,25,0,200,200,200,200,200
378890,0,0,1,2,0,1,14,12,0,0,0,23,200,0,200,200,0,200,200,200,200
378890,0,0,1,2,0,1,14,12,0,0,0,23,200,1,20,0,0,0,0,200,200
378890,1,0,1,2,0,1,14,12,0,0,0,23,200,0,200,7,200,200,200,200,200
378892,0,30,1,2,0,1,14,5,0,0,0,0,200,1,60,200,200,200,0,200,200
378892,0,30,1,2,0,1,14,5,0,0,0,0,200,1,34,200,200,200,0,200,200
378892,1,30,1,2,0,1,14,5,0,0,0,0,200,1,11,200,200,200,200,200,200
378897,0,30,0,0,0,1,7,5,0,0,0,21,15,0,52,200,12,0,0,200,200
378898,0,30,1,200,0,1,10,5,0,200,200,18,200,0,25,200,3,200,0,200,200
378898,0,30,1,200,0,1,10,5,0,200,200,18,200,1,44,200,0,200,0,200,200
378899,0,20,1,2,0,3,14,1,0,0,0,6,200,1,35,200,0,200,200,200,200
378899,0,20,1,2,0,3,14,1,0,0,0,6,200,1,200,200,5,200,200,200,200
378907,0,30,200,200,0,1,12,200,0,0,200,200,200,1,26,0,200,200,0,200,200
378907,0,30,200,200,0,1,12,200,0,0,200,200,200,1,28,200,200,200,200,200,200
378912,0,30,1,2,0,1,10,12,0,0,0,18,16,1,200,200,8,200,200,200,200
378912,0,30,1,2,0,1,10,12,0,0,0,18,16,0,66,0,12,0,0,200,200
378912,1,30,1,2,0,1,10,12,0,0,0,18,16,0,37,0,200,200,200,200,200
378913,4,30,0,0,0,1,8,2,0,0,12,21,200,0,28,3,12,0,0,200,200
378913,1,30,0,0,0,1,8,2,0,0,12,21,200,0,200,0,200,200,200,200,200
378913,1,30,0,0,0,1,8,2,0,0,12,21,200,1,29,0,200,200,200,200,200
378917,0,30,1,2,0,1,12,2,0,0,0,17,0,1,54,0,4,0,0,200,200
378917,0,30,1,2,0,1,12,2,0,0,0,17,0,0,59,0,12,0,0,200,200
378917,1,30,1,2,0,1,12,2,0,0,0,17,0,1,200,0,200,200,200,200,200
378921,0,25,1,200,0,3,14,5,0,200,200,0,0,1,33,0,200,0,0,200,200
378921,0,25,1,200,0,3,14,5,0,200,200,0,0,1,36,0,0,0,0,200,200
378926,0,30,1,2,0,1,10,5,0,0,0,0,0,0,38,0,12,0,0,200,200
378926,0,30,1,2,0,1,10,5,0,0,0,0,0,0,56,0,0,0,0,200,200
378926,1,30,1,2,0,1,10,5,0,0,0,0,0,1,200,0,200,200,200,200,200
378927,0,25,2,2,0,1,14,5,1,0,0,0,200,0,200,200,1,200,200,200,200
378927,0,25,2,2,0,1,14,5,1,0,0,0,200,0,43,0,0,0,0,200,200
378928,0,30,0,0,0,1,7,5,0,0,0,27,0,0,54,200,12,0,2,200,200
378936,0,30,0,0,0,1,7,5,0,0,0,0,0,2,200,200,200,200,200,200,200
378940,0,30,200,200,0,1,7,200,0,0,0,200,200,1,32,0,200,200,0,200,200
378942,0,30,0,0,0,1,0,5,0,0,0,17,17,0,200,200,200,200,200,200,200
378942,0,30,0,0,0,1,0,5,0,0,0,17,17,0,31,0,0,0,0,200,200
378943,0,30,1,2,0,1,14,2,0,0,0,17,200,0,39,0,1,0,0,200,200
378943,0,30,1,2,0,1,14,2,0,0,0,17,200,1,31,0,0,0,0,200,200
378947,0,30,1,2,0,1,0,2,0,0,0,6,16,0,54,200,200,200,0,200,200
378947,0,30,1,2,0,1,0,2,0,0,0,6,16,0,68,200,200,200,0,200,200
378948,0,30,1,200,0,1,10,5,0,0,0,20,0,0,200,200,6,200,200,200,200
378948,0,30,1,200,0,1,10,5,0,0,0,20,0,0,43,200,0,0,0,200,200
378950,0,30,1,2,0,1,14,3,0,0,0,21,200,0,200,200,12,200,200,200,200
378950,0,30,1,2,0,1,14,3,0,0,0,21,200,1,40,0,0,0,0,200,200
378953,0,30,1,2,0,1,14,12,0,0,0,17,200,0,200,200,1,200,200,200,200
378953,0,30,1,2,0,1,14,12,0,0,0,17,200,1,18,0,0,0,0,200,200
378954,0,30,1,2,0,1,10,3,0,0,200,18,18,0,200,200,1,0,0,200,200
378954,0,30,1,2,0,1,10,3,0,0,200,18,18,0,45,0,0,0,0,200,200
378954,1,30,1,2,0,1,10,3,0,0,200,18,18,0,200,200,200,200,200,200,200
378960,0,30,1,2,0,1,10,5,0,0,200,18,0,0,200,200,3,200,200,200,200
378960,0,30,1,2,0,1,10,5,0,0,200,18,0,1,37,0,0,0,0,200,200
378960,1,30,1,2,0,1,10,5,0,0,200,18,0,1,0,5,200,200,200,200,200
378970,0,30,0,0,0,1,14,7,0,0,0,0,200,1,17,0,6,0,0,200,200
378970,0,30,0,0,0,1,14,7,0,0,0,0,200,1,47,200,0,0,5,200,200
379007,0,30,0,0,0,1,12,5,0,0,0,21,0,1,61,200,4,0,0,200,200
379007,0,30,0,0,0,1,12,5,0,0,0,21,0,1,25,0,0,0,0,200,200
379008,0,30,1,2,0,1,12,5,0,0,0,17,200,0,25,200,0,0,0,200,200
379008,0,30,1,2,0,1,12,5,0,0,0,17,200,1,34,200,1,200,200,200,200
379009,0,30,1,2,0,1,7,5,0,200,200,16,200,1,30,0,1,200,0,200,200
379009,1,30,1,2,0,1,7,5,0,200,200,16,200,0,42,200,200,200,200,200,200
379013,0,30,0,0,0,1,10,2,0,0,200,18,200,0,200,200,3,200,200,200,200
379013,0,30,0,0,0,1,10,2,0,0,200,18,200,0,48,0,0,200,0,200,200
379014,0,30,0,0,0,1,12,5,0,0,0,0,200,1,70,0,4,0,0,200,200
379014,0,30,0,0,0,1,12,5,0,0,0,0,200,1,64,0,0,0,0,200,200
379022,0,30,0,0,0,1,12,2,0,0,0,22,17,0,20,0,2,0,0,200,200
379022,0,30,0,0,0,1,12,2,0,0,0,22,17,1,36,0,0,0,0,200,200
379022,1,30,0,0,0,1,12,2,0,0,0,22,17,1,17,0,200,200,200,200,200
379028,0,15,200,200,0,1,10,7,0,0,200,20,20,1,200,200,6,200,200,200,200
379028,0,15,200,200,0,1,10,7,0,0,200,20,20,0,21,200,200,0,0,200,200
379029,0,30,0,0,0,1,14,2,0,0,0,23,21,0,0,200,7,200,200,200,200
379029,0,30,0,0,0,1,14,2,0,0,0,23,21,0,0,200,0,200,200,200,200
379032,0,15,0,0,0,1,7,7,0,0,0,0,0,2,200,200,200,200,200,200,200
379037,0,30,0,0,0,1,7,6,0,0,0,0,200,2,200,200,200,200,200,200,200
379045,0,30,2,2,0,1,14,2,0,0,0,33,200,1,47,200,200,5,0,200,200
379045,0,30,2,2,0,1,14,2,0,0,0,33,200,1,23,200,0,0,0,200,200
379045,1,30,2,2,0,1,14,2,0,0,0,33,200,1,20,200,200,200,200,200,200
379047,0,30,0,0,0,1,0,7,0,0,0,0,0,1,200,0,6,0,0,200,200
379047,0,30,0,0,0,1,0,7,0,0,0,0,0,0,35,0,0,0,0,200,200
379048,0,35,1,2,0,1,14,5,0,0,200,0,0,1,36,200,200,200,200,200,200
379048,0,35,1,2,0,1,14,5,0,0,200,0,0,0,31,200,200,200,0,200,200
379052,0,30,0,0,0,1,7,6,0,0,0,11,200,0,24,0,0,0,0,200,200
379052,1,30,0,0,0,1,7,6,0,0,0,11,200,0,45,0,200,200,200,200,200
379054,0,25,0,0,0,1,12,6,0,0,0,22,200,0,200,200,1,200,200,200,200
379054,0,25,0,0,0,1,12,6,0,0,0,22,200,0,28,0,12,0,0,200,200
379058,0,30,0,0,0,1,14,3,0,0,0,23,200,0,47,0,7,0,0,200,200
379058,0,30,0,0,0,1,14,3,0,0,0,23,200,0,30,0,0,0,0,200,200
379061,0,30,1,2,0,1,12,5,0,0,0,21,200,1,54,0,4,0,0,200,200
379061,0,30,1,2,0,1,12,5,0,0,0,21,200,0,23,0,0,0,0,200,200
379061,1,30,1,2,0,1,12,5,0,0,0,21,200,1,200,0,200,200,200,200,200
379061,1,30,1,2,0,1,12,5,0,0,0,21,200,1,200,0,200,200,200,200,200
379064,0,30,200,200,0,1,12,200,0,0,0,200,200,1,36,0,1,0,0,200,200
379064,0,30,200,200,0,1,12,200,0,0,0,200,200,0,200,200,0,200,0,200,200
379069,0,30,0,0,0,1,7,5,0,0,0,22,200,0,20,200,2,200,200,200,200
379069,1,30,0,0,0,1,7,5,0,0,0,22,200,200,200,200,200,200,200,200,200
379070,0,45,0,0,0,1,12,3,0,0,0,21,200,1,75,0,200,0,0,200,200
379070,0,45,0,0,0,1,12,3,0,0,0,21,200,0,24,0,200,0,0,200,200
379071,0,15,0,0,0,1,0,7,0,0,0,17,17,1,200,200,1,200,0,200,200
379071,0,15,0,0,0,1,0,7,0,0,0,17,17,1,26,0,0,0,0,200,200
379073,4,30,1,2,0,1,8,5,0,0,0,10,200,1,55,3,12,0,0,200,200
379073,0,30,1,2,0,1,8,5,0,0,0,10,200,0,24,0,0,0,0,200,200
379079,0,10,0,2,0,1,7,2,0,0,0,200,200,1,200,200,6,200,0,200,200
379081,0,30,2,2,0,1,7,5,0,0,0,20,16,1,200,200,6,200,200,200,200
379084,0,20,0,0,0,1,0,6,0,0,0,17,200,1,70,200,1,200,0,200,200
379084,0,20,0,0,0,1,0,6,0,0,0,17,200,0,34,200,0,200,0,200,200
379085,0,30,1,2,0,1,14,3,0,0,0,17,21,0,27,200,1,200,200,200,200
379085,0,30,1,2,0,1,14,3,0,0,0,17,21,0,48,0,0,0,0,200,200
379090,0,20,0,0,0,1,12,6,0,0,0,17,200,1,60,200,1,0,0,200,200
379090,0,20,0,0,0,1,12,6,0,0,0,17,200,0,19,200,0,0,0,200,200
379096,0,30,0,0,0,1,7,5,0,0,0,0,0,2,200,200,200,200,200,200,200
379098,0,30,0,0,0,1,7,5,0,0,0,0,200,1,39,200,12,200,200,200,200
379098,1,30,0,0,0,1,7,5,0,0,0,0,200,1,41,0,200,200,200,200,200
379099,0,30,1,2,0,1,14,5,0,0,200,23,200,0,63,200,7,200,0,200,200
379099,0,30,1,2,0,1,14,5,0,0,200,23,200,1,26,200,0,200,0,200,200
379099,1,30,1,2,0,1,14,5,0,0,200,23,200,0,200,5,200,200,200,200,200
379109,0,30,200,200,0,1,0,5,0,0,0,200,200,0,22,0,0,0,0,200,200
379109,0,30,200,200,0,1,0,5,0,0,0,200,200,0,42,0,200,0,0,200,200
379111,0,30,1,2,0,1,10,3,0,0,0,0,200,0,200,200,200,200,200,200,200
379111,0,30,1,2,0,1,10,3,0,0,0,0,200,1,59,0,0,0,0,200,200
379111,1,30,1,2,0,1,10,3,0,0,0,0,200,1,80,0,200,200,200,200,200
379114,0,30,1,2,0,1,10,5,0,200,200,18,200,0,65,0,3,200,0,200,200
379114,0,30,1,2,0,1,10,5,0,200,200,18,200,0,200,200,0,200,200,200,200
379116,0,30,0,3,0,1,7,7,0,0,0,0,0,1,52,200,200,200,200,200,200
379117,0,20,2,200,200,200,7,6,0,200,200,0,200,2,200,200,200,200,200,200,200
379120,0,30,0,0,0,1,7,5,0,0,0,0,16,1,24,200,200,200,200,200,200
379120,0,30,0,0,0,1,7,5,0,0,0,0,16,0,55,200,200,200,0,200,200
379127,0,30,0,0,0,1,9,2,0,0,0,0,0,2,200,200,1,200,200,200,200
379127,5,30,0,0,0,1,9,2,0,0,0,0,0,0,54,7,12,0,0,200,200
379129,0,10,0,0,0,1,7,12,0,0,0,0,0,1,80,0,12,0,0,200,200
379129,1,10,0,0,0,1,7,12,0,0,0,0,0,0,53,0,200,200,200,200,200
379129,1,10,0,0,0,1,7,12,0,0,0,0,0,0,200,0,200,200,200,200,200
379142,0,30,1,2,0,1,10,5,0,0,0,18,16,0,200,200,3,200,200,200,200
379142,0,30,1,2,0,1,10,5,0,0,0,18,16,0,27,0,0,0,0,200,200
379143,0,55,0,0,0,1,12,5,0,200,200,22,200,0,27,200,4,12,0,200,200
379143,0,55,0,0,0,1,12,5,0,200,200,22,200,0,30,200,0,200,0,200,200
379145,0,30,0,0,0,1,7,7,0,0,0,0,0,2,200,200,200,200,200,200,200
379147,0,30,0,0,0,1,14,5,0,0,0,23,0,0,42,0,7,0,0,200,200
379147,0,30,0,0,0,1,14,5,0,0,0,23,0,0,44,0,6,0,0,200,200
379150,0,30,0,0,200,200,7,6,0,200,200,200,0,2,200,200,200,200,200,200,200
379153,0,15,0,0,0,1,7,7,0,0,0,0,0,2,200,200,200,200,200,200,200
379155,0,30,0,0,0,1,0,5,0,0,0,200,200,1,22,0,0,0,0,200,200
379155,0,30,0,0,0,1,0,5,0,0,0,200,200,0,30,0,200,0,0,200,200
379155,1,30,0,0,0,1,0,5,0,0,0,200,200,1,31,0,200,200,200,200,200
379158,0,30,0,0,0,1,14,2,0,0,0,23,17,0,35,0,7,0,0,200,200
379158,0,30,0,0,0,1,14,2,0,0,0,23,17,1,29,0,12,0,0,200,200
379158,1,30,0,0,0,1,14,2,0,0,0,23,17,0,32,0,200,200,200,200,200
379158,1,30,0,0,0,1,14,2,0,0,0,23,17,0,4,5,200,200,200,200,200
379161,0,20,0,0,200,2,5,7,0,200,200,200,200,2,200,200,200,200,200,200,200
379161,1,20,0,0,200,2,5,7,0,200,200,200,200,200,200,200,200,200,200,200,200
379161,1,20,0,0,200,2,5,7,0,200,200,200,200,200,200,200,200,200,200,200,200
379164,0,30,0,0,0,1,7,2,0,0,200,200,200,2,200,200,200,200,200,200,200
379172,0,30,0,0,0,1,0,7,0,0,0,20,200,0,18,200,6,200,200,200,200
379172,0,30,0,0,0,1,0,7,0,0,0,20,200,0,33,0,200,200,0,200,200
379174,0,30,0,0,0,1,0,5,0,0,0,22,200,0,27,0,8,0,0,200,200
379174,0,30,0,0,0,1,0,5,0,0,0,22,200,0,31,0,7,1,0,200,200