RD_NO,PERSON_TYPE,POSTED_SPEED_LIMIT,TRAFFIC_CONTROL_DEVICE,DEVICE_CONDITION,WEATHER_CONDITION,LIGHTING_CONDITION,FIRST_CRASH_TYPE,TRAFFICWAY_TYPE,ALIGNMENT,ROADWAY_SURFACE_COND,ROAD_DEFECT,PRIM_CONTRIBUTORY_CAUSE,SEC_CONTRIBUTORY_CAUSE,SEX,AGE,SAFETY_EQUIPMENT,DRIVER_ACTION,DRIVER_VISION,PHYSICAL_CONDITION,BAC_RESULT VALUE,CELL_PHONE_USE
379177,0,30,1,2,0,1,14,2,0,2,0,22,21,0,200,200,7,200,200,200,200
379177,0,30,1,2,0,1,14,2,0,2,0,22,21,0,29,200,0,0,0,200,200
379178,0,30,200,200,200,200,12,6,0,200,200,27,0,1,71,200,200,200,200,200,200
379178,0,30,200,200,200,200,12,6,0,200,200,27,0,0,53,200,200,200,200,200,200
379182,0,30,1,2,0,1,12,2,0,0,0,17,22,0,50,0,1,0,0,200,200
379182,0,30,1,2,0,1,12,2,0,0,0,17,22,1,59,0,0,0,0,200,200
379182,1,30,1,2,0,1,12,2,0,0,0,17,22,1,200,0,200,200,200,200,200
379183,0,30,1,2,0,1,10,5,0,0,0,18,200,1,200,200,3,200,200,200,200
379183,0,30,1,2,0,1,10,5,0,0,0,18,200,0,54,0,0,0,0,200,200
379183,1,30,1,2,0,1,10,5,0,0,0,18,200,1,15,0,200,200,200,200,200
379183,1,30,1,2,0,1,10,5,0,0,0,18,200,1,21,0,200,200,200,200,200
379183,1,30,1,2,0,1,10,5,0,0,0,18,200,1,51,0,200,200,200,200,200
379185,0,30,1,2,0,1,2,6,0,0,0,29,200,1,61,0,0,0,0,200,200
379192,0,30,1,2,0,1,14,2,0,0,0,17,200,1,200,200,12,200,200,200,200
379192,0,30,1,2,0,1,14,2,0,0,0,17,200,1,0,0,1,0,0,200,200
379199,0,30,1,2,0,1,14,2,0,0,200,23,11,0,26,200,7,200,200,200,200
379199,0,30,1,2,0,1,14,2,0,0,200,23,11,0,72,0,0,0,0,200,200
379202,0,35,0,0,0,1,7,6,0,0,0,0,0,1,200,200,200,200,200,200,200
379204,0,15,0,0,0,1,7,7,0,0,0,0,200,1,0,200,200,0,4,200,200
379213,0,15,0,0,0,1,7,6,0,0,0,20,200,0,17,0,6,0,0,200,200
379222,0,30,0,0,0,1,10,5,0,0,0,18,200,1,25,0,1,0,0,200,200
379222,0,30,0,0,0,1,10,5,0,0,0,18,200,1,41,7,0,0,0,200,200
379224,0,30,2,2,0,1,10,2,0,0,0,16,18,0,26,200,12,0,0,200,200
379224,0,30,2,2,0,1,10,2,0,0,0,16,18,1,34,200,3,0,0,200,200
379224,0,30,2,2,0,1,10,2,0,0,0,16,18,0,26,200,0,0,0,200,200
379225,0,30,1,200,0,1,0,5,0,200,200,6,200,0,27,200,5,200,0,200,200
379225,0,30,1,200,0,1,0,5,0,200,200,6,200,0,61,200,0,200,0,200,200
379228,0,30,1,2,0,1,8,12,0,0,0,17,11,0,28,0,1,200,0,200,200
379228,4,30,1,2,0,1,8,12,0,0,0,17,11,0,28,2,0,0,0,200,200
379229,0,30,0,0,200,1,7,5,0,200,200,22,22,0,200,200,2,200,200,200,200
379235,0,30,0,0,0,200,7,5,0,0,0,0,200,2,200,200,10,200,200,200,200
379236,0,15,0,0,0,1,2,5,0,0,0,11,200,0,200,200,12,200,200,200,200
379238,0,20,2,0,0,1,0,6,0,0,0,17,200,1,18,0,1,0,0,200,200
379238,0,20,2,0,0,1,0,6,0,0,0,17,200,1,32,0,0,0,0,200,200
379238,1,20,2,0,0,1,0,6,0,0,0,17,200,0,17,0,200,200,200,200,200
379238,1,20,2,0,0,1,0,6,0,0,0,17,200,0,44,0,200,200,200,200,200
379246,0,30,0,0,0,1,7,5,0,0,0,20,200,2,200,200,12,200,200,200,200
379252,0,30,2,2,0,1,10,5,0,0,0,18,18,1,200,200,3,200,12,200,200
379252,0,30,2,2,0,1,10,5,0,0,0,18,18,0,34,0,0,0,0,200,200
379252,1,30,2,2,0,1,10,5,0,0,0,18,18,0,13,0,200,200,200,200,200
379253,0,30,0,0,0,1,10,5,0,0,200,18,16,0,21,200,3,200,0,200,200
379253,0,30,0,0,0,1,10,5,0,0,200,18,16,0,32,200,0,0,0,200,200
379253,1,30,0,0,0,1,10,5,0,0,200,18,16,0,23,200,200,200,200,200,200
379253,1,30,0,0,0,1,10,5,0,0,200,18,16,1,58,200,200,200,200,200,200
379253,1,30,0,0,0,1,10,5,0,0,200,18,16,1,62,200,200,200,200,200,200
379260,0,30,10,2,0,1,0,3,0,0,0,16,32,1,26,0,1,0,0,200,200
379260,0,30,10,2,0,1,0,3,0,0,0,16,32,1,28,0,0,0,0,200,200
379260,0,30,10,2,0,1,0,3,0,0,0,16,32,0,46,200,0,0,0,200,200
379260,1,30,10,2,0,1,0,3,0,0,0,16,32,1,43,0,200,200,200,200,200
379260,1,30,10,2,0,1,0,3,0,0,0,16,32,1,26,0,200,200,200,200,200
379261,0,30,0,0,0,1,12,5,0,0,0,0,0,0,54,0,1,0,0,200,200
379261,0,30,0,0,0,1,12,5,0,0,0,0,0,1,33,0,0,0,0,200,200
379263,0,30,0,0,200,200,7,5,0,200,0,0,200,2,200,200,200,200,200,200,200
379266,0,30,2,2,0,1,14,3,0,0,0,17,200,0,38,0,0,0,0,200,200
379266,0,30,2,2,0,1,14,3,0,0,0,17,200,1,38,0,1,0,0,200,200
379270,0,35,0,0,0,1,14,2,0,0,0,17,0,0,30,200,200,0,0,200,200
379270,0,35,0,0,0,1,14,2,0,0,0,17,0,0,27,200,2,200,200,200,200
379272,0,30,0,0,0,1,7,6,0,0,0,0,0,0,200,200,200,200,200,200,200
379276,0,30,1,2,0,1,14,5,0,0,0,17,200,0,23,200,1,200,200,200,200
379276,0,30,1,2,0,1,14,5,0,0,0,17,200,0,29,200,0,200,200,200,200
379276,1,30,1,2,0,1,14,5,0,0,0,17,200,1,31,200,200,200,200,200,200
379278,0,30,0,0,0,1,7,2,0,0,0,0,200,0,42,0,6,200,0,200,200
379278,1,30,0,0,0,1,7,2,0,0,0,0,200,1,200,0,200,200,200,200,200
379282,0,30,0,0,0,1,10,5,0,200,200,18,200,2,200,200,3,200,200,200,200
379282,0,30,0,0,0,1,10,5,0,200,200,18,200,1,200,7,0,200,0,200,200
379292,0,30,0,0,0,1,10,5,0,0,0,18,18,0,24,0,3,0,0,200,200
379292,0,30,0,0,0,1,10,5,0,0,0,18,18,1,30,0,0,0,0,200,200
379292,1,30,0,0,0,1,10,5,0,0,0,18,18,1,8,5,200,200,200,200,200
379293,0,10,0,0,0,3,7,7,0,0,0,0,200,2,200,200,200,200,200,200,200
379298,0,30,1,2,0,1,10,2,0,0,0,18,200,0,200,200,3,0,0,200,200
379298,0,30,1,2,0,1,10,2,0,0,0,18,200,0,66,0,0,0,0,200,200
379301,0,30,1,2,0,1,10,3,0,0,0,18,200,0,200,200,3,200,200,200,200
379301,0,30,1,2,0,1,10,3,0,0,0,18,200,1,23,0,0,0,0,200,200
379302,0,20,2,0,0,1,0,5,0,0,0,0,200,1,84,0,1,0,0,200,200
379302,0,20,2,0,0,1,0,5,0,0,0,0,200,1,80,0,0,0,0,200,200
379307,0,35,0,0,0,1,12,2,0,0,0,25,200,0,56,200,12,200,0,200,200
379307,0,35,0,0,0,1,12,2,0,0,0,25,200,1,64,200,0,200,0,200,200
379307,1,35,0,0,0,1,12,2,0,0,0,25,200,0,200,200,200,200,200,200,200
379311,0,30,1,2,0,1,10,3,0,0,0,0,0,0,200,200,3,200,200,200,200
379311,0,30,1,2,0,1,10,3,0,0,0,0,0,0,41,0,0,0,0,200,200
379311,1,30,1,2,0,1,10,3,0,0,0,0,0,0,64,0,200,200,200,200,200
379311,1,30,1,2,0,1,10,3,0,0,0,0,0,200,200,200,200,200,200,200,200
379311,1,30,1,2,0,1,10,3,0,0,0,0,0,200,200,200,200,200,200,200,200
379317,0,20,0,0,0,1,0,7,0,0,200,17,0,1,29,0,6,0,0,200,200
379317,0,20,0,0,0,1,0,7,0,0,200,17,0,0,30,0,0,0,0,200,200
379322,0,30,2,200,0,1,0,5,0,0,0,5,200,1,200,200,5,200,0,200,200
379322,0,30,2,200,0,1,0,5,0,0,0,5,200,1,32,0,0,0,0,200,200
379327,0,25,0,0,0,1,7,5,0,0,0,0,200,0,41,0,12,0,0,200,200
379335,0,30,0,0,0,1,0,2,0,1,0,0,0,0,33,7,1,200,0,200,200
379335,0,30,0,0,0,1,0,2,0,1,0,0,0,1,67,200,0,200,0,200,200
379338,0,20,0,0,0,1,2,0,0,0,0,0,11,0,200,200,200,200,200,200,200
379338,1,20,0,0,0,1,2,0,0,0,0,0,11,1,62,200,200,200,200,200,200
379339,0,30,1,2,0,1,12,5,0,0,0,17,0,0,40,0,4,0,0,200,200
379339,0,30,1,2,0,1,12,5,0,0,0,17,0,0,0,0,0,0,0,200,200
379339,1,30,1,2,0,1,12,5,0,0,0,17,0,0,200,0,200,200,200,200,200
379339,1,30,1,2,0,1,12,5,0,0,0,17,0,1,200,0,200,200,200,200,200
379339,1,30,1,2,0,1,12,5,0,0,0,17,0,1,200,0,200,200,200,200,200
379339,1,30,1,2,0,1,12,5,0,0,0,17,0,0,200,0,200,200,200,200,200
379341,0,30,1,2,0,1,12,5,0,0,0,18,22,0,24,0,3,0,0,200,200
379341,0,30,1,2,0,1,12,5,0,0,0,18,22,1,35,0,0,0,0,200,200
379343,0,30,1,2,0,1,0,5,0,0,0,6,14,0,200,200,5,200,200,200,200
379343,0,30,1,2,0,1,0,5,0,0,0,6,14,1,0,200,12,0,0,200,200
379343,0,30,1,2,0,1,0,5,0,0,0,6,14,0,28,200,12,0,0,200,200
379343,0,30,1,2,0,1,0,5,0,0,0,6,14,1,42,200,12,0,0,200,200
379343,1,30,1,2,0,1,0,5,0,0,0,6,14,1,21,200,200,200,200,200,200
379343,1,30,1,2,0,1,0,5,0,0,0,6,14,200,200,200,200,200,200,200,200
379349,0,30,0,0,0,1,10,5,0,0,200,0,0,0,24,200,200,200,200,200,200
379349,0,30,0,0,0,1,10,5,0,0,200,0,0,0,48,0,0,200,200,200,200
379349,1,30,0,0,0,1,10,5,0,0,200,0,0,1,46,0,200,200,200,200,200
379356,0,30,0,0,0,1,0,5,0,200,200,17,22,0,26,0,1,200,0,200,200
379356,0,30,0,0,0,1,0,5,0,200,200,17,22,0,21,0,12,200,0,200,200
379357,0,15,0,0,0,1,8,0,0,0,0,200,200,1,200,200,200,200,200,200,200
379357,4,15,0,0,0,1,8,0,0,0,0,200,200,0,0,7,200,200,7,200,200
379385,0,30,0,0,0,1,8,5,0,0,0,17,200,1,29,200,1,1,0,200,200
379385,4,30,0,0,0,1,8,5,0,0,0,17,200,0,26,7,0,0,0,200,200
379386,0,30,0,0,0,1,12,5,0,0,0,16,0,0,67,0,12,0,0,200,200
379386,0,30,0,0,0,1,12,5,0,0,0,16,0,2,200,200,0,200,200,200,200
379388,0,30,0,0,0,1,14,1,0,0,0,17,200,0,31,0,1,0,0,200,200
379388,0,30,0,0,0,1,14,1,0,0,0,17,200,1,23,200,0,0,0,200,200
379388,1,30,0,0,0,1,14,1,0,0,0,17,200,1,31,200,200,200,200,200,200
379388,1,30,0,0,0,1,14,1,0,0,0,17,200,0,2,5,200,200,200,200,200
379390,0,30,1,2,0,1,14,12,0,0,0,17,200,0,45,0,1,0,0,200,200
379390,0,30,1,2,0,1,14,12,0,0,0,17,200,1,52,0,0,0,0,200,200
379392,0,15,0,0,0,1,0,7,0,0,0,11,200,1,200,200,12,0,0,200,200
379392,0,15,0,0,0,1,0,7,0,0,0,11,200,0,30,0,0,0,0,200,200
379400,0,30,1,2,0,1,14,3,0,0,0,21,200,1,61,200,0,0,0,200,200
379400,0,30,1,2,0,1,14,3,0,0,0,21,200,0,39,0,7,0,0,200,0
379402,0,30,0,0,0,1,7,5,0,0,200,11,200,1,78,200,200,0,0,200,200
379403,0,30,0,0,0,200,12,5,0,200,200,17,200,0,68,200,1,200,0,200,200
379403,0,30,0,0,0,200,12,5,0,200,200,17,200,0,41,200,0,200,0,200,200
379408,0,30,0,0,0,1,2,5,0,0,0,0,0,0,36,0,200,200,200,200,200
379409,0,25,0,0,0,4,7,5,0,0,0,23,200,0,20,0,12,0,0,200,200
379415,0,30,0,0,200,200,7,6,0,200,200,0,0,2,200,200,200,200,200,200,200
379417,0,30,0,0,0,1,12,5,0,0,0,21,11,0,200,200,4,200,200,200,200
379417,0,30,0,0,0,1,12,5,0,0,0,21,11,0,28,0,0,0,0,200,200
379421,0,30,0,0,0,1,12,5,0,0,0,0,0,0,200,200,200,200,200,200,200
379421,0,30,0,0,0,1,12,5,0,0,0,0,0,1,55,0,200,0,0,200,200
379422,0,30,200,200,0,1,12,5,0,0,0,200,200,1,200,200,3,200,200,200,200
379422,0,30,200,200,0,1,12,5,0,0,0,200,200,0,44,0,200,0,0,200,200
379428,0,30,0,0,0,1,7,6,0,0,0,0,200,2,200,200,200,200,200,200,200
379429,0,30,1,2,0,1,10,2,0,0,12,200,200,0,29,200,200,200,200,200,200
379429,0,30,1,2,0,1,10,2,0,0,12,200,200,0,38,0,0,200,0,200,200
379430,0,30,0,0,0,1,14,5,0,0,0,23,17,0,11,200,200,200,0,200,200
379430,0,30,0,0,0,1,14,5,0,0,0,23,17,1,38,200,12,200,0,200,200
379430,1,30,0,0,0,1,14,5,0,0,0,23,17,0,23,200,200,200,200,200,200
379434,0,20,0,0,0,1,9,5,0,0,0,0,0,0,200,200,6,200,200,200,200
379434,5,20,0,0,0,1,9,5,0,0,0,0,0,1,17,7,200,200,0,200,200
379434,1,20,0,0,0,1,9,5,0,0,0,0,0,1,200,200,200,200,200,200,200
379446,0,30,0,0,0,1,12,2,0,0,0,21,11,1,42,0,12,0,0,200,200
379446,0,30,0,0,0,1,12,2,0,0,0,21,11,0,41,0,0,0,0,200,200
379448,0,30,0,0,0,1,7,5,0,0,200,12,0,1,25,200,10,200,0,200,200
379449,0,30,1,2,0,1,2,2,0,0,0,11,200,1,27,200,7,0,1,200,200
379450,0,20,1,2,0,1,12,1,0,0,0,21,200,2,200,200,4,200,200,200,200
379450,0,20,1,2,0,1,12,1,0,0,0,21,200,0,28,0,0,200,0,200,200
379450,1,20,1,2,0,1,12,1,0,0,0,21,200,0,58,7,200,200,200,200,200
379453,0,30,1,2,0,4,12,2,0,0,0,17,0,1,18,0,1,0,0,200,200
379453,0,30,1,2,0,4,12,2,0,0,0,17,0,1,35,200,0,0,0,200,200
379453,1,30,1,2,0,4,12,2,0,0,0,17,0,1,18,0,200,200,200,200,200
379454,0,30,1,2,0,1,12,5,0,0,0,17,17,0,62,0,1,0,0,200,200
379454,0,30,1,2,0,1,12,5,0,0,0,17,17,0,28,200,1,0,0,200,200
379455,0,30,0,0,0,1,0,3,2,0,0,25,0,0,200,200,1,200,200,200,200
379455,0,30,0,0,0,1,0,3,2,0,0,25,0,1,49,200,200,0,0,200,200
379457,0,40,0,0,0,1,12,3,0,0,0,0,0,1,200,200,200,200,200,200,200
379457,0,40,0,0,0,1,12,3,0,0,0,0,0,1,24,0,0,0,0,200,200
379457,1,40,0,0,0,1,12,3,0,0,0,0,0,0,200,0,200,200,200,200,200
379461,4,30,0,0,0,1,8,2,0,0,0,0,0,0,46,7,12,0,0,200,200
379462,0,30,0,0,0,4,7,5,0,0,0,17,200,0,65,0,0,0,0,200,200
379464,5,15,0,0,0,1,9,12,0,0,0,17,200,0,7,7,1,0,0,200,200
379464,0,15,0,0,0,1,9,12,0,0,0,17,200,0,65,0,0,5,0,200,200
379471,0,30,0,0,0,4,10,2,0,0,0,0,0,0,43,200,200,200,0,200,200
379471,0,30,0,0,0,4,10,2,0,0,0,0,0,0,25,200,12,200,0,200,200
379480,0,35,0,0,0,3,12,5,0,0,0,21,200,2,200,200,4,200,200,200,200
379480,0,35,0,0,0,3,12,5,0,0,0,21,200,1,26,0,0,0,0,200,200
379481,0,30,2,2,0,1,5,5,0,0,0,200,200,0,200,200,6,200,200,200,200
379481,0,30,2,2,0,1,5,5,0,0,0,200,200,0,29,0,0,0,0,200,200
379490,0,30,0,0,0,1,14,5,0,0,200,23,0,0,23,0,200,0,0,200,200
379490,0,30,0,0,0,1,14,5,0,0,200,23,0,0,20,200,7,200,200,200,200
379491,0,30,1,2,0,3,14,5,0,0,0,23,0,0,200,200,200,200,200,200,200
379491,0,30,1,2,0,3,14,5,0,0,0,23,0,1,34,0,0,0,0,200,200
379491,1,30,1,2,0,3,14,5,0,0,0,23,0,1,31,0,200,200,200,200,200
379494,0,30,1,2,0,3,10,3,0,0,0,18,16,0,52,200,8,0,0,200,200
379494,0,30,1,2,0,3,10,3,0,0,0,18,16,0,27,200,0,0,0,200,200
379494,1,30,1,2,0,3,10,3,0,0,0,18,16,1,27,200,200,200,200,200,200
379494,1,30,1,2,0,3,10,3,0,0,0,18,16,1,7,200,200,200,200,200,200
379494,1,30,1,2,0,3,10,3,0,0,0,18,16,1,5,7,200,200,200,200,200
379494,1,30,1,2,0,3,10,3,0,0,0,18,16,1,200,200,200,200,200,200,200
379494,1,30,1,2,0,3,10,3,0,0,0,18,16,1,11,200,200,200,200,200,200
379496,0,30,1,2,0,3,10,2,0,0,0,18,11,0,40,0,3,200,0,200,200
379496,0,30,1,2,0,3,10,2,0,0,0,18,11,0,37,0,0,0,0,200,200
379496,1,30,1,2,0,3,10,2,0,0,0,18,11,0,34,0,200,200,200,200,200
379496,1,30,1,2,0,3,10,2,0,0,0,18,11,0,13,0,200,200,200,200,200
379496,1,30,1,2,0,3,10,2,0,0,0,18,11,1,10,0,200,200,200,200,200
379498,0,30,2,2,0,3,0,2,0,0,200,32,5,0,51,200,5,0,5,200,200
379498,0,30,2,2,0,3,0,2,0,0,200,32,5,1,19,200,0,0,0,200,200
379498,0,30,2,2,0,3,0,2,0,0,200,32,5,0,30,200,0,0,0,200,200
379498,1,30,2,2,0,3,0,2,0,0,200,32,5,0,19,200,200,200,200,200,200
379498,1,30,2,2,0,3,0,2,0,0,200,32,5,1,27,200,200,200,200,200,200
379498,1,30,2,2,0,3,0,2,0,0,200,32,5,0,31,200,200,200,200,200,200
379501,0,30,1,2,0,1,0,6,0,0,0,5,200,0,52,200,1,200,200,200,200
379501,0,30,1,2,0,1,0,6,0,0,0,5,200,0,40,0,200,0,200,200,200
379509,0,25,0,0,0,1,7,6,0,0,200,0,0,2,200,200,200,200,200,200,200
379510,0,25,0,0,0,3,2,5,0,0,0,20,16,0,200,200,12,200,200,200,200
379512,0,35,2,2,0,1,14,12,0,0,200,17,11,0,30,200,1,0,0,200,200
379512,0,35,2,2,0,1,14,12,0,0,200,17,11,1,26,200,0,0,0,200,200
379512,1,35,2,2,0,1,14,12,0,0,200,17,11,1,24,200,200,200,200,200,200
379512,1,35,2,2,0,1,14,12,0,0,200,17,11,1,200,200,200,200,200,200,200
379512,1,35,2,2,0,1,14,12,0,0,200,17,11,0,200,200,200,200,200,200,200
379512,1,35,2,2,0,1,14,12,0,0,200,17,11,1,200,200,200,200,200,200,200
379514,0,30,200,200,0,3,10,7,0,0,0,200,200,0,68,0,200,200,0,200,200
379514,0,30,200,200,0,3,10,7,0,0,0,200,200,0,200,200,200,200,200,200,200
379514,1,30,200,200,0,3,10,7,0,0,0,200,200,1,200,0,200,200,200,200,200
379520,0,30,1,2,0,1,12,5,0,0,0,18,200,0,200,200,4,200,200,200,200
379520,0,30,1,2,0,1,12,5,0,0,0,18,200,1,32,0,0,0,0,200,200
379529,0,25,0,0,0,3,14,2,0,0,0,17,17,0,46,0,1,0,0,200,200
379529,0,25,0,0,0,3,14,2,0,0,0,17,17,0,37,0,0,0,0,200,200
379530,0,35,1,200,0,4,3,2,3,200,200,0,200,0,200,200,200,200,200,200,200
379530,0,35,1,200,0,4,3,2,3,200,200,0,200,0,46,0,0,200,0,200,200
379532,0,30,1,2,0,3,11,3,0,0,0,0,0,0,44,200,200,200,0,200,200
379532,0,30,1,2,0,3,11,3,0,0,0,0,0,1,22,200,200,200,0,200,200
379532,1,30,1,2,0,3,11,3,0,0,0,0,0,0,39,200,200,200,200,200,200
379534,0,30,0,0,0,1,7,6,0,0,0,0,0,2,200,200,200,200,200,200,200
379544,0,30,2,2,0,3,0,12,0,0,0,16,14,0,22,200,1,0,0,200,200
379544,0,30,2,2,0,3,0,12,0,0,0,16,14,0,27,200,0,0,0,200,200
379544,1,30,2,2,0,3,0,12,0,0,0,16,14,0,21,200,200,200,200,200,200
379545,0,30,1,2,0,4,12,5,0,0,0,0,0,1,22,200,0,0,0,200,200
379545,0,30,1,2,0,4,12,5,0,0,0,0,0,1,27,200,0,0,0,200,200
379552,0,30,1,2,200,200,14,200,0,200,200,21,23,0,57,200,200,200,200,200,200
379552,0,30,1,2,200,200,14,200,0,200,200,21,23,0,28,200,7,200,200,200,200
379553,0,30,0,0,0,3,14,5,0,0,200,17,0,0,63,200,1,200,200,200,200
379553,0,30,0,0,0,3,14,5,0,0,200,17,0,0,38,0,0,200,200,200,200
379562,0,25,0,0,0,3,9,6,0,0,0,200,200,0,65,0,1,0,0,200,200
379562,5,25,0,0,0,3,9,6,0,0,0,200,200,1,27,7,0,0,0,200,200
379577,0,15,0,0,0,1,7,7,1,0,0,0,0,0,30,0,200,0,0,200,200
379579,0,30,1,2,0,3,14,1,0,0,0,17,200,1,72,0,1,200,0,200,200
379579,0,30,1,2,0,3,14,1,0,0,0,17,200,0,23,0,0,200,0,200,200
379582,0,30,1,2,0,0,14,2,0,0,0,17,200,0,51,0,1,0,0,200,200
379582,0,30,1,2,0,0,14,2,0,0,0,17,200,1,17,0,0,0,0,200,200
379582,0,30,1,2,0,0,14,2,0,0,0,17,200,0,49,0,0,0,0,200,200
379582,1,30,1,2,0,0,14,2,0,0,0,17,200,1,45,0,200,200,200,200,200
379582,1,30,1,2,0,0,14,2,0,0,0,17,200,200,3,0,200,200,200,200,200
379582,1,30,1,2,0,0,14,2,0,0,0,17,200,0,18,0,200,200,200,200,200
379585,0,5,0,0,0,4,3,7,0,0,0,0,0,0,25,0,12,200,0,200,200
379585,0,5,0,0,0,4,3,7,0,0,0,0,0,0,27,200,200,200,0,200,200
379588,0,30,2,2,0,3,0,6,0,0,0,22,200,0,27,200,2,0,0,200,200
379588,0,30,2,2,0,3,0,6,0,0,0,22,200,1,42,0,6,0,0,200,200
379588,1,30,2,2,0,3,0,6,0,0,0,22,200,1,200,200,200,200,200,200,200
379588,1,30,2,2,0,3,0,6,0,0,0,22,200,0,200,200,200,200,200,200,200
379591,0,30,1,2,0,3,14,5,0,0,0,0,0,1,200,200,200,200,200,200,200
379591,0,30,1,2,0,3,14,5,0,0,0,0,0,0,64,200,200,0,0,200,200
379596,0,30,1,2,0,3,12,5,0,0,0,0,0,0,200,200,200,200,200,200,200
379596,0,30,1,2,0,3,12,5,0,0,0,0,0,0,18,0,0,0,0,200,200
379599,0,50,12,0,0,3,12,5,0,0,200,22,0,2,200,200,2,200,200,200,200
379599,0,50,12,0,0,3,12,5,0,0,200,22,0,0,30,200,0,200,200,200,200
379602,0,30,1,200,0,3,14,5,0,200,200,0,0,0,200,200,5,200,200,200,200
379602,0,30,1,200,0,3,14,5,0,200,200,0,0,1,200,200,0,0,0,200,200
379617,0,30,0,0,0,3,12,3,0,0,0,11,25,0,22,200,200,200,0,200,200
379617,0,30,0,0,0,3,12,3,0,0,0,11,25,0,27,0,200,200,0,200,200
379617,1,30,0,0,0,3,12,3,0,0,0,11,25,1,20,0,200,200,200,200,200
379617,1,30,0,0,0,3,12,3,0,0,0,11,25,0,36,0,200,200,200,200,200
379621,0,30,200,200,0,3,9,2,0,0,200,25,200,0,200,200,12,200,200,200,200
379621,5,30,200,200,0,3,9,2,0,0,200,25,200,0,22,7,0,200,0,200,200
379622,0,35,1,2,0,3,8,2,0,0,1,35,0,0,24,200,0,0,0,200,200
379622,4,35,1,2,0,3,8,2,0,0,1,35,0,0,29,2,5,200,0,200,200
379629,0,30,1,2,0,3,14,1,0,0,0,15,14,0,21,0,1,0,0,200,200
379629,0,30,1,2,0,3,14,1,0,0,0,15,14,0,18,0,12,0,0,200,200
379629,1,30,1,2,0,3,14,1,0,0,0,15,14,0,200,200,200,200,200,200,200
379629,1,30,1,2,0,3,14,1,0,0,0,15,14,200,200,200,200,200,200,200,200
379629,1,30,1,2,0,3,14,1,0,0,0,15,14,0,200,200,200,200,200,200,200
379629,1,30,1,2,0,3,14,1,0,0,0,15,14,0,200,200,200,200,200,200,200
379635,0,30,1,2,0,3,14,6,0,0,0,200,200,0,39,200,2,200,200,200,200
379635,0,30,1,2,0,3,14,6,0,0,0,200,200,0,49,200,0,0,0,200,200
379638,0,30,1,2,0,3,14,6,0,0,0,17,21,0,27,200,1,0,0,200,200
379638,0,30,1,2,0,3,14,6,0,0,0,17,21,0,29,200,12,0,0,200,200
379638,1,30,1,2,0,3,14,6,0,0,0,17,21,1,26,200,200,200,200,200,200
379638,1,30,1,2,0,3,14,6,0,0,0,17,21,1,200,5,200,200,200,200,200
379647,0,30,0,0,0,3,12,3,0,0,0,0,0,2,200,200,200,200,200,200,200
379647,0,30,0,0,0,3,12,3,0,0,0,0,0,1,50,200,0,0,0,200,200
379652,0,10,0,0,0,0,0,7,0,0,0,20,17,1,44,200,6,0,0,200,200
379652,0,10,0,0,0,0,0,7,0,0,0,20,17,1,38,200,0,0,0,200,200
379658,0,30,1,2,200,200,14,2,0,200,200,17,0,1,20,200,5,200,200,200,200
379658,0,30,1,2,200,200,14,2,0,200,200,17,0,1,22,0,0,0,0,200,200
379658,1,30,1,2,200,200,14,2,0,200,200,17,0,0,24,0,200,200,200,200,200
379661,0,30,1,2,0,0,14,5,0,0,0,0,0,0,18,0,0,0,0,200,200
379661,0,30,1,2,0,0,14,5,0,0,0,0,0,0,26,0,0,0,0,200,200
379661,1,30,1,2,0,0,14,5,0,0,0,0,0,1,20,0,200,200,200,200,200
379661,1,30,1,2,0,0,14,5,0,0,0,0,0,1,15,0,200,200,200,200,200
379661,1,30,1,2,0,0,14,5,0,0,0,0,0,0,27,0,200,200,200,200,200
379662,0,30,1,1,0,0,9,5,0,0,0,0,27,1,80,0,1,0,200,200,200
379662,5,30,1,1,0,0,9,5,0,0,0,0,27,0,54,7,12,200,5,0.28,200
379665,0,15,0,0,0,1,11,7,0,0,200,0,0,1,200,200,6,200,200,200,200
379665,0,15,0,0,0,1,11,7,0,0,200,0,0,1,36,0,200,200,0,200,200
379667,0,30,0,0,0,3,7,5,0,0,200,32,30,0,21,200,11,200,5,200,1
379669,0,30,1,2,0,4,14,2,0,0,0,16,17,1,17,200,1,200,0,200,200
379669,5,30,1,2,0,4,14,2,0,0,0,16,17,1,53,200,200,200,200,200,200
379671,0,30,0,0,0,3,8,6,0,0,200,0,0,0,200,200,200,200,200,200,200
379671,4,30,0,0,0,3,8,6,0,0,200,0,0,0,10,7,0,0,0,200,200
379671,1,30,0,0,0,3,8,6,0,0,200,0,0,200,200,200,200,200,200,200,200
379679,0,30,0,0,0,3,7,6,0,0,0,0,200,2,200,200,200,200,200,200,200
379690,0,30,1,2,0,3,12,6,0,0,0,21,200,0,43,0,4,0,0,200,200
379690,0,30,1,2,0,3,12,6,0,0,0,21,200,1,30,0,0,0,0,200,200
379690,1,30,1,2,0,3,12,6,0,0,0,21,200,1,47,0,200,200,200,200,200