RD_NO,PERSON_TYPE,POSTED_SPEED_LIMIT,TRAFFIC_CONTROL_DEVICE,DEVICE_CONDITION,WEATHER_CONDITION,LIGHTING_CONDITION,FIRST_CRASH_TYPE,TRAFFICWAY_TYPE,ALIGNMENT,ROADWAY_SURFACE_COND,ROAD_DEFECT,PRIM_CONTRIBUTORY_CAUSE,SEC_CONTRIBUTORY_CAUSE,SEX,AGE,SAFETY_EQUIPMENT,DRIVER_ACTION,DRIVER_VISION,PHYSICAL_CONDITION,BAC_RESULT VALUE,CELL_PHONE_USE
379690,1,30,1,2,0,3,12,6,0,0,0,21,200,1,26,0,200,200,200,200,200
379692,0,25,1,2,0,3,10,5,0,0,200,18,11,0,36,0,3,0,0,200,200
379692,0,25,1,2,0,3,10,5,0,0,200,18,11,0,42,0,0,0,0,200,200
379694,0,25,1,2,0,3,0,12,0,0,0,6,0,0,18,0,0,0,0,200,200
379694,0,25,1,2,0,3,0,12,0,0,0,6,0,0,41,0,5,0,200,200,200
379696,0,30,1,2,0,3,10,5,0,0,0,0,200,0,30,200,1,200,200,200,200
379696,0,30,1,2,0,3,10,5,0,0,0,0,200,0,26,0,0,0,0,200,200
379696,0,30,1,2,0,3,10,5,0,0,0,0,200,1,53,200,0,200,0,200,200
379696,1,30,1,2,0,3,10,5,0,0,0,0,200,0,26,0,200,200,200,200,200
379696,1,30,1,2,0,3,10,5,0,0,0,0,200,0,28,0,200,200,200,200,200
379696,1,30,1,2,0,3,10,5,0,0,0,0,200,1,26,0,200,200,200,200,200
379697,0,30,0,0,0,3,2,5,0,0,0,32,27,0,41,200,200,200,5,0.2,200
379704,0,25,0,0,0,3,14,5,0,0,0,23,21,1,25,7,7,200,0,200,200
379704,0,25,0,0,0,3,14,5,0,0,0,23,21,0,59,7,0,0,0,200,200
379704,1,25,0,0,0,3,14,5,0,0,0,23,21,1,53,0,200,200,200,200,200
379705,0,30,1,2,0,3,12,2,0,0,200,23,0,0,23,0,7,200,200,200,200
379705,0,30,1,2,0,3,12,2,0,0,200,23,0,1,21,0,0,0,0,200,200
379705,1,30,1,2,0,3,12,2,0,0,200,23,0,0,24,0,200,200,200,200,200
379707,0,15,0,0,0,3,10,7,0,0,0,0,0,0,200,200,200,200,200,200,200
379707,0,15,0,0,0,3,10,7,0,0,0,0,0,0,36,0,0,0,0,200,200
379707,1,15,0,0,0,3,10,7,0,0,0,0,0,200,200,0,200,200,200,200,200
379719,0,30,2,2,0,3,14,2,0,0,0,5,32,0,41,0,5,0,0,200,200
379719,0,30,2,2,0,3,14,2,0,0,0,5,32,0,39,0,0,0,5,200,200
379719,1,30,2,2,0,3,14,2,0,0,0,5,32,1,200,0,200,200,200,200,200
379720,0,30,0,0,0,3,7,5,0,0,0,7,200,0,63,200,8,0,0,200,200
379722,0,30,1,2,0,3,10,2,0,0,0,18,0,0,200,200,3,200,200,200,200
379722,0,30,1,2,0,3,10,2,0,0,0,18,0,0,40,0,0,0,0,200,200
379723,0,30,1,2,0,3,10,3,0,1,200,18,0,0,29,0,3,200,200,200,200
379723,0,30,1,2,0,3,10,3,0,1,200,18,0,0,63,200,200,200,200,200,200
379723,1,30,1,2,0,3,10,3,0,1,200,18,0,1,200,0,200,200,200,200,200
379723,1,30,1,2,0,3,10,3,0,1,200,18,0,1,200,0,200,200,200,200,200
379723,1,30,1,2,0,3,10,3,0,1,200,18,0,1,200,0,200,200,200,200,200
379723,1,30,1,2,0,3,10,3,0,1,200,18,0,1,200,0,200,200,200,200,200
379723,1,30,1,2,0,3,10,3,0,1,200,18,0,0,200,200,200,200,200,200,200
379723,1,30,1,2,0,3,10,3,0,1,200,18,0,0,200,200,200,200,200,200,200
379736,0,10,0,0,0,3,7,7,0,0,0,20,20,0,46,0,0,0,0,200,200
379747,0,30,1,2,0,3,10,5,0,0,0,18,18,0,200,200,3,200,200,200,200
379747,0,30,1,2,0,3,10,5,0,0,0,18,18,0,30,0,0,0,0,200,200
379749,0,30,0,0,0,3,10,5,0,0,12,18,200,0,58,200,3,200,0,200,200
379749,0,30,0,0,0,3,10,5,0,0,12,18,200,0,26,200,0,200,0,200,200
379750,0,30,0,2,0,3,14,5,0,0,0,200,200,2,200,200,200,200,200,200,200
379750,0,30,0,2,0,3,14,5,0,0,0,200,200,0,49,200,0,0,0,200,200
379757,0,30,1,2,0,3,14,5,0,0,0,200,200,0,200,200,200,200,200,200,200
379757,0,30,1,2,0,3,14,5,0,0,0,200,200,0,56,200,0,0,0,200,200
379760,0,35,1,2,0,3,14,5,0,0,0,17,0,0,24,0,200,200,0,200,200
379760,0,35,1,2,0,3,14,5,0,0,0,17,0,1,63,0,200,200,0,200,200
379760,1,35,1,2,0,3,14,5,0,0,0,17,0,0,31,0,200,200,200,200,200
379760,1,35,1,2,0,3,14,5,0,0,0,17,0,1,23,0,200,200,200,200,200
379760,1,35,1,2,0,3,14,5,0,0,0,17,0,1,24,0,200,200,200,200,200
379760,1,35,1,2,0,3,14,5,0,0,0,17,0,1,26,0,200,200,200,200,200
379760,1,35,1,2,0,3,14,5,0,0,0,17,0,1,58,0,200,200,200,200,200
379767,0,30,0,0,0,3,14,5,0,0,0,17,0,0,39,0,1,0,0,200,200
379767,0,30,0,0,0,3,14,5,0,0,0,17,0,1,23,0,0,0,0,200,200
379767,1,30,0,0,0,3,14,5,0,0,0,17,0,0,24,0,200,200,200,200,200
379767,1,30,0,0,0,3,14,5,0,0,0,17,0,1,32,0,200,200,200,200,200
379767,1,30,0,0,0,3,14,5,0,0,0,17,0,0,23,0,200,200,200,200,200
379768,0,25,0,0,0,3,7,6,2,0,0,0,200,0,200,200,12,200,200,200,200
379768,0,25,0,0,0,3,7,6,2,0,0,0,200,0,55,0,0,0,0,200,200
379768,1,25,0,0,0,3,7,6,2,0,0,0,200,200,200,200,200,200,200,200,200
379769,0,30,0,0,0,3,2,3,0,0,0,12,200,1,0,200,12,0,0,200,200
379769,1,30,0,0,0,3,2,3,0,0,0,12,200,1,42,200,200,200,200,200,200
379772,0,30,0,0,0,3,7,5,0,0,0,7,11,0,27,0,12,0,0,200,200
379777,0,30,2,2,0,3,0,5,0,0,0,17,32,1,27,200,1,0,5,0.14,200
379777,0,30,2,2,0,3,0,5,0,0,0,17,32,0,23,200,0,0,0,200,200
379777,1,30,2,2,0,3,0,5,0,0,0,17,32,1,29,200,200,200,200,200,200
379777,1,30,2,2,0,3,0,5,0,0,0,17,32,0,20,200,200,200,200,200,200
379777,1,30,2,2,0,3,0,5,0,0,0,17,32,1,22,200,200,200,200,200,200
379783,0,30,0,0,0,3,0,5,0,0,0,20,200,0,21,200,6,200,0,200,200
379783,0,30,0,0,0,3,0,5,0,0,0,20,200,0,31,0,0,0,0,200,200
379792,0,30,200,200,0,3,12,2,0,0,0,22,0,0,200,200,200,200,200,200,200
379792,0,30,200,200,0,3,12,2,0,0,0,22,0,0,39,200,200,0,0,200,200
379795,0,30,0,0,0,3,12,2,0,0,1,0,200,0,58,200,200,0,0,200,200
379795,0,30,0,0,0,3,12,2,0,0,1,0,200,1,25,200,200,0,0,200,200
379795,1,30,0,0,0,3,12,2,0,0,1,0,200,1,61,200,200,200,200,200,200
379795,1,30,0,0,0,3,12,2,0,0,1,0,200,1,13,200,200,200,200,200,200
379795,1,30,0,0,0,3,12,2,0,0,1,0,200,1,1,5,200,200,200,200,200
379801,0,25,2,2,0,3,2,5,0,0,0,12,200,1,28,0,12,0,0,200,200
379802,0,30,1,2,0,3,0,3,0,0,0,6,200,1,200,200,5,200,200,200,200
379802,0,30,1,2,0,3,0,3,0,0,0,6,200,2,200,200,0,200,200,200,200
379802,0,30,1,2,0,3,0,3,0,0,0,6,200,0,56,200,0,0,0,200,200
379809,0,30,1,2,0,3,7,6,0,0,0,16,25,0,27,200,8,200,200,200,200
379809,1,30,1,2,0,3,7,6,0,0,0,16,25,1,32,200,200,200,200,200,200
379813,0,30,0,200,0,0,10,2,0,0,200,20,21,0,24,200,6,200,200,200,200
379813,0,30,0,200,0,0,10,2,0,0,200,20,21,0,54,0,12,200,200,200,200
379824,0,30,200,200,200,200,12,6,0,200,200,17,22,0,43,200,0,200,200,200,200
379824,0,30,200,200,200,200,12,6,0,200,200,17,22,0,40,200,1,200,200,200,200
379828,0,30,1,2,0,3,10,2,0,0,0,18,16,0,38,200,8,200,200,200,200
379828,0,30,1,2,0,3,10,2,0,0,0,18,16,0,34,200,0,0,0,200,200
379830,0,30,0,0,0,3,12,5,0,0,0,21,0,0,200,200,4,200,200,200,200
379830,0,30,0,0,0,3,12,5,0,0,0,21,0,1,31,0,2,0,0,200,200
379832,0,30,1,2,0,3,10,3,0,0,0,0,0,1,32,200,8,200,200,200,200
379832,0,30,1,2,0,3,10,3,0,0,0,0,0,1,49,0,0,0,0,200,200
379833,0,35,0,0,0,3,10,5,0,0,12,18,0,0,200,200,3,200,200,200,200
379833,0,35,0,0,0,3,10,5,0,0,12,18,0,0,32,0,0,0,0,200,200
379834,0,30,1,2,0,0,0,5,0,0,0,0,200,1,21,200,200,200,200,200,200
379834,0,30,1,2,0,0,0,5,0,0,0,0,200,1,33,200,200,200,0,200,200
379834,1,30,1,2,0,0,0,5,0,0,0,0,200,0,33,200,200,200,200,200,200
379837,0,30,0,0,0,3,2,3,0,0,0,8,200,1,31,0,12,0,0,200,200
379837,1,30,0,0,0,3,2,3,0,0,0,8,200,0,34,0,200,200,200,200,200
379846,0,30,1,2,0,3,14,5,0,0,0,18,27,0,30,200,1,0,5,200,200
379846,0,30,1,2,0,3,14,5,0,0,0,18,27,0,0,200,0,0,0,200,200
379847,0,30,0,0,0,3,9,7,0,0,200,0,0,1,24,200,200,200,200,200,200
379847,5,30,0,0,0,3,9,7,0,0,200,0,0,1,200,200,200,200,200,200,200
379850,0,30,2,2,0,0,9,5,0,1,0,0,0,1,0,200,13,0,200,200,200
379850,5,30,2,2,0,0,9,5,0,1,0,0,0,1,31,0,200,0,0,200,200
379853,0,30,0,0,0,3,7,5,0,0,0,0,0,2,200,200,200,200,200,200,200
379868,0,30,0,0,0,3,0,5,0,0,200,17,0,0,34,0,1,200,200,200,200
379868,0,30,0,0,0,3,0,5,0,0,200,17,0,1,23,0,200,200,200,200,200
379868,1,30,0,0,0,3,0,5,0,0,200,17,0,1,200,0,200,200,200,200,200
379868,1,30,0,0,0,3,0,5,0,0,200,17,0,0,200,0,200,200,200,200,200
379868,1,30,0,0,0,3,0,5,0,0,200,17,0,1,200,0,200,200,200,200,200
379868,1,30,0,0,0,3,0,5,0,0,200,17,0,1,200,0,200,200,200,200,200
379879,0,30,1,2,0,0,10,2,0,0,0,0,0,2,200,200,12,200,200,200,200
379879,0,30,1,2,0,0,10,2,0,0,0,0,0,1,26,0,0,0,0,200,200
379880,0,30,2,2,0,0,12,5,0,0,0,0,200,0,35,0,1,0,0,200,200
379880,0,30,2,2,0,0,12,5,0,0,0,0,200,0,200,0,12,0,0,200,200
379880,1,30,2,2,0,0,12,5,0,0,0,0,200,0,200,0,200,200,200,200,200
379897,0,35,1,2,0,3,14,5,0,0,0,0,200,1,200,200,12,200,200,200,200
379897,0,35,1,2,0,3,14,5,0,0,0,0,200,0,55,0,0,0,0,200,200
379898,0,30,0,0,0,3,7,5,0,0,0,0,0,2,200,200,200,200,200,200,200
379904,0,30,0,0,0,3,7,5,0,0,200,32,16,0,52,0,200,200,5,0.15,200
379909,0,30,4,2,0,3,12,5,0,0,0,12,0,0,36,0,0,0,0,200,200
379909,0,30,4,2,0,3,12,5,0,0,0,12,0,0,57,0,0,0,0,200,200
379915,0,30,0,0,0,0,7,5,3,0,0,200,200,2,200,200,200,200,200,200,200
379919,0,30,0,0,0,3,7,2,0,0,0,10,16,0,37,200,200,200,200,200,200
379925,0,30,0,0,0,3,7,5,0,0,0,0,200,0,200,200,200,0,0,200,200
379930,0,30,0,0,0,2,7,5,0,0,0,0,27,1,21,0,12,0,2,200,200
379930,1,30,0,0,0,2,7,5,0,0,0,0,27,0,19,0,200,200,200,200,200
379933,0,30,0,0,0,2,7,1,0,0,200,0,0,0,29,200,12,0,200,200,200
379933,1,30,0,0,0,2,7,1,0,0,200,0,0,1,20,200,200,200,200,200,200
379935,0,30,1,2,0,1,14,5,0,0,0,16,200,1,200,200,1,200,200,200,200
379935,0,30,1,2,0,1,14,5,0,0,0,16,200,0,45,0,200,0,0,200,200
379941,0,30,1,2,0,1,14,6,0,0,0,17,17,1,27,200,7,200,0,200,200
379941,0,30,1,2,0,1,14,6,0,0,0,17,17,0,43,200,12,200,0,200,200
379941,1,30,1,2,0,1,14,6,0,0,0,17,17,0,26,200,200,200,200,200,200
379945,0,30,0,0,0,2,2,2,0,0,2,200,200,0,27,1,200,200,200,200,200
379957,0,35,1,2,0,1,10,5,0,0,0,16,18,1,200,200,3,200,200,200,200
379957,0,35,1,2,0,1,10,5,0,0,0,16,18,0,23,200,0,0,0,200,200
379958,0,30,0,0,0,1,7,2,0,0,0,15,15,0,28,0,200,0,0,200,200
379976,0,0,0,0,0,3,7,5,0,0,0,0,200,2,200,200,200,200,200,200,200
379980,0,20,0,0,0,1,12,6,0,0,0,0,0,0,51,0,12,0,0,200,200
379980,0,20,0,0,0,1,12,6,0,0,0,0,0,0,50,0,0,0,0,200,200
379985,0,30,0,0,0,3,7,2,0,0,0,0,200,2,200,200,200,200,200,200,200
379986,0,30,2,2,0,1,10,5,0,0,0,18,16,0,64,0,1,0,0,200,200
379986,0,30,2,2,0,1,10,5,0,0,0,18,16,1,57,0,0,0,0,200,200
380001,0,0,0,0,0,3,7,7,0,0,0,20,200,0,30,0,6,0,0,200,200
380001,1,0,0,0,0,3,7,7,0,0,0,20,200,1,35,0,200,200,200,200,200
380004,0,30,0,0,0,3,7,2,0,0,0,25,16,2,200,200,12,200,200,200,200
380008,0,15,0,0,0,1,7,5,0,0,0,0,200,2,200,200,200,200,200,200,200
380021,0,30,0,0,0,1,12,2,0,0,0,0,0,0,200,200,200,200,200,200,200
380021,0,30,0,0,0,1,12,2,0,0,0,0,0,0,38,0,0,0,0,200,200
380021,1,30,0,0,0,1,12,2,0,0,0,0,0,0,200,200,200,200,200,200,200
380021,1,30,0,0,0,1,12,2,0,0,0,0,0,0,200,200,200,200,200,200,200
380021,1,30,0,0,0,1,12,2,0,0,0,0,0,0,200,200,200,200,200,200,200
380022,0,30,0,0,0,1,10,3,1,1,0,27,16,1,22,0,1,0,2,200,200
380022,0,30,0,0,0,1,10,3,1,1,0,27,16,0,62,0,0,0,0,200,200
380025,0,30,0,0,0,1,14,2,0,0,0,17,17,0,30,0,1,0,0,200,200
380025,0,30,0,0,0,1,14,2,0,0,0,17,17,0,200,200,0,200,200,200,200
380045,0,30,1,0,0,1,10,2,0,0,0,18,18,0,33,200,3,200,0,200,200
380045,0,30,1,0,0,1,10,2,0,0,0,18,18,1,51,200,0,0,0,200,200
380048,0,30,0,0,0,3,7,6,0,0,0,0,200,2,200,200,10,200,200,200,200
380056,0,35,1,2,1,1,9,3,0,0,0,17,0,1,45,0,1,0,0,200,200
380056,5,35,1,2,1,1,9,3,0,0,0,17,0,1,34,7,0,0,0,200,200
380091,0,15,0,0,0,1,7,0,0,0,0,0,0,0,43,0,200,0,0,200,200
380091,1,15,0,0,0,1,7,0,0,0,0,0,0,1,36,0,200,200,200,200,200
380091,1,15,0,0,0,1,7,0,0,0,0,0,0,0,9,0,200,200,200,200,200
380091,1,15,0,0,0,1,7,0,0,0,0,0,0,1,83,200,200,200,200,200,200
380098,0,30,0,0,0,1,7,2,0,0,0,200,200,2,200,200,200,200,200,200,200
380116,0,30,0,0,0,0,7,7,0,0,0,11,0,1,84,0,200,0,0,200,200
380118,0,30,0,0,0,3,7,5,0,0,0,0,0,2,200,200,200,200,200,200,200
380123,0,30,2,2,0,1,10,12,0,0,0,18,200,0,200,200,3,200,200,200,200
380123,0,30,2,2,0,1,10,12,0,0,0,18,200,0,30,0,0,0,0,200,200
380141,0,30,0,0,0,1,7,5,0,0,0,0,0,2,200,200,200,200,200,200,200
380144,0,30,1,2,0,1,2,5,0,0,0,0,0,1,30,0,12,200,4,200,200
380157,0,30,1,2,0,1,14,2,0,0,200,18,200,0,200,200,3,200,200,200,200
380157,0,30,1,2,0,1,14,2,0,0,200,18,200,0,21,0,0,0,0,200,200
380157,1,30,1,2,0,1,14,2,0,0,200,18,200,0,19,0,200,200,200,200,200
380169,0,30,12,2,0,1,14,6,2,0,0,17,8,0,21,0,1,0,0,200,200
380169,0,30,12,2,0,1,14,6,2,0,0,17,8,1,26,0,0,4,0,200,200
380172,0,15,0,0,200,1,7,0,0,200,200,0,0,1,59,200,10,200,200,200,200
380173,0,30,0,0,0,1,12,6,0,0,0,0,200,1,36,200,1,200,200,200,200
380173,0,30,0,0,0,1,12,6,0,0,0,0,200,1,33,0,0,0,0,200,200
380173,1,30,0,0,0,1,12,6,0,0,0,0,200,0,200,0,200,200,200,200,200
380173,1,30,0,0,0,1,12,6,0,0,0,0,200,1,200,200,200,200,200,200,200
380174,0,20,0,0,0,2,7,6,0,0,0,200,200,2,200,200,200,200,200,200,200
380186,0,10,0,0,0,1,10,7,0,0,0,200,200,0,17,200,200,200,0,200,200
380186,0,10,0,0,0,1,10,7,0,0,0,200,200,0,24,200,200,200,0,200,200
380191,0,25,0,0,0,1,7,7,0,0,0,0,0,2,200,200,200,200,200,200,200
380192,0,20,1,2,0,1,5,3,0,0,0,23,200,0,33,0,7,0,0,200,200
380193,0,30,0,0,0,1,7,2,0,0,0,0,0,0,200,200,200,200,200,200,200
380193,1,30,0,0,0,1,7,2,0,0,0,0,0,1,76,1,200,200,200,200,200
380193,1,30,0,0,0,1,7,2,0,0,0,0,0,1,80,0,200,200,200,200,200
380194,0,30,0,0,0,1,7,5,0,0,0,0,200,2,200,200,0,200,200,200,200
380196,0,30,1,0,0,1,10,5,0,0,0,18,16,1,26,0,0,0,0,200,200
380196,0,30,1,0,0,1,10,5,0,0,0,18,16,0,24,0,0,0,0,200,200
380202,0,30,0,0,0,1,10,2,0,0,0,0,0,1,200,200,3,200,200,200,200
380202,0,30,0,0,0,1,10,2,0,0,0,0,0,0,76,0,0,0,0,200,200
380202,1,30,0,0,0,1,10,2,0,0,0,0,0,1,69,0,200,200,200,200,200
380225,0,10,0,0,0,1,7,7,0,0,0,0,200,2,200,200,1,200,200,200,200
380226,0,30,0,0,0,1,7,5,0,0,0,0,200,2,200,200,200,200,200,200,200
380230,0,20,0,0,0,1,7,5,3,0,0,16,23,1,200,200,8,200,200,200,200
380234,0,30,1,2,0,1,12,2,0,0,0,17,22,0,60,200,4,0,0,200,200
380234,0,30,1,2,0,1,12,2,0,0,0,17,22,0,25,200,0,0,0,200,200
380241,0,30,1,2,0,1,10,5,0,0,0,18,16,1,75,0,1,0,0,200,200
380241,0,30,1,2,0,1,10,5,0,0,0,18,16,0,61,0,0,0,0,200,200
380241,1,30,1,2,0,1,10,5,0,0,0,18,16,1,72,0,200,200,200,200,200
380241,1,30,1,2,0,1,10,5,0,0,0,18,16,0,200,0,200,200,200,200,200
380245,0,30,1,2,0,1,12,5,0,0,0,22,0,0,57,200,200,200,200,200,200
380245,0,30,1,2,0,1,12,5,0,0,0,22,0,1,39,200,0,200,200,200,200
380247,0,30,0,0,0,1,10,5,0,0,0,0,0,0,31,200,200,0,0,200,200
380247,0,30,0,0,0,1,10,5,0,0,0,0,0,0,34,0,0,0,0,200,200
380247,1,30,0,0,0,1,10,5,0,0,0,0,0,2,200,200,200,200,200,200,200
380247,1,30,0,0,0,1,10,5,0,0,0,0,0,200,200,200,200,200,200,200,200
380255,0,30,12,0,200,1,7,5,0,0,0,11,20,0,200,200,6,200,200,200,200
380260,0,15,0,0,0,1,7,0,0,0,0,0,32,0,86,0,6,200,0,200,200
380265,0,30,0,0,0,1,10,5,0,0,0,18,16,1,26,200,3,0,0,200,200
380265,0,30,0,0,0,1,10,5,0,0,0,18,16,0,55,0,0,0,0,200,200
380265,1,30,0,0,0,1,10,5,0,0,0,18,16,1,20,0,200,200,200,200,200
380268,0,30,0,0,0,1,7,5,0,0,0,11,200,1,39,0,12,0,0,200,200
380276,0,0,1,2,0,1,12,6,0,0,0,0,200,1,18,0,2,0,0,200,200
380276,0,0,1,2,0,1,12,6,0,0,0,0,200,1,60,0,0,0,0,200,200
380278,0,25,1,2,0,1,0,5,0,0,0,20,0,1,200,200,6,200,200,200,200
380278,0,25,1,2,0,1,0,5,0,0,0,20,0,0,28,0,0,200,0,200,200
380278,1,25,1,2,0,1,0,5,0,0,0,20,0,0,24,200,200,200,200,200,200
380279,0,30,0,0,0,1,10,3,0,0,0,0,0,0,200,200,200,200,200,200,200
380279,0,30,0,0,0,1,10,3,0,0,0,0,0,1,55,0,200,0,0,200,200
380279,1,30,0,0,0,1,10,3,0,0,0,0,0,1,18,0,200,200,200,200,200
380279,1,30,0,0,0,1,10,3,0,0,0,0,0,0,18,0,200,200,200,200,200
380283,0,55,0,0,0,1,10,3,3,0,0,25,16,2,200,200,12,200,200,200,200
380283,0,55,0,0,0,1,10,3,3,0,0,25,16,0,32,0,0,0,0,200,200
380285,0,30,0,0,0,1,0,6,0,0,0,17,200,0,61,0,1,0,0,200,200
380285,0,30,0,0,0,1,0,6,0,0,0,17,200,0,63,0,0,0,0,200,200
380285,1,30,0,0,0,1,0,6,0,0,0,17,200,1,49,0,200,200,200,200,200
380290,0,30,1,2,0,1,0,12,0,0,0,6,6,0,53,200,12,200,200,200,200
380290,0,30,1,2,0,1,0,12,0,0,0,6,6,0,27,0,0,0,0,200,200
380293,5,25,0,0,0,1,9,5,0,0,0,5,5,0,27,200,0,200,0,200,200
380293,0,25,0,0,0,1,9,5,0,0,0,5,5,2,200,200,200,200,200,200,200
380300,0,30,0,0,0,1,7,6,0,0,0,0,200,2,200,200,200,200,200,200,200
380301,0,30,1,2,0,1,12,5,0,0,0,0,0,0,200,200,200,200,200,200,200
380301,0,30,1,2,0,1,12,5,0,0,0,0,0,1,33,0,0,0,0,200,200
380301,1,30,1,2,0,1,12,5,0,0,0,0,0,1,200,200,200,200,200,200,200
380301,1,30,1,2,0,1,12,5,0,0,0,0,0,2,200,200,200,200,200,200,200
380301,1,30,1,2,0,1,12,5,0,0,0,0,0,2,200,200,200,200,200,200,200
380306,0,15,0,0,0,3,5,0,0,0,0,20,0,2,200,200,6,200,200,200,200
380307,0,30,0,0,0,1,14,5,0,0,0,0,0,1,78,0,200,0,0,200,200
380307,0,30,0,0,0,1,14,5,0,0,0,0,0,1,34,0,0,0,0,200,200
380312,0,30,1,200,0,3,0,5,0,0,200,200,200,1,30,0,200,0,200,200,200
380312,0,30,1,200,0,3,0,5,0,0,200,200,200,1,21,0,0,0,0,200,200
380313,0,30,0,0,0,1,14,5,0,0,0,17,16,0,200,0,1,0,0,200,200
380313,0,30,0,0,0,1,14,5,0,0,0,17,16,0,200,0,0,0,0,200,200
380317,0,30,0,0,0,1,7,6,0,0,0,0,200,2,200,200,200,200,200,200,200
380322,0,30,2,2,0,3,0,5,0,0,0,5,16,0,200,200,1,200,200,200,200
380322,0,30,2,2,0,3,0,5,0,0,0,5,16,1,22,0,0,0,0,200,200
380322,1,30,2,2,0,3,0,5,0,0,0,5,16,1,200,0,200,200,200,200,200
380322,1,30,2,2,0,3,0,5,0,0,0,5,16,0,200,0,200,200,200,200,200
380322,1,30,2,2,0,3,0,5,0,0,0,5,16,0,200,0,200,200,200,200,200
380324,0,30,0,0,0,1,2,2,0,0,0,11,200,0,37,0,0,0,0,200,200
380324,1,30,0,0,0,1,2,2,0,0,0,11,200,0,200,0,200,200,200,200,200
380326,0,20,0,0,0,1,7,6,0,0,0,0,10,0,200,200,9,200,200,200,200
380334,4,35,2,0,0,1,8,6,0,0,0,10,0,0,13,7,9,0,0,200,200
380334,0,35,2,0,0,1,8,6,0,0,0,10,0,0,37,0,0,0,0,200,200
380341,2,30,1,2,0,1,5,5,0,0,0,200,200,200,200,200,200,200,200,200,200
380341,0,30,1,2,0,1,5,5,0,0,0,200,200,0,200,0,0,12,0,200,200
380344,0,10,0,0,0,1,7,7,0,0,0,0,200,0,200,0,200,0,0,200,200
380345,0,30,0,0,0,1,8,5,0,0,0,14,200,0,25,200,1,0,0,200,200
380345,4,30,0,0,0,1,8,5,0,0,0,14,200,0,25,200,0,0,0,200,200
380349,0,30,0,0,0,1,7,7,0,0,0,200,200,2,200,200,200,200,200,200,200
380361,0,30,1,2,0,1,14,5,0,0,0,0,0,0,200,0,1,0,0,200,200
380361,0,30,1,2,0,1,14,5,0,0,0,0,0,0,200,0,0,0,0,200,200
380361,1,30,1,2,0,1,14,5,0,0,0,0,0,1,200,0,200,200,200,200,200
380361,1,30,1,2,0,1,14,5,0,0,0,0,0,1,200,0,200,200,200,200,200
380362,0,35,0,0,0,1,12,2,0,0,0,21,21,0,200,200,4,200,200,200,200
380362,0,35,0,0,0,1,12,2,0,0,0,21,21,0,26,0,0,3,0,200,200
380363,0,30,2,2,0,1,14,5,0,0,0,17,200,1,200,200,1,200,200,200,200
380363,0,30,2,2,0,1,14,5,0,0,0,17,200,0,42,0,0,0,0,200,200
380364,0,30,1,2,0,1,10,2,0,0,0,0,200,1,65,200,12,200,200,200,200
380364,0,30,1,2,0,1,10,2,0,0,0,0,200,1,20,0,0,0,0,200,200
380364,1,30,1,2,0,1,10,2,0,0,0,0,200,0,14,0,200,200,200,200,200
380364,1,30,1,2,0,1,10,2,0,0,0,0,200,1,16,0,200,200,200,200,200
380378,0,30,12,0,0,1,12,12,0,0,0,18,16,0,200,200,200,200,200,200,200
380378,0,30,12,0,0,1,12,12,0,0,0,18,16,0,55,7,0,0,0,200,200
380381,0,30,1,2,0,1,14,2,0,0,0,17,200,1,25,0,1,0,0,200,200
380381,0,30,1,2,0,1,14,2,0,0,0,17,200,1,61,200,0,200,200,200,200
380385,0,0,0,0,0,1,7,200,0,200,200,0,200,0,200,200,200,200,200,200,200
380387,0,30,1,2,0,1,10,2,0,0,0,18,0,1,21,0,3,0,0,200,200
380387,0,30,1,2,0,1,10,2,0,0,0,18,0,0,63,0,12,0,0,200,200
380391,0,35,1,2,0,3,0,3,0,0,0,17,0,2,200,200,1,200,200,200,200
380391,0,35,1,2,0,3,0,3,0,0,0,17,0,0,34,0,0,0,0,200,200
380402,0,30,0,0,0,1,7,2,0,0,0,0,200,2,200,200,10,200,200,200,200
380412,0,30,0,0,200,200,7,6,0,200,0,0,0,2,200,200,200,200,200,200,200
380413,0,0,0,0,0,1,7,7,0,200,200,0,200,1,21,0,200,200,0,200,200
380413,1,0,0,0,0,1,7,7,0,200,200,0,200,1,40,200,200,200,200,200,200
380415,0,25,0,0,200,200,7,2,0,0,0,0,0,2,200,200,200,200,200,200,200
380418,0,30,0,0,0,3,14,5,0,0,0,17,200,2,200,200,12,200,200,200,200
380418,0,30,0,0,0,3,14,5,0,0,0,17,200,1,200,0,0,0,0,200,200
380419,0,30,0,3,0,1,10,2,0,0,0,16,16,0,20,0,3,0,0,200,200
380419,0,30,0,3,0,1,10,2,0,0,0,16,16,0,21,0,0,0,0,200,200
380424,0,25,0,0,0,1,12,6,0,0,0,17,33,1,23,200,1,200,0,200,200
380424,0,25,0,0,0,1,12,6,0,0,0,17,33,1,63,200,0,0,0,200,200
380430,0,15,0,0,0,1,7,7,0,0,0,20,16,1,67,0,6,0,0,200,200
380430,1,15,0,0,0,1,7,7,0,0,0,20,16,0,200,1,200,200,200,200,200
380430,1,15,0,0,0,1,7,7,0,0,0,20,16,0,200,0,200,200,200,200,200
380433,0,15,0,0,0,1,10,6,0,0,0,20,0,0,200,0,6,0,0,200,200
380433,0,15,0,0,0,1,10,6,0,0,0,20,0,0,23,0,0,0,0,200,200