RD_NO,PERSON_TYPE,POSTED_SPEED_LIMIT,TRAFFIC_CONTROL_DEVICE,DEVICE_CONDITION,WEATHER_CONDITION,LIGHTING_CONDITION,FIRST_CRASH_TYPE,TRAFFICWAY_TYPE,ALIGNMENT,ROADWAY_SURFACE_COND,ROAD_DEFECT,PRIM_CONTRIBUTORY_CAUSE,SEC_CONTRIBUTORY_CAUSE,SEX,AGE,SAFETY_EQUIPMENT,DRIVER_ACTION,DRIVER_VISION,PHYSICAL_CONDITION,BAC_RESULT VALUE,CELL_PHONE_USE
380434,0,30,1,2,0,1,0,1,0,0,0,17,14,0,32,0,1,0,0,200,200
380434,0,30,1,2,0,1,0,1,0,0,0,17,14,1,200,0,0,0,0,200,200
380434,1,30,1,2,0,1,0,1,0,0,0,17,14,0,55,1,200,200,200,200,200
380434,1,30,1,2,0,1,0,1,0,0,0,17,14,200,23,1,200,200,200,200,200
380434,1,30,1,2,0,1,0,1,0,0,0,17,14,1,22,1,200,200,200,200,200
380434,1,30,1,2,0,1,0,1,0,0,0,17,14,0,19,1,200,200,200,200,200
380434,1,30,1,2,0,1,0,1,0,0,0,17,14,200,200,1,200,200,200,200,200
380434,1,30,1,2,0,1,0,1,0,0,0,17,14,200,200,1,200,200,200,200,200
380434,1,30,1,2,0,1,0,1,0,0,0,17,14,200,200,1,200,200,200,200,200
380434,1,30,1,2,0,1,0,1,0,0,0,17,14,200,200,1,200,200,200,200,200
380434,1,30,1,2,0,1,0,1,0,0,0,17,14,200,200,1,200,200,200,200,200
380434,1,30,1,2,0,1,0,1,0,0,0,17,14,200,200,1,200,200,200,200,200
380434,1,30,1,2,0,1,0,1,0,0,0,17,14,200,200,1,200,200,200,200,200
380434,1,30,1,2,0,1,0,1,0,0,0,17,14,200,200,1,200,200,200,200,200
380434,1,30,1,2,0,1,0,1,0,0,0,17,14,200,200,1,200,200,200,200,200
380434,1,30,1,2,0,1,0,1,0,0,0,17,14,200,200,1,200,200,200,200,200
380434,1,30,1,2,0,1,0,1,0,0,0,17,14,200,200,1,200,200,200,200,200
380434,1,30,1,2,0,1,0,1,0,0,0,17,14,200,200,1,200,200,200,200,200
380437,0,25,0,0,0,1,12,3,0,0,0,0,200,2,200,200,4,200,200,200,200
380437,0,25,0,0,0,1,12,3,0,0,0,0,200,0,78,0,0,0,0,200,200
380437,1,25,0,0,0,1,12,3,0,0,0,0,200,1,66,0,200,200,200,200,200
380445,0,10,0,0,0,0,7,7,0,200,200,20,20,1,200,200,6,200,200,200,200
380445,1,10,0,0,0,0,7,7,0,200,200,20,20,0,37,1,200,200,200,200,200
380445,1,10,0,0,0,0,7,7,0,200,200,20,20,1,200,200,200,200,200,200,200
380448,1,5,0,0,0,1,7,7,0,0,200,20,20,0,18,0,200,200,200,200,200
380448,0,5,0,0,0,1,7,7,0,0,200,20,20,2,200,200,6,200,200,200,200
380448,1,5,0,0,0,1,7,7,0,0,200,20,20,1,200,7,200,200,200,200,200
380458,1,30,2,200,0,1,3,5,0,200,200,0,200,1,26,200,200,200,200,200,200
380458,0,30,2,200,0,1,3,5,0,200,200,0,200,2,200,200,200,200,200,200,200
380458,0,30,2,200,0,1,3,5,0,200,200,0,200,0,30,200,200,0,0,200,200
380458,1,30,2,200,0,1,3,5,0,200,200,0,200,1,2,200,200,200,200,200,200
380459,0,30,1,2,0,1,12,2,0,0,0,22,0,0,32,0,2,0,0,200,200
380459,0,30,1,2,0,1,12,2,0,0,0,22,0,0,26,0,12,0,0,200,200
380461,0,30,0,0,0,1,7,5,0,200,200,22,22,1,200,200,2,200,200,200,200
380462,0,30,0,0,0,1,10,2,0,0,0,16,200,0,29,0,3,200,0,200,200
380462,0,30,0,0,0,1,10,2,0,0,0,16,200,1,25,0,0,200,0,200,200
380462,1,30,0,0,0,1,10,2,0,0,0,16,200,0,25,0,200,200,200,200,200
380462,1,30,0,0,0,1,10,2,0,0,0,16,200,1,2,200,200,200,200,200,200
380463,0,15,0,0,0,1,3,7,0,0,0,200,200,0,24,0,12,0,0,200,200
380463,0,15,0,0,0,1,3,7,0,0,0,200,200,1,38,0,12,0,0,200,200
380463,1,15,0,0,0,1,3,7,0,0,0,200,200,1,59,0,200,200,200,200,200
380464,0,30,1,2,0,3,11,5,0,0,0,22,200,1,200,200,12,200,200,200,200
380464,0,30,1,2,0,3,11,5,0,0,0,22,200,1,0,0,0,0,0,200,200
380464,1,30,1,2,0,3,11,5,0,0,0,22,200,0,20,1,200,200,200,200,200
380467,0,0,0,0,0,1,12,7,0,0,0,20,25,0,60,200,6,0,3,200,200
380467,0,0,0,0,0,1,12,7,0,0,0,20,25,1,31,200,12,0,0,200,200
380467,0,0,0,0,0,1,12,7,0,0,0,20,25,0,30,200,200,0,0,200,200
380476,0,35,0,0,0,1,11,5,0,0,0,27,0,0,60,200,9,0,200,200,200
380476,0,35,0,0,0,1,11,5,0,0,0,27,0,0,52,200,0,0,0,200,200
380476,0,35,0,0,0,1,11,5,0,0,0,27,0,0,45,200,0,0,0,200,200
380476,1,35,0,0,0,1,11,5,0,0,0,27,0,1,200,200,200,200,200,200,200
380476,1,35,0,0,0,1,11,5,0,0,0,27,0,1,71,200,200,200,200,200,200
380476,1,35,0,0,0,1,11,5,0,0,0,27,0,0,13,200,200,200,200,200,200
380476,1,35,0,0,0,1,11,5,0,0,0,27,0,1,43,200,200,200,200,200,200
380476,1,35,0,0,0,1,11,5,0,0,0,27,0,0,10,200,200,200,200,200,200
380482,0,35,0,0,0,1,12,3,0,0,0,18,11,0,200,200,3,200,200,200,200
380482,0,35,0,0,0,1,12,3,0,0,0,18,11,1,36,0,0,0,0,200,200
380484,0,15,0,0,0,1,7,5,0,0,0,20,11,0,17,200,6,200,0,200,200
380487,4,30,0,0,0,1,8,5,0,0,0,11,0,0,20,7,0,0,0,200,200
380491,0,30,1,2,0,1,10,2,0,0,0,18,0,0,27,0,3,0,0,200,200
380491,0,30,1,2,0,1,10,2,0,0,0,18,0,1,31,0,12,0,0,200,200
380501,0,30,200,200,0,1,7,5,0,0,0,200,200,2,200,200,200,200,200,200,200
380505,0,30,0,0,0,1,10,3,0,0,0,18,200,1,65,0,3,200,0,200,200
380505,0,30,0,0,0,1,10,3,0,0,0,18,200,0,23,0,0,200,0,200,200
380505,0,30,0,0,0,1,10,3,0,0,0,18,200,0,62,0,0,0,0,200,200
380505,1,30,0,0,0,1,10,3,0,0,0,18,200,1,22,0,200,200,200,200,200
380505,1,30,0,0,0,1,10,3,0,0,0,18,200,1,23,0,200,200,200,200,200
380506,0,30,0,0,0,1,14,5,0,0,0,17,0,0,48,0,1,0,0,200,200
380506,0,30,0,0,0,1,14,5,0,0,0,17,0,0,37,0,0,0,0,200,200
380508,0,10,0,0,0,1,0,7,0,0,0,0,0,1,26,0,12,0,0,200,200
380508,0,10,0,0,0,1,0,7,0,0,0,0,0,0,56,0,12,0,0,200,200
380510,0,30,2,0,0,1,14,6,0,0,0,7,200,0,54,0,200,0,0,200,200
380510,0,30,2,0,0,1,14,6,0,0,0,7,200,0,40,0,0,0,0,200,200
380514,0,30,0,0,0,0,7,6,0,0,0,0,0,0,200,200,200,200,200,200,200
380515,0,30,0,0,0,1,3,2,0,0,0,11,27,0,59,200,9,0,0,200,200
380515,0,30,0,0,0,1,3,2,0,0,0,11,27,0,28,200,0,0,0,200,200
380515,1,30,0,0,0,1,3,2,0,0,0,11,27,1,46,200,200,200,200,200,200
380515,1,30,0,0,0,1,3,2,0,0,0,11,27,1,89,200,200,200,200,200,200
380524,0,30,0,0,0,1,10,5,0,0,0,7,200,1,26,0,15,0,0,200,200
380524,0,30,0,0,0,1,10,5,0,0,0,7,200,0,32,0,0,0,0,200,200
380524,0,30,0,0,0,1,10,5,0,0,0,7,200,0,26,0,0,0,0,200,200
380524,1,30,0,0,0,1,10,5,0,0,0,7,200,0,24,0,200,200,200,200,200
380527,0,30,1,2,0,1,10,5,0,0,12,22,18,1,47,200,4,0,0,200,200
380527,0,30,1,2,0,1,10,5,0,0,12,22,18,1,63,3,0,0,0,200,200
380527,1,30,1,2,0,1,10,5,0,0,12,22,18,1,71,2,200,200,200,200,200
380532,0,30,200,200,200,200,12,7,0,200,200,200,200,1,200,200,200,200,200,200,200
380532,0,30,200,200,200,200,12,7,0,200,200,200,200,0,18,0,0,0,0,200,200
380532,1,30,200,200,200,200,12,7,0,200,200,200,200,0,200,0,200,200,200,200,200
380535,0,30,0,0,0,1,0,2,0,0,0,20,23,0,200,200,6,200,200,200,200
380535,0,30,0,0,0,1,0,2,0,0,0,20,23,0,35,0,0,0,0,200,200
380538,0,25,1,2,0,1,10,2,0,0,0,0,0,0,63,0,12,0,0,200,200
380538,0,25,1,2,0,1,10,2,0,0,0,0,0,0,200,200,200,200,200,200,200
380541,0,30,2,2,0,1,0,5,0,0,0,5,16,0,200,200,1,200,200,200,200
380541,0,30,2,2,0,1,0,5,0,0,0,5,16,0,70,0,0,0,0,200,200
380546,0,35,0,0,0,1,12,2,0,0,0,16,22,0,36,0,1,0,0,200,200
380546,0,35,0,0,0,1,12,2,0,0,0,16,22,0,62,0,0,0,0,200,200
380546,1,35,0,0,0,1,12,2,0,0,0,16,22,1,17,0,200,200,200,200,200
380546,1,35,0,0,0,1,12,2,0,0,0,16,22,1,23,0,200,200,200,200,200
380546,1,35,0,0,0,1,12,2,0,0,0,16,22,0,58,0,200,200,200,200,200
380546,1,35,0,0,0,1,12,2,0,0,0,16,22,0,30,0,200,200,200,200,200
380552,0,30,1,2,0,1,0,12,0,0,0,200,200,1,26,0,0,0,0,200,200
380552,0,30,1,2,0,1,0,12,0,0,0,200,200,1,31,0,0,0,0,200,200
380552,1,30,1,2,0,1,0,12,0,0,0,200,200,1,26,0,200,200,200,200,200
380558,0,30,0,0,0,1,3,5,0,0,0,20,0,1,20,200,6,0,0,200,200
380558,0,30,0,0,0,1,3,5,0,0,0,20,0,1,65,0,1,0,0,200,200
380560,0,30,1,2,0,1,10,5,0,0,0,18,16,0,26,200,3,200,0,200,200
380560,0,30,1,2,0,1,10,5,0,0,0,18,16,1,37,0,0,0,0,200,200
380560,1,30,1,2,0,1,10,5,0,0,0,18,16,0,200,0,200,200,200,200,200
380560,1,30,1,2,0,1,10,5,0,0,0,18,16,0,200,0,200,200,200,200,200
380564,0,30,1,2,0,1,10,5,0,200,200,18,18,0,24,200,3,200,200,200,200
380564,0,30,1,2,0,1,10,5,0,200,200,18,18,0,44,0,12,200,0,200,200
380564,1,30,1,2,0,1,10,5,0,200,200,18,18,0,200,200,200,200,200,200,200
380564,1,30,1,2,0,1,10,5,0,200,200,18,18,1,200,0,200,200,200,200,200
380567,0,30,200,200,0,1,12,5,0,0,0,200,200,1,200,200,1,200,200,200,200
380567,0,30,200,200,0,1,12,5,0,0,0,200,200,0,23,0,200,0,0,200,200
380567,1,30,200,200,0,1,12,5,0,0,0,200,200,1,61,7,200,200,200,200,200
380568,0,30,1,2,0,1,14,2,0,0,0,0,0,0,200,200,200,200,200,200,200
380568,0,30,1,2,0,1,14,2,0,0,0,0,0,0,30,200,0,200,0,200,200
380570,0,30,0,0,0,1,12,6,0,0,0,22,200,0,50,3,2,0,0,200,200
380570,0,30,0,0,0,1,12,6,0,0,0,22,200,0,54,0,0,0,0,200,200
380570,1,30,0,0,0,1,12,6,0,0,0,22,200,1,54,0,200,200,200,200,200
380570,1,30,0,0,0,1,12,6,0,0,0,22,200,1,23,0,200,200,200,200,200
380570,1,30,0,0,0,1,12,6,0,0,0,22,200,1,22,0,200,200,200,200,200
380573,0,15,0,0,0,1,7,5,0,0,0,0,200,2,200,200,200,200,200,200,200
380577,0,30,0,0,0,1,10,2,0,0,0,0,200,2,200,200,200,200,200,200,200
380577,0,30,0,0,0,1,10,2,0,0,0,0,200,1,34,0,200,200,200,200,200
380577,0,30,0,0,0,1,10,2,0,0,0,0,200,0,58,0,0,0,200,200,200
380580,0,30,1,2,0,1,10,2,0,0,0,18,0,0,200,0,3,0,0,200,200
380580,0,30,1,2,0,1,10,2,0,0,0,18,0,1,28,0,12,0,0,200,200
380580,1,30,1,2,0,1,10,2,0,0,0,18,0,0,200,0,200,200,200,200,200
380586,0,30,0,0,0,1,7,5,0,0,0,200,200,1,17,0,0,0,0,200,200
380595,0,20,0,0,0,1,8,0,0,0,0,33,33,1,47,0,200,2,0,200,200
380595,4,20,0,0,0,1,8,0,0,0,0,33,33,0,62,7,12,2,0,200,200
380597,0,30,200,200,200,200,10,5,0,0,0,0,200,0,24,200,200,200,200,200,200
380597,0,30,200,200,200,200,10,5,0,0,0,0,200,1,44,0,200,0,0,200,200
380598,0,30,0,0,0,1,7,2,0,0,0,11,200,1,23,0,12,0,0,200,200
380602,0,30,1,2,0,1,10,5,0,0,0,18,200,1,200,200,1,0,0,200,200
380602,0,30,1,2,0,1,10,5,0,0,0,18,200,1,41,0,0,0,0,200,200
380602,1,30,1,2,0,1,10,5,0,0,0,18,200,0,0,0,200,200,200,200,200
380603,0,30,1,2,0,1,10,5,0,0,0,18,200,1,40,0,3,0,0,200,200
380603,0,30,1,2,0,1,10,5,0,0,0,18,200,0,38,200,0,0,0,200,200
380603,1,30,1,2,0,1,10,5,0,0,0,18,200,0,7,0,200,200,200,200,200
380603,1,30,1,2,0,1,10,5,0,0,0,18,200,0,5,0,200,200,200,200,200
380603,1,30,1,2,0,1,10,5,0,0,0,18,200,0,47,200,200,200,200,200,200
380611,0,30,0,0,0,1,12,5,0,0,0,0,0,0,41,0,200,0,0,200,200
380611,0,30,0,0,0,1,12,5,0,0,0,0,0,1,26,0,200,0,0,200,200
380613,0,30,0,0,0,1,7,5,0,0,0,14,0,2,200,200,200,200,200,200,200
380618,0,5,0,0,0,1,7,7,0,0,0,20,200,1,200,200,6,200,200,200,200
380618,1,5,0,0,0,1,7,7,0,0,0,20,200,1,34,0,200,200,200,200,200
380627,0,30,2,2,0,1,0,5,0,0,0,17,16,0,77,0,1,0,0,200,200
380627,0,30,2,2,0,1,0,5,0,0,0,17,16,1,21,0,0,0,0,200,200
380627,1,30,2,2,0,1,0,5,0,0,0,17,16,1,70,0,200,200,200,200,200
380627,1,30,2,2,0,1,0,5,0,0,0,17,16,1,20,0,200,200,200,200,200
380627,1,30,2,2,0,1,0,5,0,0,0,17,16,1,23,0,200,200,200,200,200
380627,1,30,2,2,0,1,0,5,0,0,0,17,16,1,20,0,200,200,200,200,200
380630,0,30,1,2,0,3,14,5,0,0,200,23,23,0,200,200,7,200,200,200,200
380630,0,30,1,2,0,3,14,5,0,0,200,23,23,1,25,0,0,0,0,200,200
380630,1,30,1,2,0,3,14,5,0,0,200,23,23,0,2,5,200,200,200,200,200
380639,0,30,0,0,0,0,7,2,0,0,0,0,200,2,200,200,200,200,200,200,200
380642,0,0,2,2,0,1,0,200,0,200,200,0,200,1,49,200,200,200,200,200,200
380642,0,0,2,2,0,1,0,200,0,200,200,0,200,0,25,0,200,200,0,200,200
380645,0,15,0,0,0,3,7,5,0,0,0,0,200,0,29,0,12,0,0,200,200
380646,0,30,1,2,0,1,10,5,0,0,0,18,200,1,51,0,3,0,0,200,200
380646,0,30,1,2,0,1,10,5,0,0,0,18,200,1,26,0,0,0,0,200,200
380661,0,30,0,0,0,3,12,2,0,0,0,17,200,1,200,200,1,200,200,200,200
380661,0,30,0,0,0,3,12,2,0,0,0,17,200,0,38,0,0,0,0,200,200
380662,0,30,0,0,0,1,10,3,0,0,0,0,200,1,200,200,0,200,200,200,200
380662,0,30,0,0,0,1,10,3,0,0,0,0,200,1,47,7,0,0,0,200,200
380662,1,30,0,0,0,1,10,3,0,0,0,0,200,1,200,7,200,200,200,200,200
380667,0,30,0,0,0,1,11,7,0,0,0,17,21,1,59,0,1,0,0,200,200
380667,0,30,0,0,0,1,11,7,0,0,0,17,21,0,47,0,1,0,0,200,200
380667,1,30,0,0,0,1,11,7,0,0,0,17,21,0,56,0,200,200,200,200,200
380670,0,30,2,2,0,1,14,5,0,0,0,0,0,2,200,200,200,200,200,200,200
380670,0,30,2,2,0,1,14,5,0,0,0,0,0,0,54,0,0,0,0,200,200
380670,1,30,2,2,0,1,14,5,0,0,0,0,0,0,55,0,200,200,200,200,200
380671,0,30,0,0,0,1,12,5,0,0,0,22,200,0,200,200,2,200,200,200,200
380671,0,30,0,0,0,1,12,5,0,0,0,22,200,0,50,0,0,0,0,200,200
380671,1,30,0,0,0,1,12,5,0,0,0,22,200,1,47,0,200,200,200,200,200
380671,1,30,0,0,0,1,12,5,0,0,0,22,200,0,13,0,200,200,200,200,200
380671,1,30,0,0,0,1,12,5,0,0,0,22,200,0,17,0,200,200,200,200,200
380674,0,30,1,2,0,0,12,5,0,0,0,200,200,0,200,200,200,200,200,200,200
380674,0,30,1,2,0,0,12,5,0,0,0,200,200,1,30,0,0,0,0,200,200
380674,1,30,1,2,0,0,12,5,0,0,0,200,200,0,200,200,200,200,200,200,200
380674,1,30,1,2,0,0,12,5,0,0,0,200,200,0,200,1,200,200,200,200,200
380674,1,30,1,2,0,0,12,5,0,0,0,200,200,0,200,200,200,200,200,200,200
380675,0,30,2,2,0,1,7,5,0,0,0,22,200,0,200,200,200,200,200,200,200
380680,0,30,0,0,0,3,11,5,0,0,0,0,200,0,35,200,12,200,0,200,200
380680,0,30,0,0,0,3,11,5,0,0,0,0,200,0,36,0,0,0,0,200,200
380680,1,30,0,0,0,3,11,5,0,0,0,0,200,0,200,0,200,200,200,200,200
380681,0,30,2,2,0,1,0,5,0,0,0,17,200,0,21,0,1,0,0,200,200
380681,0,30,2,2,0,1,0,5,0,0,0,17,200,0,53,0,0,0,0,200,200
380683,0,30,1,2,0,1,10,5,0,0,0,0,200,1,73,0,200,0,0,200,200
380683,0,30,1,2,0,1,10,5,0,0,0,0,200,1,21,0,200,0,0,200,200
380683,1,30,1,2,0,1,10,5,0,0,0,0,200,1,200,0,200,200,200,200,200
380683,1,30,1,2,0,1,10,5,0,0,0,0,200,1,21,0,200,200,200,200,200
380684,0,30,1,2,0,3,10,2,0,0,0,16,0,1,200,200,200,200,200,200,200
380684,0,30,1,2,0,3,10,2,0,0,0,16,0,1,21,0,0,0,0,200,200
380689,0,30,1,2,0,1,14,2,0,0,0,17,33,0,25,200,1,1,0,200,200
380689,0,30,1,2,0,1,14,2,0,0,0,17,33,0,20,200,0,0,0,200,200
380689,1,30,1,2,0,1,14,2,0,0,0,17,33,1,22,200,200,200,200,200,200
380689,1,30,1,2,0,1,14,2,0,0,0,17,33,0,16,200,200,200,200,200,200
380689,1,30,1,2,0,1,14,2,0,0,0,17,33,1,19,200,200,200,200,200,200
380691,0,25,0,0,0,1,7,6,0,0,0,0,0,1,24,0,12,0,0,200,200
380693,0,30,0,0,0,1,7,5,0,0,0,0,0,1,200,200,1,200,200,200,200
380695,0,30,0,0,0,1,7,7,0,0,0,20,20,1,25,0,6,0,0,200,200
380701,0,30,1,200,0,1,0,2,2,0,200,6,200,2,200,200,5,200,200,200,200
380701,0,30,1,200,0,1,0,2,2,0,200,6,200,1,47,0,0,0,0,200,200
380708,0,30,1,1,0,1,12,5,0,0,0,21,200,0,54,0,4,0,0,200,200
380708,0,30,1,1,0,1,12,5,0,0,0,21,200,0,42,0,0,0,0,200,200
380712,0,0,0,0,0,1,10,200,0,200,200,0,200,0,26,200,200,200,0,200,200
380712,0,0,0,0,0,1,10,200,0,200,200,0,200,0,22,0,15,200,0,200,200
380714,0,35,0,0,0,1,10,5,0,0,0,18,0,1,200,200,3,200,200,200,200
380714,0,35,0,0,0,1,10,5,0,0,0,18,0,1,42,0,0,0,0,200,200
380714,1,35,0,0,0,1,10,5,0,0,0,18,0,1,39,0,200,200,200,200,200
380717,0,30,0,0,0,1,14,5,0,0,0,17,0,0,200,200,7,200,200,200,200
380717,0,30,0,0,0,1,14,5,0,0,0,17,0,0,44,0,0,0,0,200,200
380717,1,30,0,0,0,1,14,5,0,0,0,17,0,200,200,0,200,200,200,200,200
380717,1,30,0,0,0,1,14,5,0,0,0,17,0,1,200,0,200,200,200,200,200
380717,1,30,0,0,0,1,14,5,0,0,0,17,0,1,200,0,200,200,200,200,200
380726,0,30,0,0,0,1,0,5,0,0,0,0,200,1,55,7,0,0,0,200,200
380726,0,30,0,0,0,1,0,5,0,0,0,0,200,0,200,200,0,200,200,200,200
380729,0,30,1,2,0,1,12,2,0,0,0,22,0,0,18,0,2,0,0,200,200
380729,0,30,1,2,0,1,12,2,0,0,0,22,0,1,19,0,0,0,0,200,200
380729,1,30,1,2,0,1,12,2,0,0,0,22,0,0,20,0,200,200,200,200,200
380729,1,30,1,2,0,1,12,2,0,0,0,22,0,0,19,0,200,200,200,200,200
380733,0,30,0,0,0,1,7,5,0,0,0,0,0,1,200,200,6,200,200,200,200
380739,0,10,0,0,0,1,7,7,0,0,0,0,0,0,30,200,200,200,0,200,200
380749,0,30,1,2,0,1,14,6,0,0,200,0,0,0,31,0,7,0,0,200,200
380749,0,30,1,2,0,1,14,6,0,0,200,0,0,0,25,0,0,0,0,200,200
380749,1,30,1,2,0,1,14,6,0,0,200,0,0,0,200,0,200,200,200,200,200
380749,1,30,1,2,0,1,14,6,0,0,200,0,0,0,200,0,200,200,200,200,200
380749,1,30,1,2,0,1,14,6,0,0,200,0,0,1,200,0,200,200,200,200,200
380749,1,30,1,2,0,1,14,6,0,0,200,0,0,1,200,0,200,200,200,200,200
380749,1,30,1,2,0,1,14,6,0,0,200,0,0,0,200,0,200,200,200,200,200
380749,1,30,1,2,0,1,14,6,0,0,200,0,0,1,200,0,200,200,200,200,200
380749,1,30,1,2,0,1,14,6,0,0,200,0,0,0,200,0,200,200,200,200,200
380754,0,20,0,0,0,1,7,7,0,0,0,0,0,2,200,200,200,200,200,200,200
380756,0,30,0,0,0,3,7,6,0,0,0,10,16,0,19,200,9,0,0,200,200
380757,0,35,1,12,0,1,10,3,0,0,0,18,7,0,39,0,1,0,2,200,200
380757,0,35,1,12,0,1,10,3,0,0,0,18,7,0,36,0,0,0,0,200,200
380765,0,15,0,0,0,1,10,5,0,0,0,0,200,1,39,0,6,200,0,200,200
380765,0,15,0,0,0,1,10,5,0,0,0,0,200,0,62,200,0,200,0,200,200
380765,1,15,0,0,0,1,10,5,0,0,0,0,200,1,50,7,200,200,200,200,200
380765,1,15,0,0,0,1,10,5,0,0,0,0,200,1,19,200,200,200,200,200,200
380765,1,15,0,0,0,1,10,5,0,0,0,0,200,1,37,0,200,200,200,200,200
380770,0,25,0,0,0,1,12,6,0,0,0,17,0,0,21,200,1,0,0,200,200
380770,0,25,0,0,0,1,12,6,0,0,0,17,0,0,34,200,12,0,0,200,200
380782,0,30,0,0,0,1,2,3,0,0,0,0,0,0,56,200,200,200,7,200,200
380787,0,30,0,0,0,1,12,6,0,0,0,23,23,0,70,0,7,0,0,200,200
380787,0,30,0,0,0,1,12,6,0,0,0,23,23,0,43,0,0,0,0,200,200
380787,1,30,0,0,0,1,12,6,0,0,0,23,23,0,200,0,200,200,200,200,200
380789,0,30,0,0,0,1,10,5,0,0,0,16,18,1,25,200,3,0,0,200,200
380789,0,30,0,0,0,1,10,5,0,0,0,16,18,1,62,200,0,0,1,200,200
380789,1,30,0,0,0,1,10,5,0,0,0,16,18,0,18,200,200,200,200,200,200
380789,1,30,0,0,0,1,10,5,0,0,0,16,18,1,20,200,200,200,200,200,200
380789,1,30,0,0,0,1,10,5,0,0,0,16,18,1,18,200,200,200,200,200,200
380789,1,30,0,0,0,1,10,5,0,0,0,16,18,2,5,200,200,200,200,200,200
380789,1,30,0,0,0,1,10,5,0,0,0,16,18,1,1,200,200,200,200,200,200
380789,1,30,0,0,0,1,10,5,0,0,0,16,18,0,62,200,200,200,200,200,200
380789,1,30,0,0,0,1,10,5,0,0,0,16,18,0,67,200,200,200,200,200,200
380790,0,35,1,2,0,1,10,5,0,0,200,18,0,0,30,200,3,200,0,200,200
380790,0,35,1,2,0,1,10,5,0,0,200,18,0,1,68,200,200,200,0,200,200
380791,0,30,0,0,0,4,10,2,1,0,0,0,0,0,36,0,200,0,0,200,200
380791,0,30,0,0,0,4,10,2,1,0,0,0,0,0,62,0,200,0,0,200,200
380792,0,30,0,0,200,200,7,7,0,200,200,200,200,2,200,200,200,200,200,200,200
380795,0,30,0,0,0,1,14,5,0,0,0,27,19,0,200,200,12,200,200,200,200
380795,0,30,0,0,0,1,14,5,0,0,0,27,19,0,37,0,0,0,0,200,200
380795,1,30,0,0,0,1,14,5,0,0,0,27,19,0,38,0,200,200,200,200,200
380805,0,30,1,2,0,1,10,5,0,0,0,18,18,0,200,200,1,200,200,200,200
380805,0,30,1,2,0,1,10,5,0,0,0,18,18,0,69,0,0,0,0,200,200
380809,0,25,0,0,0,1,5,12,0,0,0,28,25,0,200,200,12,200,200,200,200
380811,0,30,0,0,0,0,0,6,0,200,200,20,20,0,30,200,6,200,200,200,200
380811,0,30,0,0,0,0,0,6,0,200,200,20,20,0,65,0,12,200,200,200,200
380811,1,30,0,0,0,0,0,6,0,200,200,20,20,1,200,200,200,200,200,200,200
380812,0,30,0,0,0,1,7,6,0,0,0,0,0,1,200,200,200,200,200,200,200
380812,1,30,0,0,0,1,7,6,0,0,0,0,0,1,21,1,200,200,200,200,200
380812,1,30,0,0,0,1,7,6,0,0,0,0,0,1,22,7,200,200,200,200,200
380815,0,30,0,0,0,1,12,0,0,0,0,0,0,0,200,200,200,200,200,200,200
380815,0,30,0,0,0,1,12,0,0,0,0,0,0,1,57,0,200,200,200,200,200
380830,0,30,0,0,0,0,7,2,0,0,0,0,0,0,200,200,200,200,200,200,200
380834,0,30,1,2,0,4,10,5,0,0,0,25,200,0,200,200,13,200,200,200,200
380834,0,30,1,2,0,4,10,5,0,0,0,25,200,0,43,0,0,0,0,200,200
380834,1,30,1,2,0,4,10,5,0,0,0,25,200,0,20,200,200,200,200,200,200
380834,1,30,1,2,0,4,10,5,0,0,0,25,200,1,42,0,200,200,200,200,200
380834,1,30,1,2,0,4,10,5,0,0,0,25,200,1,11,0,200,200,200,200,200
380834,1,30,1,2,0,4,10,5,0,0,0,25,200,1,11,0,200,200,200,200,200
380834,1,30,1,2,0,4,10,5,0,0,0,25,200,200,15,0,200,200,200,200,200
380834,1,30,1,2,0,4,10,5,0,0,0,25,200,0,15,0,200,200,200,200,200
380834,1,30,1,2,0,4,10,5,0,0,0,25,200,0,14,0,200,200,200,200,200
380834,1,30,1,2,0,4,10,5,0,0,0,25,200,0,15,0,200,200,200,200,200
380836,0,30,0,0,0,1,7,5,0,0,0,0,0,0,200,200,7,0,0,200,200
380841,0,30,0,0,0,1,1,6,0,0,200,16,200,2,200,200,200,200,200,200,200
380844,0,15,0,0,0,1,2,0,0,0,0,7,200,0,42,200,200,200,0,200,200
380844,3,15,0,0,0,1,2,0,0,0,0,7,200,0,67,200,0,200,0,200,200
380849,0,30,0,0,0,4,2,5,0,0,0,200,200,0,28,0,8,0,0,200,200
380849,1,30,0,0,0,4,2,5,0,0,0,200,200,0,23,0,200,200,200,200,200
380859,0,30,0,0,2,0,2,0,0,0,0,0,200,0,55,200,200,200,200,200,200
380876,0,30,1,2,0,0,12,6,0,0,0,16,200,1,29,200,1,200,0,200,200
380876,0,30,1,2,0,0,12,6,0,0,0,16,200,1,47,200,0,200,0,200,200
380876,0,30,1,2,0,0,12,6,0,0,0,16,200,0,31,200,0,200,0,200,200