RD_NO,PERSON_TYPE,POSTED_SPEED_LIMIT,TRAFFIC_CONTROL_DEVICE,DEVICE_CONDITION,WEATHER_CONDITION,LIGHTING_CONDITION,FIRST_CRASH_TYPE,TRAFFICWAY_TYPE,ALIGNMENT,ROADWAY_SURFACE_COND,ROAD_DEFECT,PRIM_CONTRIBUTORY_CAUSE,SEC_CONTRIBUTORY_CAUSE,SEX,AGE,SAFETY_EQUIPMENT,DRIVER_ACTION,DRIVER_VISION,PHYSICAL_CONDITION,BAC_RESULT VALUE,CELL_PHONE_USE
380876,0,30,1,2,0,0,12,6,0,0,0,16,200,0,39,200,0,200,0,200,200
380876,1,30,1,2,0,0,12,6,0,0,0,16,200,0,23,200,200,200,200,200,200
380879,0,25,0,0,0,1,7,5,0,0,0,0,0,2,200,200,200,200,200,200,200
380901,0,30,2,2,0,0,8,6,0,0,0,17,16,0,58,200,1,0,0,200,200
380901,4,30,2,2,0,0,8,6,0,0,0,17,16,1,26,7,0,0,0,200,200
380902,0,35,0,0,0,3,0,5,0,0,0,23,17,2,200,200,7,200,200,200,200
380902,0,35,0,0,0,3,0,5,0,0,0,23,17,0,29,200,0,0,0,200,200
380902,1,35,0,0,0,3,0,5,0,0,0,23,17,1,200,200,200,200,200,200,200
380912,0,30,1,2,0,3,14,5,0,0,0,20,0,0,74,0,6,0,0,200,200
380912,0,30,1,2,0,3,14,5,0,0,0,20,0,0,22,0,0,0,0,200,200
380912,1,30,1,2,0,3,14,5,0,0,0,20,0,200,200,0,200,200,200,200,200
380917,0,30,0,0,0,3,10,2,0,0,0,7,0,0,23,0,200,0,0,200,200
380917,0,30,0,0,0,3,10,2,0,0,0,7,0,1,20,0,0,0,0,200,200
380926,0,30,200,200,0,200,7,200,0,200,200,0,0,2,200,200,200,200,200,200,200
380936,0,30,1,2,0,3,3,2,0,0,0,0,0,1,29,200,200,0,0,200,200
380936,0,30,1,2,0,3,3,2,0,0,0,0,0,0,33,200,12,0,0,200,200
380940,0,30,0,0,0,2,10,5,0,0,0,0,0,0,17,0,200,0,0,200,200
380940,0,30,0,0,0,2,10,5,0,0,0,0,0,0,23,0,200,0,0,200,200
380942,0,30,0,0,0,3,10,5,0,0,0,2,16,0,44,0,15,0,0,200,1
380942,0,30,0,0,0,3,10,5,0,0,0,2,16,0,63,0,0,0,0,200,200
380942,1,30,0,0,0,3,10,5,0,0,0,2,16,1,65,0,200,200,200,200,200
380948,0,30,0,0,0,3,14,5,0,0,0,23,200,2,200,200,7,200,200,200,200
380948,0,30,0,0,0,3,14,5,0,0,0,23,200,0,66,200,0,0,0,200,200
380951,0,30,0,0,0,1,12,6,0,0,0,23,200,0,55,0,0,0,0,200,200
380951,0,30,0,0,0,1,12,6,0,0,0,23,200,0,27,0,11,0,0,200,200
380960,0,30,0,0,0,3,3,2,0,0,0,25,0,0,20,200,12,200,200,200,200
380960,0,30,0,0,0,3,3,2,0,0,0,25,0,1,22,0,0,0,0,200,200
380960,1,30,0,0,0,3,3,2,0,0,0,25,0,0,41,0,200,200,200,200,200
380961,0,30,1,2,0,0,10,6,0,0,0,18,0,1,200,200,3,200,200,200,200
380961,0,30,1,2,0,0,10,6,0,0,0,18,0,0,22,0,0,0,0,200,200
380961,1,30,1,2,0,0,10,6,0,0,0,18,0,1,200,0,200,200,200,200,200
380962,0,30,0,0,0,3,12,5,0,0,0,17,200,0,22,200,1,0,0,200,200
380962,0,30,0,0,0,3,12,5,0,0,0,17,200,0,36,200,0,0,0,200,200
380967,0,30,0,0,0,3,7,6,0,0,0,23,200,0,200,200,8,200,200,200,200
380975,0,30,1,2,0,3,0,5,0,0,0,0,11,0,36,0,0,0,0,200,200
380975,0,30,1,2,0,3,0,5,0,0,0,0,11,0,29,0,0,0,0,200,200
380975,1,30,1,2,0,3,0,5,0,0,0,0,11,0,200,0,200,200,200,200,200
380983,0,35,1,2,0,3,8,5,0,0,0,0,0,0,31,0,0,200,0,200,200
380983,4,35,1,2,0,3,8,5,0,0,0,0,0,1,21,3,0,200,0,200,200
380983,1,35,1,2,0,3,8,5,0,0,0,0,0,1,30,200,200,200,200,200,200
380983,1,35,1,2,0,3,8,5,0,0,0,0,0,0,29,200,200,200,200,200,200
380988,0,30,0,0,0,3,14,1,0,0,0,17,23,0,200,200,1,200,200,200,200
380988,0,30,0,0,0,3,14,1,0,0,0,17,23,0,0,0,0,0,0,200,200
380988,1,30,0,0,0,3,14,1,0,0,0,17,23,0,0,0,200,200,200,200,200
380990,0,30,0,0,0,200,8,0,0,0,200,16,17,2,200,200,1,200,200,200,200
380990,4,30,0,0,0,200,8,0,0,0,200,16,17,0,33,200,0,200,200,200,200
380993,0,35,2,2,0,3,14,5,0,0,0,17,200,0,49,0,1,0,0,200,200
380993,0,35,2,2,0,3,14,5,0,0,0,17,200,0,200,200,200,200,200,200,200
380993,1,35,2,2,0,3,14,5,0,0,0,17,200,1,43,0,200,200,200,200,200
380993,1,35,2,2,0,3,14,5,0,0,0,17,200,1,8,0,200,200,200,200,200
380993,1,35,2,2,0,3,14,5,0,0,0,17,200,0,0,0,200,200,200,200,200
380999,5,30,0,0,0,1,9,6,0,0,0,25,27,0,200,200,12,0,0,200,200
380999,0,30,0,0,0,1,9,6,0,0,0,25,27,0,22,1,13,0,200,200,200
381006,0,30,0,0,2,3,3,2,0,1,0,21,10,0,200,200,9,200,200,200,200
381006,0,30,0,0,2,3,3,2,0,1,0,21,10,0,19,0,0,0,0,200,200
381006,1,30,0,0,2,3,3,2,0,1,0,21,10,1,16,0,200,200,200,200,200
381006,1,30,0,0,2,3,3,2,0,1,0,21,10,0,30,0,200,200,200,200,200
381006,1,30,0,0,2,3,3,2,0,1,0,21,10,0,15,0,200,200,200,200,200
381006,1,30,0,0,2,3,3,2,0,1,0,21,10,0,14,7,200,200,200,200,200
381006,1,30,0,0,2,3,3,2,0,1,0,21,10,0,200,0,200,200,200,200,200
381009,0,25,0,0,0,3,7,2,0,0,0,32,21,0,47,200,200,0,5,200,200
381011,0,30,1,2,0,3,0,3,0,0,0,6,200,0,48,0,5,0,0,200,200
381011,0,30,1,2,0,3,0,3,0,0,0,6,200,1,27,0,0,0,0,200,200
381011,1,30,1,2,0,3,0,3,0,0,0,6,200,1,25,0,200,200,200,200,200
381011,1,30,1,2,0,3,0,3,0,0,0,6,200,0,27,0,200,200,200,200,200
381013,0,30,0,0,200,200,7,5,0,0,0,0,0,2,200,200,6,200,200,200,200
381014,0,15,0,200,0,200,7,6,0,0,200,200,200,2,200,200,200,200,200,200,200
381022,0,30,1,2,0,3,14,5,0,0,0,17,200,0,39,200,1,200,200,200,200
381022,0,30,1,2,0,3,14,5,0,0,0,17,200,0,28,200,200,200,0,200,200
381028,0,35,1,2,0,3,10,5,0,0,0,16,18,1,200,0,12,0,0,200,200
381028,0,35,1,2,0,3,10,5,0,0,0,16,18,0,27,7,0,0,0,200,200
381031,0,30,1,2,0,3,14,5,0,0,0,6,0,2,200,200,5,200,200,200,200
381031,0,30,1,2,0,3,14,5,0,0,0,6,0,0,43,200,0,0,0,200,200
381033,0,30,1,2,0,3,0,5,0,0,0,6,0,0,38,200,5,200,0,200,200
381033,0,30,1,2,0,3,0,5,0,0,0,6,0,0,60,200,200,0,0,200,200
381048,0,30,1,2,0,3,10,3,0,0,0,16,8,1,17,200,3,0,0,200,200
381048,0,30,1,2,0,3,10,3,0,0,0,16,8,0,21,200,0,0,0,200,200
381048,1,30,1,2,0,3,10,3,0,0,0,16,8,1,21,200,200,200,200,200,200
381049,0,30,0,0,0,3,5,5,0,0,1,28,0,0,37,0,0,0,0,200,200
381051,0,30,1,2,0,0,10,5,0,0,0,7,200,0,25,200,12,200,0,200,200
381051,0,30,1,2,0,0,10,5,0,0,0,7,200,1,25,200,0,200,0,200,200
381054,0,30,1,2,2,3,10,5,0,1,0,0,0,0,37,200,200,200,200,200,200
381054,0,30,1,2,2,3,10,5,0,1,0,0,0,0,53,3,0,0,0,200,200
381057,0,30,0,0,2,3,7,6,0,1,0,11,17,2,200,200,200,200,200,200,200
381061,0,30,1,2,0,3,12,5,0,0,0,22,200,0,25,200,12,0,0,200,200
381061,0,30,1,2,0,3,12,5,0,0,0,22,200,0,200,200,4,200,200,200,200
381063,0,30,1,2,0,3,14,1,0,0,0,21,18,1,200,200,4,200,200,200,200
381063,0,30,1,2,0,3,14,1,0,0,0,21,18,0,33,200,0,0,0,200,200
381065,0,35,1,2,0,3,14,1,0,0,0,17,0,0,20,200,1,0,0,200,200
381065,0,35,1,2,0,3,14,1,0,0,0,17,0,0,32,200,0,0,0,200,200
381065,1,35,1,2,0,3,14,1,0,0,0,17,0,0,20,200,200,200,200,200,200
381065,1,35,1,2,0,3,14,1,0,0,0,17,0,0,20,200,200,200,200,200,200
381065,1,35,1,2,0,3,14,1,0,0,0,17,0,1,20,200,200,200,200,200,200
381065,1,35,1,2,0,3,14,1,0,0,0,17,0,0,200,200,200,200,200,200,200
381065,1,35,1,2,0,3,14,1,0,0,0,17,0,0,34,200,200,200,200,200,200
381065,1,35,1,2,0,3,14,1,0,0,0,17,0,0,34,200,200,200,200,200,200
381074,0,35,1,2,0,3,10,5,0,0,0,18,11,1,45,0,0,0,0,200,200
381074,1,35,1,2,0,3,10,5,0,0,0,18,11,1,200,200,200,200,200,200,200
381082,0,30,0,200,2,3,14,2,0,0,200,0,0,0,24,200,200,0,200,200,200
381082,0,30,0,200,2,3,14,2,0,0,200,0,0,1,23,200,1,200,200,200,200
381085,4,30,0,0,0,3,8,2,0,0,0,0,0,0,200,200,200,200,200,200,200
381085,0,30,0,0,0,3,8,2,0,0,0,0,0,0,32,0,0,0,0,200,200
381087,0,30,0,0,0,3,2,5,0,0,0,23,0,0,24,0,7,0,0,200,200
381093,0,30,1,2,1,3,0,5,0,200,200,6,200,0,200,200,5,200,200,200,200
381093,0,30,1,2,1,3,0,5,0,200,200,6,200,0,24,200,200,200,0,200,200
381093,1,30,1,2,1,3,0,5,0,200,200,6,200,1,22,200,200,200,200,200,200
381093,1,30,1,2,1,3,0,5,0,200,200,6,200,1,25,200,200,200,200,200,200
381094,0,30,0,0,0,3,12,5,0,0,0,0,0,2,200,200,200,200,200,200,200
381094,0,30,0,0,0,3,12,5,0,0,0,0,0,1,29,0,0,0,0,200,200
381107,0,30,1,200,2,3,12,6,0,1,200,0,0,0,22,0,0,0,0,200,200
381107,0,30,1,200,2,3,12,6,0,1,200,0,0,1,20,200,200,200,200,200,200
381111,0,35,2,2,0,3,14,6,0,0,0,5,16,1,200,200,1,200,200,200,200
381111,0,35,2,2,0,3,14,6,0,0,0,5,16,0,80,0,0,0,0,200,200
381114,0,25,1,2,0,3,10,5,0,0,0,16,200,0,51,0,1,0,0,200,200
381114,0,25,1,2,0,3,10,5,0,0,0,16,200,0,34,200,0,0,1,200,200
381115,0,30,0,0,0,3,7,5,0,0,0,200,200,1,200,200,10,200,200,200,200
381128,0,25,0,0,0,3,7,6,0,0,0,0,0,0,24,200,200,200,200,200,200
381141,0,30,1,2,0,0,0,5,0,0,200,6,17,2,200,200,5,200,200,200,200
381141,0,30,1,2,0,0,0,5,0,0,200,6,17,1,19,200,0,200,0,200,200
381152,0,30,0,0,0,3,2,5,0,0,0,200,200,0,26,200,12,200,0,200,200
381152,1,30,0,0,0,3,2,5,0,0,0,200,200,1,25,200,200,200,200,200,200
381167,0,30,0,200,0,3,7,2,0,0,0,0,0,0,18,200,200,200,200,200,200
381173,0,30,0,200,0,3,2,2,0,0,1,29,200,1,31,200,200,200,200,200,200
381174,0,30,0,0,0,3,7,5,0,0,0,12,11,1,22,200,12,0,0,200,200
381176,0,35,1,1,0,3,10,5,0,0,0,7,18,1,21,0,3,0,0,200,200
381176,0,35,1,1,0,3,10,5,0,0,0,7,18,1,38,0,0,0,0,200,200
381176,1,35,1,1,0,3,10,5,0,0,0,7,18,1,20,0,200,200,200,200,200
381176,1,35,1,1,0,3,10,5,0,0,0,7,18,0,24,0,200,200,200,200,200
381176,1,35,1,1,0,3,10,5,0,0,0,7,18,1,20,0,200,200,200,200,200
381176,1,35,1,1,0,3,10,5,0,0,0,7,18,1,200,200,200,200,200,200,200
381176,1,35,1,1,0,3,10,5,0,0,0,7,18,1,200,200,200,200,200,200,200
381183,0,0,0,0,0,3,7,7,0,0,0,0,0,1,53,0,12,12,0,200,200
381186,0,35,0,0,0,3,7,5,0,0,0,27,0,0,0,200,200,0,2,200,200
381197,0,30,0,0,0,3,7,6,0,0,0,0,200,1,21,200,200,200,200,200,200
381209,0,30,0,0,0,3,14,5,0,0,0,22,22,0,200,200,1,200,200,200,200
381209,0,30,0,0,0,3,14,5,0,0,0,22,22,0,200,0,0,0,0,200,200
381210,0,30,1,2,2,3,10,5,0,1,0,200,200,0,59,7,12,0,2,200,200
381210,0,30,1,2,2,3,10,5,0,1,0,200,200,0,54,200,0,0,0,200,200
381210,1,30,1,2,2,3,10,5,0,1,0,200,200,1,35,0,200,200,200,200,200
381229,0,15,2,2,0,3,10,5,0,0,0,18,200,0,17,200,3,0,0,200,200
381229,0,15,2,2,0,3,10,5,0,0,0,18,200,0,21,0,0,0,0,200,200
381235,0,25,1,2,2,2,0,5,0,1,0,6,6,1,21,0,5,0,0,200,200
381235,0,25,1,2,2,2,0,5,0,1,0,6,6,0,28,0,0,0,0,200,200
381243,0,0,0,0,0,3,7,5,0,0,0,0,0,2,200,200,200,200,200,200,200
381244,0,30,0,0,1,2,7,5,0,0,0,0,0,0,27,200,1,0,2,200,200
381251,0,30,1,2,0,2,14,6,1,0,0,23,33,0,22,0,7,4,0,200,200
381251,0,30,1,2,0,2,14,6,1,0,0,23,33,0,34,0,0,0,0,200,200
381251,1,30,1,2,0,2,14,6,1,0,0,23,33,200,200,0,200,200,200,200,200
381253,0,30,0,0,0,1,7,5,0,0,0,0,200,0,32,0,12,200,0,200,200
381253,1,30,0,0,0,1,7,5,0,0,0,0,200,0,57,200,200,200,200,200,200
381255,0,30,0,0,0,1,7,2,0,0,0,22,200,0,41,0,2,0,0,200,200
381259,0,30,1,2,0,1,10,2,0,0,0,9,200,0,200,200,12,0,200,200,200
381259,0,30,1,2,0,1,10,2,0,0,0,9,200,0,61,0,12,0,200,200,200
381261,0,30,1,2,1,1,0,2,0,1,0,6,10,1,29,0,5,0,0,200,200
381261,0,30,1,2,1,1,0,2,0,1,0,6,10,1,45,0,0,0,0,200,200
381262,0,35,1,2,1,1,14,5,0,0,0,23,200,1,26,0,7,0,0,200,200
381262,0,35,1,2,1,1,14,5,0,0,0,23,200,0,27,0,0,0,0,200,200
381262,1,35,1,2,1,1,14,5,0,0,0,23,200,0,38,0,200,200,200,200,200
381270,0,35,0,0,0,1,10,2,0,1,0,15,16,1,24,0,8,0,0,200,200
381270,0,35,0,0,0,1,10,2,0,1,0,15,16,0,31,0,0,0,0,200,200
381278,0,30,0,0,0,1,3,2,0,0,0,0,200,0,200,200,7,200,200,200,200
381278,0,30,0,0,0,1,3,2,0,0,0,0,200,0,25,200,0,200,0,200,200
381285,0,30,0,0,0,1,14,2,0,0,0,23,0,0,26,200,7,200,200,200,200
381285,0,30,0,0,0,1,14,2,0,0,0,23,0,0,55,0,0,0,0,200,200
381286,0,30,1,2,0,1,14,2,0,0,0,17,0,0,0,0,1,0,0,200,200
381286,0,30,1,2,0,1,14,2,0,0,0,17,0,1,56,0,0,0,0,200,200
381286,0,30,1,2,0,1,14,2,0,0,0,17,0,1,38,0,0,0,0,200,200
381286,1,30,1,2,0,1,14,2,0,0,0,17,0,1,23,0,200,200,200,200,200
381291,0,30,2,2,1,1,12,2,0,0,0,17,200,0,28,0,1,0,0,200,200
381291,0,30,2,2,1,1,12,2,0,0,0,17,200,0,63,0,0,0,0,200,200
381292,0,45,1,2,0,1,10,2,0,0,0,27,0,0,22,200,12,0,2,200,200
381292,0,45,1,2,0,1,10,2,0,0,0,27,0,0,62,200,0,0,0,200,200
381298,0,25,0,0,0,1,10,2,0,0,12,200,200,2,200,200,3,200,200,200,200
381298,0,25,0,0,0,1,10,2,0,0,12,200,200,1,34,0,0,0,0,200,200
381306,0,5,0,0,0,1,2,7,0,0,0,0,200,0,37,0,6,200,0,200,200
381307,4,35,2,2,1,1,8,2,0,1,0,5,0,0,52,3,5,0,0,200,200
381307,0,35,2,2,1,1,8,2,0,1,0,5,0,0,38,0,0,0,0,200,200
381308,0,30,0,0,0,3,7,6,0,0,0,0,200,2,200,200,200,200,200,200,200
381318,0,30,0,0,0,1,7,6,0,0,0,21,200,1,27,0,200,0,0,200,200
381318,1,30,0,0,0,1,7,6,0,0,0,21,200,0,23,7,200,200,200,200,200
381318,1,30,0,0,0,1,7,6,0,0,0,21,200,200,200,0,200,200,200,200,200
381326,0,20,0,0,1,1,12,6,0,0,0,21,0,0,200,200,4,200,200,200,200
381326,0,20,0,0,1,1,12,6,0,0,0,21,0,1,68,0,0,0,0,200,200
381326,1,20,0,0,1,1,12,6,0,0,0,21,0,1,200,200,200,200,200,200,200
381326,1,20,0,0,1,1,12,6,0,0,0,21,0,1,73,0,200,200,200,200,200
381326,1,20,0,0,1,1,12,6,0,0,0,21,0,0,6,0,200,200,200,200,200
381326,1,20,0,0,1,1,12,6,0,0,0,21,0,1,11,0,200,200,200,200,200
381337,0,15,0,0,0,1,7,7,0,0,0,17,17,1,61,0,1,0,0,200,200
381339,0,30,1,2,0,1,10,5,0,0,0,18,0,1,25,0,1,0,0,200,200
381339,0,30,1,2,0,1,10,5,0,0,0,18,0,0,39,0,0,0,0,200,200
381341,0,30,1,2,0,1,12,12,0,0,0,21,16,0,59,0,4,0,0,200,200
381341,0,30,1,2,0,1,12,12,0,0,0,21,16,0,46,0,0,0,0,200,200
381341,1,30,1,2,0,1,12,12,0,0,0,21,16,1,200,0,200,200,200,200,200
381342,0,30,200,2,2,1,14,3,0,1,0,17,0,0,49,200,1,200,0,200,200
381342,0,30,200,2,2,1,14,3,0,1,0,17,0,1,34,0,200,200,0,200,200
381345,0,25,0,0,1,1,10,5,0,0,0,25,27,0,63,200,200,200,12,200,200
381345,0,25,0,0,1,1,10,5,0,0,0,25,27,0,51,200,12,0,0,200,200
381349,0,30,0,0,2,1,0,5,0,1,0,17,34,0,79,0,1,0,0,200,200
381349,0,30,0,0,2,1,0,5,0,1,0,17,34,1,24,0,0,0,0,200,200
381349,1,30,0,0,2,1,0,5,0,1,0,17,34,1,75,0,200,200,200,200,200
381349,1,30,0,0,2,1,0,5,0,1,0,17,34,0,39,0,200,200,200,200,200
381352,0,30,1,2,0,0,10,5,0,0,0,0,200,0,200,200,1,200,200,200,200
381352,0,30,1,2,0,0,10,5,0,0,0,0,200,2,32,200,0,0,200,200,200
381359,0,25,2,0,0,1,0,5,0,0,0,17,200,1,24,200,0,0,0,200,200
381365,0,30,0,0,0,1,7,2,0,0,0,20,0,0,200,200,6,200,200,200,200
381370,0,30,2,2,0,1,0,5,0,0,0,5,0,0,200,200,5,200,200,200,200
381370,0,30,2,2,0,1,0,5,0,0,0,5,0,1,63,0,0,0,0,200,200
381370,1,30,2,2,0,1,0,5,0,0,0,5,0,0,66,0,200,200,200,200,200
381383,0,30,0,0,1,1,7,5,0,0,0,0,0,2,200,200,200,200,200,200,200
381392,0,30,0,0,0,1,12,6,0,0,0,0,0,0,200,200,200,200,200,200,200
381392,0,30,0,0,0,1,12,6,0,0,0,0,0,1,74,0,0,0,0,200,200
381394,0,30,2,2,0,1,0,6,0,0,0,5,16,0,38,200,1,200,200,200,200
381394,0,30,2,2,0,1,0,6,0,0,0,5,16,0,50,200,0,0,0,200,200
381394,1,30,2,2,0,1,0,6,0,0,0,5,16,1,200,200,200,200,200,200,200
381394,1,30,2,2,0,1,0,6,0,0,0,5,16,1,200,200,200,200,200,200,200
381394,1,30,2,2,0,1,0,6,0,0,0,5,16,1,200,200,200,200,200,200,200
381394,1,30,2,2,0,1,0,6,0,0,0,5,16,200,200,200,200,200,200,200,200
381396,0,30,0,0,2,1,14,5,0,1,0,0,0,0,24,0,200,5,0,200,200
381396,0,30,0,0,2,1,14,5,0,1,0,0,0,0,33,7,0,0,0,200,200
381399,0,25,0,0,200,200,7,6,0,200,0,0,200,2,200,200,200,200,200,200,200
381400,0,20,2,2,0,3,14,6,0,0,0,200,200,0,44,200,200,200,200,200,200
381400,0,20,2,2,0,3,14,6,0,0,0,200,200,1,41,0,200,200,200,200,200
381406,0,30,0,0,0,1,12,2,0,0,0,22,21,1,200,200,0,0,0,200,200
381406,0,30,0,0,0,1,12,2,0,0,0,22,21,1,200,200,2,200,0,200,200
381407,0,30,2,2,2,1,10,2,0,1,0,34,200,0,40,200,3,200,0,200,200
381407,0,30,2,2,2,1,10,2,0,1,0,34,200,0,46,200,0,200,0,200,200
381412,0,20,0,0,2,1,7,6,0,1,0,16,0,1,200,200,12,200,200,200,200
381420,0,30,0,0,2,1,12,2,0,1,0,17,21,0,19,0,1,0,0,200,200
381420,0,30,0,0,2,1,12,2,0,1,0,17,21,0,43,0,0,0,0,200,200
381424,0,10,0,0,2,1,0,7,0,1,0,20,25,1,27,0,6,0,0,200,200
381424,0,10,0,0,2,1,0,7,0,1,0,20,25,0,17,0,12,0,0,200,200
381424,1,10,0,0,2,1,0,7,0,1,0,20,25,0,200,0,200,200,200,200,200
381434,5,30,0,0,2,1,9,5,0,1,0,0,200,0,26,200,0,200,0,200,200
381434,0,30,0,0,2,1,9,5,0,1,0,0,200,0,45,0,0,0,0,200,200
381436,0,15,0,0,1,1,12,0,0,1,0,25,200,0,200,200,12,0,200,200,200
381436,0,15,0,0,1,1,12,0,0,1,0,25,200,0,46,0,12,0,0,200,200
381438,0,30,0,0,200,3,7,6,0,200,200,0,0,2,200,200,200,200,200,200,200
381439,0,30,1,2,0,1,14,5,0,0,0,0,200,2,200,200,200,200,200,200,200
381439,0,30,1,2,0,1,14,5,0,0,0,0,200,1,85,0,0,0,0,200,200
381446,0,30,0,0,2,1,12,2,0,1,0,0,200,0,30,0,12,0,0,200,200
381446,0,30,0,0,2,1,12,2,0,1,0,0,200,1,76,0,0,0,0,200,200
381448,0,35,1,2,2,1,10,3,3,1,0,34,16,1,23,0,1,0,0,200,200
381448,0,35,1,2,2,1,10,3,3,1,0,34,16,0,200,200,0,200,200,200,200
381449,0,30,0,0,2,1,10,2,0,0,0,18,200,0,21,0,3,0,0,200,200
381449,0,30,0,0,2,1,10,2,0,0,0,18,200,1,40,0,0,0,0,200,200
381450,0,35,1,2,0,1,10,2,0,1,0,18,11,0,20,0,3,0,0,200,200
381450,0,35,1,2,0,1,10,2,0,1,0,18,11,0,26,0,0,0,0,200,200
381450,1,35,1,2,0,1,10,2,0,1,0,18,11,1,27,0,200,200,200,200,200
381450,1,35,1,2,0,1,10,2,0,1,0,18,11,1,15,0,200,200,200,200,200
381456,0,30,0,0,2,1,10,5,0,1,0,34,34,0,19,7,12,0,0,200,200
381456,0,30,0,0,2,1,10,5,0,1,0,34,34,1,18,7,0,0,0,200,200
381459,0,30,0,0,0,3,7,5,0,0,0,200,200,2,200,200,200,200,200,200,200
381460,0,30,200,200,200,1,7,7,0,200,200,0,200,2,200,200,200,200,200,200,200
381461,0,30,2,2,2,1,0,2,0,1,12,17,16,1,41,0,1,12,0,200,200
381461,0,30,2,2,2,1,0,2,0,1,12,17,16,0,45,0,0,0,0,200,200
381461,1,30,2,2,2,1,0,2,0,1,12,17,16,1,13,0,200,200,200,200,200
381461,1,30,2,2,2,1,0,2,0,1,12,17,16,0,17,0,200,200,200,200,200
381468,0,5,0,0,0,1,0,7,0,0,0,17,11,1,49,0,1,1,0,200,200
381468,0,5,0,0,0,1,0,7,0,0,0,17,11,0,57,200,12,1,200,200,200
381479,0,30,0,0,0,3,0,200,0,3,200,0,0,1,200,200,200,200,200,200,200
381479,0,30,0,0,0,3,0,200,0,3,200,0,0,1,200,0,200,200,200,200,200
381479,1,30,0,0,0,3,0,200,0,3,200,0,0,0,200,0,200,200,200,200,200
381479,1,30,0,0,0,3,0,200,0,3,200,0,0,0,200,0,200,200,200,200,200
381479,1,30,0,0,0,3,0,200,0,3,200,0,0,0,200,0,200,200,200,200,200
381479,1,30,0,0,0,3,0,200,0,3,200,0,0,0,200,0,200,200,200,200,200
381481,0,30,1,2,2,1,12,3,0,1,200,0,200,2,200,200,4,200,200,200,200
381481,0,30,1,2,2,1,12,3,0,1,200,0,200,1,46,0,200,0,0,200,200
381485,0,30,0,0,2,1,10,5,0,1,0,34,200,0,50,0,3,0,0,200,200
381485,0,30,0,0,2,1,10,5,0,1,0,34,200,0,71,0,0,0,0,200,200
381493,0,30,0,0,2,1,7,6,0,1,0,21,0,0,200,200,12,0,0,200,200
381507,0,30,0,0,2,1,7,5,0,0,0,25,200,0,200,200,12,200,200,200,200
381513,0,30,1,2,1,1,10,2,0,1,0,18,200,0,200,200,3,200,200,200,200
381513,0,30,1,2,1,1,10,2,0,1,0,18,200,0,52,0,0,0,0,200,200
381520,0,30,2,2,0,0,10,5,0,0,0,18,200,0,200,200,3,200,200,200,200
381520,0,30,2,2,0,0,10,5,0,0,0,18,200,0,28,0,0,0,0,200,200
381521,0,30,2,2,2,1,7,5,0,1,0,21,200,0,28,0,4,0,0,200,200
381521,1,30,2,2,2,1,7,5,0,1,0,21,200,0,27,0,200,200,200,200,200
381524,0,30,1,2,0,1,10,5,0,0,200,0,0,0,200,200,1,200,0,200,200
381524,0,30,1,2,0,1,10,5,0,0,200,0,0,0,200,200,0,200,0,200,200
381528,0,35,1,2,0,1,10,5,0,0,0,11,11,0,59,0,3,0,0,200,200
381528,0,35,1,2,0,1,10,5,0,0,0,11,11,0,59,7,0,0,0,200,200
381533,0,30,0,0,200,1,7,6,0,1,0,0,200,0,200,200,200,200,200,200,200
381546,0,5,0,0,2,1,12,5,0,0,0,22,200,0,71,0,2,0,0,200,200
381546,0,5,0,0,2,1,12,5,0,0,0,22,200,1,88,0,0,0,0,200,200
381548,0,10,0,0,0,1,7,2,0,0,0,200,200,2,200,200,200,200,200,200,200
381549,0,30,1,200,200,200,0,5,0,200,200,0,200,0,47,200,1,200,200,200,200
381549,0,30,1,200,200,200,0,5,0,200,200,0,200,0,44,0,0,0,0,200,200
381550,0,30,1,2,2,1,14,2,0,1,0,23,200,1,22,0,7,200,0,200,200
381550,0,30,1,2,2,1,14,2,0,1,0,23,200,0,27,0,0,0,0,200,200
381551,0,30,0,0,2,1,14,2,0,1,0,34,0,1,25,200,200,200,0,200,200
381551,0,30,0,0,2,1,14,2,0,1,0,34,0,0,86,0,12,200,0,200,200
381567,0,30,1,2,1,1,10,5,0,0,0,18,11,1,20,0,3,0,0,200,200
381567,0,30,1,2,1,1,10,5,0,0,0,18,11,0,57,0,0,0,0,200,200
381574,0,30,0,0,2,1,12,5,0,1,0,11,17,0,200,200,12,0,0,200,200
381574,0,30,0,0,2,1,12,5,0,1,0,11,17,0,27,0,0,200,0,200,200
381576,0,30,0,0,2,1,14,5,0,1,0,0,200,0,83,7,0,0,0,200,200
381576,0,30,0,0,2,1,14,5,0,1,0,0,200,0,200,200,0,200,200,200,200
381578,0,30,0,0,0,1,7,5,0,0,0,200,200,2,200,200,200,200,200,200,200
381594,0,30,200,200,2,1,2,200,0,1,0,16,0,0,18,0,8,200,0,200,200
381594,1,30,200,200,2,1,2,200,0,1,0,16,0,1,15,0,200,200,200,200,200
381596,0,35,1,2,1,1,10,3,0,1,0,0,200,0,200,0,200,0,0,200,200
381596,0,35,1,2,1,1,10,3,0,1,0,0,200,0,200,7,0,0,0,200,200
381599,0,10,0,0,0,1,7,7,0,0,0,0,20,1,29,200,6,0,0,200,200
381600,0,15,0,0,200,200,7,7,0,0,0,0,200,2,200,200,200,200,200,200,200
381603,0,25,1,2,200,1,14,2,0,200,0,21,23,0,48,0,1,200,200,200,200