RD_NO,PERSON_TYPE,POSTED_SPEED_LIMIT,TRAFFIC_CONTROL_DEVICE,DEVICE_CONDITION,WEATHER_CONDITION,LIGHTING_CONDITION,FIRST_CRASH_TYPE,TRAFFICWAY_TYPE,ALIGNMENT,ROADWAY_SURFACE_COND,ROAD_DEFECT,PRIM_CONTRIBUTORY_CAUSE,SEC_CONTRIBUTORY_CAUSE,SEX,AGE,SAFETY_EQUIPMENT,DRIVER_ACTION,DRIVER_VISION,PHYSICAL_CONDITION,BAC_RESULT VALUE,CELL_PHONE_USE
381603,0,25,1,2,200,1,14,2,0,200,0,21,23,1,33,0,0,0,0,200,200
381604,0,30,0,0,0,1,12,5,0,0,0,0,0,0,200,200,8,200,200,200,200
381604,0,30,0,0,0,1,12,5,0,0,0,0,0,0,35,7,0,0,0,200,200
381609,0,30,1,2,2,1,10,5,0,1,0,0,0,0,200,200,1,200,200,200,200
381609,0,30,1,2,2,1,10,5,0,1,0,0,0,0,37,0,0,0,0,200,200
381617,0,30,2,0,0,1,0,5,0,0,0,17,200,2,200,200,200,200,200,200,200
381617,0,30,2,0,0,1,0,5,0,0,0,17,200,0,29,0,0,0,0,200,200
381620,0,20,2,2,0,1,10,6,0,0,0,20,200,0,18,200,6,0,0,200,200
381620,0,20,2,2,0,1,10,6,0,0,0,20,200,0,32,200,0,0,0,200,200
381620,1,20,2,2,0,1,10,6,0,0,0,20,200,0,26,200,200,200,200,200,200
381625,0,20,1,2,0,1,10,5,0,0,0,18,0,0,200,200,3,200,200,200,200
381625,0,20,1,2,0,1,10,5,0,0,0,18,0,1,39,0,0,0,0,200,200
381627,0,5,0,0,200,1,2,0,0,0,200,0,200,0,55,0,200,200,0,200,200
381628,0,25,0,0,200,200,7,6,0,200,0,0,0,2,200,200,200,200,200,200,200
381633,0,30,2,2,0,1,10,5,0,0,0,16,0,1,51,200,3,0,0,200,200
381633,0,30,2,2,0,1,10,5,0,0,0,16,0,0,54,200,0,0,0,200,200
381635,0,30,0,2,0,1,0,5,0,0,0,0,200,0,28,0,6,0,0,200,200
381635,0,30,0,2,0,1,0,5,0,0,0,0,200,1,59,0,0,0,0,200,200
381636,0,30,0,0,1,1,10,5,0,0,0,18,16,1,24,0,1,200,0,200,200
381636,0,30,0,0,1,1,10,5,0,0,0,18,16,0,49,0,0,0,0,200,200
381637,0,30,0,0,0,1,10,5,0,0,200,0,0,0,200,200,200,200,200,200,200
381637,0,30,0,0,0,1,10,5,0,0,200,0,0,1,200,0,200,200,0,200,200
381639,0,35,0,0,1,1,2,3,3,1,0,200,200,0,45,0,12,0,0,200,200
381642,0,5,0,0,0,1,7,5,0,0,0,20,0,0,25,200,0,200,200,200,200
381646,0,30,0,0,0,1,12,2,0,0,0,22,0,0,200,0,2,200,200,200,200
381646,0,30,0,0,0,1,12,2,0,0,0,22,0,0,67,0,0,200,0,200,200
381665,0,30,2,2,0,1,11,2,0,0,0,6,16,0,51,0,6,0,0,200,200
381665,0,30,2,2,0,1,11,2,0,0,0,6,16,0,49,0,0,0,0,200,200
381669,0,30,0,0,0,1,12,2,0,0,0,11,11,0,200,0,4,0,0,200,200
381669,0,30,0,0,0,1,12,2,0,0,0,11,11,1,67,0,0,0,0,200,200
381669,1,30,0,0,0,1,12,2,0,0,0,11,11,1,200,0,200,200,200,200,200
381669,1,30,0,0,0,1,12,2,0,0,0,11,11,0,6,0,200,200,200,200,200
381688,0,30,1,2,0,1,8,5,0,0,0,31,0,0,200,200,7,200,200,200,200
381688,4,30,1,2,0,1,8,5,0,0,0,31,0,0,18,7,0,200,0,200,200
381693,0,30,1,2,0,1,7,5,0,0,0,0,200,0,51,200,200,200,0,200,200
381693,1,30,1,2,0,1,7,5,0,0,0,0,200,1,48,200,200,200,200,200,200
381693,1,30,1,2,0,1,7,5,0,0,0,0,200,1,60,200,200,200,200,200,200
381697,0,30,1,2,0,1,14,2,0,0,0,6,16,0,59,0,5,0,0,200,200
381697,0,30,1,2,0,1,14,2,0,0,0,6,16,1,50,0,0,0,0,200,200
381697,1,30,1,2,0,1,14,2,0,0,0,6,16,0,60,0,200,200,200,200,200
381698,0,30,0,2,200,1,10,5,0,200,0,200,0,0,62,200,1,200,200,200,200
381698,0,30,0,2,200,1,10,5,0,200,0,200,0,0,75,0,0,0,0,200,200
381698,1,30,0,2,200,1,10,5,0,200,0,200,0,200,200,200,200,200,200,200,200
381706,0,30,1,2,200,1,10,5,0,200,200,18,0,0,200,200,3,200,200,200,200
381706,0,30,1,2,200,1,10,5,0,200,200,18,0,0,49,0,12,0,200,200,200
381706,0,30,1,2,200,1,10,5,0,200,200,18,0,0,39,0,12,0,0,200,200
381708,0,30,0,200,1,1,2,2,0,200,200,0,0,1,44,200,12,200,0,200,200
381708,1,30,0,200,1,1,2,2,0,200,200,0,0,0,200,200,200,200,200,200,200
381710,0,30,0,0,0,1,7,5,0,0,0,0,200,0,36,0,6,0,0,200,200
381714,0,30,1,2,200,1,14,3,0,200,200,17,17,0,27,0,1,0,0,200,200
381714,0,30,1,2,200,1,14,3,0,200,200,17,17,1,32,0,0,0,0,200,200
381714,1,30,1,2,200,1,14,3,0,200,200,17,17,1,9,0,200,200,200,200,200
381715,0,30,1,2,0,1,8,5,0,0,0,0,200,0,200,200,200,200,200,200,200
381715,4,30,1,2,0,1,8,5,0,0,0,0,200,0,32,7,0,0,0,200,200
381723,0,30,2,2,0,1,0,5,0,0,0,5,5,0,20,200,5,0,0,200,200
381723,0,30,2,2,0,1,0,5,0,0,0,5,5,0,32,200,5,0,0,200,200
381723,0,30,2,2,0,1,0,5,0,0,0,5,5,0,38,200,0,0,0,200,200
381723,0,30,2,2,0,1,0,5,0,0,0,5,5,1,57,200,0,0,0,200,200
381723,1,30,2,2,0,1,0,5,0,0,0,5,5,1,26,200,200,200,200,200,200
381724,0,30,1,2,200,200,14,2,0,200,200,0,200,1,200,200,200,200,200,200,200
381724,0,30,1,2,200,200,14,2,0,200,200,0,200,0,30,0,200,0,0,200,200
381728,0,30,0,0,200,200,7,5,0,200,200,0,200,2,200,200,200,200,200,200,200
381744,0,40,0,0,0,1,12,3,0,0,0,0,200,0,24,200,12,0,0,200,200
381744,0,40,0,0,0,1,12,3,0,0,0,0,200,0,57,0,0,0,0,200,200
381745,0,30,1,2,0,1,10,200,0,0,0,18,200,1,200,200,3,200,200,200,200
381745,0,30,1,2,0,1,10,200,0,0,0,18,200,0,39,0,0,0,0,200,200
381747,0,30,1,2,1,1,10,5,0,1,200,18,18,2,200,200,3,200,200,200,200
381747,0,30,1,2,1,1,10,5,0,1,200,18,18,1,43,0,12,200,0,200,200
381747,1,30,1,2,1,1,10,5,0,1,200,18,18,0,200,5,200,200,200,200,200
381748,0,30,0,0,0,1,12,5,0,1,0,17,200,0,200,200,1,200,200,200,200
381748,0,30,0,0,0,1,12,5,0,1,0,17,200,0,59,0,0,0,0,200,200
381758,0,30,0,0,0,1,12,3,0,0,0,17,16,0,40,200,1,0,0,200,200
381758,0,30,0,0,0,1,12,3,0,0,0,17,16,0,52,200,0,0,0,200,200
381763,0,30,1,2,0,1,14,5,0,0,0,3,3,2,200,200,5,200,200,200,200
381763,0,30,1,2,0,1,14,5,0,0,0,3,3,1,19,0,0,0,0,200,200
381764,0,30,1,2,0,1,10,5,0,0,0,0,200,0,39,0,1,0,0,200,200
381764,0,30,1,2,0,1,10,5,0,0,0,0,200,0,63,0,0,0,0,200,200
381765,0,30,0,0,200,200,7,5,0,0,12,0,200,2,200,200,200,200,200,200,200
381769,0,30,2,2,1,1,0,5,0,0,0,17,200,0,28,200,1,0,0,200,200
381769,0,30,2,2,1,1,0,5,0,0,0,17,200,1,64,200,0,0,0,200,200
381772,0,30,0,0,0,1,11,7,0,0,0,0,0,1,49,0,0,0,0,200,200
381772,0,30,0,0,0,1,11,7,0,0,0,0,0,1,62,0,0,0,0,200,200
381772,1,30,0,0,0,1,11,7,0,0,0,0,0,1,200,0,200,200,200,200,200
381782,0,10,0,0,0,1,2,0,0,0,0,11,28,1,30,0,12,12,0,200,200
381785,0,30,1,200,200,1,10,2,0,200,200,0,200,0,55,0,200,200,0,200,200
381785,0,30,1,200,200,1,10,2,0,200,200,0,200,1,39,200,200,200,200,200,200
381790,0,30,0,0,0,1,2,7,0,0,0,11,200,0,52,200,12,0,0,200,200
381795,0,30,1,200,0,1,10,3,0,0,0,18,0,0,200,200,3,200,200,200,200
381795,0,30,1,200,0,1,10,3,0,0,0,18,0,1,64,200,0,0,0,200,200
381798,0,30,1,2,0,1,14,2,0,0,0,18,16,1,23,200,3,200,200,200,200
381798,0,30,1,2,0,1,14,2,0,0,0,18,16,1,41,0,0,0,0,200,200
381799,0,30,1,2,0,1,10,5,0,0,0,16,18,1,200,0,3,1,0,200,200
381799,0,30,1,2,0,1,10,5,0,0,0,16,18,0,73,0,0,1,0,200,200
381799,1,30,1,2,0,1,10,5,0,0,0,16,18,1,71,0,200,200,200,200,200
381808,0,30,0,0,0,1,10,5,0,0,0,0,0,1,200,200,200,200,200,200,200
381808,0,30,0,0,0,1,10,5,0,0,0,0,0,0,60,0,0,0,0,200,200
381809,0,30,0,200,0,1,7,3,0,0,0,20,200,1,49,0,6,0,0,200,200
381816,0,30,1,2,0,1,10,6,0,0,0,18,16,0,200,200,3,0,0,200,200
381816,0,30,1,2,0,1,10,6,0,0,0,18,16,0,61,200,0,0,0,200,200
381820,0,30,0,0,0,1,12,5,0,0,0,17,21,0,27,200,4,0,0,200,200
381820,0,30,0,0,0,1,12,5,0,0,0,17,21,0,36,0,0,0,0,200,200
381822,0,25,0,0,0,200,7,6,0,0,200,0,0,2,200,200,200,200,200,200,200
381828,0,30,1,2,0,2,14,5,0,0,200,17,200,1,19,200,1,200,0,200,200
381828,0,30,1,2,0,2,14,5,0,0,200,17,200,0,57,200,8,200,0,200,200
381828,1,30,1,2,0,2,14,5,0,0,200,17,200,0,19,200,200,200,200,200,200
381828,1,30,1,2,0,2,14,5,0,0,200,17,200,0,32,1,200,200,200,200,200
381837,0,30,3,2,0,1,14,12,0,0,0,17,16,2,200,200,8,200,200,200,200
381837,0,30,3,2,0,1,14,12,0,0,0,17,16,0,30,0,12,0,0,200,200
381846,0,30,5,12,0,1,7,2,0,0,0,0,0,2,200,200,200,200,200,200,200
381847,0,30,1,2,1,1,10,5,0,200,200,7,18,0,47,0,3,200,0,200,200
381847,0,30,1,2,1,1,10,5,0,200,200,7,18,1,29,0,200,200,0,200,200
381848,0,20,0,0,0,1,7,5,0,0,0,0,11,2,200,200,200,200,200,200,200
381848,1,20,0,0,0,1,7,5,0,0,0,0,11,0,28,1,200,200,200,200,200
381857,0,30,2,2,0,1,9,6,0,0,0,0,200,0,200,200,200,200,200,200,200
381857,5,30,2,2,0,1,9,6,0,0,0,0,200,1,36,7,200,200,5,200,200
381860,0,30,0,0,200,1,2,200,0,0,0,0,0,2,200,200,6,200,200,200,200
381861,0,30,2,2,2,1,0,2,0,1,0,17,200,1,57,200,1,200,200,200,200
381861,0,30,2,2,2,1,0,2,0,1,0,17,200,0,24,200,200,200,200,200,200
381861,1,30,2,2,2,1,0,2,0,1,0,17,200,1,78,200,200,200,200,200,200
381868,0,30,200,200,200,200,0,6,0,200,200,0,200,1,200,200,200,200,200,200,200
381868,0,30,200,200,200,200,0,6,0,200,200,0,200,1,23,200,200,200,200,200,200
381877,0,35,1,200,200,3,0,12,0,200,200,6,6,1,24,200,5,200,200,200,200
381877,0,35,1,200,200,3,0,12,0,200,200,6,6,0,28,200,0,200,200,200,200
381888,4,35,2,2,1,1,8,6,0,0,0,10,200,0,24,2,9,0,0,200,200
381888,0,35,2,2,1,1,8,6,0,0,0,10,200,0,37,0,0,0,0,200,200
381888,1,35,2,2,1,1,8,6,0,0,0,10,200,0,21,0,200,200,200,200,200
381895,0,30,0,0,0,1,11,5,0,0,0,21,200,1,60,0,12,0,0,200,200
381895,0,30,0,0,0,1,11,5,0,0,0,21,200,0,51,0,0,0,0,200,200
381895,1,30,0,0,0,1,11,5,0,0,0,21,200,0,14,0,200,200,200,200,200
381899,0,35,1,2,0,1,10,5,1,0,0,18,0,0,26,200,3,0,0,200,200
381899,0,35,1,2,0,1,10,5,1,0,0,18,0,1,54,200,3,0,0,200,200
381903,0,30,0,0,0,1,7,5,0,0,0,21,12,0,28,200,12,0,0,200,200
381907,0,30,0,0,1,1,0,5,0,0,0,20,0,0,200,200,6,200,200,200,200
381907,0,30,0,0,1,1,0,5,0,0,0,20,0,0,67,0,12,0,0,200,200
381914,0,30,0,0,1,1,10,2,0,0,0,18,200,0,68,0,3,0,0,200,200
381914,0,30,0,0,1,1,10,2,0,0,0,18,200,1,33,0,0,0,0,200,200
381914,0,30,0,0,1,1,10,2,0,0,0,18,200,1,31,0,0,0,0,200,200
381918,0,30,1,2,0,1,14,5,0,0,0,17,21,1,200,200,4,200,200,200,200
381918,0,30,1,2,0,1,14,5,0,0,0,17,21,1,31,0,0,0,0,200,200
381924,0,35,1,2,0,1,12,3,1,0,12,21,200,0,21,0,4,0,0,200,200
381924,0,35,1,2,0,1,12,3,1,0,12,21,200,0,36,0,0,0,0,200,200
381926,0,30,200,200,200,200,7,5,0,200,200,0,200,2,200,200,200,200,200,200,200
381936,0,30,0,0,0,1,7,7,0,0,0,0,200,1,24,0,0,0,0,200,200
381938,0,30,2,2,0,1,0,5,0,0,0,17,200,0,34,200,200,0,0,200,200
381938,0,30,2,2,0,1,0,5,0,0,0,17,200,1,44,200,200,0,0,200,200
381943,0,40,0,0,0,3,14,3,0,0,0,14,25,0,28,0,0,0,0,200,200
381943,0,40,0,0,0,3,14,3,0,0,0,14,25,2,200,200,2,200,200,200,200
381954,0,30,0,0,1,1,12,6,0,0,0,200,200,0,48,0,0,0,0,200,200
381954,0,30,0,0,1,1,12,6,0,0,0,200,200,0,52,0,0,0,0,200,200
381954,1,30,0,0,1,1,12,6,0,0,0,200,200,0,200,200,200,200,200,200,200
381955,0,30,0,0,0,1,10,5,0,0,0,18,0,0,44,0,200,0,0,200,200
381955,0,30,0,0,0,1,10,5,0,0,0,18,0,0,30,0,0,0,0,200,200
381955,1,30,0,0,0,1,10,5,0,0,0,18,0,1,46,0,200,200,200,200,200
381962,0,30,0,0,0,1,11,5,0,0,0,0,200,0,32,200,0,12,0,200,200
381962,0,30,0,0,0,1,11,5,0,0,0,0,200,1,19,200,12,0,0,200,200
381966,0,20,0,0,0,1,7,6,0,0,0,0,0,2,200,200,200,200,200,200,200
381969,0,30,1,2,0,1,14,5,0,0,0,0,0,0,200,0,2,0,0,200,200
381969,0,30,1,2,0,1,14,5,0,0,0,0,0,1,200,0,0,0,0,200,200
381971,0,30,0,0,0,1,7,6,0,200,200,20,20,1,200,200,6,200,200,200,200
381975,0,35,200,200,0,1,7,2,0,200,200,0,200,1,20,200,200,200,200,200,200
381986,0,30,1,2,0,1,14,3,0,0,0,6,17,0,200,200,5,200,200,200,200
381986,0,30,1,2,0,1,14,3,0,0,0,6,17,1,18,0,0,0,0,200,200
381986,1,30,1,2,0,1,14,3,0,0,0,6,17,0,18,0,200,200,200,200,200
381986,1,30,1,2,0,1,14,3,0,0,0,6,17,1,17,0,200,200,200,200,200
381992,0,30,1,2,0,1,10,5,0,0,0,18,11,1,33,200,3,0,0,200,200
381992,0,30,1,2,0,1,10,5,0,0,0,18,11,1,40,200,0,0,0,200,200
381994,0,30,0,0,0,1,14,5,0,0,200,21,0,1,25,0,7,200,0,200,200
381994,0,30,0,0,0,1,14,5,0,0,200,21,0,1,38,0,0,0,0,200,200
381994,1,30,0,0,0,1,14,5,0,0,200,21,0,200,15,0,200,200,200,200,200
381995,0,30,1,2,0,1,10,5,0,0,0,0,0,0,30,0,0,0,0,200,200
381995,0,30,1,2,0,1,10,5,0,0,0,0,0,0,21,0,1,0,0,200,200
381995,1,30,1,2,0,1,10,5,0,0,0,0,0,1,200,0,200,200,200,200,200
382002,0,25,0,0,0,1,0,7,0,0,0,0,0,0,200,200,200,200,200,200,200
382002,0,25,0,0,0,1,0,7,0,0,0,0,0,1,64,0,0,0,0,200,200
382012,0,30,0,0,0,1,12,5,0,200,200,23,0,0,46,0,7,200,0,200,200
382012,0,30,0,0,0,1,12,5,0,200,200,23,0,0,41,0,0,0,0,200,200
382013,0,30,0,0,0,1,14,5,0,0,0,0,200,0,0,0,12,0,0,200,200
382013,0,30,0,0,0,1,14,5,0,0,0,0,200,0,27,0,0,0,0,200,200
382021,0,30,1,2,0,1,12,5,0,0,0,0,0,1,200,200,200,200,200,200,200
382021,0,30,1,2,0,1,12,5,0,0,0,0,0,1,49,0,0,0,0,200,200
382027,0,30,1,2,0,1,2,2,0,0,0,23,0,1,61,0,4,0,200,200,200
382029,0,30,1,2,1,1,14,5,0,0,0,17,200,0,0,0,7,0,0,200,200
382029,0,30,1,2,1,1,14,5,0,0,0,17,200,1,0,200,0,0,0,200,200
382029,1,30,1,2,1,1,14,5,0,0,0,17,200,1,52,200,200,200,200,200,200
382029,1,30,1,2,1,1,14,5,0,0,0,17,200,1,42,200,200,200,200,200,200
382029,1,30,1,2,1,1,14,5,0,0,0,17,200,0,21,200,200,200,200,200,200
382029,1,30,1,2,1,1,14,5,0,0,0,17,200,1,4,5,200,200,200,200,200
382032,0,30,0,1,0,1,12,3,0,0,0,0,200,0,20,200,200,200,200,200,200
382032,0,30,0,1,0,1,12,3,0,0,0,0,200,1,66,0,200,200,0,200,200
382033,0,10,0,0,0,1,7,7,0,0,0,0,0,0,200,200,200,0,0,200,200
382036,0,30,0,0,0,1,12,5,0,0,0,0,0,0,43,200,200,200,200,200,200
382036,0,30,0,0,0,1,12,5,0,0,0,0,0,0,16,0,0,0,0,200,200
382037,0,15,0,0,0,1,7,7,0,0,0,20,16,0,27,200,6,200,0,200,200
382037,1,15,0,0,0,1,7,7,0,0,0,20,16,0,200,0,200,200,200,200,200
382040,0,30,0,0,0,1,14,5,0,0,0,11,0,0,44,0,1,0,0,200,200
382040,0,30,0,0,0,1,14,5,0,0,0,11,0,0,200,200,0,200,200,200,200
382042,0,30,0,0,1,1,12,5,0,0,0,0,0,2,200,200,200,200,200,200,200
382042,0,30,0,0,1,1,12,5,0,0,0,0,0,0,32,0,12,0,0,200,200
382042,1,30,0,0,1,1,12,5,0,0,0,0,0,1,30,0,200,200,200,200,200
382046,0,30,1,2,0,1,14,6,0,0,0,21,6,0,20,200,4,0,0,200,200
382046,0,30,1,2,0,1,14,6,0,0,0,21,6,1,55,0,0,0,0,200,200
382047,0,30,1,2,0,1,12,6,0,0,200,0,0,1,33,0,12,0,0,200,200
382047,0,30,1,2,0,1,12,6,0,0,200,0,0,0,41,0,0,0,0,200,200
382050,0,30,1,2,0,1,10,5,0,0,0,18,16,0,19,200,3,0,0,200,200
382050,0,30,1,2,0,1,10,5,0,0,0,18,16,1,61,200,0,0,0,200,200
382060,0,30,1,2,200,4,10,2,0,200,0,16,200,1,63,200,12,200,200,200,200
382060,0,30,1,2,200,4,10,2,0,200,0,16,200,0,63,200,0,200,200,200,200
382060,1,30,1,2,200,4,10,2,0,200,0,16,200,200,200,200,200,200,200,200,200
382061,0,25,0,0,0,1,7,6,0,0,0,200,200,2,200,200,200,200,200,200,200
382062,0,30,1,2,0,1,10,6,0,0,0,16,0,0,16,200,12,200,0,200,200
382062,0,30,1,2,0,1,10,6,0,0,0,16,0,0,49,200,0,0,0,200,200
382062,1,30,1,2,0,1,10,6,0,0,0,16,0,1,16,200,200,200,200,200,200
382062,1,30,1,2,0,1,10,6,0,0,0,16,0,0,54,200,200,200,200,200,200
382062,1,30,1,2,0,1,10,6,0,0,0,16,0,1,51,200,200,200,200,200,200
382062,1,30,1,2,0,1,10,6,0,0,0,16,0,1,11,200,200,200,200,200,200
382062,1,30,1,2,0,1,10,6,0,0,0,16,0,1,77,200,200,200,200,200,200
382064,4,25,2,2,0,1,8,5,0,0,0,17,200,0,28,2,1,0,0,200,200
382064,0,25,2,2,0,1,8,5,0,0,0,17,200,0,42,0,0,0,0,200,200
382068,0,30,0,0,0,1,10,5,0,0,0,200,200,2,200,200,200,200,200,200,200
382068,0,30,0,0,0,1,10,5,0,0,0,200,200,1,34,0,0,0,0,200,200
382069,0,30,0,0,200,1,7,5,0,200,0,0,0,2,200,200,200,200,200,200,200
382070,0,30,0,0,0,1,7,5,0,0,0,0,0,0,57,200,200,200,200,200,200
382070,1,30,0,0,0,1,7,5,0,0,0,0,0,1,200,0,200,200,200,200,200
382077,0,30,0,0,0,1,14,5,0,0,0,17,33,1,200,0,1,1,0,200,200
382077,0,30,0,0,0,1,14,5,0,0,0,17,33,1,35,0,12,0,0,200,200
382084,0,30,1,2,0,1,10,5,0,0,0,17,18,0,69,0,0,0,0,200,200
382084,0,30,1,2,0,1,10,5,0,0,0,17,18,0,26,0,1,0,0,200,200
382084,1,30,1,2,0,1,10,5,0,0,0,17,18,1,37,0,200,200,200,200,200
382084,1,30,1,2,0,1,10,5,0,0,0,17,18,1,24,0,200,200,200,200,200
382092,0,30,1,0,0,1,12,5,0,0,0,22,22,1,66,7,0,0,0,200,200
382092,0,30,1,0,0,1,12,5,0,0,0,22,22,0,20,0,0,0,0,200,200
382092,1,30,1,0,0,1,12,5,0,0,0,22,22,1,200,0,200,200,200,200,200
382095,0,30,0,0,0,1,14,5,0,0,0,23,22,0,200,7,7,0,0,200,200
382095,0,30,0,0,0,1,14,5,0,0,0,23,22,0,52,0,200,0,0,200,200
382095,1,30,0,0,0,1,14,5,0,0,0,23,22,200,200,0,200,200,200,200,200
382122,0,20,0,0,0,1,7,6,0,0,0,13,0,0,43,200,12,0,0,200,200
382125,0,30,0,0,0,1,7,6,0,0,0,16,200,1,200,0,7,0,0,200,200
382127,0,30,0,0,0,1,12,5,0,0,0,11,11,1,26,0,0,0,0,200,200
382127,0,30,0,0,0,1,12,5,0,0,0,11,11,0,49,0,1,0,0,200,200
382128,0,30,2,2,0,1,0,5,0,0,0,5,200,0,200,200,1,200,200,200,200
382128,0,30,2,2,0,1,0,5,0,0,0,5,200,0,44,0,0,0,0,200,200
382130,0,35,1,2,0,1,12,3,0,0,0,200,200,2,200,200,200,200,200,200,200
382130,0,35,1,2,0,1,12,3,0,0,0,200,200,1,33,0,0,0,0,200,200
382130,1,35,1,2,0,1,12,3,0,0,0,200,200,2,200,200,200,200,200,200,200
382130,1,35,1,2,0,1,12,3,0,0,0,200,200,200,200,200,200,200,200,200,200
382130,1,35,1,2,0,1,12,3,0,0,0,200,200,200,200,200,200,200,200,200,200
382130,1,35,1,2,0,1,12,3,0,0,0,200,200,200,200,200,200,200,200,200,200
382130,1,35,1,2,0,1,12,3,0,0,0,200,200,200,200,200,200,200,200,200,200
382133,0,30,0,0,0,3,7,5,0,0,0,0,200,2,200,200,200,200,200,200,200
382134,0,25,2,2,0,1,0,5,0,0,0,0,0,1,41,0,1,0,0,200,200
382134,0,25,2,2,0,1,0,5,0,0,0,0,0,1,37,0,0,0,0,200,200
382134,1,25,2,2,0,1,0,5,0,0,0,0,0,1,5,5,200,200,200,200,200
382135,0,30,1,2,1,1,10,5,0,0,0,18,0,0,30,0,3,0,0,200,200
382135,0,30,1,2,1,1,10,5,0,0,0,18,0,1,38,0,12,0,0,200,200
382135,1,30,1,2,1,1,10,5,0,0,0,18,0,1,47,0,200,200,200,200,200
382136,0,30,0,0,0,3,7,5,0,0,0,0,0,2,200,200,200,200,200,200,200
382138,0,30,1,1,0,1,0,5,0,0,0,6,25,0,200,200,5,200,200,200,200
382138,0,30,1,1,0,1,0,5,0,0,0,6,25,0,68,200,0,0,0,200,200
382139,0,30,1,2,0,1,10,3,0,0,0,18,200,0,39,0,3,0,0,200,200
382139,0,30,1,2,0,1,10,3,0,0,0,18,200,1,28,0,0,0,0,200,200
382147,0,30,0,0,0,1,7,6,0,0,0,0,0,2,200,200,200,200,200,200,200
382152,0,30,1,2,1,0,10,5,0,1,0,12,18,0,53,200,3,0,0,200,200
382152,0,30,1,2,1,0,10,5,0,1,0,12,18,1,23,0,0,0,0,200,200
382153,0,30,0,0,0,1,10,2,0,0,0,18,0,1,23,0,3,0,0,200,200
382153,0,30,0,0,0,1,10,2,0,0,0,18,0,0,38,0,12,0,0,200,200
382154,0,30,200,200,0,1,10,5,0,200,200,200,200,0,64,200,200,200,0,200,200
382154,0,30,200,200,0,1,10,5,0,200,200,200,200,0,38,200,200,200,0,200,200
382166,0,30,1,200,0,1,7,2,0,0,0,21,200,2,200,200,7,200,200,200,200
382166,1,30,1,200,0,1,7,2,0,0,0,21,200,200,0,4,200,200,200,200,200
382166,1,30,1,200,0,1,7,2,0,0,0,21,200,0,200,0,200,200,200,200,200
382168,0,30,1,2,0,1,7,2,0,0,0,0,23,1,48,200,10,200,0,200,200
382172,0,30,0,0,0,2,7,5,0,0,0,0,200,2,200,200,200,200,200,200,200
382175,0,30,2,1,1,1,12,5,0,0,0,22,200,0,200,200,12,200,200,200,200
382175,0,30,2,1,1,1,12,5,0,0,0,22,200,1,51,0,200,0,0,200,200
382175,1,30,2,1,1,1,12,5,0,0,0,22,200,1,25,0,200,200,200,200,200
382175,1,30,2,1,1,1,12,5,0,0,0,22,200,0,15,0,200,200,200,200,200
382176,0,30,0,0,0,1,14,5,0,0,0,22,200,0,200,200,7,200,200,200,200
382176,0,30,0,0,0,1,14,5,0,0,0,22,200,1,18,0,0,0,0,200,200
382183,0,30,1,2,0,1,10,5,0,0,200,17,200,0,19,200,1,0,0,200,200
382183,0,30,1,2,0,1,10,5,0,0,200,17,200,1,37,200,0,0,0,200,200
382187,4,30,2,200,0,1,8,6,0,0,200,0,0,0,16,200,1,200,0,200,200
382187,0,30,2,200,0,1,8,6,0,0,200,0,0,1,31,0,0,0,0,200,200
382192,0,35,0,0,0,1,12,3,2,0,0,21,21,1,77,0,4,0,0,200,200
382192,0,35,0,0,0,1,12,3,2,0,0,21,21,0,35,0,0,0,0,200,200
382195,0,30,0,0,0,1,10,5,0,0,0,18,200,0,64,0,3,0,0,200,200
382195,0,30,0,0,0,1,10,5,0,0,0,18,200,1,24,0,0,0,0,200,200
382196,0,30,1,2,0,1,10,2,0,0,0,18,16,1,35,200,0,0,0,200,200
382196,0,30,1,2,0,1,10,2,0,0,0,18,16,1,35,200,0,0,0,200,200
382197,0,30,0,0,0,0,7,6,0,0,0,0,0,2,200,200,200,200,200,200,200
382198,0,30,1,2,0,1,12,2,0,0,0,11,200,1,52,0,0,0,0,200,200
382198,0,30,1,2,0,1,12,2,0,0,0,11,200,0,25,0,4,0,0,200,200
382199,0,30,1,2,0,1,10,5,0,0,0,0,0,0,48,200,200,200,200,200,200
382199,0,30,1,2,0,1,10,5,0,0,0,0,0,0,22,0,0,0,0,200,200
382202,0,15,0,0,0,1,7,5,0,0,0,0,0,0,65,0,200,0,0,200,200
382202,1,15,0,0,0,1,7,5,0,0,0,0,0,1,2,5,200,200,200,200,200
382206,0,30,2,2,0,1,10,2,0,0,200,16,200,1,64,200,3,200,200,200,200
382206,0,30,2,2,0,1,10,2,0,0,200,16,200,1,29,200,0,200,200,200,200
382206,1,30,2,2,0,1,10,2,0,0,200,16,200,0,29,200,200,200,200,200,200
382209,0,30,0,0,200,1,7,2,0,200,0,0,200,2,200,200,200,200,200,200,200
382214,0,30,0,0,0,0,2,7,0,0,0,0,200,0,24,0,9,0,0,200,200
382220,0,30,1,2,0,1,10,5,0,0,0,18,200,0,26,200,3,0,0,200,200
382220,0,30,1,2,0,1,10,5,0,0,0,18,200,0,33,7,0,0,0,200,200
382225,0,30,0,0,0,1,10,5,0,200,200,18,200,0,200,200,1,200,200,200,200