RD_NO,PERSON_TYPE,POSTED_SPEED_LIMIT,TRAFFIC_CONTROL_DEVICE,DEVICE_CONDITION,WEATHER_CONDITION,LIGHTING_CONDITION,FIRST_CRASH_TYPE,TRAFFICWAY_TYPE,ALIGNMENT,ROADWAY_SURFACE_COND,ROAD_DEFECT,PRIM_CONTRIBUTORY_CAUSE,SEC_CONTRIBUTORY_CAUSE,SEX,AGE,SAFETY_EQUIPMENT,DRIVER_ACTION,DRIVER_VISION,PHYSICAL_CONDITION,BAC_RESULT VALUE,CELL_PHONE_USE
382225,0,30,0,0,0,1,10,5,0,200,200,18,200,1,28,200,0,200,0,200,200
382227,0,30,1,200,0,2,12,2,0,0,200,22,17,1,200,200,2,200,200,200,200
382227,0,30,1,200,0,2,12,2,0,0,200,22,17,0,31,200,0,200,0,200,200
382233,0,30,0,0,0,1,12,5,0,0,0,22,22,0,48,0,4,0,0,200,200
382233,0,30,0,0,0,1,12,5,0,0,0,22,22,0,28,0,0,0,0,200,200
382238,0,30,0,0,200,1,10,5,0,200,200,18,200,1,45,200,3,200,200,200,200
382238,0,30,0,0,200,1,10,5,0,200,200,18,200,0,26,200,12,200,200,200,200
382238,1,30,0,0,200,1,10,5,0,200,200,18,200,1,26,200,200,200,200,200,200
382238,1,30,0,0,200,1,10,5,0,200,200,18,200,1,2,200,200,200,200,200,200
382240,0,30,0,0,0,1,12,5,0,0,0,0,0,0,65,200,12,0,0,200,200
382240,0,30,0,0,0,1,12,5,0,0,0,0,0,0,30,0,200,0,0,200,200
382243,0,30,0,0,0,1,7,6,0,200,200,0,0,1,62,200,10,200,200,200,200
382245,0,25,2,2,2,3,7,6,0,1,0,200,200,2,200,200,200,200,200,200,200
382248,0,35,0,0,0,1,10,5,0,0,0,18,0,0,51,0,3,0,0,200,200
382248,0,35,0,0,0,1,10,5,0,0,0,18,0,0,27,0,0,0,0,200,200
382250,0,30,1,2,0,1,12,2,0,0,0,0,200,1,200,200,200,200,200,200,200
382250,0,30,1,2,0,1,12,2,0,0,0,0,200,1,45,0,0,0,0,200,200
382265,0,10,0,0,0,1,7,7,0,0,0,0,200,1,46,0,12,0,0,200,200
382268,0,30,1,2,1,1,10,5,0,0,0,18,0,0,38,0,3,0,0,200,200
382268,0,30,1,2,1,1,10,5,0,0,0,18,0,0,28,0,12,0,0,200,200
382273,0,35,0,0,0,1,14,5,0,0,0,0,200,0,200,0,0,200,0,200,200
382273,0,35,0,0,0,1,14,5,0,0,0,0,200,1,200,0,200,200,0,200,200
382274,0,30,0,0,0,1,0,6,0,0,0,17,0,0,200,200,1,200,200,200,200
382274,0,30,0,0,0,1,0,6,0,0,0,17,0,1,22,0,0,0,0,200,200
382283,0,30,0,0,0,1,12,3,0,0,0,0,200,0,200,200,12,200,200,200,200
382283,0,30,0,0,0,1,12,3,0,0,0,0,200,0,34,0,0,0,0,200,200
382283,1,30,0,0,0,1,12,3,0,0,0,0,200,0,31,0,200,200,200,200,200
382283,1,30,0,0,0,1,12,3,0,0,0,0,200,0,200,5,200,200,200,200,200
382283,1,30,0,0,0,1,12,3,0,0,0,0,200,2,200,200,200,200,200,200,200
382283,1,30,0,0,0,1,12,3,0,0,0,0,200,2,200,200,200,200,200,200,200
382289,0,35,0,0,0,1,7,2,0,0,0,0,200,0,22,0,200,0,0,200,200
382289,1,35,0,0,0,1,7,2,0,0,0,0,200,0,23,0,200,200,200,200,200
382295,0,30,2,2,0,1,14,5,0,0,0,3,200,0,28,200,5,200,200,200,200
382295,0,30,2,2,0,1,14,5,0,0,0,3,200,0,26,0,0,0,0,200,200
382307,0,30,0,0,0,1,5,5,0,0,12,200,200,1,37,0,0,0,0,200,200
382310,0,25,0,0,0,1,7,6,0,0,0,0,0,1,200,0,0,0,0,200,200
382321,0,30,0,0,0,1,0,0,0,0,0,22,17,0,200,200,1,0,0,200,200
382321,0,30,0,0,0,1,0,0,0,0,0,22,17,1,47,0,12,0,0,200,200
382325,0,30,1,2,0,1,10,5,0,0,0,18,200,0,36,0,3,0,0,200,200
382325,0,30,1,2,0,1,10,5,0,0,0,18,200,0,59,0,0,0,0,200,200
382325,1,30,1,2,0,1,10,5,0,0,0,18,200,1,42,0,200,200,200,200,200
382328,0,5,0,0,1,1,0,7,0,0,0,17,20,1,47,0,1,0,0,200,200
382328,0,5,0,0,1,1,0,7,0,0,0,17,20,1,46,0,12,0,0,200,200
382330,0,30,0,0,0,1,7,5,0,200,200,0,0,2,200,200,200,200,200,200,200
382333,0,25,0,0,0,1,3,6,0,0,0,0,200,0,200,200,6,200,0,200,200
382333,0,25,0,0,0,1,3,6,0,0,0,0,200,0,26,0,0,0,0,200,200
382333,1,25,0,0,0,1,3,6,0,0,0,0,200,200,200,0,200,200,200,200,200
382335,0,35,1,2,0,1,10,3,0,0,12,16,12,0,41,7,5,0,0,200,200
382335,0,35,1,2,0,1,10,3,0,0,12,16,12,1,53,0,0,0,0,200,200
382335,1,35,1,2,0,1,10,3,0,0,12,16,12,0,50,7,200,200,200,200,200
382335,1,35,1,2,0,1,10,3,0,0,12,16,12,1,50,0,200,200,200,200,200
382335,1,35,1,2,0,1,10,3,0,0,12,16,12,1,75,0,200,200,200,200,200
382336,0,30,0,0,0,1,7,5,0,0,0,16,14,0,30,200,8,200,0,200,200
382337,0,30,1,2,0,1,12,6,0,0,0,0,0,1,36,200,12,0,0,200,200
382337,0,30,1,2,0,1,12,6,0,0,0,0,0,0,57,200,200,0,0,200,200
382337,1,30,1,2,0,1,12,6,0,0,0,0,0,1,29,200,200,200,200,200,200
382337,1,30,1,2,0,1,12,6,0,0,0,0,0,1,31,200,200,200,200,200,200
382337,1,30,1,2,0,1,12,6,0,0,0,0,0,1,30,200,200,200,200,200,200
382338,0,30,0,0,2,1,14,5,0,1,0,16,200,0,53,0,1,0,0,200,200
382338,0,30,0,0,2,1,14,5,0,1,0,16,200,0,71,0,1,0,0,200,200
382339,0,30,0,0,0,1,11,0,0,0,0,20,200,0,200,0,6,0,0,200,200
382339,0,30,0,0,0,1,11,0,0,0,0,20,200,0,200,0,0,0,0,200,200
382339,1,30,0,0,0,1,11,0,0,0,0,20,200,1,200,0,200,200,200,200,200
382340,0,30,0,0,0,1,7,6,0,0,0,0,200,2,200,200,200,200,200,200,200
382344,0,15,0,0,0,1,7,5,0,0,0,0,0,1,22,200,200,200,200,200,200
382353,0,30,0,0,0,1,10,6,0,0,0,18,0,2,200,200,3,200,200,200,200
382353,0,30,0,0,0,1,10,6,0,0,0,18,0,1,36,0,0,0,0,200,200
382358,0,30,0,0,0,1,7,7,0,0,0,7,200,0,200,200,6,200,200,200,200
382375,0,25,0,2,0,4,9,5,0,0,0,20,200,0,63,200,6,200,0,200,200
382375,5,25,0,2,0,4,9,5,0,0,0,20,200,0,59,7,12,0,0,200,200
382381,0,30,1,0,0,1,12,6,0,0,0,21,0,0,46,0,4,0,0,200,200
382381,0,30,1,0,0,1,12,6,0,0,0,21,0,0,36,0,0,0,0,200,200
382384,0,30,0,0,0,1,14,5,0,0,0,0,0,0,200,200,12,200,0,200,200
382384,0,30,0,0,0,1,14,5,0,0,0,0,0,0,39,200,12,200,0,200,200
382384,1,30,0,0,0,1,14,5,0,0,0,0,0,1,23,200,200,200,200,200,200
382387,0,30,1,2,0,3,14,5,0,0,0,23,200,0,62,200,7,0,0,200,200
382387,0,30,1,2,0,3,14,5,0,0,0,23,200,0,38,200,0,0,0,200,200
382401,0,30,2,2,0,0,0,5,0,0,0,17,200,0,19,200,1,0,0,200,200
382401,0,30,2,2,0,0,0,5,0,0,0,17,200,0,75,200,0,0,0,200,200
382407,0,30,0,0,0,3,10,5,0,0,0,18,16,0,200,200,3,200,0,200,200
382407,0,30,0,0,0,3,10,5,0,0,0,18,16,0,40,0,0,0,0,200,200
382418,0,35,0,0,0,0,7,5,0,0,0,25,200,1,200,200,12,0,0,200,200
382420,0,35,0,0,0,1,7,2,0,0,0,0,0,0,200,200,0,200,200,200,200
382436,0,30,0,0,0,1,14,5,0,0,0,17,0,2,200,200,7,200,200,200,200
382436,0,30,0,0,0,1,14,5,0,0,0,17,0,1,42,200,0,0,0,200,200
382436,1,30,0,0,0,1,14,5,0,0,0,17,0,1,200,200,200,200,200,200,200
382438,0,30,0,0,0,1,12,5,0,0,0,17,16,1,200,200,1,200,0,200,200
382438,0,30,0,0,0,1,12,5,0,0,0,17,16,0,52,0,0,0,0,200,200
382439,0,30,2,2,0,1,8,5,0,0,0,17,200,0,27,7,1,200,200,200,200
382439,4,30,2,2,0,1,8,5,0,0,0,17,200,1,44,200,0,0,0,200,200
382440,0,20,2,2,0,1,10,5,0,0,0,0,0,2,200,200,12,200,200,200,200
382440,0,20,2,2,0,1,10,5,0,0,0,0,0,0,26,0,0,0,0,200,200
382446,0,30,0,0,0,1,7,5,0,0,0,22,22,1,25,200,0,0,0,200,200
382453,0,30,1,2,0,4,10,2,0,0,0,15,200,0,200,200,1,200,200,200,200
382453,0,30,1,2,0,4,10,2,0,0,0,15,200,0,68,0,0,0,0,200,200
382461,0,30,12,12,0,3,12,2,0,0,0,200,200,0,37,200,200,200,5,200,200
382461,0,30,12,12,0,3,12,2,0,0,0,200,200,1,52,200,200,200,0,200,200
382497,0,10,0,0,0,3,10,7,0,0,12,0,0,1,200,200,12,200,200,200,200
382497,0,10,0,0,0,3,10,7,0,0,12,0,0,1,31,200,12,0,0,200,200
382497,1,10,0,0,0,3,10,7,0,0,12,0,0,0,200,200,200,200,200,200,200
382497,1,10,0,0,0,3,10,7,0,0,12,0,0,0,200,200,200,200,200,200,200
382497,1,10,0,0,0,3,10,7,0,0,12,0,0,1,200,200,200,200,200,200,200
382497,1,10,0,0,0,3,10,7,0,0,12,0,0,0,200,200,200,200,200,200,200
382506,0,30,0,0,0,0,7,2,0,0,0,0,200,2,200,200,12,200,200,200,200
382524,0,30,0,200,0,3,5,5,0,0,0,25,14,0,16,200,13,0,200,200,200
382534,4,30,0,0,0,3,8,5,0,0,0,0,0,0,200,200,200,200,200,200,200
382536,0,30,0,0,0,0,7,5,0,0,0,200,200,2,200,200,200,200,200,200,200
382538,0,35,0,0,0,3,14,3,0,0,0,17,23,0,60,7,1,0,0,200,200
382538,0,35,0,0,0,3,14,3,0,0,0,17,23,0,41,0,0,0,0,200,200
382538,1,35,0,0,0,3,14,3,0,0,0,17,23,1,0,0,200,200,200,200,200
382538,1,35,0,0,0,3,14,3,0,0,0,17,23,0,26,0,200,200,200,200,200
382538,1,35,0,0,0,3,14,3,0,0,0,17,23,1,56,0,200,200,200,200,200
382538,1,35,0,0,0,3,14,3,0,0,0,17,23,1,20,0,200,200,200,200,200
382538,1,35,0,0,0,3,14,3,0,0,0,17,23,0,22,0,200,200,200,200,200
382556,0,45,0,0,0,3,12,3,0,0,200,21,0,0,24,0,4,200,200,200,200
382556,0,45,0,0,0,3,12,3,0,0,200,21,0,0,21,0,0,0,0,200,200
382556,1,45,0,0,0,3,12,3,0,0,200,21,0,1,29,0,200,200,200,200,200
382556,1,45,0,0,0,3,12,3,0,0,200,21,0,0,200,5,200,200,200,200,200
382557,0,30,1,2,0,0,0,5,0,0,0,17,200,1,22,200,1,0,0,200,200
382557,0,30,1,2,0,0,0,5,0,0,0,17,200,1,41,200,0,200,0,200,200
382564,0,35,0,0,0,1,7,6,0,0,0,0,0,2,200,200,200,200,200,200,200
382581,0,35,1,200,0,3,14,2,0,0,200,21,0,0,57,200,7,200,0,200,200
382581,0,35,1,200,0,3,14,2,0,0,200,21,0,0,32,200,200,200,0,200,200
382590,0,30,1,2,0,1,10,5,0,0,0,0,0,1,51,200,1,200,0,200,200
382590,0,30,1,2,0,1,10,5,0,0,0,0,0,1,52,0,0,0,0,200,200
382596,0,30,1,2,0,3,12,6,0,0,0,18,200,0,200,200,3,200,200,200,200
382596,0,30,1,2,0,3,12,6,0,0,0,18,200,1,38,200,12,200,200,200,200
382609,0,25,1,2,0,3,10,2,0,0,0,7,7,1,29,0,12,0,0,200,200
382609,0,25,1,2,0,3,10,2,0,0,0,7,7,0,27,0,0,0,0,200,200
382615,0,30,0,0,0,3,7,6,0,0,0,0,200,2,200,200,12,200,200,200,200
382627,0,15,0,0,0,0,2,0,0,0,0,11,11,1,57,200,12,0,0,200,200
382652,0,30,0,0,0,0,7,6,0,0,0,0,200,0,200,200,200,200,200,200,200
382653,0,30,1,2,0,3,0,12,0,0,0,6,0,0,200,200,5,200,200,200,200
382653,0,30,1,2,0,3,0,12,0,0,0,6,0,1,37,200,0,0,0,200,200
382653,1,30,1,2,0,3,0,12,0,0,0,6,0,1,32,200,200,200,200,200,200
382653,1,30,1,2,0,3,0,12,0,0,0,6,0,0,200,200,200,200,200,200,200
382663,0,30,0,0,0,3,3,5,0,0,0,16,5,1,38,200,1,200,0,200,200
382663,0,30,0,0,0,3,3,5,0,0,0,16,5,0,37,200,0,200,0,200,200
382663,1,30,0,0,0,3,3,5,0,0,0,16,5,0,25,200,200,200,200,200,200
382663,1,30,0,0,0,3,3,5,0,0,0,16,5,0,24,200,200,200,200,200,200
382702,0,35,3,2,0,3,2,12,0,0,0,11,0,0,35,200,12,0,0,200,200
382716,0,30,1,2,0,3,12,8,0,0,0,0,23,0,43,200,4,0,0,200,200
382716,0,30,1,2,0,3,12,8,0,0,0,0,23,0,57,200,0,0,0,200,200
382734,0,30,0,2,0,1,7,2,0,0,0,21,0,0,54,0,0,200,0,200,200
382737,0,30,1,2,0,1,10,3,0,0,0,18,16,0,200,200,3,0,200,200,200
382737,0,30,1,2,0,1,10,3,0,0,0,18,16,0,24,0,0,0,0,200,200
382744,0,15,200,200,0,2,10,0,0,0,0,16,200,0,33,200,200,200,200,200,200
382744,0,15,200,200,0,2,10,0,0,0,0,16,200,1,30,200,200,200,0,200,200
382746,0,35,0,0,0,2,7,5,0,0,0,0,0,1,26,0,0,0,0,200,200
382747,0,30,2,2,0,1,9,5,0,0,3,200,200,1,43,0,12,0,0,200,200
382747,5,30,2,2,0,1,9,5,0,0,3,200,200,1,46,200,200,200,0,200,200
382748,0,30,1,2,0,1,12,5,0,0,0,0,0,1,200,0,200,0,0,200,200
382748,0,30,1,2,0,1,12,5,0,0,0,0,0,0,200,0,0,0,0,200,200
382750,0,30,0,0,0,1,10,1,0,0,0,18,200,1,22,0,3,0,0,200,200
382750,0,30,0,0,0,1,10,1,0,0,0,18,200,0,35,0,0,0,0,200,200
382753,0,30,1,2,0,1,14,5,0,0,200,0,0,0,23,200,200,200,200,200,200
382753,0,30,1,2,0,1,14,5,0,0,200,0,0,0,18,200,200,200,0,200,200
382756,0,30,0,0,0,2,14,2,0,0,0,23,0,0,200,200,7,200,200,200,200
382756,0,30,0,0,0,2,14,2,0,0,0,23,0,1,33,0,0,0,0,200,200
382764,0,30,1,2,0,1,14,5,0,0,0,6,0,0,34,0,5,0,0,200,200
382764,0,30,1,2,0,1,14,5,0,0,0,6,0,0,50,0,0,0,0,200,200
382765,0,30,3,2,0,1,12,3,5,0,0,21,21,0,28,0,4,0,0,200,200
382765,0,30,3,2,0,1,12,3,5,0,0,21,21,0,28,0,0,0,0,200,200
382766,0,30,1,200,200,200,14,5,0,200,200,0,200,0,23,200,200,200,200,200,200
382766,0,30,1,200,200,200,14,5,0,200,200,0,200,0,48,0,0,200,0,200,200
382766,1,30,1,200,200,200,14,5,0,200,200,0,200,1,51,200,200,200,200,200,200
382766,1,30,1,200,200,200,14,5,0,200,200,0,200,0,9,200,200,200,200,200,200
382766,1,30,1,200,200,200,14,5,0,200,200,0,200,1,9,200,200,200,200,200,200
382766,1,30,1,200,200,200,14,5,0,200,200,0,200,1,9,200,200,200,200,200,200
382771,0,30,1,2,0,1,14,2,0,0,0,23,200,1,53,0,7,0,0,200,200
382771,0,30,1,2,0,1,14,2,0,0,0,23,200,1,53,0,0,0,0,200,200
382777,0,30,10,2,0,1,2,3,0,0,0,3,200,0,33,200,12,200,0,200,200
382787,0,30,10,2,0,1,2,3,0,0,0,3,200,0,53,200,5,200,0,200,200
382790,0,30,1,2,0,1,14,2,0,0,0,22,22,0,22,0,7,0,0,200,200
382790,0,30,1,2,0,1,14,2,0,0,0,22,22,0,58,0,0,0,0,200,200
382791,0,30,2,2,0,1,10,2,0,0,0,20,0,1,37,0,6,12,0,200,200
382791,0,30,2,2,0,1,10,2,0,0,0,20,0,1,63,0,12,0,0,200,200
382794,0,30,0,0,0,1,0,5,0,0,0,22,200,0,200,200,1,200,200,200,200
382794,0,30,0,0,0,1,0,5,0,0,0,22,200,0,62,0,0,0,0,200,200
382794,1,30,0,0,0,1,0,5,0,0,0,22,200,1,200,200,200,200,200,200,200
382796,0,30,0,0,0,1,7,7,0,0,0,0,200,1,200,200,12,200,200,200,200
382802,0,30,10,2,0,1,2,3,0,0,0,3,200,0,58,200,12,200,0,200,200
382806,0,30,0,200,0,1,8,2,0,0,0,0,200,1,200,200,200,200,200,200,200
382806,4,30,0,200,0,1,8,2,0,0,0,0,200,0,56,7,0,0,0,200,200
382810,0,30,1,2,0,1,10,5,0,0,0,16,200,0,25,0,1,0,0,200,200
382810,0,30,1,2,0,1,10,5,0,0,0,16,200,1,51,0,0,0,0,200,200
382810,1,30,1,2,0,1,10,5,0,0,0,16,200,1,8,0,200,200,200,200,200
382810,1,30,1,2,0,1,10,5,0,0,0,16,200,0,1,0,200,200,200,200,200
382812,0,5,2,2,0,1,14,7,2,0,0,200,200,0,65,200,200,200,0,200,200
382812,0,5,2,2,0,1,14,7,2,0,0,200,200,0,67,200,0,0,0,200,200
382812,1,5,2,2,0,1,14,7,2,0,0,200,200,0,60,200,200,200,200,200,200
382818,0,25,0,0,0,1,11,7,0,0,0,11,20,0,47,7,1,0,0,200,200
382818,0,25,0,0,0,1,11,7,0,0,0,11,20,0,57,0,0,0,0,200,200
382823,0,30,0,0,0,1,7,7,0,0,0,0,200,2,200,200,200,200,200,200,200
382825,0,30,0,0,0,1,14,5,0,0,0,17,200,0,63,0,1,0,0,200,200
382825,0,30,0,0,0,1,14,5,0,0,0,17,200,0,31,0,200,0,0,200,200
382826,0,30,0,0,0,1,3,5,0,0,0,20,200,0,200,200,6,200,200,200,200
382826,0,30,0,0,0,1,3,5,0,0,0,20,200,1,32,200,0,0,0,200,200
382827,0,30,3,2,0,1,14,5,0,0,0,33,33,0,25,0,12,1,0,200,200
382827,0,30,3,2,0,1,14,5,0,0,0,33,33,0,30,0,12,1,0,200,200
382827,1,30,3,2,0,1,14,5,0,0,0,33,33,0,41,0,200,200,200,200,200
382830,0,30,4,0,0,1,9,5,0,0,0,17,200,1,41,0,1,0,0,200,200
382830,5,30,4,0,0,1,9,5,0,0,0,17,200,1,40,200,0,200,0,200,200
382834,0,35,3,2,0,1,12,2,0,0,0,21,0,0,75,0,12,0,0,200,200
382834,0,35,3,2,0,1,12,2,0,0,0,21,0,0,60,0,0,0,0,200,200
382835,0,35,0,0,0,1,5,3,0,0,0,0,0,0,68,0,0,0,0,200,200
382837,0,30,0,0,0,1,10,2,0,0,0,16,18,1,67,200,3,0,0,200,200
382837,0,30,0,0,0,1,10,2,0,0,0,16,18,0,65,200,0,0,0,200,200
382837,0,30,0,0,0,1,10,2,0,0,0,16,18,1,66,200,0,0,0,200,200
382837,1,30,0,0,0,1,10,2,0,0,0,16,18,1,26,200,200,200,200,200,200
382842,0,30,0,0,0,3,14,2,0,0,0,17,17,1,200,0,1,0,0,200,200
382842,0,30,0,0,0,3,14,2,0,0,0,17,17,0,27,0,0,0,0,200,200
382843,0,30,1,2,0,1,14,2,0,0,0,0,200,1,200,200,7,200,200,200,200
382843,0,30,1,2,0,1,14,2,0,0,0,0,200,0,47,0,7,0,0,200,200
382847,0,30,0,0,200,200,7,6,0,200,200,0,200,2,200,200,200,200,200,200,200
382851,0,40,0,0,0,4,12,8,0,0,0,17,200,1,29,0,0,0,0,200,200
382851,0,40,0,0,0,4,12,8,0,0,0,17,200,0,25,0,1,0,0,200,200
382855,0,30,0,0,0,1,12,5,0,0,0,21,17,0,51,0,4,200,0,200,200
382855,0,30,0,0,0,1,12,5,0,0,0,21,17,0,39,0,0,0,0,200,200
382855,1,30,0,0,0,1,12,5,0,0,0,21,17,0,38,0,200,200,200,200,200
382857,0,30,0,0,0,1,0,5,0,0,0,20,17,0,41,0,6,0,0,200,200
382857,0,30,0,0,0,1,0,5,0,0,0,20,17,0,42,0,0,12,0,200,200
382860,0,5,0,0,0,1,7,6,0,0,200,11,0,0,57,200,200,200,0,200,200
382869,0,30,0,0,0,1,7,7,0,0,0,200,200,0,18,0,12,0,0,200,200
382870,0,30,1,2,0,1,14,5,0,0,0,0,0,0,41,0,8,0,0,200,200
382870,0,30,1,2,0,1,14,5,0,0,0,0,0,0,19,0,0,0,0,200,200
382870,1,30,1,2,0,1,14,5,0,0,0,0,0,0,28,0,200,200,200,200,200
382873,0,20,0,0,200,3,7,6,0,200,0,0,200,2,200,200,200,200,200,200,200
382874,0,30,0,0,0,1,0,6,0,0,0,33,0,0,29,0,12,5,0,200,200
382874,0,30,0,0,0,1,0,6,0,0,0,33,0,0,18,0,200,5,0,200,200
382874,1,30,0,0,0,1,0,6,0,0,0,33,0,1,18,0,200,200,200,200,200
382876,0,30,0,0,0,1,10,2,0,0,0,0,200,0,36,0,12,0,0,200,200
382876,0,30,0,0,0,1,10,2,0,0,0,0,200,1,49,0,0,0,0,200,200
382876,0,30,0,0,0,1,10,2,0,0,0,0,200,1,60,0,0,0,0,200,200
382876,1,30,0,0,0,1,10,2,0,0,0,0,200,0,14,0,200,200,200,200,200
382876,1,30,0,0,0,1,10,2,0,0,0,0,200,0,1,5,200,200,200,200,200
382884,0,30,0,0,0,1,7,6,0,200,0,18,0,2,200,200,3,200,200,200,200
382888,0,15,0,0,200,3,2,0,0,200,200,20,200,0,44,200,6,200,200,200,200
382893,0,30,1,2,0,1,10,5,0,0,0,18,200,1,200,200,200,200,200,200,200
382893,0,30,1,2,0,1,10,5,0,0,0,18,200,0,26,200,0,0,0,200,200
382893,0,30,1,2,0,1,10,5,0,0,0,18,200,2,200,200,0,200,200,200,200
382893,1,30,1,2,0,1,10,5,0,0,0,18,200,1,2,5,200,200,200,200,200
382899,0,30,0,0,0,1,10,2,0,0,0,18,28,0,53,0,3,0,0,200,200
382899,0,30,0,0,0,1,10,2,0,0,0,18,28,0,56,0,4,0,0,200,200
382901,0,30,0,0,200,200,7,6,0,200,0,0,0,2,200,200,200,200,200,200,200
382903,0,20,0,0,0,1,9,2,0,0,0,0,0,0,83,0,200,200,0,200,200
382903,5,20,0,0,0,1,9,2,0,0,0,0,0,0,18,7,0,12,0,200,200
382906,0,0,0,0,0,1,7,7,0,0,0,20,200,0,58,200,4,200,0,200,200
382906,1,0,0,0,0,1,7,7,0,0,0,20,200,1,200,200,200,200,200,200,200
382908,0,30,1,2,0,1,10,3,0,0,0,18,18,1,31,0,3,0,0,200,200
382908,0,30,1,2,0,1,10,3,0,0,0,18,18,0,38,0,0,0,0,200,200
382910,0,30,0,0,0,1,3,5,0,200,200,0,0,0,200,200,12,200,200,200,200
382910,0,30,0,0,0,1,3,5,0,200,200,0,0,1,200,200,200,200,0,200,200
382911,0,30,1,2,0,1,10,5,0,0,200,0,200,0,200,200,1,200,200,200,200
382911,0,30,1,2,0,1,10,5,0,0,200,0,200,1,38,0,0,0,0,200,200
382911,1,30,1,2,0,1,10,5,0,0,200,0,200,2,200,200,200,200,200,200,200
382916,0,30,1,2,0,1,10,5,0,0,0,18,200,0,69,0,3,0,0,200,200
382916,0,30,1,2,0,1,10,5,0,0,0,18,200,0,20,0,0,0,0,200,200
382916,1,30,1,2,0,1,10,5,0,0,0,18,200,1,200,0,200,200,200,200,200
382917,0,10,0,0,200,200,7,7,0,0,0,0,200,2,200,200,200,200,200,200,200
382925,0,30,1,2,0,1,10,5,0,0,12,28,200,0,37,200,6,200,0,200,200
382925,0,30,1,2,0,1,10,5,0,0,12,28,200,1,31,200,12,0,0,200,200
382927,0,30,2,12,0,1,0,2,0,0,0,17,200,0,62,0,200,1,0,200,200
382927,0,30,2,12,0,1,0,2,0,0,0,17,200,0,41,0,200,0,0,200,200
382928,0,30,0,0,0,1,9,5,0,0,0,200,200,1,39,0,200,200,0,200,200
382928,5,30,0,0,0,1,9,5,0,0,0,200,200,0,70,7,0,12,0,200,200
382929,0,30,2,2,0,1,7,6,0,0,0,33,200,0,50,200,6,12,0,200,200
382929,1,30,2,2,0,1,7,6,0,0,0,33,200,0,49,200,200,200,200,200,200
382932,0,30,0,0,0,0,7,5,0,0,0,0,200,2,200,200,200,200,200,200,200
382940,0,30,0,0,0,1,7,5,0,0,0,18,200,0,200,200,3,200,200,200,200
382941,0,35,1,2,0,1,14,2,0,0,0,23,200,1,25,0,7,0,0,200,200
382941,0,35,1,2,0,1,14,2,0,0,0,23,200,0,34,0,0,0,0,200,200
382945,0,30,0,0,0,1,7,5,0,0,0,0,0,0,200,0,0,200,200,200,200
382946,0,10,0,0,0,1,7,7,0,0,0,0,0,2,200,200,200,200,200,200,200
382951,0,30,0,0,0,1,7,5,0,0,0,17,14,0,45,200,1,200,200,200,200
382953,0,25,0,0,200,4,7,5,0,200,200,200,200,2,200,200,200,200,200,200,200
382954,0,30,1,2,0,1,14,3,0,0,0,7,21,0,28,200,4,200,0,200,200
382954,0,30,1,2,0,1,14,3,0,0,0,7,21,1,38,200,0,0,0,200,200
382954,1,30,1,2,0,1,14,3,0,0,0,7,21,0,200,200,200,200,200,200,200
382956,0,30,2,2,0,1,14,5,0,0,0,200,200,1,63,0,200,0,0,200,200
382956,0,30,2,2,0,1,14,5,0,0,0,200,200,1,21,0,200,0,0,200,200
382973,0,30,2,2,0,1,0,5,0,0,0,17,200,0,200,200,200,200,200,200,200
382973,0,30,2,2,0,1,0,5,0,0,0,17,200,0,31,0,0,0,0,200,200
382973,1,30,2,2,0,1,0,5,0,0,0,17,200,2,200,200,200,200,200,200,200
382975,4,30,1,2,0,1,8,2,0,0,0,17,0,0,64,7,1,0,0,200,200
382975,0,30,1,2,0,1,8,2,0,0,0,17,0,0,40,200,0,0,0,200,200
382976,0,30,1,2,0,1,10,5,0,0,0,20,20,1,18,0,6,0,0,200,200
382976,0,30,1,2,0,1,10,5,0,0,0,20,20,1,48,0,0,0,0,200,200
382979,0,30,0,0,0,200,7,5,0,0,0,0,33,2,200,200,200,200,200,200,200
382983,0,15,10,0,0,1,7,12,0,0,0,0,0,2,200,200,200,200,200,200,200
382984,0,30,2,0,0,1,7,7,0,0,0,23,23,0,19,200,10,0,0,200,0
382985,0,10,0,0,0,1,7,7,0,0,200,0,0,2,200,200,200,200,200,200,200
382986,0,20,0,0,0,1,7,5,0,0,0,0,0,1,81,0,0,0,0,200,200
382995,0,40,0,0,0,1,10,6,0,0,0,22,200,0,200,200,2,200,0,200,200
382995,0,40,0,0,0,1,10,6,0,0,0,22,200,1,18,0,0,0,0,200,200
382999,0,35,1,2,0,1,10,5,0,0,0,18,18,0,200,200,6,200,200,200,200
382999,0,35,1,2,0,1,10,5,0,0,0,18,18,0,76,0,0,0,0,200,200
383000,0,20,0,0,0,1,10,6,1,0,12,18,200,0,200,200,3,200,200,200,200
383000,0,20,0,0,0,1,10,6,1,0,12,18,200,0,49,0,12,0,0,200,200
383004,0,30,0,0,0,1,7,2,0,0,0,17,17,1,200,200,1,200,200,200,200
383012,0,0,0,0,200,200,7,7,0,200,0,0,200,2,200,200,200,200,200,200,200
383013,0,10,0,0,0,1,7,7,2,0,0,18,200,1,18,200,3,0,200,200,200
383020,0,15,0,0,0,3,7,7,0,0,2,20,0,0,200,200,6,200,200,200,200