RD_NO,PERSON_TYPE,POSTED_SPEED_LIMIT,TRAFFIC_CONTROL_DEVICE,DEVICE_CONDITION,WEATHER_CONDITION,LIGHTING_CONDITION,FIRST_CRASH_TYPE,TRAFFICWAY_TYPE,ALIGNMENT,ROADWAY_SURFACE_COND,ROAD_DEFECT,PRIM_CONTRIBUTORY_CAUSE,SEC_CONTRIBUTORY_CAUSE,SEX,AGE,SAFETY_EQUIPMENT,DRIVER_ACTION,DRIVER_VISION,PHYSICAL_CONDITION,BAC_RESULT VALUE,CELL_PHONE_USE
383020,1,15,0,0,0,3,7,7,0,0,2,20,0,0,200,200,200,200,200,200,200
383021,0,25,0,200,0,1,10,5,0,0,0,18,0,0,50,200,3,200,0,200,200
383021,0,25,0,200,0,1,10,5,0,0,0,18,0,1,54,200,200,200,0,200,200
383023,0,30,0,0,0,1,2,5,0,0,0,200,0,0,47,0,0,0,0,200,200
383028,0,30,2,2,0,1,9,5,0,0,0,17,17,0,60,0,1,1,0,200,200
383028,5,30,2,2,0,1,9,5,0,0,0,17,17,1,66,7,12,1,0,200,200
383036,0,30,1,2,0,1,0,5,0,0,0,3,9,1,20,0,5,0,0,200,200
383036,0,30,1,2,0,1,0,5,0,0,0,3,9,1,28,0,0,0,0,200,200
383047,0,20,0,0,0,4,2,0,0,0,0,0,200,2,200,200,6,200,200,200,200
383054,0,15,0,0,0,1,7,7,0,0,0,0,0,0,200,200,12,0,0,200,200
383056,0,30,1,2,0,1,14,2,0,0,0,0,0,0,52,0,200,0,0,200,200
383056,0,30,1,2,0,1,14,2,0,0,0,0,0,1,27,0,200,0,0,200,200
383056,1,30,1,2,0,1,14,2,0,0,0,0,0,1,51,0,200,200,200,200,200
383056,1,30,1,2,0,1,14,2,0,0,0,0,0,0,63,0,200,200,200,200,200
383056,1,30,1,2,0,1,14,2,0,0,0,0,0,1,0,5,200,200,200,200,200
383058,0,30,0,0,0,1,10,5,0,0,0,18,200,0,28,0,3,0,0,200,200
383058,0,30,0,0,0,1,10,5,0,0,0,18,200,0,37,0,0,0,0,200,200
383059,0,30,0,0,0,1,2,5,0,0,0,17,16,1,33,0,1,0,0,200,200
383059,0,30,0,0,0,1,2,5,0,0,0,17,16,1,50,0,0,0,0,200,200
383070,0,30,0,0,0,200,7,6,0,0,200,0,0,2,200,200,200,200,200,200,200
383082,0,30,12,12,0,1,2,12,0,0,0,200,200,0,200,200,12,200,12,200,200
383082,1,30,12,12,0,1,2,12,0,0,0,200,200,1,200,200,200,200,200,200,200
383085,0,15,0,0,0,1,7,7,0,0,0,0,0,1,200,200,200,200,200,200,200
383085,1,15,0,0,0,1,7,7,0,0,0,0,0,1,200,0,200,200,200,200,200
383086,0,30,0,0,0,1,12,5,0,0,0,22,11,1,200,200,4,200,200,200,200
383086,0,30,0,0,0,1,12,5,0,0,0,22,11,1,25,0,0,0,0,200,200
383091,0,15,0,0,0,1,7,5,0,0,0,0,0,0,48,0,12,200,0,200,200
383093,0,0,1,2,0,1,12,5,0,0,0,21,22,0,200,2,2,200,200,200,200
383093,0,0,1,2,0,1,12,5,0,0,0,21,22,0,52,0,0,0,0,200,200
383094,0,30,0,0,0,1,12,2,0,0,0,21,200,0,60,0,12,0,0,200,200
383094,0,30,0,0,0,1,12,2,0,0,0,21,200,1,70,0,0,0,0,200,200
383095,0,0,0,0,0,1,0,7,0,0,0,0,200,1,200,200,200,200,200,200,200
383095,0,0,0,0,0,1,0,7,0,0,0,0,200,1,71,0,200,200,0,200,200
383096,0,30,0,0,0,1,7,3,0,0,0,0,200,1,36,200,12,200,0,200,200
383096,1,30,0,0,0,1,7,3,0,0,0,0,200,1,27,200,200,200,200,200,200
383101,0,35,1,2,0,200,12,5,1,0,200,18,0,1,200,200,1,200,200,200,200
383101,0,35,1,2,0,200,12,5,1,0,200,18,0,1,21,0,0,200,200,200,200
383102,0,30,1,2,0,1,12,2,0,0,200,0,0,0,62,200,200,200,200,200,200
383102,0,30,1,2,0,1,12,2,0,0,200,0,0,1,48,0,0,0,0,200,200
383105,0,30,0,0,0,1,10,5,0,0,0,20,200,0,24,0,6,12,0,200,200
383105,0,30,0,0,0,1,10,5,0,0,0,20,200,0,74,0,0,0,0,200,200
383105,1,30,0,0,0,1,10,5,0,0,0,20,200,1,69,0,200,200,200,200,200
383106,0,30,1,2,0,1,10,2,0,0,0,18,200,1,52,0,3,6,0,200,200
383106,0,30,1,2,0,1,10,2,0,0,0,18,200,1,52,0,0,0,0,200,200
383107,0,5,0,0,0,1,7,7,0,0,0,0,200,2,200,200,200,200,200,200,200
383111,0,30,1,2,0,1,14,5,0,0,0,20,200,0,26,200,6,0,0,200,200
383111,0,30,1,2,0,1,14,5,0,0,0,20,200,0,58,0,0,0,0,200,200
383112,0,30,1,2,0,1,12,6,0,0,0,22,22,1,32,7,0,0,0,200,200
383112,0,30,1,2,0,1,12,6,0,0,0,22,22,1,30,0,12,0,0,200,200
383115,0,30,0,0,200,0,4,5,0,200,12,29,28,1,37,0,12,0,0,200,200
383118,0,30,0,0,0,1,7,2,0,0,0,11,200,2,200,200,12,200,200,200,200
383119,0,30,1,2,0,1,14,5,0,0,0,16,33,1,20,0,1,0,0,200,200
383119,0,30,1,2,0,1,14,5,0,0,0,16,33,0,44,0,0,0,0,200,200
383141,0,30,1,2,0,4,10,2,0,0,0,18,0,1,17,200,3,200,200,200,200
383141,0,30,1,2,0,4,10,2,0,0,0,18,0,1,54,0,0,0,0,200,200
383141,1,30,1,2,0,4,10,2,0,0,0,18,0,1,200,200,200,200,200,200,200
383141,1,30,1,2,0,4,10,2,0,0,0,18,0,1,200,200,200,200,200,200,200
383143,0,30,0,0,0,1,0,5,1,0,0,17,0,0,200,200,1,200,200,200,200
383143,0,30,0,0,0,1,0,5,1,0,0,17,0,0,30,0,0,0,0,200,200
383143,1,30,0,0,0,1,0,5,1,0,0,17,0,0,65,0,200,200,200,200,200
383146,0,30,0,0,0,1,7,5,0,0,0,0,200,2,200,200,1,200,200,200,200
383148,0,20,0,0,0,1,7,5,0,0,0,0,0,1,62,0,8,0,0,200,200
383154,0,30,1,2,0,1,7,5,0,0,0,0,200,0,57,0,10,0,0,200,200
383154,1,30,1,2,0,1,7,5,0,0,0,0,200,1,69,0,200,200,200,200,200
383154,1,30,1,2,0,1,7,5,0,0,0,0,200,1,60,0,200,200,200,200,200
383156,0,0,0,0,0,1,7,7,0,0,0,27,0,0,42,200,12,0,8,200,200
383158,0,20,2,0,0,1,0,5,0,0,0,5,200,0,17,200,12,0,0,200,200
383158,0,20,2,0,0,1,0,5,0,0,0,5,200,1,29,200,0,0,0,200,200
383160,0,35,1,2,1,1,14,5,0,0,0,0,200,1,82,0,200,200,0,200,200
383160,0,35,1,2,1,1,14,5,0,0,0,0,200,1,37,0,0,200,0,200,200
383167,0,30,0,0,0,1,12,6,0,0,0,22,200,0,40,0,2,0,0,200,200
383167,0,30,0,0,0,1,12,6,0,0,0,22,200,0,46,0,0,0,0,200,200
383167,1,30,0,0,0,1,12,6,0,0,0,22,200,1,28,0,200,200,200,200,200
383168,0,35,200,200,200,200,9,200,0,200,200,200,200,0,200,200,200,200,200,200,200
383168,5,35,200,200,200,200,9,200,0,200,200,200,200,0,19,200,0,200,0,200,200
383169,0,30,0,0,0,1,12,5,0,0,0,0,200,0,200,200,4,200,0,200,200
383169,0,30,0,0,0,1,12,5,0,0,0,0,200,1,200,200,200,200,0,200,200
383171,0,35,1,2,0,0,10,5,0,0,0,7,0,1,35,200,12,0,0,200,200
383171,0,35,1,2,0,0,10,5,0,0,0,7,0,1,45,0,0,0,0,200,200
383171,1,35,1,2,0,0,10,5,0,0,0,7,0,1,46,0,200,200,200,200,200
383171,1,35,1,2,0,0,10,5,0,0,0,7,0,200,200,200,200,200,200,200,200
383181,0,30,10,200,0,1,7,12,0,0,200,0,0,2,200,200,12,200,200,200,200
383186,0,20,2,2,0,1,14,5,0,0,0,20,0,0,200,200,6,200,200,200,200
383186,0,20,2,2,0,1,14,5,0,0,0,20,0,0,22,0,0,0,0,200,200
383191,0,30,0,0,0,1,10,5,0,0,0,18,18,1,74,0,1,0,0,200,200
383191,0,30,0,0,0,1,10,5,0,0,0,18,18,0,79,0,0,0,0,200,200
383191,1,30,0,0,0,1,10,5,0,0,0,18,18,1,66,0,200,200,200,200,200
383196,0,30,2,2,0,1,10,5,0,0,0,18,18,0,200,200,3,200,200,200,200
383196,0,30,2,2,0,1,10,5,0,0,0,18,18,0,50,0,3,0,0,200,200
383200,0,30,1,2,0,1,14,5,0,0,200,0,0,0,42,200,200,200,200,200,200
383200,0,30,1,2,0,1,14,5,0,0,200,0,0,0,200,200,200,200,200,200,200
383207,0,30,1,2,0,1,8,5,0,0,0,17,200,0,200,200,12,200,200,200,200
383207,4,30,1,2,0,1,8,5,0,0,0,17,200,0,25,2,0,0,0,200,200
383212,0,30,0,0,0,1,10,3,0,0,0,20,10,0,27,200,12,0,200,200,200
383212,0,30,0,0,0,1,10,3,0,0,0,20,10,0,41,0,0,0,0,200,200
383212,0,30,0,0,0,1,10,3,0,0,0,20,10,0,41,0,0,0,0,200,200
383212,0,30,0,0,0,1,10,3,0,0,0,20,10,1,40,0,0,0,0,200,200
383212,0,30,0,0,0,1,10,3,0,0,0,20,10,0,45,0,0,0,0,200,200
383212,1,30,0,0,0,1,10,3,0,0,0,20,10,0,30,0,200,200,200,200,200
383214,0,25,0,0,0,1,0,6,0,0,0,17,200,0,48,0,1,0,0,200,200
383214,0,25,0,0,0,1,0,6,0,0,0,17,200,0,21,0,1,0,0,200,200
383222,0,35,1,2,1,1,7,12,0,0,200,200,200,2,200,200,200,200,200,200,200
383223,0,30,1,2,0,1,12,6,0,0,0,0,0,0,66,0,1,0,0,200,200
383223,0,30,1,2,0,1,12,6,0,0,0,0,0,0,30,0,0,0,0,200,200
383223,1,30,1,2,0,1,12,6,0,0,0,0,0,1,30,0,200,200,200,200,200
383229,0,30,0,0,200,200,10,5,0,200,200,0,0,0,200,200,200,200,200,200,200
383229,0,30,0,0,200,200,10,5,0,200,200,0,0,0,60,200,0,200,200,200,200
383229,1,30,0,0,200,200,10,5,0,200,200,0,0,1,47,200,200,200,200,200,200
383231,0,30,0,0,0,1,7,5,0,0,0,200,200,2,200,200,0,200,200,200,200
383238,0,30,0,0,0,1,2,5,0,0,0,3,7,0,64,200,12,200,0,200,200
383240,0,30,0,0,0,1,3,5,0,0,0,20,0,0,200,200,6,200,0,200,200
383240,0,30,0,0,0,1,3,5,0,0,0,20,0,1,26,0,0,0,0,200,200
383240,1,30,0,0,0,1,3,5,0,0,0,20,0,1,200,200,200,200,200,200,200
383240,1,30,0,0,0,1,3,5,0,0,0,20,0,0,200,200,200,200,200,200,200
383250,0,35,0,0,1,1,10,2,0,200,200,18,18,0,200,200,3,200,200,200,200
383250,0,35,0,0,1,1,10,2,0,200,200,18,18,0,33,200,0,200,0,200,200
383254,0,30,0,0,0,1,7,6,0,0,0,20,200,1,37,200,6,200,0,200,200
383259,0,30,0,0,0,1,3,2,0,0,0,20,200,0,17,0,6,0,0,200,200
383259,0,30,0,0,0,1,3,2,0,0,0,20,200,0,50,0,0,0,0,200,200
383262,0,35,1,2,200,1,12,5,0,200,200,17,0,0,200,200,1,200,200,200,200
383262,0,35,1,2,200,1,12,5,0,200,200,17,0,1,47,200,0,200,0,200,200
383265,0,35,2,2,2,2,14,5,0,1,0,14,200,0,26,7,0,0,7,200,200
383265,0,35,2,2,2,2,14,5,0,1,0,14,200,0,54,200,1,0,0,200,200
383267,0,20,0,0,0,1,7,2,0,0,0,0,0,2,200,200,6,200,200,200,200
383274,0,30,1,2,2,1,12,5,0,1,0,22,34,1,28,0,2,12,0,200,200
383274,0,30,1,2,2,1,12,5,0,1,0,22,34,1,34,0,1,0,0,200,200
383280,0,30,1,2,2,1,0,2,0,1,0,17,21,1,23,200,1,0,0,200,200
383280,0,30,1,2,2,1,0,2,0,1,0,17,21,0,200,200,0,0,0,200,200
383280,1,30,1,2,2,1,0,2,0,1,0,17,21,0,200,200,200,200,200,200,200
383280,1,30,1,2,2,1,0,2,0,1,0,17,21,0,200,200,200,200,200,200,200
383280,1,30,1,2,2,1,0,2,0,1,0,17,21,0,200,200,200,200,200,200,200
383286,0,30,1,200,200,200,14,5,0,200,200,0,0,0,48,0,7,200,0,200,200
383286,0,30,1,200,200,200,14,5,0,200,200,0,0,0,24,0,0,200,0,200,200
383290,0,30,1,2,2,1,10,5,0,1,0,34,200,1,200,0,1,0,0,200,200
383290,0,30,1,2,2,1,10,5,0,1,0,34,200,1,200,0,0,0,0,200,200
383291,0,30,0,0,0,1,14,5,0,0,0,17,22,1,22,0,7,0,0,200,200
383291,0,30,0,0,0,1,14,5,0,0,0,17,22,0,66,0,0,0,0,200,200
383293,0,30,0,0,0,1,10,5,0,0,200,0,200,0,44,0,0,0,0,200,200
383293,0,30,0,0,0,1,10,5,0,0,200,0,200,1,200,200,200,200,200,200,200
383297,0,30,0,0,0,1,10,5,0,0,0,0,200,1,200,0,0,200,0,200,200
383297,0,30,0,0,0,1,10,5,0,0,0,0,200,0,200,0,200,200,0,200,200
383297,0,30,0,0,0,1,10,5,0,0,0,0,200,1,200,0,0,200,0,200,200
383298,0,30,0,0,0,1,10,5,0,0,0,200,200,2,200,200,200,200,200,200,200
383298,0,30,0,0,0,1,10,5,0,0,0,200,200,0,75,7,0,0,0,200,200
383303,0,30,0,0,0,1,0,5,0,0,0,0,0,2,200,200,4,200,200,200,200
383303,0,30,0,0,0,1,0,5,0,0,0,0,0,0,53,0,0,0,0,200,200
383306,0,30,1,2,0,1,12,5,0,0,0,22,0,0,26,200,2,0,0,200,200
383306,0,30,1,2,0,1,12,5,0,0,0,22,0,0,68,0,0,0,0,200,200
383308,0,30,0,0,2,1,0,5,0,1,0,17,17,0,59,0,0,0,0,200,200
383308,0,30,0,0,2,1,0,5,0,1,0,17,17,1,21,0,1,0,0,200,200
383308,1,30,0,0,2,1,0,5,0,1,0,17,17,1,200,0,200,200,200,200,200
383314,0,30,0,0,200,1,7,5,0,200,200,0,200,2,200,200,200,200,12,200,200
383315,0,30,1,2,2,1,10,5,0,0,0,18,200,1,40,0,3,0,0,200,200
383315,0,30,1,2,2,1,10,5,0,0,0,18,200,0,44,0,0,0,0,200,200
383315,1,30,1,2,2,1,10,5,0,0,0,18,200,0,17,0,200,200,200,200,200
383318,0,30,0,0,2,1,14,2,0,1,0,17,200,0,55,200,1,0,0,200,200
383318,0,30,0,0,2,1,14,2,0,1,0,17,200,0,26,200,0,0,0,200,200
383319,0,30,2,2,2,1,14,5,0,1,0,34,200,0,24,0,7,0,0,200,200
383319,0,30,2,2,2,1,14,5,0,1,0,34,200,0,34,0,0,0,0,200,200
383319,1,30,2,2,2,1,14,5,0,1,0,34,200,0,200,5,200,200,200,200,200
383320,0,30,1,2,2,1,3,5,0,1,0,17,0,1,23,200,1,200,7,200,200
383320,0,30,1,2,2,1,3,5,0,1,0,17,0,0,41,0,0,200,0,200,200
383320,1,30,1,2,2,1,3,5,0,1,0,17,0,0,59,0,200,200,200,200,200
383322,0,30,1,200,0,1,10,5,0,0,200,18,200,0,200,200,4,200,200,200,200
383322,0,30,1,200,0,1,10,5,0,0,200,18,200,0,46,0,0,0,0,200,200
383324,0,20,0,0,0,1,2,12,0,0,3,0,0,0,200,200,3,200,200,200,200
383327,0,30,0,0,0,1,10,6,0,0,0,18,0,1,23,200,8,0,0,200,200
383327,0,30,0,0,0,1,10,6,0,0,0,18,0,0,30,200,200,0,0,200,200
383327,0,30,0,0,0,1,10,6,0,0,0,18,0,0,34,200,200,0,0,200,200
383327,1,30,0,0,0,1,10,6,0,0,0,18,0,0,200,200,200,200,200,200,200
383327,1,30,0,0,0,1,10,6,0,0,0,18,0,1,29,200,200,200,200,200,200
383333,0,40,0,0,0,1,12,8,0,0,0,21,0,1,37,0,4,0,0,200,200
383333,0,40,0,0,0,1,12,8,0,0,0,21,0,0,66,0,0,0,0,200,200
383333,1,40,0,0,0,1,12,8,0,0,0,21,0,1,74,0,200,200,200,200,200
383333,1,40,0,0,0,1,12,8,0,0,0,21,0,0,50,0,200,200,200,200,200
383334,0,30,1,2,2,1,14,3,0,1,0,22,200,0,51,1,7,0,0,200,200
383334,0,30,1,2,2,1,14,3,0,1,0,22,200,0,36,0,0,0,0,200,200
383335,0,30,3,2,2,1,14,5,0,1,0,33,0,0,59,0,7,12,0,200,200
383335,0,30,3,2,2,1,14,5,0,1,0,33,0,0,78,0,0,0,0,200,200
383342,0,30,200,200,200,200,10,5,0,200,200,0,0,0,25,200,200,200,200,200,200
383342,0,30,200,200,200,200,10,5,0,200,200,0,0,1,35,0,0,200,0,200,200
383342,1,30,200,200,200,200,10,5,0,200,200,0,0,1,36,0,200,200,200,200,200
383345,0,30,2,2,0,1,10,5,0,0,0,18,11,0,38,200,3,0,0,200,200
383345,0,30,2,2,0,1,10,5,0,0,0,18,11,1,28,200,12,0,0,200,200
383351,0,30,0,0,1,1,0,6,0,1,200,17,200,1,200,200,1,200,200,200,200
383351,0,30,0,0,1,1,0,6,0,1,200,17,200,1,18,200,0,200,0,200,200
383353,0,35,0,0,0,1,0,5,0,0,0,0,0,2,200,200,0,200,200,200,200
383353,0,35,0,0,0,1,0,5,0,0,0,0,0,0,34,0,0,0,0,200,200
383354,0,30,1,2,2,1,14,2,0,1,0,17,17,0,64,0,1,200,0,200,200
383354,0,30,1,2,2,1,14,2,0,1,0,17,17,0,31,0,0,0,0,200,200
383354,1,30,1,2,2,1,14,2,0,1,0,17,17,1,38,0,200,200,200,200,200
383356,0,30,0,2,1,1,9,6,0,0,0,0,0,0,200,200,1,200,200,200,200
383356,5,30,0,2,1,1,9,6,0,0,0,0,0,0,60,7,0,0,0,200,200
383361,0,30,1,2,2,1,12,6,0,1,0,22,0,0,51,200,4,200,200,200,200
383361,0,30,1,2,2,1,12,6,0,1,0,22,0,0,56,200,12,200,0,200,200
383364,0,30,0,0,0,1,10,6,0,0,200,20,200,1,41,200,6,200,0,200,200
383364,0,30,0,0,0,1,10,6,0,0,200,20,200,0,70,200,3,200,200,200,200
383365,0,30,1,0,2,1,14,5,0,1,0,17,200,0,60,0,200,0,0,200,200
383365,0,30,1,0,2,1,14,5,0,1,0,17,200,0,75,0,200,0,0,200,200
383365,0,30,1,0,2,1,14,5,0,1,0,17,200,1,27,0,0,0,0,200,200
383366,0,30,0,0,2,1,0,6,0,1,0,0,0,1,200,0,1,0,0,200,200
383366,0,30,0,0,2,1,0,6,0,1,0,0,0,0,200,0,0,0,0,200,200
383366,1,30,0,0,2,1,0,6,0,1,0,0,0,0,200,0,200,200,200,200,200
383374,0,30,0,0,0,1,7,5,0,0,0,0,200,1,26,0,12,0,0,200,200
383374,1,30,0,0,0,1,7,5,0,0,0,0,200,2,200,0,200,200,200,200,200
383376,0,35,1,2,2,0,10,3,0,1,200,15,34,0,36,200,8,0,0,200,200
383376,0,35,1,2,2,0,10,3,0,1,200,15,34,1,35,200,0,0,0,200,200
383387,0,30,2,2,2,1,0,5,0,1,0,17,17,1,21,200,1,0,0,200,200
383387,0,30,2,2,2,1,0,5,0,1,0,17,17,0,79,200,0,0,0,200,200
383388,0,30,0,0,0,3,2,5,0,0,0,4,4,1,32,0,0,0,0,200,200
383393,0,30,0,0,2,1,2,5,0,1,0,0,0,0,200,200,200,200,200,200,200
383395,0,25,0,0,2,1,10,2,0,1,0,7,18,1,27,0,3,0,0,200,200
383395,0,25,0,0,2,1,10,2,0,1,0,7,18,0,56,0,0,0,0,200,200
383398,0,35,0,0,0,1,10,2,0,0,0,0,0,0,200,200,200,200,200,200,200
383398,0,35,0,0,0,1,10,2,0,0,0,0,0,1,49,0,0,0,0,200,200
383401,0,35,0,0,2,1,12,3,1,1,0,16,17,0,25,0,1,0,0,200,200
383401,0,35,0,0,2,1,12,3,1,1,0,16,17,1,41,0,1,0,0,200,200
383403,0,30,0,0,2,1,10,5,0,1,200,34,0,1,31,200,1,4,0,200,200
383403,0,30,0,0,2,1,10,5,0,1,200,34,0,0,37,200,0,200,0,200,200
383403,1,30,0,0,2,1,10,5,0,1,200,34,0,1,38,200,200,200,200,200,200
383403,1,30,0,0,2,1,10,5,0,1,200,34,0,1,8,200,200,200,200,200,200
383403,1,30,0,0,2,1,10,5,0,1,200,34,0,0,4,200,200,200,200,200,200
383403,1,30,0,0,2,1,10,5,0,1,200,34,0,0,1,5,200,200,200,200,200
383403,1,30,0,0,2,1,10,5,0,1,200,34,0,1,2,5,200,200,200,200,200
383404,0,30,1,2,0,1,14,5,0,0,0,23,17,0,200,200,7,200,200,200,200
383404,0,30,1,2,0,1,14,5,0,0,0,23,17,1,30,200,0,0,0,200,200
383405,0,30,2,2,2,1,0,2,0,1,0,5,200,0,65,0,5,0,0,200,200
383405,0,30,2,2,2,1,0,2,0,1,0,5,200,1,30,0,0,0,0,200,200
383406,0,30,1,2,2,1,14,5,0,1,0,23,200,0,18,0,7,0,0,200,200
383406,0,30,1,2,2,1,14,5,0,1,0,23,200,0,38,0,0,0,0,200,200
383410,0,35,2,2,2,1,10,5,0,1,0,16,34,1,64,0,3,0,0,200,200
383410,0,35,2,2,2,1,10,5,0,1,0,16,34,1,18,0,0,0,0,200,200
383410,1,35,2,2,2,1,10,5,0,1,0,16,34,1,17,0,200,200,200,200,200
383410,1,35,2,2,2,1,10,5,0,1,0,16,34,1,16,0,200,200,200,200,200
383412,0,30,0,0,0,1,7,6,0,0,0,16,7,0,19,200,1,200,0,200,200
383414,0,30,1,2,2,1,9,5,0,1,0,0,34,2,200,200,200,200,200,200,200
383414,5,30,1,2,2,1,9,5,0,1,0,0,34,1,48,200,200,200,200,200,200
383415,0,30,0,0,2,1,7,7,0,1,0,0,200,2,200,200,200,200,200,200,200
383419,0,30,0,0,200,1,7,2,0,200,0,0,200,2,200,200,200,200,200,200,200
383421,0,30,1,2,2,1,9,5,0,1,0,17,34,0,28,0,1,4,0,200,200
383421,5,30,1,2,2,1,9,5,0,1,0,17,34,1,74,7,0,0,0,200,200
383421,1,30,1,2,2,1,9,5,0,1,0,17,34,0,200,200,200,200,200,200,200
383421,1,30,1,2,2,1,9,5,0,1,0,17,34,0,200,200,200,200,200,200,200
383421,1,30,1,2,2,1,9,5,0,1,0,17,34,1,200,200,200,200,200,200,200
383423,0,30,0,0,2,1,12,2,0,1,0,34,17,1,43,0,4,0,0,200,200
383423,0,30,0,0,2,1,12,2,0,1,0,34,17,0,48,0,0,0,0,200,200
383427,0,30,1,2,0,1,12,5,0,0,0,0,0,1,200,200,4,200,200,200,200
383427,0,30,1,2,0,1,12,5,0,0,0,0,0,1,31,0,0,0,0,200,200
383427,1,30,1,2,0,1,12,5,0,0,0,0,0,1,200,0,200,200,200,200,200
383427,1,30,1,2,0,1,12,5,0,0,0,0,0,0,15,5,200,200,200,200,200
383427,1,30,1,2,0,1,12,5,0,0,0,0,0,1,1,5,200,200,200,200,200
383427,1,30,1,2,0,1,12,5,0,0,0,0,0,1,6,0,200,200,200,200,200
383427,1,30,1,2,0,1,12,5,0,0,0,0,0,0,9,0,200,200,200,200,200
383428,0,30,0,0,2,1,11,5,0,1,0,0,200,2,200,200,200,200,200,200,200
383428,0,30,0,0,2,1,11,5,0,1,0,0,200,0,69,0,200,0,0,200,200
383428,1,30,0,0,2,1,11,5,0,1,0,0,200,1,200,0,200,200,200,200,200
383432,0,30,1,2,0,1,14,6,0,0,0,22,0,1,42,200,7,200,200,200,200
383432,0,30,1,2,0,1,14,6,0,0,0,22,0,1,55,200,12,200,0,200,200
383440,0,35,0,0,2,1,12,5,0,1,0,0,200,2,200,200,200,200,200,200,200
383440,0,35,0,0,2,1,12,5,0,1,0,0,200,0,200,0,200,0,0,200,200
383446,0,10,0,0,2,1,7,7,0,1,0,0,200,0,200,200,12,200,200,200,200
383453,0,30,1,2,2,1,10,3,0,1,0,18,34,0,24,0,3,200,0,200,200
383453,0,30,1,2,2,1,10,3,0,1,0,18,34,0,66,0,12,200,0,200,200
383458,0,30,0,0,2,1,12,2,0,1,0,0,0,0,42,0,12,0,0,200,200
383458,0,30,0,0,2,1,12,2,0,1,0,0,0,0,61,0,12,0,0,200,200
383459,0,30,0,0,0,1,7,6,0,0,0,20,11,0,24,200,6,200,200,200,200
383460,0,30,0,0,2,1,10,3,0,1,0,18,34,1,79,0,200,0,0,200,200
383460,0,30,0,0,2,1,10,3,0,1,0,18,34,0,200,200,0,200,200,200,200
383462,0,15,0,0,0,1,7,7,0,0,0,16,16,0,19,200,1,200,200,200,200
383463,0,30,1,2,2,1,10,5,0,1,0,15,18,1,41,200,8,0,0,200,200
383463,0,30,1,2,2,1,10,5,0,1,0,15,18,0,200,200,0,0,0,200,200
383463,0,30,1,2,2,1,10,5,0,1,0,15,18,1,37,200,0,0,0,200,200
383470,0,30,0,0,0,1,4,5,0,0,12,29,200,0,28,0,0,0,0,200,200
383474,0,20,0,0,2,1,7,6,0,1,200,0,200,1,200,200,200,200,200,200,200
383476,0,30,0,0,2,1,0,2,0,1,0,17,0,1,200,200,1,200,200,200,200
383476,0,30,0,0,2,1,0,2,0,1,0,17,0,0,56,0,0,12,0,200,200
383482,0,35,0,2,2,4,12,3,0,1,0,22,200,0,50,0,2,0,0,200,200
383482,0,35,0,2,2,4,12,3,0,1,0,22,200,0,50,0,0,0,0,200,200
383482,1,35,0,2,2,4,12,3,0,1,0,22,200,1,41,0,200,200,200,200,200
383486,0,30,0,0,0,1,10,5,0,0,200,21,0,1,52,0,4,200,0,200,200
383486,0,30,0,0,0,1,10,5,0,0,200,21,0,0,39,0,0,200,0,200,200
383487,0,30,0,0,0,1,10,2,0,0,0,18,200,0,200,200,1,200,200,200,200
383487,0,30,0,0,0,1,10,2,0,0,0,18,200,1,29,0,0,0,0,200,200
383489,0,30,1,2,2,1,10,5,0,1,0,18,0,0,65,200,3,200,200,200,200
383489,0,30,1,2,2,1,10,5,0,1,0,18,0,0,45,200,0,0,0,200,200
383489,1,30,1,2,2,1,10,5,0,1,0,18,0,1,39,200,200,200,200,200,200
383489,1,30,1,2,2,1,10,5,0,1,0,18,0,0,41,200,200,200,200,200,200
383492,0,30,0,0,2,1,0,5,0,1,200,200,200,1,27,200,200,200,0,200,200
383492,0,30,0,0,2,1,0,5,0,1,200,200,200,0,32,200,0,200,0,200,200
383492,0,30,0,0,2,1,0,5,0,1,200,200,200,1,42,200,0,0,0,200,200
383494,4,30,0,0,2,1,8,7,0,1,0,34,200,0,29,200,200,0,0,200,200
383494,0,30,0,0,2,1,8,7,0,1,0,34,200,1,52,200,12,0,0,200,200
383497,0,35,2,2,2,1,10,5,0,1,0,18,16,0,69,0,3,0,0,200,200
383497,0,35,2,2,2,1,10,5,0,1,0,18,16,1,49,0,0,0,0,200,200
383498,0,30,0,0,2,1,10,2,0,1,0,18,18,1,61,0,3,0,0,200,200
383498,0,30,0,0,2,1,10,2,0,1,0,18,18,1,31,0,12,0,0,200,200
383498,1,30,0,0,2,1,10,2,0,1,0,18,18,1,27,0,200,200,200,200,200
383498,1,30,0,0,2,1,10,2,0,1,0,18,18,1,5,0,200,200,200,200,200
383498,1,30,0,0,2,1,10,2,0,1,0,18,18,0,3,0,200,200,200,200,200
383504,0,30,1,2,0,1,10,2,0,0,0,16,200,0,35,0,3,0,0,200,200
383504,0,30,1,2,0,1,10,2,0,0,0,16,200,0,59,0,0,0,0,200,200
383505,0,20,0,0,2,1,0,12,0,1,0,17,200,0,52,200,0,0,0,200,200
383505,0,20,0,0,2,1,0,12,0,1,0,17,200,2,200,200,1,200,200,200,200
383506,0,30,0,0,2,1,2,7,0,1,0,0,0,1,81,200,200,200,200,200,200
383508,4,30,2,2,2,1,8,5,0,1,0,5,21,0,27,3,5,0,0,200,200
383510,0,30,1,2,2,1,0,6,0,1,0,0,0,1,200,0,6,0,0,200,200