RD_NO,PERSON_TYPE,POSTED_SPEED_LIMIT,TRAFFIC_CONTROL_DEVICE,DEVICE_CONDITION,WEATHER_CONDITION,LIGHTING_CONDITION,FIRST_CRASH_TYPE,TRAFFICWAY_TYPE,ALIGNMENT,ROADWAY_SURFACE_COND,ROAD_DEFECT,PRIM_CONTRIBUTORY_CAUSE,SEC_CONTRIBUTORY_CAUSE,SEX,AGE,SAFETY_EQUIPMENT,DRIVER_ACTION,DRIVER_VISION,PHYSICAL_CONDITION,BAC_RESULT VALUE,CELL_PHONE_USE
383510,0,30,1,2,2,1,0,6,0,1,0,0,0,0,200,0,0,0,0,200,200
383510,1,30,1,2,2,1,0,6,0,1,0,0,0,0,200,0,200,200,200,200,200
383512,0,30,0,0,2,1,10,5,0,1,200,0,0,0,19,0,200,200,0,200,200
383512,0,30,0,0,2,1,10,5,0,1,200,0,0,1,32,0,0,0,0,200,200
383512,0,30,0,0,2,1,10,5,0,1,200,0,0,0,33,0,0,0,0,200,200
383514,0,0,1,2,2,1,9,2,0,1,0,0,34,0,200,200,200,200,200,200,200
383514,5,0,1,2,2,1,9,2,0,1,0,0,34,1,30,7,12,12,0,200,200
383522,0,20,0,0,2,1,7,6,0,1,0,0,0,1,25,200,0,200,200,200,200
383530,0,25,0,0,0,3,2,5,0,0,1,200,0,1,65,0,0,0,0,200,200
383534,0,30,1,2,1,1,10,2,0,1,0,6,25,1,200,200,5,200,200,200,200
383534,0,30,1,2,1,1,10,2,0,1,0,6,25,0,200,200,0,200,200,200,200
383534,0,30,1,2,1,1,10,2,0,1,0,6,25,0,35,200,0,0,0,200,200
383534,1,30,1,2,1,1,10,2,0,1,0,6,25,1,29,200,200,200,200,200,200
383534,1,30,1,2,1,1,10,2,0,1,0,6,25,0,200,200,200,200,200,200,200
383536,0,15,0,0,0,1,7,7,0,1,0,20,200,0,200,200,6,200,200,200,200
383537,0,30,0,0,2,1,10,5,5,1,0,34,16,0,42,0,1,0,0,200,200
383537,0,30,0,0,2,1,10,5,5,1,0,34,16,1,35,0,0,0,0,200,200
383537,0,30,0,0,2,1,10,5,5,1,0,34,16,0,33,7,0,0,0,200,200
383542,0,30,2,2,200,0,7,6,0,200,200,0,0,2,200,200,200,200,200,200,200
383544,0,35,0,0,2,1,10,5,0,1,0,0,0,0,18,0,200,0,0,200,200
383544,0,35,0,0,2,1,10,5,0,1,0,0,0,0,42,0,200,0,0,200,200
383548,0,30,2,2,0,1,0,2,0,0,0,21,16,0,38,0,12,0,0,200,200
383548,0,30,2,2,0,1,0,2,0,0,0,21,16,0,31,0,200,200,200,200,200
383554,0,30,2,2,0,1,0,2,0,0,0,17,200,0,32,0,1,0,0,200,200
383554,0,30,2,2,0,1,0,2,0,0,0,17,200,0,50,0,0,0,0,200,200
383556,0,30,0,0,0,1,0,5,0,0,200,17,200,0,34,0,1,200,0,200,200
383556,0,30,0,0,0,1,0,5,0,0,200,17,200,1,25,0,0,0,0,200,200
383560,0,30,0,0,0,1,7,6,0,0,0,0,200,2,200,200,0,200,200,200,200
383562,0,30,0,0,2,1,14,5,0,1,0,17,0,0,52,0,1,1,0,200,200
383562,0,30,0,0,2,1,14,5,0,1,0,17,0,1,36,0,12,0,0,200,200
383573,0,30,0,0,0,1,14,12,0,1,0,17,17,1,27,0,1,0,0,200,200
383573,0,30,0,0,0,1,14,12,0,1,0,17,17,1,61,0,1,0,0,200,200
383574,0,35,0,0,0,1,12,3,0,1,0,22,22,2,200,200,4,200,200,200,200
383574,0,35,0,0,0,1,12,3,0,1,0,22,22,1,37,0,0,0,0,200,200
383577,0,30,0,0,2,1,7,5,0,1,0,17,0,0,59,0,1,0,0,200,200
383577,1,30,0,0,2,1,7,5,0,1,0,17,0,1,46,0,200,200,200,200,200
383577,1,30,0,0,2,1,7,5,0,1,0,17,0,0,200,0,200,200,200,200,200
383577,1,30,0,0,2,1,7,5,0,1,0,17,0,0,2,5,200,200,200,200,200
383577,1,30,0,0,2,1,7,5,0,1,0,17,0,0,200,5,200,200,200,200,200
383577,1,30,0,0,2,1,7,5,0,1,0,17,0,0,26,0,200,200,200,200,200
383577,1,30,0,0,2,1,7,5,0,1,0,17,0,1,27,0,200,200,200,200,200
383579,0,30,1,200,2,1,0,5,0,200,200,200,200,0,51,200,200,200,200,200,200
383579,0,30,1,200,2,1,0,5,0,200,200,200,200,1,54,200,200,200,200,200,200
383579,1,30,1,200,2,1,0,5,0,200,200,200,200,1,39,200,200,200,200,200,200
383581,0,30,200,200,0,1,14,5,0,0,0,0,0,1,200,0,3,0,0,200,200
383581,0,30,200,200,0,1,14,5,0,0,0,0,0,1,200,0,0,0,0,200,200
383583,0,30,0,0,1,1,10,3,0,1,0,18,0,1,200,200,3,200,200,200,200
383583,0,30,0,0,1,1,10,3,0,1,0,18,0,0,62,200,0,200,0,200,200
383583,0,30,0,0,1,1,10,3,0,1,0,18,0,1,200,200,0,200,200,200,200
383584,0,30,2,2,12,1,10,6,0,1,0,5,0,0,15,200,12,200,12,200,200
383584,0,30,2,2,12,1,10,6,0,1,0,5,0,0,28,200,200,200,0,200,200
383584,1,30,2,2,12,1,10,6,0,1,0,5,0,1,26,200,200,200,200,200,200
383584,1,30,2,2,12,1,10,6,0,1,0,5,0,200,200,200,200,200,200,200,200
383585,0,25,0,0,2,1,9,5,0,1,0,200,200,0,47,200,0,200,0,200,200
383585,5,25,0,0,2,1,9,5,0,1,0,200,200,0,17,200,12,200,0,200,200
383586,0,50,1,2,0,2,10,3,0,1,0,16,0,0,58,200,1,200,200,200,200
383586,0,50,1,2,0,2,10,3,0,1,0,16,0,1,39,7,12,200,0,200,200
383587,0,30,200,200,200,200,10,200,0,200,200,0,200,0,57,200,200,200,200,200,200
383587,0,30,200,200,200,200,10,200,0,200,200,0,200,1,25,0,200,200,200,200,200
383592,0,30,0,0,2,1,12,5,0,1,0,21,17,0,34,0,1,0,0,200,200
383592,0,30,0,0,2,1,12,5,0,1,0,21,17,1,54,0,0,0,5,200,200
383593,0,30,0,0,2,1,14,3,0,1,200,33,0,1,18,0,1,4,0,200,200
383593,0,30,0,0,2,1,14,3,0,1,200,33,0,0,24,0,0,0,0,200,200
383593,1,30,0,0,2,1,14,3,0,1,200,33,0,1,22,0,200,200,200,200,200
383599,0,30,0,0,200,200,10,5,0,200,200,0,0,0,72,0,12,200,0,200,200
383599,0,30,0,0,200,200,10,5,0,200,200,0,0,0,60,0,0,200,0,200,200
383601,0,30,0,0,2,1,12,2,0,1,0,21,34,1,21,0,4,0,0,200,200
383601,0,30,0,0,2,1,12,2,0,1,0,21,34,1,30,0,0,0,0,200,200
383601,1,30,0,0,2,1,12,2,0,1,0,21,34,0,3,5,200,200,200,200,200
383601,1,30,0,0,2,1,12,2,0,1,0,21,34,0,23,0,200,200,200,200,200
383605,0,35,0,0,1,1,11,5,0,1,0,25,0,1,19,200,12,12,2,200,200
383605,0,35,0,0,1,1,11,5,0,1,0,25,0,1,53,200,0,0,0,200,200
383605,0,35,0,0,1,1,11,5,0,1,0,25,0,1,45,200,0,0,0,200,200
383612,0,30,0,0,0,1,7,5,0,0,0,200,200,2,200,200,200,200,200,200,200
383614,0,30,1,2,0,1,10,5,0,1,0,18,34,0,19,0,3,0,0,200,200
383614,0,30,1,2,0,1,10,5,0,1,0,18,34,0,37,0,0,0,0,200,200
383615,0,30,0,0,0,1,5,6,0,1,12,28,200,1,38,200,12,200,0,200,200
383616,0,30,0,0,0,1,0,2,0,1,0,33,0,0,17,0,1,12,0,200,200
383616,0,30,0,0,0,1,0,2,0,1,0,33,0,0,32,0,0,0,0,200,200
383623,0,30,0,0,2,1,14,3,0,1,0,14,17,2,200,200,1,200,200,200,200
383623,0,30,0,0,2,1,14,3,0,1,0,14,17,1,24,0,0,0,0,200,200
383624,0,35,1,2,2,1,10,5,0,1,0,0,0,1,35,200,200,200,200,200,200
383624,0,35,1,2,2,1,10,5,0,1,0,0,0,0,23,0,0,0,0,200,200
383626,0,5,0,0,2,1,11,7,0,1,0,0,200,1,35,0,12,0,0,200,200
383626,0,5,0,0,2,1,11,7,0,1,0,0,200,1,60,0,12,0,0,200,200
383631,0,30,0,0,2,1,10,5,0,1,0,34,12,0,48,0,0,0,0,200,200
383631,0,30,0,0,2,1,10,5,0,1,0,34,12,0,27,7,0,0,0,200,200
383631,0,30,0,0,2,1,10,5,0,1,0,34,12,1,69,0,0,0,0,200,200
383631,1,30,0,0,2,1,10,5,0,1,0,34,12,1,200,0,200,200,200,200,200
383632,0,30,0,0,0,1,3,2,0,0,0,16,17,1,28,7,1,0,0,200,200
383632,0,30,0,0,0,1,3,2,0,0,0,16,17,1,42,0,1,0,0,200,200
383633,4,30,1,2,0,4,8,5,0,0,0,17,200,0,200,200,1,200,200,200,200
383633,0,30,1,2,0,4,8,5,0,0,0,17,200,1,50,0,0,0,0,200,200
383639,0,30,0,0,200,3,0,7,0,200,200,0,200,0,200,200,200,200,200,200,200
383639,0,30,0,0,200,3,0,7,0,200,200,0,200,0,34,0,0,0,0,200,200
383644,0,30,1,0,0,1,0,5,0,0,0,6,6,1,18,0,1,0,0,200,200
383644,0,30,1,0,0,1,0,5,0,0,0,6,6,1,55,0,0,0,0,200,200
383644,1,30,1,0,0,1,0,5,0,0,0,6,6,1,17,0,200,200,200,200,200
383648,0,30,0,0,0,1,14,5,0,0,0,23,200,0,53,200,7,0,0,200,200
383648,0,30,0,0,0,1,14,5,0,0,0,23,200,1,29,200,0,0,0,200,200
383651,0,30,1,2,2,1,10,5,0,1,0,18,200,0,67,0,3,0,0,200,200
383651,0,30,1,2,2,1,10,5,0,1,0,18,200,0,200,200,0,200,200,200,200
383656,0,30,0,0,0,1,12,5,0,0,0,0,0,0,200,0,200,0,0,200,200
383656,0,30,0,0,0,1,12,5,0,0,0,0,0,0,200,0,200,0,0,200,200
383665,0,30,0,0,0,1,2,5,0,0,0,200,200,1,47,7,0,0,0,200,200
383666,0,30,1,2,1,1,10,2,0,1,0,18,200,0,200,200,3,200,200,200,200
383666,0,30,1,2,1,1,10,2,0,1,0,18,200,1,30,0,0,0,0,200,200
383666,1,30,1,2,1,1,10,2,0,1,0,18,200,2,200,200,200,200,200,200,200
383667,0,30,0,0,2,1,12,5,0,1,0,21,200,0,54,0,12,0,0,200,200
383667,0,30,0,0,2,1,12,5,0,1,0,21,200,0,38,0,0,0,0,200,200
383668,0,30,0,0,2,1,10,6,0,1,0,34,34,0,35,0,12,0,0,200,200
383668,0,30,0,0,2,1,10,6,0,1,0,34,34,0,23,0,0,0,0,200,200
383668,1,30,0,0,2,1,10,6,0,1,0,34,34,1,22,0,200,200,200,200,200
383673,0,30,1,2,2,1,10,3,0,1,200,18,15,0,30,200,3,200,200,200,200
383673,0,30,1,2,2,1,10,3,0,1,200,18,15,0,28,0,0,0,0,200,200
383673,0,30,1,2,2,1,10,3,0,1,200,18,15,0,200,200,200,200,200,200,200
383675,0,20,0,0,0,1,0,5,0,0,200,23,0,0,53,200,7,200,200,200,200
383675,0,20,0,0,0,1,0,5,0,0,200,23,0,1,21,200,0,200,0,200,200
383675,1,20,0,0,0,1,0,5,0,0,200,23,0,0,19,200,200,200,200,200,200
383675,1,20,0,0,0,1,0,5,0,0,200,23,0,0,19,200,200,200,200,200,200
383675,1,20,0,0,0,1,0,5,0,0,200,23,0,0,200,200,200,200,200,200,200
383675,1,20,0,0,0,1,0,5,0,0,200,23,0,1,200,200,200,200,200,200,200
383677,0,30,1,2,0,1,12,5,0,0,0,21,0,0,55,0,12,0,0,200,200
383677,0,30,1,2,0,1,12,5,0,0,0,21,0,0,59,0,0,0,0,200,200
383678,0,25,1,2,1,1,12,5,0,0,0,21,11,1,200,200,4,200,200,200,200
383678,0,25,1,2,1,1,12,5,0,0,0,21,11,1,35,0,12,0,0,200,200
383680,0,30,0,0,2,1,10,5,0,1,0,0,200,0,31,0,200,0,0,200,200
383680,0,30,0,0,2,1,10,5,0,1,0,0,200,2,200,200,0,200,200,200,200
383681,0,40,0,0,0,1,12,3,0,200,0,11,200,1,200,0,1,0,0,200,200
383681,0,40,0,0,0,1,12,3,0,200,0,11,200,0,200,0,0,0,0,200,200
383683,0,30,0,0,0,1,10,2,0,0,0,0,200,0,200,200,12,200,200,200,200
383683,0,30,0,0,0,1,10,2,0,0,0,0,200,0,32,0,0,200,200,200,200
383683,1,30,0,0,0,1,10,2,0,0,0,0,200,1,200,200,200,200,200,200,200
383686,0,30,0,0,0,1,7,7,0,0,200,0,0,2,200,200,200,200,200,200,200
383688,0,40,0,0,0,1,2,3,3,1,0,27,0,0,58,200,12,0,4,200,200
383688,1,40,0,0,0,1,2,3,3,1,0,27,0,0,24,200,200,200,200,200,200
383688,1,40,0,0,0,1,2,3,3,1,0,27,0,1,23,200,200,200,200,200,200
383691,0,30,0,0,0,1,7,5,0,0,0,200,200,1,200,200,0,200,200,200,200
383704,0,15,0,0,0,1,7,7,0,0,0,0,200,2,200,200,200,200,200,200,200
383715,0,30,0,0,0,1,1,5,0,0,0,5,200,1,76,7,12,0,0,200,200
383715,5,30,0,0,0,1,1,5,0,0,0,5,200,1,53,7,12,0,0,200,200
383718,0,30,1,2,1,1,10,5,5,1,0,16,15,0,41,0,8,0,0,200,200
383718,0,30,1,2,1,1,10,5,5,1,0,16,15,1,31,0,0,0,0,200,200
383718,0,30,1,2,1,1,10,5,5,1,0,16,15,1,61,0,0,0,0,200,200
383722,0,30,0,0,0,1,12,6,0,0,0,20,17,0,34,200,6,200,0,200,200
383722,0,30,0,0,0,1,12,6,0,0,0,20,17,1,23,200,200,200,0,200,200
383722,1,30,0,0,0,1,12,6,0,0,0,20,17,0,23,200,200,200,200,200,200
383722,1,30,0,0,0,1,12,6,0,0,0,20,17,1,19,200,200,200,200,200,200
383722,1,30,0,0,0,1,12,6,0,0,0,20,17,1,16,200,200,200,200,200,200
383722,1,30,0,0,0,1,12,6,0,0,0,20,17,1,2,200,200,200,200,200,200
383722,1,30,0,0,0,1,12,6,0,0,0,20,17,1,20,200,200,200,200,200,200
383725,0,35,2,2,2,1,14,2,0,1,0,17,23,0,25,200,1,200,200,200,200
383725,0,35,2,2,2,1,14,2,0,1,0,17,23,0,62,0,0,0,0,200,200
383728,0,30,1,2,2,1,2,3,0,1,0,11,34,0,21,0,200,0,0,200,200
383732,0,35,0,0,2,1,10,3,1,1,0,18,200,1,26,200,3,200,200,200,200
383732,0,35,0,0,2,1,10,3,1,1,0,18,200,0,35,200,0,0,0,200,200
383733,0,30,0,0,0,1,7,5,0,0,0,12,0,0,27,200,12,0,0,200,200
383733,1,30,0,0,0,1,7,5,0,0,0,12,0,1,71,7,200,200,200,200,200
383734,0,30,2,2,0,1,14,5,0,0,0,17,11,0,25,0,1,0,0,200,200
383734,0,30,2,2,0,1,14,5,0,0,0,17,11,0,62,0,12,0,0,200,200
383734,1,30,2,2,0,1,14,5,0,0,0,17,11,1,23,0,200,200,200,200,200
383736,0,30,0,0,0,1,14,5,0,0,0,17,17,0,23,200,1,200,0,200,200
383736,0,30,0,0,0,1,14,5,0,0,0,17,17,0,31,200,0,200,0,200,200
383738,0,30,0,0,0,1,7,2,0,0,0,200,200,2,200,200,200,200,200,200,200
383739,0,30,1,2,0,1,10,3,0,12,0,0,200,1,26,0,12,12,0,200,200
383739,0,30,1,2,0,1,10,3,0,12,0,0,200,1,52,0,0,12,0,200,200
383739,1,30,1,2,0,1,10,3,0,12,0,0,200,0,26,0,200,200,200,200,200
383740,0,40,1,2,0,1,10,3,0,0,0,16,200,1,200,200,200,200,200,200,200
383740,0,40,1,2,0,1,10,3,0,0,0,16,200,0,27,200,0,200,0,200,200
383740,0,40,1,2,0,1,10,3,0,0,0,16,200,2,200,200,0,200,200,200,200
383745,0,40,0,0,0,1,10,3,0,0,0,0,200,0,32,0,12,1,0,200,200
383745,0,40,0,0,0,1,10,3,0,0,0,0,200,0,30,0,12,0,0,200,200
383747,0,30,0,0,0,1,10,5,0,1,0,0,0,1,27,0,200,0,0,200,200
383747,0,30,0,0,0,1,10,5,0,1,0,0,0,1,41,0,0,0,0,200,200
383747,1,30,0,0,0,1,10,5,0,1,0,0,0,1,17,0,200,200,200,200,200
383747,1,30,0,0,0,1,10,5,0,1,0,0,0,0,23,0,200,200,200,200,200
383747,1,30,0,0,0,1,10,5,0,1,0,0,0,0,1,0,200,200,200,200,200
383753,0,20,0,0,0,1,0,7,0,0,0,20,20,1,200,0,12,0,0,200,200
383753,0,20,0,0,0,1,0,7,0,0,0,20,20,1,57,7,12,0,0,200,200
383755,0,30,0,0,2,1,12,5,0,0,0,17,200,0,200,200,1,200,200,200,200
383755,0,30,0,0,2,1,12,5,0,0,0,17,200,1,77,0,0,0,0,200,200
383764,0,30,1,200,2,1,10,5,2,1,200,18,16,0,42,200,3,200,200,200,200
383764,0,30,1,200,2,1,10,5,2,1,200,18,16,0,27,200,12,200,200,200,200
383764,1,30,1,200,2,1,10,5,2,1,200,18,16,1,44,200,200,200,200,200,200
383774,0,30,0,0,0,1,10,2,0,0,0,0,0,1,48,0,200,0,0,200,200
383774,0,30,0,0,0,1,10,2,0,0,0,0,0,0,52,0,0,0,0,200,200
383777,0,25,2,2,0,1,0,6,0,1,200,17,200,0,48,200,1,200,0,200,200
383777,0,25,2,2,0,1,0,6,0,1,200,17,200,0,25,200,0,200,0,200,200
383782,0,30,0,0,0,1,14,2,0,0,0,16,200,2,200,200,12,200,200,200,200
383782,0,30,0,0,0,1,14,2,0,0,0,16,200,0,65,0,0,0,0,200,200
383784,0,30,1,2,0,1,10,5,0,0,0,18,200,1,40,0,3,0,0,200,200
383784,0,30,1,2,0,1,10,5,0,0,0,18,200,0,30,0,0,0,0,200,200
383789,0,20,0,0,0,1,0,7,0,0,200,0,0,1,200,200,6,200,200,200,200
383789,0,20,0,0,0,1,0,7,0,0,200,0,0,1,44,0,0,200,200,200,200
383789,1,20,0,0,0,1,0,7,0,0,200,0,0,1,200,0,200,200,200,200,200
383792,0,30,1,2,1,1,0,5,0,0,0,25,6,0,24,200,5,200,200,200,200
383792,0,30,1,2,1,1,0,5,0,0,0,25,6,1,46,0,0,200,0,200,200
383792,0,30,1,2,1,1,0,5,0,0,0,25,6,0,45,0,0,200,0,200,200
383794,0,10,0,0,0,1,7,7,0,0,0,20,200,1,22,200,6,200,200,200,200
383794,1,10,0,0,0,1,7,7,0,0,0,20,200,1,200,0,200,200,200,200,200
383795,0,30,1,2,0,1,12,5,0,0,0,22,22,0,200,200,4,200,200,200,200
383795,0,30,1,2,0,1,12,5,0,0,0,22,22,0,0,0,0,0,0,200,200
383796,0,35,2,2,0,1,7,5,0,1,0,200,200,2,200,200,200,200,200,200,200
383799,0,30,0,0,0,3,7,2,0,0,0,200,200,0,200,200,200,200,200,200,200
383800,0,30,0,0,0,0,10,5,0,1,0,0,200,0,200,200,3,200,200,200,200
383800,0,30,0,0,0,0,10,5,0,1,0,0,200,0,24,0,0,0,0,200,200
383802,0,30,2,2,0,4,0,5,0,0,0,17,16,1,23,0,1,200,0,200,200
383802,0,30,2,2,0,4,0,5,0,0,0,17,16,0,47,0,12,0,0,200,200
383804,0,30,0,0,0,1,7,5,0,0,200,0,200,2,200,200,200,200,200,200,200
383810,0,30,1,2,0,1,14,3,0,0,0,0,0,2,200,200,200,200,200,200,200
383810,0,30,1,2,0,1,14,3,0,0,0,0,0,1,22,0,0,0,0,200,200
383819,0,15,0,0,0,4,7,7,0,0,0,20,16,1,49,0,6,0,0,200,200
383820,0,30,2,2,0,4,0,5,0,0,0,17,200,1,27,200,1,200,0,200,200
383820,0,30,2,2,0,4,0,5,0,0,0,17,200,1,34,200,0,200,0,200,200
383825,0,20,0,0,0,1,11,6,0,0,200,0,0,1,50,0,12,0,0,200,200
383825,0,20,0,0,0,1,11,6,0,0,200,0,0,0,46,0,200,0,0,200,200
383830,0,25,0,0,0,1,12,6,0,0,0,0,200,1,41,200,4,0,0,200,200
383830,0,25,0,0,0,1,12,6,0,0,0,0,200,1,49,0,0,0,0,200,200
383836,0,25,0,0,0,1,9,5,0,1,0,17,23,0,200,200,1,200,200,200,200
383836,5,25,0,0,0,1,9,5,0,1,0,17,23,1,74,200,0,0,0,200,200
383837,0,30,0,0,2,1,7,5,0,200,200,0,0,2,200,200,200,200,200,200,200
383839,0,30,0,0,0,4,5,6,0,1,12,28,0,0,45,200,12,0,0,200,200
383841,0,30,1,2,2,1,10,5,0,1,0,18,200,1,45,0,3,0,0,200,200
383841,0,30,1,2,2,1,10,5,0,1,0,18,200,1,25,0,0,0,0,200,200
383841,1,30,1,2,2,1,10,5,0,1,0,18,200,0,200,0,200,200,200,200,200
383844,0,5,0,0,0,1,12,7,0,0,0,0,0,0,200,0,12,0,0,200,200
383844,0,5,0,0,0,1,12,7,0,0,0,0,0,0,200,0,9,0,0,200,200
383856,0,30,0,0,0,1,12,2,0,0,0,21,21,0,200,200,12,200,200,200,200
383856,0,30,0,0,0,1,12,2,0,0,0,21,21,1,21,0,0,0,0,200,200
383861,0,30,0,0,0,1,7,5,0,0,0,200,200,1,200,200,200,200,200,200,200
383866,0,30,0,0,0,1,12,5,0,0,0,21,0,1,200,200,4,200,200,200,200
383866,0,30,0,0,0,1,12,5,0,0,0,21,0,1,37,0,0,0,0,200,200
383869,0,30,1,0,0,3,10,5,0,0,0,7,18,1,200,0,15,0,0,200,200
383869,0,30,1,0,0,3,10,5,0,0,0,7,18,1,25,0,1,0,0,200,200
383869,0,30,1,0,0,3,10,5,0,0,0,7,18,0,55,0,0,0,0,200,200
383870,0,30,0,0,0,3,12,3,0,0,200,21,0,0,48,0,1,0,0,200,200
383870,0,30,0,0,0,3,12,3,0,0,200,21,0,1,59,0,4,0,0,200,200
383880,0,35,0,0,200,3,12,6,0,200,200,0,0,0,52,200,12,200,200,200,200
383880,0,35,0,0,200,3,12,6,0,200,200,0,0,0,24,200,12,200,0,200,200
383886,0,30,2,2,0,3,14,5,0,0,200,10,5,0,16,7,7,200,200,200,200
383886,0,30,2,2,0,3,14,5,0,0,200,10,5,0,33,200,0,200,0,200,200
383886,0,30,2,2,0,3,14,5,0,0,200,10,5,2,200,200,5,200,200,200,200
383886,1,30,2,2,0,3,14,5,0,0,200,10,5,0,200,200,200,200,200,200,200
383886,1,30,2,2,0,3,14,5,0,0,200,10,5,0,200,200,200,200,200,200,200
383891,0,30,1,2,0,3,14,5,0,0,0,6,200,0,53,0,1,0,0,200,200
383891,0,30,1,2,0,3,14,5,0,0,0,6,200,0,34,0,200,0,0,200,200
383891,1,30,1,2,0,3,14,5,0,0,0,6,200,0,29,0,200,200,200,200,200
383891,1,30,1,2,0,3,14,5,0,0,0,6,200,1,1,5,200,200,200,200,200
383891,1,30,1,2,0,3,14,5,0,0,0,6,200,1,23,0,200,200,200,200,200
383891,1,30,1,2,0,3,14,5,0,0,0,6,200,1,50,0,200,200,200,200,200
383891,1,30,1,2,0,3,14,5,0,0,0,6,200,0,43,0,200,200,200,200,200
383902,0,30,1,2,0,3,14,5,0,0,0,0,200,0,30,0,12,0,0,200,200
383902,0,30,1,2,0,3,14,5,0,0,0,0,200,1,62,0,8,0,0,200,200
383903,0,0,0,0,0,1,7,7,0,0,0,0,0,0,30,0,6,0,0,200,200
383936,0,10,0,0,0,0,7,5,0,0,0,0,0,1,51,0,0,0,0,200,200
383939,0,30,0,0,0,3,12,6,0,0,0,8,0,0,53,200,12,0,0,200,200
383939,1,30,0,0,0,3,12,6,0,0,0,8,0,1,18,200,200,200,200,200,200
383939,1,30,0,0,0,3,12,6,0,0,0,8,0,200,200,200,200,200,200,200,200
383943,0,30,2,2,0,3,14,5,0,0,0,5,16,0,200,200,5,200,200,200,200
383943,0,30,2,2,0,3,14,5,0,0,0,5,16,0,23,0,0,0,0,200,200
383943,1,30,2,2,0,3,14,5,0,0,0,5,16,0,200,200,200,200,200,200,200
383943,1,30,2,2,0,3,14,5,0,0,0,5,16,0,200,200,200,200,200,200,200
383943,1,30,2,2,0,3,14,5,0,0,0,5,16,0,200,200,200,200,200,200,200
383943,1,30,2,2,0,3,14,5,0,0,0,5,16,1,44,0,200,200,200,200,200
383943,1,30,2,2,0,3,14,5,0,0,0,5,16,0,35,0,200,200,200,200,200
383950,0,30,0,0,0,3,10,5,0,0,0,18,0,0,32,200,3,0,0,200,200
383950,0,30,0,0,0,3,10,5,0,0,0,18,0,0,32,200,0,0,0,200,200
383950,1,30,0,0,0,3,10,5,0,0,0,18,0,1,3,0,200,200,200,200,200
383953,0,30,0,0,0,3,14,5,0,0,0,23,23,1,32,0,12,0,0,200,200
383953,0,30,0,0,0,3,14,5,0,0,0,23,23,0,20,0,7,0,0,200,200
383953,1,30,0,0,0,3,14,5,0,0,0,23,23,1,76,7,200,200,200,200,200
383953,1,30,0,0,0,3,14,5,0,0,0,23,23,0,45,7,200,200,200,200,200
383953,1,30,0,0,0,3,14,5,0,0,0,23,23,0,23,7,200,200,200,200,200
383953,1,30,0,0,0,3,14,5,0,0,0,23,23,1,20,0,200,200,200,200,200
383953,1,30,0,0,0,3,14,5,0,0,0,23,23,1,21,0,200,200,200,200,200
383953,1,30,0,0,0,3,14,5,0,0,0,23,23,1,18,0,200,200,200,200,200
383953,1,30,0,0,0,3,14,5,0,0,0,23,23,1,19,0,200,200,200,200,200
383953,1,30,0,0,0,3,14,5,0,0,0,23,23,0,18,0,200,200,200,200,200
383967,0,30,0,0,0,3,2,5,0,0,0,20,200,0,39,0,6,12,0,200,200
383975,0,30,1,2,0,3,11,6,0,0,0,0,0,0,47,200,12,200,0,200,200
383975,0,30,1,2,0,3,11,6,0,0,0,0,0,1,47,200,12,200,0,200,200
383975,1,30,1,2,0,3,11,6,0,0,0,0,0,0,200,200,200,200,200,200,200
383983,0,30,0,0,0,3,14,2,0,0,0,22,17,2,200,200,200,200,200,200,200
383983,0,30,0,0,0,3,14,2,0,0,0,22,17,0,20,0,0,0,0,200,200
383984,0,15,0,0,0,4,7,6,0,0,0,11,0,0,19,200,200,200,0,200,200
383986,0,30,1,200,0,3,9,2,0,0,200,17,11,0,69,0,1,200,0,200,200
383986,5,30,1,200,0,3,9,2,0,0,200,17,11,1,31,7,0,200,0,200,200
383995,0,20,0,0,0,1,10,6,0,0,0,17,18,1,55,200,1,200,200,200,200
383995,0,20,0,0,0,1,10,6,0,0,0,17,18,1,42,0,0,0,0,200,200
384004,0,35,0,0,0,1,12,1,0,0,0,22,22,0,42,200,4,0,0,200,200
384004,0,35,0,0,0,1,12,1,0,0,0,22,22,0,27,200,0,0,0,200,200
384006,0,30,1,2,0,3,10,6,0,0,0,16,0,0,83,200,1,200,0,200,200
384006,0,30,1,2,0,3,10,6,0,0,0,16,0,0,29,0,0,200,0,200,200
384006,0,30,1,2,0,3,10,6,0,0,0,16,0,0,32,0,0,0,0,200,200
384006,0,30,1,2,0,3,10,6,0,0,0,16,0,0,200,0,0,0,0,200,200
384006,0,30,1,2,0,3,10,6,0,0,0,16,0,0,200,0,0,0,0,200,200
384008,0,30,0,0,0,3,0,2,0,0,3,11,11,1,47,200,7,200,200,200,200
384008,0,30,0,0,0,3,0,2,0,0,3,11,11,1,65,0,0,200,0,200,200
384010,0,30,1,2,0,3,10,5,0,0,0,0,0,1,32,200,8,200,2,200,200
384014,5,30,0,0,0,3,9,12,0,0,200,6,0,2,200,200,12,200,200,200,200
384014,0,30,0,0,0,3,9,12,0,0,200,6,0,0,27,0,0,0,0,200,200
384014,1,30,0,0,0,3,9,12,0,0,200,6,0,1,26,0,200,200,200,200,200
384018,0,25,0,0,0,3,7,6,0,200,200,16,22,2,200,200,200,200,200,200,200
384021,0,30,1,2,0,3,0,5,2,0,200,25,0,0,200,200,200,200,200,200,200
384021,0,30,1,2,0,3,0,5,2,0,200,25,0,1,33,200,200,200,0,200,200