RD_NO,PERSON_TYPE,POSTED_SPEED_LIMIT,TRAFFIC_CONTROL_DEVICE,DEVICE_CONDITION,WEATHER_CONDITION,LIGHTING_CONDITION,FIRST_CRASH_TYPE,TRAFFICWAY_TYPE,ALIGNMENT,ROADWAY_SURFACE_COND,ROAD_DEFECT,PRIM_CONTRIBUTORY_CAUSE,SEC_CONTRIBUTORY_CAUSE,SEX,AGE,SAFETY_EQUIPMENT,DRIVER_ACTION,DRIVER_VISION,PHYSICAL_CONDITION,BAC_RESULT VALUE,CELL_PHONE_USE
384034,0,30,1,2,0,3,0,2,0,0,0,6,16,0,21,0,5,0,0,200,200
384034,0,30,1,2,0,3,0,2,0,0,0,6,16,0,28,0,14,0,0,200,200
384034,1,30,1,2,0,3,0,2,0,0,0,6,16,1,15,0,200,200,200,200,200
384034,1,30,1,2,0,3,0,2,0,0,0,6,16,1,16,0,200,200,200,200,200
384034,1,30,1,2,0,3,0,2,0,0,0,6,16,0,17,0,200,200,200,200,200
384034,1,30,1,2,0,3,0,2,0,0,0,6,16,1,17,0,200,200,200,200,200
384034,1,30,1,2,0,3,0,2,0,0,0,6,16,1,30,0,200,200,200,200,200
384045,0,30,0,0,0,3,7,6,0,0,200,0,0,1,14,200,200,0,0,200,200
384056,0,25,0,0,0,3,7,5,3,0,0,200,200,1,27,200,200,200,0,200,200
384058,0,30,1,2,0,3,8,5,0,0,0,17,0,2,200,200,1,200,200,200,200
384058,4,30,1,2,0,3,8,5,0,0,0,17,0,0,29,7,0,200,0,200,200
384071,0,9,2,2,0,3,0,2,0,0,0,0,200,1,33,200,200,0,0,200,200
384071,1,9,2,2,0,3,0,2,0,0,0,0,200,0,200,200,200,200,200,200,200
384076,0,30,1,200,200,3,0,5,0,200,200,6,17,0,57,200,5,200,0,200,200
384076,0,30,1,200,200,3,0,5,0,200,200,6,17,0,28,200,0,200,0,200,200
384086,0,30,1,2,2,3,7,5,0,1,0,34,0,0,28,0,12,0,0,200,200
384092,0,30,1,2,12,3,0,12,0,1,0,6,0,0,20,200,5,200,0,200,200
384092,0,30,1,2,12,3,0,12,0,1,0,6,0,1,30,200,0,200,7,200,200
384092,1,30,1,2,12,3,0,12,0,1,0,6,0,0,22,200,200,200,200,200,200
384092,1,30,1,2,12,3,0,12,0,1,0,6,0,0,21,200,200,200,200,200,200
384105,0,30,1,2,0,3,12,1,0,0,0,21,0,1,30,200,4,200,0,200,200
384105,0,30,1,2,0,3,12,1,0,0,0,21,0,0,35,200,0,0,0,200,200
384105,1,30,1,2,0,3,12,1,0,0,0,21,0,1,26,200,200,200,200,200,200
384113,0,25,0,0,0,0,2,0,0,1,0,33,200,0,31,0,12,3,0,200,200
384113,1,25,0,0,0,0,2,0,0,1,0,33,200,0,22,0,200,200,200,200,200
384126,0,30,0,0,0,3,2,12,0,0,0,20,200,1,38,200,6,0,0,200,200
384140,0,30,0,0,0,3,12,5,0,0,0,0,22,2,200,200,2,200,200,200,200
384140,0,30,0,0,0,3,12,5,0,0,0,0,22,0,32,0,12,0,0,200,200
384145,0,30,1,2,0,3,0,3,0,0,0,6,16,1,27,0,12,200,0,200,200
384145,0,30,1,2,0,3,0,3,0,0,0,6,16,1,29,0,200,200,0,200,200
384145,1,30,1,2,0,3,0,3,0,0,0,6,16,1,6,0,200,200,200,200,200
384145,1,30,1,2,0,3,0,3,0,0,0,6,16,0,1,0,200,200,200,200,200
384145,1,30,1,2,0,3,0,3,0,0,0,6,16,1,29,0,200,200,200,200,200
384151,0,30,0,0,2,3,7,2,0,1,0,0,200,0,51,0,7,0,0,200,200
384151,1,30,0,0,2,3,7,2,0,1,0,0,200,1,38,0,200,200,200,200,200
384164,0,30,0,0,0,3,7,2,0,0,0,0,0,0,43,200,200,200,200,200,200
384165,0,30,1,2,0,3,2,5,0,0,0,8,200,0,0,1,12,200,200,200,200
384165,1,30,1,2,0,3,2,5,0,0,0,8,200,1,21,200,200,200,200,200,200
384165,1,30,1,2,0,3,2,5,0,0,0,8,200,0,19,200,200,200,200,200,200
384165,1,30,1,2,0,3,2,5,0,0,0,8,200,1,22,200,200,200,200,200,200
384165,1,30,1,2,0,3,2,5,0,0,0,8,200,0,25,200,200,200,200,200,200
384180,0,30,5,200,0,3,8,5,0,0,4,0,200,2,200,200,200,200,200,200,200
384180,4,30,5,200,0,3,8,5,0,0,4,0,200,0,51,200,200,200,200,200,200
384185,0,30,0,0,0,2,7,6,0,0,0,25,14,1,200,200,200,200,200,200,200
384188,0,25,1,2,0,0,14,5,0,0,0,17,200,0,200,200,1,200,200,200,200
384188,0,25,1,2,0,0,14,5,0,0,0,17,200,0,25,0,1,0,0,200,0
384196,0,30,0,0,0,0,0,12,0,200,0,0,0,0,58,0,1,0,0,200,200
384196,0,30,0,0,0,0,0,12,0,200,0,0,0,0,63,0,1,200,0,200,200
384212,0,30,2,0,0,1,14,5,0,0,0,17,0,1,22,0,1,200,0,200,200
384212,0,30,2,0,0,1,14,5,0,0,0,17,0,0,50,0,0,200,0,200,200
384212,1,30,2,0,0,1,14,5,0,0,0,17,0,1,39,0,200,200,200,200,200
384225,0,30,1,2,0,1,14,3,1,0,0,22,200,0,42,200,2,200,0,200,200
384225,0,30,1,2,0,1,14,3,1,0,0,22,200,1,47,200,0,200,0,200,200
384230,0,30,0,0,0,1,7,5,0,0,200,21,0,2,200,200,4,200,200,200,200
384235,0,30,0,0,0,1,12,5,0,0,0,0,0,0,200,200,200,200,200,200,200
384235,0,30,0,0,0,1,12,5,0,0,0,0,0,0,61,0,0,0,0,200,200
384249,0,30,0,0,0,1,10,5,0,0,0,18,18,0,200,200,1,200,0,200,200
384249,0,30,0,0,0,1,10,5,0,0,0,18,18,1,28,200,0,0,0,200,200
384253,0,30,0,0,0,1,0,5,0,0,0,0,0,0,55,0,1,0,0,200,200
384253,0,30,0,0,0,1,0,5,0,0,0,0,0,0,29,0,0,0,0,200,200
384253,1,30,0,0,0,1,0,5,0,0,0,0,0,1,200,0,200,200,200,200,200
384259,0,30,0,0,0,1,7,5,0,0,0,200,200,0,61,0,0,0,0,200,200
384263,0,35,2,200,0,1,0,5,0,0,200,11,0,2,200,200,200,200,200,200,200
384263,0,35,2,200,0,1,0,5,0,0,200,11,0,0,51,0,0,200,0,200,200
384264,0,30,1,2,0,1,10,2,0,1,0,0,0,0,40,0,200,200,200,200,200
384264,0,30,1,2,0,1,10,2,0,1,0,0,0,0,53,0,0,0,0,200,200
384269,0,30,1,2,0,1,12,2,0,0,0,22,21,0,30,0,4,200,0,200,200
384269,0,30,1,2,0,1,12,2,0,0,0,22,21,0,27,0,0,0,0,200,200
384269,1,30,1,2,0,1,12,2,0,0,0,22,21,1,14,0,200,200,200,200,200
384269,1,30,1,2,0,1,12,2,0,0,0,22,21,1,9,0,200,200,200,200,200
384269,1,30,1,2,0,1,12,2,0,0,0,22,21,1,7,0,200,200,200,200,200
384269,1,30,1,2,0,1,12,2,0,0,0,22,21,0,4,4,200,200,200,200,200
384269,1,30,1,2,0,1,12,2,0,0,0,22,21,1,2,5,200,200,200,200,200
384285,0,30,0,0,0,1,7,5,0,0,200,0,0,1,200,200,2,0,200,200,200
384285,1,30,0,0,0,1,7,5,0,0,200,0,0,0,56,200,200,200,200,200,200
384289,0,40,0,0,0,1,10,2,0,0,0,0,0,1,37,200,3,0,0,200,200
384289,0,40,0,0,0,1,10,2,0,0,0,0,0,1,33,0,0,0,0,200,200
384289,1,40,0,0,0,1,10,2,0,0,0,0,0,1,200,0,200,200,200,200,200
384293,0,30,0,0,0,1,14,5,0,0,0,17,23,0,24,0,1,5,0,200,200
384293,0,30,0,0,0,1,14,5,0,0,0,17,23,0,0,0,0,0,0,200,200
384295,0,25,0,0,0,1,7,5,0,0,0,0,0,2,200,200,200,200,200,200,200
384296,0,30,1,2,0,1,9,5,0,0,0,0,0,0,78,200,0,0,0,200,200
384296,5,30,1,2,0,1,9,5,0,0,0,0,0,0,200,200,200,200,200,200,200
384301,0,25,0,0,0,1,14,5,0,0,0,17,16,1,35,0,1,0,0,200,200
384301,0,25,0,0,0,1,14,5,0,0,0,17,16,0,69,0,200,0,0,200,200
384301,1,25,0,0,0,1,14,5,0,0,0,17,16,0,52,0,200,200,200,200,200
384302,0,30,1,2,0,1,11,5,0,0,12,28,200,1,53,0,12,12,0,200,200
384302,0,30,1,2,0,1,11,5,0,0,12,28,200,0,57,0,0,0,0,200,200
384303,0,30,0,0,0,1,10,5,0,0,0,18,200,0,23,0,3,0,0,200,200
384303,0,30,0,0,0,1,10,5,0,0,0,18,200,0,35,0,0,0,0,200,200
384305,0,0,0,0,2,3,7,5,0,1,0,0,0,2,200,200,200,200,200,200,200
384321,0,30,0,200,0,1,2,12,0,0,0,0,200,0,200,200,200,200,200,200,200
384322,0,15,0,0,0,1,7,5,0,0,0,0,0,0,70,200,200,200,200,200,200
384322,1,15,0,0,0,1,7,5,0,0,0,0,0,1,21,0,200,200,200,200,200
384326,0,30,2,2,2,1,12,5,0,0,0,21,0,0,66,0,4,0,0,200,200
384326,0,30,2,2,2,1,12,5,0,0,0,21,0,0,200,200,12,200,200,200,200
384331,0,30,0,0,200,1,7,5,0,0,0,11,200,1,200,200,12,200,200,200,200
384336,0,30,0,0,1,1,12,5,0,0,0,0,0,0,38,0,1,0,0,200,200
384336,0,30,0,0,1,1,12,5,0,0,0,0,0,0,69,0,0,0,0,200,200
384339,0,30,0,0,0,1,10,2,0,0,0,16,18,0,69,200,3,200,0,200,200
384339,0,30,0,0,0,1,10,2,0,0,0,16,18,1,27,200,0,200,0,200,200
384340,0,15,0,0,0,1,7,7,0,0,0,0,0,1,74,200,200,200,0,200,200
384342,0,30,0,0,2,1,10,5,0,1,0,0,0,0,200,200,0,200,200,200,200
384342,0,30,0,0,2,1,10,5,0,1,0,0,0,0,29,0,0,0,0,200,200
384343,0,30,0,0,0,1,7,5,0,0,0,20,20,0,44,1,6,0,0,200,200
384344,0,30,10,2,2,1,2,2,0,1,0,3,200,0,56,200,12,12,0,200,200
384359,0,30,0,0,0,1,7,5,0,0,0,0,200,0,59,200,0,0,0,200,200
384359,1,30,0,0,0,1,7,5,0,0,0,0,200,1,200,200,200,200,200,200,200
384364,0,30,1,2,0,1,9,5,0,0,0,0,200,2,200,200,200,200,200,200,200
384364,5,30,1,2,0,1,9,5,0,0,0,0,200,0,61,7,0,0,0,200,200
384366,0,30,1,2,0,3,9,2,0,1,0,0,0,0,37,200,200,0,0,200,200
384366,5,30,1,2,0,3,9,2,0,1,0,0,0,1,36,7,200,0,0,200,200
384369,0,30,0,0,1,1,12,5,0,0,0,0,200,0,29,0,2,0,0,200,200
384369,0,30,0,0,1,1,12,5,0,0,0,0,200,0,56,0,0,0,0,200,200
384371,0,30,0,0,0,3,5,5,0,0,1,28,200,0,50,0,0,0,0,200,200
384377,0,30,2,2,2,1,0,2,0,1,0,5,17,0,31,0,5,0,0,200,200
384377,0,30,2,2,2,1,0,2,0,1,0,5,17,1,38,0,0,0,0,200,200
384379,0,30,0,0,0,1,7,3,2,0,200,17,200,2,200,200,1,200,200,200,200
384381,0,25,1,2,0,1,12,3,0,0,0,22,22,0,56,0,2,0,0,200,200
384381,0,25,1,2,0,1,12,3,0,0,0,22,22,1,34,0,1,0,0,200,200
384390,0,30,0,0,0,1,14,2,0,0,0,21,11,0,20,0,4,0,0,200,200
384390,0,30,0,0,0,1,14,2,0,0,0,21,11,0,43,0,0,0,0,200,200
384395,0,35,0,0,2,1,7,5,0,1,0,8,200,0,21,200,12,0,0,200,200
384398,0,30,200,200,200,1,14,2,0,200,200,200,200,1,200,200,200,200,200,200,200
384398,0,30,200,200,200,1,14,2,0,200,200,200,200,1,200,0,0,200,200,200,200
384413,0,15,0,0,0,1,2,0,0,0,0,0,200,1,44,0,0,0,0,200,200
384415,0,0,0,0,0,1,7,5,0,0,0,22,18,0,22,200,200,200,0,200,200
384417,0,30,1,1,0,3,14,2,0,0,0,17,23,0,0,200,1,0,0,200,0
384417,0,30,1,1,0,3,14,2,0,0,0,17,23,1,33,200,0,0,0,200,200
384417,1,30,1,1,0,3,14,2,0,0,0,17,23,0,31,200,200,200,200,200,200
384417,1,30,1,1,0,3,14,2,0,0,0,17,23,1,0,200,200,200,200,200,200
384417,1,30,1,1,0,3,14,2,0,0,0,17,23,0,41,200,200,200,200,200,200
384417,1,30,1,1,0,3,14,2,0,0,0,17,23,1,35,200,200,200,200,200,200
384418,0,30,1,2,0,1,10,5,0,0,0,0,0,1,200,200,12,200,200,200,200
384418,0,30,1,2,0,1,10,5,0,0,0,0,0,1,67,0,0,0,0,200,200
384427,0,15,0,0,200,200,7,7,0,0,0,20,0,2,200,200,6,200,200,200,200
384429,0,30,0,0,200,200,7,5,0,200,0,0,200,2,200,200,200,200,200,200,200
384432,0,25,200,200,0,1,10,2,0,0,200,18,0,0,200,200,3,200,200,200,200
384432,0,25,200,200,0,1,10,2,0,0,200,18,0,0,37,200,200,200,0,200,200
384433,0,10,0,0,0,1,0,7,0,0,0,0,0,1,44,200,1,200,200,200,200
384433,0,10,0,0,0,1,0,7,0,0,0,0,0,1,45,0,0,0,0,200,200
384441,0,30,0,0,0,1,12,5,0,0,0,0,0,0,200,0,200,0,0,200,200
384441,0,30,0,0,0,1,12,5,0,0,0,0,0,1,200,0,0,0,0,200,200
384450,0,10,0,0,200,1,14,7,0,200,0,17,200,0,25,200,1,200,200,200,200
384450,0,10,0,0,200,1,14,7,0,200,0,17,200,1,51,0,0,0,0,200,200
384450,1,10,0,0,200,1,14,7,0,200,0,17,200,0,200,200,200,200,200,200,200
384456,0,30,0,0,0,1,10,5,0,0,0,0,200,0,200,200,200,200,200,200,200
384456,0,30,0,0,0,1,10,5,0,0,0,0,200,0,41,0,0,0,0,200,200
384456,1,30,0,0,0,1,10,5,0,0,0,0,200,0,200,0,200,200,200,200,200
384458,0,30,0,0,0,1,0,5,0,0,0,20,200,0,64,200,6,5,0,200,200
384458,0,30,0,0,0,1,0,5,0,0,0,20,200,0,42,200,12,5,0,200,200
384466,0,30,1,2,0,1,9,5,0,0,0,17,200,0,0,200,1,0,0,200,200
384466,5,30,1,2,0,1,9,5,0,0,0,17,200,0,63,7,0,0,0,200,200
384469,0,30,0,0,1,1,10,2,0,1,0,0,0,0,35,0,12,0,0,200,200
384469,0,30,0,0,1,1,10,2,0,1,0,0,0,1,70,0,12,0,0,200,200
384469,1,30,0,0,1,1,10,2,0,1,0,0,0,1,5,5,200,200,200,200,200
384469,1,30,0,0,1,1,10,2,0,1,0,0,0,0,3,5,200,200,200,200,200
384473,0,30,0,0,0,1,7,12,0,0,0,11,0,0,200,200,12,200,200,200,200
384483,0,25,0,0,0,1,2,6,0,0,0,11,200,1,24,0,200,0,0,200,200
384484,0,20,0,0,0,1,7,3,0,0,0,0,200,0,33,0,12,200,0,200,200
384485,0,10,0,0,0,3,7,7,0,0,0,20,0,2,200,200,6,200,200,200,200
384491,0,30,0,0,1,1,12,3,0,0,0,22,200,0,35,0,2,0,0,200,200
384491,0,30,0,0,1,1,12,3,0,0,0,22,200,1,37,0,0,0,0,200,200
384493,0,30,0,0,0,1,12,2,0,0,0,17,200,1,54,0,1,0,0,200,200
384493,0,30,0,0,0,1,12,2,0,0,0,17,200,1,35,2,0,0,0,200,200
384494,0,30,0,0,0,1,0,5,0,0,0,17,200,0,200,200,200,200,200,200,200
384494,0,30,0,0,0,1,0,5,0,0,0,17,200,1,28,0,1,0,0,200,200
384494,1,30,0,0,0,1,0,5,0,0,0,17,200,0,28,0,200,200,200,200,200
384499,0,15,0,0,0,1,2,4,0,0,0,0,0,0,19,200,12,200,200,200,200
384508,0,30,1,2,0,1,10,5,0,0,0,18,25,0,29,7,1,0,0,200,200
384508,0,30,1,2,0,1,10,5,0,0,0,18,25,0,39,0,0,0,0,200,200
384516,0,30,0,2,0,1,7,7,0,0,0,11,200,1,200,200,10,200,200,200,200
384516,1,30,0,2,0,1,7,7,0,0,0,11,200,1,65,200,200,200,200,200,200
384518,0,30,1,2,0,1,10,5,0,0,0,18,0,1,25,200,3,200,200,200,200
384518,0,30,1,2,0,1,10,5,0,0,0,18,0,0,39,0,12,0,0,200,200
384520,0,30,0,0,0,2,7,6,0,0,0,0,0,0,200,0,10,0,0,200,200
384527,0,30,0,0,0,1,7,2,0,0,0,22,200,0,54,0,2,0,0,200,200
384527,1,30,0,0,0,1,7,2,0,0,0,22,200,0,41,0,200,200,200,200,200
384527,1,30,0,0,0,1,7,2,0,0,0,22,200,1,41,1,200,200,200,200,200
384527,1,30,0,0,0,1,7,2,0,0,0,22,200,0,53,1,200,200,200,200,200
384528,0,25,0,0,0,1,10,5,0,0,0,0,18,0,200,200,200,200,200,200,200
384528,0,25,0,0,0,1,10,5,0,0,0,0,18,1,50,0,0,0,0,200,200
384528,0,25,0,0,0,1,10,5,0,0,0,0,18,1,200,200,200,200,200,200,200
384528,0,25,0,0,0,1,10,5,0,0,0,0,18,2,200,200,200,200,200,200,200
384531,0,35,1,2,0,1,14,5,0,0,0,26,200,0,52,0,7,0,0,200,200
384531,0,35,1,2,0,1,14,5,0,0,0,26,200,0,29,0,0,0,0,200,200
384542,0,30,1,2,2,1,10,5,0,1,0,18,34,0,54,0,1,0,0,200,200
384542,0,30,1,2,2,1,10,5,0,1,0,18,34,0,74,0,0,0,0,200,200
384549,0,20,0,0,0,1,7,6,0,0,0,22,200,0,67,0,12,0,0,200,200
384549,1,20,0,0,0,1,7,6,0,0,0,22,200,0,200,0,200,200,200,200,200
384550,0,30,1,2,0,1,12,5,0,0,0,18,22,0,200,200,3,200,200,200,200
384550,0,30,1,2,0,1,12,5,0,0,0,18,22,0,24,0,0,0,0,200,200
384559,0,20,0,0,0,1,12,7,0,0,0,18,17,1,55,0,6,0,0,200,200
384559,0,20,0,0,0,1,12,7,0,0,0,18,17,0,41,0,0,0,0,200,200
384575,0,30,0,200,200,200,7,6,0,200,200,200,200,2,200,200,200,200,200,200,200
384576,0,40,0,0,0,1,2,3,5,0,0,14,11,1,22,0,8,0,0,200,200
384584,0,30,0,0,0,1,11,5,0,0,0,0,200,0,23,0,12,0,0,200,200
384584,0,30,0,0,0,1,11,5,0,0,0,0,200,0,48,0,12,0,0,200,200
384586,0,30,0,0,0,1,7,6,0,0,200,0,0,0,200,200,200,200,0,200,200
384590,0,25,0,0,0,1,12,5,0,0,0,17,17,1,200,0,1,0,0,200,200
384590,0,25,0,0,0,1,12,5,0,0,0,17,17,0,52,0,0,0,0,200,200
384591,0,25,0,0,0,1,7,6,0,0,0,0,200,0,28,0,12,0,0,200,200
384597,0,30,1,2,0,1,12,1,0,0,200,17,0,1,28,0,1,0,0,200,200
384597,0,30,1,2,0,1,12,1,0,0,200,17,0,1,25,0,0,0,0,200,200
384597,1,30,1,2,0,1,12,1,0,0,200,17,0,1,56,0,200,200,200,200,200
384597,1,30,1,2,0,1,12,1,0,0,200,17,0,0,4,5,200,200,200,200,200
384597,1,30,1,2,0,1,12,1,0,0,200,17,0,1,0,5,200,200,200,200,200
384599,0,10,0,0,0,1,7,7,0,0,0,0,200,0,26,200,12,200,0,200,200
384601,0,30,2,200,0,1,0,12,0,200,200,0,0,1,43,0,200,5,0,200,200
384601,0,30,2,200,0,1,0,12,0,200,200,0,0,0,70,0,0,5,0,200,200
384604,0,35,0,0,0,1,14,5,0,0,0,0,0,1,38,0,0,0,0,200,200
384604,0,35,0,0,0,1,14,5,0,0,0,0,0,0,77,0,0,0,0,200,200
384604,1,35,0,0,0,1,14,5,0,0,0,0,0,0,44,7,200,200,200,200,200
384604,1,35,0,0,0,1,14,5,0,0,0,0,0,2,200,200,200,200,200,200,200
384604,1,35,0,0,0,1,14,5,0,0,0,0,0,2,200,200,200,200,200,200,200
384606,0,30,1,2,0,1,8,2,0,0,0,2,2,1,34,0,15,0,0,200,200
384606,4,30,1,2,0,1,8,2,0,0,0,2,2,0,48,3,0,0,0,200,200
384609,0,10,12,0,200,1,12,12,0,200,0,0,0,0,75,200,200,0,0,200,200
384609,0,10,12,0,200,1,12,12,0,200,0,0,0,1,67,200,0,0,0,200,200
384609,1,10,12,0,200,1,12,12,0,200,0,0,0,1,72,200,200,200,200,200,200
384611,0,30,9,2,0,1,10,2,0,0,200,28,18,0,200,200,3,200,200,200,200
384611,0,30,9,2,0,1,10,2,0,0,200,28,18,0,40,0,0,0,0,200,200
384611,1,30,9,2,0,1,10,2,0,0,200,28,18,1,200,200,200,200,200,200,200
384611,1,30,9,2,0,1,10,2,0,0,200,28,18,2,200,200,200,200,200,200,200
384617,5,30,1,2,0,1,9,5,0,0,0,17,0,0,1,7,0,0,0,200,200
384617,0,30,1,2,0,1,9,5,0,0,0,17,0,0,27,0,1,0,0,200,200
384621,0,30,0,0,0,1,7,7,0,0,200,16,0,2,200,200,8,200,200,200,200
384622,0,30,1,1,0,1,14,5,0,0,0,23,17,0,61,200,7,0,0,200,200
384622,0,30,1,1,0,1,14,5,0,0,0,23,17,0,28,200,200,0,0,200,200
384631,0,25,1,2,0,1,14,2,0,0,0,20,18,1,49,0,3,0,0,200,200
384631,0,25,1,2,0,1,14,2,0,0,0,20,18,0,53,0,6,0,0,200,200
384634,0,30,0,0,200,200,7,5,0,200,0,0,0,2,200,200,200,200,200,200,200
384637,0,30,0,0,0,0,14,5,0,0,0,0,0,0,200,200,7,200,200,200,200
384637,0,30,0,0,0,0,14,5,0,0,0,0,0,1,22,0,0,0,0,200,200
384637,1,30,0,0,0,0,14,5,0,0,0,0,0,1,200,0,200,200,200,200,200
384637,1,30,0,0,0,0,14,5,0,0,0,0,0,1,200,0,200,200,200,200,200
384642,0,35,0,0,0,1,12,3,0,0,0,0,0,1,61,0,200,0,0,200,200
384642,0,35,0,0,0,1,12,3,0,0,0,0,0,0,43,0,0,0,0,200,200
384642,1,35,0,0,0,1,12,3,0,0,0,0,0,1,48,0,200,200,200,200,200
384643,0,35,1,2,0,1,8,5,0,0,200,16,0,0,49,7,1,200,0,200,200
384643,4,35,1,2,0,1,8,5,0,0,200,16,0,0,22,7,1,200,0,200,200
384647,0,30,2,2,0,1,10,5,0,0,0,18,0,0,73,0,3,0,0,200,200
384647,0,30,2,2,0,1,10,5,0,0,0,18,0,0,63,0,0,0,0,200,200
384647,0,30,2,2,0,1,10,5,0,0,0,18,0,0,24,0,0,0,0,200,200
384647,1,30,2,2,0,1,10,5,0,0,0,18,0,1,24,0,200,200,200,200,200
384647,1,30,2,2,0,1,10,5,0,0,0,18,0,1,23,0,200,200,200,200,200
384649,0,30,0,0,0,1,7,5,0,0,200,200,200,1,200,0,0,0,0,200,200
384649,1,30,0,0,0,1,7,5,0,0,200,200,200,200,200,7,200,200,200,200,200
384654,0,10,0,0,0,1,2,0,0,0,0,0,0,2,200,200,200,200,200,200,200
384656,0,5,0,0,0,1,7,7,0,0,0,0,200,2,200,200,200,200,200,200,200
384661,0,30,1,2,0,1,14,1,0,0,0,6,200,0,18,0,5,0,0,200,200
384661,0,30,1,2,0,1,14,1,0,0,0,6,200,0,74,0,0,0,0,200,200
384661,1,30,1,2,0,1,14,1,0,0,0,6,200,1,84,0,200,200,200,200,200
384662,0,30,1,2,0,1,12,5,0,0,0,21,17,1,200,200,4,200,200,200,200
384662,0,30,1,2,0,1,12,5,0,0,0,21,17,0,35,0,0,0,0,200,200
384663,0,30,1,2,200,1,10,5,0,200,200,18,200,1,26,0,200,0,0,200,200
384663,0,30,1,2,200,1,10,5,0,200,200,18,200,0,200,200,0,200,200,200,200
384663,1,30,1,2,200,1,10,5,0,200,200,18,200,1,8,0,200,200,200,200,200
384666,0,30,1,200,0,1,10,200,0,200,200,18,30,0,200,200,3,200,200,200,200
384666,0,30,1,200,0,1,10,200,0,200,200,18,30,0,35,200,0,200,0,200,200
384666,1,30,1,200,0,1,10,200,0,200,200,18,30,1,37,200,200,200,200,200,200
384668,0,0,0,0,0,1,7,7,0,0,0,20,200,0,53,200,6,0,0,200,200
384669,0,20,0,0,0,3,7,5,0,0,0,25,200,2,200,200,12,200,200,200,200
384675,0,10,0,0,0,1,0,7,0,0,0,0,0,2,200,200,200,200,200,200,200
384675,0,10,0,0,0,1,0,7,0,0,0,0,0,0,28,0,0,0,0,200,200
384680,0,25,0,0,0,1,9,5,0,0,0,0,200,0,42,200,6,200,0,200,200
384680,5,25,0,0,0,1,9,5,0,0,0,0,200,1,29,7,12,200,0,200,200
384681,0,30,200,200,200,200,9,5,0,200,200,0,200,1,200,200,200,200,200,200,200
384681,5,30,200,200,200,200,9,5,0,200,200,0,200,1,55,200,200,200,200,200,200
384682,0,30,1,2,0,1,10,5,0,0,0,18,0,1,200,0,3,0,0,200,200
384682,0,30,1,2,0,1,10,5,0,0,0,18,0,0,78,0,12,0,0,200,200
384689,0,30,0,0,0,1,14,6,0,200,200,21,0,1,69,200,7,200,200,200,200
384689,0,30,0,0,0,1,14,6,0,200,200,21,0,0,39,200,0,200,200,200,200
384693,0,30,200,200,0,1,10,6,0,0,0,18,16,0,58,200,3,0,0,200,200
384693,0,30,200,200,0,1,10,6,0,0,0,18,16,0,35,200,0,0,0,200,200
384694,0,30,1,2,0,1,12,6,0,0,0,0,200,1,19,0,12,0,0,200,200
384694,0,30,1,2,0,1,12,6,0,0,0,0,200,1,29,0,0,0,0,200,200
384694,1,30,1,2,0,1,12,6,0,0,0,0,200,0,2,5,200,200,200,200,200
384695,0,15,0,0,200,3,2,0,0,200,200,0,0,2,200,200,200,200,200,200,200
384698,0,30,1,200,0,1,3,5,0,200,200,20,200,1,200,200,200,200,200,200,200
384698,0,30,1,200,0,1,3,5,0,200,200,20,200,0,31,200,0,0,0,200,200
384713,0,30,0,0,0,1,7,5,0,0,0,0,0,0,200,200,200,200,200,200,200
384718,0,30,0,0,0,1,10,6,0,0,0,200,200,0,200,200,200,200,200,200,200
384718,0,30,0,0,0,1,10,6,0,0,0,200,200,0,61,200,1,0,0,200,200
384723,0,30,0,200,0,1,14,5,0,0,0,23,11,0,30,0,7,0,0,200,200
384723,0,30,0,200,0,1,14,5,0,0,0,23,11,1,26,0,0,0,0,200,200
384723,1,30,0,200,0,1,14,5,0,0,0,23,11,1,22,5,200,200,200,200,200
384723,1,30,0,200,0,1,14,5,0,0,0,23,11,0,0,5,200,200,200,200,200
384724,0,30,2,2,0,1,10,5,0,0,0,0,0,1,200,0,3,0,0,200,200
384724,0,30,2,2,0,1,10,5,0,0,0,0,0,0,200,0,0,0,0,200,200
384728,0,30,0,0,0,1,14,5,0,0,0,17,200,0,18,200,1,0,0,200,200
384728,0,30,0,0,0,1,14,5,0,0,0,17,200,0,34,200,0,0,0,200,200
384728,1,30,0,0,0,1,14,5,0,0,0,17,200,1,27,200,200,200,200,200,200
384732,0,55,200,0,0,1,12,3,0,0,0,0,200,2,200,200,200,200,200,200,200
384732,0,55,200,0,0,1,12,3,0,0,0,0,200,1,47,200,0,0,0,200,200
384740,0,30,0,0,0,1,12,3,0,0,0,0,200,0,37,0,200,0,0,200,200
384740,0,30,0,0,0,1,12,3,0,0,0,0,200,0,40,0,200,0,0,200,200
384740,1,30,0,0,0,1,12,3,0,0,0,0,200,1,35,0,200,200,200,200,200
384740,1,30,0,0,0,1,12,3,0,0,0,0,200,1,10,0,200,200,200,200,200
384740,1,30,0,0,0,1,12,3,0,0,0,0,200,1,8,0,200,200,200,200,200
384743,0,30,1,2,0,1,14,5,0,0,0,17,200,0,64,0,1,0,0,200,200
384743,0,30,1,2,0,1,14,5,0,0,0,17,200,0,60,0,1,12,0,200,200
384745,0,30,0,0,0,1,14,3,0,0,0,0,200,0,200,0,200,0,0,200,200
384745,0,30,0,0,0,1,14,3,0,0,0,0,200,0,64,7,0,0,0,200,200
384749,0,30,0,0,0,1,10,5,0,0,200,18,0,0,38,200,3,0,0,200,200