RD_NO,PERSON_TYPE,POSTED_SPEED_LIMIT,TRAFFIC_CONTROL_DEVICE,DEVICE_CONDITION,WEATHER_CONDITION,LIGHTING_CONDITION,FIRST_CRASH_TYPE,TRAFFICWAY_TYPE,ALIGNMENT,ROADWAY_SURFACE_COND,ROAD_DEFECT,PRIM_CONTRIBUTORY_CAUSE,SEC_CONTRIBUTORY_CAUSE,SEX,AGE,SAFETY_EQUIPMENT,DRIVER_ACTION,DRIVER_VISION,PHYSICAL_CONDITION,BAC_RESULT VALUE,CELL_PHONE_USE
384749,0,30,0,0,0,1,10,5,0,0,200,18,0,0,34,0,0,0,0,200,200
384749,1,30,0,0,0,1,10,5,0,0,200,18,0,0,200,200,200,200,200,200,200
384754,0,30,1,2,0,1,12,5,0,0,0,17,21,1,200,200,3,200,200,200,200
384754,0,30,1,2,0,1,12,5,0,0,0,17,21,0,30,0,0,0,0,200,200
384755,0,35,1,2,0,1,10,2,0,0,0,0,0,0,41,0,200,0,0,200,200
384755,0,35,1,2,0,1,10,2,0,0,0,0,0,0,32,0,0,0,0,200,200
384755,0,35,1,2,0,1,10,2,0,0,0,0,0,0,31,0,200,0,0,200,200
384766,0,30,0,0,0,1,7,5,0,0,0,0,200,1,200,200,200,200,200,200,200
384772,0,35,0,0,0,1,10,5,0,0,0,0,0,0,42,0,0,0,0,200,200
384772,0,35,0,0,0,1,10,5,0,0,0,0,0,0,71,0,1,0,0,200,200
384772,1,35,0,0,0,1,10,5,0,0,0,0,0,1,70,7,200,200,200,200,200
384772,1,35,0,0,0,1,10,5,0,0,0,0,0,0,200,7,200,200,200,200,200
384775,0,30,0,0,0,1,7,6,0,0,0,200,200,2,200,200,200,200,200,200,200
384777,0,30,1,2,2,1,10,5,0,1,0,0,200,0,25,0,1,0,0,200,200
384777,0,30,1,2,2,1,10,5,0,1,0,0,200,0,35,0,0,0,0,200,200
384789,0,30,1,2,0,1,12,2,0,0,0,21,200,0,47,0,4,0,0,200,200
384789,0,30,1,2,0,1,12,2,0,0,0,21,200,0,77,0,0,0,0,200,200
384790,0,35,1,200,200,1,10,2,0,200,200,18,18,1,200,200,3,200,200,200,200
384790,0,35,1,200,200,1,10,2,0,200,200,18,18,0,79,0,0,200,0,200,200
384793,0,35,1,2,0,1,7,5,0,0,0,25,0,0,200,200,12,200,200,200,200
384793,1,35,1,2,0,1,7,5,0,0,0,25,0,1,200,1,200,200,200,200,200
384793,1,35,1,2,0,1,7,5,0,0,0,25,0,200,200,200,200,200,200,200,200
384793,1,35,1,2,0,1,7,5,0,0,0,25,0,1,0,5,200,200,200,200,200
384809,0,30,1,2,0,1,14,5,0,0,0,0,0,1,21,200,2,0,0,200,200
384809,0,30,1,2,0,1,14,5,0,0,0,0,0,0,43,200,0,200,0,200,200
384823,0,25,0,0,0,1,9,6,0,0,0,0,200,0,56,0,0,0,0,200,200
384823,5,25,0,0,0,1,9,6,0,0,0,0,200,0,10,7,200,0,0,200,200
384829,0,30,200,200,0,1,10,2,0,200,200,0,0,0,28,200,4,200,200,200,1
384829,0,30,200,200,0,1,10,2,0,200,200,0,0,0,48,0,0,0,0,200,200
384833,0,30,1,2,0,1,0,2,0,0,0,6,200,1,26,0,5,0,0,200,200
384833,0,30,1,2,0,1,0,2,0,0,0,6,200,0,200,200,0,0,0,200,200
384833,1,30,1,2,0,1,0,2,0,0,0,6,200,1,0,0,200,200,200,200,200
384834,0,5,0,0,0,1,0,6,0,0,0,20,17,1,200,200,6,200,200,200,200
384834,0,5,0,0,0,1,0,6,0,0,0,20,17,1,32,0,12,0,0,200,200
384837,0,30,2,12,0,1,0,5,0,0,0,0,200,1,53,0,200,0,0,200,200
384837,0,30,2,12,0,1,0,5,0,0,0,0,200,0,35,0,0,0,0,200,200
384837,1,30,2,12,0,1,0,5,0,0,0,0,200,1,200,0,200,200,200,200,200
384839,0,30,0,0,0,1,5,5,0,0,0,12,200,0,35,0,200,0,0,200,200
384839,1,30,0,0,0,1,5,5,0,0,0,12,200,1,33,0,200,200,200,200,200
384844,0,20,0,0,0,1,7,6,0,0,0,12,11,1,19,200,12,200,1,200,200
384846,0,30,0,0,200,2,2,12,0,200,12,29,29,0,36,200,0,0,0,200,200
384854,0,15,0,0,0,200,14,0,0,1,0,23,23,0,200,200,7,200,200,200,200
384854,0,15,0,0,0,200,14,0,0,1,0,23,23,0,28,0,0,0,0,200,200
384865,0,30,1,2,0,1,0,5,0,0,0,17,0,1,34,0,1,0,0,200,200
384865,0,30,1,2,0,1,0,5,0,0,0,17,0,1,51,0,0,0,0,200,200
384867,0,35,0,0,0,1,7,7,0,0,0,20,200,0,62,200,6,0,0,200,200
384873,0,30,1,2,0,1,7,3,0,0,0,23,0,0,200,200,7,200,200,200,200
384873,1,30,1,2,0,1,7,3,0,0,0,23,0,1,50,0,200,200,200,200,200
384874,0,30,0,0,0,1,7,6,0,0,0,21,12,0,49,0,12,0,0,200,200
384874,1,30,0,0,0,1,7,6,0,0,0,21,12,0,11,0,200,200,200,200,200
384874,1,30,0,0,0,1,7,6,0,0,0,21,12,0,6,5,200,200,200,200,200
384874,1,30,0,0,0,1,7,6,0,0,0,21,12,1,200,0,200,200,200,200,200
384882,0,30,200,200,0,1,10,5,0,0,0,16,0,1,30,200,1,200,200,200,200
384882,0,30,200,200,0,1,10,5,0,0,0,16,0,1,24,0,0,0,0,200,200
384882,1,30,200,200,0,1,10,5,0,0,0,16,0,1,49,0,200,200,200,200,200
384882,1,30,200,200,0,1,10,5,0,0,0,16,0,0,18,0,200,200,200,200,200
384882,1,30,200,200,0,1,10,5,0,0,0,16,0,0,4,0,200,200,200,200,200
384885,0,30,0,0,0,1,10,5,0,0,0,16,11,0,20,0,1,0,0,200,200
384885,0,30,0,0,0,1,10,5,0,0,0,16,11,0,24,0,0,0,0,200,200
384886,0,30,0,0,0,1,7,2,0,0,0,0,200,0,47,0,0,0,0,200,200
384886,1,30,0,0,0,1,7,2,0,0,0,0,200,1,50,0,200,200,200,200,200
384891,0,35,0,0,0,1,7,3,0,0,0,0,0,0,61,0,200,0,0,200,200
384894,0,30,2,2,0,1,0,5,0,0,0,0,0,0,30,200,200,200,200,200,200
384894,0,30,2,2,0,1,0,5,0,0,0,0,0,0,63,200,200,200,200,200,200
384894,1,30,2,2,0,1,0,5,0,0,0,0,0,0,61,200,200,200,200,200,200
384898,0,30,1,2,0,1,10,2,0,0,0,16,200,0,33,200,3,200,0,200,200
384898,0,30,1,2,0,1,10,2,0,0,0,16,200,0,52,200,0,200,0,200,200
384906,0,30,1,2,0,1,12,5,0,0,0,22,11,0,200,200,4,200,200,200,200
384906,0,30,1,2,0,1,12,5,0,0,0,22,11,0,36,0,12,0,0,200,200
384908,0,30,1,200,0,1,10,2,0,0,0,16,0,0,41,0,8,0,0,200,200
384908,0,30,1,200,0,1,10,2,0,0,0,16,0,0,53,0,0,0,0,200,200
384908,0,30,1,200,0,1,10,2,0,0,0,16,0,1,39,0,0,0,0,200,200
384912,0,30,0,0,0,1,8,5,0,0,200,17,200,0,18,200,12,0,0,200,200
384912,4,30,0,0,0,1,8,5,0,0,200,17,200,0,25,3,0,0,0,200,200
384916,0,35,0,0,0,1,10,2,0,0,0,0,0,1,19,0,200,0,0,200,200
384916,0,35,0,0,0,1,10,2,0,0,0,0,0,1,64,0,200,0,0,200,200
384917,0,30,1,2,0,1,10,5,0,0,0,200,200,0,200,200,12,200,200,200,200
384917,0,30,1,2,0,1,10,5,0,0,0,200,200,1,65,0,0,0,0,200,200
384920,0,30,0,0,0,1,7,5,0,200,200,0,200,1,43,200,200,200,0,200,200
384920,1,30,0,0,0,1,7,5,0,200,200,0,200,1,23,200,200,200,200,200,200
384926,0,30,1,2,0,1,12,5,0,0,0,0,0,1,19,0,4,200,0,200,200
384926,0,30,1,2,0,1,12,5,0,0,0,0,0,1,44,0,0,0,0,200,200
384938,0,30,1,2,0,1,10,2,0,0,0,0,0,0,63,0,12,0,0,200,200
384938,0,30,1,2,0,1,10,2,0,0,0,0,0,0,49,0,0,0,0,200,200
384941,0,30,1,2,0,1,10,5,0,0,200,18,0,0,48,200,3,0,0,200,200
384941,0,30,1,2,0,1,10,5,0,0,200,18,0,0,72,0,0,0,0,200,200
384941,1,30,1,2,0,1,10,5,0,0,200,18,0,1,200,200,200,200,200,200,200
384941,1,30,1,2,0,1,10,5,0,0,200,18,0,0,200,200,200,200,200,200,200
384941,1,30,1,2,0,1,10,5,0,0,200,18,0,0,200,200,200,200,200,200,200
384942,0,30,200,200,0,1,10,200,0,200,200,20,200,1,69,200,6,200,0,200,200
384942,0,30,200,200,0,1,10,200,0,200,200,20,200,0,62,200,0,200,0,200,200
384942,1,30,200,200,0,1,10,200,0,200,200,20,200,1,65,200,200,200,200,200,200
384942,1,30,200,200,0,1,10,200,0,200,200,20,200,200,200,200,200,200,200,200,200
384945,0,30,0,0,0,1,7,6,0,0,0,11,0,2,200,200,200,200,200,200,200
384946,0,30,1,2,0,1,10,5,0,0,0,18,200,0,56,0,3,0,0,200,200
384946,0,30,1,2,0,1,10,5,0,0,0,18,200,0,42,0,0,0,0,200,200
384951,0,25,2,2,0,1,7,5,0,0,0,0,0,2,200,200,200,200,200,200,200
384951,1,25,2,2,0,1,7,5,0,0,0,0,0,0,200,200,200,200,200,200,200
384951,1,25,2,2,0,1,7,5,0,0,0,0,0,0,200,200,200,200,200,200,200
384955,0,30,0,0,0,1,7,5,0,0,0,0,0,2,200,200,200,200,200,200,200
384957,0,35,1,2,0,1,7,2,0,0,0,21,200,0,25,0,12,0,0,200,200
384965,0,30,0,0,0,1,10,7,0,0,0,21,10,0,200,200,6,200,200,200,200
384965,0,30,0,0,0,1,10,7,0,0,0,21,10,1,74,0,0,0,0,200,200
384966,0,30,0,0,0,1,7,5,0,0,0,0,0,0,25,200,200,200,200,200,200
384967,0,30,0,0,0,1,12,5,0,0,0,22,200,0,45,0,200,0,0,200,200
384967,0,30,0,0,0,1,12,5,0,0,0,22,200,0,27,0,200,0,0,200,200
384967,1,30,0,0,0,1,12,5,0,0,0,22,200,2,200,200,200,200,200,200,200
384967,1,30,0,0,0,1,12,5,0,0,0,22,200,2,200,200,200,200,200,200,200
384968,0,35,0,0,0,1,12,5,0,0,0,0,0,0,69,0,200,0,0,200,200
384968,0,35,0,0,0,1,12,5,0,0,0,0,0,0,49,0,200,200,200,200,200
384976,0,30,0,0,0,1,10,5,0,200,200,0,200,1,23,200,3,0,0,200,200
384976,0,30,0,0,0,1,10,5,0,200,200,0,200,0,34,200,200,0,0,200,200
384980,0,30,200,200,0,1,12,5,0,0,0,0,19,0,49,200,200,200,200,200,200
384980,0,30,200,200,0,1,12,5,0,0,0,0,19,0,52,200,200,200,200,200,200
384981,0,30,0,0,0,1,0,5,0,0,0,0,200,0,65,0,200,0,0,200,200
384981,0,30,0,0,0,1,0,5,0,0,0,0,200,0,23,0,0,0,0,200,200
384986,0,30,0,0,0,1,12,5,0,0,0,0,0,2,200,200,200,200,200,200,200
384986,0,30,0,0,0,1,12,5,0,0,0,0,0,0,26,0,0,0,0,200,200
384988,0,35,0,0,200,1,12,2,0,200,200,0,0,1,73,200,4,200,200,200,200
384988,0,35,0,0,200,1,12,2,0,200,200,0,0,0,50,200,0,200,0,200,200
384990,0,30,1,2,200,1,10,5,0,200,0,18,0,1,34,200,3,0,0,200,200
384990,0,30,1,2,200,1,10,5,0,200,0,18,0,0,24,200,0,0,0,200,200
384998,0,15,2,200,0,1,0,12,0,200,200,0,200,1,29,200,200,200,200,200,200
384998,0,15,2,200,0,1,0,12,0,200,200,0,200,1,19,200,200,200,200,200,200
385001,0,30,2,2,0,1,10,5,0,0,0,0,0,0,200,0,200,0,0,200,200
385001,0,30,2,2,0,1,10,5,0,0,0,0,0,0,42,0,0,0,0,200,200
385002,0,0,0,0,0,1,7,7,0,0,0,200,200,1,200,200,0,200,200,200,200
385002,1,0,0,0,0,1,7,7,0,0,0,200,200,1,58,0,200,200,200,200,200
385002,1,0,0,0,0,1,7,7,0,0,0,200,200,0,81,0,200,200,200,200,200
385002,1,0,0,0,0,1,7,7,0,0,0,200,200,1,62,0,200,200,200,200,200
385008,0,35,1,2,0,1,10,3,0,0,0,18,200,1,26,0,3,0,0,200,200
385008,0,35,1,2,0,1,10,3,0,0,0,18,200,1,25,1,0,0,0,200,200
385008,1,35,1,2,0,1,10,3,0,0,0,18,200,1,8,0,200,200,200,200,200
385015,0,30,0,0,0,1,10,5,0,200,200,16,0,0,200,200,3,200,200,200,200
385015,0,30,0,0,0,1,10,5,0,200,200,16,0,0,30,200,12,200,0,200,200
385015,1,30,0,0,0,1,10,5,0,200,200,16,0,1,200,200,200,200,200,200,200
385015,1,30,0,0,0,1,10,5,0,200,200,16,0,0,200,5,200,200,200,200,200
385022,0,30,0,0,0,1,7,2,0,0,0,200,4,2,200,200,12,200,200,200,200
385025,0,30,0,0,0,1,7,5,0,0,0,0,0,2,200,200,200,200,200,200,200
385044,0,30,0,0,0,1,12,5,0,200,200,0,200,1,30,200,4,200,0,200,200
385044,0,30,0,0,0,1,12,5,0,200,200,0,200,1,54,200,0,200,200,200,200
385044,1,30,0,0,0,1,12,5,0,200,200,0,200,1,2,5,200,200,200,200,200
385050,0,25,200,2,0,1,12,5,0,0,0,18,22,1,200,200,3,200,200,200,200
385050,0,25,200,2,0,1,12,5,0,0,0,18,22,1,20,200,200,0,0,200,200
385050,1,25,200,2,0,1,12,5,0,0,0,18,22,0,200,200,200,200,200,200,200
385050,1,25,200,2,0,1,12,5,0,0,0,18,22,0,200,200,200,200,200,200,200
385050,1,25,200,2,0,1,12,5,0,0,0,18,22,1,200,200,200,200,200,200,200
385050,1,25,200,2,0,1,12,5,0,0,0,18,22,2,200,200,200,200,200,200,200
385050,1,25,200,2,0,1,12,5,0,0,0,18,22,1,23,200,200,200,200,200,200
385052,0,30,0,0,0,1,7,5,0,0,0,200,200,0,23,200,12,200,200,200,200
385052,0,30,0,0,0,1,7,5,0,0,0,200,200,1,32,0,12,200,0,200,200
385052,1,30,0,0,0,1,7,5,0,0,0,200,200,0,25,0,200,200,200,200,200
385052,1,30,0,0,0,1,7,5,0,0,0,200,200,0,3,5,200,200,200,200,200
385052,1,30,0,0,0,1,7,5,0,0,0,200,200,0,23,200,200,200,200,200,200
385053,0,30,0,0,0,1,14,0,0,0,0,0,0,0,24,200,200,200,200,200,200
385053,0,30,0,0,0,1,14,0,0,0,0,0,0,1,50,200,200,200,200,200,200
385054,0,25,0,0,0,1,12,6,0,0,0,25,18,1,200,200,3,200,200,200,200
385054,0,25,0,0,0,1,12,6,0,0,0,25,18,1,34,200,200,200,0,200,200
385056,0,30,0,0,0,1,14,5,0,0,0,20,200,0,65,200,7,0,0,200,200
385056,0,30,0,0,0,1,14,5,0,0,0,20,200,1,33,7,0,0,0,200,200
385056,1,30,0,0,0,1,14,5,0,0,0,20,200,0,200,200,200,200,200,200,200
385056,1,30,0,0,0,1,14,5,0,0,0,20,200,0,200,200,200,200,200,200,200
385059,0,30,1,2,0,1,14,3,3,0,0,0,0,0,21,200,4,0,0,200,200
385059,0,30,1,2,0,1,14,3,3,0,0,0,0,0,33,200,0,0,0,200,200
385059,0,30,1,2,0,1,14,3,3,0,0,0,0,0,54,200,0,0,0,200,200
385059,1,30,1,2,0,1,14,3,3,0,0,0,0,0,22,200,200,200,200,200,200
385061,0,30,1,2,0,1,10,2,0,0,0,18,11,0,27,200,3,0,0,200,200
385061,0,30,1,2,0,1,10,2,0,0,0,18,11,1,34,0,0,0,0,200,200
385063,0,20,0,0,0,1,7,7,0,0,0,0,0,0,200,200,10,200,200,200,200
385063,1,20,0,0,0,1,7,7,0,0,0,0,0,0,35,0,200,200,200,200,200
385064,0,35,0,0,0,1,10,5,0,0,0,0,0,2,200,200,200,200,200,200,200
385064,0,35,0,0,0,1,10,5,0,0,0,0,0,0,59,0,0,0,0,200,200
385066,0,30,200,200,0,1,12,5,0,0,0,6,21,0,51,0,4,0,0,200,200
385066,0,30,200,200,0,1,12,5,0,0,0,6,21,1,37,0,0,0,0,200,200
385068,0,30,0,0,0,200,7,200,0,200,200,20,200,1,27,200,6,200,200,200,200
385070,0,30,0,0,0,1,7,2,0,0,0,4,17,0,0,0,0,0,0,200,200
385071,0,30,1,2,0,1,10,5,0,0,0,0,0,1,200,200,3,200,200,200,200
385071,0,30,1,2,0,1,10,5,0,0,0,0,0,0,200,0,0,0,0,200,200
385071,0,30,1,2,0,1,10,5,0,0,0,0,0,0,200,0,0,0,0,200,200
385071,1,30,1,2,0,1,10,5,0,0,0,0,0,1,200,0,200,200,200,200,200
385075,0,30,1,2,0,1,14,5,0,0,200,17,200,1,29,7,1,200,0,200,200
385075,0,30,1,2,0,1,14,5,0,0,200,17,200,0,20,0,0,200,0,200,200
385078,0,30,1,200,0,1,10,5,0,200,200,0,200,1,200,200,200,200,200,200,200
385078,0,30,1,200,0,1,10,5,0,200,200,0,200,1,57,200,0,200,200,200,200
385087,0,30,0,0,0,1,0,5,0,0,0,16,11,0,200,200,1,200,200,200,200
385087,0,30,0,0,0,1,0,5,0,0,0,16,11,0,42,0,0,0,0,200,200
385091,0,30,0,0,0,1,7,6,0,0,0,200,200,2,200,200,200,200,200,200,200
385093,0,30,0,0,0,1,14,5,0,0,0,22,23,1,38,0,2,0,0,200,200
385093,0,30,0,0,0,1,14,5,0,0,0,22,23,0,64,0,7,0,0,200,200
385098,0,30,1,2,0,1,10,2,0,0,0,18,11,0,200,200,3,200,200,200,200
385098,0,30,1,2,0,1,10,2,0,0,0,18,11,1,32,0,0,0,0,200,200
385098,1,30,1,2,0,1,10,2,0,0,0,18,11,1,200,200,200,200,200,200,200
385098,1,30,1,2,0,1,10,2,0,0,0,18,11,1,200,200,200,200,200,200,200
385098,1,30,1,2,0,1,10,2,0,0,0,18,11,1,54,0,200,200,200,200,200
385098,1,30,1,2,0,1,10,2,0,0,0,18,11,1,12,0,200,200,200,200,200
385098,1,30,1,2,0,1,10,2,0,0,0,18,11,1,7,0,200,200,200,200,200
385098,1,30,1,2,0,1,10,2,0,0,0,18,11,1,9,0,200,200,200,200,200
385099,0,30,2,2,0,1,10,5,0,0,0,18,16,1,33,0,3,0,0,200,200
385099,0,30,2,2,0,1,10,5,0,0,0,18,16,1,37,0,0,0,0,200,200
385104,0,30,2,2,0,1,14,2,0,0,0,0,0,0,83,0,1,0,0,200,200
385104,0,30,2,2,0,1,14,2,0,0,0,0,0,0,200,200,200,200,200,200,200
385109,0,45,1,2,0,1,10,3,0,0,200,18,0,0,40,0,8,0,0,200,200
385109,0,45,1,2,0,1,10,3,0,0,200,18,0,0,31,0,0,0,0,200,200
385109,1,45,1,2,0,1,10,3,0,0,200,18,0,1,37,0,200,200,200,200,200
385109,1,45,1,2,0,1,10,3,0,0,200,18,0,1,78,0,200,200,200,200,200
385114,0,30,1,2,0,1,14,5,0,0,0,18,200,0,200,200,3,200,200,200,200
385114,0,30,1,2,0,1,14,5,0,0,0,18,200,0,38,0,0,0,0,200,200
385124,4,30,2,2,0,1,8,5,0,0,0,0,200,0,37,7,1,0,0,200,200
385124,0,30,2,2,0,1,8,5,0,0,0,0,200,0,33,200,2,0,0,200,200
385126,0,30,1,2,0,1,10,5,0,0,0,0,200,1,48,200,200,200,200,200,200
385126,0,30,1,2,0,1,10,5,0,0,0,0,200,1,48,0,0,0,0,200,200
385128,0,30,0,0,0,1,7,5,0,0,0,0,0,2,200,200,200,200,200,200,200
385129,0,30,0,200,0,200,12,200,0,200,200,18,200,0,59,200,3,200,200,200,200
385129,0,30,0,200,0,200,12,200,0,200,200,18,200,0,35,200,0,200,0,200,200
385129,1,30,0,200,0,200,12,200,0,200,200,18,200,0,27,200,200,200,200,200,200
385131,4,35,1,2,0,1,8,12,0,0,0,17,200,0,37,7,1,0,0,200,200
385131,0,35,1,2,0,1,8,12,0,0,0,17,200,0,59,0,0,0,0,200,200
385134,0,20,0,0,0,1,10,2,0,0,200,18,18,0,66,200,1,200,200,200,200
385134,0,20,0,0,0,1,10,2,0,0,200,18,18,0,31,0,0,200,0,200,200
385137,0,30,1,2,0,1,10,5,0,0,0,0,0,0,200,200,200,200,200,200,200
385137,0,30,1,2,0,1,10,5,0,0,0,0,0,1,29,0,0,0,200,200,200
385137,1,30,1,2,0,1,10,5,0,0,0,0,0,1,200,200,200,200,200,200,200
385146,0,35,1,2,0,1,10,3,0,0,200,25,200,2,200,200,4,200,200,200,200
385146,0,35,1,2,0,1,10,3,0,0,200,25,200,0,24,0,0,0,0,200,200
385149,0,30,0,0,0,1,7,7,0,0,0,20,20,1,200,0,6,0,0,200,200
385153,0,30,1,2,0,1,10,6,0,0,0,0,0,0,200,0,200,0,0,200,200
385153,0,30,1,2,0,1,10,6,0,0,0,0,0,0,200,200,200,200,200,200,200
385153,1,30,1,2,0,1,10,6,0,0,0,0,0,1,200,0,200,200,200,200,200
385154,0,15,0,0,0,4,0,7,0,0,0,0,0,1,27,0,0,0,0,200,200
385154,0,15,0,0,0,4,0,7,0,0,0,0,0,1,32,0,0,0,0,200,200
385154,1,15,0,0,0,4,0,7,0,0,0,0,0,0,11,0,200,200,200,200,200
385154,1,15,0,0,0,4,0,7,0,0,0,0,0,1,200,0,200,200,200,200,200
385158,0,30,1,0,0,1,10,2,0,0,0,16,18,1,28,0,3,0,0,200,200
385158,0,30,1,0,0,1,10,2,0,0,0,16,18,1,51,0,0,0,0,200,200
385158,1,30,1,0,0,1,10,2,0,0,0,16,18,0,5,0,200,200,200,200,200
385158,1,30,1,0,0,1,10,2,0,0,0,16,18,0,10,0,200,200,200,200,200
385158,1,30,1,0,0,1,10,2,0,0,0,16,18,1,24,0,200,200,200,200,200
385159,0,30,0,0,0,1,12,5,0,0,0,17,200,0,76,0,1,0,0,200,200
385159,0,30,0,0,0,1,12,5,0,0,0,17,200,0,28,0,1,0,0,200,200
385165,0,30,200,200,0,1,12,5,0,0,0,0,0,1,200,200,200,200,200,200,200
385165,0,30,200,200,0,1,12,5,0,0,0,0,0,1,30,200,200,200,200,200,200
385176,0,30,200,200,200,200,10,200,0,200,200,0,200,1,78,0,200,200,200,200,200
385176,0,30,200,200,200,200,10,200,0,200,200,0,200,1,200,200,200,200,200,200,200
385176,1,30,200,200,200,200,10,200,0,200,200,0,200,1,82,0,200,200,200,200,200
385181,0,30,0,0,0,4,2,5,0,0,12,200,200,0,43,0,0,0,0,200,200
385184,0,35,0,0,0,1,10,2,0,0,0,18,0,0,21,0,3,0,0,200,200
385184,0,35,0,0,0,1,10,2,0,0,0,18,0,1,60,0,0,200,0,200,200
385189,0,30,1,2,0,1,10,5,0,0,0,18,200,0,200,200,3,200,200,200,200
385189,0,30,1,2,0,1,10,5,0,0,0,18,200,0,40,0,0,0,0,200,200
385194,0,30,1,200,0,4,10,5,0,200,200,0,0,1,23,0,3,0,200,200,200
385194,0,30,1,200,0,4,10,5,0,200,200,0,0,0,31,0,0,0,0,200,200
385195,0,30,0,0,0,1,14,2,0,0,0,17,23,1,200,200,7,200,200,200,200
385195,0,30,0,0,0,1,14,2,0,0,0,17,23,0,27,0,0,0,0,200,200
385197,0,20,0,0,0,1,7,6,1,0,12,11,8,1,51,200,12,200,0,200,200
385201,0,30,0,0,0,1,10,5,0,0,0,0,200,0,42,200,1,0,0,200,200
385201,0,30,0,0,0,1,10,5,0,0,0,0,200,0,41,0,0,0,0,200,200
385201,1,30,0,0,0,1,10,5,0,0,0,0,200,0,200,0,200,200,200,200,200
385201,1,30,0,0,0,1,10,5,0,0,0,0,200,0,200,0,200,200,200,200,200
385205,0,30,0,0,0,1,11,5,0,0,0,17,200,1,35,0,1,0,0,200,200
385205,0,30,0,0,0,1,11,5,0,0,0,17,200,0,27,0,1,0,0,200,200
385207,0,30,0,0,0,1,14,5,0,0,0,0,200,1,22,7,0,0,0,200,200
385207,0,30,0,0,0,1,14,5,0,0,0,0,200,1,27,7,0,0,0,200,200
385208,0,30,0,0,0,1,12,3,0,0,0,0,0,1,200,200,200,200,200,200,200
385208,0,30,0,0,0,1,12,3,0,0,0,0,0,1,40,200,0,200,0,200,200
385208,1,30,0,0,0,1,12,3,0,0,0,0,0,1,39,200,200,200,200,200,200
385209,0,30,1,2,0,1,10,6,0,0,200,18,16,0,54,200,3,200,200,200,200
385209,0,30,1,2,0,1,10,6,0,0,200,18,16,0,55,0,0,0,0,200,200
385209,0,30,1,2,0,1,10,6,0,0,200,18,16,0,200,200,0,200,200,200,200
385210,0,30,0,200,0,1,14,5,0,0,0,200,200,1,75,0,1,0,0,200,200
385210,0,30,0,200,0,1,14,5,0,0,0,200,200,1,68,0,0,0,0,200,200
385210,1,30,0,200,0,1,14,5,0,0,0,200,200,0,69,0,200,200,200,200,200
385214,0,30,1,2,0,1,12,5,0,0,0,22,200,0,200,200,4,200,200,200,200
385214,0,30,1,2,0,1,12,5,0,0,0,22,200,0,49,0,0,0,0,200,200
385215,0,30,1,2,0,1,10,2,0,0,0,18,200,1,59,0,3,0,0,200,200
385215,0,30,1,2,0,1,10,2,0,0,0,18,200,0,39,0,0,0,0,200,200
385216,0,30,1,200,0,1,14,6,0,0,200,0,0,1,200,200,200,200,200,200,200
385216,0,30,1,200,0,1,14,6,0,0,200,0,0,0,32,0,200,0,0,200,200
385217,0,30,0,0,200,1,10,2,0,200,200,0,200,0,26,200,12,200,200,200,200
385217,0,30,0,0,200,1,10,2,0,200,200,0,200,0,65,200,0,200,200,200,200
385218,0,30,1,2,0,0,3,2,0,0,0,0,0,0,200,200,200,200,200,200,200
385218,0,30,1,2,0,0,3,2,0,0,0,0,0,1,18,0,0,0,0,200,200
385225,0,30,0,0,200,200,7,5,0,200,0,0,0,2,200,200,200,200,200,200,200
385227,0,30,0,200,0,1,12,5,0,0,200,0,0,0,200,200,2,200,200,200,200
385227,0,30,0,200,0,1,12,5,0,0,200,0,0,1,32,200,200,200,0,200,200
385230,0,30,1,2,0,1,12,5,0,0,0,0,0,1,47,200,200,200,0,200,200
385230,0,30,1,2,0,1,12,5,0,0,0,0,0,0,53,200,0,200,0,200,200
385234,0,30,0,0,0,1,7,6,0,0,0,0,0,2,200,200,200,200,200,200,200
385238,0,30,2,2,0,1,9,5,0,0,0,0,0,0,31,200,1,200,200,200,200
385238,5,30,2,2,0,1,9,5,0,0,0,0,0,1,40,7,0,0,0,200,200
385241,0,30,0,0,0,1,10,5,0,0,0,0,0,0,200,0,4,0,0,200,200
385241,0,30,0,0,0,1,10,5,0,0,0,0,0,0,200,0,0,0,0,200,200
385244,0,0,0,0,0,1,7,7,0,0,0,0,0,0,39,200,200,200,200,200,200
385245,0,30,0,0,0,1,14,0,0,0,0,17,25,0,200,200,1,200,200,200,200
385245,0,30,0,0,0,1,14,0,0,0,0,17,25,1,36,200,0,0,0,200,200
385245,1,30,0,0,0,1,14,0,0,0,0,17,25,2,200,200,200,200,200,200,200
385245,1,30,0,0,0,1,14,0,0,0,0,17,25,2,200,200,200,200,200,200,200
385245,1,30,0,0,0,1,14,0,0,0,0,17,25,2,200,200,200,200,200,200,200
385246,0,30,0,0,0,1,14,5,0,0,0,21,21,0,37,200,8,200,200,200,200
385246,0,30,0,0,0,1,14,5,0,0,0,21,21,1,50,0,0,0,0,200,200
385247,0,30,0,0,0,1,12,2,0,0,0,17,11,0,21,0,4,0,0,200,200