RD_NO,PERSON_TYPE,POSTED_SPEED_LIMIT,TRAFFIC_CONTROL_DEVICE,DEVICE_CONDITION,WEATHER_CONDITION,LIGHTING_CONDITION,FIRST_CRASH_TYPE,TRAFFICWAY_TYPE,ALIGNMENT,ROADWAY_SURFACE_COND,ROAD_DEFECT,PRIM_CONTRIBUTORY_CAUSE,SEC_CONTRIBUTORY_CAUSE,SEX,AGE,SAFETY_EQUIPMENT,DRIVER_ACTION,DRIVER_VISION,PHYSICAL_CONDITION,BAC_RESULT VALUE,CELL_PHONE_USE
385247,0,30,0,0,0,1,12,2,0,0,0,17,11,2,200,200,0,200,200,200,200
385249,0,30,0,0,0,1,14,5,0,200,200,17,200,1,33,200,200,200,0,200,200
385249,0,30,0,0,0,1,14,5,0,200,200,17,200,1,60,200,0,0,0,200,200
385249,1,30,0,0,0,1,14,5,0,200,200,17,200,0,2,200,200,200,200,200,200
385249,1,30,0,0,0,1,14,5,0,200,200,17,200,1,1,200,200,200,200,200,200
385261,0,30,1,2,0,1,10,6,0,0,0,18,200,0,46,200,3,0,0,200,200
385261,0,30,1,2,0,1,10,6,0,0,0,18,200,1,38,0,0,0,0,200,200
385264,0,30,1,200,0,4,10,5,0,200,200,18,0,0,200,200,200,200,200,200,200
385264,0,30,1,200,0,4,10,5,0,200,200,18,0,1,50,0,0,0,0,200,200
385273,0,30,2,0,0,1,0,2,2,0,200,25,0,0,62,200,200,0,0,200,200
385273,0,30,2,0,0,1,0,2,2,0,200,25,0,1,200,200,200,200,200,200,200
385275,0,30,0,0,0,4,10,5,0,0,0,18,18,0,19,200,3,200,200,200,200
385275,0,30,0,0,0,4,10,5,0,0,0,18,18,0,19,7,0,0,0,200,200
385279,0,30,0,0,0,200,7,5,0,0,200,22,200,1,27,200,2,200,0,200,200
385282,0,30,1,2,0,4,12,5,0,0,0,0,200,1,47,200,200,200,200,200,200
385282,0,30,1,2,0,4,12,5,0,0,0,0,200,0,51,0,0,0,0,200,200
385286,0,30,0,0,0,0,7,6,0,0,0,0,0,2,200,200,200,0,200,200,200
385291,0,30,1,2,0,3,12,5,0,0,0,22,200,0,200,200,2,200,200,200,200
385291,0,30,1,2,0,3,12,5,0,0,0,22,200,0,43,0,0,0,0,200,200
385295,0,30,0,0,0,1,10,5,0,0,0,18,200,1,28,0,3,0,0,200,200
385295,0,30,0,0,0,1,10,5,0,0,0,18,200,1,22,0,12,0,0,200,200
385295,1,30,0,0,0,1,10,5,0,0,0,18,200,1,200,0,200,200,200,200,200
385295,1,30,0,0,0,1,10,5,0,0,0,18,200,0,200,1,200,200,200,200,200
385295,1,30,0,0,0,1,10,5,0,0,0,18,200,1,200,0,200,200,200,200,200
385295,1,30,0,0,0,1,10,5,0,0,0,18,200,1,48,0,200,200,200,200,200
385296,0,30,0,0,0,1,7,6,0,0,0,15,16,0,200,200,12,200,200,200,200
385296,1,30,0,0,0,1,7,6,0,0,0,15,16,0,200,200,200,200,200,200,200
385297,0,30,0,0,0,1,7,5,0,0,0,27,20,1,17,0,6,200,0,200,200
385307,0,35,0,0,0,1,7,3,0,0,0,22,11,2,200,200,2,200,200,200,200
385309,5,5,0,0,0,1,9,7,0,0,0,0,0,1,40,200,0,0,0,200,200
385309,0,5,0,0,0,1,9,7,0,0,0,0,0,1,200,200,8,200,200,200,200
385309,1,5,0,0,0,1,9,7,0,0,0,0,0,0,200,200,200,200,200,200,200
385309,1,5,0,0,0,1,9,7,0,0,0,0,0,0,200,200,200,200,200,200,200
385309,1,5,0,0,0,1,9,7,0,0,0,0,0,0,200,200,200,200,200,200,200
385312,0,30,0,0,0,1,7,5,0,0,0,21,21,2,200,200,200,200,200,200,200
385319,0,30,1,2,0,1,10,5,0,0,200,18,200,0,63,200,3,200,200,200,200
385319,0,30,1,2,0,1,10,5,0,0,200,18,200,0,41,0,0,0,0,200,200
385322,0,30,1,2,0,1,10,5,0,0,0,16,11,1,44,0,1,0,0,200,200
385322,0,30,1,2,0,1,10,5,0,0,0,16,11,1,60,0,0,0,0,200,200
385328,0,25,0,0,0,1,7,5,0,0,0,20,200,1,51,200,200,200,0,200,200
385342,0,10,0,0,200,1,7,12,0,200,200,0,0,2,200,200,200,200,200,200,200
385344,0,35,0,0,0,0,12,3,2,0,0,0,200,1,28,200,4,200,0,200,200
385344,0,35,0,0,0,0,12,3,2,0,0,0,200,1,29,200,0,200,200,200,200
385351,0,10,12,12,200,4,7,12,0,0,200,0,0,2,200,200,200,200,200,200,200
385355,4,30,0,0,0,2,8,2,0,0,0,0,200,0,24,7,200,0,0,200,200
385359,0,30,2,2,0,4,10,5,0,0,0,0,0,0,39,200,200,200,200,200,200
385359,0,30,2,2,0,4,10,5,0,0,0,0,0,0,33,0,0,0,0,200,200
385367,0,10,0,0,200,200,7,7,5,200,0,0,0,2,200,200,200,200,200,200,200
385369,4,30,1,2,0,0,8,6,0,0,0,4,200,1,42,7,12,0,0,200,200
385369,0,30,1,2,0,0,8,6,0,0,0,4,200,0,47,0,0,0,0,200,200
385376,0,30,0,0,0,1,7,6,0,0,0,0,0,1,200,200,200,200,200,200,200
385378,0,30,0,0,0,3,12,2,0,0,0,16,200,0,32,0,4,0,0,200,200
385378,0,30,0,0,0,3,12,2,0,0,0,16,200,0,62,0,0,0,0,200,200
385382,0,30,0,0,0,3,7,2,0,0,0,0,0,1,200,200,12,200,200,200,200
385393,0,30,0,0,0,0,12,12,0,0,200,0,0,1,84,200,12,200,0,200,200
385393,0,30,0,0,0,0,12,12,0,0,200,0,0,0,38,200,0,200,0,200,200
385393,1,30,0,0,0,0,12,12,0,0,200,0,0,0,67,200,200,200,200,200,200
385401,0,30,0,0,0,3,10,2,0,0,0,18,200,0,59,0,1,0,0,200,200
385401,0,30,0,0,0,3,10,2,0,0,0,18,200,0,64,0,0,0,0,200,200
385420,0,30,0,0,0,3,7,5,0,0,0,0,0,2,200,200,200,200,200,200,200
385427,0,30,0,0,0,3,7,3,0,0,0,22,200,0,200,200,12,200,200,200,200
385428,0,30,0,0,0,3,0,2,0,0,0,0,0,0,200,200,1,200,200,200,200
385428,0,30,0,0,0,3,0,2,0,0,0,0,0,1,24,0,0,0,0,200,200
385430,0,30,0,0,0,3,10,5,0,0,0,18,200,0,38,0,0,0,0,200,200
385430,0,30,0,0,0,3,10,5,0,0,0,18,200,1,40,0,0,0,0,200,200
385430,1,30,0,0,0,3,10,5,0,0,0,18,200,1,68,0,200,200,200,200,200
385430,1,30,0,0,0,3,10,5,0,0,0,18,200,0,3,5,200,200,200,200,200
385435,0,30,2,2,0,3,10,5,0,0,0,18,200,1,40,0,3,0,0,200,200
385435,0,30,2,2,0,3,10,5,0,0,0,18,200,0,50,0,0,0,0,200,200
385448,0,30,3,2,0,3,12,12,0,0,0,4,15,2,200,200,2,200,200,200,200
385448,0,30,3,2,0,3,12,12,0,0,0,4,15,1,27,0,12,0,0,200,200
385451,0,25,0,0,0,3,12,6,0,0,0,7,25,0,27,0,12,0,0,200,200
385451,0,25,0,0,0,3,12,6,0,0,0,7,25,1,31,0,0,0,0,200,200
385451,1,25,0,0,0,3,12,6,0,0,0,7,25,1,200,200,200,200,200,200,200
385451,1,25,0,0,0,3,12,6,0,0,0,7,25,0,200,200,200,200,200,200,200
385451,1,25,0,0,0,3,12,6,0,0,0,7,25,0,6,5,200,200,200,200,200
385451,1,25,0,0,0,3,12,6,0,0,0,7,25,1,8,5,200,200,200,200,200
385453,0,30,2,2,0,3,10,5,0,0,0,0,200,1,38,200,1,200,200,200,200
385453,0,30,2,2,0,3,10,5,0,0,0,0,200,0,72,0,0,0,0,200,200
385455,0,35,1,2,0,3,10,5,0,0,0,18,200,1,41,0,3,0,0,200,200
385455,0,35,1,2,0,3,10,5,0,0,0,18,200,0,32,0,0,0,0,200,200
385455,1,35,1,2,0,3,10,5,0,0,0,18,200,1,18,0,200,200,200,200,200
385456,0,30,0,0,0,3,7,5,0,0,0,0,0,1,43,0,7,200,0,200,200
385456,1,30,0,0,0,3,7,5,0,0,0,0,0,1,50,0,200,200,200,200,200
385456,1,30,0,0,0,3,7,5,0,0,0,0,0,0,200,0,200,200,200,200,200
385461,0,30,0,0,0,3,7,5,0,0,0,12,200,0,32,0,12,0,0,200,200
385462,0,30,2,2,0,3,3,5,0,0,0,0,10,2,200,200,200,200,200,200,200
385462,0,30,2,2,0,3,3,5,0,0,0,0,10,0,59,0,0,0,0,200,200
385465,0,30,2,2,0,3,0,6,0,0,0,17,0,0,25,0,1,12,0,200,200
385465,0,30,2,2,0,3,0,6,0,0,0,17,0,0,55,0,12,0,0,200,200
385469,0,30,1,2,0,3,10,2,0,0,3,19,11,1,200,200,3,200,200,200,200
385469,0,30,1,2,0,3,10,2,0,0,3,19,11,0,48,0,0,200,0,200,200
385470,0,30,1,2,0,3,14,5,0,0,0,17,200,1,35,0,1,0,0,200,200
385470,0,30,1,2,0,3,14,5,0,0,0,17,200,0,36,0,0,0,0,200,200
385470,1,30,1,2,0,3,14,5,0,0,0,17,200,1,200,200,200,200,200,200,200
385470,1,30,1,2,0,3,14,5,0,0,0,17,200,1,200,200,200,200,200,200,200
385488,0,30,1,200,0,0,10,2,0,0,0,0,0,0,27,200,200,0,0,200,200
385488,0,30,1,200,0,0,10,2,0,0,0,0,0,0,57,200,200,0,0,200,200
385488,1,30,1,200,0,0,10,2,0,0,0,0,0,0,49,200,200,200,200,200,200
385488,1,30,1,200,0,0,10,2,0,0,0,0,0,0,26,200,200,200,200,200,200
385488,1,30,1,200,0,0,10,2,0,0,0,0,0,200,200,200,200,200,200,200,200
385515,0,30,1,2,0,3,14,1,0,0,0,6,16,0,200,200,5,200,200,200,200
385515,0,30,1,2,0,3,14,1,0,0,0,6,16,0,58,200,0,0,0,200,200
385517,0,30,2,2,0,3,7,6,0,0,0,200,0,0,46,0,8,200,0,200,200
385518,0,30,0,0,0,3,12,5,0,0,0,21,0,0,27,200,4,0,0,200,200
385518,0,30,0,0,0,3,12,5,0,0,0,21,0,0,32,200,200,0,0,200,200
385526,0,30,1,2,0,3,0,3,0,0,200,17,17,2,200,200,200,200,200,200,200
385526,0,30,1,2,0,3,0,3,0,0,200,17,17,0,45,200,12,0,0,200,200
385532,0,35,1,2,0,3,0,5,0,0,0,17,17,0,43,0,1,0,0,200,200
385532,0,35,1,2,0,3,0,5,0,0,0,17,17,0,45,0,0,0,0,200,200
385532,1,35,1,2,0,3,0,5,0,0,0,17,17,0,48,0,200,200,200,200,200
385532,1,35,1,2,0,3,0,5,0,0,0,17,17,1,39,0,200,200,200,200,200
385536,0,30,2,2,0,3,14,5,0,0,0,0,200,1,39,0,200,0,0,200,200
385536,0,30,2,2,0,3,14,5,0,0,0,0,200,0,22,0,200,200,0,200,200
385537,0,35,0,0,0,3,14,5,0,0,0,22,18,0,25,0,2,0,0,200,200
385537,0,35,0,0,0,3,14,5,0,0,0,22,18,0,29,0,0,0,0,200,200
385537,1,35,0,0,0,3,14,5,0,0,0,22,18,0,31,0,200,200,200,200,200
385537,1,35,0,0,0,3,14,5,0,0,0,22,18,0,200,0,200,200,200,200,200
385562,0,30,1,2,0,0,10,5,0,0,0,18,0,2,200,200,3,200,200,200,200
385562,0,30,1,2,0,0,10,5,0,0,0,18,0,1,31,0,0,0,0,200,200
385583,0,30,1,2,0,1,9,5,0,0,0,0,0,2,200,200,200,200,200,200,200
385583,5,30,1,2,0,1,9,5,0,0,0,0,0,1,65,7,0,200,0,200,200
385585,0,30,0,0,0,3,7,5,0,0,0,0,0,2,200,200,200,200,200,200,200
385593,0,30,1,2,0,3,0,5,0,0,0,6,16,1,31,200,5,0,5,200,200
385593,0,30,1,2,0,3,0,5,0,0,0,6,16,0,41,200,0,0,0,200,200
385597,0,25,2,0,0,3,7,6,0,0,0,200,200,0,200,200,200,200,200,200,200
385636,0,30,1,2,0,3,2,8,3,0,0,0,0,2,200,200,200,200,200,200,200
385653,0,30,1,2,0,2,14,12,0,0,0,33,17,0,28,1,1,1,0,200,200
385653,0,30,1,2,0,2,14,12,0,0,0,33,17,0,50,0,0,0,0,200,200
385659,0,30,2,2,0,1,14,5,0,0,0,17,11,1,25,200,1,0,0,200,200
385659,0,30,2,2,0,1,14,5,0,0,0,17,11,0,71,2,0,0,0,200,200
385660,0,30,1,2,0,1,3,5,0,0,0,17,17,1,22,0,1,200,0,200,200
385660,0,30,1,2,0,1,3,5,0,0,0,17,17,0,22,2,0,0,0,200,200
385662,0,30,0,0,0,3,2,5,2,0,0,3,200,1,50,0,12,0,0,200,200
385665,0,30,0,0,0,2,0,5,0,0,0,17,0,0,200,200,1,200,200,200,200
385665,0,30,0,0,0,2,0,5,0,0,0,17,0,1,22,200,0,0,0,200,200
385680,0,30,1,2,0,1,8,2,0,0,0,17,7,0,54,0,1,0,0,200,200
385680,4,30,1,2,0,1,8,2,0,0,0,17,7,1,39,3,0,0,0,200,200
385681,0,30,1,2,0,1,14,2,0,0,0,0,200,0,24,0,200,0,0,200,200
385681,0,30,1,2,0,1,14,2,0,0,0,0,200,1,45,0,200,0,0,200,200
385681,1,30,1,2,0,1,14,2,0,0,0,0,200,1,17,0,200,200,200,200,200
385687,0,30,1,2,0,1,10,5,0,0,0,7,18,0,52,200,12,0,0,200,200
385687,0,30,1,2,0,1,10,5,0,0,0,7,18,0,53,200,0,0,0,200,200
385687,1,30,1,2,0,1,10,5,0,0,0,7,18,1,200,200,200,200,200,200,200
385692,0,30,0,0,0,3,7,6,0,0,0,0,21,2,200,200,8,200,200,200,200
385694,0,30,1,2,0,1,14,6,0,0,0,21,0,1,28,0,4,0,0,200,200
385694,0,30,1,2,0,1,14,6,0,0,0,21,0,0,25,0,0,0,0,200,200
385694,1,30,1,2,0,1,14,6,0,0,0,21,0,0,26,0,200,200,200,200,200
385696,0,30,0,0,0,1,14,1,0,0,0,17,17,0,47,0,1,0,0,200,200
385696,0,30,0,0,0,1,14,1,0,0,0,17,17,1,32,0,0,0,0,200,200
385698,0,10,0,3,0,1,7,0,0,0,0,25,20,0,200,200,13,0,0,200,200
385698,1,10,0,3,0,1,7,0,0,0,0,25,20,0,14,200,200,200,200,200,200
385698,1,10,0,3,0,1,7,0,0,0,0,25,20,0,15,200,200,200,200,200,200
385707,0,30,1,2,0,1,14,2,0,0,0,17,200,1,45,0,12,200,0,200,200
385707,0,30,1,2,0,1,14,2,0,0,0,17,200,0,0,0,1,200,0,200,200
385715,0,45,1,2,0,1,14,1,0,0,0,22,0,0,200,200,4,200,200,200,200
385715,0,45,1,2,0,1,14,1,0,0,0,22,0,1,37,0,0,0,0,200,200
385717,0,25,1,2,0,1,12,6,0,0,0,0,18,0,50,0,12,0,0,200,200
385717,0,25,1,2,0,1,12,6,0,0,0,0,18,0,36,0,0,0,0,200,200
385721,0,30,1,2,0,1,14,3,0,0,0,17,200,1,21,0,1,0,0,200,200
385721,0,30,1,2,0,1,14,3,0,0,0,17,200,0,30,0,0,0,0,200,200
385724,0,30,0,0,0,1,12,6,0,0,0,17,17,1,25,200,1,0,0,200,200
385724,0,30,0,0,0,1,12,6,0,0,0,17,17,1,28,0,0,0,0,200,200
385726,0,30,0,0,0,1,7,5,0,0,0,0,200,0,29,0,7,0,0,200,200
385726,1,30,0,0,0,1,7,5,0,0,0,0,200,0,22,0,200,200,200,200,200
385730,0,30,1,2,0,1,14,5,0,0,0,0,0,1,46,200,200,0,0,200,200
385730,0,30,1,2,0,1,14,5,0,0,0,0,0,1,35,200,200,0,0,200,200
385732,0,25,0,0,0,1,7,5,0,0,0,27,200,0,47,200,200,0,4,200,200
385739,0,30,0,0,0,1,7,5,0,200,200,20,200,0,69,200,6,200,200,200,200
385741,1,30,0,0,0,1,12,6,0,0,0,0,0,0,200,0,200,200,200,200,200
385741,0,30,0,0,0,1,12,6,0,0,0,0,0,0,49,0,0,0,0,200,200
385741,0,30,0,0,0,1,12,6,0,0,0,0,0,1,59,0,200,0,0,200,200
385741,1,30,0,0,0,1,12,6,0,0,0,0,0,1,200,0,200,200,200,200,200
385744,0,30,1,2,0,1,12,6,0,0,0,0,200,0,45,0,200,0,0,200,200
385744,0,30,1,2,0,1,12,6,0,0,0,0,200,0,28,0,200,0,0,200,200
385750,0,15,0,0,0,200,2,0,0,0,0,0,200,2,200,200,200,200,200,200,200
385754,0,30,0,0,0,3,7,2,0,0,0,0,200,2,200,200,200,200,200,200,200
385765,0,30,0,0,0,1,7,5,0,0,0,0,200,1,30,0,12,0,0,200,200
385782,0,30,2,2,0,1,0,5,0,0,0,0,200,0,25,0,1,1,0,200,200
385782,0,30,2,2,0,1,0,5,0,0,0,0,200,0,49,200,200,200,200,200,200
385790,0,30,1,2,0,1,14,2,0,1,0,11,0,0,38,200,1,0,0,200,200
385790,0,30,1,2,0,1,14,2,0,1,0,11,0,0,50,0,0,0,0,200,200
385796,0,30,0,0,0,1,12,5,0,0,0,200,200,1,72,200,7,200,0,200,200
385796,0,30,0,0,0,1,12,5,0,0,0,200,200,0,75,200,200,0,0,200,200
385796,1,30,0,0,0,1,12,5,0,0,0,200,200,200,200,200,200,200,200,200,200
385796,1,30,0,0,0,1,12,5,0,0,0,200,200,0,69,200,200,200,200,200,200
385807,0,15,0,0,0,1,3,0,0,0,0,20,0,0,44,200,6,200,200,200,200
385807,0,15,0,0,0,1,3,0,0,0,0,20,0,2,46,0,0,200,0,200,200
385811,0,30,0,0,0,1,14,2,0,0,0,17,200,1,200,0,1,0,0,200,200
385811,0,30,0,0,0,1,14,2,0,0,0,17,200,0,52,0,0,0,0,200,200
385818,0,30,0,0,0,1,14,5,0,0,0,17,11,0,37,0,0,0,0,200,200
385818,0,30,0,0,0,1,14,5,0,0,0,17,11,0,17,0,1,0,0,200,200
385818,1,30,0,0,0,1,14,5,0,0,0,17,11,1,21,0,200,200,200,200,200
385820,0,25,1,3,0,1,10,5,0,200,200,0,0,0,200,200,200,200,200,200,200
385820,0,25,1,3,0,1,10,5,0,200,200,0,0,1,28,0,0,0,0,200,200
385836,0,30,0,0,0,1,12,5,0,0,0,22,22,2,200,200,200,200,200,200,200
385836,0,30,0,0,0,1,12,5,0,0,0,22,22,0,57,0,0,0,0,200,200
385852,0,30,0,0,0,1,7,7,0,0,0,17,17,2,200,200,1,200,200,200,200
385857,0,35,0,0,0,1,7,7,0,0,0,20,0,1,200,200,6,200,200,200,200
385859,0,30,0,0,0,1,7,2,0,0,0,200,200,2,200,200,200,200,200,200,200
385864,0,15,0,0,0,3,2,7,0,0,4,28,20,1,63,0,6,200,200,200,200
385866,0,30,1,2,0,1,10,5,0,0,0,0,0,1,200,200,8,200,200,200,200
385866,0,30,1,2,0,1,10,5,0,0,0,0,0,0,26,0,0,0,0,200,200
385866,1,30,1,2,0,1,10,5,0,0,0,0,0,0,58,0,200,200,200,200,200
385883,0,30,12,12,0,1,12,12,0,0,0,11,0,0,200,0,12,0,0,200,200
385883,0,30,12,12,0,1,12,12,0,0,0,11,0,0,200,0,12,0,0,200,200
385897,0,30,0,0,0,1,0,2,0,0,0,33,200,0,69,200,1,0,0,200,200
385897,0,30,0,0,0,1,0,2,0,0,0,33,200,1,49,200,0,0,0,200,200
385901,0,30,12,2,0,1,10,2,0,0,0,18,200,0,34,0,3,0,0,200,200
385901,0,30,12,2,0,1,10,2,0,0,0,18,200,0,38,0,0,0,0,200,200
385909,0,30,0,0,0,1,7,5,0,0,0,16,22,0,57,0,2,200,0,200,200
385914,0,35,2,2,0,1,10,5,0,0,0,5,23,1,200,200,5,200,200,200,200
385914,0,35,2,2,0,1,10,5,0,0,0,5,23,0,30,0,0,0,0,200,200
385914,0,35,2,2,0,1,10,5,0,0,0,5,23,0,28,0,0,0,0,200,200
385916,0,30,0,0,0,1,12,5,0,0,0,11,0,0,23,0,1,0,0,200,200
385916,0,30,0,0,0,1,12,5,0,0,0,11,0,0,200,200,200,200,200,200,200
385916,1,30,0,0,0,1,12,5,0,0,0,11,0,0,200,0,200,200,200,200,200
385918,0,30,0,2,0,1,12,2,0,0,0,4,17,0,200,200,1,200,200,200,200
385918,0,30,0,2,0,1,12,2,0,0,0,4,17,0,30,0,0,0,0,200,200
385921,0,25,0,0,0,1,7,6,0,0,0,0,0,2,200,200,200,200,200,200,200
385922,0,15,200,200,0,1,7,7,0,0,0,27,0,0,92,200,12,0,0,200,200
385922,1,15,200,200,0,1,7,7,0,0,0,27,0,0,33,7,200,200,200,200,200
385928,0,10,0,0,0,1,0,7,0,0,0,17,17,1,61,200,1,0,0,200,200
385928,0,10,0,0,0,1,0,7,0,0,0,17,17,0,30,0,0,0,0,200,200
385935,0,30,0,0,0,1,10,5,0,0,0,18,0,1,200,200,3,200,200,200,200
385935,0,30,0,0,0,1,10,5,0,0,0,18,0,0,32,2,0,0,0,200,200
385939,0,30,0,0,0,1,7,1,0,0,0,25,200,0,29,0,12,0,0,200,200
385942,0,30,0,0,0,1,14,5,0,0,0,18,200,2,200,200,3,200,200,200,200
385942,0,30,0,0,0,1,14,5,0,0,0,18,200,0,65,0,0,0,0,200,200
385952,0,30,9,2,0,1,12,5,0,0,12,17,22,0,40,0,1,0,0,200,200
385952,0,30,9,2,0,1,12,5,0,0,12,17,22,0,53,0,0,0,0,200,200
385973,0,30,1,2,0,1,14,5,0,0,0,17,16,0,34,0,1,1,0,200,200
385973,0,30,1,2,0,1,14,5,0,0,0,17,16,1,21,0,0,1,0,200,200
385973,1,30,1,2,0,1,14,5,0,0,0,17,16,1,28,1,200,200,200,200,200
385979,0,10,0,0,0,1,7,0,0,0,200,0,200,0,200,200,200,200,200,200,200
385983,0,30,0,0,0,1,7,5,0,0,0,12,200,0,41,0,12,0,0,200,200
385984,0,15,0,0,0,1,0,7,0,200,0,20,0,1,47,200,2,200,0,200,200
385984,0,15,0,0,0,1,0,7,0,200,0,20,0,1,19,200,0,200,0,200,200
385993,0,15,0,0,0,1,10,7,0,0,0,20,0,0,39,200,6,0,0,200,200
385993,0,15,0,0,0,1,10,7,0,0,0,20,0,1,59,0,0,0,0,200,200
386006,0,30,0,0,0,3,3,6,0,0,0,0,0,1,200,200,12,200,200,200,200
386006,0,30,0,0,0,3,3,6,0,0,0,0,0,0,200,0,0,0,0,200,200
386011,0,30,0,0,0,1,7,5,0,0,0,12,21,0,27,200,12,200,0,200,200
386016,0,30,1,2,0,1,14,2,0,0,0,0,200,1,30,0,12,1,0,200,200
386016,0,30,1,2,0,1,14,2,0,0,0,0,200,0,54,0,12,1,0,200,200
386016,1,30,1,2,0,1,14,2,0,0,0,0,200,1,54,0,200,200,200,200,200
386016,1,30,1,2,0,1,14,2,0,0,0,0,200,1,0,5,200,200,200,200,200
386016,1,30,1,2,0,1,14,2,0,0,0,0,200,0,5,0,200,200,200,200,200
386016,1,30,1,2,0,1,14,2,0,0,0,0,200,1,3,0,200,200,200,200,200
386018,0,30,0,0,0,1,12,2,0,0,0,17,200,0,39,0,1,0,0,200,200
386018,0,30,0,0,0,1,12,2,0,0,0,17,200,0,47,0,0,0,0,200,200
386018,1,30,0,0,0,1,12,2,0,0,0,17,200,0,200,0,200,200,200,200,200
386024,0,30,1,2,0,1,14,2,0,0,0,0,0,1,21,0,12,0,0,200,200
386024,0,30,1,2,0,1,14,2,0,0,0,0,0,0,70,0,0,0,0,200,200
386024,1,30,1,2,0,1,14,2,0,0,0,0,0,0,25,0,200,200,200,200,200
386035,0,30,0,0,0,1,5,5,0,0,1,29,29,1,45,0,0,0,0,200,200
386038,0,30,0,0,0,1,7,6,0,0,0,20,200,0,200,200,6,200,200,200,200
386039,0,30,0,0,0,1,7,0,0,0,0,0,0,1,200,200,6,200,200,200,200
386042,0,30,1,2,0,1,14,5,0,0,0,17,200,0,37,0,1,0,0,200,200
386042,0,30,1,2,0,1,14,5,0,0,0,17,200,0,42,0,0,0,0,200,200
386043,0,30,0,0,0,1,10,5,0,0,0,18,25,1,16,200,3,0,12,200,200
386043,0,30,0,0,0,1,10,5,0,0,0,18,25,1,51,200,0,0,0,200,200
386045,0,30,0,3,0,1,7,6,0,0,0,0,0,2,200,200,200,200,200,200,200
386052,0,35,0,0,200,1,12,5,0,200,0,21,200,2,200,200,4,200,200,200,200
386052,0,35,0,0,200,1,12,5,0,200,0,21,200,0,59,200,0,200,0,200,200
386053,0,30,1,2,0,1,10,5,0,0,0,18,21,0,18,200,4,0,0,200,200
386053,0,30,1,2,0,1,10,5,0,0,0,18,21,1,65,0,0,0,0,200,200
386053,1,30,1,2,0,1,10,5,0,0,0,18,21,0,18,200,200,200,200,200,200
386059,0,35,0,0,0,1,10,5,0,0,0,18,200,0,24,0,3,200,0,200,200
386059,0,35,0,0,0,1,10,5,0,0,0,18,200,1,57,0,0,200,0,200,200
386059,1,35,0,0,0,1,10,5,0,0,0,18,200,1,38,0,200,200,200,200,200
386060,0,30,0,0,0,1,0,0,0,0,0,20,0,0,62,0,6,0,0,200,200
386060,0,30,0,0,0,1,0,0,0,0,0,20,0,0,33,0,0,0,0,200,200
386067,0,25,0,0,0,1,8,6,0,0,0,11,200,0,35,200,200,200,0,200,200
386067,4,25,0,0,0,1,8,6,0,0,0,11,200,0,47,200,200,200,0,200,200
386071,0,30,1,2,0,1,12,5,0,0,0,200,200,0,200,200,200,200,200,200,200
386071,0,30,1,2,0,1,12,5,0,0,0,200,200,0,26,200,0,0,0,200,200
386071,1,30,1,2,0,1,12,5,0,0,0,200,200,1,200,200,200,200,200,200,200
386074,0,30,0,0,0,1,12,5,0,0,0,0,200,0,45,0,12,0,0,200,200
386074,0,30,0,0,0,1,12,5,0,0,0,0,200,0,35,0,0,0,0,200,200
386075,0,30,1,2,0,1,12,5,0,0,0,0,200,1,65,0,12,200,200,200,200
386075,0,30,1,2,0,1,12,5,0,0,0,0,200,0,39,0,0,0,0,200,200
386075,1,30,1,2,0,1,12,5,0,0,0,0,200,1,68,0,200,200,200,200,200
386076,0,30,1,2,0,1,10,2,0,0,0,6,18,1,66,200,0,200,200,200,200
386076,0,30,1,2,0,1,10,2,0,0,0,6,18,1,41,0,5,0,0,200,200
386077,0,30,0,200,0,1,2,0,0,0,200,25,14,0,17,200,13,200,200,200,200
386077,1,30,0,200,0,1,2,0,0,0,200,25,14,1,20,200,200,200,200,200,200
386088,0,30,1,2,0,1,10,5,0,0,0,8,16,0,200,200,12,12,0,200,200
386088,0,30,1,2,0,1,10,5,0,0,0,8,16,0,200,0,0,0,0,200,200
386088,1,30,1,2,0,1,10,5,0,0,0,8,16,1,20,200,200,200,200,200,200
386088,1,30,1,2,0,1,10,5,0,0,0,8,16,1,22,7,200,200,200,200,200
386088,1,30,1,2,0,1,10,5,0,0,0,8,16,0,34,7,200,200,200,200,200
386088,1,30,1,2,0,1,10,5,0,0,0,8,16,0,54,7,200,200,200,200,200
386088,1,30,1,2,0,1,10,5,0,0,0,8,16,0,49,7,200,200,200,200,200
386088,1,30,1,2,0,1,10,5,0,0,0,8,16,1,21,7,200,200,200,200,200
386088,1,30,1,2,0,1,10,5,0,0,0,8,16,0,29,7,200,200,200,200,200
386089,0,15,0,0,0,1,5,7,0,0,0,200,200,0,21,0,6,0,0,200,200
386100,0,30,0,0,0,1,14,5,0,0,0,17,0,1,45,200,1,200,0,200,200
386100,0,30,0,0,0,1,14,5,0,0,0,17,0,0,28,200,200,0,0,200,200
386100,1,30,0,0,0,1,14,5,0,0,0,17,0,1,7,200,200,200,200,200,200
386100,1,30,0,0,0,1,14,5,0,0,0,17,0,0,3,200,200,200,200,200,200
386100,1,30,0,0,0,1,14,5,0,0,0,17,0,0,5,200,200,200,200,200,200
386100,1,30,0,0,0,1,14,5,0,0,0,17,0,1,28,200,200,200,200,200,200
386105,5,20,1,2,2,1,9,2,0,0,200,0,0,0,200,200,1,200,200,200,200
386105,0,20,1,2,2,1,9,2,0,0,200,0,0,1,0,0,0,200,0,200,200
386111,0,30,1,2,200,1,10,5,0,200,0,18,200,0,200,200,3,0,0,200,200