RD_NO,PERSON_TYPE,POSTED_SPEED_LIMIT,TRAFFIC_CONTROL_DEVICE,DEVICE_CONDITION,WEATHER_CONDITION,LIGHTING_CONDITION,FIRST_CRASH_TYPE,TRAFFICWAY_TYPE,ALIGNMENT,ROADWAY_SURFACE_COND,ROAD_DEFECT,PRIM_CONTRIBUTORY_CAUSE,SEC_CONTRIBUTORY_CAUSE,SEX,AGE,SAFETY_EQUIPMENT,DRIVER_ACTION,DRIVER_VISION,PHYSICAL_CONDITION,BAC_RESULT VALUE,CELL_PHONE_USE
386111,0,30,1,2,200,1,10,5,0,200,0,18,200,0,57,0,0,0,0,200,200
386113,0,30,0,0,0,3,7,5,0,0,0,18,200,1,63,200,3,0,0,200,200
386114,0,30,0,0,0,1,10,5,0,0,0,18,200,1,200,200,3,200,200,200,200
386114,0,30,0,0,0,1,10,5,0,0,0,18,200,1,21,200,0,0,200,200,200
386114,0,30,0,0,0,1,10,5,0,0,0,18,200,0,36,0,0,0,0,200,200
386114,0,30,0,0,0,1,10,5,0,0,0,18,200,1,200,200,0,200,200,200,200
386115,0,30,2,2,0,1,0,5,0,0,200,16,200,0,45,0,1,0,0,200,200
386115,0,30,2,2,0,1,0,5,0,0,200,16,200,0,38,0,0,0,0,200,200
386115,0,30,2,2,0,1,0,5,0,0,200,16,200,0,66,0,0,200,0,200,200
386117,0,30,0,0,0,1,14,12,0,0,0,4,200,0,58,200,12,0,0,200,200
386117,0,30,0,0,0,1,14,12,0,0,0,4,200,0,53,200,200,0,0,200,200
386118,0,30,1,2,0,1,7,5,0,0,0,0,0,0,50,200,12,200,200,200,200
386120,0,30,0,0,0,1,14,5,0,0,0,25,16,1,200,200,9,200,200,200,200
386120,0,30,0,0,0,1,14,5,0,0,0,25,16,0,26,0,0,0,0,200,200
386120,1,30,0,0,0,1,14,5,0,0,0,25,16,0,29,0,200,200,200,200,200
386121,0,30,0,0,2,1,12,3,0,1,0,17,200,1,200,200,1,200,200,200,200
386121,0,30,0,0,2,1,12,3,0,1,0,17,200,1,28,200,0,0,0,200,200
386121,1,30,0,0,2,1,12,3,0,1,0,17,200,0,7,5,200,200,200,200,200
386122,0,30,1,2,0,1,10,5,0,0,0,18,200,0,200,200,3,200,200,200,0
386122,0,30,1,2,0,1,10,5,0,0,0,18,200,1,47,0,0,0,0,200,200
386130,0,30,0,0,0,1,14,5,0,0,0,0,11,1,38,0,1,0,0,200,200
386130,0,30,0,0,0,1,14,5,0,0,0,0,11,0,38,0,0,0,0,200,200
386130,1,30,0,0,0,1,14,5,0,0,0,0,11,1,9,0,200,200,200,200,200
386130,1,30,0,0,0,1,14,5,0,0,0,0,11,1,9,0,200,200,200,200,200
386130,1,30,0,0,0,1,14,5,0,0,0,0,11,1,14,0,200,200,200,200,200
386130,1,30,0,0,0,1,14,5,0,0,0,0,11,0,14,0,200,200,200,200,200
386131,0,30,0,0,0,1,7,7,0,0,0,0,200,1,31,0,12,200,0,200,200
386132,0,30,1,2,0,1,12,3,0,0,0,21,0,1,63,200,4,0,0,200,200
386132,0,30,1,2,0,1,12,3,0,0,0,21,0,1,24,200,0,0,0,200,200
386145,0,30,0,0,0,1,7,2,0,0,0,0,0,0,200,200,200,200,200,200,200
386150,0,30,2,2,0,1,12,2,0,0,0,22,18,0,85,0,3,0,0,200,200
386150,0,30,2,2,0,1,12,2,0,0,0,22,18,0,57,0,0,0,0,200,200
386155,0,35,200,200,200,200,10,3,0,200,200,0,200,0,17,200,200,200,200,200,200
386155,0,35,200,200,200,200,10,3,0,200,200,0,200,1,55,200,200,200,200,200,200
386155,1,35,200,200,200,200,10,3,0,200,200,0,200,0,200,200,200,200,200,200,200
386158,0,30,2,0,0,1,12,12,0,0,0,200,0,1,24,0,200,200,0,200,200
386158,0,30,2,0,0,1,12,12,0,0,0,200,0,0,64,0,200,0,0,200,200
386158,1,30,2,0,0,1,12,12,0,0,0,200,0,1,200,0,200,200,200,200,200
386162,0,30,0,0,0,3,7,6,0,0,0,200,200,2,200,200,0,200,200,200,200
386163,0,30,0,0,0,1,7,2,0,0,0,11,200,1,57,0,0,0,0,200,200
386164,0,25,1,2,0,1,2,5,0,0,0,11,11,1,31,0,12,0,0,200,200
386164,1,25,1,2,0,1,2,5,0,0,0,11,11,1,56,0,200,200,200,200,200
386165,0,30,0,0,0,1,7,12,0,0,0,11,0,1,200,200,7,200,0,200,200
386168,0,30,0,0,0,1,14,12,0,0,0,0,200,0,200,200,12,200,200,200,200
386168,0,30,0,0,0,1,14,12,0,0,0,0,200,1,31,0,0,0,0,200,200
386168,1,30,0,0,0,1,14,12,0,0,0,0,200,0,200,200,200,200,200,200,200
386168,1,30,0,0,0,1,14,12,0,0,0,0,200,0,35,0,200,200,200,200,200
386170,0,30,0,0,0,1,7,5,0,0,0,22,200,2,200,200,2,200,200,200,200
386172,0,30,0,0,0,1,0,5,0,200,200,20,20,0,27,200,6,200,200,200,200
386172,0,30,0,0,0,1,0,5,0,200,200,20,20,1,27,0,12,200,0,200,200
386175,0,0,0,0,200,1,7,12,0,200,0,0,0,2,200,200,200,200,200,200,200
386179,0,25,1,2,0,1,12,5,0,0,200,0,0,0,35,0,200,0,0,200,200
386179,0,25,1,2,0,1,12,5,0,0,200,0,0,0,53,0,0,0,0,200,200
386181,0,30,0,0,0,1,10,5,0,0,0,18,200,0,200,200,200,200,200,200,200
386181,0,30,0,0,0,1,10,5,0,0,0,18,200,1,51,0,0,0,0,200,200
386188,0,30,0,0,0,1,2,5,0,0,1,200,200,0,28,0,0,0,0,200,200
386189,0,30,0,0,0,1,12,5,0,0,0,17,16,0,19,0,1,0,0,200,200
386189,0,30,0,0,0,1,12,5,0,0,0,17,16,1,200,0,200,0,0,200,200
386191,0,35,1,2,0,1,10,5,0,0,0,16,18,0,58,0,3,0,0,200,200
386191,0,35,1,2,0,1,10,5,0,0,0,16,18,1,42,200,0,200,0,200,200
386196,0,30,1,2,0,1,14,5,0,0,0,21,200,0,56,0,7,0,0,200,200
386196,0,30,1,2,0,1,14,5,0,0,0,21,200,1,56,0,0,0,0,200,200
386198,0,30,0,0,0,1,10,5,0,0,0,18,0,0,42,0,3,0,0,200,200
386198,0,30,0,0,0,1,10,5,0,0,0,18,0,1,27,0,0,0,0,200,200
386198,1,30,0,0,0,1,10,5,0,0,0,18,0,0,49,0,200,200,200,200,200
386201,0,20,0,0,0,200,7,6,0,0,200,0,200,2,200,200,200,200,200,200,200
386204,0,30,0,0,0,1,12,2,0,0,200,0,0,0,70,0,200,200,0,200,200
386204,0,30,0,0,0,1,12,2,0,0,200,0,0,0,52,0,0,200,0,200,200
386206,0,20,1,0,0,1,10,2,0,0,0,18,18,1,28,0,3,200,0,200,200
386206,0,20,1,0,0,1,10,2,0,0,0,18,18,0,61,0,0,0,0,200,200
386209,0,30,0,0,0,1,7,12,0,0,200,0,0,2,200,200,200,200,200,200,200
386218,0,30,1,2,0,1,14,5,0,0,0,17,0,0,27,0,7,0,5,200,200
386218,0,30,1,2,0,1,14,5,0,0,0,17,0,0,54,0,0,0,0,200,200
386224,0,30,0,0,0,1,10,5,0,0,0,200,200,0,63,0,0,0,0,200,200
386224,0,30,0,0,0,1,10,5,0,0,0,200,200,0,34,200,200,200,200,200,200
386225,0,30,0,0,0,1,7,3,0,0,0,21,200,0,49,0,0,0,0,200,200
386233,0,25,2,2,0,1,11,5,0,0,0,0,0,0,27,0,200,0,0,200,200
386233,0,25,2,2,0,1,11,5,0,0,0,0,0,1,73,0,200,0,0,200,200
386238,0,25,0,0,0,1,7,5,0,0,0,33,33,2,200,200,200,200,200,200,200
386240,0,30,1,2,0,1,10,2,0,0,0,18,200,0,200,200,3,200,200,200,200
386240,0,30,1,2,0,1,10,2,0,0,0,18,200,1,41,0,0,0,0,200,200
386241,0,45,0,0,0,1,14,3,3,0,0,31,17,0,200,200,7,200,200,200,200
386241,0,45,0,0,0,1,14,3,3,0,0,31,17,1,24,200,0,0,0,200,200
386242,0,25,0,0,0,1,7,5,0,0,0,200,200,2,200,200,200,200,200,200,200
386245,0,20,0,0,0,1,7,5,0,0,0,11,0,2,200,200,200,200,200,200,200
386247,0,30,1,2,0,1,10,5,0,0,0,3,200,0,74,0,5,0,7,200,200
386247,0,30,1,2,0,1,10,5,0,0,0,3,200,0,43,0,0,0,0,200,200
386250,0,25,2,200,0,1,10,3,0,0,0,18,0,1,200,200,3,200,200,200,200
386250,0,25,2,200,0,1,10,3,0,0,0,18,0,1,31,0,0,0,0,200,200
386254,0,10,0,0,0,1,7,12,0,0,0,11,11,1,16,0,12,0,0,200,200
386254,1,10,0,0,0,1,7,12,0,0,0,11,11,1,200,0,200,200,200,200,200
386259,0,30,1,2,0,1,14,2,0,0,200,0,0,1,16,200,1,200,200,200,200
386259,0,30,1,2,0,1,14,2,0,0,200,0,0,0,57,0,200,200,0,200,200
386268,0,30,0,0,0,0,2,12,0,0,0,200,200,1,32,0,12,0,0,200,200
386269,0,10,0,0,0,1,10,6,0,0,0,18,11,1,200,200,3,200,200,200,200
386269,0,10,0,0,0,1,10,6,0,0,0,18,11,0,53,0,0,0,0,200,200
386273,0,30,0,0,0,1,2,5,0,0,1,11,200,0,66,0,0,0,0,200,200
386279,0,30,0,0,0,1,7,6,0,0,200,20,200,1,200,200,6,200,200,200,200
386280,0,30,7,12,0,1,10,5,0,0,0,0,0,0,39,0,200,0,0,200,200
386280,0,30,7,12,0,1,10,5,0,0,0,0,0,1,65,0,0,0,0,200,200
386284,4,30,0,0,0,1,8,2,0,0,200,10,16,2,200,7,1,200,200,200,200
386284,0,30,0,0,0,1,8,2,0,0,200,10,16,0,28,200,0,200,0,200,200
386296,0,30,0,0,0,1,7,6,0,0,0,200,200,2,200,200,200,200,200,200,200
386298,0,35,1,2,0,1,0,5,0,0,0,6,15,1,200,200,5,200,200,200,200
386298,0,35,1,2,0,1,0,5,0,0,0,6,15,1,59,200,0,0,0,200,200
386300,4,30,0,0,0,1,8,5,0,0,0,200,200,0,23,7,200,0,0,200,200
386304,0,30,2,12,0,1,8,6,0,0,0,16,200,1,48,200,1,0,0,200,200
386304,4,30,2,12,0,1,8,6,0,0,0,16,200,0,14,7,0,0,0,200,200
386305,0,20,0,0,0,1,7,5,0,0,0,27,11,0,77,0,12,0,0,200,200
386312,0,35,0,0,0,1,12,3,0,0,0,22,18,0,29,1,4,0,0,200,200
386312,0,35,0,0,0,1,12,3,0,0,0,22,18,0,62,0,4,0,0,200,200
386317,0,30,0,0,0,1,7,6,0,0,0,0,0,2,200,200,200,200,200,200,200
386318,0,5,0,0,0,1,0,7,0,0,0,11,200,0,93,0,12,0,0,200,200
386318,0,5,0,0,0,1,0,7,0,0,0,11,200,1,30,0,0,0,0,200,200
386333,0,30,1,2,0,1,14,5,0,0,200,11,200,0,54,200,7,200,200,200,200
386333,0,30,1,2,0,1,14,5,0,0,200,11,200,1,19,0,0,0,0,200,200
386334,0,30,0,0,0,1,10,12,2,0,0,20,11,0,35,200,6,12,0,200,200
386334,0,30,0,0,0,1,10,12,2,0,0,20,11,0,60,200,0,0,0,200,200
386335,0,30,0,0,0,1,7,7,0,0,0,200,200,0,20,200,200,200,200,200,200
386340,0,10,0,0,0,1,12,12,0,0,0,22,200,0,200,200,12,200,200,200,200
386340,0,10,0,0,0,1,12,12,0,0,0,22,200,1,25,0,0,0,0,200,200
386340,1,10,0,0,0,1,12,12,0,0,0,22,200,1,200,0,200,200,200,200,200
386340,1,10,0,0,0,1,12,12,0,0,0,22,200,0,200,0,200,200,200,200,200
386340,1,10,0,0,0,1,12,12,0,0,0,22,200,1,200,0,200,200,200,200,200
386344,0,35,1,2,0,1,14,6,0,0,0,21,0,0,37,0,2,0,0,200,200
386344,0,35,1,2,0,1,14,6,0,0,0,21,0,0,45,0,0,0,0,200,200
386347,0,30,0,0,0,1,2,0,0,0,0,0,200,0,44,0,12,0,0,200,200
386351,0,30,0,0,0,1,7,5,0,0,0,0,200,2,200,200,12,200,200,200,200
386355,0,30,0,0,0,1,7,5,0,0,0,20,11,0,20,0,6,0,0,200,200
386356,0,30,1,2,0,1,12,12,0,0,0,0,0,1,22,0,0,200,0,200,200
386356,0,30,1,2,0,1,12,12,0,0,0,0,0,1,0,7,0,200,0,200,200
386356,1,30,1,2,0,1,12,12,0,0,0,0,0,0,46,0,200,200,200,200,200
386357,0,30,1,2,0,1,8,5,0,0,0,0,200,0,27,0,0,0,0,200,200
386357,4,30,1,2,0,1,8,5,0,0,0,0,200,0,62,3,200,0,0,200,200
386357,1,30,1,2,0,1,8,5,0,0,0,0,200,1,28,0,200,200,200,200,200
386365,0,30,0,0,0,1,7,7,0,0,0,20,11,0,56,0,1,0,0,200,200
386365,1,30,0,0,0,1,7,7,0,0,0,20,11,1,200,0,200,200,200,200,200
386365,1,30,0,0,0,1,7,7,0,0,0,20,11,1,39,0,200,200,200,200,200
386369,0,30,0,0,0,1,7,5,2,0,0,8,11,0,16,0,12,0,0,200,200
386369,1,30,0,0,0,1,7,5,2,0,0,8,11,1,36,0,200,200,200,200,200
386370,0,30,0,0,0,1,10,2,0,0,0,0,0,0,40,200,200,200,0,200,200
386370,0,30,0,0,0,1,10,2,0,0,0,0,0,1,200,200,0,200,200,200,200
386372,0,30,0,0,0,1,14,2,2,0,0,17,14,1,28,200,0,200,0,200,200
386380,0,5,12,2,0,1,12,12,0,0,1,0,0,1,30,200,200,0,0,200,200
386380,0,5,12,2,0,1,12,12,0,0,1,0,0,0,65,0,200,1,0,200,200
386381,0,15,0,0,0,1,0,7,0,0,0,17,200,1,51,0,1,0,0,200,200
386381,0,15,0,0,0,1,0,7,0,0,0,17,200,0,36,0,0,0,0,200,200
386384,0,30,2,1,0,1,0,3,0,0,0,17,0,1,19,200,5,0,0,200,200
386384,0,30,2,1,0,1,0,3,0,0,0,17,0,0,22,200,0,0,0,200,200
386386,0,30,0,0,0,1,10,6,0,0,0,16,30,1,26,200,3,200,200,200,1
386386,0,30,0,0,0,1,10,6,0,0,0,16,30,0,47,0,0,0,0,200,200
386388,0,30,0,0,0,1,10,5,0,0,0,18,200,1,25,0,3,0,0,200,200
386388,0,30,0,0,0,1,10,5,0,0,0,18,200,1,21,0,0,0,0,200,200
386389,0,30,0,0,0,1,9,6,0,0,0,21,0,0,72,0,4,0,0,200,200
386389,5,30,0,0,0,1,9,6,0,0,0,21,0,1,77,7,0,0,0,200,200
386390,0,30,0,0,0,1,12,5,0,0,0,17,0,0,29,200,1,0,0,200,200
386390,0,30,0,0,0,1,12,5,0,0,0,17,0,1,21,0,0,0,0,200,200
386392,0,30,200,200,0,1,14,5,0,0,0,22,200,0,200,200,9,200,200,200,200
386392,0,30,200,200,0,1,14,5,0,0,0,22,200,1,28,0,0,0,0,200,200
386393,0,30,0,0,2,1,10,5,0,1,0,18,200,0,33,0,3,0,0,200,200
386393,0,30,0,0,2,1,10,5,0,1,0,18,200,1,22,0,12,0,0,200,200
386393,1,30,0,0,2,1,10,5,0,1,0,18,200,0,24,0,200,200,200,200,200
386395,0,30,2,2,0,1,0,5,0,0,0,0,0,0,31,0,200,0,0,200,200
386395,0,30,2,2,0,1,0,5,0,0,0,0,0,1,34,0,200,0,0,200,200
386395,1,30,2,2,0,1,0,5,0,0,0,0,0,1,27,0,200,200,200,200,200
386396,0,30,0,0,0,1,10,5,0,0,200,0,200,0,44,200,3,200,200,200,200
386396,0,30,0,0,0,1,10,5,0,0,200,0,200,1,30,0,0,0,0,200,200
386397,0,20,0,0,0,1,2,2,0,0,1,0,0,0,45,0,200,200,0,200,0
386404,0,30,0,0,0,1,14,5,0,0,0,17,14,0,60,200,1,200,0,200,200
386404,0,30,0,0,0,1,14,5,0,0,0,17,14,1,19,200,0,0,0,200,200
386406,0,20,1,3,0,1,14,5,0,0,0,0,0,0,36,0,12,0,0,200,200
386406,0,20,1,3,0,1,14,5,0,0,0,0,0,1,30,0,12,0,0,200,200
386406,1,20,1,3,0,1,14,5,0,0,0,0,0,0,0,5,200,200,200,200,200
386406,1,20,1,3,0,1,14,5,0,0,0,0,0,1,1,5,200,200,200,200,200
386407,0,30,1,2,0,1,12,5,0,0,0,22,200,1,30,200,2,200,200,200,200
386407,0,30,1,2,0,1,12,5,0,0,0,22,200,1,32,0,0,0,0,200,200
386410,0,20,0,0,0,1,7,2,0,0,200,0,0,2,200,200,200,200,200,200,200
386411,0,35,2,2,0,1,0,5,0,0,0,10,200,0,87,0,9,0,0,200,200
386411,0,35,2,2,0,1,0,5,0,0,0,10,200,0,23,0,0,0,0,200,200
386411,1,35,2,2,0,1,0,5,0,0,0,10,200,0,92,0,200,200,200,200,200
386411,1,35,2,2,0,1,0,5,0,0,0,10,200,1,26,200,200,200,200,200,200
386411,1,35,2,2,0,1,0,5,0,0,0,10,200,1,19,200,200,200,200,200,200
386414,0,30,0,0,0,1,12,5,0,200,200,22,21,1,33,200,4,200,0,200,200
386414,0,30,0,0,0,1,12,5,0,200,200,22,21,0,48,200,0,200,0,200,200
386416,0,30,0,0,0,1,7,5,0,0,0,0,0,2,200,200,200,200,200,200,200
386420,0,30,0,0,0,1,14,5,0,0,0,200,200,1,52,200,1,0,0,200,200
386420,0,30,0,0,0,1,14,5,0,0,0,200,200,0,46,200,200,0,0,200,200
386424,0,30,0,0,0,1,10,5,0,0,0,0,0,2,200,200,200,200,200,200,200
386424,0,30,0,0,0,1,10,5,0,0,0,0,0,0,68,0,0,0,0,200,200
386424,1,30,0,0,0,1,10,5,0,0,0,0,0,0,59,0,200,200,200,200,200
386426,0,30,0,0,0,1,12,5,0,0,0,0,200,0,31,200,200,200,200,200,200
386426,0,30,0,0,0,1,12,5,0,0,0,0,200,1,28,0,200,0,0,200,200
386427,0,30,0,0,0,1,9,5,0,0,0,200,200,0,36,0,0,0,0,200,200
386427,5,30,0,0,0,1,9,5,0,0,0,200,200,0,25,200,0,0,0,200,200
386429,0,30,1,2,0,1,10,5,0,0,200,16,18,0,200,200,3,200,200,200,200
386429,0,30,1,2,0,1,10,5,0,0,200,16,18,0,22,200,0,200,0,200,200
386432,0,30,0,0,0,1,7,6,0,0,0,32,16,0,37,200,12,0,5,200,200
386435,0,30,0,0,0,1,7,5,0,0,0,17,0,0,59,0,0,0,0,200,200
386435,1,30,0,0,0,1,7,5,0,0,0,17,0,0,200,0,200,200,200,200,200
386435,1,30,0,0,0,1,7,5,0,0,0,17,0,0,200,1,200,200,200,200,200
386436,0,0,0,0,0,1,7,7,0,200,200,0,200,2,200,200,200,200,200,200,200
386438,0,30,1,2,0,1,14,6,0,0,0,18,200,1,36,200,1,0,200,200,200
386438,0,30,1,2,0,1,14,6,0,0,0,18,200,0,32,200,0,0,0,200,200
386444,0,30,2,2,0,1,10,3,0,0,200,18,200,1,56,200,3,200,0,200,200
386444,0,30,2,2,0,1,10,3,0,0,200,18,200,1,70,200,0,200,0,200,200
386444,0,30,2,2,0,1,10,3,0,0,200,18,200,0,32,200,0,200,0,200,200
386445,0,10,0,0,0,1,11,7,0,0,200,11,0,0,200,200,200,200,200,200,200
386445,0,10,0,0,0,1,11,7,0,0,200,11,0,1,44,0,0,0,0,200,200
386445,1,10,0,0,0,1,11,7,0,0,200,11,0,0,200,200,200,200,200,200,200
386457,0,25,1,2,0,1,10,5,0,0,0,18,0,0,64,0,3,0,0,200,200
386457,0,25,1,2,0,1,10,5,0,0,0,18,0,1,19,0,0,0,0,200,200
386467,0,30,0,0,0,1,7,3,0,0,0,27,200,0,24,0,12,0,2,200,200
386468,0,30,1,2,0,1,12,5,0,0,0,22,200,2,200,200,2,200,200,200,200
386468,0,30,1,2,0,1,12,5,0,0,0,22,200,0,30,0,0,0,0,200,200
386475,0,30,0,0,0,1,12,5,0,0,0,17,11,0,40,0,1,0,0,200,200
386475,0,30,0,0,0,1,12,5,0,0,0,17,11,0,40,0,0,0,0,200,200
386480,0,30,1,2,0,1,10,2,0,0,0,0,0,0,39,200,200,200,0,200,200
386480,0,30,1,2,0,1,10,2,0,0,0,0,0,0,53,200,0,200,0,200,200
386480,1,30,1,2,0,1,10,2,0,0,0,0,0,0,200,200,200,200,200,200,200
386481,0,30,0,0,0,1,10,3,0,0,0,18,200,0,200,200,3,200,200,200,200
386481,0,30,0,0,0,1,10,3,0,0,0,18,200,1,74,0,0,0,0,200,200
386481,1,30,0,0,0,1,10,3,0,0,0,18,200,0,200,200,200,200,200,200,200
386481,1,30,0,0,0,1,10,3,0,0,0,18,200,0,200,200,200,200,200,200,200
386481,1,30,0,0,0,1,10,3,0,0,0,18,200,0,200,4,200,200,200,200,200
386492,0,40,0,0,0,1,12,3,0,0,0,200,200,0,19,200,8,0,0,200,200
386492,0,40,0,0,0,1,12,3,0,0,0,200,200,1,56,200,0,0,0,200,200
386492,1,40,0,0,0,1,12,3,0,0,0,200,200,0,29,200,200,200,200,200,200
386501,0,30,1,2,0,1,12,6,0,0,0,0,200,1,31,200,12,0,0,200,200
386501,0,30,1,2,0,1,12,6,0,0,0,0,200,0,27,200,12,0,0,200,200
386504,0,30,1,2,0,4,14,5,0,0,0,3,200,1,45,200,4,0,0,200,200
386504,0,30,1,2,0,4,14,5,0,0,0,3,200,1,200,200,0,0,0,200,200
386504,1,30,1,2,0,4,14,5,0,0,0,3,200,0,16,200,200,200,200,200,200
386508,0,30,0,0,0,1,11,5,0,0,0,0,0,0,200,200,200,200,200,200,200
386508,0,30,0,0,0,1,11,5,0,0,0,0,0,0,38,0,0,0,0,200,200
386508,1,30,0,0,0,1,11,5,0,0,0,0,0,1,38,0,200,200,200,200,200
386508,1,30,0,0,0,1,11,5,0,0,0,0,0,1,8,0,200,200,200,200,200
386508,1,30,0,0,0,1,11,5,0,0,0,0,0,1,6,0,200,200,200,200,200
386509,0,30,1,2,0,1,7,5,0,0,0,200,200,2,200,200,200,200,200,200,200
386510,0,30,1,2,0,1,0,12,0,0,0,6,7,1,32,0,5,0,0,200,200
386510,0,30,1,2,0,1,0,12,0,0,0,6,7,0,34,0,12,0,0,200,200
386510,1,30,1,2,0,1,0,12,0,0,0,6,7,0,200,0,200,200,200,200,200
386513,0,30,0,0,0,1,11,5,0,0,0,18,200,0,53,200,3,200,0,200,200
386513,0,30,0,0,0,1,11,5,0,0,0,18,200,1,59,200,0,200,0,200,200
386513,1,30,0,0,0,1,11,5,0,0,0,18,200,1,53,200,200,200,200,200,200
386514,0,30,2,2,0,1,14,5,0,0,0,17,0,0,23,0,1,12,0,200,200
386514,0,30,2,2,0,1,14,5,0,0,0,17,0,0,19,0,0,0,0,200,200
386514,1,30,2,2,0,1,14,5,0,0,0,17,0,1,30,0,200,200,200,200,200
386517,0,30,0,0,0,1,7,5,0,0,0,0,0,0,200,200,6,0,200,200,200
386518,0,35,2,200,1,1,14,5,0,0,200,17,200,0,64,200,1,200,200,200,200
386518,0,35,2,200,1,1,14,5,0,0,200,17,200,1,34,200,200,200,200,200,200
386520,0,30,0,0,0,1,14,5,2,0,200,17,200,0,20,200,7,0,0,200,200
386520,0,30,0,0,0,1,14,5,2,0,200,17,200,0,62,200,0,0,0,200,200
386525,0,10,0,0,0,3,7,7,0,0,0,20,200,0,35,200,6,200,200,200,200
386525,1,10,0,0,0,3,7,7,0,0,0,20,200,1,30,0,200,200,200,200,200
386526,0,35,1,2,0,1,10,6,0,0,0,18,0,0,24,0,8,0,0,200,200
386526,0,35,1,2,0,1,10,6,0,0,0,18,0,0,24,0,0,0,0,200,200
386540,0,15,0,0,2,1,7,12,0,1,12,0,0,2,200,200,6,200,200,200,200
386542,0,30,1,2,0,1,0,12,0,0,0,17,16,0,200,200,1,200,200,200,200
386542,0,30,1,2,0,1,0,12,0,0,0,17,16,1,41,0,12,0,0,200,200
386547,0,30,0,0,0,1,10,6,0,0,0,0,0,0,200,200,12,200,12,200,200
386547,0,30,0,0,0,1,10,6,0,0,0,0,0,0,52,0,0,0,0,200,200
386547,1,30,0,0,0,1,10,6,0,0,0,0,0,1,48,0,200,200,200,200,200
386550,0,30,2,2,0,1,8,2,0,0,0,0,0,1,38,0,1,200,0,200,200
386550,4,30,2,2,0,1,8,2,0,0,0,0,0,0,48,3,0,200,0,200,200
386553,0,30,2,2,0,1,14,12,0,0,0,17,17,1,25,0,1,0,0,200,200
386553,0,30,2,2,0,1,14,12,0,0,0,17,17,1,27,0,12,0,0,200,200
386556,0,30,1,200,2,1,10,2,0,1,200,0,200,0,200,200,200,200,200,200,200
386556,0,30,1,200,2,1,10,2,0,1,200,0,200,0,50,200,200,200,0,200,200
386558,0,30,1,2,0,1,12,5,0,0,0,22,22,1,72,0,2,200,0,200,200
386558,0,30,1,2,0,1,12,5,0,0,0,22,22,1,22,0,0,0,0,200,200
386558,1,30,1,2,0,1,12,5,0,0,0,22,22,1,16,0,200,200,200,200,200
386559,0,30,1,2,2,1,14,12,0,1,0,17,200,0,61,200,1,200,200,200,200
386559,0,30,1,2,2,1,14,12,0,1,0,17,200,0,53,0,0,0,0,200,200
386561,0,30,1,2,0,2,14,5,0,0,0,14,200,0,200,200,5,200,200,200,200
386561,0,30,1,2,0,2,14,5,0,0,0,14,200,1,26,0,0,0,0,200,200
386575,0,30,0,0,0,1,12,5,0,0,0,22,21,2,200,200,2,200,200,200,200
386575,0,30,0,0,0,1,12,5,0,0,0,22,21,0,76,0,0,0,0,200,200
386576,0,30,0,0,0,1,8,6,0,0,0,17,200,0,27,200,1,0,0,200,200
386576,4,30,0,0,0,1,8,6,0,0,0,17,200,1,33,7,0,0,0,200,200
386577,0,30,0,0,0,1,10,5,0,0,0,16,7,1,19,0,3,0,0,200,200
386577,0,30,0,0,0,1,10,5,0,0,0,16,7,1,42,0,0,200,0,200,200
386584,0,30,0,0,0,1,0,5,0,0,0,0,200,0,54,0,1,1,0,200,200
386584,0,30,0,0,0,1,0,5,0,0,0,0,200,0,30,0,0,0,0,200,200
386585,0,30,0,0,0,1,8,6,1,1,0,0,0,0,60,200,7,0,0,200,200
386585,4,30,0,0,0,1,8,6,1,1,0,0,0,0,26,2,0,0,0,200,200
386586,0,30,1,2,0,1,7,2,0,0,0,0,0,2,200,200,200,200,200,200,200
386588,0,0,200,200,200,200,12,200,0,200,200,0,200,1,56,200,200,200,200,200,200
386588,0,0,200,200,200,200,12,200,0,200,200,0,200,0,58,0,200,200,0,200,200
386595,0,30,1,2,0,1,14,12,5,0,0,17,17,1,55,200,7,0,0,200,200
386595,0,30,1,2,0,1,14,12,5,0,0,17,17,0,200,200,0,0,0,200,200
386596,0,30,1,2,0,1,12,5,0,0,0,22,0,1,43,0,1,0,0,200,200
386596,0,30,1,2,0,1,12,5,0,0,0,22,0,1,34,0,0,0,0,200,200
386597,0,30,0,0,0,1,12,5,0,0,200,0,0,1,200,200,200,200,200,200,200
386597,0,30,0,0,0,1,12,5,0,0,200,0,0,1,66,200,200,200,0,200,200
386604,0,20,0,0,0,1,10,6,0,0,0,20,0,0,200,0,0,0,0,200,200
386604,0,20,0,0,0,1,10,6,0,0,0,20,0,0,34,0,0,0,0,200,200
386606,0,30,2,1,0,1,14,5,0,0,0,16,0,1,200,200,200,200,200,200,200
386606,0,30,2,1,0,1,14,5,0,0,0,16,0,0,58,200,200,0,0,200,200
386611,0,30,0,0,0,1,10,7,0,0,200,200,11,1,43,0,1,0,0,200,200
386611,0,30,0,0,0,1,10,7,0,0,200,200,11,1,32,0,0,0,0,200,200
386617,0,30,0,0,0,3,14,2,0,0,0,23,21,1,39,0,4,0,0,200,200
386617,0,30,0,0,0,3,14,2,0,0,0,23,21,0,57,0,0,0,0,200,200
386618,0,30,0,0,0,1,7,5,0,0,0,200,200,2,200,200,200,200,200,200,200
386618,1,30,0,0,0,1,7,5,0,0,0,200,200,0,33,200,200,200,200,200,200
386619,0,30,0,0,0,1,12,5,0,0,0,0,0,0,200,200,200,200,200,200,200