RD_NO,PERSON_TYPE,POSTED_SPEED_LIMIT,TRAFFIC_CONTROL_DEVICE,DEVICE_CONDITION,WEATHER_CONDITION,LIGHTING_CONDITION,FIRST_CRASH_TYPE,TRAFFICWAY_TYPE,ALIGNMENT,ROADWAY_SURFACE_COND,ROAD_DEFECT,PRIM_CONTRIBUTORY_CAUSE,SEC_CONTRIBUTORY_CAUSE,SEX,AGE,SAFETY_EQUIPMENT,DRIVER_ACTION,DRIVER_VISION,PHYSICAL_CONDITION,BAC_RESULT VALUE,CELL_PHONE_USE
386619,0,30,0,0,0,1,12,5,0,0,0,0,0,1,24,200,200,200,0,200,200
386619,1,30,0,0,0,1,12,5,0,0,0,0,0,0,29,200,200,200,200,200,200
386620,0,35,1,2,0,1,14,5,0,0,3,0,0,1,26,200,200,0,0,200,200
386620,0,35,1,2,0,1,14,5,0,0,3,0,0,1,32,200,0,0,0,200,200
386621,0,20,0,0,0,1,7,5,0,200,200,0,21,1,200,200,200,200,200,200,200
386626,0,30,1,3,0,1,10,2,0,0,0,20,11,0,39,7,1,0,0,200,200
386626,0,30,1,3,0,1,10,2,0,0,0,20,11,1,60,1,0,0,0,200,200
386627,0,30,2,2,0,1,0,3,0,0,0,0,200,0,25,0,1,0,0,200,200
386627,0,30,2,2,0,1,0,3,0,0,0,0,200,0,29,0,0,0,0,200,200
386629,0,30,0,0,0,1,10,5,0,0,0,18,200,1,200,200,3,200,200,200,200
386629,0,30,0,0,0,1,10,5,0,0,0,18,200,0,28,0,0,0,0,200,200
386631,0,30,1,2,0,1,10,5,2,0,0,16,200,0,200,200,200,200,200,200,200
386631,0,30,1,2,0,1,10,5,2,0,0,16,200,1,46,0,0,0,0,200,200
386631,1,30,1,2,0,1,10,5,2,0,0,16,200,0,41,200,200,200,200,200,200
386631,1,30,1,2,0,1,10,5,2,0,0,16,200,0,27,200,200,200,200,200,200
386635,0,30,1,2,0,1,10,5,0,0,200,18,200,0,33,200,3,200,200,200,200
386635,0,30,1,2,0,1,10,5,0,0,200,18,200,1,34,0,0,0,0,200,200
386636,0,30,0,0,0,4,12,5,0,0,0,0,200,2,200,200,1,200,200,200,200
386636,0,30,0,0,0,4,12,5,0,0,0,0,200,0,40,200,0,0,0,200,200
386642,0,30,0,0,0,1,7,2,0,0,200,0,0,1,200,200,6,200,200,200,200
386644,0,30,1,2,0,3,0,5,0,0,0,6,200,1,28,200,5,200,200,200,200
386644,0,30,1,2,0,3,0,5,0,0,0,6,200,0,29,200,0,0,0,200,200
386644,1,30,1,2,0,3,0,5,0,0,0,6,200,0,26,200,200,200,200,200,200
386644,1,30,1,2,0,3,0,5,0,0,0,6,200,0,26,200,200,200,200,200,200
386646,0,30,1,2,0,1,9,5,0,0,0,23,11,0,48,200,7,200,0,200,200
386646,5,30,1,2,0,1,9,5,0,0,0,23,11,0,72,200,200,200,0,200,200
386647,0,30,0,0,1,1,11,5,0,200,200,21,22,2,200,200,2,200,200,200,200
386647,0,30,0,0,1,1,11,5,0,200,200,21,22,0,25,0,12,200,0,200,200
386650,0,30,0,0,0,1,12,5,0,0,0,22,22,0,200,200,2,200,200,200,200
386650,0,30,0,0,0,1,12,5,0,0,0,22,22,0,40,2,0,0,0,200,200
386657,0,15,0,0,0,3,10,7,0,0,200,33,200,0,21,0,1,0,0,200,200
386657,0,15,0,0,0,3,10,7,0,0,200,33,200,0,26,0,0,0,0,200,200
386659,0,30,0,0,0,1,12,5,0,0,0,22,22,1,51,200,2,200,200,200,200
386659,0,30,0,0,0,1,12,5,0,0,0,22,22,0,46,200,0,200,0,200,200
386661,0,30,0,0,0,1,0,5,0,0,0,17,200,0,63,200,1,200,200,200,200
386661,0,30,0,0,0,1,0,5,0,0,0,17,200,1,51,0,0,0,0,200,200
386663,0,35,1,2,0,4,14,12,0,0,0,6,200,0,54,0,5,0,0,200,200
386663,0,35,1,2,0,4,14,12,0,0,0,6,200,1,34,0,0,0,0,200,200
386664,0,0,2,2,0,1,8,3,0,200,200,0,200,1,200,200,200,200,200,200,200
386664,4,0,2,2,0,1,8,3,0,200,200,0,200,1,28,3,200,200,0,200,200
386666,0,30,0,0,0,1,2,5,0,0,12,0,0,1,38,0,0,0,0,200,200
386666,1,30,0,0,0,1,2,5,0,0,12,0,0,1,54,0,200,200,200,200,200
386670,0,30,1,2,0,0,10,2,0,0,0,0,0,0,200,200,200,200,200,200,200
386670,0,30,1,2,0,0,10,2,0,0,0,0,0,0,31,0,0,0,0,200,200
386670,1,30,1,2,0,0,10,2,0,0,0,0,0,1,20,0,200,200,200,200,200
386686,0,30,0,0,2,0,10,5,0,1,0,18,34,0,36,200,3,0,0,200,200
386686,0,30,0,0,2,0,10,5,0,1,0,18,34,1,59,200,0,0,0,200,200
386691,0,30,0,0,0,4,7,5,0,0,0,0,0,1,49,200,12,200,200,200,200
386692,0,30,0,0,0,3,10,7,0,0,0,20,0,1,26,200,6,0,0,200,200
386692,0,30,0,0,0,3,10,7,0,0,0,20,0,0,39,200,0,0,0,200,200
386693,0,30,0,0,0,4,10,5,0,0,0,18,200,0,37,200,3,0,0,200,200
386693,0,30,0,0,0,4,10,5,0,0,0,18,200,1,23,0,0,0,0,200,200
386693,1,30,0,0,0,4,10,5,0,0,0,18,200,0,200,200,200,200,200,200,200
386697,0,30,1,2,2,3,10,2,0,1,0,18,200,0,200,200,3,200,200,200,200
386697,0,30,1,2,2,3,10,2,0,1,0,18,200,0,39,0,0,0,0,200,200
386701,0,30,2,2,2,3,2,5,0,1,0,32,15,0,47,0,8,200,5,200,200
386702,0,30,0,0,2,0,10,5,0,1,0,0,200,1,18,200,200,200,0,200,200
386702,0,30,0,0,2,0,10,5,0,1,0,0,200,0,44,200,200,200,0,200,200
386705,0,30,1,2,2,3,10,2,0,1,0,15,11,1,36,0,8,0,0,200,200
386705,0,30,1,2,2,3,10,2,0,1,0,15,11,1,38,0,0,0,0,200,200
386712,0,30,0,0,12,3,9,5,0,1,0,17,200,1,200,200,1,200,200,200,200
386712,5,30,0,0,12,3,9,5,0,1,0,17,200,0,54,7,12,200,200,200,200
386723,0,30,6,2,0,1,14,2,0,0,0,23,27,1,23,0,7,0,0,200,200
386723,0,30,6,2,0,1,14,2,0,0,0,23,27,0,55,0,0,0,0,200,200
386726,0,30,2,2,2,3,14,5,0,1,0,17,17,1,30,200,1,12,0,200,200
386726,0,30,2,2,2,3,14,5,0,1,0,17,17,0,69,200,0,200,0,200,200
386726,1,30,2,2,2,3,14,5,0,1,0,17,17,1,8,5,200,200,200,200,200
386726,1,30,2,2,2,3,14,5,0,1,0,17,17,1,1,5,200,200,200,200,200
386729,0,30,1,0,2,0,14,5,0,1,0,17,200,2,200,200,1,200,200,200,200
386729,0,30,1,0,2,0,14,5,0,1,0,17,200,0,24,200,0,0,0,200,200
386730,0,30,2,2,0,3,14,5,0,1,0,17,200,1,21,0,7,0,0,200,200
386730,0,30,2,2,0,3,14,5,0,1,0,17,200,1,29,0,0,0,0,200,200
386732,4,30,1,2,0,3,8,5,0,1,0,6,11,0,25,7,5,0,1,200,200
386732,0,30,1,2,0,3,8,5,0,1,0,6,11,0,28,0,0,0,0,200,200
386733,0,30,0,200,2,3,10,5,0,1,200,34,18,0,49,0,3,200,0,200,200
386733,0,30,0,200,2,3,10,5,0,1,200,34,18,1,39,200,0,200,0,200,200
386733,1,30,0,200,2,3,10,5,0,1,200,34,18,1,54,200,200,200,200,200,200
386733,1,30,0,200,2,3,10,5,0,1,200,34,18,0,42,200,200,200,200,200,200
386733,1,30,0,200,2,3,10,5,0,1,200,34,18,1,1,5,200,200,200,200,200
386735,0,30,0,0,0,1,12,5,0,0,0,0,0,1,22,0,4,0,200,200,200
386735,0,30,0,0,0,1,12,5,0,0,0,0,0,0,21,0,0,0,0,200,200
386738,0,30,1,2,2,3,0,5,0,1,0,0,0,0,200,200,200,200,200,200,200
386738,0,30,1,2,2,3,0,5,0,1,0,0,0,0,26,200,12,0,0,200,200
386738,1,30,1,2,2,3,0,5,0,1,0,0,0,1,26,200,200,200,200,200,200
386738,1,30,1,2,2,3,0,5,0,1,0,0,0,0,11,200,200,200,200,200,200
386738,1,30,1,2,2,3,0,5,0,1,0,0,0,1,8,200,200,200,200,200,200
386740,0,30,0,0,2,3,10,5,0,1,0,200,0,2,200,200,200,200,200,200,200
386740,0,30,0,0,2,3,10,5,0,1,0,200,0,0,69,0,12,0,0,200,200
386740,0,30,0,0,2,3,10,5,0,1,0,200,0,1,33,0,0,0,0,200,200
386740,1,30,0,0,2,3,10,5,0,1,0,200,0,0,7,0,200,200,200,200,200
386742,0,30,1,2,200,3,14,5,0,1,0,0,200,0,60,0,200,0,0,200,200
386742,0,30,1,2,200,3,14,5,0,1,0,0,200,0,38,0,200,0,0,200,200
386742,1,30,1,2,200,3,14,5,0,1,0,0,200,0,34,0,200,200,200,200,200
386743,0,30,0,0,2,4,7,5,0,1,0,0,0,2,200,200,200,200,200,200,200
386744,0,20,0,0,2,3,10,5,0,1,0,19,25,0,57,200,12,0,5,200,200
386744,0,20,0,0,2,3,10,5,0,1,0,19,25,0,40,200,0,0,0,200,200
386744,1,20,0,0,2,3,10,5,0,1,0,19,25,1,29,200,200,200,200,200,200
386749,0,30,0,0,0,1,7,5,0,0,0,0,0,0,200,200,200,200,200,200,200
386749,1,30,0,0,0,1,7,5,0,0,0,0,0,0,200,200,200,200,200,200,200
386749,1,30,0,0,0,1,7,5,0,0,0,0,0,0,200,200,200,200,200,200,200
386753,0,35,1,200,0,3,10,5,0,0,200,0,0,0,24,0,200,200,0,200,200
386753,0,35,1,200,0,3,10,5,0,0,200,0,0,0,55,0,200,12,0,200,200
386756,0,30,1,2,0,3,10,2,0,0,0,0,0,0,200,200,200,200,200,200,200
386756,0,30,1,2,0,3,10,2,0,0,0,0,0,1,48,0,0,0,0,200,200
386757,0,30,0,0,2,3,12,5,0,1,0,22,200,2,200,200,200,200,200,200,200
386757,0,30,0,0,2,3,12,5,0,1,0,22,200,0,25,200,0,200,0,200,200
386759,0,30,1,2,0,3,12,5,0,0,0,22,0,0,21,0,4,0,0,200,200
386759,0,30,1,2,0,3,12,5,0,0,0,22,0,1,35,0,0,0,0,200,200
386762,0,40,1,2,0,0,2,3,0,0,0,200,200,1,49,200,200,0,0,200,200
386762,1,40,1,2,0,0,2,3,0,0,0,200,200,0,52,200,200,200,200,200,200
386763,0,30,0,0,0,1,7,5,0,0,200,0,0,2,200,200,200,200,200,200,200
386765,0,30,0,0,0,0,3,5,0,0,0,21,21,0,51,200,9,0,200,200,200
386765,0,30,0,0,0,0,3,5,0,0,0,21,21,0,65,200,0,0,0,200,200
386771,0,30,0,0,2,3,10,5,0,200,200,0,0,1,30,200,200,200,200,200,200
386771,0,30,0,0,2,3,10,5,0,200,200,0,0,1,0,200,0,200,200,200,200
386773,0,30,0,0,2,3,7,6,0,1,0,32,25,0,0,200,12,0,5,200,200
386780,0,30,1,2,0,3,2,5,0,1,12,28,200,0,19,0,0,0,0,200,200
386787,1,5,0,0,0,1,0,7,0,0,0,0,0,0,67,0,200,200,200,200,200
386787,0,5,0,0,0,1,0,7,0,0,0,0,0,1,200,0,0,0,0,200,200
386787,0,5,0,0,0,1,0,7,0,0,0,0,0,1,42,0,0,0,0,200,200
386787,1,5,0,0,0,1,0,7,0,0,0,0,0,1,63,0,200,200,200,200,200
386787,1,5,0,0,0,1,0,7,0,0,0,0,0,0,15,0,200,200,200,200,200
386787,1,5,0,0,0,1,0,7,0,0,0,0,0,1,11,0,200,200,200,200,200
386789,0,30,1,2,2,3,2,5,0,1,0,0,200,0,72,0,200,0,0,200,200
386794,0,35,0,0,0,0,12,3,2,0,0,0,200,0,27,200,4,200,200,200,200
386794,0,35,0,0,0,0,12,3,2,0,0,0,200,0,42,200,0,200,0,200,200
386794,1,35,0,0,0,0,12,3,2,0,0,0,200,1,28,200,200,200,200,200,200
386794,1,35,0,0,0,0,12,3,2,0,0,0,200,1,9,200,200,200,200,200,200
386795,0,30,0,0,0,0,3,2,0,1,0,16,0,2,200,200,200,200,200,200,200
386795,0,30,0,0,0,0,3,2,0,1,0,16,0,0,49,0,0,0,0,200,200
386802,0,30,0,0,2,0,12,5,0,1,0,21,200,0,56,200,4,200,200,200,200
386802,0,30,0,0,2,0,12,5,0,1,0,21,200,1,54,0,0,0,0,200,200
386806,0,30,1,200,2,3,3,2,0,1,200,17,15,1,58,200,1,200,0,200,200
386806,0,30,1,200,2,3,3,2,0,1,200,17,15,1,26,200,12,200,0,200,200
386823,0,35,1,2,0,3,8,5,0,0,0,16,200,1,24,0,12,12,0,200,200
386823,4,35,1,2,0,3,8,5,0,0,0,16,200,0,24,7,12,0,0,200,200
386829,0,30,1,2,0,3,9,5,0,1,0,0,200,2,200,200,200,200,200,200,200
386829,5,30,1,2,0,3,9,5,0,1,0,0,200,0,74,200,200,200,0,200,200
386839,0,35,2,0,2,0,10,5,0,1,0,18,200,0,29,200,3,0,0,200,200
386839,0,35,2,0,2,0,10,5,0,1,0,18,200,1,39,200,0,0,0,200,200
386839,1,35,2,0,2,0,10,5,0,1,0,18,200,1,23,0,200,200,200,200,200
386839,1,35,2,0,2,0,10,5,0,1,0,18,200,0,21,0,200,200,200,200,200
386839,1,35,2,0,2,0,10,5,0,1,0,18,200,1,25,0,200,200,200,200,200
386841,0,30,1,2,2,3,11,5,0,1,0,21,0,1,60,200,12,200,0,200,200
386841,0,30,1,2,2,3,11,5,0,1,0,21,0,0,48,200,0,0,0,200,200
386841,1,30,1,2,2,3,11,5,0,1,0,21,0,200,200,200,200,200,200,200,200
386846,0,30,0,0,1,3,7,2,0,200,0,200,200,0,33,200,10,0,0,200,200
386848,0,30,2,2,0,1,14,5,0,0,0,0,0,0,44,0,1,0,0,200,200
386848,0,30,2,2,0,1,14,5,0,0,0,0,0,0,30,0,0,0,0,200,200
386849,0,30,0,0,0,3,2,5,0,1,0,34,200,0,47,0,12,0,0,200,200
386859,0,30,0,0,0,1,0,6,0,0,0,17,200,1,58,200,1,200,0,200,200
386859,0,30,0,0,0,1,0,6,0,0,0,17,200,0,0,0,0,0,0,200,200
386859,1,30,0,0,0,1,0,6,0,0,0,17,200,1,200,200,200,200,200,200,200
386861,0,30,1,2,0,0,7,2,0,1,0,19,0,0,39,200,200,200,200,200,200
386865,0,30,0,0,0,3,12,5,0,1,0,0,0,1,200,200,15,200,200,200,1
386865,0,30,0,0,0,3,12,5,0,1,0,0,0,1,48,200,0,0,0,200,200
386867,0,35,0,0,1,3,12,3,3,1,0,25,34,2,200,200,200,200,200,200,200
386867,0,35,0,0,1,3,12,3,3,1,0,25,34,1,19,0,0,0,0,200,200
386880,0,25,2,2,2,3,14,6,0,1,0,0,0,0,29,0,7,0,0,200,200
386880,0,25,2,2,2,3,14,6,0,1,0,0,0,1,34,0,0,0,0,200,200
386880,1,25,2,2,2,3,14,6,0,1,0,0,0,1,26,0,200,200,200,200,200
386880,1,25,2,2,2,3,14,6,0,1,0,0,0,1,16,0,200,200,200,200,200
386905,0,15,0,0,0,3,7,7,0,0,0,12,200,1,34,7,12,0,0,200,200
386906,0,30,0,0,0,3,10,7,3,200,0,0,0,0,32,200,200,200,200,200,200
386906,0,30,0,0,0,3,10,7,3,200,0,0,0,1,31,0,0,0,0,200,200
386908,0,30,0,0,0,1,0,0,0,0,200,200,200,0,48,200,200,0,0,200,200
386908,0,30,0,0,0,1,0,0,0,0,200,200,200,1,200,200,200,200,0,200,200
386911,0,15,0,0,1,0,9,0,0,0,200,200,200,0,64,200,12,0,3,200,200
386911,5,15,0,0,1,0,9,0,0,0,200,200,200,0,67,7,12,12,3,200,200
386911,1,15,0,0,1,0,9,0,0,0,200,200,200,0,50,200,200,200,200,200,200
386915,0,30,1,2,0,3,14,6,0,0,0,21,0,0,200,200,4,200,200,200,200
386915,0,30,1,2,0,3,14,6,0,0,0,21,0,0,39,0,0,0,0,200,200
386919,0,30,0,0,0,0,7,5,0,1,0,16,0,0,25,200,12,0,0,200,200
386923,0,20,2,0,2,1,10,5,0,1,0,15,34,1,42,200,8,0,0,200,200
386923,0,20,2,0,2,1,10,5,0,1,0,15,34,1,23,200,0,0,0,200,200
386943,0,5,0,0,0,0,12,8,0,0,0,0,0,1,200,0,0,0,0,200,200
386943,0,5,0,0,0,0,12,8,0,0,0,0,0,1,40,0,0,0,0,200,200
386948,0,30,1,2,0,3,14,2,0,1,0,6,0,0,200,200,5,200,200,200,200
386948,0,30,1,2,0,3,14,2,0,1,0,6,0,0,23,0,0,0,0,200,200
386948,1,30,1,2,0,3,14,2,0,1,0,6,0,1,21,0,200,200,200,200,200
386952,0,30,1,2,0,3,0,5,0,0,0,6,0,1,23,0,5,0,7,200,200
386952,0,30,1,2,0,3,0,5,0,0,0,6,0,0,41,0,200,0,0,200,200
386964,0,30,1,2,0,3,2,5,0,0,0,0,0,2,200,200,200,200,200,200,200
386971,0,30,1,2,0,3,2,5,0,0,0,23,200,0,200,200,7,200,200,200,200
386982,0,30,0,0,0,3,10,5,0,0,0,16,200,0,27,0,3,200,0,200,200
386982,0,30,0,0,0,3,10,5,0,0,0,16,200,0,50,0,0,200,0,200,200
386993,0,30,0,0,0,3,2,5,0,0,0,25,13,0,39,200,12,0,12,200,200
387007,0,35,1,2,0,3,10,2,0,0,2,16,18,0,44,0,3,0,0,200,200
387007,0,35,1,2,0,3,10,2,0,0,2,16,18,0,73,0,0,0,0,200,200
387008,0,30,0,0,0,3,12,5,0,0,0,0,0,0,31,200,200,0,0,200,200
387008,0,30,0,0,0,3,12,5,0,0,0,0,0,0,40,200,200,0,0,200,200
387022,0,30,0,0,2,3,2,0,0,1,0,23,34,0,36,0,7,0,0,200,200
387022,1,30,0,0,2,3,2,0,0,1,0,23,34,0,200,0,200,200,200,200,200
387032,0,30,0,0,0,1,7,6,0,0,0,17,17,1,42,0,1,0,0,200,200
387037,0,30,0,0,0,1,12,2,0,0,12,17,22,0,200,200,1,200,200,200,200
387037,0,30,0,0,0,1,12,2,0,0,12,17,22,0,55,0,0,0,0,200,200
387038,0,30,1,2,0,1,10,2,0,0,0,16,200,1,64,0,3,0,0,200,200
387038,0,30,1,2,0,1,10,2,0,0,0,16,200,0,32,0,0,0,0,200,200
387038,0,30,1,2,0,1,10,2,0,0,0,16,200,0,53,0,0,0,0,200,200
387038,0,30,1,2,0,1,10,2,0,0,0,16,200,0,60,0,0,0,0,200,200
387038,0,30,1,2,0,1,10,2,0,0,0,16,200,0,27,0,0,0,0,200,200
387039,0,30,0,0,0,1,7,5,0,0,0,0,200,2,200,200,200,200,200,200,200
387040,0,30,0,0,0,1,7,6,0,0,0,0,0,0,53,0,12,0,0,200,200
387040,1,30,0,0,0,1,7,6,0,0,0,0,0,0,35,0,200,200,200,200,200
387040,1,30,0,0,0,1,7,6,0,0,0,0,0,0,21,0,200,200,200,200,200
387042,0,15,0,0,0,1,2,0,0,0,0,0,0,1,200,200,6,200,200,200,200
387052,0,30,0,0,0,1,7,5,0,0,0,17,17,2,200,200,1,200,200,200,200
387053,0,30,0,0,0,1,11,6,0,0,0,20,0,0,200,200,6,200,200,200,200
387053,0,30,0,0,0,1,11,6,0,0,0,20,0,0,25,0,0,0,0,200,200
387056,0,25,0,0,0,1,7,5,0,0,0,0,200,2,200,200,200,200,200,200,200
387059,0,30,1,2,0,1,2,2,0,0,0,0,200,0,41,200,200,200,0,200,200
387064,0,30,1,2,0,1,10,2,0,0,0,0,0,0,64,0,3,0,0,200,200
387064,0,30,1,2,0,1,10,2,0,0,0,0,0,0,43,0,0,0,0,200,200
387064,1,30,1,2,0,1,10,2,0,0,0,0,0,1,200,0,200,200,200,200,200
387066,0,35,0,0,0,1,12,5,0,0,0,200,200,0,51,0,12,0,0,200,200
387066,0,35,0,0,0,1,12,5,0,0,0,200,200,1,60,0,0,0,0,200,200
387071,0,30,0,0,0,1,2,5,0,0,1,28,29,1,57,0,0,0,0,200,200
387077,0,30,1,2,0,1,12,5,0,0,0,0,0,0,65,200,200,200,200,200,200
387077,0,30,1,2,0,1,12,5,0,0,0,0,0,0,36,200,200,200,200,200,200
387082,0,35,1,2,0,1,10,3,0,0,0,18,18,0,200,200,3,0,0,200,200
387082,0,35,1,2,0,1,10,3,0,0,0,18,18,1,200,0,0,0,0,200,200
387085,0,30,0,0,0,1,10,5,0,0,200,17,20,0,19,0,1,200,0,200,200
387085,0,30,0,0,0,1,10,5,0,0,200,17,20,0,41,0,0,0,0,200,200
387091,0,30,1,2,0,1,10,5,0,0,0,27,0,0,22,0,12,0,4,200,200
387091,0,30,1,2,0,1,10,5,0,0,0,27,0,1,28,0,0,0,0,200,200
387096,0,30,1,2,0,1,10,5,0,0,0,0,0,0,33,200,200,200,200,200,200
387096,0,30,1,2,0,1,10,5,0,0,0,0,0,0,30,0,12,0,0,200,200
387096,1,30,1,2,0,1,10,5,0,0,0,0,0,2,200,0,200,200,200,200,200
387098,0,30,3,1,0,1,8,2,0,0,0,22,25,2,200,200,2,200,200,200,200
387098,4,30,3,1,0,1,8,2,0,0,0,22,25,0,30,0,0,0,0,200,200
387103,0,25,0,0,0,1,7,6,0,0,0,21,0,0,37,0,4,0,0,200,200
387105,0,30,1,2,0,1,10,3,0,0,0,18,0,0,18,0,3,0,0,200,200
387105,0,30,1,2,0,1,10,3,0,0,0,18,0,0,37,0,0,0,0,200,200
387107,0,15,0,0,0,1,7,12,0,0,0,27,0,0,200,200,200,200,200,200,200
387111,0,35,0,0,0,1,12,5,0,0,0,11,0,0,70,0,1,200,0,200,200
387111,0,35,0,0,0,1,12,5,0,0,0,11,0,1,52,0,0,200,0,200,200
387113,0,30,1,2,0,0,14,2,0,1,0,0,0,1,200,200,200,200,200,200,200
387113,0,30,1,2,0,0,14,2,0,1,0,0,0,0,31,1,0,0,0,200,200
387122,0,30,0,0,0,1,12,6,0,0,0,21,22,2,200,200,4,200,200,200,200
387122,0,30,0,0,0,1,12,6,0,0,0,21,22,1,39,200,0,0,0,200,200
387125,0,30,1,2,0,1,0,2,0,0,0,17,0,0,32,200,1,12,0,200,200
387125,0,30,1,2,0,1,0,2,0,0,0,17,0,0,42,200,0,0,0,200,200
387125,1,30,1,2,0,1,0,2,0,0,0,17,0,0,31,200,200,200,200,200,200
387126,0,30,0,0,0,1,12,5,0,0,0,17,0,1,31,0,1,0,0,200,200
387126,0,30,0,0,0,1,12,5,0,0,0,17,0,1,32,0,0,0,0,200,200
387127,0,25,0,0,0,1,10,2,0,0,0,200,200,0,40,0,8,0,0,200,200
387127,0,25,0,0,0,1,10,2,0,0,0,200,200,0,44,0,0,4,0,200,200
387129,0,5,0,0,200,200,2,12,0,200,200,0,0,1,49,0,12,200,200,200,200
387134,0,15,0,0,0,1,0,7,0,0,0,0,0,0,26,0,6,0,0,200,200
387134,0,15,0,0,0,1,0,7,0,0,0,0,0,0,88,0,0,0,0,200,200
387138,0,30,0,0,0,1,14,1,0,0,0,23,200,0,60,200,7,0,0,200,200
387138,0,30,0,0,0,1,14,1,0,0,0,23,200,0,29,200,0,0,0,200,200
387141,0,30,0,0,0,1,2,5,0,0,0,21,200,0,46,0,1,0,0,200,200
387149,0,30,1,2,0,1,10,3,0,0,0,16,18,0,0,200,12,0,0,200,200
387149,0,30,1,2,0,1,10,3,0,0,0,16,18,1,39,0,0,0,0,200,200
387149,1,30,1,2,0,1,10,3,0,0,0,16,18,0,16,200,200,200,200,200,200
387162,0,10,0,0,0,1,10,7,0,0,0,0,0,1,34,200,6,200,200,200,200
387162,0,10,0,0,0,1,10,7,0,0,0,0,0,0,24,0,0,0,0,200,200
387169,0,30,12,2,0,1,12,2,0,0,0,11,200,1,34,200,12,200,0,200,200
387169,0,30,12,2,0,1,12,2,0,0,0,11,200,2,200,200,200,200,200,200,200
387170,0,30,0,0,0,1,7,2,0,0,0,27,200,1,28,0,12,200,2,200,200
387180,0,30,0,0,0,1,14,5,0,0,0,16,0,1,38,200,12,0,0,200,200
387180,0,30,0,0,0,1,14,5,0,0,0,16,0,1,24,200,0,0,0,200,200
387181,0,35,1,2,0,0,14,2,0,0,0,23,0,0,200,200,200,200,200,200,200
387181,0,35,1,2,0,0,14,2,0,0,0,23,0,1,48,0,0,0,0,200,200
387196,0,30,0,0,0,1,10,5,0,0,0,18,0,1,18,0,3,0,0,200,200
387196,0,30,0,0,0,1,10,5,0,0,0,18,0,1,200,200,0,200,200,200,200
387197,0,35,1,2,0,1,10,5,0,0,0,18,200,0,45,200,3,0,0,200,200
387197,0,35,1,2,0,1,10,5,0,0,0,18,200,0,39,7,0,0,0,200,200
387200,0,30,0,0,0,1,10,2,0,0,0,18,11,0,68,200,3,0,0,200,200
387200,0,30,0,0,0,1,10,2,0,0,0,18,11,0,52,200,0,0,0,200,200
387203,0,30,0,0,0,1,12,5,0,0,0,0,200,0,73,0,0,0,0,200,200
387203,0,30,0,0,0,1,12,5,0,0,0,0,200,0,30,0,0,0,0,200,200
387209,0,30,2,2,0,1,10,6,0,0,0,18,18,0,26,0,3,0,0,200,200
387209,0,30,2,2,0,1,10,6,0,0,0,18,18,0,200,200,0,200,200,200,200
387214,0,0,1,2,0,1,14,5,0,0,0,23,200,0,45,0,7,0,0,200,200
387214,0,0,1,2,0,1,14,5,0,0,0,23,200,1,41,0,12,0,0,200,200
387214,1,0,1,2,0,1,14,5,0,0,0,23,200,0,32,0,200,200,200,200,200
387222,0,30,0,0,0,1,3,6,0,0,0,0,0,0,200,0,6,0,0,200,200
387222,0,30,0,0,0,1,3,6,0,0,0,0,0,1,200,0,0,0,0,200,200
387225,0,30,0,0,0,1,7,5,0,0,0,0,0,2,200,200,200,200,200,200,200
387226,0,30,2,200,0,1,0,5,0,0,0,0,200,0,49,200,1,200,200,200,200
387226,0,30,2,200,0,1,0,5,0,0,0,0,200,1,22,0,200,0,0,200,200
387234,0,30,0,0,0,200,7,6,0,0,0,200,200,2,200,200,200,200,200,200,200
387236,0,30,0,0,0,0,7,2,0,0,0,0,0,2,200,200,200,200,200,200,200
387237,0,30,0,0,0,1,7,5,0,0,0,20,0,0,48,0,6,200,0,200,200
387237,1,30,0,0,0,1,7,5,0,0,0,20,0,1,38,0,200,200,200,200,200
387244,0,30,2,2,0,1,7,2,0,0,0,23,200,0,67,0,12,0,0,200,200
387246,0,30,2,2,0,1,14,12,0,0,0,23,22,0,25,200,7,200,200,200,200
387246,0,30,2,2,0,1,14,12,0,0,0,23,22,0,64,0,0,0,0,200,200
387251,0,30,0,200,0,1,10,2,0,0,0,18,200,1,65,0,3,200,0,200,200
387251,0,30,0,200,0,1,10,2,0,0,0,18,200,1,39,0,0,200,0,200,200
387251,0,30,0,200,0,1,10,2,0,0,0,18,200,1,36,0,0,0,0,200,200
387251,1,30,0,200,0,1,10,2,0,0,0,18,200,1,200,0,200,200,200,200,200
387251,1,30,0,200,0,1,10,2,0,0,0,18,200,1,61,0,200,200,200,200,200
387269,0,15,0,0,0,1,2,0,0,0,0,23,200,0,42,0,7,0,0,200,200
387278,0,35,0,0,0,1,12,2,0,0,0,0,200,1,32,0,10,0,0,200,200
387278,0,35,0,0,0,1,12,2,0,0,0,0,200,1,31,0,0,0,0,200,200
387278,1,35,0,0,0,1,12,2,0,0,0,0,200,1,4,5,200,200,200,200,200
387279,0,30,1,2,0,1,10,6,0,0,0,0,200,1,40,0,12,0,0,200,200
387279,0,30,1,2,0,1,10,6,0,0,0,0,200,1,41,0,0,0,0,200,200
387279,0,30,1,2,0,1,10,6,0,0,0,0,200,1,48,0,0,0,0,200,200
387279,1,30,1,2,0,1,10,6,0,0,0,0,200,1,14,0,200,200,200,200,200
387279,1,30,1,2,0,1,10,6,0,0,0,0,200,0,12,0,200,200,200,200,200
387279,1,30,1,2,0,1,10,6,0,0,0,0,200,1,9,0,200,200,200,200,200
387283,0,20,1,2,0,1,0,5,0,0,0,17,33,1,30,0,1,1,0,200,200
387283,0,20,1,2,0,1,0,5,0,0,0,17,33,1,56,0,0,12,0,200,200
387290,0,30,0,0,0,1,12,5,0,0,0,0,0,0,0,0,200,0,0,200,200