RD_NO,PERSON_TYPE,POSTED_SPEED_LIMIT,TRAFFIC_CONTROL_DEVICE,DEVICE_CONDITION,WEATHER_CONDITION,LIGHTING_CONDITION,FIRST_CRASH_TYPE,TRAFFICWAY_TYPE,ALIGNMENT,ROADWAY_SURFACE_COND,ROAD_DEFECT,PRIM_CONTRIBUTORY_CAUSE,SEC_CONTRIBUTORY_CAUSE,SEX,AGE,SAFETY_EQUIPMENT,DRIVER_ACTION,DRIVER_VISION,PHYSICAL_CONDITION,BAC_RESULT VALUE,CELL_PHONE_USE
387290,0,30,0,0,0,1,12,5,0,0,0,0,0,0,200,200,0,200,0,200,200
387294,1,15,0,0,0,1,14,5,0,0,0,33,33,0,15,200,200,200,200,200,200
387294,0,15,0,0,0,1,14,5,0,0,0,33,33,1,21,200,7,200,0,200,200
387294,0,15,0,0,0,1,14,5,0,0,0,33,33,0,54,200,200,0,0,200,200
387294,0,15,0,0,0,1,14,5,0,0,0,33,33,1,23,200,0,0,0,200,200
387294,1,15,0,0,0,1,14,5,0,0,0,33,33,0,15,200,200,200,200,200,200
387294,1,15,0,0,0,1,14,5,0,0,0,33,33,0,15,200,200,200,200,200,200
387294,1,15,0,0,0,1,14,5,0,0,0,33,33,0,15,200,200,200,200,200,200
387294,1,15,0,0,0,1,14,5,0,0,0,33,33,0,15,200,200,200,200,200,200
387294,1,15,0,0,0,1,14,5,0,0,0,33,33,0,200,0,200,200,200,200,200
387296,0,30,0,0,0,1,14,3,0,0,0,0,0,0,20,0,200,200,200,200,200
387296,0,30,0,0,0,1,14,3,0,0,0,0,0,1,55,0,200,200,200,200,200
387296,1,30,0,0,0,1,14,3,0,0,0,0,0,0,200,0,200,200,200,200,200
387296,1,30,0,0,0,1,14,3,0,0,0,0,0,0,200,0,200,200,200,200,200
387297,0,30,0,0,0,1,12,2,0,0,0,17,0,1,19,0,1,0,0,200,200
387297,0,30,0,0,0,1,12,2,0,0,0,17,0,1,44,0,0,0,0,200,200
387297,1,30,0,0,0,1,12,2,0,0,0,17,0,0,19,0,200,200,200,200,200
387300,0,30,0,0,0,1,7,5,0,0,0,0,0,1,200,200,7,200,200,200,200
387300,1,30,0,0,0,1,7,5,0,0,0,0,0,1,18,0,200,200,200,200,200
387300,1,30,0,0,0,1,7,5,0,0,0,0,0,1,54,0,200,200,200,200,200
387302,0,30,0,0,0,1,7,2,0,0,0,7,200,1,26,0,12,0,0,200,200
387302,1,30,0,0,0,1,7,2,0,0,0,7,200,1,6,5,200,200,200,200,200
387303,0,30,0,0,0,1,2,0,0,0,1,25,8,1,34,200,6,12,1,200,200
387312,0,30,1,2,0,1,10,2,0,0,0,0,0,1,40,0,0,0,0,200,200
387312,0,30,1,2,0,1,10,2,0,0,0,0,0,0,63,0,0,0,0,200,200
387312,1,30,1,2,0,1,10,2,0,0,0,0,0,0,13,0,200,200,200,200,200
387312,1,30,1,2,0,1,10,2,0,0,0,0,0,0,11,0,200,200,200,200,200
387312,1,30,1,2,0,1,10,2,0,0,0,0,0,1,200,0,200,200,200,200,200
387316,0,30,0,0,0,0,7,2,0,0,0,0,0,2,200,200,2,200,200,200,200
387318,0,35,0,0,0,1,11,7,0,0,0,0,200,1,61,0,200,0,0,200,200
387318,0,35,0,0,0,1,11,7,0,0,0,0,200,1,31,0,200,0,0,200,200
387318,1,35,0,0,0,1,11,7,0,0,0,0,200,0,59,0,200,200,200,200,200
387321,0,30,0,0,0,1,2,5,0,0,0,20,16,0,200,200,6,200,200,200,200
387324,0,30,0,0,0,1,7,6,0,0,0,0,11,2,200,200,6,200,200,200,200
387325,0,25,0,0,0,1,12,5,0,0,0,0,200,2,200,200,200,200,200,200,200
387325,0,25,0,0,0,1,12,5,0,0,0,0,200,0,35,200,0,0,0,200,200
387333,0,30,0,0,0,1,7,2,0,0,0,20,200,0,63,200,6,0,200,200,200
387333,1,30,0,0,0,1,7,2,0,0,0,20,200,0,200,0,200,200,200,200,200
387336,0,30,1,2,0,1,10,5,0,0,0,18,200,0,27,0,3,0,0,200,200
387336,0,30,1,2,0,1,10,5,0,0,0,18,200,0,23,0,0,0,0,200,200
387336,1,30,1,2,0,1,10,5,0,0,0,18,200,0,43,200,200,200,200,200,200
387336,1,30,1,2,0,1,10,5,0,0,0,18,200,0,35,200,200,200,200,200,200
387351,0,30,0,0,200,1,12,5,0,200,200,17,33,1,44,200,1,12,200,200,200
387351,0,30,0,0,200,1,12,5,0,200,200,17,33,1,29,200,0,200,0,200,200
387362,0,30,1,2,0,1,10,5,0,0,0,27,16,0,74,0,12,0,4,200,200
387362,0,30,1,2,0,1,10,5,0,0,0,27,16,0,46,0,0,0,0,200,200
387362,1,30,1,2,0,1,10,5,0,0,0,27,16,1,72,0,200,200,200,200,200
387363,0,30,0,0,0,4,0,5,0,0,0,17,0,0,67,0,1,0,0,200,200
387363,0,30,0,0,0,4,0,5,0,0,0,17,0,0,48,0,0,0,0,200,200
387364,0,25,0,0,0,1,7,5,0,0,0,21,200,1,69,0,200,0,0,200,200
387368,0,30,0,0,0,1,12,2,0,0,0,21,200,1,79,0,200,0,0,200,200
387368,0,30,0,0,0,1,12,2,0,0,0,21,200,1,54,0,200,0,0,200,200
387372,0,30,1,2,0,1,14,5,0,0,0,16,0,1,54,200,0,200,200,200,200
387372,0,30,1,2,0,1,14,5,0,0,0,16,0,0,40,200,0,0,0,200,200
387373,0,30,0,0,200,3,12,5,0,200,200,0,0,0,30,200,2,200,200,200,200
387373,0,30,0,0,200,3,12,5,0,200,200,0,0,0,19,200,4,200,0,200,200
387383,0,30,2,2,0,1,0,2,0,0,0,5,0,0,24,200,5,200,200,200,200
387383,0,30,2,2,0,1,0,2,0,0,0,5,0,0,30,0,0,0,0,200,200
387383,1,30,2,2,0,1,0,2,0,0,0,5,0,0,200,200,200,200,200,200,200
387383,1,30,2,2,0,1,0,2,0,0,0,5,0,0,200,0,200,200,200,200,200
387395,0,25,0,0,0,1,12,5,0,0,0,17,17,0,30,0,1,0,0,200,200
387395,0,25,0,0,0,1,12,5,0,0,0,17,17,0,30,0,0,0,0,200,200
387398,0,30,2,2,0,1,14,5,0,0,0,23,22,0,59,0,4,0,0,200,200
387398,0,30,2,2,0,1,14,5,0,0,0,23,22,1,65,0,0,0,0,200,200
387398,1,30,2,2,0,1,14,5,0,0,0,23,22,0,200,0,200,200,200,200,200
387399,0,30,0,0,0,1,9,5,0,0,0,7,0,1,200,200,1,12,12,200,200
387399,5,30,0,0,0,1,9,5,0,0,0,7,0,1,0,7,200,200,200,200,200
387402,0,0,0,0,0,1,7,6,0,0,0,20,200,1,25,0,6,0,0,200,200
387402,1,0,0,0,0,1,7,6,0,0,0,20,200,1,57,0,200,200,200,200,200
387403,0,25,0,0,0,1,12,5,0,0,0,21,0,0,81,0,12,0,0,200,200
387403,0,25,0,0,0,1,12,5,0,0,0,21,0,0,57,0,1,0,0,200,200
387404,0,5,0,0,0,1,7,6,0,0,0,17,11,0,200,200,1,200,200,200,200
387410,0,30,1,2,0,1,11,5,0,0,3,0,200,0,26,0,200,200,0,200,200
387410,0,30,1,2,0,1,11,5,0,0,3,0,200,0,200,200,200,200,200,200,200
387411,0,35,0,0,0,1,7,5,0,0,0,0,0,2,200,200,200,200,200,200,200
387417,0,30,1,2,0,1,14,6,0,1,0,0,0,0,39,0,200,0,0,200,200
387417,0,30,1,2,0,1,14,6,0,1,0,0,0,1,45,1,0,0,0,200,200
387426,0,30,0,0,0,1,7,6,0,0,0,21,200,0,62,200,1,0,0,200,200
387426,1,30,0,0,0,1,7,6,0,0,0,21,200,0,30,7,200,200,200,200,200
387426,1,30,0,0,0,1,7,6,0,0,0,21,200,0,23,7,200,200,200,200,200
387429,0,30,0,0,0,1,12,2,0,0,0,22,16,0,200,200,0,200,200,200,200
387429,0,30,0,0,0,1,12,2,0,0,0,22,16,1,73,0,0,0,0,200,200
387435,0,30,0,0,0,1,10,6,0,0,0,0,200,0,18,0,12,0,0,200,200
387435,0,30,0,0,0,1,10,6,0,0,0,0,200,1,62,0,0,0,0,200,200
387435,1,30,0,0,0,1,10,6,0,0,0,0,200,1,17,0,200,200,200,200,200
387437,0,35,1,2,0,1,14,3,0,0,0,6,0,0,40,0,200,0,0,200,200
387437,0,35,1,2,0,1,14,3,0,0,0,6,0,0,23,0,200,0,0,200,200
387439,0,30,1,2,0,0,12,2,0,0,200,22,200,2,200,200,2,200,200,200,200
387439,0,30,1,2,0,0,12,2,0,0,200,22,200,0,27,0,0,0,0,200,200
387440,0,25,0,0,200,200,7,5,0,200,200,0,0,2,200,200,200,200,200,200,200
387449,0,30,0,0,0,1,14,2,0,0,0,17,21,2,200,200,1,200,200,200,200
387449,0,30,0,0,0,1,14,2,0,0,0,17,21,1,49,0,0,0,0,200,200
387451,0,30,200,200,0,1,11,5,0,0,0,200,200,0,35,200,200,200,200,200,200
387451,0,30,200,200,0,1,11,5,0,0,0,200,200,0,22,0,0,0,0,200,200
387451,1,30,200,200,0,1,11,5,0,0,0,200,200,1,32,0,200,200,200,200,200
387452,5,25,3,2,0,1,9,5,0,0,200,20,200,1,62,7,0,200,0,200,200
387452,0,25,3,2,0,1,9,5,0,0,200,20,200,0,200,200,6,200,200,200,200
387452,1,25,3,2,0,1,9,5,0,0,200,20,200,1,200,200,200,200,200,200,200
387453,0,10,0,0,0,1,7,7,0,0,0,0,200,0,200,200,12,200,0,200,200
387453,1,10,0,0,0,1,7,7,0,0,0,0,200,1,200,200,200,200,200,200,200
387454,0,30,1,2,0,1,10,5,0,0,0,0,0,0,200,200,200,200,200,200,200
387454,0,30,1,2,0,1,10,5,0,0,0,0,0,0,43,0,0,0,0,200,200
387454,0,30,1,2,0,1,10,5,0,0,0,0,0,0,50,0,0,0,0,200,200
387462,0,30,0,0,0,1,12,2,0,0,0,22,200,1,19,200,2,12,0,200,200
387462,0,30,0,0,0,1,12,2,0,0,0,22,200,1,55,200,0,200,0,200,200
387467,0,30,1,2,0,1,10,5,0,0,0,0,0,1,30,0,200,200,200,200,200
387467,0,30,1,2,0,1,10,5,0,0,0,0,0,0,29,0,0,0,0,200,200
387467,1,30,1,2,0,1,10,5,0,0,0,0,0,1,26,0,200,200,200,200,200
387467,1,30,1,2,0,1,10,5,0,0,0,0,0,1,16,0,200,200,200,200,200
387467,1,30,1,2,0,1,10,5,0,0,0,0,0,1,45,0,200,200,200,200,200
387469,0,30,1,2,0,1,10,3,0,0,200,16,200,1,23,0,3,0,0,200,200
387469,0,30,1,2,0,1,10,3,0,0,200,16,200,0,26,0,0,200,0,200,200
387469,1,30,1,2,0,1,10,3,0,0,200,16,200,0,26,0,200,200,200,200,200
387469,1,30,1,2,0,1,10,3,0,0,200,16,200,1,50,0,200,200,200,200,200
387469,1,30,1,2,0,1,10,3,0,0,200,16,200,0,6,0,200,200,200,200,200
387469,1,30,1,2,0,1,10,3,0,0,200,16,200,1,2,0,200,200,200,200,200
387473,0,30,0,0,0,1,9,2,0,0,0,17,16,0,22,0,1,0,0,200,200
387473,5,30,0,0,0,1,9,2,0,0,0,17,16,0,26,3,0,0,0,200,200
387473,1,30,0,0,0,1,9,2,0,0,0,17,16,1,24,0,200,200,200,200,200
387474,0,30,0,0,0,1,9,6,0,0,0,16,200,0,52,0,1,0,0,200,200
387474,5,30,0,0,0,1,9,6,0,0,0,16,200,1,19,200,200,0,0,200,200
387475,0,15,0,0,0,1,7,7,0,0,0,0,0,2,200,200,200,200,200,200,200
387478,0,45,1,2,0,1,10,6,2,0,200,18,0,2,200,200,0,200,200,200,200
387478,0,45,1,2,0,1,10,6,2,0,200,18,0,0,51,0,3,0,0,200,200
387480,0,30,1,2,0,1,14,5,0,0,0,17,16,1,200,200,1,200,200,200,200
387480,0,30,1,2,0,1,14,5,0,0,0,17,16,1,24,200,0,0,0,200,200
387480,1,30,1,2,0,1,14,5,0,0,0,17,16,0,7,200,200,200,200,200,200
387487,0,30,1,2,0,1,10,2,0,0,0,16,18,0,20,200,3,0,0,200,200
387487,0,30,1,2,0,1,10,2,0,0,0,16,18,1,56,200,0,0,0,200,200
387487,1,30,1,2,0,1,10,2,0,0,0,16,18,200,200,200,200,200,200,200,200
387489,0,30,0,0,0,1,2,7,0,0,0,0,200,0,200,200,200,200,200,200,200
387491,0,30,1,2,0,1,14,5,0,0,0,17,200,0,29,200,1,200,0,200,200
387491,0,30,1,2,0,1,14,5,0,0,0,17,200,1,33,200,200,0,0,200,200
387491,1,30,1,2,0,1,14,5,0,0,0,17,200,200,12,200,200,200,200,200,200
387491,1,30,1,2,0,1,14,5,0,0,0,17,200,1,8,200,200,200,200,200,200
387493,0,30,0,0,0,1,7,6,0,0,0,0,0,2,200,200,200,200,200,200,200
387498,0,30,1,2,0,1,10,5,0,0,0,0,0,1,46,200,200,200,200,200,200
387498,0,30,1,2,0,1,10,5,0,0,0,0,0,0,33,0,0,0,0,200,200
387499,0,35,0,0,0,1,7,5,0,0,0,0,200,2,200,200,200,200,200,200,200
387505,0,15,0,0,0,1,7,7,0,0,0,0,0,2,200,200,200,200,200,200,200
387512,0,30,0,0,200,200,7,6,0,200,200,0,0,2,200,200,200,200,200,200,200
387519,0,30,200,200,2,3,0,5,0,1,0,200,200,0,19,0,200,0,0,200,200
387519,0,30,200,200,2,3,0,5,0,1,0,200,200,1,26,0,200,0,0,200,200
387519,1,30,200,200,2,3,0,5,0,1,0,200,200,1,0,0,200,200,200,200,200
387519,1,30,200,200,2,3,0,5,0,1,0,200,200,0,10,0,200,200,200,200,200
387519,1,30,200,200,2,3,0,5,0,1,0,200,200,0,3,0,200,200,200,200,200
387519,1,30,200,200,2,3,0,5,0,1,0,200,200,0,4,0,200,200,200,200,200
387523,0,30,0,0,0,1,2,7,0,0,0,0,0,0,65,0,0,0,0,200,200
387527,0,30,0,0,0,1,12,3,0,0,0,22,200,0,200,200,4,200,200,200,200
387527,0,30,0,0,0,1,12,3,0,0,0,22,200,1,36,0,0,0,0,200,200
387538,0,30,0,0,0,1,7,5,0,0,0,0,0,0,46,200,2,0,0,200,200
387540,0,30,0,0,0,1,10,5,0,0,0,200,200,2,200,200,0,200,200,200,200
387540,0,30,0,0,0,1,10,5,0,0,0,200,200,1,60,0,0,0,0,200,200
387543,0,30,0,0,0,1,7,5,0,0,0,0,0,0,22,200,200,200,200,200,200
387543,1,30,0,0,0,1,7,5,0,0,0,0,0,1,200,7,200,200,200,200,200
387545,0,30,0,0,0,1,0,5,0,0,0,17,0,1,200,200,1,200,200,200,200
387545,0,30,0,0,0,1,0,5,0,0,0,17,0,1,23,0,0,0,0,200,200
387548,0,30,1,2,0,1,10,3,0,0,0,22,0,0,35,0,0,0,0,200,200
387548,0,30,1,2,0,1,10,3,0,0,0,22,0,0,21,0,0,0,0,200,200
387549,0,30,0,0,0,1,12,2,0,0,0,0,0,0,19,0,0,0,0,200,200
387549,1,30,0,0,0,1,12,2,0,0,0,0,0,0,25,0,200,200,200,200,200
387552,0,30,2,2,0,1,0,5,0,0,0,200,200,0,31,200,12,200,200,200,200
387552,0,30,2,2,0,1,0,5,0,0,0,200,200,1,52,0,200,0,0,200,200
387553,0,30,0,0,0,1,14,12,2,0,200,0,200,1,45,200,200,0,0,200,200
387553,0,30,0,0,0,1,14,12,2,0,200,0,200,1,50,200,200,0,0,200,200
387556,0,30,1,2,0,1,10,6,2,0,0,18,200,1,27,200,0,0,0,200,200
387556,0,30,1,2,0,1,10,6,2,0,0,18,200,1,75,0,0,0,0,200,200
387556,0,30,1,2,0,1,10,6,2,0,0,18,200,0,200,200,200,200,200,200,200
387556,1,30,1,2,0,1,10,6,2,0,0,18,200,1,16,0,200,200,200,200,200
387559,0,30,1,2,0,1,10,5,0,0,0,18,0,0,37,200,3,200,200,200,200
387559,0,30,1,2,0,1,10,5,0,0,0,18,0,1,30,0,0,200,0,200,200
387559,1,30,1,2,0,1,10,5,0,0,0,18,0,0,200,200,200,200,200,200,200
387559,1,30,1,2,0,1,10,5,0,0,0,18,0,0,26,0,200,200,200,200,200
387571,0,30,1,2,0,1,14,5,0,0,0,17,6,1,200,200,5,0,0,200,200
387571,0,30,1,2,0,1,14,5,0,0,0,17,6,0,200,0,0,0,0,200,200
387576,0,30,1,2,0,1,12,6,0,0,0,0,200,0,32,0,12,0,0,200,200
387576,0,30,1,2,0,1,12,6,0,0,0,0,200,0,0,0,12,200,0,200,200
387580,0,30,0,0,0,1,7,5,0,0,0,0,0,2,200,200,200,200,200,200,200
387581,0,30,1,2,0,1,14,5,0,0,0,0,0,0,62,0,200,0,0,200,200
387581,0,30,1,2,0,1,14,5,0,0,0,0,0,1,37,0,200,0,0,200,200
387581,1,30,1,2,0,1,14,5,0,0,0,0,0,1,200,7,200,200,200,200,200
387582,0,30,0,0,0,1,12,5,0,0,0,200,200,0,200,200,0,200,200,200,200
387582,0,30,0,0,0,1,12,5,0,0,0,200,200,0,50,0,0,0,0,200,200
387582,1,30,0,0,0,1,12,5,0,0,0,200,200,0,200,0,200,200,200,200,200
387582,1,30,0,0,0,1,12,5,0,0,0,200,200,0,200,0,200,200,200,200,200
387584,0,30,1,2,0,1,10,2,0,0,200,0,0,0,39,200,200,200,200,200,200
387584,0,30,1,2,0,1,10,2,0,0,200,0,0,0,36,0,200,0,0,200,200
387587,0,25,0,0,0,1,12,5,0,0,0,17,0,0,23,200,1,0,0,200,200
387587,0,25,0,0,0,1,12,5,0,0,0,17,0,1,46,200,0,0,0,200,200
387590,0,35,0,0,0,1,12,2,0,0,0,0,200,1,72,200,200,0,0,200,200
387590,0,35,0,0,0,1,12,2,0,0,0,0,200,0,52,200,12,0,0,200,200
387591,0,30,0,0,0,1,10,5,0,0,0,200,200,0,56,0,0,0,0,200,200
387591,0,30,0,0,0,1,10,5,0,0,0,200,200,1,200,200,200,200,200,200,200
387595,0,30,0,0,0,1,10,5,0,0,0,7,200,1,85,200,12,0,200,200,200
387595,0,30,0,0,0,1,10,5,0,0,0,7,200,1,58,0,0,0,0,200,200
387603,0,30,1,2,0,1,12,5,0,0,200,21,18,0,200,200,4,200,200,200,200
387603,0,30,1,2,0,1,12,5,0,0,200,21,18,1,23,200,0,0,0,200,200
387603,1,30,1,2,0,1,12,5,0,0,200,21,18,0,200,200,200,200,200,200,200
387608,0,30,0,0,0,1,12,5,0,0,0,200,200,1,28,200,0,0,0,200,200
387608,0,30,0,0,0,1,12,5,0,0,0,200,200,1,43,7,0,0,0,200,200
387609,0,30,0,0,0,1,10,5,0,0,0,18,200,0,200,200,3,200,200,200,200
387609,0,30,0,0,0,1,10,5,0,0,0,18,200,1,30,0,0,0,0,200,200
387609,0,30,0,0,0,1,10,5,0,0,0,18,200,0,59,0,0,0,0,200,200
387609,1,30,0,0,0,1,10,5,0,0,0,18,200,200,58,0,200,200,200,200,200
387617,0,30,1,2,0,1,14,5,2,0,200,6,0,0,42,200,5,200,0,200,200
387617,0,30,1,2,0,1,14,5,2,0,200,6,0,1,25,0,0,200,0,200,200
387617,0,30,1,2,0,1,14,5,2,0,200,6,0,0,28,0,0,200,0,200,200
387617,1,30,1,2,0,1,14,5,2,0,200,6,0,1,200,0,200,200,200,200,200
387617,1,30,1,2,0,1,14,5,2,0,200,6,0,0,0,6,200,200,200,200,200
387617,1,30,1,2,0,1,14,5,2,0,200,6,0,0,4,6,200,200,200,200,200
387618,0,30,0,0,0,1,7,6,0,12,200,18,200,0,48,200,3,200,200,200,200
387618,1,30,0,0,0,1,7,6,0,12,200,18,200,2,200,200,200,200,200,200,200
387622,0,30,0,0,0,1,14,5,0,0,0,200,200,0,84,0,0,0,0,200,200
387622,0,30,0,0,0,1,14,5,0,0,0,200,200,0,69,0,0,0,0,200,200
387624,0,30,6,200,0,1,2,5,0,0,4,28,200,0,49,200,0,0,0,200,200
387628,0,30,200,200,0,1,10,7,0,0,0,200,200,0,55,0,6,0,0,200,200
387628,0,30,200,200,0,1,10,7,0,0,0,200,200,0,18,0,200,0,0,200,200
387629,0,30,0,0,0,1,12,5,0,0,0,21,200,1,200,200,4,0,0,200,200
387629,0,30,0,0,0,1,12,5,0,0,0,21,200,0,200,0,0,0,0,200,200
387629,1,30,0,0,0,1,12,5,0,0,0,21,200,0,200,200,200,200,200,200,200
387629,1,30,0,0,0,1,12,5,0,0,0,21,200,0,200,0,200,200,200,200,200
387629,1,30,0,0,0,1,12,5,0,0,0,21,200,0,200,0,200,200,200,200,200
387629,1,30,0,0,0,1,12,5,0,0,0,21,200,1,200,0,200,200,200,200,200
387631,0,30,0,0,0,1,10,0,0,0,0,20,200,0,54,0,0,0,0,200,200
387631,0,30,0,0,0,1,10,0,0,0,0,20,200,0,43,0,10,0,0,200,200
387632,0,30,1,2,0,1,12,5,0,0,0,21,23,2,200,200,7,200,200,200,200
387632,0,30,1,2,0,1,12,5,0,0,0,21,23,0,0,200,0,0,0,200,200
387637,0,30,0,0,0,1,12,5,0,0,0,17,200,0,25,200,1,0,0,200,200
387637,0,30,0,0,0,1,12,5,0,0,0,17,200,1,47,0,0,0,0,200,200
387641,0,30,1,2,0,1,10,2,0,0,0,0,200,1,56,1,12,0,0,200,200
387641,0,30,1,2,0,1,10,2,0,0,0,0,200,0,59,0,0,0,0,200,200
387643,0,30,0,0,0,1,2,4,0,0,0,11,200,0,33,200,5,200,0,200,200
387643,4,30,0,0,0,1,2,4,0,0,0,11,200,0,18,200,0,200,0,200,200
387643,1,30,0,0,0,1,2,4,0,0,0,11,200,1,200,200,200,200,200,200,200
387644,0,30,0,0,0,3,7,5,0,0,0,0,200,2,200,200,200,200,200,200,200
387647,0,35,2,2,0,1,0,5,0,0,0,0,200,0,200,0,200,200,0,200,200
387647,0,35,2,2,0,1,0,5,0,0,0,0,200,1,200,0,0,200,0,200,200
387649,0,30,1,2,0,1,10,6,0,0,0,18,0,0,41,200,3,200,200,200,200
387649,0,30,1,2,0,1,10,6,0,0,0,18,0,0,59,0,0,0,0,200,200
387649,1,30,1,2,0,1,10,6,0,0,0,18,0,1,200,0,200,200,200,200,200
387649,1,30,1,2,0,1,10,6,0,0,0,18,0,1,200,0,200,200,200,200,200
387651,0,30,1,200,0,1,12,2,0,0,0,0,0,1,62,200,200,200,200,200,200
387651,0,30,1,200,0,1,12,2,0,0,0,0,0,0,62,200,200,200,0,200,200
387653,0,20,0,0,0,1,10,6,0,0,0,0,0,0,22,0,12,0,0,200,200
387653,0,20,0,0,0,1,10,6,0,0,0,0,0,1,46,200,0,0,0,200,200
387658,0,25,0,0,200,200,7,6,0,200,200,0,0,2,200,200,200,200,200,200,200
387659,0,35,0,0,0,1,14,2,0,0,0,23,22,1,57,200,7,0,0,200,200
387659,0,35,0,0,0,1,14,2,0,0,0,23,22,1,47,200,0,0,0,200,200
387665,4,30,0,0,0,1,8,5,2,0,0,200,200,0,200,7,200,200,200,200,200
387665,0,30,0,0,0,1,8,5,2,0,0,200,200,1,29,0,0,0,0,200,200
387665,1,30,0,0,0,1,8,5,2,0,0,200,200,1,0,5,200,200,200,200,200
387683,0,30,2,2,0,1,7,2,0,0,0,11,200,2,200,200,12,200,200,200,200
387691,0,25,0,0,0,1,7,6,0,0,0,0,200,0,17,0,200,0,0,200,200
387691,1,25,0,0,0,1,7,6,0,0,0,0,200,1,36,1,200,200,200,200,200
387691,1,25,0,0,0,1,7,6,0,0,0,0,200,0,62,1,200,200,200,200,200
387695,0,30,0,0,0,1,12,5,0,0,0,0,0,0,53,0,200,200,0,200,200
387695,0,30,0,0,0,1,12,5,0,0,0,0,0,1,72,0,0,0,0,200,200
387700,0,30,1,2,0,1,14,5,0,0,0,17,200,0,47,200,1,0,0,200,200
387700,0,30,1,2,0,1,14,5,0,0,0,17,200,0,52,0,0,0,0,200,200
387701,0,30,0,0,200,200,7,6,0,200,200,8,22,0,34,0,2,200,200,200,200
387704,0,30,0,0,0,1,12,5,0,0,0,0,0,2,200,200,200,200,200,200,200
387704,0,30,0,0,0,1,12,5,0,0,0,0,0,0,56,0,0,0,0,200,200
387705,0,30,0,0,0,1,10,2,0,0,0,18,200,0,55,0,3,200,0,200,200
387705,0,30,0,0,0,1,10,2,0,0,0,18,200,1,63,0,3,200,0,200,200
387705,0,30,0,0,0,1,10,2,0,0,0,18,200,0,60,0,0,200,0,200,200
387706,0,30,1,2,0,1,14,5,0,0,0,11,200,0,32,0,12,0,0,200,200
387706,0,30,1,2,0,1,14,5,0,0,0,11,200,0,46,0,0,0,0,200,200
387713,0,20,2,2,0,1,7,6,0,0,0,0,0,1,200,200,200,200,200,200,200
387716,0,15,0,0,0,3,7,7,0,0,200,22,0,0,57,200,2,200,200,200,200
387717,0,30,0,0,0,1,12,5,0,0,0,200,200,1,200,200,12,200,200,200,200
387717,0,30,0,0,0,1,12,5,0,0,0,200,200,0,25,0,0,0,0,200,200
387720,0,40,0,0,0,3,5,5,0,0,0,200,200,0,55,0,0,0,0,200,200
387722,0,30,2,2,0,1,0,2,0,0,0,0,200,1,71,0,1,0,0,200,200
387722,0,30,2,2,0,1,0,2,0,0,0,0,200,1,61,0,0,0,0,200,200
387723,0,30,1,200,0,200,10,200,0,200,200,18,200,1,48,200,3,200,0,200,200
387723,0,30,1,200,0,200,10,200,0,200,200,18,200,1,60,200,0,200,0,200,200
387726,0,30,1,2,0,1,12,5,0,0,0,22,22,2,200,200,2,200,200,200,200
387726,0,30,1,2,0,1,12,5,0,0,0,22,22,1,40,0,0,0,0,200,200
387727,0,30,0,0,0,1,14,5,0,0,0,0,0,1,22,200,7,0,0,200,200
387727,0,30,0,0,0,1,14,5,0,0,0,0,0,0,32,0,0,0,0,200,200
387730,0,30,0,0,0,1,10,5,0,0,0,7,200,1,58,0,200,0,0,200,200
387730,0,30,0,0,0,1,10,5,0,0,0,7,200,1,49,0,0,0,0,200,200
387733,0,30,0,0,0,1,12,5,0,0,0,0,0,1,35,200,1,0,0,200,200
387733,0,30,0,0,0,1,12,5,0,0,0,0,0,0,46,0,0,0,0,200,200
387742,0,30,0,0,0,1,7,6,0,0,0,7,200,1,48,0,200,0,0,200,200
387743,0,35,0,0,0,1,7,5,0,0,0,0,200,2,200,200,200,200,200,200,200
387744,0,30,200,200,0,1,7,2,0,200,200,200,200,2,200,200,200,200,200,200,200
387746,0,30,1,2,0,1,10,6,0,0,0,13,200,1,31,0,200,0,0,200,200
387746,0,30,1,2,0,1,10,6,0,0,0,13,200,1,60,0,0,0,0,200,200
387746,1,30,1,2,0,1,10,6,0,0,0,13,200,0,12,0,200,200,200,200,200
387746,1,30,1,2,0,1,10,6,0,0,0,13,200,0,8,0,200,200,200,200,200
387755,0,30,1,2,0,1,9,6,0,0,0,0,200,1,37,200,1,0,0,200,200
387755,5,30,1,2,0,1,9,6,0,0,0,0,200,1,17,7,12,0,0,200,200
387760,5,30,2,1,0,1,9,6,0,0,0,28,200,0,42,200,12,0,0,200,200
387760,0,30,2,1,0,1,9,6,0,0,0,28,200,0,48,0,0,0,0,200,200
387761,0,30,0,0,0,1,8,6,0,0,0,200,200,1,24,0,12,0,0,200,200
387761,4,30,0,0,0,1,8,6,0,0,0,200,200,0,49,3,0,0,0,200,200
387763,0,35,0,0,0,1,12,5,0,0,0,0,0,1,32,200,0,0,0,200,200
387763,0,35,0,0,0,1,12,5,0,0,0,0,0,0,0,200,0,0,0,200,200
387763,1,35,0,0,0,1,12,5,0,0,0,0,0,1,26,200,200,200,200,200,200
387763,1,35,0,0,0,1,12,5,0,0,0,0,0,1,23,7,200,200,200,200,200
387765,0,30,0,0,0,1,10,2,0,0,0,7,200,0,31,0,3,0,0,200,200
387765,0,30,0,0,0,1,10,2,0,0,0,7,200,1,24,0,0,0,0,200,200