RD_NO,PERSON_TYPE,POSTED_SPEED_LIMIT,TRAFFIC_CONTROL_DEVICE,DEVICE_CONDITION,WEATHER_CONDITION,LIGHTING_CONDITION,FIRST_CRASH_TYPE,TRAFFICWAY_TYPE,ALIGNMENT,ROADWAY_SURFACE_COND,ROAD_DEFECT,PRIM_CONTRIBUTORY_CAUSE,SEC_CONTRIBUTORY_CAUSE,SEX,AGE,SAFETY_EQUIPMENT,DRIVER_ACTION,DRIVER_VISION,PHYSICAL_CONDITION,BAC_RESULT VALUE,CELL_PHONE_USE
387770,0,15,0,0,0,1,12,2,0,0,0,17,16,0,31,200,12,5,0,200,200
387770,0,15,0,0,0,1,12,2,0,0,0,17,16,1,44,200,200,200,0,200,200
387775,0,30,0,0,0,1,0,5,0,0,0,17,200,1,200,200,1,0,0,200,200
387775,0,30,0,0,0,1,0,5,0,0,0,17,200,1,200,0,0,0,0,200,200
387777,0,30,0,0,0,200,12,200,0,200,200,22,200,0,47,200,2,200,0,200,200
387777,0,30,0,0,0,200,12,200,0,200,200,22,200,1,32,200,0,200,0,200,200
387777,1,30,0,0,0,200,12,200,0,200,200,22,200,0,33,200,200,200,200,200,200
387778,0,30,200,200,0,1,12,5,0,0,0,200,200,0,200,200,200,200,200,200,200
387778,0,30,200,200,0,1,12,5,0,0,0,200,200,1,47,0,0,0,0,200,200
387779,0,30,0,0,0,1,12,5,0,0,0,21,0,0,21,0,200,0,0,200,200
387779,0,30,0,0,0,1,12,5,0,0,0,21,0,0,200,200,12,200,200,200,200
387782,4,35,1,2,0,1,8,5,0,0,0,16,200,0,25,7,2,0,0,200,200
387782,0,35,1,2,0,1,8,5,0,0,0,16,200,0,32,0,0,0,0,200,200
387783,0,30,2,2,0,1,0,5,0,0,0,17,200,0,23,0,1,5,0,200,200
387783,0,30,2,2,0,1,0,5,0,0,0,17,200,1,48,0,0,0,0,200,200
387783,1,30,2,2,0,1,0,5,0,0,0,17,200,1,14,0,200,200,200,200,200
387788,0,30,1,2,0,1,14,2,0,0,0,21,6,1,200,200,5,200,200,200,200
387788,0,30,1,2,0,1,14,2,0,0,0,21,6,0,41,0,0,0,0,200,200
387789,0,30,0,0,0,1,0,5,0,0,0,17,200,0,43,200,1,0,0,200,200
387789,0,30,0,0,0,1,0,5,0,0,0,17,200,0,61,200,0,0,0,200,200
387790,0,30,0,0,0,1,0,5,0,0,0,17,0,0,200,200,1,200,200,200,200
387790,0,30,0,0,0,1,0,5,0,0,0,17,0,1,53,200,0,0,0,200,200
387792,0,30,0,0,0,1,7,12,0,0,0,0,200,0,61,0,12,0,0,200,200
387794,0,35,0,0,0,1,14,5,0,0,0,22,22,0,24,0,2,0,0,200,200
387794,0,35,0,0,0,1,14,5,0,0,0,22,22,1,60,0,0,0,0,200,200
387795,0,35,2,2,0,1,14,5,0,0,0,17,200,1,23,0,1,0,0,200,200
387795,0,35,2,2,0,1,14,5,0,0,0,17,200,0,32,0,0,0,0,200,200
387795,1,35,2,2,0,1,14,5,0,0,0,17,200,1,23,0,200,200,200,200,200
387797,0,30,2,2,0,1,0,2,0,0,0,0,0,1,200,200,1,200,200,200,200
387797,0,30,2,2,0,1,0,2,0,0,0,0,0,1,68,0,0,200,0,200,200
387800,0,30,1,2,0,1,10,5,0,0,0,18,14,1,35,0,3,0,0,200,200
387800,0,30,1,2,0,1,10,5,0,0,0,18,14,1,47,0,0,0,0,200,200
387802,0,10,0,0,0,1,7,7,0,0,0,20,0,1,200,200,6,200,200,200,200
387802,1,10,0,0,0,1,7,7,0,0,0,20,0,1,200,200,200,200,200,200,200
387807,0,30,1,2,0,1,10,3,0,0,0,18,16,0,24,200,3,200,0,200,200
387807,0,30,1,2,0,1,10,3,0,0,0,18,16,0,65,200,0,200,0,200,200
387811,0,30,0,0,0,1,7,6,0,0,0,0,0,0,200,200,1,0,0,200,200
387815,0,30,0,0,0,3,11,0,0,0,0,10,0,0,200,200,9,200,200,200,200
387815,0,30,0,0,0,3,11,0,0,0,0,10,0,1,32,200,0,0,0,200,200
387816,0,30,0,0,0,1,12,3,0,0,0,22,21,2,200,200,4,200,200,200,200
387816,0,30,0,0,0,1,12,3,0,0,0,22,21,1,42,200,0,0,0,200,200
387818,0,30,0,0,0,0,7,6,0,0,0,0,200,2,200,200,200,200,200,200,200
387819,0,30,0,0,0,1,12,6,0,0,0,0,0,1,25,0,12,0,0,200,200
387819,0,30,0,0,0,1,12,6,0,0,0,0,0,1,28,0,0,0,0,200,200
387824,0,30,0,0,0,1,10,5,0,0,0,18,200,0,200,200,3,200,200,200,200
387824,0,30,0,0,0,1,10,5,0,0,0,18,200,1,50,0,0,0,0,200,200
387825,0,30,200,200,0,1,12,6,0,0,1,200,200,0,200,200,0,200,200,200,200
387829,0,30,0,0,0,1,12,5,0,0,0,0,0,1,200,200,200,200,200,200,200
387829,0,30,0,0,0,1,12,5,0,0,0,0,0,1,36,0,0,0,0,200,200
387830,0,30,0,0,0,1,10,5,0,0,0,18,16,1,200,200,3,0,0,200,200
387830,0,30,0,0,0,1,10,5,0,0,0,18,16,0,200,0,0,0,0,200,200
387831,0,40,0,0,0,1,10,3,0,0,0,18,200,1,28,0,3,0,0,200,200
387831,0,40,0,0,0,1,10,3,0,0,0,18,200,1,47,0,0,0,0,200,200
387833,0,30,1,2,0,1,14,2,0,0,200,17,17,1,81,0,7,200,0,200,200
387833,0,30,1,2,0,1,14,2,0,0,200,17,17,0,78,0,12,200,0,200,200
387833,1,30,1,2,0,1,14,2,0,0,200,17,17,1,55,0,200,200,200,200,200
387837,0,30,2,2,0,1,0,6,0,0,0,17,0,1,55,200,1,0,0,200,200
387837,0,30,2,2,0,1,0,6,0,0,0,17,0,2,200,200,0,200,200,200,200
387842,0,30,2,2,0,1,14,5,0,0,0,17,17,0,49,0,1,0,0,200,200
387842,0,30,2,2,0,1,14,5,0,0,0,17,17,1,56,0,0,0,0,200,200
387846,0,30,0,0,0,1,7,12,0,0,0,12,0,1,53,0,12,0,0,200,200
387848,0,25,2,2,0,1,0,5,0,0,0,14,200,0,23,0,8,0,0,200,200
387848,0,25,2,2,0,1,0,5,0,0,0,14,200,1,25,0,0,0,0,200,200
387848,1,25,2,2,0,1,0,5,0,0,0,14,200,200,3,0,200,200,200,200,200
387849,0,30,0,0,0,1,12,5,0,0,0,22,200,0,200,200,2,200,200,200,200
387849,0,30,0,0,0,1,12,5,0,0,0,22,200,0,21,200,0,200,0,200,200
387852,0,30,0,0,0,1,5,5,0,0,0,200,200,1,71,0,0,0,0,200,200
387856,0,30,1,2,0,1,10,5,0,0,0,16,200,2,200,200,200,200,200,200,200
387856,0,30,1,2,0,1,10,5,0,0,0,16,200,1,27,0,0,0,0,200,200
387858,0,30,0,0,0,1,12,5,0,0,0,18,200,1,200,200,3,200,200,200,200
387858,0,30,0,0,0,1,12,5,0,0,0,18,200,1,0,0,0,0,0,200,200
387860,0,30,0,0,0,1,7,6,0,0,0,0,0,2,200,200,200,200,200,200,200
387863,0,25,0,0,0,1,14,2,0,0,1,0,19,0,55,200,4,200,0,200,200
387863,0,25,0,0,0,1,14,2,0,0,1,0,19,0,51,200,0,0,0,200,200
387868,0,25,1,2,0,1,12,2,0,0,0,0,200,0,200,0,200,1,0,200,200
387868,0,25,1,2,0,1,12,2,0,0,0,0,200,1,26,0,0,1,0,200,200
387870,0,30,0,0,0,1,12,5,0,0,0,0,200,0,35,0,12,0,0,200,200
387870,0,30,0,0,0,1,12,5,0,0,0,0,200,1,24,0,0,0,0,200,200
387875,0,15,0,0,0,1,2,0,0,0,0,11,8,1,43,0,12,0,0,200,200
387878,0,35,1,2,0,1,0,3,0,0,0,6,11,2,200,200,5,200,200,200,200
387878,0,35,1,2,0,1,0,3,0,0,0,6,11,0,25,0,0,0,0,200,200
387879,0,30,0,0,0,1,14,5,0,0,0,0,0,0,49,0,0,0,0,200,200
387879,0,30,0,0,0,1,14,5,0,0,0,0,0,0,61,0,0,0,0,200,200
387885,0,30,0,0,0,1,10,5,0,1,0,18,16,0,200,200,3,0,0,200,200
387885,0,30,0,0,0,1,10,5,0,1,0,18,16,1,200,0,0,0,0,200,200
387887,0,35,0,0,0,1,8,5,0,0,0,11,200,0,54,200,200,12,0,200,200
387887,4,35,0,0,0,1,8,5,0,0,0,11,200,1,0,7,0,0,0,200,200
387887,1,35,0,0,0,1,8,5,0,0,0,11,200,1,0,200,200,200,200,200,200
387888,0,30,0,0,0,1,7,7,0,0,0,13,200,0,43,0,12,0,0,200,200
387888,1,30,0,0,0,1,7,7,0,0,0,13,200,1,46,0,200,200,200,200,200
387890,0,35,0,0,0,1,7,5,0,0,0,0,0,2,200,200,200,200,200,200,200
387892,0,30,0,0,0,1,10,5,0,0,0,30,200,1,33,200,11,200,0,200,200
387892,0,30,0,0,0,1,10,5,0,0,0,30,200,0,63,0,0,0,0,200,200
387892,0,30,0,0,0,1,10,5,0,0,0,30,200,1,69,0,0,0,0,200,200
387892,1,30,0,0,0,1,10,5,0,0,0,30,200,1,25,0,200,200,200,200,200
387893,0,35,2,200,0,1,8,5,0,0,0,0,200,0,34,200,1,200,0,200,200
387893,4,35,2,200,0,1,8,5,0,0,0,0,200,0,51,7,0,200,0,200,200
387903,0,30,1,2,0,1,12,5,0,0,200,0,0,0,26,200,200,200,0,200,200
387903,0,30,1,2,0,1,12,5,0,0,200,0,0,0,63,200,200,200,0,200,200
387905,0,30,1,2,0,1,12,5,0,0,0,0,0,1,200,200,200,200,200,200,200
387905,0,30,1,2,0,1,12,5,0,0,0,0,0,0,63,0,0,200,200,200,200
387905,1,30,1,2,0,1,12,5,0,0,0,0,0,0,200,0,200,200,200,200,200
387907,0,30,1,2,0,1,10,2,0,0,0,0,200,1,17,200,200,200,2,200,200
387907,0,30,1,2,0,1,10,2,0,0,0,0,200,0,47,0,0,0,0,200,200
387910,0,30,2,2,0,1,11,5,0,0,0,17,200,0,20,0,6,0,0,200,200
387910,0,30,2,2,0,1,11,5,0,0,0,17,200,0,52,0,0,0,0,200,200
387911,0,30,1,2,0,1,10,5,2,0,200,200,200,1,200,200,12,0,0,200,200
387911,0,30,1,2,0,1,10,5,2,0,200,200,200,1,41,200,0,0,0,200,200
387912,0,20,0,200,200,200,7,5,0,200,0,0,11,2,200,200,200,200,200,200,200
387913,0,30,0,0,2,1,14,5,0,0,0,23,4,0,20,0,7,0,0,200,200
387913,0,30,0,0,2,1,14,5,0,0,0,23,4,0,33,3,0,0,0,200,200
387920,0,30,0,0,0,1,10,3,0,0,0,18,200,1,54,200,3,0,0,200,200
387920,0,30,0,0,0,1,10,3,0,0,0,18,200,1,54,200,0,0,0,200,200
387920,1,30,0,0,0,1,10,3,0,0,0,18,200,1,56,200,200,200,200,200,200
387922,0,30,2,2,2,0,0,5,0,1,200,17,22,1,26,200,5,200,200,200,200
387922,0,30,2,2,2,0,0,5,0,1,200,17,22,1,38,0,12,200,200,200,200
387922,1,30,2,2,2,0,0,5,0,1,200,17,22,1,200,0,200,200,200,200,200
387928,0,0,1,2,0,1,12,2,0,0,0,21,200,1,32,0,4,0,0,200,200
387928,0,0,1,2,0,1,12,2,0,0,0,21,200,1,31,0,0,0,0,200,200
387929,0,30,1,2,0,1,12,2,2,0,0,22,11,0,18,200,2,200,0,200,200
387929,0,30,1,2,0,1,12,2,2,0,0,22,11,0,29,0,0,0,0,200,200
387929,1,30,1,2,0,1,12,2,2,0,0,22,11,1,200,0,200,200,200,200,200
387929,1,30,1,2,0,1,12,2,2,0,0,22,11,1,200,0,200,200,200,200,200
387929,1,30,1,2,0,1,12,2,2,0,0,22,11,0,200,0,200,200,200,200,200
387929,1,30,1,2,0,1,12,2,2,0,0,22,11,0,200,0,200,200,200,200,200
387930,0,30,1,2,0,1,7,5,0,0,0,16,23,0,52,200,0,0,0,200,200
387931,0,30,200,200,0,1,12,5,0,0,0,200,200,0,200,200,200,200,200,200,200
387931,0,30,200,200,0,1,12,5,0,0,0,200,200,0,27,200,200,200,200,200,200
387934,0,30,0,0,0,1,12,6,0,0,0,17,11,0,45,0,1,0,0,200,200
387934,0,30,0,0,0,1,12,6,0,0,0,17,11,0,29,0,0,0,0,200,200
387935,0,30,0,0,0,1,10,5,0,0,0,8,200,0,27,200,12,0,0,200,200
387935,0,30,0,0,0,1,10,5,0,0,0,8,200,0,37,200,0,0,0,200,200
387938,0,15,0,0,0,1,9,7,0,0,0,25,25,2,200,200,1,200,200,200,200
387938,5,15,0,0,0,1,9,7,0,0,0,25,25,0,68,7,12,12,7,200,200
387938,1,15,0,0,0,1,9,7,0,0,0,25,25,1,200,200,200,200,200,200,200
387938,1,15,0,0,0,1,9,7,0,0,0,25,25,1,200,200,200,200,200,200,200
387944,0,30,0,0,0,1,10,8,0,0,0,18,18,0,28,200,3,200,0,200,200
387944,0,30,0,0,0,1,10,8,0,0,0,18,18,0,56,0,0,0,0,200,200
387950,0,30,1,2,0,1,14,1,0,0,0,23,0,1,26,200,7,200,200,200,200
387950,0,30,1,2,0,1,14,1,0,0,0,23,0,1,21,0,0,0,0,200,200
387950,1,30,1,2,0,1,14,1,0,0,0,23,0,0,200,0,200,200,200,200,200
387952,0,30,0,0,0,1,0,5,0,0,0,17,0,0,200,200,1,200,200,200,200
387952,0,30,0,0,0,1,0,5,0,0,0,17,0,1,36,0,0,0,0,200,200
387956,0,30,1,2,0,1,12,1,0,0,0,22,11,1,41,0,1,200,0,200,200
387956,0,30,1,2,0,1,12,1,0,0,0,22,11,0,43,0,0,0,0,200,200
387959,0,15,0,0,0,1,7,5,0,0,200,7,0,0,50,200,12,200,200,200,200
387960,0,30,0,0,0,1,10,5,0,0,0,18,200,1,21,0,3,0,0,200,200
387960,0,30,0,0,0,1,10,5,0,0,0,18,200,1,48,0,0,0,0,200,200
387960,0,30,0,0,0,1,10,5,0,0,0,18,200,0,44,0,0,0,0,200,200
387960,1,30,0,0,0,1,10,5,0,0,0,18,200,0,14,0,200,200,200,200,200
387960,1,30,0,0,0,1,10,5,0,0,0,18,200,1,40,0,200,200,200,200,200
387960,1,30,0,0,0,1,10,5,0,0,0,18,200,0,14,0,200,200,200,200,200
387961,0,30,0,0,0,1,0,2,0,0,0,17,17,0,27,200,1,0,0,200,200
387961,0,30,0,0,0,1,0,2,0,0,0,17,17,2,200,200,0,200,200,200,200
387962,0,30,0,0,0,1,10,5,0,0,0,0,200,1,25,200,200,0,0,200,200
387962,0,30,0,0,0,1,10,5,0,0,0,0,200,0,26,200,0,0,0,200,200
387962,0,30,0,0,0,1,10,5,0,0,0,0,200,1,200,200,0,200,200,200,200
387967,0,30,0,0,0,1,14,3,0,0,0,23,21,0,25,200,7,1,0,200,200
387967,0,30,0,0,0,1,14,3,0,0,0,23,21,1,38,200,12,5,0,200,200
387968,0,30,0,0,0,1,7,5,0,0,0,11,15,0,14,200,12,0,0,200,200
387969,0,30,2,2,0,1,0,5,0,0,0,5,0,0,77,200,5,0,0,200,200
387969,0,30,2,2,0,1,0,5,0,0,0,5,0,1,19,200,0,0,0,200,200
387969,1,30,2,2,0,1,0,5,0,0,0,5,0,0,73,200,200,200,200,200,200
387969,1,30,2,2,0,1,0,5,0,0,0,5,0,1,57,200,200,200,200,200,200
387969,1,30,2,2,0,1,0,5,0,0,0,5,0,1,3,7,200,200,200,200,200
387973,0,30,1,2,0,1,10,5,0,0,0,0,0,1,24,200,200,200,0,200,200
387973,0,30,1,2,0,1,10,5,0,0,0,0,0,0,0,200,200,200,0,200,200
387973,1,30,1,2,0,1,10,5,0,0,0,0,0,0,23,200,200,200,200,200,200
387978,0,30,0,0,0,1,10,5,0,0,0,0,0,0,200,200,200,200,200,200,200
387978,0,30,0,0,0,1,10,5,0,0,0,0,0,0,27,0,200,200,200,200,200
387979,0,30,0,0,0,200,7,6,0,200,0,0,200,0,200,200,200,200,200,200,200
387984,0,30,1,2,0,1,0,2,0,0,0,200,200,0,64,0,200,0,0,200,200
387984,0,30,1,2,0,1,0,2,0,0,0,200,200,1,38,0,15,0,0,200,200
387989,0,0,0,0,0,1,7,4,0,0,0,16,200,1,91,7,0,0,0,200,200
387989,1,0,0,0,0,1,7,4,0,0,0,16,200,1,60,200,200,200,200,200,200
387991,0,30,0,0,0,1,12,2,0,0,200,17,33,1,24,0,1,1,0,200,200
387991,0,30,0,0,0,1,12,2,0,0,200,17,33,1,23,0,0,0,200,200,200
387997,0,30,1,2,0,1,14,5,0,0,0,18,0,0,26,0,1,0,0,200,200
387997,0,30,1,2,0,1,14,5,0,0,0,18,0,1,21,200,0,0,0,200,200
387999,0,30,0,0,0,1,12,5,0,0,0,22,200,1,46,200,12,200,200,200,200
387999,0,30,0,0,0,1,12,5,0,0,0,22,200,1,42,0,0,0,0,200,200
388002,0,30,0,0,0,1,7,5,0,0,0,0,16,2,200,200,200,200,200,200,200
388002,1,30,0,0,0,1,7,5,0,0,0,0,16,0,200,200,200,200,200,200,200
388003,0,30,0,0,0,1,2,12,0,0,0,200,200,0,200,200,13,200,200,200,200
388005,0,30,200,200,0,1,7,5,0,0,0,200,200,2,200,200,200,200,200,200,200
388008,0,30,12,200,0,1,4,7,0,0,0,200,200,1,0,0,0,0,200,200,200
388016,0,30,0,0,0,1,2,6,0,0,0,32,16,0,33,200,12,200,6,200,200
388017,0,30,1,2,0,1,9,2,0,0,0,0,0,1,29,200,200,200,200,200,200
388017,5,30,1,2,0,1,9,2,0,0,0,0,0,1,22,200,12,0,0,200,200
388018,0,30,1,2,0,1,10,5,1,0,0,18,16,0,200,200,3,0,0,200,200
388018,0,30,1,2,0,1,10,5,1,0,0,18,16,1,200,0,0,0,0,200,200
388018,0,30,1,2,0,1,10,5,1,0,0,18,16,0,200,0,0,0,0,200,200
388026,0,30,0,0,0,2,7,1,0,0,0,200,200,2,200,200,200,200,200,200,200
388039,0,30,0,0,0,1,12,5,0,0,0,0,0,1,58,200,200,200,200,200,200
388039,0,30,0,0,0,1,12,5,0,0,0,0,0,0,28,200,200,200,200,200,200
388043,0,30,2,2,0,4,0,6,0,0,0,5,200,0,45,0,5,0,0,200,200
388043,0,30,2,2,0,4,0,6,0,0,0,5,200,1,17,0,0,0,0,200,200
388043,1,30,2,2,0,4,0,6,0,0,0,5,200,1,14,0,200,200,200,200,200
388048,0,30,0,0,0,1,10,5,0,0,0,18,200,0,68,0,3,0,0,200,200
388048,0,30,0,0,0,1,10,5,0,0,0,18,200,1,53,0,0,0,0,200,200
388056,0,30,2,2,0,4,0,5,0,0,0,5,200,2,200,200,5,200,200,200,200
388056,0,30,2,2,0,4,0,5,0,0,0,5,200,1,36,0,0,0,0,200,200
388057,5,30,1,2,0,1,9,5,0,0,0,9,200,0,38,7,0,0,0,200,200
388057,0,30,1,2,0,1,9,5,0,0,0,9,200,1,200,200,200,200,200,200,200
388057,1,30,1,2,0,1,9,5,0,0,0,9,200,0,200,200,200,200,200,200,200
388079,0,30,0,0,2,1,10,5,0,1,0,18,0,1,34,0,3,0,0,200,200
388079,0,30,0,0,2,1,10,5,0,1,0,18,0,0,200,200,0,200,200,200,200
388085,0,30,1,2,0,1,10,2,0,200,200,16,11,1,200,200,3,200,200,200,200
388085,0,30,1,2,0,1,10,2,0,200,200,16,11,0,29,0,0,0,0,200,200
388086,0,30,0,0,0,0,3,5,0,0,200,27,27,0,53,0,12,12,2,200,200
388086,0,30,0,0,0,0,3,5,0,0,200,27,27,0,27,0,200,200,0,200,200
388086,1,30,0,0,0,0,3,5,0,0,200,27,27,1,28,0,200,200,200,200,200
388086,1,30,0,0,0,0,3,5,0,0,200,27,27,0,0,5,200,200,200,200,200
388088,0,30,2,2,0,3,0,2,0,0,0,17,5,1,53,0,1,0,0,200,200
388088,0,30,2,2,0,3,0,2,0,0,0,17,5,1,82,0,0,0,0,200,200
388092,0,30,0,0,0,3,12,5,0,0,0,0,0,0,33,0,5,0,0,200,200
388092,0,30,0,0,0,3,12,5,0,0,0,0,0,0,54,0,0,0,0,200,200
388097,0,30,0,0,0,2,14,5,0,0,0,18,23,0,19,200,7,0,0,200,200
388097,0,30,0,0,0,2,14,5,0,0,0,18,23,0,18,0,0,0,0,200,200
388103,0,30,1,2,0,1,14,1,0,0,0,0,200,0,50,200,200,200,0,200,200
388103,0,30,1,2,0,1,14,1,0,0,0,0,200,1,46,200,200,0,0,200,200
388113,0,30,0,0,0,1,7,6,0,0,0,16,0,2,200,200,8,200,200,200,200
388116,0,30,0,0,0,3,7,6,0,0,0,23,11,0,36,0,7,0,0,200,200
388120,0,30,1,2,0,3,10,2,0,0,0,18,14,0,200,200,200,200,200,200,200
388120,0,30,1,2,0,3,10,2,0,0,0,18,14,0,48,0,0,0,0,200,200
388134,0,30,1,2,0,4,4,5,0,0,0,0,200,1,55,200,12,0,0,200,200
388134,3,30,1,2,0,4,4,5,0,0,0,0,200,0,44,7,0,12,12,200,200
388148,0,35,0,0,0,3,12,5,0,0,0,11,27,0,200,200,2,200,5,200,200
388148,0,35,0,0,0,3,12,5,0,0,0,11,27,0,20,200,0,200,0,200,200
388151,0,30,2,2,0,1,10,6,0,0,0,0,0,0,40,200,200,200,200,200,200
388151,0,30,2,2,0,1,10,6,0,0,0,0,0,1,34,0,0,0,0,200,200
388151,1,30,2,2,0,1,10,6,0,0,0,0,0,1,200,0,200,200,200,200,200
388155,0,35,0,0,0,0,12,6,0,0,0,0,0,1,200,200,200,200,200,200,200
388155,0,35,0,0,0,0,12,6,0,0,0,0,0,1,24,0,0,0,0,200,200
388157,0,30,0,0,0,0,11,2,0,0,0,21,16,0,200,200,9,200,200,200,200
388157,0,30,0,0,0,0,11,2,0,0,0,21,16,0,50,200,0,0,0,200,200
388157,0,30,0,0,0,0,11,2,0,0,0,21,16,0,31,200,0,0,0,200,200
388157,1,30,0,0,0,0,11,2,0,0,0,21,16,0,22,200,200,200,200,200,200
388162,0,30,200,200,200,3,14,2,0,200,200,23,23,0,200,200,7,200,200,200,200
388162,0,30,200,200,200,3,14,2,0,200,200,23,23,1,200,200,200,200,200,200,200
388164,0,30,1,2,0,3,7,2,0,0,0,23,21,2,200,200,12,200,200,200,200
388164,1,30,1,2,0,3,7,2,0,0,0,23,21,0,46,1,200,200,200,200,200
388164,1,30,1,2,0,3,7,2,0,0,0,23,21,1,54,1,200,200,200,200,200
388172,0,30,0,0,0,1,10,5,0,0,0,0,0,0,26,0,8,200,200,200,200
388172,0,30,0,0,0,1,10,5,0,0,0,0,0,1,36,0,0,0,0,200,200
388174,0,30,0,0,200,3,10,2,0,200,0,16,18,0,22,200,3,200,200,200,200
388174,0,30,0,0,200,3,10,2,0,200,0,16,18,1,29,200,0,0,0,200,200
388177,0,30,1,2,0,3,14,2,0,0,0,23,17,1,23,200,7,200,0,200,200
388177,0,30,1,2,0,3,14,2,0,0,0,23,17,0,24,200,0,0,200,200,200
388177,4,30,1,2,0,3,14,2,0,0,0,23,17,1,24,7,12,0,0,200,200
388177,1,30,1,2,0,3,14,2,0,0,0,23,17,1,28,200,200,200,200,200,200
388177,1,30,1,2,0,3,14,2,0,0,0,23,17,1,24,200,200,200,200,200,200
388183,0,30,0,0,0,4,7,6,0,0,0,0,0,2,200,200,200,200,200,200,200
388197,0,30,0,0,0,1,12,5,0,0,0,21,0,1,65,200,200,200,200,200,200
388197,0,30,0,0,0,1,12,5,0,0,0,21,0,0,55,200,0,0,0,200,200
388198,0,35,0,0,0,3,7,6,0,0,0,11,200,1,200,200,10,200,200,200,200
388201,0,30,0,0,0,3,14,5,0,0,0,0,0,0,39,200,200,200,200,200,200
388201,0,30,0,0,0,3,14,5,0,0,0,0,0,0,53,200,12,200,200,200,200
388202,0,30,1,2,0,3,0,5,0,0,0,6,14,0,32,200,13,0,200,200,200
388202,0,30,1,2,0,3,0,5,0,0,0,6,14,1,65,200,200,200,200,200,200
388205,0,30,0,0,0,3,12,5,0,0,0,0,0,0,200,200,200,0,0,200,200
388205,0,30,0,0,0,3,12,5,0,0,0,0,0,0,30,200,12,200,200,200,200
388206,0,30,0,0,0,4,7,5,0,0,0,0,0,0,42,200,200,200,200,200,200
388208,0,30,0,0,0,3,7,5,0,0,0,25,0,1,62,200,12,200,0,200,200
388210,0,30,0,0,0,4,0,5,0,0,0,0,0,0,200,200,200,200,200,200,200
388210,0,30,0,0,0,4,0,5,0,0,0,0,0,0,48,0,0,200,0,200,200
388212,0,25,0,0,0,3,2,6,0,0,0,200,200,2,200,200,200,200,200,200,200
388213,0,30,1,1,0,4,2,2,0,0,0,21,200,2,200,200,12,200,200,200,200
388220,0,30,1,2,0,3,14,5,0,0,0,23,21,1,46,200,7,200,200,200,200
388220,0,30,1,2,0,3,14,5,0,0,0,23,21,0,54,200,0,200,200,200,200
388220,1,30,1,2,0,3,14,5,0,0,0,23,21,0,41,200,200,200,200,200,200
388224,0,35,0,12,0,1,7,7,0,0,200,0,0,1,200,200,200,200,200,200,200
388244,0,35,2,2,2,3,14,5,0,0,200,21,200,0,29,200,0,200,0,200,200
388244,0,35,2,2,2,3,14,5,0,0,200,21,200,0,61,200,7,200,1,200,200
388246,0,30,200,200,0,0,14,5,0,0,0,16,0,1,200,200,4,200,200,200,200
388246,0,30,200,200,0,0,14,5,0,0,0,16,0,0,26,0,0,0,0,200,200
388256,0,30,1,2,0,3,12,5,0,0,0,21,200,0,54,200,4,0,0,200,200
388256,0,30,1,2,0,3,12,5,0,0,0,21,200,1,17,0,0,0,0,200,200
388273,0,30,1,2,0,3,0,5,0,0,0,0,0,1,200,200,5,200,200,200,200
388273,0,30,1,2,0,3,0,5,0,0,0,0,0,1,23,0,0,0,0,200,200
388273,1,30,1,2,0,3,0,5,0,0,0,0,0,1,200,0,200,200,200,200,200
388274,0,30,1,2,0,3,8,5,0,0,0,23,200,0,54,200,7,200,0,200,200
388274,4,30,1,2,0,3,8,5,0,0,0,23,200,1,27,3,0,200,7,200,200
388281,0,35,0,0,0,3,10,5,0,0,0,20,200,0,36,0,6,0,0,200,200
388281,0,35,0,0,0,3,10,5,0,0,0,20,200,1,45,0,0,0,0,200,200
388298,0,30,1,200,0,3,14,5,0,0,0,0,200,1,200,200,200,200,200,200,200
388298,0,30,1,200,0,3,14,5,0,0,0,0,200,0,29,200,0,200,0,200,200
388299,0,30,1,2,0,3,12,5,0,0,0,21,200,0,37,0,4,0,0,200,200
388299,0,30,1,2,0,3,12,5,0,0,0,21,200,0,51,1,0,0,0,200,200
388299,1,30,1,2,0,3,12,5,0,0,0,21,200,0,200,0,200,200,200,200,200
388305,0,30,0,0,0,3,14,5,0,0,0,0,0,0,17,0,0,0,0,200,200
388305,0,30,0,0,0,3,14,5,0,0,0,0,0,0,19,200,200,200,200,200,200
388312,0,25,0,0,0,3,7,6,0,0,0,16,16,2,200,200,0,200,200,200,200
388322,0,30,1,2,0,1,10,5,0,0,0,18,200,1,26,200,3,0,0,200,200
388322,0,30,1,2,0,1,10,5,0,0,0,18,200,1,22,0,3,0,0,200,200
388325,0,30,1,2,0,3,14,2,0,0,0,14,17,0,200,200,8,200,200,200,200
388325,0,30,1,2,0,3,14,2,0,0,0,14,17,0,24,0,0,0,0,200,200
388325,1,30,1,2,0,3,14,2,0,0,0,14,17,0,34,0,200,200,200,200,200
388334,0,35,0,0,0,3,2,3,3,0,0,14,200,0,27,200,8,0,7,200,200
388336,0,30,0,0,0,3,7,6,0,0,0,0,0,2,200,200,200,200,200,200,200
388337,0,30,0,0,0,3,7,2,0,0,200,0,0,0,200,200,12,200,200,200,200
388341,0,30,0,0,0,3,7,7,0,0,0,20,200,1,34,0,6,0,0,200,200
388343,0,25,1,2,0,3,0,5,0,0,200,6,11,1,34,0,5,0,0,200,200
388343,0,25,1,2,0,3,0,5,0,0,200,6,11,0,58,0,0,0,0,200,200
388365,0,30,1,2,0,3,14,2,0,0,0,21,200,0,41,200,12,0,0,200,200