RD_NO,PERSON_TYPE,POSTED_SPEED_LIMIT,TRAFFIC_CONTROL_DEVICE,DEVICE_CONDITION,WEATHER_CONDITION,LIGHTING_CONDITION,FIRST_CRASH_TYPE,TRAFFICWAY_TYPE,ALIGNMENT,ROADWAY_SURFACE_COND,ROAD_DEFECT,PRIM_CONTRIBUTORY_CAUSE,SEC_CONTRIBUTORY_CAUSE,SEX,AGE,SAFETY_EQUIPMENT,DRIVER_ACTION,DRIVER_VISION,PHYSICAL_CONDITION,BAC_RESULT VALUE,CELL_PHONE_USE
388365,0,30,1,2,0,3,14,2,0,0,0,21,200,0,42,200,12,0,0,200,200
388365,1,30,1,2,0,3,14,2,0,0,0,21,200,1,200,200,200,200,200,200,200
388365,1,30,1,2,0,3,14,2,0,0,0,21,200,0,200,200,200,200,200,200,200
388369,0,30,0,0,0,3,7,6,0,0,200,12,16,0,27,0,200,200,0,200,200
388375,0,10,0,0,0,3,7,0,0,0,0,0,200,2,200,200,200,200,200,200,200
388383,0,30,200,200,0,2,10,2,1,0,200,22,22,0,34,200,4,200,200,200,200
388383,0,30,200,200,0,2,10,2,1,0,200,22,22,0,43,200,0,200,200,200,200
388386,0,30,1,2,0,1,10,5,0,0,0,18,200,0,30,0,1,0,0,200,200
388386,0,30,1,2,0,1,10,5,0,0,0,18,200,1,200,0,0,0,0,200,200
388388,0,30,1,2,0,3,10,3,0,0,0,0,0,2,200,200,200,200,200,200,200
388388,0,30,1,2,0,3,10,3,0,0,0,0,0,0,54,0,0,200,0,200,200
388388,1,30,1,2,0,3,10,3,0,0,0,0,0,1,30,0,200,200,200,200,200
388388,1,30,1,2,0,3,10,3,0,0,0,0,0,0,32,0,200,200,200,200,200
388400,0,30,0,0,0,0,14,3,0,0,0,23,200,0,58,0,7,0,0,200,200
388400,0,30,0,0,0,0,14,3,0,0,0,23,200,0,49,0,0,0,0,200,200
388402,0,30,2,2,0,3,10,5,0,0,0,0,0,1,200,200,200,200,200,200,200
388402,0,30,2,2,0,3,10,5,0,0,0,0,0,1,22,0,0,0,0,200,200
388403,0,30,0,0,0,1,7,6,0,0,0,23,21,2,200,200,7,200,200,200,200
388407,0,30,1,2,0,3,14,6,0,0,0,11,200,1,39,200,12,0,0,200,200
388407,0,30,1,2,0,3,14,6,0,0,0,11,200,0,36,200,0,200,0,200,200
388407,1,30,1,2,0,3,14,6,0,0,0,11,200,0,23,200,200,200,200,200,200
388413,0,30,200,200,0,4,14,5,0,0,200,0,200,2,200,200,200,200,200,200,200
388413,0,30,200,200,0,4,14,5,0,0,200,0,200,1,41,0,200,200,0,200,200
388413,1,30,200,200,0,4,14,5,0,0,200,0,200,0,46,0,200,200,200,200,200
388414,0,30,0,0,0,3,7,5,0,0,0,0,200,2,200,200,200,200,200,200,200
388417,0,30,0,0,0,3,7,12,0,0,0,0,0,2,200,200,200,200,200,200,200
388425,0,30,1,2,0,3,10,5,0,0,200,11,0,0,200,200,12,200,200,200,200
388425,0,30,1,2,0,3,10,5,0,0,200,11,0,1,26,0,12,0,0,200,200
388433,0,30,2,0,0,3,0,5,0,0,0,17,200,0,29,1,1,0,0,200,200
388433,0,30,2,0,0,3,0,5,0,0,0,17,200,1,26,200,0,0,0,200,200
388433,1,30,2,0,0,3,0,5,0,0,0,17,200,0,31,1,200,200,200,200,200
388437,0,30,2,2,0,3,2,5,0,0,0,16,0,0,28,200,200,200,200,200,200
388439,0,30,1,2,0,0,14,3,0,0,0,23,17,1,60,200,1,200,200,200,200
388439,0,30,1,2,0,0,14,3,0,0,0,23,17,0,27,200,12,200,200,200,200
388439,1,30,1,2,0,0,14,3,0,0,0,23,17,1,58,200,200,200,200,200,200
388439,1,30,1,2,0,0,14,3,0,0,0,23,17,0,27,200,200,200,200,200,200
388441,0,30,0,0,0,3,2,2,0,0,0,12,200,0,31,200,200,0,0,200,200
388463,0,30,0,0,0,3,2,2,0,0,0,16,11,0,25,200,12,200,0,200,200
388472,0,35,2,2,0,0,12,5,0,0,0,0,0,0,26,0,200,0,0,200,200
388472,0,35,2,2,0,0,12,5,0,0,0,0,0,0,28,0,0,0,0,200,200
388472,1,35,2,2,0,0,12,5,0,0,0,0,0,1,200,0,200,200,200,200,200
388473,0,30,0,0,0,3,7,6,0,0,0,0,200,2,200,200,200,200,200,200,200
388474,0,30,0,0,0,3,14,5,0,0,0,0,0,0,40,0,4,0,0,200,200
388474,0,30,0,0,0,3,14,5,0,0,0,0,0,0,36,0,0,0,0,200,200
388474,1,30,0,0,0,3,14,5,0,0,0,0,0,1,26,0,200,200,200,200,200
388482,0,35,1,2,0,3,10,3,0,0,0,16,16,1,52,200,1,200,0,200,200
388482,0,35,1,2,0,3,10,3,0,0,0,16,16,0,36,200,12,200,0,200,200
388487,0,30,1,2,0,3,14,5,0,0,0,10,23,0,22,0,7,0,0,200,0
388487,0,30,1,2,0,3,14,5,0,0,0,10,23,1,19,0,0,0,0,200,200
388488,0,30,0,0,0,0,2,5,0,0,0,4,200,0,49,0,12,0,0,200,200
388509,0,30,1,2,0,2,14,2,0,0,0,6,0,2,200,200,5,200,200,200,200
388509,0,30,1,2,0,2,14,2,0,0,0,6,0,0,28,0,0,0,0,200,200
388509,1,30,1,2,0,2,14,2,0,0,0,6,0,0,26,0,200,200,200,200,200
388509,1,30,1,2,0,2,14,2,0,0,0,6,0,0,24,0,200,200,200,200,200
388510,0,20,2,2,0,2,7,6,0,0,0,16,200,0,34,200,12,200,200,200,200
388513,0,35,0,0,0,2,12,6,0,0,0,13,28,0,77,0,0,0,0,200,200
388513,0,35,0,0,0,2,12,6,0,0,0,13,28,0,24,0,0,0,0,200,200
388516,0,30,200,200,0,2,2,2,0,0,200,27,23,1,29,200,7,200,2,200,200
388516,1,30,200,200,0,2,2,2,0,0,200,27,23,1,33,200,200,200,200,200,200
388516,1,30,200,200,0,2,2,2,0,0,200,27,23,1,31,200,200,200,200,200,200
388518,0,30,0,0,0,2,7,6,0,0,200,7,200,0,57,200,12,200,200,200,200
388518,1,30,0,0,0,2,7,6,0,0,200,7,200,2,26,200,200,200,200,200,200
388520,0,30,2,2,0,1,12,5,0,0,0,0,0,0,57,200,200,0,0,200,200
388520,0,30,2,2,0,1,12,5,0,0,0,0,0,0,21,200,200,0,0,200,200
388525,0,30,1,2,0,1,0,2,0,0,0,6,17,0,37,200,5,0,5,200,200
388525,0,30,1,2,0,1,0,2,0,0,0,6,17,1,35,0,0,0,0,200,200
388526,0,30,0,0,0,2,14,2,0,0,0,23,25,1,28,200,1,0,0,200,200
388526,0,30,0,0,0,2,14,2,0,0,0,23,25,1,40,200,0,0,0,200,200
388528,0,30,0,0,0,2,2,3,0,0,0,11,0,0,52,0,12,0,0,200,200
388534,0,30,0,0,0,1,7,5,0,0,0,0,0,0,21,200,200,200,0,200,200
388534,0,30,0,0,0,1,7,5,0,0,0,0,0,0,45,0,0,0,0,200,200
388538,0,30,1,2,0,1,10,5,0,0,0,0,200,0,31,0,200,0,0,200,200
388538,0,30,1,2,0,1,10,5,0,0,0,0,200,0,32,0,0,0,0,200,200
388538,0,30,1,2,0,1,10,5,0,0,0,0,200,0,63,0,0,0,0,200,200
388542,0,20,0,0,0,1,7,6,0,0,0,23,11,0,51,0,7,0,0,200,200
388546,0,30,0,0,0,1,12,6,0,0,0,0,200,2,200,200,200,200,200,200,200
388546,0,30,0,0,0,1,12,6,0,0,0,0,200,0,33,0,0,0,0,200,200
388555,0,30,1,2,0,1,12,2,0,0,0,22,16,0,45,0,4,0,0,200,200
388555,0,30,1,2,0,1,12,2,0,0,0,22,16,1,38,0,0,0,0,200,200
388581,0,20,0,0,0,3,7,2,0,0,0,200,200,1,200,200,200,200,200,200,200
388583,0,30,0,0,0,1,2,5,0,0,0,200,200,0,53,0,12,0,0,200,200
388591,0,30,1,2,0,1,0,2,0,0,0,3,11,0,41,0,5,0,0,200,200
388591,0,30,1,2,0,1,0,2,0,0,0,3,11,1,32,0,0,1,0,200,200
388591,1,30,1,2,0,1,0,2,0,0,0,3,11,0,39,0,200,200,200,200,200
388599,0,30,0,0,0,200,7,5,0,0,0,0,0,0,200,200,200,200,200,200,200
388609,0,2,0,0,0,1,7,12,0,0,0,0,200,0,54,200,12,200,200,200,200
388612,0,30,0,0,0,0,7,6,0,0,0,0,0,0,200,200,200,200,200,200,200
388621,0,30,1,2,0,1,8,2,0,0,0,0,19,0,38,200,7,200,200,200,200
388621,4,30,1,2,0,1,8,2,0,0,0,0,19,0,40,3,0,200,0,200,200
388625,0,10,0,0,0,4,7,7,0,0,0,21,200,0,39,200,2,200,200,200,200
388634,0,15,0,0,0,1,7,7,0,0,0,0,0,2,200,200,200,200,200,200,200
388635,0,30,1,2,0,1,14,12,3,0,0,31,16,2,200,200,200,200,200,200,200
388635,0,30,1,2,0,1,14,12,3,0,0,31,16,0,55,0,0,0,0,200,200
388635,0,30,1,2,0,1,14,12,3,0,0,31,16,0,29,3,0,0,0,200,200
388638,0,30,0,0,0,1,11,5,0,0,0,22,200,1,20,200,2,200,0,200,200
388638,0,30,0,0,0,1,11,5,0,0,0,22,200,1,40,200,200,200,0,200,200
388638,1,30,0,0,0,1,11,5,0,0,0,22,200,1,13,200,200,200,200,200,200
388638,1,30,0,0,0,1,11,5,0,0,0,22,200,0,6,200,200,200,200,200,200
388638,1,30,0,0,0,1,11,5,0,0,0,22,200,1,8,200,200,200,200,200,200
388640,0,35,0,0,0,200,7,5,0,0,0,0,200,2,200,200,200,200,200,200,200
388641,0,0,0,0,0,1,7,7,0,0,0,0,200,2,200,200,200,200,200,200,200
388650,0,30,0,0,0,1,7,6,0,0,0,0,200,2,200,200,200,200,200,200,200
388657,0,20,0,2,200,200,7,5,0,200,0,0,200,2,200,200,200,200,200,200,200
388659,0,30,1,2,0,1,12,5,0,0,0,0,0,1,32,0,12,0,0,200,200
388659,0,30,1,2,0,1,12,5,0,0,0,0,0,0,52,0,0,0,0,200,200
388659,1,30,1,2,0,1,12,5,0,0,0,0,0,1,200,0,200,200,200,200,200
388665,0,30,0,0,0,1,7,5,0,0,12,21,200,0,57,200,2,200,0,200,200
388667,0,30,0,0,0,1,14,5,0,0,0,16,200,1,58,0,3,0,0,200,200
388667,0,30,0,0,0,1,14,5,0,0,0,16,200,1,44,0,0,0,0,200,200
388669,4,30,0,0,0,1,8,2,2,0,0,200,200,0,52,7,0,0,0,200,200
388678,0,30,2,2,0,1,0,2,0,0,0,23,200,1,23,0,7,5,0,200,200
388678,0,30,2,2,0,1,0,2,0,0,0,23,200,1,54,0,0,0,0,200,200
388678,1,30,2,2,0,1,0,2,0,0,0,23,200,1,25,7,200,200,200,200,200
388680,0,0,0,0,0,1,0,7,0,0,0,33,0,1,57,0,6,5,0,200,200
388680,0,0,0,0,0,1,0,7,0,0,0,33,0,1,63,0,0,0,0,200,200
388682,0,30,1,2,0,1,0,5,0,0,0,17,200,1,200,200,1,200,200,200,200
388682,0,30,1,2,0,1,0,5,0,0,0,17,200,0,47,0,0,0,0,200,200
388682,1,30,1,2,0,1,0,5,0,0,0,17,200,200,200,0,200,200,200,200,200
388695,0,30,1,2,0,1,10,5,0,0,0,27,0,1,27,0,12,200,4,200,200
388695,0,30,1,2,0,1,10,5,0,0,0,27,0,1,60,0,0,200,0,200,200
388695,1,30,1,2,0,1,10,5,0,0,0,27,0,0,4,5,200,200,200,200,200
388695,1,30,1,2,0,1,10,5,0,0,0,27,0,1,19,0,200,200,200,200,200
388698,0,30,1,2,0,1,14,5,0,0,0,0,0,0,36,0,7,0,0,200,200
388698,0,30,1,2,0,1,14,5,0,0,0,0,0,0,52,0,0,0,0,200,200
388699,0,30,0,0,0,1,7,5,0,0,0,0,200,2,200,200,200,200,200,200,200
388701,0,10,0,0,0,200,0,7,0,0,0,20,200,0,57,200,12,0,0,200,200
388701,0,10,0,0,0,200,0,7,0,0,0,20,200,1,52,200,12,200,200,200,200
388705,0,30,12,12,0,1,10,5,0,0,200,0,0,1,19,200,1,200,0,200,200
388705,0,30,12,12,0,1,10,5,0,0,200,0,0,0,45,200,0,200,0,200,200
388710,0,30,1,2,0,1,10,2,0,0,0,18,18,0,61,0,3,0,2,200,200
388710,0,30,1,2,0,1,10,2,0,0,0,18,18,0,45,0,0,0,0,200,200
388711,0,30,2,2,0,1,7,5,0,0,0,18,25,1,200,200,3,200,200,200,200
388713,0,30,1,2,0,1,14,2,0,0,0,0,200,1,21,200,12,0,0,200,200
388713,0,30,1,2,0,1,14,2,0,0,0,0,200,1,80,200,0,0,0,200,200
388715,0,30,0,0,0,1,11,5,0,0,0,0,0,0,200,200,13,200,200,200,200
388715,0,30,0,0,0,1,11,5,0,0,0,0,0,0,50,0,0,0,0,200,200
388715,1,30,0,0,0,1,11,5,0,0,0,0,0,0,200,200,200,200,200,200,200
388715,1,30,0,0,0,1,11,5,0,0,0,0,0,2,200,7,200,200,200,200,200
388717,0,20,0,0,0,1,7,2,0,0,0,0,200,0,35,0,200,0,0,200,200
388724,0,30,0,0,0,0,7,6,2,0,0,0,0,2,200,200,12,200,200,200,200
388726,0,30,2,2,0,1,9,2,0,0,1,0,0,0,67,0,5,200,0,200,200
388726,5,30,2,2,0,1,9,2,0,0,1,0,0,1,27,200,0,200,0,200,200
388726,5,30,2,2,0,1,9,2,0,0,1,0,0,1,67,7,200,200,0,200,200
388728,0,30,2,2,0,1,0,5,0,0,0,17,5,1,23,0,5,0,0,200,200
388728,0,30,2,2,0,1,0,5,0,0,0,17,5,1,24,0,12,0,0,200,200
388733,0,30,1,2,0,1,10,2,0,0,0,18,0,1,48,0,3,0,0,200,200
388733,0,30,1,2,0,1,10,2,0,0,0,18,0,0,35,0,12,0,0,200,200
388733,1,30,1,2,0,1,10,2,0,0,0,18,0,1,2,5,200,200,200,200,200
388736,0,25,0,0,0,2,10,2,0,0,0,200,200,1,200,0,3,0,8,200,200
388736,0,25,0,0,0,2,10,2,0,0,0,200,200,1,54,0,0,0,0,200,200
388739,0,25,2,0,0,1,14,5,0,0,0,17,0,0,39,200,1,200,200,200,200
388739,0,25,2,0,0,1,14,5,0,0,0,17,0,0,62,0,200,0,0,200,200
388740,0,35,4,2,0,1,10,3,0,0,0,18,18,1,35,0,1,0,0,200,200
388740,0,35,4,2,0,1,10,3,0,0,0,18,18,1,19,0,0,0,0,200,200
388741,0,25,0,0,0,1,10,5,4,0,0,0,0,1,200,200,3,0,0,200,200
388741,0,25,0,0,0,1,10,5,4,0,0,0,0,1,200,200,0,0,0,200,200
388748,0,25,200,200,0,1,7,2,0,0,200,0,200,2,200,200,200,200,200,200,200
388753,0,30,0,0,0,1,7,7,0,0,0,23,200,2,200,200,7,200,200,200,200
388756,0,20,2,2,0,1,14,5,0,0,0,23,23,2,200,200,2,200,200,200,200
388756,0,20,2,2,0,1,14,5,0,0,0,23,23,1,60,0,0,0,0,200,200
388757,0,25,2,2,0,1,12,2,0,0,0,17,200,0,71,0,1,0,0,200,200
388757,0,25,2,2,0,1,12,2,0,0,0,17,200,0,23,0,0,0,0,200,200
388761,0,15,0,0,0,1,7,7,0,0,0,20,200,2,200,200,6,200,200,200,200
388766,0,0,0,0,0,1,10,2,0,0,0,0,200,1,33,200,8,0,0,200,200
388766,0,0,0,0,0,1,10,2,0,0,0,0,200,0,55,0,0,0,0,200,200
388767,0,30,2,2,0,1,14,3,0,0,0,5,0,1,200,200,5,200,200,200,200
388767,0,30,2,2,0,1,14,3,0,0,0,5,0,1,57,0,0,0,7,200,200
388773,0,30,0,3,0,1,14,2,0,0,0,0,0,0,200,200,2,200,200,200,200
388773,0,30,0,3,0,1,14,2,0,0,0,0,0,0,43,0,0,200,0,200,200
388773,1,30,0,3,0,1,14,2,0,0,0,0,0,1,200,0,200,200,200,200,200
388773,1,30,0,3,0,1,14,2,0,0,0,0,0,1,200,0,200,200,200,200,200
388773,1,30,0,3,0,1,14,2,0,0,0,0,0,0,200,0,200,200,200,200,200
388776,0,20,0,200,2,1,7,5,0,1,200,16,0,1,19,200,1,0,0,200,200
388778,0,30,1,2,0,1,14,200,0,0,0,23,11,0,18,0,4,0,0,200,200
388778,0,30,1,2,0,1,14,200,0,0,0,23,11,0,67,0,0,0,0,200,200
388778,1,30,1,2,0,1,14,200,0,0,0,23,11,0,200,0,200,200,200,200,200
388785,0,15,0,0,0,1,0,7,0,0,0,11,0,1,52,0,6,12,0,200,200
388785,0,15,0,0,0,1,0,7,0,0,0,11,0,1,42,0,0,0,0,200,200
388785,1,15,0,0,0,1,0,7,0,0,0,11,0,0,7,0,200,200,200,200,200
388785,1,15,0,0,0,1,0,7,0,0,0,11,0,0,7,0,200,200,200,200,200
388785,1,15,0,0,0,1,0,7,0,0,0,11,0,1,13,0,200,200,200,200,200
388785,1,15,0,0,0,1,0,7,0,0,0,11,0,1,12,0,200,200,200,200,200
388785,1,15,0,0,0,1,0,7,0,0,0,11,0,0,7,0,200,200,200,200,200
388791,0,30,0,0,0,1,7,6,0,0,0,0,16,2,200,200,200,200,200,200,200
388796,0,10,0,0,0,1,7,7,0,0,200,11,200,1,55,200,12,200,0,200,200
388800,0,30,2,2,0,1,10,5,0,0,0,18,18,0,37,0,3,0,0,200,200
388800,0,30,2,2,0,1,10,5,0,0,0,18,18,0,200,0,0,0,0,200,200
388808,0,30,2,2,0,1,0,7,0,0,0,0,0,2,200,200,200,200,200,200,200
388808,0,30,2,2,0,1,0,7,0,0,0,0,0,0,25,0,200,0,0,200,200
388809,0,45,0,0,0,1,10,3,0,0,0,18,18,1,200,200,3,0,0,200,200
388809,0,45,0,0,0,1,10,3,0,0,0,18,18,0,68,0,0,0,0,200,200
388813,0,25,0,0,0,1,12,6,0,1,0,0,0,1,200,200,200,200,0,200,200
388813,0,25,0,0,0,1,12,6,0,1,0,0,0,1,53,200,200,0,0,200,200
388813,1,25,0,0,0,1,12,6,0,1,0,0,0,1,200,200,200,200,200,200,200
388813,1,25,0,0,0,1,12,6,0,1,0,0,0,1,200,5,200,200,200,200,200
388813,1,25,0,0,0,1,12,6,0,1,0,0,0,1,200,200,200,200,200,200,200
388814,0,25,0,0,0,1,12,2,0,0,0,200,200,0,200,0,1,200,0,200,200
388814,0,25,0,0,0,1,12,2,0,0,0,200,200,0,74,0,0,0,0,200,200
388815,0,30,1,2,0,1,10,2,0,0,0,16,25,0,36,200,1,0,0,200,200
388815,0,30,1,2,0,1,10,2,0,0,0,16,25,0,24,0,0,0,0,200,200
388818,0,30,0,0,0,1,0,5,0,0,0,0,200,0,16,7,0,0,0,200,200
388818,0,30,0,0,0,1,0,5,0,0,0,0,200,1,43,7,0,0,0,200,200
388818,1,30,0,0,0,1,0,5,0,0,0,0,200,1,200,0,200,200,200,200,200
388818,1,30,0,0,0,1,0,5,0,0,0,0,200,1,15,0,200,200,200,200,200
388824,0,30,0,0,0,1,14,5,0,0,200,0,0,1,200,200,1,200,0,200,200
388824,0,30,0,0,0,1,14,5,0,0,200,0,0,0,200,200,0,200,0,200,200
388826,0,40,0,0,0,1,12,3,0,0,0,11,200,0,19,0,12,0,0,200,200
388826,0,40,0,0,0,1,12,3,0,0,0,11,200,1,20,0,0,0,0,200,200
388826,1,40,0,0,0,1,12,3,0,0,0,11,200,1,31,0,200,200,200,200,200
388826,1,40,0,0,0,1,12,3,0,0,0,11,200,1,200,0,200,200,200,200,200
388827,0,0,0,0,0,1,5,3,0,0,1,29,200,0,82,0,0,0,0,200,200
388830,0,30,0,0,0,1,12,6,0,0,0,0,0,1,34,0,12,0,0,200,200
388830,0,30,0,0,0,1,12,6,0,0,0,0,0,1,39,0,0,0,0,200,200
388833,0,30,1,2,0,1,10,5,0,0,0,0,0,0,68,200,200,200,200,200,200
388833,0,30,1,2,0,1,10,5,0,0,0,0,0,0,30,200,200,200,200,200,200
388834,0,25,0,0,0,1,12,5,0,0,0,0,0,0,37,0,0,0,0,200,200
388834,0,25,0,0,0,1,12,5,0,0,0,0,0,0,42,0,0,0,0,200,200
388837,0,30,0,0,0,1,12,5,0,0,0,0,0,0,200,200,200,0,0,200,200
388837,0,30,0,0,0,1,12,5,0,0,0,0,0,0,50,0,200,0,0,200,200
388838,0,30,2,2,0,0,10,5,0,0,0,0,200,1,51,200,1,200,200,200,200
388838,0,30,2,2,0,0,10,5,0,0,0,0,200,1,39,0,0,0,0,200,200
388838,1,30,2,2,0,0,10,5,0,0,0,0,200,2,200,200,200,200,200,200,200
388838,1,30,2,2,0,0,10,5,0,0,0,0,200,2,200,200,200,200,200,200,200
388839,0,30,0,0,0,1,12,2,0,0,0,22,0,1,33,200,2,0,0,200,200
388839,0,30,0,0,0,1,12,2,0,0,0,22,0,1,200,200,12,200,200,200,200
388839,1,30,0,0,0,1,12,2,0,0,0,22,0,0,1,5,200,200,200,200,200
388839,1,30,0,0,0,1,12,2,0,0,0,22,0,1,8,5,200,200,200,200,200
388839,1,30,0,0,0,1,12,2,0,0,0,22,0,0,4,5,200,200,200,200,200
388842,0,30,0,0,0,1,10,1,0,0,0,18,200,1,43,7,3,0,0,200,200
388842,0,30,0,0,0,1,10,1,0,0,0,18,200,1,44,0,0,0,0,200,200
388842,1,30,0,0,0,1,10,1,0,0,0,18,200,0,47,0,200,200,200,200,200
388842,1,30,0,0,0,1,10,1,0,0,0,18,200,1,19,0,200,200,200,200,200
388850,0,30,0,0,0,4,10,5,0,0,0,18,200,0,200,200,200,200,200,200,200
388850,0,30,0,0,0,4,10,5,0,0,0,18,200,0,68,0,0,0,0,200,200
388850,1,30,0,0,0,4,10,5,0,0,0,18,200,1,200,0,200,200,200,200,200
388850,1,30,0,0,0,4,10,5,0,0,0,18,200,0,200,200,200,200,200,200,200
388851,0,15,200,200,0,1,14,7,0,0,200,0,200,1,200,200,200,200,200,200,200
388851,0,15,200,200,0,1,14,7,0,0,200,0,200,0,62,200,200,200,200,200,200
388855,0,30,0,0,0,1,12,5,0,0,0,17,200,1,200,200,1,200,200,200,200
388855,0,30,0,0,0,1,12,5,0,0,0,17,200,0,22,0,0,0,0,200,200
388855,1,30,0,0,0,1,12,5,0,0,0,17,200,1,18,0,200,200,200,200,200
388856,0,30,1,2,0,1,10,5,0,0,0,18,200,0,37,200,3,0,0,200,200
388856,0,30,1,2,0,1,10,5,0,0,0,18,200,1,53,200,0,0,0,200,200
388860,0,0,0,0,0,1,7,7,0,0,0,0,200,2,200,200,200,200,200,200,200
388865,0,30,1,2,0,1,12,5,0,0,12,21,0,0,31,200,4,200,200,200,200
388865,0,30,1,2,0,1,12,5,0,0,12,21,0,0,66,0,0,0,0,200,200
388865,1,30,1,2,0,1,12,5,0,0,12,21,0,1,62,0,200,200,200,200,200
388871,5,30,0,0,0,1,9,5,0,0,0,200,200,0,9,7,0,200,200,200,200
388871,0,30,0,0,0,1,9,5,0,0,0,200,200,1,33,200,0,0,0,200,200
388877,0,30,0,0,0,1,14,6,0,0,0,21,16,1,40,0,7,0,0,200,200
388877,0,30,0,0,0,1,14,6,0,0,0,21,16,0,57,0,0,0,0,200,200
388883,0,30,0,0,200,200,7,6,0,0,200,21,200,2,200,200,200,200,200,200,200
388884,0,30,2,2,0,1,14,5,0,0,0,0,0,0,24,200,200,200,200,200,200
388884,0,30,2,2,0,1,14,5,0,0,0,0,0,0,48,0,200,200,0,200,200
388885,0,30,0,0,0,1,10,5,0,0,0,18,0,0,47,0,3,0,0,200,200
388885,0,30,0,0,0,1,10,5,0,0,0,18,0,0,33,0,0,0,0,200,200
388885,1,30,0,0,0,1,10,5,0,0,0,18,0,1,14,0,200,200,200,200,200
388885,1,30,0,0,0,1,10,5,0,0,0,18,0,0,17,0,200,200,200,200,200
388885,1,30,0,0,0,1,10,5,0,0,0,18,0,1,37,0,200,200,200,200,200
388886,0,30,1,2,0,1,10,2,0,0,0,16,25,0,200,200,1,200,200,200,200
388886,0,30,1,2,0,1,10,2,0,0,0,16,25,1,0,0,0,0,0,200,200
388892,0,30,0,0,0,1,14,5,0,0,0,0,200,0,27,0,7,5,0,200,200
388892,0,30,0,0,0,1,14,5,0,0,0,0,200,1,31,0,0,0,0,200,200
388893,0,30,1,2,0,1,7,5,0,0,0,18,200,0,70,0,3,0,0,200,200
388894,0,30,1,2,0,1,10,5,0,0,0,18,16,1,200,200,1,200,200,200,200
388894,0,30,1,2,0,1,10,5,0,0,0,18,16,1,65,0,0,0,0,200,200
388896,0,30,0,0,0,1,7,5,0,0,0,0,200,2,200,200,200,200,200,200,200
388897,0,30,1,3,0,1,14,5,0,0,0,200,200,1,200,200,2,0,200,200,200
388897,0,30,1,3,0,1,14,5,0,0,0,200,200,0,35,200,12,0,0,200,200
388901,0,0,0,0,0,1,10,6,0,0,0,20,200,1,32,0,0,0,0,200,200
388901,0,0,0,0,0,1,10,6,0,0,0,20,200,0,22,0,0,0,0,200,200
388904,0,30,0,0,0,1,9,5,0,0,0,17,200,0,48,0,1,0,0,200,200
388904,5,30,0,0,0,1,9,5,0,0,0,17,200,0,46,7,12,0,0,200,200
388906,0,20,0,0,0,1,12,5,0,0,0,0,200,0,200,200,12,200,200,200,200
388906,0,20,0,0,0,1,12,5,0,0,0,0,200,0,37,0,0,200,0,200,200
388908,0,30,0,0,0,1,9,5,0,0,0,17,200,0,55,200,1,0,0,200,200
388908,5,30,0,0,0,1,9,5,0,0,0,17,200,1,36,7,12,0,0,200,200
388908,5,30,0,0,0,1,9,5,0,0,0,17,200,1,9,7,1,0,0,200,200
388910,0,25,0,0,0,1,10,7,0,0,0,20,200,0,57,0,6,0,0,200,200
388910,0,25,0,0,0,1,10,7,0,0,0,20,200,1,62,0,0,0,0,200,200
388913,0,30,1,2,0,1,12,2,0,0,0,22,16,1,53,0,2,0,0,200,200
388913,0,30,1,2,0,1,12,2,0,0,0,22,16,0,45,0,0,0,0,200,200
388913,0,30,1,2,0,1,12,2,0,0,0,22,16,1,29,0,0,0,0,200,200
388913,1,30,1,2,0,1,12,2,0,0,0,22,16,1,17,0,200,200,200,200,200
388918,0,15,0,0,0,1,7,7,0,0,0,20,200,1,20,200,6,200,200,200,200
388918,1,15,0,0,0,1,7,7,0,0,0,20,200,200,200,200,200,200,200,200,200
388919,0,20,0,0,0,4,0,7,0,0,0,20,0,0,61,200,0,0,0,200,200
388919,0,20,0,0,0,4,0,7,0,0,0,20,0,0,66,200,0,0,0,200,200
388922,4,30,1,2,0,1,8,5,2,0,0,17,200,0,200,2,1,0,0,200,200
388922,0,30,1,2,0,1,8,5,2,0,0,17,200,0,33,0,0,0,0,200,200
388922,1,30,1,2,0,1,8,5,2,0,0,17,200,1,33,0,200,200,200,200,200
388922,1,30,1,2,0,1,8,5,2,0,0,17,200,1,5,0,200,200,200,200,200
388922,1,30,1,2,0,1,8,5,2,0,0,17,200,1,1,0,200,200,200,200,200
388925,0,30,1,2,0,1,10,5,0,0,0,18,200,0,200,200,3,200,200,200,200
388925,0,30,1,2,0,1,10,5,0,0,0,18,200,0,46,0,0,0,0,200,200
388925,1,30,1,2,0,1,10,5,0,0,0,18,200,1,15,0,200,200,200,200,200
388925,1,30,1,2,0,1,10,5,0,0,0,18,200,1,200,0,200,200,200,200,200
388927,0,30,1,2,0,1,0,5,0,0,0,0,0,2,200,200,1,200,200,200,200
388927,0,30,1,2,0,1,0,5,0,0,0,0,0,1,22,0,0,0,0,200,200
388934,0,30,0,0,0,1,12,6,0,0,0,0,0,1,21,0,12,0,0,200,200
388934,0,30,0,0,0,1,12,6,0,0,0,0,0,1,40,200,0,0,0,200,200
388937,0,30,0,0,0,1,7,5,0,0,0,0,200,0,32,0,200,0,0,200,200
388937,1,30,0,0,0,1,7,5,0,0,0,0,200,0,200,0,200,200,200,200,200
388937,1,30,0,0,0,1,7,5,0,0,0,0,200,1,32,0,200,200,200,200,200
388937,1,30,0,0,0,1,7,5,0,0,0,0,200,1,32,0,200,200,200,200,200
388942,0,0,0,0,0,1,0,200,0,200,200,0,200,0,0,0,200,200,0,200,200
388942,0,0,0,0,0,1,0,200,0,200,200,0,200,1,48,200,200,200,200,200,200