RD_NO,PERSON_TYPE,POSTED_SPEED_LIMIT,TRAFFIC_CONTROL_DEVICE,DEVICE_CONDITION,WEATHER_CONDITION,LIGHTING_CONDITION,FIRST_CRASH_TYPE,TRAFFICWAY_TYPE,ALIGNMENT,ROADWAY_SURFACE_COND,ROAD_DEFECT,PRIM_CONTRIBUTORY_CAUSE,SEC_CONTRIBUTORY_CAUSE,SEX,AGE,SAFETY_EQUIPMENT,DRIVER_ACTION,DRIVER_VISION,PHYSICAL_CONDITION,BAC_RESULT VALUE,CELL_PHONE_USE
388942,1,0,0,0,0,1,0,200,0,200,200,0,200,1,29,0,200,200,200,200,200
388945,0,30,0,0,0,1,0,5,0,0,0,17,200,0,200,200,1,200,200,200,200
388945,0,30,0,0,0,1,0,5,0,0,0,17,200,0,70,0,0,0,0,200,200
388948,0,5,0,0,0,1,0,7,0,0,0,17,20,0,38,0,1,0,0,200,200
388948,0,5,0,0,0,1,0,7,0,0,0,17,20,1,62,0,12,0,0,200,200
388957,0,10,200,200,0,3,7,7,0,0,0,0,200,0,50,200,200,0,0,200,200
388957,1,10,200,200,0,3,7,7,0,0,0,0,200,200,200,200,200,200,200,200,200
388960,0,30,1,2,0,1,14,5,0,0,0,200,200,0,68,0,6,0,0,200,200
388960,0,30,1,2,0,1,14,5,0,0,0,200,200,1,42,0,0,0,0,200,200
388967,0,5,12,0,0,1,14,7,0,0,0,23,200,0,21,200,7,200,200,200,200
388967,0,5,12,0,0,1,14,7,0,0,0,23,200,1,53,0,0,0,0,200,200
388973,0,35,1,2,0,1,0,5,0,0,0,17,200,0,22,0,1,0,0,200,200
388973,0,35,1,2,0,1,0,5,0,0,0,17,200,0,30,0,0,0,0,200,200
388977,0,30,0,0,0,1,10,3,0,0,0,0,200,0,25,200,3,200,0,200,200
388977,0,30,0,0,0,1,10,3,0,0,0,0,200,1,21,200,0,200,0,200,200
388981,0,0,1,2,0,1,12,5,0,0,0,0,0,0,200,200,200,200,200,200,200
388981,0,0,1,2,0,1,12,5,0,0,0,0,0,1,82,200,0,0,0,200,200
388981,1,0,1,2,0,1,12,5,0,0,0,0,0,1,78,200,200,200,200,200,200
388981,1,0,1,2,0,1,12,5,0,0,0,0,0,0,67,7,200,200,200,200,200
388982,0,30,1,2,0,1,0,2,0,0,0,16,3,1,21,0,5,200,0,200,200
388982,0,30,1,2,0,1,0,2,0,0,0,16,3,0,52,0,0,200,0,200,200
388984,0,30,0,0,0,0,14,5,0,0,0,0,0,2,200,200,200,200,200,200,200
388984,0,30,0,0,0,0,14,5,0,0,0,0,0,1,25,0,0,0,0,200,200
388989,0,30,1,2,0,0,10,5,0,200,200,6,18,0,200,200,5,200,200,200,200
388989,0,30,1,2,0,0,10,5,0,200,200,6,18,1,24,0,0,200,0,200,200
388991,0,30,0,0,0,1,11,2,0,0,200,17,21,0,59,0,1,1,0,200,200
388991,0,30,0,0,0,1,11,2,0,0,200,17,21,0,65,0,0,0,0,200,200
388991,1,30,0,0,0,1,11,2,0,0,200,17,21,0,34,0,200,200,200,200,200
388994,0,30,0,0,0,1,12,2,0,0,200,0,0,0,24,200,200,200,200,200,200
388994,0,30,0,0,0,1,12,2,0,0,200,0,0,1,26,0,200,200,0,200,200
388996,0,0,0,0,0,1,0,5,0,0,0,11,0,2,200,200,9,200,200,200,200
388996,0,0,0,0,0,1,0,5,0,0,0,11,0,1,48,200,0,0,0,200,200
388997,4,30,1,2,0,1,8,5,1,0,0,17,200,0,48,3,0,0,0,200,200
388997,0,30,1,2,0,1,8,5,1,0,0,17,200,0,60,0,1,0,0,200,200
389003,0,30,1,2,0,1,0,5,0,0,0,0,200,1,200,200,200,200,200,200,200
389003,0,30,1,2,0,1,0,5,0,0,0,0,200,0,29,0,0,0,0,200,200
389005,0,30,1,2,0,1,10,5,0,0,0,18,0,0,200,200,3,200,200,200,200
389005,0,30,1,2,0,1,10,5,0,0,0,18,0,0,0,200,0,0,0,200,200
389008,4,30,1,2,0,1,8,2,0,0,0,0,200,0,200,200,1,200,200,200,200
389008,0,30,1,2,0,1,8,2,0,0,0,0,200,0,28,0,200,0,0,200,200
389008,1,30,1,2,0,1,8,2,0,0,0,0,200,0,200,200,200,200,200,200,200
389010,0,35,0,0,0,1,10,5,0,0,200,0,0,0,200,200,0,200,200,200,200
389010,0,35,0,0,0,1,10,5,0,0,200,0,0,1,0,0,0,0,0,200,200
389010,1,35,0,0,0,1,10,5,0,0,200,0,0,1,0,0,200,200,200,200,200
389012,0,30,0,0,0,1,10,5,0,0,0,200,200,0,20,0,0,0,0,200,200
389012,0,30,0,0,0,1,10,5,0,0,0,200,200,0,38,7,0,0,0,200,200
389012,1,30,0,0,0,1,10,5,0,0,0,200,200,0,200,0,200,200,200,200,200
389012,1,30,0,0,0,1,10,5,0,0,0,200,200,0,200,5,200,200,200,200,200
389013,0,30,1,2,0,1,10,5,0,0,0,18,200,0,38,0,3,0,0,200,200
389013,0,30,1,2,0,1,10,5,0,0,0,18,200,1,34,0,0,0,0,200,200
389016,0,0,0,0,200,200,7,200,0,200,200,0,200,2,200,200,200,200,200,200,200
389019,0,10,0,0,0,1,7,7,0,0,0,21,11,2,200,200,1,200,200,200,200
389021,0,30,1,2,0,1,12,5,0,0,0,0,0,0,36,200,200,200,200,200,200
389021,0,30,1,2,0,1,12,5,0,0,0,0,0,0,58,0,0,0,0,200,200
389027,0,30,0,0,0,1,12,5,0,0,0,22,200,0,200,200,2,200,200,200,200
389027,0,30,0,0,0,1,12,5,0,0,0,22,200,1,62,0,0,0,0,200,200
389028,0,30,0,0,0,1,0,7,0,200,200,0,200,0,55,200,6,5,0,200,200
389028,0,30,0,0,0,1,0,7,0,200,200,0,200,1,200,200,200,200,200,200,200
389033,0,30,0,0,0,4,10,2,0,0,0,0,0,0,54,200,200,200,200,200,200
389033,0,30,0,0,0,4,10,2,0,0,0,0,0,1,68,0,0,0,0,200,200
389034,0,30,2,2,0,1,12,5,0,0,0,18,18,1,29,200,3,200,0,200,200
389034,0,30,2,2,0,1,12,5,0,0,0,18,18,0,53,0,0,0,0,200,200
389034,1,30,2,2,0,1,12,5,0,0,0,18,18,1,200,200,200,200,200,200,200
389034,1,30,2,2,0,1,12,5,0,0,0,18,18,1,200,0,200,200,200,200,200
389037,0,30,1,2,0,1,14,1,0,0,0,11,0,0,19,0,1,1,0,200,200
389037,0,30,1,2,0,1,14,1,0,0,0,11,0,0,57,0,0,0,0,200,200
389043,0,0,0,0,0,1,14,200,0,200,200,0,200,1,200,200,200,200,200,200,200
389043,0,0,0,0,0,1,14,200,0,200,200,0,200,0,62,0,200,200,0,200,200
389043,1,0,0,0,0,1,14,200,0,200,200,0,200,0,200,200,200,200,200,200,200
389043,1,0,0,0,0,1,14,200,0,200,200,0,200,0,200,200,200,200,200,200,200
389049,0,10,0,0,0,1,11,0,0,0,0,200,200,0,32,0,0,0,0,200,200
389050,0,25,0,0,0,1,10,5,0,0,0,0,0,0,31,200,6,0,0,200,200
389050,0,25,0,0,0,1,10,5,0,0,0,0,0,0,56,200,0,0,0,200,200
389051,0,30,0,0,0,1,0,5,0,0,200,23,0,0,53,0,1,200,0,200,200
389051,0,30,0,0,0,1,0,5,0,0,200,23,0,1,20,0,0,0,0,200,200
389053,0,30,0,0,0,1,7,5,0,0,0,0,0,2,200,200,200,200,200,200,200
389054,0,30,2,200,0,1,7,200,0,200,200,200,200,2,200,200,200,200,200,200,200
389058,0,35,0,0,0,1,12,5,0,0,0,22,0,1,27,200,2,200,200,200,200
389058,0,35,0,0,0,1,12,5,0,0,0,22,0,1,23,0,0,0,0,200,200
389063,0,0,1,2,0,1,10,5,0,0,0,0,0,1,56,200,200,200,0,200,200
389063,0,0,1,2,0,1,10,5,0,0,0,0,0,0,23,200,0,0,0,200,200
389063,1,0,1,2,0,1,10,5,0,0,0,0,0,0,28,200,200,200,200,200,200
389064,0,30,200,200,0,1,10,5,0,0,0,0,200,0,200,200,3,200,200,200,200
389064,0,30,200,200,0,1,10,5,0,0,0,0,200,1,0,0,0,0,0,200,200
389067,0,30,0,0,0,1,10,2,0,0,0,18,0,2,200,200,200,200,200,200,200
389067,0,30,0,0,0,1,10,2,0,0,0,18,0,2,200,200,200,200,200,200,200
389069,0,30,1,2,0,1,14,5,0,0,0,17,200,0,200,0,1,1,0,200,200
389069,0,30,1,2,0,1,14,5,0,0,0,17,200,0,200,0,12,1,0,200,200
389069,1,30,1,2,0,1,14,5,0,0,0,17,200,1,200,0,200,200,200,200,200
389070,0,30,0,0,0,1,12,3,0,0,0,17,200,0,26,0,1,0,0,200,200
389070,0,30,0,0,0,1,12,3,0,0,0,17,200,1,56,0,0,0,0,200,200
389070,1,30,0,0,0,1,12,3,0,0,0,17,200,0,18,0,200,200,200,200,200
389070,1,30,0,0,0,1,12,3,0,0,0,17,200,1,59,0,200,200,200,200,200
389070,1,30,0,0,0,1,12,3,0,0,0,17,200,0,50,0,200,200,200,200,200
389070,1,30,0,0,0,1,12,3,0,0,0,17,200,0,18,0,200,200,200,200,200
389070,1,30,0,0,0,1,12,3,0,0,0,17,200,0,63,0,200,200,200,200,200
389073,0,10,0,0,0,1,7,5,0,0,0,200,200,1,41,0,200,0,0,200,200
389076,0,30,2,2,0,1,10,1,0,0,0,32,0,1,25,200,200,200,5,0.11,200
389076,0,30,2,2,0,1,10,1,0,0,0,32,0,0,43,200,200,200,0,200,200
389076,1,30,2,2,0,1,10,1,0,0,0,32,0,0,200,200,200,200,200,200,200
389077,0,15,0,0,0,1,7,5,0,0,0,0,0,2,200,200,200,200,200,200,200
389078,0,30,1,2,0,1,10,5,0,0,0,0,200,0,200,200,200,200,200,200,200
389078,0,30,1,2,0,1,10,5,0,0,0,0,200,1,57,0,0,0,0,200,200
389078,1,30,1,2,0,1,10,5,0,0,0,0,200,1,88,0,200,200,200,200,200
389079,0,30,0,0,0,1,10,3,0,0,0,18,200,0,63,200,200,0,0,200,200
389079,0,30,0,0,0,1,10,3,0,0,0,18,200,1,48,200,200,200,200,200,200
389079,0,30,0,0,0,1,10,3,0,0,0,18,200,0,200,200,0,200,200,200,200
389081,0,35,1,2,1,1,0,2,0,0,0,0,200,1,56,0,5,0,1,200,200
389081,0,35,1,2,1,1,0,2,0,0,0,0,200,1,44,0,0,0,0,200,200
389089,0,25,0,0,0,1,0,0,0,0,0,20,200,0,34,200,6,200,0,200,200
389089,0,25,0,0,0,1,0,0,0,0,0,20,200,1,37,200,0,200,0,200,200
389090,0,0,200,200,0,1,10,2,0,0,0,18,0,1,32,200,3,0,0,200,200
389090,0,0,200,200,0,1,10,2,0,0,0,18,0,1,26,200,200,200,200,200,200
389095,0,30,0,12,0,1,10,5,0,0,0,14,21,1,24,0,12,0,0,200,200
389107,0,30,1,2,0,1,8,2,0,0,0,17,200,1,41,0,1,0,0,200,200
389107,4,30,1,2,0,1,8,2,0,0,0,17,200,0,13,7,0,0,0,200,200
389111,0,30,0,12,0,1,10,2,0,0,0,16,18,1,21,0,0,0,0,200,200
389111,1,30,0,12,0,1,10,2,0,0,0,16,18,1,53,0,200,200,200,200,200
389111,1,30,0,12,0,1,10,2,0,0,0,16,18,0,13,0,200,200,200,200,200
389111,1,30,0,12,0,1,10,2,0,0,0,16,18,1,14,0,200,200,200,200,200
389111,1,30,0,12,0,1,10,2,0,0,0,16,18,1,36,0,200,200,200,200,200
389121,0,30,0,0,0,1,7,5,0,0,0,200,200,1,25,0,200,200,0,200,200
389122,0,30,0,0,0,1,7,7,0,0,0,0,200,2,200,200,200,200,200,200,200
389126,0,35,2,2,0,1,10,2,0,0,0,18,0,0,200,200,5,200,0,200,200
389126,0,35,2,2,0,1,10,2,0,0,0,18,0,0,32,0,0,0,0,200,200
389131,0,30,0,0,0,1,7,5,0,0,0,0,200,2,200,200,200,200,200,200,200
389137,0,30,0,0,0,1,14,2,0,0,0,23,17,0,49,7,7,0,0,200,200
389137,0,30,0,0,0,1,14,2,0,0,0,23,17,1,35,0,0,0,0,200,200
389141,0,30,0,0,0,1,12,5,0,0,0,0,0,0,47,200,4,0,0,200,200
389141,0,30,0,0,0,1,12,5,0,0,0,0,0,0,55,0,0,0,0,200,200
389146,0,30,2,200,0,1,0,12,0,0,200,17,17,1,20,200,1,200,0,200,200
389146,0,30,2,200,0,1,0,12,0,0,200,17,17,0,23,200,0,200,0,200,200
389151,0,30,0,0,0,1,7,5,2,0,0,0,200,0,34,200,200,200,200,200,200
389160,0,30,0,0,0,1,10,2,0,0,0,18,18,1,36,200,3,200,0,200,200
389160,0,30,0,0,0,1,10,2,0,0,0,18,18,1,66,200,0,200,0,200,200
389160,1,30,0,0,0,1,10,2,0,0,0,18,18,1,69,200,200,200,200,200,200
389160,1,30,0,0,0,1,10,2,0,0,0,18,18,1,62,200,200,200,200,200,200
389160,1,30,0,0,0,1,10,2,0,0,0,18,18,1,63,200,200,200,200,200,200
389161,0,30,0,0,0,1,8,5,0,0,0,0,0,0,41,200,200,200,200,200,200
389161,4,30,0,0,0,1,8,5,0,0,0,0,0,0,20,3,200,200,0,200,200
389167,0,30,0,0,0,1,10,6,0,0,0,18,200,0,200,200,3,200,200,200,200
389167,0,30,0,0,0,1,10,6,0,0,0,18,200,1,23,0,0,0,0,200,200
389167,1,30,0,0,0,1,10,6,0,0,0,18,200,1,24,0,200,200,200,200,200
389167,1,30,0,0,0,1,10,6,0,0,0,18,200,1,23,0,200,200,200,200,200
389171,0,30,0,0,0,1,14,5,0,0,0,23,0,1,19,0,1,0,0,200,200
389171,0,30,0,0,0,1,14,5,0,0,0,23,0,1,27,0,0,0,0,200,200
389171,1,30,0,0,0,1,14,5,0,0,0,23,0,1,18,0,200,200,200,200,200
389175,0,15,0,0,0,1,7,5,0,0,0,0,0,0,200,200,12,200,200,200,200
389178,0,30,0,0,0,1,10,5,0,0,0,200,200,0,200,200,0,0,0,200,200
389178,0,30,0,0,0,1,10,5,0,0,0,200,200,0,22,0,0,0,0,200,200
389178,0,30,0,0,0,1,10,5,0,0,0,200,200,0,200,200,0,200,200,200,200
389184,0,15,0,0,0,1,7,6,0,0,0,0,0,2,200,200,200,200,200,200,200
389187,0,30,1,2,0,1,10,5,0,0,0,18,16,0,200,0,3,0,0,200,200
389187,0,30,1,2,0,1,10,5,0,0,0,18,16,0,200,0,0,0,0,200,200
389188,0,30,0,0,0,1,14,5,0,0,0,17,0,1,39,0,1,0,0,200,200
389188,0,30,0,0,0,1,14,5,0,0,0,17,0,0,51,0,12,0,0,200,200
389191,0,0,0,0,0,1,10,200,0,200,200,0,200,0,56,0,200,200,0,200,200
389191,0,0,0,0,0,1,10,200,0,200,200,0,200,1,38,0,200,200,0,200,200
389191,1,0,0,0,0,1,10,200,0,200,200,0,200,1,62,0,200,200,200,200,200
389192,0,30,0,0,0,1,7,5,0,0,0,200,200,1,41,0,200,200,0,200,200
389192,1,30,0,0,0,1,7,5,0,0,0,200,200,1,200,0,200,200,200,200,200
389196,0,30,2,0,0,1,14,6,0,0,0,10,10,0,24,200,200,200,200,200,200
389196,0,30,2,0,0,1,14,6,0,0,0,10,10,0,46,200,0,0,0,200,200
389197,0,30,0,0,0,1,0,5,0,0,0,0,200,1,43,0,200,0,0,200,200
389197,0,30,0,0,0,1,0,5,0,0,0,0,200,0,28,0,6,0,0,200,200
389199,0,15,0,0,0,1,10,7,0,0,0,0,200,1,33,200,200,200,0,200,200
389199,0,15,0,0,0,1,10,7,0,0,0,0,200,1,35,200,200,200,0,200,200
389209,0,30,0,0,0,1,11,5,0,0,0,0,0,0,200,200,200,200,200,200,200
389209,0,30,0,0,0,1,11,5,0,0,0,0,0,0,50,0,200,200,0,200,200
389211,0,10,0,0,0,1,7,7,0,0,0,0,200,0,200,200,200,200,200,200,200
389211,1,10,0,0,0,1,7,7,0,0,0,0,200,1,62,0,200,200,200,200,200
389212,0,0,1,2,0,1,10,2,0,0,0,18,200,0,29,7,3,0,0,200,200
389212,0,0,1,2,0,1,10,2,0,0,0,18,200,1,34,7,0,0,0,200,200
389213,0,30,0,0,0,1,7,6,0,0,200,0,0,0,32,200,200,200,7,200,200
389214,0,30,1,2,0,1,9,2,0,0,0,33,200,0,200,200,1,1,0,200,200
389214,5,30,1,2,0,1,9,2,0,0,0,33,200,0,200,200,200,200,0,200,200
389214,5,30,1,2,0,1,9,2,0,0,0,33,200,1,200,200,200,200,200,200,200
389214,1,30,1,2,0,1,9,2,0,0,0,33,200,0,200,200,200,200,200,200,200
389216,0,30,0,0,0,1,10,6,0,0,0,18,18,0,61,0,0,0,0,200,200
389216,0,30,0,0,0,1,10,6,0,0,0,18,18,0,35,0,3,0,0,200,200
389216,1,30,0,0,0,1,10,6,0,0,0,18,18,1,200,0,200,200,200,200,200
389216,1,30,0,0,0,1,10,6,0,0,0,18,18,1,200,0,200,200,200,200,200
389216,1,30,0,0,0,1,10,6,0,0,0,18,18,0,200,0,200,200,200,200,200
389223,0,0,0,0,0,1,7,5,0,0,0,0,0,0,200,200,200,200,200,200,200
389224,0,30,0,0,0,1,7,6,0,0,0,20,200,1,200,200,6,200,200,200,200
389225,0,40,0,0,0,1,10,3,0,0,0,18,16,0,53,0,3,0,0,200,200
389225,0,40,0,0,0,1,10,3,0,0,0,18,16,0,22,0,0,0,0,200,200
389232,0,30,200,200,0,1,14,2,0,0,0,0,0,0,200,200,200,200,200,200,200
389232,0,30,200,200,0,1,14,2,0,0,0,0,0,0,26,200,200,200,0,200,200
389235,0,30,0,0,0,1,10,2,0,0,0,21,0,0,24,200,10,0,0,200,200
389235,0,30,0,0,0,1,10,2,0,0,0,21,0,1,39,200,200,200,0,200,200
389235,1,30,0,0,0,1,10,2,0,0,0,21,0,1,45,200,200,200,200,200,200
389235,1,30,0,0,0,1,10,2,0,0,0,21,0,1,28,200,200,200,200,200,200
389235,1,30,0,0,0,1,10,2,0,0,0,21,0,0,15,200,200,200,200,200,200
389239,0,30,0,0,0,1,14,6,0,0,0,17,0,0,50,0,1,0,0,200,200
389239,0,30,0,0,0,1,14,6,0,0,0,17,0,0,25,0,0,0,0,200,200
389239,1,30,0,0,0,1,14,6,0,0,0,17,0,1,22,0,200,200,200,200,200
389239,1,30,0,0,0,1,14,6,0,0,0,17,0,1,3,5,200,200,200,200,200
389243,0,20,0,0,0,1,7,6,0,0,0,0,0,2,200,200,200,200,200,200,200
389245,0,30,1,2,0,1,12,5,0,0,0,21,200,1,42,0,12,0,0,200,200
389245,0,30,1,2,0,1,12,5,0,0,0,21,200,0,34,0,0,0,0,200,200
389247,0,35,1,2,0,1,10,2,0,0,0,18,0,2,200,200,200,200,200,200,200
389247,0,35,1,2,0,1,10,2,0,0,0,18,0,0,47,0,0,0,0,200,200
389247,0,35,1,2,0,1,10,2,0,0,0,18,0,1,17,0,0,0,0,200,200
389259,0,0,0,0,0,1,7,200,0,0,0,20,0,1,45,200,6,200,0,200,200
389264,0,30,0,0,0,1,10,6,0,0,0,11,200,0,200,0,12,0,0,200,200
389264,0,30,0,0,0,1,10,6,0,0,0,11,200,0,200,0,0,0,0,200,200
389266,0,30,200,200,0,1,7,2,0,0,200,0,0,2,200,200,200,200,200,200,200
389267,0,30,1,2,0,1,10,5,0,0,0,18,0,0,200,200,3,200,200,200,200
389267,0,30,1,2,0,1,10,5,0,0,0,18,0,1,47,0,12,0,0,200,200
389285,0,35,0,0,0,1,10,2,0,0,0,18,0,1,47,0,3,0,0,200,200
389285,0,35,0,0,0,1,10,2,0,0,0,18,0,0,24,0,0,0,0,200,200
389285,0,35,0,0,0,1,10,2,0,0,0,18,0,2,200,200,200,200,200,200,200
389285,1,35,0,0,0,1,10,2,0,0,0,18,0,1,25,7,200,200,200,200,200
389286,0,30,0,0,0,1,9,6,0,0,0,0,200,1,33,0,0,0,0,200,200
389286,5,30,0,0,0,1,9,6,0,0,0,0,200,1,57,7,0,200,0,200,200
389287,0,30,0,0,0,1,7,6,0,0,0,17,0,0,30,200,0,0,0,200,200
389288,0,30,0,0,0,1,10,12,0,1,0,0,200,1,27,0,12,0,0,200,200
389288,0,30,0,0,0,1,10,12,0,1,0,0,200,2,200,200,0,200,200,200,200
389288,1,30,0,0,0,1,10,12,0,1,0,0,200,0,200,0,200,200,200,200,200
389292,0,25,1,2,0,1,14,5,0,0,0,22,23,0,30,200,7,0,0,200,200
389292,0,25,1,2,0,1,14,5,0,0,0,22,23,0,24,200,0,0,0,200,200
389293,0,30,0,0,0,1,7,7,0,0,0,0,200,0,200,200,6,200,200,200,200
389294,0,30,0,0,0,1,0,5,0,0,0,20,0,1,62,0,6,0,0,200,200
389294,0,30,0,0,0,1,0,5,0,0,0,20,0,1,29,0,12,0,0,200,200
389294,1,30,0,0,0,1,0,5,0,0,0,20,0,0,33,0,200,200,200,200,200
389295,0,30,0,0,0,1,10,5,0,0,0,32,18,1,35,200,3,0,5,200,200
389295,0,30,0,0,0,1,10,5,0,0,0,32,18,1,47,0,0,0,1,200,200
389300,0,30,1,2,0,1,10,5,0,0,0,18,200,2,200,200,3,200,200,200,200
389300,0,30,1,2,0,1,10,5,0,0,0,18,200,1,71,0,0,0,0,200,200
389302,0,15,0,0,0,1,0,5,0,0,0,200,200,1,58,0,0,0,0,200,200
389302,0,15,0,0,0,1,0,5,0,0,0,200,200,0,43,200,0,0,0,200,200
389302,1,15,0,0,0,1,0,5,0,0,0,200,200,0,23,0,200,200,200,200,200
389303,0,30,0,0,0,1,10,2,3,0,0,0,0,0,27,0,3,0,0,200,200
389303,0,30,0,0,0,1,10,2,3,0,0,0,0,1,29,0,0,0,0,200,200
389303,1,30,0,0,0,1,10,2,3,0,0,0,0,0,26,0,200,200,200,200,200
389308,0,35,0,0,0,1,7,5,0,0,0,11,200,0,27,200,4,0,0,200,200
389309,0,30,0,0,0,1,7,5,0,0,200,21,0,2,200,200,4,200,200,200,200
389310,0,30,1,2,0,1,14,5,0,0,0,17,11,1,60,0,12,0,0,200,200
389310,0,30,1,2,0,1,14,5,0,0,0,17,11,0,41,0,2,0,0,200,200
389310,1,30,1,2,0,1,14,5,0,0,0,17,11,1,40,0,200,200,200,200,200
389321,0,15,0,0,0,3,7,7,0,0,0,0,0,0,73,200,200,0,0,200,200
389323,0,20,0,0,0,1,7,7,0,0,0,0,200,0,49,200,10,200,200,200,200
389325,0,30,1,2,0,1,2,5,0,0,0,27,19,0,27,200,12,200,5,200,200
389337,0,0,0,0,0,1,7,7,0,0,12,12,0,1,43,200,12,0,0,200,200
389338,0,30,0,0,0,1,7,2,0,0,0,22,200,1,31,0,2,0,0,200,200
389340,0,30,0,0,0,0,7,5,0,0,0,0,0,2,200,200,200,200,200,200,200
389341,0,30,0,0,0,1,12,6,0,0,0,200,200,1,200,200,12,200,200,200,200
389341,0,30,0,0,0,1,12,6,0,0,0,200,200,0,29,0,0,0,0,200,200
389349,0,30,0,0,0,1,3,5,0,0,0,21,200,0,42,200,9,0,0,200,200
389349,0,30,0,0,0,1,3,5,0,0,0,21,200,0,18,0,0,0,0,200,200
389358,0,30,1,2,0,1,14,5,0,0,0,17,0,0,22,200,5,0,0,200,200
389358,0,30,1,2,0,1,14,5,0,0,0,17,0,1,29,200,12,0,0,200,200
389358,1,30,1,2,0,1,14,5,0,0,0,17,0,0,4,200,200,200,200,200,200
389358,1,30,1,2,0,1,14,5,0,0,0,17,0,0,0,200,200,200,200,200,200
389364,0,35,0,12,0,1,7,5,0,0,0,25,0,0,25,200,13,0,0,200,200
389371,0,30,1,2,0,4,10,5,0,0,0,18,0,0,200,200,3,200,200,200,200
389371,0,30,1,2,0,4,10,5,0,0,0,18,0,1,200,0,0,0,0,200,200
389374,0,15,0,0,0,1,0,7,0,0,0,17,200,1,200,0,1,0,0,200,200
389374,0,15,0,0,0,1,0,7,0,0,0,17,200,0,0,0,0,0,0,200,200
389378,0,30,2,2,0,1,14,2,0,0,0,11,11,1,16,0,1,1,0,200,200
389378,0,30,2,2,0,1,14,2,0,0,0,11,11,0,19,0,0,0,0,200,200
389378,1,30,2,2,0,1,14,2,0,0,0,11,11,0,18,0,200,200,200,200,200
389380,0,30,0,0,0,1,12,2,0,0,0,14,200,0,38,0,2,0,0,200,200
389380,0,30,0,0,0,1,12,2,0,0,0,14,200,1,40,0,0,0,0,200,200
389387,0,30,1,2,0,4,14,12,0,0,0,6,17,0,61,200,1,0,0,200,200
389387,0,30,1,2,0,4,14,12,0,0,0,6,17,0,56,200,5,0,0,200,200
389387,1,30,1,2,0,4,14,12,0,0,0,6,17,1,50,1,200,200,200,200,200
389391,0,30,0,12,0,4,10,5,0,0,0,0,0,0,200,200,8,200,200,200,200
389391,0,30,0,12,0,4,10,5,0,0,0,0,0,1,37,0,0,0,0,200,200
389391,1,30,0,12,0,4,10,5,0,0,0,0,0,1,12,0,200,200,200,200,200
389391,1,30,0,12,0,4,10,5,0,0,0,0,0,1,18,0,200,200,200,200,200
389393,0,30,0,0,0,4,10,2,0,0,0,17,17,2,200,200,1,200,200,200,200
389393,0,30,0,0,0,4,10,2,0,0,0,17,17,0,78,200,200,0,0,200,200
389403,0,30,1,2,0,1,2,5,0,0,0,0,0,0,45,200,200,200,200,200,200
389403,1,30,1,2,0,1,2,5,0,0,0,0,0,1,45,200,200,200,200,200,200
389404,0,30,1,2,0,1,14,2,0,0,0,17,11,0,73,7,1,0,0,200,200
389404,0,30,1,2,0,1,14,2,0,0,0,17,11,0,36,200,0,200,0,200,200
389404,1,30,1,2,0,1,14,2,0,0,0,17,11,1,37,7,200,200,200,200,200
389404,1,30,1,2,0,1,14,2,0,0,0,17,11,0,36,7,200,200,200,200,200
389404,1,30,1,2,0,1,14,2,0,0,0,17,11,0,37,7,200,200,200,200,200
389406,0,30,0,0,0,1,2,5,0,0,0,200,200,0,35,0,200,0,0,200,200
389406,1,30,0,0,0,1,2,5,0,0,0,200,200,1,35,0,200,200,200,200,200
389410,0,30,0,0,0,4,12,2,0,0,0,22,200,0,40,0,2,0,0,200,200
389410,0,30,0,0,0,4,12,2,0,0,0,22,200,0,47,0,0,0,0,200,200
389411,0,30,0,0,0,4,8,6,0,0,0,200,200,1,51,200,12,0,0,200,200
389411,4,30,0,0,0,4,8,6,0,0,0,200,200,0,61,7,12,0,200,200,200
389425,0,30,1,2,0,4,14,5,0,0,0,17,16,0,200,200,1,200,200,200,200
389425,0,30,1,2,0,4,14,5,0,0,0,17,16,0,200,0,0,0,0,200,200
389425,1,30,1,2,0,4,14,5,0,0,0,17,16,0,200,0,200,200,200,200,200
389430,0,30,2,2,0,0,10,5,0,0,0,0,0,0,58,200,200,200,200,200,200
389430,0,30,2,2,0,0,10,5,0,0,0,0,0,1,53,200,200,200,200,200,200
389436,0,30,0,200,0,3,10,2,3,0,0,16,200,0,62,0,3,200,0,200,200
389436,0,30,0,200,0,3,10,2,3,0,0,16,200,0,18,0,1,0,0,200,200
389436,1,30,0,200,0,3,10,2,3,0,0,16,200,1,20,0,200,200,200,200,200
389439,0,35,2,2,0,3,10,2,0,0,0,20,20,0,61,7,6,0,0,200,200
389439,0,35,2,2,0,3,10,2,0,0,0,20,20,1,33,0,12,0,0,200,200
389445,0,25,0,0,0,3,12,8,0,0,0,22,200,1,200,200,4,200,200,200,200
389445,0,25,0,0,0,3,12,8,0,0,0,22,200,1,43,0,0,0,0,200,200
389447,0,15,0,0,0,1,14,7,0,0,0,23,200,0,200,200,7,200,200,200,200
389447,0,15,0,0,0,1,14,7,0,0,0,23,200,1,27,0,0,0,0,200,200
389451,0,30,1,2,0,3,12,5,0,0,0,21,200,0,56,200,4,0,0,200,200
389451,0,30,1,2,0,3,12,5,0,0,0,21,200,1,29,0,0,0,0,200,200
389453,0,30,0,0,0,1,10,6,0,0,0,16,200,1,27,0,12,0,0,200,200