RD_NO,PERSON_TYPE,POSTED_SPEED_LIMIT,TRAFFIC_CONTROL_DEVICE,DEVICE_CONDITION,WEATHER_CONDITION,LIGHTING_CONDITION,FIRST_CRASH_TYPE,TRAFFICWAY_TYPE,ALIGNMENT,ROADWAY_SURFACE_COND,ROAD_DEFECT,PRIM_CONTRIBUTORY_CAUSE,SEC_CONTRIBUTORY_CAUSE,SEX,AGE,SAFETY_EQUIPMENT,DRIVER_ACTION,DRIVER_VISION,PHYSICAL_CONDITION,BAC_RESULT VALUE,CELL_PHONE_USE
389453,0,30,0,0,0,1,10,6,0,0,0,16,200,1,63,0,0,0,0,200,200
389453,1,30,0,0,0,1,10,6,0,0,0,16,200,1,60,0,200,200,200,200,200
389456,0,10,0,0,0,1,0,7,0,0,0,0,200,1,34,200,200,200,200,200,200
389456,0,10,0,0,0,1,0,7,0,0,0,0,200,1,27,0,0,0,0,200,200
389456,1,10,0,0,0,1,0,7,0,0,0,0,200,1,14,0,200,200,200,200,200
389457,0,30,0,0,0,1,3,5,0,0,200,21,22,1,20,200,2,200,200,200,200
389457,0,30,0,0,0,1,3,5,0,0,200,21,22,0,28,0,0,200,200,200,200
389461,0,10,0,0,0,3,0,7,0,0,0,20,17,1,23,200,6,0,0,200,200
389461,0,10,0,0,0,3,0,7,0,0,0,20,17,0,39,200,0,0,0,200,200
389461,1,10,0,0,0,3,0,7,0,0,0,20,17,1,200,200,200,200,200,200,200
389461,1,10,0,0,0,3,0,7,0,0,0,20,17,0,200,200,200,200,200,200,200
389465,0,35,1,2,0,3,14,6,0,0,0,21,200,1,22,200,4,200,200,200,200
389465,0,35,1,2,0,3,14,6,0,0,0,21,200,0,23,0,0,0,0,200,200
389465,1,35,1,2,0,3,14,6,0,0,0,21,200,1,23,0,200,200,200,200,200
389467,0,35,1,2,0,3,7,5,0,0,0,0,200,1,200,200,200,200,0,200,200
389467,1,35,1,2,0,3,7,5,0,0,0,0,200,1,200,200,200,200,200,200,200
389468,0,30,0,0,0,3,10,5,0,0,0,18,0,1,29,200,3,200,0,200,200
389468,0,30,0,0,0,3,10,5,0,0,0,18,0,1,34,200,12,200,0,200,200
389468,0,30,0,0,0,3,10,5,0,0,0,18,0,0,35,200,12,200,0,200,200
389468,0,30,0,0,0,3,10,5,0,0,0,18,0,0,32,200,12,200,0,200,200
389468,0,30,0,0,0,3,10,5,0,0,0,18,0,1,200,200,12,200,200,200,200
389468,1,30,0,0,0,3,10,5,0,0,0,18,0,0,5,200,200,200,200,200,200
389468,1,30,0,0,0,3,10,5,0,0,0,18,0,0,2,200,200,200,200,200,200
389468,1,30,0,0,0,3,10,5,0,0,0,18,0,1,30,200,200,200,200,200,200
389468,1,30,0,0,0,3,10,5,0,0,0,18,0,0,6,0,200,200,200,200,200
389468,1,30,0,0,0,3,10,5,0,0,0,18,0,0,5,0,200,200,200,200,200
389474,0,30,1,2,0,3,10,5,0,0,0,25,200,0,31,200,12,0,0,200,200
389474,0,30,1,2,0,3,10,5,0,0,0,25,200,0,52,0,0,0,0,200,200
389474,1,30,1,2,0,3,10,5,0,0,0,25,200,2,200,200,200,200,200,200,200
389478,0,30,1,2,0,0,14,5,0,0,0,17,0,0,52,200,1,200,200,200,200
389478,0,30,1,2,0,0,14,5,0,0,0,17,0,1,27,200,0,200,200,200,200
389478,1,30,1,2,0,0,14,5,0,0,0,17,0,1,50,200,200,200,200,200,200
389478,1,30,1,2,0,0,14,5,0,0,0,17,0,200,28,7,200,200,200,200,200
389478,1,30,1,2,0,0,14,5,0,0,0,17,0,0,1,7,200,200,200,200,200
389491,0,30,2,2,0,3,14,5,0,0,0,32,16,0,49,200,1,0,5,0.07,200
389491,0,30,2,2,0,3,14,5,0,0,0,32,16,0,30,0,0,0,0,200,200
389491,1,30,2,2,0,3,14,5,0,0,0,32,16,200,200,200,200,200,200,200,200
389493,0,30,1,2,0,3,14,6,0,0,0,23,23,0,58,200,7,0,0,200,200
389493,0,30,1,2,0,3,14,6,0,0,0,23,23,1,24,200,12,0,0,200,200
389495,0,35,1,2,0,3,0,5,0,0,0,6,14,0,200,200,5,200,200,200,200
389495,0,35,1,2,0,3,0,5,0,0,0,6,14,1,36,200,0,0,0,200,200
389495,1,35,1,2,0,3,0,5,0,0,0,6,14,1,38,200,200,200,200,200,200
389499,0,25,0,0,0,1,7,6,0,0,0,20,200,1,0,0,6,0,0,200,200
389513,0,30,0,0,0,3,12,2,0,0,0,23,200,0,33,200,4,200,0,200,200
389513,0,30,0,0,0,3,12,2,0,0,0,23,200,1,21,200,0,200,0,200,200
389513,1,30,0,0,0,3,12,2,0,0,0,23,200,1,200,200,200,200,200,200,200
389515,0,30,2,2,0,3,0,2,0,0,200,17,14,0,200,200,1,200,200,200,200
389515,0,30,2,2,0,3,0,2,0,0,200,17,14,1,33,0,0,200,0,200,200
389519,0,30,2,2,0,0,14,3,0,0,0,22,31,2,200,200,7,200,200,200,200
389519,0,30,2,2,0,0,14,3,0,0,0,22,31,1,29,0,0,0,200,200,200
389523,0,30,1,2,0,3,2,5,0,0,0,0,200,0,45,0,12,0,0,200,200
389527,0,30,2,2,0,3,0,5,0,0,0,17,0,0,22,0,1,0,0,200,200
389527,0,30,2,2,0,3,0,5,0,0,0,17,0,0,45,0,0,0,0,200,200
389530,0,30,0,0,0,0,10,12,0,0,0,18,0,0,21,200,3,200,2,200,200
389530,0,30,0,0,0,0,10,12,0,0,0,18,0,0,32,200,0,0,0,200,200
389530,1,30,0,0,0,0,10,12,0,0,0,18,0,1,21,200,200,200,200,200,200
389530,1,30,0,0,0,0,10,12,0,0,0,18,0,1,33,200,200,200,200,200,200
389531,0,30,1,2,200,3,10,5,0,0,12,18,0,0,44,200,3,200,200,200,200
389531,0,30,1,2,200,3,10,5,0,0,12,18,0,1,63,200,12,0,0,200,200
389532,0,25,0,0,0,3,7,5,0,0,0,0,0,2,200,200,200,200,200,200,200
389540,0,30,0,2,0,0,10,3,0,0,0,16,200,0,26,0,12,0,0,200,200
389540,0,30,0,2,0,0,10,3,0,0,0,16,200,0,25,200,0,0,0,200,200
389540,1,30,0,2,0,0,10,3,0,0,0,16,200,1,24,200,200,200,200,200,200
389546,0,15,0,0,0,3,5,6,0,0,0,0,200,0,36,0,12,200,0,200,200
389548,0,30,0,0,0,3,12,5,0,0,0,0,0,0,26,0,8,0,0,200,200
389548,0,30,0,0,0,3,12,5,0,0,0,0,0,0,56,0,12,5,0,200,200
389548,1,30,0,0,0,3,12,5,0,0,0,0,0,0,200,0,200,200,200,200,200
389548,1,30,0,0,0,3,12,5,0,0,0,0,0,1,200,0,200,200,200,200,200
389549,0,30,0,0,0,3,8,6,0,0,200,17,0,1,200,200,200,200,200,200,200
389549,4,30,0,0,0,3,8,6,0,0,200,17,0,0,12,200,200,200,0,200,200
389549,4,30,0,0,0,3,8,6,0,0,200,17,0,0,13,200,200,200,0,200,200
389552,0,35,1,2,2,3,10,3,0,0,0,18,18,2,200,200,3,200,200,200,200
389552,0,35,1,2,2,3,10,3,0,0,0,18,18,0,69,200,200,0,0,200,200
389552,0,35,1,2,2,3,10,3,0,0,0,18,18,1,32,200,0,0,0,200,200
389554,0,30,1,200,0,3,14,5,0,200,200,0,200,0,44,0,12,200,0,200,200
389554,0,30,1,200,0,3,14,5,0,200,200,0,200,1,200,200,12,200,200,200,200
389555,0,30,0,0,0,3,12,5,0,0,0,25,200,0,200,200,4,200,200,200,200
389555,0,30,0,0,0,3,12,5,0,0,0,25,200,0,0,0,0,0,0,200,200
389557,0,30,0,0,0,3,7,5,0,0,0,0,0,2,200,200,200,200,200,200,200
389558,0,30,4,0,0,0,8,5,0,0,0,17,0,0,200,200,1,0,0,200,200
389558,4,30,4,0,0,0,8,5,0,0,0,17,0,1,0,3,0,200,0,200,200
389561,0,30,1,2,0,3,12,5,0,0,0,21,0,1,37,0,4,0,0,200,200
389561,0,30,1,2,0,3,12,5,0,0,0,21,0,0,58,0,0,0,0,200,200
389561,1,30,1,2,0,3,12,5,0,0,0,21,0,2,200,0,200,200,200,200,200
389561,1,30,1,2,0,3,12,5,0,0,0,21,0,1,200,0,200,200,200,200,200
389561,1,30,1,2,0,3,12,5,0,0,0,21,0,0,200,0,200,200,200,200,200
389561,1,30,1,2,0,3,12,5,0,0,0,21,0,1,200,0,200,200,200,200,200
389562,0,30,2,200,0,3,10,5,0,0,200,16,200,0,18,200,200,200,0,200,200
389562,0,30,2,200,0,3,10,5,0,0,200,16,200,0,25,200,200,200,0,200,200
389568,0,30,1,2,0,3,0,5,0,0,0,6,0,0,200,200,5,200,200,200,200
389568,0,30,1,2,0,3,0,5,0,0,0,6,0,0,61,0,0,0,0,200,200
389568,1,30,1,2,0,3,0,5,0,0,0,6,0,0,200,200,200,200,200,200,200
389568,1,30,1,2,0,3,0,5,0,0,0,6,0,0,23,200,200,200,200,200,200
389570,0,30,2,2,0,1,10,12,0,0,0,18,0,1,69,0,3,0,0,200,200
389570,0,30,2,2,0,1,10,12,0,0,0,18,0,1,59,0,0,0,0,200,200
389586,0,30,1,2,0,0,10,2,0,0,0,0,200,0,200,200,200,200,200,200,200
389586,0,30,1,2,0,0,10,2,0,0,0,0,200,1,21,0,0,200,0,200,200
389586,1,30,1,2,0,0,10,2,0,0,0,0,200,0,20,0,200,200,200,200,200
389591,0,30,1,2,0,3,10,5,0,0,0,18,18,0,27,200,3,200,200,200,200
389591,0,30,1,2,0,3,10,5,0,0,0,18,18,0,39,200,12,0,0,200,200
389604,0,30,0,200,0,3,7,3,0,0,200,0,200,2,200,200,200,200,200,200,200
389605,0,40,0,0,0,3,10,3,1,0,0,18,16,1,25,0,3,0,0,200,200
389605,0,40,0,0,0,3,10,3,1,0,0,18,16,0,27,0,3,0,0,200,200
389605,0,40,0,0,0,3,10,3,1,0,0,18,16,2,200,200,12,200,200,200,200
389605,1,40,0,0,0,3,10,3,1,0,0,18,16,0,27,0,200,200,200,200,200
389605,1,40,0,0,0,3,10,3,1,0,0,18,16,0,0,5,200,200,200,200,200
389609,0,30,200,200,0,4,10,5,0,0,200,18,200,0,23,200,200,200,200,200,200
389609,0,30,200,200,0,4,10,5,0,0,200,18,200,1,24,0,200,200,0,200,200
389609,1,30,200,200,0,4,10,5,0,0,200,18,200,0,200,0,200,200,200,200,200
389610,0,30,0,0,0,3,0,12,0,0,0,10,16,0,33,0,9,0,0,200,200
389610,0,30,0,0,0,3,0,12,0,0,0,10,16,1,35,0,0,0,0,200,200
389610,1,30,0,0,0,3,0,12,0,0,0,10,16,0,200,0,200,200,200,200,200
389615,0,35,0,200,0,3,7,5,0,0,0,0,0,1,200,200,200,200,200,200,200
389617,0,15,0,0,0,3,7,5,0,0,0,200,200,2,200,200,200,200,200,200,200
389622,0,30,1,2,0,3,0,2,0,0,0,6,200,2,200,200,5,200,200,200,200
389622,0,30,1,2,0,3,0,2,0,0,0,6,200,0,21,200,0,0,0,200,200
389622,1,30,1,2,0,3,0,2,0,0,0,6,200,0,23,200,200,200,200,200,200
389622,1,30,1,2,0,3,0,2,0,0,0,6,200,1,200,200,200,200,200,200,200
389628,0,30,0,0,0,3,0,3,0,0,0,0,0,1,50,0,0,0,0,200,200
389628,0,30,0,0,0,3,0,3,0,0,0,0,0,1,23,0,200,0,0,200,200
389628,0,30,0,0,0,3,0,3,0,0,0,0,0,0,27,0,200,0,0,200,200
389628,1,30,0,0,0,3,0,3,0,0,0,0,0,1,200,0,200,200,200,200,200
389633,0,30,0,0,0,3,14,2,0,0,0,17,11,0,57,0,1,0,0,200,200
389633,0,30,0,0,0,3,14,2,0,0,0,17,11,1,48,0,0,0,0,200,200
389633,1,30,0,0,0,3,14,2,0,0,0,17,11,0,49,0,200,200,200,200,200
389634,0,30,0,0,0,3,7,5,0,0,0,16,200,0,27,7,0,0,0,200,200
389640,0,30,0,0,0,3,9,5,0,0,0,16,17,1,200,200,200,200,200,200,200
389640,5,30,0,0,0,3,9,5,0,0,0,16,17,0,61,200,0,200,7,200,200
389648,0,30,200,200,200,200,10,200,0,200,200,20,0,0,200,200,6,200,200,200,200
389648,0,30,200,200,200,200,10,200,0,200,200,20,0,1,28,0,0,200,0,200,200
389652,0,30,0,0,0,3,11,5,0,0,0,8,0,0,26,0,200,0,0,200,200
389652,0,30,0,0,0,3,11,5,0,0,0,8,0,0,44,0,0,0,0,200,200
389652,1,30,0,0,0,3,11,5,0,0,0,8,0,1,200,0,200,200,200,200,200
389653,0,30,0,0,0,3,7,5,0,0,0,0,200,1,28,0,12,0,200,200,200
389655,0,35,200,200,0,3,8,6,0,0,0,32,17,0,67,200,1,200,5,200,200
389655,4,35,200,200,0,3,8,6,0,0,0,32,17,0,200,7,200,0,0,200,200
389672,0,30,2,0,0,3,7,6,0,0,0,0,0,2,200,200,0,200,200,200,200
389674,0,10,0,0,0,3,2,7,0,0,0,32,32,0,28,200,8,0,5,0.27,200
389677,4,30,1,2,0,3,8,5,0,0,0,18,200,200,200,200,2,200,0,200,200
389677,0,30,1,2,0,3,8,5,0,0,0,18,200,0,28,200,0,0,0,200,200
389678,0,30,0,0,0,3,10,2,0,0,0,2,18,1,200,200,15,200,200,200,1
389678,0,30,0,0,0,3,10,2,0,0,0,2,18,0,44,0,0,0,0,200,200
389678,1,30,0,0,0,3,10,2,0,0,0,2,18,1,41,0,200,200,200,200,200
389679,0,0,0,0,0,3,7,7,0,0,0,0,200,2,200,200,200,200,200,200,200
389680,0,40,0,0,0,3,2,2,0,0,0,11,200,1,21,200,12,200,0,200,200
389684,0,30,1,2,0,3,10,5,0,0,0,14,0,0,200,200,8,200,200,200,200
389684,0,30,1,2,0,3,10,5,0,0,0,14,0,1,24,200,0,0,0,200,200
389684,0,30,1,2,0,3,10,5,0,0,0,14,0,0,33,200,0,0,0,200,200
389685,0,30,0,0,0,3,10,5,0,0,200,0,0,0,53,0,200,200,200,200,200
389685,0,30,0,0,0,3,10,5,0,0,200,0,0,0,24,0,200,200,200,200,200
389688,0,30,1,2,0,3,10,12,0,0,0,16,18,0,56,0,0,0,0,200,200
389688,0,30,1,2,0,3,10,12,0,0,0,16,18,0,200,200,3,200,200,200,200
389689,4,25,1,2,0,3,8,5,0,0,0,27,19,0,52,7,12,0,3,200,200
389690,0,30,1,2,0,3,14,5,0,0,0,17,200,0,67,0,1,0,0,200,200
389690,0,30,1,2,0,3,14,5,0,0,0,17,200,0,27,0,0,0,0,200,200
389694,0,30,1,2,0,3,10,5,0,0,200,18,18,0,58,0,3,0,0,200,200
389694,0,30,1,2,0,3,10,5,0,0,200,18,18,0,41,200,12,200,200,200,200
389697,0,25,1,2,0,3,10,2,0,0,0,22,0,0,200,200,2,200,200,200,200
389697,0,25,1,2,0,3,10,2,0,0,0,22,0,0,68,0,0,0,0,200,200
389700,0,25,0,0,0,3,10,6,0,0,0,18,16,2,200,200,3,200,200,200,200
389700,0,25,0,0,0,3,10,6,0,0,0,18,16,0,23,200,0,0,0,200,200
389700,1,25,0,0,0,3,10,6,0,0,0,18,16,1,28,200,200,200,200,200,200
389703,0,30,0,0,0,3,7,5,0,0,0,32,14,0,21,200,8,0,3,200,200
389706,0,30,0,0,0,3,10,3,0,0,0,0,0,0,51,0,200,0,0,200,200
389706,0,30,0,0,0,3,10,3,0,0,0,0,0,1,55,0,200,0,0,200,200
389706,0,30,0,0,0,3,10,3,0,0,0,0,0,0,21,0,200,0,0,200,200
389712,0,30,1,2,0,3,9,5,0,0,0,0,200,0,55,0,200,0,0,200,200
389712,5,30,1,2,0,3,9,5,0,0,0,0,200,0,47,200,0,200,5,200,200
389713,0,30,0,0,0,3,10,5,2,0,0,20,200,0,44,200,6,0,0,200,200
389713,0,30,0,0,0,3,10,5,2,0,0,20,200,1,200,200,0,0,0,200,200
389713,1,30,0,0,0,3,10,5,2,0,0,20,200,1,21,200,200,200,200,200,200
389719,0,30,0,0,0,3,12,5,0,0,0,0,0,2,20,200,200,0,0,200,200
389719,0,30,0,0,0,3,12,5,0,0,0,0,0,0,20,200,200,0,0,200,200
389729,0,30,0,0,0,3,12,5,0,0,200,21,0,0,28,200,2,12,0,200,200
389729,0,30,0,0,0,3,12,5,0,0,200,21,0,1,50,200,0,200,0,200,200
389739,0,30,1,2,0,3,14,2,0,0,0,16,200,2,200,200,3,200,200,200,200
389739,0,30,1,2,0,3,14,2,0,0,0,16,200,1,49,200,0,0,0,200,200
389752,0,30,1,2,0,3,7,5,0,0,0,16,0,1,0,7,8,0,0,200,200
389757,0,30,2,200,0,3,0,6,0,0,200,5,17,1,200,200,200,200,200,200,200
389757,0,30,2,200,0,3,0,6,0,0,200,5,17,1,22,200,200,200,0,200,200
389759,0,30,0,0,0,3,7,5,0,0,0,32,27,0,33,0,200,0,5,200,200
389764,0,30,200,200,0,3,9,5,0,0,200,32,14,0,22,200,1,200,5,0.07,200
389764,5,30,200,200,0,3,9,5,0,0,200,32,14,1,50,7,0,200,200,200,200
389764,1,30,200,200,0,3,9,5,0,0,200,32,14,0,18,200,200,200,200,200,200
389764,1,30,200,200,0,3,9,5,0,0,200,32,14,0,24,200,200,200,200,200,200
389768,0,30,0,0,0,3,3,5,0,0,0,0,0,1,24,0,0,0,0,200,200
389768,0,30,0,0,0,3,3,5,0,0,0,0,0,0,26,0,0,0,0,200,200
389768,1,30,0,0,0,3,3,5,0,0,0,0,0,1,24,0,200,200,200,200,200
389768,1,30,0,0,0,3,3,5,0,0,0,0,0,0,25,0,200,200,200,200,200
389777,0,30,0,0,0,3,12,5,0,0,0,17,200,0,34,200,0,0,0,200,200
389777,0,30,0,0,0,3,12,5,0,0,0,17,200,2,200,200,1,200,200,200,200
389785,0,30,0,0,0,3,7,6,0,0,0,2,0,0,37,200,15,0,2,200,1
389793,0,30,0,0,0,3,7,5,0,0,0,200,200,0,37,7,12,200,200,200,200
389793,1,30,0,0,0,3,7,5,0,0,0,200,200,1,33,200,200,200,200,200,200
389797,0,20,0,0,0,3,7,6,0,0,0,0,0,0,200,200,200,200,200,200,200
389800,0,30,0,0,0,3,2,5,0,0,200,25,14,0,27,200,5,200,200,200,200
389817,0,5,0,0,0,0,2,7,0,0,0,11,0,2,200,200,200,200,200,200,200
389819,0,20,9,2,0,3,7,6,0,0,0,10,3,2,200,200,5,200,200,200,200
389828,0,35,1,2,0,3,2,3,0,0,0,0,16,1,23,0,200,200,0,200,200
389831,0,30,0,0,0,3,7,5,0,0,0,0,200,1,200,200,200,200,200,200,200
389835,0,30,0,0,0,1,7,5,0,0,0,12,200,0,25,200,12,0,0,200,200
389836,0,25,0,0,0,2,7,5,0,0,0,32,16,0,24,0,12,200,5,200,200
389837,0,30,2,2,0,3,10,2,0,0,0,18,16,1,27,0,3,0,0,200,200
389837,0,30,2,2,0,3,10,2,0,0,0,18,16,0,35,0,12,0,0,200,200
389837,0,30,2,2,0,3,10,2,0,0,0,18,16,0,39,0,0,12,0,200,200
389837,1,30,2,2,0,3,10,2,0,0,0,18,16,0,200,7,200,200,200,200,200
389840,0,30,0,0,0,3,10,5,0,0,0,0,15,0,200,200,200,200,200,200,200
389840,0,30,0,0,0,3,10,5,0,0,0,0,15,0,52,0,200,0,0,200,200
389840,0,30,0,0,0,3,10,5,0,0,0,0,15,0,75,0,0,0,0,200,200
389841,0,30,0,0,0,1,12,3,0,200,200,0,0,1,18,200,200,200,0,200,200
389841,0,30,0,0,0,1,12,3,0,200,200,0,0,1,67,200,200,200,0,200,200
389841,0,30,0,0,0,1,12,3,0,200,200,0,0,0,80,200,200,200,0,200,200
389842,0,30,0,0,0,3,7,200,0,0,0,0,0,1,26,200,200,200,0,200,200
389844,0,35,0,200,0,2,2,2,0,0,0,0,200,0,0,0,200,12,0,200,200
389849,0,30,0,0,0,1,14,5,0,0,0,17,17,0,200,200,1,200,200,200,200
389849,0,30,0,0,0,1,14,5,0,0,0,17,17,0,53,0,12,0,0,200,200
389855,0,20,0,0,0,1,0,12,0,0,0,17,11,0,61,0,1,0,0,200,200
389855,0,20,0,0,0,1,0,12,0,0,0,17,11,0,49,7,0,0,0,200,200
389857,0,20,0,0,0,2,14,5,0,0,0,17,200,0,23,0,1,200,0,200,200
389857,0,20,0,0,0,2,14,5,0,0,0,17,200,1,20,0,0,200,0,200,200
389862,0,30,0,0,0,3,7,6,0,0,0,0,0,2,200,200,200,200,200,200,200
389863,0,30,0,0,0,3,7,5,0,0,0,0,0,2,200,200,200,200,200,200,200
389864,0,30,0,0,0,2,10,3,0,0,0,17,200,2,200,200,1,200,0,200,200
389864,0,30,0,0,0,2,10,3,0,0,0,17,200,0,34,0,0,0,0,200,200
389870,0,30,0,0,0,3,7,6,0,0,0,0,0,0,44,200,200,0,200,200,200
389882,0,30,1,2,0,0,14,2,0,0,0,18,0,0,200,200,3,200,200,200,200
389882,0,30,1,2,0,0,14,2,0,0,0,18,0,0,0,0,0,0,0,200,200
389888,0,30,0,0,0,1,7,5,0,0,0,1,11,1,28,200,12,0,0,200,200
389890,0,30,0,0,0,1,7,5,0,0,0,0,0,2,200,200,200,200,200,200,200
389894,0,30,0,0,200,1,14,2,0,200,200,0,0,0,71,200,200,200,200,200,200
389894,0,30,0,0,200,1,14,2,0,200,200,0,0,1,20,0,0,0,0,200,200
389896,0,30,0,0,0,1,2,5,0,0,0,0,0,1,33,0,12,0,0,200,200
389903,0,30,0,0,0,1,7,6,0,0,0,0,200,0,200,200,200,200,200,200,200
389907,0,30,2,2,0,2,14,6,0,0,0,18,0,0,59,200,12,0,0,200,200
389907,0,30,2,2,0,2,14,6,0,0,0,18,0,2,200,200,7,200,200,200,200
389909,0,30,0,0,0,1,12,5,0,0,1,29,13,0,40,0,12,0,0,200,200
389909,0,30,0,0,0,1,12,5,0,0,1,29,13,0,67,0,0,0,0,200,200
389912,0,30,1,2,0,1,10,5,0,0,0,18,200,1,31,0,0,200,0,200,200
389912,0,30,1,2,0,1,10,5,0,0,0,18,200,0,23,0,3,200,200,200,200
389914,0,30,1,2,0,1,0,12,0,0,0,200,200,1,65,200,5,200,0,200,200
389914,0,30,1,2,0,1,0,12,0,0,0,200,200,0,64,200,0,0,0,200,200
389916,0,30,0,0,0,3,7,6,2,0,0,0,16,2,200,200,200,200,200,200,200
389919,0,25,1,2,0,1,0,12,0,0,200,6,7,0,63,0,5,0,0,200,200
389919,0,25,1,2,0,1,0,12,0,0,200,6,7,1,44,0,0,0,0,200,200
389919,1,25,1,2,0,1,0,12,0,0,200,6,7,1,78,0,200,200,200,200,200
389922,0,25,0,0,0,1,7,6,0,0,0,0,0,2,200,200,200,200,200,200,200
389923,0,20,2,0,0,1,7,6,0,0,0,200,200,2,200,200,200,200,200,200,200
389927,0,30,0,0,0,0,10,3,0,0,200,21,200,0,200,200,4,200,200,200,200
389927,0,30,0,0,0,0,10,3,0,0,200,21,200,1,48,0,0,0,200,200,200
389927,1,30,0,0,0,0,10,3,0,0,200,21,200,0,200,200,200,200,200,200,200
389927,1,30,0,0,0,0,10,3,0,0,200,21,200,0,200,200,200,200,200,200,200
389946,0,30,0,200,0,3,5,5,0,0,0,0,200,2,200,200,200,200,200,200,200
389946,3,30,0,200,0,3,5,5,0,0,0,0,200,0,53,7,0,200,0,200,200
389948,0,30,0,0,0,1,12,5,0,0,0,17,17,1,200,200,1,0,0,200,200
389948,0,30,0,0,0,1,12,5,0,0,0,17,17,1,48,0,0,0,0,200,200
389951,0,30,0,0,0,3,5,4,0,0,0,0,200,2,200,200,200,200,200,200,200
389951,3,30,0,0,0,3,5,4,0,0,0,0,200,0,53,7,0,200,0,200,200
389963,0,30,1,2,0,1,8,5,0,0,0,17,200,0,200,200,1,200,200,200,200
389963,4,30,1,2,0,1,8,5,0,0,0,17,200,0,53,7,0,0,0,200,200
389964,0,30,1,2,0,1,14,6,0,0,0,0,0,1,89,0,200,0,0,200,200
389964,0,30,1,2,0,1,14,6,0,0,0,0,0,1,78,0,0,0,0,200,200
389974,0,35,1,200,200,3,9,5,2,200,200,17,0,2,200,200,1,200,200,200,200
389974,5,35,1,200,200,3,9,5,2,200,200,17,0,1,60,200,200,0,0,200,200
389976,0,30,0,0,0,1,7,2,0,0,0,0,0,2,200,200,200,200,200,200,200
389978,0,30,1,2,200,3,10,5,0,200,200,0,0,0,200,200,12,200,200,200,200
389978,0,30,1,2,200,3,10,5,0,200,200,0,0,0,46,200,0,200,0,200,200
389984,0,30,0,0,0,1,10,2,0,200,200,0,0,1,32,200,200,200,200,200,200
389984,0,30,0,0,0,1,10,2,0,200,200,0,0,1,26,0,0,0,0,200,200
389984,1,30,0,0,0,1,10,2,0,200,200,0,0,1,200,0,200,200,200,200,200
389984,1,30,0,0,0,1,10,2,0,200,200,0,0,1,200,0,200,200,200,200,200
389984,1,30,0,0,0,1,10,2,0,200,200,0,0,0,200,0,200,200,200,200,200
389984,1,30,0,0,0,1,10,2,0,200,200,0,0,1,200,0,200,200,200,200,200
389984,1,30,0,0,0,1,10,2,0,200,200,0,0,1,200,0,200,200,200,200,200
389989,0,30,2,2,0,1,0,12,0,0,0,17,0,0,62,0,1,0,0,200,200
389989,0,30,2,2,0,1,0,12,0,0,0,17,0,0,41,0,0,0,0,200,200
389992,0,25,0,0,200,200,7,5,0,200,200,22,200,2,200,200,2,200,200,200,200
389998,0,30,1,2,0,1,10,5,0,0,200,0,20,2,200,200,6,200,200,200,200
389998,0,30,1,2,0,1,10,5,0,0,200,0,20,1,40,0,200,200,0,200,200
390008,0,30,1,2,0,1,10,5,0,0,0,33,200,1,27,200,12,0,0,200,200
390008,0,30,1,2,0,1,10,5,0,0,0,33,200,1,33,200,0,0,0,200,200
390008,0,30,1,2,0,1,10,5,0,0,0,33,200,0,28,200,0,0,0,200,200
390009,0,40,0,0,0,1,12,3,0,0,0,21,11,2,200,200,200,200,200,200,200
390009,0,40,0,0,0,1,12,3,0,0,0,21,11,0,53,0,0,0,0,200,200
390020,0,30,0,0,0,4,7,2,0,0,0,0,0,2,200,200,200,200,200,200,200
390021,0,30,1,2,0,1,14,6,0,0,0,0,0,1,200,200,200,200,200,200,200
390021,0,30,1,2,0,1,14,6,0,0,0,0,0,1,31,0,0,0,0,200,200
390021,1,30,1,2,0,1,14,6,0,0,0,0,0,0,14,0,200,200,200,200,200
390022,0,35,1,2,0,1,10,5,0,0,0,18,11,0,19,0,3,0,0,200,200
390022,0,35,1,2,0,1,10,5,0,0,0,18,11,0,52,0,0,0,0,200,200
390024,0,30,0,0,0,3,9,2,0,0,0,0,0,2,200,200,200,200,200,200,200
390024,5,30,0,0,0,3,9,2,0,0,0,0,0,0,38,7,200,200,0,200,200
390027,0,30,1,2,0,3,14,5,0,0,0,23,23,0,23,0,12,0,0,200,200
390027,0,30,1,2,0,3,14,5,0,0,0,23,23,1,22,0,0,0,0,200,200
390037,0,30,2,2,0,1,0,5,0,0,0,17,200,1,86,0,1,0,0,200,200
390037,0,30,2,2,0,1,0,5,0,0,0,17,200,1,47,0,0,0,0,200,200
390039,0,30,1,2,0,0,12,2,0,0,0,0,200,1,21,0,4,0,200,200,200
390039,0,30,1,2,0,0,12,2,0,0,0,0,200,1,54,0,0,0,200,200,200
390039,1,30,1,2,0,0,12,2,0,0,0,0,200,0,200,0,200,200,200,200,200
390039,1,30,1,2,0,0,12,2,0,0,0,0,200,1,16,0,200,200,200,200,200
390048,0,30,2,2,0,1,10,6,0,0,0,20,200,0,24,0,6,200,0,200,200
390048,0,30,2,2,0,1,10,6,0,0,0,20,200,1,62,0,0,0,0,200,200
390050,0,20,2,2,0,1,0,5,0,0,0,0,0,0,39,200,200,200,0,200,200