RD_NO,PERSON_TYPE,POSTED_SPEED_LIMIT,TRAFFIC_CONTROL_DEVICE,DEVICE_CONDITION,WEATHER_CONDITION,LIGHTING_CONDITION,FIRST_CRASH_TYPE,TRAFFICWAY_TYPE,ALIGNMENT,ROADWAY_SURFACE_COND,ROAD_DEFECT,PRIM_CONTRIBUTORY_CAUSE,SEC_CONTRIBUTORY_CAUSE,SEX,AGE,SAFETY_EQUIPMENT,DRIVER_ACTION,DRIVER_VISION,PHYSICAL_CONDITION,BAC_RESULT VALUE,CELL_PHONE_USE
390050,0,20,2,2,0,1,0,5,0,0,0,0,0,1,26,200,200,200,0,200,200
390050,1,20,2,2,0,1,0,5,0,0,0,0,0,0,29,200,200,200,200,200,200
390064,0,25,2,0,0,1,14,5,0,0,0,5,23,0,27,200,1,200,200,200,200
390064,0,25,2,0,0,1,14,5,0,0,0,5,23,1,29,0,0,0,0,200,200
390064,1,25,2,0,0,1,14,5,0,0,0,5,23,1,200,7,200,200,200,200,200
390081,0,30,0,0,200,200,7,6,0,200,0,0,200,2,200,200,200,200,200,200,200
390082,4,30,4,2,0,1,8,5,2,0,0,17,200,1,26,3,1,0,0,200,200
390082,0,30,4,2,0,1,8,5,2,0,0,17,200,0,33,0,0,0,0,200,200
390083,0,30,1,2,0,1,10,2,0,0,0,7,200,1,42,0,12,0,0,200,200
390083,0,30,1,2,0,1,10,2,0,0,0,7,200,0,49,0,0,0,0,200,200
390085,0,30,2,2,0,1,12,5,0,0,0,0,0,1,57,200,200,0,0,200,200
390085,0,30,2,2,0,1,12,5,0,0,0,0,0,0,46,200,15,0,0,200,200
390090,0,30,0,0,0,200,7,5,0,0,0,17,18,2,200,200,200,200,200,200,200
390091,0,30,1,2,0,1,10,5,0,0,0,11,200,0,18,200,12,0,0,200,200
390091,0,30,1,2,0,1,10,5,0,0,0,11,200,1,20,200,0,0,0,200,200
390091,0,30,1,2,0,1,10,5,0,0,0,11,200,1,35,200,0,0,0,200,200
390091,1,30,1,2,0,1,10,5,0,0,0,11,200,1,19,200,200,200,200,200,200
390094,0,30,0,0,0,1,7,2,0,0,0,0,200,1,30,0,0,0,0,200,200
390104,0,30,0,0,0,1,14,5,0,0,0,0,0,0,87,200,200,200,200,200,200
390104,0,30,0,0,0,1,14,5,0,0,0,0,0,1,39,200,200,200,200,200,200
390104,1,30,0,0,0,1,14,5,0,0,0,0,0,200,200,200,200,200,200,200,200
390104,1,30,0,0,0,1,14,5,0,0,0,0,0,0,77,200,200,200,200,200,200
390104,1,30,0,0,0,1,14,5,0,0,0,0,0,1,74,200,200,200,200,200,200
390104,1,30,0,0,0,1,14,5,0,0,0,0,0,1,6,5,200,200,200,200,200
390108,0,30,0,0,0,1,10,5,0,0,0,0,200,0,32,7,0,0,0,200,200
390108,0,30,0,0,0,1,10,5,0,0,0,0,200,1,200,7,0,0,0,200,200
390108,1,30,0,0,0,1,10,5,0,0,0,0,200,200,200,7,200,200,200,200,200
390108,1,30,0,0,0,1,10,5,0,0,0,0,200,200,200,0,200,200,200,200,200
390110,0,25,0,0,0,3,7,6,0,0,0,0,0,2,200,200,200,200,200,200,200
390112,0,30,0,0,0,1,7,5,0,0,0,0,0,2,200,200,200,200,200,200,200
390113,0,30,1,2,0,1,12,1,2,0,12,0,34,1,28,0,12,0,0,200,200
390113,0,30,1,2,0,1,12,1,2,0,12,0,34,0,23,0,0,0,0,200,200
390114,0,30,0,0,0,1,10,6,0,0,0,0,0,0,200,200,6,200,200,200,200
390114,0,30,0,0,0,1,10,6,0,0,0,0,0,1,200,0,200,200,200,200,200
390120,0,30,1,2,0,1,0,2,0,0,0,0,200,1,57,0,200,0,0,200,200
390120,0,30,1,2,0,1,0,2,0,0,0,0,200,0,75,0,0,0,0,200,200
390120,1,30,1,2,0,1,0,2,0,0,0,0,200,1,200,0,200,200,200,200,200
390120,1,30,1,2,0,1,0,2,0,0,0,0,200,1,63,0,200,200,200,200,200
390120,1,30,1,2,0,1,0,2,0,0,0,0,200,1,71,0,200,200,200,200,200
390121,0,20,0,0,0,1,7,5,0,0,0,17,200,2,200,200,200,200,200,200,200
390123,0,30,2,2,0,1,0,12,3,0,0,5,16,0,61,200,1,0,0,200,200
390123,0,30,2,2,0,1,0,12,3,0,0,5,16,1,42,0,0,0,0,200,200
390123,1,30,2,2,0,1,0,12,3,0,0,5,16,1,58,0,200,200,200,200,200
390123,1,30,2,2,0,1,0,12,3,0,0,5,16,0,11,0,200,200,200,200,200
390123,1,30,2,2,0,1,0,12,3,0,0,5,16,0,5,0,200,200,200,200,200
390123,1,30,2,2,0,1,0,12,3,0,0,5,16,0,24,0,200,200,200,200,200
390123,1,30,2,2,0,1,0,12,3,0,0,5,16,0,200,0,200,200,200,200,200
390123,1,30,2,2,0,1,0,12,3,0,0,5,16,1,200,0,200,200,200,200,200
390135,0,30,0,200,0,1,14,7,0,0,0,10,200,0,200,200,9,200,200,200,200
390135,0,30,0,200,0,1,14,7,0,0,0,10,200,0,200,0,0,12,0,200,200
390138,0,30,0,0,200,200,7,5,0,0,0,0,200,2,200,200,200,200,200,200,200
390145,0,30,1,2,0,2,14,1,0,0,0,11,200,0,70,0,6,0,0,200,200
390145,0,30,1,2,0,2,14,1,0,0,0,11,200,0,52,0,0,0,0,200,200
390147,0,30,0,0,0,1,5,5,0,0,0,0,200,1,59,0,0,0,0,200,200
390147,0,30,0,0,0,1,5,5,0,0,0,0,200,1,46,0,0,0,0,200,200
390147,1,30,0,0,0,1,5,5,0,0,0,0,200,0,28,0,200,200,200,200,200
390154,0,30,1,2,0,1,10,2,0,0,0,18,17,1,18,0,1,0,0,200,200
390154,0,30,1,2,0,1,10,2,0,0,0,18,17,1,31,0,0,0,0,200,200
390157,0,30,1,2,0,1,14,3,0,0,0,23,0,1,48,0,7,0,0,200,200
390157,0,30,1,2,0,1,14,3,0,0,0,23,0,1,51,0,0,0,0,200,200
390157,1,30,1,2,0,1,14,3,0,0,0,23,0,1,44,0,200,200,200,200,200
390157,1,30,1,2,0,1,14,3,0,0,0,23,0,0,57,0,200,200,200,200,200
390157,1,30,1,2,0,1,14,3,0,0,0,23,0,0,15,0,200,200,200,200,200
390158,0,30,0,0,0,1,12,3,0,0,0,0,0,1,200,200,200,200,200,200,200
390158,0,30,0,0,0,1,12,3,0,0,0,0,0,1,52,0,200,0,0,200,200
390160,0,30,0,0,0,3,7,6,0,0,200,0,20,0,200,200,200,200,200,200,200
390166,0,30,2,2,0,1,0,5,0,0,0,17,200,1,16,0,1,0,0,200,200
390166,0,30,2,2,0,1,0,5,0,0,0,17,200,0,31,200,200,0,0,200,200
390167,0,30,0,0,0,1,7,6,0,0,0,25,200,0,200,200,12,200,200,200,200
390167,1,30,0,0,0,1,7,6,0,0,0,25,200,2,200,200,200,200,200,200,200
390167,1,30,0,0,0,1,7,6,0,0,0,25,200,2,200,200,200,200,200,200,200
390167,1,30,0,0,0,1,7,6,0,0,0,25,200,2,200,200,200,200,200,200,200
390171,0,30,0,0,0,1,12,5,0,0,0,21,0,0,62,0,4,200,0,200,200
390171,0,30,0,0,0,1,12,5,0,0,0,21,0,0,56,0,1,200,0,200,200
390172,0,0,0,0,0,1,10,7,0,0,0,0,0,1,200,200,6,200,200,200,200
390172,0,0,0,0,0,1,10,7,0,0,0,0,0,0,19,0,0,0,0,200,200
390175,0,30,0,0,0,1,10,2,0,0,0,18,200,0,49,200,3,0,0,200,200
390175,0,30,0,0,0,1,10,2,0,0,0,18,200,0,27,7,0,0,0,200,200
390175,0,30,0,0,0,1,10,2,0,0,0,18,200,0,20,200,0,0,0,200,200
390175,1,30,0,0,0,1,10,2,0,0,0,18,200,1,200,200,200,200,200,200,200
390183,0,30,0,0,200,200,7,6,0,200,0,20,200,1,200,200,6,200,200,200,200
390184,0,30,1,2,0,1,10,5,0,200,200,18,18,0,38,200,3,200,200,200,200
390184,0,30,1,2,0,1,10,5,0,200,200,18,18,1,25,0,12,200,0,200,200
390184,0,30,1,2,0,1,10,5,0,200,200,18,18,0,27,0,12,200,0,200,200
390184,1,30,1,2,0,1,10,5,0,200,200,18,18,1,29,0,200,200,200,200,200
390191,0,20,0,0,0,1,7,5,0,0,0,0,0,2,200,200,200,200,200,200,200
390192,0,30,0,0,0,1,7,6,0,0,0,200,200,2,200,200,200,200,200,200,200
390194,0,30,1,2,0,1,0,3,0,0,0,0,0,0,28,0,200,0,0,200,200
390194,0,30,1,2,0,1,0,3,0,0,0,0,0,0,49,0,200,0,0,200,200
390194,1,30,1,2,0,1,0,3,0,0,0,0,0,1,25,0,200,200,200,200,200
390194,1,30,1,2,0,1,0,3,0,0,0,0,0,1,5,0,200,200,200,200,200
390194,1,30,1,2,0,1,0,3,0,0,0,0,0,1,9,0,200,200,200,200,200
390194,1,30,1,2,0,1,0,3,0,0,0,0,0,0,11,0,200,200,200,200,200
390194,1,30,1,2,0,1,0,3,0,0,0,0,0,1,49,0,200,200,200,200,200
390194,1,30,1,2,0,1,0,3,0,0,0,0,0,0,13,0,200,200,200,200,200
390196,0,30,2,0,0,1,0,5,0,0,0,17,200,1,54,200,1,0,0,200,200
390196,0,30,2,0,0,1,0,5,0,0,0,17,200,1,40,200,0,0,0,200,200
390199,0,30,0,0,0,1,2,0,0,0,0,16,200,0,81,200,8,0,0,200,200
390199,1,30,0,0,0,1,2,0,0,0,0,16,200,1,81,200,200,200,200,200,200
390201,0,30,0,0,0,0,10,2,0,0,0,0,0,0,200,200,200,200,200,200,200
390201,0,30,0,0,0,0,10,2,0,0,0,0,0,1,33,0,0,0,200,200,200
390201,1,30,0,0,0,0,10,2,0,0,0,0,0,0,7,0,200,200,200,200,200
390204,0,5,0,0,0,1,7,7,0,0,0,0,0,0,200,0,0,0,0,200,200
390204,1,5,0,0,0,1,7,7,0,0,0,0,0,0,200,0,200,200,200,200,200
390207,0,30,0,0,0,1,0,5,0,0,0,17,16,0,24,1,1,0,0,200,200
390207,0,30,0,0,0,1,0,5,0,0,0,17,16,0,0,0,0,0,0,200,200
390207,1,30,0,0,0,1,0,5,0,0,0,17,16,1,200,0,200,200,200,200,200
390210,0,30,1,2,0,1,12,5,0,0,0,17,22,0,200,200,4,200,200,200,200
390210,0,30,1,2,0,1,12,5,0,0,0,17,22,1,38,0,0,0,0,200,200
390210,1,30,1,2,0,1,12,5,0,0,0,17,22,1,200,5,200,200,200,200,200
390210,1,30,1,2,0,1,12,5,0,0,0,17,22,1,200,5,200,200,200,200,200
390211,0,20,0,0,0,1,11,5,0,0,0,12,25,2,200,200,12,200,200,200,200
390211,0,20,0,0,0,1,11,5,0,0,0,12,25,0,27,0,0,0,0,200,200
390212,0,30,1,2,0,1,12,5,0,0,0,17,200,1,200,200,4,200,200,200,200
390212,0,30,1,2,0,1,12,5,0,0,0,17,200,0,31,0,0,0,0,200,200
390214,0,30,1,2,0,1,12,3,0,0,0,0,0,0,38,200,7,200,200,200,200
390214,0,30,1,2,0,1,12,3,0,0,0,0,0,0,53,200,200,200,0,200,200
390230,0,30,1,2,0,1,0,5,0,0,0,6,6,0,58,0,5,0,0,200,200
390230,0,30,1,2,0,1,0,5,0,0,0,6,6,0,49,0,0,0,0,200,200
390230,1,30,1,2,0,1,0,5,0,0,0,6,6,1,22,0,200,200,200,200,200
390230,1,30,1,2,0,1,0,5,0,0,0,6,6,1,51,0,200,200,200,200,200
390230,1,30,1,2,0,1,0,5,0,0,0,6,6,1,24,0,200,200,200,200,200
390235,0,30,3,2,0,1,7,5,0,0,0,0,0,1,200,200,12,200,200,200,200
390254,0,30,1,2,0,1,10,2,0,0,0,7,200,1,23,0,12,0,0,200,200
390254,0,30,1,2,0,1,10,2,0,0,0,7,200,1,26,0,0,0,0,200,200
390254,0,30,1,2,0,1,10,2,0,0,0,7,200,0,35,0,0,0,0,200,200
390257,0,30,0,0,0,4,10,5,0,0,0,200,200,2,200,200,0,200,200,200,200
390257,0,30,0,0,0,4,10,5,0,0,0,200,200,0,22,0,0,0,0,200,200
390258,0,30,0,0,0,1,7,7,0,0,0,17,16,1,27,200,10,200,0,200,200
390258,1,30,0,0,0,1,7,7,0,0,0,17,16,1,200,1,200,200,200,200,200
390259,0,30,2,2,0,1,0,4,0,0,0,17,0,0,30,200,1,0,0,200,200
390259,0,30,2,2,0,1,0,4,0,0,0,17,0,0,34,2,0,0,0,200,200
390261,0,30,0,0,0,1,7,6,0,0,0,0,0,2,200,200,200,200,200,200,200
390264,0,30,1,2,0,3,10,5,0,0,0,18,0,1,39,200,3,200,200,200,200
390264,0,30,1,2,0,3,10,5,0,0,0,18,0,1,36,200,0,0,0,200,200
390264,1,30,1,2,0,3,10,5,0,0,0,18,0,0,200,200,200,200,200,200,200
390264,1,30,1,2,0,3,10,5,0,0,0,18,0,1,200,200,200,200,200,200,200
390264,1,30,1,2,0,3,10,5,0,0,0,18,0,2,200,200,200,200,200,200,200
390264,1,30,1,2,0,3,10,5,0,0,0,18,0,2,200,200,200,200,200,200,200
390267,0,30,1,2,0,1,10,5,0,0,200,11,200,0,200,200,1,200,200,200,200
390267,0,30,1,2,0,1,10,5,0,0,200,11,200,1,27,0,0,0,0,200,200
390270,0,25,0,0,0,1,7,5,0,0,0,0,0,2,200,200,0,200,200,200,200
390271,0,30,0,0,0,1,7,7,0,0,200,0,0,2,200,200,200,200,200,200,200
390273,0,35,1,2,0,1,10,6,0,0,0,18,200,1,48,0,0,0,0,200,200
390273,0,35,1,2,0,1,10,6,0,0,0,18,200,0,200,200,3,200,200,200,200
390273,1,35,1,2,0,1,10,6,0,0,0,18,200,1,200,200,200,200,200,200,200
390277,0,30,0,0,0,1,7,5,0,0,0,0,200,0,32,200,200,200,200,200,200
390282,0,30,200,200,200,1,7,7,0,200,200,0,0,2,200,200,200,200,200,200,200
390283,0,30,1,2,0,1,14,5,1,0,0,23,0,0,69,0,7,200,0,200,200
390283,0,30,1,2,0,1,14,5,1,0,0,23,0,1,17,0,0,0,0,200,200
390284,0,30,0,0,0,1,8,3,0,0,0,13,13,0,27,0,12,0,0,200,200
390284,4,30,0,0,0,1,8,3,0,0,0,13,13,0,48,7,12,0,200,200,200
390286,0,20,0,0,0,0,7,5,0,0,200,0,0,1,200,200,200,200,200,200,200
390295,0,30,1,2,0,3,10,5,0,0,0,0,0,0,200,200,4,200,200,200,200
390295,0,30,1,2,0,3,10,5,0,0,0,0,0,0,50,0,0,0,0,200,200
390300,0,0,0,0,0,1,12,6,0,0,0,0,0,0,45,200,200,200,0,200,200
390300,0,0,0,0,0,1,12,6,0,0,0,0,0,1,46,200,0,0,0,200,200
390302,0,30,2,2,0,1,14,5,0,0,0,23,17,1,41,200,7,200,0,200,200
390302,0,30,2,2,0,1,14,5,0,0,0,23,17,0,29,0,0,0,0,200,200
390304,0,35,1,2,0,1,14,12,0,0,0,6,3,0,47,0,5,0,0,200,200
390304,0,35,1,2,0,1,14,12,0,0,0,6,3,0,18,0,12,0,0,200,200
390307,0,30,0,0,0,1,14,2,0,0,0,23,11,1,78,0,4,0,0,200,200
390307,0,30,0,0,0,1,14,2,0,0,0,23,11,0,42,0,0,0,0,200,200
390310,0,30,0,0,0,1,7,2,0,0,0,0,0,2,200,200,200,200,200,200,200
390311,0,30,2,2,0,1,12,6,0,0,0,0,200,1,200,200,200,200,200,200,200
390311,0,30,2,2,0,1,12,6,0,0,0,0,200,0,37,0,0,0,0,200,200
390311,1,30,2,2,0,1,12,6,0,0,0,0,200,1,27,0,200,200,200,200,200
390311,1,30,2,2,0,1,12,6,0,0,0,0,200,0,3,5,200,200,200,200,200
390311,1,30,2,2,0,1,12,6,0,0,0,0,200,1,4,5,200,200,200,200,200
390311,1,30,2,2,0,1,12,6,0,0,0,0,200,0,34,0,200,200,200,200,200
390312,0,30,0,0,0,1,7,7,0,0,0,200,200,1,200,200,200,200,200,200,200
390314,0,30,2,2,0,1,0,5,0,0,0,0,200,0,58,200,5,0,200,200,200
390314,0,30,2,2,0,1,0,5,0,0,0,0,200,1,29,0,0,0,0,200,200
390319,0,30,0,0,0,1,12,5,0,200,200,0,200,1,41,200,4,0,0,200,200
390319,0,30,0,0,0,1,12,5,0,200,200,0,200,1,20,200,0,0,0,200,200
390319,1,30,0,0,0,1,12,5,0,200,200,0,200,0,12,200,200,200,200,200,200
390319,1,30,0,0,0,1,12,5,0,200,200,0,200,1,43,200,200,200,200,200,200
390319,1,30,0,0,0,1,12,5,0,200,200,0,200,1,56,200,200,200,200,200,200
390325,0,15,0,0,0,1,7,7,0,0,0,23,16,1,200,200,7,200,200,200,200
390325,1,15,0,0,0,1,7,7,0,0,0,23,16,0,200,0,200,200,200,200,200
390325,1,15,0,0,0,1,7,7,0,0,0,23,16,0,200,5,200,200,200,200,200
390326,0,30,0,0,0,1,7,2,0,0,0,0,0,0,52,0,200,0,0,200,200
390326,1,30,0,0,0,1,7,2,0,0,0,0,0,200,200,200,200,200,200,200,200
390326,1,30,0,0,0,1,7,2,0,0,0,0,0,200,200,200,200,200,200,200,200
390326,1,30,0,0,0,1,7,2,0,0,0,0,0,200,200,200,200,200,200,200,200
390326,1,30,0,0,0,1,7,2,0,0,0,0,0,200,200,200,200,200,200,200,200
390326,1,30,0,0,0,1,7,2,0,0,0,0,0,200,200,200,200,200,200,200,200
390326,1,30,0,0,0,1,7,2,0,0,0,0,0,200,200,200,200,200,200,200,200
390326,1,30,0,0,0,1,7,2,0,0,0,0,0,200,200,200,200,200,200,200,200
390329,0,30,1,2,0,1,9,5,0,0,0,16,6,0,56,0,5,0,0,200,200
390329,5,30,1,2,0,1,9,5,0,0,0,16,6,0,27,7,0,0,0,200,200
390331,0,30,0,0,0,1,14,5,0,0,0,23,200,0,22,200,7,200,0,200,200
390331,0,30,0,0,0,1,14,5,0,0,0,23,200,0,31,0,0,200,0,200,200
390331,1,30,0,0,0,1,14,5,0,0,0,23,200,1,31,200,200,200,200,200,200
390331,1,30,0,0,0,1,14,5,0,0,0,23,200,1,2,200,200,200,200,200,200
390335,0,30,2,2,0,1,10,2,0,0,0,16,200,2,200,200,5,200,200,200,200
390335,0,30,2,2,0,1,10,2,0,0,0,16,200,1,35,0,0,0,0,200,200
390340,0,30,1,2,0,1,8,6,0,0,0,17,16,1,68,200,1,200,0,200,200
390340,4,30,1,2,0,1,8,6,0,0,0,17,16,0,11,200,0,200,0,200,200
390341,0,0,0,0,0,1,7,7,0,0,0,20,0,0,48,200,6,200,0,200,200
390348,0,30,1,2,0,1,14,5,0,0,200,0,200,1,41,200,1,200,200,200,200
390348,0,30,1,2,0,1,14,5,0,0,200,0,200,0,50,0,12,0,0,200,200
390351,0,30,1,2,0,1,10,2,0,0,0,0,0,0,24,0,200,200,0,200,200
390351,0,30,1,2,0,1,10,2,0,0,0,0,0,0,32,0,200,200,0,200,200
390356,0,30,0,0,0,0,10,5,0,0,0,17,0,1,36,0,1,0,0,200,200
390356,0,30,0,0,0,0,10,5,0,0,0,17,0,0,200,200,0,200,200,200,200
390368,0,30,0,0,0,1,10,2,0,0,0,7,16,0,21,200,12,12,0,200,200
390368,0,30,0,0,0,1,10,2,0,0,0,7,16,1,58,200,0,0,0,200,200
390368,1,30,0,0,0,1,10,2,0,0,0,7,16,0,200,200,200,200,200,200,200
390370,0,30,0,0,0,1,10,5,0,0,0,16,200,0,34,0,12,200,0,200,200
390370,0,30,0,0,0,1,10,5,0,0,0,16,200,1,28,0,0,200,0,200,200
390370,0,30,0,0,0,1,10,5,0,0,0,16,200,1,26,0,0,200,0,200,200
390370,0,30,0,0,0,1,10,5,0,0,0,16,200,0,54,0,0,200,0,200,200
390381,0,0,0,0,0,1,7,7,0,0,0,0,200,2,200,200,200,200,200,200,200
390383,0,30,1,0,0,1,10,5,0,0,0,18,200,0,26,0,3,0,0,200,200
390383,0,30,1,0,0,1,10,5,0,0,0,18,200,0,36,0,0,0,0,200,200
390383,1,30,1,0,0,1,10,5,0,0,0,18,200,0,61,0,200,200,200,200,200
390383,1,30,1,0,0,1,10,5,0,0,0,18,200,1,200,7,200,200,200,200,200
390385,0,10,0,0,0,1,7,7,0,0,200,0,0,1,73,0,10,200,0,200,200
390385,1,10,0,0,0,1,7,7,0,0,200,0,0,0,14,0,200,200,200,200,200
390387,0,0,0,0,0,1,0,7,0,200,200,0,0,1,37,200,200,200,200,200,200
390387,0,0,0,0,0,1,0,7,0,200,200,0,0,0,42,0,0,0,0,200,200
390390,0,30,1,2,0,1,10,3,0,0,0,18,0,2,200,200,3,200,200,200,200
390390,0,30,1,2,0,1,10,3,0,0,0,18,0,1,17,0,0,0,0,200,200
390391,0,30,0,0,0,1,10,3,0,0,0,18,18,0,200,200,3,200,200,200,200
390391,0,30,0,0,0,1,10,3,0,0,0,18,18,1,27,0,0,0,0,200,200
390391,1,30,0,0,0,1,10,3,0,0,0,18,18,0,200,200,200,200,200,200,200
390391,1,30,0,0,0,1,10,3,0,0,0,18,18,0,200,200,200,200,200,200,200
390392,0,30,1,2,0,1,14,5,0,0,0,0,0,1,39,0,0,0,0,200,200
390392,0,30,1,2,0,1,14,5,0,0,0,0,0,0,26,0,0,0,0,200,200
390394,0,0,0,0,0,4,12,2,0,0,0,0,0,0,85,200,200,0,0,200,200
390396,0,30,0,0,0,1,10,5,0,0,0,18,200,0,50,200,1,0,3,200,200
390396,0,30,0,0,0,1,10,5,0,0,0,18,200,1,46,200,0,0,0,200,200
390396,1,30,0,0,0,1,10,5,0,0,0,18,200,1,77,200,200,200,200,200,200
390402,0,15,0,0,0,1,2,0,0,0,0,0,0,2,200,200,200,200,200,200,200
390402,3,15,0,0,0,1,2,0,0,0,0,0,0,0,73,200,12,12,12,200,200
390407,0,30,4,0,0,1,10,2,0,0,0,18,18,0,200,200,3,0,0,200,200
390407,0,30,4,0,0,1,10,2,0,0,0,18,18,1,53,0,0,0,0,200,200
390409,0,30,0,0,0,1,10,7,0,0,0,0,0,1,200,200,200,200,200,200,200
390409,0,30,0,0,0,1,10,7,0,0,0,0,0,0,70,0,0,0,0,200,200
390412,0,30,0,0,0,1,10,5,0,0,0,18,0,0,200,200,200,200,200,200,200
390412,0,30,0,0,0,1,10,5,0,0,0,18,0,0,58,200,200,0,0,200,200
390426,0,30,1,2,0,1,10,5,0,0,0,0,0,0,200,0,3,0,0,200,200
390426,0,30,1,2,0,1,10,5,0,0,0,0,0,0,200,0,0,0,0,200,200
390427,0,30,1,2,0,1,10,5,0,0,0,0,0,1,200,200,3,0,0,200,200
390427,0,30,1,2,0,1,10,5,0,0,0,0,0,0,32,200,0,0,0,200,200
390429,0,30,1,1,0,1,12,5,0,0,0,22,200,0,23,0,2,0,0,200,200
390429,0,30,1,1,0,1,12,5,0,0,0,22,200,1,51,0,0,0,0,200,200
390429,1,30,1,1,0,1,12,5,0,0,0,22,200,1,59,0,200,200,200,200,200
390429,1,30,1,1,0,1,12,5,0,0,0,22,200,0,8,200,200,200,200,200,200
390429,1,30,1,1,0,1,12,5,0,0,0,22,200,1,6,200,200,200,200,200,200
390429,1,30,1,1,0,1,12,5,0,0,0,22,200,1,65,200,200,200,200,200,200
390431,0,30,0,0,0,1,10,7,0,0,0,200,200,0,18,0,0,0,0,200,200
390431,0,30,0,0,0,1,10,7,0,0,0,200,200,1,36,0,0,0,0,200,200
390433,0,30,2,2,0,1,10,6,0,0,200,0,200,0,41,200,200,200,200,200,200
390433,0,30,2,2,0,1,10,6,0,0,200,0,200,0,45,200,200,200,0,200,200
390436,0,30,1,2,0,3,14,3,0,0,0,17,0,1,51,0,1,0,0,200,200
390436,0,30,1,2,0,3,14,3,0,0,0,17,0,0,59,0,0,0,0,200,200
390436,1,30,1,2,0,3,14,3,0,0,0,17,0,0,37,0,200,200,200,200,200
390436,1,30,1,2,0,3,14,3,0,0,0,17,0,0,200,0,200,200,200,200,200
390440,0,30,0,0,0,1,2,5,0,0,0,0,0,0,36,200,1,200,0,200,200
390440,1,30,0,0,0,1,2,5,0,0,0,0,0,1,200,200,200,200,200,200,200
390444,0,15,200,200,0,0,10,5,0,0,0,0,0,0,60,200,3,0,0,200,200
390444,0,15,200,200,0,0,10,5,0,0,0,0,0,0,26,200,0,0,0,200,200
390445,0,30,0,0,0,1,12,2,0,200,200,17,17,1,200,200,1,200,200,200,200
390445,0,30,0,0,0,1,12,2,0,200,200,17,17,1,48,0,12,200,0,200,200
390445,1,30,0,0,0,1,12,2,0,200,200,17,17,1,13,0,200,200,200,200,200
390447,0,20,0,0,0,1,8,5,0,0,0,17,0,0,74,0,1,0,1,200,200
390447,4,20,0,0,0,1,8,5,0,0,0,17,0,0,11,2,0,0,7,200,200
390451,0,45,0,0,0,3,10,3,3,200,200,0,200,2,200,200,1,200,200,200,200
390451,0,45,0,0,0,3,10,3,3,200,200,0,200,1,27,0,0,200,0,200,200
390460,0,0,2,2,0,1,10,2,0,0,0,18,0,0,200,200,3,200,200,200,200
390460,0,0,2,2,0,1,10,2,0,0,0,18,0,0,36,200,0,0,0,200,200
390461,0,35,0,0,0,1,7,2,0,0,0,0,27,2,200,200,200,200,200,200,200
390462,0,30,2,2,0,1,0,5,0,0,0,12,12,1,46,0,1,200,0,200,200
390462,0,30,2,2,0,1,0,5,0,0,0,12,12,0,25,0,12,200,0,200,200
390462,1,30,2,2,0,1,0,5,0,0,0,12,12,1,8,0,200,200,200,200,200
390468,0,30,1,200,200,200,14,5,0,200,200,0,0,1,0,200,7,200,200,200,200
390468,0,30,1,200,200,200,14,5,0,200,200,0,0,1,47,0,0,0,0,200,200
390468,1,30,1,200,200,200,14,5,0,200,200,0,0,1,200,200,200,200,200,200,200
390470,0,30,2,2,0,1,0,2,0,0,0,17,16,0,22,0,1,0,0,200,200
390470,0,30,2,2,0,1,0,2,0,0,0,17,16,0,27,0,0,0,0,200,200
390476,0,30,0,0,200,200,7,5,0,200,0,0,200,2,200,200,200,200,200,200,200
390480,0,30,0,0,0,0,14,5,0,0,0,17,200,0,38,200,1,200,200,200,200
390480,0,30,0,0,0,0,14,5,0,0,0,17,200,0,58,0,0,0,0,200,200
390486,0,20,0,0,0,1,10,6,0,0,0,20,200,2,200,200,6,200,200,200,200
390486,0,20,0,0,0,1,10,6,0,0,0,20,200,0,30,200,0,200,0,200,200
390491,0,15,0,0,0,1,7,7,0,0,0,0,0,1,200,200,6,200,200,200,200
390491,1,15,0,0,0,1,7,7,0,0,0,0,0,0,57,200,200,200,200,200,200
390498,0,30,1,2,0,1,10,5,0,0,0,18,200,0,26,200,3,0,0,200,200
390498,0,30,1,2,0,1,10,5,0,0,0,18,200,0,32,0,0,0,0,200,200
390498,1,30,1,2,0,1,10,5,0,0,0,18,200,0,200,200,200,200,200,200,200
390498,1,30,1,2,0,1,10,5,0,0,0,18,200,0,200,200,200,200,200,200,200
390501,0,30,0,0,0,1,7,3,0,0,0,11,11,0,51,200,200,0,0,200,200
390505,0,30,1,2,0,1,10,5,0,0,0,18,200,1,23,200,3,0,0,200,200
390505,0,30,1,2,0,1,10,5,0,0,0,18,200,1,46,0,0,0,0,200,200
390508,0,15,0,0,0,1,10,7,0,0,0,17,0,1,31,200,1,200,0,200,200
390508,0,15,0,0,0,1,10,7,0,0,0,17,0,0,71,0,0,0,0,200,200
390511,0,30,0,0,0,1,10,5,0,0,0,18,7,0,47,0,3,0,0,200,200
390511,0,30,0,0,0,1,10,5,0,0,0,18,7,0,34,0,0,0,0,200,200
390513,0,10,0,0,0,1,7,7,0,200,200,20,20,0,60,0,6,200,0,200,200
390517,0,25,0,0,0,1,7,5,0,0,0,0,0,1,200,200,12,200,200,200,200
390520,0,35,0,0,0,1,14,3,0,0,0,17,33,1,32,0,7,1,0,200,200
390520,0,35,0,0,0,1,14,3,0,0,0,17,33,1,65,0,0,0,0,200,200