RD_NO,PERSON_TYPE,POSTED_SPEED_LIMIT,TRAFFIC_CONTROL_DEVICE,DEVICE_CONDITION,WEATHER_CONDITION,LIGHTING_CONDITION,FIRST_CRASH_TYPE,TRAFFICWAY_TYPE,ALIGNMENT,ROADWAY_SURFACE_COND,ROAD_DEFECT,PRIM_CONTRIBUTORY_CAUSE,SEC_CONTRIBUTORY_CAUSE,SEX,AGE,SAFETY_EQUIPMENT,DRIVER_ACTION,DRIVER_VISION,PHYSICAL_CONDITION,BAC_RESULT VALUE,CELL_PHONE_USE
390524,0,15,0,0,0,1,14,7,0,0,0,0,200,0,200,200,200,200,200,200,200
390524,0,15,0,0,0,1,14,7,0,0,0,0,200,0,31,0,0,0,0,200,200
390524,1,15,0,0,0,1,14,7,0,0,0,0,200,1,200,200,200,200,200,200,200
390524,1,15,0,0,0,1,14,7,0,0,0,0,200,1,200,200,200,200,200,200,200
390528,0,30,0,0,0,1,10,5,0,0,0,18,0,0,22,0,3,0,0,200,200
390528,0,30,0,0,0,1,10,5,0,0,0,18,0,0,28,0,0,0,0,200,200
390530,0,30,1,2,0,1,14,3,0,0,0,17,23,0,36,200,7,0,0,200,200
390530,0,30,1,2,0,1,14,3,0,0,0,17,23,1,26,200,0,0,0,200,200
390530,1,30,1,2,0,1,14,3,0,0,0,17,23,1,29,200,200,200,200,200,200
390530,1,30,1,2,0,1,14,3,0,0,0,17,23,0,66,200,200,200,200,200,200
390530,1,30,1,2,0,1,14,3,0,0,0,17,23,0,2,200,200,200,200,200,200
390530,1,30,1,2,0,1,14,3,0,0,0,17,23,0,6,200,200,200,200,200,200
390530,1,30,1,2,0,1,14,3,0,0,0,17,23,0,4,200,200,200,200,200,200
390530,1,30,1,2,0,1,14,3,0,0,0,17,23,1,1,200,200,200,200,200,200
390535,0,30,0,0,0,1,12,5,0,0,0,23,200,1,23,0,1,0,0,200,200
390535,0,30,0,0,0,1,12,5,0,0,0,23,200,1,27,0,0,0,0,200,200
390540,0,25,2,2,0,1,14,6,0,0,0,18,10,0,200,200,3,200,200,200,200
390540,0,25,2,2,0,1,14,6,0,0,0,18,10,1,39,200,0,0,0,200,200
390545,0,30,1,2,0,1,9,2,0,0,0,17,0,0,31,200,1,0,0,200,200
390545,5,30,1,2,0,1,9,2,0,0,0,17,0,0,66,7,0,0,0,200,200
390545,1,30,1,2,0,1,9,2,0,0,0,17,0,1,25,200,200,200,200,200,200
390545,1,30,1,2,0,1,9,2,0,0,0,17,0,1,2,5,200,200,200,200,200
390547,0,45,0,0,0,1,10,3,0,0,200,18,0,0,31,200,3,0,0,200,200
390547,0,45,0,0,0,1,10,3,0,0,200,18,0,0,38,0,0,0,0,200,200
390547,1,45,0,0,0,1,10,3,0,0,200,18,0,1,51,0,200,200,200,200,200
390550,0,30,1,2,0,1,2,5,0,0,0,16,11,0,37,200,7,0,0,200,200
390551,0,30,0,0,2,1,12,6,0,0,0,17,16,1,200,200,1,0,0,200,200
390551,0,30,0,0,2,1,12,6,0,0,0,17,16,0,200,0,0,0,0,200,200
390555,0,30,200,200,0,1,10,5,2,0,0,25,25,2,200,200,13,200,200,200,200
390555,0,30,200,200,0,1,10,5,2,0,0,25,25,1,44,200,0,0,0,200,200
390555,0,30,200,200,0,1,10,5,2,0,0,25,25,1,40,200,0,0,0,200,200
390555,0,30,200,200,0,1,10,5,2,0,0,25,25,0,60,0,0,0,0,200,200
390558,0,30,0,0,0,1,7,7,0,0,0,11,200,2,200,200,200,200,200,200,200
390559,0,0,2,2,0,1,10,5,0,0,0,0,0,0,22,200,200,200,0,200,200
390559,0,0,2,2,0,1,10,5,0,0,0,0,0,1,66,200,0,0,0,200,200
390560,0,30,12,0,0,1,9,2,0,0,0,17,200,0,34,200,6,0,0,200,200
390560,5,30,12,0,0,1,9,2,0,0,0,17,200,0,36,7,0,12,0,200,200
390567,0,30,0,0,0,1,2,3,0,0,0,13,13,0,53,7,12,12,0,200,200
390576,0,20,0,0,0,1,7,6,0,0,0,0,0,0,35,0,12,200,0,200,200
390577,0,30,1,2,0,1,14,5,0,0,0,23,200,0,18,0,7,0,0,200,200
390577,0,30,1,2,0,1,14,5,0,0,0,23,200,0,29,0,0,0,0,200,200
390577,1,30,1,2,0,1,14,5,0,0,0,23,200,1,200,7,200,200,200,200,200
390577,1,30,1,2,0,1,14,5,0,0,0,23,200,0,200,7,200,200,200,200,200
390577,1,30,1,2,0,1,14,5,0,0,0,23,200,1,200,7,200,200,200,200,200
390579,0,30,2,2,0,1,8,5,0,0,0,17,200,0,31,0,1,1,0,200,200
390579,4,30,2,2,0,1,8,5,0,0,0,17,200,0,22,7,0,0,0,200,200
390580,0,30,1,2,0,1,10,5,0,0,0,0,0,1,21,0,200,0,0,200,200
390580,0,30,1,2,0,1,10,5,0,0,0,0,0,0,47,0,0,0,0,200,200
390582,0,30,0,0,0,1,12,5,0,0,0,17,17,1,0,200,1,200,0,200,200
390582,0,30,0,0,0,1,12,5,0,0,0,17,17,0,23,200,0,12,0,200,200
390583,0,35,0,0,0,1,7,5,0,0,0,0,0,2,200,200,200,200,200,200,200
390595,0,20,1,2,0,1,10,2,0,0,200,18,18,0,200,200,3,200,200,200,200
390595,0,20,1,2,0,1,10,2,0,0,200,18,18,0,55,0,200,200,0,200,200
390600,0,35,1,2,0,1,0,2,0,0,0,17,0,0,19,0,1,200,200,200,200
390600,0,35,1,2,0,1,0,2,0,0,0,17,0,1,28,0,0,0,0,200,200
390601,0,30,0,0,0,200,7,2,0,0,200,200,200,2,200,200,200,200,200,200,200
390604,0,15,0,0,0,1,0,6,0,0,0,17,17,0,21,200,1,5,0,200,200
390604,0,15,0,0,0,1,0,6,0,0,0,17,17,1,35,200,0,0,0,200,200
390604,1,15,0,0,0,1,0,6,0,0,0,17,17,0,18,200,200,200,200,200,200
390606,0,30,0,0,0,4,12,5,0,0,0,17,200,0,19,0,1,0,0,200,200
390606,0,30,0,0,0,4,12,5,0,0,0,17,200,0,23,0,0,0,0,200,200
390614,0,35,0,0,0,1,12,6,0,0,0,7,0,0,44,0,12,0,0,200,200
390614,0,35,0,0,0,1,12,6,0,0,0,7,0,1,35,0,0,0,0,200,200
390614,1,35,0,0,0,1,12,6,0,0,0,7,0,0,38,0,200,200,200,200,200
390614,1,35,0,0,0,1,12,6,0,0,0,7,0,1,0,5,200,200,200,200,200
390614,1,35,0,0,0,1,12,6,0,0,0,7,0,0,200,200,200,200,200,200,200
390614,1,35,0,0,0,1,12,6,0,0,0,7,0,1,200,200,200,200,200,200,200
390615,0,25,0,0,0,1,0,5,0,0,0,17,0,0,200,200,1,200,200,200,200
390615,0,25,0,0,0,1,0,5,0,0,0,17,0,1,31,0,0,0,0,200,200
390622,0,30,0,0,0,1,12,5,0,0,0,0,0,1,44,0,1,0,0,200,200
390622,0,30,0,0,0,1,12,5,0,0,0,0,0,1,33,7,0,0,0,200,200
390623,0,30,0,0,0,1,12,6,0,0,0,18,16,1,30,200,3,0,0,200,200
390623,0,30,0,0,0,1,12,6,0,0,0,18,16,0,200,200,0,0,0,200,200
390630,0,30,0,0,0,1,10,5,0,0,0,18,0,0,200,200,3,200,200,200,200
390630,0,30,0,0,0,1,10,5,0,0,0,18,0,0,18,0,0,0,0,200,200
390630,1,30,0,0,0,1,10,5,0,0,0,18,0,0,20,0,200,200,200,200,200
390630,1,30,0,0,0,1,10,5,0,0,0,18,0,0,22,0,200,200,200,200,200
390630,1,30,0,0,0,1,10,5,0,0,0,18,0,0,24,0,200,200,200,200,200
390630,1,30,0,0,0,1,10,5,0,0,0,18,0,0,22,0,200,200,200,200,200
390633,0,30,0,0,0,4,12,2,0,0,0,18,18,0,200,200,3,200,200,200,200
390633,0,30,0,0,0,4,12,2,0,0,0,18,18,0,46,0,0,0,0,200,200
390633,1,30,0,0,0,4,12,2,0,0,0,18,18,200,43,0,200,200,200,200,200
390633,1,30,0,0,0,4,12,2,0,0,0,18,18,0,17,0,200,200,200,200,200
390641,0,35,0,0,0,1,0,5,0,0,0,17,0,0,68,200,1,200,200,200,200
390641,0,35,0,0,0,1,0,5,0,0,0,17,0,0,46,0,0,0,0,200,200
390641,1,35,0,0,0,1,0,5,0,0,0,17,0,0,48,0,200,200,200,200,200
390647,0,30,0,0,0,1,7,6,0,0,0,0,200,2,200,200,200,200,200,200,200
390651,0,30,0,0,0,1,8,3,0,0,0,18,200,0,200,200,3,200,200,200,200
390651,4,30,0,0,0,1,8,3,0,0,0,18,200,1,28,3,0,0,0,200,200
390656,0,25,0,0,0,4,7,12,0,0,0,27,0,0,74,0,12,0,0,200,200
390657,0,25,1,2,0,1,10,5,0,0,0,18,16,1,0,200,1,0,0,200,200
390657,0,25,1,2,0,1,10,5,0,0,0,18,16,1,39,200,0,0,0,200,200
390657,1,25,1,2,0,1,10,5,0,0,0,18,16,1,39,200,200,200,200,200,200
390661,0,30,1,2,0,1,10,6,2,0,0,16,0,0,0,7,12,12,0,200,200
390661,0,30,1,2,0,1,10,6,2,0,0,16,0,0,41,200,0,0,0,200,200
390661,0,30,1,2,0,1,10,6,2,0,0,16,0,1,20,200,0,0,0,200,200
390661,1,30,1,2,0,1,10,6,2,0,0,16,0,1,39,200,200,200,200,200,200
390661,1,30,1,2,0,1,10,6,2,0,0,16,0,1,4,200,200,200,200,200,200
390661,1,30,1,2,0,1,10,6,2,0,0,16,0,0,21,200,200,200,200,200,200
390668,0,30,200,200,0,2,7,7,0,200,200,0,200,2,200,200,200,200,200,200,200
390673,0,30,2,2,0,1,14,5,0,0,0,22,25,0,200,200,200,200,200,200,200
390673,0,30,2,2,0,1,14,5,0,0,0,22,25,0,43,0,12,0,0,200,200
390674,0,30,0,0,0,1,12,5,0,0,0,0,200,0,22,200,4,200,200,200,200
390674,0,30,0,0,0,1,12,5,0,0,0,0,200,1,57,0,0,0,0,200,200
390677,0,30,1,2,0,1,12,5,0,0,0,22,200,2,200,200,2,200,200,200,200
390677,0,30,1,2,0,1,12,5,0,0,0,22,200,1,50,0,0,0,0,200,200
390677,1,30,1,2,0,1,12,5,0,0,0,22,200,1,200,200,200,200,200,200,200
390677,1,30,1,2,0,1,12,5,0,0,0,22,200,0,200,200,200,200,200,200,200
390679,0,30,2,2,0,1,10,5,0,0,0,18,0,1,57,0,12,0,0,200,200
390679,0,30,2,2,0,1,10,5,0,0,0,18,0,1,32,0,0,0,0,200,200
390679,1,30,2,2,0,1,10,5,0,0,0,18,0,0,35,0,200,200,200,200,200
390679,1,30,2,2,0,1,10,5,0,0,0,18,0,0,1,5,200,200,200,200,200
390679,1,30,2,2,0,1,10,5,0,0,0,18,0,1,7,0,200,200,200,200,200
390679,1,30,2,2,0,1,10,5,0,0,0,18,0,0,12,0,200,200,200,200,200
390680,0,0,0,0,0,1,10,7,0,0,200,0,0,1,75,0,15,200,200,200,200
390680,0,0,0,0,0,1,10,7,0,0,200,0,0,1,55,0,200,200,200,200,200
390681,0,20,1,2,0,1,10,2,0,0,200,18,18,0,200,200,200,200,200,200,200
390681,0,20,1,2,0,1,10,2,0,0,200,18,18,1,26,0,0,200,0,200,200
390685,0,30,2,2,0,3,14,2,0,0,0,21,16,0,200,0,4,0,0,200,200
390685,0,30,2,2,0,3,14,2,0,0,0,21,16,0,33,0,0,0,0,200,200
390692,0,35,1,2,0,1,10,2,0,0,0,18,17,0,48,0,3,0,0,200,200
390692,0,35,1,2,0,1,10,2,0,0,0,18,17,0,58,0,0,0,0,200,200
390692,0,35,1,2,0,1,10,2,0,0,0,18,17,1,39,0,0,0,0,200,200
390692,0,35,1,2,0,1,10,2,0,0,0,18,17,0,22,0,0,0,0,200,200
390692,1,35,1,2,0,1,10,2,0,0,0,18,17,1,51,0,200,200,200,200,200
390692,1,35,1,2,0,1,10,2,0,0,0,18,17,1,36,0,200,200,200,200,200
390692,1,35,1,2,0,1,10,2,0,0,0,18,17,0,14,0,200,200,200,200,200
390692,1,35,1,2,0,1,10,2,0,0,0,18,17,1,23,0,200,200,200,200,200
390692,1,35,1,2,0,1,10,2,0,0,0,18,17,0,1,5,200,200,200,200,200
390695,0,30,1,2,0,1,8,2,0,0,0,21,200,0,200,200,2,200,200,200,200
390695,4,30,1,2,0,1,8,2,0,0,0,21,200,0,34,200,200,0,200,200,200
390711,0,30,2,2,0,0,0,6,0,0,200,17,0,2,200,200,1,200,200,200,200
390711,0,30,2,2,0,0,0,6,0,0,200,17,0,1,33,0,0,0,0,200,200
390712,0,30,0,0,0,1,7,5,0,0,0,200,200,0,60,0,0,0,0,200,200
390726,0,30,2,2,0,3,14,5,0,0,0,17,21,0,200,200,1,200,200,200,200
390726,0,30,2,2,0,3,14,5,0,0,0,17,21,0,33,0,0,0,0,200,200
390726,1,30,2,2,0,3,14,5,0,0,0,17,21,1,35,0,200,200,200,200,200
390726,1,30,2,2,0,3,14,5,0,0,0,17,21,200,200,200,200,200,200,200,200
390728,0,30,1,2,0,4,10,5,0,0,0,18,0,0,200,200,3,200,200,200,200
390728,0,30,1,2,0,4,10,5,0,0,0,18,0,1,38,0,0,0,0,200,200
390728,0,30,1,2,0,4,10,5,0,0,0,18,0,0,36,0,0,0,0,200,200
390728,1,30,1,2,0,4,10,5,0,0,0,18,0,1,200,200,200,200,200,200,200
390728,1,30,1,2,0,4,10,5,0,0,0,18,0,1,40,0,200,200,200,200,200
390728,1,30,1,2,0,4,10,5,0,0,0,18,0,1,9,0,200,200,200,200,200
390728,1,30,1,2,0,4,10,5,0,0,0,18,0,1,62,0,200,200,200,200,200
390728,1,30,1,2,0,4,10,5,0,0,0,18,0,0,17,0,200,200,200,200,200
390728,1,30,1,2,0,4,10,5,0,0,0,18,0,0,15,0,200,200,200,200,200
390728,1,30,1,2,0,4,10,5,0,0,0,18,0,1,10,0,200,200,200,200,200
390728,1,30,1,2,0,4,10,5,0,0,0,18,0,1,6,0,200,200,200,200,200
390728,1,30,1,2,0,4,10,5,0,0,0,18,0,1,5,0,200,200,200,200,200
390734,0,30,0,0,0,1,7,5,0,0,0,20,200,2,200,200,6,200,200,200,200
390741,0,25,0,0,0,4,7,5,0,0,0,11,0,1,19,200,6,0,0,200,200
390742,0,15,0,0,0,3,7,7,0,0,0,16,200,2,200,200,200,200,200,200,200
390747,0,20,2,2,0,3,8,5,0,0,0,17,0,0,54,200,200,0,0,200,200
390747,4,20,2,2,0,3,8,5,0,0,0,17,0,1,57,200,1,200,200,200,200
390751,0,35,1,2,0,0,0,5,0,0,0,0,0,0,56,0,5,0,0,200,200
390751,0,35,1,2,0,0,0,5,0,0,0,0,0,1,61,0,0,0,0,200,200
390751,1,35,1,2,0,0,0,5,0,0,0,0,0,0,20,0,200,200,200,200,200
390755,0,25,0,0,0,1,12,5,0,0,0,22,25,2,200,200,13,200,200,200,200
390755,0,25,0,0,0,1,12,5,0,0,0,22,25,0,29,0,0,0,0,200,200
390759,0,30,2,2,0,3,7,6,0,0,0,0,0,2,200,200,200,200,200,200,200
390764,0,30,1,2,0,3,0,2,0,0,0,17,23,0,25,200,7,0,0,200,200
390764,0,30,1,2,0,3,0,2,0,0,0,17,23,0,47,200,0,0,0,200,200
390764,0,30,1,2,0,3,0,2,0,0,0,17,23,0,37,0,0,0,0,200,200
390769,0,30,0,0,0,4,7,6,0,0,0,12,0,0,29,0,12,0,0,200,200
390774,0,30,0,0,0,4,12,5,0,0,0,16,0,0,200,200,12,200,200,200,200
390774,0,30,0,0,0,4,12,5,0,0,0,16,0,1,46,0,0,0,0,200,200
390778,0,30,200,200,200,200,12,6,0,200,200,25,0,1,200,200,2,200,200,200,200
390778,0,30,200,200,200,200,12,6,0,200,200,25,0,0,32,0,0,200,200,200,200
390778,1,30,200,200,200,200,12,6,0,200,200,25,0,200,200,0,200,200,200,200,200
390778,1,30,200,200,200,200,12,6,0,200,200,25,0,200,200,0,200,200,200,200,200
390788,0,30,1,200,0,3,10,5,0,200,200,200,200,0,52,200,200,200,200,200,200
390788,0,30,1,200,0,3,10,5,0,200,200,200,200,1,44,200,0,200,0,200,200
390805,0,30,0,0,0,0,11,7,0,0,0,20,0,1,200,0,6,0,0,200,200
390805,0,30,0,0,0,0,11,7,0,0,0,20,0,1,30,0,0,0,0,200,200
390806,0,25,0,0,0,3,10,2,0,0,0,8,16,1,26,0,3,0,0,200,200
390806,0,25,0,0,0,3,10,2,0,0,0,8,16,1,27,0,0,0,0,200,200
390809,0,30,1,2,0,3,12,5,0,0,0,0,0,0,200,200,200,200,200,200,200
390809,0,30,1,2,0,3,12,5,0,0,0,0,0,1,34,0,200,0,0,200,200
390817,0,30,1,2,0,3,12,2,0,0,0,22,200,0,200,200,4,200,200,200,200
390817,0,30,1,2,0,3,12,2,0,0,0,22,200,0,47,200,0,0,200,200,200
390817,1,30,1,2,0,3,12,2,0,0,0,22,200,0,56,200,200,200,200,200,200
390820,0,30,0,0,0,3,7,6,0,0,0,16,200,2,200,200,8,200,200,200,200
390822,0,30,2,2,0,3,0,5,0,0,0,0,200,0,44,200,200,0,0,200,200
390822,0,30,2,2,0,3,0,5,0,0,0,0,200,0,70,200,200,0,0,200,200
390822,1,30,2,2,0,3,0,5,0,0,0,0,200,1,44,200,200,200,200,200,200
390822,1,30,2,2,0,3,0,5,0,0,0,0,200,1,4,5,200,200,200,200,200
390825,0,30,0,0,0,3,14,5,0,0,0,17,23,0,35,200,0,0,0,200,200
390825,0,30,0,0,0,3,14,5,0,0,0,17,23,0,200,200,1,200,200,200,200
390826,0,30,0,0,0,3,9,5,0,0,0,200,200,1,35,200,12,0,0,200,200
390826,5,30,0,0,0,3,9,5,0,0,0,200,200,0,51,7,12,0,0,200,200
390826,1,30,0,0,0,3,9,5,0,0,0,200,200,1,50,0,200,200,200,200,200
390829,0,30,0,0,0,3,7,5,0,0,0,21,200,0,17,200,8,0,0,200,200
390829,1,30,0,0,0,3,7,5,0,0,0,21,200,0,200,200,200,200,200,200,200
390838,0,35,0,0,0,3,11,12,0,0,200,0,200,2,200,200,200,200,200,200,200
390838,0,35,0,0,0,3,11,12,0,0,200,0,200,1,51,200,200,200,0,200,200
390842,0,30,1,2,0,3,14,2,0,0,0,17,16,0,28,200,1,0,0,200,200
390842,0,30,1,2,0,3,14,2,0,0,0,17,16,1,23,200,0,0,0,200,200
390842,1,30,1,2,0,3,14,2,0,0,0,17,16,1,57,200,200,200,200,200,200
390843,0,25,0,0,0,3,7,5,0,0,0,20,21,0,37,200,6,200,200,200,200
390846,0,30,0,0,0,3,7,6,0,0,0,0,11,1,25,0,7,200,0,200,200
390849,0,30,1,200,200,200,10,2,0,200,200,18,200,1,200,200,3,200,200,200,200
390849,0,30,1,200,200,200,10,2,0,200,200,18,200,0,24,200,0,200,200,200,200
390863,0,30,1,2,0,4,10,5,0,0,200,0,0,1,200,200,12,200,200,200,200
390863,0,30,1,2,0,4,10,5,0,0,200,0,0,1,20,0,12,0,0,200,200
390863,1,30,1,2,0,4,10,5,0,0,200,0,0,0,200,0,200,200,200,200,200
390863,1,30,1,2,0,4,10,5,0,0,200,0,0,1,200,5,200,200,200,200,200
390868,0,30,0,0,0,3,7,2,0,0,0,16,200,2,200,200,200,200,200,200,200
390887,0,30,0,0,0,3,10,3,0,0,0,7,18,1,25,0,3,0,0,200,200
390887,0,30,0,0,0,3,10,3,0,0,0,7,18,1,58,0,0,0,0,200,200
390889,0,30,0,0,0,3,7,5,0,0,0,10,200,2,200,200,9,200,200,200,200
390899,0,20,1,2,0,3,10,5,0,0,200,0,0,0,22,200,200,200,200,200,200
390899,0,20,1,2,0,3,10,5,0,0,200,0,0,1,24,0,0,200,0,200,200
390899,1,20,1,2,0,3,10,5,0,0,200,0,0,0,200,200,200,200,200,200,200
390899,1,20,1,2,0,3,10,5,0,0,200,0,0,0,200,200,200,200,200,200,200
390899,1,20,1,2,0,3,10,5,0,0,200,0,0,0,200,200,200,200,200,200,200
390899,1,20,1,2,0,3,10,5,0,0,200,0,0,1,200,0,200,200,200,200,200
390900,0,30,0,0,0,3,7,7,0,0,200,27,0,0,200,200,12,200,200,200,200
390903,0,30,1,2,0,3,14,1,0,0,0,23,200,2,200,200,7,200,200,200,200
390903,0,30,1,2,0,3,14,1,0,0,0,23,200,0,20,200,0,0,0,200,200
390910,0,30,0,0,0,3,7,6,0,0,0,0,200,2,200,200,200,200,200,200,200
390917,0,30,0,0,0,3,7,6,0,0,0,0,11,2,200,200,200,200,200,200,200
390920,0,30,1,2,0,3,14,2,0,0,0,16,17,0,27,0,1,1,0,200,200
390920,0,30,1,2,0,3,14,2,0,0,0,16,17,1,19,0,0,1,0,200,200
390926,0,30,1,2,0,2,9,3,0,0,0,200,0,2,200,200,200,200,200,200,200
390926,5,30,1,2,0,2,9,3,0,0,0,200,0,1,67,1,5,12,0,200,200
390928,0,30,1,2,0,3,14,2,3,0,3,11,11,1,82,200,7,200,200,200,200
390928,0,30,1,2,0,3,14,2,3,0,3,11,11,0,24,0,0,200,0,200,200
390934,0,30,1,2,0,3,0,5,0,0,0,6,5,0,19,0,5,0,0,200,200
390934,0,30,1,2,0,3,0,5,0,0,0,6,5,0,200,200,5,200,200,200,200
390934,1,30,1,2,0,3,0,5,0,0,0,6,5,1,19,0,200,200,200,200,200
390958,0,30,1,2,0,3,10,3,0,0,0,0,0,1,25,0,1,0,0,200,200
390958,0,30,1,2,0,3,10,3,0,0,0,0,0,0,39,0,0,0,0,200,200
390958,1,30,1,2,0,3,10,3,0,0,0,0,0,1,32,0,200,200,200,200,200
390963,0,35,0,0,0,3,0,200,0,0,0,200,200,0,52,200,0,0,0,200,200
390963,0,35,0,0,0,3,0,200,0,0,0,200,200,1,20,200,200,0,0,200,200
390968,0,30,0,0,0,3,7,6,0,0,0,0,200,2,200,200,200,200,200,200,200
390987,0,30,1,2,0,1,10,5,0,0,200,0,0,0,49,200,200,200,200,200,200
390987,0,30,1,2,0,1,10,5,0,0,200,0,0,0,34,0,0,200,0,200,200
390989,0,30,0,0,0,3,7,3,0,0,0,0,0,2,200,200,200,200,200,200,200
390992,0,40,0,0,0,3,10,3,0,0,0,16,19,0,28,0,8,0,5,200,200
390992,0,40,0,0,0,3,10,3,0,0,0,16,19,0,33,0,0,0,0,200,200
390992,1,40,0,0,0,3,10,3,0,0,0,16,19,1,17,0,200,200,200,200,200
390992,1,40,0,0,0,3,10,3,0,0,0,16,19,1,19,0,200,200,200,200,200
390992,1,40,0,0,0,3,10,3,0,0,0,16,19,1,19,0,200,200,200,200,200
390992,1,40,0,0,0,3,10,3,0,0,0,16,19,1,20,0,200,200,200,200,200
390992,1,40,0,0,0,3,10,3,0,0,0,16,19,1,20,0,200,200,200,200,200
390996,0,25,0,0,0,3,7,1,0,0,0,21,12,1,37,0,4,0,200,200,200
391004,0,25,2,2,0,3,7,5,0,0,0,11,23,0,24,200,200,0,2,200,200
391008,0,35,1,2,0,3,10,3,0,0,0,18,200,2,200,200,200,200,200,200,200
391008,0,35,1,2,0,3,10,3,0,0,0,18,200,0,57,200,0,0,0,200,200
391008,1,35,1,2,0,3,10,3,0,0,0,18,200,0,200,200,200,200,200,200,200
391008,1,35,1,2,0,3,10,3,0,0,0,18,200,1,200,200,200,200,200,200,200
391019,0,35,0,0,0,3,2,2,0,0,0,25,200,2,200,200,12,0,200,200,200
391019,1,35,0,0,0,3,2,2,0,0,0,25,200,2,200,200,200,200,200,200,200
391040,0,30,200,200,200,200,0,5,0,200,200,0,0,1,39,0,200,0,200,200,200
391040,0,30,200,200,200,200,0,5,0,200,200,0,0,1,27,0,0,200,200,200,200
391047,0,30,1,2,0,3,10,5,0,0,0,15,0,1,200,200,8,200,200,200,200
391047,0,30,1,2,0,3,10,5,0,0,0,15,0,0,37,0,0,0,0,200,200
391047,1,30,1,2,0,3,10,5,0,0,0,15,0,0,200,200,200,200,200,200,200
391047,1,30,1,2,0,3,10,5,0,0,0,15,0,1,200,200,200,200,200,200,200
391047,1,30,1,2,0,3,10,5,0,0,0,15,0,0,200,200,200,200,200,200,200
391053,0,25,0,0,0,3,7,6,0,0,0,0,0,0,200,200,200,200,200,200,200
391064,0,30,2,2,0,3,0,5,0,0,0,5,17,2,200,200,1,200,200,200,200
391064,0,30,2,2,0,3,0,5,0,0,0,5,17,0,50,0,0,0,0,200,200
391064,1,30,2,2,0,3,0,5,0,0,0,5,17,1,27,0,200,200,200,200,200
391064,1,30,2,2,0,3,0,5,0,0,0,5,17,1,22,1,200,200,200,200,200
391064,1,30,2,2,0,3,0,5,0,0,0,5,17,0,29,200,200,200,200,200,200
391064,1,30,2,2,0,3,0,5,0,0,0,5,17,0,28,0,200,200,200,200,200
391069,0,15,0,0,0,0,2,0,0,0,0,11,0,1,39,200,12,0,1,200,200
391075,0,30,0,0,0,3,7,5,0,0,0,33,23,1,19,200,7,4,0,200,200
391077,0,30,1,2,0,3,10,5,0,0,200,0,200,0,200,200,200,200,200,200,200
391077,0,30,1,2,0,3,10,5,0,0,200,0,200,0,38,200,0,200,0,200,200
391088,0,35,0,0,0,0,7,5,0,0,0,0,0,2,200,200,200,200,200,200,200
391092,0,30,0,0,0,3,2,5,0,0,0,0,200,0,38,200,200,200,2,200,200
391107,0,30,1,2,6,2,14,5,0,0,0,17,200,0,22,0,1,0,0,200,200
391107,0,30,1,2,6,2,14,5,0,0,0,17,200,0,47,0,0,200,0,200,200
391107,1,30,1,2,6,2,14,5,0,0,0,17,200,0,30,0,200,200,200,200,200
391107,1,30,1,2,6,2,14,5,0,0,0,17,200,1,35,0,200,200,200,200,200
391109,0,30,2,2,0,1,0,2,0,0,0,5,200,1,44,0,1,0,0,200,200
391109,0,30,2,2,0,1,0,2,0,0,0,5,200,1,56,0,0,0,0,200,200
391111,0,30,0,0,0,1,0,6,0,0,0,20,200,0,34,0,6,0,0,200,200
391111,0,30,0,0,0,1,0,6,0,0,0,20,200,1,25,0,0,0,0,200,200
391115,0,35,0,0,0,1,12,3,3,0,0,14,21,1,200,200,200,200,200,200,200
391115,0,35,0,0,0,1,12,3,3,0,0,14,21,0,33,0,0,0,0,200,200
391116,0,30,1,2,6,1,14,1,0,0,0,17,200,0,35,0,1,0,0,200,200
391116,0,30,1,2,6,1,14,1,0,0,0,17,200,0,55,0,0,0,0,200,200
391121,0,30,1,2,0,1,2,2,0,0,0,14,200,0,25,7,8,200,0,200,200
391138,0,30,1,2,0,1,10,5,0,0,0,18,200,1,36,0,1,0,0,200,200
391138,0,30,1,2,0,1,10,5,0,0,0,18,200,1,24,0,0,0,0,200,200
391140,0,30,2,0,0,1,14,5,0,0,0,200,0,1,32,7,200,200,0,200,200
391140,0,30,2,0,0,1,14,5,0,0,0,200,0,0,30,200,0,200,0,200,200
391143,0,25,0,0,6,1,12,5,1,0,0,22,22,1,67,0,2,0,0,200,200
391143,0,25,0,0,6,1,12,5,1,0,0,22,22,0,32,0,0,0,0,200,200
391149,0,30,1,2,0,1,14,3,0,0,0,0,200,0,46,0,200,200,0,200,200
391149,0,30,1,2,0,1,14,3,0,0,0,0,200,0,53,0,200,0,0,200,200
391156,0,30,0,0,0,0,7,6,0,0,0,0,200,0,64,0,12,0,200,200,200
391157,0,30,1,2,0,1,10,6,0,0,0,18,0,0,21,200,12,200,0,200,200
391157,0,30,1,2,0,1,10,6,0,0,0,18,0,1,40,200,0,0,0,200,200
391157,1,30,1,2,0,1,10,6,0,0,0,18,0,1,37,200,200,200,200,200,200
391161,0,30,1,2,0,1,7,2,0,0,0,21,200,0,27,0,4,0,0,200,200
391162,0,35,0,0,0,1,12,2,0,0,0,21,200,1,200,200,4,200,200,200,200
391162,0,35,0,0,0,1,12,2,0,0,0,21,200,1,30,0,0,0,0,200,200