RD_NO,PERSON_TYPE,POSTED_SPEED_LIMIT,TRAFFIC_CONTROL_DEVICE,DEVICE_CONDITION,WEATHER_CONDITION,LIGHTING_CONDITION,FIRST_CRASH_TYPE,TRAFFICWAY_TYPE,ALIGNMENT,ROADWAY_SURFACE_COND,ROAD_DEFECT,PRIM_CONTRIBUTORY_CAUSE,SEC_CONTRIBUTORY_CAUSE,SEX,AGE,SAFETY_EQUIPMENT,DRIVER_ACTION,DRIVER_VISION,PHYSICAL_CONDITION,BAC_RESULT VALUE,CELL_PHONE_USE
391169,0,35,0,0,0,1,12,5,0,0,0,22,200,1,200,200,2,200,200,200,200
391169,0,35,0,0,0,1,12,5,0,0,0,22,200,1,37,0,0,0,0,200,200
391183,0,30,1,2,0,1,0,2,0,0,0,0,200,2,200,200,7,200,200,200,200
391183,0,30,1,2,0,1,0,2,0,0,0,0,200,0,68,0,0,0,200,200,200
391185,0,20,2,2,200,200,7,5,0,0,0,0,0,2,200,200,200,200,200,200,200
391186,0,30,1,2,0,1,14,5,0,0,0,23,200,0,26,0,4,0,0,200,200
391186,0,30,1,2,0,1,14,5,0,0,0,23,200,0,59,0,0,0,0,200,200
391186,1,30,1,2,0,1,14,5,0,0,0,23,200,0,200,0,200,200,200,200,200
391190,0,30,0,0,0,1,7,5,0,0,0,0,200,2,200,200,200,200,200,200,200
391191,0,30,0,0,0,3,7,5,0,0,0,20,200,0,63,0,6,0,0,200,200
391193,0,30,0,0,200,200,7,5,0,200,200,0,200,2,200,200,200,200,200,200,200
391196,0,30,0,0,0,1,2,5,0,0,0,20,200,0,42,200,6,200,0,200,200
391199,0,30,0,0,0,1,7,5,0,0,0,0,0,2,200,200,200,200,200,200,200
391205,0,30,0,0,0,1,12,2,0,200,200,0,0,1,200,200,200,200,200,200,200
391205,0,30,0,0,0,1,12,2,0,200,200,0,0,1,0,0,0,0,0,200,200
391210,0,35,0,0,0,1,11,5,0,0,0,17,200,0,59,200,1,200,200,200,200
391210,0,35,0,0,0,1,11,5,0,0,0,17,200,0,55,0,0,0,0,200,200
391211,0,30,1,2,0,1,10,2,0,0,0,18,200,0,61,0,3,0,0,200,200
391211,0,30,1,2,0,1,10,2,0,0,0,18,200,0,33,0,0,0,0,200,200
391212,0,30,1,2,0,1,10,2,0,0,0,18,200,0,57,0,3,0,0,200,200
391212,0,30,1,2,0,1,10,2,0,0,0,18,200,0,25,0,200,0,0,200,200
391216,0,30,0,0,0,1,10,2,0,0,0,18,17,1,29,0,1,0,0,200,200
391216,0,30,0,0,0,1,10,2,0,0,0,18,17,1,45,200,0,0,0,200,200
391217,0,15,0,0,0,1,7,6,0,0,0,0,0,2,200,200,200,200,200,200,200
391218,0,30,1,2,0,1,10,5,0,0,0,0,18,0,200,200,3,0,0,200,200
391218,0,30,1,2,0,1,10,5,0,0,0,0,18,1,61,0,0,0,0,200,200
391221,0,25,1,2,0,1,0,12,0,0,0,0,200,1,40,0,200,0,0,200,200
391221,0,25,1,2,0,1,0,12,0,0,0,0,200,0,51,0,200,0,0,200,200
391221,5,25,1,2,0,1,0,12,0,0,0,0,200,0,40,7,200,200,7,200,200
391221,1,25,1,2,0,1,0,12,0,0,0,0,200,0,31,0,200,200,200,200,200
391222,0,30,2,2,0,1,10,2,0,0,0,11,0,0,45,0,12,0,0,200,200
391222,0,30,2,2,0,1,10,2,0,0,0,11,0,1,36,0,0,0,0,200,200
391225,0,25,0,0,200,200,7,5,0,200,0,0,0,2,200,200,200,200,200,200,200
391227,0,30,2,1,0,1,0,2,0,0,0,0,200,0,31,200,200,0,0,200,200
391227,0,30,2,1,0,1,0,2,0,0,0,0,200,0,200,0,200,0,0,200,200
391228,0,20,1,2,0,1,7,5,0,0,0,16,0,0,38,0,12,0,0,200,200
391233,0,30,2,2,0,1,10,2,0,0,0,18,0,2,200,200,200,200,200,200,200
391233,0,30,2,2,0,1,10,2,0,0,0,18,0,0,54,0,0,0,0,200,200
391239,0,30,0,0,0,1,12,5,0,0,0,17,17,1,29,0,1,0,0,200,200
391239,0,30,0,0,0,1,12,5,0,0,0,17,17,1,56,0,0,0,0,200,200
391240,0,30,1,2,0,1,10,2,0,0,0,18,16,0,50,0,3,0,0,200,200
391240,0,30,1,2,0,1,10,2,0,0,0,18,16,0,49,0,0,0,0,200,200
391244,0,25,0,0,0,1,7,5,0,0,0,17,200,2,200,200,1,200,200,200,200
391245,0,30,0,0,0,1,2,6,0,0,0,0,200,0,45,0,12,12,0,200,200
391246,0,25,1,2,0,1,10,5,0,0,0,0,0,0,200,200,200,200,200,200,200
391246,0,25,1,2,0,1,10,5,0,0,0,0,0,1,26,0,0,0,0,200,200
391246,1,25,1,2,0,1,10,5,0,0,0,0,0,1,4,0,200,200,200,200,200
391248,0,30,1,2,0,1,0,12,0,0,0,200,200,1,35,0,0,0,0,200,200
391248,0,30,1,2,0,1,0,12,0,0,0,200,200,1,35,0,0,0,0,200,200
391251,0,25,0,0,0,1,7,2,0,0,0,200,200,0,40,0,12,0,0,200,200
391256,0,30,1,2,0,1,14,5,0,0,0,0,0,0,23,0,7,0,0,200,200
391256,0,30,1,2,0,1,14,5,0,0,0,0,0,0,42,0,0,0,0,200,200
391257,0,30,0,0,0,3,7,6,0,0,0,0,0,2,200,200,200,200,200,200,200
391259,0,30,1,2,0,1,8,5,0,0,0,0,0,0,200,200,1,200,200,200,200
391259,4,30,1,2,0,1,8,5,0,0,0,0,0,1,17,200,0,0,0,200,200
391260,0,30,0,0,0,1,7,6,0,0,0,22,0,0,57,0,4,0,0,200,200
391262,0,30,0,0,0,1,12,5,0,0,200,16,22,0,200,200,8,200,200,200,200
391262,0,30,0,0,0,1,12,5,0,0,200,16,22,0,42,0,0,0,0,200,200
391263,0,30,1,2,0,1,14,2,0,0,0,17,17,0,36,0,12,0,0,200,200
391263,0,30,1,2,0,1,14,2,0,0,0,17,17,0,26,0,12,0,0,200,200
391269,0,30,1,2,0,1,0,5,0,0,0,6,17,0,200,200,1,200,200,200,200
391269,0,30,1,2,0,1,0,5,0,0,0,6,17,0,53,0,0,0,0,200,200
391272,0,25,0,0,0,1,0,6,0,0,0,17,200,1,37,200,1,0,0,200,200
391272,0,25,0,0,0,1,0,6,0,0,0,17,200,1,26,200,0,0,0,200,200
391272,1,25,0,0,0,1,0,6,0,0,0,17,200,0,41,200,200,200,200,200,200
391272,1,25,0,0,0,1,0,6,0,0,0,17,200,0,3,5,200,200,200,200,200
391272,1,25,0,0,0,1,0,6,0,0,0,17,200,0,6,0,200,200,200,200,200
391272,1,25,0,0,0,1,0,6,0,0,0,17,200,1,28,200,200,200,200,200,200
391276,0,30,0,0,0,1,7,5,0,0,0,0,21,0,200,200,200,200,200,200,200
391287,0,30,1,2,0,1,10,5,0,0,0,16,0,1,200,200,12,200,200,200,200
391287,0,30,1,2,0,1,10,5,0,0,0,16,0,1,46,0,12,0,0,200,200
391287,0,30,1,2,0,1,10,5,0,0,0,16,0,1,35,0,12,0,0,200,200
391287,1,30,1,2,0,1,10,5,0,0,0,16,0,0,4,5,200,200,200,200,200
391288,0,15,0,0,0,1,2,0,3,0,1,0,200,0,0,200,200,0,0,200,200
391289,0,30,3,2,0,1,12,5,0,0,0,0,0,1,34,0,200,0,0,200,200
391289,0,30,3,2,0,1,12,5,0,0,0,0,0,0,62,0,0,0,0,200,200
391289,1,30,3,2,0,1,12,5,0,0,0,0,0,1,200,0,200,200,200,200,200
391297,0,30,0,0,0,3,7,6,0,0,0,200,200,2,200,200,200,200,200,200,200
391302,0,30,1,2,0,1,14,5,0,0,0,11,200,0,63,200,7,0,0,200,200
391302,0,30,1,2,0,1,14,5,0,0,0,11,200,1,50,200,0,0,0,200,200
391302,1,30,1,2,0,1,14,5,0,0,0,11,200,1,200,200,200,200,200,200,200
391305,0,30,0,0,0,1,12,6,0,0,2,17,17,1,26,0,1,0,0,200,200
391305,0,30,0,0,0,1,12,6,0,0,2,17,17,1,28,0,0,0,0,200,200
391309,0,30,2,2,0,1,0,5,0,0,0,17,0,0,200,200,200,200,200,200,200
391309,0,30,2,2,0,1,0,5,0,0,0,17,0,1,63,0,1,0,0,200,200
391318,0,30,1,2,0,1,10,2,0,0,0,18,0,0,40,0,3,200,0,200,200
391318,0,30,1,2,0,1,10,2,0,0,0,18,0,0,26,0,0,200,0,200,200
391318,1,30,1,2,0,1,10,2,0,0,0,18,0,0,200,0,200,200,200,200,200
391323,0,0,0,0,0,1,7,4,0,0,0,20,200,0,60,200,6,0,0,200,200
391327,0,30,0,0,0,1,7,7,0,0,0,20,0,0,200,200,6,0,0,200,200
391339,0,30,0,0,0,1,12,3,0,0,0,21,0,1,40,0,4,0,0,200,200
391339,0,30,0,0,0,1,12,3,0,0,0,21,0,0,35,0,0,0,0,200,200
391341,0,25,0,0,0,1,7,6,0,0,0,0,0,2,200,200,200,200,200,200,200
391343,0,30,2,2,0,1,10,5,0,0,0,16,200,1,21,0,5,0,0,200,200
391343,0,30,2,2,0,1,10,5,0,0,0,16,200,0,28,0,0,0,0,200,200
391343,1,30,2,2,0,1,10,5,0,0,0,16,200,1,30,0,200,200,200,200,200
391349,0,30,0,0,0,1,10,5,0,0,0,0,0,1,20,200,200,200,200,200,200
391349,0,30,0,0,0,1,10,5,0,0,0,0,0,0,30,200,200,200,200,200,200
391349,1,30,0,0,0,1,10,5,0,0,0,0,0,1,35,200,200,200,200,200,200
391349,1,30,0,0,0,1,10,5,0,0,0,0,0,0,43,200,200,200,200,200,200
391351,0,15,0,0,0,1,0,7,0,0,0,0,0,0,200,200,200,200,200,200,200
391351,0,15,0,0,0,1,0,7,0,0,0,0,0,0,41,0,0,0,0,200,200
391354,0,30,1,2,0,1,12,2,0,0,0,0,0,0,200,200,12,200,200,200,200
391354,0,30,1,2,0,1,12,2,0,0,0,0,0,0,69,0,0,0,0,200,200
391361,0,20,0,0,0,1,0,6,0,0,0,20,0,0,26,0,0,0,0,200,200
391361,0,20,0,0,0,1,0,6,0,0,0,20,0,0,40,0,0,0,0,200,200
391373,0,0,0,0,0,1,0,5,0,0,0,11,200,0,27,200,1,5,0,200,200
391373,0,0,0,0,0,1,0,5,0,0,0,11,200,1,30,200,0,0,0,200,200
391373,1,0,0,0,0,1,0,5,0,0,0,11,200,0,8,200,200,200,200,200,200
391373,1,0,0,0,0,1,0,5,0,0,0,11,200,0,4,5,200,200,200,200,200
391376,0,30,1,2,0,1,12,2,0,0,0,11,11,0,88,0,12,0,0,200,200
391376,0,30,1,2,0,1,12,2,0,0,0,11,11,1,26,0,0,0,0,200,200
391376,1,30,1,2,0,1,12,2,0,0,0,11,11,1,200,0,200,200,200,200,200
391377,0,30,1,2,0,1,10,5,0,0,0,18,16,0,25,200,3,0,0,200,200
391377,0,30,1,2,0,1,10,5,0,0,0,18,16,0,66,200,0,0,0,200,200
391377,1,30,1,2,0,1,10,5,0,0,0,18,16,1,200,200,200,200,200,200,200
391378,0,40,0,0,0,1,12,5,0,0,0,22,0,0,200,200,12,200,200,200,200
391378,0,40,0,0,0,1,12,5,0,0,0,22,0,0,55,0,12,0,0,200,200
391378,1,40,0,0,0,1,12,5,0,0,0,22,0,0,200,0,200,200,200,200,200
391378,1,40,0,0,0,1,12,5,0,0,0,22,0,1,200,0,200,200,200,200,200
391379,0,20,0,0,0,1,10,6,0,0,0,18,0,0,56,0,0,0,0,200,200
391379,0,20,0,0,0,1,10,6,0,0,0,18,0,1,37,200,3,200,0,200,200
391381,0,30,1,2,0,1,14,1,0,0,0,23,200,2,200,200,7,200,200,200,200
391381,0,30,1,2,0,1,14,1,0,0,0,23,200,1,42,0,0,0,0,200,200
391383,0,30,2,2,0,1,14,5,0,0,0,0,0,1,47,200,200,200,200,200,200
391383,0,30,2,2,0,1,14,5,0,0,0,0,0,0,55,0,200,200,0,200,200
391383,1,30,2,2,0,1,14,5,0,0,0,0,0,2,200,200,200,200,200,200,200
391388,0,30,0,0,0,1,12,5,0,0,0,19,0,0,200,200,200,200,200,200,200
391388,0,30,0,0,0,1,12,5,0,0,0,19,0,0,54,200,200,200,0,200,200
391389,0,30,0,0,0,1,10,2,0,0,0,20,0,1,37,0,6,0,0,200,200
391389,0,30,0,0,0,1,10,2,0,0,0,20,0,1,200,200,0,200,200,200,200
391390,0,30,0,0,0,1,7,6,0,0,0,20,20,1,200,200,6,0,0,200,200
391396,0,30,2,2,0,1,10,5,0,0,200,0,0,0,200,200,12,200,200,200,200
391396,0,30,2,2,0,1,10,5,0,0,200,0,0,0,61,200,0,200,0,200,200
391402,0,30,1,2,0,1,14,1,0,0,0,17,200,0,22,0,1,200,0,200,200
391402,0,30,1,2,0,1,14,1,0,0,0,17,200,0,40,0,1,200,0,200,200
391407,0,35,0,0,0,1,10,3,0,0,0,18,0,0,28,7,3,0,0,200,200
391407,0,35,0,0,0,1,10,3,0,0,0,18,0,1,32,7,0,0,0,200,200
391408,0,30,0,0,0,200,7,2,0,0,0,0,200,2,200,200,200,200,200,200,200
391409,0,30,0,0,0,1,10,5,0,0,0,0,200,1,29,200,200,200,0,200,200
391409,0,30,0,0,0,1,10,5,0,0,0,0,200,1,74,200,200,200,0,200,200
391410,0,25,1,2,0,1,12,5,0,0,0,17,200,0,44,200,1,200,200,200,200
391410,0,25,1,2,0,1,12,5,0,0,0,17,200,1,28,0,0,0,0,200,200
391413,0,30,0,0,0,1,12,6,0,0,0,0,200,1,25,0,200,0,0,200,200
391413,0,30,0,0,0,1,12,6,0,0,0,0,200,0,42,200,200,200,0,200,200
391413,1,30,0,0,0,1,12,6,0,0,0,0,200,0,29,0,200,200,200,200,200
391420,0,30,2,2,0,1,0,5,0,0,0,200,200,0,60,200,200,0,0,200,200
391420,0,30,2,2,0,1,0,5,0,0,0,200,200,0,36,200,0,0,0,200,200
391423,0,30,1,2,0,1,12,5,0,0,0,0,0,0,71,200,200,0,0,200,200
391423,0,30,1,2,0,1,12,5,0,0,0,0,0,0,25,200,200,0,0,200,200
391427,0,30,0,0,0,1,14,12,0,0,0,0,0,0,29,200,200,200,0,200,200
391427,0,30,0,0,0,1,14,12,0,0,0,0,0,1,35,0,200,0,0,200,200
391429,0,30,0,0,0,1,12,3,0,0,0,0,0,2,200,200,200,200,200,200,200
391429,0,30,0,0,0,1,12,3,0,0,0,0,0,0,70,0,0,0,0,200,200
391440,0,20,0,0,0,1,7,7,0,0,200,0,0,2,200,200,200,200,200,200,200
391448,0,30,0,0,0,1,10,2,0,0,0,18,200,0,200,200,3,200,200,200,200
391448,0,30,0,0,0,1,10,2,0,0,0,18,200,1,45,0,0,0,0,200,200
391449,0,30,0,0,0,1,10,2,0,0,0,18,200,0,55,0,3,0,0,200,200
391449,0,30,0,0,0,1,10,2,0,0,0,18,200,0,51,0,0,0,0,200,200
391451,0,30,0,0,0,1,2,5,0,0,0,11,0,0,22,0,12,0,0,200,200
391451,1,30,0,0,0,1,2,5,0,0,0,11,0,1,23,0,200,200,200,200,200
391456,0,30,0,0,200,200,0,12,0,200,200,0,0,1,200,200,200,200,200,200,200
391456,0,30,0,0,200,200,0,12,0,200,200,0,0,1,25,0,0,0,0,200,200
391456,1,30,0,0,200,200,0,12,0,200,200,0,0,1,37,0,200,200,200,200,200
391458,0,30,0,0,0,1,7,5,0,0,0,0,0,0,200,200,0,200,200,200,200
391462,0,5,10,2,0,1,2,7,0,0,0,7,200,1,52,0,10,0,0,200,200
391467,0,35,1,2,0,1,10,5,0,0,12,18,18,0,200,200,3,200,200,200,200
391467,0,35,1,2,0,1,10,5,0,0,12,18,18,0,200,200,0,200,0,200,200
391468,0,30,1,2,0,1,12,2,0,0,0,22,200,1,21,200,200,200,0,200,200
391468,0,30,1,2,0,1,12,2,0,0,0,22,200,0,66,0,0,0,0,200,200
391481,0,5,0,0,0,1,7,12,0,0,0,200,200,2,200,200,200,200,200,200,200
391485,0,30,1,2,0,1,12,2,0,0,0,22,200,1,65,0,4,0,0,200,200
391485,0,30,1,2,0,1,12,2,0,0,0,22,200,0,48,0,200,0,0,200,200
391485,1,30,1,2,0,1,12,2,0,0,0,22,200,1,7,5,200,200,200,200,200
391485,1,30,1,2,0,1,12,2,0,0,0,22,200,0,8,5,200,200,200,200,200
391485,1,30,1,2,0,1,12,2,0,0,0,22,200,0,11,5,200,200,200,200,200
391485,1,30,1,2,0,1,12,2,0,0,0,22,200,1,3,5,200,200,200,200,200
391486,0,30,0,0,0,1,7,5,0,0,0,27,200,2,200,200,200,200,200,200,200
391491,0,30,1,2,0,1,10,1,0,0,0,22,0,0,43,200,4,0,200,200,200
391491,0,30,1,2,0,1,10,1,0,0,0,22,0,0,75,200,0,0,200,200,200
391492,0,35,1,2,0,1,10,5,0,0,0,18,9,0,28,0,3,0,0,200,200
391492,0,35,1,2,0,1,10,5,0,0,0,18,9,0,40,0,0,0,0,200,200
391492,0,35,1,2,0,1,10,5,0,0,0,18,9,1,40,0,0,0,0,200,200
391493,0,30,0,0,0,1,12,5,0,0,0,17,17,0,21,200,1,200,200,200,200
391493,0,30,0,0,0,1,12,5,0,0,0,17,17,0,21,0,0,0,0,200,200
391493,1,30,0,0,0,1,12,5,0,0,0,17,17,1,21,0,200,200,200,200,200
391499,0,5,0,0,0,1,7,7,0,0,0,0,0,2,200,200,200,200,200,200,200
391515,0,25,2,2,0,1,8,5,0,0,0,8,200,0,42,200,12,0,0,200,200
391515,4,25,2,2,0,1,8,5,0,0,0,8,200,1,23,7,12,0,0,200,200
391516,0,30,1,2,0,1,10,2,0,0,0,0,0,0,200,200,3,200,200,200,200
391516,0,30,1,2,0,1,10,2,0,0,0,0,0,1,44,0,0,0,0,200,200
391518,0,25,0,0,0,1,7,5,0,0,0,11,200,1,64,0,12,0,0,200,200
391529,0,25,0,0,200,200,7,5,0,200,0,0,200,2,200,200,200,200,200,200,200
391533,4,30,1,2,0,1,8,6,0,0,0,18,200,0,14,7,3,0,0,200,200
391533,0,30,1,2,0,1,8,6,0,0,0,18,200,1,200,200,4,200,200,200,200
391533,1,30,1,2,0,1,8,6,0,0,0,18,200,1,200,200,200,200,200,200,200
391537,0,30,0,0,0,3,10,5,0,0,0,0,0,0,58,200,200,200,200,200,200
391537,0,30,0,0,0,3,10,5,0,0,0,0,0,0,30,200,200,200,200,200,200
391537,1,30,0,0,0,3,10,5,0,0,0,0,0,2,200,200,200,200,200,200,200
391547,0,25,2,2,0,1,14,2,0,0,0,22,23,2,200,200,2,200,200,200,200
391547,0,25,2,2,0,1,14,2,0,0,0,22,23,0,49,0,0,0,0,200,200
391549,0,30,0,0,5,1,7,12,0,0,0,200,200,0,49,200,0,0,0,200,200
391550,0,25,0,0,0,1,14,2,0,0,0,17,17,1,43,0,1,0,0,200,200
391550,0,25,0,0,0,1,14,2,0,0,0,17,17,1,25,0,0,0,0,200,200
391551,0,20,0,0,0,1,7,5,0,0,0,20,200,0,200,200,6,200,200,200,200
391558,0,30,1,2,0,1,12,6,0,0,0,17,200,0,32,200,1,0,0,200,200
391558,0,30,1,2,0,1,12,6,0,0,0,17,200,0,41,200,200,0,0,200,200
391560,0,30,0,0,0,1,7,5,0,0,0,200,0,0,35,0,7,0,0,200,200
391560,1,30,0,0,0,1,7,5,0,0,0,200,0,0,39,1,200,200,200,200,200
391561,0,20,1,2,0,1,12,2,0,0,0,22,18,1,20,200,2,0,200,200,200
391561,0,20,1,2,0,1,12,2,0,0,0,22,18,0,41,0,0,0,0,200,200
391561,1,20,1,2,0,1,12,2,0,0,0,22,18,1,18,1,200,200,200,200,200
391561,1,20,1,2,0,1,12,2,0,0,0,22,18,1,21,1,200,200,200,200,200
391563,0,30,0,0,0,1,12,5,0,0,0,22,200,0,35,0,2,0,0,200,200
391563,0,30,0,0,0,1,12,5,0,0,0,22,200,0,25,200,0,0,0,200,200
391565,0,30,1,2,0,1,10,2,0,0,0,20,20,0,45,0,6,0,0,200,200
391565,0,30,1,2,0,1,10,2,0,0,0,20,20,0,35,0,0,0,0,200,200
391569,0,30,1,2,0,1,10,5,0,0,0,0,0,0,28,200,200,0,0,200,200
391569,0,30,1,2,0,1,10,5,0,0,0,0,0,1,40,0,0,0,0,200,200
391575,0,30,1,2,0,1,10,5,0,0,0,12,0,1,74,200,12,200,200,200,200
391575,0,30,1,2,0,1,10,5,0,0,0,12,0,0,200,200,12,200,200,200,200
391576,0,15,3,12,0,1,7,7,0,0,0,0,0,2,200,200,200,200,200,200,200
391578,0,30,1,2,0,1,14,5,0,0,0,0,200,2,200,200,0,200,200,200,200
391578,0,30,1,2,0,1,14,5,0,0,0,0,200,1,200,0,0,0,0,200,200
391579,0,15,0,0,0,1,7,0,0,0,0,0,200,2,200,200,200,200,200,200,200
391580,0,30,1,2,0,1,10,3,0,200,200,11,18,0,28,0,3,200,200,200,200
391580,0,30,1,2,0,1,10,3,0,200,200,11,18,0,68,0,200,200,200,200,200
391587,0,30,1,2,0,1,10,5,0,0,12,18,11,0,44,0,3,0,0,200,200
391587,0,30,1,2,0,1,10,5,0,0,12,18,11,0,63,0,12,0,0,200,200
391588,0,30,0,0,0,1,14,6,0,0,0,21,200,0,48,200,7,0,0,200,200
391588,0,30,0,0,0,1,14,6,0,0,0,21,200,0,51,200,0,0,0,200,200
391588,1,30,0,0,0,1,14,6,0,0,0,21,200,1,25,200,200,200,200,200,200
391588,1,30,0,0,0,1,14,6,0,0,0,21,200,1,59,200,200,200,200,200,200
391588,1,30,0,0,0,1,14,6,0,0,0,21,200,200,200,200,200,200,200,200,200
391594,0,30,1,2,0,1,10,2,0,0,0,18,0,0,200,200,3,200,200,200,200
391594,0,30,1,2,0,1,10,2,0,0,0,18,0,1,25,0,12,0,0,200,200
391594,1,30,1,2,0,1,10,2,0,0,0,18,0,1,200,0,200,200,200,200,200
391603,0,35,1,2,0,1,12,5,0,0,0,200,200,0,54,0,200,0,0,200,200
391603,0,35,1,2,0,1,12,5,0,0,0,200,200,0,0,0,200,0,0,200,200
391606,0,30,1,2,0,1,10,5,0,0,12,18,18,0,58,0,1,0,0,200,200
391606,0,30,1,2,0,1,10,5,0,0,12,18,18,1,35,0,0,0,0,200,200
391606,1,30,1,2,0,1,10,5,0,0,12,18,18,1,56,0,200,200,200,200,200
391606,1,30,1,2,0,1,10,5,0,0,12,18,18,1,11,0,200,200,200,200,200
391606,1,30,1,2,0,1,10,5,0,0,12,18,18,1,11,0,200,200,200,200,200
391607,0,35,0,0,0,3,7,6,0,0,0,0,0,2,200,200,200,200,200,200,200
391608,0,30,2,2,0,1,8,6,0,0,0,17,200,0,45,200,1,0,0,200,200
391608,4,30,2,2,0,1,8,6,0,0,0,17,200,1,25,3,0,0,0,200,200
391610,0,30,0,0,0,1,7,5,0,0,0,0,200,2,200,200,200,200,200,200,200
391615,0,20,0,0,200,200,2,0,0,200,0,0,0,2,200,200,200,200,200,200,200
391618,0,30,0,0,0,1,12,5,0,0,0,17,17,0,200,200,1,200,200,200,200
391618,0,30,0,0,0,1,12,5,0,0,0,17,17,1,28,0,0,0,0,200,200
391618,1,30,0,0,0,1,12,5,0,0,0,17,17,1,200,0,200,200,200,200,200
391621,0,30,1,2,0,1,10,5,0,0,0,18,200,0,31,0,3,0,0,200,200
391621,0,30,1,2,0,1,10,5,0,0,0,18,200,0,36,0,0,0,0,200,200
391621,0,30,1,2,0,1,10,5,0,0,0,18,200,1,50,0,0,0,0,200,200
391621,1,30,1,2,0,1,10,5,0,0,0,18,200,0,76,0,200,200,200,200,200
391621,1,30,1,2,0,1,10,5,0,0,0,18,200,0,0,0,200,200,200,200,200
391621,1,30,1,2,0,1,10,5,0,0,0,18,200,1,30,0,200,200,200,200,200
391636,0,30,0,0,0,1,2,12,0,0,0,0,20,2,200,200,6,200,200,200,200
391638,0,30,1,2,0,1,14,2,0,0,0,0,0,1,30,200,12,0,0,200,200
391638,0,30,1,2,0,1,14,2,0,0,0,0,0,0,48,200,12,0,0,200,200
391640,0,30,0,0,0,1,10,2,0,0,0,18,200,0,46,0,3,0,0,200,200
391640,0,30,0,0,0,1,10,2,0,0,0,18,200,0,46,0,0,0,0,200,200
391642,0,30,2,2,0,1,0,5,0,0,0,17,200,1,16,0,1,0,0,200,200
391642,0,30,2,2,0,1,0,5,0,0,0,17,200,0,31,0,0,0,0,200,200
391647,0,35,2,2,0,1,0,5,0,0,0,17,0,0,19,0,1,200,0,200,200
391647,0,35,2,2,0,1,0,5,0,0,0,17,0,0,35,0,0,0,0,200,200
391650,0,30,1,2,0,1,12,5,0,0,0,200,0,0,200,200,4,200,200,200,200
391650,0,30,1,2,0,1,12,5,0,0,0,200,0,1,49,0,0,0,0,200,200
391652,0,20,0,0,0,1,12,6,0,0,0,17,0,0,63,0,1,0,0,200,200
391652,0,20,0,0,0,1,12,6,0,0,0,17,0,0,84,0,0,0,0,200,200
391654,0,30,0,0,0,1,7,5,0,0,0,0,0,0,19,0,0,0,0,200,200
391659,0,30,1,2,0,1,10,5,0,0,0,18,0,1,200,200,200,200,200,200,200
391659,0,30,1,2,0,1,10,5,0,0,0,18,0,1,63,200,0,0,0,200,200
391659,1,30,1,2,0,1,10,5,0,0,0,18,0,1,200,200,200,200,200,200,200
391659,1,30,1,2,0,1,10,5,0,0,0,18,0,1,200,200,200,200,200,200,200
391659,1,30,1,2,0,1,10,5,0,0,0,18,0,2,200,200,200,200,200,200,200
391659,1,30,1,2,0,1,10,5,0,0,0,18,0,1,200,200,200,200,200,200,200
391662,0,30,0,0,0,1,10,5,0,0,0,28,28,1,39,0,200,0,0,200,200
391662,0,30,0,0,0,1,10,5,0,0,0,28,28,0,53,0,0,0,0,200,200
391666,0,30,0,0,0,1,10,2,0,12,12,18,16,0,200,200,3,200,200,200,200
391666,0,30,0,0,0,1,10,2,0,12,12,18,16,1,37,0,12,0,0,200,200
391666,1,30,0,0,0,1,10,2,0,12,12,18,16,0,9,0,200,200,200,200,200
391666,1,30,0,0,0,1,10,2,0,12,12,18,16,1,8,0,200,200,200,200,200
391666,1,30,0,0,0,1,10,2,0,12,12,18,16,1,1,0,200,200,200,200,200
391667,0,30,12,2,0,1,7,2,0,0,0,20,200,0,33,200,6,0,0,200,200
391675,0,30,2,2,0,1,0,5,0,0,0,0,200,0,43,0,200,0,0,200,200
391675,0,30,2,2,0,1,0,5,0,0,0,0,200,1,35,0,0,0,0,200,200
391678,0,25,1,2,0,1,7,6,0,0,0,0,0,0,200,200,200,200,200,200,200
391678,1,25,1,2,0,1,7,6,0,0,0,0,0,1,200,200,200,200,200,200,200
391680,0,30,2,2,0,1,0,2,0,0,0,11,0,0,25,0,1,200,0,200,200
391680,0,30,2,2,0,1,0,2,0,0,0,11,0,1,61,0,0,200,0,200,200
391680,1,30,2,2,0,1,0,2,0,0,0,11,0,0,31,0,200,200,200,200,200
391692,0,30,0,0,0,1,12,5,0,0,0,0,0,0,200,0,200,0,0,200,200
391692,0,30,0,0,0,1,12,5,0,0,0,0,0,0,200,200,200,0,0,200,200
391696,0,30,2,2,0,1,10,7,0,0,0,0,200,0,25,0,3,200,200,200,200
391696,0,30,2,2,0,1,10,7,0,0,0,0,200,1,59,0,0,0,0,200,200
391696,1,30,2,2,0,1,10,7,0,0,0,0,200,1,200,0,200,200,200,200,200
391705,0,30,0,0,0,1,14,5,0,0,0,21,200,0,200,200,12,200,0,200,200
391705,0,30,0,0,0,1,14,5,0,0,0,21,200,1,200,0,0,0,0,200,200
391705,1,30,0,0,0,1,14,5,0,0,0,21,200,1,200,0,200,200,200,200,200
391708,0,30,0,0,0,2,0,5,0,0,0,10,0,0,33,0,9,200,200,200,200
391708,0,30,0,0,0,2,0,5,0,0,0,10,0,1,23,7,12,200,200,200,200
391723,0,30,0,0,0,1,14,5,0,0,0,17,200,1,200,0,1,0,0,200,200
391723,0,30,0,0,0,1,14,5,0,0,0,17,200,2,200,200,0,200,200,200,200
391725,0,30,200,0,200,200,7,6,0,0,0,0,200,2,200,200,200,200,200,200,200