RD_NO,PERSON_TYPE,POSTED_SPEED_LIMIT,TRAFFIC_CONTROL_DEVICE,DEVICE_CONDITION,WEATHER_CONDITION,LIGHTING_CONDITION,FIRST_CRASH_TYPE,TRAFFICWAY_TYPE,ALIGNMENT,ROADWAY_SURFACE_COND,ROAD_DEFECT,PRIM_CONTRIBUTORY_CAUSE,SEC_CONTRIBUTORY_CAUSE,SEX,AGE,SAFETY_EQUIPMENT,DRIVER_ACTION,DRIVER_VISION,PHYSICAL_CONDITION,BAC_RESULT VALUE,CELL_PHONE_USE
391740,0,30,0,0,0,1,10,2,0,0,0,20,200,1,200,200,10,200,200,200,200
391740,0,30,0,0,0,1,10,2,0,0,0,20,200,0,50,0,0,0,0,200,200
391741,0,35,0,0,0,1,10,2,0,0,0,0,0,1,200,200,200,200,200,200,200
391741,0,35,0,0,0,1,10,2,0,0,0,0,0,0,48,0,0,0,0,200,200
391746,0,35,0,0,0,1,10,5,0,0,0,18,0,0,29,200,3,200,200,200,200
391746,0,35,0,0,0,1,10,5,0,0,0,18,0,1,31,0,0,0,0,200,200
391749,0,30,0,0,0,1,14,5,0,0,0,23,16,0,35,200,1,0,200,200,200
391749,0,30,0,0,0,1,14,5,0,0,0,23,16,0,27,200,0,0,200,200,200
391751,0,35,0,0,0,1,12,2,0,0,0,0,0,1,41,0,200,200,0,200,200
391751,0,35,0,0,0,1,12,2,0,0,0,0,0,0,37,0,0,0,0,200,200
391751,1,35,0,0,0,1,12,2,0,0,0,0,0,1,60,0,200,200,200,200,200
391751,1,35,0,0,0,1,12,2,0,0,0,0,0,0,200,0,200,200,200,200,200
391753,0,35,1,2,0,1,10,5,0,0,0,18,0,0,67,0,3,200,200,200,200
391753,0,35,1,2,0,1,10,5,0,0,0,18,0,1,33,0,0,0,0,200,200
391756,0,30,1,2,0,1,14,5,0,0,0,0,0,0,30,0,0,0,0,200,200
391756,0,30,1,2,0,1,14,5,0,0,0,0,0,0,67,0,12,12,0,200,200
391761,0,30,0,0,0,3,7,6,0,0,0,0,0,2,200,200,200,200,200,200,200
391764,0,30,1,2,0,3,10,5,0,0,0,18,200,1,27,200,3,0,0,200,200
391764,0,30,1,2,0,3,10,5,0,0,0,18,200,1,51,0,0,0,0,200,200
391772,0,30,2,2,0,1,0,5,0,0,0,0,200,1,49,0,200,200,200,200,200
391772,0,30,2,2,0,1,0,5,0,0,0,0,200,1,29,0,200,200,0,200,200
391772,1,30,2,2,0,1,0,5,0,0,0,0,200,0,32,0,200,200,200,200,200
391772,1,30,2,2,0,1,0,5,0,0,0,0,200,1,1,0,200,200,200,200,200
391773,0,30,0,0,0,1,7,5,0,0,0,0,1,0,200,200,10,200,200,200,200
391774,0,30,2,2,0,1,14,2,0,0,0,5,17,1,200,0,5,0,0,200,200
391774,0,30,2,2,0,1,14,2,0,0,0,5,17,1,49,0,0,0,0,200,200
391774,1,30,2,2,0,1,14,2,0,0,0,5,17,1,200,200,200,200,200,200,200
391781,0,0,1,200,0,1,7,2,0,200,200,11,200,0,46,3,12,200,0,200,200
391784,0,30,0,0,0,1,0,6,0,0,0,17,0,0,21,200,1,200,200,200,200
391784,0,30,0,0,0,1,0,6,0,0,0,17,0,0,56,200,0,0,0,200,200
391788,4,30,0,0,0,1,8,2,0,0,0,16,0,0,26,2,1,0,7,200,200
391788,0,30,0,0,0,1,8,2,0,0,0,16,0,0,35,0,12,0,0,200,200
391789,0,20,1,0,0,3,10,5,0,0,200,18,18,0,200,200,3,200,200,200,200
391789,0,20,1,0,0,3,10,5,0,0,200,18,18,1,76,0,0,200,0,200,200
391789,1,20,1,0,0,3,10,5,0,0,200,18,18,200,200,0,200,200,200,200,200
391793,0,30,1,2,0,1,0,2,0,0,0,200,200,1,33,0,12,0,0,200,200
391793,0,30,1,2,0,1,0,2,0,0,0,200,200,0,47,0,0,0,0,200,200
391795,0,30,0,0,0,1,10,5,0,200,200,0,0,0,36,0,0,0,200,200,200
391795,0,30,0,0,0,1,10,5,0,200,200,0,0,0,26,0,0,0,200,200,200
391795,0,30,0,0,0,1,10,5,0,200,200,0,0,1,32,0,0,0,200,200,200
391797,0,30,1,2,0,1,12,5,0,0,0,17,22,1,55,200,1,0,0,200,200
391797,0,30,1,2,0,1,12,5,0,0,0,17,22,1,30,200,0,0,0,200,200
391803,0,30,0,0,0,0,11,2,0,0,0,0,200,1,42,200,1,200,200,200,200
391803,0,30,0,0,0,0,11,2,0,0,0,0,200,0,42,0,0,0,200,200,200
391807,0,30,1,2,0,1,3,2,0,0,200,0,200,1,200,200,200,200,200,200,200
391807,0,30,1,2,0,1,3,2,0,0,200,0,200,1,25,0,200,200,0,200,200
391811,0,30,2,2,0,1,10,5,0,0,0,0,0,2,200,200,1,200,200,200,200
391811,0,30,2,2,0,1,10,5,0,0,0,0,0,1,57,0,0,0,0,200,0
391816,0,30,0,0,0,1,7,5,0,0,0,20,200,0,27,7,6,0,0,200,200
391821,0,30,1,2,0,1,10,5,0,0,0,18,11,0,65,0,3,0,0,200,200
391821,0,30,1,2,0,1,10,5,0,0,0,18,11,0,57,0,12,0,0,200,200
391821,0,30,1,2,0,1,10,5,0,0,0,18,11,1,29,0,12,0,0,200,200
391821,1,30,1,2,0,1,10,5,0,0,0,18,11,0,17,0,200,200,200,200,200
391821,1,30,1,2,0,1,10,5,0,0,0,18,11,1,0,5,200,200,200,200,200
391821,1,30,1,2,0,1,10,5,0,0,0,18,11,0,9,0,200,200,200,200,200
391822,0,30,0,0,0,1,14,2,0,0,0,17,17,1,66,200,7,200,0,200,200
391822,0,30,0,0,0,1,14,2,0,0,0,17,17,0,33,0,0,0,0,200,200
391822,1,30,0,0,0,1,14,2,0,0,0,17,17,0,40,0,200,200,200,200,200
391822,1,30,0,0,0,1,14,2,0,0,0,17,17,1,28,0,200,200,200,200,200
391828,0,30,0,0,0,1,7,5,0,0,0,0,200,2,200,200,200,200,200,200,200
391829,0,10,0,0,0,1,3,7,0,200,200,0,200,1,200,200,200,200,200,200,200
391829,0,10,0,0,0,1,3,7,0,200,200,0,200,0,25,200,200,0,0,200,200
391830,0,30,0,0,0,1,7,5,0,0,0,0,0,2,200,200,6,200,200,200,200
391836,0,30,0,0,0,1,7,5,0,0,0,0,0,1,18,0,1,0,0,200,200
391838,0,30,0,0,0,1,14,2,0,0,0,17,23,2,200,200,1,200,200,200,200
391838,0,30,0,0,0,1,14,2,0,0,0,17,23,0,62,0,0,0,0,200,200
391839,0,30,0,0,0,1,12,5,0,0,0,18,200,0,200,200,3,200,200,200,200
391839,0,30,0,0,0,1,12,5,0,0,0,18,200,0,54,0,0,0,0,200,200
391841,0,30,1,2,0,1,12,5,2,0,200,0,0,0,20,200,0,0,7,200,200
391841,0,30,1,2,0,1,12,5,2,0,200,0,0,0,48,200,0,0,0,200,200
391842,0,30,0,0,0,1,10,5,0,0,0,18,16,0,200,0,3,0,0,200,200
391842,0,30,0,0,0,1,10,5,0,0,0,18,16,1,200,0,0,0,0,200,200
391842,1,30,0,0,0,1,10,5,0,0,0,18,16,0,200,5,200,200,200,200,200
391842,1,30,0,0,0,1,10,5,0,0,0,18,16,0,200,5,200,200,200,200,200
391842,1,30,0,0,0,1,10,5,0,0,0,18,16,1,200,0,200,200,200,200,200
391844,0,30,0,0,0,1,7,2,0,0,0,0,0,1,28,200,200,200,200,200,200
391844,1,30,0,0,0,1,7,2,0,0,0,0,0,1,40,0,200,200,200,200,200
391852,0,30,0,0,0,1,9,5,0,0,0,0,200,0,200,0,6,0,0,200,200
391852,5,30,0,0,0,1,9,5,0,0,0,0,200,0,43,7,0,0,0,200,200
391859,0,30,2,2,0,1,0,12,0,0,0,0,200,1,25,200,1,0,0,200,200
391859,0,30,2,2,0,1,0,12,0,0,0,0,200,1,28,0,200,0,0,200,200
391859,1,30,2,2,0,1,0,12,0,0,0,0,200,0,17,0,200,200,200,200,200
391861,0,30,0,0,0,1,14,5,0,0,0,18,11,1,64,0,3,0,0,200,200
391861,0,30,0,0,0,1,14,5,0,0,0,18,11,1,63,0,12,0,0,200,200
391861,1,30,0,0,0,1,14,5,0,0,0,18,11,0,19,0,200,200,200,200,200
391865,0,15,0,0,0,1,12,7,0,0,0,0,0,2,71,200,200,200,200,200,200
391865,0,15,0,0,0,1,12,7,0,0,0,0,0,0,65,0,0,0,0,200,200
391866,4,25,0,0,0,1,8,5,0,0,0,0,0,1,17,7,12,200,0,200,200
391867,0,30,0,0,0,1,7,5,0,0,0,0,200,0,200,200,6,200,200,200,200
391867,1,30,0,0,0,1,7,5,0,0,0,0,200,0,200,200,200,200,200,200,200
391867,1,30,0,0,0,1,7,5,0,0,0,0,200,0,200,200,200,200,200,200,200
391870,0,30,0,0,0,1,9,5,0,0,200,0,0,0,200,200,200,200,200,200,200
391870,5,30,0,0,0,1,9,5,0,0,200,0,0,0,13,7,12,200,12,200,200
391872,0,30,0,0,0,1,10,5,0,200,200,0,0,0,39,0,200,0,0,200,200
391872,0,30,0,0,0,1,10,5,0,200,200,0,0,1,26,0,200,0,200,200,200
391872,0,30,0,0,0,1,10,5,0,200,200,0,0,0,28,0,0,0,200,200,200
391872,1,30,0,0,0,1,10,5,0,200,200,0,0,1,200,0,200,200,200,200,200
391877,0,30,0,0,0,1,0,4,0,0,0,20,16,0,32,200,6,0,0,200,200
391877,0,30,0,0,0,1,0,4,0,0,0,20,16,0,200,200,0,0,0,200,200
391878,0,30,1,2,0,1,10,2,0,0,0,18,200,1,200,200,1,200,200,200,200
391878,0,30,1,2,0,1,10,2,0,0,0,18,200,1,37,0,0,0,0,200,200
391880,0,30,1,2,0,1,14,2,0,0,0,17,200,1,71,0,1,0,0,200,200
391880,0,30,1,2,0,1,14,2,0,0,0,17,200,1,61,0,0,0,0,200,200
391884,0,25,0,0,0,1,14,7,0,0,0,23,200,1,60,7,7,0,0,200,200
391884,0,25,0,0,0,1,14,7,0,0,0,23,200,2,200,200,0,200,200,200,200
391888,0,30,0,0,0,1,7,6,0,0,0,25,14,0,17,200,13,0,0,200,200
391888,1,30,0,0,0,1,7,6,0,0,0,25,14,0,17,200,200,200,200,200,200
391889,0,30,0,0,0,1,2,3,0,0,0,0,0,0,64,200,200,200,7,200,200
391901,0,25,1,2,0,1,3,3,0,0,0,11,0,0,64,0,12,200,0,200,200
391901,0,25,1,2,0,1,3,3,0,0,0,11,0,1,23,0,0,200,0,200,200
391901,1,25,1,2,0,1,3,3,0,0,0,11,0,1,24,0,200,200,200,200,200
391901,1,25,1,2,0,1,3,3,0,0,0,11,0,1,30,0,200,200,200,200,200
391901,1,25,1,2,0,1,3,3,0,0,0,11,0,1,21,0,200,200,200,200,200
391902,0,30,0,2,0,1,12,5,0,0,0,21,21,0,30,200,4,200,0,200,200
391902,0,30,0,2,0,1,12,5,0,0,0,21,21,1,38,200,0,0,0,200,200
391908,0,35,0,0,0,1,10,5,0,0,0,0,0,0,52,0,200,0,0,200,200
391908,0,35,0,0,0,1,10,5,0,0,0,0,0,1,44,0,200,0,0,200,200
391909,0,30,0,0,0,1,14,2,0,0,0,23,17,1,33,200,1,200,200,200,200
391909,0,30,0,0,0,1,14,2,0,0,0,23,17,1,67,200,0,200,0,200,200
391909,1,30,0,0,0,1,14,2,0,0,0,23,17,0,1,0,200,200,200,200,200
391913,0,30,0,0,0,1,3,5,0,0,0,20,11,0,200,200,6,200,200,200,200
391913,0,30,0,0,0,1,3,5,0,0,0,20,11,0,18,0,12,0,0,200,200
391914,0,30,0,0,0,1,12,5,0,200,200,22,22,1,200,200,2,200,200,200,200
391914,0,30,0,0,0,1,12,5,0,200,200,22,22,0,41,0,12,200,200,200,200
391915,0,30,1,2,0,1,10,5,0,0,0,18,0,0,29,0,3,0,0,200,200
391915,0,30,1,2,0,1,10,5,0,0,0,18,0,1,79,0,0,0,0,200,200
391918,0,30,1,2,0,1,2,2,0,0,4,0,200,0,42,200,200,200,0,200,200
391922,0,0,0,0,0,1,0,7,0,0,0,0,0,1,200,200,200,200,200,200,200
391922,0,0,0,0,0,1,0,7,0,0,0,0,0,0,62,0,0,0,0,200,200
391929,0,30,0,0,0,1,7,5,0,0,0,0,200,1,22,0,0,0,0,200,200
391935,0,25,0,0,0,1,7,6,0,0,0,0,200,2,200,200,200,200,200,200,200
391936,0,30,1,2,0,1,10,5,0,0,0,0,0,2,200,200,1,200,200,200,200
391936,0,30,1,2,0,1,10,5,0,0,0,0,0,1,36,0,0,0,0,200,200
391938,0,30,0,0,0,1,14,5,0,0,200,17,200,2,200,200,1,200,200,200,200
391938,0,30,0,0,0,1,14,5,0,0,200,17,200,1,49,0,0,0,0,200,200
391939,0,30,0,0,0,1,7,3,0,0,12,29,200,0,72,200,12,200,0,200,200
391939,1,30,0,0,0,1,7,3,0,0,12,29,200,1,71,200,200,200,200,200,200
391939,1,30,0,0,0,1,7,3,0,0,12,29,200,0,31,200,200,200,200,200,200
391941,0,30,0,0,0,1,7,7,0,0,200,0,0,1,200,200,6,200,200,200,200
391942,4,30,2,2,0,1,8,5,0,200,200,22,22,0,45,3,2,200,200,200,200
391942,0,30,2,2,0,1,8,5,0,200,200,22,22,1,46,0,12,200,0,200,200
391942,1,30,2,2,0,1,8,5,0,200,200,22,22,1,13,0,200,200,200,200,200
391946,0,30,0,0,0,1,0,5,0,0,0,0,0,0,200,200,200,200,200,200,200
391946,0,30,0,0,0,1,0,5,0,0,0,0,0,0,30,200,200,200,200,200,200
391948,0,35,1,2,0,1,10,5,0,0,0,18,0,0,39,0,3,0,0,200,200
391948,0,35,1,2,0,1,10,5,0,0,0,18,0,1,200,0,0,200,200,200,200
391950,0,30,0,0,0,1,7,6,0,0,0,0,0,2,200,200,200,200,200,200,200
391953,5,35,0,0,0,1,9,3,0,0,0,0,0,0,62,7,12,200,200,200,200
391953,0,35,0,0,0,1,9,3,0,0,0,0,0,1,200,200,200,200,200,200,200
391953,1,35,0,0,0,1,9,3,0,0,0,0,0,200,200,200,200,200,200,200,200
391955,0,30,0,0,0,1,7,12,0,0,0,11,200,0,28,200,6,200,0,200,200
391963,0,30,1,2,0,1,12,5,0,0,2,22,200,1,25,200,3,0,0,200,0
391963,0,30,1,2,0,1,12,5,0,0,2,22,200,0,35,200,0,0,0,200,200
391965,0,10,0,0,0,1,7,7,0,0,0,0,200,2,200,200,200,200,200,200,200
391968,0,40,0,0,0,1,12,6,0,0,0,22,0,0,200,0,4,200,200,200,200
391968,0,40,0,0,0,1,12,6,0,0,0,22,0,1,42,0,0,0,0,200,200
391971,5,30,1,2,0,1,9,2,0,0,0,0,0,1,55,200,0,0,0,200,200
391971,0,30,1,2,0,1,9,2,0,0,0,0,0,1,40,200,1,0,0,200,200
391974,0,35,0,0,0,1,7,5,0,0,0,2,0,1,27,200,15,200,200,200,1
391978,0,30,0,0,0,1,10,5,0,0,200,18,0,0,66,200,3,0,0,200,200
391978,0,30,0,0,0,1,10,5,0,0,200,18,0,1,36,0,0,0,0,200,200
391981,0,30,200,200,0,1,10,2,0,0,0,18,16,0,33,200,3,200,200,200,200
391981,0,30,200,200,0,1,10,2,0,0,0,18,16,1,37,0,0,0,0,200,200
391981,1,30,200,200,0,1,10,2,0,0,0,18,16,1,200,0,200,200,200,200,200
391982,0,30,0,0,0,1,3,5,0,0,0,17,200,1,0,7,1,0,0,200,200
391982,0,30,0,0,0,1,3,5,0,0,0,17,200,0,50,0,1,0,0,200,200
391984,0,30,0,0,0,1,10,5,0,0,0,16,200,1,35,0,3,0,0,200,200
391984,0,30,0,0,0,1,10,5,0,0,0,16,200,1,34,0,0,0,0,200,200
391984,0,30,0,0,0,1,10,5,0,0,0,16,200,1,40,0,0,0,0,200,200
391985,0,35,1,2,0,3,10,5,0,0,0,18,0,1,200,200,3,200,200,200,200
391985,0,35,1,2,0,3,10,5,0,0,0,18,0,1,55,0,1,0,0,200,200
391992,0,30,0,0,0,1,7,5,0,200,200,0,0,1,200,200,200,200,200,200,200
391995,0,30,0,0,200,200,7,5,0,200,0,0,200,2,200,200,200,200,200,200,200
391996,0,30,2,2,0,1,14,2,5,0,0,0,0,0,38,0,200,200,0,200,200
391996,0,30,2,2,0,1,14,2,5,0,0,0,0,1,24,200,200,200,0,200,200
391996,1,30,2,2,0,1,14,2,5,0,0,0,0,0,14,0,200,200,200,200,200
392000,0,30,0,0,0,1,12,3,0,0,0,0,0,0,38,0,12,0,0,200,200
392000,0,30,0,0,0,1,12,3,0,0,0,0,0,1,25,0,0,0,0,200,200
392000,1,30,0,0,0,1,12,3,0,0,0,0,0,0,16,0,200,200,200,200,200
392000,1,30,0,0,0,1,12,3,0,0,0,0,0,1,24,0,200,200,200,200,200
392002,0,30,0,0,0,1,12,6,0,0,0,0,200,1,200,200,0,200,200,200,200
392002,0,30,0,0,0,1,12,6,0,0,0,0,200,1,34,0,200,0,0,200,200
392005,0,30,0,0,0,1,7,5,0,0,0,0,0,0,41,0,0,0,0,200,200
392015,0,30,0,3,0,1,2,12,0,0,0,25,20,1,40,0,6,0,0,200,200
392015,1,30,0,3,0,1,2,12,0,0,0,25,20,0,26,0,200,200,200,200,200
392018,0,30,0,0,0,0,12,5,0,200,200,22,22,0,200,200,2,200,200,200,200
392018,0,30,0,0,0,0,12,5,0,200,200,22,22,0,30,0,12,200,200,200,200
392021,0,30,1,2,0,1,14,3,0,0,0,17,200,0,26,0,1,0,0,200,200
392021,0,30,1,2,0,1,14,3,0,0,0,17,200,1,45,0,0,0,0,200,200
392021,1,30,1,2,0,1,14,3,0,0,0,17,200,0,1,0,200,200,200,200,200
392022,0,30,0,0,0,1,7,6,0,0,0,11,200,1,14,200,8,200,0,200,200
392022,1,30,0,0,0,1,7,6,0,0,0,11,200,1,14,200,200,200,200,200,200
392028,0,30,0,0,0,1,9,5,0,0,0,33,200,0,43,0,7,6,0,200,200
392028,5,30,0,0,0,1,9,5,0,0,0,33,200,1,45,7,0,12,0,200,200
392030,0,30,0,0,0,1,7,5,0,0,0,0,200,0,29,7,0,0,0,200,200
392036,0,30,1,2,0,1,14,5,0,0,0,23,200,1,22,200,7,0,0,200,200
392036,0,30,1,2,0,1,14,5,0,0,0,23,200,0,40,200,0,0,0,200,200
392036,1,30,1,2,0,1,14,5,0,0,0,23,200,0,67,200,200,200,200,200,200
392037,0,30,0,0,0,1,8,5,0,0,0,0,0,1,48,200,200,200,200,200,200
392037,4,30,0,0,0,1,8,5,0,0,0,0,0,0,25,3,0,4,0,200,200
392040,0,10,0,0,0,1,7,7,0,0,0,200,200,2,200,200,200,200,200,200,200
392043,0,5,0,0,0,1,7,7,0,0,0,0,0,2,200,200,200,200,200,200,200
392047,0,30,0,0,0,1,12,2,0,0,0,0,0,1,45,0,0,0,0,200,200
392047,0,30,0,0,0,1,12,2,0,0,0,0,0,0,22,2,0,0,0,200,200
392047,1,30,0,0,0,1,12,2,0,0,0,0,0,1,54,0,200,200,200,200,200
392049,0,30,0,0,0,1,8,5,0,0,0,7,200,0,55,200,0,0,0,200,200
392049,4,30,0,0,0,1,8,5,0,0,0,7,200,1,24,3,0,0,0,200,200
392049,1,30,0,0,0,1,8,5,0,0,0,7,200,1,79,7,200,200,200,200,200
392061,0,30,0,0,0,1,7,6,0,200,200,0,0,2,200,200,200,200,200,200,200
392067,0,35,0,0,0,1,12,5,0,0,0,22,0,0,36,0,12,0,0,200,200
392067,0,35,0,0,0,1,12,5,0,0,0,22,0,1,55,0,0,0,0,200,200
392073,0,30,0,0,0,1,14,2,0,0,0,23,200,1,200,0,7,0,0,200,200
392073,0,30,0,0,0,1,14,2,0,0,0,23,200,1,20,0,0,0,0,200,200
392074,0,30,1,2,0,1,10,3,0,0,0,18,16,0,42,200,3,0,0,200,200
392074,0,30,1,2,0,1,10,3,0,0,0,18,16,0,23,200,0,0,0,200,200
392076,0,30,1,2,0,1,10,5,0,0,0,0,0,0,40,0,0,0,0,200,200
392076,0,30,1,2,0,1,10,5,0,0,0,0,0,0,25,0,0,0,0,200,200
392080,0,30,2,2,0,1,10,6,0,0,0,18,16,1,200,0,3,0,0,200,200
392080,0,30,2,2,0,1,10,6,0,0,0,18,16,1,200,200,0,0,0,200,200
392091,4,30,0,0,0,1,8,5,0,0,0,5,200,0,13,200,1,200,200,200,200
392091,0,30,0,0,0,1,8,5,0,0,0,5,200,1,70,200,0,0,0,200,200
392095,0,30,2,2,0,1,0,2,0,0,0,17,5,0,200,200,1,200,200,200,200
392095,0,30,2,2,0,1,0,2,0,0,0,17,5,1,29,200,0,0,0,200,200
392096,0,30,0,0,0,1,0,5,0,0,0,17,200,1,29,0,1,0,0,200,200
392096,0,30,0,0,0,1,0,5,0,0,0,17,200,1,59,0,0,0,0,200,200
392096,1,30,0,0,0,1,0,5,0,0,0,17,200,200,200,0,200,200,200,200,200
392096,1,30,0,0,0,1,0,5,0,0,0,17,200,1,82,0,200,200,200,200,200
392097,0,30,0,200,0,1,10,5,0,0,200,18,200,1,51,200,3,200,0,200,200
392097,0,30,0,200,0,1,10,5,0,0,200,18,200,1,40,200,12,200,0,200,200
392105,0,15,1,2,0,1,14,5,0,0,0,17,17,0,64,200,1,0,0,200,200
392105,0,15,1,2,0,1,14,5,0,0,0,17,17,1,43,200,0,0,0,200,200
392108,0,30,2,2,0,1,14,2,0,0,200,0,0,1,38,0,1,0,0,200,200
392108,0,30,2,2,0,1,14,2,0,0,200,0,0,0,25,0,0,0,0,200,200
392108,1,30,2,2,0,1,14,2,0,0,200,0,0,1,17,0,200,200,200,200,200
392108,1,30,2,2,0,1,14,2,0,0,200,0,0,1,17,0,200,200,200,200,200
392110,0,30,0,0,0,1,7,5,0,200,200,0,200,0,200,200,200,200,200,200,200
392110,1,30,0,0,0,1,7,5,0,200,200,0,200,0,32,200,200,200,200,200,200
392121,0,30,1,2,0,1,10,5,0,200,200,20,20,0,200,200,6,200,200,200,200
392121,0,30,1,2,0,1,10,5,0,200,200,20,20,0,35,0,12,200,0,200,200
392123,0,30,1,2,0,1,14,5,0,0,0,12,0,0,65,200,5,200,0,200,200
392123,0,30,1,2,0,1,14,5,0,0,0,12,0,0,29,200,0,200,0,200,200
392123,1,30,1,2,0,1,14,5,0,0,0,12,0,1,29,200,200,200,200,200,200
392123,1,30,1,2,0,1,14,5,0,0,0,12,0,1,200,200,200,200,200,200,200
392123,1,30,1,2,0,1,14,5,0,0,0,12,0,0,200,200,200,200,200,200,200
392127,0,30,0,0,0,1,7,6,0,0,0,22,200,0,35,200,2,200,200,200,200
392131,0,30,0,0,0,1,0,3,0,0,0,0,200,0,72,7,0,0,0,200,200
392131,0,30,0,0,0,1,0,3,0,0,0,0,200,1,0,7,0,0,0,200,200
392134,0,30,1,2,0,1,12,5,0,0,0,0,0,1,36,0,0,0,0,200,200
392134,0,30,1,2,0,1,12,5,0,0,0,0,0,0,36,0,0,0,0,200,200
392139,0,15,0,0,0,1,5,0,0,0,1,200,200,0,53,0,0,0,0,200,200
392141,0,25,0,0,0,1,7,6,0,0,200,0,200,0,42,200,200,200,200,200,200
392143,0,30,1,2,0,1,10,2,0,0,0,18,0,1,19,200,3,200,200,200,200
392143,0,30,1,2,0,1,10,2,0,0,0,18,0,1,23,0,12,0,0,200,200
392146,0,30,2,2,0,1,12,3,0,0,0,18,200,0,200,200,3,200,200,200,200
392146,0,30,2,2,0,1,12,3,0,0,0,18,200,0,36,0,0,0,0,200,200
392146,1,30,2,2,0,1,12,3,0,0,0,18,200,1,200,0,200,200,200,200,200
392154,0,30,0,0,0,1,12,2,0,0,0,0,0,1,43,0,200,0,0,200,200
392154,0,30,0,0,0,1,12,2,0,0,0,0,0,1,38,0,200,0,0,200,200
392154,1,30,0,0,0,1,12,2,0,0,0,0,0,0,8,5,200,200,200,200,200
392158,0,30,1,2,0,1,10,5,0,0,12,27,27,1,41,0,1,0,8,200,200
392158,0,30,1,2,0,1,10,5,0,0,12,27,27,1,64,0,0,0,0,200,200
392159,0,30,0,0,0,1,12,6,0,0,0,25,22,0,23,200,12,200,0,200,200
392159,0,30,0,0,0,1,12,6,0,0,0,25,22,1,21,200,12,200,0,200,200
392159,0,30,0,0,0,1,12,6,0,0,0,25,22,0,30,200,12,200,0,200,200
392159,0,30,0,0,0,1,12,6,0,0,0,25,22,0,27,200,200,200,0,200,200
392159,1,30,0,0,0,1,12,6,0,0,0,25,22,200,200,200,200,200,200,200,200
392170,0,30,0,0,0,3,7,7,0,0,0,0,0,2,200,200,200,200,200,200,200
392171,0,30,1,2,0,1,10,5,0,0,0,18,200,0,66,0,3,0,0,200,200
392171,0,30,1,2,0,1,10,5,0,0,0,18,200,1,53,0,0,0,0,200,200
392174,0,35,0,0,0,1,7,5,0,0,0,0,0,0,63,0,200,0,0,200,200
392178,0,30,0,0,0,1,12,5,0,0,0,22,200,1,27,0,2,0,0,200,200
392178,0,30,0,0,0,1,12,5,0,0,0,22,200,0,35,200,0,0,0,200,200
392194,0,30,0,0,0,1,7,6,0,0,0,0,200,1,200,200,200,200,200,200,200
392196,0,30,1,2,0,1,12,6,0,0,0,0,0,0,200,200,1,0,0,200,200
392196,0,30,1,2,0,1,12,6,0,0,0,0,0,0,200,0,0,0,0,200,200
392197,0,25,0,0,0,1,3,5,0,0,0,20,0,1,30,0,6,0,0,200,200
392197,0,25,0,0,0,1,3,5,0,0,0,20,0,0,23,0,12,0,0,200,200
392201,0,15,0,0,0,1,0,7,0,0,0,17,17,1,38,0,1,200,0,200,200
392201,0,15,0,0,0,1,0,7,0,0,0,17,17,1,31,0,0,0,0,200,200
392205,0,30,1,2,0,1,12,2,0,0,0,22,200,2,200,200,200,200,200,200,200
392205,0,30,1,2,0,1,12,2,0,0,0,22,200,0,200,200,0,200,0,200,200
392206,0,30,200,200,200,200,0,200,0,200,200,0,200,0,200,1,200,200,200,200,200
392206,0,30,200,200,200,200,0,200,0,200,200,0,200,0,32,0,200,200,200,200,200
392206,1,30,200,200,200,200,0,200,0,200,200,0,200,1,200,200,200,200,200,200,200
392210,0,30,0,0,0,4,12,3,0,0,0,17,16,1,26,0,1,0,0,200,200
392210,0,30,0,0,0,4,12,3,0,0,0,17,16,0,34,0,0,0,0,200,200
392210,1,30,0,0,0,4,12,3,0,0,0,17,16,1,200,0,200,200,200,200,200
392214,0,30,1,2,0,1,10,2,0,0,0,16,0,0,46,0,8,200,200,200,200
392214,0,30,1,2,0,1,10,2,0,0,0,16,0,1,81,0,0,0,0,200,200
392214,1,30,1,2,0,1,10,2,0,0,0,16,0,0,39,0,200,200,200,200,200
392246,0,30,0,0,0,1,7,2,0,0,0,23,200,1,26,0,7,0,0,200,200
392252,0,30,0,0,0,1,7,5,0,0,0,0,0,2,200,200,1,200,200,200,200
392253,0,30,0,0,0,4,10,1,0,0,0,16,200,1,51,200,1,0,0,200,200
392253,0,30,0,0,0,4,10,1,0,0,0,16,200,0,31,200,0,0,0,200,200
392253,0,30,0,0,0,4,10,1,0,0,0,16,200,1,63,200,0,0,0,200,200
392258,0,30,1,2,0,3,0,5,0,0,0,16,0,0,26,0,1,0,0,200,200
392258,0,30,1,2,0,3,0,5,0,0,0,16,0,0,43,0,14,0,0,200,200
392258,1,30,1,2,0,3,0,5,0,0,0,16,0,0,32,7,200,200,200,200,200
392263,0,30,0,0,0,1,10,5,0,0,0,20,18,0,45,0,6,0,0,200,200
392263,0,30,0,0,0,1,10,5,0,0,0,20,18,1,58,0,3,0,0,200,200
392269,0,30,1,2,0,1,12,5,0,0,0,0,0,0,200,200,200,0,0,200,200
392269,0,30,1,2,0,1,12,5,0,0,0,0,0,1,200,0,0,0,0,200,200
392270,0,30,1,0,0,4,7,6,0,0,200,20,20,0,200,200,6,200,200,200,200
392271,0,30,1,2,0,3,12,2,0,0,0,11,11,0,21,0,200,0,0,200,200
392271,0,30,1,2,0,3,12,2,0,0,0,11,11,0,48,0,0,0,0,200,200
392282,0,25,0,0,0,4,7,6,0,0,0,0,0,0,46,0,200,200,0,200,200
392293,0,30,0,0,0,1,12,3,0,0,200,21,0,0,28,200,4,200,200,200,200