RD_NO,PERSON_TYPE,POSTED_SPEED_LIMIT,TRAFFIC_CONTROL_DEVICE,DEVICE_CONDITION,WEATHER_CONDITION,LIGHTING_CONDITION,FIRST_CRASH_TYPE,TRAFFICWAY_TYPE,ALIGNMENT,ROADWAY_SURFACE_COND,ROAD_DEFECT,PRIM_CONTRIBUTORY_CAUSE,SEC_CONTRIBUTORY_CAUSE,SEX,AGE,SAFETY_EQUIPMENT,DRIVER_ACTION,DRIVER_VISION,PHYSICAL_CONDITION,BAC_RESULT VALUE,CELL_PHONE_USE
392293,0,30,0,0,0,1,12,3,0,0,200,21,0,1,39,0,0,0,200,200,200
392297,0,30,1,2,0,4,10,5,0,0,0,18,18,0,200,200,3,200,200,200,200
392297,0,30,1,2,0,4,10,5,0,0,0,18,18,0,59,200,0,0,0,200,200
392298,0,30,1,200,0,3,12,3,0,0,0,0,0,0,47,0,200,200,0,200,200
392298,0,30,1,200,0,3,12,3,0,0,0,0,0,0,55,0,200,200,0,200,200
392298,1,30,1,200,0,3,12,3,0,0,0,0,0,0,43,0,200,200,200,200,200
392298,1,30,1,200,0,3,12,3,0,0,0,0,0,0,49,0,200,200,200,200,200
392298,1,30,1,200,0,3,12,3,0,0,0,0,0,0,6,0,200,200,200,200,200
392298,1,30,1,200,0,3,12,3,0,0,0,0,0,0,47,0,200,200,200,200,200
392298,1,30,1,200,0,3,12,3,0,0,0,0,0,1,4,0,200,200,200,200,200
392310,0,35,0,0,0,3,7,6,0,0,0,23,0,1,31,0,7,0,0,200,200
392341,0,30,2,200,0,200,10,5,0,200,200,18,16,1,64,200,3,200,0,200,200
392341,0,30,2,200,0,200,10,5,0,200,200,18,16,0,53,200,0,0,0,200,200
392346,0,30,2,2,0,3,10,5,0,0,0,0,0,2,200,200,3,200,200,200,200
392346,0,30,2,2,0,3,10,5,0,0,0,0,0,1,29,0,0,0,0,200,200
392346,1,30,2,2,0,3,10,5,0,0,0,0,0,0,14,0,200,200,200,200,200
392346,1,30,2,2,0,3,10,5,0,0,0,0,0,0,18,0,200,200,200,200,200
392346,1,30,2,2,0,3,10,5,0,0,0,0,0,1,19,0,200,200,200,200,200
392347,0,30,2,0,0,4,10,5,0,0,0,18,200,0,200,200,3,200,200,200,200
392347,0,30,2,0,0,4,10,5,0,0,0,18,200,0,32,200,0,0,0,200,200
392347,0,30,2,0,0,4,10,5,0,0,0,18,200,0,57,200,0,200,0,200,200
392347,1,30,2,0,0,4,10,5,0,0,0,18,200,1,200,200,200,200,200,200,200
392347,1,30,2,0,0,4,10,5,0,0,0,18,200,0,200,200,200,200,200,200,200
392352,0,30,1,200,0,200,10,5,0,200,200,18,16,1,32,200,3,200,200,200,200
392352,0,30,1,200,0,200,10,5,0,200,200,18,16,0,22,0,0,200,0,200,200
392352,1,30,1,200,0,200,10,5,0,200,200,18,16,1,22,0,200,200,200,200,200
392355,0,30,1,2,0,1,14,5,0,0,0,23,0,0,20,0,0,0,0,200,200
392355,0,30,1,2,0,1,14,5,0,0,0,23,0,0,18,0,7,0,0,200,200
392361,0,30,0,0,0,3,7,5,0,0,0,0,200,1,200,200,200,200,200,200,200
392364,5,35,0,0,0,0,9,5,0,0,0,200,200,1,21,7,12,200,0,200,200
392364,5,35,0,0,0,0,9,5,0,0,0,200,200,0,21,7,12,12,0,200,200
392364,0,35,0,0,0,0,9,5,0,0,0,200,200,0,76,200,12,200,0,200,0
392376,0,30,0,0,0,0,7,5,0,0,0,0,0,0,200,200,2,200,200,200,200
392377,0,30,0,0,0,1,7,2,0,0,0,20,21,0,55,0,6,0,0,200,200
392377,5,30,0,0,0,1,7,2,0,0,0,20,21,1,47,200,12,12,0,200,200
392406,0,30,0,0,0,3,2,5,0,0,1,0,0,1,26,0,0,0,0,200,200
392417,0,30,1,2,0,0,10,5,0,0,0,18,200,0,200,200,3,200,200,200,200
392417,0,30,1,2,0,0,10,5,0,0,0,18,200,0,43,0,0,0,0,200,200
392420,0,35,1,1,0,3,10,5,3,0,0,25,0,2,200,200,200,200,200,200,200
392420,0,35,1,1,0,3,10,5,3,0,0,25,0,1,44,0,0,0,0,200,200
392420,0,35,1,1,0,3,10,5,3,0,0,25,0,0,47,0,0,0,0,200,200
392420,1,35,1,1,0,3,10,5,3,0,0,25,0,0,37,0,200,200,200,200,200
392420,1,35,1,1,0,3,10,5,3,0,0,25,0,0,47,0,200,200,200,200,200
392420,1,35,1,1,0,3,10,5,3,0,0,25,0,1,38,0,200,200,200,200,200
392420,1,35,1,1,0,3,10,5,3,0,0,25,0,1,29,0,200,200,200,200,200
392422,0,30,1,2,0,3,0,12,2,0,0,12,6,1,17,0,12,0,0,200,200
392422,0,30,1,2,0,3,0,12,2,0,0,12,6,0,27,0,0,0,0,200,200
392422,5,30,1,2,0,3,0,12,2,0,0,12,6,0,25,7,0,0,0,200,200
392422,1,30,1,2,0,3,0,12,2,0,0,12,6,0,35,0,200,200,200,200,200
392422,1,30,1,2,0,3,0,12,2,0,0,12,6,1,52,0,200,200,200,200,200
392422,1,30,1,2,0,3,0,12,2,0,0,12,6,1,17,0,200,200,200,200,200
392422,1,30,1,2,0,3,0,12,2,0,0,12,6,1,19,0,200,200,200,200,200
392424,4,30,1,2,0,0,8,2,0,0,200,0,200,1,0,2,5,200,0,200,200
392424,0,30,1,2,0,0,8,2,0,0,200,0,200,0,25,200,200,0,0,200,200
392426,0,10,200,200,0,0,2,0,0,200,0,0,0,2,200,200,200,200,200,200,200
392436,0,9,0,0,0,1,0,5,0,0,0,0,200,1,200,200,6,200,200,200,200
392436,0,9,0,0,0,1,0,5,0,0,0,0,200,1,51,0,0,0,0,200,200
392436,1,9,0,0,0,1,0,5,0,0,0,0,200,1,200,0,200,200,200,200,200
392445,0,30,1,2,0,3,10,5,0,0,0,18,16,0,17,0,3,0,0,200,200
392445,0,30,1,2,0,3,10,5,0,0,0,18,16,1,42,0,12,0,0,200,200
392445,1,30,1,2,0,3,10,5,0,0,0,18,16,1,11,0,200,200,200,200,200
392445,1,30,1,2,0,3,10,5,0,0,0,18,16,200,9,0,200,200,200,200,200
392445,1,30,1,2,0,3,10,5,0,0,0,18,16,1,6,0,200,200,200,200,200
392445,1,30,1,2,0,3,10,5,0,0,0,18,16,1,8,0,200,200,200,200,200
392446,0,15,0,0,0,3,10,7,0,0,0,17,18,0,27,200,1,0,0,200,200
392446,0,15,0,0,0,3,10,7,0,0,0,17,18,1,31,0,0,0,0,200,200
392458,0,30,2,2,0,3,14,12,0,0,0,23,23,0,0,0,7,0,0,200,200
392458,0,30,2,2,0,3,14,12,0,0,0,23,23,0,39,0,0,0,0,200,200
392460,0,30,2,2,0,3,14,5,3,0,0,14,0,0,200,200,12,200,200,200,200
392460,0,30,2,2,0,3,14,5,3,0,0,14,0,0,54,0,0,0,0,200,200
392460,0,30,2,2,0,3,14,5,3,0,0,14,0,1,33,0,0,0,0,200,200
392460,1,30,2,2,0,3,14,5,3,0,0,14,0,1,31,200,200,200,200,200,200
392460,1,30,2,2,0,3,14,5,3,0,0,14,0,0,200,200,200,200,200,200,200
392481,0,30,1,2,0,3,0,5,0,0,0,6,200,2,200,0,200,200,0,200,200
392481,0,30,1,2,0,3,0,5,0,0,0,6,200,0,24,200,1,0,0,200,200
392481,1,30,1,2,0,3,0,5,0,0,0,6,200,0,200,0,200,200,200,200,200
392481,1,30,1,2,0,3,0,5,0,0,0,6,200,0,42,200,200,200,200,200,200
392492,0,30,0,0,0,0,11,5,0,0,200,0,200,0,39,200,200,0,200,200,200
392492,0,30,0,0,0,0,11,5,0,0,200,0,200,0,27,200,200,0,200,200,200
392496,0,30,1,2,0,3,0,5,0,0,0,6,14,0,200,200,5,200,200,200,200
392496,0,30,1,2,0,3,0,5,0,0,0,6,14,0,52,0,0,0,0,200,200
392498,0,30,1,2,0,3,5,3,0,0,0,200,200,0,27,200,12,0,0,200,200
392502,0,30,1,2,0,3,10,8,0,0,0,200,200,2,200,200,200,200,200,200,200
392502,0,30,1,2,0,3,10,8,0,0,0,200,200,0,39,2,200,0,0,200,200
392505,0,20,0,0,0,3,7,6,0,0,0,20,16,1,50,200,6,200,200,200,200
392523,0,35,1,2,0,3,10,3,0,0,0,0,200,0,57,200,3,200,200,200,200
392523,0,35,1,2,0,3,10,3,0,0,0,0,200,0,24,200,0,0,0,200,200
392524,0,35,0,0,0,0,7,6,0,0,0,32,32,0,37,200,12,200,5,200,200
392538,0,45,1,2,0,3,0,3,0,0,0,6,200,0,38,0,5,0,1,200,200
392538,0,45,1,2,0,3,0,3,0,0,0,6,200,0,42,0,0,0,0,200,200
392538,1,45,1,2,0,3,0,3,0,0,0,6,200,0,200,200,200,200,200,200,200
392538,1,45,1,2,0,3,0,3,0,0,0,6,200,0,200,200,200,200,200,200,200
392558,0,30,0,0,0,3,7,7,0,0,0,20,200,0,200,200,6,200,200,200,200
392565,0,30,2,2,0,3,14,6,0,0,0,17,0,2,200,200,1,200,200,200,200
392565,0,30,2,2,0,3,14,6,0,0,0,17,0,0,69,200,0,0,0,200,200
392592,0,20,0,0,200,200,7,6,0,200,200,0,0,2,200,200,200,200,200,200,200
392594,0,30,1,2,0,3,0,2,0,0,0,6,0,2,200,200,200,200,200,200,200
392594,0,30,1,2,0,3,0,2,0,0,0,6,0,0,59,200,0,0,0,200,200
392597,0,35,0,0,0,3,2,5,0,0,0,200,200,0,33,200,12,0,0,200,200
392620,0,30,0,0,0,2,7,5,0,0,4,0,0,0,55,200,2,200,0,200,200
392621,0,30,1,2,0,2,14,1,0,0,0,17,17,1,41,200,1,200,200,200,200
392621,0,30,1,2,0,2,14,1,0,0,0,17,17,0,50,200,12,200,200,200,200
392621,1,30,1,2,0,2,14,1,0,0,0,17,17,0,32,200,200,200,200,200,200
392632,0,0,0,0,0,3,10,3,0,12,12,0,200,1,41,200,12,0,0,200,200
392632,0,0,0,0,0,3,10,3,0,12,12,0,200,1,20,200,0,200,200,200,200
392654,0,30,0,0,0,1,14,5,0,0,0,17,0,2,200,200,1,200,200,200,200
392654,0,30,0,0,0,1,14,5,0,0,0,17,0,0,36,0,0,0,0,200,200
392655,0,30,1,2,0,1,14,5,0,0,0,23,22,1,49,0,7,0,0,200,200
392655,0,30,1,2,0,1,14,5,0,0,0,23,22,1,35,0,0,0,0,200,200
392655,1,30,1,2,0,1,14,5,0,0,0,23,22,1,5,5,200,200,200,200,200
392656,0,35,2,0,0,1,14,5,0,0,0,7,0,1,23,200,12,200,200,200,200
392656,0,35,2,0,0,1,14,5,0,0,0,7,0,1,36,0,12,0,0,200,200
392659,0,30,1,2,0,1,12,3,0,0,0,23,200,1,50,0,7,0,0,200,200
392659,0,30,1,2,0,1,12,3,0,0,0,23,200,1,44,0,0,0,0,200,200
392666,0,30,0,0,0,1,10,5,0,0,0,18,200,0,52,200,3,200,0,200,200
392666,0,30,0,0,0,1,10,5,0,0,0,18,200,0,62,200,12,200,0,200,200
392669,0,30,0,0,0,1,12,2,0,0,2,21,200,1,42,200,1,200,0,200,200
392669,0,30,0,0,0,1,12,2,0,0,2,21,200,1,50,0,0,200,0,200,200
392670,0,30,0,0,0,1,7,5,0,0,0,0,0,0,44,0,200,200,0,200,200
392674,0,30,0,0,0,1,14,5,0,0,0,23,11,0,32,0,7,0,0,200,200
392674,0,30,0,0,0,1,14,5,0,0,0,23,11,0,28,0,0,0,0,200,200
392679,0,30,1,2,0,1,10,3,0,0,0,0,200,0,200,200,0,200,200,200,200
392679,0,30,1,2,0,1,10,3,0,0,0,0,200,1,54,0,0,0,0,200,200
392679,1,30,1,2,0,1,10,3,0,0,0,0,200,0,200,200,200,200,200,200,200
392681,0,30,0,0,0,1,12,2,0,0,0,17,22,0,45,0,1,0,0,200,200
392681,0,30,0,0,0,1,12,2,0,0,0,17,22,0,34,0,0,0,0,200,200
392681,1,30,0,0,0,1,12,2,0,0,0,17,22,0,200,0,200,200,200,200,200
392682,0,30,1,2,0,4,10,2,0,0,0,18,0,0,200,200,3,200,200,200,200
392682,0,30,1,2,0,4,10,2,0,0,0,18,0,0,80,1,0,200,0,200,200
392682,1,30,1,2,0,4,10,2,0,0,0,18,0,1,200,0,200,200,200,200,200
392682,1,30,1,2,0,4,10,2,0,0,0,18,0,1,200,0,200,200,200,200,200
392683,0,30,2,2,0,1,10,2,0,0,0,11,0,1,47,0,3,0,0,200,200
392683,0,30,2,2,0,1,10,2,0,0,0,11,0,0,63,0,0,0,0,200,200
392695,0,0,0,0,2,1,7,5,0,0,0,20,0,0,29,0,12,0,0,200,200
392695,1,0,0,0,2,1,7,5,0,0,0,20,0,1,28,0,200,200,200,200,200
392696,0,30,1,2,0,1,10,5,0,0,0,18,200,1,21,0,3,0,0,200,200
392696,0,30,1,2,0,1,10,5,0,0,0,18,200,1,30,0,0,0,0,200,200
392700,0,20,0,0,0,1,7,5,0,0,0,7,18,0,200,200,3,200,200,200,200
392700,1,20,0,0,0,1,7,5,0,0,0,7,18,1,200,200,200,200,200,200,200
392706,0,30,2,2,0,1,0,2,0,0,0,17,0,1,41,0,1,0,0,200,200
392706,0,30,2,2,0,1,0,2,0,0,0,17,0,0,41,0,0,0,5,200,200
392706,1,30,2,2,0,1,0,2,0,0,0,17,0,0,27,0,200,200,200,200,200
392711,0,30,0,0,0,1,4,7,0,0,0,12,0,1,34,200,0,0,0,200,200
392718,0,30,0,0,0,1,10,5,0,0,200,18,0,0,200,200,3,200,200,200,200
392718,0,30,0,0,0,1,10,5,0,0,200,18,0,1,67,0,200,200,0,200,200
392724,0,30,1,2,0,1,8,2,0,0,0,17,11,1,21,0,1,0,0,200,200
392724,4,30,1,2,0,1,8,2,0,0,0,17,11,1,200,200,0,200,200,200,200
392727,0,20,0,0,0,1,7,6,0,0,0,0,0,2,200,200,200,200,200,200,200
392744,0,30,1,2,0,1,3,5,0,0,0,20,200,0,46,0,6,200,0,200,200
392744,0,30,1,2,0,1,3,5,0,0,0,20,200,0,18,0,0,0,0,200,200
392745,0,15,0,0,0,1,14,0,0,0,0,17,17,0,30,200,200,200,200,200,200
392745,0,15,0,0,0,1,14,0,0,0,0,17,17,0,47,200,1,200,200,200,200
392748,0,30,1,2,0,1,10,3,0,0,0,16,18,0,46,0,3,0,0,200,200
392748,0,30,1,2,0,1,10,3,0,0,0,16,18,1,69,0,0,0,0,200,200
392748,0,30,1,2,0,1,10,3,0,0,0,16,18,0,59,0,0,0,0,200,200
392748,1,30,1,2,0,1,10,3,0,0,0,16,18,1,63,0,200,200,200,200,200
392754,0,20,0,0,0,1,12,6,0,0,0,22,200,1,33,0,2,0,0,200,200
392754,0,20,0,0,0,1,12,6,0,0,0,22,200,0,63,0,0,0,0,200,200
392755,0,30,0,0,0,1,14,3,0,0,200,23,200,0,27,0,7,200,0,200,200
392755,0,30,0,0,0,1,14,3,0,0,200,23,200,0,43,0,0,200,0,200,200
392755,1,30,0,0,0,1,14,3,0,0,200,23,200,1,42,0,200,200,200,200,200
392755,1,30,0,0,0,1,14,3,0,0,200,23,200,1,70,0,200,200,200,200,200
392756,0,30,2,2,0,1,0,6,0,0,0,17,200,1,57,0,1,0,0,200,200
392756,0,30,2,2,0,1,0,6,0,0,0,17,200,0,24,0,0,0,0,200,200
392756,1,30,2,2,0,1,0,6,0,0,0,17,200,0,20,0,200,200,200,200,200
392756,1,30,2,2,0,1,0,6,0,0,0,17,200,0,23,0,200,200,200,200,200
392758,0,30,0,0,0,1,7,5,0,0,0,12,200,0,43,200,12,0,0,200,200
392758,1,30,0,0,0,1,7,5,0,0,0,12,200,0,44,200,200,200,200,200,200
392767,0,30,2,2,0,1,10,2,0,0,0,17,200,0,38,0,1,0,0,200,200
392767,0,30,2,2,0,1,10,2,0,0,0,17,200,1,31,0,0,0,0,200,200
392767,1,30,2,2,0,1,10,2,0,0,0,17,200,1,58,0,200,200,200,200,200
392767,1,30,2,2,0,1,10,2,0,0,0,17,200,1,9,0,200,200,200,200,200
392767,1,30,2,2,0,1,10,2,0,0,0,17,200,0,8,0,200,200,200,200,200
392775,0,25,0,0,0,1,7,5,0,0,0,200,200,2,200,200,200,200,200,200,200
392776,0,30,0,0,0,1,12,5,0,0,0,200,200,1,28,200,200,200,200,200,200
392776,0,30,0,0,0,1,12,5,0,0,0,200,200,0,25,200,200,200,0,200,200
392781,0,30,0,0,0,1,7,2,0,0,0,0,0,2,200,200,200,200,200,200,200
392787,0,25,0,0,0,1,14,5,0,0,0,17,200,1,25,0,1,0,0,200,200
392787,0,25,0,0,0,1,14,5,0,0,0,17,200,0,30,0,0,0,0,200,200
392788,0,45,1,2,0,1,10,3,0,0,0,16,200,1,200,2,12,0,0,200,200
392788,0,45,1,2,0,1,10,3,0,0,0,16,200,0,24,0,0,0,0,200,200
392788,1,45,1,2,0,1,10,3,0,0,0,16,200,200,200,0,200,200,200,200,200
392792,0,30,0,0,0,1,7,6,0,0,0,0,0,2,200,200,200,200,200,200,200
392802,0,25,0,0,0,1,7,5,0,0,0,0,0,1,0,200,200,200,0,200,200
392804,0,30,0,0,0,200,7,5,0,200,0,16,0,2,200,200,200,200,200,200,200
392805,0,30,1,2,0,1,14,5,0,0,0,18,0,1,200,200,8,200,200,200,200
392805,0,30,1,2,0,1,14,5,0,0,0,18,0,0,68,0,0,0,0,200,200
392818,0,30,0,0,0,1,7,12,0,0,0,0,200,0,200,200,12,200,200,200,200
392821,0,30,200,200,0,200,7,2,0,200,0,0,0,2,200,200,200,200,200,200,200
392830,0,15,0,0,0,1,2,0,0,12,0,11,200,0,53,200,12,12,0,200,200
392831,0,30,0,0,0,1,7,5,0,0,0,7,7,0,24,0,12,0,0,200,200
392834,0,25,0,0,0,1,7,6,0,0,0,0,0,0,200,200,200,200,200,200,200
392845,0,30,1,2,0,1,14,5,0,0,0,16,0,0,36,200,8,0,0,200,200
392845,0,30,1,2,0,1,14,5,0,0,0,16,0,1,49,200,12,0,0,200,200
392846,0,30,2,2,0,1,0,2,0,0,0,17,200,1,25,0,1,0,0,200,200
392846,0,30,2,2,0,1,0,2,0,0,0,17,200,0,47,0,200,0,0,200,200
392846,1,30,2,2,0,1,0,2,0,0,0,17,200,0,21,0,200,200,200,200,200
392849,0,15,0,0,0,1,7,5,0,0,0,23,200,1,79,0,7,0,0,200,200
392858,0,15,0,0,0,1,7,6,0,0,0,0,0,0,200,200,200,200,200,200,200
392873,0,30,0,0,0,1,10,2,0,0,0,7,200,1,22,200,12,200,0,200,200
392873,0,30,0,0,0,1,10,2,0,0,0,7,200,0,30,200,12,200,0,200,200
392873,1,30,0,0,0,1,10,2,0,0,0,7,200,1,51,200,200,200,200,200,200
392873,1,30,0,0,0,1,10,2,0,0,0,7,200,1,13,200,200,200,200,200,200
392873,1,30,0,0,0,1,10,2,0,0,0,7,200,1,11,200,200,200,200,200,200
392873,1,30,0,0,0,1,10,2,0,0,0,7,200,0,6,200,200,200,200,200,200
392873,1,30,0,0,0,1,10,2,0,0,0,7,200,1,2,200,200,200,200,200,200
392893,0,30,0,0,0,1,14,5,0,0,0,0,0,2,200,200,200,200,200,200,200
392893,0,30,0,0,0,1,14,5,0,0,0,0,0,0,31,200,200,200,200,200,200
392893,1,30,0,0,0,1,14,5,0,0,0,0,0,1,200,200,200,200,200,200,200
392900,0,30,0,0,0,1,7,5,0,0,0,0,0,2,200,200,200,200,200,200,200
392904,0,25,2,0,0,1,8,6,0,0,0,0,200,1,47,0,200,200,0,200,200
392904,4,25,2,0,0,1,8,6,0,0,0,0,200,0,200,7,0,200,200,200,200
392909,0,30,0,0,0,1,12,2,0,0,0,17,22,0,200,200,1,200,200,200,200
392909,0,30,0,0,0,1,12,2,0,0,0,17,22,0,49,0,0,0,0,200,200
392915,0,30,0,0,0,1,12,5,0,0,0,0,0,0,49,200,4,200,200,200,200
392915,0,30,0,0,0,1,12,5,0,0,0,0,0,0,78,200,200,200,200,200,200
392917,0,30,1,2,0,1,12,5,0,0,0,17,200,0,29,200,1,200,0,200,200
392917,0,30,1,2,0,1,12,5,0,0,0,17,200,1,41,200,0,200,0,200,200
392922,0,15,0,0,0,1,2,0,0,0,0,200,200,0,55,0,0,200,0,200,200
392922,1,15,0,0,0,1,2,0,0,0,0,200,200,0,52,0,200,200,200,200,200
392923,0,30,0,0,0,1,7,6,0,0,0,0,0,2,200,200,200,200,200,200,200
392926,0,30,0,0,0,3,7,6,0,200,0,0,200,2,200,200,200,200,200,200,200
392931,0,30,1,1,0,1,14,2,0,0,0,200,200,0,41,0,200,0,0,200,200
392931,0,30,1,1,0,1,14,2,0,0,0,200,200,0,33,0,200,0,0,200,200
392944,0,30,0,0,0,1,0,5,0,0,0,23,23,1,23,0,12,0,0,200,200
392944,0,30,0,0,0,1,0,5,0,0,0,23,23,1,24,0,0,0,0,200,200
392947,0,30,1,2,0,1,14,5,0,0,0,17,200,0,47,0,1,1,0,200,200
392947,0,30,1,2,0,1,14,5,0,0,0,17,200,0,47,0,0,0,0,200,200
392947,1,30,1,2,0,1,14,5,0,0,0,17,200,1,27,0,200,200,200,200,200
392948,0,25,0,0,0,1,3,7,3,0,0,0,0,0,59,200,200,200,200,200,200
392948,0,25,0,0,0,1,3,7,3,0,0,0,0,1,18,0,0,0,0,200,200
392949,0,25,2,2,0,1,14,5,3,0,0,23,23,0,60,0,7,200,0,200,200
392949,0,25,2,2,0,1,14,5,3,0,0,23,23,0,28,0,0,0,0,200,200
392951,0,10,0,0,0,1,5,0,0,0,0,0,200,0,200,200,200,200,200,200,200
392966,0,30,2,2,0,1,0,5,0,0,0,17,200,0,200,200,1,200,200,200,200
392966,0,30,2,2,0,1,0,5,0,0,0,17,200,0,78,0,0,0,0,200,200
392966,1,30,2,2,0,1,0,5,0,0,0,17,200,1,73,0,200,200,200,200,200
392968,0,30,0,2,0,1,10,5,0,0,0,0,200,1,200,200,200,200,200,200,200
392968,0,30,0,2,0,1,10,5,0,0,0,0,200,1,79,0,0,0,0,200,200
392969,0,30,0,0,0,2,10,6,0,0,0,16,200,0,26,0,3,0,0,200,200
392969,0,30,0,0,0,2,10,6,0,0,0,16,200,0,46,200,0,0,0,200,200
392978,0,35,1,2,0,1,14,2,0,0,0,23,200,0,68,200,7,12,0,200,200
392978,0,35,1,2,0,1,14,2,0,0,0,23,200,0,29,200,0,0,0,200,200
392980,0,30,0,0,0,1,12,5,0,0,0,0,200,1,51,200,3,0,0,200,200
392980,0,30,0,0,0,1,12,5,0,0,0,0,200,0,51,0,0,0,0,200,200
392980,1,30,0,0,0,1,12,5,0,0,0,0,200,0,200,0,200,200,200,200,200
392984,0,30,1,2,0,1,10,5,0,0,200,0,0,1,59,200,200,200,200,200,200
392984,0,30,1,2,0,1,10,5,0,0,200,0,0,1,200,0,0,0,0,200,200
392994,0,30,1,2,0,1,10,5,0,0,0,0,0,1,27,0,200,200,0,200,200
392994,0,30,1,2,0,1,10,5,0,0,0,0,0,0,41,0,200,200,0,200,200
392994,0,30,1,2,0,1,10,5,0,0,0,0,0,0,49,0,200,200,0,200,200
392994,1,30,1,2,0,1,10,5,0,0,0,0,0,0,24,0,200,200,200,200,200
392996,0,30,0,0,0,1,10,2,0,0,0,18,0,0,29,0,3,0,0,200,200
392996,0,30,0,0,0,1,10,2,0,0,0,18,0,0,31,0,0,0,0,200,200
392996,1,30,0,0,0,1,10,2,0,0,0,18,0,1,33,0,200,200,200,200,200
392996,1,30,0,0,0,1,10,2,0,0,0,18,0,1,28,0,200,200,200,200,200
392997,0,30,2,2,0,1,14,5,0,0,0,5,17,0,200,200,5,200,200,200,200
392997,0,30,2,2,0,1,14,5,0,0,0,5,17,1,33,0,0,0,0,200,200
392998,0,15,0,0,0,1,7,7,0,0,0,22,0,0,76,0,2,5,0,200,200
392999,0,30,0,0,0,3,0,5,0,0,0,0,0,2,200,200,200,200,200,200,200
392999,0,30,0,0,0,3,0,5,0,0,0,0,0,1,34,0,0,0,0,200,200
393002,0,30,1,2,0,1,14,5,0,0,0,0,0,0,35,0,200,0,0,200,200
393002,0,30,1,2,0,1,14,5,0,0,0,0,0,0,38,0,200,0,0,200,200
393006,0,30,1,2,0,1,12,5,0,0,0,0,200,0,61,0,200,0,0,200,200
393006,0,30,1,2,0,1,12,5,0,0,0,0,200,0,76,0,200,0,0,200,200
393006,1,30,1,2,0,1,12,5,0,0,0,0,200,1,56,0,200,200,200,200,200
393012,0,30,1,2,0,1,14,2,0,0,0,10,14,0,200,200,9,200,200,200,200
393012,0,30,1,2,0,1,14,2,0,0,0,10,14,1,21,0,0,0,0,200,200
393013,0,15,0,0,0,1,7,0,0,0,0,22,16,0,24,0,1,0,0,200,200
393015,0,30,0,0,0,1,10,12,0,0,0,18,0,0,16,0,3,0,0,200,200
393015,0,30,0,0,0,1,10,12,0,0,0,18,0,1,65,0,0,0,0,200,200
393020,0,30,0,0,0,1,12,3,0,0,0,21,200,1,17,200,4,200,0,200,200
393020,0,30,0,0,0,1,12,3,0,0,0,21,200,0,70,200,200,200,0,200,200
393020,1,30,0,0,0,1,12,3,0,0,0,21,200,1,21,200,200,200,200,200,200
393020,1,30,0,0,0,1,12,3,0,0,0,21,200,1,23,200,200,200,200,200,200
393020,1,30,0,0,0,1,12,3,0,0,0,21,200,0,5,200,200,200,200,200,200
393020,1,30,0,0,0,1,12,3,0,0,0,21,200,1,0,200,200,200,200,200,200
393020,1,30,0,0,0,1,12,3,0,0,0,21,200,0,0,200,200,200,200,200,200
393022,0,30,0,0,0,1,12,5,0,0,0,0,200,1,23,0,12,0,0,200,200
393022,0,30,0,0,0,1,12,5,0,0,0,0,200,1,28,200,0,0,0,200,200
393022,1,30,0,0,0,1,12,5,0,0,0,0,200,1,16,0,200,200,200,200,200
393022,1,30,0,0,0,1,12,5,0,0,0,0,200,0,1,5,200,200,200,200,200
393023,0,30,12,12,0,1,4,5,0,0,200,200,200,0,20,200,0,200,0,200,200
393023,0,30,12,12,0,1,4,5,0,0,200,200,200,0,36,200,0,200,0,200,200
393024,0,30,2,2,0,1,0,5,0,0,0,5,17,0,200,200,1,200,200,200,200
393024,0,30,2,2,0,1,0,5,0,0,0,5,17,1,53,200,0,4,0,200,200
393027,0,30,2,2,0,1,0,2,0,0,0,17,200,1,37,0,1,1,0,200,200
393027,0,30,2,2,0,1,0,2,0,0,0,17,200,0,28,0,0,0,0,200,200
393027,1,30,2,2,0,1,0,2,0,0,0,17,200,0,15,0,200,200,200,200,200
393031,0,30,0,0,0,1,7,5,0,0,0,16,200,0,200,0,0,0,12,200,200
393033,0,30,1,2,0,1,12,12,0,0,0,200,200,1,34,200,0,200,200,200,200
393033,0,30,1,2,0,1,12,12,0,0,0,200,200,0,26,0,0,0,0,200,200
393039,0,30,1,2,0,1,10,5,0,0,0,16,16,0,39,0,3,0,0,200,200
393039,0,30,1,2,0,1,10,5,0,0,0,16,16,0,49,0,0,0,0,200,200
393046,0,30,1,2,0,1,10,5,0,0,0,18,12,0,200,200,3,200,200,200,200
393046,0,30,1,2,0,1,10,5,0,0,0,18,12,0,63,0,12,0,0,200,200
393047,0,30,2,2,0,1,2,5,0,0,0,25,14,0,200,200,13,200,200,200,200
393047,1,30,2,2,0,1,2,5,0,0,0,25,14,0,14,200,200,200,200,200,200
393049,0,30,0,0,0,1,12,5,0,0,200,0,0,2,200,200,200,200,200,200,200
393049,0,30,0,0,0,1,12,5,0,0,200,0,0,1,29,0,200,0,0,200,200
393051,0,30,1,2,0,1,12,5,0,200,200,21,22,1,57,200,2,200,200,200,200
393051,0,30,1,2,0,1,12,5,0,200,200,21,22,0,37,0,12,200,0,200,200
393057,0,30,0,0,0,1,5,2,0,0,12,28,200,0,38,0,0,0,0,200,200
393058,0,30,0,0,0,1,7,5,0,200,200,0,200,2,200,200,200,200,200,200,200