RD_NO,PERSON_TYPE,POSTED_SPEED_LIMIT,TRAFFIC_CONTROL_DEVICE,DEVICE_CONDITION,WEATHER_CONDITION,LIGHTING_CONDITION,FIRST_CRASH_TYPE,TRAFFICWAY_TYPE,ALIGNMENT,ROADWAY_SURFACE_COND,ROAD_DEFECT,PRIM_CONTRIBUTORY_CAUSE,SEC_CONTRIBUTORY_CAUSE,SEX,AGE,SAFETY_EQUIPMENT,DRIVER_ACTION,DRIVER_VISION,PHYSICAL_CONDITION,BAC_RESULT VALUE,CELL_PHONE_USE
393059,0,30,0,0,0,1,12,3,0,0,0,21,200,0,21,200,4,200,0,200,200
393059,0,30,0,0,0,1,12,3,0,0,0,21,200,1,48,200,0,200,0,200,200
393059,0,30,0,0,0,1,12,3,0,0,0,21,200,0,44,200,0,200,0,200,200
393059,0,30,0,0,0,1,12,3,0,0,0,21,200,2,200,200,0,200,200,200,200
393062,0,35,0,0,0,1,0,5,0,0,0,0,0,0,80,0,200,0,0,200,200
393062,0,35,0,0,0,1,0,5,0,0,0,0,0,0,48,0,200,0,0,200,200
393076,0,30,0,0,0,1,14,2,0,0,0,17,11,0,41,0,1,1,0,200,200
393076,0,30,0,0,0,1,14,2,0,0,0,17,11,0,41,0,0,0,0,200,200
393080,0,30,0,0,0,1,7,6,0,0,0,0,0,2,200,200,200,200,200,200,200
393082,0,30,0,0,0,1,11,5,0,0,0,200,200,1,34,0,12,200,7,200,200
393082,0,30,0,0,0,1,11,5,0,0,0,200,200,0,200,200,200,200,200,200,200
393083,0,30,0,0,0,1,12,2,0,0,0,18,200,1,200,200,12,200,200,200,200
393083,0,30,0,0,0,1,12,2,0,0,0,18,200,0,46,0,0,0,0,200,200
393084,0,15,0,0,0,1,12,7,0,0,0,200,200,1,200,200,10,200,0,200,200
393084,0,15,0,0,0,1,12,7,0,0,0,200,200,0,46,200,0,0,0,200,200
393085,0,30,0,0,0,3,7,5,0,0,0,0,200,2,200,200,200,200,200,200,200
393087,0,10,0,0,0,1,7,7,0,200,200,0,200,1,43,200,200,0,0,200,200
393088,0,20,0,0,0,1,7,6,0,0,0,0,0,1,66,0,200,200,7,200,200
393091,0,30,2,2,0,1,0,5,0,0,0,200,200,0,200,200,12,200,200,200,200
393091,0,30,2,2,0,1,0,5,0,0,0,200,200,1,68,0,0,0,0,200,200
393093,0,30,0,0,0,1,0,5,0,0,0,0,0,0,57,200,200,200,200,200,200
393093,0,30,0,0,0,1,0,5,0,0,0,0,0,0,32,0,0,0,0,200,200
393097,0,30,1,200,0,1,14,5,0,0,0,17,200,1,51,0,1,200,7,200,200
393097,0,30,1,200,0,1,14,5,0,0,0,17,200,0,68,0,0,0,0,200,200
393102,0,30,0,0,0,4,2,2,0,0,0,11,200,0,41,0,0,0,0,200,200
393105,0,15,0,0,0,1,7,0,0,0,0,25,200,2,200,200,12,200,200,200,200
393107,0,15,0,0,0,1,0,0,0,0,0,20,200,0,56,200,0,200,0,200,200
393107,0,15,0,0,0,1,0,0,0,0,0,20,200,1,0,200,0,200,0,200,200
393110,0,35,1,2,0,1,10,5,0,0,0,11,200,0,200,200,3,0,0,200,200
393110,0,35,1,2,0,1,10,5,0,0,0,11,200,0,65,0,0,0,0,200,200
393118,0,30,0,0,0,1,12,5,0,0,0,17,15,1,200,200,1,200,200,200,200
393118,0,30,0,0,0,1,12,5,0,0,0,17,15,1,38,200,8,200,0,200,200
393128,0,30,1,200,0,1,14,5,0,0,200,18,0,0,200,200,3,200,200,200,200
393128,0,30,1,200,0,1,14,5,0,0,200,18,0,0,56,200,200,200,0,200,200
393130,0,30,1,2,0,1,10,3,0,0,0,0,200,0,36,0,3,0,0,200,200
393130,0,30,1,2,0,1,10,3,0,0,0,0,200,0,75,0,0,0,0,200,200
393135,0,30,200,200,0,1,12,5,0,200,200,0,200,1,200,200,4,200,200,200,200
393135,0,30,200,200,0,1,12,5,0,200,200,0,200,0,33,200,0,0,0,200,200
393140,0,30,1,2,0,1,10,2,0,0,0,18,7,0,31,0,3,0,0,200,200
393140,0,30,1,2,0,1,10,2,0,0,0,18,7,1,42,0,0,0,0,200,200
393143,0,35,2,2,0,0,2,5,0,0,1,29,200,1,54,0,0,0,0,200,200
393146,0,30,1,2,0,1,14,5,0,0,0,18,200,0,39,0,3,0,0,200,200
393146,0,30,1,2,0,1,14,5,0,0,0,18,200,0,200,200,0,200,200,200,200
393149,0,30,0,0,0,1,7,5,0,0,0,0,0,2,200,200,200,200,200,200,200
393150,0,30,1,2,0,1,12,5,0,0,0,11,200,1,0,0,3,0,0,200,200
393150,0,30,1,2,0,1,12,5,0,0,0,11,200,0,47,0,0,0,0,200,200
393151,0,5,0,0,0,1,7,7,0,0,0,0,0,0,200,0,10,0,0,200,200
393162,0,30,1,2,0,1,12,5,0,200,200,0,0,1,75,0,200,200,0,200,200
393162,0,30,1,2,0,1,12,5,0,200,200,0,0,1,50,0,200,200,0,200,200
393165,0,30,1,2,0,1,9,5,0,0,0,17,200,1,33,0,1,0,0,200,200
393165,5,30,1,2,0,1,9,5,0,0,0,17,200,1,53,7,0,200,0,200,200
393174,0,30,0,0,0,1,10,5,0,200,200,0,200,0,18,200,200,0,0,200,200
393174,0,30,0,0,0,1,10,5,0,200,200,0,200,0,32,200,0,0,0,200,200
393175,0,30,2,200,200,1,0,2,0,0,200,5,200,0,61,0,0,200,0,200,200
393175,0,30,2,200,200,1,0,2,0,0,200,5,200,0,21,200,5,200,200,200,200
393179,0,30,0,0,0,3,10,2,0,0,200,18,200,0,200,200,0,200,200,200,200
393179,0,30,0,0,0,3,10,2,0,0,200,18,200,1,45,0,0,200,200,200,200
393180,0,15,0,0,0,1,7,7,0,0,0,20,16,0,76,200,6,200,0,200,200
393181,0,35,1,2,0,1,2,1,0,0,0,0,0,0,28,0,200,200,0,200,200
393184,0,30,1,2,0,1,14,5,0,0,0,23,23,0,200,200,7,200,200,200,200
393184,0,30,1,2,0,1,14,5,0,0,0,23,23,0,53,0,0,0,0,200,200
393185,0,20,2,2,0,1,14,5,0,0,0,11,0,0,43,200,7,0,0,200,200
393185,0,20,2,2,0,1,14,5,0,0,0,11,0,1,23,0,0,0,0,200,200
393195,0,0,0,0,0,1,0,7,0,0,200,0,0,1,33,0,0,0,0,200,200
393195,0,0,0,0,0,1,0,7,0,0,200,0,0,1,200,200,200,200,200,200,200
393213,0,15,0,0,0,1,2,0,0,0,0,25,200,0,200,200,8,200,200,200,200
393219,0,10,0,0,0,1,7,7,0,0,0,0,33,2,200,200,200,200,200,200,200
393226,0,30,0,0,0,1,7,2,0,0,0,15,0,0,200,200,200,200,200,200,200
393234,0,0,1,2,0,1,12,2,0,0,0,0,0,1,32,200,200,200,0,200,200
393234,0,0,1,2,0,1,12,2,0,0,0,0,0,1,34,200,0,200,0,200,200
393234,1,0,1,2,0,1,12,2,0,0,0,0,0,1,52,200,200,200,200,200,200
393234,1,0,1,2,0,1,12,2,0,0,0,0,0,0,5,5,200,200,200,200,200
393237,0,30,1,2,0,1,10,3,0,0,0,0,0,0,48,0,200,0,0,200,200
393237,0,30,1,2,0,1,10,3,0,0,0,0,0,0,27,0,0,0,0,200,200
393240,0,30,1,2,0,1,14,5,0,0,1,0,0,1,66,0,0,0,0,200,200
393240,0,30,1,2,0,1,14,5,0,0,1,0,0,0,33,200,7,0,0,200,200
393247,0,30,2,0,0,1,0,5,0,0,0,17,200,0,20,0,1,0,0,200,200
393247,0,30,2,0,0,1,0,5,0,0,0,17,200,1,17,0,0,0,0,200,200
393247,1,30,2,0,0,1,0,5,0,0,0,17,200,1,19,0,200,200,200,200,200
393251,0,30,0,0,0,1,7,7,0,0,0,0,200,2,200,200,200,200,200,200,200
393262,0,30,1,2,0,1,0,2,0,0,0,17,0,1,200,200,1,200,0,200,200
393262,0,30,1,2,0,1,0,2,0,0,0,17,0,1,70,0,0,0,0,200,200
393263,0,30,0,0,0,1,10,5,0,0,0,0,0,1,200,200,200,200,200,200,200
393263,0,30,0,0,0,1,10,5,0,0,0,0,0,0,57,0,0,0,0,200,200
393265,0,30,1,2,0,1,10,5,0,0,0,18,200,0,200,200,1,200,200,200,200
393265,0,30,1,2,0,1,10,5,0,0,0,18,200,0,29,0,0,0,0,200,200
393265,1,30,1,2,0,1,10,5,0,0,0,18,200,1,200,0,200,200,200,200,200
393265,1,30,1,2,0,1,10,5,0,0,0,18,200,1,200,0,200,200,200,200,200
393265,1,30,1,2,0,1,10,5,0,0,0,18,200,1,200,0,200,200,200,200,200
393265,1,30,1,2,0,1,10,5,0,0,0,18,200,1,200,0,200,200,200,200,200
393270,0,30,1,2,0,1,10,5,0,0,0,18,33,0,21,200,3,0,0,200,200
393270,0,30,1,2,0,1,10,5,0,0,0,18,33,1,53,7,0,0,0,200,200
393270,1,30,1,2,0,1,10,5,0,0,0,18,33,0,77,7,200,200,200,200,200
393289,0,30,2,0,0,1,0,2,0,0,0,17,200,0,29,200,0,0,0,200,200
393289,0,30,2,0,0,1,0,2,0,0,0,17,200,0,23,200,1,0,0,200,200
393291,0,30,0,0,0,1,12,5,0,0,0,22,0,0,200,200,1,200,200,200,200
393291,0,30,0,0,0,1,12,5,0,0,0,22,0,1,19,0,0,0,0,200,200
393292,0,30,2,2,0,1,10,5,0,0,200,0,0,1,200,200,1,200,200,200,200
393292,0,30,2,2,0,1,10,5,0,0,200,0,0,0,69,0,0,0,0,200,200
393292,1,30,2,2,0,1,10,5,0,0,200,0,0,1,200,0,200,200,200,200,200
393294,0,10,0,0,0,1,12,12,0,0,0,22,200,0,50,200,2,200,200,200,200
393294,0,10,0,0,0,1,12,12,0,0,0,22,200,0,35,0,0,0,0,200,200
393295,0,35,0,0,0,1,7,5,0,0,0,0,0,1,200,200,200,200,200,200,1
393299,0,30,0,0,0,1,10,7,0,0,0,0,0,1,61,0,12,0,0,200,200
393299,0,30,0,0,0,1,10,7,0,0,0,0,0,1,200,200,0,0,200,200,200
393300,0,20,0,0,0,1,0,7,0,0,0,20,200,1,48,200,6,0,0,200,200
393300,0,20,0,0,0,1,0,7,0,0,0,20,200,1,62,0,0,0,0,200,200
393302,0,30,0,0,0,1,2,12,0,0,0,0,0,0,41,0,12,3,0,200,200
393304,0,25,1,200,0,1,10,1,0,0,200,11,200,0,31,200,200,200,200,200,200
393304,0,25,1,200,0,1,10,1,0,0,200,11,200,0,28,0,0,0,0,200,200
393308,0,30,0,0,0,1,12,2,0,0,0,22,200,0,200,200,2,200,200,200,200
393308,0,30,0,0,0,1,12,2,0,0,0,22,200,0,26,0,0,0,0,200,200
393310,0,30,0,0,0,1,5,5,0,0,200,0,0,1,33,0,2,200,0,200,200
393311,0,30,200,200,0,1,10,5,0,200,200,18,200,0,40,200,3,200,200,200,200
393311,0,30,200,200,0,1,10,5,0,200,200,18,200,1,25,0,0,0,0,200,200
393311,1,30,200,200,0,1,10,5,0,200,200,18,200,1,200,0,200,200,200,200,200
393313,0,30,0,0,0,1,7,2,0,0,0,25,0,0,200,200,8,200,200,200,200
393316,0,30,0,0,0,1,0,6,0,0,0,0,0,1,51,200,6,0,0,200,200
393316,0,30,0,0,0,1,0,6,0,0,0,0,0,1,32,0,0,0,0,200,200
393323,0,30,0,0,0,1,14,2,0,0,0,4,16,0,57,200,4,0,0,200,200
393323,0,30,0,0,0,1,14,2,0,0,0,4,16,0,0,200,0,0,0,200,200
393323,1,30,0,0,0,1,14,2,0,0,0,4,16,0,200,200,200,200,200,200,200
393332,0,30,0,0,0,1,12,5,0,0,0,17,0,1,46,0,1,0,0,200,200
393332,0,30,0,0,0,1,12,5,0,0,0,17,0,0,25,0,200,0,0,200,200
393337,0,30,2,2,0,1,9,12,0,0,0,17,8,0,32,0,1,0,0,200,200
393337,5,30,2,2,0,1,9,12,0,0,0,17,8,1,24,7,0,0,0,200,200
393341,0,30,0,0,0,1,7,2,0,0,200,0,0,2,200,200,200,200,200,200,200
393344,0,30,0,0,0,1,9,5,0,0,0,200,200,0,51,0,12,0,0,200,200
393344,5,30,0,0,0,1,9,5,0,0,0,200,200,1,200,7,0,200,200,200,200
393347,0,20,0,0,0,1,7,5,0,0,0,22,200,2,200,200,200,200,200,200,200
393350,0,30,0,0,0,1,10,5,0,0,0,18,12,1,19,0,3,0,0,200,200
393350,0,30,0,0,0,1,10,5,0,0,0,18,12,0,39,0,12,0,0,200,200
393350,1,30,0,0,0,1,10,5,0,0,0,18,12,1,51,0,200,200,200,200,200
393355,0,30,1,2,0,1,0,5,0,200,200,17,11,1,18,0,1,200,200,200,200
393355,0,30,1,2,0,1,0,5,0,200,200,17,11,1,78,200,200,200,200,200,200
393357,4,30,0,0,0,1,4,5,2,0,0,13,200,0,34,7,200,200,200,200,200
393357,0,30,0,0,0,1,4,5,2,0,0,13,200,2,200,200,200,200,200,200,200
393363,0,35,0,0,0,1,14,1,2,0,0,18,0,0,57,0,3,0,0,200,200
393363,0,35,0,0,0,1,14,1,2,0,0,18,0,0,50,0,0,0,0,200,200
393371,0,35,2,0,0,1,0,2,0,0,0,16,0,0,50,200,1,200,0,200,200
393371,0,35,2,0,0,1,0,2,0,0,0,16,0,0,21,200,0,200,0,200,200
393374,0,30,200,200,0,1,10,5,0,0,200,200,200,1,63,200,200,200,200,200,200
393374,0,30,200,200,0,1,10,5,0,0,200,200,200,1,66,0,0,0,0,200,200
393377,0,30,0,0,0,1,0,7,0,0,0,0,200,1,200,200,0,200,200,200,200
393377,0,30,0,0,0,1,0,7,0,0,0,0,200,1,49,7,0,0,0,200,200
393379,0,30,0,0,0,1,10,5,0,0,0,18,200,2,200,200,3,200,200,200,200
393379,0,30,0,0,0,1,10,5,0,0,0,18,200,1,33,200,3,0,0,200,200
393379,0,30,0,0,0,1,10,5,0,0,0,18,200,0,57,200,12,0,0,200,200
393379,1,30,0,0,0,1,10,5,0,0,0,18,200,1,19,200,200,200,200,200,200
393379,1,30,0,0,0,1,10,5,0,0,0,18,200,1,24,200,200,200,200,200,200
393383,0,30,2,2,0,1,0,5,0,0,0,17,0,0,65,0,1,0,0,200,200
393383,0,30,2,2,0,1,0,5,0,0,0,17,0,0,59,0,0,0,7,200,200
393387,0,30,1,2,0,1,10,5,0,0,0,18,18,0,20,0,3,0,0,200,200
393387,0,30,1,2,0,1,10,5,0,0,0,18,18,1,31,1,0,0,0,200,200
393395,0,25,2,2,0,1,0,6,0,0,0,17,0,1,22,0,1,0,0,200,200
393395,0,25,2,2,0,1,0,6,0,0,0,17,0,1,24,0,12,0,0,200,200
393399,0,0,0,0,0,1,8,2,0,0,0,17,33,0,56,0,12,1,0,200,200
393399,4,0,0,0,0,1,8,2,0,0,0,17,33,0,18,3,12,1,0,200,200
393400,0,15,0,0,0,1,11,0,0,200,200,0,0,1,28,200,6,200,200,200,200
393400,0,15,0,0,0,1,11,0,0,200,200,0,0,0,25,0,0,0,0,200,200
393401,0,30,0,0,0,1,7,5,0,0,0,0,0,2,200,200,1,200,200,200,200
393405,0,30,0,0,0,1,12,3,0,0,0,0,200,0,28,200,4,200,200,200,200
393405,0,30,0,0,0,1,12,3,0,0,0,0,200,1,30,0,0,0,0,200,200
393408,0,30,1,2,0,3,0,2,0,0,0,11,17,0,25,0,200,200,0,200,200
393408,0,30,1,2,0,3,0,2,0,0,0,11,17,0,40,0,0,0,0,200,200
393408,1,30,1,2,0,3,0,2,0,0,0,11,17,0,200,0,200,200,200,200,200
393408,1,30,1,2,0,3,0,2,0,0,0,11,17,1,200,0,200,200,200,200,200
393408,1,30,1,2,0,3,0,2,0,0,0,11,17,1,200,0,200,200,200,200,200
393408,1,30,1,2,0,3,0,2,0,0,0,11,17,1,200,0,200,200,200,200,200
393418,0,30,1,2,0,1,14,5,0,0,0,0,0,0,23,0,200,0,0,200,200
393418,0,30,1,2,0,1,14,5,0,0,0,0,0,0,19,0,0,0,0,200,200
393418,1,30,1,2,0,1,14,5,0,0,0,0,0,0,50,0,200,200,200,200,200
393418,1,30,1,2,0,1,14,5,0,0,0,0,0,1,1,5,200,200,200,200,200
393418,1,30,1,2,0,1,14,5,0,0,0,0,0,1,51,0,200,200,200,200,200
393418,1,30,1,2,0,1,14,5,0,0,0,0,0,200,23,0,200,200,200,200,200
393420,0,40,0,0,0,1,12,3,0,0,0,2,0,0,38,0,15,0,0,200,1
393420,0,40,0,0,0,1,12,3,0,0,0,2,0,1,34,0,0,0,0,200,200
393421,0,20,0,0,0,1,14,5,0,0,200,20,20,0,29,0,6,200,0,200,200
393421,0,20,0,0,0,1,14,5,0,0,200,20,20,1,49,0,0,200,0,200,200
393426,0,30,0,0,0,1,7,5,0,0,0,0,0,2,200,200,200,200,200,200,200
393430,0,30,0,0,0,0,10,5,0,200,200,18,18,1,23,200,3,200,200,200,200
393430,0,30,0,0,0,0,10,5,0,200,200,18,18,0,61,0,200,200,200,200,200
393430,1,30,0,0,0,0,10,5,0,200,200,18,18,1,60,0,200,200,200,200,200
393430,1,30,0,0,0,0,10,5,0,200,200,18,18,0,24,0,200,200,200,200,200
393431,0,30,200,200,0,1,12,5,0,0,0,200,200,1,200,200,200,200,200,200,200
393431,0,30,200,200,0,1,12,5,0,0,0,200,200,1,29,200,0,200,0,200,200
393433,0,30,1,2,0,1,14,6,0,0,0,17,0,0,68,0,1,0,0,200,200
393433,0,30,1,2,0,1,14,6,0,0,0,17,0,0,59,0,0,0,0,200,200
393434,0,30,0,0,0,1,12,6,0,0,0,17,22,0,44,0,4,0,0,200,200
393434,0,30,0,0,0,1,12,6,0,0,0,17,22,0,56,0,0,0,0,200,200
393437,0,15,0,0,0,1,10,7,0,0,0,20,16,0,23,200,6,0,0,200,200
393437,0,15,0,0,0,1,10,7,0,0,0,20,16,1,30,0,0,0,0,200,200
393442,0,35,0,0,0,1,14,2,0,0,0,23,200,0,74,0,7,200,0,200,200
393442,0,35,0,0,0,1,14,2,0,0,0,23,200,0,35,200,0,200,0,200,200
393442,1,35,0,0,0,1,14,2,0,0,0,23,200,1,26,200,200,200,200,200,200
393442,1,35,0,0,0,1,14,2,0,0,0,23,200,1,48,200,200,200,200,200,200
393443,0,30,0,0,0,1,10,5,0,0,200,18,0,0,200,200,12,200,200,200,200
393443,0,30,0,0,0,1,10,5,0,0,200,18,0,1,28,0,12,0,0,200,200
393444,0,30,0,0,0,1,7,5,0,0,0,20,200,2,200,200,200,200,200,200,200
393448,0,30,0,0,0,1,9,6,0,0,0,0,200,0,49,200,0,0,0,200,200
393448,5,30,0,0,0,1,9,6,0,0,0,0,200,0,60,7,0,0,200,200,200
393448,1,30,0,0,0,1,9,6,0,0,0,0,200,1,47,200,200,200,200,200,200
393455,0,30,1,2,0,1,14,2,0,0,0,0,0,1,28,0,12,200,0,200,200
393455,0,30,1,2,0,1,14,2,0,0,0,0,0,0,27,0,0,200,0,200,200
393455,1,30,1,2,0,1,14,2,0,0,0,0,0,0,37,0,200,200,200,200,200
393456,0,25,2,2,0,1,0,5,0,0,0,5,17,1,200,200,5,200,200,200,200
393456,0,25,2,2,0,1,0,5,0,0,0,5,17,0,24,0,12,0,0,200,200
393466,0,35,0,0,0,1,12,5,0,0,0,18,0,0,30,0,3,0,0,200,200
393466,0,35,0,0,0,1,12,5,0,0,0,18,0,0,49,0,0,0,0,200,200
393467,0,30,0,0,0,1,7,5,0,0,0,0,200,1,36,0,200,0,0,200,200
393472,0,30,0,0,0,1,7,6,0,0,0,0,0,0,200,0,10,0,0,200,200
393472,1,30,0,0,0,1,7,6,0,0,0,0,0,0,200,200,200,200,200,200,200
393480,0,30,1,2,0,1,10,6,0,0,0,18,200,1,28,0,200,0,0,200,200
393480,0,30,1,2,0,1,10,6,0,0,0,18,200,1,200,200,0,0,200,200,200
393481,0,30,0,0,0,1,12,5,0,0,0,22,22,1,36,7,0,0,0,200,200
393481,0,30,0,0,0,1,12,5,0,0,0,22,22,0,34,0,0,0,0,200,200
393483,0,30,0,0,0,1,3,6,0,0,0,20,0,0,200,200,6,200,200,200,200
393483,0,30,0,0,0,1,3,6,0,0,0,20,0,1,22,0,12,0,0,200,200
393484,0,30,0,0,0,1,14,5,0,0,0,17,23,0,24,0,1,0,0,200,200
393484,0,30,0,0,0,1,14,5,0,0,0,17,23,0,47,0,0,0,0,200,200
393491,0,30,1,2,0,1,14,12,0,0,0,0,0,0,200,200,1,200,200,200,200
393491,0,30,1,2,0,1,14,12,0,0,0,0,0,0,38,0,0,0,0,200,200
393494,0,30,0,0,0,1,10,6,0,0,0,21,200,0,36,0,0,0,0,200,200
393494,0,30,0,0,0,1,10,6,0,0,0,21,200,1,29,0,0,0,0,200,200
393501,0,20,0,0,1,1,7,0,0,0,0,0,200,0,37,200,12,0,0,200,200
393505,0,30,200,200,0,1,10,12,0,0,0,200,200,0,200,200,200,200,200,200,200
393505,0,30,200,200,0,1,10,12,0,0,0,200,200,0,200,0,200,200,0,200,200
393508,0,30,0,0,0,1,0,7,0,0,0,20,11,1,30,0,6,0,0,200,200
393508,0,30,0,0,0,1,0,7,0,0,0,20,11,1,25,0,12,0,0,200,200
393509,0,20,0,0,0,1,7,6,0,0,0,23,200,0,200,200,7,200,200,200,200
393512,0,35,0,0,0,4,12,5,0,0,0,0,0,0,200,200,200,200,200,200,200
393512,0,35,0,0,0,4,12,5,0,0,0,0,0,0,35,0,0,0,0,200,200
393517,0,30,0,0,0,1,12,2,0,0,0,0,0,1,23,200,200,200,200,200,200
393517,0,30,0,0,0,1,12,2,0,0,0,0,0,1,22,0,0,0,200,200,200
393518,0,45,0,0,0,1,10,2,0,0,0,18,0,0,39,0,3,0,0,200,200
393518,0,45,0,0,0,1,10,2,0,0,0,18,0,1,27,0,0,0,0,200,200
393518,0,45,0,0,0,1,10,2,0,0,0,18,0,0,33,200,0,0,0,200,200
393521,0,30,2,2,0,1,0,12,0,0,0,17,0,1,31,200,1,200,0,200,200
393521,0,30,2,2,0,1,0,12,0,0,0,17,0,0,30,200,0,200,0,200,200
393523,0,0,0,0,0,1,10,3,0,0,0,0,0,1,37,200,200,200,0,200,200
393523,0,0,0,0,0,1,10,3,0,0,0,0,0,1,37,200,0,0,0,200,200
393525,0,30,0,0,0,1,12,5,0,0,0,18,16,0,57,7,3,0,0,200,200
393525,0,30,0,0,0,1,12,5,0,0,0,18,16,0,21,0,0,0,0,200,200
393530,0,25,0,0,1,1,0,7,0,0,0,17,11,1,60,0,1,0,0,200,200
393530,0,25,0,0,1,1,0,7,0,0,0,17,11,0,19,0,12,0,0,200,200
393540,0,35,0,0,0,1,0,5,0,0,0,21,11,0,41,200,4,200,200,200,200
393540,0,35,0,0,0,1,0,5,0,0,0,21,11,0,47,200,0,200,200,200,200
393542,0,30,0,0,0,1,10,5,0,0,0,18,200,1,32,0,3,0,0,200,200
393542,0,30,0,0,0,1,10,5,0,0,0,18,200,1,27,200,0,0,0,200,200
393547,0,35,4,2,0,1,14,3,0,0,0,17,16,0,72,0,1,0,0,200,200
393547,0,35,4,2,0,1,14,3,0,0,0,17,16,0,41,0,0,0,0,200,200
393550,0,30,0,0,0,1,7,6,0,0,0,0,0,0,200,200,200,200,200,200,200
393552,0,5,0,0,1,1,7,7,0,0,0,11,0,1,200,200,12,200,200,200,200
393553,0,30,1,2,0,1,10,5,0,0,0,0,0,1,38,0,0,0,0,200,200
393553,0,30,1,2,0,1,10,5,0,0,0,0,0,0,29,0,0,0,0,200,200
393553,1,30,1,2,0,1,10,5,0,0,0,0,0,0,200,0,200,200,200,200,200
393553,1,30,1,2,0,1,10,5,0,0,0,0,0,1,200,0,200,200,200,200,200
393556,0,30,0,0,0,1,14,1,0,0,0,22,200,1,29,0,2,0,0,200,200
393556,0,30,0,0,0,1,14,1,0,0,0,22,200,1,56,0,0,0,0,200,200
393558,0,30,0,0,0,1,12,5,0,0,0,21,0,0,49,0,0,0,0,200,200
393558,0,30,0,0,0,1,12,5,0,0,0,21,0,0,28,0,0,0,0,200,200
393560,0,20,0,0,0,1,12,2,0,0,0,21,21,0,200,200,4,200,200,200,200
393560,0,20,0,0,0,1,12,2,0,0,0,21,21,1,59,0,0,0,0,200,200
393560,1,20,0,0,0,1,12,2,0,0,0,21,21,1,200,200,200,200,200,200,200
393561,0,30,2,2,0,1,10,6,0,0,200,18,16,0,52,200,3,200,200,200,200
393561,0,30,2,2,0,1,10,6,0,0,200,18,16,0,33,200,0,200,200,200,200
393561,1,30,2,2,0,1,10,6,0,0,200,18,16,1,28,200,200,200,200,200,200
393563,0,30,0,0,200,200,7,200,0,200,200,20,200,0,200,200,6,200,200,200,200
393566,0,30,1,2,0,1,12,5,0,0,0,21,21,1,200,200,12,200,200,200,200
393566,0,30,1,2,0,1,12,5,0,0,0,21,21,1,43,0,1,0,0,200,200
393566,1,30,1,2,0,1,12,5,0,0,0,21,21,0,15,0,200,200,200,200,200
393566,1,30,1,2,0,1,12,5,0,0,0,21,21,1,6,0,200,200,200,200,200
393568,0,30,200,200,200,200,7,5,0,0,0,200,200,2,200,200,200,200,200,200,200
393569,0,30,0,0,0,1,7,5,0,0,200,0,0,2,200,200,200,200,200,200,200
393571,0,30,0,0,0,1,8,2,0,0,0,0,200,2,200,200,200,200,200,200,200
393571,4,30,0,0,0,1,8,2,0,0,0,0,200,0,47,2,200,0,0,200,200
393579,0,35,1,0,0,1,10,2,0,0,0,7,11,1,28,0,15,0,0,200,1
393579,0,35,1,0,0,1,10,2,0,0,0,7,11,0,64,0,0,0,0,200,200
393581,0,30,1,2,0,1,10,2,0,0,0,16,0,0,45,200,6,0,0,200,200
393581,0,30,1,2,0,1,10,2,0,0,0,16,0,1,45,200,0,0,0,200,200
393581,0,30,1,2,0,1,10,2,0,0,0,16,0,1,41,200,0,0,0,200,200
393582,0,30,3,2,0,1,8,5,0,0,0,4,0,0,64,200,1,200,200,200,200
393582,4,30,3,2,0,1,8,5,0,0,0,4,0,1,28,200,0,0,0,200,200
393584,0,35,0,2,0,1,12,2,0,0,1,21,22,0,200,200,10,200,200,200,200
393584,0,35,0,2,0,1,12,2,0,0,1,21,22,1,40,0,12,0,0,200,200
393588,0,30,0,0,0,1,10,5,0,0,0,16,18,0,0,0,3,200,0,200,200
393588,0,30,0,0,0,1,10,5,0,0,0,16,18,1,65,0,12,0,0,200,200
393588,0,30,0,0,0,1,10,5,0,0,0,16,18,1,51,0,12,0,0,200,200
393589,0,30,1,200,0,1,0,2,0,200,200,20,200,2,200,200,6,200,200,200,200
393589,0,30,1,200,0,1,0,2,0,200,200,20,200,1,53,0,0,0,0,200,200
393592,0,30,1,200,0,1,10,3,0,200,200,18,200,0,200,200,3,200,200,200,200
393592,0,30,1,200,0,1,10,3,0,200,200,18,200,1,50,200,0,0,0,200,200
393592,1,30,1,200,0,1,10,3,0,200,200,18,200,0,200,200,200,200,200,200,200
393594,0,30,0,0,0,1,9,5,2,0,0,33,200,0,36,200,12,5,200,200,200
393594,5,30,0,0,0,1,9,5,2,0,0,33,200,0,11,7,0,0,0,200,200
393594,1,30,0,0,0,1,9,5,2,0,0,33,200,1,32,200,200,200,200,200,200
393596,0,30,1,2,0,4,10,6,0,0,0,16,0,0,44,0,200,0,0,200,200
393596,0,30,1,2,0,4,10,6,0,0,0,16,0,1,51,0,0,0,0,200,200
393597,0,30,1,2,0,1,7,5,0,0,0,200,35,2,200,200,200,200,200,200,200
393602,4,30,1,2,0,1,8,5,0,0,0,22,22,0,200,7,2,0,0,200,200
393602,0,30,1,2,0,1,8,5,0,0,0,22,22,1,26,0,0,0,0,200,200
393604,0,30,0,0,0,1,7,5,0,0,0,0,200,2,200,200,200,200,200,200,200
393608,0,30,2,200,0,1,10,3,0,0,0,0,0,1,44,200,3,200,200,200,200
393608,0,30,2,200,0,1,10,3,0,0,0,0,0,1,35,0,0,0,0,200,200
393611,0,30,0,0,0,3,0,7,0,200,200,0,0,0,25,0,200,200,0,200,200
393611,0,30,0,0,0,3,0,7,0,200,200,0,0,0,57,0,0,0,0,200,200