RD_NO,PERSON_TYPE,POSTED_SPEED_LIMIT,TRAFFIC_CONTROL_DEVICE,DEVICE_CONDITION,WEATHER_CONDITION,LIGHTING_CONDITION,FIRST_CRASH_TYPE,TRAFFICWAY_TYPE,ALIGNMENT,ROADWAY_SURFACE_COND,ROAD_DEFECT,PRIM_CONTRIBUTORY_CAUSE,SEC_CONTRIBUTORY_CAUSE,SEX,AGE,SAFETY_EQUIPMENT,DRIVER_ACTION,DRIVER_VISION,PHYSICAL_CONDITION,BAC_RESULT VALUE,CELL_PHONE_USE
393614,0,30,0,0,0,1,10,5,0,0,0,18,0,2,200,200,3,200,200,200,200
393614,0,30,0,0,0,1,10,5,0,0,0,18,0,1,41,0,12,0,0,200,200
393614,1,30,0,0,0,1,10,5,0,0,0,18,0,0,16,0,200,200,200,200,200
393614,1,30,0,0,0,1,10,5,0,0,0,18,0,0,17,0,200,200,200,200,200
393619,0,30,0,0,0,1,14,2,0,0,0,23,200,0,44,0,0,0,0,200,200
393619,0,30,0,0,0,1,14,2,0,0,0,23,200,0,59,7,0,0,0,200,200
393619,1,30,0,0,0,1,14,2,0,0,0,23,200,200,200,7,200,200,200,200,200
393619,1,30,0,0,0,1,14,2,0,0,0,23,200,200,200,0,200,200,200,200,200
393619,1,30,0,0,0,1,14,2,0,0,0,23,200,200,200,0,200,200,200,200,200
393619,1,30,0,0,0,1,14,2,0,0,0,23,200,200,200,0,200,200,200,200,200
393619,1,30,0,0,0,1,14,2,0,0,0,23,200,200,200,0,200,200,200,200,200
393619,1,30,0,0,0,1,14,2,0,0,0,23,200,200,200,0,200,200,200,200,200
393620,0,30,0,0,0,1,10,5,0,0,0,16,0,0,45,200,200,200,0,200,200
393620,0,30,0,0,0,1,10,5,0,0,0,16,0,1,21,200,200,200,0,200,200
393624,0,30,200,200,0,1,12,5,0,0,200,200,200,1,200,200,200,200,200,200,200
393624,0,30,200,200,0,1,12,5,0,0,200,200,200,0,56,0,0,0,0,200,200
393628,0,30,1,2,0,1,10,5,0,0,0,18,0,0,58,0,3,0,0,200,200
393628,0,30,1,2,0,1,10,5,0,0,0,18,0,0,40,0,12,0,0,200,200
393630,0,30,1,2,0,4,7,2,0,0,0,0,0,0,200,200,200,200,200,200,200
393631,0,30,1,2,0,1,10,2,0,0,0,18,0,1,200,200,3,200,200,200,200
393631,0,30,1,2,0,1,10,2,0,0,0,18,0,0,39,0,12,0,0,200,200
393631,1,30,1,2,0,1,10,2,0,0,0,18,0,1,44,0,200,200,200,200,200
393633,0,30,0,0,0,1,14,0,0,0,0,0,200,2,200,200,0,200,200,200,200
393633,0,30,0,0,0,1,14,0,0,0,0,0,200,0,50,7,0,0,0,200,200
393634,0,40,0,0,0,1,10,3,0,0,0,0,200,0,23,200,1,200,200,200,200
393634,0,40,0,0,0,1,10,3,0,0,0,0,200,1,59,0,0,0,200,200,200
393634,1,40,0,0,0,1,10,3,0,0,0,0,200,0,26,0,200,200,200,200,200
393638,0,30,2,0,0,1,8,5,0,0,0,22,200,0,200,200,12,200,200,200,200
393638,4,30,2,0,0,1,8,5,0,0,0,22,200,1,200,3,0,0,0,200,200
393638,1,30,2,0,0,1,8,5,0,0,0,22,200,1,200,200,200,200,200,200,200
393638,1,30,2,0,0,1,8,5,0,0,0,22,200,200,200,200,200,200,200,200,200
393643,0,30,2,1,0,1,14,5,0,0,0,23,11,0,37,200,200,200,200,200,200
393643,0,30,2,1,0,1,14,5,0,0,0,23,11,0,29,200,200,0,0,200,200
393643,1,30,2,1,0,1,14,5,0,0,0,23,11,0,24,200,200,200,200,200,200
393655,0,30,200,200,0,1,10,5,0,0,200,200,200,1,200,200,3,200,200,200,200
393655,0,30,200,200,0,1,10,5,0,0,200,200,200,0,42,0,0,0,0,200,200
393656,0,30,2,2,0,1,14,2,0,0,200,23,23,0,23,0,7,0,0,200,200
393656,0,30,2,2,0,1,14,2,0,0,200,23,23,1,28,200,0,200,200,200,200
393656,1,30,2,2,0,1,14,2,0,0,200,23,23,1,200,0,200,200,200,200,200
393665,0,30,0,0,0,4,11,5,0,0,0,0,0,1,200,200,200,200,200,200,200
393665,0,30,0,0,0,4,11,5,0,0,0,0,0,0,37,0,0,0,0,200,200
393672,0,30,1,0,0,1,12,5,0,0,200,0,0,1,200,200,200,200,200,200,200
393672,0,30,1,0,0,1,12,5,0,0,200,0,0,1,60,0,0,200,200,200,200
393674,0,30,1,2,0,1,10,5,0,0,0,0,0,0,200,200,200,200,200,200,200
393674,0,30,1,2,0,1,10,5,0,0,0,0,0,0,37,200,0,200,0,200,200
393676,0,30,0,0,0,1,7,5,0,0,0,200,200,2,200,200,200,200,200,200,200
393677,0,30,0,0,0,1,12,3,0,0,0,11,0,0,200,200,200,0,0,200,200
393677,0,30,0,0,0,1,12,3,0,0,0,11,0,1,83,0,0,0,0,200,200
393683,0,30,0,0,0,4,0,200,0,200,200,17,200,0,22,200,1,200,0,200,200
393683,0,30,0,0,0,4,0,200,0,200,200,17,200,0,51,200,0,200,0,200,200
393699,0,30,0,0,0,3,7,6,0,0,200,23,23,0,200,200,7,200,200,200,200
393699,1,30,0,0,0,3,7,6,0,0,200,23,23,0,200,200,200,200,200,200,200
393699,1,30,0,0,0,3,7,6,0,0,200,23,23,0,27,200,200,200,200,200,200
393701,0,0,0,0,0,1,7,5,0,0,0,0,0,2,200,200,200,200,200,200,200
393705,0,35,0,2,0,1,7,5,0,0,12,25,11,0,14,200,12,0,0,200,200
393705,1,35,0,2,0,1,7,5,0,0,12,25,11,0,12,200,200,200,200,200,200
393720,0,30,0,0,0,1,14,5,0,0,200,23,0,0,25,200,12,0,0,200,200
393720,0,30,0,0,0,1,14,5,0,0,200,23,0,0,36,0,0,0,0,200,200
393720,1,30,0,0,0,1,14,5,0,0,200,23,0,0,200,200,200,200,200,200,200
393720,1,30,0,0,0,1,14,5,0,0,200,23,0,1,37,0,200,200,200,200,200
393720,1,30,0,0,0,1,14,5,0,0,200,23,0,1,39,0,200,200,200,200,200
393720,1,30,0,0,0,1,14,5,0,0,200,23,0,1,9,0,200,200,200,200,200
393720,1,30,0,0,0,1,14,5,0,0,200,23,0,1,7,0,200,200,200,200,200
393721,0,30,200,200,0,1,10,5,0,0,200,0,200,0,30,200,200,200,200,200,200
393721,0,30,200,200,0,1,10,5,0,0,200,0,200,1,26,200,200,200,200,200,200
393721,1,30,200,200,0,1,10,5,0,0,200,0,200,1,26,200,200,200,200,200,200
393723,0,10,0,0,0,4,0,7,0,0,0,20,200,0,29,200,6,0,0,200,200
393723,0,10,0,0,0,4,0,7,0,0,0,20,200,0,34,200,0,0,0,200,200
393746,0,30,1,2,0,3,10,5,0,0,0,16,18,1,36,0,3,0,0,200,200
393746,0,30,1,2,0,3,10,5,0,0,0,16,18,0,53,0,0,0,0,200,200
393746,1,30,1,2,0,3,10,5,0,0,0,16,18,0,14,0,200,200,200,200,200
393746,1,30,1,2,0,3,10,5,0,0,0,16,18,1,7,0,200,200,200,200,200
393746,1,30,1,2,0,3,10,5,0,0,0,16,18,0,7,0,200,200,200,200,200
393746,1,30,1,2,0,3,10,5,0,0,0,16,18,1,11,0,200,200,200,200,200
393757,0,30,0,0,0,3,2,2,0,0,0,200,200,0,200,200,200,200,200,200,200
393769,0,30,0,0,0,3,7,5,0,0,0,0,0,2,200,200,200,200,200,200,200
393769,1,30,0,0,0,3,7,5,0,0,0,0,0,0,4,5,200,200,200,200,200
393774,0,30,0,0,0,1,12,5,0,0,0,0,0,0,64,0,4,0,0,200,200
393774,0,30,0,0,0,1,12,5,0,0,0,0,0,0,56,200,200,200,200,200,200
393774,1,30,0,0,0,1,12,5,0,0,0,0,0,1,61,0,200,200,200,200,200
393785,0,30,0,0,0,200,7,2,0,0,0,0,200,2,200,200,12,200,200,200,200
393788,0,30,0,0,0,3,10,5,0,0,0,18,18,1,44,7,0,0,0,200,200
393788,0,30,0,0,0,3,10,5,0,0,0,18,18,1,47,0,0,0,0,200,200
393792,0,30,0,3,0,0,7,2,0,0,0,0,0,0,37,0,200,0,200,200,200
393798,0,30,0,0,0,3,7,2,0,0,0,12,200,1,27,200,200,200,0,200,200
393806,0,35,1,200,0,2,3,5,0,0,0,200,200,1,17,0,200,200,0,200,200
393806,0,35,1,200,0,2,3,5,0,0,0,200,200,1,26,0,0,200,0,200,200
393808,0,25,1,2,0,3,10,5,0,0,0,18,200,0,52,200,3,200,200,200,200
393808,0,25,1,2,0,3,10,5,0,0,0,18,200,0,36,0,0,0,0,200,200
393810,0,30,0,0,0,3,10,5,0,2,12,28,0,0,200,200,12,200,200,200,200
393810,0,30,0,0,0,3,10,5,0,2,12,28,0,1,44,0,12,0,0,200,200
393812,0,0,0,0,0,4,0,7,0,0,200,20,17,0,61,200,6,200,0,200,200
393812,0,0,0,0,0,4,0,7,0,0,200,20,17,0,26,200,0,200,0,200,200
393814,0,15,0,0,0,3,8,0,0,0,0,17,16,0,200,200,1,200,200,200,200
393814,4,15,0,0,0,3,8,0,0,0,0,17,16,0,16,7,0,0,0,200,200
393814,1,15,0,0,0,3,8,0,0,0,0,17,16,1,200,200,200,200,200,200,200
393822,0,30,0,0,0,1,7,5,0,0,0,20,200,0,200,200,6,200,200,200,200
393829,0,30,0,0,0,3,7,6,0,0,0,0,0,1,49,200,200,200,200,200,200
393840,0,30,0,0,0,3,10,5,0,0,0,16,200,1,17,200,3,0,0,200,200
393840,0,30,0,0,0,3,10,5,0,0,0,16,200,0,55,200,3,0,0,200,200
393840,0,30,0,0,0,3,10,5,0,0,0,16,200,1,43,200,0,0,0,200,200
393843,0,10,0,0,0,3,7,7,0,0,0,0,0,1,48,200,1,200,0,200,200
393847,0,30,0,0,0,1,10,3,5,0,0,0,200,1,31,200,3,0,200,200,200
393847,0,30,0,0,0,1,10,3,5,0,0,0,200,0,67,0,0,0,0,200,200
393855,0,25,2,2,0,3,0,6,0,0,0,17,0,1,44,0,1,0,0,200,200
393855,0,25,2,2,0,3,0,6,0,0,0,17,0,0,20,0,0,0,0,200,200
393865,0,15,0,0,0,3,7,5,0,0,0,13,200,0,48,0,14,12,0,200,200
393872,5,30,1,2,0,3,9,3,0,0,0,6,200,1,21,7,1,200,200,200,200
393872,0,30,1,2,0,3,9,3,0,0,0,6,200,0,19,0,200,0,0,200,200
393872,1,30,1,2,0,3,9,3,0,0,0,6,200,0,21,0,200,200,200,200,200
393877,0,30,0,0,0,3,10,5,0,0,0,18,21,0,200,200,200,200,200,200,200
393877,0,30,0,0,0,3,10,5,0,0,0,18,21,1,38,0,0,0,0,200,200
393883,0,30,1,1,0,3,14,5,0,0,0,0,200,0,54,0,200,0,0,200,200
393883,0,30,1,1,0,3,14,5,0,0,0,0,200,1,63,0,0,0,0,200,200
393892,0,30,1,2,0,3,10,5,0,0,0,18,0,1,200,200,3,200,200,200,200
393892,0,30,1,2,0,3,10,5,0,0,0,18,0,1,43,0,0,200,200,200,200
393893,0,30,4,2,0,3,10,5,0,0,0,0,0,0,200,200,200,200,200,200,200
393893,0,30,4,2,0,3,10,5,0,0,0,0,0,1,26,0,0,0,0,200,200
393897,0,30,1,2,0,3,10,5,0,0,0,0,0,0,32,0,200,0,200,200,200
393897,0,30,1,2,0,3,10,5,0,0,0,0,0,0,31,0,200,0,0,200,200
393897,1,30,1,2,0,3,10,5,0,0,0,0,0,1,31,0,200,200,200,200,200
393897,1,30,1,2,0,3,10,5,0,0,0,0,0,1,0,0,200,200,200,200,200
393897,1,30,1,2,0,3,10,5,0,0,0,0,0,0,32,0,200,200,200,200,200
393897,1,30,1,2,0,3,10,5,0,0,0,0,0,0,24,0,200,200,200,200,200
393900,0,30,1,2,0,3,0,5,0,0,0,14,6,0,200,0,5,200,200,200,200
393900,0,30,1,2,0,3,0,5,0,0,0,14,6,0,49,0,0,0,0,200,200
393900,1,30,1,2,0,3,0,5,0,0,0,14,6,1,200,0,200,200,200,200,200
393900,1,30,1,2,0,3,0,5,0,0,0,14,6,1,200,0,200,200,200,200,200
393900,1,30,1,2,0,3,0,5,0,0,0,14,6,0,200,0,200,200,200,200,200
393902,0,30,4,2,0,3,12,5,0,0,0,0,0,1,200,200,200,200,200,200,200
393902,0,30,4,2,0,3,12,5,0,0,0,0,0,0,26,3,0,200,0,200,200
393904,0,30,1,2,0,3,14,1,0,0,0,21,4,0,40,200,4,200,0,200,200
393904,0,30,1,2,0,3,14,1,0,0,0,21,4,0,33,200,0,200,0,200,200
393904,1,30,1,2,0,3,14,1,0,0,0,21,4,1,34,200,200,200,200,200,200
393913,0,35,1,200,0,3,10,2,0,0,200,18,32,0,69,0,3,200,5,0.12,200
393913,0,35,1,200,0,3,10,2,0,0,200,18,32,0,45,0,12,0,0,200,200
393915,0,30,1,2,0,3,10,2,0,0,0,0,200,1,32,200,3,0,200,200,200
393915,0,30,1,2,0,3,10,2,0,0,0,0,200,0,50,0,0,0,0,200,200
393922,0,30,0,0,0,3,9,5,0,0,0,0,200,1,28,200,200,0,0,200,200
393922,5,30,0,0,0,3,9,5,0,0,0,0,200,1,52,200,200,200,0,200,200
393931,0,25,0,0,0,3,7,5,0,0,0,200,200,0,58,0,200,0,0,200,200
393934,0,30,1,2,0,3,14,3,0,0,0,0,0,1,23,200,1,0,0,200,200
393934,0,30,1,2,0,3,14,3,0,0,0,0,0,0,78,200,0,0,0,200,200
393934,0,30,1,2,0,3,14,3,0,0,0,0,0,1,21,200,0,0,0,200,200
393934,1,30,1,2,0,3,14,3,0,0,0,0,0,1,49,200,200,200,200,200,200
393934,1,30,1,2,0,3,14,3,0,0,0,0,0,0,21,200,200,200,200,200,200
393939,0,5,0,0,0,3,7,4,0,0,0,25,200,0,200,200,2,200,200,200,200
393943,0,30,0,0,0,3,12,5,0,0,0,22,0,2,200,200,200,200,200,200,200
393943,0,30,0,0,0,3,12,5,0,0,0,22,0,0,44,200,0,0,0,200,200
393950,0,30,200,200,0,1,7,6,0,0,0,0,0,2,200,200,200,200,200,200,200
393955,4,30,1,2,0,3,8,2,0,0,0,6,17,0,27,2,5,0,0,200,200
393955,0,30,1,2,0,3,8,2,0,0,0,6,17,0,46,0,0,0,0,200,200
393974,0,30,1,2,0,3,10,5,0,0,0,14,7,0,45,200,3,200,0,200,200
393974,0,30,1,2,0,3,10,5,0,0,0,14,7,0,29,200,0,200,0,200,200
393974,0,30,1,2,0,3,10,5,0,0,0,14,7,1,40,200,200,0,0,200,200
393978,0,35,0,0,0,3,7,5,0,0,0,32,27,0,31,200,8,200,5,0.23,200
393982,0,35,1,200,0,3,10,5,0,0,200,0,0,0,200,200,200,200,200,200,200
393982,0,35,1,200,0,3,10,5,0,0,200,0,0,1,42,200,0,200,0,200,200
393987,0,30,0,0,0,3,7,6,0,0,0,0,0,2,200,200,200,200,200,200,200
393994,0,30,1,200,0,3,2,3,0,200,200,15,200,0,16,200,8,200,200,200,200
394002,0,30,1,2,0,3,10,6,0,0,0,18,200,0,200,200,3,200,200,200,200
394002,0,30,1,2,0,3,10,6,0,0,0,18,200,0,50,0,0,0,0,200,200
394022,0,30,1,2,0,3,10,5,0,0,0,200,200,0,25,200,3,200,0,200,200
394022,0,30,1,2,0,3,10,5,0,0,0,200,200,0,59,200,0,200,0,200,200
394028,0,30,0,0,0,3,7,6,0,0,0,0,0,2,200,200,200,200,200,200,200
394045,0,30,1,2,0,3,10,5,0,0,0,17,23,0,43,0,1,0,0,200,200
394045,0,30,1,2,0,3,10,5,0,0,0,17,23,0,53,0,0,0,0,200,200
394045,1,30,1,2,0,3,10,5,0,0,0,17,23,1,54,0,200,200,200,200,200
394047,0,30,1,2,0,3,10,2,0,0,0,18,0,1,28,200,3,200,200,200,200
394047,0,30,1,2,0,3,10,2,0,0,0,18,0,0,28,0,0,0,0,200,200
394057,0,30,1,2,0,3,10,2,0,0,0,23,200,0,57,0,7,0,0,200,200
394057,0,30,1,2,0,3,10,2,0,0,0,23,200,0,33,0,0,0,0,200,200
394057,1,30,1,2,0,3,10,2,0,0,0,23,200,1,32,0,200,200,200,200,200
394057,1,30,1,2,0,3,10,2,0,0,0,23,200,0,35,0,200,200,200,200,200
394059,0,30,0,0,0,3,7,2,0,0,0,16,0,0,32,200,12,0,200,200,200
394059,1,30,0,0,0,3,7,2,0,0,0,16,0,0,23,200,200,200,200,200,200
394063,0,30,1,2,0,3,10,8,2,0,0,0,200,0,24,0,200,0,0,200,200
394063,0,30,1,2,0,3,10,8,2,0,0,0,200,0,21,0,0,0,0,200,200
394063,1,30,1,2,0,3,10,8,2,0,0,0,200,0,23,0,200,200,200,200,200
394073,0,30,9,2,0,3,7,3,0,12,4,11,16,1,20,0,5,0,0,200,200
394073,1,30,9,2,0,3,7,3,0,12,4,11,16,0,26,0,200,200,200,200,200
394073,1,30,9,2,0,3,7,3,0,12,4,11,16,1,24,200,200,200,200,200,200
394073,1,30,9,2,0,3,7,3,0,12,4,11,16,0,29,200,200,200,200,200,200
394073,1,30,9,2,0,3,7,3,0,12,4,11,16,1,27,200,200,200,200,200,200
394073,1,30,9,2,0,3,7,3,0,12,4,11,16,1,19,200,200,200,200,200,200
394073,1,30,9,2,0,3,7,3,0,12,4,11,16,0,23,200,200,200,200,200,200
394080,0,30,0,0,0,3,3,5,0,0,0,4,0,0,21,200,12,200,200,200,200
394080,0,30,0,0,0,3,3,5,0,0,0,4,0,0,36,200,0,0,0,200,200
394080,1,30,0,0,0,3,3,5,0,0,0,4,0,0,200,200,200,200,200,200,200
394082,0,30,0,0,0,1,10,5,0,0,0,0,18,1,19,7,0,0,0,200,200
394082,0,30,0,0,0,1,10,5,0,0,0,0,18,0,28,7,0,0,0,200,200
394088,0,30,0,0,0,1,7,5,0,0,0,200,200,0,66,200,200,200,0,200,200
394099,0,30,1,2,0,3,10,5,0,0,0,0,0,0,23,200,200,200,0,200,200
394099,0,30,1,2,0,3,10,5,0,0,0,0,0,1,31,0,200,200,0,200,200
394104,0,35,0,0,0,3,3,5,0,0,0,0,0,0,24,0,200,0,200,200,200
394104,0,35,0,0,0,3,3,5,0,0,0,0,0,1,22,0,0,0,0,200,200
394117,0,30,1,2,0,1,10,5,0,0,0,16,18,0,39,0,3,0,0,200,200
394117,0,30,1,2,0,1,10,5,0,0,0,16,18,1,55,0,0,0,0,200,200
394119,0,30,1,2,0,1,0,2,0,0,0,0,0,0,36,0,200,0,0,200,200
394119,0,30,1,2,0,1,0,2,0,0,0,0,0,0,45,0,200,0,0,200,200
394123,0,30,0,0,0,1,10,2,0,0,0,18,16,0,48,200,3,200,200,200,200
394123,0,30,0,0,0,1,10,2,0,0,0,18,16,0,72,200,0,200,200,200,200
394126,0,30,1,2,0,1,0,5,0,0,0,6,21,0,69,200,5,0,12,200,200
394126,0,30,1,2,0,1,0,5,0,0,0,6,21,0,32,0,0,0,0,200,200
394126,0,30,1,2,0,1,0,5,0,0,0,6,21,0,48,0,0,0,0,200,200
394138,0,30,0,0,0,1,14,2,0,0,0,23,0,0,72,200,1,0,200,200,200
394138,0,30,0,0,0,1,14,2,0,0,0,23,0,0,30,0,0,0,0,200,200
394142,0,30,0,0,0,1,12,3,0,0,0,17,22,0,200,200,1,200,200,200,200
394142,0,30,0,0,0,1,12,3,0,0,0,17,22,0,60,0,0,0,0,200,200
394145,0,30,1,2,0,1,0,5,0,0,0,0,0,1,78,200,1,200,200,200,200
394145,0,30,1,2,0,1,0,5,0,0,0,0,0,1,44,0,0,0,0,200,200
394149,0,30,0,0,0,1,7,5,0,0,0,8,200,0,46,0,12,0,0,200,200
394155,0,30,0,0,0,200,7,6,0,0,0,200,200,2,200,200,200,200,200,200,200
394159,0,30,0,0,0,2,7,6,0,0,0,0,200,2,200,200,200,200,200,200,200
394162,0,30,0,0,0,1,7,5,0,0,0,0,0,2,200,200,200,200,200,200,200
394167,0,30,0,0,0,1,14,2,0,0,0,0,0,1,38,200,200,200,0,200,200
394167,0,30,0,0,0,1,14,2,0,0,0,0,0,0,28,200,200,200,0,200,200
394169,0,30,1,2,1,1,10,2,0,0,0,18,11,0,200,200,3,200,200,200,200
394169,0,30,1,2,1,1,10,2,0,0,0,18,11,1,41,200,0,0,0,200,200
394171,0,30,1,2,0,1,14,5,0,0,0,23,23,0,0,200,7,200,0,200,200
394171,0,30,1,2,0,1,14,5,0,0,0,23,23,1,200,200,0,0,0,200,200
394173,0,20,0,0,0,1,7,7,0,0,0,20,11,0,0,0,6,5,0,200,200
394175,0,30,0,0,0,1,12,2,0,0,0,21,21,0,36,0,4,0,0,200,200
394175,0,30,0,0,0,1,12,2,0,0,0,21,21,1,43,0,0,0,0,200,200
394176,0,30,1,2,0,1,0,3,0,0,0,6,200,0,24,200,1,200,0,200,200
394176,0,30,1,2,0,1,0,3,0,0,0,6,200,0,51,200,0,200,0,200,200
394177,0,30,0,0,200,200,7,6,0,0,0,0,200,2,200,200,200,200,200,200,200
394186,0,30,0,0,0,1,2,6,0,0,0,7,16,0,31,200,8,12,0,200,200
394187,0,30,1,2,0,1,12,6,0,0,0,11,200,0,49,200,2,0,0,200,200
394187,0,30,1,2,0,1,12,6,0,0,0,11,200,0,53,200,0,0,0,200,200
394187,1,30,1,2,0,1,12,6,0,0,0,11,200,0,43,200,200,200,200,200,200
394188,0,25,1,2,0,1,12,5,0,0,0,17,17,0,49,0,1,0,0,200,200
394188,0,25,1,2,0,1,12,5,0,0,0,17,17,1,45,0,0,0,0,200,200
394189,0,15,0,0,0,1,7,7,0,0,0,0,0,1,46,0,10,0,0,200,200
394192,0,30,0,0,0,1,12,2,0,0,0,200,12,0,62,0,12,0,0,200,200
394192,0,30,0,0,0,1,12,2,0,0,0,200,12,0,33,0,200,0,0,200,200
394193,0,30,0,0,0,0,10,2,0,0,0,0,34,1,26,200,200,200,200,200,200
394193,0,30,0,0,0,0,10,2,0,0,0,0,34,0,55,0,1,200,0,200,200
394204,0,30,0,0,1,1,0,5,0,0,200,0,0,1,200,200,12,200,200,200,200
394204,0,30,0,0,1,1,0,5,0,0,200,0,0,1,66,200,0,200,0,200,200
394205,0,30,0,0,0,1,7,5,0,0,0,12,12,0,36,0,12,0,0,200,200
394209,0,30,0,0,0,1,10,2,0,0,0,7,200,1,34,200,12,200,0,200,200
394209,0,30,0,0,0,1,10,2,0,0,0,7,200,1,40,200,0,0,0,200,200
394212,0,30,0,0,0,1,12,2,0,0,0,27,200,0,35,0,4,0,2,200,200
394212,0,30,0,0,0,1,12,2,0,0,0,27,200,1,24,0,0,0,0,200,200
394212,0,30,0,0,0,1,12,2,0,0,0,27,200,0,35,0,0,0,0,200,200
394224,0,30,0,0,0,1,12,5,0,0,0,18,18,0,62,200,3,200,0,200,200
394224,0,30,0,0,0,1,12,5,0,0,0,18,18,0,24,200,0,0,0,200,200
394228,0,15,0,0,0,1,7,12,0,0,0,0,0,2,200,200,200,200,200,200,200
394232,0,30,0,0,0,0,7,5,0,0,0,0,5,0,200,0,6,0,0,200,200
394234,0,30,1,2,0,1,10,2,0,0,0,8,0,0,65,0,12,0,0,200,200
394234,0,30,1,2,0,1,10,2,0,0,0,8,0,0,38,0,0,0,0,200,200
394234,0,30,1,2,0,1,10,2,0,0,0,8,0,0,70,0,0,0,0,200,200
394234,1,30,1,2,0,1,10,2,0,0,0,8,0,0,4,5,200,200,200,200,200
394234,1,30,1,2,0,1,10,2,0,0,0,8,0,1,10,0,200,200,200,200,200
394234,1,30,1,2,0,1,10,2,0,0,0,8,0,1,13,0,200,200,200,200,200
394234,1,30,1,2,0,1,10,2,0,0,0,8,0,0,11,0,200,200,200,200,200
394236,0,30,0,0,0,4,7,5,0,0,0,0,200,2,200,200,200,200,200,200,200
394242,0,30,0,0,0,1,14,5,0,0,0,23,200,0,35,200,7,200,0,200,200
394242,0,30,0,0,0,1,14,5,0,0,0,23,200,0,34,0,200,200,0,200,200
394242,0,30,0,0,0,1,14,5,0,0,0,23,200,1,44,0,0,200,0,200,200
394242,0,30,0,0,0,1,14,5,0,0,0,23,200,0,21,0,0,200,0,200,200
394249,0,40,0,0,0,1,10,3,0,0,0,18,16,0,62,0,8,0,0,200,200
394249,0,40,0,0,0,1,10,3,0,0,0,18,16,0,47,0,0,0,0,200,200
394249,1,40,0,0,0,1,10,3,0,0,0,18,16,0,12,0,200,200,200,200,200
394249,1,40,0,0,0,1,10,3,0,0,0,18,16,1,60,0,200,200,200,200,200
394258,0,30,1,2,0,1,14,5,0,0,0,23,200,0,52,200,7,0,0,200,200
394258,0,30,1,2,0,1,14,5,0,0,0,23,200,0,32,200,0,0,0,200,200
394260,0,20,0,0,0,1,12,2,0,0,0,200,200,1,40,0,4,0,0,200,200
394260,0,20,0,0,0,1,12,2,0,0,0,200,200,0,200,200,0,200,200,200,200
394262,0,30,1,2,0,1,14,5,0,0,0,22,200,0,31,0,7,0,0,200,200
394262,0,30,1,2,0,1,14,5,0,0,0,22,200,0,43,0,12,0,0,200,200
394265,0,30,1,2,0,1,12,2,0,0,0,18,17,1,200,200,1,200,200,200,200
394265,0,30,1,2,0,1,12,2,0,0,0,18,17,1,58,0,0,0,0,200,200
394265,1,30,1,2,0,1,12,2,0,0,0,18,17,0,200,200,200,200,200,200,200
394269,0,30,1,2,0,1,14,6,0,0,0,0,0,0,44,200,12,0,0,200,200
394269,0,30,1,2,0,1,14,6,0,0,0,0,0,1,37,200,12,0,0,200,200
394271,0,35,1,2,0,1,11,6,0,0,0,10,0,2,200,200,9,200,200,200,200
394271,0,35,1,2,0,1,11,6,0,0,0,10,0,0,40,0,0,0,0,200,200
394272,0,30,1,2,0,1,14,2,0,0,0,22,21,1,200,200,4,200,200,200,200
394272,0,30,1,2,0,1,14,2,0,0,0,22,21,1,34,0,0,0,0,200,200
394274,0,25,0,0,1,1,12,5,0,0,0,0,0,0,43,0,0,0,0,200,200
394274,0,25,0,0,1,1,12,5,0,0,0,0,0,1,38,0,0,0,0,200,200
394277,0,30,0,0,0,0,14,5,0,0,0,0,200,2,200,200,0,200,200,200,200
394277,0,30,0,0,0,0,14,5,0,0,0,0,200,0,26,0,0,0,0,200,200
394279,0,30,0,0,0,1,7,2,0,0,0,0,200,1,24,0,12,0,0,200,200
394285,0,30,1,2,0,1,14,5,0,0,0,17,0,0,62,0,7,12,0,200,200
394285,0,30,1,2,0,1,14,5,0,0,0,17,0,0,28,0,0,0,0,200,200
394289,5,30,3,2,0,1,9,3,0,0,0,17,200,0,64,7,12,0,0,200,200
394289,0,30,3,2,0,1,9,3,0,0,0,17,200,0,41,0,0,0,0,200,200
394291,0,30,200,200,0,1,12,6,0,0,0,17,17,1,200,200,1,200,200,200,200
394291,0,30,200,200,0,1,12,6,0,0,0,17,17,0,43,200,0,0,0,200,200
394303,0,30,0,0,0,1,0,6,0,0,0,17,16,0,57,0,1,1,0,200,200
394303,0,30,0,0,0,1,0,6,0,0,0,17,16,0,33,0,0,1,0,200,200
394308,0,30,0,0,0,1,7,5,0,0,0,0,0,1,200,200,200,200,200,200,200
394308,1,30,0,0,0,1,7,5,0,0,0,0,0,0,43,0,200,200,200,200,200
394309,0,15,0,0,0,1,10,12,0,0,0,20,17,0,200,200,6,200,200,200,200
394309,0,15,0,0,0,1,10,12,0,0,0,20,17,1,53,0,0,0,200,200,200
394311,0,30,0,0,0,1,10,2,0,0,0,18,200,0,30,0,3,0,0,200,200
394311,0,30,0,0,0,1,10,2,0,0,0,18,200,1,25,0,0,0,0,200,200
394311,1,30,0,0,0,1,10,2,0,0,0,18,200,0,25,0,200,200,200,200,200
394312,0,30,1,2,0,1,10,2,0,0,0,18,0,1,45,0,3,0,0,200,200
394312,0,30,1,2,0,1,10,2,0,0,0,18,0,0,32,7,0,0,0,200,200
394333,0,30,1,2,0,1,14,2,0,0,0,23,200,0,64,0,7,0,0,200,200
394333,0,30,1,2,0,1,14,2,0,0,0,23,200,0,55,0,0,0,0,200,200
394333,1,30,1,2,0,1,14,2,0,0,0,23,200,1,54,0,200,200,200,200,200