RD_NO,PERSON_TYPE,POSTED_SPEED_LIMIT,TRAFFIC_CONTROL_DEVICE,DEVICE_CONDITION,WEATHER_CONDITION,LIGHTING_CONDITION,FIRST_CRASH_TYPE,TRAFFICWAY_TYPE,ALIGNMENT,ROADWAY_SURFACE_COND,ROAD_DEFECT,PRIM_CONTRIBUTORY_CAUSE,SEC_CONTRIBUTORY_CAUSE,SEX,AGE,SAFETY_EQUIPMENT,DRIVER_ACTION,DRIVER_VISION,PHYSICAL_CONDITION,BAC_RESULT VALUE,CELL_PHONE_USE
394340,0,30,0,0,0,1,12,5,0,0,0,22,200,1,200,200,2,200,200,200,200
394340,0,30,0,0,0,1,12,5,0,0,0,22,200,1,34,0,0,0,0,200,200
394343,0,30,1,2,0,1,7,5,0,0,0,0,0,0,200,200,200,200,200,200,200
394347,0,30,1,2,1,1,14,2,0,0,0,17,11,1,82,0,1,0,0,200,200
394347,0,30,1,2,1,1,14,2,0,0,0,17,11,0,37,200,0,0,0,200,200
394347,1,30,1,2,1,1,14,2,0,0,0,17,11,1,76,200,200,200,200,200,200
394347,1,30,1,2,1,1,14,2,0,0,0,17,11,1,77,200,200,200,200,200,200
394351,0,15,0,0,0,1,10,7,0,0,0,20,200,1,33,200,6,200,0,200,200
394351,0,15,0,0,0,1,10,7,0,0,0,20,200,0,40,0,0,0,0,200,200
394351,1,15,0,0,0,1,10,7,0,0,0,20,200,1,200,0,200,200,200,200,200
394351,1,15,0,0,0,1,10,7,0,0,0,20,200,1,200,7,200,200,200,200,200
394351,1,15,0,0,0,1,10,7,0,0,0,20,200,0,200,0,200,200,200,200,200
394355,0,30,0,0,0,0,0,6,0,0,0,0,200,0,31,0,200,0,0,200,200
394355,0,30,0,0,0,0,0,6,0,0,0,0,200,0,200,200,200,200,200,200,200
394355,1,30,0,0,0,0,0,6,0,0,0,0,200,1,200,200,200,200,200,200,200
394361,0,30,2,2,0,1,14,5,0,0,0,5,0,0,32,0,0,0,0,200,200
394361,0,30,2,2,0,1,14,5,0,0,0,5,0,0,37,0,5,0,0,200,200
394361,1,30,2,2,0,1,14,5,0,0,0,5,0,1,33,0,200,200,200,200,200
394361,1,30,2,2,0,1,14,5,0,0,0,5,0,200,200,6,200,200,200,200,200
394361,1,30,2,2,0,1,14,5,0,0,0,5,0,1,11,6,200,200,200,200,200
394361,1,30,2,2,0,1,14,5,0,0,0,5,0,0,1,5,200,200,200,200,200
394361,1,30,2,2,0,1,14,5,0,0,0,5,0,1,16,0,200,200,200,200,200
394362,0,20,0,0,0,200,7,6,0,0,0,0,200,2,200,200,200,200,200,200,200
394368,0,30,1,2,0,1,14,1,3,0,0,22,0,0,200,200,7,200,200,200,200
394368,0,30,1,2,0,1,14,1,3,0,0,22,0,0,60,0,0,0,0,200,200
394374,0,30,1,2,0,1,10,2,0,0,0,18,200,1,29,200,3,200,200,200,200
394374,0,30,1,2,0,1,10,2,0,0,0,18,200,0,58,0,0,0,0,200,200
394378,0,30,0,0,1,1,7,7,0,0,0,23,26,1,200,200,7,200,200,200,200
394378,1,30,0,0,1,1,7,7,0,0,0,23,26,0,27,0,200,200,200,200,200
394378,1,30,0,0,1,1,7,7,0,0,0,23,26,0,8,0,200,200,200,200,200
394378,1,30,0,0,1,1,7,7,0,0,0,23,26,0,5,5,200,200,200,200,200
394383,0,10,0,0,1,1,7,7,0,0,0,11,200,0,59,7,12,12,0,200,200
394402,0,0,0,0,0,1,7,7,0,0,0,200,200,0,0,200,200,0,0,200,200
394404,0,30,1,2,0,1,14,5,0,0,0,21,0,1,200,200,200,200,200,200,200
394404,0,30,1,2,0,1,14,5,0,0,0,21,0,0,29,200,200,200,200,200,200
394418,0,30,2,2,0,1,8,5,0,0,0,17,17,0,200,200,1,200,200,200,200
394418,4,30,2,2,0,1,8,5,0,0,0,17,17,1,12,2,0,0,0,200,200
394419,0,25,0,0,0,1,12,3,0,0,0,22,0,1,22,0,2,0,0,200,200
394419,0,25,0,0,0,1,12,3,0,0,0,22,0,0,42,0,0,0,0,200,200
394420,0,30,0,0,0,1,12,6,0,0,0,21,17,0,67,0,4,0,0,200,200
394420,0,30,0,0,0,1,12,6,0,0,0,21,17,0,22,0,0,0,0,200,200
394422,0,15,0,0,200,200,7,6,0,200,0,0,0,2,200,200,200,200,200,200,200
394429,0,30,1,2,0,1,12,2,0,0,0,21,0,0,48,0,12,0,0,200,200
394429,0,30,1,2,0,1,12,2,0,0,0,21,0,1,30,0,1,0,0,200,200
394436,0,10,0,0,0,0,7,5,0,0,0,0,0,2,200,200,200,200,200,200,200
394437,0,0,0,0,0,1,7,7,0,0,0,23,200,0,36,0,12,0,0,200,200
394441,0,15,0,0,0,1,7,0,0,0,0,20,0,0,38,200,6,200,0,200,200
394441,1,15,0,0,0,1,7,0,0,0,0,20,0,0,54,200,200,200,200,200,200
394444,0,30,0,0,0,1,7,5,0,0,0,200,200,0,200,200,200,200,200,200,200
394446,0,30,1,2,0,1,12,5,0,0,0,17,17,0,200,200,3,0,200,200,200
394446,0,30,1,2,0,1,12,5,0,0,0,17,17,1,34,0,0,0,0,200,200
394449,0,30,0,0,0,1,10,5,0,0,0,0,200,0,28,0,12,0,0,200,200
394449,0,30,0,0,0,1,10,5,0,0,0,0,200,1,33,0,0,0,0,200,200
394462,0,35,0,0,0,1,7,5,0,0,0,11,0,2,200,200,12,200,200,200,200
394465,0,25,1,2,0,1,10,5,0,0,0,0,18,1,36,0,3,0,0,200,200
394465,0,25,1,2,0,1,10,5,0,0,0,0,18,1,67,0,0,0,0,200,200
394479,0,30,0,0,0,1,7,3,0,0,0,0,200,0,200,200,200,200,200,200,200
394482,0,30,1,2,0,1,10,3,0,0,0,18,0,0,200,0,3,200,0,200,200
394482,0,30,1,2,0,1,10,3,0,0,0,18,0,0,0,0,0,0,0,200,200
394482,0,30,1,2,0,1,10,3,0,0,0,18,0,0,200,0,0,0,0,200,200
394484,0,20,0,0,0,1,7,6,0,0,0,20,200,1,68,0,6,200,0,200,200
394484,1,20,0,0,0,1,7,6,0,0,0,20,200,1,29,200,200,200,200,200,200
394487,0,30,0,0,0,1,7,6,0,0,0,11,200,1,200,200,0,200,200,200,200
394490,0,30,0,0,0,1,12,5,0,0,0,22,17,0,74,200,1,0,0,200,200
394490,0,30,0,0,0,1,12,5,0,0,0,22,17,0,57,200,0,0,0,200,200
394493,0,30,0,0,0,1,10,0,0,0,0,0,0,1,27,200,10,200,200,200,200
394493,0,30,0,0,0,1,10,0,0,0,0,0,0,1,27,0,0,0,0,200,200
394495,0,30,0,0,0,1,14,2,0,0,0,17,200,0,18,0,1,1,0,200,200
394495,0,30,0,0,0,1,14,2,0,0,0,17,200,1,17,0,0,1,0,200,200
394495,1,30,0,0,0,1,14,2,0,0,0,17,200,1,67,0,200,200,200,200,200
394495,1,30,0,0,0,1,14,2,0,0,0,17,200,1,12,0,200,200,200,200,200
394495,1,30,0,0,0,1,14,2,0,0,0,17,200,1,18,0,200,200,200,200,200
394497,0,30,0,0,1,1,7,5,0,0,0,17,0,0,58,200,0,200,200,200,200
394497,1,30,0,0,1,1,7,5,0,0,0,17,0,0,68,1,200,200,200,200,200
394497,1,30,0,0,1,1,7,5,0,0,0,17,0,1,67,200,200,200,200,200,200
394497,1,30,0,0,1,1,7,5,0,0,0,17,0,0,200,200,200,200,200,200,200
394502,0,30,0,0,1,1,0,2,0,0,0,20,200,0,19,7,1,12,0,200,200
394502,0,30,0,0,1,1,0,2,0,0,0,20,200,0,44,0,0,0,0,200,200
394523,0,10,0,0,0,1,10,7,0,0,0,16,0,0,66,200,6,200,200,200,200
394523,0,10,0,0,0,1,10,7,0,0,0,16,0,1,58,0,0,0,0,200,200
394525,0,20,0,0,0,1,7,7,0,0,0,20,11,0,70,0,6,5,0,200,200
394526,0,30,1,2,0,1,12,5,0,0,0,200,200,1,57,200,0,0,0,200,200
394526,0,30,1,2,0,1,12,5,0,0,0,200,200,1,200,200,0,0,0,200,200
394527,0,30,0,0,0,1,0,5,0,0,0,17,17,0,20,0,1,0,0,200,200
394527,0,30,0,0,0,1,0,5,0,0,0,17,17,0,57,200,0,0,0,200,200
394530,0,30,1,2,0,1,10,5,0,0,0,18,16,1,34,200,3,200,0,200,200
394530,0,30,1,2,0,1,10,5,0,0,0,18,16,0,20,0,0,0,0,200,200
394530,0,30,1,2,0,1,10,5,0,0,0,18,16,0,200,200,0,200,200,200,200
394533,0,30,1,2,0,1,10,5,0,0,0,27,18,0,65,0,3,0,4,200,200
394533,0,30,1,2,0,1,10,5,0,0,0,27,18,0,78,0,0,0,0,200,200
394534,0,5,0,0,0,1,7,7,0,0,0,200,200,0,77,200,12,200,0,200,200
394535,0,30,0,0,0,1,2,2,0,0,0,14,15,0,200,200,8,200,200,200,200
394535,1,30,0,0,0,1,2,2,0,0,0,14,15,0,200,200,200,200,200,200,200
394537,0,30,0,0,0,1,14,5,0,0,0,200,200,0,200,200,0,200,200,200,200
394537,0,30,0,0,0,1,14,5,0,0,0,200,200,1,29,0,0,0,0,200,200
394537,1,30,0,0,0,1,14,5,0,0,0,200,200,0,200,0,200,200,200,200,200
394537,1,30,0,0,0,1,14,5,0,0,0,200,200,1,200,0,200,200,200,200,200
394537,1,30,0,0,0,1,14,5,0,0,0,200,200,2,200,200,200,200,200,200,200
394539,0,30,1,2,1,1,14,2,0,0,0,17,200,0,25,0,1,0,0,200,200
394539,0,30,1,2,1,1,14,2,0,0,0,17,200,0,19,0,200,0,0,200,200
394539,1,30,1,2,1,1,14,2,0,0,0,17,200,0,6,0,200,200,200,200,200
394554,0,30,1,2,0,1,10,5,0,200,200,0,0,0,46,200,12,200,200,200,200
394554,0,30,1,2,0,1,10,5,0,200,200,0,0,1,35,0,0,0,0,200,200
394572,0,30,2,2,0,1,7,5,0,0,0,18,200,0,54,0,3,0,0,200,200
394582,0,15,0,0,0,1,7,7,0,0,0,20,16,0,200,200,6,200,0,200,200
394582,1,15,0,0,0,1,7,7,0,0,0,20,16,1,200,1,200,200,200,200,200
394582,1,15,0,0,0,1,7,7,0,0,0,20,16,1,200,1,200,200,200,200,200
394582,1,15,0,0,0,1,7,7,0,0,0,20,16,2,200,5,200,200,200,200,200
394582,1,15,0,0,0,1,7,7,0,0,0,20,16,1,200,200,200,200,200,200,200
394589,0,35,0,0,0,1,12,5,0,0,0,0,0,1,73,0,200,0,0,200,200
394589,0,35,0,0,0,1,12,5,0,0,0,0,0,0,35,0,200,0,0,200,200
394591,0,30,0,0,0,1,10,2,0,0,0,18,16,0,38,200,3,200,0,200,200
394591,0,30,0,0,0,1,10,2,0,0,0,18,16,0,59,200,12,200,0,200,200
394591,0,30,0,0,0,1,10,2,0,0,0,18,16,2,200,200,200,200,200,200,200
394599,0,10,0,0,1,1,10,7,0,0,0,200,200,1,25,200,200,0,200,200,200
394599,0,10,0,0,1,1,10,7,0,0,0,200,200,1,67,0,0,0,0,200,200
394610,0,30,2,200,2,1,10,5,0,1,0,34,18,0,63,200,12,200,200,200,200
394610,0,30,2,200,2,1,10,5,0,1,0,34,18,1,48,0,0,0,0,200,200
394613,0,30,0,0,0,1,7,6,0,0,0,23,0,0,23,0,7,0,0,200,200
394625,0,30,0,0,1,1,14,5,0,0,200,0,0,0,200,200,1,200,200,200,200
394625,0,30,0,0,1,1,14,5,0,0,200,0,0,0,49,0,7,1,0,200,200
394625,1,30,0,0,1,1,14,5,0,0,200,0,0,1,200,0,200,200,200,200,200
394629,0,0,0,0,0,1,12,7,0,0,0,0,200,0,48,200,12,0,0,200,200
394629,0,0,0,0,0,1,12,7,0,0,0,0,200,0,35,0,0,0,0,200,200
394634,0,30,0,0,0,1,14,2,0,0,0,23,23,1,25,200,7,1,200,200,200
394634,0,30,0,0,0,1,14,2,0,0,0,23,23,0,31,0,12,0,0,200,200
394648,0,30,2,0,0,1,0,5,0,0,0,17,200,0,21,200,1,0,0,200,200
394648,0,30,2,0,0,1,0,5,0,0,0,17,200,1,50,200,0,0,0,200,200
394656,4,30,2,2,0,1,8,3,0,0,0,3,5,0,200,200,200,200,200,200,200
394656,0,30,2,2,0,1,8,3,0,0,0,3,5,1,48,200,0,0,0,200,200
394657,0,30,0,0,0,1,7,5,0,0,0,0,0,0,39,200,200,200,0,200,200
394657,1,30,0,0,0,1,7,5,0,0,0,0,0,1,200,200,200,200,200,200,200
394658,0,30,1,2,0,1,10,2,0,0,0,0,200,1,34,0,200,0,0,200,200
394658,0,30,1,2,0,1,10,2,0,0,0,0,200,0,31,0,0,0,0,200,200
394661,0,25,1,2,2,1,10,3,0,1,0,18,0,0,24,0,3,0,0,200,200
394661,0,25,1,2,2,1,10,3,0,1,0,18,0,0,68,0,0,0,0,200,200
394661,1,25,1,2,2,1,10,3,0,1,0,18,0,1,66,0,200,200,200,200,200
394669,0,30,0,0,0,1,12,7,0,0,0,0,0,0,51,200,200,200,200,200,200
394669,0,30,0,0,0,1,12,7,0,0,0,0,0,0,56,7,0,0,0,200,200
394673,0,30,0,2,0,1,12,5,0,0,0,0,200,0,34,200,12,200,0,200,200
394673,0,30,0,2,0,1,12,5,0,0,0,0,200,1,57,0,0,0,0,200,200
394677,0,30,0,0,0,0,7,6,0,0,0,0,200,2,200,200,200,200,200,200,200
394678,0,30,0,0,2,1,12,5,0,1,0,34,200,1,30,0,12,0,0,200,200
394678,0,30,0,0,2,1,12,5,0,1,0,34,200,0,59,0,0,0,0,200,200
394680,0,30,2,2,0,1,11,6,0,0,0,17,200,0,38,0,1,0,0,200,200
394680,0,30,2,2,0,1,11,6,0,0,0,17,200,1,0,0,0,0,0,200,200
394681,0,30,2,0,0,1,14,5,0,0,0,23,200,0,21,0,7,0,0,200,200
394681,0,30,2,0,0,1,14,5,0,0,0,23,200,1,39,0,0,0,0,200,200
394681,1,30,2,0,0,1,14,5,0,0,0,23,200,0,25,0,200,200,200,200,200
394681,1,30,2,0,0,1,14,5,0,0,0,23,200,1,63,0,200,200,200,200,200
394683,0,30,0,0,0,1,10,2,2,0,200,18,0,0,27,200,3,200,0,200,200
394683,0,30,0,0,0,1,10,2,2,0,200,18,0,0,64,200,12,1,0,200,200
394683,0,30,0,0,0,1,10,2,2,0,200,18,0,0,19,200,3,200,0,200,200
394685,0,30,12,3,2,1,0,5,0,1,0,17,200,1,23,200,12,0,0,200,200
394685,0,30,12,3,2,1,0,5,0,1,0,17,200,0,200,200,12,200,200,200,200
394687,0,10,0,0,0,1,7,5,0,1,0,200,200,1,78,7,12,0,0,200,200
394688,0,30,1,2,0,1,10,5,0,1,200,18,34,0,22,200,3,0,0,200,200
394688,0,30,1,2,0,1,10,5,0,1,200,18,34,0,35,0,0,0,0,200,200
394689,0,30,0,0,0,1,12,2,0,0,0,17,23,0,49,0,1,0,0,200,200
394689,0,30,0,0,0,1,12,2,0,0,0,17,23,0,42,0,0,0,0,200,200
394692,0,20,0,0,0,1,2,6,0,0,200,33,33,0,56,0,12,3,0,200,200
394696,0,30,2,2,0,1,0,5,0,0,0,20,200,0,48,0,6,0,0,200,200
394696,0,30,2,2,0,1,0,5,0,0,0,20,200,0,21,0,0,0,0,200,200
394696,1,30,2,2,0,1,0,5,0,0,0,20,200,0,22,0,200,200,200,200,200
394698,0,30,0,0,0,1,12,5,0,0,0,0,200,0,36,0,12,0,0,200,200
394698,0,30,0,0,0,1,12,5,0,0,0,0,200,0,54,0,12,0,0,200,200
394702,0,15,0,0,0,1,0,7,0,0,0,17,200,0,35,0,1,0,0,200,200
394702,0,15,0,0,0,1,0,7,0,0,0,17,200,0,25,0,0,0,0,200,200
394703,0,30,1,2,0,1,10,2,0,0,0,18,16,1,200,200,200,200,200,200,200
394703,0,30,1,2,0,1,10,2,0,0,0,18,16,0,41,0,0,0,0,200,200
394704,0,25,1,2,0,1,10,5,0,0,0,0,0,1,24,200,200,200,200,200,200
394704,0,25,1,2,0,1,10,5,0,0,0,0,0,1,25,200,200,200,0,200,200
394705,0,30,0,0,0,1,7,5,0,0,0,0,200,0,26,0,7,0,0,200,200
394709,4,20,2,2,0,1,8,5,0,0,0,5,17,1,41,7,5,200,0,200,200
394709,0,20,2,2,0,1,8,5,0,0,0,5,17,0,62,200,0,0,0,200,200
394710,0,30,1,2,0,1,14,2,0,0,0,6,17,1,28,200,1,0,0,200,200
394710,0,30,1,2,0,1,14,2,0,0,0,6,17,1,30,200,0,0,0,200,200
394714,0,30,2,2,1,1,10,2,0,1,0,0,0,0,48,0,8,0,0,200,200
394714,0,30,2,2,1,1,10,2,0,1,0,0,0,0,19,0,0,0,0,200,200
394714,1,30,2,2,1,1,10,2,0,1,0,0,0,1,20,0,200,200,200,200,200
394716,0,30,1,2,1,1,12,2,0,0,0,21,0,0,46,0,12,0,0,200,200
394716,0,30,1,2,1,1,12,2,0,0,0,21,0,1,25,0,0,0,0,200,200
394716,1,30,1,2,1,1,12,2,0,0,0,21,0,1,30,0,200,200,200,200,200
394719,0,30,1,2,2,1,10,5,0,1,200,34,200,0,200,200,1,200,0,200,200
394719,0,30,1,2,2,1,10,5,0,1,200,34,200,0,69,0,0,0,0,200,200
394723,0,35,1,2,0,1,10,5,0,0,0,7,0,1,24,0,12,0,0,200,200
394723,0,35,1,2,0,1,10,5,0,0,0,7,0,0,36,0,0,0,0,200,200
394726,0,30,1,2,0,1,12,2,0,0,0,27,23,2,200,200,200,200,200,200,200
394726,0,30,1,2,0,1,12,2,0,0,0,27,23,0,41,0,12,0,0,200,200
394727,0,30,12,12,0,1,12,6,0,0,0,0,200,0,45,200,12,0,0,200,200
394727,0,30,12,12,0,1,12,6,0,0,0,0,200,0,58,200,12,0,0,200,200
394730,0,25,1,2,2,1,10,2,0,1,12,29,0,0,54,0,12,200,0,200,200
394730,0,25,1,2,2,1,10,2,0,1,12,29,0,0,200,200,0,200,200,200,200
394731,0,30,0,0,2,1,12,5,0,1,2,200,200,0,200,200,0,200,200,200,200
394731,0,30,0,0,2,1,12,5,0,1,2,200,200,1,47,7,0,0,0,200,200
394738,0,30,1,2,2,1,10,5,0,1,12,29,0,0,31,0,12,0,0,200,200
394738,0,30,1,2,2,1,10,5,0,1,12,29,0,1,33,0,0,0,0,200,200
394738,1,30,1,2,2,1,10,5,0,1,12,29,0,0,31,0,200,200,200,200,200
394740,0,30,0,0,0,1,10,5,0,0,0,0,200,0,35,0,200,200,0,200,200
394740,0,30,0,0,0,1,10,5,0,0,0,0,200,0,25,0,0,200,0,200,200
394754,0,30,1,2,0,1,12,5,0,0,200,11,200,0,0,0,2,200,200,200,200
394754,0,30,1,2,0,1,12,5,0,0,200,11,200,0,60,0,0,0,0,200,200
394755,0,30,1,2,0,1,14,5,0,0,0,23,21,0,200,200,4,200,200,200,200
394755,0,30,1,2,0,1,14,5,0,0,0,23,21,0,32,200,0,0,0,200,200
394760,0,35,1,2,0,1,14,2,0,0,0,6,0,0,67,200,1,200,0,200,200
394760,0,35,1,2,0,1,14,2,0,0,0,6,0,1,0,200,0,200,0,200,200
394761,0,30,0,0,0,1,14,12,0,0,0,0,200,1,25,0,0,0,0,200,200
394761,0,30,0,0,0,1,14,12,0,0,0,0,200,0,48,0,0,0,0,200,200
394761,1,30,0,0,0,1,14,12,0,0,0,0,200,0,43,0,200,200,200,200,200
394762,0,30,0,0,0,1,10,5,0,0,0,18,11,0,21,0,3,0,0,200,200
394762,0,30,0,0,0,1,10,5,0,0,0,18,11,1,56,0,0,0,0,200,200
394770,0,30,12,0,2,1,7,7,0,1,0,200,200,2,200,200,200,200,200,200,200
394771,0,35,0,0,0,1,14,1,0,0,0,17,0,0,75,200,1,0,0,200,200
394771,0,35,0,0,0,1,14,1,0,0,0,17,0,1,55,200,0,0,0,200,200
394771,1,35,0,0,0,1,14,1,0,0,0,17,0,1,69,200,200,200,200,200,200
394775,0,35,0,0,0,1,7,5,0,0,0,0,0,2,200,200,200,200,200,200,200
394777,0,30,0,0,0,1,10,5,0,0,0,18,16,0,29,200,3,200,0,200,200
394777,0,30,0,0,0,1,10,5,0,0,0,18,16,0,23,0,0,0,0,200,200
394786,0,30,0,0,0,1,10,2,0,0,200,20,0,1,200,200,6,200,200,200,200
394786,0,30,0,0,0,1,10,2,0,0,200,20,0,1,52,0,0,0,0,200,200
394787,0,20,0,0,0,1,7,5,0,0,0,22,200,0,16,200,12,200,0,200,200
394790,0,10,0,0,0,1,7,7,0,0,0,23,11,0,82,200,7,0,0,200,200
394790,1,10,0,0,0,1,7,7,0,0,0,23,11,0,53,0,200,200,200,200,200
394791,0,30,0,0,1,1,7,6,0,0,0,0,0,2,200,200,200,200,200,200,200
394793,0,35,1,2,0,1,9,12,0,0,0,17,0,2,200,200,1,200,200,200,200
394793,5,35,1,2,0,1,9,12,0,0,0,17,0,0,43,200,200,200,6,200,200
394802,0,10,0,0,0,1,10,7,0,0,0,0,16,1,22,200,1,200,200,200,200
394802,0,10,0,0,0,1,10,7,0,0,0,0,16,1,26,200,1,200,200,200,200
394806,0,30,0,0,0,1,12,5,0,0,0,17,200,1,37,200,1,0,0,200,200
394806,0,30,0,0,0,1,12,5,0,0,0,17,200,1,37,0,0,0,0,200,200
394808,0,30,1,200,0,1,14,2,0,0,200,0,200,0,45,200,200,200,0,200,200
394808,0,30,1,200,0,1,14,2,0,0,200,0,200,0,31,200,0,200,0,200,200
394809,0,30,0,0,0,1,10,5,0,200,200,18,200,0,57,200,3,200,0,200,200
394809,0,30,0,0,0,1,10,5,0,200,200,18,200,0,44,200,0,0,0,200,200
394812,0,30,0,0,1,1,10,5,0,1,0,8,200,0,39,0,3,0,0,200,200
394812,0,30,0,0,1,1,10,5,0,1,0,8,200,0,78,0,0,0,0,200,200
394813,0,25,0,0,0,1,10,5,0,0,200,16,11,1,55,0,3,0,0,200,200
394813,0,25,0,0,0,1,10,5,0,0,200,16,11,0,23,200,0,0,200,200,200
394813,1,25,0,0,0,1,10,5,0,0,200,16,11,200,200,200,200,200,200,200,200
394813,1,25,0,0,0,1,10,5,0,0,200,16,11,200,200,200,200,200,200,200,200
394813,1,25,0,0,0,1,10,5,0,0,200,16,11,200,200,200,200,200,200,200,200
394813,1,25,0,0,0,1,10,5,0,0,200,16,11,200,200,0,200,200,200,200,200
394813,1,25,0,0,0,1,10,5,0,0,200,16,11,200,200,0,200,200,200,200,200
394817,0,30,0,0,0,1,14,5,0,0,0,200,200,0,23,0,0,0,0,200,200
394817,0,30,0,0,0,1,14,5,0,0,0,200,200,0,60,0,0,0,0,200,200
394819,0,30,0,0,0,1,2,5,0,0,0,0,200,0,30,200,200,200,200,200,200
394819,1,30,0,0,0,1,2,5,0,0,0,0,200,2,200,200,200,200,200,200,200
394821,0,30,0,0,0,1,8,6,0,0,0,17,200,1,29,200,1,0,0,200,200
394821,4,30,0,0,0,1,8,6,0,0,0,17,200,0,33,7,0,0,0,200,200
394828,0,10,0,0,0,1,7,0,0,0,0,22,17,0,28,0,1,0,0,200,200
394829,0,30,0,0,0,1,10,2,0,0,0,27,18,1,23,7,3,200,1,200,200
394829,0,30,0,0,0,1,10,2,0,0,0,27,18,0,55,0,0,0,0,200,200
394829,1,30,0,0,0,1,10,2,0,0,0,27,18,2,200,200,200,200,200,200,200
394834,0,30,1,2,0,1,10,5,0,0,0,0,0,0,40,0,1,0,0,200,200
394834,0,30,1,2,0,1,10,5,0,0,0,0,0,1,56,0,0,0,0,200,200
394844,0,30,0,0,0,1,7,0,0,0,0,11,15,1,76,200,8,200,0,200,200
394844,1,30,0,0,0,1,7,0,0,0,0,11,15,0,16,200,200,200,200,200,200
394847,0,30,1,2,0,1,10,12,0,200,200,20,0,0,200,200,6,200,200,200,200
394847,0,30,1,2,0,1,10,12,0,200,200,20,0,0,37,0,0,0,200,200,200
394848,0,30,1,2,0,1,14,2,0,0,0,11,16,0,54,200,3,0,0,200,200
394848,0,30,1,2,0,1,14,2,0,0,0,11,16,1,20,200,0,0,0,200,200
394848,1,30,1,2,0,1,14,2,0,0,0,11,16,1,200,200,200,200,200,200,200
394852,0,30,1,1,0,1,10,5,0,0,0,18,200,0,200,200,1,200,200,200,200
394852,0,30,1,1,0,1,10,5,0,0,0,18,200,0,43,0,0,0,0,200,200
394853,0,30,1,2,0,1,10,3,2,0,0,16,11,1,29,200,200,200,200,200,200
394853,0,30,1,2,0,1,10,3,2,0,0,16,11,1,65,0,0,0,0,200,200
394856,0,30,0,0,0,1,14,3,0,0,0,22,200,1,25,0,2,0,0,200,200
394856,0,30,0,0,0,1,14,3,0,0,0,22,200,1,36,0,0,0,0,200,200
394856,1,30,0,0,0,1,14,3,0,0,0,22,200,0,72,0,200,200,200,200,200
394857,0,15,0,0,0,1,7,7,0,0,0,0,0,2,200,200,200,200,200,200,200
394861,0,30,0,0,0,2,12,5,0,0,0,200,200,1,25,0,0,0,0,200,200
394861,0,30,0,0,0,2,12,5,0,0,0,200,200,1,37,0,0,0,0,200,200
394869,0,30,2,2,2,1,10,5,0,1,200,34,200,1,200,200,6,200,200,200,200
394869,0,30,2,2,2,1,10,5,0,1,200,34,200,1,65,0,0,0,0,200,200
394874,0,30,0,0,0,1,7,5,0,200,200,0,0,1,61,200,200,200,200,200,200
394879,0,30,1,2,0,1,10,2,0,0,200,0,0,1,200,200,1,200,200,200,200
394879,0,30,1,2,0,1,10,2,0,0,200,0,0,1,62,0,0,0,0,200,200
394885,0,25,1,2,0,1,14,5,0,0,0,23,16,1,33,0,7,0,0,200,200
394885,0,25,1,2,0,1,14,5,0,0,0,23,16,1,46,0,0,0,0,200,200
394885,1,25,1,2,0,1,14,5,0,0,0,23,16,0,200,0,200,200,200,200,200
394885,1,25,1,2,0,1,14,5,0,0,0,23,16,1,200,0,200,200,200,200,200
394889,0,30,1,2,0,1,10,5,0,0,0,0,200,0,29,0,200,0,0,200,200
394889,0,30,1,2,0,1,10,5,0,0,0,0,200,1,30,0,12,0,0,200,200
394889,0,30,1,2,0,1,10,5,0,0,0,0,200,1,25,0,12,0,0,200,200
394893,0,0,0,0,0,1,7,7,0,0,200,20,0,0,21,200,6,200,0,200,200
394895,0,30,1,2,0,1,10,2,0,0,0,18,0,0,41,0,1,200,200,200,200
394895,0,30,1,2,0,1,10,2,0,0,0,18,0,0,30,0,0,200,0,200,200
394900,0,30,1,2,0,3,10,5,0,0,0,18,200,0,0,7,3,0,0,200,200
394900,0,30,1,2,0,3,10,5,0,0,0,18,200,0,49,3,0,0,0,200,200
394904,0,30,1,2,0,1,10,3,0,0,0,27,200,1,24,0,3,0,2,200,200
394904,0,30,1,2,0,1,10,3,0,0,0,27,200,0,54,0,0,0,0,200,200
394904,1,30,1,2,0,1,10,3,0,0,0,27,200,0,22,0,200,200,200,200,200
394904,1,30,1,2,0,1,10,3,0,0,0,27,200,1,4,0,200,200,200,200,200
394904,1,30,1,2,0,1,10,3,0,0,0,27,200,0,2,5,200,200,200,200,200
394904,1,30,1,2,0,1,10,3,0,0,0,27,200,1,90,0,200,200,200,200,200
394904,1,30,1,2,0,1,10,3,0,0,0,27,200,1,60,0,200,200,200,200,200
394910,0,30,2,2,0,1,14,2,0,0,0,17,5,0,200,200,7,200,200,200,200
394910,0,30,2,2,0,1,14,2,0,0,0,17,5,0,53,0,0,0,0,200,200
394911,0,30,1,2,0,1,0,2,0,0,0,6,17,0,23,0,1,0,0,200,200
394911,0,30,1,2,0,1,0,2,0,0,0,6,17,0,53,0,12,0,0,200,200
394916,0,30,2,2,0,1,8,6,0,0,0,16,17,0,200,200,1,200,200,200,200
394916,4,30,2,2,0,1,8,6,0,0,0,16,17,0,15,2,0,200,0,200,200
394919,0,10,0,0,0,1,7,7,0,0,0,0,0,1,28,0,200,0,0,200,200
394920,0,15,0,0,0,2,7,7,0,0,0,0,200,1,63,200,200,200,0,200,200
394921,0,30,0,0,0,1,7,5,0,0,0,20,200,1,28,200,6,0,0,200,200
394921,1,30,0,0,0,1,7,5,0,0,0,20,200,1,18,200,200,200,200,200,200