RD_NO,PERSON_TYPE,POSTED_SPEED_LIMIT,TRAFFIC_CONTROL_DEVICE,DEVICE_CONDITION,WEATHER_CONDITION,LIGHTING_CONDITION,FIRST_CRASH_TYPE,TRAFFICWAY_TYPE,ALIGNMENT,ROADWAY_SURFACE_COND,ROAD_DEFECT,PRIM_CONTRIBUTORY_CAUSE,SEC_CONTRIBUTORY_CAUSE,SEX,AGE,SAFETY_EQUIPMENT,DRIVER_ACTION,DRIVER_VISION,PHYSICAL_CONDITION,BAC_RESULT VALUE,CELL_PHONE_USE
394925,0,25,0,0,0,1,7,6,0,0,200,0,200,0,44,200,200,200,0,200,200
394930,0,30,2,2,0,1,10,6,0,0,0,18,200,1,26,0,3,0,0,200,200
394930,0,30,2,2,0,1,10,6,0,0,0,18,200,1,24,0,0,0,0,200,200
394930,1,30,2,2,0,1,10,6,0,0,0,18,200,1,28,0,200,200,200,200,200
394930,1,30,2,2,0,1,10,6,0,0,0,18,200,0,60,0,200,200,200,200,200
394930,1,30,2,2,0,1,10,6,0,0,0,18,200,0,56,0,200,200,200,200,200
394930,1,30,2,2,0,1,10,6,0,0,0,18,200,0,29,0,200,200,200,200,200
394931,0,35,1,2,1,1,8,5,0,0,0,6,6,1,200,200,5,200,200,200,200
394931,4,35,1,2,1,1,8,5,0,0,0,6,6,1,35,7,0,0,0,200,200
394932,0,30,1,0,0,1,14,5,0,0,0,17,17,0,40,0,1,200,0,200,200
394932,0,30,1,0,0,1,14,5,0,0,0,17,17,1,20,0,0,0,0,200,200
394933,0,30,1,2,0,1,10,5,0,0,0,22,200,1,200,200,4,200,200,200,200
394933,0,30,1,2,0,1,10,5,0,0,0,22,200,0,44,0,0,0,0,200,200
394933,1,30,1,2,0,1,10,5,0,0,0,22,200,1,200,200,200,200,200,200,200
394936,0,30,0,0,0,1,7,2,0,0,0,0,200,1,200,7,0,200,5,200,200
394937,0,30,1,2,0,1,12,6,0,0,0,21,200,1,24,0,4,0,0,200,200
394937,0,30,1,2,0,1,12,6,0,0,0,21,200,1,40,0,0,0,0,200,200
394937,1,30,1,2,0,1,12,6,0,0,0,21,200,0,200,0,200,200,200,200,200
394937,1,30,1,2,0,1,12,6,0,0,0,21,200,2,200,0,200,200,200,200,200
394937,1,30,1,2,0,1,12,6,0,0,0,21,200,2,200,0,200,200,200,200,200
394937,1,30,1,2,0,1,12,6,0,0,0,21,200,2,200,0,200,200,200,200,200
394937,1,30,1,2,0,1,12,6,0,0,0,21,200,0,200,0,200,200,200,200,200
394957,0,30,0,0,0,1,7,6,0,0,0,0,200,2,200,200,200,200,200,200,200
394959,0,30,1,2,0,1,10,5,0,0,0,18,0,0,34,200,1,200,0,200,200
394959,0,30,1,2,0,1,10,5,0,0,0,18,0,1,38,200,0,200,0,200,200
394960,0,30,1,2,0,1,12,5,0,0,0,17,200,1,75,0,1,0,0,200,200
394960,0,30,1,2,0,1,12,5,0,0,0,17,200,0,25,0,0,0,0,200,200
394963,0,15,0,0,0,1,7,7,0,0,0,20,21,0,200,200,6,200,200,200,200
394964,0,30,0,0,0,2,14,5,0,0,0,200,200,1,200,200,0,200,200,200,200
394964,0,30,0,0,0,2,14,5,0,0,0,200,200,1,38,0,0,0,0,200,200
394976,0,30,0,0,0,1,12,6,0,0,0,0,0,0,47,200,200,0,0,200,200
394976,0,30,0,0,0,1,12,6,0,0,0,0,0,1,69,200,200,0,0,200,200
394984,0,30,0,0,0,4,10,5,0,0,0,18,7,0,47,0,3,0,0,200,200
394984,0,30,0,0,0,4,10,5,0,0,0,18,7,0,26,0,0,0,0,200,200
394990,0,30,1,2,0,1,10,5,0,200,200,16,0,0,44,0,0,0,200,200,200
394990,0,30,1,2,0,1,10,5,0,200,200,16,0,1,41,200,12,0,200,200,200
394993,0,30,0,0,0,1,7,7,0,0,0,200,200,0,200,200,200,200,200,200,200
394996,0,30,0,0,1,1,7,5,0,1,0,22,0,2,200,200,200,200,200,200,200
395007,0,30,1,200,0,1,10,5,0,0,200,0,0,1,34,0,200,200,200,200,200
395007,0,30,1,200,0,1,10,5,0,0,200,0,0,1,32,0,0,200,200,200,200
395014,0,30,0,0,200,3,7,6,0,0,0,0,200,2,200,200,200,200,200,200,200
395019,0,30,1,2,2,4,10,3,3,1,0,18,200,0,27,0,3,0,0,200,200
395019,0,30,1,2,2,4,10,3,3,1,0,18,200,1,42,0,0,0,0,200,200
395019,0,30,1,2,2,4,10,3,3,1,0,18,200,1,64,0,0,0,0,200,200
395019,1,30,1,2,2,4,10,3,3,1,0,18,200,1,26,0,200,200,200,200,200
395021,0,30,0,0,2,2,10,5,0,1,0,200,200,1,36,0,0,0,0,200,200
395021,0,30,0,0,2,2,10,5,0,1,0,200,200,0,57,0,0,0,0,200,200
395021,0,30,0,0,2,2,10,5,0,1,0,200,200,0,61,0,0,0,0,200,200
395022,0,30,1,2,0,1,14,6,0,0,0,22,200,1,200,200,2,200,200,200,200
395022,0,30,1,2,0,1,14,6,0,0,0,22,200,0,67,0,0,0,0,200,200
395027,0,35,0,0,2,1,10,3,0,1,0,18,34,1,27,0,3,0,0,200,200
395027,0,35,0,0,2,1,10,3,0,1,0,18,34,1,0,0,0,0,0,200,200
395030,0,25,2,2,1,1,0,5,0,0,0,5,17,0,200,200,5,200,200,200,200
395030,0,25,2,2,1,1,0,5,0,0,0,5,17,1,28,0,0,0,0,200,200
395033,0,30,0,0,0,0,10,6,0,0,0,18,18,0,200,7,0,0,0,200,200
395033,0,30,0,0,0,0,10,6,0,0,0,18,18,1,44,0,1,0,0,200,200
395047,0,30,1,2,0,1,12,2,0,0,0,11,200,0,70,0,12,0,0,200,200
395047,0,30,1,2,0,1,12,2,0,0,0,11,200,0,28,0,0,0,0,200,200
395052,0,30,0,0,2,4,7,6,0,1,0,0,0,2,200,200,200,200,200,200,200
395054,0,30,2,2,2,1,10,5,0,1,0,0,0,0,200,200,200,200,200,200,200
395054,0,30,2,2,2,1,10,5,0,1,0,0,0,1,48,200,200,200,0,200,200
395054,1,30,2,2,2,1,10,5,0,1,0,0,0,0,200,200,200,200,200,200,200
395064,0,30,1,2,0,1,14,2,0,0,0,23,0,0,200,200,7,200,200,200,200
395064,0,30,1,2,0,1,14,2,0,0,0,23,0,1,52,0,0,200,0,200,200
395089,0,30,1,2,2,2,8,2,0,1,0,20,0,0,200,200,6,200,200,200,200
395089,4,30,1,2,2,2,8,2,0,1,0,20,0,1,35,3,0,0,0,200,200
395089,1,30,1,2,2,2,8,2,0,1,0,20,0,2,200,200,200,200,200,200,200
395089,1,30,1,2,2,2,8,2,0,1,0,20,0,200,200,200,200,200,200,200,200
395089,1,30,1,2,2,2,8,2,0,1,0,20,0,200,200,200,200,200,200,200,200
395098,0,40,1,2,2,1,4,6,0,1,1,0,200,0,38,0,0,0,0,200,200
395099,0,25,0,0,0,1,14,5,0,0,0,200,200,2,200,200,200,200,200,200,200
395099,0,25,0,0,0,1,14,5,0,0,0,200,200,0,61,200,200,0,0,200,200
395099,1,25,0,0,0,1,14,5,0,0,0,200,200,0,200,200,200,200,200,200,200
395101,0,0,1,2,2,4,9,2,0,1,200,17,34,1,39,200,1,4,0,200,200
395101,5,0,1,2,2,4,9,2,0,1,200,17,34,1,59,7,0,200,200,200,200
395102,0,40,0,0,0,1,10,3,0,0,0,16,0,1,39,0,12,0,0,200,200
395102,0,40,0,0,0,1,10,3,0,0,0,16,0,1,24,0,12,0,0,200,200
395102,1,40,0,0,0,1,10,3,0,0,0,16,0,1,32,0,200,200,200,200,200
395112,0,30,0,0,2,4,7,6,0,1,0,21,200,2,200,200,200,200,200,200,200
395118,0,30,0,0,0,1,7,5,0,0,0,25,200,0,47,0,0,0,0,200,200
395118,1,30,0,0,0,1,7,5,0,0,0,25,200,0,200,200,200,200,200,200,200
395119,0,30,0,0,0,2,0,7,0,0,0,200,200,1,66,7,0,0,0,200,200
395119,0,30,0,0,0,2,0,7,0,0,0,200,200,1,32,0,0,0,0,200,200
395119,1,30,0,0,0,2,0,7,0,0,0,200,200,1,200,0,200,200,200,200,200
395119,1,30,0,0,0,2,0,7,0,0,0,200,200,0,200,0,200,200,200,200,200
395119,1,30,0,0,0,2,0,7,0,0,0,200,200,1,200,0,200,200,200,200,200
395119,1,30,0,0,0,2,0,7,0,0,0,200,200,0,200,0,200,200,200,200,200
395121,0,40,12,12,0,3,10,3,0,1,0,0,200,1,50,200,3,0,0,200,200
395121,0,40,12,12,0,3,10,3,0,1,0,0,200,0,63,200,200,0,0,200,200
395121,0,40,12,12,0,3,10,3,0,1,0,0,200,1,27,200,0,0,0,200,200
395122,0,30,1,2,2,4,14,5,0,1,0,17,200,0,19,0,1,0,0,200,200
395122,0,30,1,2,2,4,14,5,0,1,0,17,200,0,28,0,200,0,0,200,200
395125,0,30,1,2,0,1,10,12,2,0,0,16,11,0,200,200,200,200,200,200,200
395125,0,30,1,2,0,1,10,12,2,0,0,16,11,0,26,0,0,0,0,200,200
395129,0,30,1,2,0,1,10,5,0,0,200,11,200,0,43,200,1,0,0,200,200
395129,0,30,1,2,0,1,10,5,0,0,200,11,200,0,30,0,0,0,0,200,200
395132,0,30,0,0,0,2,10,5,0,0,0,200,200,0,200,200,0,200,200,200,200
395132,0,30,0,0,0,2,10,5,0,0,0,200,200,1,36,0,0,0,0,200,200
395137,0,35,1,2,0,4,14,1,0,0,0,11,11,1,27,0,12,0,0,200,200
395137,0,35,1,2,0,4,14,1,0,0,0,11,11,0,51,0,0,0,0,200,200
395139,0,30,1,2,2,3,0,2,0,1,0,6,6,0,23,200,0,0,0,200,200
395139,0,30,1,2,2,3,0,2,0,1,0,6,6,1,24,200,5,200,0,200,200
395139,1,30,1,2,2,3,0,2,0,1,0,6,6,0,200,200,200,200,200,200,200
395140,0,10,2,0,0,2,7,7,0,0,200,0,0,1,39,200,200,200,200,200,200
395142,0,30,2,2,0,4,2,6,0,0,0,10,16,0,23,200,9,0,0,200,200
395142,1,30,2,2,0,4,2,6,0,0,0,10,16,0,200,200,200,200,200,200,200
395142,1,30,2,2,0,4,2,6,0,0,0,10,16,200,200,200,200,200,200,200,200
395142,1,30,2,2,0,4,2,6,0,0,0,10,16,0,23,200,200,200,200,200,200
395146,0,30,0,0,0,1,7,2,0,0,0,22,16,2,200,200,2,200,200,200,200
395148,3,35,3,2,0,1,2,5,0,0,1,29,200,200,200,200,200,200,200,200,200
395148,0,35,3,2,0,1,2,5,0,0,1,29,200,1,64,200,0,0,0,200,200
395148,1,35,3,2,0,1,2,5,0,0,1,29,200,1,79,200,200,200,200,200,200
395155,0,30,0,0,0,1,12,5,0,0,0,200,200,0,23,200,0,0,0,200,200
395155,0,30,0,0,0,1,12,5,0,0,0,200,200,0,20,0,0,0,0,200,200
395158,0,30,0,0,0,1,2,5,0,0,1,200,200,0,38,0,0,0,0,200,200
395160,0,35,0,0,2,0,0,2,0,1,0,17,200,0,21,0,1,0,0,200,200
395160,0,35,0,0,2,0,0,2,0,1,0,17,200,0,27,0,0,0,0,200,200
395161,0,30,0,0,0,3,7,2,0,0,0,0,0,0,50,200,12,0,200,200,200
395164,0,30,0,0,200,200,7,2,0,0,0,11,200,2,200,200,12,200,200,200,200
395165,0,30,0,0,200,200,7,5,0,200,200,200,200,2,200,200,12,200,200,200,200
395181,0,25,0,0,0,1,7,2,0,0,0,0,0,1,25,200,200,200,200,200,200
395183,0,35,1,2,2,3,10,2,0,1,0,20,0,0,39,0,6,0,0,200,200
395183,0,35,1,2,2,3,10,2,0,1,0,20,0,1,26,0,200,0,0,200,200
395183,1,35,1,2,2,3,10,2,0,1,0,20,0,0,200,0,200,200,200,200,200
395184,0,30,1,2,0,0,10,5,0,0,0,18,200,2,200,200,3,200,200,200,200
395184,0,30,1,2,0,0,10,5,0,0,0,18,200,1,45,0,3,0,0,200,200
395188,0,30,200,200,200,200,7,200,0,200,200,20,20,0,20,200,6,200,200,200,200
395190,0,30,1,2,2,2,9,2,0,1,0,34,200,1,47,200,1,12,0,200,200
395190,5,30,1,2,2,2,9,2,0,1,0,34,200,1,34,200,0,12,0,200,200
395192,0,30,0,0,0,3,14,5,0,0,0,17,23,0,41,200,1,0,0,200,200
395192,0,30,0,0,0,3,14,5,0,0,0,17,23,0,35,200,0,0,0,200,200
395193,0,30,0,0,0,1,10,5,0,200,200,0,200,2,200,200,1,200,200,200,200
395193,0,30,0,0,0,1,10,5,0,200,200,0,200,1,42,200,200,200,0,200,200
395200,0,30,1,2,0,3,12,6,0,0,0,21,200,0,30,200,4,0,0,200,200
395200,0,30,1,2,0,3,12,6,0,0,0,21,200,0,65,0,0,0,0,200,200
395213,0,30,0,0,2,3,2,3,5,1,0,34,0,0,45,0,200,200,0,200,200
395214,0,30,1,2,0,1,10,5,0,1,0,0,0,0,200,200,200,0,0,200,200
395214,0,30,1,2,0,1,10,5,0,1,0,0,0,1,39,0,0,0,0,200,200
395214,1,30,1,2,0,1,10,5,0,1,0,0,0,0,9,0,200,200,200,200,200
395221,0,30,0,0,2,1,10,5,0,1,0,18,0,0,28,200,3,200,200,200,200
395221,0,30,0,0,2,1,10,5,0,1,0,18,0,0,44,200,0,0,0,200,200
395223,0,30,1,2,0,1,7,5,0,0,0,0,200,0,200,200,12,200,200,200,200
395225,0,25,1,2,200,1,10,12,0,200,0,18,0,0,25,200,3,200,200,200,200
395225,0,25,1,2,200,1,10,12,0,200,0,18,0,0,46,0,0,0,0,200,200
395225,1,25,1,2,200,1,10,12,0,200,0,18,0,1,35,0,200,200,200,200,200
395225,1,25,1,2,200,1,10,12,0,200,0,18,0,1,3,0,200,200,200,200,200
395225,1,25,1,2,200,1,10,12,0,200,0,18,0,1,8,0,200,200,200,200,200
395225,1,25,1,2,200,1,10,12,0,200,0,18,0,1,12,0,200,200,200,200,200
395225,1,25,1,2,200,1,10,12,0,200,0,18,0,1,14,0,200,200,200,200,200
395235,0,30,0,0,0,4,10,2,0,0,0,9,0,0,0,0,11,0,0,200,200
395235,0,30,0,0,0,4,10,2,0,0,0,9,0,0,28,0,0,0,0,200,200
395237,0,25,1,2,2,3,10,5,2,1,0,18,200,0,62,0,3,0,0,200,200
395237,0,25,1,2,2,3,10,5,2,1,0,18,200,0,200,0,0,0,0,200,200
395237,1,25,1,2,2,3,10,5,2,1,0,18,200,0,63,0,200,200,200,200,200
395240,0,0,0,0,200,1,0,2,0,200,200,32,5,1,44,200,1,200,200,200,200
395240,0,0,0,0,200,1,0,2,0,200,200,32,5,0,52,200,200,200,0,200,200
395241,0,30,1,200,200,0,10,5,0,200,200,0,0,1,23,200,1,200,200,200,200
395241,0,30,1,200,200,0,10,5,0,200,200,0,0,0,34,0,0,0,0,200,200
395242,0,30,0,0,2,0,7,5,0,1,0,8,0,0,19,0,12,1,0,200,200
395251,0,30,0,0,2,3,7,6,0,1,0,20,7,1,33,0,6,0,1,200,200
395263,0,30,1,2,0,3,10,2,0,0,200,18,6,0,62,200,3,200,0,200,200
395263,0,30,1,2,0,3,10,2,0,0,200,18,6,1,49,200,5,200,0,200,200
395263,1,30,1,2,0,3,10,2,0,0,200,18,6,1,21,200,200,200,200,200,200
395263,1,30,1,2,0,3,10,2,0,0,200,18,6,1,19,200,200,200,200,200,200
395263,1,30,1,2,0,3,10,2,0,0,200,18,6,200,200,200,200,200,200,200,200
395270,0,30,1,2,2,3,0,6,0,1,0,22,200,1,200,200,7,200,200,200,200
395270,0,30,1,2,2,3,0,6,0,1,0,22,200,0,45,200,0,0,0,200,200
395270,0,30,1,2,2,3,0,6,0,1,0,22,200,0,29,0,0,0,0,200,200
395270,1,30,1,2,2,3,0,6,0,1,0,22,200,1,200,200,200,200,200,200,200
395270,1,30,1,2,2,3,0,6,0,1,0,22,200,1,200,200,200,200,200,200,200
395283,0,30,0,0,0,3,7,5,0,1,0,0,200,2,200,200,200,200,200,200,200
395297,0,25,0,0,0,3,7,6,0,0,0,200,200,2,200,200,200,200,200,200,200
395300,0,30,0,0,0,3,2,3,0,0,0,0,200,0,55,0,0,0,0,200,200
395313,0,30,0,0,0,3,7,7,0,0,0,20,200,2,200,200,6,200,200,200,200
395313,1,30,0,0,0,3,7,7,0,0,0,20,200,1,200,0,200,200,200,200,200
395313,1,30,0,0,0,3,7,7,0,0,0,20,200,1,200,0,200,200,200,200,200
395314,0,30,0,0,0,3,7,5,0,0,0,25,0,0,200,200,200,200,200,200,200
395325,0,10,0,0,0,3,2,0,0,0,200,8,200,0,43,0,12,200,0,200,200
395330,0,30,1,2,0,3,10,3,0,0,0,16,200,2,200,200,3,200,200,200,200
395330,0,30,1,2,0,3,10,3,0,0,0,16,200,0,25,200,0,0,0,200,200
395330,0,30,1,2,0,3,10,3,0,0,0,16,200,2,200,200,0,200,200,200,200
395333,0,35,2,2,0,3,0,5,0,0,0,17,11,0,43,200,1,0,0,200,200
395333,0,35,2,2,0,3,0,5,0,0,0,17,11,0,29,200,200,0,0,200,0
395333,1,35,2,2,0,3,0,5,0,0,0,17,11,0,52,200,200,200,200,200,200
395333,1,35,2,2,0,3,0,5,0,0,0,17,11,1,37,200,200,200,200,200,200
395335,0,30,0,3,2,0,14,5,0,1,0,25,16,2,200,200,12,200,200,200,200
395335,0,30,0,3,2,0,14,5,0,1,0,25,16,0,22,200,0,0,0,200,200
395337,0,30,0,0,1,3,7,6,0,1,0,21,200,0,61,200,7,0,0,200,200
395340,0,30,0,0,200,3,5,2,0,0,0,0,21,0,30,0,0,0,0,200,200
395345,0,30,1,2,0,0,14,5,0,0,0,0,0,0,200,200,200,200,200,200,200
395345,0,30,1,2,0,0,14,5,0,0,0,0,0,0,46,0,0,0,0,200,200
395347,0,30,1,2,0,3,0,3,0,0,200,0,0,0,28,200,200,200,1,200,200
395347,0,30,1,2,0,3,0,3,0,0,200,0,0,0,25,200,200,200,0,200,200
395347,0,30,1,2,0,3,0,3,0,0,200,0,0,0,51,200,200,200,0,200,200
395350,0,30,0,0,0,3,12,6,0,0,200,22,21,0,68,200,4,200,200,200,200
395350,0,30,0,0,0,3,12,6,0,0,200,22,21,1,33,0,0,0,0,200,200
395350,1,30,0,0,0,3,12,6,0,0,200,22,21,1,200,200,200,200,200,200,200
395350,1,30,0,0,0,3,12,6,0,0,200,22,21,1,51,0,200,200,200,200,200
395350,1,30,0,0,0,3,12,6,0,0,200,22,21,0,200,0,200,200,200,200,200
395350,1,30,0,0,0,3,12,6,0,0,200,22,21,0,200,0,200,200,200,200,200
395350,1,30,0,0,0,3,12,6,0,0,200,22,21,0,200,0,200,200,200,200,200
395350,1,30,0,0,0,3,12,6,0,0,200,22,21,0,200,0,200,200,200,200,200
395352,0,30,0,0,0,3,7,6,0,1,0,16,14,0,200,200,12,200,200,200,200
395358,0,20,0,0,0,3,7,7,0,0,0,0,200,0,200,200,6,200,200,200,200
395361,0,30,1,2,0,3,0,2,0,0,0,17,200,0,41,0,200,3,0,200,200
395361,0,30,1,2,0,3,0,2,0,0,0,17,200,0,27,0,1,3,0,200,200
395376,0,30,0,0,0,0,2,3,0,0,0,29,200,0,37,0,14,0,0,200,200
395388,0,30,1,2,0,3,10,3,0,0,0,16,11,0,29,200,12,0,0,200,200
395388,0,30,1,2,0,3,10,3,0,0,0,16,11,0,27,200,0,0,0,200,200
395388,1,30,1,2,0,3,10,3,0,0,0,16,11,1,200,200,200,200,200,200,200
395390,0,30,0,0,0,0,2,3,0,0,0,32,200,0,55,200,12,200,5,0.22,200
395398,0,35,1,2,0,3,0,3,0,0,0,0,0,1,21,200,200,200,0,200,200
395398,0,35,1,2,0,3,0,3,0,0,0,0,0,1,48,200,200,200,0,200,200
395398,1,35,1,2,0,3,0,3,0,0,0,0,0,0,29,200,200,200,200,200,200
395398,1,35,1,2,0,3,0,3,0,0,0,0,0,1,18,200,200,200,200,200,200
395413,0,30,2,0,0,3,12,5,0,0,0,25,0,1,32,200,200,200,0,200,200
395413,0,30,2,0,0,3,12,5,0,0,0,25,0,1,44,200,0,0,0,200,200
395432,0,30,0,0,0,3,7,5,2,0,200,25,0,1,200,200,6,200,200,200,200
395443,0,30,0,12,0,3,7,6,0,0,200,0,0,2,200,200,200,200,200,200,200
395456,0,20,0,0,0,3,2,0,0,0,0,20,200,0,24,0,6,0,0,200,200
395456,1,20,0,0,0,3,2,0,0,0,0,20,200,1,39,0,200,200,200,200,200
395462,0,30,0,0,0,3,2,3,3,0,0,20,200,2,200,200,6,200,200,200,200
395469,0,30,1,2,0,3,7,5,0,0,0,0,0,0,200,200,200,200,200,200,200
395471,0,35,0,0,0,0,10,5,0,0,0,18,0,0,59,0,3,0,0,200,200
395471,0,35,0,0,0,0,10,5,0,0,0,18,0,1,44,0,0,0,0,200,200
395489,0,30,1,0,0,1,7,5,0,0,0,21,21,1,28,0,12,0,0,200,200
395490,0,30,0,0,0,1,7,2,0,0,0,14,0,1,49,0,12,0,200,200,200
395493,0,30,1,2,1,1,14,2,2,0,0,17,3,0,57,0,1,0,0,200,200
395493,0,30,1,2,1,1,14,2,2,0,0,17,3,0,48,0,0,0,0,200,200
395496,0,35,1,2,0,1,14,5,0,0,0,21,200,0,55,0,7,0,0,200,200
395496,0,35,1,2,0,1,14,5,0,0,0,21,200,0,27,0,0,0,0,200,200
395499,0,30,0,0,0,1,7,5,0,0,0,0,0,1,200,200,200,200,200,200,200
395506,0,30,0,0,2,1,12,5,0,0,200,0,200,0,200,200,200,200,200,200,200
395506,0,30,0,0,2,1,12,5,0,0,200,0,200,0,46,0,0,0,0,200,200
395509,0,15,0,0,200,200,7,0,0,200,0,0,0,2,200,200,200,200,200,200,200
395510,0,30,1,2,0,1,10,2,0,0,0,25,18,0,200,200,3,200,200,200,200
395510,0,30,1,2,0,1,10,2,0,0,0,25,18,1,34,0,0,0,0,200,200
395519,0,30,1,2,0,1,0,2,0,0,0,6,0,0,24,200,200,200,0,200,200
395519,0,30,1,2,0,1,0,2,0,0,0,6,0,0,48,200,200,200,0,200,200
395530,0,30,2,2,1,1,0,2,0,0,0,17,16,1,26,0,1,0,0,200,200
395530,0,30,2,2,1,1,0,2,0,0,0,17,16,0,34,0,0,0,0,200,200
395532,0,30,0,0,0,1,14,3,0,0,0,33,200,0,30,200,12,5,0,200,200
395532,0,30,0,0,0,1,14,3,0,0,0,33,200,0,25,200,12,5,0,200,200
395538,0,30,1,2,0,1,12,2,0,0,0,0,0,1,24,0,1,0,0,200,200
395538,0,30,1,2,0,1,12,2,0,0,0,0,0,0,29,0,0,0,0,200,200
395539,0,0,1,2,0,1,0,2,0,0,0,6,200,0,20,200,5,0,0,200,200
395539,0,0,1,2,0,1,0,2,0,0,0,6,200,0,73,0,0,0,0,200,200
395541,0,25,0,0,0,0,7,12,0,0,0,200,0,2,200,200,200,200,200,200,200
395542,0,25,0,0,0,1,7,5,0,0,0,18,18,0,45,0,3,0,0,200,200
395542,1,25,0,0,0,1,7,5,0,0,0,18,18,0,37,0,200,200,200,200,200
395544,0,20,0,0,1,1,0,0,0,0,0,0,0,1,22,0,1,5,0,200,200
395544,0,20,0,0,1,1,0,0,0,0,0,0,0,1,36,0,0,0,0,200,200
395545,0,30,0,0,0,1,12,3,0,0,0,0,200,0,35,0,12,0,0,200,200
395545,0,30,0,0,0,1,12,3,0,0,0,0,200,2,200,200,200,200,200,200,200
395548,0,35,1,2,1,1,14,2,0,0,0,17,200,1,53,0,200,12,0,200,200
395548,0,35,1,2,1,1,14,2,0,0,0,17,200,0,48,0,0,12,0,200,200
395550,0,30,0,0,0,1,12,6,0,0,0,17,200,0,60,0,1,0,0,200,200
395550,0,30,0,0,0,1,12,6,0,0,0,17,200,0,27,0,0,0,0,200,200
395550,1,30,0,0,0,1,12,6,0,0,0,17,200,1,200,7,200,200,200,200,200
395573,0,0,2,2,1,1,0,5,0,0,0,17,16,0,48,0,1,0,0,200,200
395573,0,0,2,2,1,1,0,5,0,0,0,17,16,0,48,0,0,0,0,200,200
395573,1,0,2,2,1,1,0,5,0,0,0,17,16,0,25,0,200,200,200,200,200
395575,0,30,0,0,1,1,14,5,0,0,0,23,23,0,61,0,7,0,0,200,200
395575,0,30,0,0,1,1,14,5,0,0,0,23,23,0,28,0,7,0,0,200,200
395582,0,30,0,0,0,1,2,3,0,0,0,0,0,2,200,200,200,200,200,200,200
395596,0,30,0,0,0,1,7,6,0,0,2,25,16,2,200,200,200,200,200,200,200
395599,0,30,0,0,0,1,12,5,0,0,0,22,23,1,47,0,1,0,0,200,200
395599,0,30,0,0,0,1,12,5,0,0,0,22,23,1,35,0,4,0,0,200,200
395600,0,30,1,200,0,1,10,2,0,0,200,18,0,0,200,200,3,200,200,200,200
395600,0,30,1,200,0,1,10,2,0,0,200,18,0,0,43,200,0,200,0,200,200
395605,0,30,0,0,0,1,7,6,0,0,0,25,0,2,200,200,200,200,200,200,200
395608,0,30,1,200,0,1,10,6,0,0,0,16,200,1,31,0,1,0,0,200,200
395608,0,30,1,200,0,1,10,6,0,0,0,16,200,0,56,0,0,0,0,200,200
395616,0,30,2,2,0,1,9,3,0,0,0,17,17,1,37,0,1,0,0,200,200
395616,5,30,2,2,0,1,9,3,0,0,0,17,17,0,33,7,0,0,7,200,200
395626,0,25,1,2,2,1,10,5,0,1,0,18,0,0,58,0,3,0,0,200,200
395626,0,25,1,2,2,1,10,5,0,1,0,18,0,0,47,0,0,0,0,200,200
395627,0,30,0,0,0,1,14,5,0,0,0,0,200,1,28,0,12,12,0,200,200
395627,0,30,0,0,0,1,14,5,0,0,0,0,200,1,54,0,0,12,0,200,200
395627,1,30,0,0,0,1,14,5,0,0,0,0,200,0,21,0,200,200,200,200,200
395632,0,20,0,0,1,1,7,5,0,0,0,18,22,0,45,200,3,0,0,200,200
395632,1,20,0,0,1,1,7,5,0,0,0,18,22,0,45,200,200,200,200,200,200
395641,0,30,0,0,0,1,10,5,0,0,0,17,200,0,45,0,1,0,0,200,200
395641,0,30,0,0,0,1,10,5,0,0,0,17,200,1,38,200,1,0,0,200,200
395654,0,25,0,0,0,1,10,2,0,0,0,200,200,0,47,0,3,200,5,200,200
395654,0,25,0,0,0,1,10,2,0,0,0,200,200,1,31,0,0,0,0,200,200
395663,0,25,0,0,0,1,12,5,0,0,0,0,0,0,41,0,1,0,0,200,200
395663,0,25,0,0,0,1,12,5,0,0,0,0,0,0,52,7,0,0,0,200,200
395675,0,25,2,1,0,1,14,5,0,0,0,23,21,0,66,200,7,0,0,200,200
395675,0,25,2,1,0,1,14,5,0,0,0,23,21,1,64,0,0,0,0,200,200
395681,0,35,2,0,0,1,0,6,0,0,0,5,200,1,37,0,5,0,0,200,200
395681,0,35,2,0,0,1,0,6,0,0,0,5,200,0,80,0,0,0,0,200,200
395681,1,35,2,0,0,1,0,6,0,0,0,5,200,1,1,5,200,200,200,200,200
395682,0,30,0,0,0,1,10,2,0,0,0,18,7,0,48,0,3,0,0,200,200
395682,0,30,0,0,0,1,10,2,0,0,0,18,7,0,37,0,0,0,0,200,200
395682,1,30,0,0,0,1,10,2,0,0,0,18,7,1,46,0,200,200,200,200,200
395682,1,30,0,0,0,1,10,2,0,0,0,18,7,1,12,0,200,200,200,200,200
395682,1,30,0,0,0,1,10,2,0,0,0,18,7,0,9,0,200,200,200,200,200
395690,0,30,0,0,0,1,12,5,0,0,0,17,0,1,24,0,1,200,0,200,200
395690,0,30,0,0,0,1,12,5,0,0,0,17,0,0,23,0,0,200,0,200,200
395690,1,30,0,0,0,1,12,5,0,0,0,17,0,0,200,0,200,200,200,200,200
395690,1,30,0,0,0,1,12,5,0,0,0,17,0,0,200,0,200,200,200,200,200
395693,0,25,0,0,0,1,7,6,0,0,0,0,0,0,52,200,200,200,0,200,200
395696,0,30,1,2,1,1,10,2,0,0,0,25,16,0,200,200,8,200,200,200,200