RD_NO,PERSON_TYPE,POSTED_SPEED_LIMIT,TRAFFIC_CONTROL_DEVICE,DEVICE_CONDITION,WEATHER_CONDITION,LIGHTING_CONDITION,FIRST_CRASH_TYPE,TRAFFICWAY_TYPE,ALIGNMENT,ROADWAY_SURFACE_COND,ROAD_DEFECT,PRIM_CONTRIBUTORY_CAUSE,SEC_CONTRIBUTORY_CAUSE,SEX,AGE,SAFETY_EQUIPMENT,DRIVER_ACTION,DRIVER_VISION,PHYSICAL_CONDITION,BAC_RESULT VALUE,CELL_PHONE_USE
395696,0,30,1,2,1,1,10,2,0,0,0,25,16,1,65,0,0,0,0,200,200
395703,0,30,1,2,0,1,10,2,0,0,0,18,0,0,200,200,3,200,200,200,200
395703,0,30,1,2,0,1,10,2,0,0,0,18,0,0,57,0,0,0,0,200,200
395714,0,15,0,0,1,3,7,6,0,0,0,25,0,2,200,200,200,200,200,200,200
395721,0,30,0,0,200,200,7,5,0,200,200,0,200,2,200,200,200,200,200,200,200
395727,0,30,1,2,0,1,14,6,0,0,0,21,200,0,37,0,7,0,0,200,200
395727,0,30,1,2,0,1,14,6,0,0,0,21,200,0,200,0,0,0,0,200,200
395729,0,25,2,2,0,1,14,5,0,0,200,23,33,1,200,200,7,200,200,200,200
395729,0,25,2,2,0,1,14,5,0,0,200,23,33,1,35,0,0,200,0,200,200
395753,0,10,0,0,0,1,7,7,0,0,0,0,200,0,200,200,200,200,200,200,200
395755,0,30,0,0,0,1,10,5,0,0,0,18,16,0,31,200,3,0,0,200,200
395755,0,30,0,0,0,1,10,5,0,0,0,18,16,0,51,0,0,0,0,200,200
395761,0,30,0,0,0,1,11,6,0,0,0,20,200,0,31,0,6,0,0,200,200
395761,0,30,0,0,0,1,11,6,0,0,0,20,200,0,63,0,0,0,0,200,200
395770,0,30,0,0,1,1,12,2,0,0,0,18,21,0,200,200,4,200,200,200,200
395770,0,30,0,0,1,1,12,2,0,0,0,18,21,1,30,0,0,0,0,200,200
395772,0,30,0,0,0,1,7,12,0,0,0,200,200,1,25,7,12,0,0,200,200
395773,0,30,0,0,0,1,10,3,0,0,0,0,0,1,200,200,200,200,200,200,200
395773,0,30,0,0,0,1,10,3,0,0,0,0,0,1,42,200,0,0,0,200,200
395775,0,30,0,0,0,1,8,12,0,0,0,0,0,0,200,200,1,200,200,200,200
395775,4,30,0,0,0,1,8,12,0,0,0,0,0,0,25,7,0,0,0,200,200
395781,0,30,0,0,0,1,0,2,0,0,0,17,200,0,47,0,1,5,0,200,200
395781,0,30,0,0,0,1,0,2,0,0,0,17,200,1,77,0,0,0,0,200,200
395784,0,30,0,0,0,1,10,6,0,0,200,0,200,1,200,200,1,200,200,200,200
395784,0,30,0,0,0,1,10,6,0,0,200,0,200,1,38,0,0,0,0,200,200
395788,0,30,1,2,0,1,14,6,0,0,0,23,17,0,47,200,7,0,0,200,200
395788,0,30,1,2,0,1,14,6,0,0,0,23,17,0,29,200,0,0,0,200,200
395799,0,30,1,2,0,1,12,5,0,0,0,17,14,0,200,200,1,200,200,200,200
395799,0,30,1,2,0,1,12,5,0,0,0,17,14,0,41,0,0,0,0,200,200
395801,0,30,0,0,0,1,10,7,2,0,0,18,16,0,54,0,3,0,0,200,200
395801,0,30,0,0,0,1,10,7,2,0,0,18,16,1,10,0,0,0,0,200,200
395803,0,30,2,2,0,1,5,6,0,0,0,12,0,0,50,7,6,0,0,200,200
395810,0,0,0,0,0,1,2,7,0,0,0,11,200,0,21,7,200,0,0,200,200
395816,0,25,0,0,0,1,7,5,0,0,12,28,200,0,23,200,12,0,0,200,200
395833,0,30,12,2,0,1,12,2,0,0,12,21,200,0,35,200,4,200,0,200,200
395833,0,30,12,2,0,1,12,2,0,0,12,21,200,0,59,200,200,200,0,200,200
395834,0,30,0,0,0,2,12,5,0,0,0,0,200,0,19,0,0,0,0,200,200
395834,0,30,0,0,0,2,12,5,0,0,0,0,200,0,44,0,0,0,0,200,200
395835,0,30,1,2,0,1,10,5,0,0,0,16,0,2,200,200,8,200,200,200,200
395835,0,30,1,2,0,1,10,5,0,0,0,16,0,0,33,0,0,0,0,200,200
395835,0,30,1,2,0,1,10,5,0,0,0,16,0,1,47,0,0,0,0,200,200
395835,0,30,1,2,0,1,10,5,0,0,0,16,0,1,56,0,0,0,0,200,200
395835,0,30,1,2,0,1,10,5,0,0,0,16,0,0,41,0,0,0,0,200,200
395846,0,30,0,0,0,1,7,6,0,0,0,20,0,2,200,200,6,200,200,200,200
395847,0,30,1,2,0,1,9,1,0,0,0,17,16,1,29,0,1,0,0,200,200
395847,5,30,1,2,0,1,9,1,0,0,0,17,16,1,28,7,0,0,0,200,200
395851,0,30,1,2,0,1,12,6,0,0,0,21,16,1,47,200,4,0,0,200,200
395851,0,30,1,2,0,1,12,6,0,0,0,21,16,0,37,200,0,0,0,200,200
395852,0,30,0,0,0,1,12,5,0,0,0,0,0,0,31,0,0,0,0,200,200
395852,0,30,0,0,0,1,12,5,0,0,0,0,0,0,63,7,0,0,0,200,200
395855,0,35,1,2,0,1,10,2,0,0,0,18,200,0,31,0,3,0,0,200,200
395855,0,35,1,2,0,1,10,2,0,0,0,18,200,0,23,0,0,0,0,200,200
395855,1,35,1,2,0,1,10,2,0,0,0,18,200,0,200,0,200,200,200,200,200
395857,0,25,0,0,200,200,7,5,0,200,0,0,200,2,200,200,200,200,200,200,200
395870,0,15,0,0,0,1,7,6,0,0,200,0,200,0,46,0,7,0,200,200,200
395872,0,30,0,0,0,1,7,2,0,0,200,0,200,1,200,200,12,200,200,200,200
395876,0,30,0,0,2,1,5,5,0,0,0,0,0,0,33,0,200,200,200,200,200
395883,0,30,1,2,1,1,12,5,0,0,0,21,18,2,200,200,4,200,200,200,200
395883,0,30,1,2,1,1,12,5,0,0,0,21,18,0,40,0,0,0,0,200,200
395887,0,30,0,0,0,1,2,5,0,0,0,0,200,0,60,200,200,0,200,200,200
395898,0,30,0,0,1,1,7,6,0,0,0,21,21,0,28,200,2,0,0,200,200
395899,0,30,1,2,0,1,10,2,0,0,0,18,0,1,49,0,3,0,0,200,200
395899,0,30,1,2,0,1,10,2,0,0,0,18,0,0,57,0,12,0,0,200,200
395899,1,30,1,2,0,1,10,2,0,0,0,18,0,1,65,0,200,200,200,200,200
395906,0,30,1,2,0,1,14,5,0,0,0,23,200,0,48,0,7,0,0,200,200
395906,0,30,1,2,0,1,14,5,0,0,0,23,200,0,72,0,0,0,0,200,200
395912,0,30,1,2,0,1,10,2,0,0,0,18,200,1,40,0,3,0,0,200,200
395912,0,30,1,2,0,1,10,2,0,0,0,18,200,0,54,0,0,0,0,200,200
395912,1,30,1,2,0,1,10,2,0,0,0,18,200,1,44,0,200,200,200,200,200
395912,1,30,1,2,0,1,10,2,0,0,0,18,200,0,5,5,200,200,200,200,200
395914,0,30,0,0,0,1,14,2,0,0,0,17,14,2,200,200,1,200,200,200,200
395914,0,30,0,0,0,1,14,2,0,0,0,17,14,0,71,200,0,0,0,200,200
395915,0,5,0,0,0,3,7,7,2,0,0,11,200,1,200,200,200,200,200,200,200
395919,0,30,1,2,0,1,0,3,0,0,0,6,200,0,36,0,0,0,0,200,200
395919,0,30,1,2,0,1,0,3,0,0,0,6,200,0,61,0,5,0,7,200,200
395919,1,30,1,2,0,1,0,3,0,0,0,6,200,0,48,0,200,200,200,200,200
395919,1,30,1,2,0,1,0,3,0,0,0,6,200,0,200,0,200,200,200,200,200
395923,0,30,2,0,0,1,0,5,0,0,0,17,22,1,24,200,1,0,0,200,200
395923,0,30,2,0,0,1,0,5,0,0,0,17,22,0,52,200,0,0,0,200,200
395938,0,30,0,0,0,1,12,6,0,0,0,21,200,0,200,200,4,200,1,200,200
395938,0,30,0,0,0,1,12,6,0,0,0,21,200,1,38,0,0,0,0,200,200
395946,0,30,1,2,0,1,10,5,0,0,200,18,18,0,65,200,1,0,0,200,200
395946,0,30,1,2,0,1,10,5,0,0,200,18,18,0,57,0,0,0,0,200,200
395952,0,30,1,2,0,1,10,5,0,0,200,18,0,0,45,200,3,0,0,200,200
395952,0,30,1,2,0,1,10,5,0,0,200,18,0,1,71,0,0,0,0,200,200
395952,1,30,1,2,0,1,10,5,0,0,200,18,0,0,200,200,200,200,200,200,200
395955,0,15,0,3,0,1,7,7,0,0,0,0,0,0,200,200,200,200,200,200,200
395957,0,30,1,2,0,1,12,6,0,0,0,22,200,0,19,200,2,12,200,200,200
395957,0,30,1,2,0,1,12,6,0,0,0,22,200,1,29,0,0,0,0,200,200
395966,0,30,0,0,0,1,7,5,0,0,0,20,200,1,0,7,6,0,0,200,200
395966,1,30,0,0,0,1,7,5,0,0,0,20,200,0,67,0,200,200,200,200,200
395968,0,25,0,0,0,1,12,5,0,0,0,200,200,1,16,0,200,6,0,200,200
395968,0,25,0,0,0,1,12,5,0,0,0,200,200,0,62,0,0,0,0,200,200
395970,0,30,0,0,0,1,10,7,0,0,0,20,16,1,200,200,6,200,0,200,200
395970,0,30,0,0,0,1,10,7,0,0,0,20,16,0,40,0,0,0,0,200,200
395985,0,30,1,200,0,1,12,6,0,0,0,11,0,0,47,200,4,0,0,200,200
395985,0,30,1,200,0,1,12,6,0,0,0,11,0,0,34,200,200,0,0,200,200
395990,0,30,0,0,0,1,7,6,0,0,0,8,11,1,42,200,12,0,0,200,200
395990,1,30,0,0,0,1,7,6,0,0,0,8,11,200,71,0,200,200,200,200,200
395991,0,30,0,0,0,1,2,3,0,0,0,28,25,0,34,0,0,0,0,200,200
395991,1,30,0,0,0,1,2,3,0,0,0,28,25,0,43,0,200,200,200,200,200
395992,0,35,0,0,0,1,7,6,0,0,0,0,0,2,200,200,200,200,200,200,200
395994,0,10,0,0,0,1,0,7,0,0,200,20,0,0,36,0,6,0,0,200,200
395994,0,10,0,0,0,1,0,7,0,0,200,20,0,1,49,0,0,0,0,200,200
395994,1,10,0,0,0,1,0,7,0,0,200,20,0,1,69,0,200,200,200,200,200
395994,1,10,0,0,0,1,0,7,0,0,200,20,0,0,43,0,200,200,200,200,200
395995,0,30,0,0,0,1,0,5,0,0,0,22,200,0,200,0,200,0,0,200,200
395995,0,30,0,0,0,1,0,5,0,0,0,22,200,0,40,0,0,0,0,200,200
396004,0,30,0,0,0,1,12,5,0,0,0,22,21,1,26,0,2,0,0,200,200
396004,0,30,0,0,0,1,12,5,0,0,0,22,21,0,29,0,0,0,0,200,200
396006,0,30,0,0,0,1,7,2,0,0,0,0,200,1,55,200,200,200,0,200,200
396006,1,30,0,0,0,1,7,2,0,0,0,0,200,0,50,200,200,200,200,200,200
396006,1,30,0,0,0,1,7,2,0,0,0,0,200,0,36,200,200,200,200,200,200
396008,0,30,0,0,0,1,7,7,0,0,0,200,200,1,200,200,0,200,200,200,200
396013,0,15,0,0,0,1,9,7,5,0,0,0,0,1,43,0,200,0,0,200,200
396013,5,15,0,0,0,1,9,7,5,0,0,0,0,1,38,7,12,0,0,200,200
396016,0,0,0,0,0,1,2,12,0,0,0,11,0,0,42,1,12,0,0,200,200
396020,0,30,0,0,0,1,12,2,0,0,200,22,11,1,23,0,2,0,0,200,200
396020,0,30,0,0,0,1,12,2,0,0,200,22,11,0,23,0,0,0,0,200,200
396021,0,35,0,0,0,1,10,3,0,0,0,18,16,1,35,200,3,0,200,200,200
396021,0,35,0,0,0,1,10,3,0,0,0,18,16,0,23,200,0,0,0,200,200
396023,0,30,0,0,0,1,14,2,0,0,0,23,0,1,200,200,7,0,0,200,200
396023,0,30,0,0,0,1,14,2,0,0,0,23,0,1,30,200,0,0,0,200,200
396033,0,30,2,2,0,1,14,5,0,0,0,5,200,1,200,200,5,0,0,200,200
396033,0,30,2,2,0,1,14,5,0,0,0,5,200,1,22,0,0,0,0,200,200
396043,0,30,1,2,0,1,10,3,0,0,0,16,200,0,200,200,200,0,0,200,200
396043,0,30,1,2,0,1,10,3,0,0,0,16,200,1,57,0,0,0,0,200,200
396043,1,30,1,2,0,1,10,3,0,0,0,16,200,0,200,0,200,200,200,200,200
396043,1,30,1,2,0,1,10,3,0,0,0,16,200,0,200,0,200,200,200,200,200
396049,0,30,0,0,0,1,10,5,0,0,200,0,0,0,41,0,200,200,200,200,200
396049,0,30,0,0,0,1,10,5,0,0,200,0,0,1,73,0,0,200,200,200,200
396049,1,30,0,0,0,1,10,5,0,0,200,0,0,0,200,0,200,200,200,200,200
396057,0,30,0,0,0,1,10,5,0,0,0,18,0,1,24,0,3,0,0,200,200
396057,0,30,0,0,0,1,10,5,0,0,0,18,0,0,24,0,200,0,0,200,200
396060,0,30,1,2,0,1,12,6,0,0,0,21,21,0,64,0,4,0,0,200,200
396060,0,30,1,2,0,1,12,6,0,0,0,21,21,0,43,0,0,0,0,200,200
396068,0,30,0,0,0,1,14,2,2,0,0,21,11,0,200,200,4,200,200,200,200
396068,0,30,0,0,0,1,14,2,2,0,0,21,11,0,56,0,0,0,0,200,200
396071,0,30,0,0,0,1,0,7,0,0,0,17,200,0,200,0,6,6,0,200,200
396071,0,30,0,0,0,1,0,7,0,0,0,17,200,0,200,0,0,0,0,200,200
396071,1,30,0,0,0,1,0,7,0,0,0,17,200,1,200,0,200,200,200,200,200
396073,0,30,0,0,0,1,14,5,0,0,200,0,200,1,200,200,7,200,200,200,200
396073,0,30,0,0,0,1,14,5,0,0,200,0,200,0,35,200,200,200,0,200,200
396077,0,30,200,200,0,1,8,5,0,200,200,0,0,0,56,200,12,200,0,200,200
396077,4,30,200,200,0,1,8,5,0,200,200,0,0,1,50,2,0,200,0,200,200
396078,0,30,0,0,0,1,12,5,0,0,0,22,17,1,59,200,2,0,5,200,200
396078,0,30,0,0,0,1,12,5,0,0,0,22,17,0,51,200,0,0,0,200,200
396078,1,30,0,0,0,1,12,5,0,0,0,22,17,0,200,200,200,200,200,200,200
396079,0,35,0,0,0,1,14,3,0,0,0,0,200,0,23,0,4,0,0,200,200
396079,0,35,0,0,0,1,14,3,0,0,0,0,200,1,35,0,0,0,0,200,200
396080,0,30,1,2,0,1,12,5,0,0,200,22,22,2,200,200,2,200,200,200,200
396080,0,30,1,2,0,1,12,5,0,0,200,22,22,1,51,0,0,0,0,200,200
396084,0,25,1,2,0,1,8,2,0,0,0,31,18,0,45,0,1,0,0,200,200
396084,4,25,1,2,0,1,8,2,0,0,0,31,18,0,50,2,0,0,0,200,200
396092,0,20,200,200,0,1,2,6,0,0,0,0,23,2,200,200,200,200,200,200,200
396093,0,30,0,0,0,1,10,2,0,0,0,18,0,0,39,0,3,0,0,200,200
396093,0,30,0,0,0,1,10,2,0,0,0,18,0,0,71,0,12,0,0,200,200
396096,0,30,1,2,0,1,0,2,0,0,0,2,6,0,0,1,5,0,0,200,1
396096,0,30,1,2,0,1,0,2,0,0,0,2,6,0,37,0,0,0,0,200,200
396099,0,30,1,2,0,1,12,2,0,0,0,17,0,0,30,200,1,200,0,200,200
396099,0,30,1,2,0,1,12,2,0,0,0,17,0,0,56,200,0,200,0,200,200
396103,0,25,0,0,0,1,14,2,0,0,0,0,0,0,21,0,1,0,0,200,200
396103,0,25,0,0,0,1,14,2,0,0,0,0,0,0,60,0,0,0,0,200,200
396104,0,30,1,2,0,1,12,5,0,0,0,22,200,1,200,200,2,200,200,200,200
396104,0,30,1,2,0,1,12,5,0,0,0,22,200,1,33,0,0,0,0,200,200
396106,0,30,1,2,0,1,0,5,0,0,0,17,16,0,200,200,1,200,200,200,200
396106,0,30,1,2,0,1,0,5,0,0,0,17,16,0,29,0,0,0,0,200,200
396106,1,30,1,2,0,1,0,5,0,0,0,17,16,1,200,200,200,200,200,200,200
396107,0,10,0,0,0,1,0,0,0,0,0,17,11,0,200,200,1,200,200,200,200
396107,0,10,0,0,0,1,0,0,0,0,0,17,11,0,38,0,0,0,0,200,200
396110,0,30,0,0,0,1,12,12,0,0,0,17,21,0,200,200,1,200,200,200,200
396110,0,30,0,0,0,1,12,12,0,0,0,17,21,0,24,0,0,0,0,200,200
396119,0,30,1,200,0,1,12,5,0,0,200,17,200,1,27,0,1,0,0,200,200
396119,0,30,1,200,0,1,12,5,0,0,200,17,200,0,31,0,0,0,0,200,200
396119,1,30,1,200,0,1,12,5,0,0,200,17,200,1,200,0,200,200,200,200,200
396119,1,30,1,200,0,1,12,5,0,0,200,17,200,1,200,0,200,200,200,200,200
396126,0,30,0,0,0,1,7,6,0,0,0,11,200,0,22,200,12,0,0,200,200
396131,0,30,0,0,0,1,7,5,0,0,0,11,200,1,18,0,12,0,0,200,200
396131,1,30,0,0,0,1,7,5,0,0,0,11,200,1,28,0,200,200,200,200,200
396136,0,30,1,2,0,1,10,6,0,0,0,0,200,1,23,200,200,200,200,200,200
396136,0,30,1,2,0,1,10,6,0,0,0,0,200,0,45,0,0,0,0,200,200
396139,0,30,2,2,0,1,12,6,0,0,0,17,21,0,25,200,1,0,0,200,200
396139,0,30,2,2,0,1,12,6,0,0,0,17,21,0,40,0,0,0,0,200,200
396141,0,30,0,0,0,1,14,2,0,0,0,0,200,0,55,0,0,0,0,200,200
396141,0,30,0,0,0,1,14,2,0,0,0,0,200,0,22,0,0,0,0,200,200
396147,0,30,1,2,0,1,10,5,0,0,1,18,200,0,27,0,3,0,0,200,200
396147,0,30,1,2,0,1,10,5,0,0,1,18,200,0,30,0,0,0,0,200,200
396147,1,30,1,2,0,1,10,5,0,0,1,18,200,1,25,0,200,200,200,200,200
396148,0,30,1,2,0,1,10,5,0,0,0,18,200,1,46,1,3,0,0,200,200
396148,0,30,1,2,0,1,10,5,0,0,0,18,200,1,43,0,0,0,0,200,200
396150,4,35,0,0,0,1,8,1,0,0,0,17,200,0,42,2,12,0,0,200,200
396150,0,35,0,0,0,1,8,1,0,0,0,17,200,0,65,0,0,0,0,200,200
396151,0,30,0,0,0,1,8,5,0,0,0,10,16,2,200,200,200,200,200,200,200
396151,4,30,0,0,0,1,8,5,0,0,0,10,16,0,12,7,0,0,0,200,200
396153,0,30,1,2,0,1,0,5,0,0,0,6,200,1,38,0,5,0,0,200,200
396153,0,30,1,2,0,1,0,5,0,0,0,6,200,0,39,200,0,0,0,200,200
396153,1,30,1,2,0,1,0,5,0,0,0,6,200,1,49,0,200,200,200,200,200
396155,0,25,0,0,0,0,7,6,0,0,0,0,0,2,200,200,200,200,200,200,200
396157,0,30,200,200,0,1,14,5,0,0,200,200,200,0,37,200,12,200,0,200,200
396157,0,30,200,200,0,1,14,5,0,0,200,200,200,0,34,200,200,200,0,200,200
396157,1,30,200,200,0,1,14,5,0,0,200,200,200,1,27,200,200,200,200,200,200
396168,0,30,0,0,0,1,12,5,0,0,200,22,0,1,17,0,4,0,0,200,200
396168,0,30,0,0,0,1,12,5,0,0,200,22,0,0,41,0,0,0,0,200,200
396168,1,30,0,0,0,1,12,5,0,0,200,22,0,1,19,0,200,200,200,200,200
396169,0,30,1,2,0,1,12,6,0,0,0,0,200,0,68,0,200,0,0,200,200
396169,0,30,1,2,0,1,12,6,0,0,0,0,200,1,25,0,200,0,0,200,200
396170,0,30,1,2,0,1,14,5,0,0,0,17,23,0,16,200,1,200,0,200,200
396170,0,30,1,2,0,1,14,5,0,0,0,17,23,0,61,200,0,200,0,200,200
396170,1,30,1,2,0,1,14,5,0,0,0,17,23,1,18,200,200,200,200,200,200
396170,1,30,1,2,0,1,14,5,0,0,0,17,23,1,200,200,200,200,200,200,200
396172,0,40,0,0,0,1,10,8,2,0,0,18,200,1,24,0,3,0,0,200,200
396172,0,40,0,0,0,1,10,8,2,0,0,18,200,1,60,0,0,0,0,200,200
396172,0,40,0,0,0,1,10,8,2,0,0,18,200,1,51,0,0,0,0,200,200
396180,0,30,1,2,0,1,10,3,0,0,0,18,200,1,58,200,3,200,0,200,200
396180,0,30,1,2,0,1,10,3,0,0,0,18,200,0,74,200,0,200,0,200,200
396196,0,25,1,2,0,1,14,1,0,0,0,4,4,1,35,0,12,200,0,200,200
396196,0,25,1,2,0,1,14,1,0,0,0,4,4,0,24,0,12,200,0,200,200
396201,0,30,1,2,0,1,10,2,0,0,0,0,200,0,200,200,1,200,200,200,200
396201,0,30,1,2,0,1,10,2,0,0,0,0,200,0,50,0,0,0,0,200,200
396203,0,30,0,0,0,1,12,5,0,0,0,0,0,1,200,200,7,0,200,200,200
396203,0,30,0,0,0,1,12,5,0,0,0,0,0,1,35,0,0,0,0,200,200
396208,0,30,1,2,0,1,10,5,0,0,0,18,16,0,66,0,3,0,0,200,200
396208,0,30,1,2,0,1,10,5,0,0,0,18,16,1,50,0,0,0,0,200,200
396213,0,30,0,0,0,1,14,2,0,0,0,0,200,0,54,0,200,0,0,200,200
396213,0,30,0,0,0,1,14,2,0,0,0,0,200,0,26,0,200,0,0,200,200
396214,0,10,0,0,0,1,7,7,0,0,200,0,0,2,200,200,200,200,200,200,200
396218,4,30,0,0,0,1,8,4,0,0,0,11,200,0,15,7,12,0,0,200,200
396218,0,30,0,0,0,1,8,4,0,0,0,11,200,1,66,0,0,0,0,200,200
396221,0,30,2,2,0,1,10,5,0,0,0,18,16,0,200,200,3,0,0,200,200
396221,0,30,2,2,0,1,10,5,0,0,0,18,16,0,200,0,0,0,0,200,200
396221,0,30,2,2,0,1,10,5,0,0,0,18,16,0,200,200,0,0,0,200,200
396226,0,30,1,2,0,1,14,2,2,0,0,12,0,0,24,200,7,200,0,200,200
396226,0,30,1,2,0,1,14,2,2,0,0,12,0,0,40,200,12,0,0,200,200
396226,0,30,1,2,0,1,14,2,2,0,0,12,0,0,53,200,12,0,0,200,200
396226,1,30,1,2,0,1,14,2,2,0,0,12,0,0,28,200,200,200,200,200,200
396229,0,45,0,0,0,1,10,3,0,0,200,18,0,0,44,200,3,200,200,200,200
396229,0,45,0,0,0,1,10,3,0,0,200,18,0,1,29,0,0,0,0,200,200
396230,0,30,0,0,0,1,8,5,0,0,0,0,0,0,200,200,2,0,0,200,200
396230,4,30,0,0,0,1,8,5,0,0,0,0,0,0,31,3,0,0,0,200,200
396232,0,25,0,0,0,1,7,5,0,0,0,0,0,0,200,200,200,200,200,200,200
396232,1,25,0,0,0,1,7,5,0,0,0,0,0,1,200,200,200,200,200,200,200
396233,0,30,2,200,0,1,14,5,0,0,200,0,200,0,200,200,7,200,200,200,200
396233,0,30,2,200,0,1,14,5,0,0,200,0,200,0,29,200,200,200,0,200,200
396235,0,30,200,200,0,1,12,2,0,200,200,0,0,0,43,1,200,200,0,200,200
396235,0,30,200,200,0,1,12,2,0,200,200,0,0,0,62,0,200,200,0,200,200
396237,0,30,0,0,0,1,7,7,0,0,0,0,0,2,200,200,200,200,200,200,200
396239,0,35,1,2,0,1,14,2,0,0,0,17,0,1,66,200,7,0,0,200,200
396239,0,35,1,2,0,1,14,2,0,0,0,17,0,0,34,200,2,0,0,200,200
396239,1,35,1,2,0,1,14,2,0,0,0,17,0,1,67,200,200,200,200,200,200
396240,0,25,2,2,0,1,14,2,0,0,0,21,200,0,62,0,7,0,0,200,200
396240,0,25,2,2,0,1,14,2,0,0,0,21,200,0,48,0,0,3,0,200,200
396248,0,20,0,0,0,1,0,0,0,0,200,17,0,0,32,0,6,0,0,200,200
396248,0,20,0,0,0,1,0,0,0,0,200,17,0,0,21,0,0,0,0,200,200
396249,0,30,0,0,0,1,12,5,0,0,0,17,200,0,200,200,2,200,200,200,200
396249,0,30,0,0,0,1,12,5,0,0,0,17,200,1,29,0,0,0,0,200,200
396252,0,30,0,0,0,1,14,5,0,0,0,0,0,1,65,0,6,200,0,200,200
396252,0,30,0,0,0,1,14,5,0,0,0,0,0,0,48,0,0,0,0,200,200
396253,0,30,0,0,0,1,5,12,0,0,0,12,0,0,21,200,12,200,0,200,200
396253,1,30,0,0,0,1,5,12,0,0,0,12,0,0,20,200,200,200,200,200,200
396253,1,30,0,0,0,1,5,12,0,0,0,12,0,1,0,5,200,200,200,200,200
396253,1,30,0,0,0,1,5,12,0,0,0,12,0,0,0,5,200,200,200,200,200
396254,0,30,0,0,0,1,0,7,0,0,0,0,200,1,34,0,6,0,0,200,200
396254,0,30,0,0,0,1,0,7,0,0,0,0,200,1,46,200,0,0,0,200,200
396255,0,30,0,0,0,1,8,5,0,0,0,17,16,0,41,0,1,200,0,200,200
396255,4,30,0,0,0,1,8,5,0,0,0,17,16,0,61,2,200,200,0,200,200
396255,1,30,0,0,0,1,8,5,0,0,0,17,16,0,36,0,200,200,200,200,200
396255,1,30,0,0,0,1,8,5,0,0,0,17,16,1,41,0,200,200,200,200,200
396259,0,30,0,0,0,1,12,2,0,0,0,22,200,1,200,200,4,200,200,200,200
396259,0,30,0,0,0,1,12,2,0,0,0,22,200,1,47,200,0,200,0,200,200
396268,0,30,0,0,0,1,14,1,0,0,200,21,0,0,22,0,4,0,0,200,200
396268,0,30,0,0,0,1,14,1,0,0,200,21,0,1,43,0,0,0,0,200,200
396269,0,30,0,0,0,1,12,5,0,0,0,22,200,2,200,200,2,200,200,200,200
396269,0,30,0,0,0,1,12,5,0,0,0,22,200,1,35,0,0,0,0,200,200
396269,0,30,0,0,0,1,12,5,0,0,0,22,200,2,200,200,0,200,200,200,200
396270,0,30,2,2,0,1,0,5,0,0,0,17,16,0,43,0,1,0,7,200,200
396270,0,30,2,2,0,1,0,5,0,0,0,17,16,1,34,0,0,0,0,200,200
396270,1,30,2,2,0,1,0,5,0,0,0,17,16,0,38,0,200,200,200,200,200
396270,1,30,2,2,0,1,0,5,0,0,0,17,16,0,37,0,200,200,200,200,200
396270,1,30,2,2,0,1,0,5,0,0,0,17,16,1,200,0,200,200,200,200,200
396270,1,30,2,2,0,1,0,5,0,0,0,17,16,1,10,0,200,200,200,200,200
396270,1,30,2,2,0,1,0,5,0,0,0,17,16,1,0,5,200,200,200,200,200
396271,0,15,0,0,0,1,7,7,0,0,200,0,0,2,200,200,200,200,200,200,200
396273,0,15,0,0,0,1,7,7,0,0,0,0,0,2,200,200,200,200,200,200,200
396277,0,5,0,0,0,1,7,7,0,0,0,20,200,0,57,0,6,0,0,200,200
396284,0,35,0,0,0,1,10,2,0,0,0,18,0,0,33,7,3,0,200,200,200
396284,0,35,0,0,0,1,10,2,0,0,0,18,0,1,63,0,0,0,0,200,200
396290,0,30,0,0,0,1,10,5,0,0,0,18,200,0,200,200,3,0,0,200,200
396290,0,30,0,0,0,1,10,5,0,0,0,18,200,0,39,0,0,0,0,200,200
396295,0,30,2,2,0,1,0,5,0,200,200,17,17,0,27,0,1,3,0,200,200
396295,0,30,2,2,0,1,0,5,0,200,200,17,17,1,18,0,0,0,0,200,200
396295,1,30,2,2,0,1,0,5,0,200,200,17,17,1,16,0,200,200,200,200,200
396303,0,30,1,2,0,1,10,5,0,0,0,16,200,0,200,200,12,200,200,200,200
396303,0,30,1,2,0,1,10,5,0,0,0,16,200,0,53,0,0,0,0,200,200
396304,0,30,1,200,0,1,10,5,0,0,0,0,0,0,39,200,3,200,200,200,200
396304,0,30,1,200,0,1,10,5,0,0,0,0,0,1,26,7,0,0,200,200,200
396304,0,30,1,200,0,1,10,5,0,0,0,0,0,0,200,200,0,200,200,200,200
396306,0,30,0,0,0,1,14,5,0,0,0,17,11,1,44,0,1,0,0,200,200
396306,0,30,0,0,0,1,14,5,0,0,0,17,11,1,0,0,0,0,0,200,200
396311,0,30,0,0,0,1,12,2,0,0,0,0,0,1,31,0,1,200,0,200,200
396311,0,30,0,0,0,1,12,2,0,0,0,0,0,0,29,0,0,200,0,200,200
396314,0,15,2,2,0,1,14,6,0,0,0,17,200,0,63,0,1,0,0,200,200
396314,0,15,2,2,0,1,14,6,0,0,0,17,200,0,32,0,0,0,0,200,200
396320,0,30,1,2,0,1,8,6,0,0,0,0,200,0,33,200,200,0,0,200,200
396320,4,30,1,2,0,1,8,6,0,0,0,0,200,0,15,200,0,0,0,200,200
396321,0,30,1,2,0,1,14,5,0,0,0,17,200,0,200,200,1,200,200,200,200
396321,0,30,1,2,0,1,14,5,0,0,0,17,200,0,25,0,0,0,0,200,200
396323,0,30,1,2,0,1,10,5,0,0,0,18,200,1,56,200,3,200,200,200,200
396323,0,30,1,2,0,1,10,5,0,0,0,18,200,0,62,0,0,0,0,200,200
396323,1,30,1,2,0,1,10,5,0,0,0,18,200,200,200,200,200,200,200,200,200