RD_NO,PERSON_TYPE,POSTED_SPEED_LIMIT,TRAFFIC_CONTROL_DEVICE,DEVICE_CONDITION,WEATHER_CONDITION,LIGHTING_CONDITION,FIRST_CRASH_TYPE,TRAFFICWAY_TYPE,ALIGNMENT,ROADWAY_SURFACE_COND,ROAD_DEFECT,PRIM_CONTRIBUTORY_CAUSE,SEC_CONTRIBUTORY_CAUSE,SEX,AGE,SAFETY_EQUIPMENT,DRIVER_ACTION,DRIVER_VISION,PHYSICAL_CONDITION,BAC_RESULT VALUE,CELL_PHONE_USE
396325,0,30,0,0,0,1,7,7,0,0,0,0,0,2,200,200,200,200,200,200,200
396326,0,30,0,0,0,1,0,5,0,0,0,0,0,0,200,0,5,0,0,200,200
396326,0,30,0,0,0,1,0,5,0,0,0,0,0,1,51,0,0,0,0,200,200
396328,0,30,2,2,0,1,14,6,0,200,200,17,15,0,33,0,1,200,0,200,200
396328,0,30,2,2,0,1,14,6,0,200,200,17,15,0,27,0,12,200,0,200,200
396328,1,30,2,2,0,1,14,6,0,200,200,17,15,1,26,0,200,200,200,200,200
396328,1,30,2,2,0,1,14,6,0,200,200,17,15,1,63,0,200,200,200,200,200
396335,0,30,1,2,0,1,11,2,0,0,0,20,0,0,200,200,6,200,200,200,200
396335,0,30,1,2,0,1,11,2,0,0,0,20,0,0,40,0,0,0,0,200,200
396349,0,10,0,0,0,1,7,7,0,0,0,0,200,2,200,200,200,200,200,200,200
396350,0,30,0,0,0,1,7,5,0,0,200,0,0,2,200,200,200,200,200,200,200
396350,1,30,0,0,0,1,7,5,0,0,200,0,0,1,28,200,200,200,200,200,200
396356,0,30,1,2,0,1,8,5,0,0,0,16,0,1,26,0,0,0,0,200,200
396356,4,30,1,2,0,1,8,5,0,0,0,16,0,0,27,3,0,0,0,200,200
396362,0,30,1,2,0,1,10,5,0,200,200,0,0,0,57,200,200,200,200,200,200
396362,0,30,1,2,0,1,10,5,0,200,200,0,0,0,28,200,200,200,200,200,200
396363,0,30,0,0,0,1,10,5,0,0,0,18,200,0,36,200,3,0,0,200,200
396363,0,30,0,0,0,1,10,5,0,0,0,18,200,0,37,200,0,200,7,200,200
396363,0,30,0,0,0,1,10,5,0,0,0,18,200,1,47,200,0,200,7,200,200
396363,1,30,0,0,0,1,10,5,0,0,0,18,200,1,32,200,200,200,200,200,200
396363,1,30,0,0,0,1,10,5,0,0,0,18,200,0,12,200,200,200,200,200,200
396363,1,30,0,0,0,1,10,5,0,0,0,18,200,0,11,200,200,200,200,200,200
396365,0,25,0,0,0,1,0,5,0,0,0,0,0,0,69,7,1,0,0,200,200
396365,0,25,0,0,0,1,0,5,0,0,0,0,0,0,39,7,0,0,0,200,200
396366,0,30,1,2,0,1,14,2,0,0,0,0,200,0,200,200,12,200,200,200,200
396366,0,30,1,2,0,1,14,2,0,0,0,0,200,1,25,0,0,0,0,200,200
396368,0,30,0,0,0,1,10,5,0,0,0,0,200,1,34,0,200,0,0,200,200
396368,0,30,0,0,0,1,10,5,0,0,0,0,200,1,200,200,200,200,200,200,200
396368,1,30,0,0,0,1,10,5,0,0,0,0,200,1,200,0,200,200,200,200,200
396374,0,30,2,2,0,1,10,2,0,0,200,20,0,0,200,200,6,200,200,200,200
396374,0,30,2,2,0,1,10,2,0,0,200,20,0,0,28,0,0,0,0,200,200
396386,0,30,2,2,0,1,0,5,0,0,0,17,200,1,33,0,12,0,0,200,200
396386,0,30,2,2,0,1,0,5,0,0,0,17,200,1,23,0,1,0,0,200,200
396394,5,35,0,0,0,1,9,5,0,0,0,17,0,0,53,7,1,0,0,200,200
396394,0,35,0,0,0,1,9,5,0,0,0,17,0,1,28,200,0,0,0,200,200
396394,1,35,0,0,0,1,9,5,0,0,0,17,0,1,59,200,200,200,200,200,200
396394,1,35,0,0,0,1,9,5,0,0,0,17,0,0,15,200,200,200,200,200,200
396394,1,35,0,0,0,1,9,5,0,0,0,17,0,1,3,5,200,200,200,200,200
396396,0,30,0,0,0,1,14,2,0,0,200,21,17,1,51,0,4,200,200,200,200
396396,0,30,0,0,0,1,14,2,0,0,200,21,17,0,44,0,0,0,0,200,200
396405,0,0,1,2,0,1,10,6,0,0,0,0,0,0,49,200,200,0,200,200,200
396405,0,0,1,2,0,1,10,6,0,0,0,0,0,0,68,0,0,0,0,200,200
396405,1,0,1,2,0,1,10,6,0,0,0,0,0,1,200,200,200,200,200,200,200
396405,1,0,1,2,0,1,10,6,0,0,0,0,0,0,200,200,200,200,200,200,200
396408,0,30,2,2,0,1,10,2,0,0,0,22,0,1,70,200,4,0,0,200,200
396408,0,30,2,2,0,1,10,2,0,0,0,22,0,0,20,200,0,0,0,200,200
396408,1,30,2,2,0,1,10,2,0,0,0,22,0,1,20,200,200,200,200,200,200
396409,0,20,0,0,0,1,12,7,0,0,0,0,0,1,200,200,0,200,0,200,200
396409,0,20,0,0,0,1,12,7,0,0,0,0,0,0,57,200,0,0,0,200,200
396410,0,30,1,2,0,1,10,2,0,0,0,0,200,0,36,200,200,0,0,200,200
396410,0,30,1,2,0,1,10,2,0,0,0,0,200,1,23,200,200,0,0,200,200
396413,0,15,0,0,0,4,10,7,0,0,0,20,16,0,18,0,6,0,0,200,200
396413,0,15,0,0,0,4,10,7,0,0,0,20,16,1,19,0,0,0,0,200,200
396413,1,15,0,0,0,4,10,7,0,0,0,20,16,1,200,1,200,200,200,200,200
396413,1,15,0,0,0,4,10,7,0,0,0,20,16,1,200,4,200,200,200,200,200
396413,1,15,0,0,0,4,10,7,0,0,0,20,16,1,200,4,200,200,200,200,200
396413,1,15,0,0,0,4,10,7,0,0,0,20,16,1,200,0,200,200,200,200,200
396413,1,15,0,0,0,4,10,7,0,0,0,20,16,2,200,5,200,200,200,200,200
396415,0,30,1,2,0,1,14,5,0,0,0,0,200,1,200,200,12,0,0,200,200
396415,0,30,1,2,0,1,14,5,0,0,0,0,200,1,200,0,12,0,0,200,200
396422,0,30,2,2,0,4,10,5,0,0,0,18,16,0,42,200,3,200,0,200,200
396422,0,30,2,2,0,4,10,5,0,0,0,18,16,0,48,0,0,0,0,200,200
396422,1,30,2,2,0,4,10,5,0,0,0,18,16,1,200,0,200,200,200,200,200
396432,0,30,1,2,0,1,10,3,0,0,0,18,200,0,36,200,3,0,0,200,200
396432,0,30,1,2,0,1,10,3,0,0,0,18,200,1,36,200,13,0,0,200,200
396432,1,30,1,2,0,1,10,3,0,0,0,18,200,0,40,200,200,200,200,200,200
396438,0,30,1,2,0,1,12,5,0,0,0,21,200,1,23,0,200,0,0,200,200
396438,0,30,1,2,0,1,12,5,0,0,0,21,200,0,31,0,0,0,0,200,200
396439,0,30,0,0,0,1,7,5,0,0,0,0,200,2,200,200,12,200,200,200,200
396440,0,30,1,2,0,1,14,5,0,0,0,17,0,1,22,0,1,0,0,200,200
396440,0,30,1,2,0,1,14,5,0,0,0,17,0,0,25,0,0,0,0,200,200
396440,1,30,1,2,0,1,14,5,0,0,0,17,0,1,38,0,200,200,200,200,200
396440,1,30,1,2,0,1,14,5,0,0,0,17,0,1,3,5,200,200,200,200,200
396440,1,30,1,2,0,1,14,5,0,0,0,17,0,0,4,4,200,200,200,200,200
396451,0,0,1,2,0,1,12,2,0,0,0,22,200,0,31,0,2,0,0,200,200
396451,0,0,1,2,0,1,12,2,0,0,0,22,200,1,200,200,200,200,200,200,200
396453,0,30,0,0,0,2,10,5,0,0,0,200,200,0,20,0,0,0,0,200,200
396453,0,30,0,0,0,2,10,5,0,0,0,200,200,0,71,0,0,0,0,200,200
396453,1,30,0,0,0,2,10,5,0,0,0,200,200,0,200,0,200,200,200,200,200
396457,0,30,2,2,0,1,0,5,0,0,0,17,16,0,59,7,1,0,0,200,200
396457,0,30,2,2,0,1,0,5,0,0,0,17,16,1,57,0,0,0,0,200,200
396457,1,30,2,2,0,1,0,5,0,0,0,17,16,1,58,0,200,200,200,200,200
396457,1,30,2,2,0,1,0,5,0,0,0,17,16,1,7,5,200,200,200,200,200
396462,0,35,1,2,0,1,10,2,0,0,0,7,18,0,49,0,3,0,0,200,200
396462,0,35,1,2,0,1,10,2,0,0,0,7,18,0,21,0,0,0,0,200,200
396483,0,15,0,0,0,1,2,0,0,0,0,0,200,1,81,200,200,0,0,200,200
396485,0,30,1,2,0,4,8,5,0,0,0,31,200,0,49,200,7,0,0,200,200
396485,4,30,1,2,0,4,8,5,0,0,0,31,200,0,55,7,0,0,0,200,200
396490,0,30,0,0,0,1,10,5,0,0,0,18,16,0,42,200,3,0,0,200,200
396490,0,30,0,0,0,1,10,5,0,0,0,18,16,1,25,200,0,0,0,200,200
396503,0,40,1,2,0,1,14,3,0,0,0,23,200,0,27,0,200,0,0,200,200
396503,0,40,1,2,0,1,14,3,0,0,0,23,200,0,39,0,0,0,0,200,200
396504,0,20,0,0,0,1,10,4,0,0,0,25,0,0,36,200,1,200,200,200,200
396504,0,20,0,0,0,1,10,4,0,0,0,25,0,1,40,200,0,0,0,200,200
396504,1,20,0,0,0,1,10,4,0,0,0,25,0,0,39,200,200,200,200,200,200
396512,0,30,0,0,0,4,2,5,0,0,0,7,7,0,55,0,12,0,0,200,200
396515,0,30,1,2,0,4,14,2,0,0,0,16,200,1,25,0,1,0,0,200,200
396515,0,30,1,2,0,4,14,2,0,0,0,16,200,0,52,200,0,0,0,200,200
396516,0,30,0,0,0,0,10,2,0,0,0,18,200,0,25,200,3,200,0,200,200
396516,0,30,0,0,0,0,10,2,0,0,0,18,200,1,31,0,0,0,0,200,200
396516,1,30,0,0,0,0,10,2,0,0,0,18,200,1,200,0,200,200,200,200,200
396517,0,30,0,0,0,4,12,5,0,0,0,22,21,0,24,0,2,0,0,200,200
396517,0,30,0,0,0,4,12,5,0,0,0,22,21,0,36,0,0,0,0,200,200
396517,1,30,0,0,0,4,12,5,0,0,0,22,21,1,32,0,200,200,200,200,200
396520,0,35,1,2,0,1,10,2,0,0,0,6,0,1,46,200,3,0,0,200,0
396520,0,35,1,2,0,1,10,2,0,0,0,6,0,1,31,200,0,0,0,200,200
396524,0,30,0,0,0,1,10,5,0,0,0,18,200,1,200,200,1,200,200,200,200
396524,0,30,0,0,0,1,10,5,0,0,0,18,200,0,56,0,0,0,0,200,200
396526,0,30,0,0,0,4,9,0,0,0,0,17,0,2,200,200,1,200,200,200,200
396526,5,30,0,0,0,4,9,0,0,0,0,17,0,0,38,7,0,0,0,200,200
396531,0,30,2,0,0,3,10,12,2,0,0,16,200,1,200,200,200,200,200,200,200
396531,0,30,2,0,0,3,10,12,2,0,0,16,200,1,29,0,0,0,0,200,200
396531,1,30,2,0,0,3,10,12,2,0,0,16,200,1,31,0,200,200,200,200,200
396532,0,5,0,0,0,1,5,7,0,0,0,200,200,1,0,0,0,0,0,200,200
396544,0,30,0,0,0,1,7,7,0,0,0,0,11,0,42,200,200,0,0,200,200
396552,0,25,2,2,0,3,0,5,0,0,0,5,200,1,45,0,1,0,0,200,200
396552,0,25,2,2,0,3,0,5,0,0,0,5,200,0,200,0,0,200,200,200,200
396555,4,35,0,0,0,3,8,2,0,0,0,17,0,0,37,3,200,0,0,200,200
396562,0,30,1,2,0,1,10,5,0,0,0,18,200,1,200,0,1,0,0,200,200
396562,0,30,1,2,0,1,10,5,0,0,0,18,200,1,26,0,0,0,0,200,200
396562,1,30,1,2,0,1,10,5,0,0,0,18,200,1,31,0,200,200,200,200,200
396569,0,30,0,0,0,3,14,5,0,200,0,5,17,0,200,200,1,200,200,200,200
396569,0,30,0,0,0,3,14,5,0,200,0,5,17,1,25,0,0,0,0,200,200
396576,0,30,1,2,0,3,14,5,0,0,1,16,0,2,200,200,1,200,200,200,200
396576,0,30,1,2,0,3,14,5,0,0,1,16,0,0,28,200,200,200,0,200,200
396577,0,30,0,0,0,4,10,5,0,0,0,200,200,0,21,0,0,0,0,200,200
396577,0,30,0,0,0,4,10,5,0,0,0,200,200,0,47,0,0,0,0,200,200
396578,0,35,0,0,0,1,14,2,0,0,0,21,0,0,0,200,4,0,0,200,200
396578,0,35,0,0,0,1,14,2,0,0,0,21,0,0,36,0,0,0,0,200,200
396579,0,30,0,0,0,3,14,2,0,0,0,0,0,0,63,0,200,0,0,200,200
396579,0,30,0,0,0,3,14,2,0,0,0,0,0,1,53,0,200,0,0,200,200
396586,0,40,1,2,0,3,14,3,0,0,0,17,200,0,27,0,1,0,0,200,200
396586,0,40,1,2,0,3,14,3,0,0,0,17,200,1,27,0,0,0,0,200,200
396597,0,15,0,0,0,1,7,7,0,0,0,0,200,0,200,200,200,200,200,200,200
396606,0,30,0,0,0,3,14,5,0,0,0,200,200,0,52,200,200,200,0,200,200
396606,0,30,0,0,0,3,14,5,0,0,0,200,200,0,25,200,0,0,0,200,200
396606,1,30,0,0,0,3,14,5,0,0,0,200,200,1,200,200,200,200,200,200,200
396610,0,15,0,0,0,3,7,7,0,0,0,200,200,0,68,0,12,0,0,200,200
396615,0,30,1,2,0,3,12,5,0,0,0,0,0,1,54,200,200,0,0,200,200
396615,0,30,1,2,0,3,12,5,0,0,0,0,0,0,26,7,200,0,0,200,200
396623,0,30,0,200,0,3,0,5,0,0,0,200,200,1,48,200,200,0,0,200,200
396623,0,30,0,200,0,3,0,5,0,0,0,200,200,1,51,200,200,0,0,200,200
396631,0,35,0,0,0,3,10,2,0,0,0,18,16,0,33,0,3,0,0,200,200
396631,0,35,0,0,0,3,10,2,0,0,0,18,16,0,61,0,12,0,0,200,200
396639,0,40,0,2,0,0,12,3,0,0,0,0,200,2,200,200,200,200,200,200,200
396639,0,40,0,2,0,0,12,3,0,0,0,0,200,1,27,200,0,0,0,200,200
396644,0,30,1,2,0,3,14,2,0,0,0,0,0,0,63,0,200,0,0,200,200
396644,0,30,1,2,0,3,14,2,0,0,0,0,0,0,36,0,0,0,0,200,200
396644,1,30,1,2,0,3,14,2,0,0,0,0,0,0,34,0,200,200,200,200,200
396655,0,30,1,2,0,2,14,5,0,0,0,0,0,0,59,200,200,200,200,200,200
396655,0,30,1,2,0,2,14,5,0,0,0,0,0,0,19,200,200,200,200,200,200
396672,0,15,0,0,0,1,7,7,0,0,0,0,0,0,200,200,200,200,0,200,200
396690,0,30,1,2,0,3,10,5,0,0,200,0,0,1,28,200,200,200,200,200,200
396690,0,30,1,2,0,3,10,5,0,0,200,0,0,1,47,0,0,200,0,200,200
396690,1,30,1,2,0,3,10,5,0,0,200,0,0,0,200,0,200,200,200,200,200
396690,1,30,1,2,0,3,10,5,0,0,200,0,0,1,200,0,200,200,200,200,200
396690,1,30,1,2,0,3,10,5,0,0,200,0,0,0,200,0,200,200,200,200,200
396696,0,45,0,0,0,3,12,3,0,0,0,22,0,2,200,200,200,200,200,200,200
396696,0,45,0,0,0,3,12,3,0,0,0,22,0,1,25,0,0,200,200,200,200
396703,0,30,200,200,0,0,8,7,0,0,0,17,0,0,200,200,1,200,200,200,200
396703,4,30,200,200,0,0,8,7,0,0,0,17,0,1,21,200,0,0,0,200,200
396707,0,30,1,2,0,3,14,5,0,0,0,17,200,0,35,0,0,0,0,200,200
396707,0,30,1,2,0,3,14,5,0,0,0,17,200,0,43,0,1,0,0,200,200
396709,0,30,0,0,0,1,12,5,0,0,0,17,22,0,200,200,1,200,200,200,200
396709,0,30,0,0,0,1,12,5,0,0,0,17,22,1,44,0,0,0,0,200,200
396711,0,30,0,0,0,3,14,5,0,0,0,23,11,1,20,0,7,0,0,200,200
396711,0,30,0,0,0,3,14,5,0,0,0,23,11,0,41,0,0,0,0,200,200
396730,0,30,0,200,0,3,0,200,0,0,200,20,200,2,200,200,6,200,200,200,200
396730,0,30,0,200,0,3,0,200,0,0,200,20,200,1,23,200,200,200,0,200,200
396730,1,30,0,200,0,3,0,200,0,0,200,20,200,1,18,200,200,200,200,200,200
396737,0,30,0,2,0,3,2,5,0,0,0,8,21,1,39,200,0,0,0,200,200
396737,0,30,0,2,0,3,2,5,0,0,0,8,21,2,200,200,4,200,200,200,200
396753,0,35,1,2,2,3,0,5,0,1,0,6,15,2,200,200,200,200,200,200,200
396753,0,35,1,2,2,3,0,5,0,1,0,6,15,1,200,200,200,0,0,200,200
396757,0,35,1,2,2,3,8,1,0,1,0,34,11,0,26,0,1,4,0,200,200
396757,4,35,1,2,2,3,8,1,0,1,0,34,11,0,30,2,8,200,200,200,200
396759,0,30,2,2,200,3,2,5,0,200,0,25,14,2,200,200,13,200,200,200,200
396765,0,25,0,0,200,3,10,12,0,200,0,14,0,2,200,200,8,200,200,200,200
396765,0,25,0,0,200,3,10,12,0,200,0,14,0,0,36,0,0,0,0,200,200
396768,0,30,1,2,0,3,14,1,0,0,0,32,27,0,32,7,4,0,5,0.17,200
396768,0,30,1,2,0,3,14,1,0,0,0,32,27,1,24,0,0,0,0,200,200
396770,0,20,0,0,2,3,9,5,0,1,200,14,200,0,200,200,200,200,200,200,200
396770,5,20,0,0,2,3,9,5,0,1,200,14,200,1,49,200,200,200,200,200,200
396776,0,30,1,2,0,3,2,5,0,0,0,25,14,0,22,200,200,0,200,200,200
396776,1,30,1,2,0,3,2,5,0,0,0,25,14,0,24,200,200,200,200,200,200
396776,1,30,1,2,0,3,2,5,0,0,0,25,14,0,25,200,200,200,200,200,200
396783,0,30,0,0,2,3,3,5,0,1,0,22,21,0,43,200,2,1,200,200,200
396783,0,30,0,0,2,3,3,5,0,1,0,22,21,0,200,0,0,0,0,200,200
396792,0,30,1,2,2,3,14,2,0,1,0,34,16,0,200,0,8,200,200,200,200
396792,0,30,1,2,2,3,14,2,0,1,0,34,16,0,34,0,0,0,0,200,200
396799,0,30,1,2,2,3,10,2,0,1,0,20,200,1,200,0,6,4,0,200,200
396799,0,30,1,2,2,3,10,2,0,1,0,20,200,0,27,0,0,0,0,200,200
396799,1,30,1,2,2,3,10,2,0,1,0,20,200,1,200,0,200,200,200,200,200
396810,0,25,0,0,0,3,7,6,0,0,0,0,0,2,200,200,200,200,200,200,200
396829,0,30,0,200,2,3,7,6,0,1,200,0,4,2,200,200,200,200,200,200,200
396840,0,30,1,2,1,3,10,3,0,1,200,18,34,0,38,200,3,200,2,200,200
396840,0,30,1,2,1,3,10,3,0,1,200,18,34,0,42,200,12,0,0,200,200
396841,0,30,0,0,0,0,7,12,0,0,0,20,0,0,32,0,6,0,0,200,200
396842,0,30,2,2,2,3,0,5,0,1,0,5,17,2,200,200,5,200,200,200,200
396842,0,30,2,2,2,3,0,5,0,1,0,5,17,0,22,200,0,0,0,200,200
396844,0,30,0,0,2,1,10,5,0,1,0,18,18,0,42,0,3,0,0,200,200
396844,0,30,0,0,2,1,10,5,0,1,0,18,18,0,43,0,0,0,0,200,200
396848,0,30,0,0,0,3,2,6,0,0,0,32,32,0,0,200,12,0,5,200,200
396850,0,30,0,0,200,3,7,5,0,200,200,0,0,2,200,200,200,200,200,200,200
396856,0,30,0,0,0,1,12,6,0,0,0,0,200,0,48,200,200,0,0,200,200
396856,0,30,0,0,0,1,12,6,0,0,0,0,200,0,54,200,200,0,0,200,200
396856,1,30,0,0,0,1,12,6,0,0,0,0,200,1,200,200,200,200,200,200,200
396877,0,30,1,2,1,3,0,3,2,0,0,0,0,0,41,0,12,200,0,200,200
396877,0,30,1,2,1,3,0,3,2,0,0,0,0,0,30,0,0,200,0,200,200
396885,0,30,1,2,0,1,12,5,0,1,0,22,16,0,66,0,4,0,0,200,200
396885,0,30,1,2,0,1,12,5,0,1,0,22,16,1,55,0,0,0,0,200,200
396885,1,30,1,2,0,1,12,5,0,1,0,22,16,0,11,0,200,200,200,200,200
396887,0,30,0,3,2,1,12,6,0,0,0,17,17,0,200,200,1,200,200,200,200
396887,0,30,0,3,2,1,12,6,0,0,0,17,17,0,44,0,0,0,0,200,200
396892,2,30,0,0,0,1,0,2,0,1,0,17,200,0,40,0,1,0,0,200,200
396892,0,30,0,0,0,1,0,2,0,1,0,17,200,1,32,0,12,0,0,200,200
396892,0,30,0,0,0,1,0,2,0,1,0,17,200,0,49,0,0,0,0,200,200
396892,1,30,0,0,0,1,0,2,0,1,0,17,200,0,21,0,200,200,200,200,200
396894,0,35,1,2,0,1,14,3,3,1,0,0,0,0,61,200,200,200,0,200,200
396894,0,35,1,2,0,1,14,3,3,1,0,0,0,0,55,200,200,200,7,200,200
396894,0,35,1,2,0,1,14,3,3,1,0,0,0,1,21,200,200,200,7,200,200
396894,1,35,1,2,0,1,14,3,3,1,0,0,0,1,51,200,200,200,200,200,200
396909,0,20,0,0,2,3,7,5,0,1,0,0,0,2,200,200,200,200,200,200,200
396909,1,20,0,0,2,3,7,5,0,1,0,0,0,0,31,0,200,200,200,200,200
396919,0,30,0,0,0,1,4,2,0,12,0,200,200,0,200,3,3,0,0,200,200
396925,0,30,0,0,0,0,7,6,2,0,0,0,0,2,200,200,200,200,200,200,200
396944,0,30,0,0,0,1,7,3,0,1,0,22,16,0,27,0,4,0,0,200,200
396946,0,30,0,0,0,1,14,3,0,0,0,18,18,0,58,0,3,0,0,200,200
396946,0,30,0,0,0,1,14,3,0,0,0,18,18,0,25,0,0,0,0,200,200
396946,1,30,0,0,0,1,14,3,0,0,0,18,18,0,57,0,200,200,200,200,200
396955,0,30,1,2,0,1,12,6,0,0,0,21,16,1,52,0,0,0,0,200,200
396955,0,30,1,2,0,1,12,6,0,0,0,21,16,0,35,0,0,0,0,200,200
396955,1,30,1,2,0,1,12,6,0,0,0,21,16,1,25,0,200,200,200,200,200
396958,0,30,0,0,2,1,12,5,0,1,0,18,200,1,28,0,3,0,0,200,200
396958,0,30,0,0,2,1,12,5,0,1,0,18,200,0,51,0,0,0,0,200,200
396970,0,25,1,2,2,1,10,2,0,1,200,18,0,0,35,200,3,200,200,200,200
396970,0,25,1,2,2,1,10,2,0,1,200,18,0,1,39,200,0,200,200,200,200
396970,1,25,1,2,2,1,10,2,0,1,200,18,0,0,54,200,200,200,200,200,200
396972,0,30,0,0,0,1,0,5,0,0,200,0,200,1,28,0,200,200,0,200,200
396972,0,30,0,0,0,1,0,5,0,0,200,0,200,1,29,0,0,0,0,200,200
396972,1,30,0,0,0,1,0,5,0,0,200,0,200,1,200,5,200,200,200,200,200
396972,1,30,0,0,0,1,0,5,0,0,200,0,200,1,200,0,200,200,200,200,200
396973,0,30,1,2,0,1,12,5,0,0,0,0,0,1,200,200,200,200,200,200,200
396973,0,30,1,2,0,1,12,5,0,0,0,0,0,1,22,0,200,0,0,200,200
396973,1,30,1,2,0,1,12,5,0,0,0,0,0,0,40,0,200,200,200,200,200
396976,0,30,0,0,0,1,14,2,0,0,0,200,200,0,42,0,0,0,0,200,200
396976,0,30,0,0,0,1,14,2,0,0,0,200,200,0,56,7,0,0,0,200,200
396978,0,30,0,0,0,1,12,2,0,0,0,17,0,1,46,0,1,0,0,200,200
396978,0,30,0,0,0,1,12,2,0,0,0,17,0,0,36,0,12,0,0,200,200
396984,0,30,2,2,1,1,10,5,0,1,0,0,0,1,34,2,0,0,0,200,200
396984,0,30,2,2,1,1,10,5,0,1,0,0,0,0,200,200,200,200,200,200,200
396986,0,30,1,2,2,1,10,5,2,1,0,18,16,1,27,200,3,0,0,200,200
396986,0,30,1,2,2,1,10,5,2,1,0,18,16,1,50,200,0,0,0,200,200
396986,0,30,1,2,2,1,10,5,2,1,0,18,16,1,38,200,0,0,0,200,200
396990,0,0,0,0,0,1,7,7,0,0,0,0,0,2,200,200,0,200,200,200,200
396991,0,30,0,0,200,200,7,6,0,200,0,0,200,2,200,200,200,200,200,200,200
396993,0,30,1,2,0,1,5,2,0,0,0,0,0,0,33,0,200,0,0,200,200
397001,0,30,1,2,2,1,12,6,0,1,0,22,16,0,52,0,4,0,0,200,200
397001,0,30,1,2,2,1,12,6,0,1,0,22,16,0,38,0,0,0,0,200,200
397002,0,30,0,0,0,200,7,6,0,200,0,0,200,2,200,200,200,200,200,200,200
397007,0,40,0,0,0,1,10,3,0,0,0,18,17,0,29,0,3,0,0,200,200
397007,0,40,0,0,0,1,10,3,0,0,0,18,17,1,47,0,0,0,0,200,200
397010,0,30,1,2,0,1,14,5,3,1,0,23,21,0,0,7,0,0,0,200,200
397010,0,30,1,2,0,1,14,5,3,1,0,23,21,0,25,200,0,0,0,200,200
397012,0,30,0,0,1,1,12,2,0,0,0,0,200,0,61,0,200,0,0,200,200
397012,0,30,0,0,1,1,12,2,0,0,0,0,200,0,62,0,0,0,0,200,200
397018,0,30,0,0,1,1,14,5,0,200,0,16,0,0,22,200,8,200,0,200,200
397018,0,30,0,0,1,1,14,5,0,200,0,16,0,1,38,200,200,200,0,200,200
397018,1,30,0,0,1,1,14,5,0,200,0,16,0,0,44,200,200,200,200,200,200
397018,1,30,0,0,1,1,14,5,0,200,0,16,0,1,23,200,200,200,200,200,200
397018,1,30,0,0,1,1,14,5,0,200,0,16,0,1,1,5,200,200,200,200,200
397018,1,30,0,0,1,1,14,5,0,200,0,16,0,1,19,200,200,200,200,200,200
397019,0,30,1,2,1,1,12,3,0,0,0,22,16,1,26,0,2,0,0,200,200
397019,0,30,1,2,1,1,12,3,0,0,0,22,16,0,39,0,0,0,0,200,200
397022,0,30,1,2,1,1,10,5,0,1,0,16,200,1,45,0,12,0,0,200,200
397022,0,30,1,2,1,1,10,5,0,1,0,16,200,0,60,0,0,0,0,200,200
397033,0,30,0,0,0,1,12,6,0,0,0,17,200,0,51,0,1,0,0,200,200
397033,0,30,0,0,0,1,12,6,0,0,0,17,200,0,31,0,0,0,0,200,200
397034,0,30,1,2,2,1,14,5,0,1,0,23,200,0,52,0,7,0,0,200,200
397034,0,30,1,2,2,1,14,5,0,1,0,23,200,1,34,0,0,0,0,200,200
397034,1,30,1,2,2,1,14,5,0,1,0,23,200,0,28,0,200,200,200,200,200
397036,0,30,0,0,2,1,14,5,0,1,0,23,17,1,26,0,7,200,0,200,200
397036,0,30,0,0,2,1,14,5,0,1,0,23,17,0,42,0,0,0,0,200,200
397036,1,30,0,0,2,1,14,5,0,1,0,23,17,1,22,0,200,200,200,200,200
397036,1,30,0,0,2,1,14,5,0,1,0,23,17,1,2,5,200,200,200,200,200
397036,1,30,0,0,2,1,14,5,0,1,0,23,17,1,6,0,200,200,200,200,200
397036,1,30,0,0,2,1,14,5,0,1,0,23,17,0,10,0,200,200,200,200,200
397039,0,30,1,2,0,1,14,5,0,1,0,0,0,0,24,0,0,0,0,200,200
397039,0,30,1,2,0,1,14,5,0,1,0,0,0,0,56,0,12,0,0,200,200
397046,0,25,0,0,0,1,7,12,0,0,0,200,200,2,200,200,200,200,200,200,200
397056,0,30,0,0,0,1,10,6,0,0,0,18,18,0,200,200,1,200,200,200,200
397056,0,30,0,0,0,1,10,6,0,0,0,18,18,0,65,0,0,0,0,200,200
397056,1,30,0,0,0,1,10,6,0,0,0,18,18,200,200,0,200,200,200,200,200
397057,0,30,1,2,2,1,12,6,0,1,0,25,15,0,26,200,13,200,200,200,200
397057,0,30,1,2,2,1,12,6,0,1,0,25,15,0,37,7,0,0,0,200,200
397057,0,30,1,2,2,1,12,6,0,1,0,25,15,0,76,7,0,0,0,200,200
397057,0,30,1,2,2,1,12,6,0,1,0,25,15,0,56,200,0,0,0,200,200
397057,0,30,1,2,2,1,12,6,0,1,0,25,15,1,38,7,0,0,0,200,200
397057,0,30,1,2,2,1,12,6,0,1,0,25,15,0,38,7,0,3,0,200,200
397057,1,30,1,2,2,1,12,6,0,1,0,25,15,0,37,200,200,200,200,200,200
397060,0,30,1,2,2,1,12,2,0,1,0,21,0,1,74,0,4,0,0,200,200
397060,0,30,1,2,2,1,12,2,0,1,0,21,0,1,20,200,0,200,200,200,200
397060,1,30,1,2,2,1,12,2,0,1,0,21,0,2,200,200,200,200,200,200,200
397063,0,30,1,200,1,1,10,3,0,200,200,0,200,1,42,200,200,200,200,200,200
397063,0,30,1,200,1,1,10,3,0,200,200,0,200,1,44,200,200,200,200,200,200
397064,0,30,0,0,0,1,14,2,0,0,0,23,200,1,37,0,7,0,0,200,200