RD_NO,PERSON_TYPE,POSTED_SPEED_LIMIT,TRAFFIC_CONTROL_DEVICE,DEVICE_CONDITION,WEATHER_CONDITION,LIGHTING_CONDITION,FIRST_CRASH_TYPE,TRAFFICWAY_TYPE,ALIGNMENT,ROADWAY_SURFACE_COND,ROAD_DEFECT,PRIM_CONTRIBUTORY_CAUSE,SEC_CONTRIBUTORY_CAUSE,SEX,AGE,SAFETY_EQUIPMENT,DRIVER_ACTION,DRIVER_VISION,PHYSICAL_CONDITION,BAC_RESULT VALUE,CELL_PHONE_USE
397064,0,30,0,0,0,1,14,2,0,0,0,23,200,0,33,0,0,0,0,200,200
397064,1,30,0,0,0,1,14,2,0,0,0,23,200,1,3,5,200,200,200,200,200
397067,0,30,3,2,0,1,12,3,0,0,0,17,200,0,49,200,1,200,0,200,200
397067,0,30,3,2,0,1,12,3,0,0,0,17,200,0,59,200,12,200,0,200,200
397075,0,35,1,2,0,1,14,2,0,1,0,17,23,0,56,0,7,0,0,200,200
397075,0,35,1,2,0,1,14,2,0,1,0,17,23,0,76,0,0,0,0,200,200
397080,0,30,0,0,1,1,10,5,0,0,0,18,18,1,28,0,3,0,0,200,200
397080,0,30,0,0,1,1,10,5,0,0,0,18,18,1,22,0,0,0,0,200,200
397080,0,30,0,0,1,1,10,5,0,0,0,18,18,1,28,0,0,0,0,200,200
397080,0,30,0,0,1,1,10,5,0,0,0,18,18,0,31,200,0,0,0,200,200
397080,1,30,0,0,1,1,10,5,0,0,0,18,18,0,23,0,200,200,200,200,200
397080,1,30,0,0,1,1,10,5,0,0,0,18,18,1,25,200,200,200,200,200,200
397080,1,30,0,0,1,1,10,5,0,0,0,18,18,0,24,0,200,200,200,200,200
397080,1,30,0,0,1,1,10,5,0,0,0,18,18,0,2,0,200,200,200,200,200
397087,0,30,0,0,0,1,7,6,0,0,0,21,16,0,24,0,7,0,200,200,200
397093,0,30,0,0,1,1,9,5,0,0,0,0,0,1,77,0,12,0,0,200,200
397093,5,30,0,0,1,1,9,5,0,0,0,0,0,0,50,7,200,200,200,200,200
397097,0,30,1,2,0,1,7,3,0,0,0,17,17,0,56,0,1,0,0,200,200
397100,0,30,0,0,0,1,7,6,0,0,0,200,200,1,26,0,6,0,0,200,200
397100,1,30,0,0,0,1,7,6,0,0,0,200,200,0,36,0,200,200,200,200,200
397101,0,30,0,0,0,1,14,6,0,1,0,16,21,0,0,0,7,0,0,200,200
397101,0,30,0,0,0,1,14,6,0,1,0,16,21,1,43,0,0,0,0,200,200
397104,0,30,0,0,1,1,0,7,0,0,0,20,8,0,48,0,6,0,0,200,200
397104,0,30,0,0,1,1,0,7,0,0,0,20,8,1,43,0,0,0,0,200,200
397104,1,30,0,0,1,1,0,7,0,0,0,20,8,1,24,0,200,200,200,200,200
397104,1,30,0,0,1,1,0,7,0,0,0,20,8,0,5,5,200,200,200,200,200
397104,1,30,0,0,1,1,0,7,0,0,0,20,8,1,4,5,200,200,200,200,200
397110,0,30,1,2,0,1,10,5,0,0,0,18,200,1,34,200,3,0,0,200,200
397110,0,30,1,2,0,1,10,5,0,0,0,18,200,0,44,200,0,0,0,200,200
397110,1,30,1,2,0,1,10,5,0,0,0,18,200,1,200,5,200,200,200,200,200
397115,0,30,0,0,0,1,10,5,0,0,0,0,200,1,72,0,200,200,0,200,200
397115,0,30,0,0,0,1,10,5,0,0,0,0,200,0,72,0,0,0,0,200,200
397115,1,30,0,0,0,1,10,5,0,0,0,0,200,0,53,200,200,200,200,200,200
397119,0,30,1,2,0,1,14,5,0,0,0,23,21,0,59,0,7,0,0,200,200
397119,0,30,1,2,0,1,14,5,0,0,0,23,21,0,59,0,200,0,0,200,200
397119,1,30,1,2,0,1,14,5,0,0,0,23,21,1,17,0,200,200,200,200,200
397119,1,30,1,2,0,1,14,5,0,0,0,23,21,1,51,0,200,200,200,200,200
397120,0,10,0,0,0,1,11,7,0,0,0,20,200,0,92,0,6,200,12,200,200
397120,0,10,0,0,0,1,11,7,0,0,0,20,200,1,30,0,0,0,0,200,200
397126,0,15,0,0,1,1,7,0,0,1,1,29,200,0,44,200,12,0,0,200,200
397128,0,30,0,0,200,3,7,7,0,200,200,0,0,1,55,200,6,200,200,200,200
397133,0,30,0,200,200,200,7,6,0,200,200,0,200,2,200,200,200,200,200,200,200
397140,0,30,1,2,0,1,8,5,0,0,0,17,17,0,200,200,1,200,200,200,200
397140,4,30,1,2,0,1,8,5,0,0,0,17,17,0,50,7,0,0,0,200,200
397143,0,30,0,0,0,1,2,1,0,0,3,12,12,0,28,0,12,0,0,200,200
397148,0,30,0,0,0,1,2,7,0,0,0,200,200,0,46,0,200,200,0,200,200
397149,0,30,0,0,1,1,7,5,0,0,0,0,0,0,55,0,0,0,0,200,200
397157,0,30,2,2,200,200,7,6,0,200,0,0,0,2,200,200,200,200,200,200,200
397158,0,30,0,0,0,1,12,5,0,0,0,21,200,1,21,0,4,0,0,200,200
397158,0,30,0,0,0,1,12,5,0,0,0,21,200,1,27,0,0,0,0,200,200
397158,1,30,0,0,0,1,12,5,0,0,0,21,200,1,19,200,200,200,200,200,200
397158,1,30,0,0,0,1,12,5,0,0,0,21,200,200,200,200,200,200,200,200,200
397159,0,25,0,0,200,200,7,5,0,200,0,0,0,2,200,200,200,200,200,200,200
397161,0,30,0,0,0,1,0,5,0,0,0,0,0,0,200,0,12,200,0,200,200
397161,0,30,0,0,0,1,0,5,0,0,0,0,0,0,200,0,0,0,0,200,200
397177,0,35,1,2,2,1,14,2,0,1,0,31,17,1,74,0,1,0,0,200,200
397177,0,35,1,2,2,1,14,2,0,1,0,31,17,1,200,0,0,0,5,200,200
397177,0,35,1,2,2,1,14,2,0,1,0,31,17,0,38,0,0,0,0,200,200
397186,0,30,0,2,1,1,7,5,0,12,12,28,29,0,27,0,200,0,0,200,200
397187,0,30,0,0,0,1,7,2,0,0,0,0,200,0,71,200,0,200,200,200,200
397191,0,30,0,0,0,1,12,5,0,0,0,17,200,0,27,0,1,0,0,200,200
397191,0,30,0,0,0,1,12,5,0,0,0,17,200,1,53,0,0,0,0,200,200
397195,0,30,1,2,0,1,10,5,0,0,0,0,200,1,22,200,200,200,200,200,200
397195,0,30,1,2,0,1,10,5,0,0,0,0,200,0,75,200,0,200,200,200,200
397199,0,30,0,0,0,1,2,5,0,0,0,14,11,1,15,0,8,0,1,200,200
397200,0,30,0,0,1,3,7,6,0,0,0,8,200,0,52,200,12,0,0,200,200
397205,0,30,0,0,0,1,12,5,0,0,0,17,21,2,200,200,1,200,200,200,200
397205,0,30,0,0,0,1,12,5,0,0,0,17,21,1,200,0,0,0,0,200,200
397216,0,30,0,0,0,1,12,5,0,0,0,22,17,0,200,200,4,200,200,200,200
397216,0,30,0,0,0,1,12,5,0,0,0,22,17,1,43,0,1,0,0,200,200
397216,1,30,0,0,0,1,12,5,0,0,0,22,17,0,200,200,200,200,200,200,200
397221,0,30,0,0,0,1,12,5,0,0,0,0,0,0,200,200,4,0,0,200,200
397221,0,30,0,0,0,1,12,5,0,0,0,0,0,1,36,0,0,0,0,200,200
397221,1,30,0,0,0,1,12,5,0,0,0,0,0,0,17,0,200,200,200,200,200
397221,1,30,0,0,0,1,12,5,0,0,0,0,0,0,20,0,200,200,200,200,200
397224,0,25,0,0,0,1,7,6,0,0,0,12,12,1,0,0,0,0,0,200,200
397230,0,30,1,2,0,1,10,3,0,0,0,18,18,0,200,200,3,200,200,200,200
397230,0,30,1,2,0,1,10,3,0,0,0,18,18,0,48,0,0,0,0,200,200
397235,0,25,0,0,0,1,12,2,0,0,0,200,200,0,200,0,2,200,200,200,200
397235,0,25,0,0,0,1,12,2,0,0,0,200,200,1,27,0,0,0,0,200,200
397240,0,30,2,2,0,1,0,2,0,0,0,17,5,0,200,200,1,200,200,200,200
397240,0,30,2,2,0,1,0,2,0,0,0,17,5,1,22,200,0,200,0,200,200
397247,0,30,9,2,1,1,12,2,0,0,0,22,17,0,64,0,1,0,0,200,200
397247,0,30,9,2,1,1,12,2,0,0,0,22,17,0,57,0,0,0,0,200,200
397247,1,30,9,2,1,1,12,2,0,0,0,22,17,1,59,0,200,200,200,200,200
397252,0,20,0,0,0,1,12,6,0,0,0,0,0,0,32,0,12,200,1,200,200
397252,0,20,0,0,0,1,12,6,0,0,0,0,0,1,44,0,12,200,0,200,200
397252,1,20,0,0,0,1,12,6,0,0,0,0,0,0,200,200,200,200,200,200,200
397252,1,20,0,0,0,1,12,6,0,0,0,0,0,1,200,200,200,200,200,200,200
397262,0,30,0,0,1,1,5,5,0,0,0,12,200,0,30,0,12,12,0,200,200
397267,0,30,0,0,0,1,7,6,0,0,0,11,200,0,21,0,2,0,0,200,200
397274,0,15,0,0,0,1,7,7,0,0,0,0,0,2,200,200,200,200,200,200,200
397275,0,30,0,0,0,1,7,2,0,0,0,0,0,1,200,0,200,200,0,200,200
397275,1,30,0,0,0,1,7,2,0,0,0,0,0,0,7,0,200,200,200,200,200
397275,1,30,0,0,0,1,7,2,0,0,0,0,0,1,200,0,200,200,200,200,200
397281,0,30,0,0,2,1,12,2,0,1,0,200,200,0,61,200,12,0,0,200,200
397281,0,30,0,0,2,1,12,2,0,1,0,200,200,1,61,0,0,0,0,200,200
397290,0,30,1,2,0,1,0,5,0,200,200,6,17,0,51,200,1,200,200,200,200
397290,0,30,1,2,0,1,0,5,0,200,200,6,17,0,82,0,12,200,200,200,200
397296,0,35,0,0,0,1,12,3,0,0,0,17,0,0,60,200,0,200,0,200,200
397296,0,35,0,0,0,1,12,3,0,0,0,17,0,0,32,200,1,200,0,200,200
397299,0,30,0,0,0,1,7,7,0,0,0,0,200,0,200,200,12,200,200,200,200
397300,0,30,2,200,1,1,0,5,0,0,200,0,0,0,34,200,200,200,0,200,200
397300,0,30,2,200,1,1,0,5,0,0,200,0,0,1,19,0,200,200,0,200,200
397301,0,30,0,0,0,1,7,5,0,0,0,0,0,0,200,200,200,0,0,200,200
397302,0,30,0,0,0,3,8,5,0,0,0,0,0,1,200,200,200,200,200,200,200
397302,4,30,0,0,0,3,8,5,0,0,0,0,0,0,37,2,0,0,0,200,200
397309,5,30,0,0,0,1,9,2,0,0,0,17,4,0,5,7,12,5,0,200,200
397309,0,30,0,0,0,1,9,2,0,0,0,17,4,0,16,0,0,5,0,200,200
397309,1,30,0,0,0,1,9,2,0,0,0,17,4,0,12,0,200,200,200,200,200
397312,0,35,1,2,0,1,14,6,0,0,0,0,0,0,53,0,12,0,0,200,200
397312,0,35,1,2,0,1,14,6,0,0,0,0,0,0,26,0,12,0,0,200,200
397322,0,30,0,0,0,1,7,7,0,0,0,200,200,0,26,7,0,0,0,200,200
397327,0,30,3,2,0,1,2,5,0,0,0,11,21,1,19,0,4,0,0,200,200
397330,0,30,1,2,0,1,0,2,0,0,0,11,0,0,72,0,0,0,0,200,200
397330,0,30,1,2,0,1,0,2,0,0,0,11,0,0,25,2,200,200,200,200,200
397332,0,30,0,0,0,1,12,5,0,0,0,0,200,0,36,200,1,200,12,200,200
397332,0,30,0,0,0,1,12,5,0,0,0,0,200,1,66,200,200,200,200,200,200
397333,0,30,0,0,0,1,10,5,0,0,0,7,16,1,19,200,12,0,0,200,200
397333,0,30,0,0,0,1,10,5,0,0,0,7,16,0,53,200,0,0,0,200,200
397333,1,30,0,0,0,1,10,5,0,0,0,7,16,1,0,5,200,200,200,200,200
397335,0,30,1,2,0,1,10,3,0,0,0,0,200,1,200,200,1,200,200,200,200
397335,0,30,1,2,0,1,10,3,0,0,0,0,200,1,41,0,0,0,200,200,200
397338,0,30,0,0,0,1,12,5,0,0,0,0,0,1,200,200,200,200,200,200,200
397338,0,30,0,0,0,1,12,5,0,0,0,0,0,0,36,0,12,200,0,200,200
397342,0,30,0,0,0,1,10,7,0,0,0,200,200,0,89,0,0,0,0,200,200
397342,0,30,0,0,0,1,10,7,0,0,0,200,200,0,32,0,0,0,0,200,200
397350,0,30,1,2,0,1,14,3,0,0,0,23,22,0,60,0,7,0,0,200,200
397350,0,30,1,2,0,1,14,3,0,0,0,23,22,1,200,200,0,200,200,200,200
397354,0,30,0,0,0,1,10,5,0,0,0,18,200,0,53,0,3,0,0,200,200
397354,0,30,0,0,0,1,10,5,0,0,0,18,200,0,66,0,0,0,0,200,200
397354,1,30,0,0,0,1,10,5,0,0,0,18,200,0,42,0,200,200,200,200,200
397358,0,30,1,2,0,1,14,5,0,0,0,17,23,0,200,0,0,0,0,200,200
397358,0,30,1,2,0,1,14,5,0,0,0,17,23,1,200,0,1,0,0,200,200
397362,0,30,0,0,0,1,10,5,0,0,0,18,200,0,200,200,3,200,200,200,200
397362,0,30,0,0,0,1,10,5,0,0,0,18,200,1,0,0,0,0,0,200,200
397363,0,30,0,0,0,1,12,5,0,0,0,18,200,2,200,200,3,200,200,200,200
397363,0,30,0,0,0,1,12,5,0,0,0,18,200,0,52,0,0,0,0,200,200
397363,1,30,0,0,0,1,12,5,0,0,0,18,200,1,200,0,200,200,200,200,200
397363,1,30,0,0,0,1,12,5,0,0,0,18,200,1,200,0,200,200,200,200,200
397370,0,30,0,0,0,1,7,5,0,0,0,0,0,2,200,200,200,200,200,200,200
397373,0,30,0,0,0,1,12,2,0,0,200,21,200,1,200,200,4,200,200,200,200
397373,0,30,0,0,0,1,12,2,0,0,200,21,200,1,27,200,0,200,200,200,200
397373,1,30,0,0,0,1,12,2,0,0,200,21,200,0,32,200,200,200,200,200,200
397384,0,30,1,0,0,1,11,5,0,0,0,21,200,0,46,0,4,0,0,200,200
397384,0,30,1,0,0,1,11,5,0,0,0,21,200,0,42,0,0,0,0,200,200
397384,1,30,1,0,0,1,11,5,0,0,0,21,200,1,23,0,200,200,200,200,200
397389,0,0,0,0,1,1,2,12,0,0,0,20,200,0,36,200,6,0,0,200,200
397401,0,0,0,0,0,1,7,2,0,0,0,0,200,2,200,200,200,200,200,200,200
397402,0,20,0,0,1,1,7,6,0,0,0,25,0,0,200,200,7,200,200,200,200
397413,0,30,1,2,0,1,10,5,0,0,0,16,11,0,200,200,1,200,200,200,200
397413,0,30,1,2,0,1,10,5,0,0,0,16,11,0,200,200,3,200,200,200,200
397413,0,30,1,2,0,1,10,5,0,0,0,16,11,0,62,0,0,0,0,200,200
397414,0,0,0,0,0,1,9,5,0,0,0,200,200,0,36,0,0,0,0,200,200
397414,5,0,0,0,0,1,9,5,0,0,0,200,200,0,14,7,12,200,200,200,200
397415,0,30,1,2,0,1,12,6,0,0,0,0,0,0,200,200,7,200,200,200,200
397415,0,30,1,2,0,1,12,6,0,0,0,0,0,1,24,0,0,0,0,200,200
397421,0,30,1,2,0,1,14,2,0,0,0,22,0,1,59,0,0,0,0,200,200
397422,0,30,2,2,0,1,0,5,0,0,0,0,200,1,22,0,0,200,0,200,200
397422,0,30,2,2,0,1,0,5,0,0,0,0,200,1,36,0,0,200,0,200,200
397422,1,30,2,2,0,1,0,5,0,0,0,0,200,0,200,0,200,200,200,200,200
397423,0,30,0,0,0,1,14,5,0,0,0,17,23,2,200,200,1,200,200,200,200
397423,0,30,0,0,0,1,14,5,0,0,0,17,23,1,24,0,0,0,0,200,200
397426,0,30,1,2,0,1,10,5,0,0,0,18,200,1,25,0,3,0,0,200,200
397426,0,30,1,2,0,1,10,5,0,0,0,18,200,0,33,0,0,0,0,200,200
397426,0,30,1,2,0,1,10,5,0,0,0,18,200,0,49,0,0,0,0,200,200
397426,1,30,1,2,0,1,10,5,0,0,0,18,200,1,2,5,200,200,200,200,200
397426,1,30,1,2,0,1,10,5,0,0,0,18,200,1,35,0,200,200,200,200,200
397427,4,30,2,2,0,1,8,6,2,0,0,0,0,0,17,2,200,0,0,200,200
397427,0,30,2,2,0,1,8,6,2,0,0,0,0,1,27,0,200,0,0,200,200
397427,1,30,2,2,0,1,8,6,2,0,0,0,0,0,200,0,200,200,200,200,200
397429,0,45,3,2,0,1,12,3,0,0,0,11,21,0,23,0,4,0,0,200,200
397429,0,45,3,2,0,1,12,3,0,0,0,11,21,1,30,0,0,0,0,200,200
397432,0,30,0,0,0,1,10,5,0,0,0,200,200,0,200,0,12,12,0,200,200
397432,0,30,0,0,0,1,10,5,0,0,0,200,200,0,200,0,12,0,0,200,200
397435,0,30,0,0,0,1,12,5,0,0,0,0,0,0,62,200,200,200,200,200,200
397435,0,30,0,0,0,1,12,5,0,0,0,0,0,0,43,0,0,0,0,200,200
397437,0,35,0,0,0,1,2,5,0,0,1,0,200,0,200,0,200,200,0,200,200
397438,0,15,0,0,0,1,0,7,0,0,200,0,0,0,33,200,200,200,200,200,200
397438,0,15,0,0,0,1,0,7,0,0,200,0,0,0,63,0,0,0,0,200,200
397439,0,30,200,200,200,1,7,5,0,200,200,0,200,1,200,200,200,200,200,200,200
397443,0,30,0,0,0,1,7,5,0,0,0,22,200,1,52,0,7,0,0,200,200
397446,3,30,2,200,0,1,5,5,0,0,0,200,200,200,200,200,200,200,200,200,200
397446,0,30,2,200,0,1,5,5,0,0,0,200,200,0,23,0,0,0,0,200,200
397448,0,30,200,200,0,0,12,5,0,200,200,21,22,1,200,200,4,200,200,200,200
397448,0,30,200,200,0,0,12,5,0,200,200,21,22,0,35,0,12,200,200,200,200
397456,0,15,0,0,0,1,7,7,0,0,0,20,16,0,200,200,6,0,0,200,200
397456,1,15,0,0,0,1,7,7,0,0,0,20,16,0,200,0,200,200,200,200,200
397459,0,15,0,0,0,1,7,7,0,0,0,11,0,1,38,0,12,0,0,200,200
397459,1,15,0,0,0,1,7,7,0,0,0,11,0,1,40,0,200,200,200,200,200
397460,0,30,0,0,0,1,7,5,0,0,0,0,0,0,200,0,200,0,0,200,200
397460,1,30,0,0,0,1,7,5,0,0,0,0,0,1,200,0,200,200,200,200,200
397464,0,35,0,0,0,1,12,3,0,0,0,21,0,2,200,200,4,200,200,200,200
397464,0,35,0,0,0,1,12,3,0,0,0,21,0,0,21,0,0,0,0,200,200
397466,0,30,0,0,0,1,9,5,0,0,0,0,0,1,92,200,200,200,0,200,200
397466,5,30,0,0,0,1,9,5,0,0,0,0,0,0,73,7,200,200,0,200,200
397469,0,25,2,2,0,1,10,5,0,0,0,20,20,0,29,0,6,0,0,200,200
397469,0,25,2,2,0,1,10,5,0,0,0,20,20,1,37,0,0,0,0,200,200
397469,1,25,2,2,0,1,10,5,0,0,0,20,20,1,27,0,200,200,200,200,200
397469,1,25,2,2,0,1,10,5,0,0,0,20,20,1,37,5,200,200,200,200,200
397470,0,30,0,0,0,1,10,5,0,0,200,16,200,0,200,200,3,200,200,200,200
397470,0,30,0,0,0,1,10,5,0,0,200,16,200,0,43,200,0,200,0,200,200
397470,1,30,0,0,0,1,10,5,0,0,200,16,200,0,19,200,200,200,200,200,200
397474,0,30,0,0,0,1,7,6,0,0,0,16,200,1,30,200,200,200,0,200,200
397474,1,30,0,0,0,1,7,6,0,0,0,16,200,0,39,200,200,200,200,200,200
397475,0,15,0,0,0,1,2,0,0,0,0,8,0,0,48,0,12,0,0,200,200
397476,0,30,2,12,0,1,0,5,0,0,0,17,200,0,60,200,1,0,0,200,200
397476,0,30,2,12,0,1,0,5,0,0,0,17,200,0,42,200,0,0,0,200,200
397481,0,30,0,0,0,1,12,5,0,0,0,0,0,1,200,200,200,200,200,200,200
397481,0,30,0,0,0,1,12,5,0,0,0,0,0,0,29,0,0,4,0,200,200
397482,0,20,0,0,0,1,7,6,0,0,12,0,0,2,200,200,200,200,200,200,200
397485,0,30,1,200,0,1,10,2,0,200,200,0,200,0,200,200,3,200,200,200,200
397485,0,30,1,200,0,1,10,2,0,200,200,0,200,2,200,200,0,200,200,200,200
397485,0,30,1,200,0,1,10,2,0,200,200,0,200,0,64,200,0,200,7,200,200
397486,0,30,1,2,0,1,10,2,0,0,0,16,18,0,64,0,3,0,0,200,200
397486,0,30,1,2,0,1,10,2,0,0,0,16,18,0,21,0,0,0,0,200,200
397490,0,25,0,0,0,1,12,5,0,0,0,21,200,0,46,200,0,0,0,200,200
397490,0,25,0,0,0,1,12,5,0,0,0,21,200,0,33,200,4,0,0,200,200
397498,0,0,0,0,0,1,0,7,0,0,0,0,0,1,200,200,200,200,200,200,200
397498,0,0,0,0,0,1,0,7,0,0,0,0,0,1,38,200,0,0,0,200,200
397499,0,30,2,2,0,1,7,2,0,0,0,22,200,0,38,200,2,0,0,200,200
397500,0,30,0,0,0,1,12,5,0,0,0,25,0,0,200,200,2,200,200,200,200
397500,0,30,0,0,0,1,12,5,0,0,0,25,0,1,55,0,0,0,0,200,200
397503,0,30,0,0,0,1,2,5,0,0,0,0,0,1,89,0,200,200,0,200,200
397506,0,30,0,0,0,1,10,6,0,0,0,0,0,0,200,0,200,0,0,200,200
397506,0,30,0,0,0,1,10,6,0,0,0,0,0,1,200,0,200,0,0,200,200
397509,0,30,1,2,0,1,14,2,0,0,200,6,11,1,30,200,5,0,0,200,200
397509,0,30,1,2,0,1,14,2,0,0,200,6,11,1,21,200,0,0,0,200,200
397509,1,30,1,2,0,1,14,2,0,0,200,6,11,0,200,5,200,200,200,200,200
397510,0,30,1,2,0,3,10,2,0,0,0,16,200,1,200,200,5,200,200,200,200
397510,0,30,1,2,0,3,10,2,0,0,0,16,200,1,33,0,0,0,0,200,200
397515,0,30,1,2,0,1,10,2,0,0,0,18,200,0,63,200,3,200,0,200,200
397515,0,30,1,2,0,1,10,2,0,0,0,18,200,1,42,200,0,200,0,200,200
397519,0,30,2,2,0,1,0,5,0,0,0,17,200,1,27,0,1,0,0,200,200
397519,0,30,2,2,0,1,0,5,0,0,0,17,200,0,44,0,0,0,0,200,200
397519,1,30,2,2,0,1,0,5,0,0,0,17,200,1,200,0,200,200,200,200,200
397522,0,30,2,2,0,1,0,5,0,0,200,5,0,1,26,200,1,200,200,200,200
397522,0,30,2,2,0,1,0,5,0,0,200,5,0,0,30,200,0,200,0,200,200
397523,0,10,0,0,0,1,7,7,0,0,0,0,200,2,200,200,200,200,200,200,200
397523,1,10,0,0,0,1,7,7,0,0,0,0,200,1,68,200,200,200,200,200,200
397524,0,30,2,2,0,1,9,5,0,0,0,17,200,0,200,200,0,200,200,200,200
397524,5,30,2,2,0,1,9,5,0,0,0,17,200,0,36,2,0,200,0,200,200
397525,0,30,0,0,0,1,10,5,0,0,0,0,200,0,200,200,200,200,200,200,200
397525,0,30,0,0,0,1,10,5,0,0,0,0,200,0,31,200,0,0,0,200,200
397525,1,30,0,0,0,1,10,5,0,0,0,0,200,1,200,200,200,200,200,200,200
397529,0,30,2,2,0,1,10,5,0,0,0,0,200,0,53,0,0,0,0,200,200
397529,0,30,2,2,0,1,10,5,0,0,0,0,200,1,46,0,0,0,200,200,200
397533,4,30,0,0,0,1,8,5,0,0,0,0,0,0,40,2,200,0,7,200,200
397533,0,30,0,0,0,1,8,5,0,0,0,0,0,0,56,0,0,0,0,200,200
397533,1,30,0,0,0,1,8,5,0,0,0,0,0,1,56,0,200,200,200,200,200
397534,0,30,0,0,0,1,8,6,0,0,0,4,200,0,71,200,200,0,0,200,200
397534,4,30,0,0,0,1,8,6,0,0,0,4,200,0,64,2,200,0,0,200,200
397536,0,30,0,0,0,1,12,6,0,0,0,22,10,2,200,200,200,200,200,200,200
397536,0,30,0,0,0,1,12,6,0,0,0,22,10,0,42,0,0,0,0,200,200
397540,0,30,1,2,0,1,10,5,0,0,0,18,0,0,43,1,3,0,0,200,200
397540,0,30,1,2,0,1,10,5,0,0,0,18,0,0,41,0,0,0,0,200,200
397541,0,30,2,0,0,1,0,2,0,0,0,0,0,0,54,0,12,0,0,200,200
397541,0,30,2,0,0,1,0,2,0,0,0,0,0,0,32,0,0,0,0,200,200
397541,1,30,2,0,0,1,0,2,0,0,0,0,0,0,200,0,200,200,200,200,200
397541,1,30,2,0,0,1,0,2,0,0,0,0,0,200,200,0,200,200,200,200,200
397544,0,30,1,2,0,1,14,5,0,0,0,0,0,1,200,200,200,200,200,200,200
397544,0,30,1,2,0,1,14,5,0,0,0,0,0,0,27,0,0,0,0,200,200
397545,0,30,1,2,0,1,14,5,0,0,0,21,200,1,41,200,4,0,0,200,200
397545,0,30,1,2,0,1,14,5,0,0,0,21,200,0,46,0,12,0,0,200,200
397545,1,30,1,2,0,1,14,5,0,0,0,21,200,0,200,0,200,200,200,200,200
397545,1,30,1,2,0,1,14,5,0,0,0,21,200,0,200,0,200,200,200,200,200
397545,1,30,1,2,0,1,14,5,0,0,0,21,200,0,200,0,200,200,200,200,200
397548,0,30,2,2,0,1,10,6,0,200,200,18,18,0,46,0,3,200,0,200,200
397548,0,30,2,2,0,1,10,6,0,200,200,18,18,0,27,0,12,200,0,200,200
397548,1,30,2,2,0,1,10,6,0,200,200,18,18,1,27,0,200,200,200,200,200
397560,0,30,3,2,0,1,9,3,0,0,0,22,22,0,200,200,2,200,200,200,200
397560,5,30,3,2,0,1,9,3,0,0,0,22,22,0,59,7,12,1,0,200,200
397564,0,30,0,0,0,1,12,2,0,0,0,16,200,0,28,7,1,0,0,200,200
397564,0,30,0,0,0,1,12,2,0,0,0,16,200,0,28,7,0,0,0,200,200
397564,1,30,0,0,0,1,12,2,0,0,0,16,200,0,25,7,200,200,200,200,200
397567,0,30,0,0,0,1,10,5,0,0,0,18,16,2,200,200,3,200,200,200,200
397567,0,30,0,0,0,1,10,5,0,0,0,18,16,0,39,200,0,0,0,200,200
397573,0,20,2,2,0,1,0,12,0,0,0,200,200,0,200,200,12,12,0,200,200
397573,0,20,2,2,0,1,0,12,0,0,0,200,200,1,200,0,0,0,0,200,200
397575,0,30,2,0,0,1,10,5,0,0,0,18,200,0,42,0,3,0,0,200,200
397575,0,30,2,0,0,1,10,5,0,0,0,18,200,1,35,0,0,0,0,200,200
397577,0,30,1,2,0,1,10,5,0,0,0,18,16,1,200,0,3,0,0,200,200
397577,0,30,1,2,0,1,10,5,0,0,0,18,16,0,200,0,0,0,0,200,200
397590,4,30,1,2,0,1,5,5,0,0,0,16,0,0,24,7,1,0,0,200,200
397590,0,30,1,2,0,1,5,5,0,0,0,16,0,1,60,200,12,0,7,200,200
397595,0,30,1,2,0,2,14,5,0,0,0,17,200,0,24,200,1,0,200,200,200
397595,0,30,1,2,0,2,14,5,0,0,0,17,200,1,27,0,0,0,0,200,200
397597,0,30,0,0,0,1,7,6,0,0,0,21,14,2,200,200,12,200,200,200,200
397599,0,30,0,0,0,1,0,5,0,0,0,0,200,0,68,0,1,1,0,200,200
397599,0,30,0,0,0,1,0,5,0,0,0,0,200,0,23,0,2,1,0,200,200
397600,0,25,0,0,0,1,7,5,0,0,0,11,200,0,200,0,7,200,0,200,200
397607,0,30,2,2,0,1,14,5,0,0,0,0,0,1,52,0,0,200,0,200,200
397607,0,30,2,2,0,1,14,5,0,0,0,0,0,1,34,0,200,0,0,200,200
397608,0,30,1,2,0,1,14,5,0,0,0,23,200,0,50,200,7,200,200,200,200
397608,0,30,1,2,0,1,14,5,0,0,0,23,200,0,66,200,0,200,0,200,200
397609,0,30,1,2,0,1,12,5,0,0,0,0,0,1,26,0,200,0,0,200,200
397609,0,30,1,2,0,1,12,5,0,0,0,0,0,0,21,0,0,0,0,200,200
397610,0,35,0,0,0,1,10,2,0,0,0,18,16,1,60,0,3,0,0,200,200
397610,0,35,0,0,0,1,10,2,0,0,0,18,16,0,86,0,0,0,0,200,200
397610,0,35,0,0,0,1,10,2,0,0,0,18,16,1,85,0,0,0,0,200,200
397610,1,35,0,0,0,1,10,2,0,0,0,18,16,0,200,0,200,200,200,200,200
397613,0,30,1,2,0,1,10,5,0,0,0,16,11,0,38,0,1,0,0,200,200
397613,0,30,1,2,0,1,10,5,0,0,0,16,11,0,200,200,0,200,200,200,200
397621,0,35,0,0,0,1,10,2,0,0,3,18,16,0,53,200,3,0,0,200,200
397621,0,35,0,0,0,1,10,2,0,0,3,18,16,0,26,200,0,0,0,200,200
397622,0,15,0,0,0,1,10,5,0,0,0,11,200,0,16,200,8,0,0,200,200
397622,0,15,0,0,0,1,10,5,0,0,0,11,200,0,64,200,0,0,0,200,200