RD_NO,PERSON_TYPE,POSTED_SPEED_LIMIT,TRAFFIC_CONTROL_DEVICE,DEVICE_CONDITION,WEATHER_CONDITION,LIGHTING_CONDITION,FIRST_CRASH_TYPE,TRAFFICWAY_TYPE,ALIGNMENT,ROADWAY_SURFACE_COND,ROAD_DEFECT,PRIM_CONTRIBUTORY_CAUSE,SEC_CONTRIBUTORY_CAUSE,SEX,AGE,SAFETY_EQUIPMENT,DRIVER_ACTION,DRIVER_VISION,PHYSICAL_CONDITION,BAC_RESULT VALUE,CELL_PHONE_USE
397622,1,15,0,0,0,1,10,5,0,0,0,11,200,0,23,200,200,200,200,200,200
397623,0,30,0,0,0,1,12,6,0,0,0,0,200,0,48,0,12,0,0,200,200
397623,0,30,0,0,0,1,12,6,0,0,0,0,200,0,45,0,0,0,0,200,200
397623,1,30,0,0,0,1,12,6,0,0,0,0,200,1,200,200,200,200,200,200,200
397624,0,30,0,0,0,1,14,5,0,0,0,200,200,0,52,0,0,0,0,200,200
397624,0,30,0,0,0,1,14,5,0,0,0,200,200,1,31,0,0,0,0,200,200
397626,0,30,1,2,0,1,0,12,0,0,0,6,200,0,200,200,5,200,200,200,200
397626,0,30,1,2,0,1,0,12,0,0,0,6,200,0,47,0,0,0,0,200,200
397628,0,0,0,0,0,1,7,5,0,0,0,0,0,2,200,200,200,200,200,200,200
397630,0,30,1,2,0,1,12,5,0,0,0,0,11,0,40,200,1,200,0,200,200
397630,0,30,1,2,0,1,12,5,0,0,0,0,11,1,29,200,200,200,0,200,200
397635,0,30,0,0,0,1,12,2,0,0,0,0,200,2,200,200,200,200,200,200,200
397635,0,30,0,0,0,1,12,2,0,0,0,0,200,1,42,0,200,200,0,200,200
397638,0,30,0,0,200,200,7,5,0,200,0,0,200,2,200,200,200,200,200,200,200
397640,0,30,1,200,0,1,10,5,0,0,200,0,0,0,26,0,200,200,200,200,200
397640,0,30,1,200,0,1,10,5,0,0,200,0,0,1,53,0,0,200,200,200,200
397645,0,30,1,2,0,1,10,2,0,0,0,16,11,1,48,0,1,0,0,200,200
397645,0,30,1,2,0,1,10,2,0,0,0,16,11,0,30,0,0,0,0,200,200
397647,0,30,1,2,0,1,14,5,0,0,0,17,14,0,25,0,1,0,0,200,200
397647,0,30,1,2,0,1,14,5,0,0,0,17,14,0,66,0,8,0,0,200,200
397654,0,30,1,2,0,1,12,2,0,0,0,23,200,2,200,200,7,200,200,200,200
397654,0,30,1,2,0,1,12,2,0,0,0,23,200,0,40,0,0,0,0,200,200
397656,0,30,1,2,0,1,14,5,0,0,0,0,200,0,54,200,12,0,0,200,200
397656,0,30,1,2,0,1,14,5,0,0,0,0,200,0,29,200,12,0,0,200,200
397657,0,30,1,2,0,1,10,5,0,0,0,18,200,0,200,200,3,200,200,200,200
397657,0,30,1,2,0,1,10,5,0,0,0,18,200,0,19,0,0,0,0,200,200
397657,1,30,1,2,0,1,10,5,0,0,0,18,200,1,200,0,200,200,200,200,200
397661,0,30,0,0,0,1,0,3,0,0,0,17,21,1,43,200,1,0,0,200,200
397661,0,30,0,0,0,1,0,3,0,0,0,17,21,0,23,200,12,0,0,200,200
397663,0,30,2,2,0,1,0,5,0,0,0,5,16,1,52,0,1,0,0,200,200
397663,0,30,2,2,0,1,0,5,0,0,0,5,16,0,26,0,1,0,0,200,200
397664,0,30,1,2,0,1,14,5,0,0,0,22,23,1,23,200,7,0,0,200,200
397664,0,30,1,2,0,1,14,5,0,0,0,22,23,0,55,7,0,0,0,200,200
397664,1,30,1,2,0,1,14,5,0,0,0,22,23,1,200,200,200,200,200,200,200
397665,0,30,0,0,0,1,7,6,0,0,0,0,200,2,200,200,200,200,200,200,200
397666,0,30,0,0,0,1,9,7,0,0,0,0,0,1,52,0,6,200,0,200,200
397666,5,30,0,0,0,1,9,7,0,0,0,0,0,1,62,7,0,200,0,200,200
397666,1,30,0,0,0,1,9,7,0,0,0,0,0,0,200,0,200,200,200,200,200
397668,0,0,1,2,0,1,12,2,0,0,0,0,0,0,49,200,200,200,0,200,200
397668,0,0,1,2,0,1,12,2,0,0,0,0,0,0,27,200,200,200,0,200,200
397668,1,0,1,2,0,1,12,2,0,0,0,0,0,2,200,200,200,200,200,200,200
397668,1,0,1,2,0,1,12,2,0,0,0,0,0,2,200,200,200,200,200,200,200
397668,1,0,1,2,0,1,12,2,0,0,0,0,0,2,200,200,200,200,200,200,200
397673,0,25,2,0,0,1,14,5,0,0,0,0,0,0,58,0,12,0,0,200,200
397673,0,25,2,0,0,1,14,5,0,0,0,0,0,0,30,200,0,0,0,200,200
397679,0,30,2,2,0,1,9,5,0,0,0,0,200,2,200,200,200,200,200,200,200
397679,5,30,2,2,0,1,9,5,0,0,0,0,200,0,17,7,0,0,0,200,200
397682,0,30,0,0,0,1,7,6,0,0,200,0,200,2,200,200,200,200,200,200,200
397684,0,30,1,200,0,1,12,6,0,200,200,0,0,2,200,200,200,200,200,200,200
397684,0,30,1,200,0,1,12,6,0,200,200,0,0,0,30,0,200,200,0,200,200
397686,0,30,2,2,0,1,10,3,0,0,0,0,0,2,200,200,200,200,200,200,200
397686,0,30,2,2,0,1,10,3,0,0,0,0,0,0,38,0,0,0,0,200,200
397690,0,30,2,2,0,1,0,2,0,0,0,17,200,1,55,0,1,0,0,200,200
397690,0,30,2,2,0,1,0,2,0,0,0,17,200,1,20,0,0,0,0,200,200
397693,0,30,1,2,0,1,10,5,0,0,0,18,18,0,20,0,3,0,0,200,200
397693,0,30,1,2,0,1,10,5,0,0,0,18,18,1,44,0,0,0,0,200,200
397694,0,30,2,2,0,1,14,2,0,0,0,17,0,1,49,0,1,0,0,200,200
397694,0,30,2,2,0,1,14,2,0,0,0,17,0,0,64,0,0,0,0,200,200
397694,1,30,2,2,0,1,14,2,0,0,0,17,0,0,23,0,200,200,200,200,200
397696,0,30,0,0,0,1,12,2,0,0,0,21,200,0,20,200,10,200,0,200,200
397696,0,30,0,0,0,1,12,2,0,0,0,21,200,1,32,0,0,0,0,200,200
397697,0,30,0,0,0,1,10,2,0,0,0,16,18,0,43,0,3,0,0,200,200
397697,0,30,0,0,0,1,10,2,0,0,0,16,18,0,38,0,0,0,0,200,200
397702,0,35,0,0,0,1,0,5,0,0,0,0,200,0,200,200,0,200,200,200,200
397702,0,35,0,0,0,1,0,5,0,0,0,0,200,1,200,0,200,200,0,200,200
397704,0,30,1,2,0,1,10,2,0,0,0,18,0,0,200,200,3,200,200,200,200
397704,0,30,1,2,0,1,10,2,0,0,0,18,0,1,46,0,0,0,0,200,200
397705,0,30,4,2,0,1,7,6,0,0,0,14,23,0,22,0,1,0,0,200,200
397708,0,30,2,2,0,1,14,5,0,0,0,23,200,0,200,0,12,0,0,200,200
397708,0,30,2,2,0,1,14,5,0,0,0,23,200,0,200,200,12,200,200,200,200
397711,0,30,0,0,0,4,5,5,0,0,0,200,200,0,32,0,0,0,0,200,200
397711,1,30,0,0,0,4,5,5,0,0,0,200,200,1,200,0,200,200,200,200,200
397711,1,30,0,0,0,4,5,5,0,0,0,200,200,1,200,5,200,200,200,200,200
397712,4,30,0,0,0,1,8,5,0,0,12,0,0,0,13,2,200,0,0,200,200
397712,0,30,0,0,0,1,8,5,0,0,12,0,0,0,45,200,12,0,0,200,200
397713,0,30,1,2,0,1,10,5,0,0,0,20,200,0,21,0,6,0,0,200,200
397713,0,30,1,2,0,1,10,5,0,0,0,20,200,0,37,0,0,0,0,200,200
397714,0,15,0,0,0,1,7,0,0,0,12,32,32,0,52,200,200,0,5,0.21,200
397716,0,30,2,2,0,2,0,5,0,0,0,5,17,0,23,0,0,0,0,200,200
397716,0,30,2,2,0,2,0,5,0,0,0,5,17,0,200,200,1,200,200,200,200
397716,1,30,2,2,0,2,0,5,0,0,0,5,17,1,200,200,200,200,200,200,200
397719,0,30,0,0,0,1,7,5,0,0,0,0,200,1,200,200,12,200,200,200,200
397719,1,30,0,0,0,1,7,5,0,0,0,0,200,1,55,0,200,200,200,200,200
397720,0,40,0,0,0,1,10,3,0,0,0,18,200,0,45,0,3,0,0,200,200
397720,0,40,0,0,0,1,10,3,0,0,0,18,200,1,32,0,0,0,0,200,200
397720,0,40,0,0,0,1,10,3,0,0,0,18,200,1,46,0,0,0,0,200,200
397720,0,40,0,0,0,1,10,3,0,0,0,18,200,1,27,200,0,0,0,200,200
397721,0,30,0,0,0,1,2,5,0,0,0,0,0,0,200,0,12,0,0,200,200
397721,1,30,0,0,0,1,2,5,0,0,0,0,0,0,200,0,200,200,200,200,200
397722,0,30,0,0,0,1,7,6,0,0,0,0,200,0,200,200,200,200,200,200,200
397722,1,30,0,0,0,1,7,6,0,0,0,0,200,0,200,4,200,200,200,200,200
397724,0,15,200,200,0,1,9,4,0,200,200,0,200,0,200,200,200,200,200,200,200
397724,5,15,200,200,0,1,9,4,0,200,200,0,200,0,55,7,200,200,12,200,200
397727,0,30,1,200,0,1,14,5,0,0,200,0,0,0,30,0,200,200,200,200,200
397727,0,30,1,200,0,1,14,5,0,0,200,0,0,1,78,0,0,200,200,200,200
397728,0,30,0,0,0,2,14,2,0,0,200,17,200,1,31,200,1,12,0,200,200
397728,0,30,0,0,0,2,14,2,0,0,200,17,200,0,57,200,0,12,0,200,200
397728,1,30,0,0,0,2,14,2,0,0,200,17,200,0,40,200,200,200,200,200,200
397728,1,30,0,0,0,2,14,2,0,0,200,17,200,1,11,200,200,200,200,200,200
397728,1,30,0,0,0,2,14,2,0,0,200,17,200,1,10,200,200,200,200,200,200
397728,1,30,0,0,0,2,14,2,0,0,200,17,200,1,5,200,200,200,200,200,200
397728,1,30,0,0,0,2,14,2,0,0,200,17,200,0,43,200,200,200,200,200,200
397729,0,30,0,0,0,1,12,3,0,0,0,0,200,1,30,7,200,0,0,200,200
397729,0,30,0,0,0,1,12,3,0,0,0,0,200,0,61,0,0,0,0,200,200
397729,1,30,0,0,0,1,12,3,0,0,0,0,200,2,200,7,200,200,200,200,200
397730,0,30,0,0,0,1,10,2,0,0,200,7,0,0,33,200,11,200,200,200,200
397730,0,30,0,0,0,1,10,2,0,0,200,7,0,0,28,0,0,0,0,200,200
397735,0,30,0,0,0,1,12,6,0,0,0,0,200,0,83,0,12,0,0,200,200
397735,0,30,0,0,0,1,12,6,0,0,0,0,200,0,27,0,0,0,0,200,200
397735,1,30,0,0,0,1,12,6,0,0,0,0,200,1,75,0,200,200,200,200,200
397735,1,30,0,0,0,1,12,6,0,0,0,0,200,0,40,0,200,200,200,200,200
397739,0,30,3,2,0,1,12,1,0,0,0,0,0,1,23,200,12,0,1,200,200
397739,0,30,3,2,0,1,12,1,0,0,0,0,0,1,200,200,8,200,200,200,200
397744,0,30,1,2,0,1,10,5,0,0,0,200,200,1,32,0,12,0,0,200,200
397744,0,30,1,2,0,1,10,5,0,0,0,200,200,0,200,200,0,200,200,200,200
397750,0,15,0,0,0,1,7,7,0,0,0,0,0,0,22,0,200,0,0,200,200
397753,0,30,0,0,0,1,14,5,0,0,0,21,200,1,28,0,4,0,0,200,200
397753,0,30,0,0,0,1,14,5,0,0,0,21,200,1,30,0,0,0,0,200,200
397759,0,30,1,2,0,1,0,2,0,0,0,17,200,0,20,0,1,1,0,200,200
397759,0,30,1,2,0,1,0,2,0,0,0,17,200,0,27,0,0,0,0,200,200
397759,0,30,1,2,0,1,0,2,0,0,0,17,200,0,41,0,0,0,0,200,200
397759,1,30,1,2,0,1,0,2,0,0,0,17,200,0,21,0,200,200,200,200,200
397759,1,30,1,2,0,1,0,2,0,0,0,17,200,1,27,0,200,200,200,200,200
397761,0,30,1,2,0,1,10,2,0,0,0,16,18,0,200,0,3,0,0,200,200
397761,0,30,1,2,0,1,10,2,0,0,0,16,18,0,43,0,0,0,0,200,200
397765,0,15,0,0,0,1,7,6,0,0,0,0,0,0,200,200,200,200,200,200,200
397769,0,35,1,2,0,1,10,3,0,0,0,25,0,0,27,0,4,0,0,200,200
397769,0,35,1,2,0,1,10,3,0,0,0,25,0,0,47,0,0,0,0,200,200
397770,0,30,1,2,0,1,14,6,0,0,200,23,200,0,200,200,7,200,200,200,200
397770,0,30,1,2,0,1,14,6,0,0,200,23,200,0,31,200,0,200,200,200,200
397770,1,30,1,2,0,1,14,6,0,0,200,23,200,0,32,200,200,200,200,200,200
397779,0,10,0,0,0,1,7,7,0,0,0,0,200,2,200,200,200,200,200,200,200
397782,0,0,0,0,0,1,7,2,0,0,200,0,0,2,200,200,200,200,200,200,200
397786,0,15,0,0,0,1,7,12,0,0,0,0,200,0,200,200,6,200,2,200,200
397793,0,30,2,2,0,4,9,12,0,0,0,17,27,0,48,200,1,200,200,200,200
397793,5,30,2,2,0,4,9,12,0,0,0,17,27,1,25,7,0,200,0,200,200
397797,0,15,0,0,0,1,9,7,0,0,200,0,0,1,38,200,200,200,0,200,200
397797,5,15,0,0,0,1,9,7,0,0,200,0,0,0,6,7,0,200,7,200,200
397797,1,15,0,0,0,1,9,7,0,0,200,0,0,0,1,5,200,200,200,200,200
397798,0,30,1,2,0,1,10,2,0,0,0,18,0,0,27,0,3,0,0,200,200
397798,0,30,1,2,0,1,10,2,0,0,0,18,0,0,36,0,0,0,0,200,200
397798,1,30,1,2,0,1,10,2,0,0,0,18,0,1,27,0,200,200,200,200,200
397800,0,30,2,2,0,1,1,5,0,0,0,0,200,1,200,200,200,200,200,200,200
397814,0,10,0,0,0,1,0,7,0,0,0,20,11,1,24,0,6,0,0,200,200
397814,0,10,0,0,0,1,0,7,0,0,0,20,11,0,200,200,0,200,200,200,200
397820,0,30,1,2,0,4,12,5,0,0,0,22,200,1,30,0,1,0,0,200,200
397820,0,30,1,2,0,4,12,5,0,0,0,22,200,0,21,0,0,0,0,200,200
397820,1,30,1,2,0,4,12,5,0,0,0,22,200,1,200,0,200,200,200,200,200
397821,0,30,1,2,0,1,10,5,0,0,0,16,18,1,34,200,12,0,0,200,200
397821,0,30,1,2,0,1,10,5,0,0,0,16,18,0,29,200,0,0,0,200,200
397821,0,30,1,2,0,1,10,5,0,0,0,16,18,1,58,200,0,0,0,200,200
397821,1,30,1,2,0,1,10,5,0,0,0,16,18,0,3,5,200,200,200,200,200
397821,1,30,1,2,0,1,10,5,0,0,0,16,18,1,7,5,200,200,200,200,200
397826,0,30,0,0,0,1,7,5,0,0,0,0,0,1,200,200,200,200,200,200,200
397830,0,30,0,0,0,4,12,3,0,0,0,17,0,0,28,0,1,0,0,200,200
397830,0,30,0,0,0,4,12,3,0,0,0,17,0,1,50,0,0,0,0,200,200
397838,0,30,1,200,0,1,10,5,0,0,200,0,0,0,20,0,200,200,200,200,200
397838,0,30,1,200,0,1,10,5,0,0,200,0,0,1,18,200,0,200,200,200,200
397842,0,30,0,0,0,1,7,5,0,0,0,0,200,2,200,200,200,200,200,200,200
397850,0,5,0,0,0,1,7,7,0,0,0,0,200,0,23,200,200,200,200,200,200
397853,0,30,1,2,0,4,12,3,0,0,0,18,0,1,41,200,4,0,0,200,200
397853,0,30,1,2,0,4,12,3,0,0,0,18,0,0,38,200,0,0,0,200,200
397854,0,30,1,2,0,4,14,2,0,0,0,23,17,0,39,0,7,1,0,200,200
397854,0,30,1,2,0,4,14,2,0,0,0,23,17,1,34,0,0,1,0,200,200
397854,1,30,1,2,0,4,14,2,0,0,0,23,17,1,15,0,200,200,200,200,200
397854,1,30,1,2,0,4,14,2,0,0,0,23,17,1,11,0,200,200,200,200,200
397854,1,30,1,2,0,4,14,2,0,0,0,23,17,1,4,0,200,200,200,200,200
397855,0,35,2,2,0,4,0,5,0,0,0,17,0,1,18,200,1,200,200,200,200
397855,0,35,2,2,0,4,0,5,0,0,0,17,0,1,44,200,0,200,200,200,200
397855,1,35,2,2,0,4,0,5,0,0,0,17,0,0,18,200,200,200,200,200,200
397855,1,35,2,2,0,4,0,5,0,0,0,17,0,0,18,200,200,200,200,200,200
397855,1,35,2,2,0,4,0,5,0,0,0,17,0,1,25,200,200,200,200,200,200
397855,1,35,2,2,0,4,0,5,0,0,0,17,0,0,15,200,200,200,200,200,200
397855,1,35,2,2,0,4,0,5,0,0,0,17,0,0,4,200,200,200,200,200,200
397856,0,30,0,0,0,1,12,6,0,0,0,0,0,0,22,0,0,0,0,200,200
397856,0,30,0,0,0,1,12,6,0,0,0,0,0,1,42,0,200,0,0,200,200
397864,0,30,200,200,0,2,14,5,0,0,0,23,16,0,18,200,7,0,0,200,200
397864,0,30,200,200,0,2,14,5,0,0,0,23,16,1,34,200,0,0,0,200,200
397864,1,30,200,200,0,2,14,5,0,0,0,23,16,1,17,200,200,200,200,200,200
397867,0,25,0,0,0,1,10,5,0,0,0,200,200,1,200,200,200,200,0,200,200
397867,0,25,0,0,0,1,10,5,0,0,0,200,200,1,29,0,0,0,0,200,200
397868,0,5,0,0,0,4,7,7,0,0,0,0,0,0,200,200,6,200,200,200,200
397868,1,5,0,0,0,4,7,7,0,0,0,0,0,1,28,0,200,200,200,200,200
397868,1,5,0,0,0,4,7,7,0,0,0,0,0,1,28,0,200,200,200,200,200
397873,0,0,1,2,0,1,12,5,0,0,0,0,0,1,200,200,200,200,200,200,200
397873,0,0,1,2,0,1,12,5,0,0,0,0,0,1,40,200,0,0,0,200,200
397878,0,30,0,0,0,4,12,5,0,0,0,22,0,0,29,200,4,200,0,200,200
397878,0,30,0,0,0,4,12,5,0,0,0,22,0,0,25,200,12,200,0,200,200
397883,0,30,1,2,0,3,12,5,0,0,0,23,11,1,77,0,7,0,0,200,200
397883,0,30,1,2,0,3,12,5,0,0,0,23,11,0,24,0,0,0,0,200,200
397892,0,30,0,0,0,3,7,5,0,0,0,11,7,1,16,0,12,0,0,200,200
397892,1,30,0,0,0,3,7,5,0,0,0,11,7,0,21,0,200,200,200,200,200
397900,0,30,0,0,0,1,12,5,0,0,0,17,0,1,37,200,1,0,0,200,200
397900,0,30,0,0,0,1,12,5,0,0,0,17,0,1,52,200,0,0,0,200,200
397905,0,25,2,2,0,3,0,6,0,0,0,17,200,0,17,0,1,0,0,200,200
397905,0,25,2,2,0,3,0,6,0,0,0,17,200,1,25,0,0,0,0,200,200
397907,0,30,200,2,0,0,12,3,0,0,0,23,200,1,200,200,7,200,200,200,200
397907,0,30,200,2,0,0,12,3,0,0,0,23,200,0,57,0,0,0,0,200,200
397912,0,30,0,0,0,1,10,5,0,0,0,18,200,0,59,200,3,200,200,200,200
397912,0,30,0,0,0,1,10,5,0,0,0,18,200,1,51,0,0,0,0,200,200
397917,0,55,0,0,2,1,10,5,0,1,0,0,0,0,200,200,200,200,200,200,200
397917,0,55,0,0,2,1,10,5,0,1,0,0,0,0,41,0,0,0,0,200,200
397919,0,30,0,0,0,3,14,5,0,0,0,0,0,0,34,0,3,0,0,200,200
397919,0,30,0,0,0,3,14,5,0,0,0,0,0,0,46,0,0,0,0,200,200
397920,0,30,3,2,0,4,12,3,0,0,200,22,21,1,200,200,2,200,200,200,200
397920,0,30,3,2,0,4,12,3,0,0,200,22,21,0,31,200,12,0,0,200,200
397921,0,30,1,2,0,3,8,12,0,0,0,17,33,1,30,0,12,12,0,200,200
397921,4,30,1,2,0,3,8,12,0,0,0,17,33,0,55,7,0,200,0,200,200
397925,0,30,1,200,0,3,14,5,0,0,0,0,0,0,23,200,200,200,7,200,200
397925,0,30,1,200,0,3,14,5,0,0,0,0,0,0,0,200,200,200,200,200,200
397925,1,30,1,200,0,3,14,5,0,0,0,0,0,1,20,200,200,200,200,200,200
397925,1,30,1,200,0,3,14,5,0,0,0,0,0,1,44,200,200,200,200,200,200
397926,0,25,0,0,2,4,10,5,0,1,0,18,16,0,47,200,3,200,0,200,200
397926,0,25,0,0,2,4,10,5,0,1,0,18,16,1,35,200,0,0,0,200,200
397926,0,25,0,0,2,4,10,5,0,1,0,18,16,1,33,200,200,200,0,200,200
397931,0,30,1,2,0,3,2,5,0,1,0,12,0,0,42,0,14,0,0,200,200
397931,1,30,1,2,0,3,2,5,0,1,0,12,0,0,200,0,200,200,200,200,200
397937,0,30,200,200,0,3,7,5,0,0,200,200,200,2,20,200,6,0,0,200,200
397939,0,30,1,2,0,3,12,6,0,0,0,22,0,1,66,0,2,0,0,200,200
397939,0,30,1,2,0,3,12,6,0,0,0,22,0,0,45,0,0,0,0,200,200
397941,0,35,0,0,200,1,7,6,0,200,0,0,0,1,56,0,0,0,0,200,200
397941,1,35,0,0,200,1,7,6,0,200,0,0,0,0,58,0,200,200,200,200,200
397941,1,35,0,0,200,1,7,6,0,200,0,0,0,1,19,0,200,200,200,200,200
397967,0,30,1,2,0,1,12,6,0,0,0,21,200,0,200,200,4,0,0,200,200
397967,0,30,1,2,0,1,12,6,0,0,0,21,200,0,31,0,0,0,0,200,200
397968,0,30,2,2,200,3,8,12,0,1,0,0,0,1,27,200,200,200,0,200,200
397968,4,30,2,2,200,3,8,12,0,1,0,0,0,0,11,7,200,0,0,200,200
397970,0,20,0,0,2,3,8,2,0,1,0,17,0,0,200,200,1,200,200,200,200
397970,4,20,0,0,2,3,8,2,0,1,0,17,0,0,39,2,0,0,0,200,200
397980,0,30,0,0,0,1,7,6,0,0,0,25,11,1,200,200,12,200,200,200,200
397980,5,30,0,0,0,1,7,6,0,0,0,25,11,0,26,7,0,12,0,200,200
397980,1,30,0,0,0,1,7,6,0,0,0,25,11,1,0,5,200,200,200,200,200
397980,1,30,0,0,0,1,7,6,0,0,0,25,11,0,200,200,200,200,200,200,200
397980,1,30,0,0,0,1,7,6,0,0,0,25,11,1,200,200,200,200,200,200,200
397982,0,30,0,0,0,200,7,6,0,200,200,1,8,1,35,200,12,200,200,200,200
397988,0,25,1,2,200,3,12,12,0,200,0,22,0,0,21,0,4,0,0,200,200
397988,0,25,1,2,200,3,12,12,0,200,0,22,0,0,32,0,0,0,0,200,200
397989,0,30,0,0,0,3,10,2,0,0,0,16,18,0,36,200,200,200,200,200,200
397989,0,30,0,0,0,3,10,2,0,0,0,16,18,1,27,200,0,0,0,200,200
397989,1,30,0,0,0,3,10,2,0,0,0,16,18,200,200,200,200,200,200,200,200
397995,0,35,0,0,2,3,0,2,0,1,0,0,0,0,46,200,200,200,0,200,200
397995,0,35,0,0,2,3,0,2,0,1,0,0,0,0,49,200,200,200,0,200,200
397995,1,35,0,0,2,3,0,2,0,1,0,0,0,0,52,200,200,200,200,200,200
397995,1,35,0,0,2,3,0,2,0,1,0,0,0,1,52,200,200,200,200,200,200
397997,0,30,1,2,0,3,12,12,0,0,0,21,200,0,32,0,4,0,0,200,200
397997,0,30,1,2,0,3,12,12,0,0,0,21,200,1,40,0,0,0,0,200,200
397998,0,40,0,0,2,3,10,1,0,1,0,18,200,1,33,0,3,0,0,200,200
397998,0,40,0,0,2,3,10,1,0,1,0,18,200,0,54,0,0,0,0,200,200
398005,0,35,0,0,0,3,7,7,0,0,0,0,200,2,200,200,6,200,200,200,200
398007,0,30,0,0,0,3,10,2,0,0,0,12,0,1,40,0,0,0,0,200,200
398007,0,30,0,0,0,3,10,2,0,0,0,12,0,1,25,0,12,0,0,200,200
398007,1,30,0,0,0,3,10,2,0,0,0,12,0,1,19,0,200,200,200,200,200
398007,1,30,0,0,0,3,10,2,0,0,0,12,0,0,19,0,200,200,200,200,200
398012,0,30,0,0,2,3,7,2,0,1,3,34,15,0,26,0,8,4,0,200,200
398015,0,40,0,0,2,3,12,3,0,1,0,21,16,0,200,200,4,200,200,200,200
398015,0,40,0,0,2,3,12,3,0,1,0,21,16,0,76,0,200,200,0,200,200
398015,1,40,0,0,2,3,12,3,0,1,0,21,16,1,200,0,200,200,200,200,200
398018,0,30,0,0,0,1,12,5,0,0,0,0,0,0,200,200,200,200,200,200,200
398018,0,30,0,0,0,1,12,5,0,0,0,0,0,1,48,200,0,0,0,200,200
398020,0,25,0,0,2,3,7,6,0,1,0,0,200,2,200,200,200,200,200,200,200
398028,0,30,0,0,0,3,7,2,0,0,0,0,0,1,26,200,12,0,1,200,200
398030,0,30,1,2,0,1,14,2,0,200,0,17,16,0,57,0,200,200,200,200,200
398030,0,30,1,2,0,1,14,2,0,200,0,17,16,0,37,200,200,200,200,200,200
398033,0,30,0,0,0,3,8,12,0,0,0,0,0,0,65,0,200,0,0,200,200
398033,4,30,0,0,0,3,8,12,0,0,0,0,0,0,34,7,200,200,0,200,200
398046,0,30,2,2,0,3,0,5,0,0,0,5,0,1,63,0,1,0,0,200,200
398046,0,30,2,2,0,3,0,5,0,0,0,5,0,1,78,0,0,0,0,200,200
398047,0,30,1,2,0,3,14,5,0,0,0,6,200,1,21,200,5,0,0,200,200
398047,0,30,1,2,0,3,14,5,0,0,0,6,200,1,28,200,0,0,0,200,200
398050,0,30,1,2,0,3,10,200,0,0,0,7,200,0,45,200,200,200,0,200,200
398050,0,30,1,2,0,3,10,200,0,0,0,7,200,1,39,200,0,200,0,200,200
398050,1,30,1,2,0,3,10,200,0,0,0,7,200,0,200,200,200,200,200,200,200
398068,0,30,1,2,0,3,10,2,0,0,0,32,14,1,25,200,3,0,5,0.24,200
398068,0,30,1,2,0,3,10,2,0,0,0,32,14,0,41,0,12,0,0,200,200
398068,0,30,1,2,0,3,10,2,0,0,0,32,14,2,200,200,0,200,200,200,200
398070,0,30,1,2,0,3,7,6,0,0,200,21,0,0,26,0,7,200,0,200,200
398070,1,30,1,2,0,3,7,6,0,0,200,21,0,1,200,0,200,200,200,200,200
398070,1,30,1,2,0,3,7,6,0,0,200,21,0,0,200,0,200,200,200,200,200
398075,0,40,0,0,0,3,12,3,0,1,0,11,11,0,41,0,4,0,0,200,200
398075,0,40,0,0,0,3,12,3,0,1,0,11,11,0,59,0,0,0,0,200,200
398075,1,40,0,0,0,3,12,3,0,1,0,11,11,1,36,0,200,200,200,200,200
398075,1,40,0,0,0,3,12,3,0,1,0,11,11,0,23,0,200,200,200,200,200
398080,0,30,1,2,200,3,12,2,0,1,200,0,200,0,200,200,200,200,200,200,200
398080,0,30,1,2,200,3,12,2,0,1,200,0,200,1,48,200,0,0,0,200,200
398085,0,35,0,0,0,3,12,5,0,0,0,22,16,2,200,200,4,200,200,200,200
398085,0,35,0,0,0,3,12,5,0,0,0,22,16,0,38,0,0,0,0,200,200
398085,1,35,0,0,0,3,12,5,0,0,0,22,16,200,200,200,200,200,200,200,200
398085,1,35,0,0,0,3,12,5,0,0,0,22,16,200,200,0,200,200,200,200,200
398087,0,20,0,0,0,3,12,7,0,0,0,0,200,0,200,200,1,200,200,200,200
398087,0,20,0,0,0,3,12,7,0,0,0,0,200,0,52,0,0,0,0,200,200
398087,1,20,0,0,0,3,12,7,0,0,0,0,200,1,53,0,200,200,200,200,200
398094,0,35,8,200,0,3,10,5,0,0,0,18,200,0,48,200,3,0,200,200,200
398094,0,35,8,200,0,3,10,5,0,0,0,18,200,0,42,200,200,0,0,200,200
398095,0,20,2,0,0,3,0,2,0,0,0,15,0,1,25,200,0,0,200,200,200
398095,0,20,2,0,0,3,0,2,0,0,0,15,0,2,200,200,8,200,200,200,200
398095,1,20,2,0,0,3,0,2,0,0,0,15,0,1,25,200,200,200,200,200,200
398097,0,30,1,2,0,0,10,5,0,0,0,0,0,0,19,0,0,0,0,200,200
398097,0,30,1,2,0,0,10,5,0,0,0,0,0,0,51,0,0,0,0,200,200
398097,1,30,1,2,0,0,10,5,0,0,0,0,0,1,49,0,200,200,200,200,200
398097,1,30,1,2,0,0,10,5,0,0,0,0,0,0,12,0,200,200,200,200,200
398097,1,30,1,2,0,0,10,5,0,0,0,0,0,1,9,0,200,200,200,200,200
398098,0,30,0,0,0,3,10,5,0,1,0,18,16,0,23,200,3,0,0,200,200
398098,0,30,0,0,0,3,10,5,0,1,0,18,16,0,25,200,12,200,0,200,200
398103,0,30,1,2,0,0,12,6,0,0,0,21,200,0,32,200,2,0,0,200,200
398103,0,30,1,2,0,0,12,6,0,0,0,21,200,0,25,200,0,0,0,200,200