RD_NO,PERSON_TYPE,POSTED_SPEED_LIMIT,TRAFFIC_CONTROL_DEVICE,DEVICE_CONDITION,WEATHER_CONDITION,LIGHTING_CONDITION,FIRST_CRASH_TYPE,TRAFFICWAY_TYPE,ALIGNMENT,ROADWAY_SURFACE_COND,ROAD_DEFECT,PRIM_CONTRIBUTORY_CAUSE,SEC_CONTRIBUTORY_CAUSE,SEX,AGE,SAFETY_EQUIPMENT,DRIVER_ACTION,DRIVER_VISION,PHYSICAL_CONDITION,BAC_RESULT VALUE,CELL_PHONE_USE
398103,1,30,1,2,0,0,12,6,0,0,0,21,200,1,26,200,200,200,200,200,200
398103,1,30,1,2,0,0,12,6,0,0,0,21,200,200,200,200,200,200,200,200,200
398107,0,30,1,2,0,3,12,5,0,0,0,22,200,0,65,200,200,200,0,200,200
398107,0,30,1,2,0,3,12,5,0,0,0,22,200,0,27,200,200,200,0,200,200
398108,0,35,1,2,0,3,14,5,0,0,0,32,27,0,77,200,7,200,5,0.15,200
398108,0,35,1,2,0,3,14,5,0,0,0,32,27,1,27,0,12,0,0,200,0
398108,1,35,1,2,0,3,14,5,0,0,0,32,27,1,42,200,200,200,200,200,200
398108,1,35,1,2,0,3,14,5,0,0,0,32,27,1,45,200,200,200,200,200,200
398109,0,25,2,0,0,3,7,12,0,0,0,10,10,1,28,200,9,0,0,200,200
398109,1,25,2,0,0,3,7,12,0,0,0,10,10,1,28,0,200,200,200,200,200
398116,0,30,200,200,0,4,8,5,0,0,200,0,200,1,36,0,200,200,1,200,200
398116,4,30,200,200,0,4,8,5,0,0,200,0,200,0,200,200,200,200,200,200,200
398136,0,30,1,2,0,3,10,5,0,0,0,16,18,1,22,0,1,0,0,200,200
398136,0,30,1,2,0,3,10,5,0,0,0,16,18,1,48,0,0,0,0,200,200
398143,0,30,1,2,0,0,10,5,0,0,0,0,0,2,200,200,200,200,200,200,200
398143,0,30,1,2,0,0,10,5,0,0,0,0,0,0,32,0,0,0,0,200,200
398143,1,30,1,2,0,0,10,5,0,0,0,0,0,1,200,0,200,200,200,200,200
398148,0,30,2,0,0,3,12,2,0,0,0,0,0,1,35,0,200,0,0,200,200
398148,0,30,2,0,0,3,12,2,0,0,0,0,0,0,74,0,200,0,0,200,200
398164,0,30,0,0,0,3,12,5,0,0,0,0,200,0,29,200,200,200,0,200,200
398164,0,30,0,0,0,3,12,5,0,0,0,0,200,1,23,200,0,0,0,200,200
398164,1,30,0,0,0,3,12,5,0,0,0,0,200,200,200,7,200,200,200,200,200
398164,1,30,0,0,0,3,12,5,0,0,0,0,200,0,200,200,200,200,200,200,200
398165,0,30,200,200,0,4,12,5,0,0,200,0,200,0,21,200,200,200,0,200,200
398165,0,30,200,200,0,4,12,5,0,0,200,0,200,0,40,200,200,200,0,200,200
398168,0,0,0,0,0,3,7,7,0,0,0,0,0,2,200,200,200,200,200,200,200
398171,0,30,1,2,0,3,10,5,0,0,0,200,200,2,200,200,200,200,200,200,200
398171,0,30,1,2,0,3,10,5,0,0,0,200,200,0,58,200,200,200,0,200,200
398172,0,30,1,2,0,3,14,3,0,0,0,17,200,1,22,0,1,0,0,200,200
398172,0,30,1,2,0,3,14,3,0,0,0,17,200,0,54,0,12,0,0,200,200
398172,0,30,1,2,0,3,14,3,0,0,0,17,200,0,51,0,12,0,0,200,200
398172,1,30,1,2,0,3,14,3,0,0,0,17,200,0,39,0,200,200,200,200,200
398176,0,30,0,0,0,3,10,5,0,0,0,0,200,2,200,200,200,200,200,200,200
398176,0,30,0,0,0,3,10,5,0,0,0,0,200,0,34,200,0,0,0,200,200
398189,0,30,0,0,0,3,8,2,0,0,200,32,16,0,28,200,12,0,5,200,200
398189,4,30,0,0,0,3,8,2,0,0,200,32,16,0,38,2,0,0,7,200,200
398194,0,30,0,0,0,3,2,2,0,0,0,15,14,0,55,0,8,0,4,200,200
398216,0,40,0,0,0,3,2,3,0,0,0,32,16,0,27,200,12,12,5,0.21,200
398216,1,40,0,0,0,3,2,3,0,0,0,32,16,1,23,200,200,200,200,200,200
398220,0,30,1,2,0,3,10,5,0,0,200,16,18,0,48,0,200,200,0,200,200
398220,0,30,1,2,0,3,10,5,0,0,200,16,18,0,69,0,0,200,0,200,200
398220,1,30,1,2,0,3,10,5,0,0,200,16,18,1,48,0,200,200,200,200,200
398220,1,30,1,2,0,3,10,5,0,0,200,16,18,0,41,0,200,200,200,200,200
398220,1,30,1,2,0,3,10,5,0,0,200,16,18,1,63,0,200,200,200,200,200
398220,1,30,1,2,0,3,10,5,0,0,200,16,18,1,77,0,200,200,200,200,200
398228,0,35,0,0,0,3,7,5,0,0,0,21,32,1,37,200,12,200,3,200,200
398234,0,30,0,0,0,3,7,6,0,0,0,0,11,1,25,200,200,200,200,200,200
398235,0,30,1,2,0,3,10,5,0,0,0,16,18,0,200,200,3,200,0,200,200
398235,0,30,1,2,0,3,10,5,0,0,0,16,18,0,53,0,0,0,0,200,200
398235,1,30,1,2,0,3,10,5,0,0,0,16,18,2,200,200,200,200,200,200,200
398235,1,30,1,2,0,3,10,5,0,0,0,16,18,2,200,200,200,200,200,200,200
398246,0,15,0,0,0,3,2,0,0,0,0,16,200,0,19,200,12,0,0,200,200
398249,0,20,0,0,0,3,7,5,0,0,0,12,12,0,18,200,12,200,0,200,200
398249,1,20,0,0,0,3,7,5,0,0,0,12,12,1,17,200,200,200,200,200,200
398256,0,30,0,0,0,3,12,5,0,0,0,0,0,0,31,0,12,0,0,200,200
398256,0,30,0,0,0,3,12,5,0,0,0,0,0,0,35,0,12,0,0,200,200
398256,1,30,0,0,0,3,12,5,0,0,0,0,0,0,21,0,200,200,200,200,200
398261,0,30,0,0,0,3,3,3,0,0,0,21,0,0,0,200,9,0,0,200,200
398261,0,30,0,0,0,3,3,3,0,0,0,21,0,1,22,200,200,0,0,200,200
398261,1,30,0,0,0,3,3,3,0,0,0,21,0,0,23,0,200,200,200,200,200
398269,0,30,1,2,0,3,14,5,0,200,200,0,0,0,200,200,1,200,200,200,200
398269,0,30,1,2,0,3,14,5,0,200,200,0,0,1,35,0,200,200,0,200,200
398270,0,35,0,0,0,3,2,3,0,0,200,0,0,2,200,200,200,200,200,200,200
398276,0,25,0,0,0,3,7,5,0,0,0,0,0,2,200,200,200,200,200,200,200
398277,0,30,0,0,0,3,7,5,0,0,0,0,200,0,200,200,200,200,200,200,200
398278,0,35,0,2,0,3,2,5,0,0,0,0,0,0,66,200,12,0,2,200,200
398278,1,35,0,2,0,3,2,5,0,0,0,0,0,0,24,7,200,200,200,200,200
398281,0,30,1,2,0,3,7,5,0,0,0,6,200,0,25,200,0,0,0,200,200
398285,0,25,1,2,0,3,12,5,0,0,0,0,0,0,200,200,200,200,200,200,200
398285,0,25,1,2,0,3,12,5,0,0,0,0,0,1,32,0,0,0,0,200,200
398285,1,25,1,2,0,3,12,5,0,0,0,0,0,0,200,200,200,200,200,200,200
398300,4,30,0,0,0,2,8,2,0,0,0,10,0,0,56,7,9,0,0,200,200
398300,0,30,0,0,0,2,8,2,0,0,0,10,0,2,200,200,200,200,200,200,200
398308,0,30,1,2,0,1,10,2,0,0,0,0,200,0,31,0,200,0,0,200,200
398308,0,30,1,2,0,1,10,2,0,0,0,0,200,1,59,0,0,0,0,200,200
398311,0,30,1,200,0,1,9,5,0,200,200,25,16,0,200,200,12,200,200,200,200
398311,5,30,1,200,0,1,9,5,0,200,200,25,16,0,25,7,0,12,0,200,200
398311,1,30,1,200,0,1,9,5,0,200,200,25,16,0,200,200,200,200,200,200,200
398311,1,30,1,200,0,1,9,5,0,200,200,25,16,0,200,200,200,200,200,200,200
398313,0,35,200,200,0,2,7,5,0,0,0,200,200,2,200,200,200,200,200,200,200
398324,0,30,0,0,0,1,2,2,0,0,12,28,28,1,44,0,0,0,0,200,200
398329,0,45,1,2,0,1,10,3,0,0,0,16,18,0,200,200,3,200,200,200,200
398329,0,45,1,2,0,1,10,3,0,0,0,16,18,0,58,0,0,0,0,200,200
398329,1,45,1,2,0,1,10,3,0,0,0,16,18,1,200,200,200,200,200,200,200
398336,0,30,0,0,0,1,10,5,0,0,0,22,18,1,0,0,3,0,0,200,200
398336,0,30,0,0,0,1,10,5,0,0,0,22,18,0,0,0,0,0,0,200,200
398336,1,30,0,0,0,1,10,5,0,0,0,22,18,1,0,200,200,200,200,200,200
398338,0,30,0,0,0,1,10,5,0,0,0,18,200,0,22,0,3,0,0,200,200
398338,0,30,0,0,0,1,10,5,0,0,0,18,200,0,64,0,0,0,0,200,200
398338,1,30,0,0,0,1,10,5,0,0,0,18,200,0,43,0,200,200,200,200,200
398338,1,30,0,0,0,1,10,5,0,0,0,18,200,1,57,0,200,200,200,200,200
398341,0,40,0,0,0,1,2,3,0,0,0,11,0,0,23,0,4,0,0,200,200
398341,1,40,0,0,0,1,2,3,0,0,0,11,0,0,22,0,200,200,200,200,200
398341,1,40,0,0,0,1,2,3,0,0,0,11,0,0,16,0,200,200,200,200,200
398341,1,40,0,0,0,1,2,3,0,0,0,11,0,0,16,0,200,200,200,200,200
398345,0,30,1,2,0,1,14,1,0,0,0,0,200,0,64,200,7,200,0,200,200
398345,0,30,1,2,0,1,14,1,0,0,0,0,200,1,24,200,0,200,0,200,200
398352,0,30,0,0,0,1,7,6,0,0,0,12,0,1,41,200,12,0,0,200,200
398356,0,30,1,200,0,1,14,5,0,0,200,25,11,2,200,200,200,200,200,200,200
398356,0,30,1,200,0,1,14,5,0,0,200,25,11,0,34,200,200,200,200,200,200
398363,0,20,0,0,0,2,2,5,0,0,0,27,0,0,63,0,12,0,2,200,200
398371,0,35,1,2,0,1,9,5,0,0,0,200,200,1,43,7,12,0,0,200,200
398371,5,35,1,2,0,1,9,5,0,0,0,200,200,1,33,7,0,0,0,200,200
398372,0,30,0,0,200,1,7,6,0,200,200,0,200,1,200,200,2,200,200,200,200
398376,4,30,2,2,0,1,8,5,0,0,200,17,200,0,200,3,200,200,200,200,200
398376,0,30,2,2,0,1,8,5,0,0,200,17,200,1,0,0,200,200,200,200,200
398376,1,30,2,2,0,1,8,5,0,0,200,17,200,0,6,0,200,200,200,200,200
398379,0,30,0,0,0,1,7,5,0,0,0,0,0,2,200,200,200,200,200,200,200
398389,0,15,0,0,0,1,0,7,0,0,0,20,200,1,200,200,6,200,200,200,200
398389,0,15,0,0,0,1,0,7,0,0,0,20,200,1,47,0,0,0,0,200,200
398394,0,40,0,0,0,2,14,2,0,0,0,0,0,0,22,200,1,0,0,200,200
398394,0,40,0,0,0,2,14,2,0,0,0,0,0,0,37,200,0,0,0,200,200
398395,0,0,200,200,0,1,12,5,0,0,0,0,0,0,52,0,0,200,0,200,200
398395,0,0,200,200,0,1,12,5,0,0,0,0,0,0,36,0,0,200,0,200,200
398402,0,30,1,2,0,3,12,5,0,0,0,22,0,0,20,200,2,200,200,200,200
398402,0,30,1,2,0,3,12,5,0,0,0,22,0,0,46,0,0,0,0,200,200
398404,0,5,0,0,0,1,10,7,0,0,0,0,0,0,72,0,3,0,0,200,200
398404,0,5,0,0,0,1,10,7,0,0,0,0,0,1,53,0,0,0,0,200,200
398411,0,15,0,0,1,1,0,7,0,0,0,20,11,0,31,0,6,0,0,200,200
398411,0,15,0,0,1,1,0,7,0,0,0,20,11,0,32,0,0,0,0,200,200
398422,0,30,200,200,0,3,2,5,3,0,0,0,0,0,200,200,200,200,200,200,200
398422,1,30,200,200,0,3,2,5,3,0,0,0,0,0,200,200,200,200,200,200,200
398424,0,20,0,0,0,1,7,5,0,0,0,23,0,0,200,200,7,200,200,200,200
398426,0,30,1,2,0,1,0,2,0,0,0,0,200,0,47,200,200,0,0,200,200
398426,0,30,1,2,0,1,0,2,0,0,0,0,200,0,62,200,200,200,0,200,200
398428,0,25,1,2,0,1,1,6,0,0,0,16,1,2,200,200,200,200,200,200,200
398428,3,25,1,2,0,1,1,6,0,0,0,16,1,0,3,7,0,0,0,200,200
398430,0,30,0,0,200,1,10,6,0,200,200,0,0,1,200,200,200,200,200,200,200
398430,0,30,0,0,200,1,10,6,0,200,200,0,0,0,23,0,12,200,200,200,200
398430,1,30,0,0,200,1,10,6,0,200,200,0,0,1,23,0,200,200,200,200,200
398430,1,30,0,0,200,1,10,6,0,200,200,0,0,200,200,0,200,200,200,200,200
398435,0,30,0,0,0,1,7,6,0,0,0,200,200,1,24,0,7,0,0,200,200
398435,1,30,0,0,0,1,7,6,0,0,0,200,200,1,7,5,200,200,200,200,200
398438,0,30,1,200,0,1,14,2,0,200,200,0,0,0,52,200,7,200,200,200,200
398438,0,30,1,200,0,1,14,2,0,200,200,0,0,1,54,0,0,0,0,200,200
398442,0,30,0,0,0,1,7,7,0,0,0,20,200,0,62,0,6,200,0,200,200
398444,0,30,1,2,0,1,14,5,0,0,0,11,0,0,47,200,7,0,0,200,200
398444,0,30,1,2,0,1,14,5,0,0,0,11,0,0,47,0,0,0,0,200,200
398444,1,30,1,2,0,1,14,5,0,0,0,11,0,1,200,0,200,200,200,200,200
398444,1,30,1,2,0,1,14,5,0,0,0,11,0,0,200,0,200,200,200,200,200
398455,0,30,0,0,1,1,7,6,0,0,0,11,0,1,41,0,7,0,0,200,200
398455,1,30,0,0,1,1,7,6,0,0,0,11,0,1,200,0,200,200,200,200,200
398456,0,30,1,2,0,1,14,5,0,0,0,6,16,0,42,200,5,0,0,200,200
398456,0,30,1,2,0,1,14,5,0,0,0,6,16,1,19,200,0,0,0,200,200
398456,1,30,1,2,0,1,14,5,0,0,0,6,16,1,47,200,200,200,200,200,200
398459,0,25,1,2,0,1,10,5,0,0,200,0,0,0,20,0,200,0,0,200,200
398459,0,25,1,2,0,1,10,5,0,0,200,0,0,1,18,0,0,0,0,200,200
398459,0,25,1,2,0,1,10,5,0,0,200,0,0,1,27,0,0,0,0,200,200
398468,0,30,0,0,0,1,7,5,0,0,0,0,200,0,200,200,200,200,200,200,200
398469,0,30,0,0,0,1,12,5,0,0,0,22,11,2,200,200,4,200,200,200,200
398469,0,30,0,0,0,1,12,5,0,0,0,22,11,1,40,0,0,0,0,200,200
398471,4,30,2,2,0,1,8,12,0,0,0,200,200,0,19,7,12,0,0,200,200
398471,0,30,2,2,0,1,8,12,0,0,0,200,200,0,27,200,0,0,0,200,200
398479,4,30,1,2,0,1,8,5,0,0,0,6,200,0,24,7,5,0,0,200,200
398479,0,30,1,2,0,1,8,5,0,0,0,6,200,0,27,0,0,0,0,200,200
398484,0,25,0,0,200,200,7,5,0,200,0,0,0,2,200,200,200,200,200,200,200
398489,0,30,0,0,0,4,12,2,0,0,0,14,16,1,200,200,1,200,0,200,200
398489,0,30,0,0,0,4,12,2,0,0,0,14,16,1,29,200,0,200,0,200,200
398494,0,30,0,0,0,1,12,5,0,0,0,0,0,1,33,0,0,0,0,200,200
398494,0,30,0,0,0,1,12,5,0,0,0,0,0,0,45,200,200,200,200,200,200
398494,1,30,0,0,0,1,12,5,0,0,0,0,0,1,16,0,200,200,200,200,200
398494,1,30,0,0,0,1,12,5,0,0,0,0,0,1,15,0,200,200,200,200,200
398497,0,30,0,0,0,1,10,2,0,0,0,18,0,0,200,200,3,0,0,200,200
398497,0,30,0,0,0,1,10,2,0,0,0,18,0,1,32,0,0,200,0,200,200
398514,0,25,0,0,0,1,14,12,0,0,0,18,200,2,200,200,3,200,200,200,200
398514,0,25,0,0,0,1,14,12,0,0,0,18,200,1,39,200,0,0,0,200,200
398517,0,25,0,0,0,1,0,2,0,0,0,200,200,0,28,0,0,0,0,200,200
398517,0,25,0,0,0,1,0,2,0,0,0,200,200,0,37,0,1,4,0,200,200
398532,0,30,0,0,0,1,7,6,0,0,0,200,200,1,65,200,0,0,0,200,200
398545,0,35,1,2,0,1,10,2,0,0,0,15,16,0,200,0,8,0,0,200,200
398545,0,35,1,2,0,1,10,2,0,0,0,15,16,0,61,0,0,0,0,200,200
398549,0,30,0,0,0,1,7,5,0,0,0,20,0,2,200,200,6,200,200,200,200
398552,0,30,2,2,0,1,14,2,0,0,0,17,200,0,44,0,1,0,0,200,200
398552,0,30,2,2,0,1,14,2,0,0,0,17,200,0,22,0,0,0,0,200,200
398560,0,20,0,0,0,1,10,5,0,0,0,16,16,1,67,200,3,200,200,200,200
398560,0,20,0,0,0,1,10,5,0,0,0,16,16,1,40,200,0,200,200,200,200
398560,0,20,0,0,0,1,10,5,0,0,0,16,16,0,19,200,0,200,200,200,200
398562,0,30,0,0,0,1,2,6,0,0,0,15,200,0,17,200,1,0,0,200,200
398562,1,30,0,0,0,1,2,6,0,0,0,15,200,0,0,200,200,200,200,200,200
398562,1,30,0,0,0,1,2,6,0,0,0,15,200,0,16,200,200,200,200,200,200
398564,0,10,0,0,0,1,11,7,0,0,0,0,0,0,200,0,200,200,0,200,200
398564,0,10,0,0,0,1,11,7,0,0,0,0,0,1,30,0,0,0,0,200,200
398566,0,15,0,200,1,3,7,7,0,0,0,200,200,1,200,200,200,200,200,200,200
398569,0,15,0,0,0,1,7,0,0,0,0,14,16,0,17,200,13,0,0,200,200
398569,1,15,0,0,0,1,7,0,0,0,0,14,16,0,16,200,200,200,200,200,200
398569,1,15,0,0,0,1,7,0,0,0,0,14,16,0,16,200,200,200,200,200,200
398569,1,15,0,0,0,1,7,0,0,0,0,14,16,0,16,200,200,200,200,200,200
398572,0,15,0,0,0,1,7,7,0,0,200,16,0,0,47,200,12,200,0,200,200
398576,0,30,0,0,0,4,7,6,0,0,200,20,200,0,200,200,6,0,0,200,200
398578,0,30,0,0,1,1,7,6,0,0,0,0,0,2,200,200,200,200,200,200,200
398581,0,30,2,2,0,1,12,5,0,0,0,17,16,1,35,0,1,0,0,200,200
398581,0,30,2,2,0,1,12,5,0,0,0,17,16,0,44,0,0,0,0,200,200
398583,0,30,1,2,0,1,0,6,0,0,0,6,6,0,51,0,14,0,0,200,200
398583,0,30,1,2,0,1,0,6,0,0,0,6,6,1,20,200,5,0,0,200,200
398583,1,30,1,2,0,1,0,6,0,0,0,6,6,1,33,0,200,200,200,200,200
398583,1,30,1,2,0,1,0,6,0,0,0,6,6,1,13,0,200,200,200,200,200
398583,1,30,1,2,0,1,0,6,0,0,0,6,6,1,13,0,200,200,200,200,200
398583,1,30,1,2,0,1,0,6,0,0,0,6,6,1,15,0,200,200,200,200,200
398583,1,30,1,2,0,1,0,6,0,0,0,6,6,0,8,1,200,200,200,200,200
398584,0,30,0,0,0,1,8,6,0,0,0,0,0,1,40,0,10,0,0,200,200
398584,4,30,0,0,0,1,8,6,0,0,0,0,0,1,30,7,0,0,0,200,200
398586,0,25,2,2,0,1,14,6,0,0,0,21,22,0,58,200,7,200,0,200,200
398586,0,25,2,2,0,1,14,6,0,0,0,21,22,0,23,200,12,200,0,200,200
398586,1,25,2,2,0,1,14,6,0,0,0,21,22,0,47,200,200,200,200,200,200
398586,1,25,2,2,0,1,14,6,0,0,0,21,22,0,27,200,200,200,200,200,200
398589,0,30,0,0,1,1,7,5,0,0,0,25,0,1,39,0,12,0,0,200,200
398590,0,30,2,2,0,1,0,5,0,0,0,17,200,0,17,0,1,200,0,200,200
398590,0,30,2,2,0,1,0,5,0,0,0,17,200,0,55,0,200,200,0,200,200
398590,1,30,2,2,0,1,0,5,0,0,0,17,200,0,17,0,200,200,200,200,200
398590,1,30,2,2,0,1,0,5,0,0,0,17,200,0,16,0,200,200,200,200,200
398593,0,30,0,0,0,0,7,2,0,0,0,0,0,2,200,200,200,200,200,200,200
398596,0,30,0,0,1,1,12,2,0,0,0,18,200,0,36,0,200,0,0,200,200
398596,0,30,0,0,1,1,12,2,0,0,0,18,200,1,57,0,12,0,0,200,200
398606,0,30,1,2,1,1,12,3,0,0,0,21,200,1,29,0,4,0,0,200,200
398606,0,30,1,2,1,1,12,3,0,0,0,21,200,0,57,0,0,0,0,200,200
398612,0,30,1,200,0,4,10,2,0,1,200,0,200,0,200,200,3,0,200,200,200
398612,0,30,1,200,0,4,10,2,0,1,200,0,200,0,35,0,0,0,200,200,200
398617,0,30,1,2,0,1,12,2,0,0,0,0,200,0,19,0,200,0,0,200,200
398617,0,30,1,2,0,1,12,2,0,0,0,0,200,1,26,0,0,0,0,200,200
398619,0,30,1,2,0,2,14,5,0,0,0,0,0,0,200,200,200,200,200,200,200
398619,0,30,1,2,0,2,14,5,0,0,0,0,0,1,35,0,0,0,0,200,200
398619,1,30,1,2,0,2,14,5,0,0,0,0,0,1,200,0,200,200,200,200,200
398619,1,30,1,2,0,2,14,5,0,0,0,0,0,1,200,0,200,200,200,200,200
398619,1,30,1,2,0,2,14,5,0,0,0,0,0,1,200,0,200,200,200,200,200
398619,1,30,1,2,0,2,14,5,0,0,0,0,0,1,200,0,200,200,200,200,200
398619,1,30,1,2,0,2,14,5,0,0,0,0,0,1,200,0,200,200,200,200,200
398623,0,35,0,0,0,1,7,6,0,0,0,15,16,1,200,0,8,0,0,200,200
398629,0,30,1,2,0,1,10,2,2,0,0,18,200,2,200,200,200,200,200,200,200
398629,0,30,1,2,0,1,10,2,2,0,0,18,200,0,54,0,0,0,0,200,200
398631,0,45,0,0,0,1,10,3,1,0,0,18,200,0,22,0,3,0,0,200,200
398631,0,45,0,0,0,1,10,3,1,0,0,18,200,0,40,0,0,0,0,200,200
398631,1,45,0,0,0,1,10,3,1,0,0,18,200,1,41,0,200,200,200,200,200
398635,0,30,0,0,0,1,12,6,0,0,200,17,200,1,61,200,1,0,0,200,200
398635,0,30,0,0,0,1,12,6,0,0,200,17,200,0,53,0,0,0,0,200,200
398635,1,30,0,0,0,1,12,6,0,0,200,17,200,2,200,0,200,200,200,200,200
398635,1,30,0,0,0,1,12,6,0,0,200,17,200,0,200,0,200,200,200,200,200
398637,0,30,1,2,0,1,12,5,0,0,200,0,200,0,35,0,200,200,200,200,200
398637,0,30,1,2,0,1,12,5,0,0,200,0,200,0,37,0,200,200,200,200,200
398643,0,30,1,2,0,1,14,2,0,0,0,21,11,0,56,0,7,0,0,200,200
398643,0,30,1,2,0,1,14,2,0,0,0,21,11,1,25,0,0,0,0,200,200
398643,1,30,1,2,0,1,14,2,0,0,0,21,11,1,80,0,200,200,200,200,200
398643,1,30,1,2,0,1,14,2,0,0,0,21,11,1,83,0,200,200,200,200,200
398643,1,30,1,2,0,1,14,2,0,0,0,21,11,1,1,5,200,200,200,200,200
398644,0,30,0,0,0,1,10,5,0,0,0,18,8,1,16,0,3,0,0,200,200
398644,0,30,0,0,0,1,10,5,0,0,0,18,8,1,63,0,12,0,0,200,200
398645,0,25,2,2,0,1,7,6,0,0,0,0,200,2,200,200,200,200,200,200,200
398646,0,30,0,0,0,1,12,5,0,0,0,0,0,0,34,0,200,200,0,200,200
398646,0,30,0,0,0,1,12,5,0,0,0,0,0,1,58,0,200,200,0,200,200
398646,1,30,0,0,0,1,12,5,0,0,0,0,0,0,26,0,200,200,200,200,200
398646,1,30,0,0,0,1,12,5,0,0,0,0,0,0,200,0,200,200,200,200,200
398656,4,30,1,2,0,1,8,12,0,0,0,6,0,1,53,3,5,200,7,200,200
398656,0,30,1,2,0,1,8,12,0,0,0,6,0,1,25,0,12,0,0,200,200
398656,1,30,1,2,0,1,8,12,0,0,0,6,0,0,25,0,200,200,200,200,200
398657,0,35,1,2,0,1,10,3,0,0,0,18,200,0,33,0,3,0,0,200,200
398657,0,35,1,2,0,1,10,3,0,0,0,18,200,1,41,0,0,0,0,200,200
398658,0,35,1,2,0,1,14,5,0,0,0,23,0,0,47,0,7,0,0,200,200
398658,0,35,1,2,0,1,14,5,0,0,0,23,0,0,26,0,0,0,0,200,200
398658,1,35,1,2,0,1,14,5,0,0,0,23,0,0,26,0,200,200,200,200,200
398661,0,15,0,0,0,1,7,5,0,0,0,20,11,0,19,0,6,0,0,200,200
398663,0,30,2,12,0,1,9,6,0,0,0,5,0,1,28,0,2,0,0,200,200
398663,5,30,2,12,0,1,9,6,0,0,0,5,0,1,57,7,12,12,0,200,200
398666,0,30,1,2,0,1,12,5,0,0,0,0,0,1,200,200,200,200,200,200,200
398666,0,30,1,2,0,1,12,5,0,0,0,0,0,1,59,0,0,0,0,200,200
398671,0,30,0,0,0,1,10,5,0,0,200,11,200,1,57,200,6,0,0,200,200
398671,0,30,0,0,0,1,10,5,0,0,200,11,200,1,33,0,0,0,0,200,200
398676,0,30,0,0,0,1,7,6,0,200,200,11,11,0,26,0,12,200,200,200,200
398676,1,30,0,0,0,1,7,6,0,200,200,11,11,1,23,200,200,200,200,200,200
398676,1,30,0,0,0,1,7,6,0,200,200,11,11,0,200,200,200,200,200,200,200
398676,1,30,0,0,0,1,7,6,0,200,200,11,11,1,200,200,200,200,200,200,200
398677,0,30,0,0,0,1,7,7,0,0,0,200,200,0,52,0,0,0,0,200,200
398677,1,30,0,0,0,1,7,7,0,0,0,200,200,1,200,200,200,200,200,200,200
398680,0,30,1,2,0,1,14,5,0,0,0,0,0,1,30,0,12,0,0,200,200
398680,0,30,1,2,0,1,14,5,0,0,0,0,0,0,33,0,0,0,0,200,200
398680,1,30,1,2,0,1,14,5,0,0,0,0,0,1,33,0,200,200,200,200,200
398680,1,30,1,2,0,1,14,5,0,0,0,0,0,1,2,0,200,200,200,200,200
398680,1,30,1,2,0,1,14,5,0,0,0,0,0,1,8,0,200,200,200,200,200
398680,1,30,1,2,0,1,14,5,0,0,0,0,0,0,4,0,200,200,200,200,200
398684,0,15,0,0,0,1,7,7,0,0,0,20,200,1,22,0,6,0,0,200,200
398685,0,15,0,0,0,1,7,200,0,0,200,21,0,0,24,200,7,200,200,200,200
398687,0,25,1,2,0,1,10,5,0,0,0,0,200,1,39,200,12,0,0,200,200
398687,0,25,1,2,0,1,10,5,0,0,0,0,200,1,47,200,0,0,0,200,200
398689,0,30,0,0,0,1,7,2,0,0,0,0,0,1,200,200,12,200,200,200,200
398690,0,30,0,0,0,1,10,5,3,0,0,18,200,0,200,200,3,200,200,200,200
398690,0,30,0,0,0,1,10,5,3,0,0,18,200,1,41,0,0,0,0,200,200
398690,1,30,0,0,0,1,10,5,3,0,0,18,200,0,46,0,200,200,200,200,200
398695,0,25,0,0,0,1,7,6,0,0,0,0,0,2,200,200,200,200,200,200,200
398697,0,30,1,2,0,1,10,5,0,0,0,18,200,0,200,200,3,200,200,200,200
398697,0,30,1,2,0,1,10,5,0,0,0,18,200,1,55,0,0,0,0,200,200
398703,0,30,0,0,0,200,7,6,0,0,200,0,200,2,200,200,200,200,200,200,200
398704,0,30,0,0,0,1,7,5,0,0,0,0,200,2,200,200,200,200,200,200,200
398705,0,30,0,0,0,0,7,5,0,200,0,0,0,2,200,200,200,200,200,200,200
398706,0,30,0,0,1,1,7,6,0,0,0,0,200,0,200,200,200,200,200,200,200
398707,0,30,0,0,0,1,11,5,0,0,0,0,200,2,200,200,200,200,200,200,200
398707,0,30,0,0,0,1,11,5,0,0,0,0,200,1,23,0,0,0,0,200,200
398715,0,30,0,0,0,1,10,2,0,0,0,18,11,1,31,200,3,0,0,200,200
398715,0,30,0,0,0,1,10,2,0,0,0,18,11,1,52,200,0,0,0,200,200
398715,1,30,0,0,0,1,10,2,0,0,0,18,11,0,13,200,200,200,200,200,200
398719,0,30,0,0,0,1,10,2,0,0,0,0,0,0,69,0,0,0,0,200,200
398719,0,30,0,0,0,1,10,2,0,0,0,0,0,0,23,0,0,0,0,200,200
398727,0,30,0,0,0,1,10,5,0,0,0,18,200,0,25,200,3,0,0,200,200
398727,0,30,0,0,0,1,10,5,0,0,0,18,200,1,41,200,0,0,0,200,200
398727,0,30,0,0,0,1,10,5,0,0,0,18,200,1,24,200,0,0,0,200,200
398727,1,30,0,0,0,1,10,5,0,0,0,18,200,1,20,200,200,200,200,200,200
398727,1,30,0,0,0,1,10,5,0,0,0,18,200,0,16,200,200,200,200,200,200