RD_NO,PERSON_TYPE,POSTED_SPEED_LIMIT,TRAFFIC_CONTROL_DEVICE,DEVICE_CONDITION,WEATHER_CONDITION,LIGHTING_CONDITION,FIRST_CRASH_TYPE,TRAFFICWAY_TYPE,ALIGNMENT,ROADWAY_SURFACE_COND,ROAD_DEFECT,PRIM_CONTRIBUTORY_CAUSE,SEC_CONTRIBUTORY_CAUSE,SEX,AGE,SAFETY_EQUIPMENT,DRIVER_ACTION,DRIVER_VISION,PHYSICAL_CONDITION,BAC_RESULT VALUE,CELL_PHONE_USE
398727,1,30,0,0,0,1,10,5,0,0,0,18,200,1,5,200,200,200,200,200,200
398728,0,30,0,0,0,1,10,7,0,0,0,200,200,1,200,200,0,200,200,200,200
398728,0,30,0,0,0,1,10,7,0,0,0,200,200,1,58,0,0,0,0,200,200
398728,1,30,0,0,0,1,10,7,0,0,0,200,200,1,200,0,200,200,200,200,200
398732,0,30,0,0,0,1,7,5,0,0,0,0,200,0,78,200,12,200,200,200,200
398734,5,30,0,0,0,1,9,6,0,0,0,17,15,0,9,7,1,5,0,200,200
398734,0,30,0,0,0,1,9,6,0,0,0,17,15,2,200,200,2,200,200,200,200
398735,0,30,0,0,0,1,14,5,0,0,0,17,0,0,19,1,1,6,0,200,200
398735,0,30,0,0,0,1,14,5,0,0,0,17,0,1,46,200,0,200,200,200,200
398739,0,30,1,2,0,1,10,5,0,0,0,0,0,0,41,0,12,0,0,200,200
398739,0,30,1,2,0,1,10,5,0,0,0,0,0,1,28,0,0,0,0,200,200
398741,0,30,0,0,0,1,14,2,0,0,0,17,23,0,23,0,7,0,0,200,200
398741,0,30,0,0,0,1,14,2,0,0,0,17,23,0,49,0,0,0,0,200,200
398741,1,30,0,0,0,1,14,2,0,0,0,17,23,1,23,0,200,200,200,200,200
398741,1,30,0,0,0,1,14,2,0,0,0,17,23,0,29,0,200,200,200,200,200
398741,1,30,0,0,0,1,14,2,0,0,0,17,23,1,24,200,200,200,200,200,200
398741,1,30,0,0,0,1,14,2,0,0,0,17,23,0,30,200,200,200,200,200,200
398741,1,30,0,0,0,1,14,2,0,0,0,17,23,0,10,0,200,200,200,200,200
398741,1,30,0,0,0,1,14,2,0,0,0,17,23,1,4,0,200,200,200,200,200
398741,1,30,0,0,0,1,14,2,0,0,0,17,23,1,32,0,200,200,200,200,200
398744,0,30,1,2,0,1,10,5,0,0,0,18,11,0,0,200,3,0,0,200,200
398744,0,30,1,2,0,1,10,5,0,0,0,18,11,0,75,200,0,0,0,200,200
398744,1,30,1,2,0,1,10,5,0,0,0,18,11,0,200,200,200,200,200,200,200
398747,0,30,0,0,0,1,10,3,0,0,0,18,12,1,36,200,3,0,0,200,200
398747,0,30,0,0,0,1,10,3,0,0,0,18,12,0,32,0,0,0,0,200,200
398747,1,30,0,0,0,1,10,3,0,0,0,18,12,1,28,0,200,200,200,200,200
398748,0,15,0,0,0,3,7,6,0,0,0,0,0,2,200,200,200,200,200,200,200
398751,0,30,1,2,0,3,10,2,0,0,200,18,200,1,49,200,3,200,200,200,200
398751,0,30,1,2,0,3,10,2,0,0,200,18,200,0,27,200,0,200,200,200,200
398751,1,30,1,2,0,3,10,2,0,0,200,18,200,0,25,200,200,200,200,200,200
398752,0,30,0,0,0,1,7,6,0,0,200,0,0,2,200,200,200,200,200,200,200
398758,0,30,0,0,0,1,10,5,0,0,0,0,200,1,28,7,0,0,0,200,200
398758,0,30,0,0,0,1,10,5,0,0,0,0,200,1,71,7,0,0,0,200,200
398760,0,30,1,200,0,2,14,5,0,0,200,6,200,0,45,0,5,200,0,200,200
398760,0,30,1,200,0,2,14,5,0,0,200,6,200,0,18,0,0,200,0,200,200
398761,0,0,0,0,0,1,7,7,0,0,0,0,0,1,200,200,200,200,200,200,200
398765,0,30,0,0,0,1,3,6,0,0,0,20,20,2,200,200,6,200,200,200,200
398765,0,30,0,0,0,1,3,6,0,0,0,20,20,1,28,0,12,0,0,200,200
398767,0,30,0,0,0,3,10,5,0,0,0,0,0,0,25,0,3,0,0,200,200
398767,0,30,0,0,0,3,10,5,0,0,0,0,0,1,200,200,200,200,200,200,200
398767,0,30,0,0,0,3,10,5,0,0,0,0,0,0,200,200,200,200,200,200,200
398769,0,20,0,0,0,1,12,5,1,0,200,17,0,0,29,0,1,200,200,200,200
398769,0,20,0,0,0,1,12,5,1,0,200,17,0,1,39,0,0,0,200,200,200
398778,0,35,0,0,0,1,0,7,0,0,0,20,0,1,28,0,6,0,0,200,200
398778,0,35,0,0,0,1,0,7,0,0,0,20,0,0,24,0,0,0,0,200,200
398778,1,35,0,0,0,1,0,7,0,0,0,20,0,1,22,0,200,200,200,200,200
398788,0,30,2,2,0,1,10,5,0,0,0,18,16,0,0,200,3,0,0,200,200
398788,0,30,2,2,0,1,10,5,0,0,0,18,16,0,0,200,0,0,0,200,200
398788,1,30,2,2,0,1,10,5,0,0,0,18,16,1,25,200,200,200,200,200,200
398791,0,30,0,0,0,1,14,5,0,0,0,17,22,1,27,0,7,200,0,200,200
398791,0,30,0,0,0,1,14,5,0,0,0,17,22,1,21,0,0,0,0,200,200
398791,1,30,0,0,0,1,14,5,0,0,0,17,22,0,17,0,200,200,200,200,200
398791,1,30,0,0,0,1,14,5,0,0,0,17,22,1,51,0,200,200,200,200,200
398791,1,30,0,0,0,1,14,5,0,0,0,17,22,1,0,0,200,200,200,200,200
398797,0,30,0,0,0,1,10,5,0,0,0,18,16,0,75,0,3,200,0,200,200
398797,0,30,0,0,0,1,10,5,0,0,0,18,16,0,45,0,0,0,0,200,200
398797,1,30,0,0,0,1,10,5,0,0,0,18,16,1,39,0,200,200,200,200,200
398798,0,30,0,0,0,1,11,5,0,0,0,0,0,1,200,200,200,200,200,200,200
398798,0,30,0,0,0,1,11,5,0,0,0,0,0,1,21,0,0,0,0,200,200
398798,1,30,0,0,0,1,11,5,0,0,0,0,0,0,200,200,200,200,200,200,200
398798,1,30,0,0,0,1,11,5,0,0,0,0,0,1,20,0,200,200,200,200,200
398801,0,30,1,2,0,1,10,5,0,0,0,18,200,0,33,0,0,0,0,200,200
398801,0,30,1,2,0,1,10,5,0,0,0,18,200,0,38,0,3,0,0,200,200
398801,1,30,1,2,0,1,10,5,0,0,0,18,200,1,16,0,200,200,200,200,200
398801,1,30,1,2,0,1,10,5,0,0,0,18,200,1,59,0,200,200,200,200,200
398801,1,30,1,2,0,1,10,5,0,0,0,18,200,0,18,0,200,200,200,200,200
398801,1,30,1,2,0,1,10,5,0,0,0,18,200,1,20,0,200,200,200,200,200
398801,1,30,1,2,0,1,10,5,0,0,0,18,200,0,33,0,200,200,200,200,200
398804,0,30,1,2,0,1,8,12,0,0,0,0,200,1,200,200,3,200,200,200,200
398804,4,30,1,2,0,1,8,12,0,0,0,0,200,0,27,200,0,0,0,200,200
398814,0,30,1,2,200,3,12,3,0,200,0,22,200,2,200,200,4,200,200,200,200
398814,0,30,1,2,200,3,12,3,0,200,0,22,200,0,55,0,0,0,0,200,200
398816,0,30,1,2,0,1,14,5,0,200,200,23,22,0,54,0,7,200,0,200,200
398816,0,30,1,2,0,1,14,5,0,200,200,23,22,0,55,0,7,200,0,200,200
398819,0,30,1,2,0,1,14,5,0,0,0,22,200,0,61,200,2,0,0,200,200
398819,0,30,1,2,0,1,14,5,0,0,0,22,200,1,48,0,0,0,0,200,200
398823,4,30,2,200,0,1,8,5,0,0,200,23,0,0,15,2,7,200,0,200,200
398823,0,30,2,200,0,1,8,5,0,0,200,23,0,1,32,200,200,200,0,200,200
398824,0,30,0,0,0,1,14,5,0,0,0,33,0,2,200,200,7,200,200,200,200
398824,0,30,0,0,0,1,14,5,0,0,0,33,0,0,25,2,0,0,0,200,200
398827,0,5,0,0,2,1,7,7,0,0,0,20,35,0,52,200,6,200,0,200,200
398832,0,15,0,0,0,1,12,7,0,0,0,21,0,0,51,200,4,200,200,200,200
398832,0,15,0,0,0,1,12,7,0,0,0,21,0,1,22,0,0,0,0,200,200
398836,0,30,0,0,0,1,14,5,0,0,0,23,200,1,54,200,7,200,200,200,200
398836,0,30,0,0,0,1,14,5,0,0,0,23,200,0,27,0,0,0,0,200,200
398838,0,0,0,0,0,0,10,7,0,0,0,200,200,0,200,200,200,200,200,200,200
398838,0,0,0,0,0,0,10,7,0,0,0,200,200,0,24,0,0,0,0,200,200
398843,0,30,1,2,0,1,12,5,0,0,200,17,200,0,80,0,1,0,0,200,200
398843,0,30,1,2,0,1,12,5,0,0,200,17,200,0,73,0,0,0,0,200,200
398846,0,5,0,0,0,3,7,7,0,0,0,0,5,2,200,200,200,200,200,200,200
398850,0,30,1,2,0,1,14,5,0,0,0,23,200,1,200,0,7,200,200,200,200
398850,0,30,1,2,0,1,14,5,0,0,0,23,200,1,51,0,0,0,0,200,200
398865,0,35,0,0,0,1,10,5,0,0,0,18,18,0,24,200,3,200,0,200,200
398865,0,35,0,0,0,1,10,5,0,0,0,18,18,0,45,7,0,200,5,200,200
398865,1,35,0,0,0,1,10,5,0,0,0,18,18,1,200,0,200,200,200,200,200
398866,0,15,0,0,0,1,7,0,0,0,0,14,14,1,31,200,12,0,1,200,200
398868,0,30,2,200,0,1,0,5,0,0,0,0,200,0,200,200,200,200,200,200,200
398868,0,30,2,200,0,1,0,5,0,0,0,0,200,0,50,200,200,200,0,200,200
398869,0,25,2,2,0,1,14,5,0,0,0,17,200,1,22,200,1,0,0,200,200
398869,0,25,2,2,0,1,14,5,0,0,0,17,200,1,19,200,0,0,0,200,200
398872,0,30,1,2,0,1,14,3,0,0,0,17,17,0,61,0,0,0,0,200,200
398872,0,30,1,2,0,1,14,3,0,0,0,17,17,0,24,200,1,0,0,200,200
398881,0,35,0,0,0,1,12,5,0,0,0,0,0,0,20,0,0,0,0,200,200
398881,0,35,0,0,0,1,12,5,0,0,0,0,0,1,23,0,0,0,0,200,200
398889,0,30,1,2,0,1,12,5,0,0,200,17,200,1,30,0,12,200,200,200,200
398889,0,30,1,2,0,1,12,5,0,0,200,17,200,1,17,0,0,0,0,200,200
398889,1,30,1,2,0,1,12,5,0,0,200,17,200,1,15,0,200,200,200,200,200
398889,1,30,1,2,0,1,12,5,0,0,200,17,200,0,52,0,200,200,200,200,200
398889,1,30,1,2,0,1,12,5,0,0,200,17,200,0,7,0,200,200,200,200,200
398889,1,30,1,2,0,1,12,5,0,0,200,17,200,0,4,0,200,200,200,200,200
398889,1,30,1,2,0,1,12,5,0,0,200,17,200,0,1,0,200,200,200,200,200
398898,0,25,0,0,0,1,4,5,0,0,0,0,0,0,72,200,0,0,0,200,200
398900,0,30,0,0,0,1,14,2,0,0,0,0,200,0,61,0,200,0,0,200,200
398900,0,30,0,0,0,1,14,2,0,0,0,0,200,0,60,0,0,0,0,200,200
398902,0,30,0,0,0,1,10,5,0,0,0,18,200,0,65,0,3,0,0,200,200
398902,0,30,0,0,0,1,10,5,0,0,0,18,200,1,60,0,0,0,0,200,200
398902,0,30,0,0,0,1,10,5,0,0,0,18,200,0,52,0,0,0,0,200,200
398903,0,5,0,0,200,200,7,7,0,200,200,0,200,2,200,200,12,200,200,200,200
398908,0,10,0,0,0,0,12,7,3,0,0,18,23,2,200,200,200,200,200,200,200
398908,0,10,0,0,0,0,12,7,3,0,0,18,23,0,33,0,0,0,0,200,200
398908,1,10,0,0,0,0,12,7,3,0,0,18,23,1,33,0,200,200,200,200,200
398909,0,35,0,0,200,200,14,5,0,200,200,200,200,0,200,200,200,200,200,200,200
398909,0,35,0,0,200,200,14,5,0,200,200,200,200,1,62,0,0,200,200,200,200
398909,1,35,0,0,200,200,14,5,0,200,200,200,200,1,200,200,200,200,200,200,200
398913,0,30,0,0,0,1,7,5,0,0,0,27,16,0,74,200,2,0,200,200,200
398913,1,30,0,0,0,1,7,5,0,0,0,27,16,0,32,1,200,200,200,200,200
398921,0,35,2,3,0,1,9,2,0,0,0,33,16,1,30,0,12,1,0,200,200
398921,5,35,2,3,0,1,9,2,0,0,0,33,16,1,76,7,0,0,0,200,200
398926,0,15,0,0,0,3,2,0,0,200,0,0,0,2,200,200,200,200,200,200,200
398928,0,0,0,0,0,1,0,7,0,0,0,0,0,1,59,200,200,200,0,200,200
398928,0,0,0,0,0,1,0,7,0,0,0,0,0,1,52,200,0,0,0,200,200
398933,0,30,0,0,0,1,14,2,0,0,0,17,22,1,22,200,1,0,0,200,200
398933,0,30,0,0,0,1,14,2,0,0,0,17,22,0,32,200,0,0,0,200,200
398934,0,30,0,0,0,1,8,5,0,0,0,0,0,0,200,0,12,0,0,200,200
398934,4,30,0,0,0,1,8,5,0,0,0,0,0,0,200,7,1,0,0,200,200
398934,1,30,0,0,0,1,8,5,0,0,0,0,0,0,200,0,200,200,200,200,200
398936,0,30,0,0,0,3,2,5,0,0,0,0,0,2,200,200,200,200,200,200,200
398940,0,30,0,0,0,1,10,5,0,0,0,0,0,1,200,200,200,200,200,200,200
398940,0,30,0,0,0,1,10,5,0,0,0,0,0,0,38,0,0,0,0,200,200
398940,1,30,0,0,0,1,10,5,0,0,0,0,0,0,43,0,200,200,200,200,200
398942,0,5,0,0,0,1,7,7,0,0,0,20,200,0,54,7,6,200,0,200,200
398945,0,30,0,0,0,1,0,5,0,0,0,33,0,0,47,200,200,3,0,200,200
398945,0,30,0,0,0,1,0,5,0,0,0,33,0,0,63,200,0,0,0,200,200
398953,0,30,0,0,0,1,7,6,0,0,0,0,0,0,200,200,200,200,200,200,200
398955,0,30,2,2,0,1,0,2,0,0,0,0,0,1,31,0,0,0,0,200,200
398955,0,30,2,2,0,1,0,2,0,0,0,0,0,0,200,200,200,200,200,200,200
398957,0,30,0,0,0,1,7,5,0,0,0,11,11,1,35,0,8,0,0,200,200
398959,0,30,0,0,0,1,12,3,0,0,0,22,200,0,53,200,4,0,0,200,200
398959,0,30,0,0,0,1,12,3,0,0,0,22,200,0,29,200,0,0,0,200,200
398959,1,30,0,0,0,1,12,3,0,0,0,22,200,1,29,200,200,200,200,200,200
398964,0,30,0,0,0,1,12,5,0,0,0,21,17,0,43,200,4,200,200,200,200
398964,0,30,0,0,0,1,12,5,0,0,0,21,17,0,42,0,0,0,0,200,200
398973,0,30,0,0,0,1,14,5,0,200,200,23,22,0,38,0,7,200,0,200,200
398973,0,30,0,0,0,1,14,5,0,200,200,23,22,0,30,0,3,200,0,200,200
398973,1,30,0,0,0,1,14,5,0,200,200,23,22,0,200,0,200,200,200,200,200
398973,1,30,0,0,0,1,14,5,0,200,200,23,22,0,200,0,200,200,200,200,200
398973,1,30,0,0,0,1,14,5,0,200,200,23,22,0,200,0,200,200,200,200,200
398978,0,30,1,2,0,1,2,5,0,0,0,27,200,0,60,200,12,200,4,200,200
398978,1,30,1,2,0,1,2,5,0,0,0,27,200,1,14,200,200,200,200,200,200
398982,0,35,0,2,0,1,0,5,0,0,0,17,0,0,34,200,1,200,200,200,200
398982,0,35,0,2,0,1,0,5,0,0,0,17,0,1,38,0,0,0,0,200,200
398983,0,30,12,12,0,1,9,5,0,0,0,25,0,1,200,0,1,200,1,200,200
398983,5,30,12,12,0,1,9,5,0,0,0,25,0,1,36,0,0,12,1,200,200
398983,1,30,12,12,0,1,9,5,0,0,0,25,0,1,36,0,200,200,200,200,200
398984,0,30,0,200,0,1,10,5,0,0,200,18,0,0,31,200,3,200,0,200,200
398984,0,30,0,200,0,1,10,5,0,0,200,18,0,0,18,200,0,200,0,200,200
398991,0,35,0,0,0,1,7,5,0,0,0,20,0,2,200,200,200,200,200,200,200
398994,0,30,1,2,0,1,10,2,2,0,0,16,32,0,39,200,12,200,5,200,200
398994,0,30,1,2,0,1,10,2,2,0,0,16,32,0,200,200,0,0,0,200,200
398994,0,30,1,2,0,1,10,2,2,0,0,16,32,1,200,200,0,0,0,200,200
398994,0,30,1,2,0,1,10,2,2,0,0,16,32,1,17,200,0,0,0,200,200
398994,0,30,1,2,0,1,10,2,2,0,0,16,32,1,51,200,0,0,0,200,200
398994,0,30,1,2,0,1,10,2,2,0,0,16,32,0,200,200,0,0,0,200,200
398994,1,30,1,2,0,1,10,2,2,0,0,16,32,0,40,200,200,200,200,200,200
398994,1,30,1,2,0,1,10,2,2,0,0,16,32,0,17,200,200,200,200,200,200
398994,1,30,1,2,0,1,10,2,2,0,0,16,32,1,16,200,200,200,200,200,200
398994,1,30,1,2,0,1,10,2,2,0,0,16,32,0,15,200,200,200,200,200,200
398994,1,30,1,2,0,1,10,2,2,0,0,16,32,0,15,200,200,200,200,200,200
398994,1,30,1,2,0,1,10,2,2,0,0,16,32,0,13,200,200,200,200,200,200
398994,1,30,1,2,0,1,10,2,2,0,0,16,32,0,10,200,200,200,200,200,200
398994,1,30,1,2,0,1,10,2,2,0,0,16,32,0,10,200,200,200,200,200,200
398994,1,30,1,2,0,1,10,2,2,0,0,16,32,1,200,200,200,200,200,200,200
398995,0,30,0,0,0,1,12,5,0,0,200,8,8,1,200,200,12,200,200,200,200
398995,0,30,0,0,0,1,12,5,0,0,200,8,8,1,22,0,0,200,0,200,200
398996,0,30,0,200,0,1,7,5,0,0,0,11,0,0,18,200,200,0,0,200,200
398997,0,30,1,2,0,1,10,5,0,0,0,18,16,0,200,200,3,200,200,200,200
398997,0,30,1,2,0,1,10,5,0,0,0,18,16,1,200,0,0,0,0,200,200
398997,1,30,1,2,0,1,10,5,0,0,0,18,16,0,200,0,200,200,200,200,200
398997,1,30,1,2,0,1,10,5,0,0,0,18,16,0,200,0,200,200,200,200,200
398997,1,30,1,2,0,1,10,5,0,0,0,18,16,1,200,0,200,200,200,200,200
399001,0,0,0,0,0,1,7,7,0,0,0,0,0,1,200,200,200,200,200,200,200
399005,0,10,0,0,0,1,0,7,0,0,0,17,17,1,17,0,1,0,0,200,200
399005,0,10,0,0,0,1,0,7,0,0,0,17,17,1,35,0,0,0,0,200,200
399005,1,10,0,0,0,1,0,7,0,0,0,17,17,1,17,0,200,200,200,200,200
399005,1,10,0,0,0,1,0,7,0,0,0,17,17,1,200,0,200,200,200,200,200
399007,0,20,0,0,0,1,7,6,0,0,3,11,200,0,57,0,10,0,0,200,200
399007,1,20,0,0,0,1,7,6,0,0,3,11,200,0,42,200,200,200,200,200,200
399009,0,15,200,200,0,1,10,12,0,200,12,0,200,0,200,200,200,200,200,200,200
399009,0,15,200,200,0,1,10,12,0,200,12,0,200,1,31,200,200,200,200,200,200
399009,1,15,200,200,0,1,10,12,0,200,12,0,200,0,5,200,200,200,200,200,200
399010,0,30,1,200,0,1,14,5,0,0,0,11,0,0,31,0,7,200,0,200,200
399010,0,30,1,200,0,1,14,5,0,0,0,11,0,0,21,0,0,0,0,200,200
399011,0,30,2,2,0,1,0,5,0,0,0,17,200,0,59,200,1,0,0,200,200
399011,0,30,2,2,0,1,0,5,0,0,0,17,200,0,22,0,0,0,0,200,200
399014,0,30,1,2,0,1,2,5,0,0,0,0,0,1,42,200,0,200,0,200,200
399014,0,30,1,2,0,1,2,5,0,0,0,0,0,2,200,200,200,200,200,200,200
399015,0,30,2,2,0,1,14,5,0,0,0,17,23,0,38,200,1,200,200,200,200
399015,0,30,2,2,0,1,14,5,0,0,0,17,23,1,65,200,0,0,0,200,200
399015,1,30,2,2,0,1,14,5,0,0,0,17,23,2,200,200,200,200,200,200,200
399019,0,25,1,2,0,1,10,5,0,0,0,0,200,0,41,200,12,0,0,200,200
399019,0,25,1,2,0,1,10,5,0,0,0,0,200,0,31,7,0,0,0,200,200
399025,0,30,1,2,0,1,10,2,0,0,0,18,18,2,200,200,200,200,200,200,200
399025,0,30,1,2,0,1,10,2,0,0,0,18,18,0,41,0,12,0,0,200,200
399026,4,30,1,2,0,1,8,5,2,0,0,0,200,0,36,200,12,0,0,200,200
399026,0,30,1,2,0,1,8,5,2,0,0,0,200,0,43,200,0,12,0,200,200
399035,0,30,1,2,0,1,10,5,0,0,0,0,0,0,59,0,0,0,0,200,200
399035,0,30,1,2,0,1,10,5,0,0,0,0,0,1,56,0,0,0,0,200,200
399035,1,30,1,2,0,1,10,5,0,0,0,0,0,0,200,0,200,200,200,200,200
399036,0,30,0,0,0,2,7,6,0,0,200,0,200,1,19,200,1,200,0,200,200
399037,0,25,2,2,0,1,12,5,0,0,0,21,11,1,60,0,4,0,0,200,200
399037,0,25,2,2,0,1,12,5,0,0,0,21,11,0,19,0,12,0,0,200,200
399042,0,30,1,2,0,1,10,2,0,0,0,16,200,1,200,200,5,200,200,200,200
399042,0,30,1,2,0,1,10,2,0,0,0,16,200,1,42,0,0,0,0,200,200
399042,1,30,1,2,0,1,10,2,0,0,0,16,200,1,200,200,200,200,200,200,200
399042,1,30,1,2,0,1,10,2,0,0,0,16,200,0,200,200,200,200,200,200,200
399046,0,30,0,0,0,1,7,6,0,0,0,0,200,1,30,0,200,0,0,200,200
399047,0,45,0,0,0,1,10,3,0,200,200,25,18,0,200,200,3,200,200,200,200
399047,0,45,0,0,0,1,10,3,0,200,200,25,18,1,45,0,200,200,0,200,200
399047,1,45,0,0,0,1,10,3,0,200,200,25,18,0,200,200,200,200,200,200,200
399047,1,45,0,0,0,1,10,3,0,200,200,25,18,1,72,0,200,200,200,200,200
399047,1,45,0,0,0,1,10,3,0,200,200,25,18,1,22,0,200,200,200,200,200
399049,0,35,0,0,0,1,10,5,0,0,0,16,18,0,65,0,3,0,0,200,200
399049,0,35,0,0,0,1,10,5,0,0,0,16,18,0,66,0,0,0,0,200,200
399052,0,30,1,2,0,1,14,2,0,0,0,17,200,0,20,0,1,0,0,200,200
399052,0,30,1,2,0,1,14,2,0,0,0,17,200,1,19,0,1,0,0,200,200
399052,0,30,1,2,0,1,14,2,0,0,0,17,200,0,66,0,0,0,0,200,200
399054,0,30,1,200,0,1,12,3,0,0,200,22,0,0,38,0,4,200,0,200,200
399054,0,30,1,200,0,1,12,3,0,0,200,22,0,1,59,0,0,0,0,200,200
399054,1,30,1,200,0,1,12,3,0,0,200,22,0,200,200,0,200,200,200,200,200
399054,1,30,1,200,0,1,12,3,0,0,200,22,0,1,67,0,200,200,200,200,200
399057,0,30,0,0,0,1,12,5,0,0,0,0,0,2,200,200,200,200,200,200,200
399057,0,30,0,0,0,1,12,5,0,0,0,0,0,0,20,0,200,0,0,200,200
399057,1,30,0,0,0,1,12,5,0,0,0,0,0,0,200,0,200,200,200,200,200
399057,1,30,0,0,0,1,12,5,0,0,0,0,0,0,19,0,200,200,200,200,200
399057,1,30,0,0,0,1,12,5,0,0,0,0,0,0,19,0,200,200,200,200,200
399057,1,30,0,0,0,1,12,5,0,0,0,0,0,0,200,0,200,200,200,200,200
399058,0,30,0,0,0,1,7,5,0,0,0,0,0,0,200,0,8,200,200,200,200
399065,0,35,0,0,0,1,7,5,0,0,0,14,0,1,200,200,8,0,0,200,200
399066,0,30,0,0,0,1,12,5,0,0,0,21,14,1,200,200,8,200,200,200,200
399066,0,30,0,0,0,1,12,5,0,0,0,21,14,0,27,200,4,0,0,200,200
399066,1,30,0,0,0,1,12,5,0,0,0,21,14,1,27,200,200,200,200,200,200
399068,0,30,0,0,0,1,7,5,0,0,0,0,0,0,200,200,200,200,200,200,200
399074,0,30,0,0,0,1,10,5,0,0,0,18,16,0,200,200,3,0,0,200,200
399074,0,30,0,0,0,1,10,5,0,0,0,18,16,0,200,0,0,0,0,200,200
399074,1,30,0,0,0,1,10,5,0,0,0,18,16,1,200,0,200,200,200,200,200
399078,0,35,0,200,0,1,7,5,0,0,0,20,200,0,37,200,6,200,0,200,200
399078,1,35,0,200,0,1,7,5,0,0,0,20,200,1,54,200,200,200,200,200,200
399081,0,20,0,0,0,1,7,5,0,0,0,11,0,1,200,200,10,0,200,200,200
399082,0,25,0,0,0,1,7,5,0,0,0,0,200,1,37,200,200,200,200,200,200
399084,0,30,0,0,0,1,0,7,0,0,200,20,200,1,58,200,6,200,200,200,200
399084,0,30,0,0,0,1,0,7,0,0,200,20,200,1,38,200,0,200,200,200,200
399087,0,35,200,200,0,1,10,5,0,0,0,0,200,0,200,0,200,200,0,200,200
399087,0,35,200,200,0,1,10,5,0,0,0,0,200,1,200,7,200,200,0,200,200
399090,0,10,0,0,0,1,7,7,0,0,0,0,200,0,36,0,12,0,0,200,200
399109,0,30,0,0,0,1,10,5,0,0,0,27,16,1,34,0,1,0,1,200,200
399109,0,30,0,0,0,1,10,5,0,0,0,27,16,1,39,0,0,0,0,200,200
399109,0,30,0,0,0,1,10,5,0,0,0,27,16,0,41,0,0,0,0,200,200
399109,1,30,0,0,0,1,10,5,0,0,0,27,16,1,12,0,200,200,200,200,200
399109,1,30,0,0,0,1,10,5,0,0,0,27,16,1,11,0,200,200,200,200,200
399109,1,30,0,0,0,1,10,5,0,0,0,27,16,1,28,0,200,200,200,200,200
399109,1,30,0,0,0,1,10,5,0,0,0,27,16,1,200,0,200,200,200,200,200
399109,1,30,0,0,0,1,10,5,0,0,0,27,16,0,200,0,200,200,200,200,200
399109,1,30,0,0,0,1,10,5,0,0,0,27,16,0,7,0,200,200,200,200,200
399109,1,30,0,0,0,1,10,5,0,0,0,27,16,1,6,0,200,200,200,200,200
399110,0,30,0,0,0,1,10,3,0,0,0,0,0,0,200,0,3,0,0,200,200
399110,0,30,0,0,0,1,10,3,0,0,0,0,0,0,200,0,0,0,0,200,200
399110,1,30,0,0,0,1,10,3,0,0,0,0,0,1,200,0,200,200,200,200,200
399112,0,30,0,0,0,1,7,5,0,0,0,17,0,0,200,200,0,200,200,200,200
399112,1,30,0,0,0,1,7,5,0,0,0,17,0,1,200,200,200,200,200,200,200
399113,0,30,1,2,0,1,10,5,0,0,0,0,200,0,200,200,200,200,200,200,200
399113,0,30,1,2,0,1,10,5,0,0,0,0,200,0,62,1,0,0,0,200,200
399113,0,30,1,2,0,1,10,5,0,0,0,0,200,0,53,0,0,0,0,200,200
399113,1,30,1,2,0,1,10,5,0,0,0,0,200,1,53,0,200,200,200,200,200
399113,1,30,1,2,0,1,10,5,0,0,0,0,200,1,53,0,200,200,200,200,200
399115,0,30,0,0,0,1,10,2,0,0,0,18,16,0,46,200,3,0,0,200,200
399115,0,30,0,0,0,1,10,2,0,0,0,18,16,0,24,200,0,0,0,200,200
399115,1,30,0,0,0,1,10,2,0,0,0,18,16,0,27,200,200,200,200,200,200
399117,0,25,0,0,0,1,10,5,0,0,0,18,200,0,18,0,3,0,0,200,200
399117,0,25,0,0,0,1,10,5,0,0,0,18,200,0,28,0,0,0,0,200,200
399117,0,25,0,0,0,1,10,5,0,0,0,18,200,0,45,0,0,0,0,200,200
399117,1,25,0,0,0,1,10,5,0,0,0,18,200,1,25,0,200,200,200,200,200
399117,1,25,0,0,0,1,10,5,0,0,0,18,200,1,19,0,200,200,200,200,200
399118,1,30,2,0,0,1,9,5,0,0,200,23,0,200,200,200,200,200,200,200,200
399118,0,30,2,0,0,1,9,5,0,0,200,23,0,1,200,200,7,200,200,200,200
399118,5,30,2,0,0,1,9,5,0,0,200,23,0,1,24,200,0,200,0,200,200
399120,0,30,1,2,0,1,14,5,0,0,0,0,0,1,200,200,7,200,200,200,200
399120,0,30,1,2,0,1,14,5,0,0,0,0,0,1,36,0,0,0,0,200,200
399131,0,30,0,0,0,3,7,5,0,0,0,0,0,0,200,200,200,200,200,200,200
399131,1,30,0,0,0,3,7,5,0,0,0,0,0,0,37,0,200,200,200,200,200
399133,0,30,0,0,200,200,7,6,0,200,200,0,200,2,200,200,200,200,200,200,200
399136,1,30,1,2,0,1,12,2,0,0,0,21,200,1,200,200,200,200,200,200,200