RD_NO,PERSON_TYPE,POSTED_SPEED_LIMIT,TRAFFIC_CONTROL_DEVICE,DEVICE_CONDITION,WEATHER_CONDITION,LIGHTING_CONDITION,FIRST_CRASH_TYPE,TRAFFICWAY_TYPE,ALIGNMENT,ROADWAY_SURFACE_COND,ROAD_DEFECT,PRIM_CONTRIBUTORY_CAUSE,SEC_CONTRIBUTORY_CAUSE,SEX,AGE,SAFETY_EQUIPMENT,DRIVER_ACTION,DRIVER_VISION,PHYSICAL_CONDITION,BAC_RESULT VALUE,CELL_PHONE_USE
399136,0,30,1,2,0,1,12,2,0,0,0,21,200,2,200,200,200,200,200,200,200
399136,0,30,1,2,0,1,12,2,0,0,0,21,200,0,0,0,200,0,0,200,200
399139,0,30,1,2,0,1,14,5,0,0,0,0,0,1,22,200,200,200,0,200,200
399139,0,30,1,2,0,1,14,5,0,0,0,0,0,0,38,200,0,0,0,200,200
399141,0,15,0,0,0,1,2,0,0,0,0,8,200,0,31,200,14,0,0,200,200
399146,0,30,1,200,0,1,10,6,0,0,200,0,0,1,21,0,200,200,200,200,200
399146,0,30,1,200,0,1,10,6,0,0,200,0,0,1,59,0,200,200,200,200,200
399146,0,30,1,200,0,1,10,6,0,0,200,0,0,1,49,0,200,200,200,200,200
399146,1,30,1,200,0,1,10,6,0,0,200,0,0,0,200,200,200,200,200,200,200
399152,0,30,2,2,0,1,12,2,0,0,0,11,11,1,28,200,12,0,0,200,200
399152,0,30,2,2,0,1,12,2,0,0,0,11,11,0,40,200,0,0,0,200,200
399154,0,25,0,0,0,1,0,2,0,0,0,17,200,0,200,200,0,200,200,200,200
399154,0,25,0,0,0,1,0,2,0,0,0,17,200,0,27,0,0,0,0,200,200
399154,1,25,0,0,0,1,0,2,0,0,0,17,200,1,200,200,200,200,200,200,200
399154,1,25,0,0,0,1,0,2,0,0,0,17,200,0,200,200,200,200,200,200,200
399154,1,25,0,0,0,1,0,2,0,0,0,17,200,0,36,0,200,200,200,200,200
399161,0,30,0,0,0,4,7,6,0,0,0,200,200,0,0,200,12,200,0,200,200
399175,0,30,2,2,0,3,10,2,0,0,0,18,200,1,35,0,3,0,0,200,200
399175,0,30,2,2,0,3,10,2,0,0,0,18,200,1,48,0,0,0,0,200,200
399177,0,30,0,0,0,2,10,7,0,0,0,200,200,1,200,200,0,200,200,200,200
399177,0,30,0,0,0,2,10,7,0,0,0,200,200,1,48,0,0,0,0,200,200
399180,0,30,0,0,0,1,10,5,0,0,0,20,200,0,31,200,6,200,200,200,200
399180,0,30,0,0,0,1,10,5,0,0,0,20,200,0,58,0,0,0,0,200,200
399180,1,30,0,0,0,1,10,5,0,0,0,20,200,0,89,0,200,200,200,200,200
399180,1,30,0,0,0,1,10,5,0,0,0,20,200,1,56,0,200,200,200,200,200
399181,0,30,0,0,0,4,12,5,0,0,0,21,11,0,38,0,2,0,0,200,200
399181,0,30,0,0,0,4,12,5,0,0,0,21,11,0,66,0,4,0,0,200,200
399185,0,30,1,2,0,1,10,5,0,0,0,18,16,0,36,200,3,200,200,200,200
399185,0,30,1,2,0,1,10,5,0,0,0,18,16,0,47,200,0,0,0,200,200
399185,1,30,1,2,0,1,10,5,0,0,0,18,16,1,41,200,200,200,200,200,200
399185,1,30,1,2,0,1,10,5,0,0,0,18,16,1,4,200,200,200,200,200,200
399185,1,30,1,2,0,1,10,5,0,0,0,18,16,1,14,200,200,200,200,200,200
399185,1,30,1,2,0,1,10,5,0,0,0,18,16,1,200,200,200,200,200,200,200
399185,1,30,1,2,0,1,10,5,0,0,0,18,16,0,12,200,200,200,200,200,200
399185,1,30,1,2,0,1,10,5,0,0,0,18,16,0,6,200,200,200,200,200,200
399192,0,35,0,0,0,1,12,5,0,0,0,21,16,1,28,0,4,0,0,200,200
399192,0,35,0,0,0,1,12,5,0,0,0,21,16,0,19,0,4,0,0,200,200
399192,1,35,0,0,0,1,12,5,0,0,0,21,16,1,200,200,200,200,200,200,200
399202,0,30,0,0,0,4,12,5,0,0,0,200,200,0,200,200,0,200,200,200,200
399202,0,30,0,0,0,4,12,5,0,0,0,200,200,1,26,1,0,0,0,200,200
399202,1,30,0,0,0,4,12,5,0,0,0,200,200,1,200,0,200,200,200,200,200
399202,1,30,0,0,0,4,12,5,0,0,0,200,200,2,200,0,200,200,200,200,200
399203,0,30,1,200,0,1,10,5,0,200,200,18,16,1,30,200,1,200,200,200,200
399203,0,30,1,200,0,1,10,5,0,200,200,18,16,0,53,200,0,0,0,200,200
399205,0,45,0,0,0,3,10,3,0,0,0,21,200,0,43,200,4,0,0,200,200
399205,0,45,0,0,0,3,10,3,0,0,0,21,200,0,72,200,0,0,0,200,200
399209,0,30,1,2,0,1,10,5,0,0,0,18,16,0,57,200,3,0,200,200,200
399209,0,30,1,2,0,1,10,5,0,0,0,18,16,1,61,200,0,0,0,200,200
399209,0,30,1,2,0,1,10,5,0,0,0,18,16,2,200,200,0,200,200,200,200
399212,0,25,0,0,0,1,7,6,0,0,0,0,200,2,200,200,200,200,200,200,200
399218,0,30,0,0,0,1,7,5,0,0,0,0,200,2,200,200,200,200,200,200,200
399223,0,30,0,0,0,1,10,2,0,0,0,18,200,0,73,200,3,0,200,200,200
399223,0,30,0,0,0,1,10,2,0,0,0,18,200,0,44,0,0,0,0,200,200
399225,0,30,1,2,0,3,10,5,0,0,0,18,200,0,30,0,3,0,0,200,200
399225,0,30,1,2,0,3,10,5,0,0,0,18,200,0,72,0,0,0,0,200,200
399225,1,30,1,2,0,3,10,5,0,0,0,18,200,0,57,0,200,200,200,200,200
399231,0,30,2,2,0,1,0,5,0,0,0,17,200,0,200,200,0,200,200,200,200
399231,0,30,2,2,0,1,0,5,0,0,0,17,200,0,200,0,1,0,0,200,200
399233,0,30,0,0,0,1,7,5,0,0,0,200,200,0,200,200,0,200,200,200,200
399233,1,30,0,0,0,1,7,5,0,0,0,200,200,1,200,200,200,200,200,200,200
399236,0,30,2,2,0,3,10,5,0,0,0,18,0,0,22,0,3,0,0,200,200
399236,0,30,2,2,0,3,10,5,0,0,0,18,0,0,41,0,12,0,0,200,200
399236,1,30,2,2,0,3,10,5,0,0,0,18,0,1,44,0,200,200,200,200,200
399236,1,30,2,2,0,3,10,5,0,0,0,18,0,1,18,0,200,200,200,200,200
399240,0,35,12,12,0,3,3,2,0,0,0,200,200,0,200,200,12,200,200,200,200
399240,0,35,12,12,0,3,3,2,0,0,0,200,200,0,27,0,12,0,0,200,200
399240,1,35,12,12,0,3,3,2,0,0,0,200,200,0,200,200,200,200,200,200,200
399240,1,35,12,12,0,3,3,2,0,0,0,200,200,0,200,200,200,200,200,200,200
399240,1,35,12,12,0,3,3,2,0,0,0,200,200,0,200,200,200,200,200,200,200
399240,1,35,12,12,0,3,3,2,0,0,0,200,200,0,200,0,200,200,200,200,200
399244,0,30,200,200,200,4,7,5,2,200,200,200,0,0,54,200,200,200,200,200,200
399247,0,30,0,0,0,3,7,7,0,0,0,25,200,1,50,0,13,0,0,200,200
399253,0,5,0,0,0,1,7,0,0,0,0,0,200,2,200,200,200,200,200,200,200
399257,0,30,0,0,0,4,0,6,0,0,3,17,0,1,28,0,1,0,0,200,200
399257,0,30,0,0,0,4,0,6,0,0,3,17,0,1,29,0,0,0,0,200,200
399257,1,30,0,0,0,4,0,6,0,0,3,17,0,0,28,0,200,200,200,200,200
399257,1,30,0,0,0,4,0,6,0,0,3,17,0,1,200,0,200,200,200,200,200
399257,1,30,0,0,0,4,0,6,0,0,3,17,0,1,200,0,200,200,200,200,200
399264,0,20,0,0,0,3,10,5,0,0,0,20,200,0,22,200,6,200,200,200,200
399264,0,20,0,0,0,3,10,5,0,0,0,20,200,0,27,200,12,200,0,200,200
399269,0,30,2,2,0,1,0,5,0,0,0,0,0,0,49,0,200,0,0,200,200
399269,0,30,2,2,0,1,0,5,0,0,0,0,0,1,28,0,200,0,0,200,200
399269,1,30,2,2,0,1,0,5,0,0,0,0,0,0,8,0,200,200,200,200,200
399269,1,30,2,2,0,1,0,5,0,0,0,0,0,1,2,0,200,200,200,200,200
399269,1,30,2,2,0,1,0,5,0,0,0,0,0,0,2,0,200,200,200,200,200
399270,0,30,0,0,0,1,12,5,0,0,0,0,0,1,43,0,12,0,0,200,200
399270,0,30,0,0,0,1,12,5,0,0,0,0,0,0,54,0,12,0,0,200,200
399271,0,15,0,0,200,1,0,7,0,0,0,17,17,1,20,200,6,200,200,200,200
399271,0,15,0,0,200,1,0,7,0,0,0,17,17,1,21,200,12,0,200,200,200
399275,0,15,0,0,0,3,10,7,0,0,0,18,200,1,58,0,0,0,0,200,200
399275,0,15,0,0,0,3,10,7,0,0,0,18,200,1,32,0,8,0,0,200,200
399275,1,15,0,0,0,3,10,7,0,0,0,18,200,0,200,0,200,200,200,200,200
399275,1,15,0,0,0,3,10,7,0,0,0,18,200,0,200,0,200,200,200,200,200
399275,1,15,0,0,0,3,10,7,0,0,0,18,200,0,200,0,200,200,200,200,200
399275,1,15,0,0,0,3,10,7,0,0,0,18,200,1,200,0,200,200,200,200,200
399275,1,15,0,0,0,3,10,7,0,0,0,18,200,1,200,0,200,200,200,200,200
399280,0,30,1,2,0,3,14,5,0,0,0,0,0,1,45,200,12,0,0,200,200
399280,0,30,1,2,0,3,14,5,0,0,0,0,0,1,30,200,12,0,0,200,200
399282,0,30,0,0,0,3,10,5,0,0,0,18,0,0,54,200,3,0,0,200,200
399282,0,30,0,0,0,3,10,5,0,0,0,18,0,1,34,200,0,0,0,200,200
399283,0,30,0,0,5,3,7,5,2,0,200,25,0,2,200,200,200,200,200,200,200
399288,0,30,0,0,0,0,10,5,0,0,0,18,200,0,200,200,3,200,200,200,200
399288,0,30,0,0,0,0,10,5,0,0,0,18,200,0,41,200,0,0,0,200,200
399288,1,30,0,0,0,0,10,5,0,0,0,18,200,0,16,0,200,200,200,200,200
399288,1,30,0,0,0,0,10,5,0,0,0,18,200,200,200,200,200,200,200,200,200
399295,0,15,0,0,0,0,7,6,0,0,0,0,200,2,200,200,200,200,200,200,200
399299,0,30,1,2,0,3,10,5,0,0,0,0,0,0,38,0,3,0,0,200,200
399299,0,30,1,2,0,3,10,5,0,0,0,0,0,0,24,0,0,0,0,200,200
399300,0,30,0,0,0,3,7,5,0,0,200,0,200,2,200,200,200,200,200,200,200
399301,0,30,1,2,0,3,10,2,0,0,0,18,14,0,200,200,3,200,200,200,200
399301,0,30,1,2,0,3,10,2,0,0,0,18,14,0,41,200,0,0,0,200,200
399301,1,30,1,2,0,3,10,2,0,0,0,18,14,0,41,200,200,200,200,200,200
399301,1,30,1,2,0,3,10,2,0,0,0,18,14,1,15,200,200,200,200,200,200
399306,0,30,0,0,0,3,7,6,0,0,0,20,200,0,200,200,6,200,200,200,200
399308,0,30,1,2,0,3,10,5,0,200,200,0,200,1,200,200,200,200,200,200,200
399308,0,30,1,2,0,3,10,5,0,200,200,0,200,0,50,0,0,0,0,200,200
399308,1,30,1,2,0,3,10,5,0,200,200,0,200,1,200,200,200,200,200,200,200
399308,1,30,1,2,0,3,10,5,0,200,200,0,200,1,200,200,200,200,200,200,200
399313,0,30,1,2,0,3,12,2,0,0,0,18,22,0,200,200,2,200,200,200,200
399313,0,30,1,2,0,3,12,2,0,0,0,18,22,1,34,0,12,0,0,200,200
399314,0,30,0,0,0,3,7,5,0,0,0,14,7,1,200,200,8,200,200,200,0
399318,0,30,1,2,0,3,0,2,0,0,0,6,16,0,64,200,5,200,200,200,200
399318,0,30,1,2,0,3,0,2,0,0,0,6,16,2,200,200,200,200,200,200,200
399318,0,30,1,2,0,3,0,2,0,0,0,6,16,0,39,0,0,0,0,200,200
399324,0,30,200,200,0,4,12,5,0,0,0,0,0,0,200,200,200,200,200,200,200
399324,0,30,200,200,0,4,12,5,0,0,0,0,0,0,200,200,200,0,0,200,200
399324,1,30,200,200,0,4,12,5,0,0,0,0,0,0,41,200,200,200,200,200,200
399326,0,30,1,2,0,3,14,5,0,0,0,23,21,0,55,200,0,0,0,200,200
399326,0,30,1,2,0,3,14,5,0,0,0,23,21,0,52,7,0,0,0,200,200
399330,0,30,1,200,0,3,10,5,0,0,0,18,16,0,200,200,200,200,200,200,200
399330,0,30,1,200,0,3,10,5,0,0,0,18,16,0,25,200,12,200,0,200,200
399335,0,30,0,0,0,3,0,5,0,0,0,16,0,0,200,200,1,200,0,200,200
399335,0,30,0,0,0,3,0,5,0,0,0,16,0,0,24,0,0,0,0,200,200
399355,0,30,0,0,0,3,7,5,0,0,0,22,22,0,44,0,4,0,0,200,200
399356,0,20,1,2,0,200,7,7,0,0,0,25,11,2,200,200,200,200,200,200,200
399363,0,30,1,2,0,3,10,5,0,0,0,0,0,0,27,200,200,200,200,200,200
399363,0,30,1,2,0,3,10,5,0,0,0,0,0,0,33,0,0,0,0,200,200
399367,0,5,0,0,0,1,11,7,0,0,0,0,200,0,49,0,0,200,200,200,200
399367,0,5,0,0,0,1,11,7,0,0,0,0,200,0,48,0,0,200,0,200,200
399367,1,5,0,0,0,1,11,7,0,0,0,0,200,1,42,0,200,200,200,200,200
399367,1,5,0,0,0,1,11,7,0,0,0,0,200,0,17,5,200,200,200,200,200
399367,1,5,0,0,0,1,11,7,0,0,0,0,200,1,2,5,200,200,200,200,200
399367,1,5,0,0,0,1,11,7,0,0,0,0,200,0,12,5,200,200,200,200,200
399371,0,30,200,200,0,4,12,5,0,0,200,0,200,0,21,200,4,200,200,200,200
399371,0,30,200,200,0,4,12,5,0,0,200,0,200,0,32,0,200,200,1,200,200
399373,0,35,2,2,0,3,14,5,0,0,0,17,200,0,33,200,1,0,0,200,200
399373,0,35,2,2,0,3,14,5,0,0,0,17,200,1,54,0,0,0,0,200,200
399373,1,35,2,2,0,3,14,5,0,0,0,17,200,1,36,0,200,200,200,200,200
399375,0,30,1,2,0,3,10,6,0,0,0,18,200,0,200,200,3,200,200,200,200
399375,0,30,1,2,0,3,10,6,0,0,0,18,200,0,33,0,0,0,0,200,200
399383,0,35,1,2,0,3,14,5,0,0,200,23,0,0,20,200,7,0,0,200,200
399383,0,35,1,2,0,3,14,5,0,0,200,23,0,1,24,200,0,0,0,200,200
399383,1,35,1,2,0,3,14,5,0,0,200,23,0,0,24,200,200,200,200,200,200
399383,1,35,1,2,0,3,14,5,0,0,200,23,0,1,200,200,200,200,200,200,200
399383,1,35,1,2,0,3,14,5,0,0,200,23,0,1,200,200,200,200,200,200,200
399383,1,35,1,2,0,3,14,5,0,0,200,23,0,0,20,200,200,200,200,200,200
399385,0,30,0,0,0,3,12,200,0,0,200,10,0,0,46,0,0,200,0,200,200
399385,0,30,0,0,0,3,12,200,0,0,200,10,0,0,200,200,4,200,200,200,200
399392,0,15,1,2,0,1,0,5,0,0,0,200,200,0,0,0,0,0,0,200,200
399392,0,15,1,2,0,1,0,5,0,0,0,200,200,1,31,200,0,0,0,200,200
399397,0,30,1,2,0,3,10,5,0,0,0,16,200,0,200,200,200,200,200,200,200
399397,0,30,1,2,0,3,10,5,0,0,0,16,200,0,31,0,0,0,0,200,200
399397,1,30,1,2,0,3,10,5,0,0,0,16,200,1,55,0,200,200,200,200,200
399399,0,30,0,0,0,3,12,5,0,0,0,0,0,0,22,200,0,200,0,200,200
399399,0,30,0,0,0,3,12,5,0,0,0,0,0,0,41,200,0,0,0,200,200
399403,4,30,0,0,0,3,8,5,0,0,0,23,21,0,200,200,7,200,200,200,200
399403,0,30,0,0,0,3,8,5,0,0,0,23,21,1,24,200,0,0,0,200,200
399410,0,30,0,0,0,3,7,6,0,0,0,32,200,0,32,200,200,200,5,0.17,200
399414,0,30,1,2,0,3,14,6,0,0,0,0,0,1,18,200,200,0,0,200,200
399414,0,30,1,2,0,3,14,6,0,0,0,0,0,0,43,200,200,0,0,200,200
399415,0,30,0,0,0,3,10,3,0,0,12,18,200,0,200,200,3,200,200,200,200
399415,0,30,0,0,0,3,10,3,0,0,12,18,200,2,200,200,0,200,200,200,200
399415,0,30,0,0,0,3,10,3,0,0,12,18,200,0,25,0,0,0,0,200,200
399420,0,25,3,0,0,3,14,6,0,0,0,25,21,2,200,200,9,200,200,200,200
399420,0,25,3,0,0,3,14,6,0,0,0,25,21,0,42,0,0,0,0,200,200
399426,0,30,0,0,0,3,12,5,0,0,0,0,200,1,24,0,4,200,0,200,200
399426,0,30,0,0,0,3,12,5,0,0,0,0,200,1,34,0,0,0,0,200,200
399432,0,30,0,0,0,0,12,5,0,0,0,21,200,0,200,200,4,200,200,200,200
399432,0,30,0,0,0,0,12,5,0,0,0,21,200,1,17,0,0,0,0,200,200
399447,0,30,2,0,0,200,0,200,0,0,200,5,16,1,200,200,5,200,200,200,200
399447,0,30,2,0,0,200,0,200,0,0,200,5,16,0,21,0,0,0,0,200,200
399447,1,30,2,0,0,200,0,200,0,0,200,5,16,200,200,0,200,200,200,200,200
399449,0,30,2,2,0,1,14,2,0,0,2,23,25,0,16,200,7,200,200,200,200
399449,0,30,2,2,0,1,14,2,0,0,2,23,25,0,38,200,200,0,200,200,200
399452,0,30,2,2,0,3,0,5,0,0,0,17,200,1,22,7,1,0,0,200,200
399452,0,30,2,2,0,3,0,5,0,0,0,17,200,1,22,7,0,0,0,200,200
399452,1,30,2,2,0,3,0,5,0,0,0,17,200,0,19,7,200,200,200,200,200
399454,0,30,1,2,0,3,10,1,0,0,200,0,0,0,200,200,200,200,200,200,200
399454,0,30,1,2,0,3,10,1,0,0,200,0,0,0,39,200,12,0,200,200,200
399454,1,30,1,2,0,3,10,1,0,0,200,0,0,2,200,200,200,200,200,200,200
399461,0,35,1,2,0,3,14,6,0,0,0,23,0,1,39,0,4,200,0,200,200
399461,0,35,1,2,0,3,14,6,0,0,0,23,0,1,24,0,200,200,0,200,200
399466,0,30,0,0,0,3,7,6,0,0,0,0,0,2,200,200,200,200,200,200,200
399475,0,30,2,2,0,3,0,5,0,0,0,17,16,2,200,200,1,200,200,200,200
399475,0,30,2,2,0,3,0,5,0,0,0,17,16,1,29,200,0,0,0,200,200
399477,0,35,1,2,0,3,0,5,0,0,0,6,200,1,200,200,5,200,200,200,200
399477,0,35,1,2,0,3,0,5,0,0,0,6,200,0,55,0,0,0,0,200,200
399477,1,35,1,2,0,3,0,5,0,0,0,6,200,200,200,200,200,200,200,200,200
399477,1,35,1,2,0,3,0,5,0,0,0,6,200,200,200,200,200,200,200,200,200
399477,1,35,1,2,0,3,0,5,0,0,0,6,200,200,200,200,200,200,200,200,200
399478,0,30,0,0,0,3,12,5,0,0,0,17,18,0,42,200,1,200,0,200,200
399478,0,30,0,0,0,3,12,5,0,0,0,17,18,1,47,200,1,200,0,200,200
399478,0,30,0,0,0,3,12,5,0,0,0,17,18,1,43,200,0,200,0,200,200
399478,1,30,0,0,0,3,12,5,0,0,0,17,18,0,31,200,200,200,200,200,200
399478,1,30,0,0,0,3,12,5,0,0,0,17,18,0,31,200,200,200,200,200,200
399478,1,30,0,0,0,3,12,5,0,0,0,17,18,1,30,200,200,200,200,200,200
399478,1,30,0,0,0,3,12,5,0,0,0,17,18,1,28,200,200,200,200,200,200
399481,0,30,1,2,0,3,14,2,0,0,0,17,17,1,17,0,1,0,0,200,200
399481,0,30,1,2,0,3,14,2,0,0,0,17,17,0,58,0,0,0,0,200,200
399481,1,30,1,2,0,3,14,2,0,0,0,17,17,200,200,0,200,200,200,200,200
399481,1,30,1,2,0,3,14,2,0,0,0,17,17,200,200,0,200,200,200,200,200
399481,1,30,1,2,0,3,14,2,0,0,0,17,17,200,200,0,200,200,200,200,200
399481,1,30,1,2,0,3,14,2,0,0,0,17,17,200,200,0,200,200,200,200,200
399481,1,30,1,2,0,3,14,2,0,0,0,17,17,200,200,0,200,200,200,200,200
399482,0,30,0,0,0,3,2,6,0,0,0,11,200,1,200,200,200,200,200,200,200
399482,1,30,0,0,0,3,2,6,0,0,0,11,200,0,39,200,200,200,200,200,200
399486,0,30,0,0,0,3,2,200,0,0,200,0,0,2,200,200,200,200,200,200,200
399488,0,30,2,0,0,0,0,5,0,0,0,17,0,0,58,0,1,200,0,200,200
399488,0,30,2,0,0,0,0,5,0,0,0,17,0,1,30,200,12,0,0,200,200
399488,1,30,2,0,0,0,0,5,0,0,0,17,0,0,30,200,200,200,200,200,200
399490,0,35,1,2,0,3,10,5,0,0,0,18,27,0,200,200,3,200,200,200,200
399490,0,35,1,2,0,3,10,5,0,0,0,18,27,0,43,0,0,0,0,200,200
399491,0,30,0,200,0,0,5,5,0,0,0,0,200,0,200,200,200,200,200,200,200
399493,0,30,1,2,0,3,12,6,0,0,0,22,16,0,30,0,4,0,0,200,200
399493,0,30,1,2,0,3,12,6,0,0,0,22,16,0,29,0,0,0,0,200,200
399493,1,30,1,2,0,3,12,6,0,0,0,22,16,0,200,0,200,200,200,200,200
399498,0,30,0,2,0,0,12,2,0,0,0,20,0,0,200,200,200,200,200,200,200
399498,0,30,0,2,0,0,12,2,0,0,0,20,0,0,27,200,200,0,0,200,200
399500,0,15,0,0,0,200,0,7,0,200,200,17,0,1,200,200,1,200,200,200,200
399500,0,15,0,0,0,200,0,7,0,200,200,17,0,0,57,200,0,200,0,200,200
399503,0,30,0,0,0,3,12,5,0,0,0,17,200,0,34,200,200,200,200,200,200
399503,0,30,0,0,0,3,12,5,0,0,0,17,200,1,59,200,200,200,200,200,200
399506,0,30,0,0,0,3,7,5,0,0,0,0,200,0,200,200,200,200,200,200,200
399510,0,30,1,2,0,3,10,2,0,0,200,0,200,1,200,200,200,200,200,200,200
399510,0,30,1,2,0,3,10,2,0,0,200,0,200,1,27,0,12,0,12,200,200
399510,1,30,1,2,0,3,10,2,0,0,200,0,200,1,200,200,200,200,200,200,200
399510,1,30,1,2,0,3,10,2,0,0,200,0,200,1,64,0,200,200,200,200,200
399519,0,35,0,0,0,3,7,5,0,0,0,0,11,1,36,200,200,200,0,200,200
399522,0,20,0,0,0,3,7,6,0,0,3,0,11,2,200,200,200,200,200,200,200
399523,0,30,0,0,0,0,10,2,0,0,200,18,18,1,0,0,3,0,0,200,200
399523,0,30,0,0,0,0,10,2,0,0,200,18,18,1,28,0,12,0,0,200,200
399523,1,30,0,0,0,0,10,2,0,0,200,18,18,1,41,0,200,200,200,200,200
399523,1,30,0,0,0,0,10,2,0,0,200,18,18,1,37,0,200,200,200,200,200
399533,0,30,1,2,0,3,14,5,0,0,0,23,200,1,25,0,7,200,0,200,200
399533,0,30,1,2,0,3,14,5,0,0,0,23,200,0,27,0,0,0,0,200,200
399533,1,30,1,2,0,3,14,5,0,0,0,23,200,0,25,0,200,200,200,200,200
399534,0,30,0,0,0,3,2,5,0,0,0,0,0,2,200,200,200,200,200,200,200
399546,0,35,200,200,0,0,12,5,0,0,0,22,32,0,29,200,2,200,5,200,200
399546,0,35,200,200,0,0,12,5,0,0,0,22,32,0,49,200,0,0,0,200,200
399550,0,35,0,0,0,3,2,3,0,0,0,0,200,2,200,200,200,200,200,200,200
399553,0,30,0,0,0,3,9,5,0,0,0,10,200,2,200,200,9,200,7,200,200
399553,5,30,0,0,0,3,9,5,0,0,0,10,200,1,55,7,0,0,3,200,200
399566,0,30,0,0,0,3,11,5,0,0,0,0,0,2,200,200,200,200,200,200,200
399566,0,30,0,0,0,3,11,5,0,0,0,0,0,0,45,0,0,0,0,200,200
399570,0,30,1,2,0,3,14,5,0,0,0,6,0,1,200,200,5,200,200,200,200
399570,0,30,1,2,0,3,14,5,0,0,0,6,0,1,20,0,0,0,0,200,200
399572,0,30,0,0,0,3,2,3,2,0,0,27,0,1,18,0,12,0,2,200,200
399572,1,30,0,0,0,3,2,3,2,0,0,27,0,0,22,0,200,200,200,200,200
399573,0,30,1,2,0,3,12,2,0,0,0,17,17,0,200,200,2,200,200,200,200
399573,0,30,1,2,0,3,12,2,0,0,0,17,17,1,36,0,0,0,0,200,200
399573,1,30,1,2,0,3,12,2,0,0,0,17,17,0,35,0,200,200,200,200,200
399575,0,30,0,0,0,3,7,5,0,0,0,20,200,0,200,200,6,200,200,200,200
399575,1,30,0,0,0,3,7,5,0,0,0,20,200,0,43,200,200,200,200,200,200
399576,0,30,1,2,0,3,12,5,0,0,0,17,17,0,19,200,1,0,0,200,200
399576,0,30,1,2,0,3,12,5,0,0,0,17,17,1,32,0,12,0,0,200,200
399577,0,30,1,12,0,3,10,6,0,0,0,18,0,0,37,0,3,200,0,200,200
399577,0,30,1,12,0,3,10,6,0,0,0,18,0,1,64,0,0,0,0,200,200
399577,1,30,1,12,0,3,10,6,0,0,0,18,0,0,43,0,200,200,200,200,200
399577,1,30,1,12,0,3,10,6,0,0,0,18,0,1,49,0,200,200,200,200,200
399597,0,30,0,0,0,3,7,6,0,0,0,7,200,1,37,0,12,200,0,200,200
399597,1,30,0,0,0,3,7,6,0,0,0,7,200,0,35,0,200,200,200,200,200
399604,0,30,0,0,0,3,7,5,0,0,0,0,0,2,200,200,200,200,200,200,200
399609,0,40,0,0,0,3,12,3,0,0,0,22,0,2,200,200,200,200,200,200,200
399609,0,40,0,0,0,3,12,3,0,0,0,22,0,0,38,200,200,200,200,200,200
399615,0,25,0,0,0,0,7,5,0,0,0,0,0,2,200,200,200,200,200,200,200
399615,1,25,0,0,0,0,7,5,0,0,0,0,0,200,200,7,200,200,200,200,200
399616,0,30,0,0,0,3,12,5,0,0,0,0,0,0,66,0,4,0,0,200,200
399616,0,30,0,0,0,3,12,5,0,0,0,0,0,0,24,0,0,0,0,200,200
399620,0,25,0,2,0,0,7,3,0,0,0,0,0,0,200,200,200,200,200,200,200
399621,0,10,0,0,0,3,9,7,0,0,0,12,11,0,64,200,12,12,0,200,200
399621,5,10,0,0,0,3,9,7,0,0,0,12,11,1,29,200,200,200,200,200,200
399621,5,10,0,0,0,3,9,7,0,0,0,12,11,0,30,200,200,200,200,200,200
399621,5,10,0,0,0,3,9,7,0,0,0,12,11,1,22,200,200,200,200,200,200
399621,5,10,0,0,0,3,9,7,0,0,0,12,11,0,23,200,200,200,200,200,200
399623,0,30,0,0,0,3,3,5,0,0,0,32,0,0,56,0,9,0,3,200,200
399623,0,30,0,0,0,3,3,5,0,0,0,32,0,1,29,0,0,0,0,200,200
399623,1,30,0,0,0,3,3,5,0,0,0,32,0,0,200,0,200,200,200,200,200
399632,0,30,1,2,0,3,12,12,0,0,0,21,21,1,24,200,12,200,200,200,200
399632,0,30,1,2,0,3,12,12,0,0,0,21,21,0,23,200,12,0,0,200,200
399632,1,30,1,2,0,3,12,12,0,0,0,21,21,0,200,200,200,200,200,200,200
399632,1,30,1,2,0,3,12,12,0,0,0,21,21,0,200,200,200,200,200,200,200
399633,0,30,0,0,0,3,7,5,0,0,0,16,200,0,200,200,200,200,200,200,200
399634,0,30,1,2,0,3,8,5,0,0,0,17,200,0,23,0,1,200,0,200,200
399634,4,30,1,2,0,3,8,5,0,0,0,17,200,0,23,200,0,0,0,200,200
399635,0,25,1,200,0,3,14,2,0,0,0,3,16,0,21,200,1,0,0,200,200
399635,0,25,1,200,0,3,14,2,0,0,0,3,16,0,34,0,0,0,0,200,200
399637,0,30,0,0,0,3,2,6,0,0,0,0,200,1,31,200,200,200,0,200,200
399637,1,30,0,0,0,3,2,6,0,0,0,0,200,0,28,200,200,200,200,200,200
399651,0,30,0,0,0,0,12,5,0,0,0,21,200,0,66,200,4,200,0,200,200