RD_NO,PERSON_TYPE,POSTED_SPEED_LIMIT,TRAFFIC_CONTROL_DEVICE,DEVICE_CONDITION,WEATHER_CONDITION,LIGHTING_CONDITION,FIRST_CRASH_TYPE,TRAFFICWAY_TYPE,ALIGNMENT,ROADWAY_SURFACE_COND,ROAD_DEFECT,PRIM_CONTRIBUTORY_CAUSE,SEC_CONTRIBUTORY_CAUSE,SEX,AGE,SAFETY_EQUIPMENT,DRIVER_ACTION,DRIVER_VISION,PHYSICAL_CONDITION,BAC_RESULT VALUE,CELL_PHONE_USE
399651,0,30,0,0,0,0,12,5,0,0,0,21,200,0,24,200,0,200,200,200,200
399653,0,30,0,0,0,3,7,6,0,0,0,0,0,2,200,200,200,200,200,200,200
399657,0,30,0,0,0,3,7,6,0,0,0,19,14,0,200,200,200,200,3,200,200
399657,1,30,0,0,0,3,7,6,0,0,0,19,14,1,23,200,200,200,200,200,200
399659,0,30,0,0,0,3,7,5,0,200,200,0,200,2,200,200,200,200,200,200,200
399660,0,35,0,0,0,3,9,5,0,0,0,25,0,0,200,200,12,0,0,200,200
399660,5,35,0,0,0,3,9,5,0,0,0,25,0,0,45,7,0,0,0,200,200
399664,0,30,0,0,0,0,7,5,0,0,0,16,0,2,200,200,200,200,200,200,200
399664,1,30,0,0,0,0,7,5,0,0,0,16,0,2,200,200,200,200,200,200,200
399665,0,30,3,2,0,3,12,5,0,0,0,7,7,0,46,1,12,12,0,200,200
399665,0,30,3,2,0,3,12,5,0,0,0,7,7,1,26,200,12,0,0,200,200
399671,0,20,0,0,2,2,7,200,0,0,0,11,15,1,48,7,200,0,200,200,200
399681,0,30,0,0,0,3,7,5,0,0,0,7,7,0,32,0,200,0,0,200,200
399686,0,30,1,2,0,3,0,2,0,0,0,0,0,0,48,0,200,0,0,200,200
399686,0,30,1,2,0,3,0,2,0,0,0,0,0,0,31,0,0,0,0,200,200
399696,0,30,2,2,0,2,7,6,0,0,0,7,200,0,23,0,12,0,0,200,200
399696,1,30,2,2,0,2,7,6,0,0,0,7,200,0,200,0,200,200,200,200,200
399707,0,30,0,0,0,2,5,5,0,0,0,0,0,0,37,200,12,200,200,200,200
399707,1,30,0,0,0,2,5,5,0,0,0,0,0,1,38,200,200,200,200,200,200
399710,0,30,1,2,0,2,10,2,0,0,0,0,0,0,200,200,1,200,200,200,200
399710,0,30,1,2,0,2,10,2,0,0,0,0,0,0,200,200,0,0,0,200,200
399713,0,30,0,0,0,3,2,3,0,0,0,0,0,1,25,200,200,200,200,200,200
399714,0,30,0,0,0,200,2,2,0,0,0,0,200,2,200,200,200,200,200,200,200
399721,0,35,0,0,200,200,7,5,0,0,0,0,0,2,200,200,200,200,200,200,200
399723,0,30,0,0,0,200,7,5,0,0,0,21,17,2,200,200,1,200,200,200,200
399729,0,30,0,0,0,2,7,5,0,0,0,0,0,0,200,200,200,200,200,200,200
399744,0,0,0,0,0,2,11,7,0,0,0,33,17,0,51,200,1,200,0,200,200
399744,0,0,0,0,0,2,11,7,0,0,0,33,17,0,57,200,0,200,0,200,200
399758,0,30,0,0,0,200,7,6,0,0,0,0,0,1,200,200,1,200,200,200,200
399760,0,30,0,0,0,1,2,5,0,0,0,0,0,2,200,200,200,200,200,200,200
399762,0,30,0,0,0,1,7,6,0,0,0,0,200,2,200,200,12,200,200,200,200
399762,1,30,0,0,0,1,7,6,0,0,0,0,200,0,17,200,200,200,200,200,200
399769,0,25,0,0,0,1,7,5,0,0,0,27,16,0,36,200,12,0,2,200,200
399782,0,30,0,0,0,1,2,5,0,0,0,0,0,0,200,200,200,200,200,200,200
399786,0,30,0,0,0,1,8,5,0,0,0,0,0,0,200,200,200,200,200,200,200
399786,4,30,0,0,0,1,8,5,0,0,0,0,0,0,200,200,200,200,200,200,200
399788,0,30,1,2,0,3,10,2,0,0,0,0,0,0,200,200,200,200,200,200,200
399788,0,30,1,2,0,3,10,2,0,0,0,0,0,1,52,0,0,0,0,200,200
399804,0,55,0,0,0,1,5,3,1,0,0,200,200,0,27,0,0,0,0,200,200
399804,1,55,0,0,0,1,5,3,1,0,0,200,200,1,22,0,200,200,200,200,200
399816,0,30,1,2,0,1,0,3,0,0,0,6,6,0,200,200,1,200,200,200,200
399816,0,30,1,2,0,1,0,3,0,0,0,6,6,0,26,0,0,0,0,200,200
399836,0,10,0,0,0,1,7,7,0,0,0,20,200,1,200,200,6,200,200,200,200
399838,0,30,0,0,0,1,14,5,0,0,0,23,23,1,54,0,7,0,0,200,200
399838,0,30,0,0,0,1,14,5,0,0,0,23,23,0,27,0,0,0,0,200,200
399843,0,30,0,0,0,1,2,5,0,0,0,8,200,1,91,0,12,0,0,200,200
399845,0,30,0,0,0,1,7,5,0,0,2,21,11,1,54,0,6,200,0,200,200
399847,0,30,1,2,0,1,10,5,0,0,0,0,0,0,26,0,0,0,0,200,200
399847,0,30,1,2,0,1,10,5,0,0,0,0,0,0,64,0,0,0,0,200,200
399847,1,30,1,2,0,1,10,5,0,0,0,0,0,0,56,0,200,200,200,200,200
399851,0,30,0,0,0,0,7,5,0,0,0,0,0,2,200,200,200,200,200,200,200
399863,0,30,2,2,0,1,10,5,2,0,0,16,200,0,200,200,200,200,200,200,200
399863,0,30,2,2,0,1,10,5,2,0,0,16,200,1,57,0,0,0,0,200,200
399869,0,30,2,2,0,1,10,5,0,0,0,18,0,0,200,200,3,200,200,200,200
399869,0,30,2,2,0,1,10,5,0,0,0,18,0,0,51,0,0,0,0,200,200
399869,1,30,2,2,0,1,10,5,0,0,0,18,0,1,200,0,200,200,200,200,200
399885,0,30,0,0,0,1,10,5,0,0,0,18,0,0,31,0,3,0,0,200,200
399885,0,30,0,0,0,1,10,5,0,0,0,18,0,0,33,0,0,0,0,200,200
399893,0,30,1,2,0,1,12,6,0,0,0,0,0,2,200,200,200,200,200,200,200
399893,0,30,1,2,0,1,12,6,0,0,0,0,0,1,62,0,200,0,0,200,200
399896,0,25,0,0,0,1,7,7,0,0,0,15,16,2,200,200,8,200,200,200,200
399899,0,25,0,0,200,200,7,6,0,200,200,0,0,2,200,200,200,200,200,200,200
399900,0,30,0,0,0,1,12,5,0,0,0,0,200,0,25,200,200,0,0,200,200
399900,0,30,0,0,0,1,12,5,0,0,0,0,200,1,58,0,4,0,0,200,200
399900,1,30,0,0,0,1,12,5,0,0,0,0,200,1,200,200,200,200,200,200,200
399900,1,30,0,0,0,1,12,5,0,0,0,0,200,0,200,200,200,200,200,200,200
399924,0,30,0,0,0,1,12,5,0,0,0,0,200,1,43,0,1,0,0,200,200
399924,0,30,0,0,0,1,12,5,0,0,0,0,200,1,26,0,0,0,0,200,200
399930,0,25,0,0,0,1,7,6,0,0,0,0,200,2,200,200,200,200,200,200,200
399935,0,30,0,0,0,1,10,6,0,0,0,18,200,0,21,200,3,200,200,200,200
399935,0,30,0,0,0,1,10,6,0,0,0,18,200,0,57,0,0,0,0,200,200
399942,0,15,0,0,0,1,10,7,0,0,0,20,17,1,55,200,6,200,0,200,200
399942,0,15,0,0,0,1,10,7,0,0,0,20,17,0,29,200,0,0,0,200,200
399947,0,30,0,0,0,200,7,6,0,0,0,0,200,2,200,200,200,200,200,200,200
399955,0,30,0,0,0,1,12,5,0,0,0,17,20,0,29,200,1,200,200,200,200
399955,0,30,0,0,0,1,12,5,0,0,0,17,20,1,26,0,0,0,0,200,200
399955,1,30,0,0,0,1,12,5,0,0,0,17,20,0,200,200,200,200,200,200,200
399961,0,25,0,0,0,200,7,5,0,0,200,0,0,2,200,200,200,200,200,200,200
399962,0,30,0,0,0,1,10,5,0,0,200,18,0,0,23,0,200,200,200,200,200
399962,0,30,0,0,0,1,10,5,0,0,200,18,0,1,29,0,200,200,0,200,200
399964,0,30,1,2,0,1,14,2,0,0,0,0,0,2,200,200,200,200,200,200,200
399964,0,30,1,2,0,1,14,2,0,0,0,0,0,0,63,0,0,0,0,200,200
399970,0,30,1,2,0,1,10,5,0,0,0,7,200,0,57,0,3,0,0,200,200
399970,0,30,1,2,0,1,10,5,0,0,0,7,200,0,23,7,0,0,0,200,200
399970,1,30,1,2,0,1,10,5,0,0,0,7,200,0,200,0,200,200,200,200,200
399971,0,15,0,0,0,1,7,0,0,0,0,23,0,1,27,200,10,0,0,200,200
399974,0,30,1,2,0,1,10,5,0,0,0,11,0,0,20,200,3,200,200,200,200
399974,0,30,1,2,0,1,10,5,0,0,0,11,0,0,52,0,0,0,0,200,200
399974,1,30,1,2,0,1,10,5,0,0,0,11,0,1,200,0,200,200,200,200,200
399974,1,30,1,2,0,1,10,5,0,0,0,11,0,1,200,0,200,200,200,200,200
399976,0,30,200,200,200,200,7,5,0,200,0,200,200,2,200,200,200,200,200,200,200
399978,0,30,1,2,0,1,9,5,0,0,0,11,0,0,30,0,1,0,0,200,200
399978,5,30,1,2,0,1,9,5,0,0,0,11,0,1,66,7,12,0,0,200,200
399982,0,15,0,0,0,1,7,7,0,200,200,0,0,1,200,200,200,200,200,200,200
399993,0,30,0,0,0,1,12,5,0,0,0,17,200,1,60,0,1,200,0,200,200
399993,0,30,0,0,0,1,12,5,0,0,0,17,200,1,70,0,0,0,0,200,200
399996,0,25,1,2,0,1,8,5,0,0,0,17,17,0,75,0,1,0,0,200,200
399996,4,25,1,2,0,1,8,5,0,0,0,17,17,0,73,7,0,0,0,200,200
399999,0,30,0,0,0,3,7,5,0,0,0,0,200,2,200,200,200,200,200,200,200
400005,0,30,0,0,0,1,12,5,0,0,0,17,0,0,200,200,1,200,200,200,200
400005,0,30,0,0,0,1,12,5,0,0,0,17,0,0,27,0,0,0,0,200,200
400011,0,30,1,2,0,1,0,5,0,0,0,6,11,1,53,0,5,0,0,200,200
400011,0,30,1,2,0,1,0,5,0,0,0,6,11,1,42,0,0,0,0,200,200
400020,0,30,0,0,0,1,10,5,0,0,0,22,200,1,200,200,2,200,200,200,200
400020,0,30,0,0,0,1,10,5,0,0,0,22,200,1,55,0,0,0,0,200,200
400021,0,30,1,2,0,3,14,2,0,0,0,23,200,2,200,200,7,200,200,200,200
400021,0,30,1,2,0,3,14,2,0,0,0,23,200,1,24,0,0,0,0,200,200
400024,0,25,1,2,0,1,10,2,0,0,0,200,200,0,20,0,12,0,0,200,200
400024,0,25,1,2,0,1,10,2,0,0,0,200,200,1,28,0,12,0,0,200,200
400024,1,25,1,2,0,1,10,2,0,0,0,200,200,0,20,0,200,200,200,200,200
400024,1,25,1,2,0,1,10,2,0,0,0,200,200,0,23,0,200,200,200,200,200
400033,0,15,0,0,0,1,0,0,0,0,0,0,200,0,36,0,6,0,0,200,200
400033,0,15,0,0,0,1,0,0,0,0,0,0,200,1,35,0,0,0,0,200,200
400033,1,15,0,0,0,1,0,0,0,0,0,0,200,0,12,0,200,200,200,200,200
400045,0,30,0,0,0,1,7,5,0,0,0,20,200,0,83,200,6,0,0,200,200
400050,0,30,0,0,0,1,12,5,0,0,0,200,200,0,43,200,12,0,0,200,200
400050,0,30,0,0,0,1,12,5,0,0,0,200,200,0,40,200,0,0,0,200,200
400051,0,25,0,0,0,1,14,5,0,0,0,0,200,1,50,0,200,0,0,200,200
400051,0,25,0,0,0,1,14,5,0,0,0,0,200,1,27,0,200,0,0,200,200
400057,0,45,0,0,0,1,12,3,0,200,200,21,18,1,41,0,4,200,0,200,200
400057,0,45,0,0,0,1,12,3,0,200,200,21,18,0,43,0,12,200,0,200,200
400057,1,45,0,0,0,1,12,3,0,200,200,21,18,1,34,0,200,200,200,200,200
400057,1,45,0,0,0,1,12,3,0,200,200,21,18,1,5,0,200,200,200,200,200
400057,1,45,0,0,0,1,12,3,0,200,200,21,18,1,200,0,200,200,200,200,200
400058,0,30,2,2,0,1,14,5,0,0,0,200,200,0,30,0,0,0,0,200,200
400058,0,30,2,2,0,1,14,5,0,0,0,200,200,0,200,200,0,200,200,200,200
400058,1,30,2,2,0,1,14,5,0,0,0,200,200,0,200,0,200,200,200,200,200
400058,1,30,2,2,0,1,14,5,0,0,0,200,200,0,200,200,200,200,200,200,200
400059,0,5,10,2,0,1,10,7,0,0,0,18,200,0,27,0,3,0,0,200,200
400059,0,5,10,2,0,1,10,7,0,0,0,18,200,1,42,0,0,0,0,200,200
400059,0,5,10,2,0,1,10,7,0,0,0,18,200,0,44,0,0,0,0,200,200
400059,1,5,10,2,0,1,10,7,0,0,0,18,200,1,25,0,200,200,200,200,200
400059,1,5,10,2,0,1,10,7,0,0,0,18,200,1,43,0,200,200,200,200,200
400059,1,5,10,2,0,1,10,7,0,0,0,18,200,1,6,0,200,200,200,200,200
400060,2,40,0,0,0,1,10,3,0,0,0,25,11,0,200,200,7,200,200,200,200
400060,0,40,0,0,0,1,10,3,0,0,0,25,11,0,28,0,0,0,0,200,200
400060,0,40,0,0,0,1,10,3,0,0,0,25,11,2,31,2,0,0,0,200,200
400064,0,30,200,0,0,1,12,6,0,0,0,33,33,1,54,0,1,0,0,200,200
400064,0,30,200,0,0,1,12,6,0,0,0,33,33,0,38,0,12,0,0,200,200
400064,1,30,200,0,0,1,12,6,0,0,0,33,33,1,200,0,200,200,200,200,200
400064,1,30,200,0,0,1,12,6,0,0,0,33,33,1,200,0,200,200,200,200,200
400069,0,30,200,200,200,200,0,200,0,200,200,20,200,1,200,200,6,200,200,200,200
400069,0,30,200,200,200,200,0,200,0,200,200,20,200,1,59,200,200,200,200,200,200
400071,0,30,2,2,0,1,14,5,0,0,0,17,200,1,16,200,1,0,0,200,200
400071,0,30,2,2,0,1,14,5,0,0,0,17,200,1,64,200,200,0,0,200,200
400072,0,35,0,2,0,1,10,3,0,0,0,18,200,0,64,200,3,200,200,200,200
400072,0,35,0,2,0,1,10,3,0,0,0,18,200,1,21,200,0,0,0,200,200
400072,0,35,0,2,0,1,10,3,0,0,0,18,200,1,25,200,0,0,0,200,200
400072,1,35,0,2,0,1,10,3,0,0,0,18,200,1,200,0,200,200,200,200,200
400072,1,35,0,2,0,1,10,3,0,0,0,18,200,200,200,5,200,200,200,200,200
400074,0,30,0,0,0,1,10,2,0,0,0,200,200,1,37,0,0,0,0,200,200
400074,0,30,0,0,0,1,10,2,0,0,0,200,200,0,63,0,0,0,0,200,200
400081,0,30,0,0,0,200,7,6,0,200,200,0,0,2,200,200,200,200,200,200,200
400085,0,15,0,0,0,1,0,5,0,0,0,20,0,0,18,0,6,0,0,200,200
400085,0,15,0,0,0,1,0,5,0,0,0,20,0,0,36,0,0,0,0,200,200
400093,0,30,0,0,0,1,10,2,0,0,0,0,0,0,27,0,12,0,0,200,200
400093,0,30,0,0,0,1,10,2,0,0,0,0,0,0,54,0,0,0,0,200,200
400093,1,30,0,0,0,1,10,2,0,0,0,0,0,1,4,5,200,200,200,200,200
400093,1,30,0,0,0,1,10,2,0,0,0,0,0,0,200,0,200,200,200,200,200
400093,1,30,0,0,0,1,10,2,0,0,0,0,0,1,200,0,200,200,200,200,200
400093,1,30,0,0,0,1,10,2,0,0,0,0,0,0,200,0,200,200,200,200,200
400095,0,30,0,0,0,1,7,5,0,0,0,200,200,2,200,200,0,200,200,200,200
400097,0,20,1,2,0,1,10,5,0,0,0,18,200,0,18,0,3,0,0,200,200
400097,0,20,1,2,0,1,10,5,0,0,0,18,200,1,27,0,0,0,0,200,200
400097,1,20,1,2,0,1,10,5,0,0,0,18,200,0,19,0,200,200,200,200,200
400097,1,20,1,2,0,1,10,5,0,0,0,18,200,0,19,0,200,200,200,200,200
400102,0,30,0,0,0,1,12,5,2,0,0,12,0,0,19,0,200,200,0,200,200
400102,0,30,0,0,0,1,12,5,2,0,0,12,0,1,19,0,0,0,0,200,200
400102,1,30,0,0,0,1,12,5,2,0,0,12,0,0,21,0,200,200,200,200,200
400102,1,30,0,0,0,1,12,5,2,0,0,12,0,0,49,0,200,200,200,200,200
400102,1,30,0,0,0,1,12,5,2,0,0,12,0,0,35,0,200,200,200,200,200
400107,0,30,0,0,0,1,7,2,0,0,0,0,200,0,200,200,200,200,200,200,200
400112,0,30,0,0,0,0,12,6,0,0,0,0,0,1,200,0,200,0,0,200,200
400112,0,30,0,0,0,0,12,6,0,0,0,0,0,1,200,0,200,0,0,200,200
400117,0,30,1,2,0,1,10,5,0,200,0,200,200,1,19,200,200,200,0,200,200
400117,0,30,1,2,0,1,10,5,0,200,0,200,200,0,55,200,200,200,0,200,200
400117,1,30,1,2,0,1,10,5,0,200,0,200,200,1,56,200,200,200,200,200,200
400117,1,30,1,2,0,1,10,5,0,200,0,200,200,1,51,200,200,200,200,200,200
400118,0,30,0,0,0,1,12,2,0,0,0,0,0,0,37,0,200,0,0,200,200
400118,0,30,0,0,0,1,12,2,0,0,0,0,0,0,27,0,0,0,0,200,200
400120,0,30,200,200,200,200,10,5,0,200,200,18,200,0,200,200,3,200,200,200,200
400120,0,30,200,200,200,200,10,5,0,200,200,18,200,1,41,200,200,200,200,200,200
400122,0,30,0,0,0,1,14,0,0,0,0,33,200,0,18,0,1,5,0,200,200
400122,0,30,0,0,0,1,14,0,0,0,0,33,200,0,63,0,0,0,0,200,200
400127,0,30,1,2,0,1,0,2,0,0,0,25,25,0,200,200,12,200,200,200,200
400127,0,30,1,2,0,1,0,2,0,0,0,25,25,1,33,200,0,200,0,200,200
400128,0,25,0,0,0,1,7,5,0,0,0,0,200,2,200,200,200,200,200,200,200
400135,0,30,0,0,0,1,12,5,0,0,0,17,22,0,200,200,2,200,200,200,200
400135,0,30,0,0,0,1,12,5,0,0,0,17,22,0,47,200,0,0,0,200,200
400135,1,30,0,0,0,1,12,5,0,0,0,17,22,1,200,200,200,200,200,200,200
400138,0,30,0,0,0,1,0,5,0,0,0,0,0,1,78,0,1,200,200,200,200
400138,0,30,0,0,0,1,0,5,0,0,0,0,0,0,68,0,0,0,0,200,200
400138,1,30,0,0,0,1,0,5,0,0,0,0,0,1,72,0,200,200,200,200,200
400145,0,30,0,0,0,200,7,200,0,0,0,200,200,2,200,200,200,200,200,200,200
400149,0,30,0,0,0,1,10,7,0,0,0,0,0,1,57,0,0,0,0,200,200
400149,0,30,0,0,0,1,10,7,0,0,0,0,0,1,59,0,200,0,0,200,200
400152,0,30,200,200,200,200,12,200,0,200,200,0,200,0,200,0,200,200,200,200,200
400152,0,30,200,200,200,200,12,200,0,200,200,0,200,1,200,200,200,200,200,200,200
400152,1,30,200,200,200,200,12,200,0,200,200,0,200,1,200,200,200,200,200,200,200
400156,0,30,0,0,0,1,7,6,0,0,0,0,200,1,22,0,0,0,0,200,200
400158,0,35,0,0,0,1,0,5,0,0,0,0,200,0,200,0,200,200,0,200,200
400158,0,35,0,0,0,1,0,5,0,0,0,0,200,0,200,0,200,200,0,200,200
400159,0,30,0,0,0,1,14,5,0,0,0,17,16,0,27,0,0,0,0,200,200
400159,0,30,0,0,0,1,14,5,0,0,0,17,16,0,38,200,0,0,0,200,200
400159,1,30,0,0,0,1,14,5,0,0,0,17,16,0,50,200,200,200,200,200,200
400160,0,30,0,0,0,1,7,2,0,0,0,0,0,2,200,200,12,200,200,200,200
400164,0,25,2,2,0,1,0,5,0,0,0,17,16,0,20,200,1,200,0,200,200
400164,0,25,2,2,0,1,0,5,0,0,0,17,16,0,61,200,200,200,0,200,200
400164,1,25,2,2,0,1,0,5,0,0,0,17,16,0,23,200,200,200,200,200,200
400166,0,30,0,0,0,1,3,5,0,0,0,21,21,0,30,0,9,0,2,200,200
400166,0,30,0,0,0,1,3,5,0,0,0,21,21,1,55,0,0,0,0,200,200
400166,1,30,0,0,0,1,3,5,0,0,0,21,21,1,29,0,200,200,200,200,200
400166,1,30,0,0,0,1,3,5,0,0,0,21,21,1,0,5,200,200,200,200,200
400166,1,30,0,0,0,1,3,5,0,0,0,21,21,0,20,0,200,200,200,200,200
400167,5,30,0,0,0,1,9,5,0,0,0,200,200,1,18,7,12,200,0,200,200
400167,0,30,0,0,0,1,9,5,0,0,0,200,200,0,48,0,0,0,0,200,200
400175,0,35,1,2,0,1,14,3,0,200,200,16,16,1,52,200,200,200,200,200,200
400175,0,35,1,2,0,1,14,3,0,200,200,16,16,1,57,200,200,200,0,200,200
400178,0,20,2,2,0,1,0,5,0,0,0,17,0,0,60,0,0,0,0,200,200
400178,0,20,2,2,0,1,0,5,0,0,0,17,0,1,18,0,1,0,0,200,200
400181,0,30,2,2,0,1,0,2,0,0,0,17,0,1,22,200,1,0,0,200,200
400181,0,30,2,2,0,1,0,2,0,0,0,17,0,1,67,0,0,0,7,200,200
400182,0,5,0,0,0,1,3,7,0,0,0,20,0,0,200,200,6,200,200,200,200
400182,0,5,0,0,0,1,3,7,0,0,0,20,0,1,59,0,6,0,0,200,200
400186,0,30,1,2,0,1,0,5,0,0,0,16,200,1,0,0,1,0,0,200,200
400186,0,30,1,2,0,1,0,5,0,0,0,16,200,0,28,200,14,0,0,200,200
400186,1,30,1,2,0,1,0,5,0,0,0,16,200,1,13,0,200,200,200,200,200
400188,0,30,0,0,0,1,7,5,0,0,0,0,200,2,200,200,200,200,200,200,200
400189,0,30,200,200,200,200,7,7,0,200,200,0,200,1,200,200,200,200,200,200,200
400189,1,30,200,200,200,200,7,7,0,200,200,0,200,1,200,200,200,200,200,200,200
400201,0,30,1,2,0,1,12,2,0,0,0,22,200,0,200,200,2,200,200,200,200
400201,0,30,1,2,0,1,12,2,0,0,0,22,200,1,46,0,0,0,0,200,200
400201,1,30,1,2,0,1,12,2,0,0,0,22,200,1,15,0,200,200,200,200,200
400205,0,25,0,0,0,1,7,6,0,0,0,0,0,2,200,200,200,200,200,200,200
400206,0,30,0,0,0,1,10,2,0,0,200,14,18,0,46,200,8,200,200,200,200
400206,0,30,0,0,0,1,10,2,0,0,200,14,18,0,20,0,0,0,0,200,200
400208,0,30,0,0,0,1,10,5,0,0,0,16,0,0,70,0,3,0,0,200,200
400208,0,30,0,0,0,1,10,5,0,0,0,16,0,0,36,0,0,0,0,200,200
400215,0,30,0,0,0,1,8,2,2,0,0,0,200,0,200,200,12,200,200,200,200
400215,4,30,0,0,0,1,8,2,2,0,0,0,200,1,21,200,0,0,0,200,200
400215,1,30,0,0,0,1,8,2,2,0,0,0,200,0,200,200,200,200,200,200,200
400216,0,30,0,0,0,0,7,12,0,0,200,0,200,0,36,200,12,200,0,200,200
400216,1,30,0,0,0,0,7,12,0,0,200,0,200,0,25,200,200,200,200,200,200
400217,0,30,0,0,0,1,10,5,0,0,0,200,200,0,200,200,0,200,200,200,200
400217,0,30,0,0,0,1,10,5,0,0,0,200,200,1,26,7,0,0,0,200,200
400217,1,30,0,0,0,1,10,5,0,0,0,200,200,1,200,5,200,200,200,200,200
400218,0,30,200,200,200,200,10,5,0,200,200,18,200,0,200,200,3,200,200,200,200
400218,0,30,200,200,200,200,10,5,0,200,200,18,200,0,44,200,200,200,200,200,200
400220,0,25,0,0,0,1,0,6,0,0,0,0,0,1,53,0,12,0,0,200,200
400220,0,25,0,0,0,1,0,6,0,0,0,0,0,1,53,0,12,0,0,200,200
400221,0,30,1,2,0,1,14,5,0,0,0,23,0,0,23,0,7,0,0,200,200
400221,0,30,1,2,0,1,14,5,0,0,0,23,0,1,53,0,0,0,0,200,200
400224,0,30,0,0,0,1,7,2,0,0,0,0,0,1,18,0,12,0,0,200,200
400225,0,30,0,0,0,1,9,5,0,0,0,17,200,1,41,0,0,200,0,200,200
400225,5,30,0,0,0,1,9,5,0,0,0,17,200,0,68,7,1,200,0,200,200
400225,1,30,0,0,0,1,9,5,0,0,0,17,200,1,14,0,200,200,200,200,200
400228,0,30,1,2,0,1,10,2,0,0,0,0,200,0,43,0,200,200,0,200,200
400228,1,30,1,2,0,1,10,2,0,0,0,0,200,0,14,0,200,200,200,200,200
400233,0,30,1,2,0,1,14,2,0,0,0,6,200,0,28,200,5,200,0,200,200
400233,0,30,1,2,0,1,14,2,0,0,0,6,200,1,50,200,0,200,0,200,200
400233,1,30,1,2,0,1,14,2,0,0,0,6,200,0,31,200,200,200,200,200,200
400239,0,30,1,2,0,1,10,5,4,0,4,0,0,0,28,0,200,0,0,200,200
400239,0,30,1,2,0,1,10,5,4,0,4,0,0,1,30,0,200,0,0,200,200
400242,0,30,0,0,0,1,10,2,0,0,0,0,200,1,25,0,12,0,0,200,200
400242,0,30,0,0,0,1,10,2,0,0,0,0,200,0,24,0,0,0,0,200,200
400245,0,30,0,0,0,1,10,5,0,0,0,0,11,0,59,200,12,200,0,200,200
400245,0,30,0,0,0,1,10,5,0,0,0,0,11,0,61,200,12,200,200,200,200
400245,0,30,0,0,0,1,10,5,0,0,0,0,11,0,78,200,0,200,200,200,200
400245,1,30,0,0,0,1,10,5,0,0,0,0,11,1,54,200,200,200,200,200,200
400245,1,30,0,0,0,1,10,5,0,0,0,0,11,1,65,200,200,200,200,200,200
400249,0,30,1,2,0,1,9,5,0,0,0,17,200,0,27,0,1,0,0,200,200
400249,5,30,1,2,0,1,9,5,0,0,0,17,200,0,200,200,200,200,200,200,200
400251,0,20,0,0,0,1,7,6,0,0,0,0,0,2,200,200,200,200,200,200,200
400254,0,30,0,0,200,200,7,5,0,0,12,0,0,2,200,200,200,200,200,200,200
400255,1,15,0,0,5,1,7,7,0,0,0,200,200,1,58,0,200,200,200,200,200
400255,1,15,0,0,5,1,7,7,0,0,0,200,200,0,36,0,200,200,200,200,200
400255,1,15,0,0,5,1,7,7,0,0,0,200,200,0,52,0,200,200,200,200,200
400267,0,15,0,0,0,1,14,0,0,0,0,16,0,0,59,200,8,0,0,200,200
400267,0,15,0,0,0,1,14,0,0,0,0,16,0,1,26,7,0,0,0,200,200
400267,1,15,0,0,0,1,14,0,0,0,0,16,0,0,27,7,200,200,200,200,200
400270,0,15,0,0,0,1,12,5,0,0,0,17,11,2,200,200,1,200,200,200,200
400270,0,15,0,0,0,1,12,5,0,0,0,17,11,0,18,200,0,0,0,200,200
400272,0,35,0,0,0,1,10,2,0,0,0,18,200,1,61,200,3,0,0,200,200
400272,0,35,0,0,0,1,10,2,0,0,0,18,200,1,28,200,0,0,0,200,200
400272,1,35,0,0,0,1,10,2,0,0,0,18,200,0,3,200,200,200,200,200,200
400272,1,35,0,0,0,1,10,2,0,0,0,18,200,1,5,200,200,200,200,200,200
400272,1,35,0,0,0,1,10,2,0,0,0,18,200,1,9,200,200,200,200,200,200
400276,0,30,1,2,0,1,10,5,0,0,0,0,0,0,56,7,12,0,0,200,200
400276,0,30,1,2,0,1,10,5,0,0,0,0,0,0,39,7,0,0,0,200,200
400276,1,30,1,2,0,1,10,5,0,0,0,0,0,0,29,0,200,200,200,200,200
400277,0,35,1,2,0,1,14,5,0,0,0,23,0,0,35,200,7,200,200,200,200
400277,0,35,1,2,0,1,14,5,0,0,0,23,0,0,38,0,0,0,0,200,200
400284,0,30,0,0,0,1,10,5,0,0,0,0,200,0,53,0,200,0,0,200,200
400284,0,30,0,0,0,1,10,5,0,0,0,0,200,1,29,0,0,0,0,200,200
400284,1,30,0,0,0,1,10,5,0,0,0,0,200,0,39,0,200,200,200,200,200
400285,0,30,200,200,200,200,7,5,0,200,200,200,200,2,200,200,200,200,200,200,200
400286,0,30,0,0,0,1,14,0,0,0,0,0,200,0,200,200,200,200,200,200,200
400286,0,30,0,0,0,1,14,0,0,0,0,0,200,1,27,200,200,0,0,200,200
400287,0,30,1,2,0,1,14,5,0,0,0,17,200,0,26,0,1,0,0,200,200
400287,0,30,1,2,0,1,14,5,0,0,0,17,200,1,33,0,0,0,0,200,200
400291,0,30,2,2,0,1,0,5,0,0,0,17,0,1,38,0,1,0,0,200,200
400291,0,30,2,2,0,1,0,5,0,0,0,17,0,0,64,0,0,0,0,200,200