RD_NO,PERSON_TYPE,POSTED_SPEED_LIMIT,TRAFFIC_CONTROL_DEVICE,DEVICE_CONDITION,WEATHER_CONDITION,LIGHTING_CONDITION,FIRST_CRASH_TYPE,TRAFFICWAY_TYPE,ALIGNMENT,ROADWAY_SURFACE_COND,ROAD_DEFECT,PRIM_CONTRIBUTORY_CAUSE,SEC_CONTRIBUTORY_CAUSE,SEX,AGE,SAFETY_EQUIPMENT,DRIVER_ACTION,DRIVER_VISION,PHYSICAL_CONDITION,BAC_RESULT VALUE,CELL_PHONE_USE
400293,0,30,200,200,0,1,10,2,0,200,200,200,200,0,32,200,200,200,0,200,200
400293,0,30,200,200,0,1,10,2,0,200,200,200,200,0,24,200,200,200,0,200,200
400295,0,10,10,0,0,1,9,6,0,0,0,0,0,0,30,7,200,0,0,200,200
400295,5,10,10,0,0,1,9,6,0,0,0,0,0,0,27,7,0,12,0,200,200
400299,0,20,0,0,0,1,10,2,0,0,0,18,9,0,28,200,15,12,200,200,200
400299,0,20,0,0,0,1,10,2,0,0,0,18,9,1,22,0,0,0,0,200,200
400304,0,30,200,200,200,200,12,200,0,200,200,0,200,0,51,200,200,200,200,200,200
400304,0,30,200,200,200,200,12,200,0,200,200,0,200,0,48,0,200,200,200,200,200
400304,1,30,200,200,200,200,12,200,0,200,200,0,200,1,200,200,200,200,200,200,200
400306,0,20,2,2,0,1,0,5,0,0,0,5,16,0,64,200,5,200,0,200,200
400306,0,20,2,2,0,1,0,5,0,0,0,5,16,0,56,200,0,200,0,200,200
400312,0,30,200,200,200,200,12,5,0,200,200,200,200,0,54,200,200,200,200,200,200
400312,0,30,200,200,200,200,12,5,0,200,200,200,200,1,26,200,200,200,200,200,200
400312,1,30,200,200,200,200,12,5,0,200,200,200,200,0,28,200,200,200,200,200,200
400312,1,30,200,200,200,200,12,5,0,200,200,200,200,0,6,200,200,200,200,200,200
400319,0,30,1,2,0,1,12,5,0,0,0,21,0,1,61,0,4,0,0,200,200
400319,0,30,1,2,0,1,12,5,0,0,0,21,0,1,60,0,12,0,0,200,200
400321,0,30,1,2,0,3,14,6,0,0,0,23,23,0,200,200,4,200,200,200,200
400321,0,30,1,2,0,3,14,6,0,0,0,23,23,0,25,0,0,0,0,200,200
400328,0,25,0,0,0,1,12,5,0,0,0,200,200,1,57,200,12,200,0,200,200
400328,0,25,0,0,0,1,12,5,0,0,0,200,200,0,49,200,12,200,0,200,200
400328,1,25,0,0,0,1,12,5,0,0,0,200,200,0,53,200,200,200,200,200,200
400328,1,25,0,0,0,1,12,5,0,0,0,200,200,1,200,200,200,200,200,200,200
400330,0,35,0,0,0,1,7,5,0,0,0,13,21,1,19,200,12,200,0,200,200
400330,1,35,0,0,0,1,7,5,0,0,0,13,21,1,19,200,200,200,200,200,200
400330,1,35,0,0,0,1,7,5,0,0,0,13,21,1,19,200,200,200,200,200,200
400330,1,35,0,0,0,1,7,5,0,0,0,13,21,1,19,200,200,200,200,200,200
400332,0,30,0,0,0,1,0,7,0,0,0,17,200,0,0,0,1,200,0,200,200
400332,0,30,0,0,0,1,0,7,0,0,0,17,200,0,25,0,0,0,0,200,200
400332,1,30,0,0,0,1,0,7,0,0,0,17,200,1,44,0,200,200,200,200,200
400332,1,30,0,0,0,1,0,7,0,0,0,17,200,0,11,0,200,200,200,200,200
400332,1,30,0,0,0,1,0,7,0,0,0,17,200,1,200,0,200,200,200,200,200
400332,1,30,0,0,0,1,0,7,0,0,0,17,200,1,200,7,200,200,200,200,200
400332,1,30,0,0,0,1,0,7,0,0,0,17,200,1,200,7,200,200,200,200,200
400332,1,30,0,0,0,1,0,7,0,0,0,17,200,1,200,7,200,200,200,200,200
400333,0,35,0,0,0,1,7,5,0,0,0,21,11,1,52,200,2,200,200,200,200
400334,0,30,0,0,0,1,14,5,0,0,0,17,200,0,63,0,1,0,0,200,200
400334,0,30,0,0,0,1,14,5,0,0,0,17,200,0,25,0,0,0,0,200,200
400336,0,30,0,0,0,1,9,6,0,0,0,0,0,1,200,200,200,200,200,200,200
400336,5,30,0,0,0,1,9,6,0,0,0,0,0,0,57,7,200,200,200,200,200
400337,0,30,1,2,0,1,12,3,0,0,0,0,0,0,200,0,4,0,0,200,200
400337,0,30,1,2,0,1,12,3,0,0,0,0,0,1,200,0,0,0,0,200,200
400337,1,30,1,2,0,1,12,3,0,0,0,0,0,1,200,0,200,200,200,200,200
400339,0,35,0,0,0,1,7,6,0,0,0,200,200,2,200,200,200,200,200,200,200
400347,0,30,1,2,0,1,12,5,0,200,200,22,22,0,200,200,2,200,200,200,200
400347,0,30,1,2,0,1,12,5,0,200,200,22,22,0,67,0,12,200,200,200,200
400347,1,30,1,2,0,1,12,5,0,200,200,22,22,1,60,0,200,200,200,200,200
400357,0,15,0,0,0,1,7,7,0,0,0,0,7,1,18,200,10,0,0,200,200
400365,0,30,0,0,0,1,12,2,0,0,0,17,200,1,27,0,1,1,200,200,200
400365,0,30,0,0,0,1,12,2,0,0,0,17,200,1,30,0,0,0,200,200,200
400365,1,30,0,0,0,1,12,2,0,0,0,17,200,1,66,0,200,200,200,200,200
400367,0,30,0,0,0,1,7,6,0,0,0,27,200,1,23,0,12,0,1,200,200
400369,0,30,1,200,0,3,12,5,0,200,200,22,200,1,200,200,4,200,200,200,200
400369,0,30,1,200,0,3,12,5,0,200,200,22,200,1,22,200,0,200,0,200,200
400376,0,30,1,2,0,1,9,200,0,0,0,20,200,0,200,200,6,200,200,200,200
400376,5,30,1,2,0,1,9,200,0,0,0,20,200,0,24,7,0,0,0,200,200
400381,0,30,0,0,0,1,12,5,0,0,0,21,0,0,35,0,4,0,0,200,200
400381,0,30,0,0,0,1,12,5,0,0,0,21,0,1,200,0,12,0,0,200,200
400381,1,30,0,0,0,1,12,5,0,0,0,21,0,1,15,0,200,200,200,200,200
400381,1,30,0,0,0,1,12,5,0,0,0,21,0,1,12,0,200,200,200,200,200
400392,0,30,1,2,0,1,14,2,0,0,200,17,0,0,40,0,1,200,0,200,200
400392,0,30,1,2,0,1,14,2,0,0,200,17,0,0,40,200,0,200,200,200,200
400393,0,20,1,2,0,1,12,2,0,0,0,0,0,0,200,200,200,200,200,200,200
400393,0,20,1,2,0,1,12,2,0,0,0,0,0,1,62,0,0,200,0,200,200
400396,0,30,1,2,0,1,0,6,0,0,0,6,16,0,46,200,5,0,0,200,200
400396,0,30,1,2,0,1,0,6,0,0,0,6,16,0,60,200,0,0,0,200,200
400400,0,25,0,0,0,1,2,0,0,0,0,25,200,0,200,200,12,200,200,200,200
400400,1,25,0,0,0,1,2,0,0,0,0,25,200,0,200,200,200,200,200,200,200
400400,1,25,0,0,0,1,2,0,0,0,0,25,200,0,200,7,200,200,200,200,200
400400,1,25,0,0,0,1,2,0,0,0,0,25,200,0,200,200,200,200,200,200,200
400402,0,20,0,0,0,1,7,6,0,0,0,12,200,0,46,0,12,0,0,200,200
400408,0,30,0,0,0,1,7,5,0,0,0,0,200,1,21,0,200,0,0,200,200
400408,1,30,0,0,0,1,7,5,0,0,0,0,200,0,200,0,200,200,200,200,200
400415,0,30,1,2,0,1,10,5,0,0,0,0,0,0,200,200,1,200,0,200,200
400415,0,30,1,2,0,1,10,5,0,0,0,0,0,0,63,0,0,0,0,200,200
400426,0,10,0,0,0,1,10,7,0,0,0,20,0,1,200,200,6,200,200,200,200
400426,0,10,0,0,0,1,10,7,0,0,0,20,0,1,55,0,0,0,0,200,200
400430,0,30,0,0,0,3,7,5,0,0,0,0,0,2,200,200,200,200,200,200,200
400433,0,30,1,2,0,1,14,5,0,0,0,21,0,2,200,200,4,200,200,200,200
400433,0,30,1,2,0,1,14,5,0,0,0,21,0,0,32,0,12,0,0,200,200
400435,0,30,0,0,0,3,7,6,0,0,0,0,0,2,200,200,200,200,200,200,200
400438,0,15,0,0,0,1,12,6,0,0,0,17,0,0,16,0,1,0,0,200,200
400438,0,15,0,0,0,1,12,6,0,0,0,17,0,1,52,0,0,0,0,200,200
400445,0,30,0,0,0,4,10,5,0,0,0,18,16,1,44,0,3,200,0,200,200
400445,0,30,0,0,0,4,10,5,0,0,0,18,16,1,41,0,0,0,0,200,200
400452,0,35,0,0,0,1,10,5,0,0,0,0,0,0,42,0,200,200,200,200,200
400452,0,35,0,0,0,1,10,5,0,0,0,0,0,0,23,0,0,0,0,200,200
400465,0,30,0,0,0,1,0,5,0,0,0,0,0,1,200,200,1,200,200,200,200
400465,0,30,0,0,0,1,0,5,0,0,0,0,0,1,41,0,0,0,0,200,200
400465,1,30,0,0,0,1,0,5,0,0,0,0,0,1,200,0,200,200,200,200,200
400480,0,30,200,200,200,200,12,5,0,200,200,22,0,1,200,200,2,200,200,200,200
400480,0,30,200,200,200,200,12,5,0,200,200,22,0,0,25,200,0,200,0,200,200
400480,1,30,200,200,200,200,12,5,0,200,200,22,0,1,25,200,200,200,200,200,200
400487,0,30,0,0,0,4,14,5,0,0,12,17,200,0,200,200,1,200,200,200,200
400487,0,30,0,0,0,4,14,5,0,0,12,17,200,0,56,3,0,0,0,200,200
400489,0,25,200,200,0,4,14,5,0,0,200,14,14,0,200,200,8,200,200,200,200
400489,0,25,200,200,0,4,14,5,0,0,200,14,14,1,43,200,0,0,0,200,200
400500,0,30,0,0,0,1,12,5,0,0,0,0,200,0,200,200,200,200,200,200,200
400500,0,30,0,0,0,1,12,5,0,0,0,0,200,1,28,0,0,0,0,200,200
400509,0,30,0,0,0,1,7,6,0,0,0,25,200,2,200,200,12,200,200,200,200
400509,1,30,0,0,0,1,7,6,0,0,0,25,200,2,200,200,200,200,200,200,200
400517,0,30,1,2,2,200,10,5,0,1,0,0,0,1,50,7,1,4,0,200,200
400517,0,30,1,2,2,200,10,5,0,1,0,0,0,1,29,200,0,200,0,200,200
400517,1,30,1,2,2,200,10,5,0,1,0,0,0,0,29,200,200,200,200,200,200
400517,1,30,1,2,2,200,10,5,0,1,0,0,0,0,29,200,200,200,200,200,200
400517,1,30,1,2,2,200,10,5,0,1,0,0,0,0,29,200,200,200,200,200,200
400517,1,30,1,2,2,200,10,5,0,1,0,0,0,0,29,200,200,200,200,200,200
400517,1,30,1,2,2,200,10,5,0,1,0,0,0,0,29,200,200,200,200,200,200
400517,1,30,1,2,2,200,10,5,0,1,0,0,0,0,29,200,200,200,200,200,200
400517,1,30,1,2,2,200,10,5,0,1,0,0,0,0,29,200,200,200,200,200,200
400523,0,30,0,0,0,200,7,6,0,0,200,0,0,2,200,200,200,200,200,200,200
400525,0,10,0,0,0,1,9,7,0,0,0,0,200,1,200,200,200,200,200,200,200
400525,5,10,0,0,0,1,9,7,0,0,0,0,200,1,27,7,0,0,0,200,200
400528,0,30,2,2,0,3,0,5,0,0,0,17,0,1,18,0,1,200,0,200,200
400528,0,30,2,2,0,3,0,5,0,0,0,17,0,1,33,0,0,0,0,200,200
400535,0,30,0,0,0,0,7,2,0,0,0,0,0,1,22,0,0,0,0,200,200
400548,0,30,1,2,0,3,14,2,0,0,0,16,200,1,36,0,1,0,0,200,200
400548,0,30,1,2,0,3,14,2,0,0,0,16,200,1,54,0,0,0,0,200,200
400548,1,30,1,2,0,3,14,2,0,0,0,16,200,1,65,0,200,200,200,200,200
400558,0,30,1,2,0,3,10,5,0,0,0,0,0,1,71,0,0,0,0,200,200
400558,0,30,1,2,0,3,10,5,0,0,0,0,0,1,27,0,0,0,0,200,200
400558,0,30,1,2,0,3,10,5,0,0,0,0,0,2,200,200,12,200,200,200,200
400560,0,30,0,0,0,3,10,5,0,0,0,7,18,1,43,0,12,0,0,200,200
400560,0,30,0,0,0,3,10,5,0,0,0,7,18,1,22,0,0,0,0,200,200
400570,0,30,0,0,0,3,10,5,0,0,0,18,11,0,31,0,3,0,0,200,200
400570,0,30,0,0,0,3,10,5,0,0,0,18,11,0,26,0,0,0,0,200,200
400570,0,30,0,0,0,3,10,5,0,0,0,18,11,1,63,0,0,0,0,200,200
400570,0,30,0,0,0,3,10,5,0,0,0,18,11,1,39,0,0,0,0,200,200
400570,1,30,0,0,0,3,10,5,0,0,0,18,11,1,89,0,200,200,200,200,200
400570,1,30,0,0,0,3,10,5,0,0,0,18,11,1,11,0,200,200,200,200,200
400570,1,30,0,0,0,3,10,5,0,0,0,18,11,0,200,0,200,200,200,200,200
400577,0,20,0,0,0,1,7,7,0,0,0,20,200,0,200,200,6,200,200,200,200
400589,0,30,0,0,0,3,7,5,0,0,200,0,0,0,50,200,6,200,200,200,200
400589,1,30,0,0,0,3,7,5,0,0,200,0,0,1,28,200,200,200,200,200,200
400593,0,30,0,0,0,3,10,3,0,0,4,18,0,1,37,0,3,0,0,200,200
400593,0,30,0,0,0,3,10,3,0,0,4,18,0,1,34,0,0,0,0,200,200
400604,0,30,0,0,0,3,12,5,0,0,0,0,0,0,27,0,200,0,0,200,200
400604,0,30,0,0,0,3,12,5,0,0,0,0,0,0,37,0,200,0,0,200,200
400608,0,25,0,0,0,3,7,6,0,0,0,0,0,2,200,200,200,200,200,200,200
400609,0,30,0,0,0,3,2,5,0,0,0,11,200,0,60,200,200,200,0,200,200
400616,0,30,2,2,0,0,10,3,2,0,0,0,200,0,200,200,8,200,0,200,200
400616,0,30,2,2,0,0,10,3,2,0,0,0,200,1,200,200,0,200,200,200,200
400619,0,30,0,0,0,0,10,3,0,0,0,16,0,1,44,0,3,0,0,200,200
400619,0,30,0,0,0,0,10,3,0,0,0,16,0,1,64,0,12,0,0,200,200
400622,0,20,0,0,0,3,10,5,0,0,0,22,18,0,39,0,2,0,0,200,200
400622,0,20,0,0,0,3,10,5,0,0,0,22,18,0,28,0,0,0,0,200,200
400622,1,20,0,0,0,3,10,5,0,0,0,22,18,1,38,0,200,200,200,200,200
400622,1,20,0,0,0,3,10,5,0,0,0,22,18,1,18,0,200,200,200,200,200
400622,1,20,0,0,0,3,10,5,0,0,0,22,18,1,12,0,200,200,200,200,200
400631,0,30,0,0,0,1,10,2,0,0,0,18,22,0,200,200,1,200,200,200,200
400631,0,30,0,0,0,1,10,2,0,0,0,18,22,0,26,0,0,0,0,200,200
400635,0,10,0,0,200,200,0,7,0,200,200,20,200,1,200,200,6,200,200,200,200
400635,0,10,0,0,200,200,0,7,0,200,200,20,200,0,39,200,200,200,0,200,200
400639,0,30,1,2,0,3,10,2,0,0,0,11,11,0,27,0,200,0,0,200,200
400639,0,30,1,2,0,3,10,2,0,0,0,11,11,0,39,0,0,0,0,200,200
400640,0,30,0,0,0,3,7,7,0,0,0,4,0,0,29,0,200,0,0,200,200
400642,0,30,1,200,0,3,10,2,0,200,200,18,18,0,200,200,3,200,0,200,200
400642,0,30,1,200,0,3,10,2,0,200,200,18,18,0,50,200,0,200,0,200,200
400646,0,30,0,0,0,3,7,5,0,0,0,0,0,2,200,200,200,200,200,200,200
400656,0,30,0,0,0,3,7,2,0,200,200,20,200,0,200,200,6,200,200,200,200
400663,0,35,1,2,0,3,14,1,0,0,0,6,17,0,18,0,5,0,0,200,200
400663,0,35,1,2,0,3,14,1,0,0,0,6,17,1,30,0,1,0,0,200,200
400666,0,25,2,2,0,3,14,2,0,0,0,11,200,1,46,0,7,12,0,200,200
400666,0,25,2,2,0,3,14,2,0,0,0,11,200,0,41,0,0,0,0,200,200
400668,0,35,200,200,0,3,7,5,0,0,200,0,0,2,200,200,200,200,200,200,200
400676,0,30,0,0,0,0,7,6,0,0,0,0,0,0,200,200,200,200,200,200,200
400682,0,30,1,2,0,3,14,5,0,0,0,16,0,1,41,0,7,0,0,200,200
400682,0,30,1,2,0,3,14,5,0,0,0,16,0,0,27,0,12,0,0,200,200
400683,0,30,1,2,0,3,12,2,0,0,0,23,22,1,33,200,7,0,0,200,200
400683,0,30,1,2,0,3,12,2,0,0,0,23,22,0,45,200,200,0,0,200,200
400689,0,30,0,0,0,3,7,5,0,0,200,0,0,2,200,200,200,200,200,200,200
400691,0,30,0,0,0,3,12,5,0,0,0,22,21,0,37,200,4,0,0,200,200
400691,0,30,0,0,0,3,12,5,0,0,0,22,21,1,25,200,0,0,0,200,200
400696,0,35,1,2,0,3,0,5,0,0,200,6,200,1,47,200,0,0,0,200,200
400696,0,35,1,2,0,3,0,5,0,0,200,6,200,1,42,200,5,0,0,200,200
400696,1,35,1,2,0,3,0,5,0,0,200,6,200,200,200,200,200,200,200,200,200
400699,0,30,0,0,0,3,10,5,0,0,0,0,0,0,28,200,200,0,200,200,200
400699,0,30,0,0,0,3,10,5,0,0,0,0,0,1,23,200,200,0,0,200,200
400703,0,25,0,0,0,3,7,6,0,0,0,25,10,2,200,200,9,200,200,200,200
400703,1,25,0,0,0,3,7,6,0,0,0,25,10,2,200,200,200,200,200,200,200
400714,0,30,0,0,0,3,7,5,3,0,0,0,25,2,200,200,200,200,200,200,200
400728,0,25,0,0,0,3,7,6,0,0,0,14,16,1,16,200,8,200,200,200,200
400728,1,25,0,0,0,3,7,6,0,0,0,14,16,1,15,200,200,200,200,200,200
400728,1,25,0,0,0,3,7,6,0,0,0,14,16,200,200,200,200,200,200,200,200
400728,1,25,0,0,0,3,7,6,0,0,0,14,16,200,200,200,200,200,200,200,200
400732,0,25,0,0,0,3,7,12,0,0,0,0,0,0,200,200,200,200,200,200,200
400732,1,25,0,0,0,3,7,12,0,0,0,0,0,0,200,200,200,200,200,200,200
400736,0,30,0,0,0,3,2,5,0,0,0,0,16,2,200,200,0,200,200,200,200
400744,0,25,0,0,0,3,7,6,0,0,0,0,200,2,200,200,12,200,200,200,200
400749,0,30,0,0,0,1,12,6,0,0,0,11,0,1,29,200,12,12,0,200,200
400749,0,30,0,0,0,1,12,6,0,0,0,11,0,0,23,200,12,0,0,200,200
400757,0,30,1,2,0,3,0,2,0,0,0,6,200,2,200,200,5,200,200,200,200
400757,0,30,1,2,0,3,0,2,0,0,0,6,200,0,56,200,0,0,0,200,200
400769,0,35,0,200,0,3,7,7,0,0,0,0,0,1,200,200,200,200,200,200,200
400770,0,30,0,0,0,3,7,6,0,0,0,0,0,0,200,200,200,200,200,200,200
400778,0,30,0,0,0,3,7,5,0,0,0,12,0,0,30,0,12,0,0,200,200
400807,0,35,0,0,0,3,14,2,0,0,0,17,200,1,24,0,1,0,0,200,200
400807,0,35,0,0,0,3,14,2,0,0,0,17,200,1,25,0,0,0,0,200,200
400807,1,35,0,0,0,3,14,2,0,0,0,17,200,1,29,0,200,200,200,200,200
400807,1,35,0,0,0,3,14,2,0,0,0,17,200,0,5,5,200,200,200,200,200
400807,1,35,0,0,0,3,14,2,0,0,0,17,200,1,10,1,200,200,200,200,200
400807,1,35,0,0,0,3,14,2,0,0,0,17,200,0,24,0,200,200,200,200,200
400812,0,30,0,0,0,3,7,12,0,0,0,200,200,2,200,200,200,200,200,200,200
400831,0,30,0,12,0,3,2,5,0,0,0,0,0,2,200,200,200,200,200,200,200
400833,0,30,200,200,0,3,7,12,0,0,0,0,0,0,200,200,200,200,200,200,200
400833,0,30,200,200,0,3,7,12,0,0,0,0,0,0,200,200,200,200,200,200,200
400834,0,40,0,0,0,3,12,3,5,0,0,22,27,2,200,200,2,200,200,200,200
400834,0,40,0,0,0,3,12,3,5,0,0,22,27,0,21,0,0,0,0,200,200
400837,0,30,1,2,0,3,10,2,0,0,0,16,200,0,44,200,8,0,200,200,200
400837,0,30,1,2,0,3,10,2,0,0,0,16,200,0,24,200,0,0,0,200,200
400839,0,30,1,2,0,4,0,2,0,0,0,6,0,0,19,200,200,200,200,200,200
400839,0,30,1,2,0,4,0,2,0,0,0,6,0,0,72,200,200,200,0,200,200
400839,1,30,1,2,0,4,0,2,0,0,0,6,0,1,200,200,200,200,200,200,200
400839,1,30,1,2,0,4,0,2,0,0,0,6,0,0,11,200,200,200,200,200,200
400841,0,30,0,0,0,3,7,5,0,0,0,32,25,0,28,0,12,0,5,200,200
400842,0,20,0,0,0,3,10,5,0,0,0,0,0,1,23,200,200,200,200,200,200
400842,0,20,0,0,0,3,10,5,0,0,0,0,0,0,28,0,0,0,0,200,200
400857,0,0,0,0,0,0,7,7,0,0,0,0,0,2,200,200,200,200,200,200,200
400865,0,35,0,0,0,2,12,5,0,0,0,0,0,0,59,0,12,0,0,200,200
400865,0,35,0,0,0,2,12,5,0,0,0,0,0,0,27,0,0,0,0,200,200
400879,0,30,0,0,0,4,12,2,2,0,1,28,22,0,35,0,8,0,0,200,200
400879,0,30,0,0,0,4,12,2,2,0,1,28,22,1,59,0,0,0,0,200,200
400886,0,10,0,0,0,2,2,8,1,0,0,23,7,0,41,200,5,0,0,200,200
400890,0,30,1,2,0,1,14,5,0,0,0,23,11,1,27,200,7,0,0,200,200
400890,0,30,1,2,0,1,14,5,0,0,0,23,11,1,31,200,0,0,0,200,200
400890,1,30,1,2,0,1,14,5,0,0,0,23,11,1,26,200,200,200,200,200,200
400893,0,30,1,2,0,0,10,2,0,0,0,0,0,0,20,200,12,0,200,200,200
400893,0,30,1,2,0,0,10,2,0,0,0,0,0,1,75,200,0,0,0,200,200
400895,0,30,200,200,0,3,14,5,0,0,0,23,200,1,22,200,7,200,200,200,200
400895,0,30,200,200,0,3,14,5,0,0,0,23,200,0,31,200,0,0,200,200,200
400901,0,30,1,2,0,1,10,3,0,0,0,0,0,0,200,200,200,200,200,200,200
400901,0,30,1,2,0,1,10,3,0,0,0,0,0,0,37,0,0,0,0,200,200
400903,0,25,0,0,200,200,7,6,0,200,0,0,0,2,200,200,200,200,200,200,200
400904,0,20,200,200,200,200,7,6,0,200,200,200,200,1,57,200,200,200,200,200,200
400906,0,30,1,0,0,1,10,2,0,0,0,0,18,1,21,0,3,0,0,200,200
400906,0,30,1,0,0,1,10,2,0,0,0,0,18,1,40,0,0,0,0,200,200
400916,0,30,0,0,0,1,12,5,0,0,0,0,0,1,200,200,200,200,200,200,200
400916,0,30,0,0,0,1,12,5,0,0,0,0,0,0,40,200,200,200,200,200,200
400918,0,15,0,0,0,1,7,4,0,0,0,7,0,0,45,200,1,0,0,200,200
400918,1,15,0,0,0,1,7,4,0,0,0,7,0,1,38,7,200,200,200,200,200
400920,0,30,1,2,1,1,11,5,0,0,0,0,200,2,200,200,200,200,200,200,200
400920,0,30,1,2,1,1,11,5,0,0,0,0,200,0,67,200,0,200,0,200,200
400925,0,30,0,0,0,1,10,3,0,0,0,0,200,1,33,200,200,200,0,200,200
400925,0,30,0,0,0,1,10,3,0,0,0,0,200,1,22,200,200,200,0,200,200
400927,0,30,1,2,0,1,10,2,0,0,0,20,21,1,200,200,6,200,200,200,200
400927,0,30,1,2,0,1,10,2,0,0,0,20,21,0,57,7,0,0,0,200,200
400937,0,30,2,2,0,1,8,2,0,0,0,17,17,0,200,200,1,200,200,200,200
400937,4,30,2,2,0,1,8,2,0,0,0,17,17,0,56,200,0,0,0,200,200
400948,0,30,0,0,0,1,14,2,0,0,200,17,200,0,57,200,1,200,200,200,200
400948,0,30,0,0,0,1,14,2,0,0,200,17,200,0,44,200,200,200,0,200,200
400959,0,30,1,2,0,1,0,3,0,0,0,6,16,0,32,0,5,0,0,200,200
400959,0,30,1,2,0,1,0,3,0,0,0,6,16,0,51,0,0,0,0,200,200
400965,0,20,0,0,0,200,7,6,0,0,0,0,0,2,200,200,200,200,200,200,200
400966,0,30,0,0,0,1,5,2,0,0,0,0,0,2,200,200,200,200,200,200,200
400967,0,30,0,0,0,1,10,3,0,0,0,0,0,2,200,200,200,200,200,200,200
400967,0,30,0,0,0,1,10,3,0,0,0,0,0,0,43,0,0,0,0,200,200
400968,0,30,1,2,0,1,12,2,0,0,0,0,0,0,61,0,12,0,0,200,200
400968,0,30,1,2,0,1,12,2,0,0,0,0,0,0,51,0,0,0,0,200,200
400969,0,30,0,0,0,1,7,6,0,0,0,27,200,0,20,0,12,0,2,200,200
400976,0,35,0,0,1,1,10,2,0,0,0,0,0,0,200,200,200,200,200,200,200
400976,0,35,0,0,1,1,10,2,0,0,0,0,0,1,39,0,0,0,0,200,200
400986,0,30,2,2,0,1,14,6,0,0,0,10,0,0,23,0,7,200,0,200,200
400986,0,30,2,2,0,1,14,6,0,0,0,10,0,0,56,0,0,0,0,200,200
400986,1,30,2,2,0,1,14,6,0,0,0,10,0,0,62,0,200,200,200,200,200
400990,0,0,1,2,0,1,14,2,0,0,0,0,0,1,38,200,200,200,0,200,200
400990,0,0,1,2,0,1,14,2,0,0,0,0,0,0,59,200,200,200,0,200,200
400990,1,0,1,2,0,1,14,2,0,0,0,0,0,0,55,200,200,200,200,200,200
400992,0,25,0,0,0,1,12,5,0,0,0,17,22,0,200,200,1,200,200,200,200
400992,0,25,0,0,0,1,12,5,0,0,0,17,22,0,59,0,0,0,0,200,200
400996,0,20,0,0,0,1,12,5,0,0,0,0,0,1,200,200,1,200,200,200,200
400996,0,20,0,0,0,1,12,5,0,0,0,0,0,1,28,0,200,0,0,200,200
401001,0,30,1,0,0,1,14,6,0,0,0,0,0,0,200,200,200,200,200,200,200
401001,0,30,1,0,0,1,14,6,0,0,0,0,0,0,55,200,200,0,0,200,200
401001,1,30,1,0,0,1,14,6,0,0,0,0,0,0,200,200,200,200,200,200,200
401004,0,30,2,2,0,1,0,2,0,0,0,0,0,0,62,0,2,200,0,200,200
401004,0,30,2,2,0,1,0,2,0,0,0,0,0,0,28,0,0,200,0,200,200
401011,0,30,0,0,0,1,7,6,0,0,0,0,0,2,200,200,200,200,200,200,200
401026,0,30,1,2,0,1,10,2,0,0,0,18,18,0,200,0,3,0,0,200,200
401026,0,30,1,2,0,1,10,2,0,0,0,18,18,1,45,0,0,0,0,200,200
401029,0,30,0,0,0,1,7,6,0,0,0,0,200,2,200,200,200,200,200,200,200
401032,0,30,0,0,0,1,8,2,0,0,0,17,17,1,39,0,1,0,0,200,200
401032,4,30,0,0,0,1,8,2,0,0,0,17,17,0,56,3,0,0,0,200,200
401033,0,30,0,0,0,1,10,5,0,0,0,18,200,1,23,200,3,0,0,200,200
401033,0,30,0,0,0,1,10,5,0,0,0,18,200,0,67,200,0,0,0,200,200
401033,1,30,0,0,0,1,10,5,0,0,0,18,200,200,0,0,200,200,200,200,200
401034,0,25,0,0,0,1,10,5,0,200,200,0,0,0,31,0,12,0,0,200,200
401034,0,25,0,0,0,1,10,5,0,200,200,0,0,1,200,200,0,200,200,200,200
401034,1,25,0,0,0,1,10,5,0,200,200,0,0,0,25,7,200,200,200,200,200
401035,0,30,0,0,0,1,12,5,0,0,0,22,0,0,200,200,4,200,200,200,200
401035,0,30,0,0,0,1,12,5,0,0,0,22,0,1,56,0,0,0,0,200,200
401035,1,30,0,0,0,1,12,5,0,0,0,22,0,1,21,0,200,200,200,200,200
401038,0,25,1,2,0,1,0,5,0,0,0,6,7,1,28,200,5,200,0,200,200
401038,0,25,1,2,0,1,0,5,0,0,0,6,7,0,28,200,200,200,0,200,200
401038,1,25,1,2,0,1,0,5,0,0,0,6,7,1,2,5,200,200,200,200,200
401039,0,15,0,0,0,1,10,7,0,0,200,0,0,1,60,200,200,0,200,200,200
401039,0,15,0,0,0,1,10,7,0,0,200,0,0,0,40,200,3,0,200,200,200
401039,1,15,0,0,0,1,10,7,0,0,200,0,0,0,60,200,200,200,200,200,200
401041,0,30,0,0,0,3,14,5,0,0,0,0,0,2,200,200,200,200,200,200,200
401041,0,30,0,0,0,3,14,5,0,0,0,0,0,1,39,200,200,0,0,200,200
401041,1,30,0,0,0,3,14,5,0,0,0,0,0,0,40,200,200,200,200,200,200
401047,0,30,1,2,0,1,0,2,0,0,0,17,3,1,37,0,1,0,200,200,200