RD_NO,PERSON_TYPE,POSTED_SPEED_LIMIT,TRAFFIC_CONTROL_DEVICE,DEVICE_CONDITION,WEATHER_CONDITION,LIGHTING_CONDITION,FIRST_CRASH_TYPE,TRAFFICWAY_TYPE,ALIGNMENT,ROADWAY_SURFACE_COND,ROAD_DEFECT,PRIM_CONTRIBUTORY_CAUSE,SEC_CONTRIBUTORY_CAUSE,SEX,AGE,SAFETY_EQUIPMENT,DRIVER_ACTION,DRIVER_VISION,PHYSICAL_CONDITION,BAC_RESULT VALUE,CELL_PHONE_USE
401047,0,30,1,2,0,1,0,2,0,0,0,17,3,1,41,0,1,0,0,200,200
401049,0,30,1,2,0,1,10,12,0,0,0,200,200,0,35,0,0,0,0,200,200
401049,0,30,1,2,0,1,10,12,0,0,0,200,200,0,29,0,0,0,0,200,200
401049,1,30,1,2,0,1,10,12,0,0,0,200,200,0,28,0,200,200,200,200,200
401050,0,30,1,2,6,1,2,3,0,0,0,0,0,0,35,0,200,200,0,200,200
401051,0,30,1,2,1,1,10,5,0,0,0,16,0,0,41,200,3,0,0,200,200
401051,0,30,1,2,1,1,10,5,0,0,0,16,0,1,53,200,0,0,0,200,200
401054,0,30,1,2,0,1,12,5,2,0,0,21,22,0,200,200,2,200,200,200,200
401054,0,30,1,2,0,1,12,5,2,0,0,21,22,1,24,0,0,0,0,200,200
401055,0,25,0,0,0,1,7,6,0,0,0,0,0,2,200,200,200,200,200,200,200
401056,0,30,0,0,0,1,8,5,0,0,0,17,200,0,49,0,12,0,0,200,200
401056,4,30,0,0,0,1,8,5,0,0,0,17,200,0,23,3,0,0,0,200,200
401058,0,30,0,0,0,1,2,5,0,0,0,0,200,0,64,0,12,0,0,200,200
401070,0,10,0,0,1,1,7,0,0,0,0,7,200,0,76,200,200,0,0,200,200
401081,0,30,1,2,0,1,10,3,0,0,0,18,18,0,24,200,3,200,0,200,200
401081,0,30,1,2,0,1,10,3,0,0,0,18,18,0,68,0,0,0,0,200,200
401088,0,5,0,0,0,1,4,7,0,0,0,0,200,1,65,200,200,0,0,200,200
401091,0,30,0,0,0,3,12,5,0,0,0,17,200,0,35,0,1,0,0,200,200
401091,0,30,0,0,0,3,12,5,0,0,0,17,200,0,200,200,200,200,200,200,200
401091,1,30,0,0,0,3,12,5,0,0,0,17,200,1,200,0,200,200,200,200,200
401095,0,30,0,0,0,1,7,7,0,0,0,200,200,1,50,0,1,0,0,200,200
401096,0,30,2,2,0,1,3,5,0,0,0,20,200,0,70,0,6,0,0,200,200
401096,0,30,2,2,0,1,3,5,0,0,0,20,200,0,57,0,0,0,0,200,200
401101,0,0,1,2,0,1,14,12,0,0,0,11,200,1,42,200,1,200,200,200,200
401101,0,0,1,2,0,1,14,12,0,0,0,11,200,0,17,200,0,200,200,200,200
401101,0,0,1,2,0,1,14,12,0,0,0,11,200,1,37,200,0,200,200,200,200
401101,1,0,1,2,0,1,14,12,0,0,0,11,200,1,200,200,200,200,200,200,200
401103,0,30,0,0,1,1,12,5,0,0,0,0,0,1,40,0,0,0,0,200,200
401103,0,30,0,0,1,1,12,5,0,0,0,0,0,1,33,0,0,0,0,200,200
401108,0,30,1,2,0,1,12,5,0,0,0,22,200,0,200,200,2,200,0,200,200
401108,0,30,1,2,0,1,12,5,0,0,0,22,200,0,77,0,0,0,0,200,200
401114,0,30,0,0,0,1,3,2,0,0,0,13,13,0,55,0,12,0,0,200,200
401114,0,30,0,0,0,1,3,2,0,0,0,13,13,0,60,0,0,0,0,200,200
401114,1,30,0,0,0,1,3,2,0,0,0,13,13,1,32,0,200,200,200,200,200
401116,0,20,0,0,0,1,1,5,0,0,0,1,200,1,39,0,0,0,0,200,200
401123,0,30,2,2,0,1,10,2,0,0,0,18,0,1,75,0,1,0,0,200,200
401123,0,30,2,2,0,1,10,2,0,0,0,18,0,1,45,0,0,0,0,200,200
401123,1,30,2,2,0,1,10,2,0,0,0,18,0,1,21,7,200,200,200,200,200
401135,0,10,0,0,0,1,5,7,0,0,0,12,200,1,79,0,12,0,0,200,200
401137,0,45,0,0,0,1,10,5,0,0,0,18,0,1,26,200,3,200,0,200,200
401137,0,45,0,0,0,1,10,5,0,0,0,18,0,1,58,200,0,200,0,200,200
401138,0,20,0,0,0,1,0,5,0,0,0,0,0,1,22,0,1,0,0,200,200
401138,0,20,0,0,0,1,0,5,0,0,0,0,0,0,62,0,0,0,0,200,200
401163,0,25,0,0,0,1,7,7,0,0,0,0,0,0,43,0,0,0,0,200,200
401176,0,30,0,0,0,1,12,5,0,0,0,17,200,0,36,0,12,0,0,200,200
401176,0,30,0,0,0,1,12,5,0,0,0,17,200,0,200,200,0,0,0,200,200
401177,0,15,0,0,1,1,7,0,0,0,0,20,200,0,200,200,6,200,200,200,200
401181,0,30,0,0,0,1,9,8,1,0,0,200,0,1,32,200,200,12,0,200,200
401181,5,30,0,0,0,1,9,8,1,0,0,200,0,1,32,200,200,0,0,200,200
401186,0,30,1,2,0,1,10,5,0,0,0,18,200,0,24,0,3,0,0,200,200
401186,0,30,1,2,0,1,10,5,0,0,0,18,200,1,52,0,0,0,0,200,200
401189,0,30,0,3,0,3,10,5,0,0,0,0,0,1,37,200,200,200,0,200,200
401189,0,30,0,3,0,3,10,5,0,0,0,0,0,1,43,0,0,0,0,200,200
401190,0,30,1,2,0,1,10,3,0,0,0,16,200,1,28,0,3,0,0,200,200
401190,0,30,1,2,0,1,10,3,0,0,0,16,200,1,30,0,0,0,0,200,200
401190,1,30,1,2,0,1,10,3,0,0,0,16,200,1,0,5,200,200,200,200,200
401198,0,15,0,0,0,1,7,7,0,0,0,0,0,0,61,200,200,200,0,200,200
401205,0,20,0,0,0,200,7,6,0,0,0,0,0,2,200,200,200,200,200,200,200
401208,0,35,1,2,0,1,12,5,0,0,0,0,0,0,200,200,0,200,200,200,200
401208,0,35,1,2,0,1,12,5,0,0,0,0,0,0,19,0,0,0,0,200,200
401211,0,30,2,2,0,1,11,5,0,0,0,33,200,1,30,0,12,5,0,200,200
401211,0,30,2,2,0,1,11,5,0,0,0,33,200,0,200,200,0,200,200,200,200
401214,0,20,0,0,2,1,7,0,0,1,0,14,20,0,22,1,8,0,0,200,200
401218,0,30,1,2,1,1,9,2,0,0,0,17,8,1,56,200,1,0,0,200,200
401218,5,30,1,2,1,1,9,2,0,0,0,17,8,1,61,7,0,0,7,200,200
401218,1,30,1,2,1,1,9,2,0,0,0,17,8,0,3,4,200,200,200,200,200
401218,1,30,1,2,1,1,9,2,0,0,0,17,8,1,3,4,200,200,200,200,200
401225,0,30,0,0,0,2,7,6,0,0,0,0,200,2,200,200,200,200,200,200,200
401227,0,30,0,0,0,1,0,5,0,0,200,17,0,0,81,0,1,200,0,200,200
401227,0,30,0,0,0,1,0,5,0,0,200,17,0,0,63,0,0,0,0,200,200
401250,5,25,0,0,2,1,9,5,0,1,0,33,200,1,14,7,1,5,0,200,200
401250,0,25,0,0,2,1,9,5,0,1,0,33,200,1,21,0,0,5,0,200,200
401252,0,30,0,0,2,1,7,5,0,1,0,0,0,0,200,200,200,200,200,200,200
401254,0,30,1,2,2,1,14,2,0,1,0,34,200,1,74,200,5,0,0,200,200
401254,0,30,1,2,2,1,14,2,0,1,0,34,200,0,62,0,0,0,0,200,200
401254,1,30,1,2,2,1,14,2,0,1,0,34,200,0,60,0,200,200,200,200,200
401254,1,30,1,2,2,1,14,2,0,1,0,34,200,0,58,0,200,200,200,200,200
401256,0,30,0,0,2,1,14,5,0,1,0,17,200,1,64,200,1,5,0,200,200
401256,0,30,0,0,2,1,14,5,0,1,0,17,200,1,23,200,0,5,0,200,200
401261,0,30,1,2,0,1,14,3,0,0,0,23,11,1,26,0,7,0,0,200,200
401261,0,30,1,2,0,1,14,3,0,0,0,23,11,0,19,0,0,0,0,200,200
401261,1,30,1,2,0,1,14,3,0,0,0,23,11,0,200,0,200,200,200,200,200
401262,0,5,0,0,0,1,11,2,0,12,0,22,0,0,200,200,2,200,200,200,200
401262,0,5,0,0,0,1,11,2,0,12,0,22,0,1,50,0,0,0,0,200,200
401262,1,5,0,0,0,1,11,2,0,12,0,22,0,2,200,200,200,200,200,200,200
401263,0,30,0,0,0,1,7,6,0,0,0,0,200,2,200,200,200,200,200,200,200
401266,0,30,1,2,0,1,10,5,0,0,0,16,200,0,46,0,3,0,0,200,200
401266,0,30,1,2,0,1,10,5,0,0,0,16,200,1,48,0,0,0,0,200,200
401274,0,30,0,0,200,200,7,5,0,200,0,0,0,2,200,200,200,200,200,200,200
401276,0,30,0,0,2,1,12,5,0,1,0,17,11,0,74,0,0,0,0,200,200
401276,0,30,0,0,2,1,12,5,0,1,0,17,11,1,51,0,1,0,0,200,200
401278,0,30,1,2,1,1,14,5,0,0,0,23,23,0,36,0,7,200,0,200,200
401278,0,30,1,2,1,1,14,5,0,0,0,23,23,1,200,200,200,200,200,200,200
401279,0,15,200,200,200,200,7,7,0,200,0,0,0,2,200,200,200,200,200,200,200
401280,0,30,0,0,2,1,12,2,0,1,0,22,200,1,27,0,2,200,0,200,200
401280,0,30,0,0,2,1,12,2,0,1,0,22,200,0,49,0,0,0,0,200,200
401280,1,30,0,0,2,1,12,2,0,1,0,22,200,0,200,5,200,200,200,200,200
401280,1,30,0,0,2,1,12,2,0,1,0,22,200,1,51,0,200,200,200,200,200
401282,0,30,1,2,2,1,10,5,0,1,0,16,200,2,200,200,200,200,200,200,200
401282,0,30,1,2,2,1,10,5,0,1,0,16,200,1,33,0,0,0,0,200,200
401282,1,30,1,2,2,1,10,5,0,1,0,16,200,1,7,5,200,200,200,200,200
401287,0,30,2,2,2,1,10,5,0,1,0,34,34,0,53,0,3,0,0,200,200
401287,0,30,2,2,2,1,10,5,0,1,0,34,34,1,34,0,0,0,0,200,200
401289,0,40,0,0,2,1,10,3,0,1,0,18,34,0,34,0,3,0,0,200,200
401289,0,40,0,0,2,1,10,3,0,1,0,18,34,0,53,0,0,0,0,200,200
401289,0,40,0,0,2,1,10,3,0,1,0,18,34,0,25,7,0,0,0,200,200
401289,1,40,0,0,2,1,10,3,0,1,0,18,34,0,58,0,200,200,200,200,200
401290,0,30,2,2,2,1,0,5,0,1,0,0,0,1,39,0,1,0,0,200,200
401290,0,30,2,2,2,1,0,5,0,1,0,0,0,0,76,0,0,0,0,200,200
401291,0,30,0,0,2,1,14,3,0,1,0,17,200,1,22,0,1,0,0,200,200
401291,0,30,0,0,2,1,14,3,0,1,0,17,200,0,34,0,0,0,0,200,200
401291,1,30,0,0,2,1,14,3,0,1,0,17,200,1,200,0,200,200,200,200,200
401292,0,30,1,2,2,1,0,1,0,1,0,12,34,1,77,0,12,0,0,200,200
401292,0,30,1,2,2,1,0,1,0,1,0,12,34,0,60,0,0,0,0,200,200
401296,0,30,2,2,2,1,0,5,0,1,0,17,5,1,39,0,0,0,0,200,200
401296,0,30,2,2,2,1,0,5,0,1,0,17,5,0,200,200,1,200,200,200,200
401302,0,30,0,0,0,1,12,5,0,0,0,0,0,1,200,200,200,200,200,200,200
401302,0,30,0,0,0,1,12,5,0,0,0,0,0,1,44,0,0,0,0,200,200
401305,0,30,0,0,2,1,14,5,0,1,200,0,200,1,24,200,1,200,0,200,200
401305,0,30,0,0,2,1,14,5,0,1,200,0,200,0,54,200,0,200,0,200,200
401310,0,20,2,2,2,1,10,6,0,1,0,18,16,1,57,0,8,0,0,200,200
401313,0,30,0,0,2,1,10,5,0,1,200,34,200,0,27,0,200,4,0,200,200
401313,0,30,0,0,2,1,10,5,0,1,200,34,200,1,70,0,0,0,0,200,200
401313,1,30,0,0,2,1,10,5,0,1,200,34,200,0,200,0,200,200,200,200,200
401317,0,30,1,2,2,1,0,5,0,1,0,17,11,0,27,200,1,0,0,200,200
401317,0,30,1,2,2,1,0,5,0,1,0,17,11,0,37,0,0,0,0,200,200
401317,1,30,1,2,2,1,0,5,0,1,0,17,11,0,16,200,200,200,200,200,200
401319,0,30,1,2,0,1,14,2,2,0,0,0,0,1,200,0,0,200,0,200,200
401319,0,30,1,2,0,1,14,2,2,0,0,0,0,1,56,0,0,0,0,200,200
401322,0,30,0,0,2,1,10,5,0,1,0,0,0,2,200,200,200,200,200,200,200
401322,0,30,0,0,2,1,10,5,0,1,0,0,0,0,57,200,0,200,0,200,200
401323,0,30,1,200,2,1,14,5,0,1,200,18,200,0,65,200,3,200,200,200,200
401323,0,30,1,200,2,1,14,5,0,1,200,18,200,0,28,200,0,0,0,200,200
401326,5,30,1,2,2,1,9,5,0,1,0,0,0,1,10,200,200,200,0,200,200
401326,0,30,1,2,2,1,9,5,0,1,0,0,0,2,200,200,8,200,200,200,200
401329,0,30,0,0,2,1,10,5,0,1,0,17,200,0,61,0,1,0,0,200,200
401329,0,30,0,0,2,1,10,5,0,1,0,17,200,1,37,0,0,0,0,200,200
401339,0,30,0,0,2,1,10,3,0,1,0,18,200,0,47,0,3,0,0,200,200
401339,0,30,0,0,2,1,10,3,0,1,0,18,200,1,21,0,0,0,0,200,200
401340,0,30,1,2,2,1,10,5,0,1,0,0,200,0,200,200,200,200,200,200,200
401340,0,30,1,2,2,1,10,5,0,1,0,0,200,1,61,0,0,0,0,200,200
401341,0,30,0,0,200,1,12,5,0,200,200,0,0,0,22,0,200,200,200,200,200
401341,0,30,0,0,200,1,12,5,0,200,200,0,0,0,20,0,0,0,0,200,200
401347,0,30,1,2,2,1,14,5,0,1,0,34,0,0,25,0,7,0,0,200,200
401347,0,30,1,2,2,1,14,5,0,1,0,34,0,0,61,0,12,0,0,200,200
401347,1,30,1,2,2,1,14,5,0,1,0,34,0,1,21,0,200,200,200,200,200
401349,0,30,1,2,2,1,14,6,0,1,0,17,6,1,46,200,5,0,0,200,200
401349,0,30,1,2,2,1,14,6,0,1,0,17,6,0,31,200,0,0,0,200,200
401349,1,30,1,2,2,1,14,6,0,1,0,17,6,0,200,200,200,200,200,200,200
401352,0,25,2,0,0,1,10,6,0,0,0,18,0,0,19,0,3,0,0,200,200
401352,0,25,2,0,0,1,10,6,0,0,0,18,0,1,33,0,0,0,0,200,200
401352,1,25,2,0,0,1,10,6,0,0,0,18,0,0,200,0,200,200,200,200,200
401360,0,30,1,2,2,1,10,6,0,1,0,18,200,0,200,0,3,200,200,200,200
401360,0,30,1,2,2,1,10,6,0,1,0,18,200,0,39,0,0,0,0,200,200
401361,0,30,0,0,0,1,7,5,0,0,0,0,0,0,200,200,200,200,200,200,200
401362,0,30,0,0,0,1,12,5,3,1,0,22,16,1,52,0,2,0,0,200,200
401362,0,30,0,0,0,1,12,5,3,1,0,22,16,1,47,0,0,0,0,200,200
401362,1,30,0,0,0,1,12,5,3,1,0,22,16,1,200,0,200,200,200,200,200
401363,0,30,0,0,0,1,2,0,0,0,0,20,200,1,200,200,6,200,200,200,200
401370,0,30,0,0,2,1,14,5,0,1,200,8,18,0,200,200,3,200,200,200,200
401370,0,30,0,0,2,1,14,5,0,1,200,8,18,0,26,0,12,0,0,200,200
401374,0,15,0,0,2,1,2,5,0,1,0,0,200,0,50,7,12,0,0,200,200
401374,1,15,0,0,2,1,2,5,0,1,0,0,200,1,200,7,200,200,200,200,200
401375,0,20,0,0,0,3,7,7,0,0,0,0,200,1,200,200,6,200,200,200,200
401375,1,20,0,0,0,3,7,7,0,0,0,0,200,1,35,0,200,200,200,200,200
401376,0,30,200,200,200,200,10,200,0,200,200,0,200,1,200,200,200,200,200,200,200
401376,0,30,200,200,200,200,10,200,0,200,200,0,200,0,60,0,200,200,200,200,200
401376,1,30,200,200,200,200,10,200,0,200,200,0,200,1,200,200,200,200,200,200,200
401376,1,30,200,200,200,200,10,200,0,200,200,0,200,1,67,0,200,200,200,200,200
401378,0,30,0,0,0,1,7,6,0,0,0,200,200,2,200,200,200,200,200,200,200
401380,0,30,0,2,2,200,12,2,0,1,0,15,17,0,17,200,1,200,200,200,200
401380,0,30,0,2,2,200,12,2,0,1,0,15,17,2,60,200,200,1,0,200,200
401381,0,30,2,2,2,1,14,5,0,1,0,17,23,0,82,200,1,200,0,200,200
401381,0,30,2,2,2,1,14,5,0,1,0,17,23,1,23,200,0,0,0,200,200
401386,0,25,0,0,2,1,7,5,0,1,0,0,0,0,36,200,12,0,0,200,200
401389,0,25,2,2,0,1,10,6,0,0,200,0,0,0,43,0,200,0,0,200,200
401389,0,25,2,2,0,1,10,6,0,0,200,0,0,0,20,0,0,0,0,200,200
401393,0,30,1,2,0,1,0,5,0,0,0,0,0,0,74,200,200,200,200,200,200
401393,0,30,1,2,0,1,0,5,0,0,0,0,0,0,36,0,0,0,0,200,200
401397,0,30,2,2,2,1,14,5,0,1,200,17,33,0,0,0,1,1,200,200,200
401397,0,30,2,2,2,1,14,5,0,1,200,17,33,0,31,0,0,200,200,200,200
401397,1,30,2,2,2,1,14,5,0,1,200,17,33,1,21,0,200,200,200,200,200
401397,1,30,2,2,2,1,14,5,0,1,200,17,33,0,2,5,200,200,200,200,200
401404,0,30,0,0,2,1,10,5,0,1,0,0,200,0,21,0,3,0,0,200,200
401404,0,30,0,0,2,1,10,5,0,1,0,0,200,0,200,0,0,0,0,200,200
401405,0,30,2,2,1,1,10,6,0,1,0,0,0,2,200,200,200,200,200,200,200
401405,0,30,2,2,1,1,10,6,0,1,0,0,0,0,18,0,0,0,0,200,200
401405,1,30,2,2,1,1,10,6,0,1,0,0,0,1,19,0,200,200,200,200,200
401405,1,30,2,2,1,1,10,6,0,1,0,0,0,0,21,0,200,200,200,200,200
401405,1,30,2,2,1,1,10,6,0,1,0,0,0,1,2,5,200,200,200,200,200
401407,0,30,0,0,0,1,0,5,0,0,0,18,200,1,53,0,1,0,0,200,200
401407,0,30,0,0,0,1,0,5,0,0,0,18,200,1,53,0,0,0,0,200,200
401411,0,30,0,0,0,1,7,7,0,0,0,20,0,0,63,0,6,0,0,200,200
401412,0,30,0,0,0,3,7,5,0,0,0,0,200,2,200,200,200,200,200,200,200
401418,0,30,1,2,2,1,12,2,0,1,0,22,21,0,31,0,2,0,0,200,200
401418,0,30,1,2,2,1,12,2,0,1,0,22,21,1,43,0,0,0,0,200,200
401419,0,30,1,2,2,1,10,5,0,1,0,0,34,0,200,0,200,0,0,200,200
401419,0,30,1,2,2,1,10,5,0,1,0,0,34,0,200,0,0,0,0,200,200
401423,0,30,0,0,0,1,2,5,0,0,0,0,0,0,50,200,200,200,200,200,200
401427,0,35,1,2,0,1,14,1,0,0,0,23,17,1,200,200,7,200,200,200,200
401427,0,35,1,2,0,1,14,1,0,0,0,23,17,1,36,0,0,0,0,200,200
401427,0,35,1,2,0,1,14,1,0,0,0,23,17,0,33,0,0,0,0,200,200
401427,1,35,1,2,0,1,14,1,0,0,0,23,17,1,13,0,200,200,200,200,200
401427,1,35,1,2,0,1,14,1,0,0,0,23,17,1,11,0,200,200,200,200,200
401427,1,35,1,2,0,1,14,1,0,0,0,23,17,1,10,0,200,200,200,200,200
401430,0,30,2,2,2,1,10,2,0,1,0,16,0,0,20,0,200,0,0,200,200
401430,0,30,2,2,2,1,10,2,0,1,0,16,0,1,41,0,0,0,0,200,200
401430,1,30,2,2,2,1,10,2,0,1,0,16,0,0,32,0,200,200,200,200,200
401430,1,30,2,2,2,1,10,2,0,1,0,16,0,0,200,0,200,200,200,200,200
401431,0,30,1,2,2,1,12,5,0,1,0,0,200,0,200,200,200,200,200,200,200
401431,0,30,1,2,2,1,12,5,0,1,0,0,200,0,48,0,0,0,0,200,200
401432,0,30,1,2,0,1,10,6,0,0,0,0,0,0,32,200,200,200,200,200,200
401432,0,30,1,2,0,1,10,6,0,0,0,0,0,1,50,0,0,0,0,200,200
401438,0,30,2,0,2,1,14,5,0,1,0,0,0,1,46,0,0,0,0,200,200
401438,0,30,2,0,2,1,14,5,0,1,0,0,0,0,37,0,0,0,0,200,200
401438,1,30,2,0,2,1,14,5,0,1,0,0,0,0,17,0,200,200,200,200,200
401440,0,25,1,2,0,1,11,5,0,0,0,20,200,1,65,200,6,200,0,200,200
401440,0,25,1,2,0,1,11,5,0,0,0,20,200,0,0,200,0,0,0,200,200
401443,0,30,0,0,0,1,10,2,0,1,0,34,16,1,44,0,3,0,0,200,200
401443,0,30,0,0,0,1,10,2,0,1,0,34,16,1,31,0,1,0,0,200,200
401444,0,30,0,0,0,1,12,5,0,0,0,200,200,0,35,200,0,0,0,200,200
401444,0,30,0,0,0,1,12,5,0,0,0,200,200,0,37,0,0,0,0,200,200
401445,0,30,1,2,2,1,14,5,0,1,0,23,200,0,43,0,7,0,0,200,200
401445,0,30,1,2,2,1,14,5,0,1,0,23,200,0,40,0,0,0,0,200,200
401448,0,30,0,0,0,4,8,5,0,0,0,23,0,0,200,200,7,200,200,200,200
401448,4,30,0,0,0,4,8,5,0,0,0,23,0,0,56,2,200,200,200,200,200
401452,0,30,1,2,0,1,14,2,0,1,0,17,200,0,0,0,1,0,0,200,200
401452,0,30,1,2,0,1,14,2,0,1,0,17,200,0,20,0,0,0,0,200,200
401456,0,30,1,200,2,1,10,5,0,1,200,34,200,0,69,200,8,0,0,200,200
401456,0,30,1,200,2,1,10,5,0,1,200,34,200,1,45,200,0,0,0,200,200
401461,0,30,0,0,200,200,7,6,0,200,200,0,0,2,200,200,200,200,200,200,200
401471,0,30,1,2,1,1,7,5,0,1,0,0,200,1,39,0,200,200,0,200,200
401476,0,30,0,0,0,1,12,3,0,1,0,21,200,0,47,0,4,0,0,200,200
401476,0,30,0,0,0,1,12,3,0,1,0,21,200,0,27,0,0,0,0,200,200
401485,0,35,1,2,2,1,14,6,0,1,0,23,200,0,200,200,7,200,200,200,200
401485,0,35,1,2,2,1,14,6,0,1,0,23,200,0,36,0,0,0,0,200,200
401489,0,30,1,2,0,1,0,2,0,1,0,6,16,0,200,200,5,200,200,200,200
401489,0,30,1,2,0,1,0,2,0,1,0,6,16,0,74,0,0,0,0,200,200
401496,0,30,0,0,0,1,7,7,0,0,0,200,200,0,200,200,0,200,200,200,200
401496,1,30,0,0,0,1,7,7,0,0,0,200,200,1,200,1,200,200,200,200,200
401498,0,30,0,0,0,1,7,5,0,0,0,0,0,2,200,200,200,200,200,200,200
401501,0,25,0,0,2,200,7,5,0,1,0,34,0,0,41,200,200,200,0,200,200
401501,1,25,0,0,2,200,7,5,0,1,0,34,0,1,42,200,200,200,200,200,200
401505,0,25,2,2,2,1,2,3,5,1,0,14,11,0,47,0,8,0,0,200,200
401505,1,25,2,2,2,1,2,3,5,1,0,14,11,1,56,7,200,200,200,200,200
401505,1,25,2,2,2,1,2,3,5,1,0,14,11,0,43,7,200,200,200,200,200
401505,1,25,2,2,2,1,2,3,5,1,0,14,11,1,32,7,200,200,200,200,200
401506,0,15,0,0,2,1,7,7,0,1,12,33,21,0,59,200,12,12,0,200,200
401509,0,30,0,0,0,1,12,5,0,0,0,0,0,1,200,200,7,200,200,200,200
401509,0,30,0,0,0,1,12,5,0,0,0,0,0,0,35,0,0,0,0,200,200
401511,0,30,1,0,1,1,10,5,0,1,0,0,200,0,200,200,3,200,200,200,200
401511,0,30,1,0,1,1,10,5,0,1,0,0,200,1,33,0,0,0,0,200,200
401513,0,30,0,0,0,1,12,6,0,0,0,17,0,1,20,200,1,0,0,200,200
401513,0,30,0,0,0,1,12,6,0,0,0,17,0,0,28,200,0,0,0,200,200
401513,1,30,0,0,0,1,12,6,0,0,0,17,0,1,23,200,200,200,200,200,200
401513,1,30,0,0,0,1,12,6,0,0,0,17,0,0,24,200,200,200,200,200,200
401514,0,30,0,0,0,1,0,5,0,200,200,0,0,0,61,0,200,200,200,200,200
401514,0,30,0,0,0,1,0,5,0,200,200,0,0,0,36,0,0,200,0,200,200
401515,0,30,1,2,1,1,10,5,0,1,0,18,11,0,18,0,3,0,0,200,200
401515,0,30,1,2,1,1,10,5,0,1,0,18,11,1,48,0,12,0,0,200,200
401524,0,30,1,2,0,1,10,5,0,0,0,0,0,0,200,200,200,200,200,200,200
401524,0,30,1,2,0,1,10,5,0,0,0,0,0,1,54,200,200,200,200,200,200
401526,0,30,0,0,0,1,10,5,0,0,0,200,200,0,200,200,0,200,200,200,200
401526,0,30,0,0,0,1,10,5,0,0,0,200,200,1,25,0,0,0,0,200,200
401526,1,30,0,0,0,1,10,5,0,0,0,200,200,1,200,5,200,200,200,200,200
401526,1,30,0,0,0,1,10,5,0,0,0,200,200,1,200,0,200,200,200,200,200
401530,0,30,0,0,2,1,10,2,0,1,0,0,0,0,20,200,200,200,200,200,200
401530,0,30,0,0,2,1,10,2,0,1,0,0,0,1,57,0,0,0,0,200,200
401530,1,30,0,0,2,1,10,2,0,1,0,0,0,0,200,200,200,200,200,200,200
401539,0,30,0,0,0,1,7,2,0,0,0,0,0,2,200,200,200,200,200,200,200
401542,0,30,0,0,0,3,7,5,0,0,0,0,200,0,200,200,12,200,200,200,200
401548,0,5,0,0,0,1,12,7,0,0,0,0,200,1,200,200,12,200,200,200,200
401548,0,5,0,0,0,1,12,7,0,0,0,0,200,0,46,0,12,0,0,200,200
401548,1,5,0,0,0,1,12,7,0,0,0,0,200,1,31,0,200,200,200,200,200
401549,0,30,0,0,2,1,7,2,0,1,0,0,200,0,21,200,200,200,200,200,200
401556,0,30,0,0,0,3,12,5,0,0,0,0,0,0,57,200,200,200,200,200,200
401556,0,30,0,0,0,3,12,5,0,0,0,0,0,1,40,0,0,0,0,200,200
401563,0,30,0,0,0,4,7,5,0,0,0,200,200,2,200,200,200,200,200,200,200
401566,0,35,1,2,2,1,10,5,0,1,0,0,0,1,200,200,200,200,200,200,200
401566,0,35,1,2,2,1,10,5,0,1,0,0,0,0,200,200,200,200,200,200,200
401566,0,35,1,2,2,1,10,5,0,1,0,0,0,1,33,0,0,0,0,200,200
401566,1,35,1,2,2,1,10,5,0,1,0,0,0,1,40,0,200,200,200,200,200
401566,1,35,1,2,2,1,10,5,0,1,0,0,0,0,17,0,200,200,200,200,200
401567,0,30,1,2,2,1,10,5,0,1,0,18,200,0,200,200,200,200,200,200,200
401567,0,30,1,2,2,1,10,5,0,1,0,18,200,0,38,0,0,0,0,200,200
401575,0,30,0,0,1,1,7,6,0,1,0,0,0,0,200,200,200,200,200,200,200
401579,0,30,0,0,200,1,7,5,0,0,0,0,200,2,200,200,200,200,200,200,200
401586,0,30,0,0,2,1,12,6,0,200,200,22,200,1,41,200,4,200,200,200,200
401586,0,30,0,0,2,1,12,6,0,200,200,22,200,0,25,200,200,200,0,200,200
401587,0,30,0,0,2,1,10,5,0,1,0,16,16,1,37,0,0,0,0,200,200
401587,0,30,0,0,2,1,10,5,0,1,0,16,16,0,54,0,1,0,0,200,200
401592,0,30,0,0,0,1,12,5,0,0,200,0,200,0,200,0,7,0,0,200,200
401592,0,30,0,0,0,1,12,5,0,0,200,0,200,1,30,0,0,0,0,200,200
401594,0,30,0,0,0,1,14,2,0,0,0,200,200,0,27,0,0,0,0,200,200
401594,0,30,0,0,0,1,14,2,0,0,0,200,200,1,44,1,0,0,0,200,200
401595,0,30,0,0,0,1,12,5,0,0,0,0,0,0,200,200,4,0,0,200,200
401595,0,30,0,0,0,1,12,5,0,0,0,0,0,0,53,0,0,0,0,200,200
401599,0,30,1,2,2,1,10,5,0,1,0,7,20,0,34,0,15,0,0,200,1
401599,0,30,1,2,2,1,10,5,0,1,0,7,20,1,62,0,0,0,0,200,200
401600,0,30,0,0,200,200,7,6,0,200,200,0,0,2,200,200,200,200,200,200,200
401601,0,20,0,0,1,1,12,5,0,0,0,21,11,1,20,0,4,0,0,200,200
401601,0,20,0,0,1,1,12,5,0,0,0,21,11,0,29,0,12,0,0,200,200
401606,0,25,0,0,0,1,7,6,0,0,0,0,200,1,19,200,12,0,0,200,200
401609,0,30,0,0,1,1,0,5,0,0,0,17,200,1,63,0,1,0,0,200,200
401609,0,30,0,0,1,1,0,5,0,0,0,17,200,0,35,0,0,0,0,200,200
401611,0,30,0,0,0,1,0,2,0,1,0,20,0,0,46,200,6,200,0,200,200
401611,0,30,0,0,0,1,0,2,0,1,0,20,0,0,58,200,0,200,0,200,200