RD_NO,PERSON_TYPE,POSTED_SPEED_LIMIT,TRAFFIC_CONTROL_DEVICE,DEVICE_CONDITION,WEATHER_CONDITION,LIGHTING_CONDITION,FIRST_CRASH_TYPE,TRAFFICWAY_TYPE,ALIGNMENT,ROADWAY_SURFACE_COND,ROAD_DEFECT,PRIM_CONTRIBUTORY_CAUSE,SEC_CONTRIBUTORY_CAUSE,SEX,AGE,SAFETY_EQUIPMENT,DRIVER_ACTION,DRIVER_VISION,PHYSICAL_CONDITION,BAC_RESULT VALUE,CELL_PHONE_USE
401613,0,30,0,0,2,1,14,2,0,1,0,23,0,0,25,0,7,0,0,200,200
401613,0,30,0,0,2,1,14,2,0,1,0,23,0,1,200,0,0,0,0,200,200
401617,0,30,200,200,0,1,0,2,0,0,0,0,0,0,25,200,200,200,0,200,200
401617,0,30,200,200,0,1,0,2,0,0,0,0,0,0,36,200,200,200,0,200,200
401620,0,35,0,2,2,1,12,5,0,1,0,22,34,1,37,0,2,0,0,200,200
401620,0,35,0,2,2,1,12,5,0,1,0,22,34,0,41,0,12,0,0,200,200
401620,1,35,0,2,2,1,12,5,0,1,0,22,34,1,17,0,200,200,200,200,200
401620,1,35,0,2,2,1,12,5,0,1,0,22,34,1,7,0,200,200,200,200,200
401622,0,30,0,0,0,1,7,6,0,1,0,0,0,0,200,0,0,0,0,200,200
401622,1,30,0,0,0,1,7,6,0,1,0,0,0,0,200,0,200,200,200,200,200
401622,1,30,0,0,0,1,7,6,0,1,0,0,0,0,200,0,200,200,200,200,200
401622,1,30,0,0,0,1,7,6,0,1,0,0,0,0,200,0,200,200,200,200,200
401631,0,30,0,0,1,1,10,5,0,0,0,18,11,1,27,0,3,0,0,200,200
401631,0,30,0,0,1,1,10,5,0,0,0,18,11,0,42,0,12,0,0,200,200
401633,0,30,0,0,0,1,0,0,0,0,0,200,200,1,48,0,0,0,0,200,200
401633,0,30,0,0,0,1,0,0,0,0,0,200,200,0,40,0,0,0,0,200,200
401633,1,30,0,0,0,1,0,0,0,0,0,200,200,1,200,200,200,200,200,200,200
401634,0,30,1,2,1,1,10,5,0,0,0,0,200,0,44,0,0,0,0,200,200
401634,0,30,1,2,1,1,10,5,0,0,0,0,200,0,200,200,1,200,200,200,200
401637,0,30,1,2,1,1,14,5,0,200,200,33,200,0,29,7,0,12,0,200,200
401637,0,30,1,2,1,1,14,5,0,200,200,33,200,1,56,7,0,12,0,200,200
401637,1,30,1,2,1,1,14,5,0,200,200,33,200,0,4,5,200,200,200,200,200
401638,0,30,0,0,2,1,14,2,0,1,0,16,200,1,39,0,8,0,0,200,200
401638,0,30,0,0,2,1,14,2,0,1,0,16,200,0,59,0,0,0,0,200,200
401640,0,30,1,2,0,1,0,5,0,0,0,0,0,2,200,200,200,200,200,200,200
401640,0,30,1,2,0,1,0,5,0,0,0,0,0,0,56,0,0,0,0,200,200
401642,0,30,0,0,0,1,14,6,0,0,0,18,200,1,200,0,1,5,0,200,200
401642,0,30,0,0,0,1,14,6,0,0,0,18,200,1,37,0,0,0,0,200,200
401643,0,25,0,0,0,1,7,5,0,0,0,25,0,2,200,200,200,200,200,200,200
401644,0,35,0,0,2,1,2,3,0,1,0,12,12,0,38,0,0,0,0,200,200
401653,0,30,0,0,0,1,14,5,0,200,0,0,0,0,69,0,1,200,200,200,200
401653,0,30,0,0,0,1,14,5,0,200,0,0,0,1,26,0,0,0,200,200,200
401653,1,30,0,0,0,1,14,5,0,200,0,0,0,0,67,0,200,200,200,200,200
401654,0,30,2,2,2,1,0,5,0,1,0,17,0,1,200,200,1,200,200,200,200
401654,0,30,2,2,2,1,0,5,0,1,0,17,0,0,200,0,0,0,0,200,200
401654,1,30,2,2,2,1,0,5,0,1,0,17,0,1,200,0,200,200,200,200,200
401654,1,30,2,2,2,1,0,5,0,1,0,17,0,0,200,5,200,200,200,200,200
401654,1,30,2,2,2,1,0,5,0,1,0,17,0,1,200,5,200,200,200,200,200
401654,1,30,2,2,2,1,0,5,0,1,0,17,0,1,200,5,200,200,200,200,200
401665,0,30,1,2,0,1,10,5,0,0,0,18,0,1,200,200,3,200,200,200,200
401665,0,30,1,2,0,1,10,5,0,0,0,18,0,1,56,0,0,0,0,200,200
401668,0,30,0,0,0,3,10,5,0,0,0,0,0,0,200,200,200,200,200,200,200
401668,0,30,0,0,0,3,10,5,0,0,0,0,0,0,74,0,0,4,0,200,200
401668,1,30,0,0,0,3,10,5,0,0,0,0,0,1,200,0,200,200,200,200,200
401669,0,30,1,2,2,0,10,5,0,1,0,34,200,0,27,200,200,200,0,200,200
401669,0,30,1,2,2,0,10,5,0,1,0,34,200,0,19,200,0,0,0,200,200
401671,0,35,0,0,0,0,7,5,0,200,0,0,0,2,200,200,200,200,200,200,200
401685,0,30,1,2,0,1,10,5,0,0,0,18,0,0,59,0,3,0,0,200,200
401685,0,30,1,2,0,1,10,5,0,0,0,18,0,1,22,0,12,0,0,200,200
401689,0,30,0,0,0,1,10,5,0,0,0,0,200,0,46,0,3,0,0,200,200
401689,0,30,0,0,0,1,10,5,0,0,0,0,200,1,24,0,0,0,0,200,200
401699,0,40,0,0,2,1,12,3,3,1,0,34,200,1,25,0,0,0,0,200,200
401699,0,40,0,0,2,1,12,3,3,1,0,34,200,0,200,0,0,0,0,200,200
401703,0,30,2,2,2,1,0,2,0,1,0,5,0,1,35,0,5,0,0,200,200
401703,0,30,2,2,2,1,0,2,0,1,0,5,0,1,37,0,0,0,0,200,200
401703,1,30,2,2,2,1,0,2,0,1,0,5,0,1,61,0,200,200,200,200,200
401703,1,30,2,2,2,1,0,2,0,1,0,5,0,1,18,0,200,200,200,200,200
401708,0,30,0,0,0,1,7,5,0,0,0,0,0,1,54,200,200,200,200,200,200
401713,0,40,0,0,2,1,12,3,3,1,0,200,34,1,24,0,12,0,0,200,200
401713,0,40,0,0,2,1,12,3,3,1,0,200,34,1,27,0,0,0,0,200,200
401713,1,40,0,0,2,1,12,3,3,1,0,200,34,1,12,0,200,200,200,200,200
401713,1,40,0,0,2,1,12,3,3,1,0,200,34,0,5,5,200,200,200,200,200
401714,0,15,2,2,0,1,14,5,0,1,0,0,0,1,34,200,200,0,0,200,200
401714,0,15,2,2,0,1,14,5,0,1,0,0,0,0,46,200,200,200,0,200,200
401715,0,30,0,0,1,1,7,5,0,1,200,0,0,0,59,0,0,0,0,200,200
401717,0,30,0,0,0,1,14,5,0,1,0,0,0,0,200,200,200,200,200,200,200
401717,0,30,0,0,0,1,14,5,0,1,0,0,0,1,60,0,0,0,200,200,200
401717,1,30,0,0,0,1,14,5,0,1,0,0,0,1,200,200,200,200,200,200,200
401719,0,30,1,2,200,1,10,5,0,200,0,11,200,1,200,0,3,0,0,200,200
401719,0,30,1,2,200,1,10,5,0,200,0,11,200,0,200,0,0,0,0,200,200
401723,0,0,0,0,0,1,7,5,0,0,200,0,0,2,200,200,200,200,200,200,200
401724,0,30,0,0,0,1,7,2,0,0,0,0,200,2,200,200,200,200,200,200,200
401726,0,30,1,2,0,1,10,3,0,1,0,0,0,0,200,0,200,0,0,200,200
401726,0,30,1,2,0,1,10,3,0,1,0,0,0,1,200,0,0,0,0,200,200
401729,0,30,1,2,2,1,14,6,0,1,0,18,200,0,49,200,3,200,200,200,200
401729,0,30,1,2,2,1,14,6,0,1,0,18,200,0,24,0,0,0,0,200,200
401741,0,30,0,0,1,4,14,5,0,0,0,17,200,0,45,0,1,1,0,200,200
401741,0,30,0,0,1,4,14,5,0,0,0,17,200,0,24,0,0,1,0,200,200
401741,1,30,0,0,1,4,14,5,0,0,0,17,200,1,200,0,200,200,200,200,200
401744,0,30,0,0,0,1,4,5,0,1,1,0,0,0,200,0,12,0,0,200,200
401745,0,30,0,0,0,1,7,2,0,0,0,0,0,2,200,0,200,200,200,200,0
401745,1,30,0,0,0,1,7,2,0,0,0,0,0,1,45,200,200,200,200,200,200
401745,1,30,0,0,0,1,7,2,0,0,0,0,0,0,34,200,200,200,200,200,200
401746,0,15,0,0,0,1,14,12,0,1,200,200,200,1,200,200,1,200,200,200,200
401746,0,15,0,0,0,1,14,12,0,1,200,200,200,0,52,200,12,200,0,200,200
401746,1,15,0,0,0,1,14,12,0,1,200,200,200,1,200,200,200,200,200,200,200
401766,0,20,0,0,0,3,7,6,0,0,0,0,0,2,200,200,200,200,200,200,200
401770,0,30,200,200,200,200,12,200,0,200,200,0,200,1,42,0,200,200,200,200,200
401770,0,30,200,200,200,200,12,200,0,200,200,0,200,0,55,200,200,200,200,200,200
401777,0,25,2,2,2,1,3,5,0,1,200,11,0,2,200,200,200,200,200,200,200
401777,0,25,2,2,2,1,3,5,0,1,200,11,0,1,46,200,0,200,0,200,200
401783,0,30,0,0,2,1,12,6,0,1,0,27,27,1,25,200,2,1,200,200,200
401783,0,30,0,0,2,1,12,6,0,1,0,27,27,0,37,0,12,0,0,200,200
401785,0,30,0,0,0,3,7,5,0,0,0,0,0,2,200,200,200,200,200,200,200
401786,0,30,0,0,0,1,7,5,0,0,0,0,0,2,200,200,200,200,200,200,200
401789,0,5,0,0,0,1,7,7,0,0,0,0,200,2,200,200,200,200,200,200,200
401793,0,30,0,0,0,1,0,6,0,1,0,0,200,0,38,0,200,200,0,200,200
401793,0,30,0,0,0,1,0,6,0,1,0,0,200,0,25,0,200,0,0,200,200
401795,0,30,0,0,2,1,12,5,0,1,200,22,0,2,200,200,12,200,200,200,200
401795,0,30,0,0,2,1,12,5,0,1,200,22,0,1,68,0,12,0,0,200,200
401796,0,25,0,0,1,1,7,6,0,0,0,200,200,2,200,200,200,200,200,200,200
401800,0,30,1,2,0,4,10,3,0,1,0,0,0,1,200,200,1,200,200,200,200
401800,0,30,1,2,0,4,10,3,0,1,0,0,0,1,28,0,0,200,0,200,200
401800,1,30,1,2,0,4,10,3,0,1,0,0,0,1,25,0,200,200,200,200,200
401803,0,30,0,0,1,1,12,3,0,200,200,21,200,0,23,0,4,200,0,200,200
401803,0,30,0,0,1,1,12,3,0,200,200,21,200,0,50,0,200,200,0,200,200
401803,1,30,0,0,1,1,12,3,0,200,200,21,200,1,40,0,200,200,200,200,200
401803,1,30,0,0,1,1,12,3,0,200,200,21,200,0,14,0,200,200,200,200,200
401805,0,30,0,0,0,1,12,5,0,0,0,0,0,0,200,200,2,0,0,200,200
401805,0,30,0,0,0,1,12,5,0,0,0,0,0,0,53,0,0,0,0,200,200
401810,0,25,2,0,0,4,2,5,0,0,0,27,16,0,19,0,200,0,4,200,200
401813,0,30,1,2,0,1,14,2,0,200,200,18,0,0,24,200,12,200,0,200,200
401813,0,30,1,2,0,1,14,2,0,200,200,18,0,1,31,200,12,200,0,200,200
401823,0,25,0,0,0,1,10,5,0,0,0,18,0,1,34,0,3,0,0,200,200
401823,0,25,0,0,0,1,10,5,0,0,0,18,0,0,45,0,12,0,0,200,200
401824,0,30,1,2,0,2,14,5,0,0,0,17,200,1,23,0,1,0,0,200,200
401824,0,30,1,2,0,2,14,5,0,0,0,17,200,0,62,0,0,0,0,200,200
401825,0,25,0,0,2,1,10,5,3,1,0,0,200,1,200,200,200,12,200,200,200
401825,0,25,0,0,2,1,10,5,3,1,0,0,200,0,25,200,0,0,0,200,200
401828,0,30,200,200,200,200,7,200,0,200,200,0,200,2,200,200,200,200,200,200,200
401828,1,30,200,200,200,200,7,200,0,200,200,0,200,1,200,200,200,200,200,200,200
401830,0,30,0,0,0,2,2,7,0,0,0,0,0,0,50,0,200,200,200,200,200
401831,0,30,1,2,0,1,10,5,0,0,0,0,0,0,200,0,3,0,0,200,200
401831,0,30,1,2,0,1,10,5,0,0,0,0,0,0,200,0,0,0,0,200,200
401831,1,30,1,2,0,1,10,5,0,0,0,0,0,1,200,0,200,200,200,200,200
401831,1,30,1,2,0,1,10,5,0,0,0,0,0,0,1,5,200,200,200,200,200
401833,0,30,1,2,0,1,10,5,0,0,0,0,0,0,30,0,1,0,0,200,200
401833,0,30,1,2,0,1,10,5,0,0,0,0,0,0,45,0,0,0,0,200,200
401833,0,30,1,2,0,1,10,5,0,0,0,0,0,1,49,0,0,0,0,200,200
401837,0,30,0,0,2,1,7,5,0,1,0,200,200,2,200,200,200,200,200,200,200
401841,0,30,0,0,0,1,7,5,0,0,0,0,0,0,26,200,200,200,0,200,200
401842,0,40,1,2,0,4,10,3,0,0,0,0,0,0,200,200,200,200,200,200,200
401842,0,40,1,2,0,4,10,3,0,0,0,0,0,1,200,0,0,0,0,200,200
401845,0,30,0,0,0,4,2,0,3,0,0,0,16,0,59,0,12,0,0,200,200
401852,0,35,0,0,0,1,0,5,0,0,0,0,0,1,200,200,200,200,200,200,200
401852,0,35,0,0,0,1,0,5,0,0,0,0,0,1,53,0,0,0,0,200,200
401861,0,30,0,0,0,1,10,5,0,0,0,0,0,1,39,0,200,0,0,200,200
401861,0,30,0,0,0,1,10,5,0,0,0,0,0,1,57,0,0,0,0,200,200
401865,4,30,0,0,0,1,8,5,0,0,0,18,200,0,30,2,3,0,0,200,200
401865,0,30,0,0,0,1,8,5,0,0,0,18,200,1,32,0,0,0,0,200,200
401869,0,30,200,200,2,2,14,5,0,200,200,0,200,0,26,200,200,200,200,200,200
401869,0,30,200,200,2,2,14,5,0,200,200,0,200,0,33,200,12,200,200,200,200
401873,0,30,0,0,0,1,7,5,0,0,0,0,0,1,28,200,200,200,200,200,200
401874,0,30,0,0,0,4,10,5,0,200,200,0,0,0,52,0,200,0,200,200,200
401874,0,30,0,0,0,4,10,5,0,200,200,0,0,1,50,0,0,0,200,200,200
401874,1,30,0,0,0,4,10,5,0,200,200,0,0,200,51,0,200,200,200,200,200
401877,4,25,2,200,1,4,8,6,0,200,0,0,0,1,9,200,200,0,0,200,200
401877,0,25,2,200,1,4,8,6,0,200,0,0,0,0,200,200,200,200,200,200,200
401882,0,25,0,0,0,1,14,5,0,0,0,0,200,0,200,200,7,200,200,200,200
401882,0,25,0,0,0,1,14,5,0,0,0,0,200,1,66,0,0,0,0,200,200
401898,0,30,0,0,0,1,7,5,0,0,0,200,200,0,200,200,200,200,200,200,200
401901,0,25,0,0,0,1,0,5,0,0,0,17,0,1,200,200,1,200,200,200,200
401901,0,25,0,0,0,1,0,5,0,0,0,17,0,1,20,0,12,0,0,200,200
401914,0,30,0,0,0,4,11,5,0,0,0,21,200,0,51,200,9,200,200,200,200
401914,0,30,0,0,0,4,11,5,0,0,0,21,200,0,28,200,200,0,0,200,200
401919,0,25,2,12,0,1,0,5,0,0,0,33,16,1,39,0,1,3,0,200,200
401919,0,25,2,12,0,1,0,5,0,0,0,33,16,2,200,200,200,200,200,200,200
401919,1,25,2,12,0,1,0,5,0,0,0,33,16,0,200,0,200,200,200,200,200
401922,0,35,1,2,2,4,3,2,2,1,0,17,17,1,23,0,1,0,0,200,200
401922,0,35,1,2,2,4,3,2,2,1,0,17,17,0,24,2,12,0,0,200,200
401922,1,35,1,2,2,4,3,2,2,1,0,17,17,1,23,2,200,200,200,200,200
401925,0,30,1,2,2,4,0,6,0,1,0,3,200,0,24,200,5,0,200,200,200
401925,0,30,1,2,2,4,0,6,0,1,0,3,200,0,25,0,0,0,0,200,200
401925,1,30,1,2,2,4,0,6,0,1,0,3,200,0,24,200,200,200,200,200,200
401926,0,30,1,2,0,1,10,5,0,0,0,0,0,1,200,200,1,200,200,200,200
401926,0,30,1,2,0,1,10,5,0,0,0,0,0,0,33,0,0,0,0,200,200
401927,0,10,12,1,0,200,2,7,0,0,0,0,0,1,50,0,12,0,0,200,200
401928,0,30,2,0,0,1,10,2,0,0,0,0,0,0,57,1,200,0,0,200,200
401928,0,30,2,0,0,1,10,2,0,0,0,0,0,1,43,0,200,0,0,200,200
401928,1,30,2,0,0,1,10,2,0,0,0,0,0,0,7,0,200,200,200,200,200
401928,1,30,2,0,0,1,10,2,0,0,0,0,0,1,200,0,200,200,200,200,200
401934,0,30,1,2,0,4,10,5,0,0,0,18,16,0,32,200,3,200,0,200,200
401934,0,30,1,2,0,4,10,5,0,0,0,18,16,1,18,0,0,0,0,200,200
401937,0,30,1,2,2,3,11,12,0,1,200,10,34,2,200,200,4,200,200,200,200
401937,0,30,1,2,2,3,11,12,0,1,200,10,34,0,66,200,12,200,0,200,200
401937,0,30,1,2,2,3,11,12,0,1,200,10,34,1,51,200,12,200,0,200,200
401937,0,30,1,2,2,3,11,12,0,1,200,10,34,0,74,200,12,200,0,200,200
401937,0,30,1,2,2,3,11,12,0,1,200,10,34,0,78,200,12,200,0,200,200
401937,0,30,1,2,2,3,11,12,0,1,200,10,34,1,51,200,12,200,0,200,200
401938,0,30,2,2,0,3,14,5,0,0,0,11,200,1,21,200,7,200,0,200,200
401938,0,30,2,2,0,3,14,5,0,0,0,11,200,1,24,200,0,200,0,200,200
401941,0,30,0,0,0,3,7,5,0,0,0,0,0,0,61,0,0,0,0,200,200
401941,1,30,0,0,0,3,7,5,0,0,0,0,0,0,200,0,200,200,200,200,200
401953,0,30,2,2,1,1,0,2,0,1,0,34,0,0,34,0,8,0,0,200,200
401953,0,30,2,2,1,1,0,2,0,1,0,34,0,0,29,0,0,0,0,200,200
401957,0,25,0,0,2,3,10,5,0,1,0,200,200,0,24,200,1,4,0,200,200
401957,0,25,0,0,2,3,10,5,0,1,0,200,200,0,33,200,0,0,0,200,200
401959,0,30,0,0,2,1,10,2,0,1,0,16,200,0,19,0,12,0,0,200,200
401959,0,30,0,0,2,1,10,2,0,1,0,16,200,0,56,0,0,0,0,200,200
401966,0,30,2,2,2,3,0,5,0,1,0,5,0,2,200,200,1,200,200,200,200
401966,0,30,2,2,2,3,0,5,0,1,0,5,0,0,24,0,0,200,0,200,200
401971,0,30,1,2,2,3,12,6,0,1,0,17,16,0,19,200,1,0,0,200,200
401971,0,30,1,2,2,3,12,6,0,1,0,17,16,0,22,200,0,0,0,200,200
401973,0,30,0,0,2,3,11,5,0,1,0,15,16,0,75,0,200,200,0,200,200
401973,0,30,0,0,2,3,11,5,0,1,0,15,16,0,200,200,200,200,200,200,200
401973,1,30,0,0,2,3,11,5,0,1,0,15,16,1,60,200,200,200,200,200,200
401973,1,30,0,0,2,3,11,5,0,1,0,15,16,2,200,200,200,200,200,200,200
401976,0,30,1,2,2,0,14,5,0,1,0,33,33,1,17,0,1,4,0,200,200
401976,0,30,1,2,2,0,14,5,0,1,0,33,33,0,19,0,0,0,0,200,200
401978,0,30,0,0,2,3,11,5,0,200,0,0,200,2,200,200,200,200,200,200,200
401978,0,30,0,0,2,3,11,5,0,200,0,0,200,1,33,200,0,0,0,200,200
401987,0,30,0,0,2,3,12,5,0,1,200,0,200,0,40,200,1,200,0,200,200
401987,0,30,0,0,2,3,12,5,0,1,200,0,200,0,27,200,200,200,0,200,200
401987,1,30,0,0,2,3,12,5,0,1,200,0,200,1,200,200,200,200,200,200,200
401988,0,30,2,2,2,0,10,2,0,1,0,18,34,1,200,200,3,200,200,200,200
401988,0,30,2,2,2,0,10,2,0,1,0,18,34,0,20,200,0,200,0,200,200
401988,1,30,2,2,2,0,10,2,0,1,0,18,34,1,200,200,200,200,200,200,200
401988,1,30,2,2,2,0,10,2,0,1,0,18,34,0,18,200,200,200,200,200,200
401988,1,30,2,2,2,0,10,2,0,1,0,18,34,1,200,200,200,200,200,200,200
401998,0,30,1,2,2,3,14,6,0,1,0,23,23,0,33,0,7,0,0,200,200
401998,0,30,1,2,2,3,14,6,0,1,0,23,23,0,38,0,0,0,0,200,200
402003,0,30,0,0,2,3,7,2,0,1,0,0,0,1,36,0,12,200,0,200,200
402003,1,30,0,0,2,3,7,2,0,1,0,0,0,1,7,0,200,200,200,200,200
402011,0,30,1,0,2,3,14,5,0,1,0,0,0,1,26,200,5,200,200,200,200
402011,0,30,1,0,2,3,14,5,0,1,0,0,0,0,21,0,0,0,0,200,200
402014,0,30,0,0,200,200,7,6,0,200,200,20,0,0,27,200,6,200,200,200,200
402016,0,30,2,2,2,1,14,6,0,1,200,0,0,0,24,0,3,200,0,200,200
402016,0,30,2,2,2,1,14,6,0,1,200,0,0,0,43,200,12,200,200,200,200
402017,0,30,1,2,2,0,11,5,0,1,0,6,200,0,26,200,5,200,0,200,200
402017,0,30,1,2,2,0,11,5,0,1,0,6,200,0,24,200,0,200,200,200,200
402017,1,30,1,2,2,0,11,5,0,1,0,6,200,0,27,200,200,200,200,200,200
402017,1,30,1,2,2,0,11,5,0,1,0,6,200,0,25,200,200,200,200,200,200
402017,1,30,1,2,2,0,11,5,0,1,0,6,200,0,25,200,200,200,200,200,200
402018,0,30,1,2,2,3,10,5,0,1,200,34,18,1,34,0,3,200,200,200,200
402018,0,30,1,2,2,3,10,5,0,1,200,34,18,1,200,200,12,200,200,200,200
402025,0,20,0,0,2,3,7,6,0,1,0,14,16,0,200,200,8,200,200,200,200
402037,0,30,0,0,2,3,10,2,0,1,0,18,15,0,34,0,3,0,0,200,200
402037,0,30,0,0,2,3,10,2,0,1,0,18,15,0,28,0,0,0,0,200,200
402037,1,30,0,0,2,3,10,2,0,1,0,18,15,0,1,5,200,200,200,200,200
402037,1,30,0,0,2,3,10,2,0,1,0,18,15,1,21,0,200,200,200,200,200
402043,0,10,0,0,0,1,7,7,0,1,0,0,200,0,200,200,200,200,200,200,200
402046,0,30,1,2,2,3,14,1,0,1,0,16,200,1,50,0,1,0,0,200,200
402046,0,30,1,2,2,3,14,1,0,1,0,16,200,0,36,0,0,0,0,200,200
402046,1,30,1,2,2,3,14,1,0,1,0,16,200,1,53,0,200,200,200,200,200
402047,0,30,0,0,0,1,7,7,0,0,0,20,200,1,68,200,6,200,0,200,200
402049,0,30,3,2,200,1,10,5,0,200,200,18,22,1,200,200,3,200,200,200,200
402049,0,30,3,2,200,1,10,5,0,200,200,18,22,1,31,200,12,200,200,200,200
402052,0,30,1,2,2,3,12,5,0,1,0,0,0,0,34,200,200,200,200,200,200
402052,0,30,1,2,2,3,12,5,0,1,0,0,0,1,47,0,0,0,0,200,200
402053,0,30,0,0,2,200,12,6,0,1,200,200,200,0,200,200,8,200,200,200,200
402053,0,30,0,0,2,200,12,6,0,1,200,200,200,1,32,200,200,200,200,200,200
402055,0,30,1,2,2,3,14,5,0,1,200,17,34,1,17,0,1,0,0,200,200
402055,0,30,1,2,2,3,14,5,0,1,200,17,34,0,33,0,0,0,0,200,200
402055,1,30,1,2,2,3,14,5,0,1,200,17,34,0,19,0,200,200,200,200,200
402059,0,30,1,2,2,3,14,2,0,1,200,17,25,1,23,200,1,4,0,200,200
402059,0,30,1,2,2,3,14,2,0,1,200,17,25,0,24,200,8,4,200,200,200
402059,0,30,1,2,2,3,14,2,0,1,200,17,25,0,35,200,0,4,0,200,200
402064,0,30,3,2,2,3,7,5,0,1,0,20,20,0,40,200,6,200,0,200,200
402064,1,30,3,2,2,3,7,5,0,1,0,20,20,0,200,200,200,200,200,200,200
402076,0,30,1,2,2,3,10,5,0,1,0,16,32,1,56,0,12,0,6,200,200
402076,0,30,1,2,2,3,10,5,0,1,0,16,32,0,24,0,0,0,0,200,200
402076,0,30,1,2,2,3,10,5,0,1,0,16,32,1,30,0,0,0,0,200,0
402076,1,30,1,2,2,3,10,5,0,1,0,16,32,1,1,5,200,200,200,200,200
402077,0,30,0,0,1,1,10,5,0,200,0,16,0,0,40,200,8,200,200,200,200
402077,0,30,0,0,1,1,10,5,0,200,0,16,0,0,23,0,0,0,0,200,200
402083,0,30,1,2,2,3,0,5,0,1,200,6,11,0,63,200,5,200,200,200,200
402083,0,30,1,2,2,3,0,5,0,1,200,6,11,1,38,0,0,200,0,200,200
402083,1,30,1,2,2,3,0,5,0,1,200,6,11,1,10,0,200,200,200,200,200
402083,1,30,1,2,2,3,0,5,0,1,200,6,11,1,7,0,200,200,200,200,200
402084,0,35,0,0,2,0,2,6,0,1,0,200,200,2,200,200,200,200,200,200,200
402093,0,30,1,2,0,3,12,5,0,1,0,17,0,0,19,200,1,200,0,200,200
402093,0,30,1,2,0,3,12,5,0,1,0,17,0,0,24,200,0,200,0,200,200
402096,0,35,1,2,2,3,10,2,0,1,0,16,18,0,43,0,3,0,0,200,200
402096,0,35,1,2,2,3,10,2,0,1,0,16,18,1,32,0,0,0,0,200,200
402101,0,30,1,2,2,3,9,2,0,1,0,16,0,1,39,0,8,0,0,200,200
402101,5,30,1,2,2,3,9,2,0,1,0,16,0,1,34,200,0,0,0,200,200
402105,0,30,0,0,2,3,10,5,0,1,0,18,200,0,54,200,3,0,0,200,200
402105,0,30,0,0,2,3,10,5,0,1,0,18,200,0,32,200,0,200,200,200,200
402108,0,30,0,0,2,3,7,3,0,1,0,16,21,0,39,7,8,0,0,200,200
402112,0,30,0,0,2,4,7,5,0,1,200,0,0,2,200,200,200,200,200,200,200
402122,0,35,1,2,0,3,10,3,0,1,0,16,18,0,38,200,3,200,0,200,200
402122,0,35,1,2,0,3,10,3,0,1,0,16,18,0,26,200,0,200,0,200,200
402127,0,30,0,0,0,3,0,2,0,1,0,5,4,0,17,200,1,3,0,200,200
402127,0,30,0,0,0,3,0,2,0,1,0,5,4,0,46,200,0,0,0,200,200
402131,0,30,0,0,0,3,7,5,0,1,200,0,200,2,200,200,200,200,200,200,200
402133,0,30,0,0,2,3,12,5,0,1,0,0,200,2,200,200,4,200,200,200,200
402133,0,30,0,0,2,3,12,5,0,1,0,0,200,1,25,200,200,0,7,200,200
402134,0,30,200,200,0,3,0,5,0,1,0,11,0,1,22,200,5,200,0,200,200
402134,0,30,200,200,0,3,0,5,0,1,0,11,0,1,29,200,0,200,0,200,200
402136,0,30,1,2,2,3,14,12,0,1,200,6,34,0,34,200,5,200,0,200,200
402136,0,30,1,2,2,3,14,12,0,1,200,6,34,1,25,200,0,200,0,200,200
402136,1,30,1,2,2,3,14,12,0,1,200,6,34,0,54,200,200,200,200,200,200
402136,1,30,1,2,2,3,14,12,0,1,200,6,34,1,200,200,200,200,200,200,200
402141,0,30,1,1,0,3,14,3,0,0,0,6,11,0,21,0,5,0,0,200,200
402141,0,30,1,1,0,3,14,3,0,0,0,6,11,0,55,0,0,0,0,200,200
402147,0,30,12,2,2,3,5,5,0,1,0,32,0,1,22,200,5,0,5,0.2,200
402150,0,25,0,0,2,0,7,6,0,1,0,20,200,0,29,200,10,0,0,200,200
402155,0,30,1,2,0,3,14,12,0,0,0,18,18,1,47,200,3,0,0,200,200
402155,0,30,1,2,0,3,14,12,0,0,0,18,18,0,31,200,12,0,0,200,200
402172,0,30,0,0,1,3,7,6,0,1,200,16,14,1,25,200,8,200,1,200,200
402180,0,35,0,0,0,3,7,5,0,0,0,32,0,0,39,200,8,200,5,0.18,200
402189,0,30,0,0,2,3,2,5,0,1,12,34,34,0,18,200,200,200,7,200,200
402210,0,30,0,0,0,3,2,3,0,1,0,16,200,0,73,200,4,200,0,200,200
402225,0,30,1,2,0,2,10,2,0,0,0,11,0,0,19,200,3,0,0,200,200
402225,0,30,1,2,0,2,10,2,0,0,0,11,0,1,52,200,0,0,0,200,200
402229,0,30,1,2,2,2,2,5,0,1,0,11,200,1,39,0,7,0,0,200,200
402229,1,30,1,2,2,2,2,5,0,1,0,11,200,1,25,0,200,200,200,200,200
402230,0,30,1,2,0,2,10,5,0,1,0,7,200,0,56,200,15,0,200,200,200
402230,0,30,1,2,0,2,10,5,0,1,0,7,200,0,25,200,0,0,0,200,200
402231,0,30,1,2,2,1,0,6,0,1,0,17,17,2,200,200,1,200,200,200,200
402231,0,30,1,2,2,1,0,6,0,1,0,17,17,0,36,0,0,0,0,200,200
402231,1,30,1,2,2,1,0,6,0,1,0,17,17,200,200,0,200,200,200,200,200
402232,0,20,1,2,0,3,12,5,0,1,0,0,0,0,63,0,0,0,0,200,200
402232,0,20,1,2,0,3,12,5,0,1,0,0,0,0,47,0,0,0,0,200,200