RD_NO,PERSON_TYPE,POSTED_SPEED_LIMIT,TRAFFIC_CONTROL_DEVICE,DEVICE_CONDITION,WEATHER_CONDITION,LIGHTING_CONDITION,FIRST_CRASH_TYPE,TRAFFICWAY_TYPE,ALIGNMENT,ROADWAY_SURFACE_COND,ROAD_DEFECT,PRIM_CONTRIBUTORY_CAUSE,SEC_CONTRIBUTORY_CAUSE,SEX,AGE,SAFETY_EQUIPMENT,DRIVER_ACTION,DRIVER_VISION,PHYSICAL_CONDITION,BAC_RESULT VALUE,CELL_PHONE_USE
402234,0,30,1,2,0,2,0,5,0,200,0,16,0,2,200,200,200,200,200,200,200
402234,0,30,1,2,0,2,0,5,0,200,0,16,0,0,52,0,0,200,0,200,200
402237,0,30,0,0,0,1,14,5,0,0,0,21,11,1,48,0,4,0,0,200,200
402237,0,30,0,0,0,1,14,5,0,0,0,21,11,0,49,0,12,0,0,200,200
402240,0,35,0,0,2,2,5,3,0,1,0,15,16,0,26,0,8,0,0,200,200
402242,0,30,0,2,2,1,14,5,0,1,0,23,0,1,62,200,7,200,200,200,200
402242,0,30,0,2,2,1,14,5,0,1,0,23,0,0,63,0,0,0,0,200,200
402242,1,30,0,2,2,1,14,5,0,1,0,23,0,1,200,200,200,200,200,200,200
402244,0,30,0,0,0,1,5,2,0,0,0,0,0,0,90,0,6,200,0,200,200
402250,0,35,0,0,2,2,2,3,3,1,0,15,34,0,61,200,8,0,0,200,200
402256,0,30,1,2,0,1,10,3,0,0,0,200,200,1,47,0,200,0,0,200,200
402256,0,30,1,2,0,1,10,3,0,0,0,200,200,1,37,0,0,0,0,200,200
402257,0,40,0,0,2,1,2,3,3,1,200,0,0,0,46,200,200,200,0,200,200
402268,0,30,0,0,0,1,8,5,0,0,0,0,0,0,43,0,0,0,0,200,200
402268,4,30,0,0,0,1,8,5,0,0,0,0,0,0,200,200,7,200,200,200,200
402273,0,15,0,0,1,1,7,6,0,1,0,16,200,0,46,0,12,0,0,200,200
402274,0,30,1,2,1,1,14,2,0,0,0,0,0,0,39,0,7,0,0,200,200
402274,0,30,1,2,1,1,14,2,0,0,0,0,0,0,58,0,0,0,0,200,200
402275,0,25,0,0,200,200,7,5,0,200,0,0,200,2,200,200,200,200,200,200,200
402276,0,30,1,2,1,1,14,5,0,0,0,27,6,0,32,0,200,0,0,200,200
402276,0,30,1,2,1,1,14,5,0,0,0,27,6,0,73,0,200,0,0,200,200
402280,0,30,1,2,0,1,14,2,0,0,0,22,23,1,26,0,2,0,0,200,200
402280,0,30,1,2,0,1,14,2,0,0,0,22,23,1,36,0,7,0,0,200,200
402280,1,30,1,2,0,1,14,2,0,0,0,22,23,0,11,0,200,200,200,200,200
402280,1,30,1,2,0,1,14,2,0,0,0,22,23,0,13,0,200,200,200,200,200
402284,0,25,2,2,0,1,7,5,0,0,0,23,200,1,27,0,7,0,0,200,200
402284,0,25,2,2,0,1,7,5,0,0,0,23,200,1,31,0,0,0,0,200,200
402286,0,30,1,2,1,1,14,5,0,0,0,23,200,0,50,0,7,0,0,200,200
402286,0,30,1,2,1,1,14,5,0,0,0,23,200,0,33,7,0,0,0,200,200
402286,4,30,1,2,1,1,14,5,0,0,0,23,200,0,52,7,0,0,0,200,200
402286,1,30,1,2,1,1,14,5,0,0,0,23,200,0,44,7,200,200,200,200,200
402286,1,30,1,2,1,1,14,5,0,0,0,23,200,0,44,7,200,200,200,200,200
402288,0,30,0,0,2,0,7,3,0,1,0,0,0,2,200,200,200,200,200,200,200
402290,0,35,1,2,0,1,10,5,0,0,0,16,18,1,57,200,3,0,0,200,200
402290,0,35,1,2,0,1,10,5,0,0,0,16,18,0,20,0,0,0,0,200,200
402292,0,35,0,0,0,1,12,5,0,0,0,0,0,0,200,200,4,200,200,200,200
402292,0,35,0,0,0,1,12,5,0,0,0,0,0,0,25,0,0,0,0,200,200
402293,0,35,0,0,1,1,10,2,3,1,0,0,0,1,28,0,0,0,0,200,200
402293,0,35,0,0,1,1,10,2,3,1,0,0,0,0,67,0,0,0,0,200,200
402296,0,30,1,2,1,2,0,6,0,0,0,6,16,1,57,200,5,200,200,200,200
402296,0,30,1,2,1,2,0,6,0,0,0,6,16,0,36,0,0,0,0,200,200
402300,0,15,0,0,0,2,7,7,0,0,1,29,0,0,57,0,0,0,0,200,200
402312,0,30,0,0,0,1,9,2,0,0,0,17,0,0,57,0,1,0,0,200,200
402312,5,30,0,0,0,1,9,2,0,0,0,17,0,1,48,7,0,0,0,200,200
402315,0,30,0,0,0,1,10,5,0,0,0,18,200,0,200,200,3,200,200,200,200
402315,0,30,0,0,0,1,10,5,0,0,0,18,200,1,50,200,0,0,0,200,200
402315,1,30,0,0,0,1,10,5,0,0,0,18,200,1,3,5,200,200,200,200,200
402315,1,30,0,0,0,1,10,5,0,0,0,18,200,0,6,5,200,200,200,200,200
402316,0,30,0,0,0,1,12,6,0,0,0,21,0,0,200,200,4,200,200,200,200
402316,0,30,0,0,0,1,12,6,0,0,0,21,0,0,28,200,0,0,0,200,200
402317,0,30,0,0,2,1,10,5,0,1,0,0,0,0,25,200,200,200,0,200,200
402317,0,30,0,0,2,1,10,5,0,1,0,0,0,0,44,200,200,200,0,200,200
402317,0,30,0,0,2,1,10,5,0,1,0,0,0,1,32,200,200,200,0,200,200
402317,1,30,0,0,2,1,10,5,0,1,0,0,0,2,200,200,200,200,200,200,200
402317,1,30,0,0,2,1,10,5,0,1,0,0,0,2,200,200,200,200,200,200,200
402321,0,30,1,2,0,1,10,5,0,0,0,18,16,1,26,0,3,0,0,200,200
402321,0,30,1,2,0,1,10,5,0,0,0,18,16,1,25,0,0,0,0,200,200
402321,0,30,1,2,0,1,10,5,0,0,0,18,16,1,200,0,0,0,0,200,200
402333,0,30,0,0,2,1,9,5,0,1,0,200,200,1,21,200,0,200,0,200,200
402333,5,30,0,0,2,1,9,5,0,1,0,200,200,1,16,7,0,200,7,200,200
402333,1,30,0,0,2,1,9,5,0,1,0,200,200,0,1,0,200,200,200,200,200
402334,0,35,0,0,1,1,14,2,0,1,0,17,15,0,24,0,1,200,0,200,200
402334,0,35,0,0,1,1,14,2,0,1,0,17,15,0,62,0,8,0,0,200,200
402339,0,30,1,2,1,1,10,5,0,1,0,28,16,0,28,200,3,0,0,200,200
402339,0,30,1,2,1,1,10,5,0,1,0,28,16,1,31,200,0,0,0,200,200
402340,0,30,1,2,1,1,10,2,0,0,0,11,0,0,19,0,12,0,0,200,200
402340,0,30,1,2,1,1,10,2,0,0,0,11,0,1,65,0,0,0,0,200,200
402342,0,30,0,0,1,1,9,5,0,1,12,21,22,0,200,200,2,200,200,200,200
402342,5,30,0,0,1,1,9,5,0,1,12,21,22,1,42,7,200,200,0,200,200
402344,1,30,0,0,2,1,12,3,0,1,0,22,0,1,200,200,200,200,200,200,200
402344,0,30,0,0,2,1,12,3,0,1,0,22,0,0,45,200,4,200,0,200,200
402344,0,30,0,0,2,1,12,3,0,1,0,22,0,1,55,200,200,200,0,200,200
402346,0,30,0,0,200,200,7,5,0,200,0,0,200,2,200,200,200,200,200,200,200
402349,0,15,0,0,0,1,7,7,0,0,0,0,0,1,200,200,200,200,200,200,200
402353,0,30,1,2,0,1,12,5,0,0,0,17,200,0,26,200,1,200,200,200,200
402353,0,30,1,2,0,1,12,5,0,0,0,17,200,0,43,0,0,0,0,200,200
402354,0,30,1,2,0,1,14,5,0,0,0,17,17,1,26,0,1,0,0,200,200
402354,0,30,1,2,0,1,14,5,0,0,0,17,17,1,48,0,0,0,0,200,200
402355,0,30,0,0,2,1,10,5,0,1,0,16,12,1,23,0,8,0,0,200,200
402355,0,30,0,0,2,1,10,5,0,1,0,16,12,0,71,0,0,0,0,200,200
402357,0,35,0,0,1,1,14,2,0,0,0,17,200,0,17,0,1,1,0,200,200
402357,0,35,0,0,1,1,14,2,0,0,0,17,200,1,49,0,0,1,0,200,200
402357,1,35,0,0,1,1,14,2,0,0,0,17,200,1,1,5,200,200,200,200,200
402363,0,30,0,0,2,1,7,6,0,1,0,0,0,2,200,200,200,200,200,200,200
402367,0,30,1,2,0,1,12,5,0,0,0,200,33,0,62,200,12,200,0,200,200
402367,0,30,1,2,0,1,12,5,0,0,0,200,33,0,35,200,0,0,0,200,200
402371,0,30,0,0,0,1,12,6,0,0,0,17,17,0,35,0,1,0,0,200,200
402371,0,30,0,0,0,1,12,6,0,0,0,17,17,0,68,0,1,0,0,200,200
402378,0,30,2,2,0,1,10,2,0,0,0,18,23,0,80,0,3,200,0,200,200
402378,0,30,2,2,0,1,10,2,0,0,0,18,23,0,45,0,0,200,0,200,200
402385,0,30,12,12,2,1,14,2,0,1,12,200,200,1,22,0,12,0,0,200,200
402385,0,30,12,12,2,1,14,2,0,1,12,200,200,0,200,200,200,200,200,200,200
402387,0,30,2,2,0,3,0,6,0,0,0,5,11,2,200,200,5,200,200,200,200
402387,0,30,2,2,0,3,0,6,0,0,0,5,11,1,51,0,12,1,0,200,200
402387,1,30,2,2,0,3,0,6,0,0,0,5,11,0,200,0,200,200,200,200,200
402390,0,30,0,0,1,1,14,2,0,0,0,21,200,0,39,0,7,0,0,200,200
402390,0,30,0,0,1,1,14,2,0,0,0,21,200,0,62,0,0,0,0,200,200
402395,1,30,0,0,1,1,10,12,0,0,0,20,200,0,200,200,200,200,200,200,200
402395,0,30,0,0,1,1,10,12,0,0,0,20,200,0,44,0,6,0,0,200,200
402395,0,30,0,0,1,1,10,12,0,0,0,20,200,1,18,0,0,0,0,200,200
402395,1,30,0,0,1,1,10,12,0,0,0,20,200,0,200,200,200,200,200,200,200
402398,0,30,1,2,1,1,12,2,0,0,0,22,0,1,56,0,0,0,0,200,200
402398,0,30,1,2,1,1,12,2,0,0,0,22,0,0,37,0,0,0,0,200,200
402405,0,30,1,2,1,1,10,5,0,0,0,16,0,0,33,200,200,200,0,200,200
402405,0,30,1,2,1,1,10,5,0,0,0,16,0,0,200,0,0,0,0,200,200
402405,1,30,1,2,1,1,10,5,0,0,0,16,0,1,200,200,200,200,200,200,200
402406,0,30,0,0,2,1,10,6,0,1,0,0,200,0,35,0,0,0,0,200,200
402406,0,30,0,0,2,1,10,6,0,1,0,0,200,0,200,200,4,200,200,200,200
402406,1,30,0,0,2,1,10,6,0,1,0,0,200,1,200,0,200,200,200,200,200
402410,0,30,1,2,2,1,12,2,0,1,200,22,200,0,64,200,200,200,200,200,200
402410,0,30,1,2,2,1,12,2,0,1,200,22,200,0,41,200,200,200,200,200,200
402411,0,30,0,0,0,1,7,6,0,0,0,200,200,1,53,0,200,0,0,200,200
402412,0,30,1,2,2,0,9,6,0,1,200,33,0,0,46,0,1,12,0,200,200
402412,5,30,1,2,2,0,9,6,0,1,200,33,0,0,36,7,0,0,0,200,200
402422,0,0,2,2,0,1,12,2,0,0,0,18,18,0,200,200,5,200,200,200,200
402422,0,0,2,2,0,1,12,2,0,0,0,18,18,1,66,0,0,0,0,200,200
402430,0,30,2,2,1,1,0,5,0,1,0,17,200,0,200,200,5,200,200,200,200
402430,0,30,2,2,1,1,0,5,0,1,0,17,200,0,48,200,0,0,0,200,200
402437,0,30,0,0,2,1,2,5,2,1,0,0,200,1,57,0,200,0,0,200,200
402437,1,30,0,0,2,1,2,5,2,1,0,0,200,0,30,200,200,200,200,200,200
402437,1,30,0,0,2,1,2,5,2,1,0,0,200,1,61,200,200,200,200,200,200
402447,0,15,200,200,2,1,9,0,0,200,200,0,0,2,200,200,200,200,200,200,200
402447,5,15,200,200,2,1,9,0,0,200,200,0,0,1,35,7,12,200,1,200,200
402448,0,0,12,2,2,1,10,5,0,1,12,0,0,1,47,200,200,200,0,200,200
402448,0,0,12,2,2,1,10,5,0,1,12,0,0,0,35,200,200,200,0,200,200
402456,0,20,0,0,0,1,7,2,0,0,0,0,200,0,39,0,0,0,0,200,200
402456,1,20,0,0,0,1,7,2,0,0,0,0,200,1,55,1,200,200,200,200,200
402457,0,30,0,0,1,1,7,5,0,0,0,18,0,0,35,0,3,0,0,200,200
402461,0,30,12,12,2,1,9,5,0,1,0,20,20,1,22,0,200,0,0,200,200
402461,5,30,12,12,2,1,9,5,0,1,0,20,20,0,62,7,200,200,0,200,200
402463,0,30,0,0,0,1,7,6,0,0,0,0,0,0,41,200,200,200,200,200,200
402463,1,30,0,0,0,1,7,6,0,0,0,0,0,1,200,200,200,200,200,200,200
402468,0,30,1,2,2,1,10,5,0,1,0,34,200,0,45,0,8,0,0,200,200
402468,0,30,1,2,2,1,10,5,0,1,0,34,200,0,46,0,0,0,0,200,200
402468,1,30,1,2,2,1,10,5,0,1,0,34,200,0,38,0,200,200,200,200,200
402475,0,30,0,0,0,1,7,5,0,0,0,0,200,0,200,200,200,200,200,200,200
402480,0,30,1,2,2,1,10,2,0,1,0,18,200,0,36,200,3,200,0,200,200
402480,0,30,1,2,2,1,10,2,0,1,0,18,200,0,75,200,0,200,0,200,200
402480,1,30,1,2,2,1,10,2,0,1,0,18,200,1,60,200,200,200,200,200,200
402485,0,35,1,2,0,1,10,2,0,0,0,11,0,1,16,0,12,0,0,200,200
402485,0,35,1,2,0,1,10,2,0,0,0,11,0,1,53,0,0,0,0,200,200
402489,0,30,1,2,2,1,10,5,0,1,0,18,16,1,200,200,3,200,0,200,200
402489,0,30,1,2,2,1,10,5,0,1,0,18,16,1,30,0,0,0,0,200,200
402491,0,30,1,2,0,1,10,2,0,0,0,18,16,0,56,200,3,200,200,200,200
402491,0,30,1,2,0,1,10,2,0,0,0,18,16,0,49,200,0,0,0,200,200
402494,0,30,0,0,2,3,7,5,0,1,0,0,0,2,200,200,200,200,200,200,200
402497,0,15,0,0,0,1,5,7,0,0,0,200,200,0,70,7,7,0,0,200,200
402499,0,30,0,0,0,1,11,5,0,0,0,0,0,1,27,0,200,0,0,200,200
402499,0,30,0,0,0,1,11,5,0,0,0,0,0,1,40,0,200,0,0,200,200
402500,0,30,0,0,0,1,10,3,0,0,0,16,16,0,48,200,12,0,0,200,200
402500,0,30,0,0,0,1,10,3,0,0,0,16,16,1,40,200,0,0,0,200,200
402505,0,30,1,2,0,1,14,2,0,1,0,17,200,1,47,0,1,0,0,200,200
402505,0,30,1,2,0,1,14,2,0,1,0,17,200,0,52,0,0,0,0,200,200
402505,1,30,1,2,0,1,14,2,0,1,0,17,200,1,19,0,200,200,200,200,200
402505,1,30,1,2,0,1,14,2,0,1,0,17,200,1,56,0,200,200,200,200,200
402506,0,40,0,0,2,1,2,3,1,1,0,14,18,0,20,0,8,0,0,200,200
402514,0,30,0,0,1,1,7,6,0,0,0,0,0,2,200,200,200,200,200,200,200
402515,0,30,0,0,2,1,14,5,0,1,0,34,200,0,26,200,0,4,0,200,200
402515,0,30,0,0,2,1,14,5,0,1,0,34,200,1,80,200,0,4,0,200,200
402519,0,30,1,2,0,1,0,2,0,0,0,6,16,0,200,200,5,200,200,200,200
402519,0,30,1,2,0,1,0,2,0,0,0,6,16,1,42,0,0,0,0,200,200
402522,0,30,0,0,200,200,7,5,0,200,0,0,200,2,200,200,200,200,200,200,200
402531,4,30,0,0,0,1,8,6,0,0,0,17,200,1,28,200,1,5,0,200,200
402531,0,30,0,0,0,1,8,6,0,0,0,17,200,0,36,200,0,5,0,200,200
402532,0,15,0,0,1,1,7,6,0,1,0,11,11,0,23,0,12,0,0,200,200
402533,0,30,0,0,0,1,7,6,0,0,0,20,200,1,72,0,6,0,0,200,200
402533,1,30,0,0,0,1,7,6,0,0,0,20,200,1,200,200,200,200,200,200,200
402540,0,30,0,0,0,1,12,5,0,1,0,0,0,0,17,0,200,0,0,200,200
402540,0,30,0,0,0,1,12,5,0,1,0,0,0,1,61,0,0,0,0,200,200
402542,0,30,1,2,1,1,12,5,0,0,0,17,17,0,65,0,7,0,0,200,200
402542,0,30,1,2,1,1,12,5,0,0,0,17,17,0,32,1,0,0,0,200,200
402547,0,30,1,2,0,1,14,2,0,0,200,21,200,0,48,200,12,200,0,200,200
402547,0,30,1,2,0,1,14,2,0,0,200,21,200,0,48,200,12,200,0,200,200
402548,0,35,0,0,0,1,7,7,0,0,0,11,0,1,200,200,1,1,200,200,200
402548,1,35,0,0,0,1,7,7,0,0,0,11,0,0,200,200,200,200,200,200,200
402548,1,35,0,0,0,1,7,7,0,0,0,11,0,1,53,0,200,200,200,200,200
402558,0,30,1,2,1,1,0,5,0,0,0,33,200,0,25,0,0,1,0,200,200
402558,0,30,1,2,1,1,0,5,0,0,0,33,200,0,38,0,0,1,0,200,200
402558,1,30,1,2,1,1,0,5,0,0,0,33,200,0,23,0,200,200,200,200,200
402560,0,30,0,0,0,1,12,5,0,0,0,0,0,0,75,0,1,0,0,200,200
402560,0,30,0,0,0,1,12,5,0,0,0,0,0,1,42,0,0,0,0,200,200
402589,0,30,2,2,1,1,14,5,0,0,0,5,21,1,77,0,5,4,0,200,200
402589,0,30,2,2,1,1,14,5,0,0,0,5,21,0,55,0,0,0,0,200,200
402594,0,30,0,0,0,1,7,2,0,0,0,0,0,1,25,0,200,0,0,200,200
402594,1,30,0,0,0,1,7,2,0,0,0,0,0,0,18,0,200,200,200,200,200
402600,0,35,1,2,1,1,10,2,0,0,0,0,0,1,33,0,1,0,0,200,200
402600,0,35,1,2,1,1,10,2,0,0,0,0,0,0,60,0,1,0,0,200,200
402600,0,35,1,2,1,1,10,2,0,0,0,0,0,1,63,0,0,0,0,200,200
402605,0,30,0,0,0,3,12,12,0,0,0,18,22,0,21,0,3,0,0,200,200
402605,0,30,0,0,0,3,12,12,0,0,0,18,22,0,48,0,0,0,0,200,200
402605,1,30,0,0,0,3,12,12,0,0,0,18,22,0,19,0,200,200,200,200,200
402617,0,30,1,2,1,1,10,5,0,1,0,18,200,1,50,200,3,0,0,200,200
402617,0,30,1,2,1,1,10,5,0,1,0,18,200,1,54,0,0,0,0,200,200
402617,1,30,1,2,1,1,10,5,0,1,0,18,200,0,200,0,200,200,200,200,200
402620,0,30,0,0,0,1,10,2,0,1,0,0,200,0,18,200,200,0,0,200,200
402620,0,30,0,0,0,1,10,2,0,1,0,0,200,0,27,200,0,0,0,200,200
402632,0,30,0,0,0,1,14,5,0,0,0,23,0,0,25,0,7,200,0,200,200
402632,0,30,0,0,0,1,14,5,0,0,0,23,0,1,55,0,0,0,0,200,200
402634,0,30,0,0,0,1,10,5,0,0,0,7,16,0,32,200,12,0,0,200,200
402634,0,30,0,0,0,1,10,5,0,0,0,7,16,0,57,200,0,0,0,200,200
402636,0,25,0,0,0,1,14,7,0,1,0,0,0,1,29,0,200,0,0,200,200
402636,0,25,0,0,0,1,14,7,0,1,0,0,0,1,60,0,0,0,0,200,200
402641,0,30,2,2,0,1,9,2,0,0,0,5,200,0,57,200,5,1,0,200,200
402641,5,30,2,2,0,1,9,2,0,0,0,5,200,1,54,7,0,200,0,200,200
402645,0,30,0,0,0,1,10,5,0,0,0,0,0,1,51,200,200,200,200,200,200
402645,0,30,0,0,0,1,10,5,0,0,0,0,0,0,49,0,0,0,0,200,200
402646,0,20,1,2,0,1,12,2,0,0,0,17,200,0,200,200,4,200,200,200,200
402646,0,20,1,2,0,1,12,2,0,0,0,17,200,0,45,0,0,0,0,200,200
402647,0,30,1,2,0,1,14,6,0,0,0,0,0,0,65,200,200,200,0,200,200
402647,0,30,1,2,0,1,14,6,0,0,0,0,0,0,20,200,200,0,0,200,200
402651,0,30,1,2,1,1,10,6,0,1,12,0,200,1,56,0,0,0,0,200,200
402659,0,30,0,0,0,200,7,6,0,0,0,0,0,2,200,200,200,200,200,200,200
402669,0,30,1,2,0,1,8,5,0,0,0,17,22,0,20,0,1,0,0,200,200
402669,4,30,1,2,0,1,8,5,0,0,0,17,22,0,59,2,0,0,0,200,200
402677,0,25,0,200,0,1,7,5,0,200,0,21,0,2,200,200,200,200,200,200,200
402678,0,30,200,200,200,200,10,200,0,200,200,0,200,1,23,200,200,200,200,200,200
402678,0,30,200,200,200,200,10,200,0,200,200,0,200,0,21,0,200,200,200,200,200
402678,1,30,200,200,200,200,10,200,0,200,200,0,200,1,20,0,200,200,200,200,200
402678,1,30,200,200,200,200,10,200,0,200,200,0,200,0,200,200,200,200,200,200,200
402681,0,30,0,0,0,1,10,7,0,0,0,16,0,0,82,200,3,200,200,200,200
402681,0,30,0,0,0,1,10,7,0,0,0,16,0,1,63,0,0,200,0,200,200
402681,1,30,0,0,0,1,10,7,0,0,0,16,0,0,10,0,200,200,200,200,200
402682,0,30,2,2,0,1,14,1,0,0,0,17,22,0,87,200,1,1,0,200,200
402682,0,30,2,2,0,1,14,1,0,0,0,17,22,1,38,200,200,0,0,200,200
402682,1,30,2,2,0,1,14,1,0,0,0,17,22,0,44,200,200,200,200,200,200
402682,1,30,2,2,0,1,14,1,0,0,0,17,22,1,43,200,200,200,200,200,200
402682,1,30,2,2,0,1,14,1,0,0,0,17,22,0,12,200,200,200,200,200,200
402682,1,30,2,2,0,1,14,1,0,0,0,17,22,1,7,200,200,200,200,200,200
402682,1,30,2,2,0,1,14,1,0,0,0,17,22,1,32,200,200,200,200,200,200
402684,0,30,2,2,0,1,0,2,0,0,0,0,0,0,68,0,0,1,0,200,200
402684,0,30,2,2,0,1,0,2,0,0,0,0,0,1,200,200,200,200,200,200,200
402687,0,30,1,2,0,1,10,2,0,0,0,18,16,0,26,200,200,0,0,200,200
402687,0,30,1,2,0,1,10,2,0,0,0,18,16,0,59,7,0,0,0,200,200
402690,0,30,2,2,0,1,10,5,0,0,0,18,0,0,29,0,3,5,0,200,200
402690,0,30,2,2,0,1,10,5,0,0,0,18,0,0,25,0,0,0,0,200,200
402693,0,30,0,0,0,1,14,6,0,0,0,22,18,1,78,200,2,0,0,200,200
402693,0,30,0,0,0,1,14,6,0,0,0,22,18,1,28,200,0,0,0,200,200
402693,1,30,0,0,0,1,14,6,0,0,0,22,18,0,77,200,200,200,200,200,200
402693,1,30,0,0,0,1,14,6,0,0,0,22,18,0,8,200,200,200,200,200,200
402694,0,30,0,0,0,1,5,5,0,0,0,0,0,2,200,200,200,200,200,200,200
402694,3,30,0,0,0,1,5,5,0,0,0,0,0,200,200,200,200,200,200,200,200
402700,0,30,0,0,2,1,10,6,0,1,200,0,0,1,40,0,200,200,200,200,200
402700,0,30,0,0,2,1,10,6,0,1,200,0,0,1,0,0,12,0,200,200,200
402701,0,20,0,0,0,1,12,2,0,0,0,0,0,2,200,200,200,200,200,200,200
402701,0,20,0,0,0,1,12,2,0,0,0,0,0,0,61,0,0,0,0,200,200
402703,0,30,0,0,2,0,12,2,0,1,0,22,200,0,200,200,2,1,200,200,200
402703,0,30,0,0,2,0,12,2,0,1,0,22,200,1,34,0,12,0,200,200,200
402703,1,30,0,0,2,0,12,2,0,1,0,22,200,1,200,0,200,200,200,200,200
402703,1,30,0,0,2,0,12,2,0,1,0,22,200,1,200,0,200,200,200,200,200
402705,0,30,0,0,0,1,10,5,0,0,200,18,200,0,37,0,3,0,0,200,200
402705,0,30,0,0,0,1,10,5,0,0,200,18,200,0,51,0,0,0,0,200,200
402705,1,30,0,0,0,1,10,5,0,0,200,18,200,0,2,5,200,200,200,200,200
402709,0,30,2,2,0,1,14,12,0,0,0,0,0,1,66,200,12,0,0,200,200
402709,0,30,2,2,0,1,14,12,0,0,0,0,0,0,17,200,0,200,0,200,200
402715,0,30,0,0,0,1,7,7,0,0,0,35,200,2,200,200,200,200,200,200,200
402717,0,30,1,200,0,1,7,5,0,0,0,11,0,1,43,200,200,0,0,200,200
402717,1,30,1,200,0,1,7,5,0,0,0,11,0,0,0,5,200,200,200,200,200
402717,1,30,1,200,0,1,7,5,0,0,0,11,0,1,46,200,200,200,200,200,200
402725,0,25,2,2,0,1,9,6,0,0,0,33,200,1,21,200,1,12,1,200,200
402725,5,25,2,2,0,1,9,6,0,0,0,33,200,0,58,7,0,12,7,200,200
402727,0,30,0,0,0,1,7,12,0,0,0,0,0,0,34,0,12,0,0,200,200
402737,0,30,1,2,200,1,14,3,2,200,200,23,17,0,26,0,0,200,200,200,200
402737,0,30,1,2,200,1,14,3,2,200,200,23,17,1,56,200,7,200,200,200,200
402747,0,30,0,0,0,1,2,6,0,0,1,0,200,1,50,0,0,0,0,200,200
402748,1,35,1,2,0,1,10,5,2,0,0,18,16,1,200,200,200,200,200,200,200
402748,0,35,1,2,0,1,10,5,2,0,0,18,16,0,81,200,3,0,0,200,200
402748,0,35,1,2,0,1,10,5,2,0,0,18,16,0,43,0,0,0,0,200,200
402755,0,30,0,0,0,1,12,5,0,0,0,0,0,2,200,200,200,200,200,200,200
402755,0,30,0,0,0,1,12,5,0,0,0,0,0,0,73,200,0,0,0,200,200
402756,0,20,0,0,0,1,3,6,0,0,0,20,20,1,45,0,6,0,0,200,200
402756,0,20,0,0,0,1,3,6,0,0,0,20,20,1,51,200,0,200,200,200,200
402766,0,30,1,0,2,1,10,5,0,1,0,34,200,1,200,200,1,200,200,200,200
402766,0,30,1,0,2,1,10,5,0,1,0,34,200,1,20,200,3,0,0,200,200
402766,0,30,1,0,2,1,10,5,0,1,0,34,200,1,27,200,0,0,0,200,200
402769,0,30,0,0,0,1,7,6,0,0,0,18,200,2,200,200,200,200,200,200,200
402775,0,30,0,0,0,1,9,5,0,0,0,0,200,2,200,200,200,200,200,200,200
402775,5,30,0,0,0,1,9,5,0,0,0,0,200,1,76,7,0,12,0,200,200
402785,0,30,1,2,0,1,12,5,0,0,0,17,22,1,200,200,4,200,200,200,200
402785,0,30,1,2,0,1,12,5,0,0,0,17,22,1,22,0,0,0,0,200,200
402792,0,30,1,3,0,1,0,2,0,0,0,33,33,1,34,0,12,5,0,200,200
402792,0,30,1,3,0,1,0,2,0,0,0,33,33,1,33,0,12,0,0,200,200
402792,1,30,1,3,0,1,0,2,0,0,0,33,33,0,13,0,200,200,200,200,200
402794,0,30,1,2,2,1,10,5,0,1,0,34,16,0,31,200,1,0,0,200,200
402794,0,30,1,2,2,1,10,5,0,1,0,34,16,1,74,200,0,0,0,200,200
402795,0,30,0,0,0,1,14,5,0,0,0,0,200,1,44,0,200,1,0,200,200
402795,0,30,0,0,0,1,14,5,0,0,0,0,200,0,27,0,2,0,0,200,200
402797,0,30,1,2,0,1,12,5,0,0,0,17,0,0,68,200,1,0,0,200,200
402797,0,30,1,2,0,1,12,5,0,0,0,17,0,0,62,200,0,0,0,200,200
402797,1,30,1,2,0,1,12,5,0,0,0,17,0,1,90,200,200,200,200,200,200
402798,0,30,2,2,0,1,14,5,0,0,0,5,35,0,29,0,1,0,0,200,200
402798,0,30,2,2,0,1,14,5,0,0,0,5,35,1,24,0,0,0,0,200,200
402812,0,5,0,0,200,200,7,7,0,200,200,0,200,2,200,200,200,200,200,200,200
402818,0,20,0,0,0,1,7,7,0,0,0,0,0,2,200,200,200,200,200,200,200
402819,0,20,0,0,0,1,7,6,0,0,0,0,0,1,33,200,200,200,200,200,200
402822,0,35,1,2,0,1,10,2,0,0,0,15,0,0,59,200,200,200,200,200,200
402822,0,35,1,2,0,1,10,2,0,0,0,15,0,1,42,0,0,0,0,200,200
402822,1,35,1,2,0,1,10,2,0,0,0,15,0,1,57,0,200,200,200,200,200
402823,0,30,0,200,0,1,7,12,0,0,0,11,200,0,53,200,7,0,0,200,200
402824,0,30,0,0,0,1,12,6,0,0,0,0,0,0,200,0,200,0,0,200,200
402824,0,30,0,0,0,1,12,6,0,0,0,0,0,0,200,0,200,0,0,200,200
402825,0,0,0,0,0,1,7,7,0,0,0,20,200,0,64,0,6,0,0,200,200
402825,1,0,0,0,0,1,7,7,0,0,0,20,200,0,18,0,200,200,200,200,200
402825,1,0,0,0,0,1,7,7,0,0,0,20,200,0,20,0,200,200,200,200,200
402825,1,0,0,0,0,1,7,7,0,0,0,20,200,0,21,0,200,200,200,200,200
402827,0,30,0,0,0,0,7,5,0,1,0,0,0,2,200,200,200,200,200,200,200
402838,0,30,0,0,0,1,3,5,0,0,0,17,16,0,200,200,200,200,200,200,200