RD_NO,PERSON_TYPE,POSTED_SPEED_LIMIT,TRAFFIC_CONTROL_DEVICE,DEVICE_CONDITION,WEATHER_CONDITION,LIGHTING_CONDITION,FIRST_CRASH_TYPE,TRAFFICWAY_TYPE,ALIGNMENT,ROADWAY_SURFACE_COND,ROAD_DEFECT,PRIM_CONTRIBUTORY_CAUSE,SEC_CONTRIBUTORY_CAUSE,SEX,AGE,SAFETY_EQUIPMENT,DRIVER_ACTION,DRIVER_VISION,PHYSICAL_CONDITION,BAC_RESULT VALUE,CELL_PHONE_USE
402838,0,30,0,0,0,1,3,5,0,0,0,17,16,1,47,7,200,200,0,200,200
402839,0,30,0,0,200,200,7,6,0,200,0,0,0,2,200,200,200,200,200,200,200
402842,0,30,1,2,0,1,10,5,0,0,200,18,200,1,51,200,3,0,0,200,200
402842,0,30,1,2,0,1,10,5,0,0,200,18,200,1,36,0,0,0,0,200,200
402845,0,30,2,2,0,1,14,6,0,0,0,200,200,0,48,200,200,0,0,200,200
402845,0,30,2,2,0,1,14,6,0,0,0,200,200,1,39,200,200,0,0,200,200
402847,0,35,1,2,0,1,7,5,0,0,0,200,33,0,65,200,200,0,0,200,200
402848,0,30,0,0,0,1,0,5,0,0,0,0,0,0,18,0,200,0,0,200,200
402848,0,30,0,0,0,1,0,5,0,0,0,0,0,0,42,0,200,0,0,200,200
402848,1,30,0,0,0,1,0,5,0,0,0,0,0,1,29,0,200,200,200,200,200
402848,1,30,0,0,0,1,0,5,0,0,0,0,0,200,200,5,200,200,200,200,200
402854,0,30,1,2,0,1,14,2,0,0,0,0,0,0,28,1,12,0,0,200,200
402854,0,30,1,2,0,1,14,2,0,0,0,0,0,0,88,200,12,0,0,200,200
402855,0,15,0,0,0,1,0,7,0,1,0,0,0,1,200,200,6,200,200,200,200
402855,0,15,0,0,0,1,0,7,0,1,0,0,0,0,79,0,0,0,0,200,200
402855,1,15,0,0,0,1,0,7,0,1,0,0,0,1,200,0,200,200,200,200,200
402858,0,30,1,2,0,1,9,5,0,0,0,17,16,2,200,200,1,200,200,200,200
402858,5,30,1,2,0,1,9,5,0,0,0,17,16,0,68,200,0,0,0,200,200
402860,0,30,200,200,200,200,7,200,0,200,200,0,200,2,200,200,200,200,200,200,200
402860,1,30,200,200,200,200,7,200,0,200,200,0,200,0,22,0,200,200,200,200,200
402866,0,30,0,0,0,1,7,5,0,0,0,0,200,2,200,200,200,200,200,200,200
402867,0,30,0,0,0,1,14,2,0,0,0,0,200,1,22,0,7,0,0,200,200
402867,0,30,0,0,0,1,14,2,0,0,0,0,200,0,33,0,0,0,0,200,200
402869,0,30,1,2,0,1,0,5,0,0,0,6,200,0,38,0,1,0,0,200,200
402869,0,30,1,2,0,1,0,5,0,0,0,6,200,1,28,0,0,0,0,200,200
402874,0,30,0,0,0,1,12,5,0,0,0,0,0,1,45,0,200,0,0,200,200
402874,0,30,0,0,0,1,12,5,0,0,0,0,0,1,45,0,0,0,0,200,200
402874,1,30,0,0,0,1,12,5,0,0,0,0,0,0,8,0,200,200,200,200,200
402876,0,30,0,0,0,1,7,200,0,0,0,11,200,0,59,0,200,0,0,200,200
402893,0,30,0,0,0,1,4,5,0,0,1,28,29,0,64,200,200,200,0,200,200
402895,0,30,1,200,0,1,7,5,0,0,0,0,200,0,32,200,7,200,0,200,200
402898,0,15,0,0,0,1,11,6,2,0,0,10,3,0,24,200,9,0,0,200,200
402898,0,15,0,0,0,1,11,6,2,0,0,10,3,0,61,200,0,0,0,200,200
402902,0,30,1,2,0,1,12,2,0,0,0,0,0,1,19,0,200,0,0,200,200
402902,0,30,1,2,0,1,12,2,0,0,0,0,0,0,58,0,0,0,0,200,200
402907,0,15,0,0,0,1,7,5,0,0,0,0,0,2,200,200,200,200,200,200,200
402909,0,30,1,2,0,1,10,5,0,0,200,18,200,0,200,200,3,200,200,200,200
402909,0,30,1,2,0,1,10,5,0,0,200,18,200,0,37,200,0,0,0,200,200
402915,0,30,0,0,0,1,12,5,0,0,200,17,200,0,200,0,1,200,0,200,200
402915,0,30,0,0,0,1,12,5,0,0,200,17,200,1,38,0,0,200,0,200,200
402915,1,30,0,0,0,1,12,5,0,0,200,17,200,200,200,0,200,200,200,200,200
402915,1,30,0,0,0,1,12,5,0,0,200,17,200,1,200,5,200,200,200,200,200
402915,1,30,0,0,0,1,12,5,0,0,200,17,200,200,200,5,200,200,200,200,200
402916,0,30,0,0,0,1,7,6,0,0,200,0,200,1,23,200,12,12,12,200,200
402919,0,5,0,0,0,1,7,7,0,0,0,0,0,2,200,200,200,200,200,200,200
402921,0,30,1,2,0,1,10,2,0,0,0,18,200,1,200,0,1,0,0,200,200
402921,0,30,1,2,0,1,10,2,0,0,0,18,200,0,77,0,0,0,0,200,200
402924,0,30,0,0,0,1,7,5,0,0,0,21,0,1,54,0,12,0,0,200,200
402924,1,30,0,0,0,1,7,5,0,0,0,21,0,0,200,0,200,200,200,200,200
402924,1,30,0,0,0,1,7,5,0,0,0,21,0,0,21,0,200,200,200,200,200
402924,1,30,0,0,0,1,7,5,0,0,0,21,0,0,200,0,200,200,200,200,200
402924,1,30,0,0,0,1,7,5,0,0,0,21,0,1,40,0,200,200,200,200,200
402930,0,30,0,0,0,1,2,5,0,0,0,12,200,0,52,200,12,0,0,200,200
402933,0,30,1,2,0,1,14,3,0,0,0,22,21,0,54,7,4,0,0,200,200
402933,0,30,1,2,0,1,14,3,0,0,0,22,21,0,20,7,200,0,0,200,200
402935,0,40,3,12,0,1,10,3,0,0,0,18,0,1,25,0,3,0,0,200,200
402935,0,40,3,12,0,1,10,3,0,0,0,18,0,0,37,0,12,0,0,200,200
402936,0,30,0,0,0,1,12,3,0,1,0,21,200,0,0,0,4,0,0,200,200
402936,0,30,0,0,0,1,12,3,0,1,0,21,200,0,0,0,200,200,0,200,200
402937,0,10,0,0,0,1,7,12,0,0,0,25,0,2,200,200,6,200,200,200,200
402950,0,15,0,0,0,1,9,6,0,0,0,16,16,1,44,0,200,0,0,200,200
402950,5,15,0,0,0,1,9,6,0,0,0,16,16,0,6,7,0,0,0,200,200
402955,0,30,0,0,0,1,7,5,2,0,0,20,200,0,28,200,6,5,0,200,200
402960,0,35,0,0,0,1,14,5,0,0,0,23,200,0,23,0,7,5,0,200,200
402960,0,35,0,0,0,1,14,5,0,0,0,23,200,2,200,200,200,200,200,200,200
402967,0,30,0,0,0,1,10,5,0,0,0,33,200,0,47,0,12,12,0,200,200
402967,0,30,0,0,0,1,10,5,0,0,0,33,200,0,45,0,12,0,0,200,200
402967,1,30,0,0,0,1,10,5,0,0,0,33,200,0,30,0,200,200,200,200,200
402967,1,30,0,0,0,1,10,5,0,0,0,33,200,0,28,0,200,200,200,200,200
402969,0,30,0,0,200,200,7,7,0,200,200,20,0,1,200,200,6,200,200,200,200
402971,0,30,0,0,0,1,5,7,0,0,0,25,200,1,200,200,1,200,200,200,200
402974,0,30,0,0,0,1,7,6,0,0,200,0,0,1,26,200,10,200,200,200,200
402977,0,30,0,0,0,1,2,4,2,0,12,28,28,1,57,200,0,0,0,200,200
402978,0,30,0,0,0,1,10,5,0,0,0,18,0,0,41,0,3,0,0,200,200
402978,0,30,0,0,0,1,10,5,0,0,0,18,0,0,34,0,0,0,0,200,200
402984,0,30,1,2,0,1,12,3,0,0,0,21,200,0,62,200,4,0,0,200,200
402984,0,30,1,2,0,1,12,3,0,0,0,21,200,0,31,200,0,0,0,200,200
402989,0,10,0,0,0,1,7,7,0,0,0,0,0,2,200,200,200,200,200,200,200
402990,0,30,2,2,1,1,9,5,0,0,200,0,0,1,62,0,1,0,0,200,200
402990,5,30,2,2,1,1,9,5,0,0,200,0,0,0,200,7,200,200,200,200,200
402997,0,30,2,2,0,1,14,5,0,0,0,17,5,0,77,0,1,0,0,200,200
402997,0,30,2,2,0,1,14,5,0,0,0,17,5,1,28,0,0,0,0,200,200
402997,1,30,2,2,0,1,14,5,0,0,0,17,5,0,5,5,200,200,200,200,200
402997,1,30,2,2,0,1,14,5,0,0,0,17,5,1,5,5,200,200,200,200,200
402997,1,30,2,2,0,1,14,5,0,0,0,17,5,1,28,0,200,200,200,200,200
403006,0,30,1,2,0,1,12,5,0,0,0,25,200,0,19,0,12,0,0,200,200
403006,0,30,1,2,0,1,12,5,0,0,0,25,200,0,21,0,0,0,0,200,200
403007,0,30,1,2,0,1,10,5,0,0,0,0,200,1,27,0,0,0,0,200,200
403007,0,30,1,2,0,1,10,5,0,0,0,0,200,1,43,0,0,0,0,200,200
403013,0,10,0,0,0,1,7,12,0,0,0,20,0,1,70,0,2,0,0,200,200
403015,0,30,1,200,0,1,12,5,0,0,200,22,200,2,200,200,2,200,200,200,200
403015,0,30,1,200,0,1,12,5,0,0,200,22,200,0,61,200,0,0,0,200,200
403016,0,30,0,0,0,1,14,2,0,0,0,17,200,1,22,0,1,0,0,200,200
403016,0,30,0,0,0,1,14,2,0,0,0,17,200,1,53,200,0,200,200,200,200
403016,1,30,0,0,0,1,14,2,0,0,0,17,200,1,200,0,200,200,200,200,200
403016,1,30,0,0,0,1,14,2,0,0,0,17,200,0,200,0,200,200,200,200,200
403016,1,30,0,0,0,1,14,2,0,0,0,17,200,0,200,0,200,200,200,200,200
403024,0,30,0,0,200,1,2,5,0,200,0,0,200,0,25,200,200,200,200,200,200
403029,0,30,2,2,0,1,0,5,0,0,0,5,0,1,19,200,1,200,200,200,200
403029,0,30,2,2,0,1,0,5,0,0,0,5,0,0,38,0,0,0,0,200,200
403030,0,0,0,0,0,1,7,7,0,0,200,0,0,2,200,200,200,200,200,200,200
403032,0,30,0,1,0,4,7,5,2,0,0,0,0,2,200,200,200,200,200,200,200
403035,0,30,0,0,0,1,10,5,0,0,0,0,0,0,62,200,200,200,200,200,200
403035,0,30,0,0,0,1,10,5,0,0,0,0,0,0,33,7,0,0,0,200,200
403036,0,10,0,0,0,1,2,12,0,0,0,0,0,0,200,0,200,200,0,200,200
403037,0,30,0,0,0,1,0,0,0,0,0,18,0,0,58,7,200,200,0,200,200
403037,0,30,0,0,0,1,0,0,0,0,0,18,0,1,22,7,0,200,0,200,200
403040,0,30,0,0,2,0,14,2,0,1,0,17,200,1,55,0,1,200,200,200,200
403040,0,30,0,0,2,0,14,2,0,1,0,17,200,0,27,0,0,200,200,200,200
403041,0,20,0,0,0,1,7,6,0,0,0,0,0,2,200,200,200,200,200,200,200
403045,0,20,2,2,1,1,11,5,2,0,0,5,25,0,200,200,5,200,200,200,200
403045,0,20,2,2,1,1,11,5,2,0,0,5,25,0,19,0,0,0,0,200,200
403046,0,10,0,0,0,1,7,12,0,0,0,0,0,0,200,200,200,200,200,200,200
403047,0,30,0,0,0,1,14,5,0,0,0,23,200,2,200,200,7,200,200,200,200
403047,0,30,0,0,0,1,14,5,0,0,0,23,200,1,18,0,0,0,0,200,200
403048,0,30,0,0,0,1,8,5,0,0,0,200,200,0,33,200,200,200,0,200,200
403048,4,30,0,0,0,1,8,5,0,0,0,200,200,0,31,7,200,200,0,200,200
403050,0,10,0,0,0,1,5,12,0,0,0,33,33,1,33,0,12,12,0,200,200
403054,0,25,0,0,0,1,10,5,0,0,0,18,200,0,33,0,3,0,0,200,200
403054,0,25,0,0,0,1,10,5,0,0,0,18,200,0,37,0,0,0,0,200,200
403054,0,25,0,0,0,1,10,5,0,0,0,18,200,0,40,0,0,0,0,200,200
403054,1,25,0,0,0,1,10,5,0,0,0,18,200,0,38,0,200,200,200,200,200
403054,1,25,0,0,0,1,10,5,0,0,0,18,200,0,38,0,200,200,200,200,200
403056,0,30,1,2,0,1,14,5,0,0,0,17,23,1,42,200,7,0,0,200,200
403056,0,30,1,2,0,1,14,5,0,0,0,17,23,1,0,200,1,0,0,200,200
403059,0,30,1,2,0,1,0,5,0,0,0,0,0,1,39,0,1,0,0,200,200
403059,0,30,1,2,0,1,0,5,0,0,0,0,0,1,58,0,0,0,0,200,200
403064,0,30,0,0,0,1,2,6,0,0,0,25,16,1,21,200,13,200,200,200,200
403067,0,15,0,0,0,1,7,5,0,0,0,0,0,2,200,200,200,200,200,200,200
403077,0,25,0,0,1,1,7,5,0,0,0,23,200,1,32,200,10,200,200,200,200
403077,1,25,0,0,1,1,7,5,0,0,0,23,200,1,200,0,200,200,200,200,200
403081,0,30,0,0,0,1,3,5,0,0,0,200,200,1,35,200,200,0,0,200,200
403081,0,30,0,0,0,1,3,5,0,0,0,200,200,0,50,200,0,0,0,200,200
403085,0,30,1,2,0,1,4,5,0,0,1,29,28,0,61,200,200,200,0,200,200
403087,0,30,0,0,0,1,10,5,0,0,0,18,200,1,46,0,3,0,0,200,200
403087,0,30,0,0,0,1,10,5,0,0,0,18,200,1,40,0,0,0,0,200,200
403087,0,30,0,0,0,1,10,5,0,0,0,18,200,1,200,200,0,200,200,200,200
403088,0,30,2,2,0,1,0,5,0,0,0,0,0,1,39,0,0,0,0,200,200
403088,0,30,2,2,0,1,0,5,0,0,0,0,0,1,68,0,0,0,0,200,200
403088,1,30,2,2,0,1,0,5,0,0,0,0,0,1,200,0,200,200,200,200,200
403089,0,10,0,0,0,1,0,7,0,0,0,20,0,1,34,0,0,0,0,200,200
403089,0,10,0,0,0,1,0,7,0,0,0,20,0,1,47,0,6,0,0,200,200
403092,0,35,1,2,0,1,14,5,0,0,0,23,200,0,36,0,7,0,0,200,200
403092,0,35,1,2,0,1,14,5,0,0,0,23,200,0,27,0,0,0,0,200,200
403092,1,35,1,2,0,1,14,5,0,0,0,23,200,0,200,0,200,200,200,200,200
403097,0,30,1,2,0,1,12,3,0,0,0,0,200,0,200,200,200,200,200,200,200
403097,0,30,1,2,0,1,12,3,0,0,0,0,200,1,64,0,0,0,0,200,200
403099,0,30,1,2,0,1,14,3,0,0,0,11,200,0,74,0,7,0,0,200,200
403099,0,30,1,2,0,1,14,3,0,0,0,11,200,0,53,0,0,0,0,200,200
403111,0,35,0,0,0,1,10,2,0,0,0,0,0,0,52,200,200,0,200,200,200
403111,0,35,0,0,0,1,10,2,0,0,0,0,0,0,52,200,0,0,0,200,200
403111,1,35,0,0,0,1,10,2,0,0,0,0,0,1,200,0,200,200,200,200,200
403112,0,30,0,0,0,1,12,5,0,0,200,18,200,1,31,200,1,0,0,200,200
403112,0,30,0,0,0,1,12,5,0,0,200,18,200,0,52,200,0,0,0,200,200
403115,0,30,0,0,0,1,12,5,0,0,0,18,200,2,200,200,200,200,200,200,200
403115,0,30,0,0,0,1,12,5,0,0,0,18,200,0,30,0,0,0,0,200,200
403116,0,10,0,0,0,1,7,7,0,0,0,23,0,1,200,200,7,200,200,200,200
403116,1,10,0,0,0,1,7,7,0,0,0,23,0,0,200,0,200,200,200,200,200
403119,0,30,2,0,2,0,10,5,0,1,0,0,200,1,23,0,0,0,0,200,200
403119,0,30,2,0,2,0,10,5,0,1,0,0,200,0,31,0,0,0,0,200,200
403120,0,30,0,0,0,1,12,2,0,0,0,22,22,2,200,200,2,0,200,200,200
403120,0,30,0,0,0,1,12,2,0,0,0,22,22,1,30,0,12,0,0,200,200
403120,1,30,0,0,0,1,12,2,0,0,0,22,22,1,200,0,200,200,200,200,200
403120,1,30,0,0,0,1,12,2,0,0,0,22,22,0,104,0,200,200,200,200,200
403120,1,30,0,0,0,1,12,2,0,0,0,22,22,0,200,5,200,200,200,200,200
403123,0,15,0,0,2,0,0,7,0,1,0,20,200,0,200,200,6,200,200,200,200
403123,0,15,0,0,2,0,0,7,0,1,0,20,200,0,27,0,1,5,0,200,200
403128,0,25,0,0,0,1,7,5,0,0,0,0,0,2,200,200,200,200,200,200,200
403129,0,30,2,3,0,2,12,12,0,0,12,25,25,0,34,0,2,0,0,200,200
403129,0,30,2,3,0,2,12,12,0,0,12,25,25,0,200,200,0,200,200,200,200
403134,0,30,1,2,2,1,12,2,0,1,0,21,200,1,59,0,2,0,0,200,200
403134,0,30,1,2,2,1,12,2,0,1,0,21,200,1,25,0,200,200,0,200,200
403134,1,30,1,2,2,1,12,2,0,1,0,21,200,1,55,0,200,200,200,200,200
403134,1,30,1,2,2,1,12,2,0,1,0,21,200,0,28,0,200,200,200,200,200
403134,1,30,1,2,2,1,12,2,0,1,0,21,200,1,44,0,200,200,200,200,200
403145,0,35,0,0,0,1,10,7,0,0,0,20,16,1,200,200,6,200,200,200,200
403145,0,35,0,0,0,1,10,7,0,0,0,20,16,0,38,0,0,0,0,200,200
403148,0,30,1,2,0,1,10,3,0,0,0,16,0,0,200,200,12,200,200,200,200
403148,0,30,1,2,0,1,10,3,0,0,0,16,0,1,24,0,0,200,1,200,200
403148,1,30,1,2,0,1,10,3,0,0,0,16,0,0,24,0,200,200,200,200,200
403155,0,30,4,0,0,1,10,2,0,0,0,18,0,1,62,7,1,200,200,200,200
403155,0,30,4,0,0,1,10,2,0,0,0,18,0,1,40,0,0,0,0,200,200
403155,1,30,4,0,0,1,10,2,0,0,0,18,0,0,200,0,200,200,200,200,200
403158,0,30,0,0,0,1,7,5,0,0,200,0,200,0,200,200,200,200,200,200,200
403164,0,30,0,0,0,1,7,2,0,0,0,0,0,2,200,200,200,200,200,200,200
403165,0,30,0,0,0,1,3,5,0,200,200,20,200,1,27,200,200,200,0,200,200
403165,0,30,0,0,0,1,3,5,0,200,200,20,200,1,200,200,0,200,200,200,200
403165,1,30,0,0,0,1,3,5,0,200,200,20,200,1,28,200,200,200,200,200,200
403165,1,30,0,0,0,1,3,5,0,200,200,20,200,0,200,200,200,200,200,200,200
403169,0,30,2,2,0,1,0,5,0,0,0,0,0,1,40,0,1,0,0,200,200
403169,0,30,2,2,0,1,0,5,0,0,0,0,0,1,54,0,0,0,0,200,200
403169,1,30,2,2,0,1,0,5,0,0,0,0,0,1,58,0,200,200,200,200,200
403170,0,30,0,0,0,3,10,2,0,0,0,0,200,0,34,200,1,200,200,200,200
403170,0,30,0,0,0,3,10,2,0,0,0,0,200,0,29,0,0,0,200,200,200
403173,0,30,0,0,0,1,12,2,0,0,0,23,22,1,23,0,4,0,0,200,200
403173,0,30,0,0,0,1,12,2,0,0,0,23,22,0,60,0,0,0,0,200,200
403173,1,30,0,0,0,1,12,2,0,0,0,23,22,1,0,5,200,200,200,200,200
403184,0,30,0,0,0,1,2,200,0,0,0,200,200,0,83,0,12,0,0,200,200
403190,0,30,0,0,2,3,12,5,0,1,0,0,0,1,38,0,12,0,0,200,200
403190,0,30,0,0,2,3,12,5,0,1,0,0,0,0,51,0,12,0,0,200,200
403191,0,30,0,0,1,1,7,6,0,0,0,11,0,1,200,200,12,200,200,200,200
403191,1,30,0,0,1,1,7,6,0,0,0,11,0,0,69,1,200,200,200,200,200
403192,0,20,0,0,0,4,7,5,0,0,0,0,200,1,63,0,200,0,0,200,200
403193,0,30,0,0,1,1,10,5,0,200,200,18,18,0,30,200,3,200,200,200,200
403193,0,30,0,0,1,1,10,5,0,200,200,18,18,1,31,0,12,200,0,200,200
403193,0,30,0,0,1,1,10,5,0,200,200,18,18,0,52,200,12,200,200,200,200
403204,0,30,0,0,200,0,7,6,0,200,200,0,0,2,200,200,200,200,200,200,200
403208,1,30,0,0,0,1,7,5,0,0,0,22,16,0,200,0,200,200,200,200,200
403208,0,30,0,0,0,1,7,5,0,0,0,22,16,0,25,200,2,200,0,200,200
403213,0,15,0,0,0,4,7,7,0,0,0,0,0,2,200,200,10,200,200,200,200
403214,0,30,0,0,0,1,7,5,2,200,0,20,200,0,60,200,6,0,200,200,200
403219,0,25,0,0,0,1,7,5,0,0,0,0,200,2,0,200,200,200,200,200,200
403221,0,30,0,0,0,3,8,0,0,0,0,0,0,1,63,0,0,0,0,200,200
403221,4,30,0,0,0,3,8,0,0,0,0,0,0,0,13,7,0,2,0,200,200
403226,0,30,1,2,0,1,14,5,0,0,200,17,200,1,200,200,1,200,200,200,200
403226,0,30,1,2,0,1,14,5,0,0,200,17,200,0,71,0,0,0,0,200,200
403226,1,30,1,2,0,1,14,5,0,0,200,17,200,1,59,0,200,200,200,200,200
403232,0,30,0,0,0,1,0,2,0,0,0,17,200,0,200,200,1,200,200,200,200
403232,0,30,0,0,0,1,0,2,0,0,0,17,200,1,22,0,0,0,200,200,200
403233,0,30,0,0,0,1,14,5,0,0,0,17,200,1,24,0,1,0,0,200,200
403233,0,30,0,0,0,1,14,5,0,0,0,17,200,0,28,3,0,0,0,200,200
403235,0,30,1,2,0,3,10,5,0,0,0,18,16,0,200,200,3,200,200,200,200
403235,0,30,1,2,0,3,10,5,0,0,0,18,16,1,21,0,0,0,0,200,200
403235,1,30,1,2,0,3,10,5,0,0,0,18,16,1,200,0,200,200,200,200,200
403235,1,30,1,2,0,3,10,5,0,0,0,18,16,0,200,200,200,200,200,200,200
403241,0,15,0,0,0,1,7,7,0,0,0,0,0,2,200,200,0,200,200,200,200
403241,1,15,0,0,0,1,7,7,0,0,0,0,0,0,12,0,200,200,200,200,200
403249,0,30,2,2,0,4,14,2,0,0,0,5,200,0,200,200,1,200,200,200,200
403249,0,30,2,2,0,4,14,2,0,0,0,5,200,0,40,0,0,0,0,200,200
403250,0,30,200,200,2,3,8,5,0,1,0,11,200,0,37,200,12,0,0,200,200
403250,4,30,200,200,2,3,8,5,0,1,0,11,200,0,51,7,0,0,0,200,200
403260,0,30,1,2,2,3,10,5,0,1,0,18,200,1,28,200,3,0,0,200,200
403260,0,30,1,2,2,3,10,5,0,1,0,18,200,0,22,0,200,0,0,200,200
403274,0,30,1,2,2,3,14,5,0,1,0,10,200,1,38,0,7,0,0,200,200
403274,0,30,1,2,2,3,14,5,0,1,0,10,200,1,41,0,0,0,0,200,200
403277,0,30,0,0,0,3,10,5,0,1,0,0,200,1,200,200,200,200,200,200,200
403277,0,30,0,0,0,3,10,5,0,1,0,0,200,0,34,0,0,0,0,200,200
403277,1,30,0,0,0,3,10,5,0,1,0,0,200,1,200,200,200,200,200,200,200
403278,0,30,0,0,2,3,7,5,0,1,0,0,200,2,200,200,200,200,200,200,200
403280,0,30,200,200,0,2,10,5,0,0,0,18,16,0,68,200,200,0,7,200,200
403280,0,30,200,200,0,2,10,5,0,0,0,18,16,0,26,200,200,0,0,200,200
403284,0,15,5,0,0,3,10,7,0,0,200,17,20,0,200,200,1,200,200,200,200
403284,0,15,5,0,0,3,10,7,0,0,200,17,20,0,19,0,0,0,0,200,200
403291,0,30,1,2,0,4,14,2,0,0,0,4,23,0,28,0,7,0,0,200,200
403291,0,30,1,2,0,4,14,2,0,0,0,4,23,0,48,0,0,0,0,200,200
403303,0,30,1,0,0,1,12,5,0,0,0,22,200,1,200,200,4,200,200,200,200
403303,0,30,1,0,0,1,12,5,0,0,0,22,200,1,46,0,0,0,0,200,200
403309,0,30,1,2,0,3,10,5,0,0,0,0,200,1,36,200,200,200,200,200,200
403309,0,30,1,2,0,3,10,5,0,0,0,0,200,0,59,200,200,200,200,200,200
403310,0,30,1,2,0,1,10,5,0,0,0,0,0,1,29,200,200,200,200,200,200
403310,0,30,1,2,0,1,10,5,0,0,0,0,0,0,18,0,0,0,0,200,200
403310,1,30,1,2,0,1,10,5,0,0,0,0,0,2,200,200,200,200,200,200,200
403310,1,30,1,2,0,1,10,5,0,0,0,0,0,0,200,0,200,200,200,200,200
403310,1,30,1,2,0,1,10,5,0,0,0,0,0,0,58,0,200,200,200,200,200
403313,0,30,1,2,0,3,10,5,0,0,200,8,200,0,20,200,3,0,0,200,200
403313,0,30,1,2,0,3,10,5,0,0,200,8,200,1,71,200,0,0,0,200,200
403328,0,30,0,0,1,0,7,7,0,1,0,20,0,0,200,200,6,200,200,200,200
403335,0,30,1,2,0,3,14,3,0,0,0,23,11,0,30,0,7,0,0,200,200
403335,0,30,1,2,0,3,14,3,0,0,0,23,11,0,38,0,0,0,0,200,200
403335,1,30,1,2,0,3,14,3,0,0,0,23,11,1,73,0,200,200,200,200,200
403342,0,30,2,2,0,3,14,6,0,0,0,0,0,0,200,200,200,200,200,200,200
403342,0,30,2,2,0,3,14,6,0,0,0,0,0,0,53,200,0,0,0,200,200
403350,0,30,1,200,0,3,9,6,0,0,200,17,200,0,31,200,1,200,0,200,200
403350,5,30,1,200,0,3,9,6,0,0,200,17,200,1,23,7,0,200,200,200,200
403356,0,35,2,2,0,3,7,5,0,1,0,27,21,0,37,200,5,0,4,200,200
403360,0,30,1,0,0,1,10,5,0,0,0,0,200,0,200,200,200,200,200,200,200
403360,0,30,1,0,0,1,10,5,0,0,0,0,200,1,39,0,200,0,0,200,200
403360,1,30,1,0,0,1,10,5,0,0,0,0,200,1,200,200,200,200,200,200,200
403360,1,30,1,0,0,1,10,5,0,0,0,0,200,2,200,200,200,200,200,200,200
403360,1,30,1,0,0,1,10,5,0,0,0,0,200,2,200,200,200,200,200,200,200
403360,1,30,1,0,0,1,10,5,0,0,0,0,200,1,18,0,200,200,200,200,200
403366,0,25,0,0,0,3,7,6,0,0,0,19,16,0,200,200,200,200,200,200,200
403366,1,25,0,0,0,3,7,6,0,0,0,19,16,0,200,200,200,200,200,200,200
403373,0,30,1,2,0,1,8,2,0,0,0,23,200,1,26,200,7,200,200,200,200
403373,4,30,1,2,0,1,8,2,0,0,0,23,200,0,37,200,0,0,0,200,200
403375,0,30,2,2,0,3,0,5,0,0,0,17,200,1,23,0,1,0,0,200,200
403375,0,30,2,2,0,3,0,5,0,0,0,17,200,0,26,0,0,0,0,200,200
403380,0,20,0,0,0,3,10,7,0,0,200,18,22,2,200,200,2,200,200,200,200
403380,0,20,0,0,0,3,10,7,0,0,200,18,22,1,32,200,0,200,0,200,200
403380,1,20,0,0,0,3,10,7,0,0,200,18,22,1,33,200,200,200,200,200,200
403380,1,20,0,0,0,3,10,7,0,0,200,18,22,0,62,200,200,200,200,200,200
403380,1,20,0,0,0,3,10,7,0,0,200,18,22,1,30,200,200,200,200,200,200
403385,0,30,0,0,0,3,7,6,0,0,0,0,0,0,41,0,12,0,0,200,200
403390,0,30,1,2,0,3,8,5,0,0,0,6,0,2,200,200,5,200,200,200,200
403390,4,30,1,2,0,3,8,5,0,0,0,6,0,0,24,2,0,0,0,200,200
403392,0,30,0,0,1,3,14,5,0,0,0,18,18,2,200,200,3,200,200,200,200
403392,0,30,0,0,1,3,14,5,0,0,0,18,18,0,59,0,0,0,0,200,200
403396,0,30,0,0,200,200,7,5,1,200,200,0,200,2,200,200,200,200,200,200,200
403398,0,15,0,0,0,0,10,7,0,0,0,16,11,1,17,7,8,0,0,200,200
403398,0,15,0,0,0,0,10,7,0,0,0,16,11,0,27,0,0,0,0,200,200
403398,1,15,0,0,0,0,10,7,0,0,0,16,11,0,19,200,200,200,200,200,200
403398,1,15,0,0,0,0,10,7,0,0,0,16,11,1,17,200,200,200,200,200,200
403398,1,15,0,0,0,0,10,7,0,0,0,16,11,1,21,200,200,200,200,200,200
403398,1,15,0,0,0,0,10,7,0,0,0,16,11,1,25,200,200,200,200,200,200
403419,0,45,3,2,0,3,12,6,0,0,0,22,22,1,20,0,4,0,0,200,200
403419,0,45,3,2,0,3,12,6,0,0,0,22,22,0,32,0,0,0,0,200,200
403422,0,30,1,2,0,0,14,6,0,0,0,32,16,0,48,200,9,0,5,0.14,200
403422,0,30,1,2,0,0,14,6,0,0,0,32,16,0,62,200,0,0,0,200,200
403422,1,30,1,2,0,0,14,6,0,0,0,32,16,200,200,200,200,200,200,200,200
403429,0,30,0,0,0,3,5,5,0,0,0,0,0,1,64,0,200,0,0,200,200
403429,4,30,0,0,0,3,5,5,0,0,0,0,0,0,200,7,200,200,200,200,200
403435,4,30,0,0,0,3,8,5,0,0,0,0,200,0,200,7,0,200,200,200,200
403437,0,30,200,200,0,3,10,7,0,200,200,20,0,0,49,0,6,200,200,200,200
403437,0,30,200,200,0,3,10,7,0,200,200,20,0,0,33,0,200,200,200,200,200