RD_NO,PERSON_TYPE,POSTED_SPEED_LIMIT,TRAFFIC_CONTROL_DEVICE,DEVICE_CONDITION,WEATHER_CONDITION,LIGHTING_CONDITION,FIRST_CRASH_TYPE,TRAFFICWAY_TYPE,ALIGNMENT,ROADWAY_SURFACE_COND,ROAD_DEFECT,PRIM_CONTRIBUTORY_CAUSE,SEC_CONTRIBUTORY_CAUSE,SEX,AGE,SAFETY_EQUIPMENT,DRIVER_ACTION,DRIVER_VISION,PHYSICAL_CONDITION,BAC_RESULT VALUE,CELL_PHONE_USE
403442,0,35,1,2,0,3,9,5,0,0,0,0,200,2,200,200,200,200,200,200,200
403442,5,35,1,2,0,3,9,5,0,0,0,0,200,0,51,7,200,200,7,200,200
403448,0,35,0,0,0,3,2,5,0,0,0,0,0,2,200,200,200,200,200,200,200
403465,0,30,1,2,0,1,3,5,0,0,200,20,200,1,200,200,6,200,200,200,200
403465,0,30,1,2,0,1,3,5,0,0,200,20,200,0,26,200,12,200,0,200,200
403469,0,40,0,0,0,3,2,3,0,0,0,0,200,0,21,0,0,0,0,200,200
403469,1,40,0,0,0,3,2,3,0,0,0,0,200,0,200,0,200,200,200,200,200
403469,1,40,0,0,0,3,2,3,0,0,0,0,200,0,23,0,200,200,200,200,200
403474,0,30,1,0,0,3,3,5,0,0,0,21,200,0,23,0,4,0,0,200,200
403474,0,30,1,0,0,3,3,5,0,0,0,21,200,1,20,0,0,0,0,200,200
403474,1,30,1,0,0,3,3,5,0,0,0,21,200,1,200,200,200,200,200,200,200
403474,1,30,1,0,0,3,3,5,0,0,0,21,200,0,200,200,200,200,200,200,200
403474,1,30,1,0,0,3,3,5,0,0,0,21,200,1,200,200,200,200,200,200,200
403490,0,35,0,0,0,3,7,5,0,0,0,22,0,0,34,0,7,0,0,200,200
403494,0,30,0,0,0,3,2,5,0,0,0,25,11,0,33,200,12,200,200,200,200
403494,1,30,0,0,0,3,2,5,0,0,0,25,11,1,32,200,200,200,200,200,200
403500,0,25,0,0,0,1,14,5,0,0,0,23,16,2,200,200,7,200,200,200,200
403500,0,25,0,0,0,1,14,5,0,0,0,23,16,0,43,0,0,0,0,200,200
403504,0,0,0,0,2,1,7,7,0,1,0,0,0,0,200,200,200,200,200,200,200
403513,0,30,0,0,0,3,7,5,0,1,0,14,15,0,200,200,12,200,0,200,200
403514,0,30,0,0,0,3,7,6,0,0,0,10,200,0,20,200,9,200,200,200,200
403522,0,30,0,0,0,3,7,5,0,0,0,8,8,1,37,0,200,0,0,200,200
403526,0,30,0,0,0,3,7,6,0,0,200,14,0,0,200,200,200,200,200,200,200
403526,1,30,0,0,0,3,7,6,0,0,200,14,0,0,17,200,200,200,200,200,200
403526,1,30,0,0,0,3,7,6,0,0,200,14,0,1,15,200,200,200,200,200,200
403536,0,30,0,0,0,3,7,5,0,0,0,14,0,0,21,200,200,0,0,200,200
403539,0,30,0,2,0,3,2,6,0,0,0,32,200,0,31,200,1,0,5,200,200
403553,0,30,0,0,0,3,7,5,0,0,0,0,0,2,200,200,200,200,200,200,200
403553,1,30,0,0,0,3,7,5,0,0,0,0,0,200,200,200,200,200,200,200,200
403558,0,20,0,200,0,3,2,6,0,0,200,8,200,0,40,200,200,12,200,200,200
403566,0,30,0,0,0,3,7,6,0,0,0,0,0,0,27,200,12,0,0,200,200
403577,0,30,200,200,0,200,9,200,0,200,200,200,200,2,200,200,200,200,200,200,200
403577,5,30,200,200,0,200,9,200,0,200,200,200,200,0,29,7,200,200,200,200,200
403586,0,30,3,0,0,1,14,6,0,0,0,21,200,1,23,200,7,0,0,200,200
403586,0,30,3,0,0,1,14,6,0,0,0,21,200,1,56,200,0,0,0,200,200
403590,0,30,1,2,0,2,10,5,0,0,0,0,0,2,200,200,200,200,200,200,200
403590,0,30,1,2,0,2,10,5,0,0,0,0,0,1,31,0,200,0,0,200,200
403597,0,30,0,0,0,1,12,5,0,0,0,17,200,0,61,200,1,0,0,200,200
403597,0,30,0,0,0,1,12,5,0,0,0,17,200,0,41,200,0,0,0,200,200
403599,0,30,1,2,0,1,10,5,0,0,0,0,200,0,43,0,200,200,0,200,200
403599,0,30,1,2,0,1,10,5,0,0,0,0,200,0,46,0,0,0,0,200,200
403600,0,30,1,2,0,1,12,2,0,0,0,0,0,0,35,0,8,200,0,200,200
403600,0,30,1,2,0,1,12,2,0,0,0,0,0,1,33,0,7,200,0,200,200
403606,0,30,1,2,0,1,2,3,0,0,0,0,0,0,27,200,200,200,0,200,200
403607,0,30,1,2,0,1,12,5,0,0,0,22,200,0,200,200,4,200,200,200,200
403607,0,30,1,2,0,1,12,5,0,0,0,22,200,0,28,200,0,0,0,200,200
403607,1,30,1,2,0,1,12,5,0,0,0,22,200,0,200,200,200,200,200,200,200
403609,0,30,0,0,0,1,14,5,0,0,0,23,11,1,40,200,7,0,0,200,200
403609,0,30,0,0,0,1,14,5,0,0,0,23,11,1,38,200,0,0,0,200,200
403609,1,30,0,0,0,1,14,5,0,0,0,23,11,200,9,200,200,200,200,200,200
403612,0,30,0,0,0,1,7,6,0,0,0,0,200,2,200,200,200,200,200,200,200
403619,0,5,0,0,1,1,0,7,0,0,0,17,0,0,200,200,6,200,200,200,200
403619,0,5,0,0,1,1,0,7,0,0,0,17,0,0,48,0,0,0,0,200,200
403622,0,30,1,2,0,1,10,5,0,0,0,16,18,1,27,0,3,0,0,200,200
403622,0,30,1,2,0,1,10,5,0,0,0,16,18,1,25,0,0,0,0,200,200
403622,0,30,1,2,0,1,10,5,0,0,0,16,18,1,32,0,0,0,0,200,200
403622,0,30,1,2,0,1,10,5,0,0,0,16,18,0,63,0,0,0,0,200,200
403622,1,30,1,2,0,1,10,5,0,0,0,16,18,1,2,0,200,200,200,200,200
403622,1,30,1,2,0,1,10,5,0,0,0,16,18,1,49,0,200,200,200,200,200
403623,0,30,0,0,0,1,0,2,0,0,0,0,0,0,31,200,2,200,200,200,200
403623,0,30,0,0,0,1,0,2,0,0,0,0,0,0,35,0,0,200,0,200,200
403625,0,30,0,0,2,1,5,5,0,1,0,12,200,0,55,0,0,0,0,200,200
403629,0,30,0,0,0,1,7,6,0,0,0,18,200,1,40,0,3,0,0,200,200
403632,0,30,1,2,200,200,14,6,0,200,0,0,200,0,200,200,7,200,200,200,200
403632,0,30,1,2,200,200,14,6,0,200,0,0,200,0,57,0,0,0,0,200,200
403634,0,10,0,0,200,0,7,0,0,0,0,0,200,0,23,200,12,200,200,200,200
403635,0,20,0,0,0,3,7,5,0,0,0,0,200,2,200,200,200,200,200,200,200
403636,0,30,7,2,0,1,12,5,0,0,0,0,200,0,29,200,14,0,0,200,200
403636,0,30,7,2,0,1,12,5,0,0,0,0,200,0,73,200,12,0,0,200,200
403640,0,35,1,2,0,1,14,5,2,0,0,17,23,1,52,3,1,0,7,200,200
403640,0,35,1,2,0,1,14,5,2,0,0,17,23,1,31,0,0,0,0,200,200
403643,0,30,0,0,0,1,14,2,0,0,0,17,0,0,45,200,1,200,0,200,200
403643,0,30,0,0,0,1,14,2,0,0,0,17,0,0,33,200,200,200,0,200,200
403643,1,30,0,0,0,1,14,2,0,0,0,17,0,1,15,200,200,200,200,200,200
403643,1,30,0,0,0,1,14,2,0,0,0,17,0,0,16,200,200,200,200,200,200
403644,0,30,2,2,0,1,10,6,0,0,0,16,200,0,26,0,3,0,0,200,200
403644,0,30,2,2,0,1,10,6,0,0,0,16,200,0,37,0,0,0,0,200,200
403646,0,30,0,0,0,1,14,5,0,0,0,0,0,1,33,0,200,0,0,200,200
403646,0,30,0,0,0,1,14,5,0,0,0,0,0,0,26,0,0,0,0,200,200
403649,0,15,0,0,0,1,10,0,0,0,0,20,200,1,58,0,6,0,0,200,200
403649,0,15,0,0,0,1,10,0,0,0,0,20,200,0,45,0,0,0,0,200,200
403653,0,15,2,2,0,1,10,6,0,0,0,20,200,0,200,200,6,200,200,200,200
403653,0,15,2,2,0,1,10,6,0,0,0,20,200,1,39,200,0,0,0,200,200
403659,0,30,0,0,0,0,7,6,0,0,0,0,0,0,31,200,200,200,0,200,200
403660,0,25,1,2,0,1,10,5,0,0,0,0,0,0,25,0,3,0,0,200,200
403660,0,25,1,2,0,1,10,5,0,0,0,0,0,1,32,0,0,0,0,200,200
403662,0,25,0,0,0,1,11,5,0,0,0,10,200,0,26,0,2,200,0,200,200
403662,0,25,0,0,0,1,11,5,0,0,0,10,200,0,39,1,0,0,0,200,200
403665,0,30,1,2,0,1,10,5,0,0,200,0,200,0,51,0,200,0,0,200,200
403665,0,30,1,2,0,1,10,5,0,0,200,0,200,1,38,0,200,0,0,200,200
403666,0,30,0,0,0,1,0,6,0,0,0,17,0,0,55,0,1,0,0,200,200
403666,0,30,0,0,0,1,0,6,0,0,0,17,0,1,49,0,0,0,0,200,200
403666,1,30,0,0,0,1,0,6,0,0,0,17,0,0,14,0,200,200,200,200,200
403667,0,30,0,0,0,1,10,2,0,0,0,18,0,0,51,0,0,0,0,200,200
403667,0,30,0,0,0,1,10,2,0,0,0,18,0,1,17,0,0,0,0,200,200
403668,0,30,0,0,0,1,7,5,0,0,0,25,200,0,200,200,12,200,200,200,200
403670,0,30,2,12,0,1,14,2,0,0,0,17,200,1,36,0,1,0,0,200,200
403670,0,30,2,12,0,1,14,2,0,0,0,17,200,0,32,0,0,0,0,200,200
403670,1,30,2,12,0,1,14,2,0,0,0,17,200,0,7,0,200,200,200,200,200
403671,0,30,0,0,0,1,7,5,0,0,0,7,0,1,53,0,0,0,0,200,200
403671,1,30,0,0,0,1,7,5,0,0,0,7,0,1,200,0,200,200,200,200,200
403673,0,20,0,0,0,1,7,6,0,0,0,0,0,1,200,200,6,200,200,200,200
403673,1,20,0,0,0,1,7,6,0,0,0,0,0,2,200,200,200,200,200,200,200
403673,1,20,0,0,0,1,7,6,0,0,0,0,0,2,200,200,200,200,200,200,200
403677,0,30,1,2,0,1,10,5,0,0,0,16,200,1,47,0,12,0,0,200,200
403677,0,30,1,2,0,1,10,5,0,0,0,16,200,1,33,0,0,0,0,200,200
403684,0,30,0,0,0,1,2,5,0,0,0,0,0,0,54,0,200,0,0,200,200
403689,0,30,0,0,0,1,14,2,0,0,0,17,11,0,16,0,1,0,0,200,200
403689,0,30,0,0,0,1,14,2,0,0,0,17,11,0,28,0,0,12,0,200,200
403692,0,30,0,0,0,2,7,6,0,0,0,0,0,0,62,200,6,200,200,200,200
403696,0,30,1,2,0,1,10,2,0,0,0,16,200,1,43,0,8,0,0,200,200
403696,0,30,1,2,0,1,10,2,0,0,0,16,200,0,37,0,0,0,0,200,200
403696,1,30,1,2,0,1,10,2,0,0,0,16,200,200,200,0,200,200,200,200,200
403696,1,30,1,2,0,1,10,2,0,0,0,16,200,200,200,0,200,200,200,200,200
403696,1,30,1,2,0,1,10,2,0,0,0,16,200,200,200,0,200,200,200,200,200
403698,0,30,0,0,0,1,0,5,0,0,0,17,200,1,29,0,1,0,0,200,200
403698,0,30,0,0,0,1,0,5,0,0,0,17,200,0,58,200,0,0,0,200,200
403700,0,30,1,2,0,1,10,5,0,0,0,27,200,0,200,0,12,0,2,200,200
403700,0,30,1,2,0,1,10,5,0,0,0,27,200,0,200,0,0,0,0,200,200
403703,0,15,0,0,0,1,7,7,0,0,0,20,200,0,200,200,6,200,200,200,200
403709,0,30,0,0,0,1,10,5,0,0,0,18,18,1,29,0,3,0,0,200,200
403709,0,30,0,0,0,1,10,5,0,0,0,18,18,1,35,0,0,0,0,200,200
403709,1,30,0,0,0,1,10,5,0,0,0,18,18,1,28,0,200,200,200,200,200
403711,0,30,2,2,0,1,7,5,0,0,0,200,0,0,27,200,12,0,0,200,200
403711,1,30,2,2,0,1,7,5,0,0,0,200,0,200,200,200,200,200,200,200,200
403711,1,30,2,2,0,1,7,5,0,0,0,200,0,200,200,200,200,200,200,200,200
403711,1,30,2,2,0,1,7,5,0,0,0,200,0,200,200,200,200,200,200,200,200
403711,1,30,2,2,0,1,7,5,0,0,0,200,0,200,200,200,200,200,200,200,200
403711,1,30,2,2,0,1,7,5,0,0,0,200,0,200,200,200,200,200,200,200,200
403711,1,30,2,2,0,1,7,5,0,0,0,200,0,200,200,200,200,200,200,200,200
403711,1,30,2,2,0,1,7,5,0,0,0,200,0,200,200,200,200,200,200,200,200
403717,0,25,1,2,0,1,0,5,0,0,0,20,17,1,25,0,1,0,0,200,200
403717,0,25,1,2,0,1,0,5,0,0,0,20,17,1,36,0,0,0,0,200,200
403719,0,10,0,0,0,1,7,7,0,0,0,0,0,2,200,200,200,200,200,200,200
403720,0,30,0,3,0,3,10,2,0,0,0,18,16,2,200,200,3,200,200,200,200
403720,0,30,0,3,0,3,10,2,0,0,0,18,16,1,26,200,0,0,0,200,200
403725,0,15,0,0,0,1,10,7,0,0,0,18,0,0,200,0,3,0,200,200,200
403725,0,15,0,0,0,1,10,7,0,0,0,18,0,0,33,0,0,0,0,200,200
403726,0,25,0,0,0,1,12,5,0,0,0,17,0,0,200,0,1,0,0,200,200
403726,0,25,0,0,0,1,12,5,0,0,0,17,0,0,38,0,0,0,0,200,200
403731,0,30,1,2,0,1,10,5,0,0,0,18,16,1,37,0,3,0,0,200,200
403731,0,30,1,2,0,1,10,5,0,0,0,18,16,0,27,0,0,0,0,200,200
403731,1,30,1,2,0,1,10,5,0,0,0,18,16,1,200,0,200,200,200,200,200
403733,0,30,1,2,0,1,10,6,0,0,0,18,0,1,23,0,3,0,0,200,200
403733,0,30,1,2,0,1,10,6,0,0,0,18,0,0,32,0,3,0,0,200,200
403734,0,30,0,0,0,1,7,2,0,0,0,16,0,0,24,200,200,0,0,200,200
403754,0,30,1,200,0,1,14,5,0,0,0,6,6,0,44,0,200,0,0,200,200
403754,0,30,1,200,0,1,14,5,0,0,0,6,6,0,25,0,200,0,0,200,200
403754,1,30,1,200,0,1,14,5,0,0,0,6,6,0,19,0,200,200,200,200,200
403754,1,30,1,200,0,1,14,5,0,0,0,6,6,0,35,0,200,200,200,200,200
403758,0,35,0,0,0,1,0,1,0,0,0,28,0,0,63,0,200,0,0,200,200
403758,0,35,0,0,0,1,0,1,0,0,0,28,0,0,27,0,200,0,0,200,200
403762,0,20,0,0,0,3,7,6,0,0,0,0,200,2,200,200,200,200,200,200,200
403763,0,35,1,200,0,1,14,5,0,0,200,23,11,0,69,200,7,200,200,200,200
403763,0,35,1,200,0,1,14,5,0,0,200,23,11,0,27,200,0,200,0,200,200
403766,0,20,0,0,0,1,7,5,0,0,0,22,200,0,44,200,4,0,0,200,200
403767,0,30,0,0,0,1,2,5,0,0,0,11,0,0,43,200,12,0,0,200,200
403770,0,30,1,2,0,1,14,3,0,0,0,2,200,0,23,0,15,0,0,200,1
403770,0,30,1,2,0,1,14,3,0,0,0,2,200,1,39,0,0,0,0,200,200
403771,0,25,0,0,0,1,7,5,0,0,0,0,200,1,49,200,6,200,200,200,200
403783,0,30,0,0,0,1,7,6,2,0,0,0,0,2,200,200,200,200,200,200,200
403788,0,20,1,2,0,1,14,6,0,0,0,0,0,0,47,200,200,200,0,200,200
403788,0,20,1,2,0,1,14,6,0,0,0,0,0,0,40,200,200,200,0,200,200
403788,1,20,1,2,0,1,14,6,0,0,0,0,0,0,28,200,200,200,200,200,200
403796,0,30,0,0,0,1,7,6,0,0,200,0,0,1,200,200,200,200,0,200,200
403796,0,30,0,0,0,1,7,6,0,0,200,0,0,0,200,200,12,200,200,200,200
403798,5,30,200,200,200,0,9,200,2,200,200,0,200,0,35,200,200,200,5,200,200
403798,0,30,200,200,200,0,9,200,2,200,200,0,200,2,200,200,200,200,200,200,200
403807,0,35,0,0,0,1,12,2,0,0,0,0,200,0,26,0,4,0,0,200,200
403807,0,35,0,0,0,1,12,2,0,0,0,0,200,0,38,0,0,0,0,200,200
403813,0,15,2,0,0,1,12,6,0,0,0,22,22,0,200,200,2,200,200,200,200
403813,0,15,2,0,0,1,12,6,0,0,0,22,22,0,34,0,0,0,0,200,200
403816,0,30,1,2,0,1,14,3,0,0,0,21,200,0,40,200,4,200,0,200,200
403816,0,30,1,2,0,1,14,3,0,0,0,21,200,0,30,200,0,200,0,200,200
403826,0,30,0,0,0,1,14,5,0,0,0,0,0,1,62,0,12,0,0,200,200
403826,0,30,0,0,0,1,14,5,0,0,0,0,0,0,24,200,200,200,200,200,200
403828,0,30,1,2,0,1,0,2,0,0,200,6,0,1,36,200,1,200,200,200,200
403828,0,30,1,2,0,1,0,2,0,0,200,6,0,1,59,200,0,200,200,200,200
403828,1,30,1,2,0,1,0,2,0,0,200,6,0,0,200,200,200,200,200,200,200
403828,1,30,1,2,0,1,0,2,0,0,200,6,0,1,200,200,200,200,200,200,200
403829,0,30,1,2,0,1,12,3,0,0,0,17,22,1,67,200,2,0,0,200,200
403829,0,30,1,2,0,1,12,3,0,0,0,17,22,0,43,7,0,0,0,200,200
403837,0,30,2,2,0,1,14,2,0,0,0,17,200,1,41,200,1,200,0,200,200
403837,0,30,2,2,0,1,14,2,0,0,0,17,200,0,51,200,0,200,0,200,200
403837,1,30,2,2,0,1,14,2,0,0,0,17,200,1,63,200,200,200,200,200,200
403838,0,30,0,0,0,1,10,5,0,0,0,18,200,1,23,0,3,0,0,200,200
403838,0,30,0,0,0,1,10,5,0,0,0,18,200,0,58,0,12,0,0,200,200
403840,0,30,1,2,0,1,0,6,0,0,0,0,0,0,28,200,200,0,0,200,200
403840,0,30,1,2,0,1,0,6,0,0,0,0,0,1,26,0,200,0,0,200,200
403841,0,30,0,0,0,1,10,5,0,0,0,18,16,0,64,200,3,0,0,200,200
403841,0,30,0,0,0,1,10,5,0,0,0,18,16,0,45,200,0,0,0,200,200
403842,0,0,0,0,0,1,7,7,0,0,0,0,200,1,51,200,12,200,200,200,200
403845,0,30,1,2,0,1,12,5,0,0,0,21,200,0,31,0,4,0,0,200,200
403845,0,30,1,2,0,1,12,5,0,0,0,21,200,1,69,0,12,0,0,200,200
403851,0,30,0,0,0,1,8,5,0,0,0,17,200,1,38,0,1,0,0,200,200
403851,4,30,0,0,0,1,8,5,0,0,0,17,200,0,33,7,0,0,0,200,200
403855,0,30,1,2,0,1,14,3,0,0,0,0,200,0,54,200,200,200,200,200,200
403855,0,30,1,2,0,1,14,3,0,0,0,0,200,1,21,0,0,0,0,200,200
403855,1,30,1,2,0,1,14,3,0,0,0,0,200,0,200,200,200,200,200,200,200
403855,1,30,1,2,0,1,14,3,0,0,0,0,200,1,43,0,200,200,200,200,200
403861,0,20,0,0,200,200,7,6,0,200,3,21,0,2,200,200,200,200,200,200,200
403868,0,25,0,0,0,0,7,2,0,0,0,22,200,2,200,200,2,200,200,200,200
403869,0,30,0,0,0,1,12,12,0,0,0,0,200,0,64,0,12,0,0,200,1
403869,0,30,0,0,0,1,12,12,0,0,0,0,200,0,47,0,12,0,0,200,200
403882,0,30,1,2,0,1,10,2,0,0,0,18,200,1,200,200,3,200,200,200,200
403882,0,30,1,2,0,1,10,2,0,0,0,18,200,1,54,0,0,0,0,200,200
403882,1,30,1,2,0,1,10,2,0,0,0,18,200,2,200,4,200,200,200,200,200
403886,0,30,1,2,0,1,5,5,0,0,0,0,0,1,42,200,200,200,200,200,200
403890,0,35,0,0,0,1,0,7,0,0,0,0,200,0,31,0,6,0,0,200,200
403890,0,35,0,0,0,1,0,7,0,0,0,0,200,1,51,7,0,0,0,200,200
403893,0,15,0,0,0,3,10,7,0,0,0,0,200,1,25,200,3,200,200,200,200
403893,0,15,0,0,0,3,10,7,0,0,0,0,200,0,200,0,12,0,0,200,200
403893,1,15,0,0,0,3,10,7,0,0,0,0,200,1,200,0,200,200,200,200,200
403893,1,15,0,0,0,3,10,7,0,0,0,0,200,1,200,0,200,200,200,200,200
403898,0,20,2,2,0,1,12,6,0,0,0,22,17,0,200,200,2,200,200,200,200
403898,0,20,2,2,0,1,12,6,0,0,0,22,17,0,60,0,0,0,0,200,200
403900,0,30,0,0,0,1,7,5,0,0,0,20,200,1,27,200,12,200,200,200,200
403900,1,30,0,0,0,1,7,5,0,0,0,20,200,1,71,0,200,200,200,200,200
403901,0,30,0,0,0,1,12,5,0,0,0,22,0,1,24,0,2,0,0,200,200
403901,0,30,0,0,0,1,12,5,0,0,0,22,0,0,49,0,0,0,0,200,200
403921,0,35,0,0,0,1,7,7,0,0,0,0,200,0,18,0,6,0,0,200,200
403922,0,5,0,0,0,1,7,7,0,0,0,200,35,1,19,0,12,0,0,200,200
403931,0,30,1,2,0,1,14,2,0,0,0,18,17,2,200,200,1,200,200,200,200
403931,0,30,1,2,0,1,14,2,0,0,0,18,17,0,20,0,0,0,0,200,200
403936,0,15,0,0,0,1,7,7,0,0,0,20,0,1,200,200,6,200,200,200,200
403940,0,30,1,2,0,1,14,2,0,0,0,0,0,1,200,200,200,200,200,200,200
403940,0,30,1,2,0,1,14,2,0,0,0,0,0,0,77,0,200,0,0,200,200
403953,0,30,1,2,0,1,14,5,0,0,0,0,200,0,22,0,200,0,0,200,200
403953,0,30,1,2,0,1,14,5,0,0,0,0,200,0,30,0,0,0,0,200,200
403953,1,30,1,2,0,1,14,5,0,0,0,0,200,1,20,0,200,200,200,200,200
403955,0,30,0,0,0,1,10,2,0,0,0,18,200,1,35,0,3,0,0,200,200
403955,0,30,0,0,0,1,10,2,0,0,0,18,200,1,36,0,0,0,0,200,200
403955,1,30,0,0,0,1,10,2,0,0,0,18,200,1,16,0,200,200,200,200,200
403957,0,5,0,0,0,1,7,7,0,0,0,0,200,0,75,0,200,200,0,200,200
403961,0,15,0,0,200,200,7,6,0,200,0,0,200,2,200,200,200,200,200,200,200
403962,0,25,1,2,0,1,14,2,0,0,0,17,200,0,83,0,1,0,0,200,200
403962,0,25,1,2,0,1,14,2,0,0,0,17,200,0,51,0,0,0,0,200,200
403962,1,25,1,2,0,1,14,2,0,0,0,17,200,0,20,0,200,200,200,200,200
403964,0,20,2,2,0,1,10,6,0,0,0,0,200,0,25,200,200,200,200,200,200
403964,0,20,2,2,0,1,10,6,0,0,0,0,200,0,61,200,200,200,200,200,200
403965,0,30,2,0,0,1,12,5,0,0,0,17,200,1,25,0,1,0,0,200,200
403965,0,30,2,0,0,1,12,5,0,0,0,17,200,1,22,0,1,0,0,200,200
403965,1,30,2,0,0,1,12,5,0,0,0,17,200,1,3,5,200,200,200,200,200
403966,4,30,0,0,0,1,8,5,0,200,200,0,0,1,59,200,12,200,200,200,200
403968,0,30,0,0,0,1,12,2,0,0,0,0,0,1,39,200,200,200,0,200,200
403968,0,30,0,0,0,1,12,2,0,0,0,0,0,1,36,0,200,0,0,200,200
403974,0,30,0,0,0,1,12,5,0,0,0,200,200,0,36,0,0,0,0,200,200
403974,0,30,0,0,0,1,12,5,0,0,0,200,200,0,35,0,0,0,0,200,200
403976,0,20,2,2,0,1,8,5,0,0,0,17,11,1,31,200,1,0,0,200,200
403976,4,20,2,2,0,1,8,5,0,0,0,17,11,0,32,3,0,0,0,200,200
403978,0,30,1,2,0,1,10,2,0,0,0,18,17,0,200,0,3,0,0,200,200
403978,0,30,1,2,0,1,10,2,0,0,0,18,17,0,30,0,12,0,0,200,200
403986,0,30,0,0,0,1,12,2,3,0,0,21,200,1,200,200,4,200,200,200,200
403986,0,30,0,0,0,1,12,2,3,0,0,21,200,1,67,0,0,0,0,200,200
403989,0,15,0,0,0,1,7,0,0,0,0,11,33,0,36,0,12,12,0,200,200
403991,0,30,3,12,0,1,7,5,0,0,0,18,18,1,24,200,3,0,0,200,200
403992,0,30,0,0,0,1,7,0,0,0,0,21,200,1,82,0,12,0,200,200,200
403994,0,30,0,0,0,1,8,5,2,0,0,23,0,2,200,200,7,200,200,200,200
403994,4,30,0,0,0,1,8,5,2,0,0,23,0,0,49,200,0,0,0,200,200
403998,0,25,1,2,0,1,14,1,0,0,0,23,0,0,23,0,12,0,0,200,200
403998,0,25,1,2,0,1,14,1,0,0,0,23,0,0,56,0,0,0,0,200,200
404009,0,30,0,0,0,1,7,5,0,0,0,0,0,2,200,200,200,200,200,200,200
404012,0,35,2,2,0,1,12,5,0,0,0,22,23,2,200,200,2,200,200,200,200
404012,0,35,2,2,0,1,12,5,0,0,0,22,23,0,61,0,0,0,0,200,200
404019,0,30,0,2,0,1,10,5,0,0,0,18,200,0,50,0,3,0,0,200,200
404019,0,30,0,2,0,1,10,5,0,0,0,18,200,0,61,0,0,0,0,200,200
404023,0,30,1,2,0,1,14,5,0,0,0,0,0,0,49,7,200,0,0,200,200
404023,0,30,1,2,0,1,14,5,0,0,0,0,0,0,24,200,7,0,0,200,200
404023,1,30,1,2,0,1,14,5,0,0,0,0,0,0,19,200,200,200,200,200,200
404023,1,30,1,2,0,1,14,5,0,0,0,0,0,1,25,200,200,200,200,200,200
404024,0,30,0,0,0,1,7,5,0,0,0,0,0,0,200,200,200,200,200,200,200
404024,1,30,0,0,0,1,7,5,0,0,0,0,0,1,46,0,200,200,200,200,200
404027,0,30,1,2,2,1,14,5,0,0,0,18,0,1,44,0,3,0,0,200,200
404027,0,30,1,2,2,1,14,5,0,0,0,18,0,1,18,0,0,0,0,200,200
404033,0,30,1,2,0,1,14,2,0,0,0,17,17,0,37,0,1,1,0,200,200
404033,0,30,1,2,0,1,14,2,0,0,0,17,17,1,73,0,12,200,0,200,200
404034,4,30,0,0,0,1,8,5,0,0,0,0,0,0,200,7,200,200,0,200,200
404034,1,30,0,0,0,1,8,5,0,0,0,0,0,1,200,0,200,200,200,200,200
404034,1,30,0,0,0,1,8,5,0,0,0,0,0,0,28,1,200,200,200,200,200
404043,0,30,200,200,0,1,10,5,0,0,200,16,17,0,200,200,3,200,200,200,200
404043,0,30,200,200,0,1,10,5,0,0,200,16,17,0,18,0,0,0,0,200,200
404043,1,30,200,200,0,1,10,5,0,0,200,16,17,0,19,0,200,200,200,200,200
404043,1,30,200,200,0,1,10,5,0,0,200,16,17,1,18,0,200,200,200,200,200
404050,0,30,200,200,0,1,12,5,0,0,0,200,200,2,200,200,200,200,200,200,200
404050,0,30,200,200,0,1,12,5,0,0,0,200,200,1,21,0,0,0,0,200,200
404061,0,30,0,0,0,1,12,5,0,0,0,0,0,2,200,200,1,200,200,200,200
404061,0,30,0,0,0,1,12,5,0,0,0,0,0,0,21,0,0,0,0,200,200
404062,0,30,2,2,0,1,0,5,0,0,0,0,0,1,200,200,200,200,200,200,200
404062,0,30,2,2,0,1,0,5,0,0,0,0,0,1,29,0,0,0,0,200,200
404063,0,30,0,0,0,1,10,2,0,0,0,18,200,1,200,200,3,200,200,200,200
404063,0,30,0,0,0,1,10,2,0,0,0,18,200,0,51,200,0,0,0,200,200
404068,0,30,200,200,0,1,10,5,0,0,0,200,200,0,60,0,3,200,0,200,200
404068,0,30,200,200,0,1,10,5,0,0,0,200,200,0,36,0,0,0,0,200,200
404068,1,30,200,200,0,1,10,5,0,0,0,200,200,1,200,0,200,200,200,200,200
404072,0,30,1,2,0,1,14,2,0,0,0,0,11,0,37,0,200,0,0,200,200
404072,0,30,1,2,0,1,14,2,0,0,0,0,11,0,80,0,200,0,200,200,200
404072,1,30,1,2,0,1,14,2,0,0,0,0,11,0,200,0,200,200,200,200,200
404078,0,25,0,0,0,1,3,2,0,0,0,27,200,0,46,0,9,0,8,200,200
404078,0,25,0,0,0,1,3,2,0,0,0,27,200,0,48,0,0,0,0,200,200
404081,0,30,0,0,0,1,11,5,0,0,0,0,0,1,200,0,200,200,200,200,200
404081,0,30,0,0,0,1,11,5,0,0,0,0,0,1,51,0,0,0,0,200,200
404083,0,30,0,0,0,1,7,2,0,1,200,0,200,0,90,200,200,200,0,200,200
404088,0,10,0,0,0,1,7,7,0,0,0,0,0,0,76,0,12,0,0,200,200
404088,1,10,0,0,0,1,7,7,0,0,0,0,0,0,200,0,200,200,200,200,200
404090,0,30,2,2,1,1,12,2,0,0,0,0,0,2,200,200,200,200,200,200,200
404090,0,30,2,2,1,1,12,2,0,0,0,0,0,0,61,0,0,0,0,200,200