RD_NO,PERSON_TYPE,POSTED_SPEED_LIMIT,TRAFFIC_CONTROL_DEVICE,DEVICE_CONDITION,WEATHER_CONDITION,LIGHTING_CONDITION,FIRST_CRASH_TYPE,TRAFFICWAY_TYPE,ALIGNMENT,ROADWAY_SURFACE_COND,ROAD_DEFECT,PRIM_CONTRIBUTORY_CAUSE,SEC_CONTRIBUTORY_CAUSE,SEX,AGE,SAFETY_EQUIPMENT,DRIVER_ACTION,DRIVER_VISION,PHYSICAL_CONDITION,BAC_RESULT VALUE,CELL_PHONE_USE
404092,0,30,0,0,0,1,7,6,0,0,0,21,0,1,200,200,2,200,200,200,200
404104,0,30,0,0,0,1,10,2,0,0,200,16,18,0,71,0,12,200,0,200,200
404104,0,30,0,0,0,1,10,2,0,0,200,16,18,0,43,0,0,0,0,200,200
404104,0,30,0,0,0,1,10,2,0,0,200,16,18,0,200,200,0,200,200,200,200
404105,0,30,0,0,0,1,10,5,0,0,200,18,200,0,39,200,0,0,0,200,200
404105,0,30,0,0,0,1,10,5,0,0,200,18,200,1,68,200,3,0,0,200,200
404109,0,0,0,0,0,1,7,12,0,0,0,11,0,0,45,0,6,0,0,200,200
404109,1,0,0,0,0,1,7,12,0,0,0,11,0,1,24,0,200,200,200,200,200
404109,1,0,0,0,0,1,7,12,0,0,0,11,0,1,46,0,200,200,200,200,200
404109,1,0,0,0,0,1,7,12,0,0,0,11,0,0,200,0,200,200,200,200,200
404116,0,30,1,2,0,1,10,5,0,0,0,0,0,0,40,0,200,200,0,200,200
404116,0,30,1,2,0,1,10,5,0,0,0,0,0,0,52,0,200,200,0,200,200
404116,1,30,1,2,0,1,10,5,0,0,0,0,0,1,52,0,200,200,200,200,200
404117,0,30,1,2,0,1,12,2,0,0,0,21,0,1,45,0,200,0,0,200,200
404117,0,30,1,2,0,1,12,2,0,0,0,21,0,0,35,0,200,0,0,200,200
404118,0,30,1,2,0,1,12,5,0,0,0,0,0,0,60,0,0,0,0,200,200
404118,0,30,1,2,0,1,12,5,0,0,0,0,0,0,27,0,0,0,0,200,200
404120,0,30,1,2,0,1,14,2,0,0,0,0,200,1,42,200,200,200,0,200,200
404120,0,30,1,2,0,1,14,2,0,0,0,0,200,0,25,0,200,0,0,200,200
404120,1,30,1,2,0,1,14,2,0,0,0,0,200,1,20,0,200,200,200,200,200
404126,0,30,2,2,0,1,10,2,0,0,0,18,0,0,36,200,3,0,0,200,200
404126,0,30,2,2,0,1,10,2,0,0,0,18,0,1,71,200,0,0,0,200,200
404127,0,0,0,0,0,1,12,4,0,0,0,18,200,1,36,200,3,200,200,200,200
404127,0,0,0,0,0,1,12,4,0,0,0,18,200,0,32,0,0,0,0,200,200
404129,0,30,1,2,0,1,0,5,0,0,0,17,17,1,200,200,1,200,0,200,200
404129,0,30,1,2,0,1,0,5,0,0,0,17,17,1,39,0,0,0,0,200,200
404134,0,20,2,2,0,1,9,6,0,0,0,11,16,2,200,200,1,200,200,200,200
404134,5,20,2,2,0,1,9,6,0,0,0,11,16,1,41,200,0,0,0,200,200
404134,5,20,2,2,0,1,9,6,0,0,0,11,16,1,12,200,0,0,0,200,200
404135,0,15,0,0,0,1,7,7,0,0,0,20,16,1,48,0,6,0,0,200,200
404135,1,15,0,0,0,1,7,7,0,0,0,20,16,1,200,0,200,200,200,200,200
404136,0,30,0,0,0,1,12,5,0,0,200,22,17,0,35,200,7,200,200,200,200
404136,0,30,0,0,0,1,12,5,0,0,200,22,17,1,21,200,0,200,200,200,200
404136,1,30,0,0,0,1,12,5,0,0,200,22,17,0,23,200,200,200,200,200,200
404137,0,30,0,0,0,1,12,5,0,0,0,0,0,0,200,200,4,0,0,200,200
404137,0,30,0,0,0,1,12,5,0,0,0,0,0,1,40,0,0,0,0,200,200
404144,0,30,2,2,0,1,7,6,0,0,0,11,200,0,23,0,12,0,0,200,200
404146,0,30,1,2,0,1,0,5,0,0,0,6,35,1,33,0,5,0,0,200,200
404146,0,30,1,2,0,1,0,5,0,0,0,6,35,0,57,0,0,0,0,200,200
404150,4,30,1,2,0,1,8,5,0,0,0,0,0,0,200,200,200,200,200,200,200
404150,0,30,1,2,0,1,8,5,0,0,0,0,0,0,24,0,0,0,0,200,200
404152,0,30,0,0,0,1,7,6,0,0,0,23,11,0,15,200,7,200,200,200,200
404153,0,30,0,0,0,1,2,5,0,0,0,0,0,0,61,0,0,0,0,200,200
404154,0,35,0,0,0,200,12,5,0,0,0,0,200,0,200,0,200,200,0,200,200
404154,0,35,0,0,0,200,12,5,0,0,0,0,200,0,200,0,0,200,0,200,200
404167,0,30,2,0,0,1,0,5,0,0,0,5,17,1,23,0,1,0,0,200,200
404167,0,30,2,0,0,1,0,5,0,0,0,5,17,0,25,0,0,0,0,200,200
404168,0,30,2,2,0,1,11,5,0,0,0,0,200,0,57,0,6,0,0,200,200
404168,0,30,2,2,0,1,11,5,0,0,0,0,200,0,19,0,0,0,0,200,200
404169,0,30,0,0,0,1,7,5,0,0,0,27,11,1,83,0,12,0,12,200,200
404172,0,30,0,0,0,1,10,5,2,0,0,18,0,0,34,0,3,0,0,200,200
404172,0,30,0,0,0,1,10,5,2,0,0,18,0,0,37,0,0,0,0,200,200
404172,1,30,0,0,0,1,10,5,2,0,0,18,0,1,35,0,200,200,200,200,200
404172,1,30,0,0,0,1,10,5,2,0,0,18,0,1,200,0,200,200,200,200,200
404175,0,15,0,0,0,1,7,0,0,0,0,0,0,0,43,0,6,0,0,200,200
404175,1,15,0,0,0,1,7,0,0,0,0,0,0,0,19,0,200,200,200,200,200
404178,0,30,0,0,0,1,7,6,0,0,0,0,200,2,200,200,200,200,200,200,200
404181,0,30,0,0,0,1,14,7,0,0,0,20,23,0,54,0,6,0,0,200,200
404181,0,30,0,0,0,1,14,7,0,0,0,20,23,0,71,0,7,0,0,200,200
404183,0,15,2,0,0,1,0,0,2,0,0,16,14,0,200,200,200,200,200,200,200
404183,0,15,2,0,0,1,0,0,2,0,0,16,14,0,23,0,0,200,0,200,200
404183,1,15,2,0,0,1,0,0,2,0,0,16,14,1,200,200,200,200,200,200,200
404187,4,30,0,0,200,1,8,5,0,200,200,11,11,1,20,3,12,200,200,200,200
404187,1,30,0,0,200,1,8,5,0,200,200,11,11,0,200,200,200,200,200,200,200
404187,1,30,0,0,200,1,8,5,0,200,200,11,11,0,28,200,200,200,200,200,200
404188,0,30,1,2,0,1,10,5,0,0,200,0,0,1,19,200,1,200,200,200,200
404188,0,30,1,2,0,1,10,5,0,0,200,0,0,0,27,0,3,0,0,200,200
404189,0,30,200,200,200,200,14,1,0,200,200,0,0,0,200,200,200,200,200,200,200
404189,0,30,200,200,200,200,14,1,0,200,200,0,0,1,56,200,200,200,200,200,200
404189,1,30,200,200,200,200,14,1,0,200,200,0,0,1,200,200,200,200,200,200,200
404189,1,30,200,200,200,200,14,1,0,200,200,0,0,0,200,200,200,200,200,200,200
404189,1,30,200,200,200,200,14,1,0,200,200,0,0,2,200,200,200,200,200,200,200
404189,1,30,200,200,200,200,14,1,0,200,200,0,0,0,200,200,200,200,200,200,200
404191,0,30,1,2,0,1,10,2,0,0,0,14,18,1,35,0,8,0,0,200,0
404191,0,30,1,2,0,1,10,2,0,0,0,14,18,0,40,0,0,0,0,200,200
404191,0,30,1,2,0,1,10,2,0,0,0,14,18,0,33,0,0,0,0,200,200
404193,0,15,0,0,0,1,7,5,0,0,0,12,200,1,77,0,12,0,0,200,200
404195,0,20,0,0,0,1,7,7,0,0,0,0,0,1,17,0,0,0,0,200,200
404198,0,30,1,2,0,1,14,5,0,0,0,200,200,0,21,200,200,200,200,200,200
404198,0,30,1,2,0,1,14,5,0,0,0,200,200,0,40,200,200,200,0,200,200
404199,0,20,0,0,0,1,7,5,0,0,0,21,200,0,42,200,4,0,0,200,200
404200,0,30,2,2,0,1,8,6,0,0,2,17,200,0,27,0,1,0,0,200,200
404200,4,30,2,2,0,1,8,6,0,0,2,17,200,1,25,0,0,0,0,200,200
404200,3,30,2,2,0,1,8,6,0,0,2,17,200,0,2,7,0,0,0,200,200
404203,0,30,2,2,0,1,14,2,0,0,0,17,200,0,69,0,1,0,0,200,200
404203,0,30,2,2,0,1,14,2,0,0,0,17,200,0,57,0,0,0,0,200,200
404203,1,30,2,2,0,1,14,2,0,0,0,17,200,1,26,0,200,200,200,200,200
404203,1,30,2,2,0,1,14,2,0,0,0,17,200,0,5,0,200,200,200,200,200
404204,0,30,0,0,0,1,7,2,0,0,0,0,200,2,200,200,200,200,200,200,200
404205,0,30,1,2,0,1,10,5,0,0,200,18,200,1,32,200,3,0,0,200,200
404205,0,30,1,2,0,1,10,5,0,0,200,18,200,0,52,200,0,0,0,200,200
404207,0,30,0,0,0,0,7,7,0,0,0,0,200,2,200,200,200,200,200,200,200
404224,0,30,0,0,0,1,0,7,0,0,0,20,0,0,68,200,6,0,0,200,200
404224,0,30,0,0,0,1,0,7,0,0,0,20,0,1,41,200,0,0,0,200,200
404232,0,30,1,200,0,1,8,2,0,0,0,17,200,1,51,200,5,0,0,200,200
404232,4,30,1,200,0,1,8,2,0,0,0,17,200,0,49,3,0,0,0,200,200
404235,0,35,1,2,0,1,14,2,0,0,0,17,200,0,67,0,1,200,0,200,200
404235,0,35,1,2,0,1,14,2,0,0,0,17,200,0,43,0,0,0,0,200,200
404235,0,35,1,2,0,1,14,2,0,0,0,17,200,1,50,0,0,0,0,200,200
404235,1,35,1,2,0,1,14,2,0,0,0,17,200,1,24,0,200,200,200,200,200
404235,1,35,1,2,0,1,14,2,0,0,0,17,200,0,3,5,200,200,200,200,200
404236,0,30,1,2,0,1,10,2,0,0,0,18,11,0,40,0,3,0,0,200,200
404236,0,30,1,2,0,1,10,2,0,0,0,18,11,1,28,0,0,0,0,200,200
404237,0,30,0,0,0,1,7,5,0,0,0,200,200,2,200,200,200,200,200,200,200
404246,0,30,0,0,0,1,12,2,0,0,0,0,0,1,53,0,12,0,0,200,200
404246,0,30,0,0,0,1,12,2,0,0,0,0,0,1,47,0,12,0,0,200,200
404246,1,30,0,0,0,1,12,2,0,0,0,0,0,1,200,0,200,200,200,200,200
404248,0,40,1,2,0,1,10,2,0,0,0,0,200,1,42,0,200,0,0,200,200
404248,0,40,1,2,0,1,10,2,0,0,0,0,200,1,22,0,0,0,200,200,200
404248,1,40,1,2,0,1,10,2,0,0,0,0,200,0,200,0,200,200,200,200,200
404258,0,30,2,2,0,1,10,5,0,0,0,18,18,0,200,200,1,0,0,200,200
404258,0,30,2,2,0,1,10,5,0,0,0,18,18,1,23,0,0,0,0,200,200
404261,0,30,0,0,0,1,10,3,0,0,0,27,18,1,64,0,1,0,200,200,200
404261,0,30,0,0,0,1,10,3,0,0,0,27,18,1,44,0,0,0,200,200,200
404261,0,30,0,0,0,1,10,3,0,0,0,27,18,0,22,0,0,0,200,200,200
404267,0,30,0,0,0,1,12,5,0,0,0,0,200,0,200,200,2,200,200,200,200
404267,0,30,0,0,0,1,12,5,0,0,0,0,200,0,32,0,0,0,0,200,200
404270,0,30,0,0,0,1,14,5,0,0,0,17,16,1,68,0,1,0,0,200,200
404270,0,30,0,0,0,1,14,5,0,0,0,17,16,0,22,0,0,0,0,200,200
404274,0,30,0,0,0,1,10,3,0,0,0,18,0,0,200,200,3,200,200,200,200
404274,0,30,0,0,0,1,10,3,0,0,0,18,0,1,49,0,0,0,0,200,200
404275,0,30,1,0,0,1,12,5,0,0,0,22,22,0,200,200,2,200,200,200,200
404275,0,30,1,0,0,1,12,5,0,0,0,22,22,1,47,0,0,0,0,200,200
404277,0,30,0,0,0,1,12,2,0,0,0,22,22,0,38,200,1,200,200,200,200
404277,0,30,0,0,0,1,12,2,0,0,0,22,22,0,38,1,12,200,0,200,200
404277,1,30,0,0,0,1,12,2,0,0,0,22,22,0,20,0,200,200,200,200,200
404282,0,30,0,0,0,1,10,2,0,0,0,200,200,0,53,0,200,200,0,200,200
404282,0,30,0,0,0,1,10,2,0,0,0,200,200,0,53,200,200,200,0,200,200
404285,0,20,0,0,0,1,2,7,0,0,0,200,200,1,200,0,12,0,0,200,200
404285,3,20,0,0,0,1,2,7,0,0,0,200,200,200,200,200,200,200,200,200,200
404290,0,30,2,2,0,1,0,5,0,0,0,200,200,0,32,0,12,3,0,200,200
404290,0,30,2,2,0,1,0,5,0,0,0,200,200,0,30,0,12,3,0,200,200
404290,1,30,2,2,0,1,0,5,0,0,0,200,200,0,200,0,200,200,200,200,200
404292,0,35,1,2,0,1,8,1,0,0,0,0,0,0,55,0,200,0,0,200,200
404292,4,35,1,2,0,1,8,1,0,0,0,0,0,0,9,7,0,0,0,200,200
404303,0,30,1,2,0,1,10,6,0,0,200,22,200,0,200,200,3,200,200,200,200
404303,0,30,1,2,0,1,10,6,0,0,200,22,200,0,67,200,0,200,200,200,200
404304,0,30,1,2,0,1,14,2,0,0,0,17,0,1,22,200,1,200,0,200,200
404304,0,30,1,2,0,1,14,2,0,0,0,17,0,0,200,200,0,200,200,200,200
404304,0,30,1,2,0,1,14,2,0,0,0,17,0,0,37,0,0,0,0,200,200
404304,1,30,1,2,0,1,14,2,0,0,0,17,0,0,32,0,200,200,200,200,200
404307,0,30,0,0,0,1,7,5,0,0,0,27,0,1,32,0,12,0,4,200,200
404307,1,30,0,0,0,1,7,5,0,0,0,27,0,1,4,5,200,200,200,200,200
404307,1,30,0,0,0,1,7,5,0,0,0,27,0,1,1,5,200,200,200,200,200
404312,0,30,0,0,0,1,10,2,0,0,0,25,18,0,38,200,3,0,200,200,200
404312,0,30,0,0,0,1,10,2,0,0,0,25,18,1,40,0,0,0,200,200,200
404318,0,30,2,2,0,1,9,3,0,0,0,17,0,2,200,200,1,200,200,200,200
404318,5,30,2,2,0,1,9,3,0,0,0,17,0,0,59,7,0,0,0,200,200
404320,0,25,0,0,200,200,7,5,0,0,0,0,0,2,200,200,200,200,200,200,200
404322,0,30,2,2,0,1,10,5,0,0,0,17,200,0,20,0,3,0,200,200,200
404322,0,30,2,2,0,1,10,5,0,0,0,17,200,0,46,0,0,0,0,200,200
404323,0,15,0,0,0,1,7,0,0,0,0,0,0,0,43,0,200,0,0,200,200
404324,0,35,3,2,0,1,10,3,0,0,0,18,18,0,27,0,3,0,0,200,200
404324,0,35,3,2,0,1,10,3,0,0,0,18,18,0,68,0,0,0,0,200,200
404325,0,30,0,0,0,1,12,5,0,0,0,17,17,0,200,200,1,200,200,200,200
404325,0,30,0,0,0,1,12,5,0,0,0,17,17,0,51,0,0,0,0,200,200
404327,0,10,0,0,0,1,7,7,0,200,200,0,0,2,200,200,200,200,200,200,200
404330,0,30,0,0,0,1,12,5,0,0,0,0,0,0,200,200,200,200,200,200,200
404330,0,30,0,0,0,1,12,5,0,0,0,0,0,0,72,0,200,200,0,200,200
404331,0,30,2,2,0,1,14,5,0,0,0,17,14,1,21,200,1,0,0,200,200
404331,0,30,2,2,0,1,14,5,0,0,0,17,14,1,40,200,200,0,0,200,200
404331,1,30,2,2,0,1,14,5,0,0,0,17,14,0,20,200,200,200,200,200,200
404332,0,30,1,2,0,1,14,2,0,0,0,17,23,1,200,200,1,200,200,200,200
404332,0,30,1,2,0,1,14,2,0,0,0,17,23,0,22,0,12,0,0,200,200
404332,1,30,1,2,0,1,14,2,0,0,0,17,23,1,44,0,200,200,200,200,200
404336,0,30,1,2,0,1,10,5,0,0,0,18,16,0,28,0,3,0,0,200,200
404336,0,30,1,2,0,1,10,5,0,0,0,18,16,1,64,0,0,0,0,200,200
404338,0,30,0,0,0,1,10,5,0,0,0,0,0,1,200,200,200,200,200,200,200
404338,0,30,0,0,0,1,10,5,0,0,0,0,0,1,34,200,200,200,0,200,200
404338,1,30,0,0,0,1,10,5,0,0,0,0,0,0,16,200,200,200,200,200,200
404339,0,45,0,0,0,1,12,6,0,0,0,18,18,0,35,200,3,0,0,200,200
404339,0,45,0,0,0,1,12,6,0,0,0,18,18,0,38,200,0,0,0,200,200
404339,0,45,0,0,0,1,12,6,0,0,0,18,18,1,53,200,0,0,0,200,200
404341,0,30,0,0,0,1,5,5,0,0,0,0,200,1,75,0,7,0,0,200,200
404341,3,30,0,0,0,1,5,5,0,0,0,0,200,0,44,3,0,0,0,200,200
404355,0,30,1,2,0,1,12,5,0,0,0,21,200,0,200,200,4,200,200,200,200
404355,0,30,1,2,0,1,12,5,0,0,0,21,200,0,52,0,0,200,0,200,200
404356,0,30,0,0,0,1,10,5,0,0,0,18,200,0,30,0,3,0,0,200,200
404356,0,30,0,0,0,1,10,5,0,0,0,18,200,0,40,0,3,0,0,200,200
404356,0,30,0,0,0,1,10,5,0,0,0,18,200,1,39,0,0,0,0,200,200
404356,1,30,0,0,0,1,10,5,0,0,0,18,200,0,52,0,200,200,200,200,200
404361,0,30,0,0,0,1,12,2,0,0,0,0,200,0,28,200,200,200,0,200,200
404361,0,30,0,0,0,1,12,2,0,0,0,0,200,0,200,200,0,200,0,200,200
404366,0,30,0,3,0,1,7,12,0,0,0,0,0,0,63,200,6,200,200,200,200
404374,0,30,0,0,0,1,8,2,0,0,0,0,200,0,200,200,200,200,200,200,200
404374,4,30,0,0,0,1,8,2,0,0,0,0,200,0,35,2,0,0,0,200,200
404375,0,30,0,0,0,1,7,0,0,0,0,0,200,2,200,200,200,200,200,200,200
404376,0,30,0,0,0,1,10,3,0,0,0,0,0,0,200,200,1,200,200,200,200
404376,0,30,0,0,0,1,10,3,0,0,0,0,0,0,61,200,0,200,0,200,200
404377,0,30,1,2,0,1,14,2,0,0,0,23,0,1,200,200,7,200,200,200,200
404377,0,30,1,2,0,1,14,2,0,0,0,23,0,0,19,200,0,0,0,200,200
404378,0,30,1,2,0,1,0,5,0,0,0,14,6,0,200,200,13,200,200,200,200
404378,0,30,1,2,0,1,0,5,0,0,0,14,6,0,38,0,0,0,0,200,200
404378,0,30,1,2,0,1,0,5,0,0,0,14,6,0,48,0,0,0,0,200,200
404388,0,30,0,0,0,1,7,5,0,0,0,20,20,1,200,200,6,0,0,200,200
404391,0,30,1,2,0,1,14,5,0,0,0,0,200,0,73,0,1,0,0,200,200
404391,0,30,1,2,0,1,14,5,0,0,0,0,200,0,62,0,0,0,0,200,200
404397,0,30,0,0,0,1,12,6,0,0,0,21,25,2,200,200,4,200,200,200,200
404397,0,30,0,0,0,1,12,6,0,0,0,21,25,0,38,0,12,0,0,200,200
404398,0,30,0,0,0,1,14,5,0,0,0,23,0,1,42,0,1,0,0,200,200
404398,0,30,0,0,0,1,14,5,0,0,0,23,0,1,0,0,0,0,0,200,200
404398,1,30,0,0,0,1,14,5,0,0,0,23,0,0,200,0,200,200,200,200,200
404399,0,30,1,2,0,1,12,2,0,0,0,0,0,1,17,0,0,0,0,200,200
404399,0,30,1,2,0,1,12,2,0,0,0,0,0,0,59,0,0,0,0,200,200
404399,1,30,1,2,0,1,12,2,0,0,0,0,0,0,200,0,200,200,200,200,200
404404,0,30,1,2,0,1,10,5,0,0,0,18,17,0,20,0,3,0,0,200,200
404404,0,30,1,2,0,1,10,5,0,0,0,18,17,0,46,0,0,0,0,200,200
404405,0,30,0,0,0,1,10,2,0,0,0,18,18,0,30,0,3,0,0,200,200
404405,0,30,0,0,0,1,10,2,0,0,0,18,18,0,34,0,200,0,0,200,200
404405,1,30,0,0,0,1,10,2,0,0,0,18,18,1,9,0,200,200,200,200,200
404405,1,30,0,0,0,1,10,2,0,0,0,18,18,1,8,0,200,200,200,200,200
404405,1,30,0,0,0,1,10,2,0,0,0,18,18,0,0,5,200,200,200,200,200
404405,1,30,0,0,0,1,10,2,0,0,0,18,18,0,47,0,200,200,200,200,200
404407,0,30,1,2,0,1,12,6,0,0,0,0,0,0,49,200,200,200,0,200,200
404407,0,30,1,2,0,1,12,6,0,0,0,0,0,0,41,200,200,200,0,200,200
404407,1,30,1,2,0,1,12,6,0,0,0,0,0,1,78,200,200,200,200,200,200
404409,0,30,2,2,0,4,0,5,0,0,0,17,16,1,53,0,1,0,0,200,200
404409,0,30,2,2,0,4,0,5,0,0,0,17,16,1,21,0,0,0,0,200,200
404420,0,30,0,0,200,200,10,5,0,200,200,17,200,1,20,200,1,200,0,200,200
404420,0,30,0,0,200,200,10,5,0,200,200,17,200,1,30,200,0,200,0,200,200
404421,0,30,0,0,0,1,12,5,0,0,0,0,0,0,32,7,12,0,0,200,200
404421,0,30,0,0,0,1,12,5,0,0,0,0,0,1,22,0,0,0,0,200,200
404425,0,30,2,2,0,1,0,5,0,0,0,17,200,1,47,0,1,0,0,200,200
404425,0,30,2,2,0,1,0,5,0,0,0,17,200,1,41,0,0,0,0,200,200
404428,0,25,0,0,0,1,12,6,0,0,0,21,200,0,39,0,0,0,0,200,200
404428,0,25,0,0,0,1,12,6,0,0,0,21,200,0,39,0,0,0,0,200,200
404431,0,30,1,200,0,200,10,6,0,0,200,0,0,0,200,200,200,200,200,200,200
404431,0,30,1,200,0,200,10,6,0,0,200,0,0,0,36,0,200,200,200,200,200
404433,0,25,1,2,0,1,12,2,0,0,0,22,21,1,200,0,2,1,0,200,200
404433,0,25,1,2,0,1,12,2,0,0,0,22,21,0,50,2,0,200,0,200,200
404433,1,25,1,2,0,1,12,2,0,0,0,22,21,1,36,2,200,200,200,200,200
404434,0,15,0,0,0,1,12,7,0,0,0,0,200,1,46,200,2,200,0,200,200
404434,0,15,0,0,0,1,12,7,0,0,0,0,200,1,22,200,0,200,0,200,200
404434,1,15,0,0,0,1,12,7,0,0,0,0,200,0,26,200,200,200,200,200,200
404435,0,30,0,0,0,1,10,5,0,0,0,18,0,0,20,0,3,0,0,200,200
404435,0,30,0,0,0,1,10,5,0,0,0,18,0,0,23,0,0,0,0,200,200
404450,0,30,0,0,0,1,11,5,0,0,0,17,200,0,57,0,1,0,0,200,200
404450,0,30,0,0,0,1,11,5,0,0,0,17,200,1,31,0,0,0,0,200,200
404451,0,35,0,0,0,1,10,5,0,0,0,0,200,0,200,200,200,200,0,200,200
404451,0,35,0,0,0,1,10,5,0,0,0,0,200,0,200,200,200,200,0,200,200
404453,0,30,1,2,0,1,14,2,3,0,0,21,200,0,66,0,7,0,0,200,200
404453,0,30,1,2,0,1,14,2,3,0,0,21,200,1,28,0,0,0,0,200,200
404453,1,30,1,2,0,1,14,2,3,0,0,21,200,0,52,0,200,200,200,200,200
404456,0,30,0,0,0,1,12,2,0,0,0,0,0,0,69,0,200,0,0,200,200
404456,0,30,0,0,0,1,12,2,0,0,0,0,0,0,39,0,200,0,0,200,200
404468,0,30,2,2,0,1,12,2,0,0,0,22,0,0,200,200,2,200,200,200,200
404468,0,30,2,2,0,1,12,2,0,0,0,22,0,1,42,200,0,0,0,200,200
404474,0,30,0,0,0,1,10,5,0,0,200,18,200,1,40,200,0,0,0,200,200
404474,0,30,0,0,0,1,10,5,0,0,200,18,200,1,40,200,0,0,0,200,200
404476,0,15,0,0,0,1,0,5,0,0,0,20,200,0,53,0,6,0,0,200,200
404476,0,15,0,0,0,1,0,5,0,0,0,20,200,1,53,0,6,0,0,200,200
404476,1,15,0,0,0,1,0,5,0,0,0,20,200,1,52,0,200,200,200,200,200
404476,1,15,0,0,0,1,0,5,0,0,0,20,200,1,18,0,200,200,200,200,200
404476,1,15,0,0,0,1,0,5,0,0,0,20,200,0,15,0,200,200,200,200,200
404478,0,30,0,0,0,1,14,5,0,0,0,23,23,0,31,200,0,0,0,200,200
404478,0,30,0,0,0,1,14,5,0,0,0,23,23,0,57,200,7,0,0,200,200
404479,0,35,0,0,0,1,2,5,0,0,0,12,200,1,54,200,200,0,0,200,200
404479,1,35,0,0,0,1,2,5,0,0,0,12,200,1,86,200,200,200,200,200,200
404481,0,30,12,0,0,1,12,200,0,0,0,20,200,0,200,200,6,200,200,200,200
404481,0,30,12,0,0,1,12,200,0,0,0,20,200,0,30,0,0,0,0,200,200
404492,0,35,0,0,0,1,7,2,0,0,0,21,200,0,30,0,200,200,0,200,200
404497,0,30,0,0,0,1,14,5,0,0,0,22,200,1,32,0,2,0,0,200,200
404497,0,30,0,0,0,1,14,5,0,0,0,22,200,1,52,0,12,0,0,200,200
404497,1,30,0,0,0,1,14,5,0,0,0,22,200,1,7,0,200,200,200,200,200
404497,1,30,0,0,0,1,14,5,0,0,0,22,200,1,8,0,200,200,200,200,200
404498,0,30,0,0,0,1,7,6,0,0,0,0,200,1,200,200,200,200,200,200,200
404499,0,30,1,2,0,1,14,5,0,0,0,6,23,1,20,0,1,0,0,200,200
404499,0,30,1,2,0,1,14,5,0,0,0,6,23,1,26,0,0,0,0,200,200
404500,0,30,0,0,0,1,12,5,0,0,0,0,0,1,28,200,200,200,200,200,200
404500,0,30,0,0,0,1,12,5,0,0,0,0,0,0,44,0,0,0,200,200,200
404500,1,30,0,0,0,1,12,5,0,0,0,0,0,200,200,200,200,200,200,200,200
404508,0,30,1,2,0,1,10,5,0,0,0,11,0,0,22,200,3,0,0,200,200
404508,0,30,1,2,0,1,10,5,0,0,0,11,0,1,32,200,0,0,0,200,200
404510,0,30,1,2,0,1,10,2,0,0,0,25,200,1,200,200,200,200,200,200,200
404510,0,30,1,2,0,1,10,2,0,0,0,25,200,1,46,0,0,0,200,200,200
404513,0,30,1,1,0,1,8,2,0,0,0,17,200,0,58,0,1,200,0,200,200
404513,4,30,1,1,0,1,8,2,0,0,0,17,200,0,27,3,0,200,0,200,200
404513,4,30,1,1,0,1,8,2,0,0,0,17,200,0,31,7,0,200,0,200,200
404525,0,30,200,200,0,1,10,5,0,0,0,200,200,0,34,200,200,200,200,200,200
404525,0,30,200,200,0,1,10,5,0,0,0,200,200,1,35,0,0,0,0,200,200
404525,1,30,200,200,0,1,10,5,0,0,0,200,200,0,1,5,200,200,200,200,200
404530,0,35,200,200,0,1,7,5,0,0,0,16,200,0,52,200,200,200,200,200,200
404534,0,30,1,2,0,1,8,5,0,0,200,17,17,1,25,200,1,200,200,200,200
404534,4,30,1,2,0,1,8,5,0,0,200,17,17,0,28,200,0,0,200,200,200
404539,0,10,0,0,0,1,7,7,0,200,200,0,200,1,200,200,200,200,200,200,200
404540,0,25,0,0,0,1,8,5,0,200,200,0,0,0,200,200,12,200,200,200,200
404540,4,25,0,0,0,1,8,5,0,200,200,0,0,0,42,200,0,0,0,200,200
404541,0,25,0,0,0,1,7,200,0,0,0,0,24,0,64,200,200,200,0,200,200
404544,0,30,0,0,0,1,2,5,0,0,1,0,0,0,33,0,0,0,0,200,200
404546,0,30,0,0,0,1,12,5,0,0,0,21,200,0,37,200,4,200,0,200,200
404546,0,30,0,0,0,1,12,5,0,0,0,21,200,0,36,200,0,0,0,200,200
404547,0,30,1,2,0,1,10,5,0,0,0,18,0,1,39,0,1,0,0,200,200
404547,0,30,1,2,0,1,10,5,0,0,0,18,0,0,47,0,0,0,0,200,200
404547,0,30,1,2,0,1,10,5,0,0,0,18,0,1,40,0,0,0,0,200,200
404564,0,30,0,0,0,3,14,6,0,0,0,21,200,0,62,200,4,200,200,200,200
404564,0,30,0,0,0,3,14,6,0,0,0,21,200,0,24,0,0,0,5,200,200
404568,0,30,0,0,0,1,14,5,0,0,0,21,21,0,30,0,0,0,0,200,200
404568,0,30,0,0,0,1,14,5,0,0,0,21,21,1,61,0,0,0,0,200,200
404572,0,30,1,2,0,4,8,5,0,0,200,17,200,0,73,200,1,200,0,200,200
404572,4,30,1,2,0,4,8,5,0,0,200,17,200,1,17,7,0,200,0,200,200
404581,0,30,0,0,0,1,10,5,0,200,200,18,200,1,24,200,200,200,0,200,200
404581,0,30,0,0,0,1,10,5,0,200,200,18,200,0,55,200,200,0,0,200,200
404582,0,30,0,0,0,1,7,2,0,0,0,21,200,1,21,0,4,0,0,200,200
404585,0,30,0,0,0,1,14,8,0,0,0,0,200,0,22,0,200,0,0,200,200
404585,0,30,0,0,0,1,14,8,0,0,0,0,200,0,44,0,0,0,0,200,200
404585,1,30,0,0,0,1,14,8,0,0,0,0,200,0,20,0,200,200,200,200,200