RD_NO,PERSON_TYPE,POSTED_SPEED_LIMIT,TRAFFIC_CONTROL_DEVICE,DEVICE_CONDITION,WEATHER_CONDITION,LIGHTING_CONDITION,FIRST_CRASH_TYPE,TRAFFICWAY_TYPE,ALIGNMENT,ROADWAY_SURFACE_COND,ROAD_DEFECT,PRIM_CONTRIBUTORY_CAUSE,SEC_CONTRIBUTORY_CAUSE,SEX,AGE,SAFETY_EQUIPMENT,DRIVER_ACTION,DRIVER_VISION,PHYSICAL_CONDITION,BAC_RESULT VALUE,CELL_PHONE_USE
404585,1,30,0,0,0,1,14,8,0,0,0,0,200,0,25,0,200,200,200,200,200
404591,0,30,0,0,0,1,10,5,0,0,0,0,0,1,68,0,200,200,200,200,200
404591,0,30,0,0,0,1,10,5,0,0,0,0,0,0,200,200,200,200,200,200,200
404592,0,30,1,2,0,3,0,5,0,0,0,17,200,0,18,0,1,0,0,200,200
404592,0,30,1,2,0,3,0,5,0,0,0,17,200,0,65,0,0,0,0,200,200
404597,0,30,0,0,200,200,7,6,0,200,200,20,200,2,200,200,6,200,200,200,200
404604,0,30,0,0,0,3,7,5,0,0,0,20,200,1,30,0,6,0,0,200,200
404615,0,30,1,1,0,1,9,6,0,0,0,0,200,2,200,200,200,200,200,200,200
404615,5,30,1,1,0,1,9,6,0,0,0,0,200,1,22,200,200,200,7,200,200
404617,5,30,0,0,0,3,9,5,0,0,0,13,200,0,74,7,0,200,200,200,200
404617,0,30,0,0,0,3,9,5,0,0,0,13,200,2,200,200,12,200,200,200,200
404629,0,30,0,0,0,1,10,5,0,0,0,18,16,0,49,200,3,200,0,200,200
404629,0,30,0,0,0,1,10,5,0,0,0,18,16,0,19,0,0,0,0,200,200
404629,0,30,0,0,0,1,10,5,0,0,0,18,16,0,68,0,0,0,0,200,200
404644,0,30,0,0,0,1,0,6,0,0,0,17,16,1,200,200,1,200,0,200,200
404644,0,30,0,0,0,1,0,6,0,0,0,17,16,0,49,0,0,0,0,200,200
404645,0,30,0,0,0,1,7,6,0,0,0,0,200,1,22,7,0,0,0,200,200
404651,0,25,1,2,0,3,14,5,0,0,0,0,200,0,72,0,12,0,0,200,200
404651,0,25,1,2,0,3,14,5,0,0,0,0,200,1,44,0,12,0,0,200,200
404653,0,30,1,2,0,4,14,12,0,0,0,23,22,2,200,200,4,200,200,200,200
404653,0,30,1,2,0,4,14,12,0,0,0,23,22,0,62,0,0,0,0,200,200
404660,0,30,1,2,0,3,12,5,0,0,200,17,200,1,22,200,1,0,0,200,200
404660,0,30,1,2,0,3,12,5,0,0,200,17,200,0,37,200,0,0,0,200,200
404661,0,20,0,200,0,0,7,200,0,0,0,0,200,0,200,200,200,200,200,200,200
404662,0,30,1,2,0,3,14,5,0,0,0,17,16,0,30,0,1,0,0,200,200
404662,0,30,1,2,0,3,14,5,0,0,0,17,16,0,25,0,0,0,0,200,200
404680,0,20,0,0,0,3,7,5,0,0,0,16,0,1,44,200,200,0,200,200,200
404683,0,30,0,0,200,200,7,7,0,200,0,0,0,2,200,200,200,200,200,200,200
404687,0,30,2,2,0,3,0,5,0,0,0,17,16,2,200,200,1,200,200,200,200
404687,0,30,2,2,0,3,0,5,0,0,0,17,16,1,200,0,12,0,0,200,200
404697,0,25,2,0,0,1,7,6,0,0,0,21,0,2,200,200,200,200,0,200,200
404698,0,30,200,200,0,200,10,2,0,0,200,18,200,0,200,200,3,200,200,200,200
404698,0,30,200,200,0,200,10,2,0,0,200,18,200,0,31,0,0,200,0,200,200
404708,0,30,1,3,0,3,0,2,0,0,0,6,200,1,83,0,12,0,0,200,200
404708,0,30,1,3,0,3,0,2,0,0,0,6,200,1,20,0,0,0,0,200,200
404717,0,25,0,0,0,1,7,6,0,0,0,11,21,1,200,200,200,200,200,200,200
404717,1,25,0,0,0,1,7,6,0,0,0,11,21,1,200,200,200,200,200,200,200
404717,1,25,0,0,0,1,7,6,0,0,0,11,21,200,200,200,200,200,200,200,200
404717,1,25,0,0,0,1,7,6,0,0,0,11,21,200,200,200,200,200,200,200,200
404717,1,25,0,0,0,1,7,6,0,0,0,11,21,200,200,200,200,200,200,200,200
404717,1,25,0,0,0,1,7,6,0,0,0,11,21,200,200,200,200,200,200,200,200
404717,1,25,0,0,0,1,7,6,0,0,0,11,21,200,200,200,200,200,200,200,200
404719,0,45,1,2,0,4,14,3,0,0,0,6,200,0,200,200,5,200,200,200,200
404719,0,45,1,2,0,4,14,3,0,0,0,6,200,0,24,200,0,200,0,200,200
404728,4,35,0,0,0,4,8,2,0,0,0,18,200,0,0,200,3,0,0,200,200
404728,0,35,0,0,0,4,8,2,0,0,0,18,200,1,53,0,0,0,0,200,200
404728,1,35,0,0,0,4,8,2,0,0,0,18,200,1,75,0,200,200,200,200,200
404744,0,30,0,0,0,3,10,5,0,0,0,18,0,0,67,200,200,200,0,200,200
404744,0,30,0,0,0,3,10,5,0,0,0,18,0,0,200,200,200,200,200,200,200
404744,1,30,0,0,0,3,10,5,0,0,0,18,0,1,45,200,200,200,200,200,200
404752,0,30,0,0,0,3,11,7,0,0,0,0,0,1,200,200,200,200,200,200,200
404752,0,30,0,0,0,3,11,7,0,0,0,0,0,0,71,0,0,0,0,200,200
404754,0,30,0,0,0,3,0,6,0,0,0,20,200,0,19,0,6,0,0,200,200
404756,0,30,0,0,0,3,8,5,0,0,0,25,17,2,200,200,1,200,200,200,200
404756,4,30,0,0,0,3,8,5,0,0,0,25,17,0,22,200,200,0,0,200,200
404760,0,35,1,2,0,3,14,2,0,0,0,10,21,0,200,200,9,200,200,200,200
404760,0,35,1,2,0,3,14,2,0,0,0,10,21,0,21,200,0,0,0,200,200
404762,0,30,0,0,0,3,7,5,0,0,0,11,200,0,43,0,12,200,0,200,200
404764,0,30,0,0,0,3,14,5,0,0,0,23,23,0,200,200,7,200,200,200,200
404764,0,30,0,0,0,3,14,5,0,0,0,23,23,1,34,0,0,0,0,200,200
404779,0,30,0,0,0,3,7,5,0,0,0,0,0,2,200,200,200,200,200,200,200
404780,0,30,1,2,0,3,14,5,0,0,0,23,200,2,200,200,7,200,200,200,200
404780,0,30,1,2,0,3,14,5,0,0,0,23,200,1,26,0,200,0,7,200,200
404780,1,30,1,2,0,3,14,5,0,0,0,23,200,1,26,0,200,200,200,200,200
404780,1,30,1,2,0,3,14,5,0,0,0,23,200,1,23,0,200,200,200,200,200
404782,0,30,1,2,0,3,14,5,0,0,0,23,200,1,27,200,7,0,0,200,200
404782,0,30,1,2,0,3,14,5,0,0,0,23,200,0,42,200,0,0,0,200,200
404820,0,30,1,2,0,3,14,5,0,0,0,21,23,0,200,0,0,200,0,200,200
404820,0,30,1,2,0,3,14,5,0,0,0,21,23,0,47,200,4,200,200,200,200
404820,0,30,1,2,0,3,14,5,0,0,0,21,23,1,25,0,0,200,0,200,200
404850,0,30,0,0,0,3,3,5,0,0,0,17,200,0,24,0,1,200,0,200,200
404850,0,30,0,0,0,3,3,5,0,0,0,17,200,0,23,0,0,200,0,200,200
404857,0,45,0,0,0,3,10,3,0,0,0,11,11,0,32,3,200,0,0,200,200
404857,0,45,0,0,0,3,10,3,0,0,0,11,11,1,50,0,0,0,0,200,200
404876,0,10,0,0,0,1,10,6,3,0,0,10,200,0,200,200,9,200,200,200,200
404876,0,10,0,0,0,1,10,6,3,0,0,10,200,0,26,0,0,0,0,200,200
404888,0,20,0,0,0,3,7,5,0,200,200,0,0,1,15,200,12,200,200,200,200
404904,0,30,0,0,0,3,2,2,0,0,0,0,200,0,200,200,200,200,200,200,200
404904,1,30,0,0,0,3,2,2,0,0,0,0,200,1,23,200,200,200,200,200,200
404904,1,30,0,0,0,3,2,2,0,0,0,0,200,1,200,0,200,200,200,200,200
404904,1,30,0,0,0,3,2,2,0,0,0,0,200,0,200,200,200,200,200,200,200
404926,0,25,0,0,0,3,7,2,0,0,0,200,200,2,200,200,200,200,200,200,200
404940,0,35,1,2,0,3,0,2,0,0,0,6,200,0,24,200,5,0,0,200,200
404940,0,35,1,2,0,3,0,2,0,0,0,6,200,0,56,0,0,0,0,200,200
404943,0,30,0,0,0,0,5,2,0,0,1,200,200,0,35,0,0,0,0,200,200
404956,0,15,0,0,0,3,2,5,0,0,0,14,8,1,200,200,12,200,200,200,200
404956,1,15,0,0,0,3,2,5,0,0,0,14,8,0,26,7,200,200,200,200,200
404992,0,30,2,2,0,3,2,12,0,0,0,17,17,1,58,0,1,0,0,200,200
404992,0,30,2,2,0,3,2,12,0,0,0,17,17,1,60,0,0,0,0,200,200
404997,0,30,0,0,0,3,8,3,0,0,0,0,200,2,200,200,200,200,200,200,200
404997,4,30,0,0,0,3,8,3,0,0,0,0,200,0,42,200,200,200,200,200,200
404999,5,30,1,2,0,2,9,5,2,0,0,6,17,1,200,200,200,200,200,200,200
404999,0,30,1,2,0,2,9,5,2,0,0,6,17,1,20,0,0,0,0,200,200
404999,1,30,1,2,0,2,9,5,2,0,0,6,17,0,22,0,200,200,200,200,200
405001,0,5,200,200,0,1,2,7,0,0,0,20,200,0,200,7,6,200,200,200,200
405001,1,5,200,200,0,1,2,7,0,0,0,20,200,0,200,200,200,200,200,200,200
405007,0,30,1,2,0,3,14,5,0,0,0,0,0,2,200,200,200,200,200,200,200
405007,0,30,1,2,0,3,14,5,0,0,0,0,0,0,47,200,200,200,200,200,200
405012,0,30,1,2,0,1,0,5,0,0,200,16,6,0,31,200,1,200,0,200,200
405012,0,30,1,2,0,1,0,5,0,0,200,16,6,0,26,200,1,200,200,200,200
405018,0,30,0,0,0,1,12,5,0,0,0,0,200,0,200,200,0,200,200,200,200
405018,0,30,0,0,0,1,12,5,0,0,0,0,200,1,65,0,0,0,0,200,200
405019,0,30,1,2,0,1,10,5,0,0,0,2,9,1,25,0,15,0,0,200,200
405019,0,30,1,2,0,1,10,5,0,0,0,2,9,1,45,0,0,0,0,200,200
405024,0,20,0,0,0,1,5,0,0,0,0,28,28,0,59,0,0,0,0,200,200
405025,0,45,0,0,0,2,5,3,0,0,0,21,200,0,20,0,4,0,0,200,200
405035,0,30,0,0,0,1,7,5,0,0,0,11,200,0,200,7,12,12,0,200,200
405035,1,30,0,0,0,1,7,5,0,0,0,11,200,1,34,7,200,200,200,200,200
405035,1,30,0,0,0,1,7,5,0,0,0,11,200,0,40,200,200,200,200,200,200
405037,0,30,1,2,0,1,14,3,0,0,0,17,23,0,40,0,1,0,0,200,200
405037,0,30,1,2,0,1,14,3,0,0,0,17,23,0,32,0,0,0,0,200,200
405039,0,30,1,2,0,1,14,3,0,0,0,11,0,1,55,0,7,0,0,200,200
405039,0,30,1,2,0,1,14,3,0,0,0,11,0,1,40,0,0,0,0,200,200
405039,1,30,1,2,0,1,14,3,0,0,0,11,0,1,16,0,200,200,200,200,200
405048,0,30,1,2,0,1,10,2,0,0,0,18,200,0,25,0,3,0,0,200,200
405048,0,30,1,2,0,1,10,2,0,0,0,18,200,1,50,0,0,0,0,200,200
405054,0,30,0,0,0,1,7,2,0,0,0,21,200,0,49,0,12,0,0,200,200
405062,0,30,0,0,0,1,12,1,0,1,0,21,200,1,39,0,4,0,0,200,200
405062,0,30,0,0,0,1,12,1,0,1,0,21,200,1,39,0,0,0,0,200,200
405066,0,30,1,2,0,1,12,5,0,0,0,200,200,0,200,0,200,0,0,200,200
405066,0,30,1,2,0,1,12,5,0,0,0,200,200,1,200,0,0,0,0,200,200
405071,0,30,1,2,0,1,0,3,0,0,0,6,200,0,51,200,200,0,0,200,200
405071,0,30,1,2,0,1,0,3,0,0,0,6,200,0,52,200,12,0,0,200,200
405074,0,30,0,0,0,1,7,6,0,0,0,0,0,2,200,200,200,200,200,200,200
405079,0,30,0,0,0,1,3,5,0,0,0,0,0,0,35,0,200,0,0,200,200
405079,0,30,0,0,0,1,3,5,0,0,0,0,0,0,25,0,0,0,0,200,200
405083,0,30,0,0,0,1,12,5,0,0,0,21,200,2,200,200,200,200,200,200,200
405085,0,45,0,0,0,1,12,5,0,0,0,0,0,1,24,200,200,200,200,200,200
405085,0,45,0,0,0,1,12,5,0,0,0,0,0,0,37,0,0,0,0,200,200
405087,0,30,2,2,0,1,0,5,0,0,0,0,0,0,40,0,1,200,0,200,200
405087,0,30,2,2,0,1,0,5,0,0,0,0,0,0,46,0,1,0,0,200,200
405089,0,30,0,0,0,1,2,3,0,0,0,27,200,0,44,200,12,0,4,200,200
405093,0,30,2,2,0,1,9,5,0,0,0,33,0,0,59,200,200,200,0,200,200
405093,5,30,2,2,0,1,9,5,0,0,0,33,0,1,26,7,0,200,200,200,200
405099,0,30,2,2,0,1,14,3,0,0,0,20,0,0,30,200,6,200,0,200,200
405099,0,30,2,2,0,1,14,3,0,0,0,20,0,0,24,200,0,0,0,200,200
405100,0,25,2,2,0,1,11,5,0,0,0,21,0,0,47,200,0,0,0,200,200
405100,0,25,2,2,0,1,11,5,0,0,0,21,0,0,38,200,200,0,0,200,200
405100,1,25,2,2,0,1,11,5,0,0,0,21,0,0,200,200,200,200,200,200,200
405100,1,25,2,2,0,1,11,5,0,0,0,21,0,200,200,200,200,200,200,200,200
405105,0,30,1,2,0,1,14,2,0,0,0,23,11,0,44,0,7,0,0,200,200
405105,0,30,1,2,0,1,14,2,0,0,0,23,11,0,53,0,0,0,0,200,200
405108,0,30,1,2,0,1,12,6,0,0,0,21,11,0,29,0,12,0,0,200,200
405108,0,30,1,2,0,1,12,6,0,0,0,21,11,1,55,1,12,0,0,200,200
405111,0,30,0,0,0,1,7,6,0,0,0,0,0,2,200,200,200,200,200,200,200
405112,0,45,1,2,0,1,10,3,2,0,0,0,0,0,200,200,8,200,200,200,200
405112,0,45,1,2,0,1,10,3,2,0,0,0,0,0,34,0,0,0,0,200,200
405112,1,45,1,2,0,1,10,3,2,0,0,0,0,200,200,200,200,200,200,200,200
405112,1,45,1,2,0,1,10,3,2,0,0,0,0,200,200,200,200,200,200,200,200
405112,1,45,1,2,0,1,10,3,2,0,0,0,0,200,200,200,200,200,200,200,200
405113,0,30,0,0,0,1,7,5,0,0,0,11,11,0,64,0,7,0,0,200,200
405113,1,30,0,0,0,1,7,5,0,0,0,11,11,1,71,0,200,200,200,200,200
405123,0,20,1,2,0,1,8,3,0,0,0,0,200,0,200,200,200,200,200,200,200
405123,4,20,1,2,0,1,8,3,0,0,0,0,200,0,36,200,12,0,0,200,200
405125,0,30,0,0,0,1,10,5,0,0,0,18,18,0,49,0,3,0,0,200,200
405125,0,30,0,0,0,1,10,5,0,0,0,18,18,0,19,7,0,0,0,200,200
405125,0,30,0,0,0,1,10,5,0,0,0,18,18,0,68,200,0,0,0,200,200
405125,1,30,0,0,0,1,10,5,0,0,0,18,18,0,200,200,200,200,200,200,200
405125,1,30,0,0,0,1,10,5,0,0,0,18,18,0,200,200,200,200,200,200,200
405128,0,15,0,0,0,1,7,5,0,0,0,28,35,0,54,200,6,12,200,200,200
405128,1,15,0,0,0,1,7,5,0,0,0,28,35,1,63,0,200,200,200,200,200
405130,0,30,0,0,0,1,14,5,0,0,0,0,200,0,29,0,7,0,0,200,200
405130,0,30,0,0,0,1,14,5,0,0,0,0,200,1,24,0,0,0,0,200,200
405130,1,30,0,0,0,1,14,5,0,0,0,0,200,200,200,0,200,200,200,200,200
405130,1,30,0,0,0,1,14,5,0,0,0,0,200,200,200,0,200,200,200,200,200
405132,0,30,4,0,0,1,10,2,0,0,0,16,8,0,31,200,1,0,0,200,200
405132,0,30,4,0,0,1,10,2,0,0,0,16,8,1,63,200,0,0,0,200,200
405135,0,30,2,2,0,1,7,5,0,0,0,0,0,1,28,0,12,5,0,200,200
405135,1,30,2,2,0,1,7,5,0,0,0,0,0,0,200,0,200,200,200,200,200
405140,0,30,0,0,0,1,14,5,0,0,0,23,0,0,36,0,12,0,0,200,200
405140,0,30,0,0,0,1,14,5,0,0,0,23,0,0,28,0,4,0,0,200,200
405142,0,30,0,0,0,3,7,5,0,0,0,22,0,2,200,200,2,200,200,200,200
405146,0,30,0,0,0,1,12,2,0,0,0,22,0,0,200,200,200,200,200,200,200
405146,0,30,0,0,0,1,12,2,0,0,0,22,0,0,36,0,0,200,0,200,200
405147,0,30,1,2,0,1,9,5,0,0,12,6,0,0,59,7,200,200,0,200,200
405147,5,30,1,2,0,1,9,5,0,0,12,6,0,0,71,7,0,0,0,200,200
405153,0,30,0,0,0,3,7,5,0,0,0,0,0,2,200,200,200,200,200,200,200
405155,0,30,2,2,0,1,0,2,0,0,0,0,0,1,32,0,200,0,0,200,200
405155,0,30,2,2,0,1,0,2,0,0,0,0,0,1,66,0,200,0,0,200,200
405166,0,30,1,2,0,1,12,5,0,0,0,21,200,0,48,200,4,200,200,200,200
405166,0,30,1,2,0,1,12,5,0,0,0,21,200,1,60,0,0,0,0,200,200
405166,1,30,1,2,0,1,12,5,0,0,0,21,200,0,200,200,200,200,200,200,200
405174,0,35,0,0,0,1,7,5,0,0,0,0,200,2,200,200,200,200,200,200,200
405188,0,30,2,200,0,1,0,5,0,0,0,0,200,0,22,200,1,200,0,200,200
405188,0,30,2,200,0,1,0,5,0,0,0,0,200,0,25,200,200,200,0,200,200
405189,0,30,1,2,0,1,10,3,0,0,0,18,200,0,71,0,3,0,0,200,200
405189,0,30,1,2,0,1,10,3,0,0,0,18,200,0,53,0,0,0,0,200,200
405190,0,30,1,2,0,1,10,6,0,0,0,0,0,2,200,200,200,200,200,200,200
405190,0,30,1,2,0,1,10,6,0,0,0,0,0,0,35,0,12,0,0,200,200
405193,0,30,0,0,0,1,10,2,0,0,0,0,0,0,200,200,12,200,200,200,200
405193,0,30,0,0,0,1,10,2,0,0,0,0,0,1,17,0,0,0,0,200,200
405193,1,30,0,0,0,1,10,2,0,0,0,0,0,1,22,0,200,200,200,200,200
405197,0,30,0,0,0,1,3,5,0,0,0,0,0,1,61,0,200,0,0,200,200
405197,0,30,0,0,0,1,3,5,0,0,0,0,0,1,55,0,0,0,0,200,200
405205,0,20,0,0,0,3,2,0,0,0,0,13,200,0,65,0,12,0,0,200,200
405214,0,30,0,0,0,1,12,5,0,0,0,0,0,2,200,200,200,200,200,200,200
405214,0,30,0,0,0,1,12,5,0,0,0,0,0,1,37,0,0,0,0,200,200
405215,0,30,0,0,0,1,12,7,0,0,0,0,0,0,200,0,12,0,0,200,200
405215,0,30,0,0,0,1,12,7,0,0,0,0,0,0,200,0,0,0,0,200,200
405220,0,30,1,2,0,1,10,5,0,0,0,0,0,0,60,200,200,200,200,200,200
405220,0,30,1,2,0,1,10,5,0,0,0,0,0,0,32,200,200,200,200,200,200
405223,0,30,0,0,1,1,12,6,0,1,0,17,17,0,35,0,0,0,0,200,200
405223,0,30,0,0,1,1,12,6,0,1,0,17,17,0,32,0,0,0,0,200,200
405225,0,30,0,0,0,1,14,6,0,0,0,11,33,0,37,200,12,12,0,200,200
405225,0,30,0,0,0,1,14,6,0,0,0,11,33,0,18,200,12,0,0,200,200
405227,0,35,0,0,0,1,5,2,0,0,0,200,200,0,52,0,0,0,0,200,200
405246,0,30,0,0,0,1,2,0,0,0,0,200,200,0,50,0,12,200,0,200,200
405247,0,30,0,0,0,1,7,0,0,0,200,0,200,1,27,0,12,0,0,200,200
405253,0,30,0,0,0,1,12,5,0,0,0,0,200,0,50,0,12,0,0,200,200
405253,0,30,0,0,0,1,12,5,0,0,0,0,200,1,35,0,0,0,0,200,200
405255,0,30,1,2,0,1,10,5,0,0,0,0,0,0,200,200,200,200,200,200,200
405255,0,30,1,2,0,1,10,5,0,0,0,0,0,1,40,200,200,200,200,200,200
405260,0,45,1,2,0,1,10,2,0,0,0,18,0,0,33,0,3,0,0,200,200
405260,0,45,1,2,0,1,10,2,0,0,0,18,0,0,20,0,0,0,0,200,200
405268,0,45,0,0,0,1,10,3,0,0,0,18,0,0,37,0,3,0,0,200,200
405268,0,45,0,0,0,1,10,3,0,0,0,18,0,1,24,0,0,0,0,200,200
405269,0,30,1,2,0,1,10,5,0,0,200,0,0,0,54,200,200,200,0,200,200
405269,0,30,1,2,0,1,10,5,0,0,200,0,0,1,28,200,200,200,0,200,200
405272,0,30,1,2,0,1,10,5,3,0,0,0,200,1,58,0,1,200,200,200,200
405272,0,30,1,2,0,1,10,5,3,0,0,0,200,0,34,0,12,0,0,200,200
405278,0,30,1,2,0,1,14,2,0,0,0,21,23,0,43,200,7,200,0,200,200
405278,0,30,1,2,0,1,14,2,0,0,0,21,23,0,37,200,200,200,0,200,200
405279,0,30,0,0,0,1,12,5,0,0,0,0,200,1,60,200,0,0,0,200,200
405279,0,30,0,0,0,1,12,5,0,0,0,0,200,0,48,0,0,0,0,200,200
405279,1,30,0,0,0,1,12,5,0,0,0,0,200,0,44,0,200,200,200,200,200
405284,0,30,0,0,0,1,7,6,0,0,0,200,200,0,69,200,0,0,0,200,200
405291,0,30,0,0,0,1,10,0,0,0,0,18,200,2,200,200,200,200,200,200,200
405291,0,30,0,0,0,1,10,0,0,0,0,18,200,1,36,200,0,0,0,200,200
405291,1,30,0,0,0,1,10,0,0,0,0,18,200,0,30,1,200,200,200,200,200
405291,1,30,0,0,0,1,10,0,0,0,0,18,200,1,62,200,200,200,200,200,200
405291,1,30,0,0,0,1,10,0,0,0,0,18,200,0,0,5,200,200,200,200,200
405291,1,30,0,0,0,1,10,0,0,0,0,18,200,1,9,200,200,200,200,200,200
405296,0,15,2,0,0,1,9,5,0,12,12,28,17,1,40,200,1,0,0,200,200
405296,5,15,2,0,0,1,9,5,0,12,12,28,17,0,200,7,200,200,0,200,200
405296,1,15,2,0,0,1,9,5,0,12,12,28,17,1,200,200,200,200,200,200,200
405296,1,15,2,0,0,1,9,5,0,12,12,28,17,1,200,200,200,200,200,200,200
405298,0,30,1,2,0,3,8,2,0,0,0,0,0,0,58,0,1,0,0,200,200
405298,4,30,1,2,0,3,8,2,0,0,0,0,0,0,200,200,0,200,200,200,200
405299,0,30,2,2,0,1,10,5,0,0,0,18,200,0,200,200,3,0,0,200,200
405299,0,30,2,2,0,1,10,5,0,0,0,18,200,0,42,0,0,0,0,200,200
405308,4,30,1,2,0,1,8,6,0,0,0,6,200,0,46,2,5,12,0,200,200
405308,0,30,1,2,0,1,8,6,0,0,0,6,200,1,72,200,0,0,0,200,200
405308,1,30,1,2,0,1,8,6,0,0,0,6,200,0,71,200,200,200,200,200,200
405313,0,35,1,2,0,1,10,5,0,0,0,0,0,1,20,0,200,0,0,200,200
405313,0,35,1,2,0,1,10,5,0,0,0,0,0,1,62,0,0,0,0,200,200
405323,0,30,0,0,0,1,7,7,0,0,200,0,200,1,30,0,10,0,0,200,200
405328,0,30,0,0,0,1,10,6,0,0,0,0,0,0,28,200,4,0,0,200,200
405328,0,30,0,0,0,1,10,6,0,0,0,0,0,0,61,200,1,0,0,200,200
405345,0,30,0,0,0,1,7,5,0,0,0,0,0,2,200,200,200,200,200,200,200
405346,0,30,0,0,0,1,7,6,0,0,0,0,0,2,200,200,200,200,200,200,200
405347,0,30,0,0,0,1,12,3,0,0,12,33,200,0,37,0,4,1,0,200,200
405347,0,30,0,0,0,1,12,3,0,0,12,33,200,0,45,0,0,0,0,200,200
405347,1,30,0,0,0,1,12,3,0,0,12,33,200,0,38,0,200,200,200,200,200
405357,0,30,0,0,0,1,7,5,0,0,0,17,200,0,46,7,1,0,0,200,200
405364,0,30,0,0,0,1,7,2,0,0,0,11,200,0,41,0,12,0,0,200,200
405371,0,30,0,0,0,1,0,5,0,0,0,17,17,0,87,200,1,200,200,200,200
405371,0,30,0,0,0,1,0,5,0,0,0,17,17,1,39,0,0,0,0,200,200
405378,0,30,0,200,0,1,8,2,0,0,200,20,0,0,38,200,6,200,0,200,200
405378,4,30,0,200,0,1,8,2,0,0,200,20,0,0,61,200,200,200,5,200,200
405379,0,30,1,2,0,1,12,2,0,0,0,21,200,0,60,200,0,200,0,200,200
405379,0,30,1,2,0,1,12,2,0,0,0,21,200,0,65,200,4,200,0,200,200
405381,0,30,0,0,0,1,12,6,0,0,200,0,200,0,46,0,200,0,0,200,200
405381,0,30,0,0,0,1,12,6,0,0,200,0,200,0,77,0,0,200,200,200,200
405388,0,15,0,0,0,1,2,0,0,0,0,25,16,0,46,200,12,200,200,200,200
405389,0,20,1,2,0,1,12,5,0,0,0,22,200,0,54,200,7,0,0,200,200
405389,0,20,1,2,0,1,12,5,0,0,0,22,200,0,42,200,0,0,0,200,200
405389,1,20,1,2,0,1,12,5,0,0,0,22,200,0,21,200,200,200,200,200,200
405395,0,30,1,2,0,1,10,2,0,0,0,18,200,0,52,0,1,0,0,200,200
405395,0,30,1,2,0,1,10,2,0,0,0,18,200,1,70,0,0,0,0,200,200
405405,0,30,0,0,0,1,10,5,0,0,0,18,16,0,45,0,3,0,0,200,200
405405,0,30,0,0,0,1,10,5,0,0,0,18,16,1,27,0,0,0,0,200,200
405411,0,30,1,2,0,1,12,3,0,0,3,18,200,1,74,0,1,0,0,200,200
405411,0,30,1,2,0,1,12,3,0,0,3,18,200,0,62,0,0,0,0,200,200
405415,0,30,0,0,0,1,10,5,0,0,0,0,200,1,27,0,200,0,0,200,200
405415,0,30,0,0,0,1,10,5,0,0,0,0,200,0,58,0,0,0,0,200,200
405420,0,30,0,0,0,1,11,6,0,200,200,0,200,1,200,200,6,200,200,200,200
405420,0,30,0,0,0,1,11,6,0,200,200,0,200,0,66,200,200,0,0,200,200
405423,0,30,1,2,0,1,14,2,0,0,0,21,0,0,69,200,7,0,0,200,200
405423,0,30,1,2,0,1,14,2,0,0,0,21,0,0,27,200,0,0,0,200,200
405427,0,30,2,2,0,1,0,5,0,0,0,0,200,1,21,200,200,200,0,200,200
405427,0,30,2,2,0,1,0,5,0,0,0,0,200,0,31,0,200,0,0,200,200
405434,0,15,0,0,0,1,7,7,0,0,0,0,200,0,200,200,6,200,200,200,200
405437,0,30,200,200,0,1,10,5,0,200,200,0,200,0,55,200,200,200,200,200,200
405437,0,30,200,200,0,1,10,5,0,200,200,0,200,1,57,0,0,0,0,200,200
405439,0,30,0,0,0,1,10,5,0,0,0,200,200,1,200,200,0,200,200,200,200
405439,0,30,0,0,0,1,10,5,0,0,0,200,200,1,21,0,0,0,0,200,200
405439,1,30,0,0,0,1,10,5,0,0,0,200,200,0,200,1,200,200,200,200,200
405441,0,30,2,2,0,1,0,3,0,0,0,17,0,0,65,0,1,1,0,200,200
405441,0,30,2,2,0,1,0,3,0,0,0,17,0,1,54,0,0,0,0,200,200
405441,1,30,2,2,0,1,0,3,0,0,0,17,0,200,200,0,200,200,200,200,200
405444,0,30,9,2,200,1,7,5,0,200,0,0,0,2,200,200,200,200,200,200,200
405446,0,25,0,0,0,1,3,5,0,0,0,33,20,0,23,0,6,12,0,200,200
405446,0,25,0,0,0,1,3,5,0,0,0,33,20,1,68,0,0,0,0,200,200
405448,0,30,1,2,0,1,12,6,0,0,0,0,0,1,200,200,200,200,200,200,200
405448,0,30,1,2,0,1,12,6,0,0,0,0,0,0,200,0,0,0,0,200,200
405451,0,5,0,0,200,200,2,4,0,200,200,0,200,2,200,200,200,200,200,200,200
405454,0,30,0,0,0,1,7,6,0,0,0,0,200,2,200,200,200,200,200,200,200
405455,0,30,1,2,0,1,14,5,0,0,0,17,200,1,200,0,1,0,0,200,200
405455,0,30,1,2,0,1,14,5,0,0,0,17,200,0,26,0,0,0,0,200,200
405456,0,30,1,2,0,1,12,5,0,0,0,0,0,0,46,200,200,200,200,200,200
405456,0,30,1,2,0,1,12,5,0,0,0,0,0,1,41,0,0,0,0,200,200
405465,0,15,0,0,2,1,12,6,0,0,2,0,200,1,54,0,0,0,200,200,200
405465,0,15,0,0,2,1,12,6,0,0,2,0,200,0,56,0,0,0,200,200,200
405468,0,30,0,0,0,1,10,5,0,0,0,18,25,1,200,200,3,200,200,200,200
405468,0,30,0,0,0,1,10,5,0,0,0,18,25,0,67,200,200,0,0,200,200
405470,0,30,1,2,0,1,12,2,0,0,0,17,200,0,64,0,1,0,0,200,200