RD_NO,PERSON_TYPE,POSTED_SPEED_LIMIT,TRAFFIC_CONTROL_DEVICE,DEVICE_CONDITION,WEATHER_CONDITION,LIGHTING_CONDITION,FIRST_CRASH_TYPE,TRAFFICWAY_TYPE,ALIGNMENT,ROADWAY_SURFACE_COND,ROAD_DEFECT,PRIM_CONTRIBUTORY_CAUSE,SEC_CONTRIBUTORY_CAUSE,SEX,AGE,SAFETY_EQUIPMENT,DRIVER_ACTION,DRIVER_VISION,PHYSICAL_CONDITION,BAC_RESULT VALUE,CELL_PHONE_USE
405470,0,30,1,2,0,1,12,2,0,0,0,17,200,0,52,0,0,0,0,200,200
405471,0,30,2,2,0,1,0,12,0,0,0,0,6,1,64,0,1,0,0,200,200
405471,0,30,2,2,0,1,0,12,0,0,0,0,6,0,40,200,1,0,0,200,200
405474,0,30,0,0,0,1,0,5,0,0,0,20,200,1,60,200,6,200,0,200,200
405474,0,30,0,0,0,1,0,5,0,0,0,20,200,1,32,200,0,200,0,200,200
405474,1,30,0,0,0,1,0,5,0,0,0,20,200,0,33,200,200,200,200,200,200
405474,1,30,0,0,0,1,0,5,0,0,0,20,200,0,7,200,200,200,200,200,200
405479,0,15,0,0,0,1,7,7,0,0,0,20,200,0,18,200,6,200,200,200,200
405483,0,30,0,0,0,1,10,5,0,0,0,16,18,1,26,0,3,200,200,200,200
405486,0,30,1,2,0,1,10,5,0,0,0,0,200,1,200,200,200,200,200,200,200
405486,0,30,1,2,0,1,10,5,0,0,0,0,200,0,33,7,0,0,0,200,200
405494,0,30,1,2,0,1,12,2,0,0,0,11,200,0,27,0,12,0,0,200,200
405494,0,30,1,2,0,1,12,2,0,0,0,11,200,0,34,0,0,0,0,200,200
405494,1,30,1,2,0,1,12,2,0,0,0,11,200,0,200,0,200,200,200,200,200
405496,0,30,2,2,0,1,10,5,0,0,0,20,20,0,56,0,6,200,0,200,200
405496,0,30,2,2,0,1,10,5,0,0,0,20,20,0,60,0,0,0,0,200,200
405505,0,30,0,0,0,1,10,5,0,0,0,18,16,0,41,200,3,200,0,200,200
405505,0,30,0,0,0,1,10,5,0,0,0,18,16,1,29,0,0,0,0,200,200
405514,0,30,1,2,0,1,10,5,0,0,0,18,200,0,200,200,3,200,200,200,200
405514,0,30,1,2,0,1,10,5,0,0,0,18,200,1,54,0,0,0,0,200,200
405516,0,30,0,0,0,1,0,7,0,200,200,11,0,0,54,200,6,200,0,200,200
405516,0,30,0,0,0,1,0,7,0,200,200,11,0,0,51,200,12,200,0,200,200
405517,0,30,1,2,0,1,12,5,0,0,0,0,200,0,32,200,1,200,200,200,200
405517,0,30,1,2,0,1,12,5,0,0,0,0,200,1,58,0,0,0,0,200,200
405518,0,30,0,0,0,1,10,3,0,0,0,18,18,0,46,0,3,200,0,200,200
405518,0,30,0,0,0,1,10,3,0,0,0,18,18,0,0,0,0,0,0,200,200
405518,1,30,0,0,0,1,10,3,0,0,0,18,18,0,68,0,200,200,200,200,200
405523,0,30,0,0,0,1,8,0,0,0,0,0,16,0,32,0,12,0,0,200,200
405523,4,30,0,0,0,1,8,0,0,0,0,0,16,0,200,2,1,0,0,200,200
405527,0,30,1,2,0,1,10,5,0,0,0,16,11,0,24,0,8,0,0,200,200
405527,0,30,1,2,0,1,10,5,0,0,0,16,11,0,66,0,0,0,0,200,200
405529,0,15,0,0,0,1,7,7,0,0,0,20,200,2,200,200,6,200,200,200,200
405533,0,30,1,2,0,1,10,5,0,0,0,18,200,0,17,200,3,0,0,200,200
405533,0,30,1,2,0,1,10,5,0,0,0,18,200,1,31,0,0,0,0,200,200
405534,0,30,0,0,0,1,12,5,0,0,0,200,200,1,23,0,0,0,0,200,200
405534,0,30,0,0,0,1,12,5,0,0,0,200,200,1,55,0,0,0,0,200,200
405535,0,30,0,0,0,1,10,2,0,0,0,0,0,0,200,200,6,200,200,200,200
405535,0,30,0,0,0,1,10,2,0,0,0,0,0,0,34,0,0,0,0,200,200
405544,0,35,1,2,0,1,14,5,0,0,0,16,6,0,52,200,8,0,0,200,200
405544,0,35,1,2,0,1,14,5,0,0,0,16,6,1,48,200,200,200,200,200,200
405545,0,30,200,200,200,200,7,5,0,200,200,0,200,2,200,200,200,200,200,200,200
405547,0,35,0,0,0,1,4,5,0,0,1,0,200,0,200,0,0,0,0,200,200
405550,0,30,0,0,0,1,12,2,0,0,0,0,0,0,200,200,4,200,200,200,200
405550,0,30,0,0,0,1,12,2,0,0,0,0,0,1,32,0,0,200,200,200,200
405550,1,30,0,0,0,1,12,2,0,0,0,0,0,1,31,0,200,200,200,200,200
405551,0,30,0,0,0,1,12,2,0,0,0,0,200,1,68,0,0,0,0,200,200
405551,0,30,0,0,0,1,12,2,0,0,0,0,200,1,42,200,200,0,200,200,200
405556,0,10,0,0,0,1,7,7,0,0,0,20,11,2,200,200,6,200,200,200,200
405562,0,30,1,2,0,1,5,5,0,0,0,28,0,1,76,200,12,200,0,200,200
405562,0,30,1,2,0,1,5,5,0,0,0,28,0,0,37,200,12,200,0,200,200
405563,1,30,1,2,0,1,14,5,0,0,0,23,200,0,200,0,200,200,200,200,200
405563,0,30,1,2,0,1,14,5,0,0,0,23,200,1,29,0,7,12,0,200,200
405563,0,30,1,2,0,1,14,5,0,0,0,23,200,0,69,0,0,0,0,200,200
405563,1,30,1,2,0,1,14,5,0,0,0,23,200,1,200,0,200,200,200,200,200
405564,0,15,0,0,0,1,0,7,0,0,0,200,200,1,45,0,0,0,0,200,200
405564,0,15,0,0,0,1,0,7,0,0,0,200,200,0,75,0,0,0,0,200,200
405568,0,30,1,2,0,1,14,5,0,0,0,0,0,0,200,200,2,200,200,200,200
405568,0,30,1,2,0,1,14,5,0,0,0,0,0,1,31,0,0,0,0,200,200
405568,1,30,1,2,0,1,14,5,0,0,0,0,0,2,200,200,200,200,200,200,200
405568,1,30,1,2,0,1,14,5,0,0,0,0,0,2,200,200,200,200,200,200,200
405570,0,35,0,0,0,1,10,5,0,0,0,18,200,1,24,200,3,12,0,200,200
405570,0,35,0,0,0,1,10,5,0,0,0,18,200,1,24,200,12,200,0,200,200
405573,0,30,1,0,0,1,10,5,0,0,0,0,0,0,200,200,0,200,200,200,200
405573,0,30,1,0,0,1,10,5,0,0,0,0,0,0,21,0,0,0,0,200,200
405577,0,30,1,2,0,1,10,2,0,0,200,0,200,0,53,200,3,0,0,200,200
405577,0,30,1,2,0,1,10,2,0,0,200,0,200,0,47,0,0,0,0,200,200
405577,1,30,1,2,0,1,10,2,0,0,200,0,200,0,11,0,200,200,200,200,200
405578,0,30,1,2,0,1,8,2,0,0,0,17,16,0,72,200,1,200,200,200,200
405578,4,30,1,2,0,1,8,2,0,0,0,17,16,1,33,3,0,0,0,200,200
405580,0,30,1,2,0,1,12,5,0,0,0,200,200,0,200,200,12,200,200,200,200
405580,0,30,1,2,0,1,12,5,0,0,0,200,200,0,200,0,0,12,0,200,200
405583,0,0,0,0,0,1,4,7,0,0,0,25,200,0,36,0,12,200,200,200,200
405583,1,0,0,0,0,1,4,7,0,0,0,25,200,1,59,0,200,200,200,200,200
405583,1,0,0,0,0,1,4,7,0,0,0,25,200,200,58,0,200,200,200,200,200
405587,0,30,0,0,2,1,7,5,0,1,0,0,0,2,200,200,10,200,200,200,200
405588,0,30,0,0,0,1,7,5,0,0,0,200,200,2,200,200,200,200,200,200,200
405590,0,30,1,2,0,1,10,6,0,0,0,17,16,0,200,0,3,0,0,200,200
405590,0,30,1,2,0,1,10,6,0,0,0,17,16,0,73,0,0,0,0,200,200
405590,1,30,1,2,0,1,10,6,0,0,0,17,16,0,70,0,200,200,200,200,200
405594,0,10,0,0,0,1,8,0,0,0,0,17,0,1,64,0,1,2,0,200,200
405594,4,10,0,0,0,1,8,0,0,0,0,17,0,0,15,7,0,0,0,200,200
405598,0,30,1,2,0,1,14,5,0,0,200,23,200,0,19,200,7,200,200,200,200
405598,0,30,1,2,0,1,14,5,0,0,200,23,200,1,52,200,0,200,200,200,200
405601,0,30,0,0,0,1,10,5,0,0,0,18,200,0,31,0,3,0,0,200,200
405601,0,30,0,0,0,1,10,5,0,0,0,18,200,0,54,0,0,0,0,200,200
405607,0,30,0,0,0,1,9,2,0,0,0,0,0,0,200,200,1,200,200,200,200
405607,5,30,0,0,0,1,9,2,0,0,0,0,0,1,26,200,0,0,0,200,200
405612,0,30,0,0,0,1,12,6,0,0,0,0,0,0,58,7,0,0,0,200,200
405612,0,30,0,0,0,1,12,6,0,0,0,0,0,0,26,0,0,0,0,200,200
405612,1,30,0,0,0,1,12,6,0,0,0,0,0,0,21,0,200,200,200,200,200
405613,0,30,0,0,0,1,14,5,0,0,0,23,22,0,200,200,7,200,200,200,200
405613,0,30,0,0,0,1,14,5,0,0,0,23,22,1,31,7,7,0,0,200,200
405618,0,30,0,0,0,2,14,2,0,0,200,17,200,1,58,200,1,200,0,200,200
405618,0,30,0,0,0,2,14,2,0,0,200,17,200,1,52,200,0,200,0,200,200
405618,1,30,0,0,0,2,14,2,0,0,200,17,200,1,62,0,200,200,200,200,200
405619,0,30,2,2,0,1,0,5,0,0,0,17,17,0,18,200,1,200,200,200,200
405619,0,30,2,2,0,1,0,5,0,0,0,17,17,1,39,0,0,200,0,200,200
405620,0,30,0,0,0,1,7,5,2,0,0,0,0,0,27,200,200,200,0,200,200
405620,1,30,0,0,0,1,7,5,2,0,0,0,0,1,21,200,200,200,200,200,200
405621,0,30,2,2,0,1,14,5,0,0,0,11,200,1,32,200,7,5,0,200,200
405621,0,30,2,2,0,1,14,5,0,0,0,11,200,1,39,200,200,0,0,200,200
405624,0,30,1,2,0,1,10,2,0,0,200,0,0,0,61,200,3,200,0,200,200
405624,0,30,1,2,0,1,10,2,0,0,200,0,0,0,30,0,0,200,0,200,200
405626,0,30,0,0,0,1,7,5,0,0,0,12,0,1,24,200,12,0,0,200,200
405626,1,30,0,0,0,1,7,5,0,0,0,12,0,0,200,200,200,200,200,200,200
405628,5,30,1,2,0,1,9,6,0,0,0,0,200,0,200,7,12,1,0,200,200
405628,0,30,1,2,0,1,9,6,0,0,0,0,200,0,200,200,0,12,0,200,200
405633,0,30,2,2,0,1,14,2,0,0,0,25,5,0,200,200,5,200,200,200,200
405633,0,30,2,2,0,1,14,2,0,0,0,25,5,1,48,0,0,200,0,200,200
405633,1,30,2,2,0,1,14,2,0,0,0,25,5,1,55,0,200,200,200,200,200
405642,0,30,1,2,0,1,14,5,0,0,0,0,0,0,26,200,12,200,0,200,200
405642,0,30,1,2,0,1,14,5,0,0,0,0,0,0,18,200,12,200,0,200,200
405642,1,30,1,2,0,1,14,5,0,0,0,0,0,0,36,200,200,200,200,200,200
405646,0,5,0,0,0,1,7,7,0,0,0,33,200,1,52,0,0,200,0,200,200
405648,0,30,0,0,0,1,7,2,0,0,0,21,200,0,48,0,12,0,0,200,200
405650,0,15,0,0,0,1,14,7,0,0,0,17,23,0,61,200,1,200,200,200,200
405650,0,15,0,0,0,1,14,7,0,0,0,17,23,0,31,200,0,200,0,200,200
405656,0,30,0,0,0,1,2,3,0,0,0,0,0,0,25,200,12,0,0,200,200
405658,0,30,0,0,0,1,10,5,0,0,0,0,0,0,200,200,200,200,200,200,200
405658,0,30,0,0,0,1,10,5,0,0,0,0,0,0,54,0,0,0,0,200,200
405661,0,35,0,0,0,1,14,2,0,0,0,17,200,0,33,0,1,0,0,200,200
405661,0,35,0,0,0,1,14,2,0,0,0,17,200,1,17,0,0,0,0,200,200
405662,0,30,0,0,0,1,7,2,0,0,0,20,200,0,200,200,6,0,0,200,200
405668,0,30,1,2,0,1,12,5,0,0,0,0,0,1,200,0,1,0,0,200,200
405668,0,30,1,2,0,1,12,5,0,0,0,0,0,1,200,0,0,0,0,200,200
405672,0,30,0,0,0,3,7,6,0,0,0,21,200,2,200,200,2,200,200,200,200
405673,0,30,0,0,0,1,10,5,0,0,0,18,200,0,200,200,3,200,200,200,200
405673,0,30,0,0,0,1,10,5,0,0,0,18,200,0,61,0,0,0,0,200,200
405675,0,30,200,200,200,200,7,5,0,200,200,0,200,2,200,200,200,200,200,200,200
405683,0,30,0,0,0,1,3,2,0,0,0,21,200,0,65,0,7,0,0,200,200
405683,0,30,0,0,0,1,3,2,0,0,0,21,200,0,26,0,0,0,0,200,200
405689,0,30,1,2,0,1,14,5,0,0,0,23,17,0,37,0,7,1,0,200,200
405689,0,30,1,2,0,1,14,5,0,0,0,23,17,0,34,0,0,0,0,200,200
405689,1,30,1,2,0,1,14,5,0,0,0,23,17,1,42,0,200,200,200,200,200
405693,0,30,2,2,0,1,9,6,0,0,0,0,0,0,25,200,5,200,0,200,200
405693,5,30,2,2,0,1,9,6,0,0,0,0,0,1,28,7,200,200,0,200,200
405694,0,35,2,0,0,1,8,5,0,0,0,0,200,0,200,200,0,200,200,200,200
405694,4,35,2,0,0,1,8,5,0,0,0,0,200,0,29,3,0,0,0,200,200
405694,1,35,2,0,0,1,8,5,0,0,0,0,200,0,44,200,200,200,200,200,200
405697,0,30,0,0,0,1,14,5,1,0,0,23,0,1,85,0,7,0,0,200,200
405697,0,30,0,0,0,1,14,5,1,0,0,23,0,0,57,0,0,0,0,200,200
405700,0,30,0,0,0,1,12,5,0,0,0,22,0,0,36,0,6,0,0,200,200
405700,0,30,0,0,0,1,12,5,0,0,0,22,0,1,73,0,0,0,0,200,200
405703,0,30,1,2,0,1,14,5,0,0,0,0,0,0,200,0,200,0,0,200,200
405703,0,30,1,2,0,1,14,5,0,0,0,0,0,0,200,0,200,0,0,200,200
405704,0,35,0,0,0,1,14,2,0,0,0,16,17,1,72,200,1,0,0,200,200
405704,0,35,0,0,0,1,14,2,0,0,0,16,17,0,24,200,0,0,0,200,200
405707,0,0,1,2,0,1,10,5,0,0,0,0,0,0,200,200,200,200,200,200,200
405707,0,0,1,2,0,1,10,5,0,0,0,0,0,1,30,200,200,200,200,200,200
405707,1,0,1,2,0,1,10,5,0,0,0,0,0,1,30,200,200,200,200,200,200
405712,0,30,1,2,0,1,10,5,0,0,0,18,16,0,35,200,3,0,0,200,200
405712,0,30,1,2,0,1,10,5,0,0,0,18,16,0,200,200,0,200,200,200,200
405717,0,30,1,2,0,1,14,5,0,0,0,23,200,1,35,200,12,0,0,200,200
405717,0,30,1,2,0,1,14,5,0,0,0,23,200,0,27,200,7,0,0,200,200
405720,0,30,1,2,0,1,10,5,0,0,0,18,18,1,200,0,3,0,0,200,200
405720,0,30,1,2,0,1,10,5,0,0,0,18,18,0,43,7,0,0,0,200,200
405721,0,30,1,2,0,1,10,5,0,0,0,20,200,0,200,200,6,200,200,200,200
405721,0,30,1,2,0,1,10,5,0,0,0,20,200,0,28,1,0,0,0,200,200
405722,0,30,1,200,200,200,12,6,0,200,200,11,0,0,67,200,4,200,200,200,200
405722,0,30,1,200,200,200,12,6,0,200,200,11,0,0,22,200,12,200,200,200,200
405723,0,35,2,12,0,1,14,5,0,0,0,23,200,0,37,200,12,200,0,200,200
405723,0,35,2,12,0,1,14,5,0,0,0,23,200,0,52,200,1,200,0,200,200
405723,1,35,2,12,0,1,14,5,0,0,0,23,200,0,40,200,200,200,200,200,200
405724,0,35,0,0,0,1,0,7,0,0,0,20,200,0,48,0,6,0,0,200,200
405724,0,35,0,0,0,1,0,7,0,0,0,20,200,0,62,0,0,0,0,200,200
405727,0,30,0,0,0,1,12,5,0,0,0,0,0,0,53,200,12,0,0,200,200
405727,0,30,0,0,0,1,12,5,0,0,0,0,0,0,37,0,0,0,0,200,200
405730,0,25,2,0,0,1,10,5,0,0,0,0,0,1,40,7,0,0,0,200,200
405730,0,25,2,0,0,1,10,5,0,0,0,0,0,1,50,0,0,0,0,200,200
405731,0,30,0,0,200,200,7,12,0,0,0,0,200,0,200,200,200,200,0,200,200
405739,0,30,0,0,0,1,10,2,0,0,0,0,200,1,200,200,200,200,200,200,200
405739,0,30,0,0,0,1,10,2,0,0,0,0,200,0,58,0,0,0,0,200,200
405740,0,30,1,2,0,1,14,3,0,0,0,200,200,0,56,0,12,0,0,200,200
405740,0,30,1,2,0,1,14,3,0,0,0,200,200,0,53,0,12,0,0,200,200
405751,0,30,200,0,0,1,10,3,0,0,0,18,22,0,200,200,2,200,200,200,200
405751,0,30,200,0,0,1,10,3,0,0,0,18,22,1,55,200,0,0,0,200,200
405751,1,30,200,0,0,1,10,3,0,0,0,18,22,0,25,200,200,200,200,200,200
405751,1,30,200,0,0,1,10,3,0,0,0,18,22,1,56,200,200,200,200,200,200
405752,0,25,0,0,0,1,10,7,0,0,0,200,200,1,200,200,200,200,200,200,200
405752,0,25,0,0,0,1,10,7,0,0,0,200,200,0,35,0,0,0,0,200,200
405755,0,35,2,2,0,1,0,2,0,0,0,17,0,1,49,200,1,200,200,200,200
405755,0,35,2,2,0,1,0,2,0,0,0,17,0,0,26,200,0,0,0,200,200
405757,0,30,2,200,0,1,0,5,0,0,200,0,0,0,18,0,200,200,200,200,200
405757,0,30,2,200,0,1,0,5,0,0,200,0,0,1,39,200,200,200,200,200,200
405757,1,30,2,200,0,1,0,5,0,0,200,0,0,0,17,0,200,200,200,200,200
405757,1,30,2,200,0,1,0,5,0,0,200,0,0,0,15,0,200,200,200,200,200
405758,0,25,2,2,0,1,0,2,1,0,200,5,17,0,59,200,1,200,200,200,200
405758,0,25,2,2,0,1,0,2,1,0,200,5,17,1,47,0,200,200,0,200,200
405763,0,40,0,0,0,1,12,3,3,0,0,200,200,0,40,0,200,0,0,200,200
405763,0,40,0,0,0,1,12,3,3,0,0,200,200,0,22,0,0,0,0,200,200
405767,5,30,12,0,0,1,9,5,0,0,0,17,200,0,200,7,200,0,0,200,200
405767,0,30,12,0,0,1,9,5,0,0,0,17,200,1,32,7,0,0,0,200,200
405770,0,30,0,0,0,1,10,5,0,0,200,18,200,1,40,200,3,200,200,200,200
405770,0,30,0,0,0,1,10,5,0,0,200,18,200,1,64,200,0,200,200,200,200
405776,0,30,0,0,0,1,12,2,0,0,0,22,16,0,66,0,2,0,0,200,200
405776,0,30,0,0,0,1,12,2,0,0,0,22,16,0,21,0,0,0,0,200,200
405776,1,30,0,0,0,1,12,2,0,0,0,22,16,1,13,0,200,200,200,200,200
405778,0,25,0,0,0,1,10,5,0,0,0,25,11,1,200,200,8,200,200,200,200
405778,0,25,0,0,0,1,10,5,0,0,0,25,11,1,21,200,0,0,0,200,200
405778,0,25,0,0,0,1,10,5,0,0,0,25,11,1,33,200,0,200,0,200,200
405778,1,25,0,0,0,1,10,5,0,0,0,25,11,1,4,200,200,200,200,200,200
405788,0,0,0,0,0,1,12,2,0,0,0,0,0,0,200,200,200,200,200,200,200
405788,0,0,0,0,0,1,12,2,0,0,0,0,0,1,55,200,0,0,0,200,200
405788,1,0,0,0,0,1,12,2,0,0,0,0,0,1,25,200,200,200,200,200,200
405788,1,0,0,0,0,1,12,2,0,0,0,0,0,0,0,200,200,200,200,200,200
405790,0,40,0,0,0,1,12,3,0,0,0,21,200,1,44,7,0,0,0,200,200
405790,0,40,0,0,0,1,12,3,0,0,0,21,200,0,55,0,0,0,0,200,200
405795,0,30,0,0,0,1,10,7,0,0,0,20,0,1,0,200,6,0,0,200,200
405795,0,30,0,0,0,1,10,7,0,0,0,20,0,1,51,200,0,0,0,200,200
405799,0,30,0,0,0,1,12,5,0,0,0,200,200,1,53,7,0,0,0,200,200
405799,0,30,0,0,0,1,12,5,0,0,0,200,200,1,49,0,0,0,0,200,200
405799,1,30,0,0,0,1,12,5,0,0,0,200,200,0,200,5,200,200,200,200,200
405806,0,20,0,0,0,1,7,6,0,0,0,0,0,0,200,200,0,200,200,200,200
405809,0,30,0,0,0,1,7,5,0,200,200,0,200,2,200,200,200,200,200,200,200
405816,0,30,0,0,0,1,12,5,0,0,0,0,0,2,200,200,200,200,200,200,200
405816,0,30,0,0,0,1,12,5,0,0,0,0,0,1,35,0,0,0,0,200,200
405817,0,30,0,0,0,4,10,5,0,0,0,18,200,0,28,0,3,0,0,200,200
405817,0,30,0,0,0,4,10,5,0,0,0,18,200,0,24,0,0,0,0,200,200
405817,1,30,0,0,0,4,10,5,0,0,0,18,200,1,25,0,200,200,200,200,200
405820,0,30,0,0,0,1,7,2,0,0,0,21,200,0,200,200,12,200,200,200,200
405822,0,30,0,0,0,1,2,6,0,0,0,13,0,0,53,0,0,0,0,200,200
405823,0,30,200,200,200,200,7,5,0,200,200,0,200,0,44,200,200,200,200,200,200
405824,0,20,0,0,0,1,0,5,0,0,0,17,11,1,41,0,1,200,0,200,200
405824,0,20,0,0,0,1,0,5,0,0,0,17,11,1,24,0,0,0,0,200,200
405826,0,30,2,1,0,1,7,5,0,0,0,0,25,0,200,200,200,200,200,200,200
405826,1,30,2,1,0,1,7,5,0,0,0,0,25,1,200,200,200,200,200,200,200
405827,0,30,2,2,0,1,0,5,0,0,0,200,200,0,34,0,0,0,0,200,200
405827,0,30,2,2,0,1,0,5,0,0,0,200,200,1,30,0,13,0,0,200,200
405827,1,30,2,2,0,1,0,5,0,0,0,200,200,0,42,0,200,200,200,200,200
405830,0,30,0,0,0,1,2,6,0,0,4,28,200,1,35,0,0,0,0,200,200
405831,0,30,0,0,0,1,10,2,0,0,0,7,0,1,28,0,12,0,0,200,200
405831,0,30,0,0,0,1,10,2,0,0,0,7,0,1,200,200,12,200,200,200,200
405831,1,30,0,0,0,1,10,2,0,0,0,7,0,0,1,5,200,200,200,200,200
405832,4,30,0,0,0,1,8,6,0,0,0,8,0,0,12,2,12,0,0,200,200
405832,0,30,0,0,0,1,8,6,0,0,0,8,0,1,56,0,0,0,0,200,200
405834,0,30,1,2,0,1,14,6,0,0,0,0,0,0,200,0,3,0,0,200,200
405834,0,30,1,2,0,1,14,6,0,0,0,0,0,0,200,0,0,0,0,200,200
405834,1,30,1,2,0,1,14,6,0,0,0,0,0,0,200,0,200,200,200,200,200
405834,1,30,1,2,0,1,14,6,0,0,0,0,0,0,200,0,200,200,200,200,200
405834,1,30,1,2,0,1,14,6,0,0,0,0,0,1,200,0,200,200,200,200,200
405836,0,30,1,2,0,1,10,2,0,0,0,16,0,0,48,200,12,200,0,200,200
405836,0,30,1,2,0,1,10,2,0,0,0,16,0,1,31,0,0,200,0,200,200
405836,1,30,1,2,0,1,10,2,0,0,0,16,0,1,5,5,200,200,200,200,200
405838,0,30,0,0,0,1,12,5,0,0,0,21,0,1,28,200,4,200,200,200,200
405838,0,30,0,0,0,1,12,5,0,0,0,21,0,0,0,200,0,0,0,200,200
405839,0,30,1,2,0,1,12,5,0,0,0,22,200,1,200,200,4,200,200,200,200
405839,0,30,1,2,0,1,12,5,0,0,0,22,200,0,50,0,0,0,0,200,200
405840,0,30,0,0,0,1,12,2,0,0,0,21,200,0,31,200,7,200,0,200,200
405840,0,30,0,0,0,1,12,2,0,0,0,21,200,0,64,200,0,200,0,200,200
405840,1,30,0,0,0,1,12,2,0,0,0,21,200,1,200,200,200,200,200,200,200
405846,0,30,0,0,0,1,9,12,0,0,0,0,200,0,200,200,200,200,200,200,200
405846,5,30,0,0,0,1,9,12,0,0,0,0,200,0,62,7,200,200,3,200,200
405850,0,30,1,2,0,1,12,6,0,0,0,23,200,0,29,0,4,0,0,200,200
405850,0,30,1,2,0,1,12,6,0,0,0,23,200,1,42,0,0,0,0,200,200
405852,0,30,1,2,0,1,8,5,0,0,0,6,200,0,200,200,5,200,200,200,200
405852,4,30,1,2,0,1,8,5,0,0,0,6,200,0,200,7,200,200,200,200,200
405852,5,30,1,2,0,1,8,5,0,0,0,6,200,1,33,7,0,0,0,200,200
405852,5,30,1,2,0,1,8,5,0,0,0,6,200,1,27,7,0,0,0,200,200
405855,4,30,0,0,0,1,8,5,0,0,0,0,0,0,34,7,12,200,0,200,200
405855,1,30,0,0,0,1,8,5,0,0,0,0,0,0,33,200,200,200,200,200,200
405855,1,30,0,0,0,1,8,5,0,0,0,0,0,0,33,200,200,200,200,200,200
405856,4,30,2,2,0,1,8,5,0,0,0,17,200,0,21,3,1,0,0,200,200
405856,0,30,2,2,0,1,8,5,0,0,0,17,200,1,43,0,0,0,0,200,200
405859,0,30,0,0,0,1,7,12,0,0,0,0,0,2,200,200,200,200,200,200,200
405860,0,30,0,0,0,1,0,6,0,0,0,17,33,1,61,0,1,5,0,200,200
405860,0,30,0,0,0,1,0,6,0,0,0,17,33,1,53,0,0,0,0,200,200
405862,0,30,0,0,0,3,7,5,0,0,0,21,200,0,200,200,12,200,200,200,200
405863,4,30,0,0,0,1,8,5,0,0,0,0,0,1,33,7,0,0,0,200,200
405865,0,30,1,2,0,1,14,5,0,0,0,23,22,0,0,0,7,0,0,200,200
405865,0,30,1,2,0,1,14,5,0,0,0,23,22,0,26,0,0,0,0,200,200
405865,1,30,1,2,0,1,14,5,0,0,0,23,22,0,46,0,200,200,200,200,200
405866,0,30,2,2,0,1,0,5,0,0,0,17,5,0,35,0,1,0,0,200,200
405866,0,30,2,2,0,1,0,5,0,0,0,17,5,0,57,0,0,0,0,200,200
405866,0,30,2,2,0,1,0,5,0,0,0,17,5,0,30,0,0,0,0,200,200
405866,1,30,2,2,0,1,0,5,0,0,0,17,5,0,10,0,200,200,200,200,200
405867,0,30,0,0,0,1,7,0,0,0,0,0,200,1,200,200,200,200,200,200,200
405868,0,30,0,0,0,1,12,6,0,0,0,22,16,0,200,200,2,200,200,200,200
405868,0,30,0,0,0,1,12,6,0,0,0,22,16,0,200,0,12,0,0,200,200
405868,1,30,0,0,0,1,12,6,0,0,0,22,16,1,200,0,200,200,200,200,200
405868,1,30,0,0,0,1,12,6,0,0,0,22,16,1,200,0,200,200,200,200,200
405872,0,30,0,0,0,1,12,5,0,0,0,22,23,0,24,200,4,0,0,200,200
405872,0,30,0,0,0,1,12,5,0,0,0,22,23,0,70,200,0,0,0,200,200
405874,0,30,0,0,0,1,12,2,0,0,200,0,200,0,59,0,12,200,200,200,200
405874,0,30,0,0,0,1,12,2,0,0,200,0,200,1,200,200,200,200,200,200,200
405876,0,30,0,0,0,1,12,5,0,0,0,0,0,0,200,200,12,200,200,200,200
405876,0,30,0,0,0,1,12,5,0,0,0,0,0,1,47,0,0,0,0,200,200
405877,0,30,200,200,200,200,12,5,0,200,4,0,200,0,200,200,200,200,200,200,200
405877,0,30,200,200,200,200,12,5,0,200,4,0,200,1,67,200,200,12,200,200,200
405884,0,30,2,2,0,1,0,12,0,0,0,17,200,1,79,0,1,0,0,200,200
405884,0,30,2,2,0,1,0,12,0,0,0,17,200,0,24,0,0,0,0,200,200
405894,0,0,0,2,0,1,7,7,0,0,0,0,200,2,200,200,200,200,200,200,200
405896,0,30,2,2,0,1,8,3,0,0,0,0,0,0,28,200,200,200,200,200,200
405896,4,30,2,2,0,1,8,3,0,0,0,0,0,0,23,2,200,0,0,200,200
405902,0,35,1,0,0,1,14,6,0,0,0,22,21,1,200,200,2,200,200,200,200
405902,0,35,1,0,0,1,14,6,0,0,0,22,21,1,73,0,0,0,0,200,0
405903,0,30,1,200,0,1,10,5,0,200,200,0,200,1,58,200,200,0,0,200,200
405903,0,30,1,200,0,1,10,5,0,200,200,0,200,1,65,200,200,200,0,200,200
405907,0,30,1,2,0,1,10,5,0,0,0,200,200,0,200,200,0,200,200,200,200
405907,0,30,1,2,0,1,10,5,0,0,0,200,200,0,54,0,0,0,0,200,200
405912,4,30,0,0,0,1,8,5,0,0,0,17,200,0,200,3,1,200,200,200,200
405912,0,30,0,0,0,1,8,5,0,0,0,17,200,0,29,0,0,0,0,200,200
405923,0,30,0,0,0,1,12,6,0,0,0,0,0,0,200,200,200,200,200,200,200
405923,0,30,0,0,0,1,12,6,0,0,0,0,0,0,200,0,200,0,0,200,200
405923,1,30,0,0,0,1,12,6,0,0,0,0,0,1,200,0,200,200,200,200,200
405947,0,40,0,0,0,4,12,3,0,0,0,23,200,0,28,0,4,0,0,200,200
405947,0,40,0,0,0,4,12,3,0,0,0,23,200,0,32,0,0,0,0,200,200