RD_NO,PERSON_TYPE,POSTED_SPEED_LIMIT,TRAFFIC_CONTROL_DEVICE,DEVICE_CONDITION,WEATHER_CONDITION,LIGHTING_CONDITION,FIRST_CRASH_TYPE,TRAFFICWAY_TYPE,ALIGNMENT,ROADWAY_SURFACE_COND,ROAD_DEFECT,PRIM_CONTRIBUTORY_CAUSE,SEC_CONTRIBUTORY_CAUSE,SEX,AGE,SAFETY_EQUIPMENT,DRIVER_ACTION,DRIVER_VISION,PHYSICAL_CONDITION,BAC_RESULT VALUE,CELL_PHONE_USE
405948,0,30,1,2,0,1,10,2,0,0,0,18,0,1,200,200,3,200,200,200,200
405948,0,30,1,2,0,1,10,2,0,0,0,18,0,1,49,0,0,0,0,200,200
405952,0,25,0,0,0,2,7,5,0,0,0,0,0,1,200,200,10,200,200,200,200
405955,0,5,0,200,200,0,7,7,0,200,200,0,0,2,200,200,200,200,200,200,200
405965,0,30,1,2,0,1,10,2,0,0,0,20,200,2,27,0,6,0,0,200,200
405965,0,30,1,2,0,1,10,2,0,0,0,20,200,1,27,0,0,0,0,200,200
405982,0,30,1,2,0,3,14,2,0,0,0,17,23,1,48,200,1,0,0,200,200
405982,0,30,1,2,0,3,14,2,0,0,0,17,23,1,29,200,0,0,0,200,200
405988,0,30,0,0,0,1,0,2,0,0,0,0,0,0,19,0,12,0,0,200,200
405988,0,30,0,0,0,1,0,2,0,0,0,0,0,0,35,0,12,0,0,200,200
406012,0,30,0,0,0,4,7,5,0,0,0,11,200,1,20,0,12,0,0,200,200
406016,0,25,0,0,0,2,14,6,0,0,0,23,0,0,38,0,1,200,0,200,200
406016,0,25,0,0,0,2,14,6,0,0,0,23,0,0,200,200,200,200,200,200,200
406017,0,30,0,0,0,2,10,5,0,0,0,200,200,0,200,200,0,200,200,200,200
406017,0,30,0,0,0,2,10,5,0,0,0,200,200,1,31,0,0,0,0,200,200
406017,1,30,0,0,0,2,10,5,0,0,0,200,200,1,200,200,200,200,200,200,200
406018,0,30,0,0,0,0,12,5,0,0,0,23,0,1,200,200,7,0,0,200,200
406018,0,30,0,0,0,0,12,5,0,0,0,23,0,0,45,0,0,0,0,200,200
406019,0,30,0,0,0,1,7,6,0,0,200,0,0,2,200,200,200,200,200,200,200
406022,0,25,0,0,0,1,0,12,0,0,0,0,200,1,48,200,6,0,0,200,200
406022,0,25,0,0,0,1,0,12,0,0,0,0,200,1,76,200,0,0,0,200,200
406027,0,30,1,2,0,3,12,2,0,0,0,22,21,0,59,200,4,0,0,200,200
406027,0,30,1,2,0,3,12,2,0,0,0,22,21,0,54,200,0,0,0,200,200
406029,0,30,0,0,0,1,2,3,0,0,0,0,0,0,50,0,0,0,0,200,200
406037,0,30,2,2,0,0,10,5,0,0,0,0,0,0,32,200,200,200,200,200,200
406037,0,30,2,2,0,0,10,5,0,0,0,0,0,0,22,0,200,200,0,200,200
406039,0,25,0,0,0,3,9,5,0,0,0,25,25,0,200,200,1,200,200,200,200
406039,5,25,0,0,0,3,9,5,0,0,0,25,25,0,34,200,0,0,0,200,200
406040,0,30,0,0,0,3,10,5,0,0,0,8,18,0,22,200,3,12,0,200,200
406040,0,30,0,0,0,3,10,5,0,0,0,8,18,0,34,200,0,0,0,200,200
406040,1,30,0,0,0,3,10,5,0,0,0,8,18,1,53,200,200,200,200,200,200
406040,1,30,0,0,0,3,10,5,0,0,0,8,18,0,8,200,200,200,200,200,200
406040,1,30,0,0,0,3,10,5,0,0,0,8,18,0,3,200,200,200,200,200,200
406044,0,30,0,0,0,3,10,5,0,0,0,12,11,0,19,0,6,0,0,200,200
406044,0,30,0,0,0,3,10,5,0,0,0,12,11,0,28,0,0,0,0,200,200
406044,1,30,0,0,0,3,10,5,0,0,0,12,11,1,19,7,200,200,200,200,200
406044,1,30,0,0,0,3,10,5,0,0,0,12,11,1,26,0,200,200,200,200,200
406052,0,30,0,0,0,4,7,5,0,0,0,20,200,1,200,200,6,200,200,200,200
406057,0,30,0,0,200,200,7,200,0,200,200,17,200,2,200,200,200,200,200,200,200
406063,0,30,2,2,0,4,0,5,0,0,0,0,200,1,200,200,1,200,200,200,200
406063,0,30,2,2,0,4,0,5,0,0,0,0,200,1,34,0,0,0,0,200,200
406071,0,35,1,2,0,3,10,5,0,0,0,7,18,1,26,200,3,0,0,200,200
406071,0,35,1,2,0,3,10,5,0,0,0,7,18,0,28,200,0,0,0,200,200
406079,0,30,2,2,0,3,0,12,0,0,0,5,17,1,26,200,5,0,1,200,200
406079,0,30,2,2,0,3,0,12,0,0,0,5,17,1,34,200,0,0,0,200,200
406079,1,30,2,2,0,3,0,12,0,0,0,5,17,1,4,5,200,200,200,200,200
406079,1,30,2,2,0,3,0,12,0,0,0,5,17,0,6,0,200,200,200,200,200
406079,1,30,2,2,0,3,0,12,0,0,0,5,17,0,0,5,200,200,200,200,200
406079,1,30,2,2,0,3,0,12,0,0,0,5,17,0,14,200,200,200,200,200,200
406080,0,30,1,2,0,3,9,3,0,0,0,0,200,1,200,200,1,200,200,200,200
406080,5,30,1,2,0,3,9,3,0,0,0,0,200,0,31,7,0,200,7,200,200
406084,0,30,1,2,0,3,10,5,0,0,0,0,0,0,200,200,200,200,200,200,200
406084,0,30,1,2,0,3,10,5,0,0,0,0,0,0,39,200,200,0,0,200,200
406085,0,15,2,2,0,0,10,6,0,0,0,5,200,0,200,200,5,200,200,200,200
406085,0,15,2,2,0,0,10,6,0,0,0,5,200,1,64,0,0,0,0,200,200
406089,0,30,0,0,0,3,14,5,0,0,0,17,200,1,52,0,1,0,0,200,200
406089,0,30,0,0,0,3,14,5,0,0,0,17,200,0,52,0,14,0,0,200,200
406089,1,30,0,0,0,3,14,5,0,0,0,17,200,0,31,7,200,200,200,200,200
406104,0,25,0,0,0,200,7,5,0,0,0,200,200,2,200,200,200,200,200,200,200
406107,0,30,1,2,0,3,14,12,0,0,0,16,6,1,200,200,1,200,200,200,200
406107,0,30,1,2,0,3,14,12,0,0,0,16,6,0,28,0,0,0,0,200,200
406107,1,30,1,2,0,3,14,12,0,0,0,16,6,1,22,0,200,200,200,200,200
406111,0,30,0,0,0,3,7,3,0,0,0,0,200,1,39,200,200,200,0,200,200
406115,0,30,0,0,0,3,14,5,0,0,0,23,200,2,200,200,200,200,200,200,200
406115,0,30,0,0,0,3,14,5,0,0,0,23,200,0,27,0,1,0,0,200,200
406115,1,30,0,0,0,3,14,5,0,0,0,23,200,0,27,0,200,200,200,200,200
406115,1,30,0,0,0,3,14,5,0,0,0,23,200,0,27,0,200,200,200,200,200
406126,0,0,0,0,0,200,7,5,0,200,200,0,0,2,200,200,200,200,200,200,200
406135,0,30,1,2,0,3,0,5,0,0,0,17,0,0,33,0,1,0,0,200,200
406135,0,30,1,2,0,3,0,5,0,0,0,17,0,0,29,0,0,0,0,200,200
406135,1,30,1,2,0,3,0,5,0,0,0,17,0,1,200,0,200,200,200,200,200
406140,0,30,0,0,0,3,7,5,0,0,0,32,0,0,28,200,12,0,5,200,200
406144,0,30,1,2,0,3,9,5,0,0,0,0,200,0,45,0,200,0,0,200,200
406144,5,30,1,2,0,3,9,5,0,0,0,0,200,0,200,200,200,200,200,200,200
406154,0,30,0,12,0,0,7,5,2,0,0,0,200,0,200,200,200,200,200,200,200
406179,0,30,1,2,200,0,10,6,0,200,0,16,200,0,37,200,200,0,200,200,200
406179,0,30,1,2,200,0,10,6,0,200,0,16,200,1,46,0,0,0,200,200,200
406179,1,30,1,2,200,0,10,6,0,200,0,16,200,1,45,200,200,200,200,200,200
406179,1,30,1,2,200,0,10,6,0,200,0,16,200,0,200,200,200,200,200,200,200
406212,0,30,1,2,0,0,10,2,0,0,0,18,200,0,19,0,3,0,0,200,200
406212,0,30,1,2,0,0,10,2,0,0,0,18,200,0,45,0,0,0,0,200,200
406222,0,35,1,2,0,3,14,2,0,0,200,0,0,0,29,200,200,200,0,200,200
406222,0,35,1,2,0,3,14,2,0,0,200,0,0,0,50,200,200,200,0,200,200
406261,0,35,1,2,0,3,10,5,0,0,0,27,0,0,200,200,5,0,2,200,200
406261,0,35,1,2,0,3,10,5,0,0,0,27,0,0,32,0,0,0,0,200,200
406262,0,30,1,2,0,3,12,2,0,0,200,16,14,0,29,200,5,200,200,200,200
406262,0,30,1,2,0,3,12,2,0,0,200,16,14,0,26,200,0,200,0,200,200
406262,0,30,1,2,0,3,12,2,0,0,200,16,14,0,60,200,0,200,200,200,200
406262,1,30,1,2,0,3,12,2,0,0,200,16,14,1,17,200,200,200,200,200,200
406262,1,30,1,2,0,3,12,2,0,0,200,16,14,1,20,200,200,200,200,200,200
406286,0,30,1,2,0,3,12,8,0,0,0,14,25,0,200,200,200,200,200,200,200
406286,0,30,1,2,0,3,12,8,0,0,0,14,25,1,25,0,0,0,0,200,200
406286,1,30,1,2,0,3,12,8,0,0,0,14,25,0,200,200,200,200,200,200,200
406301,0,30,0,0,1,2,10,6,0,0,0,18,200,0,25,200,3,0,0,200,200
406301,0,30,0,0,1,2,10,6,0,0,0,18,200,0,200,200,0,200,200,200,200
406307,0,30,0,0,0,1,7,6,0,0,0,0,0,2,200,200,200,200,200,200,200
406308,0,30,1,2,0,2,9,5,0,0,0,17,16,1,56,0,1,0,0,200,200
406308,5,30,1,2,0,2,9,5,0,0,0,17,16,1,25,200,200,200,200,200,200
406310,0,30,0,0,0,1,7,5,0,0,0,21,22,1,37,0,4,0,1,200,200
406315,0,30,1,2,0,1,0,5,0,0,0,17,11,2,200,200,1,200,200,200,200
406315,0,30,1,2,0,1,0,5,0,0,0,17,11,1,25,0,0,0,0,200,200
406315,1,30,1,2,0,1,0,5,0,0,0,17,11,0,28,0,200,200,200,200,200
406315,1,30,1,2,0,1,0,5,0,0,0,17,11,1,200,0,200,200,200,200,200
406317,0,30,1,1,0,2,10,2,0,0,0,7,6,0,200,200,12,200,200,200,200
406317,0,30,1,1,0,2,10,2,0,0,0,7,6,0,53,200,0,0,0,200,200
406318,0,30,0,0,200,200,7,6,0,200,0,0,0,2,200,200,200,5,200,200,200
406322,0,30,1,2,0,2,10,5,0,0,0,18,200,0,61,0,3,0,0,200,200
406322,0,30,1,2,0,2,10,5,0,0,0,18,200,1,41,0,0,0,0,200,200
406323,0,5,0,0,0,2,7,7,0,0,0,11,0,0,200,200,200,200,200,200,200
406326,0,40,0,0,1,1,12,3,1,0,0,8,200,1,56,0,12,0,0,200,200
406326,0,40,0,0,1,1,12,3,1,0,0,8,200,2,0,0,0,0,0,200,200
406327,0,35,0,0,0,1,7,5,0,0,0,20,11,0,200,0,6,0,0,200,200
406328,0,30,2,200,0,2,7,5,0,0,0,22,200,1,200,200,12,200,200,200,200
406341,0,30,1,2,0,1,2,5,0,0,0,21,200,2,200,200,1,200,200,200,200
406341,1,30,1,2,0,1,2,5,0,0,0,21,200,2,200,200,200,200,200,200,200
406351,0,30,1,2,0,1,10,3,0,0,0,18,11,1,41,0,3,0,0,200,200
406351,0,30,1,2,0,1,10,3,0,0,0,18,11,1,32,0,12,200,0,200,200
406351,0,30,1,2,0,1,10,3,0,0,0,18,11,1,32,7,12,0,0,200,200
406356,0,30,1,2,0,1,10,2,0,0,0,18,18,0,38,0,200,0,0,200,200
406356,0,30,1,2,0,1,10,2,0,0,0,18,18,0,41,7,0,0,0,200,200
406357,0,30,2,12,0,1,7,6,0,0,200,11,200,1,40,0,12,200,0,200,200
406357,1,30,2,12,0,1,7,6,0,0,200,11,200,1,10,0,200,200,200,200,200
406362,0,30,0,0,1,1,2,1,0,0,0,0,200,1,17,200,200,0,0,200,200
406362,1,30,0,0,1,1,2,1,0,0,0,0,200,1,17,200,200,200,200,200,200
406369,0,30,0,0,0,1,12,2,0,0,0,17,17,1,84,0,1,0,200,200,200
406369,0,30,0,0,0,1,12,2,0,0,0,17,17,2,200,200,0,200,200,200,200
406370,0,30,0,0,0,1,12,2,0,0,0,21,20,0,48,200,4,0,0,200,200
406370,0,30,0,0,0,1,12,2,0,0,0,21,20,1,53,200,0,0,0,200,200
406370,1,30,0,0,0,1,12,2,0,0,0,21,20,1,23,200,200,200,200,200,200
406374,0,30,2,2,0,1,0,5,0,0,0,5,200,0,200,200,5,200,200,200,200
406374,0,30,2,2,0,1,0,5,0,0,0,5,200,0,71,0,0,0,0,200,200
406376,0,30,0,0,0,1,12,5,0,0,0,22,16,1,33,200,4,200,200,200,200
406376,0,30,0,0,0,1,12,5,0,0,0,22,16,1,56,0,0,0,0,200,200
406376,1,30,0,0,0,1,12,5,0,0,0,22,16,2,200,200,200,200,200,200,200
406376,1,30,0,0,0,1,12,5,0,0,0,22,16,2,200,200,200,200,200,200,200
406386,0,30,1,2,1,1,14,5,0,0,0,0,200,0,71,200,12,0,0,200,200
406386,0,30,1,2,1,1,14,5,0,0,0,0,200,0,52,200,0,0,0,200,200
406402,0,30,0,0,0,1,0,5,0,0,0,20,0,0,34,200,6,200,200,200,200
406402,0,30,0,0,0,1,0,5,0,0,0,20,0,0,34,7,0,0,0,200,200
406402,1,30,0,0,0,1,0,5,0,0,0,20,0,1,33,0,200,200,200,200,200
406403,0,30,1,5,0,1,10,6,0,0,0,18,18,0,48,0,3,0,0,200,200
406403,0,30,1,5,0,1,10,6,0,0,0,18,18,0,45,0,0,0,0,200,200
406412,0,30,2,2,0,1,0,5,0,0,0,17,200,0,82,200,1,0,0,200,200
406412,0,30,2,2,0,1,0,5,0,0,0,17,200,1,57,0,0,0,0,200,200
406418,0,40,0,0,1,1,10,3,0,0,0,18,11,0,200,200,3,200,200,200,200
406418,0,40,0,0,1,1,10,3,0,0,0,18,11,1,28,0,0,0,0,200,200
406418,1,40,0,0,1,1,10,3,0,0,0,18,11,0,30,0,200,200,200,200,200
406418,1,40,0,0,1,1,10,3,0,0,0,18,11,1,2,5,200,200,200,200,200
406422,0,30,1,2,1,1,10,6,0,0,0,18,0,1,32,0,3,0,0,200,200
406422,0,30,1,2,1,1,10,6,0,0,0,18,0,0,54,0,0,0,0,200,200
406422,1,30,1,2,1,1,10,6,0,0,0,18,0,0,7,0,200,200,200,200,200
406437,0,30,1,2,0,1,12,5,0,0,0,17,17,0,61,0,1,0,0,200,200
406437,0,30,1,2,0,1,12,5,0,0,0,17,17,0,35,0,1,0,0,200,200
406439,0,30,2,2,0,1,14,5,0,0,0,17,0,2,200,200,200,200,200,200,200
406439,0,30,2,2,0,1,14,5,0,0,0,17,0,1,27,0,1,0,0,200,200
406444,0,30,1,0,0,1,14,5,0,0,0,15,15,0,31,7,4,200,0,200,200
406444,0,30,1,0,0,1,14,5,0,0,0,15,15,0,64,7,0,0,0,200,200
406445,0,30,0,0,0,3,12,2,0,0,0,0,0,0,28,0,1,0,0,200,200
406445,0,30,0,0,0,3,12,2,0,0,0,0,0,0,34,0,0,0,0,200,200
406447,0,30,1,2,1,1,12,3,0,0,0,17,17,0,60,200,1,0,0,200,200
406447,0,30,1,2,1,1,12,3,0,0,0,17,17,0,48,200,0,0,0,200,200
406449,0,30,0,0,1,1,2,0,0,0,0,16,200,0,29,0,12,0,200,200,200
406450,0,15,0,0,0,1,7,5,0,0,0,16,25,1,61,0,8,0,0,200,200
406451,0,30,12,200,0,1,10,5,0,0,12,0,200,1,41,200,3,200,200,200,200
406451,0,30,12,200,0,1,10,5,0,0,12,0,200,0,64,200,0,0,0,200,200
406454,0,30,0,0,0,1,12,2,0,0,0,0,0,0,200,200,200,200,200,200,200
406454,0,30,0,0,0,1,12,2,0,0,0,0,0,0,55,0,0,0,0,200,200
406455,0,30,0,0,0,1,7,7,0,0,0,20,200,1,60,200,6,200,200,200,200
406456,0,30,0,0,1,1,2,2,0,0,0,16,2,1,46,200,15,200,200,200,1
406460,0,30,0,0,1,1,10,2,0,0,0,18,200,2,200,200,3,200,200,200,200
406460,0,30,0,0,1,1,10,2,0,0,0,18,200,0,68,0,0,0,0,200,200
406462,0,30,1,2,0,1,10,5,0,0,0,18,11,0,65,0,3,0,0,200,200
406462,0,30,1,2,0,1,10,5,0,0,0,18,11,1,63,0,0,0,0,200,200
406462,1,30,1,2,0,1,10,5,0,0,0,18,11,0,43,0,200,200,200,200,200
406462,1,30,1,2,0,1,10,5,0,0,0,18,11,0,38,0,200,200,200,200,200
406462,1,30,1,2,0,1,10,5,0,0,0,18,11,1,46,0,200,200,200,200,200
406462,1,30,1,2,0,1,10,5,0,0,0,18,11,1,57,0,200,200,200,200,200
406463,0,10,0,0,0,2,2,0,0,0,0,20,0,2,200,200,200,200,200,200,200
406464,0,30,1,2,0,1,14,5,0,0,200,0,200,0,19,0,7,0,0,200,200
406464,0,30,1,2,0,1,14,5,0,0,200,0,200,0,48,0,0,0,0,200,200
406476,0,30,1,2,0,3,12,5,0,0,0,0,200,1,200,200,200,200,200,200,200
406476,0,30,1,2,0,3,12,5,0,0,0,0,200,0,48,0,0,0,0,200,200
406477,0,10,0,0,0,3,0,7,0,0,0,0,0,0,55,0,12,12,0,200,200
406477,0,10,0,0,0,3,0,7,0,0,0,0,0,1,50,0,0,0,0,200,200
406478,0,30,0,0,1,1,10,5,0,0,0,18,200,0,200,200,3,200,200,200,200
406478,0,30,0,0,1,1,10,5,0,0,0,18,200,0,28,200,0,0,0,200,200
406478,0,30,0,0,1,1,10,5,0,0,0,18,200,1,65,200,0,0,0,200,200
406480,0,25,0,0,0,1,7,5,0,0,0,0,200,0,45,0,6,200,0,200,200
406481,0,30,0,0,2,1,5,5,0,1,0,11,200,2,200,200,12,200,200,200,200
406487,0,10,0,0,2,1,11,7,0,1,0,20,200,0,52,200,6,0,0,200,200
406487,0,10,0,0,2,1,11,7,0,1,0,20,200,1,31,200,6,0,0,200,200
406492,4,30,1,2,0,1,8,2,0,0,0,35,200,0,200,7,5,0,0,200,200
406492,0,30,1,2,0,1,8,2,0,0,0,35,200,1,44,0,0,0,0,200,200
406493,0,30,0,0,0,1,10,2,0,0,200,18,200,0,200,200,3,200,200,200,200
406493,0,30,0,0,0,1,10,2,0,0,200,18,200,1,22,200,0,200,0,200,200
406493,1,30,0,0,0,1,10,2,0,0,200,18,200,1,200,200,200,200,200,200,200
406496,0,30,0,12,2,1,14,5,0,1,0,23,21,0,34,200,12,200,0,200,200
406496,0,30,0,12,2,1,14,5,0,1,0,23,21,0,27,200,7,0,0,200,200
406496,1,30,0,12,2,1,14,5,0,1,0,23,21,0,0,200,200,200,200,200,200
406503,0,30,0,0,0,2,7,5,0,0,200,0,0,2,200,200,200,200,200,200,200
406504,0,35,0,0,2,1,9,12,0,1,0,0,0,0,33,0,1,0,0,200,200
406504,5,35,0,0,2,1,9,12,0,1,0,0,0,1,36,7,200,0,0,200,200
406507,0,30,1,2,0,1,10,2,0,0,0,18,17,0,44,200,1,200,200,200,200
406507,0,30,1,2,0,1,10,2,0,0,0,18,17,1,44,0,0,0,0,200,200
406507,1,30,1,2,0,1,10,2,0,0,0,18,17,1,200,200,200,200,200,200,200
406507,1,30,1,2,0,1,10,2,0,0,0,18,17,1,15,0,200,200,200,200,200
406511,0,30,0,0,1,1,2,6,0,0,0,0,0,0,35,200,200,0,0,200,200
406516,0,25,0,200,200,200,7,2,0,200,0,0,0,2,200,200,200,200,200,200,200
406534,0,30,2,2,2,1,10,2,0,1,0,12,34,1,0,0,8,0,0,200,200
406534,0,30,2,2,2,1,10,2,0,1,0,12,34,0,0,0,0,0,0,200,200
406536,0,30,0,0,2,1,10,5,0,1,0,16,0,0,200,200,8,200,200,200,200
406536,0,30,0,0,2,1,10,5,0,1,0,16,0,1,26,0,0,0,0,200,200
406540,0,30,1,2,2,1,14,2,0,1,12,17,23,0,74,0,7,0,0,200,200
406540,0,30,1,2,2,1,14,2,0,1,12,17,23,1,35,0,0,0,0,200,200
406547,0,30,1,200,0,1,12,2,0,0,0,22,200,0,200,200,2,200,200,200,200
406547,0,30,1,200,0,1,12,2,0,0,0,22,200,1,33,0,0,200,200,200,200
406548,0,30,1,2,2,1,14,2,0,1,0,11,200,1,30,0,8,0,0,200,200
406548,0,30,1,2,2,1,14,2,0,1,0,11,200,0,80,0,0,0,0,200,200
406548,1,30,1,2,2,1,14,2,0,1,0,11,200,1,78,0,200,200,200,200,200
406549,0,30,0,0,0,1,14,5,0,0,0,0,0,0,68,200,2,200,200,200,200
406549,0,30,0,0,0,1,14,5,0,0,0,0,0,0,66,0,0,0,0,200,200
406551,0,30,0,0,0,3,12,6,0,0,0,200,200,0,65,0,12,0,0,200,200
406551,0,30,0,0,0,3,12,6,0,0,0,200,200,0,29,0,0,0,0,200,200
406551,1,30,0,0,0,3,12,6,0,0,0,200,200,0,200,0,200,200,200,200,200
406551,1,30,0,0,0,3,12,6,0,0,0,200,200,1,200,200,200,200,200,200,200
406551,1,30,0,0,0,3,12,6,0,0,0,200,200,1,200,200,200,200,200,200,200
406551,1,30,0,0,0,3,12,6,0,0,0,200,200,1,200,200,200,200,200,200,200
406559,0,30,0,0,2,1,7,0,0,1,0,11,0,0,44,0,12,0,0,200,200
406560,0,15,0,0,2,1,2,0,0,1,0,0,0,0,45,200,12,0,0,200,200
406560,1,15,0,0,2,1,2,0,0,1,0,0,0,0,36,200,200,200,200,200,200
406566,0,30,0,0,2,1,0,5,0,1,0,17,18,1,43,200,1,0,0,200,200
406566,0,30,0,0,2,1,0,5,0,1,0,17,18,0,70,0,0,0,0,200,200
406569,0,30,0,0,0,1,2,6,2,0,0,200,200,0,35,0,12,0,0,200,200
406583,0,30,0,0,2,1,10,5,0,1,0,18,0,1,40,200,3,200,0,200,200
406583,0,30,0,0,2,1,10,5,0,1,0,18,0,1,21,7,0,0,0,200,200
406583,1,30,0,0,2,1,10,5,0,1,0,18,0,1,52,0,200,200,200,200,200
406586,0,30,1,2,0,1,10,2,0,0,0,0,0,0,21,200,200,0,200,200,200
406586,0,30,1,2,0,1,10,2,0,0,0,0,0,0,48,0,0,0,0,200,200
406593,0,30,2,2,2,1,14,5,0,1,2,17,0,0,50,0,1,0,0,200,200
406593,0,30,2,2,2,1,14,5,0,1,2,17,0,1,50,0,0,0,0,200,200
406593,1,30,2,2,2,1,14,5,0,1,2,17,0,1,41,0,200,200,200,200,200
406594,0,30,0,0,0,1,12,6,0,0,0,0,0,0,200,200,2,200,200,200,200
406594,0,30,0,0,0,1,12,6,0,0,0,0,0,0,30,0,200,0,0,200,200
406595,0,30,1,2,2,1,0,5,0,1,0,0,0,0,57,0,1,0,0,200,200
406595,0,30,1,2,2,1,0,5,0,1,0,0,0,0,35,0,0,0,0,200,200
406595,1,30,1,2,2,1,0,5,0,1,0,0,0,0,45,0,200,200,200,200,200
406596,0,30,0,0,2,1,7,5,0,1,0,0,0,0,47,0,12,12,0,200,200
406599,0,30,1,2,0,1,14,2,0,1,0,22,200,0,25,0,2,0,0,200,200
406599,0,30,1,2,0,1,14,2,0,1,0,22,200,1,59,0,0,0,0,200,200
406599,1,30,1,2,0,1,14,2,0,1,0,22,200,200,15,0,200,200,200,200,200
406604,0,30,0,0,0,1,10,5,0,0,0,18,0,0,200,200,3,200,200,200,200
406604,0,30,0,0,0,1,10,5,0,0,0,18,0,0,41,0,0,0,0,200,200
406606,4,30,1,2,0,1,8,5,0,0,0,0,200,0,200,200,1,200,200,200,200
406606,0,30,1,2,0,1,8,5,0,0,0,0,200,0,62,0,0,0,0,200,200
406609,0,25,1,2,0,1,10,5,0,0,0,18,0,1,42,200,3,200,200,200,200
406609,0,25,1,2,0,1,10,5,0,0,0,18,0,0,30,200,0,0,0,200,200
406611,0,30,0,0,0,1,0,5,0,0,0,17,17,1,200,0,1,200,200,200,200
406611,0,30,0,0,0,1,0,5,0,0,0,17,17,0,29,0,0,0,0,200,200
406615,0,30,0,0,2,1,10,5,0,1,0,15,34,0,46,0,8,0,0,200,200
406615,0,30,0,0,2,1,10,5,0,1,0,15,34,0,45,0,0,0,0,200,200
406619,0,15,0,0,0,1,10,7,0,0,0,18,200,0,200,200,3,200,200,200,200
406619,0,15,0,0,0,1,10,7,0,0,0,18,200,1,51,0,0,0,0,200,200
406622,0,30,0,0,2,1,14,2,0,1,0,0,200,1,31,0,200,12,0,200,200
406622,0,30,0,0,2,1,14,2,0,1,0,0,200,1,65,0,0,12,0,200,200
406624,0,30,1,2,2,1,12,2,0,1,0,16,17,1,32,0,8,0,0,200,200
406624,0,30,1,2,2,1,12,2,0,1,0,16,17,1,41,0,0,0,0,200,200
406625,0,30,0,0,0,1,12,5,0,0,0,17,17,0,21,0,3,0,0,200,200
406625,0,30,0,0,0,1,12,5,0,0,0,17,17,0,0,0,0,0,0,200,200
406625,1,30,0,0,0,1,12,5,0,0,0,17,17,200,200,0,200,200,200,200,200
406626,0,25,0,0,2,1,9,5,0,1,0,0,200,2,200,200,12,200,200,200,200
406626,5,25,0,0,2,1,9,5,0,1,0,0,200,1,42,200,12,0,0,200,200
406630,0,30,1,2,2,1,14,2,0,1,0,17,18,0,26,0,6,0,0,200,200
406630,0,30,1,2,2,1,14,2,0,1,0,17,18,0,33,0,0,0,0,200,200
406635,0,30,0,0,2,1,10,3,0,1,0,18,34,0,53,0,8,0,0,200,200
406635,0,30,0,0,2,1,10,3,0,1,0,18,34,0,17,0,0,0,0,200,200
406635,1,30,0,0,2,1,10,3,0,1,0,18,34,1,17,0,200,200,200,200,200
406636,0,30,1,2,2,1,14,5,0,1,0,0,200,0,30,200,1,200,0,200,200
406636,0,30,1,2,2,1,14,5,0,1,0,0,200,1,21,200,200,200,200,200,200
406640,0,30,1,2,2,1,0,5,0,1,0,6,0,1,200,200,5,200,200,200,200
406640,0,30,1,2,2,1,0,5,0,1,0,6,0,1,78,0,0,0,0,200,200
406641,0,30,0,0,0,1,10,2,0,0,0,0,0,0,56,200,3,4,0,200,200
406641,0,30,0,0,0,1,10,2,0,0,0,0,0,0,61,0,0,0,0,200,200
406642,0,30,0,0,1,1,14,2,0,0,0,16,16,0,52,0,1,0,0,200,200
406642,0,30,0,0,1,1,14,2,0,0,0,16,16,0,54,0,0,0,0,200,200
406642,1,30,0,0,1,1,14,2,0,0,0,16,16,0,55,0,200,200,200,200,200
406642,1,30,0,0,1,1,14,2,0,0,0,16,16,1,1,200,200,200,200,200,200
406642,1,30,0,0,1,1,14,2,0,0,0,16,16,1,34,0,200,200,200,200,200
406643,0,30,0,0,12,3,10,6,0,0,0,20,200,0,19,200,6,200,0,200,200
406643,0,30,0,0,12,3,10,6,0,0,0,20,200,0,50,200,12,0,0,200,200
406649,0,30,0,0,0,1,10,5,0,0,12,0,0,1,54,0,200,0,0,200,200
406649,0,30,0,0,0,1,10,5,0,0,12,0,0,0,21,0,0,0,0,200,200
406653,0,30,200,200,2,1,0,12,0,1,0,17,200,1,200,200,1,0,0,200,200
406653,0,30,200,200,2,1,0,12,0,1,0,17,200,1,83,0,200,0,0,200,200
406654,0,35,1,12,0,1,0,3,0,0,0,17,17,0,56,200,6,200,0,200,200
406654,0,35,1,12,0,1,0,3,0,0,0,17,17,0,28,200,12,200,200,200,200
406656,0,20,1,2,0,1,0,2,0,0,0,6,200,0,200,200,5,200,200,200,200
406656,0,20,1,2,0,1,0,2,0,0,0,6,200,0,36,200,0,0,0,200,200
406657,0,30,0,0,0,1,10,5,0,0,0,18,0,1,24,0,3,1,0,200,200
406657,0,30,0,0,0,1,10,5,0,0,0,18,0,0,22,0,0,0,0,200,200
406657,1,30,0,0,0,1,10,5,0,0,0,18,0,1,200,0,200,200,200,200,200
406661,0,30,1,2,2,1,0,2,0,1,0,17,17,1,39,200,1,0,0,200,200
406661,0,30,1,2,2,1,0,2,0,1,0,17,17,0,0,0,0,0,0,200,200
406664,0,30,0,0,2,1,12,5,0,0,0,0,0,2,200,200,8,200,200,200,200
406664,0,30,0,0,2,1,12,5,0,0,0,0,0,1,38,0,0,0,0,200,200
406666,0,30,0,0,2,1,14,5,0,1,0,25,200,1,21,0,7,0,0,200,200
406666,0,30,0,0,2,1,14,5,0,1,0,25,200,1,31,0,0,0,0,200,200
406669,0,30,1,2,2,1,10,2,0,1,200,34,34,1,52,0,12,0,0,200,200