RD_NO,PERSON_TYPE,POSTED_SPEED_LIMIT,TRAFFIC_CONTROL_DEVICE,DEVICE_CONDITION,WEATHER_CONDITION,LIGHTING_CONDITION,FIRST_CRASH_TYPE,TRAFFICWAY_TYPE,ALIGNMENT,ROADWAY_SURFACE_COND,ROAD_DEFECT,PRIM_CONTRIBUTORY_CAUSE,SEC_CONTRIBUTORY_CAUSE,SEX,AGE,SAFETY_EQUIPMENT,DRIVER_ACTION,DRIVER_VISION,PHYSICAL_CONDITION,BAC_RESULT VALUE,CELL_PHONE_USE
406669,0,30,1,2,2,1,10,2,0,1,200,34,34,0,39,0,0,0,0,200,200
406669,0,30,1,2,2,1,10,2,0,1,200,34,34,0,36,0,0,0,0,200,200
406670,0,30,1,2,2,1,0,2,0,1,0,11,200,0,200,200,12,200,200,200,200
406670,0,30,1,2,2,1,0,2,0,1,0,11,200,0,47,0,0,0,0,200,200
406670,1,30,1,2,2,1,0,2,0,1,0,11,200,0,43,0,200,200,200,200,200
406675,0,25,1,2,2,1,10,2,0,1,0,18,0,1,200,200,3,200,200,200,200
406675,0,25,1,2,2,1,10,2,0,1,0,18,0,1,51,0,0,0,0,200,200
406675,1,25,1,2,2,1,10,2,0,1,0,18,0,0,35,0,200,200,200,200,200
406677,0,30,0,2,2,1,10,5,0,1,0,18,0,0,200,200,3,0,2,200,200
406677,0,30,0,2,2,1,10,5,0,1,0,18,0,0,200,200,0,0,0,200,200
406677,0,30,0,2,2,1,10,5,0,1,0,18,0,1,200,200,0,0,0,200,200
406683,0,30,1,2,2,1,12,2,0,1,0,0,0,1,104,0,2,0,0,200,200
406683,0,30,1,2,2,1,12,2,0,1,0,0,0,1,76,0,0,0,0,200,200
406684,0,25,4,0,2,1,0,0,0,1,0,15,14,0,35,200,8,200,0,200,200
406684,0,25,4,0,2,1,0,0,0,1,0,15,14,1,48,7,0,200,0,200,200
406689,0,30,2,2,2,1,0,5,0,1,0,17,33,0,28,0,1,1,0,200,200
406689,0,30,2,2,2,1,0,5,0,1,0,17,33,0,31,0,12,0,0,200,200
406689,1,30,2,2,2,1,0,5,0,1,0,17,33,1,30,0,200,200,200,200,200
406689,1,30,2,2,2,1,0,5,0,1,0,17,33,0,0,5,200,200,200,200,200
406692,0,30,2,2,0,1,0,5,0,0,0,17,0,1,21,200,1,200,0,200,200
406692,0,30,2,2,0,1,0,5,0,0,0,17,0,0,68,0,0,0,0,200,200
406699,0,30,1,2,1,1,14,5,0,1,0,23,11,1,56,0,7,1,0,200,200
406699,0,30,1,2,1,1,14,5,0,1,0,23,11,1,29,0,0,0,0,200,200
406707,0,35,0,0,0,1,7,6,0,0,0,15,16,2,200,200,4,200,200,200,200
406713,0,25,1,2,2,1,14,5,0,1,0,23,0,0,33,200,7,200,0,200,200
406713,0,25,1,2,2,1,14,5,0,1,0,23,0,1,60,200,12,200,0,200,200
406713,1,25,1,2,2,1,14,5,0,1,0,23,0,1,65,200,200,200,200,200,200
406713,1,25,1,2,2,1,14,5,0,1,0,23,0,1,43,200,200,200,200,200,200
406716,0,30,0,0,1,1,14,5,0,0,0,0,0,2,200,200,200,200,200,200,200
406716,0,30,0,0,1,1,14,5,0,0,0,0,0,1,46,0,12,4,0,200,200
406717,0,15,0,0,1,1,0,0,0,1,0,17,200,0,200,200,1,200,200,200,200
406717,0,15,0,0,1,1,0,0,0,1,0,17,200,1,19,0,0,200,200,200,200
406717,1,15,0,0,1,1,0,0,0,1,0,17,200,1,200,0,200,200,200,200,200
406718,0,30,0,0,0,1,12,2,0,0,0,17,200,0,55,200,1,0,0,200,200
406718,0,30,0,0,0,1,12,2,0,0,0,17,200,1,31,200,0,0,0,200,200
406718,1,30,0,0,0,1,12,2,0,0,0,17,200,200,58,200,200,200,200,200,200
406721,0,30,0,0,1,1,14,5,0,0,0,14,17,0,200,200,1,200,200,200,200
406721,0,30,0,0,1,1,14,5,0,0,0,14,17,0,46,0,0,0,0,200,200
406723,0,35,1,2,0,1,10,2,0,0,0,18,11,0,20,0,3,0,0,200,200
406723,0,35,1,2,0,1,10,2,0,0,0,18,11,1,35,0,0,0,0,200,200
406727,0,30,1,2,2,1,10,5,0,1,0,34,18,1,25,0,8,0,0,200,200
406727,0,30,1,2,2,1,10,5,0,1,0,34,18,0,36,0,0,0,0,200,200
406727,0,30,1,2,2,1,10,5,0,1,0,34,18,0,53,0,0,0,0,200,200
406734,0,30,0,0,2,1,10,5,0,1,0,18,200,1,27,0,8,0,0,200,200
406734,0,30,0,0,2,1,10,5,0,1,0,18,200,1,34,0,0,0,0,200,200
406738,0,35,0,0,2,1,12,5,0,1,0,21,200,1,33,0,4,0,0,200,200
406738,0,35,0,0,2,1,12,5,0,1,0,21,200,0,25,0,0,0,0,200,200
406740,0,30,0,0,0,1,10,5,0,0,200,18,200,1,32,0,3,0,0,200,200
406740,0,30,0,0,0,1,10,5,0,0,200,18,200,0,36,0,0,0,0,200,200
406740,1,30,0,0,0,1,10,5,0,0,200,18,200,1,30,0,200,200,200,200,200
406740,1,30,0,0,0,1,10,5,0,0,200,18,200,1,14,0,200,200,200,200,200
406740,1,30,0,0,0,1,10,5,0,0,200,18,200,0,12,0,200,200,200,200,200
406740,1,30,0,0,0,1,10,5,0,0,200,18,200,0,200,0,200,200,200,200,200
406740,1,30,0,0,0,1,10,5,0,0,200,18,200,0,200,5,200,200,200,200,200
406741,0,30,0,0,0,200,7,5,0,0,0,0,0,2,200,200,200,200,200,200,200
406743,0,35,0,0,2,1,12,5,2,1,0,21,16,0,200,200,1,200,200,200,200
406743,0,35,0,0,2,1,12,5,2,1,0,21,16,0,39,0,0,0,0,200,200
406744,0,30,1,2,2,1,14,5,0,1,200,17,200,0,61,200,1,200,0,200,200
406744,0,30,1,2,2,1,14,5,0,1,200,17,200,0,63,0,0,0,0,200,200
406750,0,30,0,0,2,1,7,7,0,1,0,20,20,1,63,200,6,0,0,200,200
406755,0,30,0,0,1,1,2,7,0,0,0,16,200,0,24,0,8,0,0,200,200
406760,0,25,1,2,2,1,10,5,0,1,0,18,0,0,50,200,1,200,200,200,200
406760,0,25,1,2,2,1,10,5,0,1,0,18,0,1,28,200,0,0,0,200,200
406761,0,30,2,2,0,1,0,5,0,0,0,0,200,1,0,200,200,200,0,200,200
406761,0,30,2,2,0,1,0,5,0,0,0,0,200,0,24,200,0,0,0,200,200
406761,1,30,2,2,0,1,0,5,0,0,0,0,200,1,34,200,200,200,200,200,200
406761,1,30,2,2,0,1,0,5,0,0,0,0,200,1,9,200,200,200,200,200,200
406762,0,5,0,0,0,1,7,7,0,0,0,0,0,2,200,200,200,200,200,200,200
406766,0,30,0,0,0,1,11,5,0,0,0,0,200,2,200,200,200,200,200,200,200
406766,0,30,0,0,0,1,11,5,0,0,0,0,200,0,63,0,0,200,200,200,200
406781,0,30,2,2,0,1,14,2,0,0,0,17,200,0,33,0,1,1,0,200,200
406781,0,30,2,2,0,1,14,2,0,0,0,17,200,0,20,0,0,1,0,200,200
406781,1,30,2,2,0,1,14,2,0,0,0,17,200,0,53,0,200,200,200,200,200
406781,1,30,2,2,0,1,14,2,0,0,0,17,200,1,20,0,200,200,200,200,200
406781,1,30,2,2,0,1,14,2,0,0,0,17,200,1,1,5,200,200,200,200,200
406782,0,25,0,0,0,3,7,5,0,0,0,0,200,0,26,0,12,0,0,200,200
406783,0,30,2,0,1,1,0,5,0,1,0,5,200,1,22,0,5,0,0,200,200
406783,0,30,2,0,1,1,0,5,0,1,0,5,200,1,79,0,0,0,0,200,200
406790,0,25,0,0,0,1,7,6,0,0,0,200,200,0,67,200,10,200,200,200,200
406791,0,30,200,200,200,200,10,200,0,200,200,0,200,0,22,200,200,200,200,200,200
406791,0,30,200,200,200,200,10,200,0,200,200,0,200,0,32,200,200,200,200,200,200
406800,0,30,0,0,0,1,10,5,0,0,200,0,200,0,200,200,200,200,200,200,200
406800,0,30,0,0,0,1,10,5,0,0,200,0,200,1,32,0,0,0,0,200,200
406805,0,30,1,2,0,1,10,5,0,0,0,18,0,1,23,200,3,0,0,200,200
406805,0,30,1,2,0,1,10,5,0,0,0,18,0,0,25,0,0,0,0,200,200
406811,0,30,1,2,0,1,14,5,0,0,0,17,200,0,26,0,1,0,0,200,200
406811,0,30,1,2,0,1,14,5,0,0,0,17,200,1,28,0,0,0,0,200,200
406811,1,30,1,2,0,1,14,5,0,0,0,17,200,1,28,0,200,200,200,200,200
406811,1,30,1,2,0,1,14,5,0,0,0,17,200,1,200,0,200,200,200,200,200
406812,0,30,0,0,0,1,7,5,0,0,0,8,0,0,38,200,12,12,0,200,200
406812,1,30,0,0,0,1,7,5,0,0,0,8,0,0,200,200,200,200,200,200,200
406814,0,30,1,2,0,1,10,5,0,0,0,0,0,0,200,0,3,0,0,200,200
406814,0,30,1,2,0,1,10,5,0,0,0,0,0,1,200,0,0,0,0,200,200
406814,1,30,1,2,0,1,10,5,0,0,0,0,0,0,1,5,200,200,200,200,200
406815,0,35,0,0,0,1,10,5,0,0,0,18,18,0,200,200,3,200,200,200,200
406815,0,35,0,0,0,1,10,5,0,0,0,18,18,0,20,0,0,0,0,200,200
406815,0,35,0,0,0,1,10,5,0,0,0,18,18,0,46,0,0,0,0,200,200
406819,0,30,1,2,1,1,14,5,0,0,0,22,16,1,46,0,12,0,0,200,200
406819,0,30,1,2,1,1,14,5,0,0,0,22,16,0,50,0,0,0,0,200,200
406819,1,30,1,2,1,1,14,5,0,0,0,22,16,1,19,0,200,200,200,200,200
406819,1,30,1,2,1,1,14,5,0,0,0,22,16,0,20,0,200,200,200,200,200
406820,0,30,0,0,0,1,12,3,2,0,0,25,16,0,200,200,200,200,200,200,200
406820,0,30,0,0,0,1,12,3,2,0,0,25,16,1,48,0,0,200,0,200,200
406821,0,30,0,0,0,1,10,5,0,200,200,20,27,0,200,200,6,200,200,200,200
406821,0,30,0,0,0,1,10,5,0,200,200,20,27,1,27,0,0,0,0,200,200
406836,0,30,0,0,2,4,7,6,0,0,0,22,20,0,200,0,6,0,0,200,200
406837,0,30,0,0,0,1,7,5,0,0,0,0,0,0,200,0,2,0,0,200,200
406841,0,5,0,0,0,1,5,4,0,0,0,200,200,1,44,0,12,0,0,200,200
406848,0,25,4,0,0,1,10,2,0,0,0,17,17,0,200,0,1,0,0,200,200
406848,0,25,4,0,0,1,10,2,0,0,0,17,17,1,58,0,1,0,0,200,200
406849,0,35,0,0,0,1,0,5,0,0,0,0,0,0,23,0,0,0,0,200,200
406849,0,35,0,0,0,1,0,5,0,0,0,0,0,0,29,0,0,0,0,200,200
406850,0,35,1,2,0,4,12,2,0,0,0,22,0,1,200,0,2,0,0,200,200
406850,0,35,1,2,0,4,12,2,0,0,0,22,0,1,45,0,0,0,0,200,200
406853,0,40,3,5,0,1,12,3,5,0,1,0,0,2,200,200,200,200,200,200,200
406853,0,40,3,5,0,1,12,3,5,0,1,0,0,1,19,0,0,0,0,200,200
406859,0,30,1,2,0,1,10,3,0,0,0,18,7,0,26,0,3,0,0,200,200
406859,0,30,1,2,0,1,10,3,0,0,0,18,7,0,25,0,0,0,0,200,200
406860,0,30,1,2,0,1,7,3,0,0,0,0,200,0,31,0,200,0,0,200,200
406860,1,30,1,2,0,1,7,3,0,0,0,0,200,200,200,0,200,200,200,200,200
406872,0,30,0,0,0,200,7,5,0,200,0,11,200,2,200,200,200,200,200,200,200
406876,0,30,200,200,200,200,12,200,0,200,200,0,200,0,65,0,200,200,200,200,200
406876,0,30,200,200,200,200,12,200,0,200,200,0,200,1,78,0,200,200,200,200,200
406879,0,25,0,0,0,2,12,6,0,1,0,17,11,0,200,0,1,200,0,200,200
406879,0,25,0,0,0,2,12,6,0,1,0,17,11,0,22,0,0,0,0,200,200
406886,0,35,0,0,0,1,7,5,0,0,0,21,200,0,26,0,12,0,0,200,200
406887,0,5,0,0,0,1,3,7,0,0,0,17,20,0,50,0,1,0,0,200,200
406887,0,5,0,0,0,1,3,7,0,0,0,17,20,1,55,0,6,0,0,200,200
406887,1,5,0,0,0,1,3,7,0,0,0,17,20,1,37,0,200,200,200,200,200
406887,1,5,0,0,0,1,3,7,0,0,0,17,20,1,60,0,200,200,200,200,200
406888,0,0,0,0,0,200,7,2,0,0,0,0,200,2,200,200,200,200,200,200,200
406889,0,30,0,0,0,1,9,2,0,0,0,0,200,1,200,200,12,200,200,200,200
406889,5,30,0,0,0,1,9,2,0,0,0,0,200,1,54,7,0,12,0,200,200
406892,0,35,2,2,0,1,14,1,0,0,0,0,200,0,27,0,1,200,0,200,200
406892,0,35,2,2,0,1,14,1,0,0,0,0,200,1,56,0,0,200,0,200,200
406893,0,30,0,0,0,1,14,5,0,0,0,200,200,0,200,7,0,0,0,200,200
406893,0,30,0,0,0,1,14,5,0,0,0,200,200,1,47,0,0,0,0,200,200
406893,1,30,0,0,0,1,14,5,0,0,0,200,200,0,200,200,200,200,200,200,200
406896,0,30,0,0,0,1,12,5,0,0,0,0,0,0,23,7,200,0,0,200,200
406896,0,30,0,0,0,1,12,5,0,0,0,0,0,1,35,0,200,0,0,200,200
406902,0,30,0,0,0,1,12,5,0,0,0,17,200,0,200,200,1,200,200,200,200
406902,0,30,0,0,0,1,12,5,0,0,0,17,200,0,50,0,0,0,0,200,200
406902,1,30,0,0,0,1,12,5,0,0,0,17,200,200,200,200,200,200,200,200,200
406902,1,30,0,0,0,1,12,5,0,0,0,17,200,200,200,200,200,200,200,200,200
406902,1,30,0,0,0,1,12,5,0,0,0,17,200,200,200,200,200,200,200,200,200
406908,0,15,0,0,0,1,2,7,0,1,0,20,200,1,52,0,6,0,0,200,200
406915,0,30,0,0,0,1,7,5,0,200,200,200,200,2,200,200,200,200,200,200,200
406917,0,30,0,0,1,1,10,5,0,0,0,0,0,2,200,200,200,200,200,200,200
406917,0,30,0,0,1,1,10,5,0,0,0,0,0,1,23,0,0,0,0,200,200
406917,0,30,0,0,1,1,10,5,0,0,0,0,0,0,39,0,0,0,0,200,200
406917,1,30,0,0,1,1,10,5,0,0,0,0,0,1,17,0,200,200,200,200,200
406917,1,30,0,0,1,1,10,5,0,0,0,0,0,1,37,0,200,200,200,200,200
406917,1,30,0,0,1,1,10,5,0,0,0,0,0,0,14,0,200,200,200,200,200
406917,1,30,0,0,1,1,10,5,0,0,0,0,0,0,12,5,200,200,200,200,200
406917,1,30,0,0,1,1,10,5,0,0,0,0,0,0,11,5,200,200,200,200,200
406918,0,25,1,2,1,1,14,6,0,0,0,23,21,0,28,0,7,0,0,200,200
406918,0,25,1,2,1,1,14,6,0,0,0,23,21,0,27,0,12,0,0,200,200
406918,1,25,1,2,1,1,14,6,0,0,0,23,21,1,31,0,200,200,200,200,200
406919,0,35,1,2,0,1,10,5,0,0,0,18,0,0,35,200,3,200,200,200,200
406919,0,35,1,2,0,1,10,5,0,0,0,18,0,1,61,0,0,0,0,200,200
406921,0,35,0,0,0,1,10,5,0,0,0,0,0,0,34,200,0,0,0,200,200
406921,0,35,0,0,0,1,10,5,0,0,0,0,0,0,20,0,0,0,0,200,200
406921,1,35,0,0,0,1,10,5,0,0,0,0,0,0,21,0,200,200,200,200,200
406925,0,20,0,200,200,200,7,6,0,200,200,0,200,1,50,200,200,200,200,200,200
406930,0,30,1,2,0,1,0,5,0,0,0,17,0,0,55,200,5,0,0,200,200
406930,0,30,1,2,0,1,0,5,0,0,0,17,0,0,45,0,12,0,0,200,200
406930,1,30,1,2,0,1,0,5,0,0,0,17,0,0,81,0,200,200,200,200,200
406937,0,30,0,0,2,1,10,3,0,1,0,18,16,0,21,0,3,200,0,200,200
406937,0,30,0,0,2,1,10,3,0,1,0,18,16,1,35,0,0,0,0,200,200
406937,1,30,0,0,2,1,10,3,0,1,0,18,16,1,26,0,200,200,200,200,200
406937,1,30,0,0,2,1,10,3,0,1,0,18,16,0,48,0,200,200,200,200,200
406946,0,30,0,0,1,1,12,5,0,0,0,17,21,0,43,0,4,0,0,200,200
406946,0,30,0,0,1,1,12,5,0,0,0,17,21,1,200,0,12,0,0,200,200
406946,1,30,0,0,1,1,12,5,0,0,0,17,21,0,20,0,200,200,200,200,200
406955,0,30,1,2,0,1,14,5,0,0,0,0,200,0,47,0,200,0,0,200,200
406955,0,30,1,2,0,1,14,5,0,0,0,0,200,1,31,0,0,0,0,200,200
406956,0,30,0,0,1,1,12,5,0,0,0,17,200,0,23,0,1,0,0,200,200
406956,0,30,0,0,1,1,12,5,0,0,0,17,200,0,61,0,0,0,0,200,200
406962,0,30,0,2,1,1,12,5,0,0,0,22,16,1,40,0,2,0,0,200,200
406962,0,30,0,2,1,1,12,5,0,0,0,22,16,1,37,0,0,0,0,200,200
406963,0,30,0,0,0,1,10,5,0,0,12,200,200,0,17,200,200,200,0,200,200
406963,0,30,0,0,0,1,10,5,0,0,12,200,200,0,200,200,200,200,200,200,200
406970,0,30,1,2,0,1,12,6,0,0,0,6,11,2,200,200,5,200,200,200,200
406970,0,30,1,2,0,1,12,6,0,0,0,6,11,1,39,0,0,0,0,200,200
406970,0,30,1,2,0,1,12,6,0,0,0,6,11,0,58,0,0,0,0,200,200
406970,0,30,1,2,0,1,12,6,0,0,0,6,11,0,27,0,0,0,0,200,200
406970,1,30,1,2,0,1,12,6,0,0,0,6,11,0,14,200,200,200,200,200,200
406970,1,30,1,2,0,1,12,6,0,0,0,6,11,0,13,200,200,200,200,200,200
406970,1,30,1,2,0,1,12,6,0,0,0,6,11,2,200,200,200,200,200,200,200
406971,0,30,1,2,0,1,10,5,0,0,0,18,0,0,19,0,3,0,0,200,200
406971,0,30,1,2,0,1,10,5,0,0,0,18,0,0,55,0,12,0,0,200,200
406973,0,30,0,0,0,1,7,5,0,0,0,0,0,0,200,200,10,200,200,200,200
406973,1,30,0,0,0,1,7,5,0,0,0,0,0,1,200,200,200,200,200,200,200
406973,1,30,0,0,0,1,7,5,0,0,0,0,0,0,200,0,200,200,200,200,200
406974,0,35,0,0,0,1,10,5,0,0,0,0,200,0,200,200,200,200,200,200,200
406974,0,35,0,0,0,1,10,5,0,0,0,0,200,1,200,0,200,200,0,200,200
406976,0,40,0,0,1,1,10,3,0,1,0,18,200,1,200,200,3,200,200,200,200
406976,0,40,0,0,1,1,10,3,0,1,0,18,200,1,31,0,0,0,0,200,200
406976,1,40,0,0,1,1,10,3,0,1,0,18,200,0,32,0,200,200,200,200,200
406976,1,40,0,0,1,1,10,3,0,1,0,18,200,1,0,5,200,200,200,200,200
406982,0,30,0,0,0,1,14,5,0,0,0,200,200,1,30,0,0,0,0,200,200
406982,0,30,0,0,0,1,14,5,0,0,0,200,200,0,50,0,0,0,0,200,200
406982,1,30,0,0,0,1,14,5,0,0,0,200,200,1,200,0,200,200,200,200,200
406985,0,30,2,200,1,1,14,12,0,0,0,17,200,0,31,200,0,200,0,200,200
406985,0,30,2,200,1,1,14,12,0,0,0,17,200,1,21,200,12,200,0,200,200
406990,0,35,0,0,0,0,7,6,0,0,0,18,200,2,200,200,3,200,200,200,200
406991,0,30,0,0,1,1,12,5,0,0,0,17,200,0,68,200,200,200,200,200,200
406991,0,30,0,0,1,1,12,5,0,0,0,17,200,1,45,200,200,200,0,200,200
407002,0,30,1,2,1,1,7,5,0,0,200,200,200,1,32,0,12,0,0,200,200
407002,1,30,1,2,1,1,7,5,0,0,200,200,200,0,6,0,200,200,200,200,200
407002,1,30,1,2,1,1,7,5,0,0,200,200,200,1,37,0,200,200,200,200,200
407004,0,40,0,0,0,1,10,5,0,0,0,11,16,0,25,0,3,0,0,200,200
407004,0,40,0,0,0,1,10,5,0,0,0,11,16,0,74,0,0,0,0,200,200
407004,0,40,0,0,0,1,10,5,0,0,0,11,16,0,38,0,0,0,0,200,200
407004,1,40,0,0,0,1,10,5,0,0,0,11,16,1,28,0,200,200,200,200,200
407004,1,40,0,0,0,1,10,5,0,0,0,11,16,0,0,5,200,200,200,200,200
407008,0,30,1,2,0,1,14,5,0,0,0,16,0,0,47,0,2,0,0,200,200
407008,0,30,1,2,0,1,14,5,0,0,0,16,0,1,26,7,0,0,0,200,200
407008,0,30,1,2,0,1,14,5,0,0,0,16,0,0,49,0,0,0,0,200,200
407008,1,30,1,2,0,1,14,5,0,0,0,16,0,1,35,0,200,200,200,200,200
407012,0,30,0,0,0,1,12,2,0,0,0,0,0,1,29,0,1,0,0,200,200
407012,0,30,0,0,0,1,12,2,0,0,0,0,0,0,62,7,0,0,0,200,200
407016,0,35,1,2,0,1,10,2,0,0,0,18,200,0,200,200,3,200,200,200,200
407016,0,35,1,2,0,1,10,2,0,0,0,18,200,1,38,0,0,0,0,200,200
407019,0,30,0,0,0,1,10,5,0,0,0,18,16,0,26,200,3,200,0,200,200
407019,0,30,0,0,0,1,10,5,0,0,0,18,16,0,200,200,0,200,200,200,200
407019,0,30,0,0,0,1,10,5,0,0,0,18,16,0,46,0,0,0,0,200,200
407021,0,30,0,0,0,1,12,5,0,0,0,21,17,0,49,0,7,0,0,200,200
407021,0,30,0,0,0,1,12,5,0,0,0,21,17,0,45,0,0,0,0,200,200
407024,0,30,0,0,0,1,10,5,0,0,0,200,200,0,0,0,0,0,0,200,200
407024,0,30,0,0,0,1,10,5,0,0,0,200,200,1,51,0,0,0,0,200,200
407026,0,30,0,0,200,200,7,7,0,200,0,0,200,2,200,200,200,200,200,200,200
407029,0,10,0,0,1,1,7,5,2,0,0,0,0,2,200,200,200,200,200,200,200
407030,0,30,0,0,0,1,7,6,0,0,0,21,200,0,200,0,12,0,0,200,200
407033,0,15,200,200,2,1,7,12,2,200,200,0,200,0,200,200,200,200,200,200,200
407039,0,30,1,2,0,1,12,5,0,0,0,17,0,1,60,0,1,0,0,200,200
407039,0,30,1,2,0,1,12,5,0,0,0,17,0,1,24,0,15,0,0,200,200
407040,0,30,1,2,0,1,0,2,2,0,0,17,200,1,200,200,1,200,0,200,200
407040,0,30,1,2,0,1,0,2,2,0,0,17,200,0,200,200,0,200,0,200,200
407043,0,45,0,0,1,1,12,2,0,0,0,22,200,0,62,200,4,0,0,200,200
407043,0,45,0,0,1,1,12,2,0,0,0,22,200,0,67,0,0,0,0,200,200
407048,0,30,0,0,0,1,10,5,0,0,0,0,0,1,200,0,3,0,0,200,200
407048,0,30,0,0,0,1,10,5,0,0,0,0,0,0,200,0,0,0,0,200,200
407048,1,30,0,0,0,1,10,5,0,0,0,0,0,1,200,0,200,200,200,200,200
407048,1,30,0,0,0,1,10,5,0,0,0,0,0,0,200,0,200,200,200,200,200
407048,1,30,0,0,0,1,10,5,0,0,0,0,0,1,200,0,200,200,200,200,200
407050,0,30,0,0,0,1,7,5,0,0,0,7,200,1,22,0,200,200,0,200,200
407051,0,0,0,0,0,1,12,5,0,0,0,0,0,1,200,200,200,200,0,200,200
407051,0,0,0,0,0,1,12,5,0,0,0,0,0,1,73,200,0,0,0,200,200
407054,0,30,0,0,0,1,12,5,0,0,0,200,200,1,200,0,0,0,0,200,200
407054,0,30,0,0,0,1,12,5,0,0,0,200,200,0,32,0,0,0,0,200,200
407056,0,30,1,2,0,1,12,5,0,0,0,18,200,0,19,0,3,0,0,200,200
407056,0,30,1,2,0,1,12,5,0,0,0,18,200,0,57,0,0,0,0,200,200
407056,1,30,1,2,0,1,12,5,0,0,0,18,200,1,19,0,200,200,200,200,200
407065,0,30,0,0,0,1,10,5,0,0,0,18,0,2,200,200,3,200,200,200,200
407065,0,30,0,0,0,1,10,5,0,0,0,18,0,0,32,0,12,0,0,200,200
407067,0,30,0,0,1,1,10,5,0,0,200,0,200,2,200,200,200,200,200,200,200
407067,0,30,0,0,1,1,10,5,0,0,200,0,200,0,25,200,200,200,0,200,200
407070,0,30,1,2,0,1,10,5,0,0,0,18,200,0,21,200,3,200,200,200,200
407070,0,30,1,2,0,1,10,5,0,0,0,18,200,0,53,0,0,0,0,200,200
407071,0,30,0,0,0,1,10,5,0,0,0,18,200,0,36,0,0,0,0,200,200
407071,0,30,0,0,0,1,10,5,0,0,0,18,200,0,63,200,0,200,200,200,200
407072,0,30,1,2,0,1,14,5,0,0,0,0,0,1,70,0,3,0,0,200,200
407072,0,30,1,2,0,1,14,5,0,0,0,0,0,2,200,200,0,200,200,200,200
407073,0,40,0,0,200,1,10,3,0,200,200,0,0,0,41,200,200,200,200,200,200
407073,0,40,0,0,200,1,10,3,0,200,200,0,0,1,72,200,200,200,200,200,200
407077,0,30,0,0,0,1,10,8,2,0,0,0,0,0,71,200,200,200,0,200,200
407077,0,30,0,0,0,1,10,8,2,0,0,0,0,1,55,0,0,0,0,200,200
407077,1,30,0,0,0,1,10,8,2,0,0,0,0,0,24,0,200,200,200,200,200
407077,1,30,0,0,0,1,10,8,2,0,0,0,0,1,20,0,200,200,200,200,200
407079,0,30,0,0,0,1,0,7,0,0,0,20,200,1,44,0,6,0,0,200,200
407079,0,30,0,0,0,1,0,7,0,0,0,20,200,1,36,0,0,0,0,200,200
407079,1,30,0,0,0,1,0,7,0,0,0,20,200,1,18,0,200,200,200,200,200
407079,1,30,0,0,0,1,0,7,0,0,0,20,200,200,200,0,200,200,200,200,200
407079,1,30,0,0,0,1,0,7,0,0,0,20,200,1,34,0,200,200,200,200,200
407079,1,30,0,0,0,1,0,7,0,0,0,20,200,1,200,200,200,200,200,200,200
407080,0,30,2,2,0,1,14,5,0,0,0,17,23,0,200,200,1,200,200,200,200
407080,0,30,2,2,0,1,14,5,0,0,0,17,23,1,27,0,12,0,0,200,200
407084,0,30,0,0,0,1,12,5,0,0,0,11,0,0,27,0,4,0,0,200,200
407084,0,30,0,0,0,1,12,5,0,0,0,11,0,0,19,0,0,0,0,200,200
407084,1,30,0,0,0,1,12,5,0,0,0,11,0,0,60,0,200,200,200,200,200
407089,0,30,1,2,1,4,14,2,4,0,0,31,16,1,45,0,1,0,0,200,200
407089,0,30,1,2,1,4,14,2,4,0,0,31,16,0,22,0,200,0,0,200,200
407089,1,30,1,2,1,4,14,2,4,0,0,31,16,0,21,0,200,200,200,200,200
407090,0,30,2,2,0,1,0,2,0,0,0,17,200,0,200,200,1,200,200,200,200
407090,0,30,2,2,0,1,0,2,0,0,0,17,200,1,35,200,0,0,0,200,200
407094,0,20,0,0,0,1,11,2,0,0,0,0,0,0,41,0,200,200,0,200,200
407094,0,20,0,0,0,1,11,2,0,0,0,0,0,1,49,0,200,200,0,200,200
407097,0,30,2,2,0,1,10,5,0,0,0,18,16,0,200,200,3,0,0,200,200
407097,0,30,2,2,0,1,10,5,0,0,0,18,16,0,200,0,0,0,0,200,200
407099,0,30,0,0,0,1,0,7,0,0,0,17,200,1,45,0,200,0,0,200,200
407099,0,30,0,0,0,1,0,7,0,0,0,17,200,1,200,200,200,200,200,200,200
407102,0,30,1,2,0,1,10,5,0,1,0,0,0,0,36,0,200,200,0,200,200
407102,0,30,1,2,0,1,10,5,0,1,0,0,0,0,27,0,0,0,0,200,200
407110,0,20,2,2,1,1,0,5,0,1,0,5,0,1,25,200,5,12,0,200,200
407110,0,20,2,2,1,1,0,5,0,1,0,5,0,0,22,200,0,200,0,200,200
407111,0,30,0,0,0,1,12,2,0,0,0,21,21,1,24,0,4,0,0,200,200
407111,0,30,0,0,0,1,12,2,0,0,0,21,21,1,38,0,0,0,0,200,200
407111,1,30,0,0,0,1,12,2,0,0,0,21,21,1,35,0,200,200,200,200,200
407116,0,30,0,0,0,1,10,5,0,0,0,200,200,0,21,0,0,0,0,200,200
407116,0,30,0,0,0,1,10,5,0,0,0,200,200,1,0,0,0,0,0,200,200
407120,0,25,0,0,0,1,7,6,0,0,0,11,0,1,20,0,7,0,0,200,200
407120,1,25,0,0,0,1,7,6,0,0,0,11,0,0,0,5,200,200,200,200,200
407123,0,30,1,2,0,1,14,5,0,0,0,17,33,1,49,200,1,12,0,200,200
407123,0,30,1,2,0,1,14,5,0,0,0,17,33,0,53,200,0,12,0,200,200
407124,0,30,2,2,0,1,0,5,0,0,0,17,200,1,27,0,5,1,0,200,200
407124,0,30,2,2,0,1,0,5,0,0,0,17,200,0,29,0,0,0,0,200,200