RD_NO,PERSON_TYPE,POSTED_SPEED_LIMIT,TRAFFIC_CONTROL_DEVICE,DEVICE_CONDITION,WEATHER_CONDITION,LIGHTING_CONDITION,FIRST_CRASH_TYPE,TRAFFICWAY_TYPE,ALIGNMENT,ROADWAY_SURFACE_COND,ROAD_DEFECT,PRIM_CONTRIBUTORY_CAUSE,SEC_CONTRIBUTORY_CAUSE,SEX,AGE,SAFETY_EQUIPMENT,DRIVER_ACTION,DRIVER_VISION,PHYSICAL_CONDITION,BAC_RESULT VALUE,CELL_PHONE_USE
407738,0,10,0,0,1,1,7,7,0,1,0,20,11,1,64,200,6,200,200,200,200
407751,0,30,1,2,1,1,0,5,0,0,0,6,6,1,200,200,5,200,200,200,200
407751,0,30,1,2,1,1,0,5,0,0,0,6,6,0,34,0,0,0,0,200,200
407752,0,35,0,0,200,200,7,5,0,200,200,0,0,2,200,200,200,200,200,200,200
407753,0,30,2,0,1,1,2,5,0,1,0,34,200,0,28,200,8,0,200,200,200
407754,0,39,1,2,0,3,14,5,0,0,0,23,200,1,32,0,7,0,0,200,200
407754,0,39,1,2,0,3,14,5,0,0,0,23,200,0,40,0,0,0,0,200,200
407759,0,40,0,0,1,1,12,3,0,1,0,17,11,0,200,200,4,200,200,200,200
407759,0,40,0,0,1,1,12,3,0,1,0,17,11,1,41,200,0,0,0,200,200
407761,0,20,0,0,0,1,7,6,0,1,0,11,200,1,22,0,12,0,0,200,200
407770,0,30,0,0,0,1,10,5,0,0,0,20,200,0,55,200,6,200,200,200,200
407770,0,30,0,0,0,1,10,5,0,0,0,20,200,0,31,0,0,0,200,200,200
407771,0,30,0,0,0,1,7,5,0,1,0,14,16,0,200,200,8,200,200,200,200
407785,0,30,0,0,1,1,12,5,0,0,0,0,0,0,66,0,200,0,0,200,200
407785,0,30,0,0,1,1,12,5,0,0,0,0,0,0,54,0,200,0,0,200,200
407790,0,35,0,0,0,1,12,2,0,0,0,21,21,0,27,0,4,0,0,200,200
407790,0,35,0,0,0,1,12,2,0,0,0,21,21,0,27,0,4,0,0,200,200
407794,0,30,0,0,0,200,7,5,0,1,0,0,0,2,200,200,200,200,200,200,200
407803,0,30,0,0,0,3,7,5,0,0,0,0,0,2,200,200,200,200,200,200,200
407804,0,0,200,200,1,1,2,0,0,0,200,0,0,0,200,0,200,0,0,200,200
407804,1,0,200,200,1,1,2,0,0,0,200,0,0,0,200,0,200,200,200,200,200
407807,0,35,1,2,1,1,14,2,0,1,0,23,200,0,25,0,7,1,0,200,200
407807,0,35,1,2,1,1,14,2,0,1,0,23,200,0,29,0,0,0,0,200,200
407819,0,30,0,0,200,200,7,5,0,200,0,0,0,2,200,200,200,200,200,200,200
407826,0,30,0,0,200,200,7,6,0,200,0,0,0,2,200,200,200,200,200,200,200
407831,0,25,0,0,200,200,7,5,0,200,0,25,200,2,200,200,200,200,200,200,200
407846,0,30,1,2,0,1,10,5,0,0,0,0,0,0,200,200,200,200,200,200,200
407846,0,30,1,2,0,1,10,5,0,0,0,0,0,1,69,0,0,0,0,200,200
407849,4,20,0,0,0,1,8,6,0,0,1,0,0,0,54,7,200,0,0,200,200
407849,0,20,0,0,0,1,8,6,0,0,1,0,0,1,38,0,0,0,0,200,200
407849,1,20,0,0,0,1,8,6,0,0,1,0,0,0,37,0,200,200,200,200,200
407853,0,30,12,2,1,1,12,5,0,0,200,22,28,0,200,200,4,200,200,200,200
407853,0,30,12,2,1,1,12,5,0,0,200,22,28,0,55,0,0,0,0,200,200
407859,0,20,2,2,0,1,9,8,2,0,0,5,17,0,63,0,5,0,0,200,200
407859,5,20,2,2,0,1,9,8,2,0,0,5,17,1,40,7,0,0,7,200,200
407861,0,30,0,0,2,3,7,2,0,1,0,0,0,2,200,200,200,200,200,200,200
407868,0,30,0,0,0,1,0,4,0,0,0,0,20,1,48,0,200,200,0,200,200
407868,0,30,0,0,0,1,0,4,0,0,0,0,20,1,70,0,200,200,0,200,200
407869,0,15,0,0,1,1,0,0,0,0,0,17,0,0,200,200,0,200,200,200,200
407869,0,15,0,0,1,1,0,0,0,0,0,17,0,0,67,0,1,0,0,200,200
407872,0,30,0,0,1,1,10,3,0,0,0,0,0,0,45,0,200,0,0,200,200
407872,0,30,0,0,1,1,10,3,0,0,0,0,0,1,28,0,0,0,0,200,200
407873,0,30,0,0,0,3,7,5,0,0,0,0,0,2,200,200,200,200,200,200,200
407874,0,30,2,2,0,1,0,5,0,0,0,17,200,1,45,0,1,0,0,200,200
407874,0,30,2,2,0,1,0,5,0,0,0,17,200,1,47,0,0,0,0,200,200
407874,1,30,2,2,0,1,0,5,0,0,0,17,200,0,46,0,200,200,200,200,200
407874,1,30,2,2,0,1,0,5,0,0,0,17,200,0,12,0,200,200,200,200,200
407874,1,30,2,2,0,1,0,5,0,0,0,17,200,0,15,0,200,200,200,200,200
407885,0,35,1,2,1,4,10,5,0,200,200,20,200,1,200,200,6,200,200,200,200
407885,0,35,1,2,1,4,10,5,0,200,200,20,200,1,48,200,0,0,0,200,200
407902,0,30,0,2,0,1,10,5,0,0,0,11,11,0,25,0,3,0,0,200,200
407902,0,30,0,2,0,1,10,5,0,0,0,11,11,1,31,0,0,0,0,200,200
407902,0,30,0,2,0,1,10,5,0,0,0,11,11,0,45,0,0,0,0,200,200
407902,1,30,0,2,0,1,10,5,0,0,0,11,11,0,45,0,200,200,200,200,200
407908,0,30,1,200,0,1,10,5,0,0,0,11,200,1,200,200,1,200,200,200,200
407908,0,30,1,200,0,1,10,5,0,0,0,11,200,1,62,0,0,0,0,200,200
407914,0,40,0,0,200,1,12,8,0,200,200,0,200,1,200,200,200,200,200,200,200
407914,0,40,0,0,200,1,12,8,0,200,200,0,200,1,56,200,200,200,0,200,200
407915,0,20,1,2,1,1,10,6,0,0,0,0,0,1,85,0,0,0,0,200,200
407915,0,20,1,2,1,1,10,6,0,0,0,0,0,0,46,0,0,0,0,200,200
407921,0,30,0,0,0,1,0,2,0,1,0,17,0,0,42,0,6,0,0,200,200
407921,0,30,0,0,0,1,0,2,0,1,0,17,0,0,31,0,0,0,0,200,200
407921,1,30,0,0,0,1,0,2,0,1,0,17,0,0,200,0,200,200,200,200,200
407922,0,30,1,2,1,3,14,12,0,200,0,17,22,0,50,200,1,200,200,200,200
407922,0,30,1,2,1,3,14,12,0,200,0,17,22,0,0,200,0,200,200,200,200
407925,0,30,0,0,200,200,7,5,0,200,0,0,0,2,200,200,200,200,200,200,200
407929,0,20,0,0,0,1,10,2,0,1,0,18,18,0,20,0,1,0,0,200,200
407929,0,20,0,0,0,1,10,2,0,1,0,18,18,0,19,0,0,0,0,200,200
407932,0,30,0,0,0,1,7,6,0,0,0,20,11,1,65,200,6,200,0,200,200
407941,0,30,0,0,0,1,7,7,0,0,0,20,11,1,65,0,6,200,0,200,200
407942,0,30,0,0,1,1,10,5,0,0,0,200,200,2,200,200,200,200,200,200,200
407942,0,30,0,0,1,1,10,5,0,0,0,200,200,1,41,200,0,200,0,200,200
407945,0,5,0,0,0,1,2,7,0,0,200,11,0,0,200,200,7,200,200,200,200
407947,0,15,0,0,0,1,11,7,0,0,0,0,0,1,200,200,6,200,200,200,200
407947,0,15,0,0,0,1,11,7,0,0,0,0,0,1,37,0,0,0,0,200,200
407947,1,15,0,0,0,1,11,7,0,0,0,0,0,1,14,0,200,200,200,200,200
407949,0,30,0,0,0,1,12,6,0,0,0,17,22,1,23,7,2,0,0,200,200
407949,0,30,0,0,0,1,12,6,0,0,0,17,22,1,51,200,0,0,0,200,200
407950,0,30,0,0,0,1,7,3,0,0,0,0,0,1,200,200,10,200,200,200,200
407955,0,30,0,0,0,1,7,6,0,0,0,0,0,2,200,200,200,200,200,200,200
407956,0,30,0,0,0,1,7,5,0,0,0,200,200,2,200,200,200,200,200,200,200
407959,0,35,1,2,0,1,10,5,0,0,0,7,200,1,26,0,12,0,0,200,200
407959,0,35,1,2,0,1,10,5,0,0,0,7,200,0,70,0,12,0,0,200,200
407960,0,30,0,0,0,1,12,5,0,0,0,22,25,1,48,0,200,200,200,200,200
407960,0,30,0,0,0,1,12,5,0,0,0,22,25,1,42,0,200,200,200,200,200
407960,1,30,0,0,0,1,12,5,0,0,0,22,25,1,24,0,200,200,200,200,200
407962,0,30,0,0,0,1,7,6,0,0,0,0,11,2,200,200,200,200,200,200,200
407963,0,30,0,0,1,1,14,2,0,0,0,18,200,0,200,200,1,0,0,200,200
407963,0,30,0,0,1,1,14,2,0,0,0,18,200,1,18,0,0,0,0,200,200
407963,1,30,0,0,1,1,14,2,0,0,0,18,200,1,59,7,200,200,200,200,200
407965,0,30,2,2,1,1,10,2,0,200,200,0,0,2,200,200,6,200,200,200,200
407965,0,30,2,2,1,1,10,2,0,200,200,0,0,1,48,200,0,200,0,200,200
407975,0,30,1,2,2,3,10,5,0,1,0,18,34,1,200,0,3,0,0,200,200
407975,0,30,1,2,2,3,10,5,0,1,0,18,34,1,200,0,0,0,0,200,200
407975,1,30,1,2,2,3,10,5,0,1,0,18,34,2,200,0,200,200,200,200,200
407975,1,30,1,2,2,3,10,5,0,1,0,18,34,0,200,0,200,200,200,200,200
407976,0,30,2,2,12,1,3,5,0,1,0,0,200,0,33,200,12,0,0,200,200
407976,0,30,2,2,12,1,3,5,0,1,0,0,200,1,32,200,0,0,0,200,200
407978,0,30,0,0,0,1,14,5,0,0,0,17,0,0,66,0,1,5,0,200,200
407978,0,30,0,0,0,1,14,5,0,0,0,17,0,0,32,0,0,0,0,200,200
407978,1,30,0,0,0,1,14,5,0,0,0,17,0,0,18,0,200,200,200,200,200
407981,0,30,0,0,200,200,7,5,0,200,0,23,11,2,200,200,7,200,200,200,200
407982,0,30,0,0,0,1,10,5,0,0,0,7,0,1,72,0,12,12,0,200,200
407982,0,30,0,0,0,1,10,5,0,0,0,7,0,0,57,0,0,0,0,200,200
407984,0,30,0,0,2,3,7,6,0,1,0,20,0,2,200,200,200,200,200,200,200
407985,0,30,2,0,0,1,10,6,0,0,0,18,18,0,56,0,3,0,0,200,200
407985,0,30,2,0,0,1,10,6,0,0,0,18,18,0,200,200,0,200,0,200,200
407985,1,30,2,0,0,1,10,6,0,0,0,18,18,0,22,0,200,200,200,200,200
407986,0,30,0,0,0,1,7,5,0,1,0,0,0,2,200,200,200,200,200,200,200
408004,0,25,1,2,1,1,0,5,2,0,0,6,200,1,24,0,5,0,0,200,200
408004,0,25,1,2,1,1,0,5,2,0,0,6,200,0,49,0,0,0,0,200,200
408004,1,25,1,2,1,1,0,5,2,0,0,6,200,0,28,0,200,200,200,200,200
408004,1,25,1,2,1,1,0,5,2,0,0,6,200,1,26,0,200,200,200,200,200
408004,1,25,1,2,1,1,0,5,2,0,0,6,200,0,29,0,200,200,200,200,200
408004,1,25,1,2,1,1,0,5,2,0,0,6,200,1,23,0,200,200,200,200,200
408004,1,25,1,2,1,1,0,5,2,0,0,6,200,0,51,0,200,200,200,200,200
408004,1,25,1,2,1,1,0,5,2,0,0,6,200,1,53,0,200,200,200,200,200
408006,0,15,0,0,0,1,7,7,0,0,0,0,0,1,64,200,10,0,0,200,200
408009,0,25,0,0,0,200,2,6,0,200,0,0,0,2,200,200,200,200,200,200,200
408011,0,15,0,0,0,1,0,7,0,0,0,17,17,1,39,0,1,0,0,200,200
408011,0,15,0,0,0,1,0,7,0,0,0,17,17,0,26,0,0,0,0,200,200
408011,1,15,0,0,0,1,0,7,0,0,0,17,17,0,200,0,200,200,200,200,200
408014,0,30,0,0,0,1,7,5,0,0,0,20,200,0,30,0,6,0,0,200,200
408028,0,35,2,0,0,1,0,5,0,0,0,5,5,1,74,200,1,0,0,200,200
408028,0,35,2,0,0,1,0,5,0,0,0,5,5,0,23,200,0,0,0,200,200
408030,0,15,0,0,0,1,7,7,0,0,0,20,0,0,34,0,4,0,0,200,200
408031,0,30,0,0,0,1,12,12,0,0,0,0,0,1,200,200,12,200,200,200,200
408031,1,30,0,0,0,1,12,12,0,0,0,0,0,1,84,0,200,200,200,200,200
408035,0,30,2,2,0,1,7,5,0,0,0,0,0,1,38,0,200,0,0,200,200
408038,0,30,1,2,0,1,14,5,0,0,0,17,0,1,38,0,12,0,0,200,200
408038,0,30,1,2,0,1,14,5,0,0,0,17,0,1,24,0,1,0,0,200,200
408038,1,30,1,2,0,1,14,5,0,0,0,17,0,1,11,0,200,200,200,200,200
408038,1,30,1,2,0,1,14,5,0,0,0,17,0,1,14,0,200,200,200,200,200
408048,0,35,1,2,1,1,10,5,0,0,0,18,200,0,64,0,0,0,0,200,200
408048,0,35,1,2,1,1,10,5,0,0,0,18,200,1,200,200,3,200,200,200,200
408048,1,35,1,2,1,1,10,5,0,0,0,18,200,1,63,0,200,200,200,200,200
408051,0,25,1,2,1,1,10,5,0,0,0,0,0,1,30,0,0,0,0,200,200
408051,0,25,1,2,1,1,10,5,0,0,0,0,0,1,21,0,0,0,0,200,200
408053,0,30,1,0,0,1,12,2,0,0,0,14,22,0,200,200,2,200,200,200,200
408053,0,30,1,0,0,1,12,2,0,0,0,14,22,1,64,0,0,0,0,200,200
408053,0,30,1,0,0,1,12,2,0,0,0,14,22,0,73,0,0,0,0,200,200
408062,0,30,0,0,200,200,7,5,0,200,200,0,0,2,200,200,200,200,200,200,200
408069,0,30,1,2,0,1,10,5,0,0,0,18,200,1,26,0,3,12,0,200,1
408069,0,30,1,2,0,1,10,5,0,0,0,18,200,1,66,0,0,0,0,200,200
408069,0,30,1,2,0,1,10,5,0,0,0,18,200,0,40,0,0,0,0,200,200
408074,0,30,1,2,0,1,0,5,0,200,200,17,0,0,43,0,1,200,0,200,200
408074,0,30,1,2,0,1,0,5,0,200,200,17,0,0,70,200,5,200,200,200,200
408075,0,25,0,0,0,1,7,5,0,0,0,25,11,0,18,200,13,200,200,200,200
408075,1,25,0,0,0,1,7,5,0,0,0,25,11,1,18,200,200,200,200,200,200
408081,0,30,0,0,0,1,8,5,0,0,0,0,17,0,50,0,12,0,0,200,200
408081,4,30,0,0,0,1,8,5,0,0,0,0,17,0,33,200,0,0,0,200,200
408084,0,30,1,2,1,1,12,5,0,0,0,21,200,1,200,200,4,200,200,200,200
408084,0,30,1,2,1,1,12,5,0,0,0,21,200,1,29,0,0,0,0,200,200
408089,0,30,0,0,0,1,7,5,0,0,0,8,11,1,200,200,6,200,200,200,200
408089,1,30,0,0,0,1,7,5,0,0,0,8,11,0,200,200,200,200,200,200,200
408091,0,10,0,0,0,1,10,7,0,0,0,0,0,1,34,200,200,200,0,200,200
408091,0,10,0,0,0,1,10,7,0,0,0,0,0,1,44,0,200,0,0,200,200
408091,1,10,0,0,0,1,10,7,0,0,0,0,0,0,18,0,200,200,200,200,200
408091,1,10,0,0,0,1,10,7,0,0,0,0,0,0,20,0,200,200,200,200,200
408091,1,10,0,0,0,1,10,7,0,0,0,0,0,200,18,0,200,200,200,200,200
408091,1,10,0,0,0,1,10,7,0,0,0,0,0,2,200,200,200,200,200,200,200
408096,0,15,0,0,0,1,0,7,0,0,0,0,0,0,31,200,12,200,200,200,200
408096,0,15,0,0,0,1,0,7,0,0,0,0,0,1,64,0,0,5,0,200,200
408096,1,15,0,0,0,1,0,7,0,0,0,0,0,0,27,0,200,200,200,200,200
408097,0,30,2,2,0,1,14,5,0,0,0,23,27,1,66,0,7,0,0,200,200
408097,0,30,2,2,0,1,14,5,0,0,0,23,27,1,35,0,0,0,0,200,200
408097,1,30,2,2,0,1,14,5,0,0,0,23,27,1,70,0,200,200,200,200,200
408097,1,30,2,2,0,1,14,5,0,0,0,23,27,1,10,0,200,200,200,200,200
408097,1,30,2,2,0,1,14,5,0,0,0,23,27,1,9,0,200,200,200,200,200
408101,0,30,1,2,0,1,10,2,0,0,0,0,0,1,27,200,3,200,200,200,200
408101,0,30,1,2,0,1,10,2,0,0,0,0,0,0,200,0,12,0,0,200,200
408105,0,30,0,0,0,1,2,5,0,0,0,0,200,0,36,200,200,200,12,200,200
408107,0,30,0,0,200,3,7,6,0,200,200,0,200,2,200,200,200,200,200,200,200
408111,4,30,200,200,0,1,8,6,0,0,0,0,200,0,200,200,3,200,200,200,200
408114,0,30,2,2,0,1,14,5,0,200,200,17,22,0,30,0,1,200,0,200,200
408114,0,30,2,2,0,1,14,5,0,200,200,17,22,1,27,0,12,200,0,200,200
408124,0,30,0,0,0,1,12,5,0,0,0,22,25,0,200,200,9,200,200,200,200
408124,0,30,0,0,0,1,12,5,0,0,0,22,25,0,52,0,0,0,0,200,200
408124,1,30,0,0,0,1,12,5,0,0,0,22,25,0,200,200,200,200,200,200,200
408124,1,30,0,0,0,1,12,5,0,0,0,22,25,0,200,200,200,200,200,200,200
408127,0,30,0,0,0,1,7,6,0,0,0,0,200,1,200,200,1,200,200,200,200
408131,0,20,1,2,0,1,14,5,0,0,0,0,17,0,200,200,1,200,200,200,200
408131,0,20,1,2,0,1,14,5,0,0,0,0,17,0,23,0,0,1,0,200,200
408133,0,30,3,2,0,1,9,2,0,0,0,17,16,0,37,0,1,0,0,200,200
408133,5,30,3,2,0,1,9,2,0,0,0,17,16,1,63,7,0,0,0,200,200
408139,0,30,1,2,0,1,10,2,0,0,0,16,200,0,46,0,3,0,0,200,200
408139,0,30,1,2,0,1,10,2,0,0,0,16,200,0,200,200,0,200,200,200,200
408142,0,30,1,2,0,1,14,8,0,0,0,23,200,0,26,0,12,0,0,200,200
408142,0,30,1,2,0,1,14,8,0,0,0,23,200,1,30,0,0,0,0,200,200
408155,0,30,0,0,0,1,2,5,0,0,0,200,200,0,53,0,0,0,0,200,200
408160,0,35,0,0,0,1,10,5,0,0,0,21,18,0,200,200,4,200,200,200,200
408160,0,35,0,0,0,1,10,5,0,0,0,21,18,0,52,0,0,0,0,200,200
408160,1,35,0,0,0,1,10,5,0,0,0,21,18,0,200,200,200,200,200,200,200
408163,0,30,0,0,0,0,7,6,0,0,0,0,0,2,200,200,200,200,200,200,200
408168,0,25,0,0,0,1,10,6,0,0,0,20,20,0,45,0,0,0,0,200,200
408168,0,25,0,0,0,1,10,6,0,0,0,20,20,0,43,0,0,0,0,200,200
408173,0,30,0,0,0,1,10,2,0,0,0,18,200,0,200,200,3,200,200,200,200
408173,0,30,0,0,0,1,10,2,0,0,0,18,200,1,53,7,0,0,0,200,200
408174,0,30,0,0,0,1,7,6,3,0,0,200,200,2,200,200,200,200,200,200,200
408177,0,35,1,2,0,1,9,3,0,0,0,0,0,0,200,200,1,200,200,200,200
408177,5,35,1,2,0,1,9,3,0,0,0,0,0,0,73,7,0,200,0,200,200
408179,0,40,3,2,0,1,12,3,5,0,0,11,11,0,53,0,4,12,0,200,200
408179,0,40,3,2,0,1,12,3,5,0,0,11,11,1,30,0,0,0,0,200,200
408179,1,40,3,2,0,1,12,3,5,0,0,11,11,1,200,0,200,200,200,200,200
408181,0,30,2,2,0,1,0,12,0,0,0,17,0,1,56,0,1,0,0,200,200
408181,0,30,2,2,0,1,0,12,0,0,0,17,0,0,22,0,200,0,0,200,200
408182,0,35,1,2,0,1,10,5,0,0,0,18,18,0,38,200,3,200,0,200,200
408182,0,35,1,2,0,1,10,5,0,0,0,18,18,1,60,0,0,0,0,200,200
408185,0,30,0,0,0,1,7,6,0,0,0,0,0,2,200,200,6,200,200,200,200
408187,0,30,1,2,0,1,12,5,0,0,0,22,200,1,41,0,4,0,0,200,200
408187,0,30,1,2,0,1,12,5,0,0,0,22,200,1,28,0,12,0,0,200,200
408187,1,30,1,2,0,1,12,5,0,0,0,22,200,1,59,7,200,200,200,200,200
408187,1,30,1,2,0,1,12,5,0,0,0,22,200,1,15,0,200,200,200,200,200
408187,1,30,1,2,0,1,12,5,0,0,0,22,200,0,17,0,200,200,200,200,200
408187,1,30,1,2,0,1,12,5,0,0,0,22,200,1,200,0,200,200,200,200,200
408187,1,30,1,2,0,1,12,5,0,0,0,22,200,1,200,0,200,200,200,200,200
408193,0,20,0,200,0,1,7,5,0,0,0,0,200,1,200,0,4,0,0,200,200
408194,0,35,0,0,0,1,0,2,0,0,0,17,0,1,33,0,0,0,0,200,200
408194,0,35,0,0,0,1,0,2,0,0,0,17,0,1,40,0,1,0,0,200,200
408194,1,35,0,0,0,1,0,2,0,0,0,17,0,1,33,0,200,200,200,200,200
408201,0,30,2,2,0,1,9,5,0,200,200,17,22,0,200,200,7,200,200,200,200
408201,5,30,2,2,0,1,9,5,0,200,200,17,22,1,38,200,12,200,0,200,200
408207,0,30,1,2,0,1,14,2,0,0,0,23,3,0,30,0,7,0,0,200,200
408207,0,30,1,2,0,1,14,2,0,0,0,23,3,0,43,0,0,0,0,200,200
408210,0,30,0,0,2,1,3,2,0,1,0,34,200,0,20,0,8,0,0,200,200
408210,0,30,0,0,2,1,3,2,0,1,0,34,200,0,43,0,8,0,0,200,200
408215,0,45,0,0,0,1,10,3,0,0,0,11,16,1,35,200,12,0,0,200,200
408215,0,45,0,0,0,1,10,3,0,0,0,11,16,0,61,200,3,0,0,200,200
408215,1,45,0,0,0,1,10,3,0,0,0,11,16,0,9,0,200,200,200,200,200
408215,1,45,0,0,0,1,10,3,0,0,0,11,16,1,0,5,200,200,200,200,200
408216,0,25,0,0,0,1,14,5,0,0,0,17,11,1,23,0,1,0,0,200,200
408216,0,25,0,0,0,1,14,5,0,0,0,17,11,0,58,0,12,0,0,200,200
408218,0,30,0,0,200,200,7,6,0,200,0,0,200,2,200,200,200,200,200,200,200
408219,0,30,2,2,0,1,10,5,0,200,200,18,0,0,38,0,3,200,0,200,200
408219,0,30,2,2,0,1,10,5,0,200,200,18,0,0,22,0,0,0,0,200,200
408221,0,10,0,0,0,1,11,7,0,200,200,20,20,0,52,200,6,200,200,200,200
408221,0,10,0,0,0,1,11,7,0,200,200,20,20,0,39,0,6,200,0,200,200
408221,1,10,0,0,0,1,11,7,0,200,200,20,20,0,200,200,200,200,200,200,200
408221,1,10,0,0,0,1,11,7,0,200,200,20,20,1,30,0,200,200,200,200,200
408223,0,30,0,0,0,1,11,7,0,0,200,0,0,1,200,200,200,200,200,200,200
408223,0,30,0,0,0,1,11,7,0,0,200,0,0,1,54,0,0,200,200,200,200
408225,0,30,0,0,0,1,12,5,0,0,0,18,200,2,200,200,200,200,200,200,200
408225,0,30,0,0,0,1,12,5,0,0,0,18,200,0,29,0,0,0,0,200,200
408226,0,30,1,2,0,1,0,2,0,0,0,0,200,1,31,0,200,200,0,200,200
408226,0,30,1,2,0,1,0,2,0,0,0,0,200,1,40,0,0,0,0,200,200
408232,0,30,1,2,0,1,12,5,0,0,0,0,200,1,51,200,200,0,0,200,200
408232,0,30,1,2,0,1,12,5,0,0,0,0,200,0,19,200,200,0,0,200,200
408232,1,30,1,2,0,1,12,5,0,0,0,0,200,0,32,200,200,200,200,200,200
408232,1,30,1,2,0,1,12,5,0,0,0,0,200,0,24,200,200,200,200,200,200
408232,1,30,1,2,0,1,12,5,0,0,0,0,200,0,59,200,200,200,200,200,200
408234,0,30,0,0,1,1,11,6,0,0,0,20,0,0,27,0,6,0,0,200,200
408234,0,30,0,0,1,1,11,6,0,0,0,20,0,1,24,0,0,0,0,200,200
408234,1,30,0,0,1,1,11,6,0,0,0,20,0,0,200,0,200,200,200,200,200
408236,0,25,0,0,2,1,11,2,0,1,0,34,34,0,24,0,12,0,0,200,200
408236,0,25,0,0,2,1,11,2,0,1,0,34,34,0,56,0,0,0,0,200,200
408237,0,30,0,0,0,1,9,2,0,0,0,21,200,0,0,0,4,0,0,200,200
408237,5,30,0,0,0,1,9,2,0,0,0,21,200,0,73,7,0,0,7,200,200
408239,0,30,0,0,0,1,10,5,0,0,0,18,11,0,20,0,3,0,0,200,200
408239,0,30,0,0,0,1,10,5,0,0,0,18,11,0,49,0,12,0,0,200,200
408239,0,30,0,0,0,1,10,5,0,0,0,18,11,2,200,200,12,200,200,200,200
408242,0,30,1,2,0,1,10,5,0,0,0,16,200,0,52,200,3,200,200,200,200
408242,0,30,1,2,0,1,10,5,0,0,0,16,200,1,58,200,0,0,0,200,200
408243,0,30,0,0,0,1,9,5,0,0,0,200,200,1,200,200,200,200,200,200,200
408243,5,30,0,0,0,1,9,5,0,0,0,200,200,1,11,7,1,0,0,200,200
408244,0,30,0,0,200,200,7,2,0,200,0,0,0,2,200,200,200,200,200,200,200
408253,0,35,0,0,0,1,14,3,0,0,0,18,16,2,200,200,3,200,200,200,200
408253,0,35,0,0,0,1,14,3,0,0,0,18,16,0,55,0,0,0,0,200,200
408254,0,30,0,0,0,1,7,6,0,0,0,200,200,0,200,200,200,200,200,200,200
408255,0,40,0,0,0,1,12,3,5,0,0,0,0,0,21,0,4,0,0,200,200
408255,0,40,0,0,0,1,12,3,5,0,0,0,0,1,53,0,0,0,0,200,200
408255,1,40,0,0,0,1,12,3,5,0,0,0,0,1,24,0,200,200,200,200,200
408256,0,25,0,0,0,1,12,5,0,0,0,11,0,1,30,200,1,0,0,200,200
408256,0,25,0,0,0,1,12,5,0,0,0,11,0,1,31,200,0,0,0,200,200
408259,0,30,2,0,0,1,7,6,0,0,0,22,22,1,63,200,2,200,200,200,200
408264,0,30,1,2,0,1,0,12,0,0,0,3,200,0,55,200,200,0,0,200,200
408264,0,30,1,2,0,1,0,12,0,0,0,3,200,1,32,200,200,0,0,200,200
408272,0,30,0,0,0,1,10,5,0,0,0,18,11,0,52,0,3,0,0,200,200
408272,0,30,0,0,0,1,10,5,0,0,0,18,11,1,200,0,12,0,0,200,200
408274,0,30,2,2,0,1,10,5,0,0,0,18,200,0,200,200,3,0,0,200,200
408274,0,30,2,2,0,1,10,5,0,0,0,18,200,0,200,0,0,0,0,200,200
408275,0,30,2,2,0,1,14,5,0,0,0,17,4,1,18,7,1,0,0,200,200
408275,0,30,2,2,0,1,14,5,0,0,0,17,4,1,29,7,0,0,0,200,200
408276,0,30,1,2,1,1,10,2,0,0,0,16,0,0,200,200,200,200,200,200,200
408276,0,30,1,2,1,1,10,2,0,0,0,16,0,0,28,0,0,0,0,200,200
408276,1,30,1,2,1,1,10,2,0,0,0,16,0,1,30,0,200,200,200,200,200
408278,0,30,1,2,0,1,14,2,0,0,0,23,200,0,56,7,7,0,0,200,200
408278,0,30,1,2,0,1,14,2,0,0,0,23,200,0,28,0,0,0,0,200,200
408278,1,30,1,2,0,1,14,2,0,0,0,23,200,0,200,0,200,200,200,200,200
408278,1,30,1,2,0,1,14,2,0,0,0,23,200,0,25,0,200,200,200,200,200
408287,0,10,0,0,0,1,7,7,3,0,0,23,11,0,25,0,7,0,0,200,200
408291,0,30,2,2,0,1,14,12,0,0,0,0,0,1,90,0,12,0,200,200,200
408291,0,30,2,2,0,1,14,12,0,0,0,0,0,0,22,0,12,0,0,200,200
408291,1,30,2,2,0,1,14,12,0,0,0,0,0,1,20,0,200,200,200,200,200
408297,0,30,0,0,0,1,0,5,0,0,0,20,0,1,200,200,6,200,200,200,200
408297,0,30,0,0,0,1,0,5,0,0,0,20,0,0,48,0,0,0,0,200,200
408299,0,30,200,200,200,200,7,200,0,200,200,0,200,0,200,0,200,200,200,200,200
408302,0,30,0,0,0,1,5,6,0,0,12,0,200,1,200,200,0,200,0,200,200
408303,0,30,1,2,1,1,10,5,0,0,0,18,16,1,200,0,3,0,0,200,200
408303,0,30,1,2,1,1,10,5,0,0,0,18,16,1,200,0,0,0,0,200,200
408303,1,30,1,2,1,1,10,5,0,0,0,18,16,0,200,0,200,200,200,200,200
408304,0,45,0,0,0,1,12,3,0,0,0,21,16,1,27,0,4,0,0,200,200
408304,0,45,0,0,0,1,12,3,0,0,0,21,16,0,20,0,0,0,0,200,200
408309,0,30,0,0,0,1,12,5,0,0,0,0,0,0,76,200,1,0,0,200,200
408309,0,30,0,0,0,1,12,5,0,0,0,0,0,0,37,200,0,0,0,200,200
408313,0,35,0,0,0,1,7,7,0,0,0,200,200,0,38,200,200,200,200,200,200
408317,0,30,0,0,0,1,10,5,0,0,0,18,16,1,200,200,3,200,200,200,200