RD_NO,PERSON_TYPE,POSTED_SPEED_LIMIT,TRAFFIC_CONTROL_DEVICE,DEVICE_CONDITION,WEATHER_CONDITION,LIGHTING_CONDITION,FIRST_CRASH_TYPE,TRAFFICWAY_TYPE,ALIGNMENT,ROADWAY_SURFACE_COND,ROAD_DEFECT,PRIM_CONTRIBUTORY_CAUSE,SEC_CONTRIBUTORY_CAUSE,SEX,AGE,SAFETY_EQUIPMENT,DRIVER_ACTION,DRIVER_VISION,PHYSICAL_CONDITION,BAC_RESULT VALUE,CELL_PHONE_USE
408317,0,30,0,0,0,1,10,5,0,0,0,18,16,1,37,0,0,0,0,200,200
408317,1,30,0,0,0,1,10,5,0,0,0,18,16,1,200,0,200,200,200,200,200
408320,0,30,0,0,0,1,12,5,0,0,0,17,200,1,24,200,1,200,200,200,200
408320,0,30,0,0,0,1,12,5,0,0,0,17,200,1,35,0,0,0,200,200,200
408322,0,30,0,0,0,1,10,5,0,0,0,18,0,0,200,200,3,200,200,200,200
408322,0,30,0,0,0,1,10,5,0,0,0,18,0,1,29,0,12,0,0,200,200
408328,0,30,2,2,0,1,0,5,0,0,0,17,200,1,54,200,1,0,0,200,200
408328,0,30,2,2,0,1,0,5,0,0,0,17,200,0,27,200,0,0,0,200,200
408328,1,30,2,2,0,1,0,5,0,0,0,17,200,1,25,200,200,200,200,200,200
408329,0,30,0,0,0,1,14,6,0,0,0,23,200,1,55,0,7,0,0,200,200
408329,0,30,0,0,0,1,14,6,0,0,0,23,200,0,32,0,0,0,0,200,200
408329,1,30,0,0,0,1,14,6,0,0,0,23,200,200,200,200,200,200,200,200,200
408329,1,30,0,0,0,1,14,6,0,0,0,23,200,200,200,200,200,200,200,200,200
408334,0,30,0,0,1,1,10,5,0,0,0,18,16,0,200,0,3,0,0,200,200
408334,0,30,0,0,1,1,10,5,0,0,0,18,16,1,200,0,0,0,0,200,200
408335,0,30,2,0,0,1,0,6,0,0,0,5,200,1,59,0,1,0,0,200,200
408335,0,30,2,0,0,1,0,6,0,0,0,5,200,0,23,0,0,0,0,200,200
408336,0,30,0,0,0,1,11,5,0,0,0,18,200,0,36,0,3,0,0,200,200
408336,0,30,0,0,0,1,11,5,0,0,0,18,200,0,54,0,3,0,0,200,200
408337,0,30,0,0,0,1,10,5,0,0,0,18,16,1,40,200,3,0,0,200,200
408337,0,30,0,0,0,1,10,5,0,0,0,18,16,1,200,200,200,200,200,200,200
408339,0,0,0,0,0,1,7,7,0,0,0,0,200,0,35,0,12,12,0,200,200
408343,0,30,2,2,0,1,0,2,0,0,0,17,200,1,30,0,1,0,0,200,200
408343,0,30,2,2,0,1,0,2,0,0,0,17,200,1,43,0,0,0,0,200,200
408344,0,30,0,0,0,1,10,5,0,0,0,18,11,0,43,0,3,0,0,200,200
408344,0,30,0,0,0,1,10,5,0,0,0,18,11,0,62,0,12,0,0,200,200
408344,1,30,0,0,0,1,10,5,0,0,0,18,11,1,21,0,200,200,200,200,200
408344,1,30,0,0,0,1,10,5,0,0,0,18,11,1,16,0,200,200,200,200,200
408347,0,15,0,0,0,1,8,0,0,0,0,14,17,1,200,200,1,200,200,200,200
408347,4,15,0,0,0,1,8,0,0,0,0,14,17,0,10,200,200,0,7,200,200
408349,0,40,0,0,0,1,10,3,1,0,0,0,0,1,29,0,200,0,0,200,200
408349,0,40,0,0,0,1,10,3,1,0,0,0,0,0,43,0,0,0,0,200,200
408349,1,40,0,0,0,1,10,3,1,0,0,0,0,1,43,0,200,200,200,200,200
408349,1,40,0,0,0,1,10,3,1,0,0,0,0,1,1,5,200,200,200,200,200
408349,1,40,0,0,0,1,10,3,1,0,0,0,0,0,3,5,200,200,200,200,200
408349,1,40,0,0,0,1,10,3,1,0,0,0,0,0,5,5,200,200,200,200,200
408349,1,40,0,0,0,1,10,3,1,0,0,0,0,1,15,0,200,200,200,200,200
408351,0,30,0,0,0,1,7,6,0,0,0,0,200,0,56,0,6,12,0,200,200
408351,1,30,0,0,0,1,7,6,0,0,0,0,200,1,200,200,200,200,200,200,200
408353,0,30,1,2,0,1,10,5,0,0,0,9,7,0,29,200,15,0,0,200,1
408353,0,30,1,2,0,1,10,5,0,0,0,9,7,1,35,200,0,0,0,200,200
408353,1,30,1,2,0,1,10,5,0,0,0,9,7,1,30,200,200,200,200,200,200
408353,1,30,1,2,0,1,10,5,0,0,0,9,7,0,8,0,200,200,200,200,200
408356,0,15,3,12,0,1,11,7,0,0,0,20,0,1,39,0,6,0,0,200,200
408356,0,15,3,12,0,1,11,7,0,0,0,20,0,0,33,0,12,0,0,200,200
408357,0,30,2,2,1,1,10,5,0,0,0,18,16,1,200,200,3,0,0,200,200
408357,0,30,2,2,1,1,10,5,0,0,0,18,16,1,200,0,0,0,0,200,200
408357,0,30,2,2,1,1,10,5,0,0,0,18,16,1,200,0,0,0,0,200,200
408357,1,30,2,2,1,1,10,5,0,0,0,18,16,1,200,0,200,200,200,200,200
408357,1,30,2,2,1,1,10,5,0,0,0,18,16,0,200,0,200,200,200,200,200
408357,1,30,2,2,1,1,10,5,0,0,0,18,16,0,200,5,200,200,200,200,200
408363,0,30,2,2,0,1,14,5,0,0,0,23,23,1,200,7,7,0,0,200,200
408363,0,30,2,2,0,1,14,5,0,0,0,23,23,1,41,7,0,0,0,200,200
408363,1,30,2,2,0,1,14,5,0,0,0,23,23,1,200,0,200,200,200,200,200
408379,0,25,0,0,200,200,7,5,0,200,0,20,0,0,200,200,6,200,200,200,200
408380,0,30,1,2,0,1,14,3,0,0,0,17,17,1,33,0,1,0,0,200,200
408380,0,30,1,2,0,1,14,3,0,0,0,17,17,0,32,0,0,0,0,200,200
408380,1,30,1,2,0,1,14,3,0,0,0,17,17,0,4,5,200,200,200,200,200
408381,0,30,2,2,0,1,10,6,0,0,0,18,0,0,19,200,3,0,0,200,200
408381,0,30,2,2,0,1,10,6,0,0,0,18,0,1,69,0,0,0,0,200,200
408383,0,30,0,0,0,1,12,5,0,0,0,21,17,1,200,200,4,200,200,200,200
408383,0,30,0,0,0,1,12,5,0,0,0,21,17,0,18,0,12,0,0,200,200
408384,0,30,200,200,0,1,3,5,0,0,0,8,11,1,53,0,12,0,0,200,200
408384,2,30,200,200,0,1,3,5,0,0,0,8,11,200,200,200,8,200,200,200,200
408384,0,30,200,200,0,1,3,5,0,0,0,8,11,2,200,200,0,200,200,200,200
408393,0,30,0,0,0,1,12,3,0,0,0,17,0,0,30,200,4,200,0,200,200
408393,0,30,0,0,0,1,12,3,0,0,0,17,0,0,70,200,0,200,0,200,200
408393,1,30,0,0,0,1,12,3,0,0,0,17,0,0,29,200,200,200,200,200,200
408393,1,30,0,0,0,1,12,3,0,0,0,17,0,1,24,200,200,200,200,200,200
408393,1,30,0,0,0,1,12,3,0,0,0,17,0,1,69,200,200,200,200,200,200
408400,0,25,0,0,0,1,11,6,0,0,0,10,16,0,200,200,9,200,200,200,200
408400,0,25,0,0,0,1,11,6,0,0,0,10,16,0,36,0,0,0,0,200,200
408402,0,30,0,0,0,0,7,5,0,0,0,0,200,2,200,200,200,200,200,200,200
408406,0,30,0,0,0,1,14,12,0,12,12,16,200,1,17,0,1,0,0,200,200
408406,0,30,0,0,0,1,14,12,0,12,12,16,200,1,27,0,0,0,0,200,200
408406,1,30,0,0,0,1,14,12,0,12,12,16,200,1,17,0,200,200,200,200,200
408406,1,30,0,0,0,1,14,12,0,12,12,16,200,0,2,5,200,200,200,200,200
408406,1,30,0,0,0,1,14,12,0,12,12,16,200,0,1,5,200,200,200,200,200
408406,1,30,0,0,0,1,14,12,0,12,12,16,200,0,1,5,200,200,200,200,200
408410,0,30,0,0,0,1,12,5,0,0,0,18,16,0,40,0,3,0,0,200,200
408410,0,30,0,0,0,1,12,5,0,0,0,18,16,0,38,0,0,0,0,200,200
408411,0,30,1,2,0,1,0,5,0,0,0,6,14,0,57,200,5,0,0,200,200
408411,0,30,1,2,0,1,0,5,0,0,0,6,14,1,200,200,0,0,0,200,200
408412,0,10,0,0,0,1,9,7,2,0,0,0,200,0,200,200,12,200,200,200,200
408412,5,10,0,0,0,1,9,7,2,0,0,0,200,1,74,7,0,0,0,200,200
408413,0,30,0,0,0,1,14,5,0,0,0,0,200,0,54,0,6,0,0,200,200
408413,0,30,0,0,0,1,14,5,0,0,0,0,200,0,37,0,0,0,0,200,200
408413,1,30,0,0,0,1,14,5,0,0,0,0,200,1,32,0,200,200,200,200,200
408413,1,30,0,0,0,1,14,5,0,0,0,0,200,1,59,0,200,200,200,200,200
408416,0,30,0,0,1,1,12,5,0,0,0,17,200,1,200,200,1,0,0,200,200
408416,0,30,0,0,1,1,12,5,0,0,0,17,200,0,200,0,0,0,0,200,200
408428,0,30,0,0,0,1,14,2,0,0,0,23,17,0,25,0,7,0,0,200,200
408428,0,30,0,0,0,1,14,2,0,0,0,23,17,1,48,0,0,0,0,200,200
408428,1,30,0,0,0,1,14,2,0,0,0,23,17,1,68,0,200,200,200,200,200
408428,1,30,0,0,0,1,14,2,0,0,0,23,17,200,200,0,200,200,200,200,200
408431,0,20,2,2,0,1,8,5,0,0,0,5,17,1,63,7,5,0,0,200,200
408431,4,20,2,2,0,1,8,5,0,0,0,5,17,0,6,7,0,0,0,200,200
408434,0,30,0,0,200,200,7,6,0,200,200,0,0,2,200,200,200,200,200,200,200
408438,0,30,1,2,0,1,12,5,0,0,0,0,0,1,200,200,200,200,200,200,200
408438,0,30,1,2,0,1,12,5,0,0,0,0,0,0,0,200,200,0,0,200,200
408440,0,30,1,2,0,1,12,5,0,0,0,17,200,0,39,0,1,0,0,200,200
408440,0,30,1,2,0,1,12,5,0,0,0,17,200,1,53,0,0,0,0,200,200
408440,1,30,1,2,0,1,12,5,0,0,0,17,200,0,0,0,200,200,200,200,200
408447,0,30,1,2,0,1,10,2,0,0,0,7,0,1,36,0,12,0,0,200,200
408447,0,30,1,2,0,1,10,2,0,0,0,7,0,0,74,7,0,200,0,200,200
408449,0,30,0,0,0,1,7,5,0,0,0,0,200,2,200,200,200,200,200,200,200
408458,0,30,2,2,0,1,14,2,0,0,0,17,0,1,27,0,1,0,0,200,200
408458,0,30,2,2,0,1,14,2,0,0,0,17,0,0,70,0,0,0,0,200,200
408458,1,30,2,2,0,1,14,2,0,0,0,17,0,1,53,0,200,200,200,200,200
408460,0,30,0,0,0,1,10,3,0,0,0,16,200,0,55,0,12,0,0,200,200
408460,0,30,0,0,0,1,10,3,0,0,0,16,200,0,26,0,12,0,0,200,200
408460,0,30,0,0,0,1,10,3,0,0,0,16,200,0,56,0,12,0,0,200,200
408460,0,30,0,0,0,1,10,3,0,0,0,16,200,1,33,0,12,0,0,200,200
408460,1,30,0,0,0,1,10,3,0,0,0,16,200,1,24,0,200,200,200,200,200
408460,1,30,0,0,0,1,10,3,0,0,0,16,200,1,6,5,200,200,200,200,200
408460,1,30,0,0,0,1,10,3,0,0,0,16,200,1,6,5,200,200,200,200,200
408468,0,30,0,0,0,1,12,5,0,0,0,0,200,1,21,0,200,200,0,200,200
408468,0,30,0,0,0,1,12,5,0,0,0,0,200,1,37,0,200,200,0,200,200
408471,0,40,0,0,0,200,12,8,0,0,0,22,200,1,200,200,200,200,200,200,200
408471,0,40,0,0,0,200,12,8,0,0,0,22,200,1,29,0,0,0,0,200,200
408472,0,30,0,0,0,1,0,5,0,0,0,22,22,1,200,0,2,5,0,200,200
408472,0,30,0,0,0,1,0,5,0,0,0,22,22,1,36,0,0,0,0,200,200
408475,0,30,1,2,0,1,10,2,0,0,0,18,200,1,39,0,3,0,0,200,200
408475,0,30,1,2,0,1,10,2,0,0,0,18,200,1,47,0,0,0,0,200,200
408476,0,25,0,0,0,1,10,5,0,0,0,18,0,0,58,200,1,200,200,200,200
408476,0,25,0,0,0,1,10,5,0,0,0,18,0,1,35,0,0,0,0,200,200
408478,0,30,1,2,0,1,10,5,0,0,0,23,0,1,22,200,4,200,0,200,200
408478,0,30,1,2,0,1,10,5,0,0,0,23,0,1,64,200,0,200,0,200,200
408480,0,30,1,2,1,4,10,5,0,0,0,0,200,0,38,0,200,0,0,200,200
408480,0,30,1,2,1,4,10,5,0,0,0,0,200,1,26,200,0,200,200,200,200
408480,1,30,1,2,1,4,10,5,0,0,0,0,200,0,200,200,200,200,200,200,200
408482,0,30,0,0,0,1,7,6,0,0,0,0,200,1,46,0,200,0,0,200,200
408486,0,35,2,2,0,1,12,3,0,0,0,21,16,1,27,0,4,0,0,200,200
408486,0,35,2,2,0,1,12,3,0,0,0,21,16,0,29,0,0,0,0,200,200
408486,1,35,2,2,0,1,12,3,0,0,0,21,16,1,28,0,200,200,200,200,200
408491,0,30,1,2,0,1,12,2,0,0,0,0,0,0,29,0,4,0,0,200,200
408491,0,30,1,2,0,1,12,2,0,0,0,0,0,1,38,0,0,0,0,200,200
408491,1,30,1,2,0,1,12,2,0,0,0,0,0,0,200,0,200,200,200,200,200
408491,1,30,1,2,0,1,12,2,0,0,0,0,0,1,200,0,200,200,200,200,200
408491,1,30,1,2,0,1,12,2,0,0,0,0,0,0,200,0,200,200,200,200,200
408491,1,30,1,2,0,1,12,2,0,0,0,0,0,1,38,0,200,200,200,200,200
408493,0,30,0,0,0,1,7,5,0,0,200,0,0,2,200,200,200,200,200,200,200
408496,0,30,200,200,0,200,10,200,0,0,0,0,200,2,200,200,200,200,200,200,200
408496,0,30,200,200,0,200,10,200,0,0,0,0,200,2,200,200,200,200,200,200,200
408497,0,30,0,0,0,1,10,2,0,0,200,18,200,2,200,200,3,200,200,200,200
408497,0,30,0,0,0,1,10,2,0,0,200,18,200,0,30,200,200,200,200,200,200
408497,0,30,0,0,0,1,10,2,0,0,200,18,200,1,42,200,200,200,0,200,200
408497,0,30,0,0,0,1,10,2,0,0,200,18,200,0,60,200,200,200,200,200,200
408498,0,30,1,2,0,1,10,2,0,0,0,0,200,0,50,200,200,0,0,200,200
408498,0,30,1,2,0,1,10,2,0,0,0,0,200,0,36,200,200,0,0,200,200
408498,0,30,1,2,0,1,10,2,0,0,0,0,200,1,31,200,200,0,0,200,200
408498,0,30,1,2,0,1,10,2,0,0,0,0,200,1,59,200,200,0,0,200,200
408500,0,10,0,0,0,1,7,7,0,200,200,0,0,2,200,200,200,200,200,200,200
408503,0,35,0,0,0,1,7,5,0,0,0,0,0,0,200,200,200,200,200,200,200
408505,0,30,0,0,0,1,7,6,0,0,0,22,22,2,200,200,2,200,200,200,200
408510,0,30,0,0,0,1,10,6,0,0,0,11,0,0,35,200,3,0,0,200,200
408510,0,30,0,0,0,1,10,6,0,0,0,11,0,1,60,200,0,0,0,200,200
408510,0,30,0,0,0,1,10,6,0,0,0,11,0,2,200,200,12,200,200,200,200
408512,0,30,0,0,0,1,0,12,0,0,0,20,200,1,70,200,6,5,0,200,200
408512,0,30,0,0,0,1,0,12,0,0,0,20,200,0,32,200,0,0,0,200,200
408513,4,30,0,0,0,1,8,5,0,0,0,0,200,0,25,2,200,0,0,200,200
408513,0,30,0,0,0,1,8,5,0,0,0,0,200,0,49,0,0,0,0,200,200
408513,1,30,0,0,0,1,8,5,0,0,0,0,200,0,58,0,200,200,200,200,200
408522,0,30,0,0,0,1,14,2,0,0,200,23,21,0,45,200,7,200,0,200,200
408522,0,30,0,0,0,1,14,2,0,0,200,23,21,0,45,200,0,200,0,200,200
408523,0,20,0,0,0,1,0,6,0,0,0,25,25,0,200,200,1,200,200,200,200
408523,0,20,0,0,0,1,0,6,0,0,0,25,25,0,19,0,0,0,0,200,200
408527,0,30,0,0,0,1,7,6,0,0,0,0,0,2,200,200,200,200,200,200,200
408529,0,15,0,0,0,1,7,7,0,0,0,16,200,0,200,0,12,0,0,200,200
408529,1,15,0,0,0,1,7,7,0,0,0,16,200,0,200,0,200,200,200,200,200
408531,0,30,0,0,0,1,14,5,0,0,0,22,16,1,200,200,2,200,200,200,200
408531,0,30,0,0,0,1,14,5,0,0,0,22,16,0,51,200,200,200,0,200,200
408536,0,15,0,0,0,1,14,0,0,0,0,0,0,1,41,0,200,200,0,200,200
408536,0,15,0,0,0,1,14,0,0,0,0,0,0,1,22,0,200,200,0,200,200
408539,0,30,0,0,0,1,7,5,0,0,0,22,22,2,200,200,200,200,200,200,200
408542,0,30,0,0,0,0,7,5,0,0,0,0,200,2,200,200,200,200,200,200,200
408544,0,30,2,2,0,1,10,5,0,0,0,18,200,0,64,200,3,200,0,200,200
408544,0,30,2,2,0,1,10,5,0,0,0,18,200,0,46,200,0,200,0,200,200
408546,0,40,0,0,0,1,10,5,0,0,0,18,200,2,200,200,3,200,200,200,200
408546,0,40,0,0,0,1,10,5,0,0,0,18,200,1,64,0,0,0,0,200,200
408549,0,35,1,2,0,1,10,5,0,200,200,16,0,2,200,200,1,200,200,200,200
408549,0,35,1,2,0,1,10,5,0,200,200,16,0,1,22,0,0,200,0,200,200
408549,0,35,1,2,0,1,10,5,0,200,200,16,0,2,200,200,0,200,200,200,200
408549,1,35,1,2,0,1,10,5,0,200,200,16,0,0,30,0,200,200,200,200,200
408555,4,30,2,2,0,1,8,5,0,0,0,10,200,0,35,7,9,5,0,200,200
408555,0,30,2,2,0,1,8,5,0,0,0,10,200,0,45,200,0,5,0,200,200
408555,1,30,2,2,0,1,8,5,0,0,0,10,200,1,49,200,200,200,200,200,200
408562,0,30,0,0,0,1,12,5,0,0,0,23,200,1,32,0,12,0,0,200,200
408562,0,30,0,0,0,1,12,5,0,0,0,23,200,0,36,0,0,0,0,200,200
408562,1,30,0,0,0,1,12,5,0,0,0,23,200,0,31,0,200,200,200,200,200
408562,1,30,0,0,0,1,12,5,0,0,0,23,200,0,27,0,200,200,200,200,200
408566,0,30,0,0,0,1,3,5,0,0,0,20,0,1,25,200,6,0,0,200,200
408566,0,30,0,0,0,1,3,5,0,0,0,20,0,1,41,0,0,0,0,200,200
408569,0,30,0,0,0,4,9,12,0,0,0,0,0,0,40,0,12,0,0,200,200
408569,5,30,0,0,0,4,9,12,0,0,0,0,0,0,55,7,0,0,0,200,200
408575,0,30,0,0,0,4,0,7,0,0,0,20,200,0,34,0,6,0,0,200,200
408575,0,30,0,0,0,4,0,7,0,0,0,20,200,0,26,0,0,0,0,200,200
408577,0,30,0,0,0,1,7,5,0,0,0,21,200,1,200,0,12,0,0,200,200
408585,0,30,0,0,0,1,12,5,0,0,0,0,0,0,46,200,200,200,200,200,200
408585,0,30,0,0,0,1,12,5,0,0,0,0,0,0,26,0,0,0,0,200,200
408586,0,30,0,0,0,1,0,0,0,0,0,17,17,1,200,200,1,200,200,200,200
408586,0,30,0,0,0,1,0,0,0,0,0,17,17,1,23,200,0,0,0,200,200
408586,1,30,0,0,0,1,0,0,0,0,0,17,17,1,200,200,200,200,200,200,200
408586,1,30,0,0,0,1,0,0,0,0,0,17,17,200,200,200,200,200,200,200,200
408586,1,30,0,0,0,1,0,0,0,0,0,17,17,200,200,200,200,200,200,200,200
408588,0,0,0,0,0,2,14,7,0,0,0,0,0,0,41,200,200,0,0,200,200
408588,0,0,0,0,0,2,14,7,0,0,0,0,0,1,30,200,200,0,0,200,200
408588,1,0,0,0,0,2,14,7,0,0,0,0,0,1,200,200,200,200,200,200,200
408588,1,0,0,0,0,2,14,7,0,0,0,0,0,0,200,200,200,200,200,200,200
408595,0,30,0,0,0,1,0,5,0,0,0,0,17,1,26,0,1,0,0,200,200
408595,0,30,0,0,0,1,0,5,0,0,0,0,17,0,38,0,200,0,0,200,200
408610,0,30,1,2,0,1,12,5,0,0,0,22,200,1,59,1,0,0,0,200,200
408610,0,30,1,2,0,1,12,5,0,0,0,22,200,1,77,0,0,0,0,200,200
408618,0,30,1,2,0,1,12,3,0,0,0,23,16,2,200,200,7,200,200,200,200
408618,0,30,1,2,0,1,12,3,0,0,0,23,16,1,21,200,0,0,0,200,200
408618,0,30,1,2,0,1,12,3,0,0,0,23,16,2,200,200,0,200,200,200,200
408618,1,30,1,2,0,1,12,3,0,0,0,23,16,0,200,200,200,200,200,200,200
408619,0,30,0,0,0,1,3,5,0,0,0,10,10,0,25,1,9,0,0,200,200
408619,0,30,0,0,0,1,3,5,0,0,0,10,10,0,24,0,0,0,0,200,200
408619,1,30,0,0,0,1,3,5,0,0,0,10,10,0,17,0,200,200,200,200,200
408620,0,30,0,0,0,1,12,5,0,0,0,17,200,0,58,0,1,0,0,200,200
408620,0,30,0,0,0,1,12,5,0,0,0,17,200,0,61,0,0,0,0,200,200
408624,0,30,0,0,0,1,12,5,0,0,0,0,0,0,200,0,200,0,0,200,200
408624,0,30,0,0,0,1,12,5,0,0,0,0,0,0,200,0,0,0,0,200,200
408626,0,30,2,2,0,1,10,5,0,0,0,0,200,0,42,0,3,0,0,200,200
408626,0,30,2,2,0,1,10,5,0,0,0,0,200,1,33,0,0,0,0,200,200
408627,0,30,0,0,0,4,12,5,0,0,0,22,21,0,200,200,2,200,200,200,200
408627,0,30,0,0,0,4,12,5,0,0,0,22,21,0,40,0,0,0,0,200,200
408627,5,30,0,0,0,4,12,5,0,0,0,22,21,0,25,7,200,200,200,200,200
408631,0,30,1,2,0,2,10,2,0,0,0,21,200,0,53,0,4,0,0,200,200
408631,0,30,1,2,0,2,10,2,0,0,0,21,200,0,39,0,0,0,0,200,200
408631,0,30,1,2,0,2,10,2,0,0,0,21,200,1,22,0,0,0,0,200,200
408634,0,30,0,0,0,1,12,6,0,0,0,21,16,2,200,200,8,200,200,200,200
408634,0,30,0,0,0,1,12,6,0,0,0,21,16,1,24,0,0,0,0,200,200
408636,0,30,2,2,1,1,10,5,0,0,0,10,200,1,200,200,6,200,200,200,200
408636,0,30,2,2,1,1,10,5,0,0,0,10,200,0,200,0,0,0,0,200,200
408639,0,30,0,0,0,3,5,5,0,0,200,0,200,0,63,200,200,200,0,200,200
408640,0,30,2,2,0,3,2,2,0,0,0,16,200,0,58,200,200,200,3,0.04,200
408645,0,25,0,0,0,3,14,5,0,0,0,17,11,1,18,0,1,0,0,200,200
408645,0,25,0,0,0,3,14,5,0,0,0,17,11,1,33,0,12,0,0,200,200
408647,0,40,2,3,0,2,14,3,0,0,0,16,16,0,69,0,1,200,200,200,200
408647,0,40,2,3,0,2,14,3,0,0,0,16,16,1,35,0,0,200,0,200,200
408647,1,40,2,3,0,2,14,3,0,0,0,16,16,1,13,0,200,200,200,200,200
408647,1,40,2,3,0,2,14,3,0,0,0,16,16,0,2,5,200,200,200,200,200
408647,1,40,2,3,0,2,14,3,0,0,0,16,16,0,5,0,200,200,200,200,200
408648,0,30,2,2,0,3,10,5,0,0,0,0,0,0,200,200,200,200,200,200,200
408648,0,30,2,2,0,3,10,5,0,0,0,0,0,1,37,0,0,0,0,200,200
408648,1,30,2,2,0,3,10,5,0,0,0,0,0,1,200,0,200,200,200,200,200
408662,0,30,0,0,0,3,12,6,0,0,0,22,0,2,200,200,2,200,200,200,200
408662,0,30,0,0,0,3,12,6,0,0,0,22,0,0,42,0,0,0,0,200,200
408675,0,30,1,2,0,4,3,2,0,0,0,21,0,0,61,200,4,0,0,200,200
408675,0,30,1,2,0,4,3,2,0,0,0,21,0,0,45,0,0,0,0,200,200
408675,1,30,1,2,0,4,3,2,0,0,0,21,0,1,42,0,200,200,200,200,200
408685,0,30,0,0,0,1,7,5,0,0,0,0,0,2,200,200,200,200,200,200,200
408688,0,30,0,0,0,1,12,5,0,0,0,22,200,0,200,200,2,200,200,200,200
408688,0,30,0,0,0,1,12,5,0,0,0,22,200,0,23,0,0,0,0,200,200
408692,0,30,0,0,0,3,12,5,0,0,0,21,11,2,200,200,2,200,200,200,200
408692,0,30,0,0,0,3,12,5,0,0,0,21,11,0,61,0,12,0,0,200,200
408697,0,30,0,0,0,3,10,2,0,0,0,18,14,0,0,200,3,0,0,200,200
408697,0,30,0,0,0,3,10,2,0,0,0,18,14,1,0,200,0,4,0,200,200
408697,1,30,0,0,0,3,10,2,0,0,0,18,14,1,30,200,200,200,200,200,200
408697,1,30,0,0,0,3,10,2,0,0,0,18,14,0,8,200,200,200,200,200,200
408697,1,30,0,0,0,3,10,2,0,0,0,18,14,1,12,200,200,200,200,200,200
408702,0,15,0,0,0,1,2,0,0,0,0,200,200,0,21,0,12,0,0,200,200
408703,0,30,0,0,0,3,10,5,0,0,0,18,0,0,69,0,3,0,0,200,200
408703,0,30,0,0,0,3,10,5,0,0,0,18,0,1,25,0,0,0,0,200,200
408703,0,30,0,0,0,3,10,5,0,0,0,18,0,0,69,0,0,0,0,200,200
408703,1,30,0,0,0,3,10,5,0,0,0,18,0,1,27,0,200,200,200,200,200
408706,0,30,1,2,0,3,10,5,0,0,0,16,200,0,22,200,3,0,0,200,200
408706,0,30,1,2,0,3,10,5,0,0,0,16,200,1,54,200,0,0,0,200,200
408708,0,30,1,2,0,3,0,5,0,0,0,0,0,1,28,200,200,200,0,200,200
408708,0,30,1,2,0,3,0,5,0,0,0,0,0,1,37,200,200,200,0,200,200
408708,1,30,1,2,0,3,0,5,0,0,0,0,0,0,1,200,200,200,200,200,200
408709,0,35,1,2,0,3,9,5,0,0,0,17,0,1,19,200,1,200,0,200,200
408709,5,35,1,2,0,3,9,5,0,0,0,17,0,0,39,7,200,200,5,200,200
408709,1,35,1,2,0,3,9,5,0,0,0,17,0,1,12,200,200,200,200,200,200
408713,0,5,0,0,0,1,7,12,0,0,0,0,200,0,200,200,12,200,200,200,200
408715,0,25,0,0,0,3,7,6,0,0,0,21,22,0,76,0,2,200,0,200,200
408715,1,25,0,0,0,3,7,6,0,0,0,21,22,1,46,200,200,200,200,200,200
408715,1,25,0,0,0,3,7,6,0,0,0,21,22,0,57,200,200,200,200,200,200
408715,1,25,0,0,0,3,7,6,0,0,0,21,22,0,200,0,200,200,200,200,200
408717,0,35,200,200,200,1,12,2,0,0,200,21,0,0,51,200,4,200,200,200,200
408717,0,35,200,200,200,1,12,2,0,0,200,21,0,1,35,0,0,200,0,200,200
408717,1,35,200,200,200,1,12,2,0,0,200,21,0,0,16,200,200,200,200,200,200
408718,0,30,0,0,0,3,7,5,0,0,0,11,0,0,200,200,6,200,200,200,200
408719,0,25,0,0,200,2,7,6,0,200,200,0,0,2,200,200,200,200,200,200,200
408726,0,30,0,0,0,3,7,5,0,0,0,27,0,1,71,200,12,200,8,200,200
408729,0,30,0,0,0,3,10,5,0,0,0,0,200,1,30,0,0,0,0,200,200
408729,0,30,0,0,0,3,10,5,0,0,0,0,200,1,200,0,4,0,0,200,200
408729,1,30,0,0,0,3,10,5,0,0,0,0,200,1,35,0,200,200,200,200,200
408731,0,30,0,0,0,0,12,6,0,0,0,0,200,0,37,200,12,200,200,200,200
408731,0,30,0,0,0,0,12,6,0,0,0,0,200,1,41,200,0,200,200,200,200
408731,1,30,0,0,0,0,12,6,0,0,0,0,200,200,200,200,200,200,200,200,200
408737,0,30,1,2,0,3,12,5,0,0,0,0,0,2,200,200,200,200,200,200,200
408737,0,30,1,2,0,3,12,5,0,0,0,0,0,1,39,0,0,0,0,200,200
408739,0,0,0,0,0,0,7,7,0,0,0,0,0,2,200,200,200,200,200,200,200
408752,0,30,0,0,0,4,10,5,0,0,0,18,0,0,200,200,200,200,200,200,200
408752,0,30,0,0,0,4,10,5,0,0,0,18,0,0,43,0,12,0,0,200,200
408752,1,30,0,0,0,4,10,5,0,0,0,18,0,0,200,200,200,200,200,200,200
408752,1,30,0,0,0,4,10,5,0,0,0,18,0,0,200,200,200,200,200,200,200
408756,0,25,1,2,0,0,0,5,0,0,0,14,21,0,200,200,1,200,200,200,200
408756,0,25,1,2,0,0,0,5,0,0,0,14,21,0,200,200,0,200,200,200,200
408756,1,25,1,2,0,0,0,5,0,0,0,14,21,200,200,200,200,200,200,200,200
408756,1,25,1,2,0,0,0,5,0,0,0,14,21,200,200,200,200,200,200,200,200
408756,1,25,1,2,0,0,0,5,0,0,0,14,21,200,200,200,200,200,200,200,200