RD_NO,PERSON_TYPE,POSTED_SPEED_LIMIT,TRAFFIC_CONTROL_DEVICE,DEVICE_CONDITION,WEATHER_CONDITION,LIGHTING_CONDITION,FIRST_CRASH_TYPE,TRAFFICWAY_TYPE,ALIGNMENT,ROADWAY_SURFACE_COND,ROAD_DEFECT,PRIM_CONTRIBUTORY_CAUSE,SEC_CONTRIBUTORY_CAUSE,SEX,AGE,SAFETY_EQUIPMENT,DRIVER_ACTION,DRIVER_VISION,PHYSICAL_CONDITION,BAC_RESULT VALUE,CELL_PHONE_USE
408769,0,30,0,0,0,3,7,5,0,0,0,23,200,0,26,200,7,0,0,200,200
408771,0,30,0,0,0,0,12,6,0,0,0,21,200,1,0,200,4,200,0,200,200
408771,0,30,0,0,0,0,12,6,0,0,0,21,200,1,24,200,0,200,0,200,200
408771,1,30,0,0,0,0,12,6,0,0,0,21,200,0,21,200,200,200,200,200,200
408771,1,30,0,0,0,0,12,6,0,0,0,21,200,0,24,200,200,200,200,200,200
408773,0,30,0,0,0,3,7,8,0,0,0,0,200,0,200,200,12,200,200,200,200
408773,1,30,0,0,0,3,7,8,0,0,0,0,200,0,200,200,200,200,200,200,200
408777,0,30,0,0,0,3,12,6,0,0,0,0,200,1,0,200,200,200,200,200,200
408777,0,30,0,0,0,3,12,6,0,0,0,0,200,0,57,0,0,0,0,200,200
408781,0,30,0,0,0,3,12,6,0,0,0,0,200,0,57,200,12,200,200,200,200
408781,0,30,0,0,0,3,12,6,0,0,0,0,200,1,36,0,0,0,0,200,200
408802,0,30,1,2,0,3,10,6,0,0,0,0,0,0,200,200,200,200,200,200,200
408802,0,30,1,2,0,3,10,6,0,0,0,0,0,0,48,200,200,0,0,200,200
408806,0,30,200,200,0,3,14,2,0,0,200,200,200,0,26,200,7,12,0,200,200
408806,0,30,200,200,0,3,14,2,0,0,200,200,200,1,37,200,6,200,0,200,200
408811,0,35,200,200,200,200,10,5,0,0,200,11,0,0,200,200,3,200,200,200,200
408811,0,35,200,200,200,200,10,5,0,0,200,11,0,0,46,200,0,0,0,200,200
408811,1,35,200,200,200,200,10,5,0,0,200,11,0,1,34,200,200,200,200,200,200
408817,0,30,0,0,0,3,7,12,0,0,0,25,14,0,200,1,8,0,0,200,200
408817,1,30,0,0,0,3,7,12,0,0,0,25,14,0,200,1,200,200,200,200,200
408821,0,30,2,2,2,3,0,12,0,1,0,5,0,1,200,200,5,200,200,200,200
408821,0,30,2,2,2,3,0,12,0,1,0,5,0,0,42,0,0,0,0,200,200
408821,1,30,2,2,2,3,0,12,0,1,0,5,0,1,200,200,200,200,200,200,200
408821,1,30,2,2,2,3,0,12,0,1,0,5,0,1,200,200,200,200,200,200,200
408821,1,30,2,2,2,3,0,12,0,1,0,5,0,1,200,200,200,200,200,200,200
408827,0,30,1,2,0,3,0,6,0,0,0,0,200,0,44,200,200,200,0,200,200
408827,0,30,1,2,0,3,0,6,0,0,0,0,200,0,23,200,200,200,0,200,200
408834,0,30,0,0,0,3,7,7,0,0,0,0,0,1,200,200,6,200,200,200,200
408841,0,30,1,2,2,3,10,3,0,1,0,34,200,1,26,0,8,200,0,200,200
408841,0,30,1,2,2,3,10,3,0,1,0,34,200,0,200,200,0,200,200,200,200
408841,0,30,1,2,2,3,10,3,0,1,0,34,200,1,39,0,0,0,0,200,200
408841,1,30,1,2,2,3,10,3,0,1,0,34,200,1,25,0,200,200,200,200,200
408841,1,30,1,2,2,3,10,3,0,1,0,34,200,1,3,4,200,200,200,200,200
408841,1,30,1,2,2,3,10,3,0,1,0,34,200,1,33,0,200,200,200,200,200
408843,0,30,200,200,0,3,14,5,0,0,0,0,200,1,200,200,6,200,200,200,200
408843,0,30,200,200,0,3,14,5,0,0,0,0,200,1,28,0,12,0,0,200,200
408843,1,30,200,200,0,3,14,5,0,0,0,0,200,1,200,200,200,200,200,200,200
408843,1,30,200,200,0,3,14,5,0,0,0,0,200,1,200,200,200,200,200,200,200
408843,1,30,200,200,0,3,14,5,0,0,0,0,200,1,200,4,200,200,200,200,200
408853,0,30,0,12,0,3,7,2,0,0,200,0,0,1,29,200,12,12,1,200,200
408853,0,30,0,12,0,3,7,2,0,0,200,0,0,1,18,200,0,200,0,200,200
408853,1,30,0,12,0,3,7,2,0,0,200,0,0,0,200,200,200,200,200,200,200
408853,1,30,0,12,0,3,7,2,0,0,200,0,0,1,49,200,200,200,200,200,200
408855,4,30,0,200,0,3,8,5,0,200,200,0,200,0,20,200,12,12,7,200,200
408856,0,30,1,2,2,3,14,3,0,1,0,14,17,0,200,200,1,200,200,200,200
408856,0,30,1,2,2,3,14,3,0,1,0,14,17,0,27,0,0,0,0,200,200
408857,0,30,0,0,0,0,7,5,0,0,0,32,200,0,68,200,1,0,5,200,200
408857,1,30,0,0,0,0,7,5,0,0,0,32,200,1,35,200,200,200,200,200,200
408861,0,35,1,2,0,0,12,6,0,0,0,22,200,1,35,0,0,0,12,200,200
408861,0,35,1,2,0,0,12,6,0,0,0,22,200,2,200,200,4,200,200,200,200
408864,0,20,0,0,2,3,7,5,0,1,0,0,0,1,34,200,0,0,0,200,200
408867,0,25,0,0,0,3,7,5,0,0,0,20,0,0,22,0,6,0,0,200,200
408872,0,30,2,2,0,3,10,5,0,0,0,14,16,0,200,200,8,200,200,200,200
408872,0,30,2,2,0,3,10,5,0,0,0,14,16,1,39,0,0,0,0,200,200
408872,1,30,2,2,0,3,10,5,0,0,0,14,16,0,55,0,200,200,200,200,200
408872,1,30,2,2,0,3,10,5,0,0,0,14,16,1,16,0,200,200,200,200,200
408881,0,30,0,0,0,3,7,6,0,0,12,16,16,0,24,0,12,0,0,200,200
408882,0,35,0,0,0,1,10,3,0,0,0,200,200,2,200,200,1,200,200,200,200
408882,0,35,0,0,0,1,10,3,0,0,0,200,200,0,26,0,0,0,0,200,200
408884,0,25,0,0,0,1,7,5,0,0,0,0,0,2,200,200,200,200,200,200,200
408887,0,30,1,2,2,3,14,2,0,1,0,14,0,0,33,200,8,0,0,200,200
408887,0,30,1,2,2,3,14,2,0,1,0,14,0,0,51,200,0,0,0,200,200
408887,1,30,1,2,2,3,14,2,0,1,0,14,0,1,45,200,200,200,200,200,200
408890,0,30,1,2,0,3,12,5,0,0,0,21,200,0,51,200,4,0,0,200,200
408890,0,30,1,2,0,3,12,5,0,0,0,21,200,0,44,200,0,0,0,200,200
408891,0,30,0,0,0,3,2,6,0,0,0,8,200,1,68,0,12,0,0,200,200
408895,0,30,2,2,2,3,0,5,0,1,0,0,0,1,61,200,200,0,200,200,200
408895,0,30,2,2,2,3,0,5,0,1,0,0,0,0,30,200,200,0,200,200,200
408897,0,30,1,200,0,3,10,5,0,0,0,18,0,0,200,200,3,200,200,200,200
408897,0,30,1,200,0,3,10,5,0,0,0,18,0,0,18,0,0,0,0,200,200
408897,1,30,1,200,0,3,10,5,0,0,0,18,0,0,19,0,200,200,200,200,200
408898,0,35,0,0,0,3,14,5,0,0,0,23,0,1,48,0,7,200,0,200,200
408898,0,35,0,0,0,3,14,5,0,0,0,23,0,1,28,0,0,0,0,200,200
408901,0,30,0,0,0,3,10,5,0,0,0,0,0,2,200,200,200,200,200,200,200
408901,0,30,0,0,0,3,10,5,0,0,0,0,0,1,41,200,0,0,0,200,200
408913,0,30,0,0,0,3,4,2,0,0,12,0,200,0,64,3,12,0,0,200,200
408923,0,30,0,0,2,3,7,5,0,1,0,14,15,1,20,200,8,200,200,200,200
408923,1,30,0,0,2,3,7,5,0,1,0,14,15,1,20,200,200,200,200,200,200
408923,1,30,0,0,2,3,7,5,0,1,0,14,15,2,200,200,200,200,200,200,200
408923,1,30,0,0,2,3,7,5,0,1,0,14,15,2,200,200,200,200,200,200,200
408925,0,35,0,0,0,200,10,6,0,200,200,0,200,1,200,200,200,200,200,200,200
408925,0,35,0,0,0,200,10,6,0,200,200,0,200,0,31,200,200,200,200,200,200
408936,0,30,1,2,0,3,7,2,0,0,0,12,0,0,68,0,12,4,0,200,200
408942,0,30,0,0,0,3,12,2,0,200,200,21,25,2,200,200,200,200,200,200,200
408942,0,30,0,0,0,3,12,2,0,200,200,21,25,0,46,0,0,0,0,200,200
408942,1,30,0,0,0,3,12,2,0,200,200,21,25,200,200,200,200,200,200,200,200
408942,1,30,0,0,0,3,12,2,0,200,200,21,25,0,45,0,200,200,200,200,200
408950,0,30,1,2,0,3,10,2,0,0,0,0,0,1,200,200,3,200,200,200,200
408950,0,30,1,2,0,3,10,2,0,0,0,0,0,1,36,0,0,0,0,200,200
408950,1,30,1,2,0,3,10,2,0,0,0,0,0,1,19,0,200,200,200,200,200
408950,1,30,1,2,0,3,10,2,0,0,0,0,0,0,19,0,200,200,200,200,200
408963,0,30,0,0,0,3,7,5,0,0,0,8,200,0,38,0,12,0,0,200,200
408969,0,30,0,0,0,3,7,6,0,0,200,32,32,0,31,200,12,200,5,0.2,200
408970,0,30,1,2,0,3,14,1,0,0,0,0,200,0,200,200,2,200,200,200,200
408970,0,30,1,2,0,3,14,1,0,0,0,0,200,0,60,0,0,0,0,200,200
408972,0,30,1,2,2,3,10,6,0,1,200,18,16,1,50,200,3,200,200,200,200
408972,0,30,1,2,2,3,10,6,0,1,200,18,16,0,27,200,0,200,0,200,200
408982,0,30,0,12,0,3,7,5,0,200,200,0,200,1,51,200,12,200,0,200,200
408983,0,30,0,2,0,3,2,5,0,0,0,2,200,1,38,200,7,200,0,200,200
408985,0,25,0,0,0,0,7,6,0,1,0,25,0,2,200,200,9,200,200,200,200
408990,0,30,1,2,0,3,10,5,0,0,0,0,200,2,200,200,200,200,200,200,200
408990,0,30,1,2,0,3,10,5,0,0,0,0,200,0,22,200,200,0,12,200,200
408996,0,30,1,2,0,3,0,2,0,0,0,6,200,2,200,200,200,200,200,200,200
408996,0,30,1,2,0,3,0,2,0,0,0,6,200,0,39,200,0,0,0,200,200
408996,1,30,1,2,0,3,0,2,0,0,0,6,200,1,200,200,200,200,200,200,200
408997,0,35,0,2,0,3,12,5,0,0,0,17,23,0,28,0,1,0,0,200,200
408997,0,35,0,2,0,3,12,5,0,0,0,17,23,0,32,0,0,0,0,200,200
408997,1,35,0,2,0,3,12,5,0,0,0,17,23,0,28,1,200,200,200,200,200
408999,0,30,0,0,0,3,7,5,0,0,0,21,0,0,47,200,12,0,0,200,200
409005,0,30,0,0,0,3,14,5,0,0,0,23,200,2,200,200,7,200,200,200,200
409005,0,30,0,0,0,3,14,5,0,0,0,23,200,1,24,200,0,200,0,200,200
409008,0,30,0,0,0,2,3,5,0,0,0,21,4,2,200,200,200,200,200,200,200
409008,0,30,0,0,0,2,3,5,0,0,0,21,4,0,32,200,200,0,0,200,200
409010,0,30,0,0,0,3,9,5,0,0,0,0,0,0,200,200,200,200,200,200,200
409010,5,30,0,0,0,3,9,5,0,0,0,0,0,1,35,200,200,200,200,200,200
409011,0,20,0,0,1,3,7,6,0,0,0,12,12,1,61,0,0,0,0,200,200
409014,0,20,0,0,0,3,7,12,0,0,0,14,200,1,22,200,8,0,200,200,200
409017,0,25,0,0,0,0,3,2,0,0,12,16,0,0,21,0,1,12,0,200,200
409017,0,25,0,0,0,0,3,2,0,0,12,16,0,0,28,0,200,0,0,200,200
409018,0,30,1,2,0,3,14,5,0,0,0,14,17,1,29,0,0,0,0,200,200
409018,0,30,1,2,0,3,14,5,0,0,0,14,17,0,26,0,14,0,0,200,200
409024,0,30,1,2,0,3,9,6,0,12,1,17,28,0,22,0,1,0,0,200,200
409024,5,30,1,2,0,3,9,6,0,12,1,17,28,0,61,7,0,0,0,200,200
409024,1,30,1,2,0,3,9,6,0,12,1,17,28,1,21,0,200,200,200,200,200
409036,0,30,0,0,0,3,3,5,0,0,0,0,21,0,62,0,200,200,2,200,200
409036,0,30,0,0,0,3,3,5,0,0,0,0,21,0,43,0,200,200,0,200,200
409048,0,30,0,0,0,3,7,2,0,0,0,0,200,0,200,200,200,200,200,200,200
409054,0,30,1,2,0,3,10,5,0,0,0,16,27,0,28,0,3,0,0,200,200
409054,0,30,1,2,0,3,10,5,0,0,0,16,27,0,51,0,0,0,0,200,200
409056,0,30,0,0,0,3,2,5,0,0,0,0,0,2,200,200,200,200,200,200,200
409056,0,30,0,0,0,3,2,5,0,0,0,0,0,0,24,200,200,200,0,200,200
409058,0,15,0,0,0,3,7,5,0,0,0,0,200,0,200,200,200,200,200,200,200
409058,1,15,0,0,0,3,7,5,0,0,0,0,200,0,200,200,200,200,200,200,200
409058,1,15,0,0,0,3,7,5,0,0,0,0,200,0,200,200,200,200,200,200,200
409061,0,30,0,0,0,3,7,2,0,0,0,16,33,0,23,200,8,200,200,200,200
409066,0,30,1,2,6,3,10,3,0,0,0,18,16,0,39,0,3,0,0,200,200
409066,0,30,1,2,6,3,10,3,0,0,0,18,16,0,61,0,0,0,0,200,200
409066,1,30,1,2,6,3,10,3,0,0,0,18,16,0,31,0,200,200,200,200,200
409067,0,25,6,2,6,2,10,5,0,200,200,18,200,0,200,200,3,200,200,200,200
409067,0,25,6,2,6,2,10,5,0,200,200,18,200,1,51,0,0,200,0,200,200
409067,1,25,6,2,6,2,10,5,0,200,200,18,200,0,65,0,200,200,200,200,200
409071,0,30,0,0,0,3,2,2,0,0,0,0,200,2,200,200,200,200,200,200,200
409074,0,30,0,0,0,3,7,6,0,0,0,0,0,0,38,200,1,200,200,200,200
409084,0,30,0,0,2,3,7,7,0,0,0,0,200,1,25,0,200,200,0,200,200
409106,0,30,0,1,0,3,10,8,2,0,0,200,200,0,200,200,12,200,200,200,200
409106,0,30,0,1,0,3,10,8,2,0,0,200,200,1,200,200,12,200,200,200,200
409106,0,30,0,1,0,3,10,8,2,0,0,200,200,0,45,0,12,0,0,200,200
409108,0,30,1,2,0,3,3,2,0,0,0,27,0,1,200,200,9,0,200,200,200
409108,0,30,1,2,0,3,3,2,0,0,0,27,0,0,32,0,0,0,0,200,200
409110,0,20,0,0,0,3,7,6,0,0,0,8,14,1,200,200,12,200,200,200,200
409116,0,20,0,0,0,0,2,0,0,0,0,0,200,2,200,200,200,200,200,200,200
409122,0,30,0,0,0,1,14,3,0,0,0,23,22,0,51,0,7,0,0,200,200
409122,0,30,0,0,0,1,14,3,0,0,0,23,22,0,27,3,0,0,0,200,200
409125,0,30,1,2,0,1,9,5,0,0,0,17,11,1,32,200,1,0,0,200,200
409125,5,30,1,2,0,1,9,5,0,0,0,17,11,0,56,7,12,12,0,200,200
409126,0,30,0,0,0,1,7,2,0,0,0,21,200,0,33,200,12,200,0,200,200
409134,0,20,0,0,0,2,7,6,0,0,0,0,200,2,200,200,200,5,200,200,200
409136,0,35,0,0,0,1,7,5,0,0,0,15,16,1,29,200,8,0,0,200,200
409136,1,35,0,0,0,1,7,5,0,0,0,15,16,0,26,200,200,200,200,200,200
409144,0,30,0,0,0,1,12,5,0,0,0,0,0,0,38,0,200,0,0,200,200
409144,0,30,0,0,0,1,12,5,0,0,0,0,0,0,29,0,0,0,0,200,200
409148,0,30,2,2,0,1,2,5,0,0,0,32,27,1,22,1,12,0,5,200,200
409157,0,30,0,0,0,1,10,3,0,0,0,18,200,1,62,0,3,0,0,200,200
409157,0,30,0,0,0,1,10,3,0,0,0,18,200,0,26,0,0,0,0,200,200
409159,0,15,0,0,0,1,7,0,0,0,0,32,32,0,41,0,1,0,5,0.12,200
409166,0,0,1,2,0,1,12,2,0,0,0,16,0,1,23,200,200,200,200,200,200
409166,0,0,1,2,0,1,12,2,0,0,0,16,0,1,41,200,0,0,0,200,200
409166,1,0,1,2,0,1,12,2,0,0,0,16,0,0,200,200,200,200,200,200,200
409168,0,30,1,2,0,1,8,5,0,0,0,17,200,1,54,0,1,0,0,200,200
409168,4,30,1,2,0,1,8,5,0,0,0,17,200,200,200,7,1,0,0,200,200
409180,0,30,1,2,0,1,14,5,0,0,0,0,0,0,200,200,200,200,200,200,200
409180,0,30,1,2,0,1,14,5,0,0,0,0,0,0,61,0,0,0,0,200,200
409218,0,30,0,0,0,1,2,7,0,0,0,0,0,0,32,0,200,0,0,200,200
409218,1,30,0,0,0,1,2,7,0,0,0,0,0,1,200,0,200,200,200,200,200
409221,0,25,0,0,0,1,7,5,0,0,0,0,0,1,200,200,200,200,200,200,200
409224,0,15,2,2,0,1,2,6,2,0,0,0,200,2,200,200,200,200,200,200,200
409225,0,30,0,0,0,1,7,2,0,0,0,18,200,2,200,200,3,200,200,200,200
409230,0,20,0,0,0,1,7,6,0,200,200,0,0,0,18,200,200,200,200,200,200
409231,0,30,0,0,0,0,10,3,0,0,0,18,200,2,200,200,3,200,200,200,200
409231,0,30,0,0,0,0,10,3,0,0,0,18,200,0,79,0,0,0,0,200,200
409245,0,30,1,2,0,1,4,6,0,0,0,12,0,1,54,0,0,0,0,200,200
409247,0,30,12,0,0,1,7,12,0,0,0,25,200,2,200,200,200,200,200,200,200
409248,0,25,1,2,0,1,10,6,0,0,0,18,200,1,41,0,3,200,0,200,200
409248,0,25,1,2,0,1,10,6,0,0,0,18,200,0,44,0,0,0,0,200,200
409262,0,25,0,0,0,3,7,12,0,0,0,20,200,2,200,200,6,200,200,200,200
409265,0,35,0,0,0,1,7,5,0,0,0,0,0,2,200,200,200,200,200,200,200
409266,0,30,1,2,0,1,14,2,0,0,0,17,0,1,54,0,200,0,7,200,200
409266,0,30,1,2,0,1,14,2,0,0,0,17,0,1,53,1,1,0,7,200,200
409269,0,30,1,2,0,1,12,5,0,0,0,22,200,0,200,200,12,200,200,200,200
409269,0,30,1,2,0,1,12,5,0,0,0,22,200,1,60,200,0,0,0,200,200
409270,0,30,2,2,0,3,14,2,0,0,0,17,0,1,53,0,1,3,0,200,200
409270,0,30,2,2,0,3,14,2,0,0,0,17,0,0,19,0,0,0,0,200,200
409273,0,30,0,0,0,1,10,5,0,0,0,18,18,1,29,0,3,0,200,200,200
409273,0,30,0,0,0,1,10,5,0,0,0,18,18,0,51,0,0,0,0,200,200
409273,1,30,0,0,0,1,10,5,0,0,0,18,18,1,200,0,200,200,200,200,200
409277,0,25,0,0,0,200,7,6,0,200,0,11,0,2,200,200,200,200,200,200,200
409286,0,25,0,0,0,1,7,5,0,0,0,20,200,0,61,200,6,200,0,200,200
409287,0,25,0,0,200,200,7,6,0,200,0,0,0,2,200,200,200,200,200,200,200
409291,0,30,0,0,0,1,7,5,0,0,0,0,0,1,31,0,10,0,0,200,200
409297,0,0,0,0,0,1,3,6,0,0,0,20,11,2,200,200,6,200,200,200,200
409297,0,0,0,0,0,1,3,6,0,0,0,20,11,0,51,0,0,0,0,200,200
409310,0,30,1,2,0,1,10,5,0,0,0,18,16,1,200,200,3,200,200,200,200
409310,0,30,1,2,0,1,10,5,0,0,0,18,16,1,63,200,0,0,0,200,200
409311,0,10,0,0,0,1,0,7,0,0,0,20,20,1,49,200,6,0,0,200,200
409311,0,10,0,0,0,1,0,7,0,0,0,20,20,0,31,0,0,0,0,200,200
409311,1,10,0,0,0,1,0,7,0,0,0,20,20,1,27,0,200,200,200,200,200
409314,0,30,0,0,0,1,10,5,0,0,0,18,18,1,50,0,3,0,0,200,200
409314,0,30,0,0,0,1,10,5,0,0,0,18,18,1,27,0,0,0,0,200,200
409314,0,30,0,0,0,1,10,5,0,0,0,18,18,1,39,0,0,0,0,200,200
409324,0,20,0,0,0,1,14,5,0,0,0,0,22,1,47,0,2,0,0,200,200
409324,0,20,0,0,0,1,14,5,0,0,0,0,22,1,29,0,0,0,0,200,200
409324,1,20,0,0,0,1,14,5,0,0,0,0,22,1,200,0,200,200,200,200,200
409331,0,30,0,0,0,3,2,3,0,0,4,13,200,0,29,1,12,12,0,200,200
409332,0,15,0,0,0,1,12,0,0,0,200,22,0,0,200,200,2,200,200,200,200
409332,0,15,0,0,0,1,12,0,0,0,200,22,0,0,46,200,0,200,0,200,200
409332,1,15,0,0,0,1,12,0,0,0,200,22,0,0,47,200,200,200,200,200,200
409337,0,30,0,0,0,1,7,2,0,0,1,0,0,2,200,200,200,200,200,200,200
409342,0,10,0,0,0,1,7,7,0,0,0,0,200,0,36,0,0,0,0,200,200
409343,0,30,1,2,0,1,14,5,0,0,0,0,0,0,32,200,5,0,200,200,200
409343,0,30,1,2,0,1,14,5,0,0,0,0,0,1,46,0,0,0,0,200,200
409346,5,35,1,2,0,1,9,5,0,0,0,11,0,1,25,7,12,200,0,200,200
409346,0,35,1,2,0,1,9,5,0,0,0,11,0,0,200,200,1,200,200,200,200
409347,0,25,1,2,0,1,9,6,0,0,0,17,6,0,64,200,1,200,0,200,200
409347,5,25,1,2,0,1,9,6,0,0,0,17,6,1,32,7,200,0,0,200,200
409351,0,35,0,0,0,200,12,5,0,0,0,200,200,2,200,200,200,200,200,200,200
409351,0,35,0,0,0,200,12,5,0,0,0,200,200,0,29,0,0,0,0,200,200
409354,0,30,0,0,0,1,12,2,0,0,0,22,21,1,54,200,2,0,200,200,200
409354,0,30,0,0,0,1,12,2,0,0,0,22,21,1,48,0,0,0,0,200,200
409355,0,30,0,0,0,1,7,3,0,0,0,21,0,0,28,200,200,0,0,200,200
409355,1,30,0,0,0,1,7,3,0,0,0,21,0,0,23,200,200,200,200,200,200
409355,1,30,0,0,0,1,7,3,0,0,0,21,0,0,29,200,200,200,200,200,200
409355,1,30,0,0,0,1,7,3,0,0,0,21,0,0,2,200,200,200,200,200,200
409355,1,30,0,0,0,1,7,3,0,0,0,21,0,0,32,7,200,200,200,200,200
409365,0,30,1,2,0,1,10,2,0,0,0,18,16,0,26,0,3,0,0,200,200
409365,0,30,1,2,0,1,10,2,0,0,0,18,16,1,37,0,0,0,0,200,200
409365,1,30,1,2,0,1,10,2,0,0,0,18,16,0,37,0,200,200,200,200,200
409366,0,30,0,0,0,3,10,6,0,0,0,22,200,0,200,200,2,200,200,200,200
409366,0,30,0,0,0,3,10,6,0,0,0,22,200,0,37,200,200,200,0,200,200
409366,0,30,0,0,0,3,10,6,0,0,0,22,200,1,51,0,200,0,0,200,200
409369,0,30,0,0,0,200,7,5,0,200,0,0,200,2,200,200,200,200,200,200,200
409372,0,30,1,2,0,1,10,2,0,0,0,18,18,0,50,0,3,0,0,200,200
409372,0,30,1,2,0,1,10,2,0,0,0,18,18,1,47,0,3,0,0,200,200
409379,0,30,2,2,0,1,10,5,0,0,0,18,200,1,200,200,3,200,200,200,200
409379,0,30,2,2,0,1,10,5,0,0,0,18,200,1,69,0,0,0,0,200,200
409379,1,30,2,2,0,1,10,5,0,0,0,18,200,1,200,200,200,200,200,200,200
409379,1,30,2,2,0,1,10,5,0,0,0,18,200,0,200,200,200,200,200,200,200
409379,1,30,2,2,0,1,10,5,0,0,0,18,200,0,200,200,200,200,200,200,200
409384,0,30,1,3,0,1,14,2,0,0,0,200,200,1,42,200,5,200,0,200,200
409384,0,30,1,3,0,1,14,2,0,0,0,200,200,0,25,200,200,200,0,200,200
409384,1,30,1,3,0,1,14,2,0,0,0,200,200,1,26,200,200,200,200,200,200
409388,0,10,0,0,0,1,12,6,0,0,0,0,0,0,200,200,4,0,0,200,200
409388,0,10,0,0,0,1,12,6,0,0,0,0,0,0,61,0,0,0,0,200,200
409395,0,30,1,2,0,1,10,2,0,0,0,0,0,0,28,200,3,200,200,200,200
409395,0,30,1,2,0,1,10,2,0,0,0,0,0,1,40,0,0,0,0,200,200
409395,1,30,1,2,0,1,10,2,0,0,0,0,0,1,60,0,200,200,200,200,200
409395,1,30,1,2,0,1,10,2,0,0,0,0,0,1,11,0,200,200,200,200,200
409406,0,20,0,0,0,1,7,7,0,0,0,20,0,1,200,200,6,200,200,200,200
409406,1,20,0,0,0,1,7,7,0,0,0,20,0,1,43,0,200,200,200,200,200
409409,0,15,0,0,200,200,2,0,0,200,200,0,0,2,200,200,200,200,200,200,200
409413,0,30,0,0,0,1,10,5,0,0,0,18,0,0,34,0,1,0,0,200,200
409413,0,30,0,0,0,1,10,5,0,0,0,18,0,0,29,0,0,0,0,200,200
409416,0,30,0,0,0,1,14,6,0,0,0,23,23,0,61,0,7,0,0,200,200
409416,0,30,0,0,0,1,14,6,0,0,0,23,23,0,65,0,0,0,0,200,200
409417,0,30,0,0,0,1,14,12,0,0,0,17,21,0,66,0,1,0,0,200,200
409417,0,30,0,0,0,1,14,12,0,0,0,17,21,0,60,0,0,0,0,200,200
409423,0,30,1,2,0,1,14,5,0,0,0,17,200,0,0,0,1,0,0,200,200
409423,0,30,1,2,0,1,14,5,0,0,0,17,200,0,0,0,1,0,0,200,200
409424,0,30,1,2,0,1,0,12,2,0,0,3,33,1,51,0,5,12,0,200,200
409424,0,30,1,2,0,1,0,12,2,0,0,3,33,0,48,0,0,12,0,200,200
409424,1,30,1,2,0,1,0,12,2,0,0,3,33,1,39,0,200,200,200,200,200
409424,1,30,1,2,0,1,0,12,2,0,0,3,33,1,4,5,200,200,200,200,200
409424,1,30,1,2,0,1,0,12,2,0,0,3,33,1,7,5,200,200,200,200,200
409424,1,30,1,2,0,1,0,12,2,0,0,3,33,0,3,5,200,200,200,200,200
409428,0,30,0,0,200,200,7,6,0,200,0,22,16,2,200,200,200,200,200,200,200
409429,0,25,0,0,0,1,7,5,0,0,0,0,200,1,200,200,3,200,200,200,200
409433,0,35,2,0,2,1,0,2,0,1,0,9,200,1,36,0,5,0,0,200,200
409433,0,35,2,0,2,1,0,2,0,1,0,9,200,1,26,200,0,200,200,200,200
409437,0,30,0,0,0,1,10,5,0,0,0,20,20,2,200,200,200,200,200,200,200
409437,0,30,0,0,0,1,10,5,0,0,0,20,20,0,55,0,0,0,0,200,200
409438,0,30,0,0,0,1,10,5,0,0,0,18,200,1,25,0,3,0,0,200,200
409438,0,30,0,0,0,1,10,5,0,0,0,18,200,0,31,0,0,0,0,200,200
409440,0,30,0,0,0,1,0,6,0,200,200,17,17,1,22,0,1,200,0,200,200
409440,0,30,0,0,0,1,0,6,0,200,200,17,17,1,29,0,12,200,0,200,200
409442,0,30,0,0,0,1,10,2,0,0,1,18,200,0,45,0,3,0,0,200,200
409442,0,30,0,0,0,1,10,2,0,0,1,18,200,0,200,0,0,0,0,200,200
409449,0,30,1,2,0,3,14,12,0,0,0,6,16,1,18,0,200,0,0,200,200
409449,0,30,1,2,0,3,14,12,0,0,0,6,16,0,49,0,1,0,0,200,200
409449,4,30,1,2,0,3,14,12,0,0,0,6,16,0,34,200,0,0,0,200,200
409449,1,30,1,2,0,3,14,12,0,0,0,6,16,200,200,0,200,200,200,200,200
409449,1,30,1,2,0,3,14,12,0,0,0,6,16,1,200,0,200,200,200,200,200
409452,0,30,0,0,0,1,7,5,0,0,0,20,0,2,200,200,2,200,200,200,200
409454,0,25,0,0,200,200,7,5,0,0,0,0,200,2,200,200,200,200,200,200,200
409455,0,25,0,0,0,1,12,6,0,0,1,21,200,1,19,200,2,0,0,200,200
409455,0,25,0,0,0,1,12,6,0,0,1,21,200,1,54,200,0,0,0,200,200
409461,0,30,0,0,0,1,7,7,0,0,0,11,200,1,66,0,12,0,0,200,200
409480,0,30,0,0,0,200,2,0,0,0,0,0,0,2,200,200,200,200,200,200,200
409482,0,30,3,0,0,1,0,7,0,0,0,20,200,0,54,0,6,200,0,200,200
409482,0,30,3,0,0,1,0,7,0,0,0,20,200,0,39,0,0,0,0,200,200
409483,0,30,0,0,0,1,2,6,0,0,0,0,200,2,200,200,200,200,200,200,200
409484,0,30,0,0,0,1,2,2,0,0,0,0,200,2,200,200,200,200,200,200,200
409489,0,0,0,0,0,1,7,7,0,0,0,0,0,2,200,200,200,200,200,200,200
409491,0,10,0,0,0,1,7,7,0,0,0,0,0,0,55,200,6,200,200,200,200
409500,0,30,1,2,0,1,14,5,0,0,0,0,0,0,27,0,200,200,0,200,200