RD_NO,PERSON_TYPE,POSTED_SPEED_LIMIT,TRAFFIC_CONTROL_DEVICE,DEVICE_CONDITION,WEATHER_CONDITION,LIGHTING_CONDITION,FIRST_CRASH_TYPE,TRAFFICWAY_TYPE,ALIGNMENT,ROADWAY_SURFACE_COND,ROAD_DEFECT,PRIM_CONTRIBUTORY_CAUSE,SEC_CONTRIBUTORY_CAUSE,SEX,AGE,SAFETY_EQUIPMENT,DRIVER_ACTION,DRIVER_VISION,PHYSICAL_CONDITION,BAC_RESULT VALUE,CELL_PHONE_USE
409500,0,30,1,2,0,1,14,5,0,0,0,0,0,0,83,0,200,0,0,200,200
409500,1,30,1,2,0,1,14,5,0,0,0,0,0,0,26,0,200,200,200,200,200
409500,1,30,1,2,0,1,14,5,0,0,0,0,0,0,26,0,200,200,200,200,200
409500,1,30,1,2,0,1,14,5,0,0,0,0,0,1,26,0,200,200,200,200,200
409500,1,30,1,2,0,1,14,5,0,0,0,0,0,0,26,0,200,200,200,200,200
409501,0,30,0,0,0,1,2,5,0,0,1,0,200,0,37,0,12,0,0,200,200
409506,0,5,0,0,0,1,9,0,0,200,200,0,0,1,200,200,12,200,200,200,200
409506,5,5,0,0,0,1,9,0,0,200,200,0,0,1,31,200,0,200,0,200,200
409508,0,30,0,0,0,0,10,5,0,0,0,18,200,1,21,0,3,0,0,200,200
409508,0,30,0,0,0,0,10,5,0,0,0,18,200,1,60,0,0,0,0,200,200
409514,0,30,1,5,0,1,12,5,0,0,0,0,0,1,61,7,0,0,0,200,200
409514,0,30,1,5,0,1,12,5,0,0,0,0,0,2,44,0,0,0,0,200,200
409516,0,30,2,200,0,1,10,5,0,0,200,0,0,1,200,200,200,200,200,200,200
409516,0,30,2,200,0,1,10,5,0,0,200,0,0,0,64,0,0,200,200,200,200
409519,0,25,1,2,0,3,7,6,0,0,0,15,6,0,200,200,8,200,200,200,200
409524,0,30,0,0,0,1,7,7,0,0,0,18,200,1,28,0,3,0,0,200,200
409528,0,30,0,200,0,1,7,5,0,200,200,0,0,0,200,200,12,200,200,200,200
409543,0,30,0,0,0,1,2,5,0,0,0,0,0,0,30,0,200,0,0,200,200
409545,0,35,1,2,0,1,10,5,0,0,0,0,0,0,33,0,0,0,0,200,200
409545,0,35,1,2,0,1,10,5,0,0,0,0,0,1,34,0,0,0,0,200,200
409545,1,35,1,2,0,1,10,5,0,0,0,0,0,1,33,0,200,200,200,200,200
409555,0,30,1,2,0,1,14,3,0,0,0,23,17,1,200,200,1,0,0,200,200
409555,0,30,1,2,0,1,14,3,0,0,0,23,17,1,200,200,1,0,0,200,200
409558,0,20,0,0,0,1,7,2,0,0,200,0,20,1,200,200,6,200,200,200,200
409560,0,45,0,0,0,1,12,3,0,0,0,0,200,2,200,200,200,200,200,200,200
409560,0,45,0,0,0,1,12,3,0,0,0,0,200,0,50,0,0,0,0,200,200
409562,0,30,0,0,0,1,0,7,0,0,0,20,11,0,60,0,6,0,0,200,200
409562,0,30,0,0,0,1,0,7,0,0,0,20,11,1,33,0,12,0,0,200,200
409562,1,30,0,0,0,1,0,7,0,0,0,20,11,1,62,0,200,200,200,200,200
409563,0,30,0,0,0,1,0,0,0,0,0,200,200,1,23,0,0,0,0,200,200
409563,0,30,0,0,0,1,0,0,0,0,0,200,200,0,20,0,0,0,0,200,200
409564,0,30,0,0,0,1,7,5,0,0,0,0,200,0,42,200,200,200,200,200,200
409565,4,35,0,0,0,1,8,5,0,0,0,35,200,0,28,7,1,0,0,200,200
409565,0,35,0,0,0,1,8,5,0,0,0,35,200,1,63,0,0,0,0,200,200
409569,1,30,0,0,0,1,12,5,0,0,0,0,0,1,200,0,200,200,200,200,200
409569,0,30,0,0,0,1,12,5,0,0,0,0,0,0,35,0,0,0,0,200,200
409569,0,30,0,0,0,1,12,5,0,0,0,0,0,0,57,0,0,0,0,200,200
409569,1,30,0,0,0,1,12,5,0,0,0,0,0,1,200,0,200,200,200,200,200
409569,1,30,0,0,0,1,12,5,0,0,0,0,0,0,200,0,200,200,200,200,200
409573,0,20,0,0,200,200,7,7,0,0,0,0,0,2,200,200,200,200,200,200,200
409574,0,30,0,0,0,1,7,5,0,0,0,28,0,1,32,0,12,0,0,200,200
409577,0,30,1,2,0,1,14,3,0,0,0,17,0,1,75,0,1,0,0,200,200
409577,0,30,1,2,0,1,14,3,0,0,0,17,0,0,56,0,0,0,0,200,200
409577,1,30,1,2,0,1,14,3,0,0,0,17,0,0,200,200,200,200,200,200,200
409577,1,30,1,2,0,1,14,3,0,0,0,17,0,1,200,200,200,200,200,200,200
409578,0,30,1,2,0,1,3,2,0,0,0,20,200,0,43,200,6,200,200,200,200
409578,0,30,1,2,0,1,3,2,0,0,0,20,200,1,43,200,0,0,0,200,200
409583,0,25,0,0,0,1,10,5,0,0,0,0,0,1,23,200,1,0,0,200,200
409583,0,25,0,0,0,1,10,5,0,0,0,0,0,1,30,200,0,0,0,200,200
409587,0,30,0,0,0,1,7,6,0,0,0,22,200,0,59,200,7,200,200,200,200
409589,0,30,0,0,0,1,9,6,0,0,0,0,0,0,200,200,200,200,200,200,200
409589,5,30,0,0,0,1,9,6,0,0,0,0,0,0,200,200,0,12,0,200,200
409591,0,30,1,2,0,1,10,5,0,0,0,18,200,1,200,200,200,200,200,200,200
409591,0,30,1,2,0,1,10,5,0,0,0,18,200,1,32,200,0,0,0,200,200
409592,0,30,0,0,0,1,7,5,0,0,0,200,200,1,200,200,0,200,200,200,200
409598,0,0,0,0,0,1,9,5,0,0,0,0,0,1,200,200,200,200,200,200,200
409598,5,0,0,0,0,1,9,5,0,0,0,0,0,0,65,200,0,200,0,200,200
409600,0,35,3,2,0,1,12,5,0,0,0,22,17,0,32,0,2,0,0,200,200
409600,0,35,3,2,0,1,12,5,0,0,0,22,17,0,29,0,0,0,0,200,200
409601,0,30,1,1,0,1,2,5,0,0,0,0,200,1,53,0,200,0,0,200,200
409605,0,30,1,2,0,1,0,2,0,0,0,6,200,1,26,0,5,0,0,200,200
409605,0,30,1,2,0,1,0,2,0,0,0,6,200,0,62,0,0,0,0,200,200
409605,1,30,1,2,0,1,0,2,0,0,0,6,200,1,6,0,200,200,200,200,200
409606,0,30,0,0,0,1,7,7,0,0,0,0,0,2,200,200,200,200,200,200,200
409610,0,20,2,200,0,1,0,6,0,0,0,10,200,1,38,0,200,0,0,200,200
409610,0,20,2,200,0,1,0,6,0,0,0,10,200,0,37,2,9,0,0,200,200
409610,1,20,2,200,0,1,0,6,0,0,0,10,200,0,200,2,200,200,200,200,200
409611,0,35,0,0,0,1,10,7,0,0,0,0,0,1,200,200,200,200,200,200,200
409611,0,35,0,0,0,1,10,7,0,0,0,0,0,0,71,0,0,0,0,200,200
409613,0,30,0,0,0,1,7,5,0,0,0,21,200,2,200,200,12,200,200,200,200
409620,0,30,0,0,0,1,12,5,0,0,0,0,0,0,39,200,200,200,200,200,200
409620,0,30,0,0,0,1,12,5,0,0,0,0,0,0,36,0,0,0,0,200,200
409633,0,30,0,0,0,1,7,5,0,0,0,20,11,1,78,0,6,0,0,200,200
409634,0,25,4,2,0,1,12,2,0,0,0,16,17,1,46,200,1,0,0,200,200
409634,0,25,4,2,0,1,12,2,0,0,0,16,17,1,26,200,1,0,0,200,200
409637,0,30,0,0,0,3,7,5,0,0,0,0,200,0,200,200,200,200,200,200,200
409640,0,30,200,2,0,1,7,5,0,1,0,0,0,2,200,200,1,200,200,200,200
409652,0,30,0,0,0,1,10,5,0,0,0,18,200,0,20,0,3,0,0,200,200
409652,0,30,0,0,0,1,10,5,0,0,0,18,200,0,24,0,0,0,0,200,200
409653,0,30,0,0,0,1,0,5,0,0,0,17,200,1,72,0,1,0,0,200,200
409653,0,30,0,0,0,1,0,5,0,0,0,17,200,0,38,0,0,0,0,200,200
409654,0,15,0,0,0,1,10,6,0,0,0,20,200,0,27,0,6,0,0,200,200
409654,0,15,0,0,0,1,10,6,0,0,0,20,200,1,35,0,0,0,0,200,200
409655,0,0,1,1,0,1,14,1,0,0,200,200,200,2,200,200,1,200,200,200,200
409655,0,0,1,1,0,1,14,1,0,0,200,200,200,0,39,0,200,200,0,200,200
409655,1,0,1,1,0,1,14,1,0,0,200,200,200,0,61,1,200,200,200,200,200
409656,0,30,0,0,0,1,14,5,0,0,0,17,200,0,31,200,1,200,0,200,200
409656,0,30,0,0,0,1,14,5,0,0,0,17,200,0,37,200,0,200,0,200,200
409656,1,30,0,0,0,1,14,5,0,0,0,17,200,1,44,200,200,200,200,200,200
409656,1,30,0,0,0,1,14,5,0,0,0,17,200,0,5,5,200,200,200,200,200
409658,0,25,2,2,0,1,0,5,0,0,0,17,200,0,55,0,200,0,0,200,200
409658,0,25,2,2,0,1,0,5,0,0,0,17,200,0,23,0,0,0,0,200,200
409658,1,25,2,2,0,1,0,5,0,0,0,17,200,0,1,0,200,200,200,200,200
409659,0,30,1,2,0,1,10,2,0,0,200,21,0,1,51,0,4,200,0,200,200
409659,0,30,1,2,0,1,10,2,0,0,200,21,0,0,21,0,0,0,0,200,200
409659,1,30,1,2,0,1,10,2,0,0,200,21,0,0,70,0,200,200,200,200,200
409662,0,30,1,2,0,1,12,5,0,0,0,0,200,0,200,200,200,200,200,200,200
409662,0,30,1,2,0,1,12,5,0,0,0,0,200,0,64,0,0,0,0,200,200
409664,0,25,2,1,0,1,0,5,0,0,0,7,200,1,16,0,12,0,0,200,200
409664,0,25,2,1,0,1,0,5,0,0,0,7,200,0,29,0,0,0,0,200,200
409664,1,25,2,1,0,1,0,5,0,0,0,7,200,0,200,0,200,200,200,200,200
409664,1,25,2,1,0,1,0,5,0,0,0,7,200,1,200,7,200,200,200,200,200
409664,1,25,2,1,0,1,0,5,0,0,0,7,200,200,200,0,200,200,200,200,200
409664,1,25,2,1,0,1,0,5,0,0,0,7,200,0,200,0,200,200,200,200,200
409664,1,25,2,1,0,1,0,5,0,0,0,7,200,0,26,0,200,200,200,200,200
409664,1,25,2,1,0,1,0,5,0,0,0,7,200,0,8,7,200,200,200,200,200
409664,1,25,2,1,0,1,0,5,0,0,0,7,200,0,6,0,200,200,200,200,200
409664,1,25,2,1,0,1,0,5,0,0,0,7,200,0,4,0,200,200,200,200,200
409672,4,30,0,0,0,1,8,5,0,0,0,200,200,0,11,200,0,0,0,200,200
409674,0,30,0,0,0,1,10,5,0,0,0,0,0,1,200,200,200,200,200,200,200
409674,0,30,0,0,0,1,10,5,0,0,0,0,0,1,28,0,0,0,0,200,200
409679,0,0,0,0,0,1,7,7,0,0,0,11,0,2,200,200,6,200,200,200,200
409683,0,30,1,200,0,1,9,5,0,0,0,16,200,0,34,7,12,0,0,200,200
409683,5,30,1,200,0,1,9,5,0,0,0,16,200,1,27,7,0,0,0,200,200
409687,0,25,0,0,0,1,7,5,0,0,0,0,200,1,55,0,0,0,0,200,200
409687,1,25,0,0,0,1,7,5,0,0,0,0,200,0,35,0,200,200,200,200,200
409691,0,35,0,0,0,1,7,6,0,0,200,25,0,0,29,200,8,200,200,200,200
409696,0,30,200,200,0,1,2,5,2,0,200,0,200,0,39,200,200,200,200,200,200
409703,0,30,0,0,0,1,7,5,0,0,0,0,0,2,200,200,1,200,200,200,200
409709,0,25,0,0,0,1,7,6,0,0,0,12,0,1,26,0,12,0,0,200,200
409709,1,25,0,0,0,1,7,6,0,0,0,12,0,0,6,5,200,200,200,200,200
409709,1,25,0,0,0,1,7,6,0,0,0,12,0,1,2,5,200,200,200,200,200
409709,1,25,0,0,0,1,7,6,0,0,0,12,0,1,5,5,200,200,200,200,200
409713,0,30,0,0,0,3,7,6,0,0,0,0,200,1,47,0,200,0,0,200,200
409716,0,30,0,0,0,1,12,5,0,0,0,17,200,1,37,200,1,0,0,200,200
409716,0,30,0,0,0,1,12,5,0,0,0,17,200,1,20,200,0,0,0,200,200
409716,1,30,0,0,0,1,12,5,0,0,0,17,200,1,19,200,200,200,200,200,200
409716,1,30,0,0,0,1,12,5,0,0,0,17,200,0,16,200,200,200,200,200,200
409716,1,30,0,0,0,1,12,5,0,0,0,17,200,1,14,200,200,200,200,200,200
409716,1,30,0,0,0,1,12,5,0,0,0,17,200,1,200,200,200,200,200,200,200
409720,0,30,0,0,0,1,7,6,0,200,200,0,200,0,200,200,6,200,200,200,200
409721,0,30,0,0,0,1,2,7,0,0,0,20,200,0,30,200,6,200,0,200,200
409721,1,30,0,0,0,1,2,7,0,0,0,20,200,0,30,7,200,200,200,200,200
409737,0,30,200,200,0,1,9,200,0,0,200,0,200,2,200,200,200,200,200,200,200
409737,5,30,200,200,0,1,9,200,0,0,200,0,200,1,34,7,200,200,0,200,200
409745,0,25,0,0,0,1,10,5,0,0,0,20,200,0,200,200,6,200,200,200,200
409745,0,25,0,0,0,1,10,5,0,0,0,20,200,0,200,0,0,0,0,200,200
409754,0,30,0,0,0,1,7,5,0,0,0,0,0,2,200,200,200,200,200,200,200
409764,0,30,0,0,0,2,7,6,0,0,0,200,200,2,200,200,0,200,200,200,200
409767,0,30,0,0,0,1,12,5,0,0,0,17,200,1,43,0,3,0,0,200,200
409767,0,30,0,0,0,1,12,5,0,0,0,17,200,1,43,0,0,0,0,200,200
409777,0,30,0,0,0,1,0,5,0,0,0,17,200,1,58,0,1,0,0,200,200
409777,0,30,0,0,0,1,0,5,0,0,0,17,200,0,43,0,0,0,0,200,200
409777,1,30,0,0,0,1,0,5,0,0,0,17,200,1,200,0,200,200,200,200,200
409777,1,30,0,0,0,1,0,5,0,0,0,17,200,1,200,5,200,200,200,200,200
409781,0,30,0,0,0,1,14,5,0,200,200,23,22,1,200,200,7,200,200,200,200
409781,0,30,0,0,0,1,14,5,0,200,200,23,22,0,66,0,12,200,0,200,200
409781,1,30,0,0,0,1,14,5,0,200,200,23,22,0,200,200,200,200,200,200,200
409781,1,30,0,0,0,1,14,5,0,200,200,23,22,0,200,0,200,200,200,200,200
409786,0,30,0,0,0,1,7,7,0,0,200,0,0,0,24,0,200,200,200,200,200
409787,0,20,0,0,0,1,7,5,0,0,0,7,7,0,57,0,200,6,0,200,200
409795,0,25,200,2,0,1,12,6,0,0,0,22,17,0,39,200,1,0,0,200,200
409795,0,25,200,2,0,1,12,6,0,0,0,22,17,1,69,200,200,0,0,200,200
409795,1,25,200,2,0,1,12,6,0,0,0,22,17,0,56,200,200,200,200,200,200
409796,0,30,1,2,0,1,12,5,0,0,0,0,200,0,200,200,200,200,200,200,200
409796,0,30,1,2,0,1,12,5,0,0,0,0,200,1,29,0,0,0,0,200,200
409796,1,30,1,2,0,1,12,5,0,0,0,0,200,1,200,200,200,200,200,200,200
409809,0,30,0,0,0,1,11,2,0,0,0,21,200,0,46,0,12,0,3,200,200
409809,0,30,0,0,0,1,11,2,0,0,0,21,200,2,200,200,200,200,200,200,200
409810,0,30,1,2,0,1,14,5,0,0,0,17,200,0,46,200,1,200,200,200,200
409810,0,30,1,2,0,1,14,5,0,0,0,17,200,1,22,0,0,0,0,200,200
409810,1,30,1,2,0,1,14,5,0,0,0,17,200,1,46,0,200,200,200,200,200
409811,0,30,0,0,0,1,12,5,0,0,0,200,200,0,200,200,0,200,200,200,200
409811,0,30,0,0,0,1,12,5,0,0,0,200,200,0,25,0,0,0,0,200,200
409811,1,30,0,0,0,1,12,5,0,0,0,200,200,0,200,0,200,200,200,200,200
409811,1,30,0,0,0,1,12,5,0,0,0,200,200,1,200,0,200,200,200,200,200
409816,0,20,2,2,0,1,7,6,0,0,0,8,200,1,61,200,200,200,200,200,200
409826,0,30,1,2,0,1,14,3,0,0,0,3,16,0,25,200,5,0,0,200,200
409826,0,30,1,2,0,1,14,3,0,0,0,3,16,0,28,200,0,0,0,200,200
409826,1,30,1,2,0,1,14,3,0,0,0,3,16,1,23,200,200,200,200,200,200
409834,0,30,1,2,0,1,10,2,0,0,0,0,0,0,61,0,200,0,0,200,200
409834,0,30,1,2,0,1,10,2,0,0,0,0,0,1,41,0,0,0,0,200,200
409839,0,30,0,0,0,1,7,5,0,200,200,20,20,0,23,200,6,200,200,200,200
409839,1,30,0,0,0,1,7,5,0,200,200,20,20,1,39,0,200,200,200,200,200
409842,0,30,2,2,0,1,10,5,0,0,0,18,0,0,200,200,3,200,200,200,200
409842,0,30,2,2,0,1,10,5,0,0,0,18,0,0,33,0,12,0,0,200,200
409842,1,30,2,2,0,1,10,5,0,0,0,18,0,0,12,0,200,200,200,200,200
409844,0,30,0,0,0,1,7,5,0,0,0,12,0,0,44,200,12,0,0,200,200
409846,0,30,0,0,0,1,8,5,0,0,0,0,200,2,200,200,200,200,200,200,200
409846,4,30,0,0,0,1,8,5,0,0,0,0,200,0,52,7,0,0,0,200,200
409851,0,30,0,0,0,1,11,5,0,0,0,35,200,0,200,200,0,200,200,200,200
409851,0,30,0,0,0,1,11,5,0,0,0,35,200,0,27,0,0,0,0,200,200
409853,0,30,1,200,0,1,12,5,0,0,200,0,0,0,35,200,200,200,200,200,200
409853,0,30,1,200,0,1,12,5,0,0,200,0,0,0,40,0,200,200,200,200,200
409861,0,5,0,0,0,1,7,7,0,0,0,11,200,0,25,0,12,0,0,200,200
409865,0,10,0,0,0,1,10,12,0,0,0,0,200,0,200,200,200,200,200,200,200
409865,0,10,0,0,0,1,10,12,0,0,0,0,200,1,47,0,200,200,0,200,200
409865,1,10,0,0,0,1,10,12,0,0,0,0,200,200,200,0,200,200,200,200,200
409875,0,30,2,2,0,1,0,5,0,0,0,5,11,0,12,0,5,0,0,200,200
409875,0,30,2,2,0,1,0,5,0,0,0,5,11,0,70,0,0,0,0,200,200
409875,0,30,2,2,0,1,0,5,0,0,0,5,11,0,35,0,0,0,0,200,200
409875,1,30,2,2,0,1,0,5,0,0,0,5,11,1,32,0,200,200,200,200,200
409880,0,15,0,0,0,1,7,7,0,0,0,0,0,2,200,200,200,200,200,200,200
409887,0,30,0,0,0,1,12,5,0,0,0,22,200,0,22,0,2,0,0,200,200
409887,0,30,0,0,0,1,12,5,0,0,0,22,200,0,41,0,0,0,0,200,200
409890,0,30,2,12,0,1,0,5,0,0,0,5,200,0,30,200,1,0,0,200,200
409890,0,30,2,12,0,1,0,5,0,0,0,5,200,0,59,200,0,0,0,200,200
409890,0,30,2,12,0,1,0,5,0,0,0,5,200,0,47,200,0,0,0,200,200
409890,1,30,2,12,0,1,0,5,0,0,0,5,200,0,30,200,200,200,200,200,200
409890,1,30,2,12,0,1,0,5,0,0,0,5,200,1,54,200,200,200,200,200,200
409890,1,30,2,12,0,1,0,5,0,0,0,5,200,1,18,200,200,200,200,200,200
409890,1,30,2,12,0,1,0,5,0,0,0,5,200,0,18,200,200,200,200,200,200
409897,0,30,12,12,0,1,10,3,0,0,200,18,0,0,200,200,3,200,200,200,200
409897,0,30,12,12,0,1,10,3,0,0,200,18,0,0,33,200,200,200,0,200,200
409898,0,30,2,2,0,3,10,5,0,0,0,18,0,0,29,200,3,0,12,200,200
409898,0,30,2,2,0,3,10,5,0,0,0,18,0,0,38,0,0,0,0,200,200
409910,0,20,0,0,0,1,7,7,0,0,200,0,0,2,200,200,200,200,200,200,200
409912,0,30,0,0,0,1,7,7,0,0,0,11,200,0,200,0,12,0,0,200,200
409916,0,35,0,0,0,1,10,5,0,0,0,22,22,1,54,0,0,0,0,200,200
409916,0,35,0,0,0,1,10,5,0,0,0,22,22,0,200,200,200,200,200,200,200
409916,1,35,0,0,0,1,10,5,0,0,0,22,22,1,72,0,200,200,200,200,200
409916,1,35,0,0,0,1,10,5,0,0,0,22,22,1,49,0,200,200,200,200,200
409916,1,35,0,0,0,1,10,5,0,0,0,22,22,200,200,200,200,200,200,200,200
409918,0,30,0,0,0,1,8,5,0,0,0,0,0,2,200,200,200,200,200,200,200
409918,4,30,0,0,0,1,8,5,0,0,0,0,0,0,13,2,5,200,7,200,200
409919,0,30,0,0,0,1,12,2,0,0,0,11,0,1,22,200,2,200,0,200,200
409919,0,30,0,0,0,1,12,2,0,0,0,11,0,1,50,200,200,200,0,200,200
409919,1,30,0,0,0,1,12,2,0,0,0,11,0,1,200,200,200,200,200,200,200
409919,1,30,0,0,0,1,12,2,0,0,0,11,0,1,200,200,200,200,200,200,200
409930,0,35,1,2,0,1,10,1,0,0,0,14,18,0,200,200,3,200,200,200,200
409931,0,30,0,0,0,4,10,5,0,0,0,200,200,0,62,0,0,0,0,200,200
409931,0,30,0,0,0,4,10,5,0,0,0,200,200,1,27,0,0,0,0,200,200
409932,0,30,0,0,0,4,7,6,0,0,0,0,0,2,200,200,200,200,200,200,200
409933,0,10,0,0,0,1,7,7,0,0,0,20,20,1,62,0,6,0,0,200,200
409933,1,10,0,0,0,1,7,7,0,0,0,20,20,0,47,0,200,200,200,200,200
409933,1,10,0,0,0,1,7,7,0,0,0,20,20,1,46,0,200,200,200,200,200
409939,0,30,0,0,0,3,11,0,0,0,0,17,200,0,43,0,1,0,0,200,200
409939,0,30,0,0,0,3,11,0,0,0,0,17,200,1,27,0,0,0,0,200,200
409945,0,20,0,0,0,3,7,5,2,0,0,23,11,0,25,200,7,200,0,200,200
409951,0,30,1,2,0,3,14,5,0,0,0,200,200,1,27,0,1,0,0,200,200
409951,0,30,1,2,0,3,14,5,0,0,0,200,200,0,19,0,0,0,0,200,200
409956,0,30,0,0,0,0,12,6,0,0,0,0,0,1,19,200,200,200,200,200,200
409956,0,30,0,0,0,0,12,6,0,0,0,0,0,1,19,200,200,200,200,200,200
409957,0,30,0,0,0,3,12,2,0,0,0,21,200,1,42,200,12,0,200,200,200
409957,0,30,0,0,0,3,12,2,0,0,0,21,200,0,25,0,0,0,0,200,200
409957,0,30,0,0,0,3,12,2,0,0,0,21,200,0,27,0,0,0,0,200,200
409957,0,30,0,0,0,3,12,2,0,0,0,21,200,0,45,0,0,0,0,200,200
409957,0,30,0,0,0,3,12,2,0,0,0,21,200,1,18,0,0,0,0,200,200
409957,1,30,0,0,0,3,12,2,0,0,0,21,200,0,200,0,200,200,200,200,200
409957,1,30,0,0,0,3,12,2,0,0,0,21,200,1,200,0,200,200,200,200,200
409957,1,30,0,0,0,3,12,2,0,0,0,21,200,0,200,0,200,200,200,200,200
409957,1,30,0,0,0,3,12,2,0,0,0,21,200,1,200,200,200,200,200,200,200
409957,1,30,0,0,0,3,12,2,0,0,0,21,200,1,200,200,200,200,200,200,200
409958,0,30,0,0,0,1,7,5,0,0,0,0,0,2,200,200,200,200,200,200,200
409963,0,30,0,0,0,0,12,3,0,0,200,0,0,0,48,200,200,200,200,200,200
409963,0,30,0,0,0,0,12,3,0,0,200,0,0,1,31,0,200,200,200,200,200
409964,0,30,0,0,0,0,7,5,0,0,0,25,200,0,15,200,13,200,0,200,200
409964,1,30,0,0,0,0,7,5,0,0,0,25,200,1,200,200,200,200,200,200,200
409964,1,30,0,0,0,0,7,5,0,0,0,25,200,0,200,200,200,200,200,200,200
409968,0,30,0,0,0,1,7,6,0,0,0,11,0,2,200,200,200,200,200,200,200
409971,0,30,0,0,0,3,3,5,0,0,0,0,0,0,200,200,200,200,200,200,200
409971,0,30,0,0,0,3,3,5,0,0,0,0,0,1,44,200,200,200,200,200,200
409979,0,20,0,0,0,3,7,6,0,0,0,20,11,2,200,200,200,200,200,200,200
409982,0,30,2,2,0,3,0,12,0,0,0,0,0,0,27,0,12,0,0,200,200
409982,0,30,2,2,0,3,0,12,0,0,0,0,0,0,24,0,200,0,0,200,200
409982,1,30,2,2,0,3,0,12,0,0,0,0,0,1,25,0,200,200,200,200,200
409989,0,30,1,2,0,3,9,5,0,0,0,17,0,0,45,0,1,0,0,200,200
409989,5,30,1,2,0,3,9,5,0,0,0,17,0,1,60,7,12,0,0,200,200
409992,0,30,1,200,0,1,7,6,0,0,0,0,0,0,20,200,200,200,200,200,200
409995,0,30,0,0,0,200,7,6,0,0,0,0,200,2,200,200,200,200,200,200,200
410007,0,20,0,0,0,1,7,6,0,0,3,11,11,2,200,200,10,200,200,200,200
410009,0,30,0,0,0,0,7,5,0,0,0,0,0,2,200,200,200,200,200,200,200
410011,0,25,2,2,0,3,14,5,0,0,0,17,5,0,26,0,1,0,0,200,200
410011,0,25,2,2,0,3,14,5,0,0,0,17,5,0,79,0,0,0,0,200,200
410018,0,30,0,0,0,3,7,6,0,0,0,200,200,2,0,200,200,200,200,200,200
410023,0,30,1,2,0,3,10,5,0,0,0,0,0,1,200,200,200,0,200,200,200
410023,0,30,1,2,0,3,10,5,0,0,0,0,0,0,60,200,0,0,0,200,200
410029,0,30,2,2,0,3,10,6,0,0,0,0,0,2,200,200,3,200,200,200,200
410029,0,30,2,2,0,3,10,6,0,0,0,0,0,1,32,200,0,0,0,200,200
410029,1,30,2,2,0,3,10,6,0,0,0,0,0,1,53,200,200,200,200,200,200
410029,1,30,2,2,0,3,10,6,0,0,0,0,0,0,62,200,200,200,200,200,200
410032,0,30,0,0,0,3,12,2,0,0,0,17,0,0,25,0,1,200,0,200,200
410032,0,30,0,0,0,3,12,2,0,0,0,17,0,0,35,0,0,200,0,200,200
410032,1,30,0,0,0,3,12,2,0,0,0,17,0,1,41,0,200,200,200,200,200
410032,1,30,0,0,0,3,12,2,0,0,0,17,0,0,8,0,200,200,200,200,200
410033,0,35,0,0,0,2,14,2,0,0,0,200,200,0,19,0,4,0,0,200,200
410033,0,35,0,0,0,2,14,2,0,0,0,200,200,0,53,0,0,0,0,200,200
410035,0,0,0,0,0,1,7,5,0,0,0,0,0,2,200,200,200,200,200,200,200
410036,0,30,0,0,0,0,10,2,0,0,0,18,12,0,26,0,3,0,0,200,200
410036,0,30,0,0,0,0,10,2,0,0,0,18,12,1,45,0,200,0,0,200,200
410036,1,30,0,0,0,0,10,2,0,0,0,18,12,0,16,0,200,200,200,200,200
410042,0,30,2,2,0,3,14,2,0,0,0,0,200,0,55,200,200,200,0,200,200
410042,0,30,2,2,0,3,14,2,0,0,0,0,200,1,34,200,200,0,0,200,200
410043,0,30,0,2,0,3,10,5,0,0,0,16,200,0,200,200,12,200,200,200,200
410043,0,30,0,2,0,3,10,5,0,0,0,16,200,1,33,0,12,200,0,200,200
410043,0,30,0,2,0,3,10,5,0,0,0,16,200,0,200,200,12,200,200,200,200
410044,0,30,2,2,0,3,10,5,0,0,0,20,200,2,200,200,6,200,200,200,200
410044,0,30,2,2,0,3,10,5,0,0,0,20,200,1,34,0,0,0,0,200,200
410044,1,30,2,2,0,3,10,5,0,0,0,20,200,0,200,0,200,200,200,200,200
410044,1,30,2,2,0,3,10,5,0,0,0,20,200,2,200,0,200,200,200,200,200
410044,1,30,2,2,0,3,10,5,0,0,0,20,200,2,200,0,200,200,200,200,200
410044,1,30,2,2,0,3,10,5,0,0,0,20,200,2,200,0,200,200,200,200,200
410048,0,20,1,2,0,3,14,5,0,0,0,11,4,1,27,200,9,0,0,200,200
410048,0,20,1,2,0,3,14,5,0,0,0,11,4,1,31,200,9,0,0,200,200
410048,1,20,1,2,0,3,14,5,0,0,0,11,4,0,4,0,200,200,200,200,200
410064,0,30,0,0,0,3,7,6,0,0,0,0,0,2,200,200,200,200,200,200,200
410070,0,30,2,2,0,3,2,3,0,0,0,33,200,0,50,0,12,0,0,200,200
410071,0,30,0,0,0,3,12,6,0,0,0,21,200,0,21,0,4,0,0,200,200
410071,0,30,0,0,0,3,12,6,0,0,0,21,200,0,45,0,0,0,0,200,200
410082,0,30,0,0,0,3,7,6,0,0,0,20,200,1,67,0,6,200,0,200,200
410085,0,30,0,0,0,3,12,6,0,0,200,0,200,2,200,200,200,200,200,200,200
410085,0,30,0,0,0,3,12,6,0,0,200,0,200,0,25,200,200,200,0,200,200
410087,0,30,0,0,0,3,10,2,0,0,0,6,16,0,25,2,1,0,0,200,200