RD_NO,PERSON_TYPE,POSTED_SPEED_LIMIT,TRAFFIC_CONTROL_DEVICE,DEVICE_CONDITION,WEATHER_CONDITION,LIGHTING_CONDITION,FIRST_CRASH_TYPE,TRAFFICWAY_TYPE,ALIGNMENT,ROADWAY_SURFACE_COND,ROAD_DEFECT,PRIM_CONTRIBUTORY_CAUSE,SEC_CONTRIBUTORY_CAUSE,SEX,AGE,SAFETY_EQUIPMENT,DRIVER_ACTION,DRIVER_VISION,PHYSICAL_CONDITION,BAC_RESULT VALUE,CELL_PHONE_USE
410087,0,30,0,0,0,3,10,2,0,0,0,6,16,1,24,3,1,0,0,200,200
410087,1,30,0,0,0,3,10,2,0,0,0,6,16,1,23,200,200,200,200,200,200
410089,0,30,1,0,0,3,12,5,0,0,0,22,200,0,25,0,4,0,0,200,200
410089,0,30,1,0,0,3,12,5,0,0,0,22,200,1,40,0,0,0,0,200,200
410091,0,15,0,0,0,0,7,5,0,0,0,0,0,2,200,200,200,200,200,200,200
410108,0,35,0,0,0,3,8,12,0,0,0,16,200,0,46,0,12,0,0,200,200
410108,4,35,0,0,0,3,8,12,0,0,0,16,200,0,13,7,0,0,0,200,200
410113,0,35,0,0,0,0,5,0,0,0,0,0,200,0,0,0,12,12,200,200,200
410116,0,30,2,2,0,3,0,3,0,0,0,16,200,0,20,0,5,0,0,200,200
410116,0,30,2,2,0,3,0,3,0,0,0,16,200,0,51,0,0,0,0,200,200
410116,1,30,2,2,0,3,0,3,0,0,0,16,200,1,31,0,200,200,200,200,200
410119,0,30,2,2,0,3,12,12,0,0,0,0,0,0,200,200,12,200,200,200,200
410119,0,30,2,2,0,3,12,12,0,0,0,0,0,0,47,200,0,0,0,200,200
410119,1,30,2,2,0,3,12,12,0,0,0,0,0,1,200,200,200,200,200,200,200
410122,0,35,1,2,0,0,14,5,0,0,0,0,200,1,200,200,200,200,200,200,200
410122,0,35,1,2,0,0,14,5,0,0,0,0,200,1,31,0,0,0,0,200,200
410122,1,35,1,2,0,0,14,5,0,0,0,0,200,0,23,0,200,200,200,200,200
410126,0,30,1,2,0,3,14,5,0,0,0,6,200,0,20,0,5,200,0,200,200
410126,0,30,1,2,0,3,14,5,0,0,0,6,200,0,19,0,12,200,0,200,200
410133,0,30,0,0,0,3,14,2,0,0,0,23,17,0,40,0,200,0,0,200,200
410133,0,30,0,0,0,3,14,2,0,0,0,23,17,1,26,0,1,0,0,200,200
410133,1,30,0,0,0,3,14,2,0,0,0,23,17,1,14,0,200,200,200,200,200
410137,0,25,0,0,0,3,7,6,0,0,0,25,16,0,200,0,14,0,0,200,200
410137,0,25,0,0,0,3,7,6,0,0,0,25,16,0,17,200,8,0,7,200,200
410140,0,30,1,2,0,3,14,5,0,0,0,23,200,0,200,200,7,200,200,200,200
410140,0,30,1,2,0,3,14,5,0,0,0,23,200,1,46,0,0,0,0,200,200
410140,1,30,1,2,0,3,14,5,0,0,0,23,200,1,200,200,200,200,200,200,200
410143,0,35,1,2,0,3,14,5,0,0,0,17,0,0,42,2,0,0,0,200,200
410143,0,35,1,2,0,3,14,5,0,0,0,17,0,1,76,0,1,0,0,200,200
410145,0,35,0,0,0,3,7,6,0,0,0,0,0,2,200,200,200,200,200,200,200
410152,0,20,0,0,0,3,10,2,0,0,0,4,18,0,200,200,3,200,200,200,200
410152,0,20,0,0,0,3,10,2,0,0,0,4,18,0,43,200,0,0,0,200,200
410161,0,30,1,2,0,3,4,5,0,0,0,200,200,0,42,0,14,0,0,200,200
410161,1,30,1,2,0,3,4,5,0,0,0,200,200,1,25,0,200,200,200,200,200
410169,0,30,4,0,0,3,0,5,0,0,0,16,0,0,20,200,12,0,0,200,200
410169,0,30,4,0,0,3,0,5,0,0,0,16,0,0,200,200,0,0,0,200,200
410169,1,30,4,0,0,3,0,5,0,0,0,16,0,1,20,200,200,200,200,200,200
410169,1,30,4,0,0,3,0,5,0,0,0,16,0,0,19,200,200,200,200,200,200
410169,1,30,4,0,0,3,0,5,0,0,0,16,0,0,200,200,200,200,200,200,200
410174,0,20,0,0,0,3,14,2,0,0,200,17,22,1,23,200,1,200,0,200,200
410174,0,20,0,0,0,3,14,2,0,0,200,17,22,1,200,200,14,200,0,200,200
410175,0,30,2,200,0,3,1,200,0,0,200,0,0,2,200,200,5,200,200,200,200
410176,0,25,0,0,0,3,7,5,0,0,0,0,200,0,48,0,12,0,0,200,200
410195,0,30,2,2,0,3,0,3,0,1,0,17,17,1,38,0,200,0,0,200,200
410195,0,30,2,2,0,3,0,3,0,1,0,17,17,1,44,0,200,0,0,200,200
410197,0,30,0,0,0,3,7,5,0,0,0,21,19,0,45,200,4,0,5,0.18,200
410212,0,0,0,0,0,3,2,7,0,0,0,0,0,2,200,200,200,200,200,200,200
410233,0,30,0,0,0,1,10,2,0,0,0,8,200,0,39,200,12,0,0,200,200
410233,0,30,0,0,0,1,10,2,0,0,0,8,200,1,200,200,0,200,200,200,200
410250,0,30,0,0,0,0,7,6,0,0,0,21,200,0,33,200,200,200,200,200,200
410259,0,30,0,0,0,3,2,5,0,0,200,27,200,1,24,200,12,200,2,200,200
410263,0,30,0,0,0,3,10,6,0,0,0,25,200,0,200,200,6,200,200,200,200
410263,0,30,0,0,0,3,10,6,0,0,0,25,200,0,0,0,0,0,0,200,200
410264,0,25,0,0,0,3,7,5,0,0,0,0,0,2,200,200,200,200,200,200,200
410269,0,30,1,2,0,3,0,6,2,0,0,10,20,1,22,200,9,0,0,200,200
410269,0,30,1,2,0,3,0,6,2,0,0,10,20,0,35,200,200,0,0,200,200
410269,0,30,1,2,0,3,0,6,2,0,0,10,20,0,31,200,0,0,0,200,200
410269,1,30,1,2,0,3,0,6,2,0,0,10,20,0,36,200,200,200,200,200,200
410278,0,30,0,0,0,3,10,2,0,0,0,22,200,0,29,200,3,0,0,200,200
410278,0,30,0,0,0,3,10,2,0,0,0,22,200,1,74,200,0,0,0,200,200
410290,0,30,1,2,0,3,12,12,5,0,0,0,0,1,43,0,0,0,0,200,200
410290,0,30,1,2,0,3,12,12,5,0,0,0,0,1,29,0,4,0,0,200,200
410294,0,25,0,200,0,3,2,6,0,0,0,0,0,0,200,200,200,200,200,200,200
410294,1,25,0,200,0,3,2,6,0,0,0,0,0,0,25,200,200,200,200,200,200
410294,1,25,0,200,0,3,2,6,0,0,0,0,0,0,22,200,200,200,200,200,200
410294,1,25,0,200,0,3,2,6,0,0,0,0,0,200,200,200,200,200,200,200,200
410312,0,30,0,0,0,0,0,5,0,0,0,20,20,0,38,200,6,200,0,200,200
410312,0,30,0,0,0,0,0,5,0,0,0,20,20,0,28,0,0,0,0,200,200
410314,4,30,1,2,0,1,8,2,0,0,0,21,0,0,63,7,7,200,0,200,200
410314,0,30,1,2,0,1,8,2,0,0,0,21,0,0,52,0,0,0,0,200,200
410333,0,35,1,2,0,1,10,3,0,0,0,18,16,0,36,200,3,0,0,200,200
410333,0,35,1,2,0,1,10,3,0,0,0,18,16,0,65,200,0,0,0,200,200
410333,0,35,1,2,0,1,10,3,0,0,0,18,16,0,35,200,0,0,0,200,200
410340,0,20,0,0,0,1,7,5,0,0,3,0,0,2,200,200,200,200,200,200,200
410344,0,35,0,0,0,1,10,3,0,0,0,18,200,1,26,0,0,0,0,200,200
410345,0,30,1,2,0,1,10,5,0,0,0,0,0,1,60,0,200,0,0,200,200
410345,0,30,1,2,0,1,10,5,0,0,0,0,0,1,39,0,0,0,0,200,200
410347,0,30,1,2,0,1,10,5,0,0,0,16,18,0,33,200,1,200,200,200,200
410347,0,30,1,2,0,1,10,5,0,0,0,16,18,0,34,0,0,0,0,200,200
410349,0,30,0,0,0,1,10,5,0,0,0,16,200,0,36,0,3,0,0,200,200
410349,0,30,0,0,0,1,10,5,0,0,0,16,200,0,36,0,0,0,0,200,200
410356,0,30,0,0,0,1,12,6,0,0,0,17,200,1,58,200,1,0,0,200,200
410356,0,30,0,0,0,1,12,6,0,0,0,17,200,0,62,200,0,0,0,200,200
410358,0,30,1,2,0,1,12,2,0,0,0,22,0,1,43,0,2,0,0,200,200
410358,0,30,1,2,0,1,12,2,0,0,0,22,0,1,47,0,0,0,0,200,200
410359,0,30,0,0,0,1,7,5,0,0,0,0,0,0,56,0,12,0,0,200,200
410363,0,30,0,0,0,1,12,5,0,0,0,200,0,0,21,0,200,0,0,200,200
410363,0,30,0,0,0,1,12,5,0,0,0,200,0,1,38,0,0,0,0,200,200
410363,1,30,0,0,0,1,12,5,0,0,0,200,0,0,13,0,200,200,200,200,200
410363,1,30,0,0,0,1,12,5,0,0,0,200,0,0,7,0,200,200,200,200,200
410363,1,30,0,0,0,1,12,5,0,0,0,200,0,0,39,0,200,200,200,200,200
410364,0,30,0,0,0,1,2,6,0,0,200,33,200,1,63,200,12,6,0,200,200
410373,0,30,0,0,0,1,14,2,0,0,0,21,200,0,58,0,2,0,0,200,200
410373,0,30,0,0,0,1,14,2,0,0,0,21,200,0,41,0,12,0,0,200,200
410373,1,30,0,0,0,1,14,2,0,0,0,21,200,0,10,0,200,200,200,200,200
410373,1,30,0,0,0,1,14,2,0,0,0,21,200,0,7,0,200,200,200,200,200
410374,0,30,1,2,0,1,12,5,0,0,0,8,20,0,53,200,6,5,0,200,200
410374,0,30,1,2,0,1,12,5,0,0,0,8,20,0,25,200,0,0,0,200,200
410375,0,30,2,2,0,1,0,5,0,0,0,0,200,1,41,0,200,0,0,200,200
410375,0,30,2,2,0,1,0,5,0,0,0,0,200,1,35,0,200,0,0,200,200
410375,1,30,2,2,0,1,0,5,0,0,0,0,200,0,8,0,200,200,200,200,200
410375,1,30,2,2,0,1,0,5,0,0,0,0,200,1,4,0,200,200,200,200,200
410380,0,40,3,0,0,1,12,2,0,0,0,22,0,1,27,0,4,0,0,200,200
410380,0,40,3,0,0,1,12,2,0,0,0,22,0,1,26,0,0,0,0,200,200
410387,0,30,0,0,0,1,10,2,0,0,0,200,200,1,38,200,200,200,200,200,200
410387,0,30,0,0,0,1,10,2,0,0,0,200,200,1,37,200,200,200,200,200,200
410387,1,30,0,0,0,1,10,2,0,0,0,200,200,0,10,200,200,200,200,200,200
410387,1,30,0,0,0,1,10,2,0,0,0,200,200,1,10,7,200,200,200,200,200
410387,1,30,0,0,0,1,10,2,0,0,0,200,200,200,5,7,200,200,200,200,200
410387,1,30,0,0,0,1,10,2,0,0,0,200,200,200,4,7,200,200,200,200,200
410388,0,30,1,2,0,1,0,6,0,0,0,6,200,0,24,200,5,0,0,200,200
410388,0,30,1,2,0,1,0,6,0,0,0,6,200,1,63,200,0,0,0,200,200
410393,0,30,0,0,0,1,12,2,0,0,0,0,0,0,25,200,200,200,0,200,200
410393,0,30,0,0,0,1,12,2,0,0,0,0,0,0,23,0,200,200,0,200,200
410393,1,30,0,0,0,1,12,2,0,0,0,0,0,1,21,0,200,200,200,200,200
410396,0,30,2,2,0,1,0,5,0,0,0,17,200,0,200,200,1,200,200,200,200
410396,0,30,2,2,0,1,0,5,0,0,0,17,200,0,35,0,0,0,0,200,200
410396,1,30,2,2,0,1,0,5,0,0,0,17,200,1,200,200,200,200,200,200,200
410396,1,30,2,2,0,1,0,5,0,0,0,17,200,0,200,200,200,200,200,200,200
410396,1,30,2,2,0,1,0,5,0,0,0,17,200,0,200,4,200,200,200,200,200
410398,0,20,0,0,0,1,8,5,0,0,0,17,17,0,32,1,12,0,0,200,200
410398,4,20,0,0,0,1,8,5,0,0,0,17,17,0,0,7,0,0,0,200,200
410399,0,30,0,0,0,1,7,5,0,0,0,0,0,1,200,200,200,200,200,200,200
410402,0,35,0,0,0,1,9,5,0,0,0,17,200,1,66,0,1,6,0,200,200
410402,5,35,0,0,0,1,9,5,0,0,0,17,200,200,200,7,1,6,0,200,200
410403,0,30,0,0,0,200,7,6,0,0,0,0,0,2,200,200,200,200,200,200,200
410404,0,30,0,0,0,1,14,5,0,0,0,11,0,0,27,7,1,0,0,200,200
410404,0,30,0,0,0,1,14,5,0,0,0,11,0,0,63,0,0,0,0,200,200
410405,0,30,0,0,0,1,12,2,0,0,0,0,0,0,46,200,12,200,200,200,200
410405,0,30,0,0,0,1,12,2,0,0,0,0,0,0,88,0,0,0,200,200,200
410405,1,30,0,0,0,1,12,2,0,0,0,0,0,2,46,200,200,200,200,200,200
410405,1,30,0,0,0,1,12,2,0,0,0,0,0,1,83,0,200,200,200,200,200
410406,0,5,0,0,0,1,10,7,0,0,0,16,18,1,51,0,3,0,0,200,200
410406,0,5,0,0,0,1,10,7,0,0,0,16,18,1,51,0,0,0,0,200,200
410406,0,5,0,0,0,1,10,7,0,0,0,16,18,1,64,0,0,0,0,200,200
410406,1,5,0,0,0,1,10,7,0,0,0,16,18,1,4,0,200,200,200,200,200
410409,0,30,1,2,0,1,14,3,0,0,0,6,23,0,34,0,7,0,0,200,200
410409,0,30,1,2,0,1,14,3,0,0,0,6,23,0,200,0,0,0,0,200,200
410416,0,30,0,0,0,3,7,5,0,0,0,0,0,2,200,200,200,200,200,200,200
410419,0,30,0,0,0,1,10,5,0,0,0,18,16,1,38,0,1,0,0,200,200
410419,0,30,0,0,0,1,10,5,0,0,0,18,16,0,33,0,0,0,0,200,200
410419,1,30,0,0,0,1,10,5,0,0,0,18,16,1,11,0,200,200,200,200,200
410426,0,15,2,2,0,1,0,2,0,0,0,14,16,1,85,0,0,0,0,200,200
410426,0,15,2,2,0,1,0,2,0,0,0,14,16,0,28,0,12,0,0,200,200
410432,0,30,0,0,0,1,14,5,0,0,0,17,200,1,59,0,1,200,0,200,200
410432,0,30,0,0,0,1,14,5,0,0,0,17,200,0,33,200,0,200,0,200,200
410434,0,30,0,0,0,1,12,5,0,0,0,22,11,0,200,200,2,200,200,200,200
410434,0,30,0,0,0,1,12,5,0,0,0,22,11,0,41,0,0,0,0,200,200
410434,1,30,0,0,0,1,12,5,0,0,0,22,11,0,48,0,200,200,200,200,200
410440,0,30,0,0,0,1,10,2,0,0,0,0,200,0,29,7,0,0,0,200,200
410440,0,30,0,0,0,1,10,2,0,0,0,0,200,1,33,7,0,0,0,200,200
410440,0,30,0,0,0,1,10,2,0,0,0,0,200,0,30,0,0,0,0,200,200
410441,0,30,0,0,0,1,10,5,0,0,0,11,0,0,73,200,3,0,0,200,200
410441,0,30,0,0,0,1,10,5,0,0,0,11,0,1,69,0,12,0,0,200,200
410447,0,30,200,200,0,3,7,2,0,0,0,0,0,2,200,200,200,200,200,200,200
410448,0,30,0,0,0,1,7,6,0,0,0,0,200,0,200,200,12,200,200,200,200
410448,1,30,0,0,0,1,7,6,0,0,0,0,200,1,200,200,200,200,200,200,200
410449,0,55,0,0,0,1,12,3,1,0,0,21,200,0,24,0,4,0,0,200,200
410449,0,55,0,0,0,1,12,3,1,0,0,21,200,1,60,0,0,0,0,200,200
410452,0,25,2,2,0,1,14,5,0,0,0,23,200,0,34,0,7,0,0,200,200
410452,0,25,2,2,0,1,14,5,0,0,0,23,200,0,35,7,0,0,0,200,200
410452,1,25,2,2,0,1,14,5,0,0,0,23,200,0,72,0,200,200,200,200,200
410458,0,30,0,0,0,1,12,5,0,0,0,0,0,1,22,200,1,0,0,200,200
410458,0,30,0,0,0,1,12,5,0,0,0,0,0,0,38,200,200,0,0,200,200
410469,0,30,1,2,0,1,10,2,0,0,0,18,33,0,71,0,3,200,0,200,200
410469,0,30,1,2,0,1,10,2,0,0,0,18,33,0,56,0,0,200,0,200,200
410479,0,30,1,2,0,1,11,6,0,0,0,0,0,0,51,0,0,0,0,200,200
410479,0,30,1,2,0,1,11,6,0,0,0,0,0,0,39,0,0,0,0,200,200
410490,0,15,0,0,0,1,7,6,0,0,0,0,200,0,44,0,12,200,0,200,200
410491,0,30,0,0,0,1,7,2,0,0,0,0,200,0,58,200,12,200,200,200,200
410496,0,30,2,2,0,1,10,6,0,0,0,0,0,0,39,0,6,0,0,200,200
410496,0,30,2,2,0,1,10,6,0,0,0,0,0,1,60,0,0,0,0,200,200
410497,0,30,0,0,0,1,14,2,0,0,0,23,17,0,61,0,7,0,0,200,200
410497,0,30,0,0,0,1,14,2,0,0,0,23,17,0,52,0,0,0,0,200,200
410503,0,30,0,0,0,1,10,5,0,0,0,0,200,0,200,200,10,200,200,200,200
410503,0,30,0,0,0,1,10,5,0,0,0,0,200,0,47,0,0,0,200,200,200
410509,0,20,0,0,0,1,11,5,0,0,0,22,0,0,35,0,2,200,200,200,200
410509,0,20,0,0,0,1,11,5,0,0,0,22,0,0,43,0,200,200,0,200,200
410510,0,30,1,2,0,1,14,5,0,0,0,23,23,1,54,0,2,0,0,200,200
410510,0,30,1,2,0,1,14,5,0,0,0,23,23,1,59,0,0,0,0,200,200
410516,0,15,0,0,0,1,7,7,0,0,0,0,200,2,200,200,200,200,200,200,200
410517,0,30,0,0,0,1,2,12,0,0,0,11,11,0,34,0,3,200,0,200,200
410524,0,30,0,0,200,0,7,6,0,200,200,0,0,2,200,200,200,200,200,200,200
410531,0,10,0,0,0,1,2,0,0,0,0,0,0,0,58,0,0,0,0,200,200
410535,0,30,0,0,0,1,10,5,0,0,2,17,17,1,28,0,1,0,0,200,200
410535,0,30,0,0,0,1,10,5,0,0,2,17,17,0,54,0,0,0,0,200,200
410541,0,15,0,0,0,1,11,7,0,0,0,20,200,1,200,200,6,200,200,200,200
410541,0,15,0,0,0,1,11,7,0,0,0,20,200,1,31,0,0,0,0,200,200
410541,1,15,0,0,0,1,11,7,0,0,0,20,200,0,20,0,200,200,200,200,200
410544,0,30,0,0,0,1,10,6,0,0,0,0,200,1,24,7,0,0,0,200,200
410544,0,30,0,0,0,1,10,6,0,0,0,0,200,0,47,0,0,0,0,200,200
410545,0,30,0,0,0,1,7,7,0,0,0,19,0,2,200,200,200,200,200,200,200
410558,0,0,0,0,0,1,12,6,0,0,0,21,15,0,48,0,4,0,0,200,200
410558,0,0,0,0,0,1,12,6,0,0,0,21,15,1,28,0,0,0,0,200,200
410568,0,30,0,0,0,3,7,5,0,200,200,0,200,2,200,200,200,200,200,200,200
410571,0,5,0,0,0,1,12,7,0,0,0,17,0,0,53,0,12,0,0,200,200
410571,0,5,0,0,0,1,12,7,0,0,0,17,0,0,36,0,0,0,0,200,200
410580,0,30,1,2,0,1,10,2,2,0,0,18,18,1,200,200,3,200,200,200,200
410580,0,30,1,2,0,1,10,2,2,0,0,18,18,1,49,0,0,0,0,200,200
410583,0,30,0,0,2,0,7,6,0,1,0,0,0,2,200,200,200,200,200,200,200
410590,0,30,200,200,200,200,2,200,0,200,200,0,200,1,29,200,12,200,200,200,200
410602,0,30,0,0,0,1,10,5,0,0,0,18,16,1,67,0,3,0,0,200,200
410602,0,30,0,0,0,1,10,5,0,0,0,18,16,0,32,0,0,0,0,200,200
410605,0,35,0,0,0,3,7,2,0,0,0,0,200,0,22,0,0,0,0,200,200
410609,0,30,0,0,0,1,2,3,0,0,0,7,200,0,61,0,12,0,0,200,200
410612,0,35,200,2,0,1,7,5,0,0,0,12,200,1,22,200,0,0,0,200,200
410612,1,35,200,2,0,1,7,5,0,0,0,12,200,0,23,200,200,200,200,200,200
410622,0,30,0,0,0,1,7,6,0,0,0,0,200,0,200,200,200,200,200,200,200
410622,1,30,0,0,0,1,7,6,0,0,0,0,200,0,200,200,200,200,200,200,200
410631,0,30,1,2,0,0,10,2,0,0,0,16,0,0,200,200,3,200,200,200,200
410631,0,30,1,2,0,0,10,2,0,0,0,16,0,0,70,0,0,0,0,200,200
410631,0,30,1,2,0,0,10,2,0,0,0,16,0,0,200,200,200,200,200,200,200
410643,0,30,1,2,0,1,12,2,0,0,0,23,0,1,200,200,4,200,200,200,200
410643,0,30,1,2,0,1,12,2,0,0,0,23,0,1,35,0,0,0,0,200,200
410643,1,30,1,2,0,1,12,2,0,0,0,23,0,0,12,0,200,200,200,200,200
410643,1,30,1,2,0,1,12,2,0,0,0,23,0,1,7,0,200,200,200,200,200
410643,1,30,1,2,0,1,12,2,0,0,0,23,0,1,6,0,200,200,200,200,200
410645,0,30,0,0,0,1,10,5,0,0,0,0,0,0,23,200,200,200,200,200,200
410645,0,30,0,0,0,1,10,5,0,0,0,0,0,1,24,0,200,0,0,200,200
410649,0,30,2,2,0,1,10,2,0,0,0,18,0,0,52,0,3,0,0,200,200
410649,0,30,2,2,0,1,10,2,0,0,0,18,0,1,26,0,0,0,0,200,200
410649,1,30,2,2,0,1,10,2,0,0,0,18,0,0,5,5,200,200,200,200,200
410651,0,30,0,0,0,4,7,7,0,0,0,22,0,1,200,200,2,200,200,200,200
410652,0,30,1,2,0,1,10,2,0,0,0,0,0,0,50,200,200,200,200,200,200
410652,0,30,1,2,0,1,10,2,0,0,0,0,0,1,22,0,0,0,0,200,200
410652,0,30,1,2,0,1,10,2,0,0,0,0,0,2,200,200,0,200,200,200,200
410652,1,30,1,2,0,1,10,2,0,0,0,0,0,1,200,200,200,200,200,200,200
410652,1,30,1,2,0,1,10,2,0,0,0,0,0,1,200,200,200,200,200,200,200
410654,0,30,0,0,0,1,7,6,0,0,0,0,0,0,32,7,12,0,0,200,200
410658,0,30,1,2,0,1,12,5,3,0,0,18,16,0,200,200,8,200,200,200,200
410658,0,30,1,2,0,1,12,5,3,0,0,18,16,1,54,0,0,0,0,200,200
410661,0,0,0,0,0,1,0,7,5,0,0,17,11,0,28,200,1,200,200,200,200
410661,0,0,0,0,0,1,0,7,5,0,0,17,11,0,68,0,0,0,0,200,200
410662,0,35,0,0,0,1,10,3,0,0,0,18,11,1,200,200,12,1,0,200,200
410662,0,35,0,0,0,1,10,3,0,0,0,18,11,0,45,0,12,0,0,200,200
410662,1,35,0,0,0,1,10,3,0,0,0,18,11,1,81,0,200,200,200,200,200
410662,1,35,0,0,0,1,10,3,0,0,0,18,11,0,5,5,200,200,200,200,200
410662,1,35,0,0,0,1,10,3,0,0,0,18,11,0,200,200,200,200,200,200,200
410678,0,30,0,0,0,1,7,5,0,0,0,0,0,1,200,200,200,200,200,200,200
410679,5,25,0,0,0,1,9,2,0,0,0,17,17,0,20,7,1,0,0,200,200
410679,0,25,0,0,0,1,9,2,0,0,0,17,17,1,51,0,0,0,0,200,200
410684,0,30,0,0,0,1,10,5,0,0,0,17,0,1,41,200,1,0,0,200,200
410684,0,30,0,0,0,1,10,5,0,0,0,17,0,1,25,0,12,0,0,200,200
410689,0,20,0,0,0,1,12,6,0,0,12,17,200,1,19,0,1,200,0,200,200
410689,0,20,0,0,0,1,12,6,0,0,12,17,200,0,41,0,0,200,0,200,200
410703,0,25,0,0,0,1,11,7,0,0,0,20,0,0,53,200,6,200,200,200,200
410703,0,25,0,0,0,1,11,7,0,0,0,20,0,0,27,0,0,200,200,200,200
410709,0,30,0,0,0,1,11,5,0,0,0,0,0,0,43,200,200,0,200,200,200
410709,0,30,0,0,0,1,11,5,0,0,0,0,0,0,35,200,200,200,0,200,200
410711,0,0,0,0,0,1,7,7,0,0,0,0,0,0,200,200,200,200,200,200,200
410712,0,30,2,2,0,1,0,2,0,0,0,17,200,0,18,0,8,1,0,200,200
410712,0,30,2,2,0,1,0,2,0,0,0,17,200,1,54,0,0,1,0,200,200
410712,1,30,2,2,0,1,0,2,0,0,0,17,200,1,4,5,200,200,200,200,200
410712,1,30,2,2,0,1,0,2,0,0,0,17,200,0,1,5,200,200,200,200,200
410715,0,35,1,2,0,1,14,2,0,0,0,0,200,0,200,200,1,200,200,200,200
410715,0,35,1,2,0,1,14,2,0,0,0,0,200,0,51,0,0,0,0,200,200
410720,0,30,1,2,0,1,10,2,0,0,0,18,0,0,200,200,0,200,200,200,200
410720,0,30,1,2,0,1,10,2,0,0,0,18,0,0,37,0,0,0,0,200,200
410725,0,30,0,0,0,1,7,6,0,0,200,0,200,0,69,200,12,200,0,200,200
410728,0,30,0,0,0,1,2,6,0,0,0,27,27,0,0,0,12,0,12,200,200
410729,0,0,0,0,0,1,12,5,0,0,0,21,11,0,31,200,4,200,200,200,200
410729,0,0,0,0,0,1,12,5,0,0,0,21,11,0,39,0,0,0,0,200,200
410733,0,30,0,0,200,200,7,5,0,200,0,0,11,2,200,200,200,200,200,200,200
410736,0,30,0,0,0,1,7,6,0,0,0,0,0,0,55,200,200,200,200,200,200
410739,0,30,1,2,0,1,12,5,0,0,0,0,0,0,30,200,200,200,0,200,200
410739,0,30,1,2,0,1,12,5,0,0,0,0,0,1,39,200,12,200,0,200,200
410747,0,30,1,2,0,1,10,5,0,0,0,8,0,0,78,0,12,12,0,200,200
410747,0,30,1,2,0,1,10,5,0,0,0,8,0,0,69,0,0,0,0,200,200
410749,0,15,0,0,0,1,7,7,0,0,0,0,11,0,86,0,200,0,0,200,200
410749,1,15,0,0,0,1,7,7,0,0,0,0,11,1,73,1,200,200,200,200,200
410759,0,35,0,0,0,1,12,5,0,0,1,0,0,0,200,200,12,200,200,200,200
410759,0,35,0,0,0,1,12,5,0,0,1,0,0,1,200,0,0,0,0,200,200
410771,0,30,0,0,0,3,7,2,0,0,0,0,0,2,200,200,200,200,200,200,200
410773,0,30,0,0,0,1,10,5,0,0,0,18,0,0,28,0,0,0,0,200,200
410773,0,30,0,0,0,1,10,5,0,0,0,18,0,1,39,200,3,0,0,200,200
410774,0,30,0,0,0,1,7,7,0,200,0,17,200,0,35,0,12,0,0,200,200
410774,1,30,0,0,0,1,7,7,0,200,0,17,200,1,22,0,200,200,200,200,200
410774,1,30,0,0,0,1,7,7,0,200,0,17,200,0,22,0,200,200,200,200,200
410779,0,30,2,2,0,1,0,5,0,0,0,17,0,1,37,200,1,0,0,200,200
410779,0,30,2,2,0,1,0,5,0,0,0,17,0,0,35,0,0,0,0,200,200
410791,0,30,0,0,0,1,7,5,0,0,0,200,200,0,66,0,0,0,0,200,200
410791,1,30,0,0,0,1,7,5,0,0,0,200,200,1,200,200,200,200,200,200,200
410791,1,30,0,0,0,1,7,5,0,0,0,200,200,0,200,200,200,200,200,200,200
410798,0,30,0,0,0,1,10,6,0,0,200,16,200,1,28,0,12,200,0,200,200
410798,0,30,0,0,0,1,10,6,0,0,200,16,200,0,50,200,1,0,0,200,200
410798,0,30,0,0,0,1,10,6,0,0,200,16,200,1,38,200,0,0,0,200,200
410800,0,30,0,0,0,1,12,5,0,0,0,0,0,0,200,200,4,0,0,200,200
410800,0,30,0,0,0,1,12,5,0,0,0,0,0,1,58,0,0,0,0,200,200
410802,0,30,2,2,0,1,14,3,0,0,0,5,0,0,29,0,12,0,0,200,200
410802,0,30,2,2,0,1,14,3,0,0,0,5,0,1,56,0,200,0,0,200,200
410802,0,30,2,2,0,1,14,3,0,0,0,5,0,1,51,0,0,0,0,200,200
410810,0,30,0,0,0,1,0,5,0,0,0,17,0,0,200,200,1,200,200,200,200
410810,0,30,0,0,0,1,0,5,0,0,0,17,0,0,48,0,12,0,0,200,200
410814,0,30,0,0,0,1,11,5,0,0,0,0,0,1,200,200,200,200,200,200,200
410814,0,30,0,0,0,1,11,5,0,0,0,0,0,0,55,0,200,200,200,200,200
410815,0,30,0,0,0,1,10,5,0,0,0,18,200,1,23,200,3,0,0,200,200
410815,0,30,0,0,0,1,10,5,0,0,0,18,200,0,37,200,0,0,0,200,200
410820,0,30,1,2,0,1,14,2,1,0,0,17,11,0,67,0,1,1,0,200,200
410820,0,30,1,2,0,1,14,2,1,0,0,17,11,0,69,0,12,1,0,200,200
410820,1,30,1,2,0,1,14,2,1,0,0,17,11,1,66,0,200,200,200,200,200
410822,0,30,0,0,0,1,0,5,0,0,0,20,0,0,59,0,6,0,0,200,200
410822,0,30,0,0,0,1,0,5,0,0,0,20,0,0,37,0,0,0,0,200,200
410829,0,30,0,0,0,1,10,5,0,0,0,17,21,0,23,7,3,0,0,200,200
410829,0,30,0,0,0,1,10,5,0,0,0,17,21,0,50,7,0,0,0,200,200
410829,1,30,0,0,0,1,10,5,0,0,0,17,21,1,33,7,200,200,200,200,200
410829,1,30,0,0,0,1,10,5,0,0,0,17,21,0,0,5,200,200,200,200,200
410830,0,30,0,0,0,1,7,6,0,0,0,18,200,0,200,200,3,200,200,200,200
410830,1,30,0,0,0,1,7,6,0,0,0,18,200,1,40,200,200,200,200,200,200
410831,0,35,0,0,0,1,0,5,0,0,0,0,0,1,38,0,0,0,0,200,200