RD_NO,PERSON_TYPE,POSTED_SPEED_LIMIT,TRAFFIC_CONTROL_DEVICE,DEVICE_CONDITION,WEATHER_CONDITION,LIGHTING_CONDITION,FIRST_CRASH_TYPE,TRAFFICWAY_TYPE,ALIGNMENT,ROADWAY_SURFACE_COND,ROAD_DEFECT,PRIM_CONTRIBUTORY_CAUSE,SEC_CONTRIBUTORY_CAUSE,SEX,AGE,SAFETY_EQUIPMENT,DRIVER_ACTION,DRIVER_VISION,PHYSICAL_CONDITION,BAC_RESULT VALUE,CELL_PHONE_USE
410831,0,35,0,0,0,1,0,5,0,0,0,0,0,0,200,200,0,200,200,200,200
410834,0,30,0,0,0,1,14,2,2,0,0,17,200,1,38,1,1,1,0,200,200
410834,0,30,0,0,0,1,14,2,2,0,0,17,200,0,19,0,0,1,0,200,200
410834,1,30,0,0,0,1,14,2,2,0,0,17,200,1,20,0,200,200,200,200,200
410834,1,30,0,0,0,1,14,2,2,0,0,17,200,1,0,5,200,200,200,200,200
410836,0,30,0,0,0,1,14,1,0,0,0,0,0,0,49,0,0,0,0,200,200
410836,0,30,0,0,0,1,14,1,0,0,0,0,0,0,76,0,200,0,0,200,200
410840,1,30,0,0,0,1,3,7,0,0,0,17,200,1,200,200,200,200,200,200,200
410840,0,30,0,0,0,1,3,7,0,0,0,17,200,0,200,200,6,0,0,200,200
410840,0,30,0,0,0,1,3,7,0,0,0,17,200,1,30,0,0,0,0,200,200
410849,0,30,0,0,0,1,12,5,0,0,0,22,200,0,45,0,2,0,0,200,200
410849,0,30,0,0,0,1,12,5,0,0,0,22,200,0,71,0,0,0,0,200,200
410859,0,30,0,0,0,1,0,2,0,0,0,11,11,0,32,0,1,200,0,200,200
410859,0,30,0,0,0,1,0,2,0,0,0,11,11,0,68,0,12,12,0,200,200
410860,0,30,1,2,0,1,14,5,0,0,0,23,22,0,36,200,7,200,200,200,200
410860,0,30,1,2,0,1,14,5,0,0,0,23,22,1,29,200,0,200,0,200,200
410861,0,30,0,0,0,1,10,5,0,0,0,16,0,0,23,200,200,0,0,200,200
410861,0,30,0,0,0,1,10,5,0,0,0,16,0,1,46,200,0,0,0,200,200
410861,1,30,0,0,0,1,10,5,0,0,0,16,0,1,11,200,200,200,200,200,200
410862,0,30,0,0,0,1,7,5,0,0,0,0,0,2,200,200,200,200,200,200,200
410872,1,30,0,0,0,1,10,3,0,0,0,18,200,0,40,0,200,200,200,200,200
410872,0,30,0,0,0,1,10,3,0,0,0,18,200,0,37,200,3,200,0,200,200
410872,0,30,0,0,0,1,10,3,0,0,0,18,200,0,43,0,0,0,0,200,200
410874,0,30,0,0,0,1,12,6,0,0,0,0,0,0,41,200,0,0,0,200,200
410874,0,30,0,0,0,1,12,6,0,0,0,0,0,0,56,200,0,0,0,200,200
410887,0,30,1,2,0,1,8,5,0,0,0,17,17,0,57,0,1,1,0,200,200
410887,4,30,1,2,0,1,8,5,0,0,0,17,17,1,56,7,200,200,0,200,200
410891,0,30,0,0,0,0,12,5,0,0,0,21,0,0,34,0,12,0,0,200,200
410891,0,30,0,0,0,0,12,5,0,0,0,21,0,1,27,0,0,0,0,200,200
410895,0,20,0,0,0,3,12,6,0,0,0,17,25,2,200,200,1,200,200,200,200
410895,0,20,0,0,0,3,12,6,0,0,0,17,25,0,25,0,0,0,0,200,200
410896,0,30,0,0,0,1,7,2,0,0,200,22,0,0,200,200,2,200,200,200,200
410898,0,30,0,0,0,3,7,2,0,0,0,0,0,2,200,200,200,200,200,200,200
410900,0,35,0,0,0,1,7,5,0,0,0,11,0,0,52,200,200,200,0,200,200
410901,0,30,0,0,0,1,0,6,0,200,200,0,0,1,35,0,1,200,200,200,200
410901,0,30,0,0,0,1,0,6,0,200,200,0,0,0,38,0,0,0,200,200,200
410906,0,30,0,0,0,1,7,6,0,0,0,18,200,1,49,0,3,0,0,200,200
410910,0,25,0,0,0,1,7,5,2,0,0,200,200,1,26,0,0,0,0,200,200
410911,0,30,0,0,0,1,10,5,0,0,0,18,200,0,25,0,3,0,0,200,200
410911,0,30,0,0,0,1,10,5,0,0,0,18,200,0,60,0,0,0,0,200,200
410916,0,30,0,0,0,1,7,6,0,0,0,0,0,2,200,200,200,200,200,200,200
410917,0,30,1,2,0,1,10,5,0,0,0,18,200,1,38,200,3,200,200,200,200
410917,0,30,1,2,0,1,10,5,0,0,0,18,200,1,70,0,0,0,0,200,200
410924,0,30,1,200,0,1,12,5,0,200,200,0,0,1,54,0,200,0,0,200,200
410924,0,30,1,200,0,1,12,5,0,200,200,0,0,1,39,0,0,0,0,200,200
410925,0,30,0,0,200,200,7,6,0,200,200,200,200,2,200,200,200,200,200,200,200
410927,0,30,1,2,0,1,10,5,0,0,0,16,200,1,31,0,12,0,0,200,200
410927,0,30,1,2,0,1,10,5,0,0,0,16,200,1,65,0,0,0,0,200,200
410927,1,30,1,2,0,1,10,5,0,0,0,16,200,0,200,0,200,200,200,200,200
410929,0,30,2,200,0,1,10,2,0,0,0,11,3,0,16,0,3,0,0,200,200
410929,0,30,2,200,0,1,10,2,0,0,0,11,3,0,51,0,0,0,0,200,200
410929,1,30,2,200,0,1,10,2,0,0,0,11,3,200,200,0,200,200,200,200,200
410929,1,30,2,200,0,1,10,2,0,0,0,11,3,200,200,0,200,200,200,200,200
410935,0,30,0,0,0,1,11,7,0,0,0,17,200,0,85,0,1,0,0,200,200
410935,0,30,0,0,0,1,11,7,0,0,0,17,200,0,0,0,5,0,0,200,200
410935,1,30,0,0,0,1,11,7,0,0,0,17,200,1,49,0,200,200,200,200,200
410936,0,30,1,2,0,1,0,5,0,200,200,17,17,1,200,200,1,200,200,200,200
410936,0,30,1,2,0,1,0,5,0,200,200,17,17,0,68,0,12,200,0,200,200
410936,1,30,1,2,0,1,0,5,0,200,200,17,17,1,200,0,200,200,200,200,200
410937,0,30,1,2,0,1,10,5,0,200,200,0,0,0,24,200,6,200,200,200,200
410937,0,30,1,2,0,1,10,5,0,200,200,0,0,0,59,0,0,0,0,200,200
410945,0,30,0,0,0,1,2,5,0,0,0,200,200,0,68,0,0,0,0,200,200
410946,0,30,0,0,0,1,12,5,0,0,0,17,17,1,39,0,1,0,0,200,200
410946,0,30,0,0,0,1,12,5,0,0,0,17,17,0,50,200,0,0,0,200,200
410946,1,30,0,0,0,1,12,5,0,0,0,17,17,0,17,0,200,200,200,200,200
410946,1,30,0,0,0,1,12,5,0,0,0,17,17,0,21,0,200,200,200,200,200
410946,1,30,0,0,0,1,12,5,0,0,0,17,17,0,8,0,200,200,200,200,200
410954,0,25,2,0,0,1,0,5,0,0,0,16,17,0,55,0,200,0,0,200,200
410954,0,25,2,0,0,1,0,5,0,0,0,16,17,1,76,0,200,0,0,200,200
410955,0,30,2,2,0,1,10,5,0,0,0,0,0,1,28,200,200,200,200,200,200
410955,0,30,2,2,0,1,10,5,0,0,0,0,0,0,28,0,0,0,0,200,200
410965,0,30,2,2,0,1,0,5,0,0,0,17,200,0,72,200,1,0,0,200,200
410965,0,30,2,2,0,1,0,5,0,0,0,17,200,0,17,0,0,0,0,200,200
410967,0,30,1,2,0,1,12,6,0,0,0,21,200,1,46,0,4,0,0,200,200
410967,0,30,1,2,0,1,12,6,0,0,0,21,200,0,38,0,12,0,0,200,200
410972,0,25,0,200,200,200,12,5,0,200,200,0,0,0,200,0,200,0,0,200,200
410972,0,25,0,200,200,200,12,5,0,200,200,0,0,0,63,0,0,0,0,200,200
410976,0,15,0,0,0,1,7,7,0,0,0,23,0,1,200,200,10,200,200,200,200
410977,0,10,0,0,0,1,0,7,0,0,0,20,200,1,34,200,6,200,200,200,200
410977,0,10,0,0,0,1,0,7,0,0,0,20,200,0,65,200,0,0,0,200,200
410979,0,30,1,2,0,1,14,12,0,0,0,6,200,0,41,200,12,0,0,200,200
410979,0,30,1,2,0,1,14,12,0,0,0,6,200,0,41,200,0,0,0,200,200
410980,0,30,0,0,0,1,10,12,0,0,0,18,200,0,43,0,3,0,0,200,200
410980,0,30,0,0,0,1,10,12,0,0,0,18,200,1,200,200,0,200,200,200,200
410981,0,30,0,0,0,1,7,3,0,0,0,0,200,0,76,0,200,0,0,200,200
410981,1,30,0,0,0,1,7,3,0,0,0,0,200,1,58,0,200,200,200,200,200
410982,0,30,0,0,0,4,7,6,0,0,0,200,200,2,200,200,0,200,200,200,200
410984,0,30,0,0,0,1,14,2,0,0,0,23,200,0,52,0,7,0,1,200,200
410984,0,30,0,0,0,1,14,2,0,0,0,23,200,0,25,0,12,0,0,200,200
410984,1,30,0,0,0,1,14,2,0,0,0,23,200,1,28,0,200,200,200,200,200
410984,1,30,0,0,0,1,14,2,0,0,0,23,200,0,2,5,200,200,200,200,200
410984,1,30,0,0,0,1,14,2,0,0,0,23,200,0,24,0,200,200,200,200,200
410985,0,30,1,2,0,1,14,12,0,0,0,0,0,1,29,200,200,200,0,200,200
410985,0,30,1,2,0,1,14,12,0,0,0,0,0,0,51,200,200,200,0,200,200
410989,0,35,0,0,0,1,10,2,0,0,0,0,0,0,200,200,200,200,200,200,200
410989,0,35,0,0,0,1,10,2,0,0,0,0,0,0,37,0,0,0,0,200,200
410990,0,30,2,2,0,1,9,6,0,200,200,0,0,1,31,0,0,0,0,200,200
410990,5,30,2,2,0,1,9,6,0,200,200,0,0,200,200,200,200,200,5,200,200
410991,0,30,0,0,0,1,0,5,0,0,0,200,0,1,34,0,12,0,0,200,200
410991,0,30,0,0,0,1,0,5,0,0,0,200,0,1,20,0,12,0,0,200,200
410993,0,35,0,0,0,0,10,5,0,0,0,18,200,0,200,200,3,200,200,200,200
410993,0,35,0,0,0,0,10,5,0,0,0,18,200,0,43,0,0,0,0,200,200
410994,0,35,1,2,0,1,10,2,0,0,0,16,200,0,24,0,200,0,0,200,200
410994,0,35,1,2,0,1,10,2,0,0,0,16,200,0,34,0,0,0,0,200,200
410994,0,35,1,2,0,1,10,2,0,0,0,16,200,1,74,0,0,0,0,200,200
410994,1,35,1,2,0,1,10,2,0,0,0,16,200,1,36,0,200,200,200,200,200
410994,1,35,1,2,0,1,10,2,0,0,0,16,200,200,72,0,200,200,200,200,200
411002,0,30,0,0,0,1,12,5,0,0,0,0,0,1,37,0,0,0,0,200,200
411002,0,30,0,0,0,1,12,5,0,0,0,0,0,1,30,200,0,0,0,200,200
411004,0,30,1,2,0,1,10,5,0,0,0,20,200,1,40,0,6,0,0,200,200
411004,0,30,1,2,0,1,10,5,0,0,0,20,200,0,45,0,0,0,0,200,200
411010,0,30,2,2,0,1,10,5,0,0,0,16,11,0,18,200,8,0,0,200,200
411010,0,30,2,2,0,1,10,5,0,0,0,16,11,1,0,200,0,0,0,200,200
411010,0,30,2,2,0,1,10,5,0,0,0,16,11,1,53,200,0,0,0,200,200
411014,0,30,2,2,0,1,10,5,0,0,0,18,16,1,200,200,1,200,200,200,200
411014,0,30,2,2,0,1,10,5,0,0,0,18,16,0,27,0,0,3,0,200,200
411016,0,55,3,2,0,1,12,3,3,0,0,11,200,1,39,0,12,0,0,200,200
411016,0,55,3,2,0,1,12,3,3,0,0,11,200,0,18,0,0,0,0,200,200
411019,0,30,0,0,0,1,7,6,0,0,0,17,200,2,200,200,1,200,200,200,200
411019,1,30,0,0,0,1,7,6,0,0,0,17,200,0,51,0,200,200,200,200,200
411024,0,30,2,0,0,1,0,5,0,0,0,0,200,1,35,200,200,200,200,200,200
411024,0,30,2,0,0,1,0,5,0,0,0,0,200,0,35,0,200,0,200,200,200
411027,0,30,0,0,0,1,0,0,0,0,0,17,200,0,0,0,1,0,0,200,200
411027,0,30,0,0,0,1,0,0,0,0,0,17,200,0,40,0,0,0,0,200,200
411027,1,30,0,0,0,1,0,0,0,0,0,17,200,1,200,0,200,200,200,200,200
411029,0,30,0,0,0,1,7,7,0,0,0,20,20,1,200,200,6,0,0,200,200
411029,1,30,0,0,0,1,7,7,0,0,0,20,20,0,200,200,200,200,200,200,200
411030,0,30,0,0,0,1,7,3,0,0,0,16,7,0,64,200,12,200,7,200,200
411033,0,30,1,2,2,1,12,2,0,0,200,21,200,0,200,200,4,200,200,200,200
411033,0,30,1,2,2,1,12,2,0,0,200,21,200,1,51,200,0,200,200,200,200
411034,0,30,1,2,0,1,0,6,0,200,200,6,0,1,200,200,5,200,200,200,200
411034,0,30,1,2,0,1,0,6,0,200,200,6,0,0,79,0,0,0,0,200,200
411037,0,30,1,2,0,1,0,2,0,0,0,6,0,0,40,0,1,200,0,200,200
411037,0,30,1,2,0,1,0,2,0,0,0,6,0,0,57,0,0,0,0,200,200
411041,0,30,0,0,0,1,0,5,0,0,0,17,17,0,200,200,1,200,200,200,200
411041,0,30,0,0,0,1,0,5,0,0,0,17,17,0,27,200,0,0,0,200,200
411041,1,30,0,0,0,1,0,5,0,0,0,17,17,0,200,200,200,200,200,200,200
411042,0,30,0,0,0,1,7,5,0,0,0,0,0,1,59,200,200,200,0,200,200
411043,0,30,2,2,0,1,10,2,0,0,0,18,0,2,200,200,3,200,200,200,200
411043,0,30,2,2,0,1,10,2,0,0,0,18,0,1,42,0,0,0,0,200,200
411044,0,30,1,2,0,1,14,2,0,0,0,17,11,0,52,0,1,0,0,200,200
411044,0,30,1,2,0,1,14,2,0,0,0,17,11,0,20,0,12,0,0,200,200
411045,0,30,0,0,0,1,0,5,0,0,0,0,0,0,200,0,0,0,0,200,200
411045,0,30,0,0,0,1,0,5,0,0,0,0,0,1,66,0,0,0,0,200,200
411046,0,35,1,2,0,1,14,5,0,0,0,17,23,1,21,0,1,1,0,200,200
411046,0,35,1,2,0,1,14,5,0,0,0,17,23,1,83,0,0,1,0,200,200
411048,0,35,0,0,0,1,8,5,0,0,0,18,200,0,200,200,3,200,200,200,200
411048,4,35,0,0,0,1,8,5,0,0,0,18,200,0,22,7,0,0,0,200,200
411051,0,30,1,2,0,1,12,5,0,0,0,22,21,1,200,200,2,200,200,200,200
411051,0,30,1,2,0,1,12,5,0,0,0,22,21,1,43,0,0,0,0,200,200
411051,1,30,1,2,0,1,12,5,0,0,0,22,21,0,200,200,200,200,200,200,200
411051,1,30,1,2,0,1,12,5,0,0,0,22,21,2,200,200,200,200,200,200,200
411061,0,30,0,0,0,1,7,2,0,0,0,27,200,1,48,0,12,0,0,200,200
411064,0,30,0,0,0,1,12,6,0,200,200,21,21,0,22,0,4,200,0,200,200
411064,0,30,0,0,0,1,12,6,0,200,200,21,21,0,45,0,12,200,0,200,200
411064,1,30,0,0,0,1,12,6,0,200,200,21,21,0,18,0,200,200,200,200,200
411064,1,30,0,0,0,1,12,6,0,200,200,21,21,0,200,0,200,200,200,200,200
411065,0,30,2,2,0,0,12,5,0,0,0,200,200,1,200,200,0,200,200,200,200
411065,0,30,2,2,0,0,12,5,0,0,0,200,200,1,25,0,0,0,0,200,200
411065,1,30,2,2,0,0,12,5,0,0,0,200,200,1,200,200,200,200,200,200,200
411065,1,30,2,2,0,0,12,5,0,0,0,200,200,1,200,200,200,200,200,200,200
411066,0,40,1,2,0,1,14,2,0,0,0,0,0,0,200,200,200,200,200,200,200
411066,0,40,1,2,0,1,14,2,0,0,0,0,0,0,37,0,0,0,0,200,200
411077,0,30,0,0,0,1,7,6,0,0,0,14,0,1,200,200,12,200,200,200,200
411078,0,20,2,2,0,1,10,6,0,0,0,5,200,0,200,200,12,200,200,200,200
411078,0,20,2,2,0,1,10,6,0,0,0,5,200,0,27,200,0,0,0,200,200
411080,0,15,0,0,0,1,10,7,0,0,200,18,0,1,200,200,3,200,200,200,200
411080,0,15,0,0,0,1,10,7,0,0,200,18,0,1,62,0,0,0,0,200,200
411080,1,15,0,0,0,1,10,7,0,0,200,18,0,0,72,0,200,200,200,200,200
411081,0,35,0,0,0,1,10,2,0,0,0,0,0,0,18,0,1,0,0,200,200
411081,0,35,0,0,0,1,10,2,0,0,0,0,0,0,51,0,0,0,0,200,200
411086,0,30,2,2,0,1,14,5,0,0,0,17,200,0,66,0,1,0,0,200,200
411086,0,30,2,2,0,1,14,5,0,0,0,17,200,1,79,0,0,0,0,200,200
411086,1,30,2,2,0,1,14,5,0,0,0,17,200,0,76,0,200,200,200,200,200
411087,0,30,2,2,0,1,9,5,0,0,0,17,0,0,35,0,1,0,0,200,200
411087,5,30,2,2,0,1,9,5,0,0,0,17,0,1,42,7,12,12,7,200,200
411090,0,30,200,200,0,1,10,5,0,200,200,18,16,1,30,200,3,200,200,200,200
411090,0,30,200,200,0,1,10,5,0,200,200,18,16,0,43,200,0,200,200,200,200
411090,0,30,200,200,0,1,10,5,0,200,200,18,16,0,28,200,0,200,200,200,200
411092,0,30,0,0,0,1,10,5,0,0,0,18,200,0,200,0,3,0,0,200,200
411092,0,30,0,0,0,1,10,5,0,0,0,18,200,1,24,0,0,0,0,200,200
411093,0,30,0,0,0,1,14,3,0,0,0,5,200,2,200,200,7,200,200,200,200
411093,0,30,0,0,0,1,14,3,0,0,0,5,200,1,61,0,0,0,0,200,200
411093,1,30,0,0,0,1,14,3,0,0,0,5,200,1,71,0,200,200,200,200,200
411096,0,10,0,0,0,1,11,7,0,0,0,0,11,0,200,0,6,200,0,200,200
411096,0,10,0,0,0,1,11,7,0,0,0,0,11,1,63,0,0,0,0,200,200
411098,0,30,0,0,0,1,2,2,0,0,0,21,0,0,28,1,200,0,0,200,200
411102,0,30,1,2,0,1,10,3,0,0,0,18,200,0,54,0,3,200,0,200,200
411102,0,30,1,2,0,1,10,3,0,0,0,18,200,1,46,0,3,200,0,200,200
411104,0,30,0,0,0,1,10,5,0,0,200,18,200,1,45,200,3,200,200,200,200
411104,0,30,0,0,0,1,10,5,0,0,200,18,200,1,49,200,0,200,200,200,200
411113,0,25,1,2,0,1,10,5,0,0,0,0,0,1,18,0,200,0,0,200,200
411113,0,25,1,2,0,1,10,5,0,0,0,0,0,0,51,0,0,0,0,200,200
411113,1,25,1,2,0,1,10,5,0,0,0,0,0,1,200,0,200,200,200,200,200
411114,0,30,1,2,0,1,12,2,0,0,0,0,0,1,200,200,12,200,200,200,200
411114,0,30,1,2,0,1,12,2,0,0,0,0,0,1,63,0,0,0,0,200,200
411125,0,30,2,0,0,1,12,5,0,0,200,17,200,0,27,200,1,200,0,200,200
411125,0,30,2,0,0,1,12,5,0,0,200,17,200,0,27,200,0,200,0,200,200
411130,0,15,0,0,0,1,7,7,0,0,0,0,0,2,200,200,200,200,200,200,200
411133,0,30,2,0,0,1,0,5,0,0,0,17,200,0,65,0,1,0,0,200,200
411133,0,30,2,0,0,1,0,5,0,0,0,17,200,0,86,0,0,0,0,200,200
411133,1,30,2,0,0,1,0,5,0,0,0,17,200,1,200,0,200,200,200,200,200
411134,0,20,2,2,0,1,7,5,0,0,0,32,0,1,36,0,1,0,5,0.12,200
411134,1,20,2,2,0,1,7,5,0,0,0,32,0,1,200,5,200,200,200,200,200
411134,1,20,2,2,0,1,7,5,0,0,0,32,0,1,200,5,200,200,200,200,200
411134,1,20,2,2,0,1,7,5,0,0,0,32,0,0,43,0,200,200,200,200,200
411136,0,30,1,2,0,1,10,5,0,0,0,0,0,1,200,200,200,200,200,200,200
411136,0,30,1,2,0,1,10,5,0,0,0,0,0,1,38,200,200,200,0,200,200
411138,0,30,0,0,0,1,10,2,0,0,0,0,0,0,30,0,3,0,0,200,200
411138,0,30,0,0,0,1,10,2,0,0,0,0,0,0,36,0,0,0,0,200,200
411141,0,30,2,2,0,1,0,12,0,0,0,5,11,0,27,200,5,0,0,200,200
411141,0,30,2,2,0,1,0,12,0,0,0,5,11,1,35,0,0,0,0,200,200
411141,1,30,2,2,0,1,0,12,0,0,0,5,11,1,15,0,200,200,200,200,200
411142,0,30,1,2,0,1,9,5,0,0,0,6,16,0,200,200,5,200,200,200,200
411142,5,30,1,2,0,1,9,5,0,0,0,6,16,1,50,0,0,0,0,200,200
411143,0,30,1,2,0,1,10,5,0,200,200,0,0,1,48,0,0,0,0,200,200
411143,0,30,1,2,0,1,10,5,0,200,200,0,0,1,47,0,0,0,0,200,200
411143,1,30,1,2,0,1,10,5,0,200,200,0,0,1,200,0,200,200,200,200,200
411143,1,30,1,2,0,1,10,5,0,200,200,0,0,1,200,0,200,200,200,200,200
411143,1,30,1,2,0,1,10,5,0,200,200,0,0,1,200,0,200,200,200,200,200
411143,1,30,1,2,0,1,10,5,0,200,200,0,0,1,200,0,200,200,200,200,200
411146,0,30,0,0,0,1,14,5,0,0,0,200,200,0,26,7,0,0,0,200,200
411146,0,30,0,0,0,1,14,5,0,0,0,200,200,1,26,0,0,0,0,200,200
411146,1,30,0,0,0,1,14,5,0,0,0,200,200,1,200,5,200,200,200,200,200
411147,0,30,2,2,0,1,0,2,2,0,0,0,200,1,26,200,1,200,0,200,200
411147,0,30,2,2,0,1,0,2,2,0,0,0,200,1,39,200,0,200,0,200,200
411149,1,10,0,0,0,2,5,12,0,0,12,200,200,0,25,200,200,200,200,200,200
411150,0,30,1,2,0,1,10,5,0,0,0,18,200,0,33,0,3,0,0,200,200
411150,0,30,1,2,0,1,10,5,0,0,0,18,200,0,34,0,0,0,0,200,200
411156,0,35,1,2,2,1,14,1,0,0,0,17,200,0,27,0,1,0,0,200,200
411156,0,35,1,2,2,1,14,1,0,0,0,17,200,1,32,0,0,0,0,200,200
411157,0,30,2,0,0,1,0,2,0,0,0,5,16,0,24,200,200,200,0,200,200
411157,0,30,2,0,0,1,0,2,0,0,0,5,16,1,71,200,200,200,0,200,200
411157,1,30,2,0,0,1,0,2,0,0,0,5,16,0,47,200,200,200,200,200,200
411158,0,30,0,0,0,1,14,5,0,0,0,17,16,0,41,200,7,0,0,200,200
411158,0,30,0,0,0,1,14,5,0,0,0,17,16,0,27,200,0,0,0,200,200
411164,0,30,0,0,0,1,14,5,0,0,0,17,23,0,36,200,7,0,0,200,200
411164,0,30,0,0,0,1,14,5,0,0,0,17,23,1,18,200,0,0,0,200,200
411164,1,30,0,0,0,1,14,5,0,0,0,17,23,0,21,200,200,200,200,200,200
411167,0,35,0,0,0,1,7,7,0,0,0,200,200,1,22,200,200,200,0,200,200
411169,0,30,0,0,0,1,12,5,0,0,0,22,200,2,200,200,2,200,200,200,200
411169,0,30,0,0,0,1,12,5,0,0,0,22,200,1,37,0,0,0,0,200,200
411173,0,30,1,2,0,1,10,6,0,0,0,18,200,1,40,0,3,0,0,200,200
411173,0,30,1,2,0,1,10,6,0,0,0,18,200,0,44,0,4,0,0,200,200
411173,0,30,1,2,0,1,10,6,0,0,0,18,200,1,18,0,0,0,0,200,200
411173,1,30,1,2,0,1,10,6,0,0,0,18,200,1,44,0,200,200,200,200,200
411173,1,30,1,2,0,1,10,6,0,0,0,18,200,1,13,0,200,200,200,200,200
411173,1,30,1,2,0,1,10,6,0,0,0,18,200,1,17,0,200,200,200,200,200
411173,1,30,1,2,0,1,10,6,0,0,0,18,200,1,9,0,200,200,200,200,200
411173,1,30,1,2,0,1,10,6,0,0,0,18,200,1,9,7,200,200,200,200,200
411173,1,30,1,2,0,1,10,6,0,0,0,18,200,1,17,0,200,200,200,200,200
411174,0,30,6,2,0,1,10,5,0,0,0,18,0,0,18,0,3,0,0,200,200
411174,0,30,6,2,0,1,10,5,0,0,0,18,0,0,41,0,0,0,0,200,200
411178,0,30,0,0,0,1,12,5,0,0,0,22,21,0,200,200,1,200,200,200,200
411178,0,30,0,0,0,1,12,5,0,0,0,22,21,1,29,0,0,0,0,200,200
411184,0,30,0,0,0,1,7,7,0,0,0,0,0,2,200,200,200,200,200,200,200
411192,0,30,12,12,0,1,7,2,0,0,0,11,200,0,36,0,200,0,0,200,200
411192,1,30,12,12,0,1,7,2,0,0,0,11,200,1,58,1,200,200,200,200,200
411193,0,35,0,0,0,1,10,5,0,0,200,18,200,0,28,200,3,200,0,200,200
411193,0,35,0,0,0,1,10,5,0,0,200,18,200,1,37,200,200,200,0,200,200
411194,0,30,0,0,0,1,7,7,0,0,0,0,0,0,26,200,6,0,0,200,200
411197,0,30,1,2,0,1,10,2,0,0,0,16,0,1,22,200,200,200,200,200,200
411197,0,30,1,2,0,1,10,2,0,0,0,16,0,1,23,200,200,200,0,200,200
411197,1,30,1,2,0,1,10,2,0,0,0,16,0,0,16,200,200,200,200,200,200
411209,0,30,1,2,0,1,10,5,0,0,0,18,18,1,66,200,3,200,0,200,200
411209,0,30,1,2,0,1,10,5,0,0,0,18,18,1,49,200,0,0,0,200,200
411210,0,15,0,0,0,1,7,7,0,0,0,0,0,2,200,200,200,200,200,200,200
411211,0,30,1,2,0,1,14,3,0,0,0,21,21,0,29,0,7,0,0,200,200
411211,0,30,1,2,0,1,14,3,0,0,0,21,21,0,61,0,0,0,0,200,200
411212,0,30,0,0,200,200,5,5,0,200,0,29,200,0,46,0,0,0,0,200,200
411217,0,30,1,200,0,1,14,2,0,200,200,17,23,0,200,200,12,200,200,200,200
411217,0,30,1,200,0,1,14,2,0,200,200,17,23,0,27,200,200,200,0,200,200
411220,0,30,0,0,0,1,5,5,0,0,0,200,200,1,42,0,0,0,0,200,200
411220,2,30,0,0,0,1,5,5,0,0,0,200,200,0,26,0,12,0,0,200,200
411222,0,30,2,2,0,1,0,5,0,0,0,5,5,1,21,0,5,0,0,200,200
411222,0,30,2,2,0,1,0,5,0,0,0,5,5,0,28,0,0,0,0,200,200
411222,1,30,2,2,0,1,0,5,0,0,0,5,5,0,26,0,200,200,200,200,200
411222,1,30,2,2,0,1,0,5,0,0,0,5,5,0,1,0,200,200,200,200,200
411222,1,30,2,2,0,1,0,5,0,0,0,5,5,1,3,0,200,200,200,200,200
411222,1,30,2,2,0,1,0,5,0,0,0,5,5,0,0,0,200,200,200,200,200
411223,0,30,0,0,0,1,7,6,0,0,0,200,200,2,200,200,0,200,200,200,200
411227,0,30,0,0,0,1,12,3,0,0,200,21,21,0,200,200,4,200,200,200,200
411227,0,30,0,0,0,1,12,3,0,0,200,21,21,1,40,0,0,0,0,200,200
411233,0,35,1,2,0,0,4,3,0,0,0,0,0,0,47,0,200,0,200,200,200
411240,0,30,0,0,200,200,7,12,0,200,200,17,200,2,200,200,200,200,200,200,200
411243,0,30,0,0,0,1,9,5,0,0,0,0,0,2,200,200,200,200,200,200,200
411243,5,30,0,0,0,1,9,5,0,0,0,0,0,1,39,7,0,0,0,200,200
411243,1,30,0,0,0,1,9,5,0,0,0,0,0,1,64,200,200,200,200,200,200
411243,1,30,0,0,0,1,9,5,0,0,0,0,0,1,3,5,200,200,200,200,200
411244,0,30,1,2,0,1,12,5,0,0,0,0,200,1,200,200,200,200,200,200,200
411244,0,30,1,2,0,1,12,5,0,0,0,0,200,1,31,0,0,0,0,200,200
411244,1,30,1,2,0,1,12,5,0,0,0,0,200,0,1,0,200,200,200,200,200
411247,0,30,1,2,0,1,10,5,0,200,200,0,0,0,33,0,0,0,200,200,200
411247,0,30,1,2,0,1,10,5,0,200,200,0,0,1,39,0,0,0,200,200,200
411247,1,30,1,2,0,1,10,5,0,200,200,0,0,1,200,0,200,200,200,200,200
411247,1,30,1,2,0,1,10,5,0,200,200,0,0,1,200,0,200,200,200,200,200
411247,1,30,1,2,0,1,10,5,0,200,200,0,0,0,200,5,200,200,200,200,200
411252,0,35,0,0,0,1,7,5,0,0,0,14,200,0,200,200,8,200,200,200,200
411252,1,35,0,0,0,1,7,5,0,0,0,14,200,2,200,200,200,200,200,200,200
411252,1,35,0,0,0,1,7,5,0,0,0,14,200,2,200,200,200,200,200,200,200
411252,1,35,0,0,0,1,7,5,0,0,0,14,200,2,200,200,200,200,200,200,200
411254,0,30,0,0,0,1,10,5,0,0,0,20,0,1,27,0,6,0,0,200,200
411254,0,30,0,0,0,1,10,5,0,0,0,20,0,1,54,0,0,0,0,200,200
411256,0,25,0,0,0,1,10,4,0,0,0,20,11,0,200,200,1,200,200,200,200
411256,0,25,0,0,0,1,10,4,0,0,0,20,11,0,29,0,0,0,0,200,200