RD_NO,PERSON_TYPE,POSTED_SPEED_LIMIT,TRAFFIC_CONTROL_DEVICE,DEVICE_CONDITION,WEATHER_CONDITION,LIGHTING_CONDITION,FIRST_CRASH_TYPE,TRAFFICWAY_TYPE,ALIGNMENT,ROADWAY_SURFACE_COND,ROAD_DEFECT,PRIM_CONTRIBUTORY_CAUSE,SEC_CONTRIBUTORY_CAUSE,SEX,AGE,SAFETY_EQUIPMENT,DRIVER_ACTION,DRIVER_VISION,PHYSICAL_CONDITION,BAC_RESULT VALUE,CELL_PHONE_USE
411256,1,25,0,0,0,1,10,4,0,0,0,20,11,1,200,200,200,200,200,200,200
411257,0,30,200,0,0,1,10,7,0,0,0,17,200,0,28,200,1,200,200,200,200
411257,0,30,200,0,0,1,10,7,0,0,0,17,200,1,43,0,12,200,0,200,200
411267,0,30,1,2,0,1,12,5,2,0,0,18,200,1,200,200,3,200,200,200,200
411267,0,30,1,2,0,1,12,5,2,0,0,18,200,1,26,0,0,0,0,200,200
411268,0,30,0,0,0,200,7,6,0,0,0,0,0,2,200,200,200,200,200,200,200
411273,0,30,0,0,0,1,14,2,0,0,0,18,16,2,200,200,200,200,200,200,200
411273,0,30,0,0,0,1,14,2,0,0,0,18,16,1,27,0,0,0,0,200,200
411282,0,30,0,0,0,1,12,5,0,0,200,22,200,0,200,200,2,200,200,200,200
411282,0,30,0,0,0,1,12,5,0,0,200,22,200,1,41,200,0,200,200,200,200
411283,0,30,0,0,0,0,7,2,0,0,200,0,0,2,200,200,200,200,200,200,200
411285,0,15,0,0,0,1,9,7,0,0,0,0,200,0,200,200,12,200,200,200,200
411285,5,15,0,0,0,1,9,7,0,0,0,0,200,1,27,7,12,12,0,200,200
411286,0,30,1,2,0,1,10,5,0,200,0,0,200,0,56,200,200,200,0,200,200
411286,0,30,1,2,0,1,10,5,0,200,0,0,200,1,53,200,0,200,0,200,200
411288,0,30,1,2,0,1,14,2,0,0,0,16,200,0,200,200,1,200,200,200,200
411288,0,30,1,2,0,1,14,2,0,0,0,16,200,0,40,0,0,200,0,200,200
411306,0,30,0,0,0,1,10,5,0,0,0,20,200,0,33,0,0,0,0,200,200
411306,0,30,0,0,0,1,10,5,0,0,0,20,200,1,59,0,0,0,0,200,200
411307,0,20,0,0,0,1,12,6,0,0,0,0,0,2,200,200,2,200,200,200,200
411307,0,20,0,0,0,1,12,6,0,0,0,0,0,1,23,0,0,0,0,200,200
411308,0,30,1,2,0,1,10,5,0,0,0,0,0,0,27,0,1,0,0,200,200
411308,0,30,1,2,0,1,10,5,0,0,0,0,0,1,42,0,0,0,0,200,200
411310,0,30,0,0,0,1,14,12,0,0,0,16,33,0,38,3,12,0,0,200,200
411310,0,30,0,0,0,1,14,12,0,0,0,16,33,1,21,0,12,0,0,200,200
411310,1,30,0,0,0,1,14,12,0,0,0,16,33,1,21,0,200,200,200,200,200
411314,0,30,0,0,0,1,12,6,0,0,0,0,200,0,200,200,1,200,200,200,200
411314,0,30,0,0,0,1,12,6,0,0,0,0,200,1,25,200,0,200,200,200,200
411315,0,35,0,0,0,1,10,2,0,0,0,11,0,1,23,200,200,200,200,200,200
411315,0,35,0,0,0,1,10,2,0,0,0,11,0,0,48,0,0,0,0,200,200
411316,0,30,2,2,0,1,10,7,0,0,0,20,20,1,28,0,6,0,0,200,200
411316,0,30,2,2,0,1,10,7,0,0,0,20,20,0,32,0,0,0,0,200,200
411316,1,30,2,2,0,1,10,7,0,0,0,20,20,1,200,0,200,200,200,200,200
411318,4,30,0,0,0,1,11,5,0,0,0,21,21,0,33,3,12,0,0,200,200
411318,0,30,0,0,0,1,11,5,0,0,0,21,21,1,24,200,12,0,0,200,200
411326,0,30,0,0,0,1,12,5,0,200,200,0,0,0,38,0,200,200,200,200,200
411326,0,30,0,0,0,1,12,5,0,200,200,0,0,1,56,0,0,0,200,200,200
411328,0,35,0,0,0,1,7,5,0,0,0,0,200,1,75,0,200,0,0,200,200
411329,0,30,1,2,0,1,10,5,0,0,0,0,200,0,30,0,0,0,0,200,200
411329,0,30,1,2,0,1,10,5,0,0,0,0,200,0,32,0,0,0,0,200,200
411336,0,30,2,2,0,1,10,2,0,0,0,18,18,1,23,200,3,200,200,200,200
411343,0,30,0,0,0,1,12,6,0,0,0,22,22,1,200,200,2,200,200,200,200
411343,0,30,0,0,0,1,12,6,0,0,0,22,22,1,49,200,0,0,0,200,200
411345,0,35,0,0,0,4,8,2,0,0,0,22,11,0,67,0,4,0,0,200,200
411345,4,35,0,0,0,4,8,2,0,0,0,22,11,0,59,7,200,200,7,200,200
411346,0,30,2,2,0,1,14,5,0,0,0,17,200,0,48,0,1,0,0,200,200
411346,0,30,2,2,0,1,14,5,0,0,0,17,200,1,35,0,0,0,0,200,200
411357,0,25,0,0,0,1,10,5,0,0,0,18,18,1,200,200,3,200,200,200,200
411357,0,25,0,0,0,1,10,5,0,0,0,18,18,1,73,0,0,0,0,200,200
411359,0,30,0,0,0,1,10,2,0,0,0,18,0,1,56,0,200,0,0,200,200
411359,0,30,0,0,0,1,10,2,0,0,0,18,0,0,23,0,0,0,0,200,200
411364,0,30,1,2,0,1,10,5,0,0,0,18,16,0,200,200,3,200,200,200,200
411364,0,30,1,2,0,1,10,5,0,0,0,18,16,1,44,0,0,0,0,200,200
411366,0,30,0,0,0,1,10,2,0,0,200,18,0,1,200,200,3,200,200,200,200
411366,0,30,0,0,0,1,10,2,0,0,200,18,0,1,32,0,0,200,200,200,200
411379,0,30,200,200,200,200,7,200,0,200,200,0,200,2,200,200,200,200,200,200,200
411384,0,15,0,0,0,1,11,7,0,0,0,0,0,0,62,200,6,0,0,200,200
411384,0,15,0,0,0,1,11,7,0,0,0,0,0,0,40,200,6,0,0,200,200
411386,0,30,0,0,0,4,7,6,0,0,0,200,200,0,60,200,0,0,0,200,200
411387,0,30,1,2,0,1,10,5,0,0,0,12,0,0,20,0,0,0,0,200,200
411387,0,30,1,2,0,1,10,5,0,0,0,12,0,1,34,0,0,0,0,200,200
411387,1,30,1,2,0,1,10,5,0,0,0,12,0,1,14,0,200,200,200,200,200
411389,4,35,1,0,0,1,8,5,0,0,0,0,200,1,23,7,0,0,0,200,200
411389,1,35,1,0,0,1,8,5,0,0,0,0,200,0,200,200,200,200,200,200,200
411391,0,30,0,0,0,1,7,5,0,0,0,22,22,2,200,200,200,200,200,200,200
411398,0,30,0,0,0,3,7,6,0,0,0,0,0,2,200,200,200,200,200,200,200
411401,0,30,1,2,200,1,14,1,0,200,0,0,0,1,200,200,7,200,200,200,200
411401,0,30,1,2,200,1,14,1,0,200,0,0,0,1,74,200,200,200,200,200,200
411406,0,25,1,2,0,3,14,5,0,0,0,17,0,0,22,7,7,0,0,200,200
411406,0,25,1,2,0,3,14,5,0,0,0,17,0,0,48,0,0,0,0,200,200
411408,0,25,0,0,0,3,7,5,0,0,0,21,0,0,52,0,0,0,0,200,200
411411,0,30,0,0,0,0,12,5,0,0,0,0,0,1,200,200,200,200,200,200,200
411411,0,30,0,0,0,0,12,5,0,0,0,0,0,1,31,200,0,200,200,200,200
411411,1,30,0,0,0,0,12,5,0,0,0,0,0,0,200,200,200,200,200,200,200
411426,0,30,0,0,0,1,10,5,0,0,0,18,200,1,200,200,3,200,200,200,200
411426,0,30,0,0,0,1,10,5,0,0,0,18,200,1,62,0,0,0,0,200,200
411446,0,30,1,2,0,1,14,12,0,0,0,23,11,0,200,200,7,200,200,200,200
411446,0,30,1,2,0,1,14,12,0,0,0,23,11,0,30,0,12,0,0,200,200
411462,0,10,0,0,0,1,7,7,0,0,0,16,200,1,200,0,4,200,200,200,200
411467,0,30,200,200,0,3,7,5,0,0,0,11,200,0,28,200,12,200,200,200,200
411469,0,30,0,0,0,1,12,5,0,0,200,0,0,0,33,200,200,200,200,200,200
411469,0,30,0,0,0,1,12,5,0,0,200,0,0,0,32,0,200,200,0,200,200
411469,1,30,0,0,0,1,12,5,0,0,200,0,0,0,200,200,200,200,200,200,200
411469,1,30,0,0,0,1,12,5,0,0,200,0,0,1,200,0,200,200,200,200,200
411469,1,30,0,0,0,1,12,5,0,0,200,0,0,1,200,0,200,200,200,200,200
411470,0,30,200,200,0,1,7,2,0,200,200,0,200,2,200,200,200,200,200,200,200
411478,0,30,0,0,0,1,10,5,0,0,0,0,0,1,200,200,200,200,200,200,200
411478,0,30,0,0,0,1,10,5,0,0,0,0,0,1,34,200,0,0,0,200,200
411478,1,30,0,0,0,1,10,5,0,0,0,0,0,200,200,200,200,200,200,200,200
411478,1,30,0,0,0,1,10,5,0,0,0,0,0,200,200,200,200,200,200,200,200
411478,1,30,0,0,0,1,10,5,0,0,0,0,0,0,200,0,200,200,200,200,200
411478,1,30,0,0,0,1,10,5,0,0,0,0,0,1,200,200,200,200,200,200,200
411478,1,30,0,0,0,1,10,5,0,0,0,0,0,1,200,0,200,200,200,200,200
411479,0,30,1,2,0,3,14,5,0,0,0,0,11,0,18,0,200,0,0,200,200
411479,0,30,1,2,0,3,14,5,0,0,0,0,11,1,57,0,0,0,0,200,200
411479,1,30,1,2,0,3,14,5,0,0,0,0,11,200,16,0,200,200,200,200,200
411479,1,30,1,2,0,3,14,5,0,0,0,0,11,0,16,0,200,200,200,200,200
411479,1,30,1,2,0,3,14,5,0,0,0,0,11,0,15,0,200,200,200,200,200
411479,1,30,1,2,0,3,14,5,0,0,0,0,11,0,57,0,200,200,200,200,200
411479,1,30,1,2,0,3,14,5,0,0,0,0,11,0,200,0,200,200,200,200,200
411481,0,30,2,2,0,3,10,2,0,0,0,18,200,1,39,0,3,0,0,200,200
411481,0,30,2,2,0,3,10,2,0,0,0,18,200,0,39,0,12,0,0,200,200
411485,0,25,2,2,0,3,0,5,0,0,0,5,0,0,60,200,1,200,200,200,200
411485,0,25,2,2,0,3,0,5,0,0,0,5,0,0,21,200,1,200,0,200,200
411486,0,30,1,2,0,3,10,2,0,0,0,18,0,1,36,200,3,200,0,200,200
411486,0,30,1,2,0,3,10,2,0,0,0,18,0,1,35,0,0,0,0,200,200
411486,1,30,1,2,0,3,10,2,0,0,0,18,0,1,200,200,200,200,200,200,200
411487,0,35,2,0,0,1,14,5,0,0,0,0,0,1,200,0,200,200,200,200,200
411487,0,35,2,0,0,1,14,5,0,0,0,0,0,0,29,200,200,200,200,200,200
411487,1,35,2,0,0,1,14,5,0,0,0,0,0,1,200,0,200,200,200,200,200
411491,0,30,200,200,200,200,10,3,0,200,200,0,200,1,37,200,200,200,200,200,200
411491,0,30,200,200,200,200,10,3,0,200,200,0,200,1,68,200,200,200,0,200,200
411495,0,30,1,1,0,3,12,2,0,0,0,23,35,0,72,200,4,200,200,200,200
411495,0,30,1,1,0,3,12,2,0,0,0,23,35,0,32,200,0,200,0,200,200
411499,4,25,0,0,0,3,8,5,0,0,0,0,200,0,19,7,12,0,0,200,200
411511,0,30,0,0,0,0,9,5,0,0,200,0,0,1,45,200,200,200,0,200,200
411511,5,30,0,0,0,0,9,5,0,0,200,0,0,0,35,200,200,200,7,200,200
411523,0,30,1,2,0,3,0,5,0,0,0,27,10,0,200,200,9,200,12,200,200
411523,0,30,1,2,0,3,0,5,0,0,0,27,10,0,47,0,12,0,0,200,200
411523,1,30,1,2,0,3,0,5,0,0,0,27,10,1,200,0,200,200,200,200,200
411530,0,25,0,0,0,3,2,5,0,0,200,8,0,1,35,200,12,200,200,200,200
411533,0,20,0,0,0,3,5,0,0,0,200,0,200,1,39,0,0,0,0,200,200
411542,0,30,0,0,0,1,12,5,0,0,0,7,7,0,18,0,0,0,0,200,200
411542,0,30,0,0,0,1,12,5,0,0,0,7,7,1,200,200,200,200,200,200,200
411543,0,30,200,0,0,0,12,5,0,0,0,16,200,0,37,200,12,200,5,200,200
411543,0,30,200,0,0,0,12,5,0,0,0,16,200,1,23,0,0,0,0,200,200
411548,0,30,200,200,0,0,2,2,0,0,0,16,200,0,37,200,8,200,0,200,200
411549,0,30,200,200,0,3,3,5,0,0,200,0,0,2,200,200,200,200,200,200,200
411549,0,30,200,200,0,3,3,5,0,0,200,0,0,1,29,200,200,200,0,200,200
411555,0,30,0,0,0,3,7,5,0,0,0,16,0,2,200,200,200,200,200,200,200
411556,0,30,0,0,0,3,7,5,0,0,200,27,200,1,68,200,12,200,2,200,200
411565,0,30,2,2,0,3,0,6,0,0,0,17,200,1,46,0,1,0,0,200,200
411565,0,30,2,2,0,3,0,6,0,0,0,17,200,0,38,0,0,0,0,200,200
411576,0,15,0,0,200,200,7,7,0,200,200,11,200,0,23,200,2,200,0,200,200
411582,0,30,0,0,0,0,12,5,0,0,0,0,200,1,60,0,1,0,0,200,200
411582,0,30,0,0,0,0,12,5,0,0,0,0,200,0,200,7,0,0,0,200,200
411587,0,30,0,0,0,3,2,3,0,0,0,23,0,0,49,0,7,0,0,200,200
411592,0,20,0,0,0,3,7,6,0,0,0,0,200,1,200,200,200,200,200,200,200
411593,0,30,1,2,0,3,10,5,0,0,0,0,0,0,200,200,3,200,200,200,200
411593,0,30,1,2,0,3,10,5,0,0,0,0,0,0,37,0,0,0,0,200,200
411622,0,30,0,0,0,3,0,5,0,0,200,0,0,2,200,200,200,200,200,200,200
411622,0,30,0,0,0,3,0,5,0,0,200,0,0,0,34,0,0,200,0,200,200
411630,0,30,1,2,0,1,10,2,0,0,0,18,200,1,68,200,200,200,200,200,200
411630,0,30,1,2,0,1,10,2,0,0,0,18,200,1,23,200,0,200,0,200,200
411646,0,20,200,0,0,0,7,5,0,0,200,11,0,0,200,200,200,200,200,200,200
411658,0,30,0,0,0,3,14,5,0,0,0,32,23,1,38,200,0,0,0,200,200
411658,0,30,0,0,0,3,14,5,0,0,0,32,23,0,27,200,7,0,5,0.09,200
411658,1,30,0,0,0,3,14,5,0,0,0,32,23,1,45,200,200,200,200,200,200
411658,1,30,0,0,0,3,14,5,0,0,0,32,23,1,200,200,200,200,200,200,200
411663,0,30,200,0,0,3,2,5,0,0,0,14,14,0,200,200,200,200,200,200,200
411692,0,30,0,0,0,3,7,6,0,0,0,200,200,2,200,200,200,200,200,200,200
411706,0,30,1,200,0,200,9,200,0,200,200,0,0,2,200,200,200,200,200,200,200
411706,5,30,1,200,0,200,9,200,0,200,200,0,0,1,25,7,12,12,0,200,200
411710,0,35,200,200,0,3,2,2,3,0,0,16,0,1,0,200,200,200,200,200,200
411710,1,35,200,200,0,3,2,2,3,0,0,16,0,0,200,200,200,200,200,200,200
411742,0,30,1,2,0,3,10,5,0,0,0,18,0,0,45,0,3,0,0,200,200
411742,0,30,1,2,0,3,10,5,0,0,0,18,0,0,45,0,0,0,0,200,200
411754,0,30,2,2,0,0,12,2,0,0,0,22,0,0,22,0,2,200,0,200,200
411754,0,30,2,2,0,0,12,2,0,0,0,22,0,0,67,0,0,200,0,200,200
411754,1,30,2,2,0,0,12,2,0,0,0,22,0,1,200,0,200,200,200,200,200
411754,1,30,2,2,0,0,12,2,0,0,0,22,0,0,200,0,200,200,200,200,200
411754,1,30,2,2,0,0,12,2,0,0,0,22,0,1,200,0,200,200,200,200,200
411759,0,35,1,2,0,2,12,5,0,0,0,10,18,0,35,0,9,0,0,200,200
411759,0,35,1,2,0,2,12,5,0,0,0,10,18,0,37,0,0,0,0,200,200
411760,0,30,0,0,0,2,7,5,2,0,0,21,16,0,63,200,200,0,0,200,200
411767,0,25,0,0,0,200,7,6,0,0,0,0,0,2,200,200,200,200,200,200,200
411771,0,30,1,2,0,1,12,3,0,0,0,17,17,1,35,0,1,0,0,200,200
411771,0,30,1,2,0,1,12,3,0,0,0,17,17,0,44,0,0,0,0,200,200
411777,0,20,0,0,0,1,0,5,0,0,0,20,0,0,48,0,6,0,0,200,200
411777,0,20,0,0,0,1,0,5,0,0,0,20,0,0,200,200,0,200,200,200,200
411779,0,30,1,2,1,1,12,5,0,0,0,12,12,0,54,200,0,0,0,200,200
411779,0,30,1,2,1,1,12,5,0,0,0,12,12,0,30,200,2,0,0,200,200
411780,0,30,2,2,1,1,0,2,0,0,0,5,0,0,200,200,5,200,200,200,200
411780,0,30,2,2,1,1,0,2,0,0,0,5,0,0,48,0,0,0,0,200,200
411786,0,30,2,2,0,1,8,5,0,0,0,0,200,0,54,0,200,0,0,200,200
411786,4,30,2,2,0,1,8,5,0,0,0,0,200,1,27,7,1,200,0,200,200
411791,0,30,0,0,0,1,14,2,0,0,0,0,0,0,58,0,200,200,0,200,200
411791,0,30,0,0,0,1,14,2,0,0,0,0,0,0,45,0,200,0,0,200,200
411799,0,30,0,0,0,1,10,2,0,0,0,16,200,0,31,0,12,200,0,200,200
411799,0,30,0,0,0,1,10,2,0,0,0,16,200,0,39,200,0,200,0,200,200
411806,0,30,1,2,2,1,10,5,0,1,0,18,18,1,22,0,3,0,0,200,200
411806,0,30,1,2,2,1,10,5,0,1,0,18,18,1,200,200,200,200,200,200,200
411811,0,30,1,2,2,1,14,5,0,1,0,6,6,1,33,0,5,0,0,200,200
411811,0,30,1,2,2,1,14,5,0,1,0,6,6,1,33,0,0,0,0,200,200
411818,0,30,0,0,200,3,7,5,0,200,200,0,0,2,200,200,200,200,200,200,200
411819,0,30,1,2,2,1,0,5,0,1,0,25,34,0,200,200,12,200,200,200,200
411819,0,30,1,2,2,1,0,5,0,1,0,25,34,1,38,0,0,0,0,200,200
411819,0,30,1,2,2,1,0,5,0,1,0,25,34,0,41,0,0,0,0,200,200
411819,1,30,1,2,2,1,0,5,0,1,0,25,34,1,16,0,200,200,200,200,200
411845,0,35,0,0,2,1,10,5,0,1,0,18,200,1,69,0,3,0,0,200,200
411845,0,35,0,0,2,1,10,5,0,1,0,18,200,0,43,0,0,0,0,200,200
411846,0,20,0,0,2,1,7,6,0,0,0,0,0,2,200,200,200,200,200,200,200
411848,0,30,2,2,2,1,0,5,0,1,0,17,200,0,58,0,1,12,0,200,200
411848,0,30,2,2,2,1,0,5,0,1,0,17,200,1,200,0,0,0,0,200,200
411859,4,30,1,2,0,1,8,5,0,1,0,6,0,0,18,2,5,0,0,200,200
411859,0,30,1,2,0,1,8,5,0,1,0,6,0,1,37,0,0,0,0,200,200
411859,1,30,1,2,0,1,8,5,0,1,0,6,0,0,200,0,200,200,200,200,200
411861,0,35,2,2,1,1,12,5,0,1,0,22,0,0,25,0,4,0,0,200,200
411861,0,35,2,2,1,1,12,5,0,1,0,22,0,1,28,0,12,0,0,200,200
411861,1,35,2,2,1,1,12,5,0,1,0,22,0,1,25,0,200,200,200,200,200
411861,1,35,2,2,1,1,12,5,0,1,0,22,0,0,1,5,200,200,200,200,200
411861,1,35,2,2,1,1,12,5,0,1,0,22,0,0,0,5,200,200,200,200,200
411861,1,35,2,2,1,1,12,5,0,1,0,22,0,0,9,0,200,200,200,200,200
411861,1,35,2,2,1,1,12,5,0,1,0,22,0,1,5,0,200,200,200,200,200
411862,0,20,0,0,200,2,7,5,0,200,200,0,200,2,200,200,200,200,200,200,200
411864,0,30,0,0,2,1,12,5,0,1,0,0,0,0,200,200,200,200,200,200,200
411864,0,30,0,0,2,1,12,5,0,1,0,0,0,1,29,0,200,200,0,200,200
411867,0,30,0,0,2,0,14,2,0,1,200,0,0,0,53,0,200,200,0,200,200
411867,0,30,0,0,2,0,14,2,0,1,200,0,0,0,43,0,200,0,0,200,200
411873,0,25,0,0,0,1,10,5,0,0,0,0,0,1,200,200,200,200,200,200,200
411873,0,25,0,0,0,1,10,5,0,0,0,0,0,0,41,0,0,0,0,200,200
411873,1,25,0,0,0,1,10,5,0,0,0,0,0,0,6,5,200,200,200,200,200
411876,0,30,0,0,2,1,12,5,0,1,0,0,0,1,21,0,0,200,0,200,200
411876,0,30,0,0,2,1,12,5,0,1,0,0,0,1,39,7,0,0,0,200,200
411877,0,30,0,0,1,1,7,6,0,1,0,0,0,2,200,200,200,200,200,200,200
411881,0,30,1,2,2,1,10,5,0,1,0,0,0,1,33,200,200,200,200,200,200
411881,0,30,1,2,2,1,10,5,0,1,0,0,0,1,43,0,0,0,1,200,200
411881,1,30,1,2,2,1,10,5,0,1,0,0,0,0,200,200,200,200,200,200,200
411884,0,30,1,2,0,1,10,5,0,0,0,16,25,0,26,200,1,200,200,200,200
411884,0,30,1,2,0,1,10,5,0,0,0,16,25,0,63,0,0,0,0,200,200
411885,0,30,2,2,1,1,14,5,0,1,0,5,200,1,34,0,200,0,0,200,200
411885,0,30,2,2,1,1,14,5,0,1,0,5,200,1,39,0,200,0,0,200,200
411887,0,20,1,2,2,2,10,3,0,1,0,18,12,0,200,200,3,200,200,200,200
411887,0,20,1,2,2,2,10,3,0,1,0,18,12,1,31,0,0,0,0,200,200
411893,0,30,1,2,2,1,9,2,0,1,200,17,200,0,48,200,1,200,0,200,200
411893,5,30,1,2,2,1,9,2,0,1,200,17,200,1,33,200,0,200,0,200,200
411894,0,0,0,0,2,1,7,7,0,1,0,33,20,0,42,200,6,12,0,200,200
411895,0,30,1,2,2,1,12,2,0,1,0,0,34,2,200,200,200,200,200,200,200
411895,0,30,1,2,2,1,12,2,0,1,0,0,34,1,52,0,0,0,0,200,200
411896,0,30,0,0,0,1,14,2,0,1,0,17,0,0,72,0,1,0,0,200,200
411896,0,30,0,0,0,1,14,2,0,1,0,17,0,0,52,0,0,0,0,200,200
411900,0,30,1,2,2,1,10,5,0,1,0,18,16,0,0,0,1,0,0,200,200
411900,0,30,1,2,2,1,10,5,0,1,0,18,16,1,64,0,0,0,0,200,200
411904,0,30,2,2,0,1,10,6,0,0,0,18,0,2,200,200,3,200,200,200,200
411904,0,30,2,2,0,1,10,6,0,0,0,18,0,0,49,0,0,0,0,200,200
411909,0,0,0,0,2,1,11,2,0,1,0,0,0,0,57,0,12,200,0,200,200
411909,0,0,0,0,2,1,11,2,0,1,0,0,0,0,35,0,200,200,0,200,200
411912,0,30,1,0,2,1,11,3,0,1,0,17,17,1,200,200,1,200,200,200,200
411912,0,30,1,0,2,1,11,3,0,1,0,17,17,0,35,0,0,0,0,200,200
411915,0,30,0,0,2,1,14,5,0,1,0,16,0,0,37,0,0,0,0,200,200
411915,0,30,0,0,2,1,14,5,0,1,0,16,0,0,41,0,12,0,0,200,200
411915,1,30,0,0,2,1,14,5,0,1,0,16,0,1,56,0,200,200,200,200,200
411918,0,10,0,0,0,1,7,7,0,0,0,0,0,2,200,200,200,200,200,200,200
411919,0,30,0,0,2,1,12,6,0,1,0,17,200,0,37,200,1,0,0,200,200
411919,0,30,0,0,2,1,12,6,0,1,0,17,200,0,40,0,0,0,0,200,200
411923,0,30,1,2,2,200,12,2,0,1,0,12,16,0,28,200,8,0,0,200,200
411923,0,30,1,2,2,200,12,2,0,1,0,12,16,0,67,200,0,0,0,200,200
411923,1,30,1,2,2,200,12,2,0,1,0,12,16,0,34,200,200,200,200,200,200
411923,1,30,1,2,2,200,12,2,0,1,0,12,16,1,39,200,200,200,200,200,200
411927,0,30,1,2,0,1,14,2,0,1,0,23,200,1,64,0,1,12,5,200,200
411927,0,30,1,2,0,1,14,2,0,1,0,23,200,1,54,0,0,0,0,200,200
411928,0,30,0,0,2,1,12,3,0,1,0,34,34,1,33,0,12,0,0,200,200
411928,0,30,0,0,2,1,12,3,0,1,0,34,34,1,29,0,0,0,0,200,200
411929,0,30,0,0,0,0,7,5,0,0,0,0,0,2,200,200,200,200,200,200,200
411931,0,30,1,2,2,1,12,6,0,1,0,22,17,0,25,0,7,0,0,200,200
411931,0,30,1,2,2,1,12,6,0,1,0,22,17,0,23,0,0,0,0,200,200
411938,0,30,2,2,2,1,14,5,0,1,0,34,200,1,34,0,200,0,0,200,200
411938,0,30,2,2,2,1,14,5,0,1,0,34,200,1,23,0,200,0,0,200,200
411941,0,30,0,0,2,1,10,5,0,1,0,18,200,1,24,0,3,1,0,200,200
411941,0,30,0,0,2,1,10,5,0,1,0,18,200,1,71,0,0,1,0,200,200
411943,0,25,0,0,12,1,0,5,0,1,0,0,0,1,32,0,200,0,0,200,200
411943,0,25,0,0,12,1,0,5,0,1,0,0,0,0,21,0,200,0,0,200,200
411943,1,25,0,0,12,1,0,5,0,1,0,0,0,0,55,0,200,200,200,200,200
411944,0,30,0,0,0,1,10,2,0,0,0,18,200,0,200,200,3,200,200,200,200
411944,0,30,0,0,0,1,10,2,0,0,0,18,200,1,25,200,0,200,0,200,200
411947,0,30,1,2,1,1,0,5,0,1,0,17,200,0,29,0,1,1,0,200,200
411947,0,30,1,2,1,1,0,5,0,1,0,17,200,0,35,0,0,0,0,200,200
411947,1,30,1,2,1,1,0,5,0,1,0,17,200,0,200,0,200,200,200,200,200
411961,0,20,0,0,0,1,7,5,0,0,0,0,0,2,200,200,200,200,200,200,200
411962,0,30,0,0,0,2,7,5,0,0,0,0,0,2,200,200,200,200,200,200,200
411972,0,15,0,0,1,1,7,7,0,1,0,20,0,0,26,0,6,0,0,200,200
411973,0,30,0,0,0,1,7,5,0,0,0,16,4,2,200,200,5,200,200,200,200
411974,0,30,2,1,2,1,12,6,0,1,0,21,200,0,200,200,8,200,200,200,200
411974,0,30,2,1,2,1,12,6,0,1,0,21,200,0,41,0,4,200,0,200,200
411974,0,30,2,1,2,1,12,6,0,1,0,21,200,1,25,0,0,200,0,200,200
411981,0,30,7,3,0,1,10,5,0,0,0,18,0,1,24,0,3,0,0,200,200
411981,0,30,7,3,0,1,10,5,0,0,0,18,0,1,41,0,0,0,0,200,200
411981,1,30,7,3,0,1,10,5,0,0,0,18,0,0,2,5,200,200,200,200,200
411982,0,30,0,0,1,1,9,7,0,1,0,20,11,0,200,200,6,200,200,200,200
411982,5,30,0,0,1,1,9,7,0,1,0,20,11,1,22,200,0,0,0,200,200
411987,0,30,1,2,0,1,14,3,0,1,0,0,0,0,51,0,12,0,0,200,200
411987,0,30,1,2,0,1,14,3,0,1,0,0,0,1,200,0,12,0,0,200,200
411987,1,30,1,2,0,1,14,3,0,1,0,0,0,1,200,7,200,200,200,200,200
411990,0,30,0,0,0,1,12,5,0,1,0,0,0,0,23,0,200,200,0,200,200
411990,0,30,0,0,0,1,12,5,0,1,0,0,0,0,64,0,200,200,0,200,200
411991,0,30,2,2,0,1,7,5,0,1,0,16,15,0,23,0,3,0,0,200,200
411995,0,30,0,0,0,1,12,2,0,0,12,28,28,0,200,200,8,200,200,200,200
411995,0,30,0,0,0,1,12,2,0,0,12,28,28,1,47,0,0,0,0,200,200
411995,1,30,0,0,0,1,12,2,0,0,12,28,28,1,27,200,200,200,200,200,200
411998,0,30,0,0,0,1,12,2,0,0,0,0,0,0,200,200,200,200,200,200,200
411998,0,30,0,0,0,1,12,2,0,0,0,0,0,0,56,0,4,0,0,200,200
412001,0,20,1,2,1,1,0,2,0,0,0,21,33,0,41,200,4,1,0,200,200
412001,0,20,1,2,1,1,0,2,0,0,0,21,33,0,40,200,12,1,0,200,200
412003,0,30,1,2,2,1,12,5,0,1,0,17,17,1,61,0,1,0,0,200,200
412003,0,30,1,2,2,1,12,5,0,1,0,17,17,1,54,0,0,0,0,200,200
412005,0,30,1,2,0,1,10,5,0,0,0,16,0,0,49,0,3,0,200,200,200
412005,0,30,1,2,0,1,10,5,0,0,0,16,0,1,37,0,0,0,0,200,200
412006,0,30,1,2,1,1,14,3,2,1,0,17,0,1,30,0,1,200,0,200,200
412006,0,30,1,2,1,1,14,3,2,1,0,17,0,2,200,200,200,200,200,200,200
412006,1,30,1,2,1,1,14,3,2,1,0,17,0,1,0,5,200,200,200,200,200
412008,0,30,1,2,0,1,10,5,0,0,0,17,16,1,200,200,1,200,200,200,200
412008,0,30,1,2,0,1,10,5,0,0,0,17,16,1,18,0,0,0,0,200,200
412008,1,30,1,2,0,1,10,5,0,0,0,17,16,0,200,200,200,200,200,200,200
412008,1,30,1,2,0,1,10,5,0,0,0,17,16,1,200,200,200,200,200,200,200
412009,0,30,2,2,0,1,10,5,0,0,200,0,0,0,200,200,1,200,0,200,200