RD_NO,PERSON_TYPE,POSTED_SPEED_LIMIT,TRAFFIC_CONTROL_DEVICE,DEVICE_CONDITION,WEATHER_CONDITION,LIGHTING_CONDITION,FIRST_CRASH_TYPE,TRAFFICWAY_TYPE,ALIGNMENT,ROADWAY_SURFACE_COND,ROAD_DEFECT,PRIM_CONTRIBUTORY_CAUSE,SEC_CONTRIBUTORY_CAUSE,SEX,AGE,SAFETY_EQUIPMENT,DRIVER_ACTION,DRIVER_VISION,PHYSICAL_CONDITION,BAC_RESULT VALUE,CELL_PHONE_USE
412009,0,30,2,2,0,1,10,5,0,0,200,0,0,0,200,200,0,200,0,200,200
412011,0,30,0,0,0,1,10,2,0,0,200,0,0,1,28,200,200,200,200,200,200
412011,0,30,0,0,0,1,10,2,0,0,200,0,0,0,36,200,200,200,200,200,200
412011,0,30,0,0,0,1,10,2,0,0,200,0,0,1,42,200,200,200,200,200,200
412014,0,10,0,0,0,1,7,7,0,0,0,0,0,2,200,200,200,200,200,200,200
412023,0,35,1,2,0,1,2,2,0,0,0,27,200,1,32,200,12,200,4,200,200
412025,0,30,0,0,0,1,7,6,0,0,0,0,0,0,18,0,0,0,0,200,200
412030,0,35,0,0,1,1,10,3,0,1,0,18,18,0,28,0,3,0,0,200,200
412030,0,35,0,0,1,1,10,3,0,1,0,18,18,0,51,0,0,0,0,200,200
412033,0,30,1,2,0,1,12,3,0,0,0,17,23,1,200,200,7,200,200,200,200
412033,0,30,1,2,0,1,12,3,0,0,0,17,23,1,33,0,0,200,0,200,200
412033,1,30,1,2,0,1,12,3,0,0,0,17,23,0,0,5,200,200,200,200,200
412034,0,30,1,2,0,1,10,2,0,1,0,16,18,0,23,0,3,0,0,200,200
412034,0,30,1,2,0,1,10,2,0,1,0,16,18,1,60,0,0,0,0,200,200
412063,0,30,0,0,0,1,12,5,0,0,0,0,200,0,37,200,12,0,0,200,200
412063,0,30,0,0,0,1,12,5,0,0,0,0,200,0,35,200,12,200,200,200,200
412063,1,30,0,0,0,1,12,5,0,0,0,0,200,0,2,5,200,200,200,200,200
412063,1,30,0,0,0,1,12,5,0,0,0,0,200,0,2,5,200,200,200,200,200
412065,0,30,2,2,0,1,9,5,0,0,0,17,200,1,44,0,1,0,0,200,200
412065,5,30,2,2,0,1,9,5,0,0,0,17,200,1,200,200,200,200,200,200,200
412065,1,30,2,2,0,1,9,5,0,0,0,17,200,0,15,0,200,200,200,200,200
412066,0,30,1,2,0,3,12,3,0,0,0,0,0,0,24,200,200,200,200,200,200
412066,0,30,1,2,0,3,12,3,0,0,0,0,0,0,48,0,0,0,0,200,200
412071,0,20,0,0,200,200,7,5,0,200,200,0,200,2,200,200,200,200,200,200,200
412072,0,30,0,0,0,1,12,5,0,0,0,17,25,2,200,200,14,200,200,200,200
412072,0,30,0,0,0,1,12,5,0,0,0,17,25,1,32,0,0,0,0,200,200
412072,1,30,0,0,0,1,12,5,0,0,0,17,25,0,24,0,200,200,200,200,200
412080,0,30,0,0,0,0,14,2,0,0,0,17,17,1,36,0,1,200,0,200,200
412080,0,30,0,0,0,0,14,2,0,0,0,17,17,1,24,0,0,0,0,200,200
412080,1,30,0,0,0,0,14,2,0,0,0,17,17,1,200,1,200,200,200,200,200
412080,1,30,0,0,0,0,14,2,0,0,0,17,17,0,200,4,200,200,200,200,200
412080,1,30,0,0,0,0,14,2,0,0,0,17,17,0,200,4,200,200,200,200,200
412083,0,30,1,2,1,1,12,5,0,0,0,0,0,0,46,200,2,200,200,200,200
412083,0,30,1,2,1,1,12,5,0,0,0,0,0,1,31,0,0,0,0,200,200
412083,1,30,1,2,1,1,12,5,0,0,0,0,0,1,1,5,200,200,200,200,200
412083,1,30,1,2,1,1,12,5,0,0,0,0,0,0,6,0,200,200,200,200,200
412083,1,30,1,2,1,1,12,5,0,0,0,0,0,1,200,0,200,200,200,200,200
412087,0,30,1,2,0,1,0,12,0,0,0,6,200,0,53,200,5,0,0,200,200
412087,0,30,1,2,0,1,0,12,0,0,0,6,200,0,32,200,0,0,0,200,200
412087,1,30,1,2,0,1,0,12,0,0,0,6,200,1,52,200,200,200,200,200,200
412088,0,45,1,2,0,0,10,3,0,0,0,18,200,1,27,0,3,200,200,200,200
412088,0,45,1,2,0,0,10,3,0,0,0,18,200,0,66,0,0,0,0,200,200
412094,0,20,2,2,0,1,10,5,0,0,0,20,17,0,28,0,6,0,0,200,200
412094,0,20,2,2,0,1,10,5,0,0,0,20,17,1,35,0,0,0,0,200,200
412100,0,30,0,0,1,3,14,2,0,0,0,23,21,1,46,200,4,200,200,200,200
412100,0,30,0,0,1,3,14,2,0,0,0,23,21,0,54,0,7,0,0,200,200
412102,0,30,1,2,0,1,3,5,0,0,0,20,0,0,44,200,6,0,200,200,200
412102,0,30,1,2,0,1,3,5,0,0,0,20,0,1,42,0,0,0,0,200,200
412102,1,30,1,2,0,1,3,5,0,0,0,20,0,0,7,0,200,200,200,200,200
412102,1,30,1,2,0,1,3,5,0,0,0,20,0,1,7,0,200,200,200,200,200
412102,1,30,1,2,0,1,3,5,0,0,0,20,0,0,4,0,200,200,200,200,200
412119,0,40,1,2,0,1,12,3,0,0,1,17,22,0,54,0,4,0,0,200,200
412119,0,40,1,2,0,1,12,3,0,0,1,17,22,0,57,0,0,0,0,200,200
412121,0,30,0,0,0,1,7,7,0,0,0,0,0,0,63,0,2,0,0,200,200
412124,0,30,1,2,0,1,12,5,0,0,0,18,18,0,200,200,1,0,0,200,200
412124,0,30,1,2,0,1,12,5,0,0,0,18,18,0,57,0,0,0,0,200,200
412124,1,30,1,2,0,1,12,5,0,0,0,18,18,0,32,0,200,200,200,200,200
412127,0,10,0,0,0,1,0,7,0,0,0,0,0,1,19,200,200,200,200,200,200
412127,0,10,0,0,0,1,0,7,0,0,0,0,0,1,23,0,12,0,0,200,200
412127,1,10,0,0,0,1,0,7,0,0,0,0,0,0,3,5,200,200,200,200,200
412142,0,30,0,0,0,1,7,5,0,0,0,0,200,0,47,200,0,0,0,200,200
412143,0,15,0,0,0,1,7,7,0,0,0,0,0,2,200,200,200,200,200,200,200
412145,0,30,2,2,0,1,10,5,0,0,0,18,16,1,25,0,1,0,0,200,200
412145,0,30,2,2,0,1,10,5,0,0,0,18,16,0,49,0,0,0,0,200,200
412147,0,30,2,2,0,1,7,2,0,0,0,200,200,0,62,0,12,0,0,200,200
412149,0,30,1,0,0,1,14,2,0,0,0,18,18,1,52,200,3,200,0,200,200
412149,0,30,1,0,0,1,14,2,0,0,0,18,18,0,200,200,0,200,0,200,200
412151,0,25,0,0,0,1,7,5,0,0,0,0,0,2,200,200,200,200,200,200,200
412152,0,30,1,2,0,1,12,2,0,1,0,0,0,1,61,200,200,200,200,200,200
412152,0,30,1,2,0,1,12,2,0,1,0,0,0,0,54,200,200,200,200,200,200
412153,0,30,200,200,0,1,10,5,0,0,200,0,0,1,200,200,200,200,200,200,200
412153,0,30,200,200,0,1,10,5,0,0,200,0,0,0,60,200,200,200,200,200,200
412160,0,35,0,0,0,3,12,5,0,0,0,0,0,1,200,200,1,0,0,200,200
412160,0,35,0,0,0,3,12,5,0,0,0,0,0,1,200,0,0,0,0,200,200
412164,0,30,3,2,0,1,14,3,0,0,12,23,28,0,35,200,12,12,0,200,200
412164,0,30,3,2,0,1,14,3,0,0,12,23,28,0,51,200,0,200,0,200,200
412167,0,25,0,0,0,3,7,6,0,0,0,17,0,2,200,200,1,200,200,200,200
412168,0,30,2,2,0,1,14,5,0,0,0,23,0,0,23,200,7,200,200,200,200
412168,0,30,2,2,0,1,14,5,0,0,0,23,0,0,42,0,0,0,0,200,200
412168,1,30,2,2,0,1,14,5,0,0,0,23,0,1,7,5,200,200,200,200,200
412169,0,35,0,0,0,1,7,5,0,0,0,0,0,2,200,200,0,200,200,200,200
412173,0,30,0,0,0,3,10,2,0,0,0,22,17,0,27,200,2,200,200,200,200
412173,0,30,0,0,0,3,10,2,0,0,0,22,17,0,44,200,0,0,0,200,200
412178,0,30,0,0,0,1,12,6,0,0,0,17,21,0,37,0,4,0,0,200,200
412178,0,30,0,0,0,1,12,6,0,0,0,17,21,0,24,0,0,0,0,200,200
412184,0,30,1,2,0,1,10,5,0,0,0,7,11,1,41,0,12,0,0,200,200
412184,0,30,1,2,0,1,10,5,0,0,0,7,11,0,35,0,0,0,0,200,200
412184,1,30,1,2,0,1,10,5,0,0,0,7,11,0,200,0,200,200,200,200,200
412184,1,30,1,2,0,1,10,5,0,0,0,7,11,1,200,0,200,200,200,200,200
412185,0,30,0,0,0,1,10,5,0,0,0,0,0,0,30,0,200,0,0,200,200
412185,0,30,0,0,0,1,10,5,0,0,0,0,0,0,48,0,200,0,0,200,200
412185,1,30,0,0,0,1,10,5,0,0,0,0,0,1,45,0,200,200,200,200,200
412185,1,30,0,0,0,1,10,5,0,0,0,0,0,1,51,0,200,200,200,200,200
412189,0,15,12,2,0,1,2,7,0,0,0,200,200,0,57,0,12,200,0,200,200
412194,0,30,0,0,0,0,12,5,0,200,200,21,21,0,200,200,4,200,200,200,200
412194,0,30,0,0,0,0,12,5,0,200,200,21,21,0,56,0,12,200,200,200,200
412194,1,30,0,0,0,0,12,5,0,200,200,21,21,1,52,0,200,200,200,200,200
412196,0,30,0,0,0,1,10,3,0,0,0,0,0,0,200,200,200,200,200,200,200
412196,0,30,0,0,0,1,10,3,0,0,0,0,0,1,69,0,200,0,0,200,200
412199,0,25,0,0,0,1,7,2,0,0,200,0,0,1,63,200,6,200,0,200,200
412199,1,25,0,0,0,1,7,2,0,0,200,0,0,1,45,200,200,200,200,200,200
412202,0,30,0,0,0,1,10,5,0,0,0,18,11,1,41,0,3,0,0,200,200
412202,0,30,0,0,0,1,10,5,0,0,0,18,11,0,38,0,0,0,0,200,200
412202,1,30,0,0,0,1,10,5,0,0,0,18,11,1,54,0,200,200,200,200,200
412211,0,30,1,2,0,1,14,1,0,0,0,200,200,0,60,200,12,0,0,200,200
412211,0,30,1,2,0,1,14,1,0,0,0,200,200,1,45,200,0,0,0,200,200
412220,0,30,0,0,0,1,14,5,0,0,0,0,0,0,200,200,200,200,200,200,200
412220,0,30,0,0,0,1,14,5,0,0,0,0,0,0,60,0,200,0,0,200,200
412222,0,30,200,200,0,1,12,5,0,0,200,18,200,0,50,200,3,200,200,200,200
412222,0,30,200,200,0,1,12,5,0,0,200,18,200,1,54,0,0,0,0,200,200
412228,0,35,0,0,0,1,12,5,0,0,0,21,200,2,200,200,4,200,200,200,200
412228,0,35,0,0,0,1,12,5,0,0,0,21,200,0,18,0,0,0,0,200,200
412245,0,30,1,2,0,1,0,5,0,0,0,0,200,2,200,200,5,200,200,200,200
412245,0,30,1,2,0,1,0,5,0,0,0,0,200,0,25,0,0,0,0,200,200
412250,0,30,0,0,0,1,10,5,0,0,0,18,0,1,48,200,3,0,0,200,200
412250,0,30,0,0,0,1,10,5,0,0,0,18,0,1,26,200,0,0,0,200,200
412250,0,30,0,0,0,1,10,5,0,0,0,18,0,0,34,200,200,0,0,200,200
412250,0,30,0,0,0,1,10,5,0,0,0,18,0,0,67,200,0,0,0,200,200
412255,0,30,1,2,0,1,12,5,0,0,0,0,0,1,31,200,200,200,200,200,200
412255,0,30,1,2,0,1,12,5,0,0,0,0,0,0,51,0,0,0,0,200,200
412255,1,30,1,2,0,1,12,5,0,0,0,0,0,1,200,200,200,200,200,200,200
412255,1,30,1,2,0,1,12,5,0,0,0,0,0,1,200,200,200,200,200,200,200
412258,0,40,1,2,0,1,10,5,0,0,0,0,0,0,200,200,1,200,200,200,200
412258,0,40,1,2,0,1,10,5,0,0,0,0,0,0,31,200,0,0,0,200,200
412258,1,40,1,2,0,1,10,5,0,0,0,0,0,0,200,200,200,200,200,200,200
412262,0,30,0,0,0,1,14,2,0,0,0,23,200,0,49,200,7,200,0,200,200
412262,0,30,0,0,0,1,14,2,0,0,0,23,200,0,20,200,0,200,0,200,200
412264,0,30,0,0,0,1,7,12,0,0,0,200,200,1,32,200,0,0,0,200,200
412266,0,30,0,0,0,1,2,5,0,0,0,200,200,1,200,0,0,0,0,200,200
412266,3,30,0,0,0,1,2,5,0,0,0,200,200,200,200,200,200,200,200,200,200
412267,0,30,0,0,0,1,10,5,0,0,0,16,11,1,18,0,3,200,0,200,200
412267,0,30,0,0,0,1,10,5,0,0,0,16,11,0,59,0,0,0,0,200,200
412279,0,30,0,0,0,1,14,12,0,0,0,0,0,0,53,0,12,0,0,200,200
412279,0,30,0,0,0,1,14,12,0,0,0,0,0,0,38,0,12,0,0,200,200
412283,0,25,0,0,0,1,12,6,0,0,200,0,0,1,200,200,12,200,200,200,200
412283,0,25,0,0,0,1,12,6,0,0,200,0,0,0,44,0,0,200,200,200,200
412284,0,30,1,2,0,1,10,3,0,0,0,0,200,0,200,200,200,200,200,200,200
412284,0,30,1,2,0,1,10,3,0,0,0,0,200,0,50,0,0,0,0,200,200
412288,0,30,2,2,0,1,7,5,0,0,0,0,200,2,200,200,200,200,200,200,200
412291,0,0,200,200,200,200,2,200,0,200,200,0,0,2,200,200,200,200,200,200,200
412293,0,30,0,0,0,1,7,6,0,0,0,17,22,0,51,0,2,0,0,200,200
412300,0,30,2,2,0,1,14,2,0,0,200,33,0,1,25,0,12,200,0,200,200
412300,0,30,2,2,0,1,14,2,0,0,200,33,0,1,25,0,0,200,0,200,200
412302,0,0,0,0,0,1,7,5,0,0,0,20,20,0,21,0,6,0,0,200,200
412310,0,30,0,0,200,1,14,5,0,200,200,12,200,1,57,0,12,200,0,200,200
412310,0,30,0,0,200,1,14,5,0,200,200,12,200,0,200,200,0,200,200,200,200
412314,0,35,0,0,0,1,10,5,0,0,0,0,0,1,64,0,0,0,0,200,200
412314,0,35,0,0,0,1,10,5,0,0,0,0,0,1,28,7,0,0,0,200,200
412314,1,35,0,0,0,1,10,5,0,0,0,0,0,0,200,0,200,200,200,200,200
412319,0,35,1,2,0,1,10,2,0,0,0,18,0,0,51,200,200,200,200,200,200
412319,0,35,1,2,0,1,10,2,0,0,0,18,0,0,63,0,0,0,0,200,200
412335,0,30,0,0,0,1,7,5,0,0,0,20,200,1,200,200,6,200,200,200,200
412335,1,30,0,0,0,1,7,5,0,0,0,20,200,1,200,200,200,200,200,200,200
412336,0,30,0,0,0,1,0,5,0,0,0,0,0,1,61,0,12,0,0,200,200
412336,0,30,0,0,0,1,0,5,0,0,0,0,0,0,36,0,0,0,0,200,200
412340,0,15,0,0,0,1,10,7,0,0,0,20,17,0,23,200,6,200,0,200,200
412340,0,15,0,0,0,1,10,7,0,0,0,20,17,1,63,0,0,0,0,200,200
412344,0,30,0,0,0,1,12,5,0,200,200,21,22,0,49,200,4,200,200,200,200
412344,0,30,0,0,0,1,12,5,0,200,200,21,22,1,50,0,12,200,0,200,200
412344,1,30,0,0,0,1,12,5,0,200,200,21,22,1,200,200,200,200,200,200,200
412346,0,30,2,2,0,1,10,5,0,0,0,0,200,0,21,200,12,0,0,200,200
412346,0,30,2,2,0,1,10,5,0,0,0,0,200,0,45,200,0,0,0,200,200
412351,0,30,1,2,0,1,14,3,0,0,0,6,14,0,22,200,5,0,0,200,200
412351,0,30,1,2,0,1,14,3,0,0,0,6,14,1,27,0,0,0,0,200,200
412351,1,30,1,2,0,1,14,3,0,0,0,6,14,1,24,0,200,200,200,200,200
412352,0,30,0,0,0,1,14,5,0,0,0,0,200,0,200,200,200,200,200,200,200
412352,0,30,0,0,0,1,14,5,0,0,0,0,200,1,51,0,0,0,0,200,200
412353,0,30,0,0,0,1,10,12,0,0,12,18,200,0,18,200,200,12,12,200,200
412353,0,30,0,0,0,1,10,12,0,0,12,18,200,0,40,0,12,12,0,200,200
412354,0,35,0,0,0,1,12,2,0,0,12,0,0,0,42,0,12,200,0,200,200
412354,0,35,0,0,0,1,12,2,0,0,12,0,0,1,51,0,0,200,0,200,200
412355,0,30,2,2,0,1,14,2,0,0,0,17,200,1,44,0,1,0,0,200,200
412355,0,30,2,2,0,1,14,2,0,0,0,17,200,0,39,0,2,0,0,200,200
412355,1,30,2,2,0,1,14,2,0,0,0,17,200,0,15,0,200,200,200,200,200
412356,0,35,1,2,0,1,4,5,0,0,1,0,0,1,31,200,0,0,0,200,200
412358,0,30,0,0,0,1,7,6,0,0,0,0,0,0,77,200,200,200,200,200,200
412363,0,30,1,2,0,1,10,5,0,0,0,8,200,0,53,200,12,12,0,200,200
412363,0,30,1,2,0,1,10,5,0,0,0,8,200,0,37,200,0,0,0,200,200
412364,0,30,1,2,0,3,12,6,0,0,0,21,200,0,38,200,4,200,200,200,200
412364,0,30,1,2,0,3,12,6,0,0,0,21,200,0,57,0,0,0,0,200,200
412368,0,30,1,2,0,1,10,2,0,1,0,18,16,0,200,200,3,200,200,200,200
412368,0,30,1,2,0,1,10,2,0,1,0,18,16,1,52,200,0,0,0,200,200
412369,0,30,1,2,0,1,14,3,0,0,0,6,16,0,21,200,5,0,0,200,200
412369,0,30,1,2,0,1,14,3,0,0,0,6,16,0,53,0,0,0,0,200,200
412369,0,30,1,2,0,1,14,3,0,0,0,6,16,0,61,0,0,0,0,200,200
412375,0,20,0,0,0,1,7,5,0,0,0,20,200,0,75,0,6,0,0,200,200
412381,0,30,2,2,0,1,0,12,0,0,0,5,0,0,200,200,5,200,200,200,200
412381,0,30,2,2,0,1,0,12,0,0,0,5,0,0,53,0,0,0,0,200,200
412381,0,30,2,2,0,1,0,12,0,0,0,5,0,1,57,0,0,0,0,200,200
412381,1,30,2,2,0,1,0,12,0,0,0,5,0,0,200,200,200,200,200,200,200
412382,0,35,1,2,0,1,10,5,0,0,0,18,35,0,29,0,3,0,0,200,200
412382,0,35,1,2,0,1,10,5,0,0,0,18,35,1,60,0,0,0,0,200,200
412387,0,30,1,2,0,1,10,5,0,0,0,18,200,0,22,0,3,0,0,200,200
412387,0,30,1,2,0,1,10,5,0,0,0,18,200,0,36,0,0,0,0,200,200
412388,0,15,0,0,0,1,7,7,0,0,0,0,0,0,38,0,12,0,0,200,200
412388,1,15,0,0,0,1,7,7,0,0,0,0,0,1,49,0,200,200,200,200,200
412390,0,30,2,2,0,1,10,6,0,0,0,20,0,0,35,200,6,0,0,200,200
412390,0,30,2,2,0,1,10,6,0,0,0,20,0,0,61,200,0,0,0,200,200
412392,0,35,1,2,0,1,12,1,0,0,0,22,0,1,200,200,4,200,200,200,200
412392,0,35,1,2,0,1,12,1,0,0,0,22,0,0,40,0,0,0,0,200,200
412393,0,30,1,2,0,1,10,2,0,0,0,0,200,1,200,200,200,200,200,200,200
412393,0,30,1,2,0,1,10,2,0,0,0,0,200,1,21,0,0,0,200,200,200
412393,1,30,1,2,0,1,10,2,0,0,0,0,200,1,53,0,200,200,200,200,200
412393,1,30,1,2,0,1,10,2,0,0,0,0,200,1,10,0,200,200,200,200,200
412393,1,30,1,2,0,1,10,2,0,0,0,0,200,0,63,0,200,200,200,200,200
412395,0,0,1,2,0,1,10,200,0,200,200,0,200,0,45,200,200,200,200,200,200
412395,0,0,1,2,0,1,10,200,0,200,200,0,200,0,42,1,200,200,0,200,200
412396,0,30,1,2,0,1,14,3,0,0,0,20,200,0,54,0,6,200,0,200,200
412396,0,30,1,2,0,1,14,3,0,0,0,20,200,0,26,0,0,0,0,200,200
412396,1,30,1,2,0,1,14,3,0,0,0,20,200,0,200,0,200,200,200,200,200
412399,0,30,0,0,0,1,12,5,0,0,0,16,22,2,200,200,1,200,200,200,200
412399,0,30,0,0,0,1,12,5,0,0,0,16,22,0,58,200,0,0,0,200,200
412413,0,30,0,0,0,1,0,5,0,0,0,17,200,1,75,200,1,200,0,200,200
412413,0,30,0,0,0,1,0,5,0,0,0,17,200,0,55,200,200,200,0,200,200
412417,0,30,2,2,0,1,10,5,0,0,0,20,200,1,41,0,6,0,0,200,200
412417,0,30,2,2,0,1,10,5,0,0,0,20,200,1,38,0,0,0,0,200,200
412417,1,30,2,2,0,1,10,5,0,0,0,20,200,1,200,0,200,200,200,200,200
412419,0,30,0,0,200,1,10,2,0,200,200,17,200,1,35,200,1,200,200,200,200
412419,0,30,0,0,200,1,10,2,0,200,200,17,200,0,71,0,0,200,0,200,200
412422,0,35,1,2,2,1,14,5,0,1,0,0,0,0,200,200,1,200,200,200,200
412422,0,35,1,2,2,1,14,5,0,1,0,0,0,1,37,200,0,0,0,200,200
412428,0,30,200,200,0,4,7,7,0,0,200,0,200,2,200,200,200,200,200,200,200
412429,0,35,0,0,0,1,7,5,0,0,0,0,0,2,200,200,200,200,200,200,200
412433,0,30,0,0,0,3,9,12,0,0,0,0,200,2,200,200,200,200,200,200,200
412433,5,30,0,0,0,3,9,12,0,0,0,0,200,0,46,200,12,12,12,200,200
412437,0,30,1,200,0,1,0,6,0,0,200,17,200,0,67,200,1,200,2,200,200
412437,0,30,1,200,0,1,0,6,0,0,200,17,200,0,45,200,0,200,200,200,200
412442,0,35,1,200,0,1,12,5,0,0,200,0,0,0,21,200,200,0,0,200,200
412442,0,35,1,200,0,1,12,5,0,0,200,0,0,1,61,0,200,200,200,200,200
412442,1,35,1,200,0,1,12,5,0,0,200,0,0,1,59,200,200,200,200,200,200
412451,0,30,0,0,200,1,12,5,0,200,0,0,200,1,200,200,200,200,200,200,200
412451,0,30,0,0,200,1,12,5,0,200,0,0,200,1,29,0,0,0,0,200,200
412452,0,30,1,2,0,1,12,5,0,0,0,21,200,1,200,200,4,200,200,200,200
412452,0,30,1,2,0,1,12,5,0,0,0,21,200,1,57,0,0,0,0,200,200
412454,0,10,0,0,0,1,2,7,0,0,0,21,200,0,22,0,12,0,0,200,200
412460,0,0,0,0,0,1,10,200,0,200,200,0,200,0,200,200,6,200,200,200,200
412460,0,0,0,0,0,1,10,200,0,200,200,0,200,0,26,0,200,200,0,200,200
412463,0,30,0,0,0,1,14,5,0,0,0,0,0,1,32,0,200,0,0,200,200
412463,0,30,0,0,0,1,14,5,0,0,0,0,0,0,50,0,200,0,0,200,200
412467,0,30,0,0,0,1,7,7,0,0,0,20,200,0,200,200,6,200,0,200,200
412469,0,30,1,2,0,1,10,2,0,0,0,0,200,1,200,200,200,200,200,200,200
412469,0,30,1,2,0,1,10,2,0,0,0,0,200,0,62,0,200,0,0,200,200
412469,1,30,1,2,0,1,10,2,0,0,0,0,200,200,200,200,200,200,200,200,200
412472,0,30,0,0,0,1,14,5,0,0,0,0,0,1,43,200,200,200,200,200,200
412472,0,30,0,0,0,1,14,5,0,0,0,0,0,1,30,0,200,200,200,200,200
412472,1,30,0,0,0,1,14,5,0,0,0,0,0,0,2,0,200,200,200,200,200
412476,0,30,1,2,0,1,14,8,0,0,200,23,200,2,200,200,7,200,200,200,200
412476,0,30,1,2,0,1,14,8,0,0,200,23,200,1,42,0,0,0,0,200,200
412480,0,30,2,2,0,1,0,2,0,0,0,17,200,1,50,0,1,0,0,200,200
412480,0,30,2,2,0,1,0,2,0,0,0,17,200,1,36,0,0,0,0,200,200
412480,1,30,2,2,0,1,0,2,0,0,0,17,200,0,6,0,200,200,200,200,200
412480,1,30,2,2,0,1,0,2,0,0,0,17,200,0,4,5,200,200,200,200,200
412484,0,30,0,0,0,1,7,5,0,0,0,12,16,1,58,0,12,0,0,200,200
412487,0,35,1,2,0,1,12,5,0,0,0,17,0,1,47,0,1,0,0,200,200
412487,0,35,1,2,0,1,12,5,0,0,0,17,0,0,39,1,0,0,0,200,200
412487,1,35,1,2,0,1,12,5,0,0,0,17,0,0,200,0,200,200,200,200,200
412488,0,30,1,2,0,1,14,5,0,0,0,0,0,0,200,200,200,200,200,200,200
412488,0,30,1,2,0,1,14,5,0,0,0,0,0,0,0,0,200,0,0,200,200
412489,0,30,2,2,0,1,14,5,0,0,0,23,23,0,34,0,7,0,0,200,200
412489,0,30,2,2,0,1,14,5,0,0,0,23,23,0,56,0,5,0,0,200,200
412490,0,0,0,0,0,1,7,6,0,0,0,27,200,0,34,0,12,0,2,200,200
412496,0,35,1,2,0,1,10,1,0,0,0,18,200,0,65,0,3,200,0,200,200
412496,0,35,1,2,0,1,10,1,0,0,0,18,200,0,35,0,0,200,0,200,200
412496,1,35,1,2,0,1,10,1,0,0,0,18,200,0,36,0,200,200,200,200,200
412500,0,30,10,0,0,1,9,5,0,0,0,32,25,0,64,0,5,0,0,200,200
412500,5,30,10,0,0,1,9,5,0,0,0,32,25,1,26,7,0,0,0,200,200
412506,0,30,2,2,0,1,0,5,0,0,0,17,200,0,200,200,1,200,200,200,200
412506,0,30,2,2,0,1,0,5,0,0,0,17,200,0,52,0,0,0,0,200,200
412508,1,35,0,0,0,1,10,5,0,0,0,0,0,0,200,200,200,200,200,200,200
412508,0,35,0,0,0,1,10,5,0,0,0,0,0,1,200,200,200,200,200,200,200
412508,0,35,0,0,0,1,10,5,0,0,0,0,0,0,32,200,3,0,0,200,200
412510,0,35,0,0,0,1,10,5,0,0,0,18,200,0,43,200,3,200,0,200,200
412510,0,35,0,0,0,1,10,5,0,0,0,18,200,1,65,200,0,200,0,200,200
412510,1,35,0,0,0,1,10,5,0,0,0,18,200,0,3,200,200,200,200,200,200
412511,0,30,0,0,0,1,12,5,3,0,0,22,16,0,50,200,2,200,0,200,200
412511,0,30,0,0,0,1,12,5,3,0,0,22,16,0,30,0,0,0,0,200,200
412511,1,30,0,0,0,1,12,5,3,0,0,22,16,0,200,0,200,200,200,200,200
412515,0,30,0,0,0,1,7,5,0,0,0,0,0,2,200,200,200,200,200,200,200
412518,0,30,1,0,0,1,14,5,0,0,0,0,200,0,30,0,200,200,200,200,200
412518,0,30,1,0,0,1,14,5,0,0,0,0,200,0,50,0,0,0,0,200,200
412518,1,30,1,0,0,1,14,5,0,0,0,0,200,0,200,0,200,200,200,200,200
412519,0,35,0,0,0,1,12,2,0,0,0,0,200,1,200,200,200,200,200,200,200
412519,0,35,0,0,0,1,12,2,0,0,0,0,200,1,64,0,0,0,200,200,200
412520,0,30,0,0,0,1,8,8,0,0,0,0,0,1,42,0,0,0,0,200,200
412520,4,30,0,0,0,1,8,8,0,0,0,0,0,0,56,7,12,0,200,200,200
412523,0,30,0,0,0,1,12,2,0,0,200,0,20,1,27,200,2,0,0,200,200
412523,0,30,0,0,0,1,12,2,0,0,200,0,20,1,23,200,6,0,0,200,200
412526,0,30,2,0,0,1,0,12,0,0,0,5,200,1,62,200,0,0,0,200,200
412526,0,30,2,0,0,1,0,12,0,0,0,5,200,0,38,200,0,0,0,200,200
412530,0,30,0,0,0,1,10,5,0,0,0,16,200,0,24,200,12,200,0,200,200
412530,0,30,0,0,0,1,10,5,0,0,0,16,200,0,79,200,0,0,0,200,200
412532,0,30,0,0,0,200,7,6,0,0,0,0,200,2,200,200,200,200,200,200,200
412538,0,35,1,2,0,1,12,2,0,0,0,0,0,0,29,0,12,0,0,200,200
412538,0,35,1,2,0,1,12,2,0,0,0,0,0,2,200,200,200,200,200,200,200
412538,1,35,1,2,0,1,12,2,0,0,0,0,0,1,200,0,200,200,200,200,200
412538,1,35,1,2,0,1,12,2,0,0,0,0,0,0,200,200,200,200,200,200,200
412538,1,35,1,2,0,1,12,2,0,0,0,0,0,1,200,1,200,200,200,200,200
412542,0,0,2,2,0,1,10,200,0,200,200,0,200,0,35,200,200,200,200,200,200
412542,0,0,2,2,0,1,10,200,0,200,200,0,200,1,22,0,0,0,0,200,200
412553,0,30,3,2,0,1,12,5,0,0,0,22,4,0,200,200,4,200,200,200,200
412553,0,30,3,2,0,1,12,5,0,0,0,22,4,0,33,0,0,0,0,200,200
412560,0,30,2,2,0,1,7,6,0,0,0,21,200,0,48,0,4,0,0,200,200
412561,5,30,0,0,0,1,9,2,0,0,0,13,13,1,48,7,0,200,12,200,200
412561,0,30,0,0,0,1,9,2,0,0,0,13,13,0,23,0,0,0,0,200,200
412563,0,30,0,0,0,1,7,5,0,0,0,0,0,1,25,0,0,0,0,200,200