RD_NO,PERSON_TYPE,POSTED_SPEED_LIMIT,TRAFFIC_CONTROL_DEVICE,DEVICE_CONDITION,WEATHER_CONDITION,LIGHTING_CONDITION,FIRST_CRASH_TYPE,TRAFFICWAY_TYPE,ALIGNMENT,ROADWAY_SURFACE_COND,ROAD_DEFECT,PRIM_CONTRIBUTORY_CAUSE,SEC_CONTRIBUTORY_CAUSE,SEX,AGE,SAFETY_EQUIPMENT,DRIVER_ACTION,DRIVER_VISION,PHYSICAL_CONDITION,BAC_RESULT VALUE,CELL_PHONE_USE
412565,0,30,0,0,0,1,10,5,0,0,0,18,16,0,21,0,3,0,0,200,200
412565,0,30,0,0,0,1,10,5,0,0,0,18,16,0,23,0,0,0,0,200,200
412567,0,20,2,2,0,1,14,5,0,0,0,0,0,0,21,0,7,0,0,200,200
412567,0,20,2,2,0,1,14,5,0,0,0,0,0,0,39,0,0,0,0,200,200
412572,0,30,2,2,0,1,0,12,0,0,0,17,200,1,20,200,1,200,200,200,200
412572,0,30,2,2,0,1,0,12,0,0,0,17,200,0,46,0,0,0,0,200,200
412574,0,30,0,0,0,1,8,5,0,0,0,0,200,0,26,200,12,12,0,200,200
412574,4,30,0,0,0,1,8,5,0,0,0,0,200,0,23,7,0,0,0,200,200
412574,1,30,0,0,0,1,8,5,0,0,0,0,200,1,29,200,200,200,200,200,200
412576,0,30,1,2,0,1,10,5,0,0,0,18,0,1,27,0,3,0,0,200,200
412576,0,30,1,2,0,1,10,5,0,0,0,18,0,0,43,0,0,0,0,200,200
412580,0,30,1,2,1,4,7,5,0,0,0,21,200,0,27,0,200,0,0,200,200
412581,0,30,1,2,2,1,10,5,0,1,0,16,18,0,24,200,1,4,0,200,200
412581,0,30,1,2,2,1,10,5,0,1,0,16,18,1,34,0,0,0,0,200,200
412583,0,30,0,0,1,1,14,2,0,1,0,0,200,0,0,0,200,200,0,200,200
412583,0,30,0,0,1,1,14,2,0,1,0,0,200,0,59,0,200,200,0,200,200
412585,0,30,0,0,0,1,14,5,0,0,0,17,200,0,27,0,1,1,0,200,200
412585,0,30,0,0,0,1,14,5,0,0,0,17,200,0,20,0,12,0,0,200,200
412586,0,25,0,0,0,1,14,0,0,0,0,25,25,0,19,200,13,0,0,200,200
412586,0,25,0,0,0,1,14,0,0,0,0,25,25,0,28,0,14,0,0,200,200
412586,1,25,0,0,0,1,14,0,0,0,0,25,25,0,200,0,200,200,200,200,200
412589,0,30,2,2,0,1,10,5,0,0,0,0,0,0,25,200,200,200,200,200,200
412589,0,30,2,2,0,1,10,5,0,0,0,0,0,0,43,0,0,0,0,200,200
412604,0,30,1,2,0,1,10,5,0,0,0,18,16,0,200,0,3,0,0,200,200
412604,0,30,1,2,0,1,10,5,0,0,0,18,16,0,200,0,0,0,0,200,200
412604,0,30,1,2,0,1,10,5,0,0,0,18,16,0,200,0,0,0,0,200,200
412611,0,15,0,0,0,1,2,0,0,0,0,0,200,0,29,0,12,0,0,200,200
412613,0,30,1,2,0,1,9,5,0,0,200,21,22,1,56,0,4,200,200,200,200
412613,5,30,1,2,0,1,9,5,0,0,200,21,22,1,24,7,12,0,0,200,200
412619,0,30,1,2,0,1,10,5,0,0,0,0,200,1,36,200,0,0,0,200,200
412619,0,30,1,2,0,1,10,5,0,0,0,0,200,1,28,200,0,0,0,200,200
412619,0,30,1,2,0,1,10,5,0,0,0,0,200,1,31,200,0,0,0,200,200
412621,0,35,0,0,2,1,0,5,0,1,0,0,0,1,200,200,1,0,0,200,200
412621,0,35,0,0,2,1,0,5,0,1,0,0,0,0,75,200,0,0,0,200,200
412623,0,30,2,2,0,1,0,5,0,0,0,5,17,0,68,0,5,200,0,200,200
412623,0,30,2,2,0,1,0,5,0,0,0,5,17,0,22,0,0,0,0,200,200
412626,0,30,1,2,0,3,10,5,0,0,0,0,0,2,200,200,1,200,200,200,200
412626,0,30,1,2,0,3,10,5,0,0,0,0,0,0,62,0,0,0,0,200,200
412626,0,30,1,2,0,3,10,5,0,0,0,0,0,1,32,0,0,0,0,200,200
412627,0,30,1,2,0,1,14,5,0,0,0,20,0,0,200,200,6,200,200,200,200
412627,0,30,1,2,0,1,14,5,0,0,0,20,0,1,46,0,0,0,0,200,200
412628,0,5,0,0,2,1,7,7,0,1,0,20,0,2,200,200,6,200,200,200,200
412630,0,30,1,2,0,1,10,3,0,0,0,18,16,0,35,200,3,0,0,200,200
412630,0,30,1,2,0,1,10,3,0,0,0,18,16,0,58,200,0,0,0,200,200
412631,0,30,1,2,0,1,12,6,0,0,0,0,200,0,20,0,200,0,0,200,200
412631,0,30,1,2,0,1,12,6,0,0,0,0,200,0,62,0,0,0,0,200,200
412636,0,30,1,2,0,1,10,3,0,0,0,18,200,0,49,200,5,0,0,200,200
412636,0,30,1,2,0,1,10,3,0,0,0,18,200,1,47,0,0,0,0,200,200
412637,0,30,0,0,0,1,12,5,0,0,0,21,0,1,47,7,0,0,0,200,200
412637,0,30,0,0,0,1,12,5,0,0,0,21,0,0,53,0,0,0,0,200,200
412638,4,30,0,0,0,4,8,5,0,0,0,200,200,0,200,200,0,200,0,200,200
412638,0,30,0,0,0,4,8,5,0,0,0,200,200,0,36,0,0,0,0,200,200
412639,0,30,2,2,1,1,14,2,0,0,0,23,0,0,200,200,7,0,0,200,200
412639,0,30,2,2,1,1,14,2,0,0,0,23,0,1,30,0,0,0,0,200,200
412639,1,30,2,2,1,1,14,2,0,0,0,23,0,1,34,0,200,200,200,200,200
412640,0,30,0,0,0,1,10,5,0,1,0,18,18,0,200,200,3,200,200,200,200
412640,0,30,0,0,0,1,10,5,0,1,0,18,18,1,51,0,0,0,0,200,200
412642,0,30,0,0,0,1,10,5,0,0,0,18,200,0,55,200,3,200,200,200,200
412642,0,30,0,0,0,1,10,5,0,0,0,18,200,0,28,0,0,0,0,200,200
412644,0,30,1,2,0,4,14,8,0,0,0,23,21,0,80,0,7,0,0,200,200
412644,0,30,1,2,0,4,14,8,0,0,0,23,21,1,56,0,0,0,0,200,200
412651,5,30,1,200,2,1,9,2,0,0,200,17,200,0,62,200,200,200,0,200,200
412651,0,30,1,200,2,1,9,2,0,0,200,17,200,0,46,200,1,200,0,200,200
412652,0,30,1,200,0,1,10,5,0,0,200,0,0,1,200,200,200,200,200,200,200
412652,0,30,1,200,0,1,10,5,0,0,200,0,0,1,49,0,200,200,200,200,200
412653,0,30,2,2,0,1,0,2,0,0,0,17,5,1,57,0,1,0,0,200,200
412653,0,30,2,2,0,1,0,2,0,0,0,17,5,1,53,0,0,0,0,200,200
412653,1,30,2,2,0,1,0,2,0,0,0,17,5,1,56,0,200,200,200,200,200
412653,1,30,2,2,0,1,0,2,0,0,0,17,5,1,32,0,200,200,200,200,200
412653,1,30,2,2,0,1,0,2,0,0,0,17,5,0,49,0,200,200,200,200,200
412653,1,30,2,2,0,1,0,2,0,0,0,17,5,1,13,0,200,200,200,200,200
412657,0,30,1,2,2,1,8,6,0,1,0,0,0,0,53,0,12,0,0,200,200
412657,4,30,1,2,2,1,8,6,0,1,0,0,0,0,29,7,0,0,0,200,200
412661,0,15,0,0,0,1,14,7,0,0,0,0,0,1,25,200,200,200,200,200,200
412661,0,15,0,0,0,1,14,7,0,0,0,0,0,1,33,0,200,200,200,200,200
412667,0,30,0,0,0,1,12,5,0,0,0,0,0,0,32,0,0,0,0,200,200
412667,0,30,0,0,0,1,12,5,0,0,0,0,0,0,54,0,0,0,0,200,200
412667,1,30,0,0,0,1,12,5,0,0,0,0,0,1,200,0,200,200,200,200,200
412679,0,30,0,0,0,1,10,5,0,0,0,200,200,1,26,0,0,0,0,200,200
412679,0,30,0,0,0,1,10,5,0,0,0,200,200,1,50,0,0,0,0,200,200
412682,0,30,1,2,2,1,0,5,0,1,0,6,200,0,34,0,5,0,0,200,200
412682,0,30,1,2,2,1,0,5,0,1,0,6,200,1,51,0,0,0,0,200,200
412682,1,30,1,2,2,1,0,5,0,1,0,6,200,1,29,0,200,200,200,200,200
412682,1,30,1,2,2,1,0,5,0,1,0,6,200,0,27,0,200,200,200,200,200
412683,0,30,0,0,2,1,8,2,0,1,0,17,200,1,26,0,1,0,5,200,200
412683,4,30,0,0,2,1,8,2,0,1,0,17,200,0,28,7,0,0,0,200,200
412684,0,0,0,0,0,1,10,200,0,200,200,0,200,0,66,0,200,200,0,200,200
412684,0,0,0,0,0,1,10,200,0,200,200,0,200,0,34,200,200,200,0,200,200
412685,0,30,1,2,2,1,14,5,0,1,0,22,0,0,35,200,2,200,200,200,200
412685,0,30,1,2,2,1,14,5,0,1,0,22,0,1,24,0,0,0,0,200,200
412686,0,30,1,2,0,1,12,5,0,0,0,22,21,0,30,200,4,0,0,200,200
412686,0,30,1,2,0,1,12,5,0,0,0,22,21,0,30,200,0,0,0,200,200
412686,1,30,1,2,0,1,12,5,0,0,0,22,21,1,19,200,200,200,200,200,200
412690,0,5,0,0,2,4,7,7,0,1,0,200,200,2,200,200,200,200,200,200,200
412701,0,30,1,2,12,1,9,5,0,1,0,17,0,2,200,200,1,200,200,200,200
412701,5,30,1,2,12,1,9,5,0,1,0,17,0,0,25,200,0,12,7,200,200
412705,0,30,0,0,0,3,11,5,0,0,0,22,7,1,43,0,2,0,0,200,200
412705,0,30,0,0,0,3,11,5,0,0,0,22,7,0,200,200,0,200,200,200,200
412709,0,30,0,0,0,1,12,5,3,1,0,21,17,1,42,0,7,0,0,200,200
412709,0,30,0,0,0,1,12,5,3,1,0,21,17,0,16,0,0,0,0,200,200
412709,1,30,0,0,0,1,12,5,3,1,0,21,17,0,200,0,200,200,200,200,200
412713,0,30,1,2,2,1,5,5,0,1,1,0,0,0,200,200,0,0,0,200,200
412714,0,30,1,2,1,1,10,6,0,0,0,16,200,0,62,0,12,0,0,200,200
412714,0,30,1,2,1,1,10,6,0,0,0,16,200,0,51,0,0,0,0,200,200
412714,1,30,1,2,1,1,10,6,0,0,0,16,200,0,21,0,200,200,200,200,200
412717,0,0,0,0,0,1,7,2,0,0,0,8,200,1,47,0,12,0,0,200,200
412722,0,30,200,200,200,200,1,5,0,200,200,200,200,2,200,200,200,200,200,200,200
412723,0,30,1,2,0,1,14,5,0,0,200,0,200,0,200,200,12,200,200,200,200
412723,0,30,1,2,0,1,14,5,0,0,200,0,200,0,17,200,0,0,0,200,200
412730,0,30,1,2,0,1,14,5,0,0,0,0,27,0,24,0,200,0,0,200,200
412730,0,30,1,2,0,1,14,5,0,0,0,0,27,0,25,0,200,0,0,200,200
412735,0,30,1,2,0,1,10,2,0,0,0,0,200,0,200,200,200,200,200,200,200
412735,0,30,1,2,0,1,10,2,0,0,0,0,200,0,35,0,0,0,0,200,200
412736,5,30,0,0,0,1,9,2,0,0,0,0,200,1,200,7,200,200,200,200,200
412736,0,30,0,0,0,1,9,2,0,0,0,0,200,1,56,0,200,0,200,200,200
412739,0,30,1,2,1,1,12,5,0,200,200,21,22,1,200,200,2,200,200,200,200
412739,0,30,1,2,1,1,12,5,0,200,200,21,22,0,37,0,12,200,0,200,200
412740,0,30,0,0,0,1,7,5,0,0,0,0,0,2,200,200,200,200,200,200,200
412741,0,30,0,0,0,1,12,2,0,0,0,11,0,0,63,0,2,0,0,200,200
412741,0,30,0,0,0,1,12,2,0,0,0,11,0,0,39,0,0,0,0,200,200
412742,0,0,0,0,0,1,7,7,0,0,200,0,0,1,200,200,200,200,200,200,200
412742,1,0,0,0,0,1,7,7,0,0,200,0,0,1,31,0,200,200,200,200,200
412744,0,20,0,0,0,1,7,5,0,0,0,11,11,0,200,200,6,200,200,200,200
412745,0,10,0,0,0,200,7,7,0,0,0,0,0,2,200,200,200,200,200,200,200
412747,0,30,0,0,0,1,12,6,0,0,0,0,0,0,19,200,200,200,0,200,200
412747,0,30,0,0,0,1,12,6,0,0,0,0,0,0,54,200,0,200,0,200,200
412748,0,30,1,2,12,1,0,3,0,1,0,16,200,0,27,200,8,200,0,200,200
412748,0,30,1,2,12,1,0,3,0,1,0,16,200,0,26,2,0,12,0,200,200
412748,1,30,1,2,12,1,0,3,0,1,0,16,200,1,200,200,200,200,200,200,200
412748,1,30,1,2,12,1,0,3,0,1,0,16,200,1,24,2,200,200,200,200,200
412758,0,30,1,2,0,1,10,5,0,0,0,18,16,0,200,0,3,0,0,200,200
412758,0,30,1,2,0,1,10,5,0,0,0,18,16,1,200,0,0,0,0,200,200
412760,0,35,1,2,1,1,0,5,0,1,0,17,200,1,73,0,1,200,0,200,200
412760,0,35,1,2,1,1,0,5,0,1,0,17,200,1,72,0,0,200,0,200,200
412761,0,25,0,0,1,1,12,2,0,1,0,0,200,0,58,0,1,0,200,200,200
412761,0,25,0,0,1,1,12,2,0,1,0,0,200,0,43,0,1,0,0,200,200
412764,0,30,1,200,200,1,0,6,0,1,200,0,0,1,51,200,200,200,0,200,200
412764,0,30,1,200,200,1,0,6,0,1,200,0,0,0,30,200,200,200,200,200,200
412774,0,35,0,0,12,4,8,5,0,1,200,11,33,0,34,200,1,200,0,200,200
412774,4,35,0,0,12,4,8,5,0,1,200,11,33,0,40,3,200,200,200,200,200
412780,0,30,0,0,0,1,14,5,0,0,0,23,0,2,200,200,7,200,200,200,200
412780,0,30,0,0,0,1,14,5,0,0,0,23,0,1,24,0,0,0,0,200,200
412781,0,30,200,200,0,1,0,200,0,200,200,200,200,2,200,200,200,200,200,200,200
412781,0,30,200,200,0,1,0,200,0,200,200,200,200,0,31,0,0,0,0,200,200
412781,1,30,200,200,0,1,0,200,0,200,200,200,200,0,15,0,200,200,200,200,200
412781,1,30,200,200,0,1,0,200,0,200,200,200,200,1,200,0,200,200,200,200,200
412783,0,30,1,2,0,1,10,5,0,0,0,16,0,0,54,0,12,0,0,200,200
412783,0,30,1,2,0,1,10,5,0,0,0,16,0,0,33,0,12,0,0,200,200
412785,0,30,1,2,0,1,5,2,0,0,0,17,0,0,68,200,200,200,200,200,200
412785,0,30,1,2,0,1,5,2,0,0,0,17,0,0,43,0,0,0,0,200,200
412786,0,30,1,2,0,1,14,5,0,0,0,22,0,1,56,200,2,200,0,200,200
412786,0,30,1,2,0,1,14,5,0,0,0,22,0,1,61,0,0,0,0,200,200
412789,0,30,1,2,200,200,14,5,0,200,200,0,200,0,27,200,200,0,0,200,200
412789,0,30,1,2,200,200,14,5,0,200,200,0,200,0,26,7,200,0,0,200,200
412799,0,30,1,200,0,1,14,5,0,0,200,0,0,1,200,200,200,200,200,200,200
412799,0,30,1,200,0,1,14,5,0,0,200,0,0,1,22,0,200,200,200,200,200
412800,0,30,0,0,0,2,0,5,0,0,0,200,200,0,19,0,0,0,0,200,200
412800,0,30,0,0,0,2,0,5,0,0,0,200,200,1,55,0,0,0,0,200,200
412800,1,30,0,0,0,2,0,5,0,0,0,200,200,1,200,0,200,200,200,200,200
412804,0,30,0,0,0,1,7,2,0,1,0,0,0,1,200,200,6,200,200,200,200
412805,0,35,1,2,0,4,12,5,0,0,0,0,0,0,25,200,4,0,0,200,200
412805,0,35,1,2,0,4,12,5,0,0,0,0,0,1,32,200,0,0,0,200,200
412805,1,35,1,2,0,4,12,5,0,0,0,0,0,1,4,4,200,200,200,200,200
412808,0,30,1,2,2,1,10,5,0,1,0,16,200,1,44,0,3,0,0,200,200
412808,0,30,1,2,2,1,10,5,0,1,0,16,200,1,21,0,0,0,0,200,200
412810,0,30,0,0,0,3,14,5,0,0,0,17,200,1,47,0,1,5,0,200,200
412810,0,30,0,0,0,3,14,5,0,0,0,17,200,0,22,0,0,0,0,200,200
412810,1,30,0,0,0,3,14,5,0,0,0,17,200,1,22,0,200,200,200,200,200
412817,0,0,0,0,0,1,7,7,0,0,0,0,200,2,200,200,200,200,200,200,200
412820,0,30,0,0,0,3,10,0,0,0,0,20,200,1,200,200,6,200,200,200,200
412820,0,30,0,0,0,3,10,0,0,0,0,20,200,0,28,0,0,0,0,200,200
412824,0,25,0,200,0,1,12,2,0,0,0,0,200,0,200,200,200,200,200,200,200
412824,0,25,0,200,0,1,12,2,0,0,0,0,200,0,47,200,200,200,0,200,200
412829,0,30,0,0,0,3,12,5,0,0,0,0,0,0,200,200,200,200,200,200,200
412829,0,30,0,0,0,3,12,5,0,0,0,0,0,0,31,0,0,0,0,200,200
412831,0,30,1,2,0,1,12,5,0,1,0,0,0,1,22,200,0,0,0,200,200
412831,0,30,1,2,0,1,12,5,0,1,0,0,0,1,54,0,0,0,0,200,200
412834,0,30,0,0,0,4,14,5,0,0,0,200,200,1,33,200,0,0,0,200,200
412834,0,30,0,0,0,4,14,5,0,0,0,200,200,0,50,0,0,0,0,200,200
412834,1,30,0,0,0,4,14,5,0,0,0,200,200,1,200,0,200,200,200,200,200
412834,1,30,0,0,0,4,14,5,0,0,0,200,200,1,200,0,200,200,200,200,200
412834,1,30,0,0,0,4,14,5,0,0,0,200,200,0,200,0,200,200,200,200,200
412838,0,30,0,0,0,1,7,5,0,0,200,20,11,1,27,200,6,200,0,200,200
412839,0,30,2,2,0,1,7,5,0,0,0,0,0,0,46,200,6,200,0,200,200
412840,0,30,200,200,1,4,14,6,0,0,0,23,200,0,49,0,7,0,0,200,200
412840,0,30,200,200,1,4,14,6,0,0,0,23,200,0,50,200,200,200,200,200,200
412846,0,30,1,2,0,0,12,5,0,0,0,0,0,1,200,200,200,200,200,200,200
412846,0,30,1,2,0,0,12,5,0,0,0,0,0,0,29,200,200,200,200,200,200
412847,0,15,0,0,0,1,7,7,0,0,0,0,11,1,200,200,200,200,200,200,200
412857,0,35,2,1,0,1,14,5,0,0,0,21,16,1,24,0,1,0,0,200,200
412857,0,35,2,1,0,1,14,5,0,0,0,21,16,0,57,0,0,0,0,200,200
412857,0,35,2,1,0,1,14,5,0,0,0,21,16,1,26,0,0,0,0,200,200
412858,0,30,2,2,0,4,10,5,0,200,200,18,18,1,200,200,3,200,200,200,200
412858,0,30,2,2,0,4,10,5,0,200,200,18,18,1,37,0,12,200,0,200,200
412859,0,35,0,0,0,1,7,7,0,0,0,200,200,0,200,200,0,200,200,200,200
412873,0,25,0,0,0,1,10,5,0,0,0,18,200,0,200,200,3,200,200,200,200
412873,0,25,0,0,0,1,10,5,0,0,0,18,200,1,56,0,0,0,0,200,200
412874,0,0,0,0,0,1,7,7,0,0,0,20,20,1,33,0,6,0,0,200,200
412883,0,30,0,0,0,4,7,3,0,0,0,21,0,2,200,200,12,200,200,200,200
412885,0,30,1,2,0,3,10,2,0,0,0,18,200,1,200,200,3,200,200,200,200
412885,0,30,1,2,0,3,10,2,0,0,0,18,200,1,32,200,0,0,0,200,200
412902,0,30,0,0,200,200,7,5,0,200,200,0,200,2,200,200,200,200,200,200,200
412907,0,30,1,2,0,1,14,5,0,0,0,3,22,1,30,0,1,0,0,200,200
412907,0,30,1,2,0,1,14,5,0,0,0,3,22,1,200,0,0,0,0,200,200
412908,0,30,0,0,0,3,7,6,0,0,0,11,200,0,48,0,12,0,0,200,200
412912,0,30,0,0,0,3,10,5,0,1,0,18,200,1,28,0,3,0,0,200,200
412912,0,30,0,0,0,3,10,5,0,1,0,18,200,2,200,200,200,200,200,200,200
412924,1,30,0,0,0,3,14,5,0,0,200,200,200,1,4,200,200,200,200,200,200
412924,0,30,0,0,0,3,14,5,0,0,200,200,200,0,24,200,200,200,0,200,200
412924,0,30,0,0,0,3,14,5,0,0,200,200,200,0,37,200,200,200,0,200,200
412924,1,30,0,0,0,3,14,5,0,0,200,200,200,1,27,200,200,200,200,200,200
412928,0,30,0,0,0,1,7,5,0,0,0,17,200,0,20,0,0,0,0,200,200
412928,1,30,0,0,0,1,7,5,0,0,0,17,200,1,200,200,200,200,200,200,200
412937,0,30,0,0,0,3,12,5,0,0,0,0,0,0,47,0,0,0,0,200,200
412937,0,30,0,0,0,3,12,5,0,0,0,0,0,0,45,0,0,0,0,200,200
412938,0,35,0,0,200,3,12,12,0,200,200,22,200,0,200,200,2,200,200,200,200
412938,0,35,0,0,200,3,12,12,0,200,200,22,200,1,59,0,0,0,0,200,200
412939,0,30,0,0,0,3,7,6,0,0,0,0,0,2,200,200,200,200,200,200,200
412947,0,30,0,0,0,1,7,5,0,0,0,0,200,2,200,200,200,200,200,200,200
412951,0,30,1,2,0,0,10,2,0,0,0,18,200,0,64,0,3,0,0,200,200
412951,0,30,1,2,0,0,10,2,0,0,0,18,200,0,37,0,0,0,0,200,200
412951,0,30,1,2,0,0,10,2,0,0,0,18,200,0,23,0,0,0,0,200,200
412951,0,30,1,2,0,0,10,2,0,0,0,18,200,0,46,0,0,0,0,200,200
412956,0,30,0,0,200,1,10,2,0,200,200,0,0,0,33,200,200,200,200,200,200
412956,0,30,0,0,200,1,10,2,0,200,200,0,0,0,26,200,200,200,0,200,200
412962,0,25,0,0,0,3,7,5,0,0,0,0,0,2,200,200,200,200,200,200,200
412963,0,0,0,0,0,1,7,7,0,0,0,21,11,0,32,200,1,0,0,200,200
412964,0,30,0,0,0,3,10,3,0,0,0,0,200,1,61,200,200,200,200,200,200
412964,0,30,0,0,0,3,10,3,0,0,0,0,200,0,62,0,200,0,0,200,200
412965,0,30,2,2,1,0,0,5,0,0,0,17,200,1,44,0,1,0,0,200,200
412965,0,30,2,2,1,0,0,5,0,0,0,17,200,0,19,0,12,0,0,200,200
412972,0,30,0,0,1,4,8,5,0,200,200,20,11,0,200,200,6,200,200,200,200
412972,4,30,0,0,1,4,8,5,0,200,200,20,11,1,26,7,12,0,0,200,200
412974,0,30,1,2,0,1,10,2,0,0,0,16,200,2,200,200,200,200,200,200,200
412974,0,30,1,2,0,1,10,2,0,0,0,16,200,1,35,200,0,0,0,200,200
412978,0,30,0,0,0,3,12,6,0,0,0,0,0,0,31,200,200,0,0,200,200
412978,0,30,0,0,0,3,12,6,0,0,0,0,0,0,25,200,200,0,0,200,200
412979,0,30,1,2,200,1,10,2,0,200,200,16,9,0,60,200,3,0,200,200,200
412979,0,30,1,2,200,1,10,2,0,200,200,16,9,0,21,200,0,0,0,200,200
412980,0,0,0,0,0,3,3,7,0,0,0,0,0,1,33,200,200,0,0,200,200
412980,0,0,0,0,0,3,3,7,0,0,0,0,0,1,34,200,200,0,0,200,200
412982,0,30,0,0,0,0,10,6,0,200,200,11,0,0,35,0,6,0,0,200,200
412982,0,30,0,0,0,0,10,6,0,200,200,11,0,1,54,0,0,200,0,200,200
412996,0,35,0,0,0,0,12,2,0,0,0,17,200,0,60,200,1,0,200,200,200
412996,0,35,0,0,0,0,12,2,0,0,0,17,200,1,70,200,0,0,0,200,200
412999,0,30,0,0,0,3,12,2,0,0,0,22,200,2,200,200,200,200,200,200,200
412999,0,30,0,0,0,3,12,2,0,0,0,22,200,1,53,0,0,0,0,200,200
413004,0,30,1,2,200,3,12,12,0,200,200,21,0,1,200,200,4,200,200,200,200
413004,0,30,1,2,200,3,12,12,0,200,200,21,0,1,26,0,0,0,0,200,200
413009,0,30,0,0,2,3,10,5,0,1,12,18,16,0,42,200,3,200,200,200,200
413009,0,30,0,0,2,3,10,5,0,1,12,18,16,1,37,7,0,0,0,200,200
413010,0,30,200,200,0,200,14,2,0,0,200,0,11,0,67,200,0,200,200,200,200
413010,0,30,200,200,0,200,14,2,0,0,200,0,11,0,54,200,0,0,0,200,200
413026,0,30,0,0,0,3,7,5,0,0,200,32,25,1,28,200,12,0,5,200,200
413032,0,15,0,0,0,1,0,7,0,0,0,17,20,1,64,200,1,200,0,200,200
413032,0,15,0,0,0,1,0,7,0,0,0,17,20,1,200,200,10,200,200,200,200
413033,0,30,1,200,0,3,0,5,0,0,0,0,0,1,38,0,5,0,0,200,200
413033,0,30,1,200,0,3,0,5,0,0,0,0,0,0,46,0,0,0,0,200,200
413039,0,30,1,2,0,4,0,5,0,0,0,6,0,1,30,200,5,200,200,200,200
413039,0,30,1,2,0,4,0,5,0,0,0,6,0,1,34,0,0,0,0,200,200
413045,0,30,0,0,0,1,7,7,0,0,0,20,200,2,200,200,200,200,200,200,200
413046,0,30,2,2,0,1,0,5,0,0,0,0,0,0,29,200,200,200,200,200,200
413046,0,30,2,2,0,1,0,5,0,0,0,0,0,1,62,0,200,0,0,200,200
413051,0,30,2,12,2,3,9,6,0,1,200,5,200,2,200,200,5,200,200,200,200
413051,5,30,2,12,2,3,9,6,0,1,200,5,200,0,27,200,200,200,200,200,200
413052,0,30,1,2,2,3,10,5,0,1,0,11,7,0,47,0,8,0,0,200,200
413052,0,30,1,2,2,3,10,5,0,1,0,11,7,1,32,0,0,0,0,200,200
413053,0,30,0,0,2,3,4,5,0,1,0,34,0,0,31,2,12,200,200,200,200
413060,0,30,1,200,2,3,14,5,2,1,0,0,0,1,200,200,200,200,200,200,200
413060,0,30,1,200,2,3,14,5,2,1,0,0,0,0,19,0,200,0,200,200,200
413065,0,30,1,2,2,3,10,3,0,1,0,16,200,1,33,200,8,0,0,200,200
413065,0,30,1,2,2,3,10,3,0,1,0,16,200,0,43,200,0,0,0,200,200
413065,1,30,1,2,2,3,10,3,0,1,0,16,200,0,200,200,200,200,200,200,200
413066,0,30,1,2,2,3,14,200,0,1,0,0,34,0,71,200,200,200,0,200,200
413066,0,30,1,2,2,3,14,200,0,1,0,0,34,0,48,200,0,200,0,200,200
413066,0,30,1,2,2,3,14,200,0,1,0,0,34,1,32,200,0,200,0,200,200
413066,0,30,1,2,2,3,14,200,0,1,0,0,34,0,35,200,0,200,0,200,200
413068,0,30,12,200,2,3,7,6,0,1,0,15,10,0,23,200,8,200,0,200,200
413073,0,30,1,2,2,3,10,3,0,1,0,0,200,1,23,0,200,200,0,200,200
413073,0,30,1,2,2,3,10,3,0,1,0,0,200,0,28,0,0,0,0,200,200
413073,1,30,1,2,2,3,10,3,0,1,0,0,200,0,0,5,200,200,200,200,200
413073,1,30,1,2,2,3,10,3,0,1,0,0,200,0,3,0,200,200,200,200,200
413074,0,30,0,0,2,3,14,2,0,1,0,23,34,0,24,0,7,0,0,200,200
413074,0,30,0,0,2,3,14,2,0,1,0,23,34,0,24,0,0,0,0,200,200
413078,0,30,0,0,2,3,7,5,0,1,0,0,200,2,200,200,200,200,200,200,200
413081,0,35,1,2,2,3,10,6,0,1,0,16,18,1,200,200,3,200,200,200,200
413081,0,35,1,2,2,3,10,6,0,1,0,16,18,0,36,0,0,0,0,200,200
413085,0,30,0,0,0,1,12,5,0,0,0,21,0,0,28,0,4,0,0,200,200
413085,0,30,0,0,0,1,12,5,0,0,0,21,0,0,43,0,0,0,0,200,200
413091,0,20,0,0,2,0,3,7,0,1,0,20,200,0,28,200,6,200,200,200,200
413091,0,20,0,0,2,0,3,7,0,1,0,20,200,1,57,200,0,0,0,200,200
413102,0,30,0,0,2,3,14,5,0,1,0,17,0,0,47,200,12,0,0,200,200
413102,0,30,0,0,2,3,14,5,0,1,0,17,0,0,43,200,12,0,0,200,200
413110,0,30,2,2,2,3,3,5,0,1,200,10,11,1,47,200,9,0,0,200,200
413110,0,30,2,2,2,3,3,5,0,1,200,10,11,0,35,200,0,0,0,200,200
413110,1,30,2,2,2,3,3,5,0,1,200,10,11,1,18,200,200,200,200,200,200
413118,0,30,0,0,2,3,7,2,0,1,0,33,200,1,55,200,8,4,0,200,200
413123,0,30,1,2,2,3,2,6,0,1,200,8,200,0,54,200,200,200,200,200,200
413123,1,30,1,2,2,3,2,6,0,1,200,8,200,1,60,200,200,200,200,200,200
413123,1,30,1,2,2,3,2,6,0,1,200,8,200,0,35,200,200,200,200,200,200
413123,1,30,1,2,2,3,2,6,0,1,200,8,200,0,58,200,200,200,200,200,200
413123,1,30,1,2,2,3,2,6,0,1,200,8,200,0,200,200,200,200,200,200,200
413124,0,25,0,0,2,3,10,2,0,1,0,34,34,0,27,0,3,0,0,200,200
413124,0,25,0,0,2,3,10,2,0,1,0,34,34,0,33,0,0,0,0,200,200
413137,0,35,1,1,2,3,0,5,0,1,3,17,200,0,25,0,5,0,0,200,200