RD_NO,PERSON_TYPE,POSTED_SPEED_LIMIT,TRAFFIC_CONTROL_DEVICE,DEVICE_CONDITION,WEATHER_CONDITION,LIGHTING_CONDITION,FIRST_CRASH_TYPE,TRAFFICWAY_TYPE,ALIGNMENT,ROADWAY_SURFACE_COND,ROAD_DEFECT,PRIM_CONTRIBUTORY_CAUSE,SEC_CONTRIBUTORY_CAUSE,SEX,AGE,SAFETY_EQUIPMENT,DRIVER_ACTION,DRIVER_VISION,PHYSICAL_CONDITION,BAC_RESULT VALUE,CELL_PHONE_USE
413826,0,20,0,0,0,1,0,12,0,0,0,0,0,0,200,200,12,200,200,200,200
413826,0,20,0,0,0,1,0,12,0,0,0,0,0,0,26,0,12,0,0,200,200
413829,0,0,0,0,0,1,2,7,0,0,1,20,200,0,58,0,6,0,0,200,200
413833,0,30,0,0,0,1,12,5,0,0,0,0,0,0,200,0,2,0,0,200,200
413833,0,30,0,0,0,1,12,5,0,0,0,0,0,0,200,0,0,0,0,200,200
413839,0,30,0,0,0,1,10,5,0,0,0,18,18,2,200,200,3,200,200,200,200
413839,0,30,0,0,0,1,10,5,0,0,0,18,18,0,29,0,0,0,0,200,200
413841,0,30,1,2,2,1,10,5,0,1,0,200,200,1,30,200,200,0,0,200,200
413841,0,30,1,2,2,1,10,5,0,1,0,200,200,0,79,200,0,0,0,200,200
413841,1,30,1,2,2,1,10,5,0,1,0,200,200,1,200,200,200,200,200,200,200
413842,0,30,1,2,1,1,12,6,0,1,0,17,200,0,29,0,4,0,0,200,200
413842,0,30,1,2,1,1,12,6,0,1,0,17,200,1,65,0,0,0,0,200,200
413842,1,30,1,2,1,1,12,6,0,1,0,17,200,0,37,0,200,200,200,200,200
413843,0,30,0,0,2,1,7,5,0,1,200,0,0,2,200,200,200,200,200,200,200
413844,0,30,200,0,0,1,10,6,0,12,0,18,22,0,200,200,3,200,200,200,200
413844,0,30,200,0,0,1,10,6,0,12,0,18,22,1,36,200,200,200,0,200,200
413844,1,30,200,0,0,1,10,6,0,12,0,18,22,1,10,200,200,200,200,200,200
413845,0,20,0,0,1,1,12,6,0,1,0,200,200,0,57,0,12,0,0,200,200
413845,0,20,0,0,1,1,12,6,0,1,0,200,200,0,53,0,0,0,0,200,200
413845,1,20,0,0,1,1,12,6,0,1,0,200,200,0,61,1,200,200,200,200,200
413849,0,30,200,200,200,200,10,200,0,200,200,200,200,1,200,200,200,200,200,200,200
413849,0,30,200,200,200,200,10,200,0,200,200,200,200,1,200,0,200,0,0,200,200
413851,0,25,0,0,1,1,0,6,0,1,0,0,0,0,17,0,200,0,0,200,200
413851,0,25,0,0,1,1,0,6,0,1,0,0,0,0,27,0,200,0,0,200,200
413851,1,25,0,0,1,1,0,6,0,1,0,0,0,0,8,0,200,200,200,200,200
413851,1,25,0,0,1,1,0,6,0,1,0,0,0,1,200,200,200,200,200,200,200
413854,0,30,0,0,0,1,12,5,0,0,200,22,22,0,200,200,2,200,200,200,200
413854,0,30,0,0,0,1,12,5,0,0,200,22,22,1,40,0,0,0,0,200,200
413856,0,30,2,2,0,1,0,5,0,0,0,17,200,1,46,0,1,0,0,200,200
413856,0,30,2,2,0,1,0,5,0,0,0,17,200,1,20,0,0,0,0,200,200
413858,0,30,0,0,1,1,12,2,0,1,0,11,0,0,28,200,12,0,0,200,200
413858,0,30,0,0,1,1,12,2,0,1,0,11,0,0,28,200,12,0,0,200,200
413862,0,25,0,0,0,1,12,5,0,0,0,17,17,0,27,0,1,0,0,200,200
413862,0,25,0,0,0,1,12,5,0,0,0,17,17,2,200,200,0,200,200,200,200
413871,0,30,0,0,0,1,14,5,0,0,0,17,23,0,200,0,1,0,0,200,200
413871,0,30,0,0,0,1,14,5,0,0,0,17,23,0,28,0,0,0,0,200,200
413875,0,30,1,200,200,200,12,6,0,200,200,25,0,0,200,200,12,200,200,200,200
413875,0,30,1,200,200,200,12,6,0,200,200,25,0,1,25,200,12,200,200,200,200
413877,0,30,1,2,0,1,14,3,0,0,0,0,0,0,200,200,5,200,200,200,200
413877,0,30,1,2,0,1,14,3,0,0,0,0,0,1,23,0,0,0,0,200,200
413877,1,30,1,2,0,1,14,3,0,0,0,0,0,1,200,200,200,200,200,200,200
413877,1,30,1,2,0,1,14,3,0,0,0,0,0,2,200,200,200,200,200,200,200
413886,0,30,2,0,0,1,10,5,0,0,0,18,200,1,78,0,3,0,0,200,200
413886,0,30,2,0,0,1,10,5,0,0,0,18,200,1,30,0,0,0,0,200,200
413887,0,35,1,2,1,1,10,5,0,0,0,16,200,0,72,200,3,0,0,200,200
413887,0,35,1,2,1,1,10,5,0,0,0,16,200,1,39,200,0,0,0,200,200
413887,1,35,1,2,1,1,10,5,0,0,0,16,200,1,16,200,200,200,200,200,200
413888,0,30,0,0,0,1,7,3,0,0,0,0,200,0,25,200,200,200,200,200,200
413888,1,30,0,0,0,1,7,3,0,0,0,0,200,0,44,0,200,200,200,200,200
413897,0,30,0,0,0,1,14,3,0,0,200,0,200,1,24,200,200,0,0,200,200
413897,0,30,0,0,0,1,14,3,0,0,200,0,200,0,62,200,200,0,0,200,200
413903,0,30,1,2,1,1,14,5,0,0,0,0,0,0,200,200,200,200,0,200,200
413903,0,30,1,2,1,1,14,5,0,0,0,0,0,0,49,0,200,0,0,200,200
413903,1,30,1,2,1,1,14,5,0,0,0,0,0,1,47,0,200,200,200,200,200
413908,0,10,0,0,0,1,0,0,0,200,200,20,200,0,39,200,6,200,200,200,200
413908,0,10,0,0,0,1,0,0,0,200,200,20,200,1,30,200,0,0,200,200,200
413909,0,10,0,0,1,1,7,7,0,1,0,0,200,2,200,200,200,200,200,200,200
413914,0,30,0,0,0,1,14,5,0,0,0,23,0,0,200,200,7,200,200,200,200
413914,0,30,0,0,0,1,14,5,0,0,0,23,0,0,58,0,0,0,0,200,200
413916,0,30,1,2,0,1,14,5,0,0,0,23,17,0,200,200,1,200,200,200,200
413916,0,30,1,2,0,1,14,5,0,0,0,23,17,0,30,0,0,0,0,200,200
413920,0,20,0,0,1,1,10,12,0,1,0,200,200,0,48,0,6,0,0,200,200
413920,0,20,0,0,1,1,10,12,0,1,0,200,200,0,60,0,0,0,0,200,200
413922,0,30,1,2,2,3,10,2,0,1,0,0,34,0,200,200,200,200,200,200,200
413922,0,30,1,2,2,3,10,2,0,1,0,0,34,1,32,0,0,0,0,200,200
413923,0,30,0,0,0,1,10,2,0,0,0,16,200,0,49,200,12,0,0,200,200
413923,0,30,0,0,0,1,10,2,0,0,0,16,200,0,33,7,0,0,0,200,200
413924,0,30,0,0,0,1,2,3,0,0,0,13,200,0,46,0,12,0,0,200,200
413926,0,30,1,2,0,1,14,2,0,0,0,17,200,0,23,0,1,0,0,200,200
413926,0,30,1,2,0,1,14,2,0,0,0,17,200,0,51,0,0,0,0,200,200
413926,1,30,1,2,0,1,14,2,0,0,0,17,200,0,49,0,200,200,200,200,200
413927,0,30,1,0,0,1,12,5,0,0,0,21,0,0,22,0,4,0,0,200,200
413927,0,30,1,0,0,1,12,5,0,0,0,21,0,0,35,0,0,0,0,200,200
413929,0,30,0,0,0,1,3,5,0,0,0,25,17,0,32,7,13,200,200,200,200
413929,0,30,0,0,0,1,3,5,0,0,0,25,17,0,200,0,12,0,0,200,200
413929,1,30,0,0,0,1,3,5,0,0,0,25,17,200,200,7,200,200,200,200,200
413932,0,35,1,2,0,1,10,3,0,0,0,18,0,0,200,200,3,200,200,200,200
413932,0,35,1,2,0,1,10,3,0,0,0,18,0,1,74,0,0,0,0,200,200
413935,0,30,1,2,1,1,14,2,3,0,0,0,200,0,23,0,12,0,200,200,200
413935,0,30,1,2,1,1,14,2,3,0,0,0,200,0,35,0,12,0,200,200,200
413935,1,30,1,2,1,1,14,2,3,0,0,0,200,1,200,0,200,200,200,200,200
413935,1,30,1,2,1,1,14,2,3,0,0,0,200,0,200,0,200,200,200,200,200
413936,0,30,0,0,0,1,0,5,0,0,0,17,200,0,35,0,1,0,0,200,200
413936,0,30,0,0,0,1,0,5,0,0,0,17,200,0,55,0,0,0,0,200,200
413937,0,30,0,0,0,1,10,5,0,1,0,0,16,0,23,200,3,0,0,200,200
413937,0,30,0,0,0,1,10,5,0,1,0,0,16,1,26,200,0,0,0,200,200
413937,1,30,0,0,0,1,10,5,0,1,0,0,16,0,24,200,200,200,200,200,200
413937,1,30,0,0,0,1,10,5,0,1,0,0,16,0,24,200,200,200,200,200,200
413939,0,30,1,200,1,1,14,3,0,0,200,0,200,0,58,200,200,200,200,200,200
413939,0,30,1,200,1,1,14,3,0,0,200,0,200,1,25,200,200,200,200,200,200
413939,1,30,1,200,1,1,14,3,0,0,200,0,200,0,24,200,200,200,200,200,200
413939,1,30,1,200,1,1,14,3,0,0,200,0,200,0,5,200,200,200,200,200,200
413939,1,30,1,200,1,1,14,3,0,0,200,0,200,1,4,200,200,200,200,200,200
413942,0,0,1,2,0,1,10,12,0,0,0,7,11,1,53,200,200,0,0,200,200
413942,0,0,1,2,0,1,10,12,0,0,0,7,11,0,51,0,0,0,0,200,200
413942,1,0,1,2,0,1,10,12,0,0,0,7,11,2,200,200,200,200,200,200,200
413942,1,0,1,2,0,1,10,12,0,0,0,7,11,200,200,200,200,200,200,200,200
413942,1,0,1,2,0,1,10,12,0,0,0,7,11,2,200,200,200,200,200,200,200
413944,0,30,1,2,1,1,14,5,0,200,0,0,0,0,50,0,200,200,0,200,200
413944,0,30,1,2,1,1,14,5,0,200,0,0,0,0,31,0,1,200,0,200,200
413950,0,35,0,0,0,1,9,3,0,0,0,0,0,0,77,0,1,0,0,200,200
413950,5,35,0,0,0,1,9,3,0,0,0,0,0,0,48,200,0,200,0,200,200
413953,0,30,0,0,0,1,7,5,0,0,0,0,0,0,200,0,1,0,0,200,200
413962,0,30,0,0,0,1,7,6,0,1,1,0,200,0,14,200,12,0,0,200,200
413963,0,30,0,0,0,2,7,6,0,0,0,11,200,1,200,200,12,200,200,200,200
413967,0,35,0,0,0,1,12,5,0,200,200,22,0,2,200,200,2,200,200,200,200
413967,0,35,0,0,0,1,12,5,0,200,200,22,0,1,34,0,200,0,0,200,200
413974,0,30,1,2,0,1,10,5,0,1,0,18,16,0,200,200,3,0,0,200,200
413974,0,30,1,2,0,1,10,5,0,1,0,18,16,1,200,0,0,0,0,200,200
413974,0,30,1,2,0,1,10,5,0,1,0,18,16,0,200,0,0,0,0,200,200
413980,0,35,1,2,2,1,14,3,0,1,0,17,16,0,81,0,7,0,0,200,200
413980,0,35,1,2,2,1,14,3,0,1,0,17,16,0,24,0,0,0,0,200,200
413980,0,35,1,2,2,1,14,3,0,1,0,17,16,0,44,0,0,0,0,200,200
413980,0,35,1,2,2,1,14,3,0,1,0,17,16,0,17,0,0,0,0,200,200
413980,1,35,1,2,2,1,14,3,0,1,0,17,16,1,75,0,200,200,200,200,200
413991,0,30,2,2,0,1,0,2,0,0,0,5,200,1,27,0,15,0,0,200,1
413991,0,30,2,2,0,1,0,2,0,0,0,5,200,1,55,0,0,0,0,200,200
413996,0,20,0,0,0,2,7,5,0,0,0,20,200,1,200,0,6,0,0,200,200
414005,0,30,0,0,0,1,10,5,0,0,0,18,16,0,32,0,3,0,0,200,200
414005,0,30,0,0,0,1,10,5,0,0,0,18,16,1,39,0,0,0,0,200,200
414006,0,35,1,2,0,1,12,3,0,0,0,23,200,0,200,200,7,200,200,200,200
414006,0,35,1,2,0,1,12,3,0,0,0,23,200,0,27,0,0,0,0,200,200
414010,0,30,0,3,0,1,12,3,0,0,0,22,0,2,200,200,4,200,200,200,200
414010,0,30,0,3,0,1,12,3,0,0,0,22,0,1,57,0,0,0,0,200,200
414011,0,30,0,0,0,1,10,5,0,0,0,18,11,1,30,0,3,0,0,200,200
414011,0,30,0,0,0,1,10,5,0,0,0,18,11,1,39,0,0,0,0,200,200
414011,0,30,0,0,0,1,10,5,0,0,0,18,11,0,48,0,0,0,0,200,200
414011,0,30,0,0,0,1,10,5,0,0,0,18,11,2,200,200,0,200,200,200,200
414011,1,30,0,0,0,1,10,5,0,0,0,18,11,1,7,5,200,200,200,200,200
414011,1,30,0,0,0,1,10,5,0,0,0,18,11,0,2,5,200,200,200,200,200
414011,1,30,0,0,0,1,10,5,0,0,0,18,11,1,5,5,200,200,200,200,200
414011,1,30,0,0,0,1,10,5,0,0,0,18,11,1,200,0,200,200,200,200,200
414013,0,30,0,0,2,0,7,5,0,1,200,0,0,2,200,200,200,200,200,200,200
414020,0,25,0,0,0,1,7,5,0,0,0,0,200,0,32,0,12,0,0,200,200
414021,0,30,1,2,2,1,12,5,0,1,0,0,0,1,26,200,200,200,200,200,200
414021,0,30,1,2,2,1,12,5,0,1,0,0,0,1,30,0,0,0,0,200,200
414026,0,30,2,2,0,1,9,5,0,0,0,0,200,1,55,200,200,200,0,200,200
414026,5,30,2,2,0,1,9,5,0,0,0,0,200,0,49,200,200,200,200,200,200
414027,0,30,0,0,0,1,10,5,0,0,0,16,18,0,44,0,1,0,0,200,200
414027,0,30,0,0,0,1,10,5,0,0,0,16,18,1,34,0,0,0,0,200,200
414027,0,30,0,0,0,1,10,5,0,0,0,16,18,0,43,0,0,0,0,200,200
414028,0,30,0,0,0,1,7,7,0,0,0,0,200,2,200,200,200,200,200,200,200
414037,0,30,0,0,0,1,12,5,0,0,0,22,200,1,200,200,2,200,200,200,200
414037,0,30,0,0,0,1,12,5,0,0,0,22,200,1,48,0,0,0,0,200,200
414038,0,30,0,0,0,1,10,2,0,0,0,18,200,0,39,200,3,200,0,200,200
414038,0,30,0,0,0,1,10,2,0,0,0,18,200,0,49,200,0,200,0,200,200
414045,0,30,0,0,0,1,7,5,0,0,0,0,0,2,200,200,12,200,200,200,200
414046,0,25,2,2,0,1,0,1,0,0,0,17,0,1,28,200,200,0,0,200,200
414046,0,25,2,2,0,1,0,1,0,0,0,17,0,0,23,0,200,0,0,200,200
414048,0,30,0,0,0,1,10,2,0,0,0,200,200,0,17,0,12,0,0,200,200
414048,0,30,0,0,0,1,10,2,0,0,0,200,200,0,58,0,0,0,0,200,200
414052,0,25,2,0,0,1,14,5,0,0,0,17,17,0,28,0,1,0,0,200,200
414052,0,25,2,0,0,1,14,5,0,0,0,17,17,0,0,0,0,0,0,200,200
414053,0,30,0,0,1,1,0,6,0,0,0,17,20,1,200,200,1,200,200,200,200
414053,0,30,0,0,1,1,0,6,0,0,0,17,20,1,42,0,0,0,0,200,200
414064,0,30,1,2,0,1,14,2,0,0,0,17,0,0,25,200,1,0,0,200,200
414064,0,30,1,2,0,1,14,2,0,0,0,17,0,0,57,200,200,0,0,200,200
414064,1,30,1,2,0,1,14,2,0,0,0,17,0,1,24,200,200,200,200,200,200
414064,1,30,1,2,0,1,14,2,0,0,0,17,0,1,28,7,200,200,200,200,200
414067,0,30,0,0,0,1,10,5,0,0,0,18,0,1,200,200,3,200,200,200,200
414067,0,30,0,0,0,1,10,5,0,0,0,18,0,0,40,0,0,0,0,200,200
414070,0,30,0,0,0,1,12,5,0,0,0,22,17,0,23,200,2,0,0,200,200
414070,0,30,0,0,0,1,12,5,0,0,0,22,17,0,200,200,0,0,0,200,200
414071,0,35,1,2,1,1,10,5,0,0,0,0,0,1,20,200,200,0,0,200,200
414071,0,35,1,2,1,1,10,5,0,0,0,0,0,1,45,200,0,0,0,200,200
414075,0,30,1,3,2,1,14,2,0,1,0,0,200,1,200,200,200,200,200,200,200
414075,0,30,1,3,2,1,14,2,0,1,0,0,200,1,0,0,200,200,0,200,200
414076,0,30,1,2,0,1,14,2,0,0,200,200,200,0,67,0,7,200,0,200,200
414076,0,30,1,2,0,1,14,2,0,0,200,200,200,0,25,0,12,200,0,200,200
414076,1,30,1,2,0,1,14,2,0,0,200,200,200,1,65,0,200,200,200,200,200
414082,0,15,0,0,0,1,7,6,0,0,0,10,200,0,53,0,9,0,0,200,200
414082,1,15,0,0,0,1,7,6,0,0,0,10,200,1,38,200,200,200,200,200,200
414085,0,30,1,2,0,1,10,6,0,0,0,18,18,0,25,0,3,0,0,200,200
414085,0,30,1,2,0,1,10,6,0,0,0,18,18,0,44,0,0,0,0,200,200
414087,0,30,0,0,0,1,7,5,0,0,0,0,0,2,200,200,200,200,200,200,200
414088,0,30,0,0,0,3,7,5,0,0,0,0,0,2,200,200,200,200,200,200,200
414092,0,20,0,0,1,1,12,5,0,0,0,17,200,1,200,200,1,200,200,200,200
414092,0,20,0,0,1,1,12,5,0,0,0,17,200,0,31,0,0,0,0,200,200
414095,0,30,1,2,0,1,10,5,0,1,0,18,200,0,30,200,3,0,0,200,200
414095,0,30,1,2,0,1,10,5,0,1,0,18,200,0,48,0,0,0,0,200,200
414095,1,30,1,2,0,1,10,5,0,1,0,18,200,0,7,0,200,200,200,200,200
414099,0,30,0,0,0,1,10,5,0,0,3,18,200,0,20,200,1,200,0,200,200
414099,0,30,0,0,0,1,10,5,0,0,3,18,200,0,85,200,0,200,0,200,200
414102,0,30,0,0,0,1,7,5,0,0,0,0,200,0,66,200,12,0,0,200,200
414104,0,30,1,2,0,1,12,2,0,0,0,17,200,0,53,0,1,0,0,200,200
414104,0,30,1,2,0,1,12,2,0,0,0,17,200,1,53,0,0,0,0,200,200
414106,0,30,0,0,0,1,10,5,0,0,0,18,0,0,58,0,200,0,0,200,200
414106,0,30,0,0,0,1,10,5,0,0,0,18,0,0,200,200,0,200,200,200,200
414108,0,30,0,0,0,1,7,5,0,0,0,22,16,0,66,200,2,200,0,200,200
414108,1,30,0,0,0,1,7,5,0,0,0,22,16,1,200,0,200,200,200,200,200
414109,0,30,0,0,0,1,10,3,1,0,0,18,0,0,36,0,3,0,0,200,200
414109,0,30,0,0,0,1,10,3,1,0,0,18,0,1,61,0,0,0,0,200,200
414109,0,30,0,0,0,1,10,3,1,0,0,18,0,1,57,0,0,0,0,200,200
414113,0,35,0,0,0,1,12,5,2,0,0,0,0,0,27,200,4,0,0,200,200
414113,0,35,0,0,0,1,12,5,2,0,0,0,0,0,40,200,0,0,0,200,200
414115,0,35,0,0,0,1,10,5,0,0,0,16,34,0,23,200,3,0,0,200,200
414115,0,35,0,0,0,1,10,5,0,0,0,16,34,0,34,200,3,0,0,200,200
414115,0,35,0,0,0,1,10,5,0,0,0,16,34,0,200,200,3,200,200,200,200
414115,0,35,0,0,0,1,10,5,0,0,0,16,34,0,55,200,0,0,0,200,200
414115,1,35,0,0,0,1,10,5,0,0,0,16,34,1,54,200,200,200,200,200,200
414117,0,35,0,0,1,1,10,5,0,1,200,0,0,1,200,200,200,200,200,200,200
414117,0,35,0,0,1,1,10,5,0,1,200,0,0,1,56,0,200,0,0,200,200
414120,0,30,0,0,0,1,10,5,0,0,0,18,18,1,29,0,3,0,0,200,200
414120,0,30,0,0,0,1,10,5,0,0,0,18,18,1,48,0,0,0,0,200,200
414126,0,0,0,0,0,1,7,2,0,200,200,0,200,2,200,200,200,200,200,200,200
414128,0,30,2,2,0,1,10,5,0,0,0,18,0,0,65,200,3,0,0,200,200
414128,0,30,2,2,0,1,10,5,0,0,0,18,0,1,59,200,0,0,0,200,200
414130,0,30,0,0,0,1,7,5,0,0,0,0,200,2,200,200,200,200,200,200,200
414134,0,30,1,2,0,1,14,2,0,0,0,23,11,0,47,200,7,200,0,200,200
414134,0,30,1,2,0,1,14,2,0,0,0,23,11,0,26,200,0,200,0,200,200
414134,1,30,1,2,0,1,14,2,0,0,0,23,11,0,28,200,200,200,200,200,200
414135,0,30,0,0,0,1,12,2,0,0,0,22,200,1,200,200,2,200,200,200,200
414135,0,30,0,0,0,1,12,2,0,0,0,22,200,1,38,0,0,0,0,200,200
414139,0,30,0,0,200,200,12,6,0,200,200,22,200,1,44,200,2,200,0,200,200
414139,0,30,0,0,200,200,12,6,0,200,200,22,200,0,42,200,12,200,0,200,200
414141,0,30,0,0,0,1,10,2,0,0,0,18,17,1,23,200,3,0,200,200,200
414141,0,30,0,0,0,1,10,2,0,0,0,18,17,1,43,0,3,0,0,200,200
414141,0,30,0,0,0,1,10,2,0,0,0,18,17,0,49,0,1,0,0,200,200
414147,0,30,0,0,0,1,10,2,0,0,0,0,200,1,200,200,200,200,200,200,200
414147,0,30,0,0,0,1,10,2,0,0,0,0,200,1,28,7,0,0,0,200,200
414148,0,20,0,0,0,1,12,6,0,0,0,17,22,2,200,200,1,200,200,200,200
414148,0,20,0,0,0,1,12,6,0,0,0,17,22,0,27,200,0,200,0,200,200
414152,0,30,0,0,0,1,10,5,0,0,0,18,200,0,37,200,3,0,0,200,200
414152,0,30,0,0,0,1,10,5,0,0,0,18,200,1,23,0,0,0,0,200,200
414153,0,30,1,2,1,1,10,6,0,0,0,0,0,0,200,200,200,200,0,200,200
414153,0,30,1,2,1,1,10,6,0,0,0,0,0,1,30,0,0,0,0,200,200
414154,0,35,1,2,0,1,14,1,0,0,0,16,17,0,200,200,12,200,200,200,200
414154,0,35,1,2,0,1,14,1,0,0,0,16,17,1,78,0,1,1,0,200,200
414158,4,30,2,2,0,1,8,5,0,0,0,17,200,0,200,7,1,200,0,200,200
414158,0,30,2,2,0,1,8,5,0,0,0,17,200,0,78,0,0,0,0,200,200
414161,0,30,0,0,0,1,7,2,0,0,0,18,0,2,200,200,3,200,200,200,200
414165,0,30,0,0,0,1,7,5,0,0,0,0,0,2,200,200,200,200,200,200,200
414168,0,30,2,2,0,4,10,2,0,0,0,18,200,1,200,200,3,200,200,200,200
414168,0,30,2,2,0,4,10,2,0,0,0,18,200,1,37,0,0,0,0,200,200
414172,0,30,0,0,0,4,7,6,0,0,0,23,200,0,63,0,7,0,0,200,200
414176,0,30,0,0,200,200,7,4,3,200,0,0,0,2,200,200,200,200,200,200,200
414184,4,20,0,0,0,1,8,6,0,0,0,13,200,0,0,7,12,0,0,200,200
414186,0,30,200,200,0,200,10,5,0,0,0,200,200,1,25,0,200,0,0,200,200
414186,0,30,200,200,0,200,10,5,0,0,0,200,200,1,56,0,0,0,0,200,200
414186,0,30,200,200,0,200,10,5,0,0,0,200,200,1,45,0,0,0,0,200,200
414186,1,30,200,200,0,200,10,5,0,0,0,200,200,1,37,0,200,200,200,200,200
414186,1,30,200,200,0,200,10,5,0,0,0,200,200,1,11,0,200,200,200,200,200
414186,1,30,200,200,0,200,10,5,0,0,0,200,200,0,8,7,200,200,200,200,200
414190,0,30,0,0,0,1,7,8,0,0,0,11,0,0,73,0,0,0,0,200,200
414190,1,30,0,0,0,1,7,8,0,0,0,11,0,2,200,200,200,200,200,200,200
414192,0,30,0,0,0,3,7,5,0,0,0,0,0,0,69,200,200,200,200,200,200
414192,1,30,0,0,0,3,7,5,0,0,0,0,0,1,33,1,200,200,200,200,200
414193,0,45,1,2,0,4,10,5,0,0,0,18,0,0,22,200,3,0,0,200,200
414193,0,45,1,2,0,4,10,5,0,0,0,18,0,0,35,200,0,0,0,200,200
414193,1,45,1,2,0,4,10,5,0,0,0,18,0,1,30,200,200,200,200,200,200
414193,1,45,1,2,0,4,10,5,0,0,0,18,0,1,10,200,200,200,200,200,200
414193,1,45,1,2,0,4,10,5,0,0,0,18,0,0,3,5,200,200,200,200,200
414193,1,45,1,2,0,4,10,5,0,0,0,18,0,1,200,200,200,200,200,200,200
414196,0,30,0,0,0,1,0,6,0,0,0,17,200,1,27,0,1,0,0,200,200
414196,0,30,0,0,0,1,0,6,0,0,0,17,200,0,56,0,0,0,0,200,200
414200,0,30,0,0,0,1,12,5,0,0,0,200,200,1,200,200,4,200,200,200,200
414200,0,30,0,0,0,1,12,5,0,0,0,200,200,0,200,0,0,0,0,200,200
414202,0,30,0,0,0,1,7,5,0,0,0,20,11,0,200,200,6,200,200,200,200
414204,0,30,0,0,1,4,10,5,0,0,200,18,0,0,47,200,3,200,200,200,200
414204,0,30,0,0,1,4,10,5,0,0,200,18,0,1,25,200,0,200,200,200,200
414204,1,30,0,0,1,4,10,5,0,0,200,18,0,200,200,200,200,200,200,200,200
414207,0,30,2,2,0,1,0,5,0,0,0,17,200,0,37,200,1,12,0,200,200
414207,0,30,2,2,0,1,0,5,0,0,0,17,200,1,54,200,0,12,0,200,200
414209,0,20,0,0,0,1,7,4,0,0,0,25,200,0,200,200,13,200,200,200,200
414209,1,20,0,0,0,1,7,4,0,0,0,25,200,0,200,200,200,200,200,200,200
414217,0,30,1,2,0,1,12,5,0,0,0,22,0,1,200,200,2,200,200,200,200
414217,0,30,1,2,0,1,12,5,0,0,0,22,0,0,53,0,0,0,0,200,200
414228,0,30,0,0,0,1,12,5,0,0,0,17,17,1,20,0,1,0,0,200,200
414228,0,30,0,0,0,1,12,5,0,0,0,17,17,1,26,0,0,0,0,200,200
414239,0,30,200,200,0,200,11,5,0,200,200,200,200,0,19,0,200,200,200,200,200
414239,0,30,200,200,0,200,11,5,0,200,200,200,200,1,27,0,200,0,0,200,200
414242,0,30,2,200,0,1,10,5,0,0,200,0,0,0,200,200,200,200,200,200,200
414242,0,30,2,200,0,1,10,5,0,0,200,0,0,0,69,0,0,200,200,200,200
414252,0,30,0,0,0,4,7,5,0,0,0,13,200,0,24,0,12,0,0,200,200
414252,1,30,0,0,0,4,7,5,0,0,0,13,200,0,200,0,200,200,200,200,200
414252,1,30,0,0,0,4,7,5,0,0,0,13,200,0,200,0,200,200,200,200,200
414252,1,30,0,0,0,4,7,5,0,0,0,13,200,1,200,0,200,200,200,200,200
414254,0,30,0,0,0,3,7,5,0,0,0,21,200,2,200,200,4,200,200,200,200
414255,0,30,0,0,200,200,7,5,0,200,200,0,0,2,200,200,200,200,200,200,200
414256,0,30,0,0,0,0,9,5,0,0,0,0,0,0,73,200,200,200,0,200,200
414256,5,30,0,0,0,0,9,5,0,0,0,0,0,0,34,200,200,200,6,200,200
414265,0,30,1,2,0,4,14,12,0,0,0,6,14,0,28,0,8,0,0,200,200
414265,0,30,1,2,0,4,14,12,0,0,0,6,14,1,51,0,1,0,200,200,200
414265,1,30,1,2,0,4,14,12,0,0,0,6,14,1,27,0,200,200,200,200,200
414268,0,30,1,2,0,3,14,2,0,0,0,23,21,1,68,200,7,0,0,200,200
414268,0,30,1,2,0,3,14,2,0,0,0,23,21,0,33,200,0,0,0,200,200
414271,0,30,1,2,0,4,12,5,0,0,0,0,0,0,200,200,200,200,200,200,200
414271,0,30,1,2,0,4,12,5,0,0,0,0,0,0,33,0,200,200,0,200,200
414286,0,30,0,0,0,1,12,3,0,0,0,21,200,0,71,7,4,0,0,200,200
414286,0,30,0,0,0,1,12,3,0,0,0,21,200,0,55,0,0,0,0,200,200
414286,1,30,0,0,0,1,12,3,0,0,0,21,200,1,200,0,200,200,200,200,200
414286,1,30,0,0,0,1,12,3,0,0,0,21,200,0,200,0,200,200,200,200,200
414287,0,30,0,0,1,3,12,2,0,0,200,21,200,0,23,200,4,200,200,200,200
414287,0,30,0,0,1,3,12,2,0,0,200,21,200,1,29,200,0,200,200,200,200
414293,0,30,0,0,0,1,12,5,0,0,200,0,0,1,36,200,200,200,200,200,200
414293,0,30,0,0,0,1,12,5,0,0,200,0,0,0,53,0,200,200,200,200,200
414300,0,30,3,2,0,3,3,3,0,0,0,20,15,0,55,0,6,0,0,200,200
414300,0,30,3,2,0,3,3,3,0,0,0,20,15,0,27,0,0,0,0,200,200
414312,0,30,1,2,0,3,10,2,0,0,0,0,0,0,23,200,200,0,0,200,200
414312,0,30,1,2,0,3,10,2,0,0,0,0,0,0,26,200,200,0,0,200,200
414314,0,25,0,0,1,0,8,6,0,0,0,0,0,0,28,0,200,0,0,200,200
414314,4,25,0,0,1,0,8,6,0,0,0,0,0,0,20,7,200,0,0,200,200
414314,1,25,0,0,1,0,8,6,0,0,0,0,0,0,37,0,200,200,200,200,200