RD_NO,PERSON_TYPE,POSTED_SPEED_LIMIT,TRAFFIC_CONTROL_DEVICE,DEVICE_CONDITION,WEATHER_CONDITION,LIGHTING_CONDITION,FIRST_CRASH_TYPE,TRAFFICWAY_TYPE,ALIGNMENT,ROADWAY_SURFACE_COND,ROAD_DEFECT,PRIM_CONTRIBUTORY_CAUSE,SEC_CONTRIBUTORY_CAUSE,SEX,AGE,SAFETY_EQUIPMENT,DRIVER_ACTION,DRIVER_VISION,PHYSICAL_CONDITION,BAC_RESULT VALUE,CELL_PHONE_USE
414331,0,30,0,0,0,3,7,6,0,0,0,0,0,0,31,200,200,200,200,200,200
414334,0,30,0,0,0,3,12,5,0,0,0,22,22,0,25,200,4,0,0,200,200
414334,0,30,0,0,0,3,12,5,0,0,0,22,22,0,30,0,0,0,0,200,200
414344,0,25,2,0,0,3,10,5,0,0,0,18,0,0,29,0,200,0,0,200,200
414344,0,25,2,0,0,3,10,5,0,0,0,18,0,0,69,0,0,0,0,200,200
414346,0,25,0,0,0,3,7,5,0,0,0,11,16,0,35,0,200,0,0,200,200
414348,0,30,1,2,0,1,14,5,0,0,0,200,200,0,55,200,12,200,200,200,200
414348,0,30,1,2,0,1,14,5,0,0,0,200,200,0,47,200,0,0,0,200,200
414356,0,30,1,2,0,3,10,3,0,0,0,200,200,0,27,200,200,0,0,200,200
414356,0,30,1,2,0,3,10,3,0,0,0,200,200,0,34,200,200,0,0,200,200
414356,1,30,1,2,0,3,10,3,0,0,0,200,200,1,31,200,200,200,200,200,200
414360,0,30,0,0,0,3,10,5,0,0,0,18,200,0,200,200,3,200,200,200,200
414360,0,30,0,0,0,3,10,5,0,0,0,18,200,1,27,0,200,0,0,200,200
414362,0,30,0,0,0,4,11,5,0,0,0,16,200,1,200,0,2,200,200,200,200
414362,0,30,0,0,0,4,11,5,0,0,0,16,200,0,19,0,2,0,0,200,200
414366,5,30,1,2,0,3,9,5,0,0,0,17,6,0,31,200,0,200,0,200,200
414366,0,30,1,2,0,3,9,5,0,0,0,17,6,0,25,0,12,0,0,200,200
414367,0,30,1,2,0,3,10,5,0,0,200,0,0,0,59,200,3,200,0,200,200
414367,0,30,1,2,0,3,10,5,0,0,200,0,0,0,37,200,0,200,0,200,200
414367,1,30,1,2,0,3,10,5,0,0,200,0,0,0,4,5,200,200,200,200,200
414368,0,30,1,2,0,3,10,1,0,0,0,18,0,0,51,0,3,0,0,200,200
414368,0,30,1,2,0,3,10,1,0,0,0,18,0,0,51,0,0,0,0,200,200
414372,0,35,0,0,0,3,10,5,0,0,0,18,0,1,41,0,0,0,0,200,200
414372,0,35,0,0,0,3,10,5,0,0,0,18,0,0,200,200,3,200,200,200,200
414377,0,30,0,0,0,0,12,5,0,0,0,18,200,1,48,200,4,200,0,200,200
414377,0,30,0,0,0,0,12,5,0,0,0,18,200,0,33,0,0,0,0,200,200
414385,0,30,0,0,0,3,7,5,0,0,0,0,200,1,57,7,10,0,0,200,200
414395,0,30,0,0,0,3,12,5,0,0,0,17,11,0,39,200,1,0,0,200,200
414395,0,30,0,0,0,3,12,5,0,0,0,17,11,0,75,200,0,0,0,200,200
414401,0,30,0,0,0,3,2,2,0,0,200,14,16,0,30,200,200,200,200,200,200
414401,1,30,0,0,0,3,2,2,0,0,200,14,16,1,28,200,200,200,200,200,200
414407,0,30,0,0,0,3,0,5,0,0,0,0,0,1,200,200,1,0,0,200,200
414407,0,30,0,0,0,3,0,5,0,0,0,0,0,1,79,0,0,0,0,200,200
414408,0,30,0,0,0,3,7,12,0,0,0,0,200,2,200,200,200,200,200,200,200
414411,0,20,0,0,0,0,7,4,0,0,0,0,16,0,25,200,200,200,200,200,200
414418,0,30,0,0,0,3,7,2,0,0,0,0,11,0,47,0,7,0,0,200,200
414422,0,30,1,2,2,1,10,2,0,1,0,18,200,2,200,200,200,200,200,200,200
414422,0,30,1,2,2,1,10,2,0,1,0,18,200,0,59,0,0,0,0,200,200
414431,0,20,0,0,0,3,0,6,0,0,0,10,200,0,200,200,9,200,200,200,200
414431,0,20,0,0,0,3,0,6,0,0,0,10,200,0,35,0,0,0,0,200,200
414441,0,30,0,0,0,3,12,3,0,0,0,21,11,2,200,200,200,200,200,200,200
414441,0,30,0,0,0,3,12,3,0,0,0,21,11,0,29,0,0,0,0,200,200
414445,0,40,3,5,0,3,10,3,0,0,4,11,28,0,22,0,12,0,0,200,200
414445,0,40,3,5,0,3,10,3,0,0,4,11,28,0,50,0,0,0,0,200,200
414446,0,30,0,0,2,0,7,5,0,1,0,200,200,2,200,200,200,200,200,200,200
414455,0,30,0,0,0,1,12,5,0,0,0,21,200,0,18,0,4,0,0,200,200
414455,0,30,0,0,0,1,12,5,0,0,0,21,200,0,51,200,4,0,0,200,200
414485,0,30,0,0,0,3,2,5,0,0,0,14,14,2,200,200,200,200,200,200,200
414485,1,30,0,0,0,3,2,5,0,0,0,14,14,0,51,200,200,200,200,200,200
414487,0,30,1,2,0,3,12,5,0,0,200,21,21,0,46,0,4,0,0,200,200
414487,0,30,1,2,0,3,12,5,0,0,200,21,21,0,0,200,12,0,0,200,200
414487,1,30,1,2,0,3,12,5,0,0,200,21,21,0,200,0,200,200,200,200,200
414490,0,20,0,0,0,3,7,6,0,0,0,21,200,0,18,200,2,0,0,200,200
414491,0,30,0,0,0,3,7,12,0,0,0,25,200,2,200,200,12,200,200,200,200
414506,0,30,1,2,0,1,10,3,0,0,0,18,200,1,34,200,3,200,200,200,200
414506,0,30,1,2,0,1,10,3,0,0,0,18,200,0,24,0,0,0,0,200,200
414512,0,25,0,0,0,3,7,6,0,0,0,0,200,2,200,200,200,200,200,200,200
414527,0,30,3,2,0,4,12,3,0,0,0,18,200,1,24,200,3,0,0,200,200
414527,0,30,3,2,0,4,12,3,0,0,0,18,200,0,31,200,0,0,0,200,200
414527,1,30,3,2,0,4,12,3,0,0,0,18,200,200,200,200,200,200,200,200,200
414537,0,30,0,0,0,3,7,6,0,0,0,0,200,0,68,200,200,200,2,200,200
414553,0,30,1,2,0,3,2,3,0,0,0,0,0,0,38,200,200,200,200,200,200
414558,0,30,1,2,0,3,10,2,0,0,0,30,16,0,45,0,15,0,0,200,1
414558,0,30,1,2,0,3,10,2,0,0,0,30,16,0,47,0,0,0,0,200,200
414558,1,30,1,2,0,3,10,2,0,0,0,30,16,0,17,0,200,200,200,200,200
414558,1,30,1,2,0,3,10,2,0,0,0,30,16,0,200,0,200,200,200,200,200
414579,0,30,1,2,0,3,0,1,0,0,0,17,200,0,54,0,1,200,200,200,200
414579,0,30,1,2,0,3,0,1,0,0,0,17,200,1,30,0,14,0,0,200,200
414579,1,30,1,2,0,3,0,1,0,0,0,17,200,0,200,0,200,200,200,200,200
414606,0,30,1,2,0,2,2,2,0,0,0,15,200,0,200,200,8,0,200,200,200
414614,0,20,0,0,0,200,7,6,0,0,0,0,0,2,200,200,200,200,200,200,200
414617,0,20,0,0,0,2,7,2,0,0,0,11,200,0,23,0,12,200,0,200,200
414621,0,25,1,2,0,1,10,3,0,0,0,18,200,0,54,0,0,0,0,200,200
414621,0,25,1,2,0,1,10,3,0,0,0,18,200,1,28,0,3,0,0,200,200
414622,0,25,0,0,0,1,14,5,0,0,0,21,200,0,66,0,7,0,0,200,200
414622,0,25,0,0,0,1,14,5,0,0,0,21,200,0,41,0,0,0,0,200,200
414624,0,30,0,2,0,1,7,6,0,0,0,27,0,0,28,0,12,0,2,200,200
414630,0,30,0,0,0,2,8,5,0,0,0,0,0,0,200,200,200,200,200,200,200
414630,4,30,0,0,0,2,8,5,0,0,0,0,0,0,67,7,0,0,0,200,200
414633,0,25,0,0,0,1,12,6,0,0,0,22,16,0,26,0,2,0,0,200,200
414633,0,25,0,0,0,1,12,6,0,0,0,22,16,0,29,0,0,0,0,200,200
414649,0,30,200,200,0,1,12,5,0,0,0,21,21,1,32,200,3,200,0,200,200
414649,0,30,200,200,0,1,12,5,0,0,0,21,21,0,0,7,0,200,0,200,200
414656,0,25,0,0,0,1,10,2,2,0,0,200,200,1,33,0,3,0,0,200,200
414656,0,25,0,0,0,1,10,2,2,0,0,200,200,0,58,0,0,0,0,200,200
414657,0,25,0,0,1,1,12,5,0,1,0,0,0,0,54,200,4,200,200,200,200
414657,0,25,0,0,1,1,12,5,0,1,0,0,0,0,27,0,0,0,0,200,200
414660,0,35,0,0,0,1,7,5,0,0,0,0,0,0,0,200,12,200,0,200,200
414661,0,0,0,0,0,1,2,5,0,0,0,0,0,0,27,200,12,200,200,200,200
414661,0,0,0,0,0,1,2,5,0,0,0,0,0,1,57,200,200,200,200,200,200
414667,0,20,200,200,0,1,7,6,0,0,200,0,200,0,31,0,12,200,0,200,200
414671,0,35,0,0,0,1,14,7,0,0,0,23,200,0,33,7,7,0,0,200,200
414671,0,35,0,0,0,1,14,7,0,0,0,23,200,0,25,7,0,0,0,200,200
414672,0,30,0,0,0,1,10,5,0,0,0,27,200,0,200,200,3,200,200,200,200
414672,0,30,0,0,0,1,10,5,0,0,0,27,200,1,30,0,0,0,0,200,200
414673,0,30,2,1,0,1,0,5,0,0,0,17,5,0,31,0,1,1,0,200,200
414673,0,30,2,1,0,1,0,5,0,0,0,17,5,1,59,0,0,0,0,200,200
414679,0,30,0,0,0,1,2,5,0,0,0,11,200,0,24,0,12,0,0,200,200
414680,0,25,0,0,0,1,2,5,0,0,0,11,200,0,65,200,12,0,0,200,200
414684,0,5,0,0,0,1,8,12,0,2,12,17,200,0,59,0,1,0,0,200,200
414684,4,5,0,0,0,1,8,12,0,2,12,17,200,1,35,200,0,0,0,200,200
414688,0,30,1,2,0,1,12,5,0,0,0,33,200,1,42,0,12,12,0,200,200
414688,0,30,1,2,0,1,12,5,0,0,0,33,200,0,61,0,0,0,0,200,200
414698,0,20,0,0,0,3,7,2,0,0,0,200,200,2,200,200,200,200,200,200,200
414704,0,30,2,3,0,1,0,5,0,0,0,17,0,1,200,200,1,200,200,200,200
414704,0,30,2,3,0,1,0,5,0,0,0,17,0,0,59,0,0,0,0,200,200
414704,1,30,2,3,0,1,0,5,0,0,0,17,0,0,200,200,200,200,200,200,200
414708,0,30,0,0,0,1,12,2,0,0,200,0,200,2,200,200,200,200,200,200,200
414708,0,30,0,0,0,1,12,2,0,0,200,0,200,0,32,200,12,0,0,200,200
414710,0,30,1,2,0,1,7,2,0,0,0,0,0,1,200,200,200,200,200,200,200
414711,0,35,0,0,0,1,10,5,0,0,0,18,200,0,24,0,3,0,0,200,200
414711,0,35,0,0,0,1,10,5,0,0,0,18,200,0,0,0,3,0,0,200,200
414711,0,35,0,0,0,1,10,5,0,0,0,18,200,0,72,0,0,0,0,200,200
414711,0,35,0,0,0,1,10,5,0,0,0,18,200,0,40,0,0,0,0,200,200
414711,0,35,0,0,0,1,10,5,0,0,0,18,200,0,47,7,0,0,0,200,200
414718,0,30,1,2,0,0,12,5,0,0,0,21,0,0,57,0,4,0,0,200,200
414718,0,30,1,2,0,0,12,5,0,0,0,21,0,1,54,0,0,0,0,200,200
414724,0,30,0,0,0,1,7,2,0,0,0,22,200,1,55,0,2,0,0,200,200
414724,1,30,0,0,0,1,7,2,0,0,0,22,200,1,19,0,200,200,200,200,200
414739,0,40,0,0,0,1,12,5,0,0,0,0,200,0,52,0,200,200,0,200,200
414739,0,40,0,0,0,1,12,5,0,0,0,0,200,1,19,0,0,0,0,200,200
414745,0,25,0,0,0,1,10,5,0,0,0,18,200,1,41,0,3,0,0,200,200
414745,0,25,0,0,0,1,10,5,0,0,0,18,200,0,25,0,0,0,0,200,200
414752,0,25,0,0,0,1,14,5,0,0,0,22,21,1,21,200,2,0,0,200,200
414752,0,25,0,0,0,1,14,5,0,0,0,22,21,1,41,200,0,200,0,200,200
414756,0,30,1,2,0,3,0,12,0,0,0,200,200,2,200,200,5,12,200,200,200
414756,0,30,1,2,0,3,0,12,0,0,0,200,200,0,33,0,0,0,0,200,200
414758,0,30,0,0,0,1,10,5,0,0,0,18,18,0,56,0,3,0,0,200,200
414758,0,30,0,0,0,1,10,5,0,0,0,18,18,1,77,0,0,0,0,200,200
414760,0,20,0,0,0,1,7,5,0,0,0,0,0,0,78,0,12,0,0,200,200
414760,1,20,0,0,0,1,7,5,0,0,0,0,0,2,200,200,200,200,200,200,200
414760,1,20,0,0,0,1,7,5,0,0,0,0,0,2,200,200,200,200,200,200,200
414760,1,20,0,0,0,1,7,5,0,0,0,0,0,1,27,200,200,200,200,200,200
414766,0,35,1,2,0,3,10,5,0,0,0,18,18,0,200,200,3,0,0,200,200
414766,0,35,1,2,0,3,10,5,0,0,0,18,18,0,24,0,0,0,0,200,200
414768,0,30,0,0,0,1,7,5,0,0,0,0,0,2,200,200,200,200,200,200,200
414769,0,30,0,0,0,1,14,12,0,0,0,23,17,1,0,200,7,0,0,200,200
414769,0,30,0,0,0,1,14,12,0,0,0,23,17,1,49,200,0,0,0,200,200
414775,0,20,0,0,0,1,7,5,0,0,0,0,0,2,200,200,200,200,200,200,200
414784,0,30,0,0,0,1,14,6,0,0,0,0,200,0,35,0,200,0,0,200,200
414784,0,30,0,0,0,1,14,6,0,0,0,0,200,0,26,0,0,0,0,200,200
414787,0,30,0,0,0,3,7,5,0,0,0,0,200,2,200,200,0,200,200,200,200
414791,0,30,2,2,0,1,14,4,0,0,0,17,200,0,55,0,1,0,200,200,200
414791,0,30,2,2,0,1,14,4,0,0,0,17,200,0,47,200,0,200,200,200,200
414797,0,30,0,0,0,1,0,5,0,0,2,0,0,1,200,200,1,200,200,200,200
414797,0,30,0,0,0,1,0,5,0,0,2,0,0,0,65,0,0,0,0,200,200
414797,1,30,0,0,0,1,0,5,0,0,2,0,0,0,57,0,200,200,200,200,200
414805,0,30,0,0,0,1,2,5,0,0,0,9,16,1,27,200,12,0,0,200,200
414810,0,10,0,0,200,1,2,7,0,200,0,0,0,0,200,200,200,200,200,200,200
414812,0,30,1,2,0,1,14,12,0,0,0,0,0,1,35,200,200,0,0,200,200
414812,0,30,1,2,0,1,14,12,0,0,0,0,0,0,29,0,200,0,0,200,200
414815,0,10,0,0,0,1,7,7,0,0,0,0,0,2,200,200,200,200,200,200,200
414818,0,35,1,200,0,1,10,5,0,0,0,18,200,0,34,200,1,200,0,200,200
414818,0,35,1,200,0,1,10,5,0,0,0,18,200,1,32,200,0,200,200,200,200
414821,0,30,1,2,0,1,10,2,0,0,0,18,0,0,55,0,0,0,0,200,200
414821,0,30,1,2,0,1,10,2,0,0,0,18,0,0,33,0,200,0,0,200,200
414821,0,30,1,2,0,1,10,2,0,0,0,18,0,1,41,0,0,0,0,200,200
414823,0,30,0,0,0,1,10,5,0,0,0,7,18,0,56,200,12,200,0,200,200
414823,0,30,0,0,0,1,10,5,0,0,0,7,18,0,30,200,0,200,200,200,200
414823,0,30,0,0,0,1,10,5,0,0,0,7,18,1,37,0,0,0,0,200,200
414824,0,35,0,0,0,1,14,5,0,200,200,17,200,0,66,200,200,200,200,200,200
414824,0,35,0,0,0,1,14,5,0,200,200,17,200,0,34,200,1,200,200,200,200
414839,0,30,1,2,1,1,10,5,0,0,0,18,200,0,200,0,3,200,0,200,200
414839,0,30,1,2,1,1,10,5,0,0,0,18,200,1,37,0,0,0,0,200,200
414846,0,30,0,0,0,1,10,5,0,0,0,18,200,0,0,0,3,200,0,200,200
414846,0,30,0,0,0,1,10,5,0,0,0,18,200,0,77,0,0,200,0,200,200
414846,1,30,0,0,0,1,10,5,0,0,0,18,200,200,200,0,200,200,200,200,200
414848,0,30,0,0,0,1,7,6,0,0,0,0,200,2,200,200,200,200,200,200,200
414860,0,30,0,0,0,1,7,5,0,0,200,11,200,1,43,0,12,200,0,200,200
414860,1,30,0,0,0,1,7,5,0,0,200,11,200,0,200,0,200,200,200,200,200
414862,0,30,0,0,0,1,7,6,0,0,0,23,200,0,35,200,7,200,0,200,200
414862,1,30,0,0,0,1,7,6,0,0,0,23,200,1,41,1,200,200,200,200,200
414862,1,30,0,0,0,1,7,6,0,0,0,23,200,1,200,1,200,200,200,200,200
414871,0,30,0,0,0,1,10,5,2,0,0,18,200,0,60,200,3,0,0,200,200
414871,0,30,0,0,0,1,10,5,2,0,0,18,200,1,45,200,0,0,0,200,200
414871,1,30,0,0,0,1,10,5,2,0,0,18,200,0,12,200,200,200,200,200,200
414871,1,30,0,0,0,1,10,5,2,0,0,18,200,0,200,200,200,200,200,200,200
414871,1,30,0,0,0,1,10,5,2,0,0,18,200,0,200,200,200,200,200,200,200
414877,0,30,0,0,1,1,12,5,0,0,0,21,0,0,20,200,12,0,200,200,200
414877,0,30,0,0,1,1,12,5,0,0,0,21,0,1,67,0,12,0,0,200,200
414883,0,30,0,0,0,1,7,5,0,0,0,0,200,0,47,200,200,200,200,200,200
414884,0,30,0,0,0,1,7,0,0,0,0,20,200,0,19,0,6,200,0,200,200
414891,0,30,2,0,0,1,10,5,0,0,0,20,200,1,63,0,6,0,0,200,200
414891,0,30,2,0,0,1,10,5,0,0,0,20,200,1,200,0,0,0,200,200,200
414899,0,30,0,0,2,1,12,5,0,1,0,21,0,0,21,200,4,0,0,200,200
414899,0,30,0,0,2,1,12,5,0,1,0,21,0,1,53,200,0,0,0,200,200
414899,1,30,0,0,2,1,12,5,0,1,0,21,0,0,200,200,200,200,200,200,200
414899,1,30,0,0,2,1,12,5,0,1,0,21,0,1,200,200,200,200,200,200,200
414906,0,30,1,2,0,1,10,3,0,0,0,18,18,1,200,0,1,0,0,200,200
414906,0,30,1,2,0,1,10,3,0,0,0,18,18,1,76,0,0,0,0,200,200
414911,0,30,0,0,0,1,12,2,0,0,0,200,200,1,32,200,12,0,0,200,200
414911,0,30,0,0,0,1,12,2,0,0,0,200,200,0,56,200,0,0,0,200,200
414912,0,30,0,0,0,1,2,3,0,0,0,29,11,0,43,0,12,0,0,200,200
414916,0,30,1,2,0,1,12,3,0,0,0,16,18,0,82,200,1,0,0,200,200
414916,0,30,1,2,0,1,12,3,0,0,0,16,18,1,19,200,12,0,0,200,200
414917,0,10,0,0,0,1,7,7,0,0,0,0,0,2,200,200,200,200,200,200,200
414922,0,30,0,0,0,1,7,6,0,0,0,17,200,0,22,200,2,0,0,200,200
414923,0,15,0,0,0,1,0,7,0,0,0,17,20,0,200,200,1,200,200,200,200
414923,0,15,0,0,0,1,0,7,0,0,0,17,20,1,37,0,0,0,0,200,200
414929,0,30,0,0,0,1,8,2,0,0,0,0,200,0,35,200,7,200,0,200,200
414929,4,30,0,0,0,1,8,2,0,0,0,0,200,0,200,3,0,200,0,200,200
414929,1,30,0,0,0,1,8,2,0,0,0,0,200,0,200,200,200,200,200,200,200
414932,0,20,0,0,0,1,7,6,0,0,0,0,0,0,42,0,200,0,0,200,200
414932,1,20,0,0,0,1,7,6,0,0,0,0,0,0,200,0,200,200,200,200,200
414951,0,30,1,2,0,1,12,5,0,0,0,21,200,0,80,0,4,0,0,200,200
414951,0,30,1,2,0,1,12,5,0,0,0,21,200,0,56,0,0,200,0,200,200
414958,0,20,0,0,0,1,7,3,0,0,0,8,200,0,65,0,12,0,0,200,200
414960,0,30,1,200,0,1,12,5,0,0,0,17,200,2,200,200,1,200,200,200,200
414960,0,30,1,200,0,1,12,5,0,0,0,17,200,1,47,0,0,0,0,200,200
414966,0,15,0,0,200,200,7,5,0,200,200,0,0,2,200,200,200,200,200,200,200
414967,0,25,0,0,0,1,12,6,0,0,0,17,200,1,52,0,1,2,0,200,200
414967,0,25,0,0,0,1,12,6,0,0,0,17,200,1,27,0,0,0,0,200,200
414967,1,25,0,0,0,1,12,6,0,0,0,17,200,0,29,0,200,200,200,200,200
414969,0,30,2,2,0,1,10,5,0,0,0,8,0,1,63,200,6,0,0,200,200
414969,0,30,2,2,0,1,10,5,0,0,0,8,0,1,71,0,12,0,0,200,200
414974,0,30,0,0,0,1,2,5,0,0,0,13,0,0,25,0,12,0,0,200,200
414975,0,30,0,0,0,1,0,1,0,0,0,17,200,0,200,200,1,200,200,200,200
414975,0,30,0,0,0,1,0,1,0,0,0,17,200,1,41,0,0,1,0,200,200
414975,1,30,0,0,0,1,0,1,0,0,0,17,200,1,9,0,200,200,200,200,200
414975,1,30,0,0,0,1,0,1,0,0,0,17,200,0,7,0,200,200,200,200,200
414975,1,30,0,0,0,1,0,1,0,0,0,17,200,0,4,5,200,200,200,200,200
414976,0,30,0,0,0,1,2,4,0,0,0,0,200,2,200,200,200,200,200,200,200
414983,0,30,200,200,0,1,14,6,0,0,0,17,200,1,31,200,1,200,0,200,200
414983,0,30,200,200,0,1,14,6,0,0,0,17,200,0,34,200,0,0,0,200,200
414990,0,30,1,2,0,1,14,6,0,0,0,23,200,1,41,0,7,0,0,200,200
414990,0,30,1,2,0,1,14,6,0,0,0,23,200,0,40,0,0,0,0,200,200
414996,0,30,0,0,0,1,7,6,0,0,0,0,200,0,54,200,6,12,2,200,200
414999,0,30,0,0,0,1,7,6,0,0,0,0,200,2,200,200,200,200,200,200,200
414999,1,30,0,0,0,1,7,6,0,0,0,0,200,1,34,0,200,200,200,200,200
415000,0,30,0,0,0,1,10,2,0,0,0,0,200,0,49,200,200,0,200,200,200
415000,0,30,0,0,0,1,10,2,0,0,0,0,200,1,68,0,200,0,200,200,200
415001,0,30,0,0,0,1,10,5,0,0,0,16,0,1,46,0,200,0,0,200,200
415001,0,30,0,0,0,1,10,5,0,0,0,16,0,1,66,0,200,0,0,200,200
415001,0,30,0,0,0,1,10,5,0,0,0,16,0,1,45,0,200,0,0,200,200
415001,1,30,0,0,0,1,10,5,0,0,0,16,0,1,8,0,200,200,200,200,200
415001,1,30,0,0,0,1,10,5,0,0,0,16,0,1,83,0,200,200,200,200,200
415003,0,30,1,2,0,1,14,6,0,200,200,22,22,1,40,200,2,200,200,200,200
415003,0,30,1,2,0,1,14,6,0,200,200,22,22,1,50,0,12,200,200,200,200
415004,0,30,0,0,0,1,7,7,0,0,0,20,0,1,200,200,6,200,200,200,200
415011,0,30,1,2,0,1,14,2,0,0,0,17,200,0,26,0,0,0,0,200,200
415011,0,30,1,2,0,1,14,2,0,0,0,17,200,0,72,0,1,0,0,200,200
415016,0,40,0,0,2,1,10,3,0,1,0,0,0,0,200,200,200,200,0,200,200
415016,0,40,0,0,2,1,10,3,0,1,0,0,0,0,31,0,0,0,0,200,200
415016,0,40,0,0,2,1,10,3,0,1,0,0,0,1,200,200,0,200,200,200,200
415016,1,40,0,0,2,1,10,3,0,1,0,0,0,1,200,200,200,200,200,200,200
415023,0,30,1,2,0,1,14,5,0,0,200,21,200,0,200,200,7,200,200,200,200
415023,0,30,1,2,0,1,14,5,0,0,200,21,200,0,53,200,0,200,200,200,200
415028,0,30,0,0,0,1,7,2,0,0,0,0,0,0,56,0,0,0,0,200,200
415028,1,30,0,0,0,1,7,2,0,0,0,0,0,1,32,200,200,200,200,200,200
415041,0,30,0,0,0,1,2,7,0,0,0,0,200,0,67,200,200,200,0,200,200
415044,0,30,0,0,0,1,12,3,0,0,0,17,200,1,50,200,1,0,0,200,200
415044,0,30,0,0,0,1,12,3,0,0,0,17,200,1,0,200,0,0,0,200,200
415051,0,30,0,0,0,1,10,5,0,0,0,18,16,0,21,0,3,200,0,200,200
415051,0,30,0,0,0,1,10,5,0,0,0,18,16,0,38,0,0,200,0,200,200
415052,0,30,0,0,0,1,12,5,0,0,0,200,200,0,64,0,4,12,0,200,200
415052,0,30,0,0,0,1,12,5,0,0,0,200,200,0,54,0,0,0,0,200,200
415056,0,30,1,2,0,1,12,5,0,0,0,11,200,0,200,200,2,200,200,200,200
415056,0,30,1,2,0,1,12,5,0,0,0,11,200,0,200,0,0,0,0,200,200
415059,0,30,0,0,0,200,7,5,0,0,0,0,200,2,200,200,200,200,200,200,200
415067,0,30,0,0,0,3,14,5,0,0,0,23,16,0,22,200,7,200,0,200,200
415067,0,30,0,0,0,3,14,5,0,0,0,23,16,1,32,0,0,0,0,200,200
415070,0,35,200,0,0,1,10,5,0,0,0,0,200,0,200,7,200,200,0,200,200
415070,0,35,200,0,0,1,10,5,0,0,0,0,200,1,200,0,200,200,0,200,200
415076,0,30,0,0,0,1,0,5,0,0,0,33,200,0,58,0,12,1,0,200,200
415076,0,30,0,0,0,1,0,5,0,0,0,33,200,1,18,0,0,0,0,200,200
415077,0,30,1,2,0,1,12,3,0,0,0,21,200,2,200,200,12,200,200,200,200
415077,0,30,1,2,0,1,12,3,0,0,0,21,200,1,21,0,0,0,0,200,200
415077,1,30,1,2,0,1,12,3,0,0,0,21,200,1,40,0,200,200,200,200,200
415079,0,30,0,0,0,1,10,5,0,0,0,18,200,0,64,0,3,0,0,200,200
415079,0,30,0,0,0,1,10,5,0,0,0,18,200,1,200,200,0,200,0,200,200
415081,0,30,1,200,2,1,10,5,0,200,0,18,200,1,21,200,3,200,200,200,200
415081,0,30,1,200,2,1,10,5,0,200,0,18,200,0,26,200,0,0,200,200,200
415081,1,30,1,200,2,1,10,5,0,200,0,18,200,1,29,200,200,200,200,200,200
415081,1,30,1,200,2,1,10,5,0,200,0,18,200,0,200,200,200,200,200,200,200
415086,0,35,2,2,0,0,2,12,0,0,1,28,200,0,43,0,0,0,0,200,200
415096,0,30,2,2,0,1,10,5,0,0,0,18,200,0,22,0,3,0,0,200,200
415096,0,30,2,2,0,1,10,5,0,0,0,18,200,1,21,0,12,0,0,200,200
415120,0,30,2,2,0,1,10,5,3,0,0,0,0,0,18,0,200,0,0,200,200
415120,0,30,2,2,0,1,10,5,3,0,0,0,0,0,71,0,0,0,0,200,200
415122,0,30,1,2,0,1,10,5,0,0,0,0,0,0,200,200,200,200,200,200,200
415122,0,30,1,2,0,1,10,5,0,0,0,0,0,0,48,0,0,0,0,200,200
415122,1,30,1,2,0,1,10,5,0,0,0,0,0,0,55,0,200,200,200,200,200
415123,0,30,0,0,0,1,12,2,0,0,0,22,22,0,22,0,2,200,0,200,200
415123,0,30,0,0,0,1,12,2,0,0,0,22,22,1,32,0,2,200,0,200,200
415126,0,30,0,0,0,1,9,5,0,0,0,4,200,0,52,200,1,0,0,200,200
415126,5,30,0,0,0,1,9,5,0,0,0,4,200,1,34,200,200,200,7,200,200
415127,0,30,0,0,0,1,2,5,0,0,3,28,200,1,31,0,0,0,0,200,200
415130,0,30,2,2,0,1,10,3,0,0,0,16,16,1,21,0,3,0,0,200,200
415130,0,30,2,2,0,1,10,3,0,0,0,16,16,1,52,0,0,0,0,200,200
415131,0,30,0,0,0,1,7,6,0,0,0,0,200,2,200,200,12,200,200,200,200
415132,0,30,0,0,0,1,9,2,0,0,0,17,200,1,57,0,1,0,0,200,200
415132,5,30,0,0,0,1,9,2,0,0,0,17,200,1,51,7,0,0,0,200,200
415143,0,35,0,0,0,1,10,5,0,0,0,18,16,1,16,200,3,0,0,200,200
415143,0,35,0,0,0,1,10,5,0,0,0,18,16,1,17,200,0,0,0,200,200
415143,0,35,0,0,0,1,10,5,0,0,0,18,16,1,16,200,0,0,0,200,200
415143,1,35,0,0,0,1,10,5,0,0,0,18,16,1,15,200,200,200,200,200,200
415143,1,35,0,0,0,1,10,5,0,0,0,18,16,1,16,200,200,200,200,200,200
415146,0,30,0,0,0,1,7,5,0,0,0,0,0,1,200,200,1,200,200,200,200
415147,0,30,1,2,0,1,10,5,0,0,0,18,16,0,40,200,3,200,200,200,200
415147,0,30,1,2,0,1,10,5,0,0,0,18,16,1,63,0,0,4,0,200,200
415148,0,30,1,2,0,1,12,5,0,0,0,0,0,1,200,200,200,200,200,200,200
415148,0,30,1,2,0,1,12,5,0,0,0,0,0,1,24,0,0,0,0,200,200
415148,3,30,1,2,0,1,12,5,0,0,0,0,0,0,60,7,0,0,0,200,200
415149,0,30,0,0,0,1,7,6,0,0,200,0,200,2,200,200,200,200,200,200,200
415158,0,30,0,0,0,1,4,5,0,0,0,0,200,0,50,0,200,0,0,200,200
415161,0,30,0,0,0,3,10,2,0,0,0,200,200,0,200,200,12,200,200,200,200