RD_NO,PERSON_TYPE,POSTED_SPEED_LIMIT,TRAFFIC_CONTROL_DEVICE,DEVICE_CONDITION,WEATHER_CONDITION,LIGHTING_CONDITION,FIRST_CRASH_TYPE,TRAFFICWAY_TYPE,ALIGNMENT,ROADWAY_SURFACE_COND,ROAD_DEFECT,PRIM_CONTRIBUTORY_CAUSE,SEC_CONTRIBUTORY_CAUSE,SEX,AGE,SAFETY_EQUIPMENT,DRIVER_ACTION,DRIVER_VISION,PHYSICAL_CONDITION,BAC_RESULT VALUE,CELL_PHONE_USE
415161,0,30,0,0,0,3,10,2,0,0,0,200,200,1,29,0,0,12,0,200,200
415164,0,30,0,0,0,1,12,2,0,0,0,200,200,1,200,0,12,0,0,200,200
415164,0,30,0,0,0,1,12,2,0,0,0,200,200,1,200,0,0,0,0,200,200
415168,0,30,0,0,0,1,10,5,0,0,0,18,18,0,26,200,3,200,0,200,200
415168,0,30,0,0,0,1,10,5,0,0,0,18,18,1,40,200,0,200,0,200,200
415170,0,30,0,0,0,1,2,3,0,0,0,0,0,0,59,0,200,200,0,200,200
415171,0,5,0,0,0,1,7,7,0,0,0,11,200,1,36,0,12,0,0,200,200
415176,0,35,1,2,0,1,14,5,0,0,0,14,0,0,18,200,8,0,200,200,200
415176,0,35,1,2,0,1,14,5,0,0,0,14,0,1,25,200,1,0,0,200,200
415176,0,35,1,2,0,1,14,5,0,0,0,14,0,0,38,200,0,0,0,200,200
415176,1,35,1,2,0,1,14,5,0,0,0,14,0,1,200,200,200,200,200,200,200
415176,1,35,1,2,0,1,14,5,0,0,0,14,0,2,200,200,200,200,200,200,200
415176,1,35,1,2,0,1,14,5,0,0,0,14,0,2,200,200,200,200,200,200,200
415183,0,30,1,2,0,3,12,3,0,0,0,17,200,0,31,0,1,12,0,200,200
415183,0,30,1,2,0,3,12,3,0,0,0,17,200,1,44,0,0,0,0,200,200
415183,1,30,1,2,0,3,12,3,0,0,0,17,200,1,15,0,200,200,200,200,200
415184,0,30,0,0,0,1,12,5,0,0,0,16,22,0,200,200,2,200,200,200,200
415184,0,30,0,0,0,1,12,5,0,0,0,16,22,1,72,0,0,0,0,200,200
415184,1,30,0,0,0,1,12,5,0,0,0,16,22,0,200,0,200,200,200,200,200
415186,0,30,1,2,0,1,0,5,0,0,0,17,0,0,200,200,1,200,200,200,200
415186,0,30,1,2,0,1,0,5,0,0,0,17,0,0,73,0,0,0,0,200,200
415186,1,30,1,2,0,1,0,5,0,0,0,17,0,1,57,0,200,200,200,200,200
415193,0,30,1,2,0,1,12,6,0,0,0,17,0,1,29,200,1,0,0,200,200
415193,0,30,1,2,0,1,12,6,0,0,0,17,0,0,24,200,0,0,0,200,200
415195,0,30,0,0,0,1,10,5,0,0,0,0,200,0,200,200,200,200,200,200,200
415195,0,30,0,0,0,1,10,5,0,0,0,0,200,1,43,0,0,0,0,200,200
415199,0,10,0,0,0,1,7,7,0,0,0,0,200,2,200,200,200,200,200,200,200
415201,0,30,1,2,0,1,0,3,0,0,0,6,200,0,200,200,200,200,200,200,200
415201,0,30,1,2,0,1,0,3,0,0,0,6,200,0,31,200,0,0,0,200,200
415206,0,0,0,0,0,1,10,5,0,0,0,11,0,1,25,200,2,200,0,200,200
415206,0,0,0,0,0,1,10,5,0,0,0,11,0,0,50,0,0,0,0,200,200
415206,1,0,0,0,0,1,10,5,0,0,0,11,0,1,200,200,200,200,200,200,200
415210,0,30,1,2,0,1,10,3,0,0,0,200,200,2,200,200,200,200,200,200,200
415210,0,30,1,2,0,1,10,3,0,0,0,200,200,0,200,0,0,0,0,200,200
415214,0,0,0,0,0,1,7,7,0,0,0,0,0,0,200,200,200,200,200,200,200
415222,0,30,2,2,0,1,14,12,0,0,0,0,0,1,55,0,1,0,0,200,200
415222,0,30,2,2,0,1,14,12,0,0,0,0,0,1,33,2,12,0,0,200,200
415223,0,30,0,0,0,1,10,5,1,0,0,18,11,0,200,200,200,200,200,200,200
415223,0,30,0,0,0,1,10,5,1,0,0,18,11,1,51,0,200,200,0,200,200
415223,0,30,0,0,0,1,10,5,1,0,0,18,11,1,200,0,200,200,0,200,200
415223,1,30,0,0,0,1,10,5,1,0,0,18,11,0,24,200,200,200,200,200,200
415224,0,30,2,2,0,1,10,6,0,0,0,20,200,0,57,200,6,200,200,200,200
415224,0,30,2,2,0,1,10,6,0,0,0,20,200,0,37,200,0,200,200,200,200
415229,0,30,1,2,0,1,10,5,0,0,200,17,200,1,20,0,1,200,0,200,200
415229,0,30,1,2,0,1,10,5,0,0,200,17,200,0,55,0,0,200,0,200,200
415235,0,5,200,200,0,1,7,7,2,0,200,0,200,1,47,200,200,200,200,200,200
415239,0,30,0,0,0,1,10,5,0,0,0,18,16,0,41,200,3,200,0,200,200
415239,0,30,0,0,0,1,10,5,0,0,0,18,16,0,31,0,0,0,0,200,200
415240,0,35,200,200,0,1,10,5,0,0,200,0,200,1,200,7,200,200,0,200,200
415240,0,35,200,200,0,1,10,5,0,0,200,0,200,0,200,0,200,200,0,200,200
415245,0,30,1,2,0,1,10,5,0,0,0,18,200,0,21,200,3,0,0,200,200
415245,0,30,1,2,0,1,10,5,0,0,0,18,200,0,28,200,0,0,0,200,200
415245,1,30,1,2,0,1,10,5,0,0,0,18,200,1,21,200,200,200,200,200,200
415245,1,30,1,2,0,1,10,5,0,0,0,18,200,0,4,5,200,200,200,200,200
415252,0,30,0,0,0,1,12,5,0,0,0,0,0,1,37,0,1,0,0,200,200
415252,0,30,0,0,0,1,12,5,0,0,0,0,0,0,34,0,0,0,0,200,200
415253,0,30,1,2,0,1,12,5,0,0,0,22,11,0,17,200,4,200,200,200,200
415253,0,30,1,2,0,1,12,5,0,0,0,22,11,1,28,200,0,200,0,200,200
415255,0,30,1,2,0,1,10,12,0,0,0,16,18,0,55,200,3,200,0,200,200
415255,0,30,1,2,0,1,10,12,0,0,0,16,18,1,29,200,0,200,0,200,200
415257,0,30,1,3,0,1,0,5,0,0,200,0,0,0,200,200,1,200,200,200,200
415257,0,30,1,3,0,1,0,5,0,0,200,0,0,1,21,0,0,0,0,200,200
415265,0,10,0,0,0,1,11,8,3,0,0,22,200,1,200,200,2,200,200,200,200
415265,0,10,0,0,0,1,11,8,3,0,0,22,200,1,41,0,0,0,0,200,200
415267,0,30,200,200,200,200,11,200,0,200,200,0,200,0,64,0,200,200,200,200,200
415267,0,30,200,200,200,200,11,200,0,200,200,0,200,0,73,0,200,200,200,200,200
415268,0,30,0,0,0,1,7,5,0,0,0,0,0,2,200,200,200,200,200,200,200
415269,0,35,0,0,0,1,12,2,0,0,0,0,0,0,200,200,200,200,200,200,200
415269,0,35,0,0,0,1,12,2,0,0,0,0,0,1,65,0,0,0,0,200,200
415269,1,35,0,0,0,1,12,2,0,0,0,0,0,1,41,0,200,200,200,200,200
415270,0,30,2,2,0,1,0,5,0,0,0,17,5,0,39,0,1,0,0,200,200
415270,0,30,2,2,0,1,0,5,0,0,0,17,5,1,69,0,0,0,7,200,200
415270,1,30,2,2,0,1,0,5,0,0,0,17,5,0,30,0,200,200,200,200,200
415271,0,30,0,0,0,1,12,3,0,0,0,22,200,0,200,200,2,200,200,200,200
415271,0,30,0,0,0,1,12,3,0,0,0,22,200,0,68,0,0,0,0,200,200
415272,0,35,0,0,0,1,10,5,0,0,0,13,22,1,35,0,12,0,0,200,200
415272,0,35,0,0,0,1,10,5,0,0,0,13,22,1,71,200,0,0,0,200,200
415273,0,35,1,2,0,1,12,2,0,0,0,22,200,1,200,200,4,200,200,200,200
415273,0,35,1,2,0,1,12,2,0,0,0,22,200,1,68,200,0,0,0,200,200
415276,0,5,0,0,0,1,7,7,0,0,0,0,200,0,200,200,6,200,200,200,200
415276,1,5,0,0,0,1,7,7,0,0,0,0,200,1,200,200,200,200,200,200,200
415277,0,30,0,0,0,0,7,5,0,200,200,0,0,2,200,200,200,200,200,200,200
415279,0,30,2,12,0,1,0,5,0,0,0,5,200,0,28,0,5,0,0,200,200
415279,0,30,2,12,0,1,0,5,0,0,0,5,200,1,40,0,0,0,0,200,200
415282,0,30,2,2,0,1,0,5,0,0,200,17,0,0,200,200,1,200,200,200,200
415282,0,30,2,2,0,1,0,5,0,0,200,17,0,1,68,0,0,200,200,200,200
415291,0,30,0,0,0,1,14,5,0,0,0,17,200,0,18,0,1,0,0,200,200
415291,0,30,0,0,0,1,14,5,0,0,0,17,200,0,25,0,0,0,0,200,200
415291,0,30,0,0,0,1,14,5,0,0,0,17,200,0,41,0,0,0,0,200,200
415291,1,30,0,0,0,1,14,5,0,0,0,17,200,1,22,0,200,200,200,200,200
415291,1,30,0,0,0,1,14,5,0,0,0,17,200,1,1,5,200,200,200,200,200
415297,0,30,2,0,0,1,14,5,0,0,0,17,5,0,29,0,1,0,0,200,200
415297,0,30,2,0,0,1,14,5,0,0,0,17,5,1,29,0,0,0,0,200,200
415297,1,30,2,0,0,1,14,5,0,0,0,17,5,1,6,0,200,200,200,200,200
415297,1,30,2,0,0,1,14,5,0,0,0,17,5,1,1,0,200,200,200,200,200
415297,1,30,2,0,0,1,14,5,0,0,0,17,5,0,4,0,200,200,200,200,200
415299,0,30,0,0,0,1,10,5,0,0,0,27,18,0,49,0,3,0,2,200,200
415299,0,30,0,0,0,1,10,5,0,0,0,27,18,0,67,0,0,0,0,200,200
415299,0,30,0,0,0,1,10,5,0,0,0,27,18,1,42,0,0,0,0,200,200
415301,0,30,0,0,0,1,7,6,0,0,0,11,20,1,67,0,6,0,0,200,200
415301,1,30,0,0,0,1,7,6,0,0,0,11,20,1,33,200,200,200,200,200,200
415302,0,30,0,0,0,1,7,5,0,0,0,22,16,1,32,200,2,200,0,200,200
415306,0,40,0,0,0,1,10,3,0,0,0,18,200,0,200,200,3,200,200,200,200
415306,0,40,0,0,0,1,10,3,0,0,0,18,200,0,55,0,0,0,0,200,200
415306,0,40,0,0,0,1,10,3,0,0,0,18,200,0,43,200,200,200,200,200,200
415308,0,30,0,0,0,1,14,5,0,0,0,8,200,0,52,0,12,6,0,200,200
415308,0,30,0,0,0,1,14,5,0,0,0,8,200,0,39,0,0,0,0,200,200
415310,0,30,2,2,0,1,0,5,0,0,0,5,0,1,22,0,1,0,0,200,200
415310,0,30,2,2,0,1,0,5,0,0,0,5,0,0,60,0,0,0,0,200,200
415311,0,30,2,2,0,1,14,5,0,0,0,17,16,0,200,200,1,0,0,200,200
415311,0,30,2,2,0,1,14,5,0,0,0,17,16,0,200,0,0,0,0,200,200
415315,0,30,0,3,0,1,7,3,0,0,0,0,200,0,200,200,200,200,200,200,200
415316,0,30,1,2,0,1,12,5,0,0,0,21,200,1,200,200,12,0,0,200,200
415316,0,30,1,2,0,1,12,5,0,0,0,21,200,0,200,0,0,0,0,200,200
415320,0,30,0,0,0,1,14,5,0,0,0,17,11,0,40,0,1,0,0,200,200
415320,0,30,0,0,0,1,14,5,0,0,0,17,11,1,75,0,4,0,0,200,200
415321,0,15,1,2,0,1,10,5,0,0,0,18,16,1,200,200,3,200,0,200,200
415321,0,15,1,2,0,1,10,5,0,0,0,18,16,1,41,0,0,0,0,200,200
415327,0,20,0,0,0,1,3,0,0,0,200,25,16,0,17,200,13,200,0,200,200
415327,0,20,0,0,0,1,3,0,0,0,200,25,16,0,40,0,14,0,0,200,200
415332,0,30,0,0,200,200,7,5,0,200,200,17,200,2,200,200,1,200,200,200,200
415333,0,30,0,0,0,1,10,5,0,0,0,0,0,1,59,0,7,0,0,200,200
415333,0,30,0,0,0,1,10,5,0,0,0,0,0,0,57,0,0,0,0,200,200
415334,0,30,200,200,200,200,0,200,0,200,200,0,200,1,59,0,200,200,200,200,200
415334,0,30,200,200,200,200,0,200,0,200,200,0,200,0,36,0,200,200,200,200,200
415334,1,30,200,200,200,200,0,200,0,200,200,0,200,1,200,0,200,200,200,200,200
415335,0,30,0,0,0,1,10,5,0,0,0,16,16,0,48,0,3,0,0,200,200
415335,0,30,0,0,0,1,10,5,0,0,0,16,16,1,23,7,0,0,0,200,200
415338,0,30,1,2,0,1,14,5,0,0,0,0,200,1,48,200,200,200,0,200,200
415338,0,30,1,2,0,1,14,5,0,0,0,0,200,0,37,200,200,200,0,200,200
415338,1,30,1,2,0,1,14,5,0,0,0,0,200,0,76,200,200,200,200,200,200
415350,0,30,0,0,0,1,10,6,0,0,0,18,200,0,23,200,3,200,200,200,200
415350,0,30,0,0,0,1,10,6,0,0,0,18,200,0,55,0,0,0,0,200,200
415353,0,30,0,0,0,1,10,5,0,0,0,18,200,0,42,200,0,0,0,200,200
415353,0,30,0,0,0,1,10,5,0,0,0,18,200,0,53,0,0,0,0,200,200
415354,0,35,1,2,0,1,12,5,0,0,0,22,200,0,21,200,4,0,0,200,200
415354,0,35,1,2,0,1,12,5,0,0,0,22,200,0,26,200,0,0,0,200,200
415354,1,35,1,2,0,1,12,5,0,0,0,22,200,1,25,200,200,200,200,200,200
415362,0,30,1,2,0,1,10,2,0,0,0,18,0,0,62,0,3,0,0,200,200
415362,0,30,1,2,0,1,10,2,0,0,0,18,0,1,83,0,0,0,0,200,200
415362,1,30,1,2,0,1,10,2,0,0,0,18,0,1,54,0,200,200,200,200,200
415365,0,30,1,2,0,1,12,5,0,0,0,0,0,0,55,0,0,0,0,200,200
415365,0,30,1,2,0,1,12,5,0,0,0,0,0,0,22,0,0,0,0,200,200
415368,0,30,2,2,0,1,12,5,0,0,0,22,200,1,0,200,2,0,0,200,200
415368,0,30,2,2,0,1,12,5,0,0,0,22,200,0,38,200,200,0,0,200,200
415369,0,30,0,0,0,1,12,5,2,0,0,0,0,1,24,0,1,200,0,200,200
415369,0,30,0,0,0,1,12,5,2,0,0,0,0,1,30,0,0,0,0,200,200
415377,0,30,0,0,0,1,8,5,0,0,0,21,17,0,72,200,1,0,0,200,200
415377,4,30,0,0,0,1,8,5,0,0,0,21,17,0,34,3,0,0,0,200,200
415381,0,15,0,0,0,1,2,1,0,0,0,15,200,2,200,200,200,200,200,200,200
415383,0,30,0,0,0,1,7,6,0,0,200,0,200,2,200,200,200,200,200,200,200
415386,0,30,0,0,0,1,0,7,0,0,0,17,20,1,200,200,7,200,200,200,200
415386,0,30,0,0,0,1,0,7,0,0,0,17,20,1,58,200,1,0,0,200,200
415389,0,30,0,0,0,1,7,5,0,0,0,21,200,2,200,200,200,200,200,200,200
415397,0,30,0,0,0,1,12,5,0,0,0,0,0,0,46,0,0,0,0,200,200
415397,0,30,0,0,0,1,12,5,0,0,0,0,0,0,45,0,0,0,0,200,200
415399,0,30,0,0,0,1,7,2,0,0,0,0,0,2,200,200,200,200,200,200,200
415404,0,30,1,2,0,1,10,2,0,0,0,0,200,1,46,200,0,0,200,200,200
415404,0,30,1,2,0,1,10,2,0,0,0,0,200,1,51,0,0,0,0,200,200
415406,0,30,0,0,0,1,2,6,0,0,0,0,200,2,200,200,200,200,200,200,200
415408,0,30,1,2,0,1,10,5,0,0,0,18,7,1,200,200,0,200,200,200,200
415408,0,30,1,2,0,1,10,5,0,0,0,18,7,0,27,0,3,0,0,200,200
415408,1,30,1,2,0,1,10,5,0,0,0,18,7,1,25,0,200,200,200,200,200
415418,0,30,1,2,0,1,14,5,0,0,0,6,16,1,29,200,5,200,1,200,200
415418,0,30,1,2,0,1,14,5,0,0,0,6,16,0,44,200,0,200,0,200,200
415418,1,30,1,2,0,1,14,5,0,0,0,6,16,1,29,200,200,200,200,200,200
415424,0,30,0,0,0,1,0,7,0,0,0,22,200,1,200,200,1,200,200,200,200
415424,0,30,0,0,0,1,0,7,0,0,0,22,200,1,42,0,6,0,0,200,200
415424,1,30,0,0,0,1,0,7,0,0,0,22,200,0,200,0,200,200,200,200,200
415424,1,30,0,0,0,1,0,7,0,0,0,22,200,0,200,0,200,200,200,200,200
415432,0,30,0,12,0,1,10,5,0,0,0,18,18,1,32,200,3,200,0,200,200
415432,0,30,0,12,0,1,10,5,0,0,0,18,18,0,44,200,0,200,0,200,200
415434,0,40,0,0,0,1,10,3,0,0,0,18,16,0,60,200,3,200,200,200,200
415434,0,40,0,0,0,1,10,3,0,0,0,18,16,1,54,0,0,0,0,200,200
415435,0,25,2,2,0,1,9,5,0,0,0,0,0,0,47,0,1,200,0,200,200
415435,5,25,2,2,0,1,9,5,0,0,0,0,0,0,27,7,200,200,0,200,200
415436,0,30,1,2,0,1,14,5,0,0,200,22,21,0,44,200,0,200,200,200,200
415436,0,30,1,2,0,1,14,5,0,0,200,22,21,0,34,200,0,200,200,200,200
415443,0,30,2,2,0,1,10,2,0,0,200,18,0,0,200,200,3,200,200,200,200
415443,0,30,2,2,0,1,10,2,0,0,200,18,0,1,47,200,0,200,0,200,200
415444,0,30,0,0,200,200,7,6,0,200,200,0,200,2,200,200,200,200,200,200,200
415445,0,30,1,2,0,1,10,5,0,0,0,16,18,0,30,200,3,0,0,200,200
415445,0,30,1,2,0,1,10,5,0,0,0,16,18,1,29,0,0,0,0,200,200
415445,1,30,1,2,0,1,10,5,0,0,0,16,18,0,44,200,200,200,200,200,200
415446,0,30,2,2,0,1,14,5,0,0,0,21,200,1,50,0,12,0,0,200,200
415446,0,30,2,2,0,1,14,5,0,0,0,21,200,1,54,0,12,0,0,200,200
415446,1,30,2,2,0,1,14,5,0,0,0,21,200,1,29,1,200,200,200,200,200
415449,0,30,2,200,0,1,0,5,0,0,200,17,0,1,29,200,1,200,0,200,200
415449,0,30,2,200,0,1,0,5,0,0,200,17,0,0,59,200,0,200,0,200,200
415449,0,30,2,200,0,1,0,5,0,0,200,17,0,0,40,200,0,200,0,200,200
415450,0,30,0,0,0,1,10,6,0,0,0,0,200,0,74,200,3,200,200,200,200
415450,0,30,0,0,0,1,10,6,0,0,0,0,200,0,60,0,0,0,0,200,200
415450,1,30,0,0,0,1,10,6,0,0,0,0,200,0,200,200,200,200,200,200,200
415450,1,30,0,0,0,1,10,6,0,0,0,0,200,0,200,200,200,200,200,200,200
415451,0,30,0,0,0,1,14,5,0,0,200,17,200,1,32,0,1,200,0,200,200
415451,0,30,0,0,0,1,14,5,0,0,200,17,200,0,55,0,0,200,0,200,200
415455,0,30,0,0,0,1,11,5,0,0,0,11,0,0,200,200,12,200,200,200,200
415455,0,30,0,0,0,1,11,5,0,0,0,11,0,1,58,0,12,0,0,200,200
415460,0,30,0,0,0,1,14,2,0,0,0,11,17,0,88,0,1,0,12,200,200
415460,0,30,0,0,0,1,14,2,0,0,0,11,17,0,49,0,0,0,0,200,200
415460,1,30,0,0,0,1,14,2,0,0,0,11,17,0,5,5,200,200,200,200,200
415471,0,30,200,200,200,200,10,200,0,200,200,0,200,1,28,0,200,200,200,200,200
415471,0,30,200,200,200,200,10,200,0,200,200,0,200,0,64,200,200,200,200,200,200
415471,0,30,200,200,200,200,10,200,0,200,200,0,200,0,26,200,200,200,200,200,200
415471,1,30,200,200,200,200,10,200,0,200,200,0,200,1,34,0,200,200,200,200,200
415474,0,30,1,2,0,1,8,5,0,1,0,0,0,0,200,200,200,200,200,200,200
415474,4,30,1,2,0,1,8,5,0,1,0,0,0,0,41,3,0,0,0,200,200
415475,0,30,1,2,0,1,10,5,0,0,0,0,200,0,200,200,200,200,200,200,200
415475,0,30,1,2,0,1,10,5,0,0,0,0,200,1,39,0,0,0,0,200,200
415479,0,30,0,0,0,1,12,2,0,0,0,18,22,0,200,0,3,0,0,200,200
415479,0,30,0,0,0,1,12,2,0,0,0,18,22,1,30,0,0,0,0,200,200
415481,0,30,1,2,0,1,8,2,0,0,0,25,200,0,200,200,1,200,200,200,200
415481,4,30,1,2,0,1,8,2,0,0,0,25,200,1,55,7,0,0,200,200,200
415483,0,30,1,2,0,1,14,5,0,0,0,0,0,1,33,0,7,0,0,200,200
415483,0,30,1,2,0,1,14,5,0,0,0,0,0,0,23,0,0,0,0,200,200
415485,0,30,0,0,0,1,10,5,0,0,0,18,200,0,30,0,3,0,0,200,200
415485,0,30,0,0,0,1,10,5,0,0,0,18,200,1,36,0,0,0,0,200,200
415486,0,0,0,0,0,1,0,7,0,0,0,0,0,1,23,200,200,200,0,200,200
415486,0,0,0,0,0,1,0,7,0,0,0,0,0,0,52,200,0,200,0,200,200
415486,1,0,0,0,0,1,0,7,0,0,0,0,0,1,18,200,200,200,200,200,200
415487,0,30,1,2,0,1,10,5,0,0,0,18,16,0,23,200,3,200,0,200,200
415487,0,30,1,2,0,1,10,5,0,0,0,18,16,0,42,0,0,0,0,200,200
415491,0,30,0,0,0,1,2,0,0,0,0,25,200,0,17,200,13,0,0,200,200
415492,0,30,0,0,0,1,7,5,0,0,0,0,200,2,200,200,200,200,200,200,200
415493,0,30,0,200,0,1,14,2,0,0,200,17,0,0,40,7,1,0,0,200,200
415493,0,30,0,200,0,1,14,2,0,0,200,17,0,0,32,3,0,0,0,200,200
415493,1,30,0,200,0,1,14,2,0,0,200,17,0,1,28,0,200,200,200,200,200
415493,1,30,0,200,0,1,14,2,0,0,200,17,0,200,200,0,200,200,200,200,200
415494,0,30,200,200,0,1,10,5,0,0,200,0,0,1,22,0,200,200,200,200,200
415494,0,30,200,200,0,1,10,5,0,0,200,0,0,1,26,7,0,200,200,200,200
415494,0,30,200,200,0,1,10,5,0,0,200,0,0,1,32,0,0,200,200,200,200
415502,0,30,0,0,0,1,14,2,0,0,0,17,21,1,38,0,1,1,0,200,200
415502,0,30,0,0,0,1,14,2,0,0,0,17,21,0,60,0,4,200,0,200,200
415506,0,30,0,0,0,1,7,2,0,0,0,0,200,0,40,200,200,0,200,200,200
415507,0,30,1,2,0,1,10,5,1,0,0,18,0,1,68,0,3,0,0,200,200
415507,0,30,1,2,0,1,10,5,1,0,0,18,0,0,53,0,0,0,0,200,200
415507,0,30,1,2,0,1,10,5,1,0,0,18,0,1,64,0,0,0,0,200,200
415507,1,30,1,2,0,1,10,5,1,0,0,18,0,1,64,0,200,200,200,200,200
415513,4,30,2,0,0,1,8,2,0,0,200,5,0,0,43,200,5,200,0,200,200
415513,0,30,2,0,0,1,8,2,0,0,200,5,0,0,48,200,0,200,0,200,200
415516,0,30,0,0,0,1,12,5,0,0,0,17,200,0,200,200,1,200,200,200,200
415516,0,30,0,0,0,1,12,5,0,0,0,17,200,0,52,0,0,0,0,200,200
415517,0,30,1,2,0,1,10,6,0,0,0,0,200,0,32,200,200,0,0,200,200
415517,0,30,1,2,0,1,10,6,0,0,0,0,200,0,42,200,0,0,0,200,200
415519,0,30,0,0,0,1,7,5,0,0,0,0,200,2,200,200,200,200,200,200,200
415522,0,30,0,200,0,1,0,7,0,0,200,16,0,0,200,200,1,200,0,200,200
415522,0,30,0,200,0,1,0,7,0,0,200,16,0,0,47,200,0,200,0,200,200
415524,0,10,0,0,0,1,7,7,0,0,0,20,200,0,34,200,6,0,0,200,200
415528,0,30,200,200,200,200,2,3,0,200,200,200,200,0,200,200,200,200,200,200,200
415529,0,30,0,0,0,1,7,6,0,0,0,22,200,0,24,0,2,0,0,200,200
415532,0,30,0,0,0,1,7,5,0,0,0,0,0,2,200,200,200,200,200,200,200
415538,0,30,0,0,0,1,10,2,0,0,0,0,0,0,39,200,200,200,200,200,200
415538,0,30,0,0,0,1,10,2,0,0,0,0,0,1,33,0,0,0,0,200,200
415540,0,30,1,2,0,1,10,5,0,0,0,18,200,0,49,0,3,0,0,200,200
415540,0,30,1,2,0,1,10,5,0,0,0,18,200,0,62,0,0,0,0,200,200
415542,4,30,0,0,0,1,8,3,0,0,0,25,200,0,56,7,9,0,0,200,200
415542,0,30,0,0,0,1,8,3,0,0,0,25,200,0,60,200,0,0,0,200,200
415543,0,25,2,2,0,1,14,5,0,0,0,17,11,1,23,0,1,0,0,200,200
415543,0,25,2,2,0,1,14,5,0,0,0,17,11,0,48,0,12,0,0,200,200
415545,0,30,1,2,0,1,14,5,0,0,0,23,200,0,200,200,7,200,200,200,200
415545,0,30,1,2,0,1,14,5,0,0,0,23,200,0,55,0,0,0,0,200,200
415552,0,30,1,2,0,1,14,6,0,0,0,23,200,1,51,0,7,0,0,200,200
415552,0,30,1,2,0,1,14,6,0,0,0,23,200,0,29,3,200,0,0,200,200
415554,0,30,200,200,200,200,0,200,0,200,200,0,200,0,26,200,200,200,200,200,200
415554,0,30,200,200,200,200,0,200,0,200,200,0,200,1,70,0,200,200,200,200,200
415554,1,30,200,200,200,200,0,200,0,200,200,0,200,0,200,200,200,200,200,200,200
415554,1,30,200,200,200,200,0,200,0,200,200,0,200,1,65,0,200,200,200,200,200
415555,0,30,0,0,0,1,10,5,0,0,0,18,0,1,200,200,3,200,200,200,200
415555,0,30,0,0,0,1,10,5,0,0,0,18,0,1,36,0,0,0,0,200,200
415556,0,30,0,0,0,1,10,5,2,0,0,0,0,0,200,200,200,200,200,200,200
415556,0,30,0,0,0,1,10,5,2,0,0,0,0,0,55,0,0,0,0,200,200
415558,0,30,0,0,0,1,12,5,0,0,0,20,200,1,29,0,6,0,0,200,200
415561,0,30,2,2,0,1,12,5,0,0,0,22,21,0,200,200,2,200,200,200,200
415561,0,30,2,2,0,1,12,5,0,0,0,22,21,1,32,0,0,0,0,200,200
415564,0,30,0,0,0,4,14,5,0,0,0,17,16,0,44,0,1,0,0,200,200
415564,0,30,0,0,0,4,14,5,0,0,0,17,16,1,59,0,0,0,0,200,200
415564,1,30,0,0,0,4,14,5,0,0,0,17,16,0,200,0,200,200,200,200,200
415566,0,35,0,0,0,1,0,2,0,0,0,17,0,0,79,0,1,0,0,200,200
415566,0,35,0,0,0,1,0,2,0,0,0,17,0,1,49,0,0,0,0,200,200
415567,5,25,0,0,0,1,9,6,0,0,0,0,0,0,5,7,12,5,0,200,200
415567,0,25,0,0,0,1,9,6,0,0,0,0,0,0,27,0,200,0,0,200,200
415567,1,25,0,0,0,1,9,6,0,0,0,0,0,1,27,0,200,200,200,200,200
415567,1,25,0,0,0,1,9,6,0,0,0,0,0,1,200,0,200,200,200,200,200
415572,0,30,0,0,200,200,7,6,0,200,200,0,200,2,200,200,200,200,200,200,200
415576,0,30,2,2,0,1,7,6,0,0,0,12,12,0,69,0,12,0,0,200,200
415576,1,30,2,2,0,1,7,6,0,0,0,12,12,1,73,0,200,200,200,200,200
415577,0,30,6,0,0,1,12,2,0,0,0,0,200,0,23,7,0,0,0,200,200
415577,0,30,6,0,0,1,12,2,0,0,0,0,200,0,58,7,0,0,0,200,200
415580,0,30,0,0,0,1,12,5,0,0,0,22,22,0,25,200,2,200,200,200,200
415580,0,30,0,0,0,1,12,5,0,0,0,22,22,1,73,0,0,0,0,200,200
415580,1,30,0,0,0,1,12,5,0,0,0,22,22,1,200,0,200,200,200,200,200
415580,1,30,0,0,0,1,12,5,0,0,0,22,22,0,71,0,200,200,200,200,200
415588,0,30,0,0,0,4,14,2,0,0,0,0,0,0,29,0,0,0,0,200,200
415588,0,30,0,0,0,4,14,2,0,0,0,0,0,1,20,0,0,0,0,200,200
415588,1,30,0,0,0,4,14,2,0,0,0,0,0,1,7,0,200,200,200,200,200
415597,0,30,0,0,0,3,7,5,0,0,0,200,200,2,200,200,200,200,200,200,200
415600,0,30,1,2,0,1,14,5,0,0,0,23,200,1,28,0,4,0,0,200,200
415600,0,30,1,2,0,1,14,5,0,0,0,23,200,1,28,0,0,0,0,200,200
415601,0,30,1,2,200,1,10,5,0,200,0,16,0,0,31,200,1,200,200,200,200
415601,0,30,1,2,200,1,10,5,0,200,0,16,0,0,35,0,0,200,0,200,200
415615,4,30,0,0,0,1,8,2,0,0,0,0,200,0,200,200,200,200,200,200,200
415615,0,30,0,0,0,1,8,2,0,0,0,0,200,0,43,0,200,0,200,200,200
415632,0,30,0,0,0,3,14,2,0,0,0,23,23,1,17,0,7,0,0,200,200
415632,0,30,0,0,0,3,14,2,0,0,0,23,23,1,39,0,0,0,0,200,200