RD_NO,PERSON_TYPE,POSTED_SPEED_LIMIT,TRAFFIC_CONTROL_DEVICE,DEVICE_CONDITION,WEATHER_CONDITION,LIGHTING_CONDITION,FIRST_CRASH_TYPE,TRAFFICWAY_TYPE,ALIGNMENT,ROADWAY_SURFACE_COND,ROAD_DEFECT,PRIM_CONTRIBUTORY_CAUSE,SEC_CONTRIBUTORY_CAUSE,SEX,AGE,SAFETY_EQUIPMENT,DRIVER_ACTION,DRIVER_VISION,PHYSICAL_CONDITION,BAC_RESULT VALUE,CELL_PHONE_USE
416841,0,35,1,2,0,1,10,6,0,0,0,16,25,0,200,200,3,200,200,200,200
416841,1,35,1,2,0,1,10,6,0,0,0,16,25,1,15,0,200,200,200,200,200
416841,1,35,1,2,0,1,10,6,0,0,0,16,25,200,200,1,200,200,200,200,200
416845,0,15,0,0,0,1,5,0,0,0,4,0,200,0,53,200,200,0,0,200,200
416845,1,15,0,0,0,1,5,0,0,0,4,0,200,0,45,200,200,200,200,200,200
416845,1,15,0,0,0,1,5,0,0,0,4,0,200,0,39,200,200,200,200,200,200
416845,1,15,0,0,0,1,5,0,0,0,4,0,200,0,42,200,200,200,200,200,200
416846,0,30,2,2,0,1,0,5,0,0,0,17,17,1,28,0,0,0,0,200,200
416846,0,30,2,2,0,1,0,5,0,0,0,17,17,1,0,0,1,200,0,200,200
416846,1,30,2,2,0,1,0,5,0,0,0,17,17,0,12,0,200,200,200,200,200
416846,1,30,2,2,0,1,0,5,0,0,0,17,17,0,1,0,200,200,200,200,200
416856,0,30,2,12,0,1,0,5,0,0,0,17,200,1,22,0,1,0,0,200,200
416856,0,30,2,12,0,1,0,5,0,0,0,17,200,1,35,0,0,0,0,200,200
416860,0,30,1,2,0,1,12,5,0,0,0,17,0,0,24,0,1,0,0,200,200
416860,0,30,1,2,0,1,12,5,0,0,0,17,0,0,21,0,0,0,0,200,200
416861,0,15,2,2,0,1,0,7,0,1,0,20,17,2,200,200,200,200,200,200,200
416861,0,15,2,2,0,1,0,7,0,1,0,20,17,1,35,0,12,0,0,200,200
416861,1,15,2,2,0,1,0,7,0,1,0,20,17,1,200,5,200,200,200,200,200
416863,0,30,200,200,200,200,0,5,0,200,200,0,0,0,54,200,200,200,200,200,200
416863,0,30,200,200,200,200,0,5,0,200,200,0,0,1,46,200,200,200,200,200,200
416863,1,30,200,200,200,200,0,5,0,200,200,0,0,1,64,200,200,200,200,200,200
416866,0,30,1,2,0,4,12,3,0,0,0,22,200,0,200,200,2,200,200,200,200
416866,0,30,1,2,0,4,12,3,0,0,0,22,200,0,41,0,0,0,0,200,200
416867,0,30,0,0,0,1,14,5,0,0,0,17,200,1,36,0,1,0,0,200,200
416867,0,30,0,0,0,1,14,5,0,0,0,17,200,0,25,0,0,0,0,200,200
416867,1,30,0,0,0,1,14,5,0,0,0,17,200,0,200,0,200,200,200,200,200
416871,0,30,0,0,0,1,12,5,0,200,200,0,0,2,200,200,200,200,200,200,200
416871,0,30,0,0,0,1,12,5,0,200,200,0,0,1,26,0,0,0,0,200,200
416871,1,30,0,0,0,1,12,5,0,200,200,0,0,1,200,200,200,200,200,200,200
416872,0,30,2,2,0,1,10,5,0,0,0,0,0,0,200,200,3,0,0,200,200
416872,0,30,2,2,0,1,10,5,0,0,0,0,0,0,200,0,0,0,0,200,200
416872,0,30,2,2,0,1,10,5,0,0,0,0,0,1,200,200,0,200,200,200,200
416872,1,30,2,2,0,1,10,5,0,0,0,0,0,1,200,0,200,200,200,200,200
416881,0,30,0,0,0,1,10,5,0,0,0,18,200,0,200,200,3,200,200,200,200
416881,0,30,0,0,0,1,10,5,0,0,0,18,200,1,55,0,0,0,0,200,200
416886,0,30,1,200,0,1,12,2,0,0,200,0,0,0,57,200,200,200,0,200,200
416886,0,30,1,200,0,1,12,2,0,0,200,0,0,0,49,200,200,200,0,200,200
416891,4,30,0,0,0,1,8,5,0,0,0,16,200,0,10,2,1,0,0,200,200
416891,0,30,0,0,0,1,8,5,0,0,0,16,200,0,34,200,0,0,0,200,200
416893,0,30,0,0,0,1,12,5,0,0,0,0,0,2,200,200,200,200,200,200,200
416893,0,30,0,0,0,1,12,5,0,0,0,0,0,0,25,0,0,0,0,200,200
416894,0,25,2,2,0,1,0,5,0,0,0,5,0,0,36,0,5,0,0,200,200
416894,0,25,2,2,0,1,0,5,0,0,0,5,0,0,30,0,12,0,0,200,200
416897,0,30,0,0,0,1,7,7,0,0,0,0,200,2,200,200,200,200,200,200,200
416901,0,30,200,200,200,1,14,5,0,200,200,0,11,0,53,200,200,0,0,200,200
416901,0,30,200,200,200,1,14,5,0,200,200,0,11,0,47,200,200,200,200,200,200
416902,0,30,0,0,0,1,8,5,0,0,0,200,200,1,37,200,12,0,0,200,200
416902,4,30,0,0,0,1,8,5,0,0,0,200,200,0,200,2,12,0,0,200,200
416902,1,30,0,0,0,1,8,5,0,0,0,200,200,200,200,200,200,200,200,200,200
416902,1,30,0,0,0,1,8,5,0,0,0,200,200,0,200,200,200,200,200,200,200
416906,0,30,0,0,0,1,10,5,0,0,0,0,0,0,200,200,200,200,200,200,200
416906,0,30,0,0,0,1,10,5,0,0,0,0,0,1,41,200,0,0,0,200,200
416906,0,30,0,0,0,1,10,5,0,0,0,0,0,1,17,200,0,0,0,200,200
416908,0,35,0,0,0,1,11,7,0,0,0,0,0,0,63,0,0,0,0,200,200
416908,0,35,0,0,0,1,11,7,0,0,0,0,0,1,47,0,0,0,0,200,200
416909,0,30,2,2,0,1,0,5,0,0,0,17,0,0,25,0,1,0,0,200,200
416909,0,30,2,2,0,1,0,5,0,0,0,17,0,1,58,0,0,0,0,200,200
416917,0,30,0,0,1,1,12,5,0,0,0,0,0,0,59,0,200,0,0,200,200
416917,0,30,0,0,1,1,12,5,0,0,0,0,0,1,43,0,0,0,0,200,200
416918,0,30,0,0,0,1,7,7,0,0,0,11,23,0,30,0,7,0,0,200,200
416922,0,30,1,2,0,1,14,5,0,0,0,0,0,0,71,0,200,0,0,200,200
416922,0,30,1,2,0,1,14,5,0,0,0,0,0,1,22,200,200,0,0,200,200
416922,1,30,1,2,0,1,14,5,0,0,0,0,0,0,0,5,200,200,200,200,200
416925,0,25,0,0,200,200,7,6,0,200,0,0,0,2,200,200,200,200,200,200,200
416928,0,30,0,0,0,1,7,6,0,0,0,25,0,0,200,200,200,200,200,200,200
416928,1,30,0,0,0,1,7,6,0,0,0,25,0,0,200,200,200,200,200,200,200
416928,1,30,0,0,0,1,7,6,0,0,0,25,0,200,200,7,200,200,200,200,200
416928,1,30,0,0,0,1,7,6,0,0,0,25,0,0,200,200,200,200,200,200,200
416929,0,30,2,2,0,1,0,5,0,0,0,5,200,0,61,0,1,0,0,200,200
416929,0,30,2,2,0,1,0,5,0,0,0,5,200,0,53,0,0,0,0,200,200
416929,1,30,2,2,0,1,0,5,0,0,0,5,200,1,46,0,200,200,200,200,200
416929,1,30,2,2,0,1,0,5,0,0,0,5,200,0,9,0,200,200,200,200,200
416929,1,30,2,2,0,1,0,5,0,0,0,5,200,0,5,0,200,200,200,200,200
416929,1,30,2,2,0,1,0,5,0,0,0,5,200,0,11,0,200,200,200,200,200
416930,0,30,0,0,0,1,2,2,0,0,0,0,0,2,200,200,200,200,200,200,200
416935,0,30,0,0,0,1,12,2,0,0,0,16,200,0,58,0,1,0,0,200,200
416935,0,30,0,0,0,1,12,2,0,0,0,16,200,0,19,0,4,0,0,200,200
416937,0,30,2,2,0,1,7,5,0,0,0,0,0,1,65,0,12,0,0,200,200
416937,1,30,2,2,0,1,7,5,0,0,0,0,0,0,54,0,200,200,200,200,200
416940,0,30,0,0,0,1,7,5,0,0,0,22,200,1,24,0,12,0,0,200,200
416940,1,30,0,0,0,1,7,5,0,0,0,22,200,0,22,0,200,200,200,200,200
416945,0,30,1,0,0,1,3,2,0,0,0,17,0,0,64,0,1,200,0,200,200
416945,0,30,1,0,0,1,3,2,0,0,0,17,0,1,200,200,0,200,0,200,200
416946,0,35,0,0,0,1,10,2,0,0,0,0,0,1,23,0,0,0,0,200,200
416946,0,35,0,0,0,1,10,2,0,0,0,0,0,1,32,0,0,0,0,200,200
416951,0,30,1,2,0,1,14,5,0,0,0,17,22,0,43,0,1,0,0,200,200
416951,0,30,1,2,0,1,14,5,0,0,0,17,22,1,32,0,0,0,0,200,200
416960,0,30,0,0,0,1,12,2,0,0,0,21,200,1,200,200,4,200,200,200,200
416960,0,30,0,0,0,1,12,2,0,0,0,21,200,0,49,0,0,0,0,200,200
416969,0,30,2,2,0,1,10,2,0,0,0,30,18,1,27,200,11,0,0,200,1
416969,0,30,2,2,0,1,10,2,0,0,0,30,18,0,35,0,0,0,0,200,200
416969,0,30,2,2,0,1,10,2,0,0,0,30,18,1,200,200,0,200,200,200,200
416969,1,30,2,2,0,1,10,2,0,0,0,30,18,1,8,0,200,200,200,200,200
416970,0,35,200,200,0,4,2,5,0,0,0,0,0,0,53,200,12,0,0,200,200
416972,0,30,0,0,0,1,10,2,0,0,200,18,0,0,39,200,3,200,200,200,200
416972,0,30,0,0,0,1,10,2,0,0,200,18,0,0,33,1,0,200,0,200,200
416972,1,30,0,0,0,1,10,2,0,0,200,18,0,1,200,200,200,200,200,200,200
416974,0,30,0,0,0,1,12,5,0,0,0,17,200,1,58,200,1,200,0,200,200
416974,0,30,0,0,0,1,12,5,0,0,0,17,200,0,19,0,0,0,0,200,200
416974,1,30,0,0,0,1,12,5,0,0,0,17,200,1,200,0,200,200,200,200,200
416977,0,30,0,0,0,1,12,2,0,0,0,22,0,0,27,200,2,1,12,200,200
416977,0,30,0,0,0,1,12,2,0,0,0,22,0,1,33,0,0,0,0,200,200
416977,1,30,0,0,0,1,12,2,0,0,0,22,0,0,34,0,200,200,200,200,200
416979,0,30,0,0,0,1,10,7,0,0,0,200,200,1,45,0,0,0,0,200,200
416979,0,30,0,0,0,1,10,7,0,0,0,200,200,1,64,0,0,0,0,200,200
416979,1,30,0,0,0,1,10,7,0,0,0,200,200,1,200,0,200,200,200,200,200
416981,0,30,2,2,0,1,0,5,0,0,0,17,200,1,37,200,1,200,0,200,200
416981,0,30,2,2,0,1,0,5,0,0,0,17,200,1,28,200,0,200,0,200,200
416981,1,30,2,2,0,1,0,5,0,0,0,17,200,2,200,200,200,200,200,200,200
416991,0,30,2,2,0,1,14,12,0,0,0,17,200,1,37,0,1,5,0,200,200
416991,0,30,2,2,0,1,14,12,0,0,0,17,200,0,28,0,0,5,0,200,200
416993,0,30,2,2,0,1,14,5,0,0,0,16,0,1,200,200,1,200,200,200,200
416993,0,30,2,2,0,1,14,5,0,0,0,16,0,0,41,0,0,0,0,200,200
416993,1,30,2,2,0,1,14,5,0,0,0,16,0,0,200,0,200,200,200,200,200
416993,1,30,2,2,0,1,14,5,0,0,0,16,0,0,200,0,200,200,200,200,200
416998,0,30,0,0,0,1,7,5,0,0,0,0,200,2,200,200,200,200,200,200,200
417003,0,30,0,2,0,1,7,12,0,0,0,25,22,1,21,200,12,200,200,200,200
417003,1,30,0,2,0,1,7,12,0,0,0,25,22,200,200,200,200,200,200,200,200
417003,1,30,0,2,0,1,7,12,0,0,0,25,22,1,34,200,200,200,200,200,200
417006,0,30,1,2,0,4,12,6,2,0,0,0,200,1,54,200,12,0,0,200,200
417006,0,30,1,2,0,4,12,6,2,0,0,0,200,1,49,200,12,0,0,200,200
417006,1,30,1,2,0,4,12,6,2,0,0,0,200,200,200,200,200,200,200,200,200
417006,1,30,1,2,0,4,12,6,2,0,0,0,200,200,200,200,200,200,200,200,200
417006,1,30,1,2,0,4,12,6,2,0,0,0,200,200,200,7,200,200,200,200,200
417009,0,30,1,200,0,1,10,2,0,0,0,18,25,1,200,200,3,200,200,200,200
417009,0,30,1,200,0,1,10,2,0,0,0,18,25,0,55,200,0,0,0,200,200
417009,1,30,1,200,0,1,10,2,0,0,0,18,25,2,200,200,200,200,200,200,200
417013,0,25,2,2,0,1,3,5,0,0,0,17,5,0,200,200,1,200,200,200,200
417013,0,25,2,2,0,1,3,5,0,0,0,17,5,0,20,0,0,0,0,200,200
417013,1,25,2,2,0,1,3,5,0,0,0,17,5,0,200,200,200,200,200,200,200
417017,0,30,1,2,0,3,10,5,0,0,0,0,0,0,38,0,200,200,0,200,200
417017,0,30,1,2,0,3,10,5,0,0,0,0,0,0,21,0,0,0,0,200,200
417017,1,30,1,2,0,3,10,5,0,0,0,0,0,0,25,0,200,200,200,200,200
417017,1,30,1,2,0,3,10,5,0,0,0,0,0,0,23,0,200,200,200,200,200
417021,0,30,1,2,0,4,0,5,0,0,200,6,11,0,17,200,1,200,200,200,200
417021,0,30,1,2,0,4,0,5,0,0,200,6,11,1,26,200,0,200,200,200,200
417021,1,30,1,2,0,4,0,5,0,0,200,6,11,0,23,200,200,200,200,200,200
417021,1,30,1,2,0,4,0,5,0,0,200,6,11,0,14,200,200,200,200,200,200
417021,1,30,1,2,0,4,0,5,0,0,200,6,11,0,17,200,200,200,200,200,200
417029,0,30,1,2,0,1,10,5,0,0,0,16,0,0,64,0,1,200,200,200,200
417029,0,30,1,2,0,1,10,5,0,0,0,16,0,1,34,0,0,200,200,200,200
417042,0,30,0,0,0,1,12,5,0,0,0,25,0,0,28,200,13,0,0,200,200
417042,0,30,0,0,0,1,12,5,0,0,0,25,0,1,32,200,0,0,0,200,200
417043,0,30,1,2,1,4,7,5,0,0,0,20,200,1,59,200,2,200,0,200,200
417043,1,30,1,2,1,4,7,5,0,0,0,20,200,0,78,200,200,200,200,200,200
417048,0,30,0,0,0,2,2,5,0,0,0,0,0,0,200,200,200,200,0,200,200
417052,0,30,0,0,0,1,0,5,0,0,0,0,0,1,200,200,6,200,200,200,200
417052,0,30,0,0,0,1,0,5,0,0,0,0,0,0,65,0,0,0,0,200,200
417057,0,0,1,2,0,4,10,5,0,0,0,0,0,1,62,200,200,200,0,200,200
417057,0,0,1,2,0,4,10,5,0,0,0,0,0,0,45,200,0,0,0,200,200
417065,0,30,0,0,0,0,10,6,0,0,0,18,0,0,24,200,3,0,0,200,200
417065,0,30,0,0,0,0,10,6,0,0,0,18,0,0,28,200,0,0,0,200,200
417073,0,30,0,0,2,4,10,5,0,1,0,18,0,0,23,0,3,0,0,200,200
417073,0,30,0,0,2,4,10,5,0,1,0,18,0,0,23,0,0,0,0,200,200
417078,0,20,1,2,0,1,10,5,0,0,0,6,200,1,45,200,3,0,0,200,200
417078,0,20,1,2,0,1,10,5,0,0,0,6,200,1,23,200,0,0,0,200,200
417078,0,20,1,2,0,1,10,5,0,0,0,6,200,0,29,200,0,0,0,200,200
417082,0,30,0,0,2,0,10,5,0,1,0,0,0,1,27,0,1,0,0,200,200
417082,0,30,0,0,2,0,10,5,0,1,0,0,0,0,65,0,0,0,0,200,200
417085,0,35,0,0,2,0,8,3,0,1,0,0,19,2,200,200,200,200,200,200,200
417085,4,35,0,0,2,0,8,3,0,1,0,0,19,1,29,2,12,200,0,200,200
417089,0,30,1,2,2,0,10,5,0,1,200,0,0,1,36,0,8,200,0,200,200
417089,0,30,1,2,2,0,10,5,0,1,200,0,0,0,28,0,0,200,0,200,200
417090,0,30,1,2,2,3,14,5,0,1,0,0,200,1,47,200,12,0,7,200,200
417090,0,30,1,2,2,3,14,5,0,1,0,0,200,0,19,200,1,0,0,200,200
417106,0,30,1,2,2,3,10,2,0,1,200,18,18,0,35,0,1,200,200,200,200
417106,0,30,1,2,2,3,10,2,0,1,200,18,18,0,53,0,0,200,0,200,200
417106,0,30,1,2,2,3,10,2,0,1,200,18,18,0,26,0,200,200,0,200,200
417108,0,30,0,0,2,0,7,5,0,1,0,0,200,0,200,200,12,200,200,200,200
417109,0,30,0,0,2,3,12,2,0,1,2,21,200,0,21,200,4,0,0,200,200
417109,0,30,0,0,2,3,12,2,0,1,2,21,200,0,17,200,12,0,0,200,200
417115,0,30,2,2,2,0,7,5,0,1,200,34,0,0,64,0,12,0,7,200,200
417118,0,30,0,0,2,3,12,2,0,1,0,0,200,2,200,200,4,200,200,200,200
417118,0,30,0,0,2,3,12,2,0,1,0,0,200,0,36,0,0,4,0,200,200
417119,0,30,0,0,2,3,7,7,0,1,0,0,200,0,29,200,6,200,0,200,200
417120,0,10,0,0,2,0,3,7,2,0,0,0,200,1,200,200,0,200,0,200,200
417120,0,10,0,0,2,0,3,7,2,0,0,0,200,1,28,0,0,0,0,200,200
417121,0,30,1,2,2,3,0,5,0,1,0,0,0,2,200,200,1,200,200,200,200
417121,0,30,1,2,2,3,0,5,0,1,0,0,0,0,37,0,0,0,0,200,200
417121,1,30,1,2,2,3,0,5,0,1,0,0,0,1,7,0,200,200,200,200,200
417122,0,30,1,2,2,0,10,2,0,1,3,11,11,1,71,200,3,200,0,200,200
417122,0,30,1,2,2,0,10,2,0,1,3,11,11,0,31,3,0,200,0,200,200
417122,0,30,1,2,2,0,10,2,0,1,3,11,11,0,32,200,0,200,0,200,200
417128,0,30,0,0,0,1,7,2,0,0,0,200,200,2,200,200,200,200,200,200,200
417129,0,30,0,0,2,3,9,5,0,1,0,0,200,2,200,200,200,200,200,200,200
417129,5,30,0,0,2,3,9,5,0,1,0,0,200,1,80,7,200,200,0,200,200
417130,0,30,2,2,2,3,0,2,0,1,0,0,200,2,200,200,6,200,200,200,200
417130,0,30,2,2,2,3,0,2,0,1,0,0,200,0,27,200,0,0,0,200,200
417131,0,25,0,0,2,3,7,6,0,1,0,23,200,0,26,0,7,12,0,200,200
417131,1,25,0,0,2,3,7,6,0,1,0,23,200,0,27,0,200,200,200,200,200
417133,0,30,0,0,0,1,3,7,0,1,0,20,200,1,200,200,200,200,200,200,200
417133,0,30,0,0,0,1,3,7,0,1,0,20,200,1,26,200,0,0,0,200,200
417134,0,25,2,2,2,3,12,5,0,1,0,22,17,1,52,200,2,0,0,200,200
417134,0,25,2,2,2,3,12,5,0,1,0,22,17,0,29,200,0,0,0,200,200
417138,0,30,1,5,2,3,0,2,0,1,0,17,0,1,200,200,1,200,200,200,200
417138,0,30,1,5,2,3,0,2,0,1,0,17,0,1,23,0,0,0,0,200,200
417139,0,35,0,0,2,3,10,6,0,1,200,11,34,0,40,200,6,4,200,200,200
417139,0,35,0,0,2,3,10,6,0,1,200,11,34,1,39,0,0,4,0,200,200
417145,0,35,1,2,2,3,12,3,0,1,0,0,0,1,24,0,200,0,0,200,200
417145,0,35,1,2,2,3,12,3,0,1,0,0,0,0,26,0,0,0,0,200,200
417148,0,30,2,2,2,3,14,5,0,1,0,0,200,1,49,0,0,0,0,200,200
417148,0,30,2,2,2,3,14,5,0,1,0,0,200,0,45,0,0,0,0,200,200
417149,0,30,200,12,2,3,10,6,0,1,200,16,200,0,30,200,8,200,200,200,200
417149,0,30,200,12,2,3,10,6,0,1,200,16,200,1,43,200,1,200,200,200,200
417157,0,30,1,2,1,3,9,6,0,1,3,0,0,0,200,200,200,200,200,200,200
417157,5,30,1,2,1,3,9,6,0,1,3,0,0,1,54,7,200,200,0,200,200
417158,0,35,1,2,0,1,10,5,0,200,200,0,0,0,60,200,200,0,200,200,200
417158,0,35,1,2,0,1,10,5,0,200,200,0,0,1,38,7,0,0,0,200,200
417159,0,30,0,0,2,3,10,5,0,1,0,0,0,0,58,200,200,200,200,200,200
417159,0,30,0,0,2,3,10,5,0,1,0,0,0,0,34,0,0,0,0,200,200
417159,1,30,0,0,2,3,10,5,0,1,0,0,0,0,200,200,200,200,200,200,200
417161,0,30,1,2,2,3,10,5,0,1,0,18,16,1,24,0,3,4,0,200,200
417161,0,30,1,2,2,3,10,5,0,1,0,18,16,1,40,0,0,4,0,200,200
417164,0,30,0,0,2,3,12,6,0,1,0,0,0,0,200,200,200,200,200,200,200
417164,0,30,0,0,2,3,12,6,0,1,0,0,0,0,24,200,200,4,0,200,200
417167,0,35,1,2,2,3,10,12,2,1,0,18,200,0,26,200,8,200,5,200,200
417167,0,35,1,2,2,3,10,12,2,1,0,18,200,1,52,0,0,0,0,200,200
417171,0,30,200,200,2,0,10,5,0,1,200,34,200,1,36,200,200,4,200,200,200
417171,0,30,200,200,2,0,10,5,0,1,200,34,200,2,200,200,200,200,200,200,200
417173,0,30,0,0,2,3,12,7,0,1,200,20,0,0,23,0,6,200,0,200,200
417173,0,30,0,0,2,3,12,7,0,1,200,20,0,1,200,0,0,200,200,200,200
417173,1,30,0,0,2,3,12,7,0,1,200,20,0,1,28,0,200,200,200,200,200
417173,1,30,0,0,2,3,12,7,0,1,200,20,0,0,25,0,200,200,200,200,200
417175,0,35,2,2,2,3,10,3,0,1,0,0,0,0,33,0,200,0,0,200,200
417175,0,35,2,2,2,3,10,3,0,1,0,0,0,0,25,0,0,0,0,200,200
417176,0,30,0,0,2,3,9,2,0,1,0,17,16,0,57,0,1,0,0,200,200
417176,5,30,0,0,2,3,9,2,0,1,0,17,16,1,58,200,0,0,0,200,200
417177,0,20,1,2,0,3,14,5,0,1,0,34,20,1,23,0,6,0,0,200,200
417177,0,20,1,2,0,3,14,5,0,1,0,34,20,0,61,0,0,0,0,200,200
417182,0,35,0,0,2,3,10,5,0,1,0,34,0,0,200,200,200,200,200,200,200
417182,0,35,0,0,2,3,10,5,0,1,0,34,0,0,19,0,0,0,0,200,200
417185,0,30,2,2,0,1,0,2,0,0,0,17,200,0,200,200,1,200,200,200,200
417185,0,30,2,2,0,1,0,2,0,0,0,17,200,0,26,200,0,200,0,200,200
417188,0,30,0,0,0,1,0,0,0,0,0,17,17,0,28,0,1,0,0,200,200
417188,0,30,0,0,0,1,0,0,0,0,0,17,17,1,64,1,0,0,0,200,200
417188,1,30,0,0,0,1,0,0,0,0,0,17,17,1,68,0,200,200,200,200,200
417195,0,25,2,200,2,3,9,6,0,1,200,5,5,1,31,0,5,200,200,200,200
417195,5,25,2,200,2,3,9,6,0,1,200,5,5,1,39,7,0,0,0,200,200
417198,0,30,0,0,2,3,12,5,0,1,0,22,0,1,21,200,1,0,200,200,200
417198,0,30,0,0,2,3,12,5,0,1,0,22,0,0,29,0,0,0,0,200,200
417200,0,30,1,2,0,3,0,5,0,1,200,0,0,1,200,200,1,200,200,200,200
417200,0,30,1,2,0,3,0,5,0,1,200,0,0,0,55,0,0,200,0,200,200
417200,1,30,1,2,0,3,0,5,0,1,200,0,0,0,200,200,200,200,200,200,200
417200,1,30,1,2,0,3,0,5,0,1,200,0,0,0,200,0,200,200,200,200,200
417204,0,30,0,0,2,3,7,6,0,1,0,0,0,0,30,200,12,200,200,200,200
417205,0,30,2,2,2,3,0,5,0,1,200,0,200,0,19,200,12,200,0,200,200
417205,0,30,2,2,2,3,0,5,0,1,200,0,200,1,38,200,200,200,0,200,200
417205,1,30,2,2,2,3,0,5,0,1,200,0,200,1,18,200,200,200,200,200,200
417209,0,30,0,0,2,3,10,2,0,1,3,18,34,0,200,200,0,200,0,200,200
417209,0,30,0,0,2,3,10,2,0,1,3,18,34,1,53,0,3,0,0,200,200
417212,0,30,1,2,2,3,14,2,0,1,0,16,16,0,18,0,8,0,0,200,200
417212,0,30,1,2,2,3,14,2,0,1,0,16,16,0,31,0,0,0,0,200,200
417212,1,30,1,2,2,3,14,2,0,1,0,16,16,0,16,0,200,200,200,200,200
417212,1,30,1,2,2,3,14,2,0,1,0,16,16,0,20,0,200,200,200,200,200
417212,1,30,1,2,2,3,14,2,0,1,0,16,16,0,17,0,200,200,200,200,200
417212,1,30,1,2,2,3,14,2,0,1,0,16,16,0,200,0,200,200,200,200,200
417212,1,30,1,2,2,3,14,2,0,1,0,16,16,1,34,0,200,200,200,200,200
417212,1,30,1,2,2,3,14,2,0,1,0,16,16,1,4,0,200,200,200,200,200
417212,1,30,1,2,2,3,14,2,0,1,0,16,16,1,11,0,200,200,200,200,200
417212,1,30,1,2,2,3,14,2,0,1,0,16,16,0,7,0,200,200,200,200,200
417213,0,30,2,2,1,3,14,5,0,1,200,17,23,1,17,200,1,200,0,200,200
417213,0,30,2,2,1,3,14,5,0,1,200,17,23,0,31,0,0,200,0,200,200
417213,1,30,2,2,1,3,14,5,0,1,200,17,23,0,18,0,200,200,200,200,200
417213,1,30,2,2,1,3,14,5,0,1,200,17,23,1,17,0,200,200,200,200,200
417214,0,30,1,2,2,3,0,5,0,1,200,17,0,0,200,200,1,200,200,200,200
417214,0,30,1,2,2,3,0,5,0,1,200,17,0,1,17,0,0,200,200,200,200
417214,1,30,1,2,2,3,0,5,0,1,200,17,0,0,200,0,200,200,200,200,200
417214,1,30,1,2,2,3,0,5,0,1,200,17,0,0,200,200,200,200,200,200,200
417214,1,30,1,2,2,3,0,5,0,1,200,17,0,0,200,200,200,200,200,200,200
417218,0,30,0,0,0,3,7,2,0,1,0,0,0,0,38,200,200,0,0,200,200
417219,0,30,0,0,2,3,14,2,0,1,0,0,0,0,44,0,1,0,0,200,200
417219,0,30,0,0,2,3,14,2,0,1,0,0,0,1,19,0,0,0,0,200,200
417219,1,30,0,0,2,3,14,2,0,1,0,0,0,0,17,0,200,200,200,200,200
417224,0,30,0,0,0,3,7,6,0,1,0,15,0,2,200,200,200,200,200,200,200
417228,0,30,1,2,2,3,12,6,0,1,0,22,21,0,45,200,4,0,0,200,200
417228,0,30,1,2,2,3,12,6,0,1,0,22,21,0,0,200,0,0,0,200,200
417228,1,30,1,2,2,3,12,6,0,1,0,22,21,0,0,200,200,200,200,200,200
417230,0,30,1,2,0,3,12,3,0,0,0,16,14,2,200,200,13,200,200,200,200
417230,0,30,1,2,0,3,12,3,0,0,0,16,14,1,20,200,0,200,200,200,200
417230,0,30,1,2,0,3,12,3,0,0,0,16,14,0,55,200,0,0,0,200,200
417230,1,30,1,2,0,3,12,3,0,0,0,16,14,1,19,200,200,200,200,200,200
417230,1,30,1,2,0,3,12,3,0,0,0,16,14,0,19,200,200,200,200,200,200
417234,0,30,1,2,2,3,0,2,0,1,0,34,0,0,20,200,200,0,0,200,200
417234,0,30,1,2,2,3,0,2,0,1,0,34,0,0,23,200,200,0,0,200,200
417238,0,30,1,2,2,3,0,5,0,1,0,0,0,0,25,200,1,0,0,200,200
417238,0,30,1,2,2,3,0,5,0,1,0,0,0,0,31,200,0,0,0,200,200
417239,0,30,0,0,2,0,5,2,0,1,1,34,200,0,27,3,0,0,0,200,200
417243,0,30,2,0,2,0,0,2,0,1,0,17,200,1,200,200,1,200,200,200,200
417243,0,30,2,0,2,0,0,2,0,1,0,17,200,1,20,0,0,200,0,200,200
417245,0,30,0,0,2,3,2,5,0,1,0,0,0,1,54,200,0,200,0,200,200
417245,1,30,0,0,2,3,2,5,0,1,0,0,0,0,65,200,200,200,200,200,200
417258,0,30,2,0,0,3,14,2,0,0,0,0,0,0,28,200,200,200,200,200,200
417258,0,30,2,0,0,3,14,2,0,0,0,0,0,1,22,200,200,200,0,200,200
417258,1,30,2,0,0,3,14,2,0,0,0,0,0,1,23,200,200,200,200,200,200
417266,0,30,1,2,0,3,10,2,0,1,0,0,200,0,32,200,1,0,0,200,200
417266,0,30,1,2,0,3,10,2,0,1,0,0,200,0,66,200,0,0,0,200,200
417266,0,30,1,2,0,3,10,2,0,1,0,0,200,0,33,200,0,0,0,200,200
417268,0,30,0,0,2,3,12,5,0,1,0,0,25,2,200,200,8,200,200,200,200
417268,0,30,0,0,2,3,12,5,0,1,0,0,25,0,30,200,0,200,0,200,200
417268,0,30,0,0,2,3,12,5,0,1,0,0,25,2,200,200,200,200,200,200,200
417271,0,30,0,0,2,3,0,5,0,1,0,34,34,0,75,0,8,200,200,200,200
417271,0,30,0,0,2,3,0,5,0,1,0,34,34,0,20,0,0,0,0,200,200
417271,1,30,0,0,2,3,0,5,0,1,0,34,34,0,22,0,200,200,200,200,200
417272,0,30,0,0,2,3,7,5,0,1,0,21,3,2,200,200,200,200,200,200,200