RD_NO,PERSON_TYPE,POSTED_SPEED_LIMIT,TRAFFIC_CONTROL_DEVICE,DEVICE_CONDITION,WEATHER_CONDITION,LIGHTING_CONDITION,FIRST_CRASH_TYPE,TRAFFICWAY_TYPE,ALIGNMENT,ROADWAY_SURFACE_COND,ROAD_DEFECT,PRIM_CONTRIBUTORY_CAUSE,SEC_CONTRIBUTORY_CAUSE,SEX,AGE,SAFETY_EQUIPMENT,DRIVER_ACTION,DRIVER_VISION,PHYSICAL_CONDITION,BAC_RESULT VALUE,CELL_PHONE_USE
417281,0,30,2,2,0,3,0,2,0,1,0,17,200,0,71,200,1,200,0,200,200
417281,0,30,2,2,0,3,0,2,0,1,0,17,200,0,29,200,0,200,0,200,200
417284,0,25,0,0,0,3,12,3,3,0,0,17,200,0,19,200,1,0,0,200,200
417284,0,25,0,0,0,3,12,3,3,0,0,17,200,1,33,7,1,0,0,200,200
417285,0,30,0,12,0,3,12,5,0,1,200,22,34,0,23,0,2,0,0,200,200
417285,0,30,0,12,0,3,12,5,0,1,200,22,34,1,32,0,0,200,0,200,200
417285,1,30,0,12,0,3,12,5,0,1,200,22,34,1,19,0,200,200,200,200,200
417286,0,30,1,2,0,3,10,5,0,0,0,16,18,0,21,200,3,0,0,200,200
417286,0,30,1,2,0,3,10,5,0,0,0,16,18,0,25,200,0,0,0,200,200
417286,1,30,1,2,0,3,10,5,0,0,0,16,18,0,43,200,200,200,200,200,200
417291,0,30,0,0,0,3,7,6,0,0,0,0,0,2,200,200,6,200,200,200,200
417293,0,25,0,0,0,3,7,6,0,0,0,0,0,2,200,200,200,200,200,200,200
417296,0,30,1,2,0,3,10,5,0,0,0,16,32,0,48,200,5,0,5,200,200
417296,0,30,1,2,0,3,10,5,0,0,0,16,32,0,64,0,0,0,0,200,200
417296,0,30,1,2,0,3,10,5,0,0,0,16,32,1,69,0,0,0,0,200,200
417296,1,30,1,2,0,3,10,5,0,0,0,16,32,1,72,0,200,200,200,200,200
417302,0,30,0,0,0,3,7,6,0,1,0,20,200,1,200,200,200,200,200,200,200
417307,0,30,1,2,2,0,10,2,0,1,0,16,200,2,200,200,200,200,200,200,200
417307,0,30,1,2,2,0,10,2,0,1,0,16,200,0,45,200,0,0,0,200,200
417307,1,30,1,2,2,0,10,2,0,1,0,16,200,1,38,200,200,200,200,200,200
417307,1,30,1,2,2,0,10,2,0,1,0,16,200,200,7,200,200,200,200,200,200
417307,1,30,1,2,2,0,10,2,0,1,0,16,200,200,5,200,200,200,200,200,200
417307,1,30,1,2,2,0,10,2,0,1,0,16,200,200,9,200,200,200,200,200,200
417317,0,30,1,2,2,3,12,2,0,1,200,11,0,2,200,200,12,200,200,200,200
417317,0,30,1,2,2,3,12,2,0,1,200,11,0,0,38,0,0,0,0,200,200
417322,0,30,1,2,2,3,11,1,0,1,0,0,200,0,61,200,12,0,200,200,200
417322,0,30,1,2,2,3,11,1,0,1,0,0,200,0,29,200,0,0,0,200,200
417333,0,30,0,0,0,3,7,5,0,0,0,32,200,1,37,200,12,0,5,200,200
417334,0,30,1,2,0,1,14,12,0,0,0,23,0,0,46,200,7,0,0,200,200
417334,0,30,1,2,0,1,14,12,0,0,0,23,0,1,26,0,0,0,0,200,200
417338,0,30,2,2,1,3,14,6,0,1,0,17,0,2,200,200,1,200,200,200,200
417338,0,30,2,2,1,3,14,6,0,1,0,17,0,0,30,0,0,0,0,200,200
417338,1,30,2,2,1,3,14,6,0,1,0,17,0,1,33,200,200,200,200,200,200
417338,1,30,2,2,1,3,14,6,0,1,0,17,0,0,38,200,200,200,200,200,200
417339,0,30,0,0,0,3,12,5,0,1,200,0,0,0,23,0,200,200,200,200,200
417339,0,30,0,0,0,3,12,5,0,1,200,0,0,0,58,0,200,200,200,200,200
417339,1,30,0,0,0,3,12,5,0,1,200,0,0,200,200,0,200,200,200,200,200
417344,0,30,12,12,0,3,12,5,0,0,0,7,7,0,34,200,12,0,0,200,200
417344,0,30,12,12,0,3,12,5,0,0,0,7,7,0,200,200,12,200,200,200,200
417345,0,30,1,0,12,3,14,1,0,1,0,0,0,1,19,200,12,0,0,200,200
417345,0,30,1,0,12,3,14,1,0,1,0,0,0,0,17,0,12,0,0,200,200
417345,0,30,1,0,12,3,14,1,0,1,0,0,0,1,47,0,0,0,0,200,200
417345,1,30,1,0,12,3,14,1,0,1,0,0,0,0,24,0,200,200,200,200,200
417345,1,30,1,0,12,3,14,1,0,1,0,0,0,1,24,0,200,200,200,200,200
417356,0,30,1,2,0,3,14,2,0,0,0,23,200,0,57,200,7,0,0,200,200
417356,0,30,1,2,0,3,14,2,0,0,0,23,200,0,48,0,0,0,0,200,200
417357,0,30,1,1,0,3,14,2,0,1,0,17,17,0,36,0,12,0,0,200,200
417357,0,30,1,1,0,3,14,2,0,1,0,17,17,1,68,0,12,0,0,200,200
417357,1,30,1,1,0,3,14,2,0,1,0,17,17,1,23,0,200,200,200,200,200
417357,1,30,1,1,0,3,14,2,0,1,0,17,17,1,36,0,200,200,200,200,200
417358,0,30,2,2,0,3,0,5,0,0,0,5,17,2,200,200,5,200,200,200,200
417358,0,30,2,2,0,3,0,5,0,0,0,5,17,1,29,200,0,0,0,200,200
417363,0,30,0,0,0,3,7,6,0,0,0,0,0,0,23,0,200,0,0,200,200
417363,1,30,0,0,0,3,7,6,0,0,0,0,0,1,21,0,200,200,200,200,200
417366,0,30,200,200,0,3,10,5,0,0,0,32,16,0,36,1,3,0,5,200,200
417366,0,30,200,200,0,3,10,5,0,0,0,32,16,0,30,0,0,0,0,200,200
417366,1,30,200,200,0,3,10,5,0,0,0,32,16,1,23,0,200,200,200,200,200
417368,0,30,1,2,0,3,10,2,0,1,0,16,7,0,54,200,1,0,2,200,200
417368,0,30,1,2,0,3,10,2,0,1,0,16,7,0,65,200,0,0,0,200,200
417368,0,30,1,2,0,3,10,2,0,1,0,16,7,1,31,0,0,0,0,200,200
417368,1,30,1,2,0,3,10,2,0,1,0,16,7,0,41,200,200,200,200,200,200
417368,1,30,1,2,0,3,10,2,0,1,0,16,7,0,28,0,200,200,200,200,200
417376,0,35,1,2,0,3,10,1,0,0,0,18,25,0,200,200,3,200,200,200,200
417376,0,35,1,2,0,3,10,1,0,0,0,18,25,0,27,0,0,0,0,200,200
417384,0,30,1,2,0,1,12,1,0,0,0,0,0,0,33,200,200,200,0,200,200
417384,0,30,1,2,0,1,12,1,0,0,0,0,0,1,29,200,0,200,0,200,200
417392,0,30,1,2,0,3,12,5,0,0,0,0,0,0,200,200,200,200,200,200,200
417392,0,30,1,2,0,3,12,5,0,0,0,0,0,0,27,0,0,0,0,200,200
417396,0,30,0,0,0,3,7,1,0,0,200,16,16,0,25,0,12,12,2,200,200
417402,0,55,1,2,0,3,14,3,0,0,0,23,200,1,28,200,200,0,0,200,200
417402,0,55,1,2,0,3,14,3,0,0,0,23,200,0,60,0,0,0,0,200,200
417402,1,55,1,2,0,3,14,3,0,0,0,23,200,0,29,200,200,200,200,200,200
417413,0,30,2,2,2,0,2,5,3,1,0,32,200,1,30,200,200,200,5,200,200
417413,1,30,2,2,2,0,2,5,3,1,0,32,200,0,43,200,200,200,200,200,200
417414,0,30,0,0,0,0,7,200,0,0,0,20,200,2,200,200,6,200,200,200,200
417423,0,35,0,0,0,3,7,2,0,0,0,0,200,1,34,0,12,0,0,200,200
417424,4,35,1,2,0,3,8,12,0,0,0,31,15,0,43,7,5,0,0,200,200
417424,0,35,1,2,0,3,8,12,0,0,0,31,15,0,27,200,0,0,0,200,200
417424,1,35,1,2,0,3,8,12,0,0,0,31,15,1,200,200,200,200,200,200,200
417434,0,45,0,0,0,3,2,3,0,0,0,14,11,0,59,0,12,0,200,200,200
417439,5,30,1,200,0,3,9,5,0,0,200,0,200,0,47,200,200,200,200,200,200
417439,0,30,1,200,0,3,9,5,0,0,200,0,200,1,50,0,200,200,0,200,200
417439,1,30,1,200,0,3,9,5,0,0,200,0,200,0,50,200,200,200,200,200,200
417442,0,30,0,0,0,3,7,5,0,0,0,0,0,2,200,200,200,200,200,200,200
417447,0,15,0,0,0,3,7,0,0,0,0,20,200,2,200,200,6,200,200,200,200
417448,0,30,3,2,0,3,2,3,0,1,0,27,0,0,20,0,12,0,2,200,200
417450,0,35,0,0,0,3,7,5,0,1,0,11,200,0,52,200,12,0,0,200,200
417451,0,30,0,0,0,0,7,6,0,0,0,7,200,0,20,0,12,0,200,200,200
417451,1,30,0,0,0,0,7,6,0,0,0,7,200,1,19,0,200,200,200,200,200
417452,0,30,1,2,0,3,0,5,0,0,0,6,200,1,24,200,5,0,0,200,200
417452,0,30,1,2,0,3,0,5,0,0,0,6,200,0,21,200,0,0,0,200,0
417452,1,30,1,2,0,3,0,5,0,0,0,6,200,0,24,200,200,200,200,200,200
417452,1,30,1,2,0,3,0,5,0,0,0,6,200,1,2,5,200,200,200,200,200
417452,1,30,1,2,0,3,0,5,0,0,0,6,200,0,200,200,200,200,200,200,200
417452,1,30,1,2,0,3,0,5,0,0,0,6,200,0,24,200,200,200,200,200,200
417457,0,25,0,0,0,3,2,5,0,0,0,14,25,2,200,200,200,200,200,200,200
417457,1,25,0,0,0,3,2,5,0,0,0,14,25,1,200,200,200,200,200,200,200
417457,1,25,0,0,0,3,2,5,0,0,0,14,25,0,200,200,200,200,200,200,200
417458,0,30,0,0,0,3,7,5,0,0,0,14,16,2,200,200,200,200,200,200,200
417471,0,25,0,0,0,3,7,5,0,0,3,0,21,0,20,0,12,200,0,200,200
417471,0,25,0,0,0,3,7,5,0,0,3,0,21,2,200,200,12,200,200,200,200
417471,1,25,0,0,0,3,7,5,0,0,3,0,21,0,22,0,200,200,200,200,200
417484,0,30,2,2,0,3,14,5,0,0,0,0,0,0,21,0,0,0,0,200,200
417484,0,30,2,2,0,3,14,5,0,0,0,0,0,0,28,0,0,0,0,200,200
417484,1,30,2,2,0,3,14,5,0,0,0,0,0,0,22,0,200,200,200,200,200
417486,0,30,0,0,0,0,7,5,0,0,0,0,16,0,200,200,200,200,200,200,200
417487,0,30,0,0,0,3,12,6,0,0,0,14,0,0,24,200,3,0,200,200,200
417487,0,30,0,0,0,3,12,6,0,0,0,14,0,0,40,200,0,0,0,200,200
417487,1,30,0,0,0,3,12,6,0,0,0,14,0,1,25,200,200,200,200,200,200
417490,0,25,0,0,0,1,7,5,0,0,0,11,0,0,37,0,2,0,0,200,200
417496,0,30,1,2,0,3,14,5,0,0,0,6,200,2,200,200,5,200,200,200,200
417496,0,30,1,2,0,3,14,5,0,0,0,6,200,0,24,0,0,0,0,200,200
417496,1,30,1,2,0,3,14,5,0,0,0,6,200,1,23,0,200,200,200,200,200
417496,1,30,1,2,0,3,14,5,0,0,0,6,200,1,23,0,200,200,200,200,200
417496,1,30,1,2,0,3,14,5,0,0,0,6,200,0,23,0,200,200,200,200,200
417498,0,30,0,0,200,200,14,5,0,200,200,18,200,0,200,200,3,200,200,200,200
417498,0,30,0,0,200,200,14,5,0,200,200,18,200,0,27,200,0,200,200,200,200
417499,0,30,0,0,0,3,12,5,0,0,0,22,21,0,200,200,4,200,200,200,200
417499,0,30,0,0,0,3,12,5,0,0,0,22,21,0,57,0,0,0,0,200,200
417499,1,30,0,0,0,3,12,5,0,0,0,22,21,0,37,0,200,200,200,200,200
417502,0,25,0,0,0,3,0,5,0,0,0,17,17,0,66,0,1,0,0,200,200
417502,0,25,0,0,0,3,0,5,0,0,0,17,17,0,35,0,0,0,0,200,200
417508,0,25,0,0,0,3,7,5,0,0,0,32,20,1,54,0,6,0,5,200,200
417509,0,30,1,2,0,0,14,5,0,0,0,21,200,0,31,0,7,0,0,200,200
417509,0,30,1,2,0,0,14,5,0,0,0,21,200,1,53,0,0,0,0,200,200
417510,0,35,1,2,0,2,10,5,0,0,0,16,0,0,30,0,12,0,0,200,200
417510,0,35,1,2,0,2,10,5,0,0,0,16,0,1,38,0,0,0,0,200,200
417514,0,30,1,2,0,3,12,6,0,0,0,22,21,2,200,200,4,200,200,200,200
417514,0,30,1,2,0,3,12,6,0,0,0,22,21,0,26,0,0,0,0,200,200
417520,0,30,0,0,0,0,7,5,0,1,0,0,200,0,61,0,200,0,0,200,200
417525,0,30,1,2,0,2,10,5,0,0,0,16,18,0,22,0,3,0,0,200,200
417525,0,30,1,2,0,2,10,5,0,0,0,16,18,0,55,0,0,0,0,200,200
417529,0,30,0,0,0,2,2,3,0,0,0,0,200,1,24,200,12,200,200,200,200
417530,0,30,1,2,0,4,10,5,0,0,0,18,17,0,40,200,3,0,0,200,200
417530,0,30,1,2,0,4,10,5,0,0,0,18,17,0,54,200,0,0,0,200,200
417535,0,30,0,0,1,3,7,2,0,0,0,25,200,2,200,200,12,200,200,200,200
417541,4,25,1,2,2,2,8,2,0,0,0,6,200,0,56,2,1,200,0,200,200
417541,0,25,1,2,2,2,8,2,0,0,0,6,200,0,51,0,0,0,0,200,200
417546,0,30,2,0,0,1,10,5,2,0,3,28,15,0,29,200,200,200,0,200,200
417546,0,30,2,0,0,1,10,5,2,0,3,28,15,1,42,200,200,200,0,200,200
417547,0,15,0,0,0,2,3,7,0,0,0,0,200,0,200,200,200,200,200,200,200
417547,0,15,0,0,0,2,3,7,0,0,0,0,200,0,32,0,0,0,0,200,200
417558,0,25,0,0,0,1,10,12,0,0,0,18,200,0,200,200,3,0,0,200,200
417558,0,25,0,0,0,1,10,12,0,0,0,18,200,0,27,200,0,0,0,200,200
417559,0,30,0,0,1,1,2,5,0,0,0,0,0,0,36,0,0,0,0,200,200
417565,0,30,1,2,0,1,10,5,0,0,0,18,0,0,57,0,3,0,0,200,200
417565,0,30,1,2,0,1,10,5,0,0,0,18,0,1,45,0,0,0,0,200,200
417577,0,20,0,0,0,1,7,5,0,0,0,20,200,0,200,0,6,0,0,200,200
417582,0,30,1,2,0,1,10,5,2,0,0,18,7,0,28,0,3,12,0,200,200
417582,0,30,1,2,0,1,10,5,2,0,0,18,7,1,29,0,0,0,0,200,200
417592,0,30,0,0,1,1,7,2,0,0,0,32,32,0,39,0,12,0,6,200,200
417596,0,30,1,2,0,2,0,12,0,0,0,0,200,1,57,0,12,1,0,200,200
417596,0,30,1,2,0,2,0,12,0,0,0,0,200,2,200,200,200,200,200,200,200
417597,0,30,0,0,1,1,12,5,0,0,0,25,0,0,200,200,8,200,200,200,200
417597,0,30,0,0,1,1,12,5,0,0,0,25,0,1,55,0,0,0,0,200,200
417602,0,30,0,0,1,1,7,5,0,1,0,32,27,0,39,200,8,200,5,200,200
417604,0,30,0,0,0,2,7,6,0,0,0,0,0,1,41,0,6,0,0,200,200
417606,0,30,0,0,2,1,2,6,0,1,0,4,11,0,65,0,12,0,0,200,200
417608,0,30,0,0,2,0,2,5,0,1,0,0,27,1,36,7,200,200,7,200,200
417608,1,30,0,0,2,0,2,5,0,1,0,0,27,0,53,7,200,200,200,200,200
417610,0,30,1,2,0,1,10,2,0,0,0,16,200,0,44,200,12,200,0,200,200
417610,0,30,1,2,0,1,10,2,0,0,0,16,200,0,66,200,0,200,0,200,200
417615,0,35,0,0,0,1,10,5,0,0,0,0,0,1,53,200,200,200,200,200,200
417615,0,35,0,0,0,1,10,5,0,0,0,0,0,0,60,0,0,0,200,200,200
417622,0,30,1,2,2,1,0,5,0,1,200,6,25,0,20,200,5,200,0,200,200
417622,0,30,1,2,2,1,0,5,0,1,200,6,25,0,28,200,0,200,0,200,200
417623,0,30,1,2,2,1,10,5,0,1,0,18,200,0,30,200,3,0,0,200,200
417623,0,30,1,2,2,1,10,5,0,1,0,18,200,1,52,200,0,0,0,200,200
417629,0,30,1,2,2,1,0,5,0,1,0,6,200,0,19,0,5,0,0,200,200
417629,0,30,1,2,2,1,0,5,0,1,0,6,200,0,50,0,0,0,0,200,200
417629,1,30,1,2,2,1,0,5,0,1,0,6,200,1,21,0,200,200,200,200,200
417634,0,30,0,0,200,3,7,5,0,200,200,0,0,2,200,200,200,200,200,200,200
417641,0,30,0,0,2,1,11,6,0,1,0,10,200,1,47,0,0,0,0,200,200
417641,0,30,0,0,2,1,11,6,0,1,0,10,200,1,30,0,9,0,0,200,200
417643,0,30,2,2,2,1,14,2,0,1,0,17,0,1,59,0,1,0,0,200,200
417643,0,30,2,2,2,1,14,2,0,1,0,17,0,1,21,0,0,0,0,200,200
417650,0,25,0,0,200,200,7,6,0,200,0,0,0,2,200,200,200,200,200,200,200
417655,0,15,0,0,2,1,11,6,0,1,0,20,17,1,39,0,6,0,0,200,200
417655,0,15,0,0,2,1,11,6,0,1,0,20,17,0,59,0,0,0,0,200,200
417655,1,15,0,0,2,1,11,6,0,1,0,20,17,0,15,0,200,200,200,200,200
417655,1,15,0,0,2,1,11,6,0,1,0,20,17,200,4,5,200,200,200,200,200
417661,0,30,1,2,2,1,10,2,0,1,0,16,200,0,44,200,3,4,0,200,200
417661,0,30,1,2,2,1,10,2,0,1,0,16,200,1,64,200,0,0,0,200,200
417664,0,35,1,2,2,1,10,6,0,1,0,0,0,0,39,200,200,200,200,200,200
417664,0,35,1,2,2,1,10,6,0,1,0,0,0,0,51,200,200,200,0,200,200
417664,1,35,1,2,2,1,10,6,0,1,0,0,0,200,200,200,200,200,200,200,200
417667,0,35,0,0,2,1,14,5,0,1,200,17,17,0,71,200,1,200,0,200,200
417667,0,35,0,0,2,1,14,5,0,1,200,17,17,0,35,200,0,200,0,200,200
417669,0,25,0,0,2,1,10,6,0,1,0,33,20,0,57,0,6,4,0,200,200
417669,0,25,0,0,2,1,10,6,0,1,0,33,20,1,24,0,0,4,0,200,200
417670,0,25,1,2,2,1,12,5,0,1,0,0,0,0,63,0,0,0,0,200,200
417670,0,25,1,2,2,1,12,5,0,1,0,0,0,1,50,0,0,0,0,200,200
417671,0,30,1,2,2,1,12,3,0,1,0,21,200,0,59,200,4,200,0,200,200
417671,0,30,1,2,2,1,12,3,0,1,0,21,200,0,32,200,0,200,0,200,200
417671,0,30,1,2,2,1,12,3,0,1,0,21,200,0,63,200,0,200,0,200,200
417676,0,20,0,0,2,1,7,6,0,1,0,0,0,2,200,200,200,200,200,200,200
417688,0,15,0,0,2,1,7,7,0,1,0,20,200,0,200,200,6,200,200,200,200
417690,0,30,1,1,0,1,0,5,0,1,0,17,15,0,24,0,5,0,0,200,200
417690,0,30,1,1,0,1,0,5,0,1,0,17,15,0,68,0,8,0,0,200,200
417693,0,30,1,2,2,1,3,3,0,1,0,6,200,0,17,0,5,0,0,200,200
417693,0,30,1,2,2,1,3,3,0,1,0,6,200,0,37,0,0,0,0,200,200
417699,0,30,0,0,2,1,2,5,0,1,200,34,0,0,56,0,200,0,0,200,200
417704,0,30,2,2,0,1,14,2,0,1,0,17,21,0,22,200,12,200,0,200,200
417704,0,30,2,2,0,1,14,2,0,1,0,17,21,1,75,200,1,200,0,200,200
417712,0,30,0,0,2,1,12,5,0,1,0,17,0,1,37,0,12,0,0,200,200
417712,0,30,0,0,2,1,12,5,0,1,0,17,0,1,53,0,12,0,0,200,200
417712,1,30,0,0,2,1,12,5,0,1,0,17,0,1,2,0,200,200,200,200,200
417712,1,30,0,0,2,1,12,5,0,1,0,17,0,0,79,0,200,200,200,200,200
417714,4,15,0,0,2,1,8,7,0,1,0,13,200,0,200,7,13,0,200,200,200
417714,0,15,0,0,2,1,8,7,0,1,0,13,200,0,44,0,0,0,0,200,200
417716,0,30,0,0,2,1,10,2,0,1,200,0,0,0,200,200,200,200,200,200,200
417716,0,30,0,0,2,1,10,2,0,1,200,0,0,0,200,200,200,200,200,200,200
417716,0,30,0,0,2,1,10,2,0,1,200,0,0,1,57,0,0,200,0,200,200
417716,0,30,0,0,2,1,10,2,0,1,200,0,0,0,200,200,200,200,200,200,200
417717,0,0,0,0,2,1,0,7,0,1,0,0,0,0,0,200,200,200,200,200,200
417717,0,0,0,0,2,1,0,7,0,1,0,0,0,0,60,0,0,0,0,200,200
417726,0,30,0,0,2,1,7,2,0,1,0,34,200,0,27,200,12,0,0,200,200
417727,0,30,0,0,0,1,10,5,0,1,0,0,0,0,200,200,8,200,200,200,200
417727,0,30,0,0,0,1,10,5,0,1,0,0,0,0,63,0,0,0,0,200,200
417727,0,30,0,0,0,1,10,5,0,1,0,0,0,0,200,200,200,200,200,200,200
417731,0,30,2,2,1,1,14,5,0,3,0,17,17,0,27,0,1,0,0,200,200
417731,0,30,2,2,1,1,14,5,0,3,0,17,17,1,37,0,0,0,0,200,200
417731,1,30,2,2,1,1,14,5,0,3,0,17,17,0,200,0,200,200,200,200,200
417731,1,30,2,2,1,1,14,5,0,3,0,17,17,1,200,0,200,200,200,200,200
417736,0,25,2,2,2,1,0,5,0,1,0,17,200,0,20,0,1,0,0,200,200
417736,0,25,2,2,2,1,0,5,0,1,0,17,200,1,28,0,0,0,0,200,200
417736,0,25,2,2,2,1,0,5,0,1,0,17,200,1,30,0,0,0,0,200,200
417736,1,25,2,2,2,1,0,5,0,1,0,17,200,1,44,0,200,200,200,200,200
417736,1,25,2,2,2,1,0,5,0,1,0,17,200,0,47,0,200,200,200,200,200
417736,1,25,2,2,2,1,0,5,0,1,0,17,200,0,61,0,200,200,200,200,200
417736,1,25,2,2,2,1,0,5,0,1,0,17,200,1,33,0,200,200,200,200,200
417736,1,25,2,2,2,1,0,5,0,1,0,17,200,1,58,0,200,200,200,200,200
417736,1,25,2,2,2,1,0,5,0,1,0,17,200,1,16,0,200,200,200,200,200
417737,0,30,1,2,2,1,2,2,0,1,0,200,200,1,26,200,8,200,200,200,200
417737,1,30,1,2,2,1,2,2,0,1,0,200,200,1,45,200,200,200,200,200,200
417741,0,20,0,0,2,1,7,6,0,1,0,0,0,0,200,200,200,200,200,200,200
417743,0,30,1,2,1,1,0,2,0,0,0,17,17,1,77,200,1,200,0,200,200
417743,0,30,1,2,1,1,0,2,0,0,0,17,17,0,52,0,0,200,0,200,200
417764,0,30,0,0,0,1,7,6,0,0,0,0,0,2,200,200,200,200,200,200,200
417770,0,20,0,0,0,3,7,6,0,0,0,21,0,2,200,200,10,200,200,200,200
417773,0,15,0,0,0,1,7,0,0,1,0,21,200,0,50,200,2,0,0,200,200
417775,0,30,1,2,0,3,14,5,0,0,0,23,0,0,200,200,7,200,200,200,200
417775,0,30,1,2,0,3,14,5,0,0,0,23,0,0,26,0,12,0,0,200,200
417779,0,30,0,0,0,3,12,2,0,0,0,0,0,0,25,0,2,0,0,200,200
417779,0,30,0,0,0,3,12,2,0,0,0,0,0,0,32,0,0,0,0,200,200
417780,0,30,0,0,2,1,0,3,0,1,0,17,34,1,20,0,0,0,0,200,200
417780,0,30,0,0,2,1,0,3,0,1,0,17,34,0,40,0,1,0,0,200,200
417789,0,10,1,2,0,1,12,12,0,0,0,22,22,1,38,200,4,200,0,200,200
417789,0,10,1,2,0,1,12,12,0,0,0,22,22,1,56,0,0,200,200,200,200
417790,0,30,0,0,0,1,14,2,0,0,0,0,0,0,40,200,7,0,0,200,200
417790,0,30,0,0,0,1,14,2,0,0,0,0,0,0,26,0,0,0,0,200,200
417793,0,30,0,0,2,1,7,7,0,1,0,0,0,2,200,200,200,200,200,200,200
417797,0,25,0,0,0,1,12,2,0,0,0,22,200,0,200,200,2,200,200,200,200
417797,0,25,0,0,0,1,12,2,0,0,0,22,200,1,25,0,0,0,0,200,200
417803,1,10,0,12,2,1,7,7,3,1,0,0,0,1,62,200,200,200,200,200,200
417805,0,30,1,2,0,1,2,5,3,0,0,0,0,0,31,0,1,0,0,200,200
417812,0,30,0,0,2,1,9,2,0,1,0,17,16,2,200,200,1,200,200,200,200
417812,5,30,0,0,2,1,9,2,0,1,0,17,16,0,36,7,0,0,0,200,200
417813,0,40,3,2,1,1,12,3,2,1,0,21,0,0,200,200,4,200,200,200,200
417813,0,40,3,2,1,1,12,3,2,1,0,21,0,0,31,0,0,0,0,200,200
417818,0,20,0,0,1,1,7,5,0,1,0,0,200,1,36,0,12,0,0,200,200
417819,0,30,1,2,1,1,14,3,0,0,0,0,0,1,28,200,200,0,0,200,200
417819,0,30,1,2,1,1,14,3,0,0,0,0,0,1,85,200,200,0,0,200,200
417819,1,30,1,2,1,1,14,3,0,0,0,0,0,1,51,200,200,200,200,200,200
417819,1,30,1,2,1,1,14,3,0,0,0,0,0,0,2,0,200,200,200,200,200
417823,0,35,0,0,2,1,12,5,0,1,0,0,0,0,57,0,200,200,0,200,200
417823,0,35,0,0,2,1,12,5,0,1,0,0,0,1,51,0,200,200,0,200,200
417823,1,35,0,0,2,1,12,5,0,1,0,0,0,1,60,0,200,200,200,200,200
417823,1,35,0,0,2,1,12,5,0,1,0,0,0,1,81,0,200,200,200,200,200
417824,0,30,1,2,2,1,10,200,0,1,0,20,0,2,200,200,6,200,200,200,200
417824,0,30,1,2,2,1,10,200,0,1,0,20,0,1,33,0,0,0,0,200,200
417824,1,30,1,2,2,1,10,200,0,1,0,20,0,200,200,7,200,200,200,200,200
417824,1,30,1,2,2,1,10,200,0,1,0,20,0,2,200,7,200,200,200,200,200
417824,1,30,1,2,2,1,10,200,0,1,0,20,0,2,200,7,200,200,200,200,200
417830,0,30,0,0,0,1,12,3,0,0,200,0,200,1,50,0,12,0,0,200,200
417830,0,30,0,0,0,1,12,3,0,0,200,0,200,0,47,200,12,200,200,200,200
417832,0,25,1,2,0,1,10,5,0,0,0,18,0,0,24,0,3,0,0,200,200
417832,0,25,1,2,0,1,10,5,0,0,0,18,0,0,28,0,0,0,0,200,200
417839,0,30,0,0,0,1,7,2,0,1,0,200,200,0,39,0,10,0,0,200,200
417844,0,30,0,0,2,1,7,2,0,1,0,21,200,1,44,0,10,0,0,200,200
417849,0,30,0,0,0,1,14,5,0,1,0,0,0,1,66,200,200,200,200,200,200
417849,0,30,0,0,0,1,14,5,0,1,0,0,0,1,17,0,0,0,0,200,200
417852,0,30,2,2,2,1,2,5,0,1,12,200,200,1,61,0,12,0,0,200,200
417862,0,30,0,0,2,1,7,5,0,1,4,21,200,1,33,200,12,200,0,200,200
417865,0,30,200,200,200,1,12,5,0,1,200,0,200,1,200,7,0,0,0,200,200
417865,0,30,200,200,200,1,12,5,0,1,200,0,200,0,200,1,0,200,0,200,200
417869,0,0,0,0,2,1,0,12,0,1,0,11,200,0,20,200,1,0,0,200,200
417869,0,0,0,0,2,1,0,12,0,1,0,11,200,1,17,200,0,0,0,200,200
417869,1,0,0,0,2,1,0,12,0,1,0,11,200,1,15,200,200,200,200,200,200
417869,1,0,0,0,2,1,0,12,0,1,0,11,200,1,10,200,200,200,200,200,200
417891,0,35,0,0,2,1,10,2,0,1,0,0,0,0,74,0,200,0,0,200,200
417891,0,35,0,0,2,1,10,2,0,1,0,0,0,0,77,0,0,0,0,200,200
417894,0,30,1,2,0,1,14,12,0,1,0,17,200,0,36,0,1,0,0,200,200
417894,0,30,1,2,0,1,14,12,0,1,0,17,200,0,19,0,0,0,0,200,200
417894,1,30,1,2,0,1,14,12,0,1,0,17,200,1,17,0,200,200,200,200,200
417895,0,30,2,2,0,1,0,2,0,0,0,17,16,1,42,0,1,0,0,200,200
417895,0,30,2,2,0,1,0,2,0,0,0,17,16,0,56,0,0,0,0,200,200
417895,1,30,2,2,0,1,0,2,0,0,0,17,16,1,24,0,200,200,200,200,200
417895,1,30,2,2,0,1,0,2,0,0,0,17,16,0,1,5,200,200,200,200,200
417896,0,30,1,2,2,1,10,2,0,1,0,34,0,0,35,0,8,0,0,200,200
417896,0,30,1,2,2,1,10,2,0,1,0,34,0,0,69,0,0,0,0,200,200
417897,0,5,0,0,0,1,0,7,0,0,0,20,200,1,45,0,6,0,0,200,200
417897,0,5,0,0,0,1,0,7,0,0,0,20,200,1,40,0,0,0,0,200,200
417897,1,5,0,0,0,1,0,7,0,0,0,20,200,1,8,0,200,200,200,200,200
417897,1,5,0,0,0,1,0,7,0,0,0,20,200,1,4,0,200,200,200,200,200
417900,0,30,0,0,2,1,7,5,0,1,0,11,200,0,20,0,12,0,0,200,200
417901,0,30,0,0,2,1,12,5,0,1,0,0,200,1,200,200,12,200,200,200,200