RD_NO,PERSON_TYPE,POSTED_SPEED_LIMIT,TRAFFIC_CONTROL_DEVICE,DEVICE_CONDITION,WEATHER_CONDITION,LIGHTING_CONDITION,FIRST_CRASH_TYPE,TRAFFICWAY_TYPE,ALIGNMENT,ROADWAY_SURFACE_COND,ROAD_DEFECT,PRIM_CONTRIBUTORY_CAUSE,SEC_CONTRIBUTORY_CAUSE,SEX,AGE,SAFETY_EQUIPMENT,DRIVER_ACTION,DRIVER_VISION,PHYSICAL_CONDITION,BAC_RESULT VALUE,CELL_PHONE_USE
417901,0,30,0,0,2,1,12,5,0,1,0,0,200,1,30,0,0,0,0,200,200
417901,1,30,0,0,2,1,12,5,0,1,0,0,200,2,200,5,200,200,200,200,200
417908,0,30,0,0,1,1,7,2,0,1,0,0,0,1,200,0,12,0,0,200,200
417908,1,30,0,0,1,1,7,2,0,1,0,0,0,1,200,0,200,200,200,200,200
417910,0,25,0,0,0,1,10,5,0,1,0,11,0,0,18,0,1,0,0,200,200
417910,0,25,0,0,0,1,10,5,0,1,0,11,0,0,48,0,0,0,0,200,200
417910,1,25,0,0,0,1,10,5,0,1,0,11,0,0,200,0,200,200,200,200,200
417910,1,25,0,0,0,1,10,5,0,1,0,11,0,200,200,0,200,200,200,200,200
417912,0,30,1,2,2,1,11,2,0,1,0,21,0,1,33,0,4,0,0,200,200
417912,0,30,1,2,2,1,11,2,0,1,0,21,0,0,33,0,0,0,0,200,200
417916,0,30,1,2,0,1,3,5,0,0,0,10,21,0,78,200,9,200,200,200,200
417916,0,30,1,2,0,1,3,5,0,0,0,10,21,0,27,200,0,200,200,200,200
417916,1,30,1,2,0,1,3,5,0,0,0,10,21,1,31,200,200,200,200,200,200
417916,1,30,1,2,0,1,3,5,0,0,0,10,21,0,2,200,200,200,200,200,200
417931,0,35,0,0,0,1,12,5,0,0,0,17,0,0,25,200,0,200,0,200,200
417931,0,35,0,0,0,1,12,5,0,0,0,17,0,0,41,0,0,0,0,200,200
417934,0,30,0,0,0,1,12,3,0,0,0,22,16,1,40,200,4,0,0,200,200
417934,0,30,0,0,0,1,12,3,0,0,0,22,16,0,31,200,0,0,0,200,200
417934,0,30,0,0,0,1,12,3,0,0,0,22,16,0,55,200,0,0,0,200,200
417934,1,30,0,0,0,1,12,3,0,0,0,22,16,1,35,200,200,200,200,200,200
417937,0,30,1,2,0,3,10,5,0,0,200,11,200,1,200,0,3,0,0,200,200
417937,0,30,1,2,0,3,10,5,0,0,200,11,200,0,37,0,0,0,0,200,200
417939,0,30,0,0,0,1,10,5,0,0,0,200,200,0,52,0,0,0,0,200,200
417939,0,30,0,0,0,1,10,5,0,0,0,200,200,1,42,0,0,0,0,200,200
417939,1,30,0,0,0,1,10,5,0,0,0,200,200,1,200,0,200,200,200,200,200
417945,0,30,0,0,0,0,7,5,0,0,0,0,0,0,200,0,0,0,0,200,200
417945,1,30,0,0,0,0,7,5,0,0,0,0,0,1,200,200,200,200,200,200,200
417946,0,10,2,2,0,1,14,12,0,0,0,11,23,0,34,0,7,0,0,200,200
417946,0,10,2,2,0,1,14,12,0,0,0,11,23,0,56,0,0,0,0,200,200
417950,0,30,0,0,1,1,14,5,0,0,0,0,0,1,37,200,9,0,200,200,200
417950,0,30,0,0,1,1,14,5,0,0,0,0,0,1,20,0,0,0,0,200,200
417950,1,30,0,0,1,1,14,5,0,0,0,0,0,1,200,0,200,200,200,200,200
417956,0,35,0,0,0,1,12,5,0,0,0,0,200,0,200,0,200,200,0,200,200
417956,0,35,0,0,0,1,12,5,0,0,0,0,200,1,200,7,200,200,0,200,200
417956,1,35,0,0,0,1,12,5,0,0,0,0,200,1,200,0,200,200,200,200,200
417958,0,30,1,2,0,1,10,5,0,0,0,18,11,1,67,200,1,0,0,200,200
417958,0,30,1,2,0,1,10,5,0,0,0,18,11,0,48,0,0,0,0,200,200
417958,1,30,1,2,0,1,10,5,0,0,0,18,11,1,5,5,200,200,200,200,200
417962,0,25,2,0,0,1,14,5,0,0,0,17,16,0,40,200,1,0,0,200,200
417962,0,25,2,0,0,1,14,5,0,0,0,17,16,1,57,200,200,0,0,200,200
417963,0,25,0,0,0,1,10,5,0,0,0,14,18,0,200,200,8,200,200,200,200
417963,0,25,0,0,0,1,10,5,0,0,0,14,18,0,37,0,0,0,0,200,200
417967,0,30,1,2,2,1,10,5,0,1,200,11,200,0,69,0,3,0,0,200,200
417967,0,30,1,2,2,1,10,5,0,1,200,11,200,0,25,0,0,0,0,200,200
417969,0,30,0,0,2,1,7,7,0,1,0,20,0,1,200,200,6,200,200,200,200
417970,0,30,2,2,0,1,0,5,0,0,0,5,16,0,200,200,1,200,0,200,200
417970,0,30,2,2,0,1,0,5,0,0,0,5,16,1,21,0,0,0,0,200,200
417971,0,30,1,2,0,1,3,5,0,0,0,21,200,0,26,0,200,200,0,200,200
417971,0,30,1,2,0,1,3,5,0,0,0,21,200,0,25,0,0,0,0,200,200
417974,0,30,2,2,0,1,0,5,0,12,200,0,0,1,200,200,200,200,200,200,200
417974,0,30,2,2,0,1,0,5,0,12,200,0,0,0,53,0,0,200,200,200,200
417980,0,30,0,0,2,3,7,6,0,1,200,0,0,2,200,200,200,200,200,200,200
417983,0,15,200,200,0,1,2,0,0,0,0,0,0,0,200,200,200,200,200,200,200
417987,0,30,1,2,0,1,14,5,0,1,0,17,23,0,30,0,1,0,0,200,200
417987,0,30,1,2,0,1,14,5,0,1,0,17,23,0,33,0,0,0,0,200,200
417992,0,30,1,2,0,1,12,6,0,0,0,0,0,0,200,0,4,0,0,200,200
417992,0,30,1,2,0,1,12,6,0,0,0,0,0,0,200,0,0,0,0,200,200
417992,1,30,1,2,0,1,12,6,0,0,0,0,0,1,200,0,200,200,200,200,200
417995,0,30,1,2,0,1,12,5,0,0,0,0,0,0,200,200,12,200,200,200,200
417995,0,30,1,2,0,1,12,5,0,0,0,0,0,0,200,200,0,0,0,200,200
417995,1,30,1,2,0,1,12,5,0,0,0,0,0,1,200,200,200,200,200,200,200
417995,1,30,1,2,0,1,12,5,0,0,0,0,0,0,200,200,200,200,200,200,200
417996,0,30,0,200,0,1,14,2,0,0,200,17,0,0,39,200,1,200,200,200,200
417996,0,30,0,200,0,1,14,2,0,0,200,17,0,0,39,0,0,200,0,200,200
418003,0,35,0,0,0,1,12,5,0,0,0,21,200,0,200,200,4,200,200,200,200
418003,0,35,0,0,0,1,12,5,0,0,0,21,200,1,27,0,0,0,0,200,200
418005,0,30,0,0,0,1,10,5,0,0,0,18,11,2,200,200,1,200,200,200,200
418005,0,30,0,0,0,1,10,5,0,0,0,18,11,1,26,0,0,0,0,200,200
418005,1,30,0,0,0,1,10,5,0,0,0,18,11,0,29,0,200,200,200,200,200
418006,0,30,0,0,0,1,10,5,0,0,0,200,200,1,22,0,0,0,0,200,200
418006,0,30,0,0,0,1,10,5,0,0,0,200,200,0,28,1,0,0,0,200,200
418006,1,30,0,0,0,1,10,5,0,0,0,200,200,1,200,0,200,200,200,200,200
418009,0,30,0,0,0,1,7,5,0,0,200,0,0,2,200,200,200,200,200,200,200
418011,0,30,1,2,0,1,12,1,0,0,0,0,200,0,26,0,200,0,0,200,200
418011,0,30,1,2,0,1,12,1,0,0,0,0,200,0,36,0,0,0,0,200,200
418012,0,5,0,0,0,1,7,0,0,0,0,200,200,0,200,200,12,200,200,200,200
418017,0,30,1,2,5,1,10,2,0,1,0,18,16,0,45,0,0,0,0,200,200
418017,0,30,1,2,5,1,10,2,0,1,0,18,16,1,42,0,0,0,0,200,200
418017,0,30,1,2,5,1,10,2,0,1,0,18,16,1,27,0,0,0,0,200,200
418018,0,15,0,0,1,1,10,7,0,0,0,20,200,0,72,200,6,0,0,200,200
418018,0,15,0,0,1,1,10,7,0,0,0,20,200,1,60,200,6,0,0,200,200
418018,1,15,0,0,1,1,10,7,0,0,0,20,200,1,73,200,200,200,200,200,200
418018,1,15,0,0,1,1,10,7,0,0,0,20,200,0,31,200,200,200,200,200,200
418018,1,15,0,0,1,1,10,7,0,0,0,20,200,0,67,200,200,200,200,200,200
418019,0,30,1,2,0,1,12,5,0,0,0,21,200,1,38,0,200,4,0,200,200
418019,0,30,1,2,0,1,12,5,0,0,0,21,200,0,55,0,0,0,0,200,200
418019,1,30,1,2,0,1,12,5,0,0,0,21,200,2,200,200,200,200,200,200,200
418021,0,30,1,2,0,1,10,5,0,0,0,18,18,1,72,0,0,0,0,200,200
418024,0,30,2,0,0,1,0,5,0,1,1,17,11,1,60,0,1,0,0,200,200
418024,0,30,2,0,0,1,0,5,0,1,1,17,11,0,65,0,0,0,0,200,200
418025,0,30,1,2,0,1,0,5,2,0,200,6,11,1,57,200,200,0,200,200,200
418025,0,30,1,2,0,1,0,5,2,0,200,6,11,0,37,200,200,0,200,200,200
418025,0,30,1,2,0,1,0,5,2,0,200,6,11,1,54,200,200,0,200,200,200
418025,1,30,1,2,0,1,0,5,2,0,200,6,11,1,58,200,200,200,200,200,200
418025,1,30,1,2,0,1,0,5,2,0,200,6,11,0,52,200,200,200,200,200,200
418029,0,30,2,2,0,1,12,5,0,0,0,3,6,2,200,200,2,200,200,200,200
418029,0,30,2,2,0,1,12,5,0,0,0,3,6,0,28,0,0,0,0,200,200
418035,0,30,0,0,0,1,10,5,0,1,0,20,0,1,52,200,6,200,0,200,200
418035,0,30,0,0,0,1,10,5,0,1,0,20,0,0,56,0,0,0,0,200,200
418041,0,30,0,0,0,1,7,6,0,0,0,200,200,0,43,0,200,0,0,200,200
418042,0,30,2,0,0,1,0,5,0,0,0,0,0,1,24,0,1,0,0,200,200
418042,0,30,2,0,0,1,0,5,0,0,0,0,0,1,25,7,0,0,0,200,200
418043,0,30,0,0,0,1,7,5,0,1,0,21,16,1,200,200,12,0,0,200,200
418043,1,30,0,0,0,1,7,5,0,1,0,21,16,0,200,0,200,200,200,200,200
418045,0,30,0,0,0,1,7,3,0,0,0,0,0,1,200,200,12,0,0,200,200
418048,0,30,0,0,0,1,12,2,0,0,0,17,200,1,28,0,1,0,0,200,200
418048,0,30,0,0,0,1,12,2,0,0,0,17,200,1,59,0,0,0,0,200,200
418048,1,30,0,0,0,1,12,2,0,0,0,17,200,1,66,0,200,200,200,200,200
418054,0,35,1,2,0,1,10,5,0,0,0,0,0,0,38,0,12,0,0,200,200
418054,0,35,1,2,0,1,10,5,0,0,0,0,0,1,23,0,0,0,0,200,200
418054,1,35,1,2,0,1,10,5,0,0,0,0,0,0,28,0,200,200,200,200,200
418054,1,35,1,2,0,1,10,5,0,0,0,0,0,1,44,0,200,200,200,200,200
418054,1,35,1,2,0,1,10,5,0,0,0,0,0,1,6,0,200,200,200,200,200
418057,0,30,1,2,0,1,12,5,0,0,0,17,22,2,200,200,4,200,200,200,200
418057,0,30,1,2,0,1,12,5,0,0,0,17,22,0,31,200,0,0,0,200,200
418059,0,30,1,2,0,1,10,5,0,0,0,0,200,1,200,200,200,200,200,200,200
418059,0,30,1,2,0,1,10,5,0,0,0,0,200,1,24,0,0,0,0,200,200
418062,0,30,1,2,0,1,0,2,0,0,0,6,200,2,200,200,5,200,200,200,200
418062,0,30,1,2,0,1,0,2,0,0,0,6,200,0,68,0,0,0,0,200,200
418063,0,35,0,0,0,1,7,5,0,0,0,0,0,2,200,200,200,200,200,200,200
418064,0,30,0,0,0,1,9,7,0,0,0,20,0,0,200,200,6,200,200,200,200
418064,5,30,0,0,0,1,9,7,0,0,0,20,0,1,26,7,0,200,200,200,200
418065,0,30,2,2,0,1,0,12,0,0,0,5,200,0,23,200,12,200,0,200,200
418065,0,30,2,2,0,1,0,12,0,0,0,5,200,0,36,0,0,0,0,200,200
418068,0,30,1,2,0,1,10,6,0,0,0,0,0,1,200,200,3,0,0,200,200
418068,0,30,1,2,0,1,10,6,0,0,0,0,0,0,200,0,0,0,0,200,200
418068,1,30,1,2,0,1,10,6,0,0,0,0,0,1,200,200,200,200,200,200,200
418068,1,30,1,2,0,1,10,6,0,0,0,0,0,1,200,0,200,200,200,200,200
418068,1,30,1,2,0,1,10,6,0,0,0,0,0,1,11,0,200,200,200,200,200
418068,1,30,1,2,0,1,10,6,0,0,0,0,0,1,13,0,200,200,200,200,200
418069,0,30,1,2,1,1,10,5,0,0,0,0,200,1,21,0,200,0,0,200,200
418069,0,30,1,2,1,1,10,5,0,0,0,0,200,1,55,0,0,0,0,200,200
418069,1,30,1,2,1,1,10,5,0,0,0,0,200,1,19,0,200,200,200,200,200
418070,0,30,0,0,0,1,10,2,0,0,0,16,0,1,24,200,8,0,0,200,200
418070,0,30,0,0,0,1,10,2,0,0,0,16,0,1,33,0,0,0,0,200,200
418071,0,35,0,0,0,1,10,2,0,0,0,18,18,0,200,0,3,0,0,200,200
418071,0,35,0,0,0,1,10,2,0,0,0,18,18,1,34,0,12,0,0,200,200
418071,1,35,0,0,0,1,10,2,0,0,0,18,18,1,200,0,200,200,200,200,200
418071,1,35,0,0,0,1,10,2,0,0,0,18,18,0,200,0,200,200,200,200,200
418071,1,35,0,0,0,1,10,2,0,0,0,18,18,1,14,0,200,200,200,200,200
418071,1,35,0,0,0,1,10,2,0,0,0,18,18,1,16,0,200,200,200,200,200
418072,0,30,0,0,0,1,12,5,0,0,0,0,0,0,43,0,200,0,0,200,200
418072,0,30,0,0,0,1,12,5,0,0,0,0,0,0,44,0,0,0,0,200,200
418072,1,30,0,0,0,1,12,5,0,0,0,0,0,1,39,0,200,200,200,200,200
418072,1,30,0,0,0,1,12,5,0,0,0,0,0,0,6,0,200,200,200,200,200
418072,1,30,0,0,0,1,12,5,0,0,0,0,0,1,10,0,200,200,200,200,200
418080,0,30,0,0,0,1,10,5,0,0,0,20,11,0,45,0,6,0,0,200,200
418080,0,30,0,0,0,1,10,5,0,0,0,20,11,0,52,0,0,0,0,200,200
418080,1,30,0,0,0,1,10,5,0,0,0,20,11,0,200,0,200,200,200,200,200
418082,0,30,1,2,0,1,10,5,0,0,200,0,0,0,17,0,12,0,0,200,200
418082,0,30,1,2,0,1,10,5,0,0,200,0,0,0,42,0,0,0,0,200,200
418082,1,30,1,2,0,1,10,5,0,0,200,0,0,1,41,0,200,200,200,200,200
418085,0,5,0,0,200,1,2,0,0,200,0,200,200,0,200,200,12,200,200,200,200
418086,0,30,0,0,0,1,10,7,0,0,0,200,200,1,200,200,0,200,200,200,200
418086,0,30,0,0,0,1,10,7,0,0,0,200,200,0,54,200,0,200,200,200,200
418086,1,30,0,0,0,1,10,7,0,0,0,200,200,1,200,0,200,200,200,200,200
418086,1,30,0,0,0,1,10,7,0,0,0,200,200,1,200,200,200,200,200,200,200
418089,0,40,0,0,0,1,12,12,0,0,0,21,0,0,64,0,4,0,0,200,200
418089,0,40,0,0,0,1,12,12,0,0,0,21,0,0,59,0,0,0,0,200,200
418089,1,40,0,0,0,1,12,12,0,0,0,21,0,1,200,0,200,200,200,200,200
418089,1,40,0,0,0,1,12,12,0,0,0,21,0,1,200,0,200,200,200,200,200
418089,1,40,0,0,0,1,12,12,0,0,0,21,0,1,200,0,200,200,200,200,200
418092,0,30,0,0,0,1,7,2,0,0,0,21,200,1,70,0,4,0,0,200,200
418093,0,30,2,2,0,1,10,2,0,0,0,18,0,0,26,200,3,0,0,200,200
418093,0,30,2,2,0,1,10,2,0,0,0,18,0,0,38,0,0,0,0,200,200
418096,0,30,1,200,0,1,14,3,0,0,0,23,0,1,200,200,7,200,200,200,200
418096,0,30,1,200,0,1,14,3,0,0,0,23,0,0,33,200,0,0,0,200,200
418096,1,30,1,200,0,1,14,3,0,0,0,23,0,200,200,200,200,200,200,200,200
418098,0,30,1,2,0,1,14,2,0,0,0,18,0,0,200,0,3,0,0,200,200
418098,0,30,1,2,0,1,14,2,0,0,0,18,0,0,28,0,200,0,0,200,200
418100,0,10,0,3,0,1,7,7,0,0,0,25,0,2,200,200,200,200,200,200,200
418113,0,30,0,0,0,1,2,6,0,0,1,0,200,0,31,0,200,0,0,200,200
418115,0,30,0,0,0,1,5,2,0,0,0,12,200,0,37,200,0,0,0,200,200
418122,0,30,2,2,0,1,0,5,0,0,200,17,33,0,38,0,1,1,0,200,200
418122,0,30,2,2,0,1,0,5,0,0,200,17,33,0,32,0,0,0,0,200,200
418125,0,35,1,2,0,1,14,2,0,0,0,17,200,0,200,200,1,200,200,200,200
418125,0,35,1,2,0,1,14,2,0,0,0,17,200,1,29,200,0,0,0,200,200
418126,0,30,1,2,0,1,12,5,0,0,0,22,16,1,25,200,4,12,0,200,200
418126,0,30,1,2,0,1,12,5,0,0,0,22,16,1,58,200,0,0,0,200,200
418128,0,30,12,200,2,1,9,6,0,1,0,3,17,0,27,0,9,0,200,200,200
418128,5,30,12,200,2,1,9,6,0,1,0,3,17,1,29,7,0,0,0,200,200
418129,0,30,1,2,0,1,10,3,0,0,0,18,200,0,26,200,3,200,200,200,200
418129,0,30,1,2,0,1,10,3,0,0,0,18,200,0,200,0,0,0,0,200,200
418134,0,30,0,0,1,1,12,2,0,0,0,22,200,1,200,200,2,200,200,200,200
418134,0,30,0,0,1,1,12,2,0,0,0,22,200,1,31,0,0,0,0,200,200
418136,0,30,0,0,1,1,7,6,0,200,200,0,0,2,200,200,200,200,200,200,200
418139,0,30,0,0,0,1,12,3,0,0,0,0,0,0,200,200,200,0,200,200,200
418139,0,30,0,0,0,1,12,3,0,0,0,0,0,0,200,0,200,0,0,200,200
418139,1,30,0,0,0,1,12,3,0,0,0,0,0,1,200,0,200,200,200,200,200
418145,0,30,0,0,0,1,10,5,0,0,0,18,200,2,200,200,3,200,200,200,200
418145,0,30,0,0,0,1,10,5,0,0,0,18,200,1,36,0,0,0,0,200,200
418145,1,30,0,0,0,1,10,5,0,0,0,18,200,0,13,0,200,200,200,200,200
418145,1,30,0,0,0,1,10,5,0,0,0,18,200,1,8,0,200,200,200,200,200
418146,0,30,0,0,0,1,10,2,0,0,0,0,0,0,28,200,200,0,200,200,200
418146,0,30,0,0,0,1,10,2,0,0,0,0,0,1,35,0,200,0,0,200,200
418148,0,30,1,200,2,3,10,5,0,1,200,0,0,2,200,200,200,200,200,200,200
418148,0,30,1,200,2,3,10,5,0,1,200,0,0,1,40,200,200,200,200,200,200
418148,0,30,1,200,2,3,10,5,0,1,200,0,0,2,200,200,200,200,200,200,200
418153,0,30,0,0,200,0,7,2,0,200,0,0,200,2,200,200,200,200,200,200,200
418157,0,30,0,0,0,1,7,5,0,0,0,200,200,2,200,200,200,200,200,200,200
418158,0,30,0,0,0,1,7,5,0,0,0,200,200,0,42,0,0,0,0,200,200
418159,0,30,2,2,0,1,2,6,0,0,12,28,200,1,36,0,0,0,0,200,200
418159,1,30,2,2,0,1,2,6,0,0,12,28,200,1,1,5,200,200,200,200,200
418162,0,35,0,0,0,1,10,7,0,0,0,0,0,2,200,200,200,200,200,200,200
418162,0,35,0,0,0,1,10,7,0,0,0,0,0,0,24,0,0,0,0,200,200
418170,0,30,1,2,0,1,0,12,0,0,0,6,17,0,54,200,5,0,0,200,200
418170,0,30,1,2,0,1,0,12,0,0,0,6,17,0,34,0,0,0,0,200,200
418170,5,30,1,2,0,1,0,12,0,0,0,6,17,0,49,200,0,0,0,200,200
418170,5,30,1,2,0,1,0,12,0,0,0,6,17,1,42,7,0,0,0,200,200
418170,1,30,1,2,0,1,0,12,0,0,0,6,17,1,48,1,200,200,200,200,200
418170,1,30,1,2,0,1,0,12,0,0,0,6,17,1,200,1,200,200,200,200,200
418170,1,30,1,2,0,1,0,12,0,0,0,6,17,1,18,0,200,200,200,200,200
418170,1,30,1,2,0,1,0,12,0,0,0,6,17,1,45,0,200,200,200,200,200
418170,1,30,1,2,0,1,0,12,0,0,0,6,17,0,28,200,200,200,200,200,200
418173,0,30,0,0,2,1,10,5,0,1,0,0,200,0,200,200,200,200,200,200,200
418173,0,30,0,0,2,1,10,5,0,1,0,0,200,1,200,0,200,200,0,200,200
418173,0,30,0,0,2,1,10,5,0,1,0,0,200,0,200,200,200,200,200,200,200
418173,1,30,0,0,2,1,10,5,0,1,0,0,200,1,200,200,200,200,200,200,200
418174,0,30,12,2,0,1,7,5,0,0,0,22,0,0,50,200,0,0,0,200,200
418174,1,30,12,2,0,1,7,5,0,0,0,22,0,0,200,0,200,200,200,200,200
418174,1,30,12,2,0,1,7,5,0,0,0,22,0,1,200,0,200,200,200,200,200
418182,0,30,0,0,0,1,14,5,0,0,200,17,200,1,19,0,1,0,0,200,200
418182,0,30,0,0,0,1,14,5,0,0,200,17,200,1,55,0,0,200,2,200,200
418188,0,30,0,0,0,1,7,2,0,0,0,27,0,1,200,200,12,200,2,200,200
418188,1,30,0,0,0,1,7,2,0,0,0,27,0,1,22,0,200,200,200,200,200
418188,1,30,0,0,0,1,7,2,0,0,0,27,0,1,45,0,200,200,200,200,200
418190,0,30,0,0,0,1,10,5,0,0,0,18,16,0,200,200,3,200,200,200,200
418190,0,30,0,0,0,1,10,5,0,0,0,18,16,0,63,0,0,0,0,200,200
418191,0,30,1,2,0,1,14,5,0,0,0,22,200,2,66,200,1,200,200,200,200
418191,0,30,1,2,0,1,14,5,0,0,0,22,200,0,67,0,0,4,0,200,200
418197,0,30,1,2,0,1,12,2,0,0,0,0,0,1,200,200,200,200,200,200,200
418197,0,30,1,2,0,1,12,2,0,0,0,0,0,0,61,0,0,0,0,200,200
418199,0,20,0,0,0,1,7,7,0,0,200,0,0,2,200,200,200,200,200,200,200
418201,0,30,2,2,0,1,0,6,0,0,0,17,200,1,33,200,1,0,0,200,200
418201,0,30,2,2,0,1,0,6,0,0,0,17,200,0,55,200,1,0,0,200,200
418201,1,30,2,2,0,1,0,6,0,0,0,17,200,1,6,200,200,200,200,200,200
418203,0,30,0,0,0,1,10,5,0,0,0,0,0,0,52,200,12,200,200,200,200
418203,0,30,0,0,0,1,10,5,0,0,0,0,0,0,57,0,0,0,0,200,200
418208,0,25,0,0,0,1,7,5,0,0,0,20,0,0,49,0,6,0,0,200,200
418213,0,30,0,0,0,1,7,2,0,0,0,11,16,0,69,2,12,200,0,0,200
418216,0,35,2,2,0,1,10,5,0,0,0,18,0,1,50,200,3,200,200,200,200
418216,0,35,2,2,0,1,10,5,0,0,0,18,0,0,31,0,0,0,0,200,200
418219,0,30,0,0,0,1,10,5,0,1,0,18,0,0,48,0,3,200,0,200,200
418219,0,30,0,0,0,1,10,5,0,1,0,18,0,1,26,0,0,0,0,200,200
418223,0,30,0,0,0,4,10,5,0,0,0,200,200,1,68,0,0,0,0,200,200
418223,0,30,0,0,0,4,10,5,0,0,0,200,200,1,52,7,0,0,0,200,200
418224,0,0,0,0,0,1,11,7,0,0,0,20,11,0,200,200,6,200,200,200,200
418224,0,0,0,0,0,1,11,7,0,0,0,20,11,1,60,0,0,0,0,200,200
418224,1,0,0,0,0,1,11,7,0,0,0,20,11,200,200,0,200,200,200,200,200
418224,1,0,0,0,0,1,11,7,0,0,0,20,11,1,200,200,200,200,200,200,200
418227,0,30,0,0,0,1,10,5,2,0,0,18,18,0,38,0,3,0,0,200,200
418227,0,30,0,0,0,1,10,5,2,0,0,18,18,0,58,0,0,0,0,200,200
418227,1,30,0,0,0,1,10,5,2,0,0,18,18,1,69,0,200,200,200,200,200
418230,0,30,0,0,0,1,12,2,0,0,0,0,200,0,66,7,0,0,0,200,200
418230,0,30,0,0,0,1,12,2,0,0,0,0,200,0,22,7,0,0,0,200,200
418234,0,25,0,0,0,1,7,5,0,0,0,25,200,0,32,0,13,0,0,200,200
418234,1,25,0,0,0,1,7,5,0,0,0,25,200,0,33,0,200,200,200,200,200
418235,0,30,1,2,0,1,12,3,0,0,0,17,0,0,44,200,1,0,0,200,200
418235,0,30,1,2,0,1,12,3,0,0,0,17,0,0,32,7,0,0,0,200,200
418242,4,20,0,0,0,1,8,6,0,0,0,0,0,1,52,200,0,200,200,200,200
418242,0,20,0,0,0,1,8,6,0,0,0,0,0,0,30,200,200,200,200,200,200
418248,0,0,0,0,0,1,12,3,0,0,0,0,0,0,200,200,200,200,200,200,200
418248,0,0,0,0,0,1,12,3,0,0,0,0,0,1,31,200,0,200,0,200,200
418250,0,30,0,0,0,1,10,3,0,0,0,16,18,2,200,200,3,200,200,200,200
418250,0,30,0,0,0,1,10,3,0,0,0,16,18,0,69,0,0,0,0,200,200
418255,0,30,0,0,0,1,7,5,0,0,0,0,0,2,200,200,200,200,200,200,200
418268,0,35,0,0,0,1,10,5,0,0,0,18,0,0,45,0,3,0,0,200,200
418268,0,35,0,0,0,1,10,5,0,0,0,18,0,1,36,200,0,200,200,200,200
418271,0,30,1,2,0,1,10,2,0,0,200,18,0,1,200,200,3,200,200,200,200
418271,0,30,1,2,0,1,10,2,0,0,200,18,0,0,29,0,0,200,200,200,200
418273,0,30,0,0,0,1,12,5,0,0,0,0,0,0,41,200,4,200,0,200,200
418273,0,30,0,0,0,1,12,5,0,0,0,0,0,0,25,0,12,0,0,200,200
418284,0,30,1,2,0,1,12,5,0,0,0,0,200,1,200,200,4,0,200,200,200
418284,0,30,1,2,0,1,12,5,0,0,0,0,200,0,200,0,0,0,0,200,200
418286,0,30,1,2,0,1,10,5,0,0,200,11,200,0,27,0,3,0,0,200,200
418286,0,30,1,2,0,1,10,5,0,0,200,11,200,1,35,0,0,0,0,200,200
418290,0,35,1,2,0,1,10,5,0,0,0,18,0,1,28,200,3,200,0,200,200
418290,0,35,1,2,0,1,10,5,0,0,0,18,0,0,57,0,0,0,0,200,200
418290,1,35,1,2,0,1,10,5,0,0,0,18,0,1,200,200,200,200,200,200,200
418290,1,35,1,2,0,1,10,5,0,0,0,18,0,1,53,0,200,200,200,200,200
418296,0,0,0,0,0,1,7,7,0,0,0,27,0,0,76,200,200,0,12,200,200
418297,0,30,0,0,0,1,7,6,0,0,0,0,200,2,200,200,200,200,200,200,200
418299,0,30,0,0,2,1,14,5,0,1,0,10,34,1,200,200,9,200,200,200,200
418299,0,30,0,0,2,1,14,5,0,1,0,10,34,0,39,0,0,0,0,200,200
418299,1,30,0,0,2,1,14,5,0,1,0,10,34,0,26,0,200,200,200,200,200
418300,0,30,0,0,2,3,7,6,0,1,0,0,0,2,200,200,200,200,200,200,200
418301,0,25,0,0,0,1,14,6,0,0,0,17,0,0,73,0,1,0,0,200,200
418301,0,25,0,0,0,1,14,6,0,0,0,17,0,0,29,0,1,0,0,200,200
418303,0,30,1,2,0,1,14,5,0,0,0,18,16,0,200,200,3,200,200,200,200
418303,0,30,1,2,0,1,14,5,0,0,0,18,16,0,29,0,0,0,0,200,200
418303,1,30,1,2,0,1,14,5,0,0,0,18,16,1,200,200,200,200,200,200,200
418307,0,35,1,2,0,1,0,5,0,0,0,6,200,2,200,200,5,200,200,200,200
418307,0,35,1,2,0,1,0,5,0,0,0,6,200,0,61,0,0,0,0,200,200
418311,0,30,0,0,0,1,10,5,0,0,0,18,200,0,59,0,3,0,0,200,200
418311,0,30,0,0,0,1,10,5,0,0,0,18,200,1,49,0,0,0,0,200,200
418311,1,30,0,0,0,1,10,5,0,0,0,18,200,1,200,0,200,200,200,200,200
418315,0,30,0,0,0,1,0,5,0,0,0,17,200,0,23,0,200,0,0,200,200
418315,0,30,0,0,0,1,0,5,0,0,0,17,200,0,200,200,200,200,200,200,200
418323,0,30,0,0,0,1,2,5,0,0,0,10,11,0,77,200,9,200,200,200,200
418325,0,35,0,0,0,1,10,3,0,0,0,18,0,0,44,200,3,200,200,200,200
418325,0,35,0,0,0,1,10,3,0,0,0,18,0,1,55,0,0,0,0,200,200
418329,0,20,0,0,0,1,7,6,0,0,0,11,11,1,39,200,2,0,0,200,200
418330,0,30,2,2,0,1,14,5,0,1,0,17,16,1,200,0,12,0,0,200,200
418330,0,30,2,2,0,1,14,5,0,1,0,17,16,0,200,0,0,0,0,200,200
418330,1,30,2,2,0,1,14,5,0,1,0,17,16,0,200,0,200,200,200,200,200
418333,0,30,0,0,0,1,14,5,0,0,0,0,0,1,20,0,7,0,0,200,200
418333,0,30,0,0,0,1,14,5,0,0,0,0,0,1,45,0,0,0,0,200,200