RD_NO,PERSON_TYPE,POSTED_SPEED_LIMIT,TRAFFIC_CONTROL_DEVICE,DEVICE_CONDITION,WEATHER_CONDITION,LIGHTING_CONDITION,FIRST_CRASH_TYPE,TRAFFICWAY_TYPE,ALIGNMENT,ROADWAY_SURFACE_COND,ROAD_DEFECT,PRIM_CONTRIBUTORY_CAUSE,SEC_CONTRIBUTORY_CAUSE,SEX,AGE,SAFETY_EQUIPMENT,DRIVER_ACTION,DRIVER_VISION,PHYSICAL_CONDITION,BAC_RESULT VALUE,CELL_PHONE_USE
418344,0,30,0,0,2,1,7,5,0,1,0,0,0,2,200,200,200,200,200,200,200
418351,0,30,0,0,0,4,7,5,0,0,0,7,200,1,66,0,15,0,0,200,200
418352,0,30,0,0,0,1,7,7,0,0,0,18,0,0,51,0,3,0,0,200,200
418376,0,30,1,2,0,200,10,5,0,200,200,18,200,0,26,0,3,200,200,200,200
418376,0,30,1,2,0,200,10,5,0,200,200,18,200,1,48,0,0,200,200,200,200
418376,1,30,1,2,0,200,10,5,0,200,200,18,200,1,42,0,200,200,200,200,200
418377,0,25,0,0,0,4,12,5,0,0,0,0,200,1,39,0,0,0,0,200,200
418377,0,25,0,0,0,4,12,5,0,0,0,0,200,0,38,0,12,0,0,200,200
418379,0,30,1,2,0,3,14,12,0,0,0,0,0,1,200,200,200,0,0,200,200
418379,0,30,1,2,0,3,14,12,0,0,0,0,0,0,200,0,200,0,0,200,200
418384,0,30,0,0,0,3,7,5,2,0,0,0,0,0,44,200,0,200,7,200,200
418389,0,30,0,0,0,3,2,5,0,0,0,11,200,0,52,0,0,0,0,200,200
418391,0,30,0,0,200,200,7,7,0,200,200,0,0,2,200,200,200,200,200,200,200
418407,0,20,2,2,0,3,12,2,0,0,200,21,21,0,51,200,0,200,200,200,200
418407,0,20,2,2,0,3,12,2,0,0,200,21,21,2,200,200,1,200,200,200,200
418414,0,25,0,0,2,3,14,2,0,1,0,18,18,0,73,0,7,0,0,200,200
418414,0,25,0,0,2,3,14,2,0,1,0,18,18,0,49,0,0,0,0,200,200
418416,0,15,0,0,0,1,7,7,0,0,0,200,200,2,200,200,200,200,200,200,200
418419,0,30,0,0,2,4,12,5,0,1,0,17,200,1,200,200,1,200,200,200,200
418419,0,30,0,0,2,4,12,5,0,1,0,17,200,0,43,200,200,200,200,200,200
418420,0,30,0,0,0,3,14,6,0,0,0,25,200,2,200,200,13,200,200,200,200
418420,0,30,0,0,0,3,14,6,0,0,0,25,200,1,22,200,0,0,0,200,200
418420,1,30,0,0,0,3,14,6,0,0,0,25,200,0,2,0,200,200,200,200,200
418424,0,30,0,0,0,3,9,5,0,0,0,25,25,1,38,200,12,0,1,200,200
418424,5,30,0,0,0,3,9,5,0,0,0,25,25,1,53,7,12,0,200,200,200
418428,0,30,2,2,2,3,11,5,0,1,0,16,21,0,200,200,4,200,200,200,200
418428,0,30,2,2,2,3,11,5,0,1,0,16,21,1,200,200,0,0,0,200,200
418432,0,30,0,0,2,3,14,5,0,1,0,0,34,1,28,0,1,200,0,200,200
418432,0,30,0,0,2,3,14,5,0,1,0,0,34,0,32,0,0,0,0,200,200
418433,0,30,1,2,0,3,12,2,0,0,200,11,21,0,200,200,200,200,200,200,200
418433,0,30,1,2,0,3,12,2,0,0,200,11,21,1,26,0,0,0,0,200,200
418435,0,35,1,2,0,3,14,5,0,0,0,25,6,1,200,200,5,200,200,200,200
418435,0,35,1,2,0,3,14,5,0,0,0,25,6,1,200,200,0,200,200,200,200
418435,1,35,1,2,0,3,14,5,0,0,0,25,6,200,200,200,200,200,200,200,200
418435,1,35,1,2,0,3,14,5,0,0,0,25,6,200,200,200,200,200,200,200,200
418449,0,15,0,0,0,3,7,6,0,0,0,200,200,2,200,200,200,200,200,200,200
418449,1,15,0,0,0,3,7,6,0,0,0,200,200,2,200,200,200,200,200,200,200
418451,0,30,0,0,2,3,12,2,0,1,3,34,11,0,40,0,4,12,0,200,200
418451,0,30,0,0,2,3,12,2,0,1,3,34,11,0,40,0,0,200,0,200,200
418459,0,30,1,2,0,3,14,5,0,0,0,17,200,1,19,200,7,200,0,200,200
418459,0,30,1,2,0,3,14,5,0,0,0,17,200,0,20,200,0,200,0,200,200
418459,1,30,1,2,0,3,14,5,0,0,0,17,200,1,200,200,200,200,200,200,200
418468,0,30,1,2,0,3,0,5,0,200,0,6,200,0,32,0,5,0,0,200,200
418468,0,30,1,2,0,3,0,5,0,200,0,6,200,1,31,200,0,0,7,200,200
418468,1,30,1,2,0,3,0,5,0,200,0,6,200,0,200,0,200,200,200,200,200
418468,1,30,1,2,0,3,0,5,0,200,0,6,200,0,200,0,200,200,200,200,200
418487,0,30,0,0,0,3,12,2,0,1,0,25,0,0,200,200,2,200,200,200,200
418487,0,30,0,0,0,3,12,2,0,1,0,25,0,0,37,7,0,0,0,200,200
418487,1,30,0,0,0,3,12,2,0,1,0,25,0,0,200,200,200,200,200,200,200
418490,0,30,0,0,0,4,10,5,0,0,0,16,18,0,28,200,8,200,200,200,200
418490,0,30,0,0,0,4,10,5,0,0,0,16,18,0,41,7,0,0,0,200,200
418490,1,30,0,0,0,4,10,5,0,0,0,16,18,1,52,0,200,200,200,200,200
418490,1,30,0,0,0,4,10,5,0,0,0,16,18,0,38,0,200,200,200,200,200
418491,0,30,1,2,0,3,9,6,0,1,0,0,200,2,200,200,200,200,200,200,200
418491,5,30,1,2,0,3,9,6,0,1,0,0,200,0,60,7,200,200,7,200,200
418497,0,30,0,0,2,1,7,5,0,1,200,20,0,0,200,200,6,200,200,200,200
418505,0,30,200,200,1,3,14,2,0,0,200,11,0,0,200,200,200,200,0,200,200
418505,0,30,200,200,1,3,14,2,0,0,200,11,0,0,200,200,0,0,0,200,200
418509,0,20,0,0,0,3,11,2,0,0,0,0,0,1,200,200,200,200,200,200,200
418509,0,20,0,0,0,3,11,2,0,0,0,0,0,0,17,0,0,0,0,200,200
418515,0,30,1,2,0,3,11,2,0,200,200,0,0,0,36,200,12,200,200,200,200
418515,0,30,1,2,0,3,11,2,0,200,200,0,0,1,52,200,0,200,200,200,200
418515,1,30,1,2,0,3,11,2,0,200,200,0,0,1,30,200,200,200,200,200,200
418516,0,30,0,0,0,3,7,5,0,0,200,11,25,2,200,200,200,200,200,200,200
418519,0,30,0,0,0,4,10,6,0,0,0,200,200,1,31,0,3,0,0,200,200
418519,0,30,0,0,0,4,10,6,0,0,0,200,200,1,35,0,0,0,0,200,200
418519,0,30,0,0,0,4,10,6,0,0,0,200,200,0,49,0,0,0,0,200,200
418526,0,30,1,2,2,3,10,5,0,1,0,15,14,0,21,0,8,200,0,200,200
418526,0,30,1,2,2,3,10,5,0,1,0,15,14,0,44,0,0,200,0,200,200
418526,0,30,1,2,2,3,10,5,0,1,0,15,14,1,48,0,0,200,0,200,200
418530,0,30,0,0,2,3,10,2,0,1,3,18,11,0,200,200,0,200,200,200,200
418530,0,30,0,0,2,3,10,2,0,1,3,18,11,1,42,200,3,200,200,200,200
418530,0,30,0,0,2,3,10,2,0,1,3,18,11,0,49,0,0,200,0,200,200
418535,0,30,0,0,0,3,10,5,0,0,0,18,0,2,200,200,3,200,200,200,200
418535,0,30,0,0,0,3,10,5,0,0,0,18,0,1,20,200,0,0,0,200,200
418539,0,30,1,2,0,0,10,5,0,1,0,18,0,0,31,0,3,0,0,200,200
418539,0,30,1,2,0,0,10,5,0,1,0,18,0,0,27,0,0,0,0,200,200
418542,0,30,1,2,0,3,12,6,0,0,0,21,200,1,200,200,4,200,200,200,200
418542,0,30,1,2,0,3,12,6,0,0,0,21,200,0,31,0,0,0,0,200,200
418542,1,30,1,2,0,3,12,6,0,0,0,21,200,0,28,0,200,200,200,200,200
418545,0,30,1,2,0,3,10,3,0,0,200,18,18,1,200,200,3,200,200,200,200
418545,0,30,1,2,0,3,10,3,0,0,200,18,18,0,36,200,12,0,0,200,200
418549,0,30,0,0,0,3,7,5,0,0,0,32,30,1,22,0,11,200,5,0.11,1
418552,0,15,0,0,1,4,7,7,0,0,0,22,200,1,27,7,2,0,0,200,200
418562,0,30,0,0,0,3,7,6,0,0,0,7,16,0,45,0,12,200,0,200,200
418565,0,25,2,2,0,3,0,5,0,0,0,16,200,1,29,0,14,0,0,200,200
418565,0,25,2,2,0,3,0,5,0,0,0,16,200,0,35,0,14,0,0,200,200
418565,1,25,2,2,0,3,0,5,0,0,0,16,200,0,25,0,200,200,200,200,200
418565,1,25,2,2,0,3,0,5,0,0,0,16,200,0,30,0,200,200,200,200,200
418565,1,25,2,2,0,3,0,5,0,0,0,16,200,0,32,0,200,200,200,200,200
418565,1,25,2,2,0,3,0,5,0,0,0,16,200,0,36,0,200,200,200,200,200
418567,0,5,0,0,200,1,10,7,0,200,200,18,200,0,200,200,3,200,200,200,200
418567,0,5,0,0,200,1,10,7,0,200,200,18,200,1,35,200,0,0,0,200,200
418575,0,35,1,2,0,3,14,2,0,0,0,25,14,0,200,1,5,0,200,200,200
418575,0,35,1,2,0,3,14,2,0,0,0,25,14,0,39,0,0,0,0,200,200
418575,1,35,1,2,0,3,14,2,0,0,0,25,14,0,200,1,200,200,200,200,200
418575,1,35,1,2,0,3,14,2,0,0,0,25,14,1,33,0,200,200,200,200,200
418592,0,30,1,2,0,3,10,2,0,0,0,200,200,1,20,0,3,0,0,200,200
418592,0,30,1,2,0,3,10,2,0,0,0,200,200,1,26,0,0,0,0,200,200
418599,0,30,0,0,0,0,7,6,2,0,200,200,200,0,33,200,12,200,0,200,200
418599,1,30,0,0,0,0,7,6,2,0,200,200,200,1,23,200,200,200,200,200,200
418599,1,30,0,0,0,0,7,6,2,0,200,200,200,0,200,5,200,200,200,200,200
418600,0,30,0,0,0,3,12,5,0,0,200,0,0,0,29,200,200,200,200,200,200
418600,0,30,0,0,0,3,12,5,0,0,200,0,0,1,63,200,200,200,200,200,200
418604,0,30,0,0,0,3,7,5,1,0,0,16,200,1,49,200,4,0,0,200,200
418607,0,25,2,2,2,3,0,2,0,1,0,5,5,0,70,0,5,0,0,200,200
418607,0,25,2,2,2,3,0,2,0,1,0,5,5,0,30,0,0,0,0,200,200
418612,0,30,1,2,0,0,10,5,0,0,0,0,19,0,200,200,0,200,200,200,200
418612,0,30,1,2,0,0,10,5,0,0,0,0,19,0,44,0,0,0,0,200,200
418612,1,30,1,2,0,0,10,5,0,0,0,0,19,1,64,0,200,200,200,200,200
418618,0,30,0,0,2,0,7,7,0,1,0,200,200,0,200,200,6,200,200,200,200
418622,0,30,0,0,0,200,7,5,0,0,0,0,0,2,200,200,200,200,200,200,200
418626,0,35,0,0,0,3,10,3,0,0,200,18,0,0,200,200,3,200,200,200,200
418626,0,35,0,0,0,3,10,3,0,0,200,18,0,0,58,0,0,0,0,200,200
418627,0,30,0,0,0,3,2,0,0,0,0,200,200,0,200,0,0,12,0,200,200
418627,1,30,0,0,0,3,2,0,0,0,0,200,200,0,200,0,200,200,200,200,200
418628,0,30,1,2,0,3,10,2,0,1,0,0,0,1,200,200,8,200,200,200,200
418628,0,30,1,2,0,3,10,2,0,1,0,0,0,1,55,0,200,0,0,200,200
418634,0,30,0,0,0,3,12,2,0,0,0,0,200,1,200,200,200,200,0,200,200
418634,0,30,0,0,0,3,12,2,0,0,0,0,200,0,200,200,200,200,0,200,200
418635,0,30,1,2,0,3,10,1,2,0,200,16,32,0,25,200,200,200,3,0.15,200
418635,0,30,1,2,0,3,10,1,2,0,200,16,32,0,36,200,200,0,0,200,200
418635,1,30,1,2,0,3,10,1,2,0,200,16,32,0,20,200,200,200,200,200,200
418643,0,35,1,2,0,3,2,3,0,1,0,0,18,0,29,0,3,0,0,200,200
418648,0,35,1,2,0,3,14,2,0,0,0,14,10,0,22,3,8,0,7,200,200
418648,0,35,1,2,0,3,14,2,0,0,0,14,10,0,0,0,0,0,0,200,200
418652,0,30,2,0,0,0,10,5,0,0,0,0,200,2,200,200,200,200,200,200,200
418652,0,30,2,0,0,0,10,5,0,0,0,0,200,1,44,200,0,0,0,200,200
418663,0,30,0,0,1,3,7,5,0,0,0,11,200,0,36,0,4,0,0,200,200
418663,1,30,0,0,1,3,7,5,0,0,0,11,200,1,200,0,200,200,200,200,200
418663,1,30,0,0,1,3,7,5,0,0,0,11,200,2,200,200,200,200,200,200,200
418663,1,30,0,0,1,3,7,5,0,0,0,11,200,1,200,200,200,200,200,200,200
418663,1,30,0,0,1,3,7,5,0,0,0,11,200,0,200,1,200,200,200,200,200
418663,1,30,0,0,1,3,7,5,0,0,0,11,200,0,200,200,200,200,200,200,200
418670,0,30,1,2,0,3,2,5,0,1,0,0,200,2,200,200,200,200,200,200,200
418675,0,30,2,0,0,3,0,5,0,0,0,0,200,0,56,200,200,200,200,200,200
418675,0,30,2,0,0,3,0,5,0,0,0,0,200,0,41,200,200,200,200,200,200
418675,1,30,2,0,0,3,0,5,0,0,0,0,200,1,67,200,200,200,200,200,200
418675,1,30,2,0,0,3,0,5,0,0,0,0,200,1,56,200,200,200,200,200,200
418675,1,30,2,0,0,3,0,5,0,0,0,0,200,1,34,200,200,200,200,200,200
418679,5,25,0,0,0,3,9,5,0,0,0,0,200,0,28,7,12,0,5,200,200
418679,0,25,0,0,0,3,9,5,0,0,0,0,200,0,25,0,12,0,0,200,200
418679,1,25,0,0,0,3,9,5,0,0,0,0,200,0,200,0,200,200,200,200,200
418687,0,30,1,2,0,3,14,3,0,0,0,6,200,1,200,200,1,200,200,200,200
418687,0,30,1,2,0,3,14,3,0,0,0,6,200,0,57,0,0,0,0,200,200
418687,1,30,1,2,0,3,14,3,0,0,0,6,200,0,21,0,200,200,200,200,200
418687,1,30,1,2,0,3,14,3,0,0,0,6,200,0,200,0,200,200,200,200,200
418688,0,30,3,2,0,3,10,5,0,0,200,18,18,0,36,200,3,200,0,200,200
418688,0,30,3,2,0,3,10,5,0,0,200,18,18,0,29,200,12,0,0,200,200
418689,0,25,0,0,0,3,12,5,0,0,0,22,200,1,29,200,2,200,0,200,200
418689,0,25,0,0,0,3,12,5,0,0,0,22,200,2,200,200,200,200,200,200,200
418689,1,25,0,0,0,3,12,5,0,0,0,22,200,0,29,200,200,200,200,200,200
418692,0,30,0,0,0,3,10,5,0,0,200,18,200,1,26,200,3,200,200,200,200
418692,0,30,0,0,0,3,10,5,0,0,200,18,200,0,55,0,0,0,0,200,200
418702,0,30,0,0,0,3,7,6,0,0,0,21,0,2,200,200,12,200,200,200,200
418711,0,30,1,2,0,0,11,1,0,0,0,0,0,2,200,200,200,200,200,200,200
418711,0,30,1,2,0,0,11,1,0,0,0,0,0,1,45,0,200,200,0,200,200
418717,0,20,0,0,0,3,10,2,0,0,0,0,0,0,200,200,200,200,200,200,200
418717,0,20,0,0,0,3,10,2,0,0,0,0,0,0,27,0,0,0,0,200,200
418717,1,20,0,0,0,3,10,2,0,0,0,0,0,0,25,0,200,200,200,200,200
418735,0,30,2,2,0,1,12,6,0,200,0,0,0,0,200,200,200,200,200,200,200
418735,0,30,2,2,0,1,12,6,0,200,0,0,0,1,21,0,0,0,0,200,200
418744,0,30,1,2,0,3,10,1,0,0,0,16,16,0,39,0,3,200,0,200,200
418744,0,30,1,2,0,3,10,1,0,0,0,16,16,0,29,0,12,200,0,200,200
418753,0,30,1,2,0,3,10,6,0,0,0,6,200,1,30,0,5,200,0,200,200
418753,0,30,1,2,0,3,10,6,0,0,0,6,200,1,50,0,0,0,0,200,200
418753,1,30,1,2,0,3,10,6,0,0,0,6,200,0,36,0,200,200,200,200,200
418756,0,30,0,0,0,3,7,5,0,0,200,22,200,0,40,0,12,200,200,200,200
418764,0,20,0,0,0,0,7,6,0,0,0,0,0,0,24,0,12,0,0,200,200
418768,0,30,0,0,2,3,7,5,0,1,0,27,200,1,34,0,12,200,2,200,200
418776,0,30,1,2,0,3,10,5,0,0,0,16,16,0,38,0,12,0,0,200,200
418776,0,30,1,2,0,3,10,5,0,0,0,16,16,1,37,0,0,0,0,200,200
418776,0,30,1,2,0,3,10,5,0,0,0,16,16,0,43,0,0,0,0,200,200
418776,1,30,1,2,0,3,10,5,0,0,0,16,16,200,19,0,200,200,200,200,200
418776,1,30,1,2,0,3,10,5,0,0,0,16,16,0,200,0,200,200,200,200,200
418786,0,10,0,0,0,3,2,7,0,0,0,0,200,0,40,0,7,0,0,200,200
418786,1,10,0,0,0,3,2,7,0,0,0,0,200,0,25,0,200,200,200,200,200
418786,1,10,0,0,0,3,2,7,0,0,0,0,200,1,31,0,200,200,200,200,200
418789,0,30,2,2,0,3,0,6,0,0,0,17,16,0,33,0,1,0,0,200,200
418789,0,30,2,2,0,3,0,6,0,0,0,17,16,0,48,0,0,0,0,200,200
418789,1,30,2,2,0,3,0,6,0,0,0,17,16,0,35,0,200,200,200,200,200
418789,1,30,2,2,0,3,0,6,0,0,0,17,16,0,36,0,200,200,200,200,200
418789,1,30,2,2,0,3,0,6,0,0,0,17,16,1,37,0,200,200,200,200,200
418790,0,30,1,2,0,3,14,1,0,0,0,6,0,0,200,200,5,200,200,200,200
418790,0,30,1,2,0,3,14,1,0,0,0,6,0,1,47,0,0,0,0,200,200
418799,0,30,0,0,0,3,2,3,0,0,200,0,200,0,37,200,200,200,7,200,200
418813,0,30,1,2,0,2,10,5,0,0,0,0,0,0,27,200,3,200,200,200,200
418813,0,30,1,2,0,2,10,5,0,0,0,0,0,1,38,0,0,0,0,200,200
418814,0,30,0,3,0,2,2,2,0,0,0,0,0,2,200,200,200,200,200,200,200
418823,0,30,1,2,0,1,10,1,0,200,200,0,200,0,200,200,1,200,200,200,200
418823,0,30,1,2,0,1,10,1,0,200,200,0,200,1,43,0,0,200,200,200,200
418836,0,30,0,0,0,1,2,3,0,0,0,0,200,2,200,200,200,200,200,200,200
418836,1,30,0,0,0,1,2,3,0,0,0,0,200,0,38,0,200,200,200,200,200
418836,1,30,0,0,0,1,2,3,0,0,0,0,200,0,200,200,200,200,200,200,200
418837,0,30,1,2,0,1,10,5,0,0,0,16,200,1,44,0,1,0,0,200,200
418837,0,30,1,2,0,1,10,5,0,0,0,16,200,0,62,0,0,0,0,200,200
418840,0,35,0,0,0,1,2,5,0,0,0,0,0,0,46,200,11,200,0,200,200
418845,0,15,0,0,200,200,7,5,2,200,0,0,0,2,200,200,200,200,200,200,200
418848,0,30,0,0,0,3,12,2,0,0,0,17,21,1,20,0,4,0,0,200,200
418848,0,30,0,0,0,3,12,2,0,0,0,17,21,0,23,0,0,0,0,200,200
418850,0,25,0,0,200,200,7,5,0,200,0,0,0,2,200,200,200,200,200,200,200
418857,0,15,0,0,0,1,0,7,0,0,0,0,0,1,33,0,6,0,0,200,200
418857,0,15,0,0,0,1,0,7,0,0,0,0,0,1,25,0,0,0,0,200,200
418865,0,30,0,0,0,1,7,5,0,0,200,0,0,0,37,0,12,200,1,200,200
418871,0,30,1,0,0,1,14,2,0,0,0,0,0,1,200,200,200,200,200,200,200
418871,0,30,1,0,0,1,14,2,0,0,0,0,0,1,200,1,0,0,0,200,200
418871,1,30,1,0,0,1,14,2,0,0,0,0,0,1,200,0,200,200,200,200,200
418884,0,30,0,0,0,1,5,5,0,0,0,200,0,0,200,200,12,200,200,200,200
418884,1,30,0,0,0,1,5,5,0,0,0,200,0,0,200,200,200,200,200,200,200
418884,1,30,0,0,0,1,5,5,0,0,0,200,0,0,200,200,200,200,200,200,200
418890,0,30,0,0,0,1,7,6,0,0,0,0,0,2,200,200,200,200,200,200,200
418895,0,30,0,0,200,200,7,2,0,200,0,0,200,2,200,200,200,200,200,200,200
418899,0,0,2,2,0,1,14,5,0,0,0,0,0,1,29,200,200,200,0,200,200
418899,0,0,2,2,0,1,14,5,0,0,0,0,0,0,47,200,0,200,0,200,200
418899,1,0,2,2,0,1,14,5,0,0,0,0,0,0,3,200,200,200,200,200,200
418899,1,0,2,2,0,1,14,5,0,0,0,0,0,0,54,200,200,200,200,200,200
418905,0,30,1,2,2,200,12,2,0,1,0,200,200,0,31,200,8,200,0,200,200
418905,0,30,1,2,2,200,12,2,0,1,0,200,200,0,61,0,0,0,0,200,200
418911,0,30,1,2,0,1,14,5,0,0,0,6,11,0,71,200,5,0,0,200,200
418911,0,30,1,2,0,1,14,5,0,0,0,6,11,1,37,200,0,0,0,200,200
418942,0,20,0,0,0,1,2,7,0,0,0,11,200,1,22,0,12,0,0,200,200
418948,0,30,0,0,0,3,7,5,0,0,0,0,0,2,200,200,200,200,200,200,200
418950,0,30,1,2,0,1,0,5,0,0,0,6,200,0,60,0,5,0,0,200,200
418950,0,30,1,2,0,1,0,5,0,0,0,6,200,1,29,0,0,0,0,200,200
418960,0,30,2,2,0,1,12,2,0,0,0,0,0,1,200,200,2,200,200,200,200
418960,0,30,2,2,0,1,12,2,0,0,0,0,0,0,71,0,0,0,0,200,200
418970,0,25,200,200,0,1,7,6,0,0,200,0,200,0,200,200,200,200,200,200,200
418972,0,30,1,2,0,1,10,5,0,0,0,0,0,0,38,200,200,200,200,200,200
418972,0,30,1,2,0,1,10,5,0,0,0,0,0,1,50,0,0,0,0,200,200
418986,0,30,0,0,0,1,7,3,0,0,3,0,200,2,200,200,200,200,200,200,200
418997,0,30,0,0,0,0,7,6,0,0,0,0,200,2,200,200,200,200,200,200,200
419001,0,30,2,2,0,1,10,5,0,0,0,0,200,0,70,0,12,0,0,200,200
419001,0,30,2,2,0,1,10,5,0,0,0,0,200,0,60,0,0,0,0,200,200
419001,0,30,2,2,0,1,10,5,0,0,0,0,200,0,59,0,0,0,0,200,200
419001,1,30,2,2,0,1,10,5,0,0,0,0,200,1,67,0,200,200,200,200,200
419001,1,30,2,2,0,1,10,5,0,0,0,0,200,1,64,0,200,200,200,200,200
419009,0,30,0,0,0,3,2,5,0,1,1,0,200,0,59,0,200,0,0,200,200
419011,0,30,0,1,0,200,7,5,0,0,0,0,0,2,200,200,200,200,200,200,200
419022,0,30,1,2,0,1,10,2,2,0,0,18,0,0,69,0,3,0,0,200,200
419022,0,30,1,2,0,1,10,2,2,0,0,18,0,0,62,0,0,0,0,200,200
419027,0,35,0,0,0,200,2,5,0,200,0,0,200,2,200,200,200,200,200,200,200
419029,0,15,12,2,200,200,7,6,0,200,0,0,200,2,200,200,200,200,200,200,200
419042,0,30,1,2,0,1,10,5,0,200,200,0,0,0,61,200,200,200,200,200,200
419042,0,30,1,2,0,1,10,5,0,200,200,0,0,1,35,200,0,200,200,200,200
419044,0,25,0,0,0,1,7,5,0,0,0,0,200,2,200,200,12,200,200,200,200
419050,0,30,2,2,1,1,14,2,0,0,0,17,200,1,22,0,1,0,0,200,200
419050,0,30,2,2,1,1,14,2,0,0,0,17,200,0,25,0,12,0,0,200,200
419050,1,30,2,2,1,1,14,2,0,0,0,17,200,0,22,0,200,200,200,200,200
419050,1,30,2,2,1,1,14,2,0,0,0,17,200,0,28,0,200,200,200,200,200
419051,0,30,1,2,0,1,10,5,0,0,0,18,0,0,23,0,3,0,0,200,200
419051,0,30,1,2,0,1,10,5,0,0,0,18,0,0,47,0,0,0,0,200,200
419052,0,25,0,0,0,1,12,5,0,0,0,17,17,1,23,0,1,0,0,200,200
419052,0,25,0,0,0,1,12,5,0,0,0,17,17,0,80,0,0,0,0,200,200
419055,0,30,0,0,0,1,0,6,0,0,0,0,0,0,200,200,200,200,200,200,200
419055,0,30,0,0,0,1,0,6,0,0,0,0,0,0,22,1,0,0,0,200,200
419055,1,30,0,0,0,1,0,6,0,0,0,0,0,200,200,200,200,200,200,200,200
419055,1,30,0,0,0,1,0,6,0,0,0,0,0,200,200,200,200,200,200,200,200
419062,0,30,0,0,0,1,12,2,0,0,0,0,200,1,25,0,6,0,0,200,200
419062,0,30,0,0,0,1,12,2,0,0,0,0,200,1,47,0,0,0,0,200,200
419062,1,30,0,0,0,1,12,2,0,0,0,0,200,1,55,0,200,200,200,200,200
419062,1,30,0,0,0,1,12,2,0,0,0,0,200,0,51,0,200,200,200,200,200
419062,1,30,0,0,0,1,12,2,0,0,0,0,200,0,21,0,200,200,200,200,200
419089,0,25,2,2,0,1,0,5,0,0,0,17,0,0,47,0,1,0,0,200,200
419089,0,25,2,2,0,1,0,5,0,0,0,17,0,0,25,0,0,0,0,200,200
419092,0,30,0,0,0,1,10,5,0,0,0,18,0,0,200,0,3,200,0,200,200
419092,0,30,0,0,0,1,10,5,0,0,0,18,0,0,45,7,0,0,0,200,200
419092,1,30,0,0,0,1,10,5,0,0,0,18,0,1,200,7,200,200,200,200,200
419092,1,30,0,0,0,1,10,5,0,0,0,18,0,200,200,0,200,200,200,200,200
419092,1,30,0,0,0,1,10,5,0,0,0,18,0,200,200,0,200,200,200,200,200
419092,1,30,0,0,0,1,10,5,0,0,0,18,0,200,200,0,200,200,200,200,200
419097,0,30,0,0,0,1,0,5,0,0,0,17,200,1,29,0,1,0,0,200,200
419097,0,30,0,0,0,1,0,5,0,0,0,17,200,1,62,0,0,0,0,200,200
419101,0,10,0,0,0,1,7,7,0,0,0,200,35,0,39,200,12,0,0,200,200
419101,1,10,0,0,0,1,7,7,0,0,0,200,35,1,200,200,200,200,200,200,200
419106,0,20,200,200,200,200,7,6,0,200,0,0,0,2,200,200,200,200,200,200,200
419120,0,30,0,0,0,1,0,5,0,0,0,17,5,2,200,200,5,200,200,200,200
419120,0,30,0,0,0,1,0,5,0,0,0,17,5,0,33,0,0,0,0,200,200
419120,1,30,0,0,0,1,0,5,0,0,0,17,5,1,38,0,200,200,200,200,200
419120,1,30,0,0,0,1,0,5,0,0,0,17,5,0,13,0,200,200,200,200,200
419125,0,35,0,0,2,3,0,5,0,1,200,0,200,0,38,200,200,200,200,200,200
419125,0,35,0,0,2,3,0,5,0,1,200,0,200,0,35,200,200,200,200,200,200
419126,0,30,2,2,0,1,7,6,0,0,0,0,0,0,57,200,200,200,7,200,200
419132,0,5,0,0,0,1,2,4,2,0,0,0,0,1,60,0,200,0,0,200,200
419132,1,5,0,0,0,1,2,4,2,0,0,0,0,0,200,0,200,200,200,200,200
419138,0,30,0,0,0,0,7,5,0,0,0,0,200,2,200,200,200,200,200,200,200
419140,0,30,0,0,0,1,14,5,0,0,200,23,33,0,20,200,7,1,0,200,200
419140,0,30,0,0,0,1,14,5,0,0,200,23,33,0,29,200,0,200,0,200,200
419140,1,30,0,0,0,1,14,5,0,0,200,23,33,0,200,200,200,200,200,200,200
419155,0,30,200,200,0,1,12,5,0,0,0,21,16,0,33,200,200,200,200,200,200
419155,0,30,200,200,0,1,12,5,0,0,0,21,16,0,41,200,12,0,200,200,200
419155,1,30,200,200,0,1,12,5,0,0,0,21,16,1,29,200,200,200,200,200,200
419162,0,30,0,0,0,1,0,2,0,0,0,17,200,0,26,0,1,0,0,200,200
419162,0,30,0,0,0,1,0,2,0,0,0,17,200,0,18,0,0,0,0,200,200
419166,0,30,2,1,0,1,14,12,0,0,0,33,11,0,38,0,12,6,0,200,200
419166,0,30,2,1,0,1,14,12,0,0,0,33,11,0,26,0,0,0,0,200,200
419166,1,30,2,1,0,1,14,12,0,0,0,33,11,1,24,0,200,200,200,200,200
419166,1,30,2,1,0,1,14,12,0,0,0,33,11,1,5,5,200,200,200,200,200
419173,0,40,0,0,0,1,10,3,0,0,0,0,0,1,200,0,200,0,0,200,200
419173,0,40,0,0,0,1,10,3,0,0,0,0,0,0,200,0,200,0,0,200,200
419173,1,40,0,0,0,1,10,3,0,0,0,0,0,1,200,0,200,200,200,200,200
419175,0,30,0,0,0,3,7,5,0,0,0,0,0,2,200,200,200,200,200,200,200
419183,0,30,0,0,0,3,7,5,0,0,0,0,200,2,200,200,200,200,200,200,200