RD_NO,PERSON_TYPE,POSTED_SPEED_LIMIT,TRAFFIC_CONTROL_DEVICE,DEVICE_CONDITION,WEATHER_CONDITION,LIGHTING_CONDITION,FIRST_CRASH_TYPE,TRAFFICWAY_TYPE,ALIGNMENT,ROADWAY_SURFACE_COND,ROAD_DEFECT,PRIM_CONTRIBUTORY_CAUSE,SEC_CONTRIBUTORY_CAUSE,SEX,AGE,SAFETY_EQUIPMENT,DRIVER_ACTION,DRIVER_VISION,PHYSICAL_CONDITION,BAC_RESULT VALUE,CELL_PHONE_USE
419185,0,30,0,0,0,1,14,2,0,0,0,23,0,1,64,7,7,0,0,200,200
419185,0,30,0,0,0,1,14,2,0,0,0,23,0,0,52,200,0,0,0,200,200
419187,0,35,1,2,0,1,14,12,0,0,0,17,0,1,22,200,1,0,0,200,200
419187,0,35,1,2,0,1,14,12,0,0,0,17,0,1,47,200,200,200,200,200,200
419193,0,30,1,0,0,1,10,2,0,0,0,18,18,1,30,0,3,200,0,200,200
419193,0,30,1,0,0,1,10,2,0,0,0,18,18,0,0,0,0,0,0,200,200
419193,1,30,1,0,0,1,10,2,0,0,0,18,18,0,41,0,200,200,200,200,200
419195,0,30,0,0,0,1,7,7,0,0,0,200,200,0,200,200,0,200,200,200,200
419195,1,30,0,0,0,1,7,7,0,0,0,200,200,1,200,0,200,200,200,200,200
419195,1,30,0,0,0,1,7,7,0,0,0,200,200,0,200,200,200,200,200,200,200
419199,0,30,1,2,0,1,8,5,0,0,0,0,0,0,35,0,200,12,0,200,200
419199,4,30,1,2,0,1,8,5,0,0,0,0,0,0,53,3,200,200,0,200,200
419199,1,30,1,2,0,1,8,5,0,0,0,0,0,1,200,0,200,200,200,200,200
419200,0,30,0,0,0,0,7,6,0,0,200,20,200,1,36,0,6,200,0,200,200
419204,0,40,0,0,0,1,10,3,0,0,0,0,0,0,24,0,200,0,0,200,200
419204,0,40,0,0,0,1,10,3,0,0,0,0,0,0,65,0,200,0,0,200,200
419204,0,40,0,0,0,1,10,3,0,0,0,0,0,0,200,200,200,200,200,200,200
419204,1,40,0,0,0,1,10,3,0,0,0,0,0,1,28,0,200,200,200,200,200
419208,0,30,1,200,0,1,12,5,0,0,200,0,200,0,200,200,2,200,200,200,200
419208,0,30,1,200,0,1,12,5,0,0,200,0,200,1,49,0,0,0,0,200,200
419217,0,10,0,0,0,1,7,7,0,0,0,0,200,2,200,200,200,200,200,200,200
419218,0,30,0,0,0,1,11,6,0,0,0,17,200,1,200,200,1,200,200,200,200
419218,0,30,0,0,0,1,11,6,0,0,0,17,200,1,45,0,0,0,0,200,200
419218,1,30,0,0,0,1,11,6,0,0,0,17,200,1,25,0,200,200,200,200,200
419220,0,35,0,0,0,1,10,5,0,0,0,16,200,1,25,0,3,0,0,200,200
419220,0,35,0,0,0,1,10,5,0,0,0,16,200,1,43,0,0,0,0,200,200
419220,0,35,0,0,0,1,10,5,0,0,0,16,200,0,33,0,0,0,0,200,200
419220,0,35,0,0,0,1,10,5,0,0,0,16,200,1,200,0,0,0,0,200,200
419220,1,35,0,0,0,1,10,5,0,0,0,16,200,0,200,0,200,200,200,200,200
419220,1,35,0,0,0,1,10,5,0,0,0,16,200,0,1,0,200,200,200,200,200
419220,1,35,0,0,0,1,10,5,0,0,0,16,200,0,17,0,200,200,200,200,200
419220,1,35,0,0,0,1,10,5,0,0,0,16,200,1,12,0,200,200,200,200,200
419220,1,35,0,0,0,1,10,5,0,0,0,16,200,1,10,0,200,200,200,200,200
419221,0,30,0,0,200,200,7,5,0,200,200,0,0,2,200,200,200,200,200,200,200
419225,0,30,0,0,0,1,7,6,0,0,0,11,0,0,70,0,0,0,0,200,200
419225,1,30,0,0,0,1,7,6,0,0,0,11,0,0,200,200,200,200,200,200,200
419225,1,30,0,0,0,1,7,6,0,0,0,11,0,0,200,200,200,200,200,200,200
419232,0,30,1,2,0,1,0,2,0,0,200,16,200,0,33,200,1,200,200,200,200
419232,0,30,1,2,0,1,0,2,0,0,200,16,200,0,28,0,0,0,0,200,200
419232,1,30,1,2,0,1,0,2,0,0,200,16,200,1,200,200,200,200,200,200,200
419239,0,10,0,0,0,1,12,5,0,0,0,0,200,1,200,200,200,200,200,200,200
419239,0,10,0,0,0,1,12,5,0,0,0,0,200,1,0,0,200,200,0,200,200
419239,1,10,0,0,0,1,12,5,0,0,0,0,200,1,47,0,200,200,200,200,200
419244,0,30,200,200,200,200,7,200,0,200,200,0,0,2,200,200,200,200,200,200,200
419246,0,30,0,0,0,4,7,6,0,0,0,200,200,2,200,200,0,200,200,200,200
419249,0,30,0,0,0,1,12,5,0,0,0,0,0,2,200,200,200,200,200,200,200
419249,0,30,0,0,0,1,12,5,0,0,0,0,0,0,29,0,0,0,0,200,200
419249,1,30,0,0,0,1,12,5,0,0,0,0,0,1,200,0,200,200,200,200,200
419249,1,30,0,0,0,1,12,5,0,0,0,0,0,0,200,0,200,200,200,200,200
419254,0,65,0,0,0,1,2,12,2,0,0,0,0,1,200,0,200,200,0,200,200
419255,0,30,0,0,0,1,7,6,0,0,0,0,0,2,200,200,200,200,200,200,200
419256,0,20,0,0,0,1,7,7,0,0,3,11,27,0,71,0,12,0,0,200,200
419256,1,20,0,0,0,1,7,7,0,0,3,11,27,0,86,0,200,200,200,200,200
419256,1,20,0,0,0,1,7,7,0,0,3,11,27,1,84,0,200,200,200,200,200
419260,0,30,1,2,0,1,10,3,0,0,200,16,200,0,27,0,1,200,0,200,200
419260,0,30,1,2,0,1,10,3,0,0,200,16,200,0,26,0,0,0,0,200,200
419260,0,30,1,2,0,1,10,3,0,0,200,16,200,1,25,0,0,0,0,200,200
419260,0,30,1,2,0,1,10,3,0,0,200,16,200,0,42,7,0,200,0,200,200
419260,0,30,1,2,0,1,10,3,0,0,200,16,200,0,25,0,0,0,0,200,200
419260,1,30,1,2,0,1,10,3,0,0,200,16,200,0,31,0,200,200,200,200,200
419260,1,30,1,2,0,1,10,3,0,0,200,16,200,1,36,0,200,200,200,200,200
419260,1,30,1,2,0,1,10,3,0,0,200,16,200,1,10,0,200,200,200,200,200
419260,1,30,1,2,0,1,10,3,0,0,200,16,200,1,9,0,200,200,200,200,200
419260,1,30,1,2,0,1,10,3,0,0,200,16,200,0,4,0,200,200,200,200,200
419263,0,30,0,0,0,1,7,5,0,0,0,11,25,1,16,0,12,200,0,200,200
419263,1,30,0,0,0,1,7,5,0,0,0,11,25,1,200,0,200,200,200,200,200
419263,1,30,0,0,0,1,7,5,0,0,0,11,25,1,200,0,200,200,200,200,200
419263,1,30,0,0,0,1,7,5,0,0,0,11,25,1,200,0,200,200,200,200,200
419266,0,30,0,0,0,1,3,7,0,0,0,11,200,1,200,0,6,0,0,200,200
419266,0,30,0,0,0,1,3,7,0,0,0,11,200,1,200,0,0,0,0,200,200
419267,0,30,0,0,0,0,7,5,0,0,200,0,21,2,200,200,200,200,200,200,200
419276,0,30,0,0,0,200,7,6,0,0,0,0,200,2,200,200,200,200,200,200,200
419278,0,30,1,2,0,1,10,2,0,0,0,18,200,1,30,0,3,0,0,200,200
419278,0,30,1,2,0,1,10,2,0,0,0,18,200,0,23,0,0,0,0,200,200
419278,1,30,1,2,0,1,10,2,0,0,0,18,200,200,200,0,200,200,200,200,200
419278,1,30,1,2,0,1,10,2,0,0,0,18,200,200,200,0,200,200,200,200,200
419281,0,30,0,0,0,1,11,7,0,200,200,0,0,0,200,200,200,200,200,200,200
419281,0,30,0,0,0,1,11,7,0,200,200,0,0,0,43,0,0,200,200,200,200
419283,0,30,0,0,0,1,7,7,0,0,0,200,200,1,200,200,0,200,200,200,200
419283,1,30,0,0,0,1,7,7,0,0,0,200,200,0,200,0,200,200,200,200,200
419286,0,30,1,2,0,2,10,5,0,0,0,18,200,1,18,0,3,0,0,200,200
419286,0,30,1,2,0,2,10,5,0,0,0,18,200,1,25,0,0,0,0,200,200
419289,0,15,0,0,0,1,7,7,0,0,0,0,200,2,200,200,200,200,200,200,200
419292,0,30,0,2,0,1,14,5,0,0,0,17,17,1,32,200,0,0,0,200,200
419292,0,30,0,2,0,1,14,5,0,0,0,17,17,0,68,0,1,0,0,200,200
419294,0,30,0,0,0,1,14,12,0,0,0,23,21,0,26,0,7,0,0,200,200
419294,0,30,0,0,0,1,14,12,0,0,0,23,21,0,21,0,0,0,0,200,200
419295,0,30,1,2,0,1,12,5,0,0,0,21,200,0,200,200,4,200,200,200,200
419295,0,30,1,2,0,1,12,5,0,0,0,21,200,1,34,0,0,0,0,200,200
419302,0,30,0,0,0,1,0,5,0,0,0,17,200,0,28,0,1,0,0,200,200
419302,0,30,0,0,0,1,0,5,0,0,0,17,200,1,46,0,0,0,7,200,200
419302,1,30,0,0,0,1,0,5,0,0,0,17,200,0,17,0,200,200,200,200,200
419306,0,30,2,2,0,1,0,5,0,0,0,17,200,0,200,200,0,200,0,200,200
419306,0,30,2,2,0,1,0,5,0,0,0,17,200,1,43,0,1,0,0,200,200
419315,0,30,0,0,0,1,14,5,0,0,0,23,0,2,200,200,1,200,200,200,200
419315,0,30,0,0,0,1,14,5,0,0,0,23,0,0,24,0,0,0,0,200,200
419316,0,35,0,0,0,1,10,5,0,0,200,0,200,0,200,0,0,200,0,200,200
419316,0,35,0,0,0,1,10,5,0,0,200,0,200,0,200,0,200,200,0,200,200
419322,0,35,0,0,0,1,0,6,0,0,0,17,0,0,66,0,1,0,0,200,200
419322,0,35,0,0,0,1,0,6,0,0,0,17,0,0,44,0,12,0,0,200,200
419322,1,35,0,0,0,1,0,6,0,0,0,17,0,0,38,0,200,200,200,200,200
419323,0,35,2,2,0,1,0,5,2,0,0,17,17,0,30,200,1,200,0,200,200
419323,0,35,2,2,0,1,0,5,2,0,0,17,17,0,16,200,0,0,0,200,200
419323,0,35,2,2,0,1,0,5,2,0,0,17,17,1,31,200,0,200,0,200,200
419323,1,35,2,2,0,1,0,5,2,0,0,17,17,1,17,200,200,200,200,200,200
419323,1,35,2,2,0,1,0,5,2,0,0,17,17,1,22,200,200,200,200,200,200
419327,0,30,1,2,0,1,12,2,0,0,0,22,11,0,26,0,1,200,0,200,200
419327,0,30,1,2,0,1,12,2,0,0,0,22,11,0,36,0,0,0,0,200,200
419327,1,30,1,2,0,1,12,2,0,0,0,22,11,1,25,0,200,200,200,200,200
419327,1,30,1,2,0,1,12,2,0,0,0,22,11,0,8,0,200,200,200,200,200
419327,1,30,1,2,0,1,12,2,0,0,0,22,11,1,4,0,200,200,200,200,200
419334,0,30,0,0,0,1,7,5,0,0,0,0,200,0,22,0,0,0,0,200,200
419335,0,30,0,12,0,1,7,5,0,0,0,20,0,1,200,200,6,200,200,200,200
419339,0,30,0,0,0,1,2,5,0,0,0,0,0,2,200,200,200,200,200,200,200
419341,0,30,0,0,0,1,10,5,0,0,0,18,0,0,200,200,3,200,200,200,200
419341,0,30,0,0,0,1,10,5,0,0,0,18,0,0,18,0,0,0,0,200,200
419342,0,30,0,0,0,1,7,7,0,0,0,0,0,1,200,200,200,200,200,200,200
419348,0,35,0,0,0,1,10,5,0,0,0,18,18,0,78,200,3,0,5,200,200
419348,0,35,0,0,0,1,10,5,0,0,0,18,18,0,53,200,0,0,0,200,200
419353,0,30,1,2,0,1,14,2,0,0,0,17,200,0,19,0,1,0,0,200,200
419353,0,30,1,2,0,1,14,2,0,0,0,17,200,1,29,0,0,0,0,200,200
419353,1,30,1,2,0,1,14,2,0,0,0,17,200,0,19,0,200,200,200,200,200
419354,0,30,200,200,0,1,10,5,0,0,0,16,200,0,41,0,12,0,0,200,200
419354,0,30,200,200,0,1,10,5,0,0,0,16,200,1,21,0,0,0,0,200,200
419357,0,30,0,0,0,3,7,6,0,0,0,0,0,2,200,200,200,200,200,200,200
419360,0,30,0,0,0,1,14,5,0,0,0,17,200,0,36,0,1,0,0,200,200
419360,0,30,0,0,0,1,14,5,0,0,0,17,200,0,20,0,0,0,0,200,200
419365,0,30,1,2,0,1,10,2,0,0,0,18,17,2,200,200,3,200,200,200,200
419365,0,30,1,2,0,1,10,2,0,0,0,18,17,1,71,0,12,0,0,200,200
419365,1,30,1,2,0,1,10,2,0,0,0,18,17,1,200,0,200,200,200,200,200
419367,0,30,1,2,0,3,14,5,0,0,0,0,200,1,200,200,200,200,200,200,200
419367,0,30,1,2,0,3,14,5,0,0,0,0,200,1,22,0,200,200,0,200,200
419371,0,30,0,0,0,1,12,2,0,0,0,20,20,1,36,0,6,0,0,200,200
419371,0,30,0,0,0,1,12,2,0,0,0,20,20,0,44,0,0,0,0,200,200
419376,0,30,0,0,0,1,7,6,0,0,0,11,0,0,33,200,12,0,0,200,200
419380,0,30,0,0,0,1,7,6,0,0,200,0,200,2,200,200,200,200,200,200,200
419385,0,30,0,0,0,1,7,5,0,0,0,200,200,2,200,200,0,200,200,200,200
419387,0,30,1,2,0,1,10,5,0,0,0,11,200,0,200,200,2,200,200,200,200
419387,0,30,1,2,0,1,10,5,0,0,0,11,200,0,200,0,0,0,0,200,200
419390,0,30,0,0,0,1,7,5,0,0,0,23,0,0,29,200,7,0,0,200,200
419392,0,15,2,200,0,1,14,3,0,0,0,0,200,0,65,200,200,200,200,200,200
419392,0,15,2,200,0,1,14,3,0,0,0,0,200,0,41,200,0,200,0,200,200
419394,0,30,0,0,0,1,10,2,0,0,0,18,18,1,18,200,3,200,0,200,200
419394,0,30,0,0,0,1,10,2,0,0,0,18,18,0,28,200,12,200,0,200,200
419394,1,30,0,0,0,1,10,2,0,0,0,18,18,1,25,200,200,200,200,200,200
419394,1,30,0,0,0,1,10,2,0,0,0,18,18,1,5,200,200,200,200,200,200
419401,0,30,1,2,0,1,14,3,0,0,0,0,200,1,200,200,12,200,200,200,200
419401,0,30,1,2,0,1,14,3,0,0,0,0,200,1,22,0,200,0,0,200,200
419401,1,30,1,2,0,1,14,3,0,0,0,0,200,1,200,200,200,200,200,200,200
419404,0,30,2,0,0,1,0,2,0,0,0,17,11,0,31,200,1,200,0,200,200
419404,0,30,2,0,0,1,0,2,0,0,0,17,11,0,61,200,0,0,0,200,200
419404,1,30,2,0,0,1,0,2,0,0,0,17,11,1,23,200,200,200,200,200,200
419404,1,30,2,0,0,1,0,2,0,0,0,17,11,0,44,200,200,200,200,200,200
419404,1,30,2,0,0,1,0,2,0,0,0,17,11,0,7,200,200,200,200,200,200
419410,0,35,1,2,0,1,12,2,0,0,0,22,21,0,41,200,4,0,0,200,200
419410,0,35,1,2,0,1,12,2,0,0,0,22,21,0,24,200,0,0,0,200,200
419410,1,35,1,2,0,1,12,2,0,0,0,22,21,1,200,200,200,200,200,200,200
419410,1,35,1,2,0,1,12,2,0,0,0,22,21,1,200,200,200,200,200,200,200
419415,0,30,0,0,2,1,7,6,0,0,0,0,0,2,200,200,200,200,200,200,200
419416,0,30,1,2,0,1,12,5,0,0,0,17,0,0,51,0,1,0,0,200,200
419416,0,30,1,2,0,1,12,5,0,0,0,17,0,0,25,0,12,0,0,200,200
419416,1,30,1,2,0,1,12,5,0,0,0,17,0,1,18,0,200,200,200,200,200
419416,1,30,1,2,0,1,12,5,0,0,0,17,0,1,20,0,200,200,200,200,200
419419,0,15,0,0,0,1,0,0,0,0,0,25,200,1,44,200,12,0,1,200,200
419419,0,15,0,0,0,1,0,0,0,0,0,25,200,1,42,0,12,0,1,200,200
419422,0,35,200,200,0,1,12,3,0,0,0,0,0,0,44,200,200,200,0,200,200
419422,0,35,200,200,0,1,12,3,0,0,0,0,0,0,27,200,200,200,200,200,200
419423,0,30,0,0,0,1,10,5,0,0,0,200,200,0,24,0,0,0,0,200,200
419423,0,30,0,0,0,1,10,5,0,0,0,200,200,1,34,0,0,0,0,200,200
419423,1,30,0,0,0,1,10,5,0,0,0,200,200,1,200,0,200,200,200,200,200
419423,1,30,0,0,0,1,10,5,0,0,0,200,200,0,200,0,200,200,200,200,200
419425,0,25,1,2,0,1,14,5,0,0,0,17,200,0,200,200,1,200,200,200,200
419425,0,25,1,2,0,1,14,5,0,0,0,17,200,0,26,0,0,0,0,200,200
419425,0,25,1,2,0,1,14,5,0,0,0,17,200,1,64,0,0,0,0,200,200
419425,1,25,1,2,0,1,14,5,0,0,0,17,200,1,21,0,200,200,200,200,200
419425,1,25,1,2,0,1,14,5,0,0,0,17,200,1,23,0,200,200,200,200,200
419426,0,30,0,0,200,200,7,6,0,200,200,200,200,2,200,200,200,200,200,200,200
419427,0,30,0,0,200,1,14,5,0,200,0,17,200,0,200,200,1,200,200,200,200
419427,0,30,0,0,200,1,14,5,0,200,0,17,200,1,62,0,0,0,0,200,200
419429,0,30,0,0,0,1,12,2,0,0,0,0,0,0,200,200,12,200,200,200,200
419429,0,30,0,0,0,1,12,2,0,0,0,0,0,0,65,0,0,0,0,200,200
419433,0,30,0,0,0,1,12,2,0,0,0,0,200,1,34,7,0,0,0,200,200
419433,0,30,0,0,0,1,12,2,0,0,0,0,200,1,200,7,0,0,0,200,200
419434,0,20,0,0,0,1,7,2,0,0,0,0,0,2,200,200,200,200,200,200,200
419438,0,30,1,2,0,1,10,1,0,0,0,11,0,1,19,0,12,0,0,200,200
419438,0,30,1,2,0,1,10,1,0,0,0,11,0,1,28,0,0,0,0,200,200
419438,1,30,1,2,0,1,10,1,0,0,0,11,0,1,44,0,200,200,200,200,200
419438,1,30,1,2,0,1,10,1,0,0,0,11,0,0,31,0,200,200,200,200,200
419438,1,30,1,2,0,1,10,1,0,0,0,11,0,1,4,0,200,200,200,200,200
419438,1,30,1,2,0,1,10,1,0,0,0,11,0,1,6,0,200,200,200,200,200
419448,0,30,1,2,0,1,10,5,0,0,0,18,16,1,31,200,3,0,0,200,200
419448,0,30,1,2,0,1,10,5,0,0,0,18,16,0,41,200,0,0,0,200,200
419448,0,30,1,2,0,1,10,5,0,0,0,18,16,0,33,200,0,0,0,200,200
419453,4,30,1,2,0,1,8,2,0,0,0,0,0,0,21,200,5,0,0,200,200
419453,0,30,1,2,0,1,8,2,0,0,0,0,0,0,57,7,0,200,0,200,200
419453,1,30,1,2,0,1,8,2,0,0,0,0,0,1,55,200,200,200,200,200,200
419460,0,30,200,200,0,1,10,5,0,0,200,16,200,0,200,200,8,200,200,200,200
419460,0,30,200,200,0,1,10,5,0,0,200,16,200,0,33,0,0,0,0,200,200
419460,1,30,200,200,0,1,10,5,0,0,200,16,200,0,27,0,200,200,200,200,200
419460,1,30,200,200,0,1,10,5,0,0,200,16,200,1,27,0,200,200,200,200,200
419460,1,30,200,200,0,1,10,5,0,0,200,16,200,200,200,0,200,200,200,200,200
419461,0,25,1,2,0,1,12,2,3,0,0,0,22,0,46,0,3,200,0,200,200
419461,0,25,1,2,0,1,12,2,3,0,0,0,22,0,50,0,200,0,0,200,200
419470,0,30,0,0,0,1,10,2,0,0,0,18,11,0,200,200,3,200,200,200,200
419470,0,30,0,0,0,1,10,2,0,0,0,18,11,0,30,0,12,0,0,200,200
419472,0,30,0,0,0,1,10,5,0,0,0,200,200,1,22,0,0,0,0,200,200
419472,0,30,0,0,0,1,10,5,0,0,0,200,200,1,22,0,0,0,0,200,200
419472,0,30,0,0,0,1,10,5,0,0,0,200,200,0,47,0,0,0,0,200,200
419472,1,30,0,0,0,1,10,5,0,0,0,200,200,0,200,5,200,200,200,200,200
419487,0,15,0,0,1,1,7,5,0,200,200,0,0,0,200,200,6,200,200,200,200
419492,0,30,1,2,0,1,14,2,0,0,0,18,16,0,200,200,3,200,200,200,200
419492,0,30,1,2,0,1,14,2,0,0,0,18,16,0,44,0,0,0,0,200,200
419492,1,30,1,2,0,1,14,2,0,0,0,18,16,1,41,0,200,200,200,200,200
419492,1,30,1,2,0,1,14,2,0,0,0,18,16,1,200,0,200,200,200,200,200
419492,1,30,1,2,0,1,14,2,0,0,0,18,16,0,200,0,200,200,200,200,200
419492,1,30,1,2,0,1,14,2,0,0,0,18,16,1,200,0,200,200,200,200,200
419496,0,30,1,2,0,1,10,3,0,0,0,200,200,0,41,0,0,200,0,200,200
419496,0,30,1,2,0,1,10,3,0,0,0,200,200,0,200,200,8,200,200,200,200
419496,1,30,1,2,0,1,10,3,0,0,0,200,200,1,47,0,200,200,200,200,200
419496,1,30,1,2,0,1,10,3,0,0,0,200,200,0,11,0,200,200,200,200,200
419496,1,30,1,2,0,1,10,3,0,0,0,200,200,1,19,0,200,200,200,200,200
419498,0,35,0,0,0,1,10,5,0,0,0,0,0,0,22,200,200,200,200,200,200
419498,0,35,0,0,0,1,10,5,0,0,0,0,0,1,60,0,0,0,0,200,200
419512,0,30,2,2,200,1,3,6,0,200,0,10,25,0,200,200,9,200,200,200,200
419512,0,30,2,2,200,1,3,6,0,200,0,10,25,1,37,0,0,0,0,200,200
419512,1,30,2,2,200,1,3,6,0,200,0,10,25,1,200,200,200,200,200,200,200
419518,0,35,0,0,0,1,10,2,0,0,0,7,0,0,61,0,200,0,0,200,200
419518,0,35,0,0,0,1,10,2,0,0,0,7,0,0,60,0,0,0,0,200,200
419519,0,15,0,0,0,1,0,7,0,0,0,0,200,0,76,7,0,0,0,200,200
419519,0,15,0,0,0,1,0,7,0,0,0,0,200,1,53,7,0,0,0,200,200
419522,0,30,2,0,0,1,10,5,0,0,0,16,200,1,23,0,12,0,0,200,200
419522,0,30,2,0,0,1,10,5,0,0,0,16,200,0,81,0,0,0,0,200,200
419524,0,30,1,2,0,1,10,3,0,0,0,16,200,2,200,200,8,200,200,200,200
419524,0,30,1,2,0,1,10,3,0,0,0,16,200,0,27,200,0,0,0,200,200
419537,0,20,0,0,0,1,10,5,0,0,0,11,11,0,200,200,2,200,200,200,200
419537,0,20,0,0,0,1,10,5,0,0,0,11,11,1,46,0,0,0,0,200,200
419541,0,25,0,0,0,1,7,6,0,0,0,0,0,2,200,200,200,200,200,200,200
419543,0,20,0,0,0,1,0,0,0,0,0,0,0,0,200,200,200,200,200,200,200
419543,0,20,0,0,0,1,0,0,0,0,0,0,0,0,35,0,0,0,0,200,200
419543,1,20,0,0,0,1,0,0,0,0,0,0,0,1,16,200,200,200,200,200,200
419543,1,20,0,0,0,1,0,0,0,0,0,0,0,0,64,0,200,200,200,200,200
419543,1,20,0,0,0,1,0,0,0,0,0,0,0,1,34,0,200,200,200,200,200
419543,1,20,0,0,0,1,0,0,0,0,0,0,0,1,40,0,200,200,200,200,200
419543,1,20,0,0,0,1,0,0,0,0,0,0,0,0,3,5,200,200,200,200,200
419543,1,20,0,0,0,1,0,0,0,0,0,0,0,1,64,0,200,200,200,200,200
419549,0,30,1,2,0,1,10,5,0,0,0,18,0,1,80,0,3,0,0,200,200
419549,0,30,1,2,0,1,10,5,0,0,0,18,0,0,53,0,0,0,0,200,200
419552,0,30,0,0,0,1,7,6,0,0,0,0,0,0,200,200,8,200,200,200,200
419553,0,30,0,0,0,1,10,5,0,1,0,0,0,0,22,0,0,0,0,200,200
419553,0,30,0,0,0,1,10,5,0,1,0,0,0,1,38,0,12,0,0,200,200
419553,1,30,0,0,0,1,10,5,0,1,0,0,0,0,200,0,200,200,200,200,200
419559,0,20,0,0,0,1,2,5,0,0,0,200,200,0,200,7,12,200,0,200,200
419561,0,30,0,0,0,2,5,5,0,0,0,200,200,1,42,0,0,0,0,200,200
419561,1,30,0,0,0,2,5,5,0,0,0,200,200,1,200,0,200,200,200,200,200
419564,0,30,2,2,1,1,10,3,0,0,200,18,200,0,200,200,3,200,200,200,200
419564,0,30,2,2,1,1,10,3,0,0,200,18,200,0,77,200,0,200,0,200,200
419564,1,30,2,2,1,1,10,3,0,0,200,18,200,0,200,200,200,200,200,200,200
419565,0,30,1,2,0,4,12,5,0,0,0,22,200,0,65,0,2,0,200,200,200
419565,0,30,1,2,0,4,12,5,0,0,0,22,200,0,54,0,0,0,0,200,200
419565,0,30,1,2,0,4,12,5,0,0,0,22,200,0,49,0,0,0,0,200,200
419565,1,30,1,2,0,4,12,5,0,0,0,22,200,1,91,0,200,200,200,200,200
419572,4,30,0,0,0,1,8,5,0,0,0,21,200,0,44,3,0,0,0,200,200
419573,0,30,0,0,0,1,14,5,0,0,0,0,0,0,52,0,200,0,0,200,200
419573,0,30,0,0,0,1,14,5,0,0,0,0,0,0,31,0,200,0,0,200,200
419573,1,30,0,0,0,1,14,5,0,0,0,0,0,1,45,0,200,200,200,200,200
419573,1,30,0,0,0,1,14,5,0,0,0,0,0,1,31,0,200,200,200,200,200
419575,0,30,0,0,0,4,10,5,0,1,0,18,0,0,42,0,3,0,0,200,200
419575,0,30,0,0,0,4,10,5,0,1,0,18,0,0,68,0,0,0,0,200,200
419575,0,30,0,0,0,4,10,5,0,1,0,18,0,1,36,0,0,0,0,200,200
419576,0,30,1,2,0,1,14,2,0,1,0,23,200,0,18,0,7,0,0,200,200
419576,0,30,1,2,0,1,14,2,0,1,0,23,200,0,49,0,0,0,0,200,200
419576,1,30,1,2,0,1,14,2,0,1,0,23,200,1,44,0,200,200,200,200,200
419576,1,30,1,2,0,1,14,2,0,1,0,23,200,1,12,0,200,200,200,200,200
419576,1,30,1,2,0,1,14,2,0,1,0,23,200,0,1,5,200,200,200,200,200
419576,1,30,1,2,0,1,14,2,0,1,0,23,200,0,23,0,200,200,200,200,200
419576,1,30,1,2,0,1,14,2,0,1,0,23,200,1,18,0,200,200,200,200,200
419586,0,30,1,2,0,4,10,5,0,0,0,18,0,1,57,0,0,0,0,200,200
419586,0,30,1,2,0,4,10,5,0,0,0,18,0,0,41,0,1,0,0,200,200
419589,0,30,0,0,0,1,0,5,0,0,0,0,0,0,200,200,200,200,200,200,200
419589,0,30,0,0,0,1,0,5,0,0,0,0,0,0,29,200,200,200,0,200,200
419589,0,30,0,0,0,1,0,5,0,0,0,0,0,1,64,200,0,0,0,200,200
419593,0,30,1,2,0,4,10,2,0,200,200,0,0,0,58,0,6,200,0,200,200
419593,0,30,1,2,0,4,10,2,0,200,200,0,0,1,42,0,3,200,0,200,200
419612,0,30,0,0,0,1,0,5,0,0,0,25,0,1,200,200,200,200,200,200,200
419612,0,30,0,0,0,1,0,5,0,0,0,25,0,0,35,200,0,200,0,200,200
419616,0,30,0,0,0,1,7,5,0,0,0,0,200,2,200,200,1,200,200,200,200
419616,1,30,0,0,0,1,7,5,0,0,0,0,200,0,35,0,200,200,200,200,200
419616,1,30,0,0,0,1,7,5,0,0,0,0,200,0,200,0,200,200,200,200,200
419617,0,30,1,2,0,4,14,2,0,0,200,33,0,1,74,0,12,1,0,200,200
419617,0,30,1,2,0,4,14,2,0,0,200,33,0,1,43,0,0,0,0,200,200
419619,0,15,0,0,1,0,2,7,0,1,0,12,200,0,64,200,12,0,0,200,200
419622,0,30,1,2,0,3,14,5,0,0,0,17,200,2,200,200,7,200,200,200,200
419622,0,30,1,2,0,3,14,5,0,0,0,17,200,1,28,0,0,0,0,200,200
419624,0,30,0,0,0,1,10,5,0,0,0,18,0,0,32,0,3,0,0,200,200
419624,0,30,0,0,0,1,10,5,0,0,0,18,0,1,43,0,0,0,0,200,200
419624,0,30,0,0,0,1,10,5,0,0,0,18,0,0,200,200,0,200,200,200,200
419633,0,30,0,0,0,1,12,5,0,0,0,21,200,1,200,200,4,200,200,200,200
419633,0,30,0,0,0,1,12,5,0,0,0,21,200,0,53,0,0,0,0,200,200
419637,5,35,1,2,0,0,9,1,0,0,0,16,200,1,52,7,5,0,7,200,200
419637,0,35,1,2,0,0,9,1,0,0,0,16,200,1,47,7,0,0,0,200,200
419639,0,30,0,0,1,3,10,2,0,0,0,18,200,1,24,0,3,0,0,200,200
419639,0,30,0,0,1,3,10,2,0,0,0,18,200,0,21,0,0,0,0,200,200
419649,0,30,1,200,0,4,10,5,0,0,200,0,200,1,200,200,200,200,200,200,200