RD_NO,PERSON_TYPE,POSTED_SPEED_LIMIT,TRAFFIC_CONTROL_DEVICE,DEVICE_CONDITION,WEATHER_CONDITION,LIGHTING_CONDITION,FIRST_CRASH_TYPE,TRAFFICWAY_TYPE,ALIGNMENT,ROADWAY_SURFACE_COND,ROAD_DEFECT,PRIM_CONTRIBUTORY_CAUSE,SEC_CONTRIBUTORY_CAUSE,SEX,AGE,SAFETY_EQUIPMENT,DRIVER_ACTION,DRIVER_VISION,PHYSICAL_CONDITION,BAC_RESULT VALUE,CELL_PHONE_USE
419649,0,30,1,200,0,4,10,5,0,0,200,0,200,1,37,200,0,200,0,200,200
419652,0,30,2,2,200,200,7,2,0,0,0,0,200,2,200,200,200,200,200,200,200
419653,0,30,0,2,0,0,2,3,0,0,0,0,200,0,30,200,200,0,0,200,200
419656,0,30,1,2,0,3,12,2,0,0,0,0,0,1,200,200,12,200,200,200,200
419656,0,30,1,2,0,3,12,2,0,0,0,0,0,1,26,0,0,0,0,200,200
419666,0,30,0,0,0,3,0,200,0,0,200,17,200,0,45,200,1,200,0,200,200
419666,0,30,0,0,0,3,0,200,0,0,200,17,200,0,25,200,0,200,0,200,200
419668,0,20,0,0,0,3,12,5,0,0,0,0,0,1,32,0,12,0,0,200,200
419668,0,20,0,0,0,3,12,5,0,0,0,0,0,0,37,0,0,0,0,200,200
419668,1,20,0,0,0,3,12,5,0,0,0,0,0,1,200,0,200,200,200,200,200
419668,1,20,0,0,0,3,12,5,0,0,0,0,0,0,31,0,200,200,200,200,200
419671,0,30,0,0,0,2,12,2,0,0,0,17,200,0,200,0,1,0,0,200,200
419671,0,30,0,0,0,2,12,2,0,0,0,17,200,0,42,0,0,0,0,200,200
419674,0,20,0,0,0,3,2,0,0,0,0,200,200,0,55,0,12,0,0,200,200
419684,0,30,0,0,0,3,7,2,0,0,0,12,200,1,200,0,12,0,0,200,200
419687,0,30,0,0,0,4,7,6,0,0,0,200,200,2,200,200,200,200,200,200,200
419704,0,30,10,2,0,3,10,2,0,0,0,0,0,1,29,0,200,200,0,200,200
419704,0,30,10,2,0,3,10,2,0,0,0,0,0,0,36,0,12,200,0,200,200
419712,0,30,1,2,0,3,14,5,0,0,0,25,17,0,28,200,1,0,6,200,200
419712,0,30,1,2,0,3,14,5,0,0,0,25,17,0,51,0,0,0,0,200,200
419712,1,30,1,2,0,3,14,5,0,0,0,25,17,1,19,200,200,200,200,200,200
419723,0,30,0,0,0,3,12,6,0,0,0,22,200,0,38,0,2,0,0,200,200
419723,0,30,0,0,0,3,12,6,0,0,0,22,200,0,61,0,0,0,0,200,200
419724,0,30,0,0,0,3,7,5,0,0,0,25,0,0,200,200,13,200,200,200,200
419729,0,25,0,0,200,3,7,6,0,200,200,0,200,2,200,200,200,200,200,200,200
419736,0,30,0,0,0,3,7,6,0,0,0,0,200,0,200,200,6,200,200,200,200
419737,0,15,0,0,0,3,12,3,0,0,0,0,0,1,21,0,1,0,200,200,200
419737,0,15,0,0,0,3,12,3,0,0,0,0,0,1,41,0,0,0,0,200,200
419738,0,30,0,0,0,3,7,6,0,0,0,20,200,0,30,200,6,0,0,200,200
419745,0,30,0,3,0,3,2,6,0,0,200,25,3,0,200,200,13,200,200,200,200
419745,1,30,0,3,0,3,2,6,0,0,200,25,3,200,200,200,200,200,200,200,200
419745,1,30,0,3,0,3,2,6,0,0,200,25,3,1,17,200,200,200,200,200,200
419745,1,30,0,3,0,3,2,6,0,0,200,25,3,1,17,200,200,200,200,200,200
419746,0,30,0,0,0,0,0,5,0,0,200,23,200,1,200,200,12,200,200,200,200
419746,0,30,0,0,0,0,0,5,0,0,200,23,200,1,0,200,0,0,0,200,200
419753,0,30,0,0,0,3,12,5,0,0,0,0,200,1,200,200,200,200,200,200,200
419753,0,30,0,0,0,3,12,5,0,0,0,0,200,1,35,0,0,0,0,200,200
419758,0,25,0,0,0,3,11,5,0,0,0,32,10,0,36,200,9,0,5,200,200
419758,1,25,0,0,0,3,11,5,0,0,0,32,10,0,8,5,200,200,200,200,200
419758,1,25,0,0,0,3,11,5,0,0,0,32,10,0,6,5,200,200,200,200,200
419759,0,30,0,0,0,3,11,5,0,0,200,0,200,0,34,0,2,0,0,200,200
419759,0,30,0,0,0,3,11,5,0,0,200,0,200,1,20,200,2,0,0,200,200
419759,1,30,0,0,0,3,11,5,0,0,200,0,200,0,22,0,200,200,200,200,200
419759,1,30,0,0,0,3,11,5,0,0,200,0,200,0,23,0,200,200,200,200,200
419759,1,30,0,0,0,3,11,5,0,0,200,0,200,0,38,200,200,200,200,200,200
419759,1,30,0,0,0,3,11,5,0,0,200,0,200,1,45,200,200,200,200,200,200
419759,1,30,0,0,0,3,11,5,0,0,200,0,200,0,35,200,200,200,200,200,200
419759,1,30,0,0,0,3,11,5,0,0,200,0,200,1,15,200,200,200,200,200,200
419759,1,30,0,0,0,3,11,5,0,0,200,0,200,1,13,200,200,200,200,200,200
419763,0,30,1,2,0,3,0,2,0,0,0,6,6,0,22,0,200,0,0,200,200
419763,0,30,1,2,0,3,0,2,0,0,0,6,6,0,72,0,200,0,0,200,200
419763,1,30,1,2,0,3,0,2,0,0,0,6,6,0,200,0,200,200,200,200,200
419763,1,30,1,2,0,3,0,2,0,0,0,6,6,1,200,0,200,200,200,200,200
419772,0,30,0,0,0,1,14,5,0,0,0,0,0,0,33,200,200,0,0,200,200
419772,0,30,0,0,0,1,14,5,0,0,0,0,0,0,200,200,200,200,200,200,200
419774,0,30,0,0,0,3,9,5,0,0,0,20,0,0,44,200,6,200,0,200,200
419774,5,30,0,0,0,3,9,5,0,0,0,20,0,1,31,7,0,200,0,200,200
419782,0,30,0,0,0,3,7,6,0,0,0,20,11,1,42,200,10,0,0,200,200
419783,0,55,0,200,0,3,10,3,0,0,0,18,11,0,27,200,0,0,0,200,200
419783,0,55,0,200,0,3,10,3,0,0,0,18,11,0,22,200,3,0,0,200,200
419786,0,30,2,2,0,3,14,2,0,0,0,16,23,0,27,200,7,0,0,200,200
419786,0,30,2,2,0,3,14,2,0,0,0,16,23,1,23,200,0,0,0,200,200
419791,0,20,0,0,0,0,7,5,0,1,0,20,0,2,200,200,6,200,200,200,200
419792,0,30,0,0,0,3,7,2,0,0,0,0,200,0,200,200,0,200,200,200,200
419798,0,30,0,0,0,3,10,2,0,0,0,0,0,0,21,0,0,0,0,200,200
419798,0,30,0,0,0,3,10,2,0,0,0,0,0,0,26,0,0,0,0,200,200
419801,0,35,0,0,0,3,2,5,0,0,0,0,0,2,200,200,200,200,200,200,200
419804,0,30,0,0,0,3,7,200,0,0,0,16,0,1,33,0,10,0,0,200,200
419810,0,30,2,2,0,3,0,2,0,0,0,5,17,0,29,200,0,0,0,200,200
419810,0,30,2,2,0,3,0,2,0,0,0,5,17,1,41,200,5,200,200,200,200
419817,0,30,0,0,0,3,14,1,0,0,0,17,200,1,33,0,1,0,0,200,200
419817,0,30,0,0,0,3,14,1,0,0,0,17,200,0,28,0,0,0,0,200,200
419817,1,30,0,0,0,3,14,1,0,0,0,17,200,1,63,0,200,200,200,200,200
419817,1,30,0,0,0,3,14,1,0,0,0,17,200,1,33,0,200,200,200,200,200
419836,0,30,1,2,2,3,14,5,0,1,0,34,17,1,20,200,1,4,0,200,200
419836,0,30,1,2,2,3,14,5,0,1,0,34,17,1,36,200,0,0,0,200,200
419836,1,30,1,2,2,3,14,5,0,1,0,34,17,1,26,200,200,200,200,200,200
419836,1,30,1,2,2,3,14,5,0,1,0,34,17,1,17,200,200,200,200,200,200
419836,1,30,1,2,2,3,14,5,0,1,0,34,17,1,10,200,200,200,200,200,200
419847,0,35,1,2,2,3,12,3,0,1,0,0,0,0,23,200,4,0,0,200,200
419847,0,35,1,2,2,3,12,3,0,1,0,0,0,1,41,200,0,0,0,200,200
419847,1,35,1,2,2,3,12,3,0,1,0,0,0,0,200,200,200,200,200,200,200
419856,0,45,0,0,0,3,2,3,0,0,0,16,200,0,63,0,0,0,0,200,200
419873,0,30,1,2,0,3,10,5,0,0,0,200,200,1,26,200,200,0,0,200,200
419873,0,30,1,2,0,3,10,5,0,0,0,200,200,0,40,200,0,0,0,200,200
419880,0,30,1,2,0,3,10,2,0,0,200,200,200,0,56,200,200,200,200,200,200
419880,0,30,1,2,0,3,10,2,0,0,200,200,200,0,42,200,200,200,0,200,200
419901,0,30,0,0,0,3,7,5,0,0,0,14,22,0,19,1,8,0,0,200,200
419901,0,30,0,0,0,3,7,5,0,0,0,14,22,1,59,0,0,0,0,200,200
419901,0,30,0,0,0,3,7,5,0,0,0,14,22,0,24,0,0,0,0,200,200
419901,1,30,0,0,0,3,7,5,0,0,0,14,22,1,24,0,200,200,200,200,200
419912,0,30,0,0,0,3,10,5,0,0,0,16,0,1,200,200,3,200,200,200,200
419912,0,30,0,0,0,3,10,5,0,0,0,16,0,1,26,0,0,0,0,200,200
419912,1,30,0,0,0,3,10,5,0,0,0,16,0,1,26,0,200,200,200,200,200
419923,0,30,0,0,2,3,7,6,0,1,0,32,0,1,31,7,12,0,5,200,200
419923,1,30,0,0,2,3,7,6,0,1,0,32,0,0,200,200,200,200,200,200,200
419923,1,30,0,0,2,3,7,6,0,1,0,32,0,0,200,200,200,200,200,200,200
419931,0,30,1,2,2,3,12,6,0,1,0,21,200,1,200,200,4,200,200,200,200
419931,0,30,1,2,2,3,12,6,0,1,0,21,200,0,67,200,0,0,0,200,200
419946,0,30,0,0,2,3,7,5,0,1,0,1,200,1,52,0,0,0,0,200,200
419949,5,30,1,2,2,3,4,5,0,1,12,8,34,0,61,7,12,0,5,200,200
419949,0,30,1,2,2,3,4,5,0,1,12,8,34,1,47,3,12,0,0,200,200
419949,0,30,1,2,2,3,4,5,0,1,12,8,34,2,200,200,200,200,200,200,200
419953,0,30,0,0,12,3,7,2,0,1,0,18,15,0,28,200,8,0,0,200,200
419955,0,20,0,200,2,0,10,5,0,1,0,15,27,0,200,200,200,200,200,200,200
419955,0,20,0,200,2,0,10,5,0,1,0,15,27,0,22,7,200,200,0,200,200
419955,1,20,0,200,2,0,10,5,0,1,0,15,27,0,21,0,200,200,200,200,200
419955,1,20,0,200,2,0,10,5,0,1,0,15,27,0,51,0,200,200,200,200,200
419967,0,30,1,2,0,3,10,5,0,1,0,0,0,0,20,200,5,200,0,200,200
419967,0,30,1,2,0,3,10,5,0,1,0,0,0,1,27,200,0,200,0,200,200
419967,0,30,1,2,0,3,10,5,0,1,0,0,0,0,30,200,0,200,0,200,200
419976,0,30,0,0,2,3,7,5,0,1,0,27,200,0,28,0,12,0,2,200,200
419990,0,30,1,2,0,3,10,2,0,1,0,0,0,0,200,200,8,200,200,200,200
419990,0,30,1,2,0,3,10,2,0,1,0,0,0,0,65,0,0,0,0,200,200
419990,1,30,1,2,0,3,10,2,0,1,0,0,0,0,65,0,200,200,200,200,200
419994,0,25,0,0,0,3,7,6,0,0,0,0,0,1,200,200,200,200,200,200,200
419994,1,25,0,0,0,3,7,6,0,0,0,0,0,2,200,200,200,200,200,200,200
420000,0,25,0,0,0,0,14,5,0,0,0,0,0,2,200,200,200,200,200,200,200
420000,0,25,0,0,0,0,14,5,0,0,0,0,0,1,26,0,0,0,0,200,200
420000,1,25,0,0,0,0,14,5,0,0,0,0,0,1,23,0,200,200,200,200,200
420000,1,25,0,0,0,0,14,5,0,0,0,0,0,0,200,0,200,200,200,200,200
420000,1,25,0,0,0,0,14,5,0,0,0,0,0,0,200,0,200,200,200,200,200
420007,0,15,0,0,0,3,12,5,0,200,200,0,0,0,200,200,200,200,200,200,200
420007,0,15,0,0,0,3,12,5,0,200,200,0,0,0,32,200,12,0,0,200,200
420007,1,15,0,0,0,3,12,5,0,200,200,0,0,0,200,200,200,200,200,200,200
420008,0,30,1,2,0,3,2,5,0,0,0,200,200,0,19,0,12,0,0,200,200
420008,1,30,1,2,0,3,2,5,0,0,0,200,200,200,20,0,200,200,200,200,200
420015,0,30,0,0,0,3,10,8,0,1,0,18,0,2,200,200,8,200,200,200,200
420015,0,30,0,0,0,3,10,8,0,1,0,18,0,0,27,0,0,0,0,200,200
420016,0,25,0,0,0,3,7,6,0,0,0,10,200,2,200,200,9,200,200,200,200
420017,0,40,0,0,2,3,10,3,3,1,1,0,200,0,33,200,200,200,200,200,200
420017,0,40,0,0,2,3,10,3,3,1,1,0,200,0,33,0,0,4,0,200,200
420017,1,40,0,0,2,3,10,3,3,1,1,0,200,1,39,0,200,200,200,200,200
420018,0,30,0,200,0,3,2,5,0,0,0,32,200,0,30,200,200,200,5,200,200
420018,1,30,0,200,0,3,2,5,0,0,0,32,200,1,21,200,200,200,200,200,200
420021,0,30,2,0,0,0,10,6,0,1,0,16,0,0,31,200,200,200,0,200,200
420021,0,30,2,0,0,0,10,6,0,1,0,16,0,0,38,200,200,200,0,200,200
420028,0,25,0,200,0,3,2,6,0,0,0,0,200,1,200,200,200,200,200,200,200
420033,0,30,0,0,0,3,7,6,0,0,0,27,0,0,19,200,12,0,2,200,200
420035,0,30,0,0,1,3,2,5,0,1,0,0,200,0,34,200,200,200,0,200,200
420035,1,30,0,0,1,3,2,5,0,1,0,0,200,1,31,200,200,200,200,200,200
420038,0,30,1,2,2,1,11,5,0,1,0,17,17,0,29,200,1,0,0,200,200
420038,0,30,1,2,2,1,11,5,0,1,0,17,17,0,60,0,0,0,0,200,200
420052,0,30,1,2,0,2,0,3,0,0,0,17,17,0,44,200,1,0,0,200,200
420052,0,30,1,2,0,2,0,3,0,0,0,17,17,0,38,0,0,0,0,200,200
420064,0,30,1,2,0,1,10,5,0,0,0,18,200,0,26,0,3,0,0,200,200
420064,0,30,1,2,0,1,10,5,0,0,0,18,200,0,51,0,0,0,0,200,200
420078,0,30,0,0,200,200,7,5,0,200,0,200,200,2,200,200,200,200,200,200,200
420079,0,20,0,0,0,1,0,6,2,0,0,16,17,1,32,200,1,0,0,200,200
420079,0,20,0,0,0,1,0,6,2,0,0,16,17,0,24,200,0,0,0,200,200
420086,0,30,1,2,0,1,8,2,0,0,0,0,0,0,55,200,1,200,0,200,200
420086,4,30,1,2,0,1,8,2,0,0,0,0,0,1,200,200,200,200,0,200,200
420091,0,30,1,2,0,1,7,5,0,0,0,27,0,1,26,0,12,0,2,200,200
420091,1,30,1,2,0,1,7,5,0,0,0,27,0,0,1,5,200,200,200,200,200
420097,0,30,0,0,0,1,10,5,0,0,0,0,0,0,200,200,1,200,200,200,200
420097,0,30,0,0,0,1,10,5,0,0,0,0,0,0,59,0,0,0,0,200,200
420098,0,30,1,2,0,1,14,5,0,0,0,0,0,0,44,0,12,0,0,200,200
420098,0,30,1,2,0,1,14,5,0,0,0,0,0,1,39,0,12,0,0,200,200
420105,0,35,0,0,0,1,2,0,0,1,0,25,14,0,200,200,13,200,200,200,200
420106,0,30,0,0,0,1,7,5,0,0,0,0,0,0,31,200,200,200,200,200,200
420106,1,30,0,0,0,1,7,5,0,0,0,0,0,1,23,200,200,200,200,200,200
420120,0,30,1,2,0,1,12,5,0,0,0,22,16,0,52,0,2,0,0,200,200
420120,0,30,1,2,0,1,12,5,0,0,0,22,16,0,50,0,0,0,0,200,200
420120,1,30,1,2,0,1,12,5,0,0,0,22,16,1,20,0,200,200,200,200,200
420123,0,30,12,12,0,1,2,5,0,0,0,3,200,0,53,0,12,12,0,200,200
420124,0,15,0,0,0,1,7,12,0,0,0,0,0,2,200,200,200,200,200,200,200
420129,0,30,2,2,0,1,0,5,0,0,0,16,200,1,200,200,12,200,200,200,200
420129,0,30,2,2,0,1,0,5,0,0,0,16,200,1,32,0,0,0,0,200,200
420132,0,20,2,2,0,1,0,6,0,0,0,7,0,1,53,0,1,0,0,200,200
420132,0,20,2,2,0,1,0,6,0,0,0,7,0,0,27,0,0,0,0,200,200
420132,1,20,2,2,0,1,0,6,0,0,0,7,0,1,14,0,200,200,200,200,200
420133,0,30,0,0,200,200,7,5,0,0,0,0,0,2,200,200,200,200,200,200,200
420151,0,30,0,0,0,1,12,5,0,0,3,22,0,0,25,200,2,0,0,200,200
420151,0,30,0,0,0,1,12,5,0,0,3,22,0,0,60,200,0,0,0,200,200
420157,0,35,2,2,2,1,14,5,0,1,0,23,33,1,34,0,1,0,200,200,200
420157,0,35,2,2,2,1,14,5,0,1,0,23,33,1,65,0,0,0,200,200,200
420157,1,35,2,2,2,1,14,5,0,1,0,23,33,1,2,5,200,200,200,200,200
420157,1,35,2,2,2,1,14,5,0,1,0,23,33,0,1,5,200,200,200,200,200
420164,0,30,0,0,0,1,12,2,0,0,0,0,0,0,55,0,0,0,0,200,200
420164,0,30,0,0,0,1,12,2,0,0,0,0,0,0,29,7,0,0,0,200,200
420164,1,30,0,0,0,1,12,2,0,0,0,0,0,1,200,0,200,200,200,200,200
420164,1,30,0,0,0,1,12,2,0,0,0,0,0,0,200,0,200,200,200,200,200
420164,1,30,0,0,0,1,12,2,0,0,0,0,0,1,200,0,200,200,200,200,200
420164,1,30,0,0,0,1,12,2,0,0,0,0,0,1,200,1,200,200,200,200,200
420167,0,30,0,0,2,1,7,6,0,1,0,23,200,2,200,200,200,200,200,200,200
420183,0,30,0,0,2,1,10,5,0,1,0,18,16,0,36,0,0,0,0,200,200
420183,0,30,0,0,2,1,10,5,0,1,0,18,16,0,23,200,8,0,0,200,200
420183,1,30,0,0,2,1,10,5,0,1,0,18,16,1,34,0,200,200,200,200,200
420183,1,30,0,0,2,1,10,5,0,1,0,18,16,1,0,5,200,200,200,200,200
420183,1,30,0,0,2,1,10,5,0,1,0,18,16,1,2,5,200,200,200,200,200
420184,0,30,200,200,0,1,12,200,0,0,0,22,21,1,200,200,4,200,200,200,200
420184,0,30,200,200,0,1,12,200,0,0,0,22,21,1,57,200,200,200,0,200,200
420186,0,30,2,1,0,1,10,5,0,0,0,0,0,1,30,1,200,0,0,200,200
420186,0,30,2,1,0,1,10,5,0,0,0,0,0,0,49,200,200,0,0,200,200
420186,1,30,2,1,0,1,10,5,0,0,0,0,0,1,47,200,200,200,200,200,200
420198,0,30,1,2,1,3,14,2,0,1,0,17,0,0,200,200,1,200,200,200,200
420198,0,30,1,2,1,3,14,2,0,1,0,17,0,0,29,0,0,0,0,200,200
420200,0,30,1,2,0,0,0,2,0,0,0,0,0,2,200,200,200,200,200,200,200
420200,0,30,1,2,0,0,0,2,0,0,0,0,0,1,62,0,200,200,0,200,200
420204,0,35,0,0,2,3,7,6,0,1,0,0,200,2,200,200,200,200,200,200,200
420215,0,30,1,2,2,0,10,3,0,1,0,18,18,0,27,200,3,0,0,200,200
420215,0,30,1,2,2,0,10,3,0,1,0,18,18,1,30,0,0,0,0,200,200
420225,0,15,2,2,0,3,10,7,0,0,0,18,200,0,29,200,200,200,200,200,200
420225,0,15,2,2,0,3,10,7,0,0,0,18,200,0,52,3,0,0,0,200,200
420226,4,25,0,0,0,1,8,5,0,0,0,0,200,1,54,7,200,0,0,200,200
420237,0,35,0,0,0,1,10,12,0,0,0,0,0,0,63,200,200,200,0,200,200
420237,0,35,0,0,0,1,10,12,0,0,0,0,0,1,26,200,200,200,0,200,200
420240,0,10,0,0,0,3,14,7,0,0,0,0,0,1,200,200,200,200,200,200,200
420240,0,10,0,0,0,3,14,7,0,0,0,0,0,1,43,200,200,0,0,200,200
420240,1,10,0,0,0,3,14,7,0,0,0,0,0,0,200,200,200,200,200,200,200
420243,0,40,0,0,0,1,10,3,0,0,0,18,18,1,24,0,1,0,0,200,200
420243,0,40,0,0,0,1,10,3,0,0,0,18,18,0,64,0,0,0,0,200,200
420257,0,30,1,200,0,1,0,6,0,0,0,0,200,0,37,0,0,12,0,200,200
420257,0,30,1,200,0,1,0,6,0,0,0,0,200,1,22,0,0,12,0,200,200
420257,1,30,1,200,0,1,0,6,0,0,0,0,200,0,200,0,200,200,200,200,200
420258,0,30,0,0,0,1,7,5,0,0,0,0,0,0,53,200,200,200,0,200,200
420266,0,10,0,0,200,1,7,7,0,0,0,20,200,0,200,200,6,200,200,200,200
420268,0,35,0,0,0,1,12,5,0,0,0,25,200,0,200,200,2,200,200,200,200
420268,0,35,0,0,0,1,12,5,0,0,0,25,200,1,53,0,0,0,0,200,200
420278,0,30,1,2,200,3,10,5,0,200,200,18,18,2,200,200,3,200,200,200,200
420278,0,30,1,2,200,3,10,5,0,200,200,18,18,1,65,200,0,200,0,200,200
420286,0,15,0,0,0,1,7,7,0,0,0,0,0,1,200,200,200,200,200,200,200
420289,0,15,0,0,0,0,7,7,0,0,0,0,0,2,200,200,0,200,200,200,200
420293,0,30,1,2,0,1,14,5,0,0,0,23,200,0,60,0,7,0,0,200,200
420293,0,30,1,2,0,1,14,5,0,0,0,23,200,0,50,0,0,0,0,200,200
420297,0,25,0,0,0,1,7,6,0,0,0,0,0,0,200,200,8,200,200,200,200
420304,0,30,0,0,0,1,7,3,0,0,0,27,0,0,64,200,12,200,4,200,200
420308,0,30,0,0,0,1,10,5,0,0,0,18,12,0,78,0,3,0,0,200,200
420308,0,30,0,0,0,1,10,5,0,0,0,18,12,0,55,0,0,0,0,200,200
420318,0,0,0,0,200,1,7,7,0,0,0,0,0,2,200,200,200,200,200,200,200
420324,0,30,0,0,200,200,9,2,0,200,0,0,0,2,200,200,200,200,200,200,200
420324,5,30,0,0,200,200,9,2,0,200,0,0,0,1,64,7,0,0,0,200,200
420327,0,30,0,0,0,1,7,5,0,0,0,25,200,0,60,0,12,0,0,200,200
420331,0,30,0,0,0,1,12,6,0,0,0,17,200,0,29,0,1,0,0,200,200
420331,0,30,0,0,0,1,12,6,0,0,0,17,200,0,47,0,0,0,0,200,200
420331,1,30,0,0,0,1,12,6,0,0,0,17,200,1,23,0,200,200,200,200,200
420341,0,30,0,0,0,1,10,5,0,0,0,18,0,0,27,200,3,200,200,200,200
420341,0,30,0,0,0,1,10,5,0,0,0,18,0,0,46,0,0,0,200,200,200
420341,0,30,0,0,0,1,10,5,0,0,0,18,0,0,200,200,0,200,200,200,200
420341,1,30,0,0,0,1,10,5,0,0,0,18,0,1,200,200,200,200,200,200,200
420341,1,30,0,0,0,1,10,5,0,0,0,18,0,1,44,0,200,200,200,200,200
420341,1,30,0,0,0,1,10,5,0,0,0,18,0,0,5,5,200,200,200,200,200
420341,1,30,0,0,0,1,10,5,0,0,0,18,0,1,3,5,200,200,200,200,200
420350,0,30,0,0,0,1,12,5,0,0,0,0,0,1,30,0,200,0,0,200,200
420350,0,30,0,0,0,1,12,5,0,0,0,0,0,0,22,0,200,0,0,200,200
420353,0,30,1,2,2,1,14,2,0,1,0,15,15,0,22,0,8,0,0,200,200
420353,0,30,1,2,2,1,14,2,0,1,0,15,15,0,29,0,0,0,0,200,200
420353,0,30,1,2,2,1,14,2,0,1,0,15,15,0,23,0,0,0,0,200,200
420369,0,30,1,2,2,1,10,2,0,12,0,0,18,1,200,200,200,200,200,200,200
420369,0,30,1,2,2,1,10,2,0,12,0,0,18,1,63,7,0,0,0,200,200
420379,0,35,1,200,0,1,0,12,0,0,0,0,0,1,61,200,5,200,0,200,200
420379,0,35,1,200,0,1,0,12,0,0,0,0,0,1,46,200,0,200,0,200,200
420379,1,35,1,200,0,1,0,12,0,0,0,0,0,0,59,200,200,200,200,200,200
420379,1,35,1,200,0,1,0,12,0,0,0,0,0,1,8,200,200,200,200,200,200
420380,0,30,0,0,0,200,7,2,0,0,0,0,0,2,200,200,200,200,200,200,200
420381,0,20,0,0,0,1,7,5,0,0,0,0,0,2,200,200,200,200,200,200,200
420394,4,30,2,0,0,1,8,5,0,0,0,5,200,0,69,2,5,0,0,200,200
420394,0,30,2,0,0,1,8,5,0,0,0,5,200,1,21,0,0,0,0,200,200
420394,1,30,2,0,0,1,8,5,0,0,0,5,200,1,25,0,200,200,200,200,200
420399,0,25,1,2,0,1,10,2,0,0,0,18,200,0,67,0,3,0,0,200,200
420399,0,25,1,2,0,1,10,2,0,0,0,18,200,1,24,0,0,0,0,200,200
420399,0,25,1,2,0,1,10,2,0,0,0,18,200,0,43,0,0,0,0,200,200
420400,0,30,1,2,0,1,11,5,0,0,0,11,0,0,70,0,0,0,0,200,200
420400,0,30,1,2,0,1,11,5,0,0,0,11,0,0,38,0,0,0,0,200,200
420402,0,20,0,0,0,1,2,0,0,0,0,0,200,2,200,200,200,200,200,200,200
420406,0,15,0,0,2,1,7,6,0,1,0,0,200,2,200,200,8,200,200,200,200
420410,0,30,1,2,0,1,10,5,0,0,0,18,16,1,200,200,3,0,0,200,200
420410,0,30,1,2,0,1,10,5,0,0,0,18,16,0,200,0,0,0,0,200,200
420410,1,30,1,2,0,1,10,5,0,0,0,18,16,1,200,0,200,200,200,200,200
420412,0,30,0,0,0,1,7,2,0,0,0,25,16,2,200,200,12,200,200,200,200
420420,0,30,0,0,2,1,7,6,0,1,0,0,200,2,200,200,200,200,200,200,200
420421,0,25,1,2,0,1,10,8,0,0,12,20,20,1,34,200,6,200,0,200,200
420421,0,25,1,2,0,1,10,8,0,0,12,20,20,0,39,200,0,0,0,200,200
420426,0,0,0,0,2,1,14,0,0,1,0,34,0,0,200,200,200,200,200,200,200
420426,0,0,0,0,2,1,14,0,0,1,0,34,0,0,26,200,0,0,0,200,200
420429,0,30,1,2,1,1,0,5,2,0,0,6,15,0,200,200,13,200,200,200,200
420429,0,30,1,2,1,1,0,5,2,0,0,6,15,1,40,200,0,0,0,200,200
420429,1,30,1,2,1,1,0,5,2,0,0,6,15,0,14,200,200,200,200,200,200
420429,1,30,1,2,1,1,0,5,2,0,0,6,15,0,9,200,200,200,200,200,200
420429,1,30,1,2,1,1,0,5,2,0,0,6,15,1,11,200,200,200,200,200,200
420429,1,30,1,2,1,1,0,5,2,0,0,6,15,0,7,200,200,200,200,200,200
420429,1,30,1,2,1,1,0,5,2,0,0,6,15,0,200,200,200,200,200,200,200
420429,1,30,1,2,1,1,0,5,2,0,0,6,15,0,200,200,200,200,200,200,200
420431,0,30,0,0,0,1,7,7,0,0,0,17,200,0,28,0,0,0,200,200,200
420433,0,30,0,0,0,1,10,5,0,0,0,18,18,1,26,0,3,0,0,200,200
420433,0,30,0,0,0,1,10,5,0,0,0,18,18,0,37,0,0,0,0,200,200
420433,1,30,0,0,0,1,10,5,0,0,0,18,18,1,29,0,200,200,200,200,200
420433,1,30,0,0,0,1,10,5,0,0,0,18,18,1,12,0,200,200,200,200,200
420433,1,30,0,0,0,1,10,5,0,0,0,18,18,1,8,7,200,200,200,200,200
420433,1,30,0,0,0,1,10,5,0,0,0,18,18,0,2,0,200,200,200,200,200
420434,0,10,0,0,2,200,7,7,0,200,0,0,200,1,200,200,12,200,200,200,200
420434,1,10,0,0,2,200,7,7,0,200,0,0,200,0,200,0,200,200,200,200,200
420434,1,10,0,0,2,200,7,7,0,200,0,0,200,1,68,0,200,200,200,200,200
420434,1,10,0,0,2,200,7,7,0,200,0,0,200,200,200,0,200,200,200,200,200
420437,0,30,0,0,0,1,14,2,0,0,0,17,0,1,38,0,0,0,0,200,200
420437,0,30,0,0,0,1,14,2,0,0,0,17,0,1,35,0,1,0,0,200,200
420437,1,30,0,0,0,1,14,2,0,0,0,17,0,0,39,0,200,200,200,200,200
420439,0,30,0,0,0,1,10,2,0,0,0,2,18,0,21,0,11,0,0,200,200
420439,0,30,0,0,0,1,10,2,0,0,0,2,18,0,64,0,0,0,0,200,200
420439,1,30,0,0,0,1,10,2,0,0,0,2,18,1,58,0,200,200,200,200,200
420440,0,30,0,0,0,1,7,6,0,200,200,0,0,0,200,200,200,200,200,200,200
420444,0,30,0,0,0,0,11,5,0,200,200,0,0,0,21,200,200,200,200,200,200
420444,0,30,0,0,0,0,11,5,0,200,200,0,0,1,46,0,12,0,200,200,200
420444,1,30,0,0,0,0,11,5,0,200,200,0,0,1,200,200,200,200,200,200,200