RD_NO,PERSON_TYPE,POSTED_SPEED_LIMIT,TRAFFIC_CONTROL_DEVICE,DEVICE_CONDITION,WEATHER_CONDITION,LIGHTING_CONDITION,FIRST_CRASH_TYPE,TRAFFICWAY_TYPE,ALIGNMENT,ROADWAY_SURFACE_COND,ROAD_DEFECT,PRIM_CONTRIBUTORY_CAUSE,SEC_CONTRIBUTORY_CAUSE,SEX,AGE,SAFETY_EQUIPMENT,DRIVER_ACTION,DRIVER_VISION,PHYSICAL_CONDITION,BAC_RESULT VALUE,CELL_PHONE_USE
420445,0,30,0,0,1,1,10,7,0,0,0,11,200,0,27,0,1,0,0,200,200
420445,0,30,0,0,1,1,10,7,0,0,0,11,200,1,71,0,0,0,0,200,200
420452,0,30,0,0,0,1,12,5,0,0,0,0,200,2,200,200,200,200,200,200,200
420452,0,30,0,0,0,1,12,5,0,0,0,0,200,0,200,0,0,0,0,200,200
420452,1,30,0,0,0,1,12,5,0,0,0,0,200,2,200,200,200,200,200,200,200
420452,1,30,0,0,0,1,12,5,0,0,0,0,200,1,43,0,200,200,200,200,200
420452,1,30,0,0,0,1,12,5,0,0,0,0,200,0,17,0,200,200,200,200,200
420456,0,30,2,0,2,1,14,5,0,1,200,17,16,0,19,200,1,200,0,200,200
420456,0,30,2,0,2,1,14,5,0,1,200,17,16,1,22,200,0,200,0,200,200
420456,1,30,2,0,2,1,14,5,0,1,200,17,16,1,28,200,200,200,200,200,200
420457,0,30,1,2,0,1,14,3,0,0,0,17,0,0,22,0,1,0,0,200,200
420457,0,30,1,2,0,1,14,3,0,0,0,17,0,1,33,0,0,0,0,200,200
420464,0,30,0,0,200,1,10,2,0,200,0,0,0,1,29,0,0,0,0,200,200
420464,0,30,0,0,200,1,10,2,0,200,0,0,0,0,54,0,0,0,0,200,200
420464,0,30,0,0,200,1,10,2,0,200,0,0,0,0,49,0,0,0,0,200,200
420469,0,10,0,0,2,1,7,7,0,1,0,11,0,0,200,200,6,200,200,200,200
420469,1,10,0,0,2,1,7,7,0,1,0,11,0,0,16,0,200,200,200,200,200
420483,0,30,0,0,0,0,7,2,0,0,0,0,200,2,200,200,200,200,200,200,200
420486,0,30,4,2,2,1,0,5,0,1,200,0,0,1,45,0,200,200,200,200,200
420486,0,30,4,2,2,1,0,5,0,1,200,0,0,0,34,0,0,0,200,200,200
420493,0,30,0,0,0,3,7,5,0,0,0,0,0,2,200,200,200,200,200,200,200
420496,0,0,0,0,0,0,7,6,0,0,0,200,200,2,200,200,200,200,200,200,200
420497,0,30,0,0,0,1,11,5,0,1,0,0,0,0,61,0,0,0,0,200,200
420497,0,30,0,0,0,1,11,5,0,1,0,0,0,0,28,0,0,0,0,200,200
420498,0,30,1,2,2,1,14,2,0,1,0,17,200,2,200,200,1,200,200,200,200
420498,0,30,1,2,2,1,14,2,0,1,0,17,200,0,24,2,0,0,0,200,200
420500,0,30,2,1,2,1,10,2,0,1,0,34,18,0,23,200,3,200,0,200,200
420500,0,30,2,1,2,1,10,2,0,1,0,34,18,0,51,200,0,200,0,200,200
420500,1,30,2,1,2,1,10,2,0,1,0,34,18,0,200,200,200,200,200,200,200
420500,1,30,2,1,2,1,10,2,0,1,0,34,18,1,200,200,200,200,200,200,200
420500,1,30,2,1,2,1,10,2,0,1,0,34,18,0,20,200,200,200,200,200,200
420500,1,30,2,1,2,1,10,2,0,1,0,34,18,0,8,200,200,200,200,200,200
420503,0,30,0,0,200,200,7,5,0,200,200,0,0,2,200,200,200,200,200,200,200
420510,0,45,0,0,2,1,10,3,0,1,200,8,8,0,24,0,12,200,0,200,200
420510,0,45,0,0,2,1,10,3,0,1,200,8,8,0,26,0,12,200,0,200,200
420510,1,45,0,0,2,1,10,3,0,1,200,8,8,0,22,0,200,200,200,200,200
420510,1,45,0,0,2,1,10,3,0,1,200,8,8,0,200,0,200,200,200,200,200
420511,0,30,1,2,0,1,10,2,0,0,0,0,0,0,200,200,200,0,0,200,200
420511,0,30,1,2,0,1,10,2,0,0,0,0,0,1,200,0,200,0,0,200,200
420512,0,30,1,2,2,3,12,5,0,1,0,22,200,1,200,200,2,200,200,200,200
420512,0,30,1,2,2,3,12,5,0,1,0,22,200,0,23,7,12,0,0,200,200
420521,0,30,1,2,2,1,0,12,0,1,200,6,17,0,59,0,1,0,0,200,200
420521,0,30,1,2,2,1,0,12,0,1,200,6,17,0,55,0,12,0,0,200,200
420524,4,30,1,2,1,1,8,12,0,0,0,200,200,0,48,7,9,0,0,200,200
420524,0,30,1,2,1,1,8,12,0,0,0,200,200,1,24,0,200,0,0,200,200
420528,0,30,0,0,200,200,7,2,0,200,0,0,200,2,200,200,200,200,200,200,200
420529,0,30,0,0,0,3,14,5,0,0,0,18,0,1,28,200,3,200,200,200,200
420529,0,30,0,0,0,3,14,5,0,0,0,18,0,0,21,0,0,0,0,200,200
420531,0,30,2,3,2,1,0,2,0,1,0,34,16,1,19,0,1,4,200,200,200
420531,0,30,2,3,2,1,0,2,0,1,0,34,16,1,19,200,200,4,200,200,200
420531,1,30,2,3,2,1,0,2,0,1,0,34,16,1,200,0,200,200,200,200,200
420531,1,30,2,3,2,1,0,2,0,1,0,34,16,1,200,0,200,200,200,200,200
420531,1,30,2,3,2,1,0,2,0,1,0,34,16,0,200,0,200,200,200,200,200
420531,1,30,2,3,2,1,0,2,0,1,0,34,16,0,200,0,200,200,200,200,200
420531,1,30,2,3,2,1,0,2,0,1,0,34,16,1,200,200,200,200,200,200,200
420532,0,30,0,0,0,1,7,5,0,0,0,0,200,1,31,0,200,0,0,200,200
420536,4,30,0,0,2,1,8,2,0,1,0,0,200,1,22,3,0,0,0,200,200
420536,1,30,0,0,2,1,8,2,0,1,0,0,200,1,33,0,200,200,200,200,200
420538,0,30,0,0,1,1,7,6,0,0,0,0,200,2,200,200,200,200,200,200,200
420539,0,30,1,2,1,1,10,5,0,1,200,15,200,0,20,200,8,200,200,200,200
420539,0,30,1,2,1,1,10,5,0,1,200,15,200,1,22,200,0,200,200,200,200
420539,1,30,1,2,1,1,10,5,0,1,200,15,200,1,20,200,200,200,200,200,200
420539,1,30,1,2,1,1,10,5,0,1,200,15,200,1,3,200,200,200,200,200,200
420540,1,5,12,1,0,1,4,3,0,0,0,200,200,0,200,200,200,200,200,200,200
420542,0,30,1,2,2,1,14,5,0,1,0,6,200,1,57,200,5,0,0,200,200
420542,0,30,1,2,2,1,14,5,0,1,0,6,200,0,35,200,200,0,0,200,200
420542,1,30,1,2,2,1,14,5,0,1,0,6,200,0,40,200,200,200,200,200,200
420542,1,30,1,2,2,1,14,5,0,1,0,6,200,200,200,200,200,200,200,200,200
420545,0,30,1,2,0,1,0,5,0,0,0,0,0,1,26,0,200,0,0,200,200
420545,0,30,1,2,0,1,0,5,0,0,0,0,0,0,38,0,0,0,0,200,200
420545,1,30,1,2,0,1,0,5,0,0,0,0,0,1,31,0,200,200,200,200,200
420548,0,30,0,0,2,1,2,2,0,1,4,28,0,0,29,0,0,0,0,200,200
420550,0,30,4,2,2,1,0,2,0,1,0,17,16,0,21,200,1,200,0,200,200
420550,0,30,4,2,2,1,0,2,0,1,0,17,16,1,52,0,200,0,0,200,200
420550,1,30,4,2,2,1,0,2,0,1,0,17,16,0,27,200,200,200,200,200,200
420550,1,30,4,2,2,1,0,2,0,1,0,17,16,0,30,200,200,200,200,200,200
420554,0,30,1,2,0,1,10,3,0,0,0,25,200,2,200,200,2,200,200,200,200
420554,0,30,1,2,0,1,10,3,0,0,0,25,200,0,47,0,0,0,0,200,200
420554,0,30,1,2,0,1,10,3,0,0,0,25,200,0,76,0,0,0,0,200,200
420554,1,30,1,2,0,1,10,3,0,0,0,25,200,1,0,0,200,200,200,200,200
420554,1,30,1,2,0,1,10,3,0,0,0,25,200,1,14,0,200,200,200,200,200
420556,0,30,1,2,1,1,0,5,0,0,0,6,200,0,43,200,5,0,200,200,200
420556,0,30,1,2,1,1,0,5,0,0,0,6,200,0,21,200,0,0,0,200,200
420559,0,30,0,0,0,3,7,12,0,200,200,11,200,2,200,200,200,200,200,200,200
420561,0,30,12,12,1,1,14,2,0,1,0,0,200,1,0,0,200,0,0,200,200
420561,0,30,12,12,1,1,14,2,0,1,0,0,200,0,28,0,200,0,0,200,200
420566,0,45,0,0,0,1,10,3,0,0,0,16,200,0,62,200,12,200,0,200,200
420566,0,45,0,0,0,1,10,3,0,0,0,16,200,1,26,0,0,0,0,200,200
420566,1,45,0,0,0,1,10,3,0,0,0,16,200,1,200,7,200,200,200,200,200
420566,1,45,0,0,0,1,10,3,0,0,0,16,200,0,200,7,200,200,200,200,200
420566,1,45,0,0,0,1,10,3,0,0,0,16,200,0,200,7,200,200,200,200,200
420566,1,45,0,0,0,1,10,3,0,0,0,16,200,1,200,7,200,200,200,200,200
420566,1,45,0,0,0,1,10,3,0,0,0,16,200,0,200,7,200,200,200,200,200
420566,1,45,0,0,0,1,10,3,0,0,0,16,200,1,200,7,200,200,200,200,200
420566,1,45,0,0,0,1,10,3,0,0,0,16,200,2,200,7,200,200,200,200,200
420566,1,45,0,0,0,1,10,3,0,0,0,16,200,2,200,7,200,200,200,200,200
420566,1,45,0,0,0,1,10,3,0,0,0,16,200,0,200,7,200,200,200,200,200
420566,1,45,0,0,0,1,10,3,0,0,0,16,200,2,200,7,200,200,200,200,200
420566,1,45,0,0,0,1,10,3,0,0,0,16,200,0,200,7,200,200,200,200,200
420566,1,45,0,0,0,1,10,3,0,0,0,16,200,2,200,7,200,200,200,200,200
420566,1,45,0,0,0,1,10,3,0,0,0,16,200,0,200,7,200,200,200,200,200
420566,1,45,0,0,0,1,10,3,0,0,0,16,200,2,200,7,200,200,200,200,200
420566,1,45,0,0,0,1,10,3,0,0,0,16,200,0,200,7,200,200,200,200,200
420566,1,45,0,0,0,1,10,3,0,0,0,16,200,0,200,7,200,200,200,200,200
420566,1,45,0,0,0,1,10,3,0,0,0,16,200,1,200,7,200,200,200,200,200
420572,0,10,0,0,0,1,7,7,0,0,0,0,0,1,200,200,10,200,200,200,200
420573,0,30,0,0,2,1,10,5,0,1,200,0,0,0,200,200,200,200,200,200,200
420573,0,30,0,0,2,1,10,5,0,1,200,0,0,1,35,0,0,200,200,200,200
420575,0,30,0,0,2,2,14,5,0,1,200,17,17,0,26,200,12,200,200,200,200
420575,0,30,0,0,2,2,14,5,0,1,200,17,17,0,35,0,0,0,0,200,200
420575,1,30,0,0,2,2,14,5,0,1,200,17,17,0,11,0,200,200,200,200,200
420575,1,30,0,0,2,2,14,5,0,1,200,17,17,0,7,0,200,200,200,200,200
420576,0,20,0,0,1,1,12,5,0,0,200,0,0,0,19,0,1,200,0,200,200
420576,0,20,0,0,1,1,12,5,0,0,200,0,0,1,37,0,200,200,0,200,200
420577,0,30,0,0,2,1,10,5,0,1,0,18,200,1,23,0,3,200,0,200,200
420577,0,30,0,0,2,1,10,5,0,1,0,18,200,0,46,0,0,0,0,200,200
420577,1,30,0,0,2,1,10,5,0,1,0,18,200,1,200,0,200,200,200,200,200
420577,1,30,0,0,2,1,10,5,0,1,0,18,200,1,200,0,200,200,200,200,200
420580,0,30,1,2,2,1,12,5,0,1,200,0,0,1,28,200,200,200,0,200,200
420580,0,30,1,2,2,1,12,5,0,1,200,0,0,0,28,200,200,200,0,200,200
420580,1,30,1,2,2,1,12,5,0,1,200,0,0,0,34,200,200,200,200,200,200
420580,1,30,1,2,2,1,12,5,0,1,200,0,0,1,34,200,200,200,200,200,200
420581,0,30,0,0,2,1,14,5,0,1,0,17,200,0,62,0,200,0,0,200,200
420581,0,30,0,0,2,1,14,5,0,1,0,17,200,1,54,0,200,0,0,200,200
420581,0,30,0,0,2,1,14,5,0,1,0,17,200,0,23,0,200,0,0,200,200
420587,0,15,0,0,1,1,7,7,0,0,0,11,0,0,200,200,12,200,200,200,200
420587,1,15,0,0,1,1,7,7,0,0,0,11,0,0,37,0,200,200,200,200,200
420588,0,30,0,0,0,4,12,3,0,0,0,0,0,1,23,200,200,200,200,200,200
420588,0,30,0,0,0,4,12,3,0,0,0,0,0,1,58,0,0,0,200,200,200
420588,1,30,0,0,0,4,12,3,0,0,0,0,0,1,200,200,200,200,200,200,200
420589,0,0,0,0,2,1,7,7,0,1,200,0,0,2,200,200,200,200,200,200,200
420595,0,30,0,0,2,3,2,5,0,1,4,34,29,1,41,0,12,12,0,200,200
420595,1,30,0,0,2,3,2,5,0,1,4,34,29,0,200,0,200,200,200,200,200
420602,0,30,1,2,2,1,14,5,0,1,0,11,0,0,51,200,7,200,7,200,200
420602,0,30,1,2,2,1,14,5,0,1,0,11,0,1,23,200,0,200,7,200,200
420602,1,30,1,2,2,1,14,5,0,1,0,11,0,1,4,5,200,200,200,200,200
420604,0,30,1,2,2,1,0,5,0,1,0,0,0,0,28,0,12,0,0,200,200
420604,0,30,1,2,2,1,0,5,0,1,0,0,0,0,49,0,0,0,0,200,200
420604,1,30,1,2,2,1,0,5,0,1,0,0,0,1,24,0,200,200,200,200,200
420604,1,30,1,2,2,1,0,5,0,1,0,0,0,1,23,0,200,200,200,200,200
420604,1,30,1,2,2,1,0,5,0,1,0,0,0,0,200,0,200,200,200,200,200
420611,0,30,0,0,0,1,10,5,0,1,0,0,0,0,25,200,200,200,200,200,200
420611,0,30,0,0,0,1,10,5,0,1,0,0,0,1,38,0,0,0,0,200,200
420618,0,30,0,0,0,1,12,5,0,0,0,17,17,0,30,200,1,0,5,200,200
420618,0,30,0,0,0,1,12,5,0,0,0,17,17,0,25,0,0,0,0,200,200
420626,0,25,0,200,0,1,7,0,0,0,0,200,200,0,200,200,200,200,200,200,200
420627,0,30,1,2,1,1,0,6,0,0,0,6,17,0,48,200,1,0,0,200,200
420627,0,30,1,2,1,1,0,6,0,0,0,6,17,1,37,0,0,0,0,200,200
420630,0,30,1,2,2,4,10,5,0,1,0,34,200,0,33,0,8,0,0,200,200
420630,0,30,1,2,2,4,10,5,0,1,0,34,200,0,41,0,0,0,0,200,200
420630,1,30,1,2,2,4,10,5,0,1,0,34,200,1,31,0,200,200,200,200,200
420630,1,30,1,2,2,4,10,5,0,1,0,34,200,0,4,0,200,200,200,200,200
420630,1,30,1,2,2,4,10,5,0,1,0,34,200,1,2,0,200,200,200,200,200
420631,0,30,0,0,2,2,7,5,0,1,0,34,200,1,28,200,200,0,0,200,200
420638,0,30,0,0,2,4,7,7,0,1,0,0,200,2,200,200,200,200,200,200,200
420649,0,25,0,0,2,1,7,6,0,1,0,0,200,0,200,200,200,200,200,200,200
420650,0,30,2,2,2,1,10,6,0,1,0,20,200,0,200,200,6,200,200,200,200
420650,0,30,2,2,2,1,10,6,0,1,0,20,200,0,34,0,0,0,0,200,200
420656,0,30,0,0,0,1,7,5,0,0,0,0,0,0,200,200,200,200,200,200,200
420658,0,30,0,0,2,1,7,2,0,1,0,34,33,0,52,0,12,200,0,200,200
420659,0,30,0,0,2,1,10,2,0,1,0,0,0,2,200,200,200,200,200,200,200
420659,0,30,0,0,2,1,10,2,0,1,0,0,0,0,26,0,12,0,0,200,200
420660,0,30,0,0,2,1,10,5,0,1,0,0,0,0,58,200,0,0,0,200,200
420660,0,30,0,0,2,1,10,5,0,1,0,0,0,0,21,200,0,0,0,200,200
420663,0,30,0,0,2,1,12,6,0,1,0,17,200,0,200,200,0,200,200,200,200
420663,0,30,0,0,2,1,12,6,0,1,0,17,200,0,22,0,1,0,0,200,200
420663,1,30,0,0,2,1,12,6,0,1,0,17,200,1,19,7,200,200,200,200,200
420665,0,30,0,0,2,1,7,5,0,1,200,0,0,1,200,200,12,200,200,200,200
420665,1,30,0,0,2,1,7,5,0,1,200,0,0,1,51,0,200,200,200,200,200
420668,0,35,1,2,2,1,10,2,0,1,0,7,16,1,27,200,1,200,0,200,200
420668,0,35,1,2,2,1,10,2,0,1,0,7,16,1,65,200,0,200,0,200,200
420668,0,35,1,2,2,1,10,2,0,1,0,7,16,1,25,200,0,0,0,200,200
420676,0,30,0,0,2,1,10,3,0,1,0,0,0,0,200,200,200,200,200,200,200
420676,0,30,0,0,2,1,10,3,0,1,0,0,0,0,68,200,0,0,0,200,200
420676,1,30,0,0,2,1,10,3,0,1,0,0,0,1,53,200,200,200,200,200,200
420676,1,30,0,0,2,1,10,3,0,1,0,0,0,0,18,200,200,200,200,200,200
420681,0,30,0,2,2,1,10,5,0,1,200,18,200,1,50,200,8,200,200,200,200
420681,0,30,0,2,2,1,10,5,0,1,200,18,200,0,47,200,0,200,200,200,200
420685,0,30,0,0,2,1,7,5,0,1,200,0,0,0,30,0,6,200,0,200,200
420687,0,25,1,3,2,1,0,2,0,1,0,16,0,0,28,0,0,0,0,200,200
420687,0,25,1,3,2,1,0,2,0,1,0,16,0,1,76,0,0,0,0,200,200
420688,0,30,2,0,2,1,0,3,0,1,0,16,12,0,33,0,12,0,0,200,200
420688,0,30,2,0,2,1,0,3,0,1,0,16,12,0,17,0,0,0,0,200,200
420688,0,30,2,0,2,1,0,3,0,1,0,16,12,1,27,0,0,0,0,200,200
420689,0,30,1,2,2,1,9,5,0,1,0,17,200,2,200,200,1,200,200,200,200
420689,5,30,1,2,2,1,9,5,0,1,0,17,200,1,77,200,0,0,0,200,200
420697,0,30,0,0,200,1,7,5,0,200,200,0,0,2,200,200,200,200,200,200,200
420702,0,30,0,0,2,1,12,6,0,1,0,17,200,1,200,200,1,0,0,200,200
420702,0,30,0,0,2,1,12,6,0,1,0,17,200,0,200,0,0,0,0,200,200
420702,1,30,0,0,2,1,12,6,0,1,0,17,200,1,200,0,200,200,200,200,200
420702,1,30,0,0,2,1,12,6,0,1,0,17,200,0,200,0,200,200,200,200,200
420712,0,35,0,0,2,1,0,5,0,1,200,17,11,0,16,200,1,200,0,200,200
420712,0,35,0,0,2,1,0,5,0,1,200,17,11,0,40,200,0,200,0,200,200
420712,1,35,0,0,2,1,0,5,0,1,200,17,11,0,19,200,200,200,200,200,200
420718,4,30,0,0,2,4,8,6,0,1,0,16,34,0,22,7,9,0,0,200,200
420718,0,30,0,0,2,4,8,6,0,1,0,16,34,1,74,0,0,0,0,200,200
420718,1,30,0,0,2,4,8,6,0,1,0,16,34,1,71,0,200,200,200,200,200
420721,0,30,0,0,2,1,10,5,0,1,0,17,200,0,38,200,200,200,0,200,200
420721,0,30,0,0,2,1,10,5,0,1,0,17,200,0,38,0,0,0,0,200,200
420721,1,30,0,0,2,1,10,5,0,1,0,17,200,0,26,0,200,200,200,200,200
420721,1,30,0,0,2,1,10,5,0,1,0,17,200,1,1,200,200,200,200,200,200
420721,1,30,0,0,2,1,10,5,0,1,0,17,200,0,34,200,200,200,200,200,200
420721,1,30,0,0,2,1,10,5,0,1,0,17,200,1,30,200,200,200,200,200,200
420729,0,30,1,3,2,1,12,5,0,1,0,16,34,1,27,0,3,200,0,200,200
420729,0,30,1,3,2,1,12,5,0,1,0,16,34,0,27,0,0,200,0,200,200
420729,1,30,1,3,2,1,12,5,0,1,0,16,34,1,27,0,200,200,200,200,200
420729,1,30,1,3,2,1,12,5,0,1,0,16,34,0,1,5,200,200,200,200,200
420732,0,30,0,0,0,2,10,5,0,1,0,200,200,0,35,0,0,0,0,200,200
420732,0,30,0,0,0,2,10,5,0,1,0,200,200,0,54,0,0,0,0,200,200
420732,1,30,0,0,0,2,10,5,0,1,0,200,200,1,200,0,200,200,200,200,200
420732,1,30,0,0,0,2,10,5,0,1,0,200,200,1,200,0,200,200,200,200,200
420732,1,30,0,0,0,2,10,5,0,1,0,200,200,1,200,0,200,200,200,200,200
420735,0,25,2,2,1,1,7,6,0,1,0,10,25,0,200,200,9,200,200,200,200
420735,0,25,2,2,1,1,7,6,0,1,0,10,25,1,23,0,0,0,0,200,200
420735,1,25,2,2,1,1,7,6,0,1,0,10,25,0,1,5,200,200,200,200,200
420736,0,35,0,0,2,4,7,5,0,1,200,0,0,0,72,200,200,200,200,200,200
420741,0,30,0,0,0,1,12,2,0,0,0,22,200,0,31,0,8,0,0,200,200
420741,0,30,0,0,0,1,12,2,0,0,0,22,200,0,42,0,0,0,0,200,200
420741,0,30,0,0,0,1,12,2,0,0,0,22,200,2,200,200,200,200,200,200,200
420746,0,30,1,2,2,1,14,6,0,1,0,21,200,0,34,0,4,0,0,200,200
420746,0,30,1,2,2,1,14,6,0,1,0,21,200,0,24,0,0,0,0,200,200
420753,0,30,0,0,0,1,10,5,0,1,0,18,0,0,27,200,3,200,200,200,200
420753,0,30,0,0,0,1,10,5,0,1,0,18,0,0,30,0,0,0,0,200,200
420767,0,30,0,0,2,1,14,5,0,1,0,0,0,1,18,200,200,200,200,200,200
420767,0,30,0,0,2,1,14,5,0,1,0,0,0,0,60,0,0,0,0,200,200
420770,0,30,0,0,2,1,4,6,0,1,2,29,28,1,45,200,0,0,0,200,200
420773,0,30,2,2,2,1,14,5,0,1,0,17,200,1,20,0,1,0,0,200,200
420773,0,30,2,2,2,1,14,5,0,1,0,17,200,1,27,0,0,0,0,200,200
420773,1,30,2,2,2,1,14,5,0,1,0,17,200,1,200,0,200,200,200,200,200
420773,1,30,2,2,2,1,14,5,0,1,0,17,200,1,200,0,200,200,200,200,200
420777,0,30,0,0,0,0,10,5,0,0,0,18,18,0,200,0,3,0,0,200,200
420777,0,30,0,0,0,0,10,5,0,0,0,18,18,0,83,0,0,0,0,200,200
420777,1,30,0,0,0,0,10,5,0,0,0,18,18,1,200,0,200,200,200,200,200
420783,0,30,0,0,2,3,14,2,0,1,0,22,21,1,33,0,0,0,0,200,200
420783,0,30,0,0,2,3,14,2,0,1,0,22,21,0,200,200,7,200,200,200,200
420785,0,15,0,0,12,200,7,5,0,200,0,0,200,2,200,200,200,200,200,200,200
420796,0,30,2,2,2,1,0,5,0,1,0,17,200,0,44,200,1,0,0,200,200
420796,0,30,2,2,2,1,0,5,0,1,0,17,200,1,32,200,0,0,7,200,200
420797,0,25,1,2,2,3,10,5,0,1,0,7,7,0,53,0,12,0,0,200,200
420797,0,25,1,2,2,3,10,5,0,1,0,7,7,1,55,0,0,0,0,200,200
420797,1,25,1,2,2,3,10,5,0,1,0,7,7,1,54,0,200,200,200,200,200
420800,0,30,0,0,2,4,14,5,0,1,2,0,200,1,200,200,200,200,200,200,200
420800,0,30,0,0,2,4,14,5,0,1,2,0,200,0,25,0,0,0,0,200,200
420801,0,30,0,0,2,1,14,5,0,1,0,17,16,0,200,0,1,4,0,200,200
420801,0,30,0,0,2,1,14,5,0,1,0,17,16,1,200,200,0,4,0,200,200
420801,1,30,0,0,2,1,14,5,0,1,0,17,16,0,200,0,200,200,200,200,200
420805,0,30,1,2,0,1,12,6,0,0,0,22,23,1,55,0,4,0,0,200,200
420805,0,30,1,2,0,1,12,6,0,0,0,22,23,0,22,0,0,0,0,200,200
420809,0,30,0,0,2,1,10,5,0,1,200,34,34,1,33,0,0,0,200,200,200
420809,0,30,0,0,2,1,10,5,0,1,200,34,34,0,30,0,0,0,200,200,200
420809,1,30,0,0,2,1,10,5,0,1,200,34,34,0,200,0,200,200,200,200,200
420809,1,30,0,0,2,1,10,5,0,1,200,34,34,1,200,5,200,200,200,200,200
420809,1,30,0,0,2,1,10,5,0,1,200,34,34,1,200,0,200,200,200,200,200
420809,1,30,0,0,2,1,10,5,0,1,200,34,34,0,200,0,200,200,200,200,200
420810,0,5,12,2,2,3,12,3,0,1,0,34,16,1,50,0,200,200,0,200,200
420810,0,5,12,2,2,3,12,3,0,1,0,34,16,0,44,0,200,200,0,200,200
420810,1,5,12,2,2,3,12,3,0,1,0,34,16,0,200,0,200,200,200,200,200
420810,1,5,12,2,2,3,12,3,0,1,0,34,16,200,200,0,200,200,200,200,200
420815,0,30,0,0,0,1,0,6,0,0,0,0,0,0,200,200,12,200,200,200,200
420815,0,30,0,0,0,1,0,6,0,0,0,0,0,0,200,200,0,0,0,200,200
420815,1,30,0,0,0,1,0,6,0,0,0,0,0,0,0,200,200,200,200,200,200
420815,1,30,0,0,0,1,0,6,0,0,0,0,0,0,200,200,200,200,200,200,200
420817,0,30,0,0,0,4,12,5,0,0,0,200,200,1,35,0,0,0,0,200,200
420817,0,30,0,0,0,4,12,5,0,0,0,200,200,1,51,0,0,0,0,200,200
420817,1,30,0,0,0,4,12,5,0,0,0,200,200,0,200,0,200,200,200,200,200
420817,1,30,0,0,0,4,12,5,0,0,0,200,200,1,200,0,200,200,200,200,200
420817,1,30,0,0,0,4,12,5,0,0,0,200,200,1,200,0,200,200,200,200,200
420817,1,30,0,0,0,4,12,5,0,0,0,200,200,0,200,0,200,200,200,200,200
420821,0,30,0,0,0,1,14,2,0,0,0,0,200,1,79,7,0,0,0,200,200
420821,0,30,0,0,0,1,14,2,0,0,0,0,200,0,200,7,0,0,0,200,200
420824,0,30,1,3,2,4,0,5,0,1,0,17,0,1,42,0,1,0,0,200,200
420824,0,30,1,3,2,4,0,5,0,1,0,17,0,1,28,0,0,0,0,200,200
420837,0,30,0,0,2,3,12,2,0,1,0,12,34,1,27,200,12,0,0,200,200
420837,0,30,0,0,2,3,12,2,0,1,0,12,34,0,0,200,200,0,0,200,200
420837,1,30,0,0,2,3,12,2,0,1,0,12,34,1,26,200,200,200,200,200,200
420837,1,30,0,0,2,3,12,2,0,1,0,12,34,1,200,4,200,200,200,200,200
420840,0,25,0,0,2,1,2,6,0,1,0,0,0,2,200,200,200,200,200,200,200
420841,0,30,0,3,2,2,0,5,0,1,0,17,3,0,29,200,1,0,0,200,200
420841,0,30,0,3,2,2,0,5,0,1,0,17,3,1,39,200,0,0,0,200,200
420841,1,30,0,3,2,2,0,5,0,1,0,17,3,0,39,200,200,200,200,200,200
420846,0,30,0,0,0,3,12,6,0,0,0,0,0,0,200,200,200,200,200,200,200
420846,0,30,0,0,0,3,12,6,0,0,0,0,0,1,200,0,200,0,0,200,200
420849,0,35,0,0,2,3,7,5,0,1,0,20,0,0,58,200,6,200,200,200,200
420853,0,30,1,2,2,0,12,3,0,1,0,17,200,0,25,0,1,0,0,200,200
420853,0,30,1,2,2,0,12,3,0,1,0,17,200,0,25,0,0,0,0,200,200
420856,0,30,0,0,2,3,7,5,0,1,0,12,0,0,28,0,200,0,0,200,200
420856,1,30,0,0,2,3,7,5,0,1,0,12,0,1,200,0,200,200,200,200,200
420856,1,30,0,0,2,3,7,5,0,1,0,12,0,1,200,0,200,200,200,200,200
420857,0,30,0,0,2,1,12,5,0,1,0,22,200,0,200,200,4,200,200,200,200
420857,0,30,0,0,2,1,12,5,0,1,0,22,200,1,57,0,0,0,0,200,200
420861,0,30,0,0,2,3,7,2,0,1,0,34,8,0,25,0,12,12,12,200,200
420866,0,30,0,0,2,200,7,6,0,1,0,0,0,2,200,200,200,200,200,200,200
420869,0,30,2,2,2,3,0,2,0,1,0,0,0,0,23,0,12,200,0,200,200
420869,0,30,2,2,2,3,0,2,0,1,0,0,0,1,40,0,200,200,0,200,200
420874,0,15,0,0,0,3,7,7,0,1,0,20,0,1,200,200,6,200,200,200,200
420883,0,30,1,3,1,3,0,2,0,1,0,3,17,2,200,200,1,200,200,200,200
420883,0,30,1,3,1,3,0,2,0,1,0,3,17,0,52,0,0,0,0,200,200
420889,0,30,1,2,0,3,14,5,0,1,0,17,23,1,22,0,7,0,0,200,200
420889,0,30,1,2,0,3,14,5,0,1,0,17,23,0,43,0,0,0,0,200,200
420889,1,30,1,2,0,3,14,5,0,1,0,17,23,0,0,5,200,200,200,200,200
420906,0,30,1,3,0,0,0,5,0,0,0,6,16,0,23,0,1,0,0,200,200
420906,0,30,1,3,0,0,0,5,0,0,0,6,16,0,37,0,200,0,0,200,200