RD_NO,PERSON_TYPE,POSTED_SPEED_LIMIT,TRAFFIC_CONTROL_DEVICE,DEVICE_CONDITION,WEATHER_CONDITION,LIGHTING_CONDITION,FIRST_CRASH_TYPE,TRAFFICWAY_TYPE,ALIGNMENT,ROADWAY_SURFACE_COND,ROAD_DEFECT,PRIM_CONTRIBUTORY_CAUSE,SEC_CONTRIBUTORY_CAUSE,SEX,AGE,SAFETY_EQUIPMENT,DRIVER_ACTION,DRIVER_VISION,PHYSICAL_CONDITION,BAC_RESULT VALUE,CELL_PHONE_USE
420906,0,30,1,3,0,0,0,5,0,0,0,6,16,0,53,0,12,0,0,200,200
420906,1,30,1,3,0,0,0,5,0,0,0,6,16,1,39,0,200,200,200,200,200
420906,1,30,1,3,0,0,0,5,0,0,0,6,16,1,20,0,200,200,200,200,200
420923,0,30,0,0,1,3,4,5,0,0,1,28,200,1,31,200,200,0,0,200,200
420925,0,30,2,2,2,0,14,5,0,1,0,17,0,0,22,200,1,200,0,200,200
420925,0,30,2,2,2,0,14,5,0,1,0,17,0,0,32,200,0,0,0,200,200
420935,0,30,0,0,0,3,7,5,0,0,0,0,200,0,24,200,200,200,0,200,200
420950,0,30,1,2,0,3,10,5,0,0,0,20,200,2,200,200,6,200,200,200,200
420950,0,30,1,2,0,3,10,5,0,0,0,20,200,0,47,0,0,0,0,200,200
420950,1,30,1,2,0,3,10,5,0,0,0,20,200,0,41,0,200,200,200,200,200
420952,0,30,0,0,0,3,7,5,0,1,0,16,200,0,60,200,8,200,200,200,200
420959,0,30,1,2,2,3,10,1,2,1,200,17,200,0,200,200,1,200,200,200,200
420959,0,30,1,2,2,3,10,1,2,1,200,17,200,1,18,200,0,0,0,200,200
420959,1,30,1,2,2,3,10,1,2,1,200,17,200,0,14,200,200,200,200,200,200
420961,0,30,1,2,0,3,12,5,0,0,0,200,200,0,200,200,2,200,200,200,200
420961,0,30,1,2,0,3,12,5,0,0,0,200,200,1,30,0,0,0,0,200,200
420962,0,10,0,0,0,3,7,7,0,0,0,21,200,0,200,200,200,200,200,200,200
420974,0,30,0,0,2,3,10,2,0,1,0,16,14,0,20,0,8,0,5,200,200
420974,0,30,0,0,2,3,10,2,0,1,0,16,14,0,30,0,0,0,0,200,200
420974,1,30,0,0,2,3,10,2,0,1,0,16,14,0,20,0,200,200,200,200,200
420974,1,30,0,0,2,3,10,2,0,1,0,16,14,0,21,0,200,200,200,200,200
420974,1,30,0,0,2,3,10,2,0,1,0,16,14,1,44,0,200,200,200,200,200
420982,0,9,0,0,0,3,12,2,0,1,0,7,200,0,23,200,200,0,0,200,200
420982,0,9,0,0,0,3,12,2,0,1,0,7,200,1,26,200,0,0,0,200,200
420995,0,30,0,0,0,3,12,5,0,0,0,200,200,1,40,0,200,200,0,200,200
420995,0,30,0,0,0,3,12,5,0,0,0,200,200,0,31,0,200,200,0,200,200
420995,1,30,0,0,0,3,12,5,0,0,0,200,200,1,37,0,200,200,200,200,200
420995,1,30,0,0,0,3,12,5,0,0,0,200,200,0,2,5,200,200,200,200,200
421004,0,30,0,0,0,3,7,5,0,1,0,0,200,2,200,200,200,200,200,200,200
421014,0,30,1,2,0,0,12,6,0,0,0,17,200,0,29,0,1,200,0,200,200
421014,0,30,1,2,0,0,12,6,0,0,0,17,200,0,35,200,0,0,0,200,200
421019,0,30,0,0,0,0,12,7,0,1,200,16,200,0,44,200,3,200,200,200,200
421019,0,30,0,0,0,0,12,7,0,1,200,16,200,1,44,200,0,200,200,200,200
421023,0,30,0,0,200,1,7,6,0,200,0,0,0,0,200,200,200,200,200,200,200
421026,0,30,1,2,0,3,0,5,0,0,0,6,0,0,28,200,5,200,200,200,200
421026,0,30,1,2,0,3,0,5,0,0,0,6,0,0,27,0,0,0,0,200,200
421031,0,30,1,2,12,3,9,5,0,1,0,17,200,0,0,200,1,0,0,200,200
421031,5,30,1,2,12,3,9,5,0,1,0,17,200,0,40,7,0,12,0,200,200
421038,0,35,0,0,0,0,14,5,0,0,0,23,0,2,200,200,7,200,200,200,200
421038,0,35,0,0,0,0,14,5,0,0,0,23,0,1,44,0,0,0,0,200,200
421045,0,30,0,200,2,3,7,7,0,1,12,200,200,0,37,0,6,0,0,200,200
421045,1,30,0,200,2,3,7,7,0,1,12,200,200,0,200,0,200,200,200,200,200
421045,1,30,0,200,2,3,7,7,0,1,12,200,200,1,200,0,200,200,200,200,200
421050,0,30,0,0,0,3,7,5,0,1,0,21,0,2,200,200,200,200,200,200,200
421066,0,30,0,2,0,3,7,7,0,0,0,20,200,0,38,0,6,0,0,200,200
421066,1,30,0,2,0,3,7,7,0,0,0,20,200,1,24,200,200,200,200,200,200
421066,1,30,0,2,0,3,7,7,0,0,0,20,200,1,25,200,200,200,200,200,200
421066,1,30,0,2,0,3,7,7,0,0,0,20,200,1,26,200,200,200,200,200,200
421066,1,30,0,2,0,3,7,7,0,0,0,20,200,1,22,200,200,200,200,200,200
421067,0,30,1,2,0,3,8,5,0,0,0,0,200,0,29,200,12,0,0,200,200
421067,4,30,1,2,0,3,8,5,0,0,0,0,200,0,66,2,200,0,0,200,200
421070,0,30,1,2,0,3,2,2,0,0,0,25,16,1,200,200,8,200,200,200,200
421070,1,30,1,2,0,3,2,2,0,0,0,25,16,0,200,200,200,200,200,200,200
421073,0,30,0,0,0,3,12,5,0,0,200,21,200,2,200,200,4,200,200,200,200
421073,0,30,0,0,0,3,12,5,0,0,200,21,200,0,28,200,0,0,0,200,200
421073,1,30,0,0,0,3,12,5,0,0,200,21,200,200,200,200,200,200,200,200,200
421075,0,35,2,2,0,3,0,5,0,0,0,32,32,0,41,0,5,200,5,200,200
421075,0,35,2,2,0,3,0,5,0,0,0,32,32,0,33,0,0,0,0,200,200
421080,0,5,0,0,0,0,7,6,0,0,0,0,19,2,200,200,200,200,200,200,200
421081,0,40,0,0,200,1,10,3,0,200,0,0,200,2,200,200,200,200,200,200,200
421081,0,40,0,0,200,1,10,3,0,200,0,0,200,0,46,200,0,200,200,200,200
421087,0,25,0,0,0,3,7,5,0,0,0,22,0,1,50,200,2,0,0,200,200
421097,0,30,0,0,0,3,7,5,0,0,0,32,10,1,25,0,12,200,5,0.22,200
421102,0,20,0,0,0,3,7,6,0,0,0,0,0,2,200,200,200,200,200,200,200
421107,0,35,2,2,0,3,0,2,0,0,0,0,200,0,24,0,1,200,0,200,200
421107,0,35,2,2,0,3,0,2,0,0,0,0,200,1,67,0,200,0,0,200,200
421107,1,35,2,2,0,3,0,2,0,0,0,0,200,0,200,0,200,200,200,200,200
421107,1,35,2,2,0,3,0,2,0,0,0,0,200,0,200,0,200,200,200,200,200
421107,1,35,2,2,0,3,0,2,0,0,0,0,200,1,55,0,200,200,200,200,200
421110,0,25,1,2,0,3,10,5,0,0,0,0,200,0,58,200,3,200,0,200,200
421110,0,25,1,2,0,3,10,5,0,0,0,0,200,1,52,200,12,0,0,200,200
421116,0,30,0,0,0,3,7,5,0,0,0,0,200,0,36,200,200,0,0,200,200
421122,0,25,0,0,0,3,7,5,0,0,0,32,16,0,34,200,200,200,5,200,200
421122,1,25,0,0,0,3,7,5,0,0,0,32,16,1,26,200,200,200,200,200,200
421122,1,25,0,0,0,3,7,5,0,0,0,32,16,0,28,200,200,200,200,200,200
421129,0,30,0,0,0,3,7,5,0,0,0,0,0,0,200,200,200,200,200,200,200
421167,0,30,0,0,0,1,2,3,0,0,0,16,11,0,20,200,12,200,7,200,200
421176,0,35,0,0,0,0,7,6,0,0,200,0,0,0,61,200,200,200,8,200,200
421177,0,30,1,2,0,3,14,2,0,0,0,17,16,0,30,0,1,0,0,200,200
421177,0,30,1,2,0,3,14,2,0,0,0,17,16,0,55,0,0,0,0,200,200
421177,1,30,1,2,0,3,14,2,0,0,0,17,16,1,21,0,200,200,200,200,200
421179,0,20,0,200,200,200,7,6,0,200,0,0,0,2,200,200,200,200,200,200,200
421184,0,40,0,0,0,1,10,2,0,0,0,0,200,0,32,0,200,0,0,200,200
421184,0,40,0,0,0,1,10,2,0,0,0,0,200,0,69,0,0,0,0,200,200
421198,0,30,1,2,0,1,9,2,0,0,0,33,0,0,86,0,12,6,0,200,200
421198,5,30,1,2,0,1,9,2,0,0,0,33,0,0,56,200,12,12,7,200,200
421199,0,25,2,2,2,1,14,6,0,1,0,5,5,1,200,200,1,200,200,200,200
421199,0,25,2,2,2,1,14,6,0,1,0,5,5,0,22,0,0,0,200,200,200
421205,0,30,0,0,0,2,12,6,0,0,0,0,0,0,28,200,200,200,0,200,200
421205,0,30,0,0,0,2,12,6,0,0,0,0,0,0,40,200,200,200,200,200,200
421209,0,30,1,2,0,1,14,5,0,0,0,23,0,1,37,0,7,0,0,200,200
421209,0,30,1,2,0,1,14,5,0,0,0,23,0,0,47,0,0,0,0,200,200
421212,0,30,0,0,0,0,7,2,0,0,0,0,0,2,200,200,200,200,200,200,200
421213,0,30,0,0,0,1,9,5,0,0,0,0,200,0,53,200,12,12,0,200,200
421213,5,30,0,0,0,1,9,5,0,0,0,0,200,0,24,7,12,200,0,200,200
421217,0,10,0,0,0,1,0,0,0,0,0,200,200,0,41,0,1,12,0,200,200
421217,0,10,0,0,0,1,0,0,0,0,0,200,200,0,44,0,12,200,0,200,200
421219,0,0,0,0,0,1,0,7,0,0,0,20,200,0,48,200,1,200,0,200,200
421219,0,0,0,0,0,1,0,7,0,0,0,20,200,1,68,200,1,200,0,200,200
421222,0,35,1,2,0,1,10,5,0,0,0,16,16,0,50,0,0,0,0,200,200
421222,0,35,1,2,0,1,10,5,0,0,0,16,16,1,21,0,8,12,0,200,200
421222,1,35,1,2,0,1,10,5,0,0,0,16,16,1,41,0,200,200,200,200,200
421222,1,35,1,2,0,1,10,5,0,0,0,16,16,1,9,0,200,200,200,200,200
421222,1,35,1,2,0,1,10,5,0,0,0,16,16,1,7,0,200,200,200,200,200
421222,1,35,1,2,0,1,10,5,0,0,0,16,16,200,200,0,200,200,200,200,200
421222,1,35,1,2,0,1,10,5,0,0,0,16,16,0,24,0,200,200,200,200,200
421223,0,30,2,2,0,1,2,5,0,0,0,0,200,0,72,0,12,0,0,200,200
421230,0,30,0,0,0,1,7,5,0,0,0,8,0,0,54,0,2,200,0,200,200
421230,1,30,0,0,0,1,7,5,0,0,0,8,0,0,200,0,200,200,200,200,200
421231,0,30,0,0,0,1,14,5,0,0,0,17,200,1,22,0,1,0,0,200,200
421231,0,30,0,0,0,1,14,5,0,0,0,17,200,0,62,0,0,0,0,200,200
421240,0,20,2,2,0,1,10,8,5,0,0,10,200,0,34,200,3,0,200,200,200
421240,0,20,2,2,0,1,10,8,5,0,0,10,200,1,52,0,0,0,0,200,200
421241,0,30,2,2,0,1,0,2,0,0,0,17,200,1,56,0,1,0,0,200,200
421241,0,30,2,2,0,1,0,2,0,0,0,17,200,0,30,0,0,0,0,200,200
421243,0,30,0,0,0,1,7,5,0,0,0,0,200,2,200,200,200,200,200,200,200
421244,0,30,0,0,0,1,10,5,0,0,0,0,0,0,200,200,3,6,0,200,200
421244,0,30,0,0,0,1,10,5,0,0,0,0,0,1,200,200,0,0,0,200,200
421244,0,30,0,0,0,1,10,5,0,0,0,0,0,1,200,200,0,0,0,200,200
421246,0,30,1,2,0,1,12,6,0,0,0,22,16,2,200,200,200,200,200,200,200
421246,0,30,1,2,0,1,12,6,0,0,0,22,16,0,58,0,0,0,0,200,200
421253,0,30,0,0,200,200,7,6,0,200,0,0,0,2,200,200,200,200,200,200,200
421254,0,30,1,2,0,1,10,5,0,0,0,18,18,1,24,0,3,0,0,200,200
421254,0,30,1,2,0,1,10,5,0,0,0,18,18,0,48,0,0,0,0,200,200
421255,0,40,1,1,0,1,10,3,0,0,0,18,200,0,33,0,3,0,0,200,200
421255,0,40,1,1,0,1,10,3,0,0,0,18,200,0,37,0,0,0,0,200,200
421255,1,40,1,1,0,1,10,3,0,0,0,18,200,0,200,0,200,200,200,200,200
421259,0,30,1,2,0,1,14,2,0,0,0,23,200,1,55,0,7,0,0,200,200
421259,0,30,1,2,0,1,14,2,0,0,0,23,200,0,25,0,0,0,0,200,200
421262,0,30,1,2,0,1,14,2,0,0,0,0,0,1,39,0,200,200,0,200,200
421262,0,30,1,2,0,1,14,2,0,0,0,0,0,1,28,0,0,0,0,200,200
421263,0,35,0,0,2,1,10,5,0,1,0,34,34,0,200,200,0,200,200,200,200
421263,0,35,0,0,2,1,10,5,0,1,0,34,34,0,52,200,0,0,200,200,200
421264,0,30,0,0,0,1,7,5,0,0,0,200,200,0,0,7,200,200,0,200,200
421268,0,30,1,2,0,1,14,5,0,0,0,18,0,1,49,0,12,0,0,200,200
421268,0,30,1,2,0,1,14,5,0,0,0,18,0,0,28,0,200,0,0,200,200
421268,1,30,1,2,0,1,14,5,0,0,0,18,0,0,27,0,200,200,200,200,200
421272,0,25,0,0,0,1,7,5,0,0,0,11,200,1,29,200,12,0,0,200,200
421275,0,15,200,200,0,1,2,6,0,1,200,0,200,1,22,200,200,200,0,200,200
421279,0,30,0,0,0,1,10,2,0,0,0,18,200,1,54,0,3,0,0,200,200
421279,0,30,0,0,0,1,10,2,0,0,0,18,200,0,32,0,0,0,0,200,200
421279,0,30,0,0,0,1,10,2,0,0,0,18,200,2,200,200,0,200,200,200,200
421279,1,30,0,0,0,1,10,2,0,0,0,18,200,1,38,0,200,200,200,200,200
421281,0,30,1,2,0,1,8,5,0,0,0,3,200,0,30,0,12,0,0,200,200
421281,4,30,1,2,0,1,8,5,0,0,0,3,200,0,48,200,0,0,0,200,200
421282,0,30,0,0,0,1,14,2,0,0,0,23,11,1,20,0,7,1,0,200,200
421282,0,30,0,0,0,1,14,2,0,0,0,23,11,0,17,0,4,1,0,200,200
421282,0,30,0,0,0,1,14,2,0,0,0,23,11,0,60,0,0,0,0,200,200
421282,1,30,0,0,0,1,14,2,0,0,0,23,11,0,15,200,200,200,200,200,200
421285,0,30,2,12,0,1,14,12,0,0,0,23,200,1,43,0,12,0,0,200,200
421285,0,30,2,12,0,1,14,12,0,0,0,23,200,1,29,0,12,0,0,200,200
421287,0,30,0,0,0,4,7,5,0,0,0,0,0,2,200,200,200,200,200,200,200
421291,0,30,2,200,0,1,10,5,0,200,200,16,0,0,200,200,200,200,200,200,200
421291,0,30,2,200,0,1,10,5,0,200,200,16,0,1,32,0,0,0,0,200,200
421292,4,20,0,0,0,1,8,6,0,0,0,10,200,0,18,7,9,200,0,200,200
421292,0,20,0,0,0,1,8,6,0,0,0,10,200,1,39,200,0,5,0,200,200
421294,0,30,0,0,0,2,10,7,0,0,0,17,17,0,200,200,1,0,0,200,200
421294,0,30,0,0,0,2,10,7,0,0,0,17,17,1,49,0,0,0,0,200,200
421297,0,20,2,0,0,1,8,5,0,0,0,16,0,2,200,200,1,200,200,200,200
421297,4,20,2,0,0,1,8,5,0,0,0,16,0,0,30,3,0,0,0,200,200
421299,0,30,2,2,0,1,0,5,0,0,0,0,0,1,51,0,1,12,0,200,200
421299,0,30,2,2,0,1,0,5,0,0,0,0,0,1,69,0,0,0,0,200,200
421300,0,45,200,200,0,1,12,3,0,0,200,22,0,1,200,200,2,200,200,200,200
421300,0,45,200,200,0,1,12,3,0,0,200,22,0,1,55,200,0,200,0,200,200
421304,0,30,0,0,0,3,7,5,0,0,0,0,0,2,200,200,200,200,200,200,200
421312,0,30,2,2,0,1,2,2,0,0,0,18,25,0,27,200,3,0,0,200,200
421313,0,30,1,0,0,1,10,2,0,0,0,18,200,1,200,200,3,200,200,200,200
421313,0,30,1,0,0,1,10,2,0,0,0,18,200,1,43,200,0,0,0,200,200
421314,0,25,0,0,0,1,12,5,0,0,0,22,22,0,38,0,4,0,0,200,200
421314,0,25,0,0,0,1,12,5,0,0,0,22,22,0,51,0,0,0,0,200,200
421327,0,30,2,2,0,1,9,6,0,0,0,17,16,1,53,0,1,0,0,200,200
421327,5,30,2,2,0,1,9,6,0,0,0,17,16,0,59,7,0,0,0,200,200
421332,0,30,0,0,0,1,12,5,3,0,0,22,0,0,200,200,2,200,200,200,200
421332,0,30,0,0,0,1,12,5,3,0,0,22,0,1,53,0,0,0,0,200,200
421332,1,30,0,0,0,1,12,5,3,0,0,22,0,1,200,200,200,200,200,200,200
421339,0,20,0,0,0,1,0,5,0,0,0,0,0,2,200,200,200,200,200,200,200
421339,0,20,0,0,0,1,0,5,0,0,0,0,0,1,67,0,0,0,200,200,200
421340,0,30,0,0,0,1,2,5,0,0,0,20,200,0,28,200,6,12,0,200,200
421347,0,30,1,2,0,1,10,2,0,0,0,18,22,0,18,0,2,0,0,200,200
421347,0,30,1,2,0,1,10,2,0,0,0,18,22,0,38,0,0,0,0,200,200
421350,0,10,0,0,0,1,10,7,0,0,0,200,200,0,76,200,12,0,0,200,200
421350,0,10,0,0,0,1,10,7,0,0,0,200,200,0,44,200,0,0,0,200,200
421351,0,35,0,0,0,1,11,5,0,0,0,0,0,0,37,0,0,0,0,200,200
421351,0,35,0,0,0,1,11,5,0,0,0,0,0,0,37,0,0,0,0,200,200
421351,1,35,0,0,0,1,11,5,0,0,0,0,0,1,62,0,200,200,200,200,200
421351,1,35,0,0,0,1,11,5,0,0,0,0,0,1,37,7,200,200,200,200,200
421351,1,35,0,0,0,1,11,5,0,0,0,0,0,0,1,5,200,200,200,200,200
421355,0,30,1,2,0,1,10,5,0,0,0,18,200,1,200,200,3,200,200,200,200
421355,0,30,1,2,0,1,10,5,0,0,0,18,200,1,28,200,0,0,0,200,200
421356,0,30,0,0,0,1,0,5,0,0,0,17,0,0,47,200,1,200,200,200,200
421356,0,30,0,0,0,1,0,5,0,0,0,17,0,1,70,0,12,0,0,200,200
421359,0,30,0,0,0,1,0,5,0,0,0,20,200,0,62,0,6,0,0,200,200
421359,0,30,0,0,0,1,0,5,0,0,0,20,200,0,39,200,0,0,0,200,200
421361,0,30,0,0,0,1,12,5,0,0,0,21,16,0,53,0,4,0,0,200,200
421361,0,30,0,0,0,1,12,5,0,0,0,21,16,0,62,0,0,0,0,200,200
421368,0,25,0,0,0,1,7,6,0,0,0,0,0,2,200,200,200,200,200,200,200
421369,0,30,0,0,0,1,10,5,0,0,0,200,200,0,28,200,200,0,0,200,200
421369,0,30,0,0,0,1,10,5,0,0,0,200,200,0,51,0,0,0,0,200,200
421374,0,30,0,0,0,1,12,5,0,0,0,0,0,0,53,0,12,0,0,200,200
421374,0,30,0,0,0,1,12,5,0,0,0,0,0,1,34,0,0,0,0,200,200
421377,0,20,0,0,0,1,7,5,0,0,0,17,200,0,200,200,6,200,200,200,200
421377,1,20,0,0,0,1,7,5,0,0,0,17,200,1,200,0,200,200,200,200,200
421381,0,30,0,0,0,1,7,6,0,0,0,0,0,2,200,200,200,200,200,200,200
421386,0,30,1,2,0,1,14,3,0,0,0,0,200,1,22,200,7,200,0,200,200
421386,0,30,1,2,0,1,14,3,0,0,0,0,200,0,34,200,200,200,0,200,200
421388,0,25,1,2,0,1,10,6,0,0,0,20,20,0,35,0,6,0,0,200,200
421388,0,25,1,2,0,1,10,6,0,0,0,20,20,0,33,0,0,0,0,200,200
421389,0,15,0,0,0,1,7,0,0,0,0,0,0,2,200,200,200,200,200,200,200
421394,0,15,0,0,0,1,10,7,0,0,0,18,0,1,200,200,3,200,200,200,200
421394,0,15,0,0,0,1,10,7,0,0,0,18,0,1,30,0,0,0,0,200,200
421394,1,15,0,0,0,1,10,7,0,0,0,18,0,1,0,5,200,200,200,200,200
421402,0,30,0,0,0,1,10,5,0,0,0,16,18,0,61,0,1,0,0,200,200
421402,0,30,0,0,0,1,10,5,0,0,0,16,18,0,36,0,0,0,0,200,200
421402,1,30,0,0,0,1,10,5,0,0,0,16,18,0,30,0,200,200,200,200,200
421406,0,30,0,0,0,1,10,5,0,0,0,0,0,1,28,0,200,200,0,200,200
421406,0,30,0,0,0,1,10,5,0,0,0,0,0,0,28,0,200,200,0,200,200
421408,0,30,1,2,0,1,10,3,0,0,200,0,200,0,38,200,200,200,0,200,200
421408,0,30,1,2,0,1,10,3,0,0,200,0,200,0,49,200,200,200,0,200,200
421418,0,20,2,2,0,1,0,5,0,0,0,5,200,1,45,200,5,0,0,200,200
421418,0,20,2,2,0,1,0,5,0,0,0,5,200,1,42,200,0,0,0,200,200
421421,0,30,0,0,200,200,7,5,0,200,0,0,0,2,200,200,200,200,200,200,200
421424,0,30,0,0,0,1,14,2,0,0,0,0,0,0,56,0,200,0,0,200,200
421424,0,30,0,0,0,1,14,2,0,0,0,0,0,0,33,0,0,0,0,200,200
421432,0,30,0,0,0,1,14,5,0,0,0,0,200,0,35,0,0,0,0,200,200
421432,0,30,0,0,0,1,14,5,0,0,0,0,200,1,51,0,0,0,0,200,200
421432,1,30,0,0,0,1,14,5,0,0,0,0,200,1,200,0,200,200,200,200,200
421450,0,20,0,0,0,1,0,7,0,0,0,17,20,1,46,0,6,0,0,200,200
421450,0,20,0,0,0,1,0,7,0,0,0,17,20,1,57,0,0,0,0,200,200
421451,0,30,1,2,0,1,0,5,0,0,0,6,17,1,30,200,5,200,200,200,200
421451,0,30,1,2,0,1,0,5,0,0,0,6,17,0,60,200,200,200,200,200,200
421452,0,30,1,2,0,1,10,3,0,0,0,0,0,0,35,0,5,0,0,200,200
421452,0,30,1,2,0,1,10,3,0,0,0,0,0,1,54,0,0,0,0,200,200
421454,0,30,0,0,2,3,7,6,0,1,0,0,0,2,200,200,200,200,200,200,200
421455,0,30,1,2,0,1,10,8,0,0,0,18,12,1,21,0,3,0,0,200,200
421455,0,30,1,2,0,1,10,8,0,0,0,18,12,1,30,0,0,0,0,200,200
421459,0,30,0,0,0,1,0,5,0,0,0,0,0,0,41,0,1,12,0,200,200
421459,0,30,0,0,0,1,0,5,0,0,0,0,0,1,57,0,0,0,0,200,200
421460,0,30,0,0,0,1,2,12,2,0,0,0,0,1,200,200,12,200,200,200,200
421461,0,10,1,2,0,1,10,5,0,0,0,18,18,1,58,200,0,200,0,200,200
421461,0,10,1,2,0,1,10,5,0,0,0,18,18,0,37,7,0,0,0,200,200
421461,1,10,1,2,0,1,10,5,0,0,0,18,18,2,16,0,200,200,200,200,200
421461,1,10,1,2,0,1,10,5,0,0,0,18,18,1,9,0,200,200,200,200,200
421471,0,30,0,0,0,1,8,2,0,0,0,21,21,2,200,200,4,200,200,200,200
421471,4,30,0,0,0,1,8,2,0,0,0,21,21,1,31,3,0,0,0,200,200
421473,0,30,0,0,0,1,2,6,0,0,0,200,200,0,44,0,12,0,0,200,200
421476,0,20,0,0,0,1,9,5,0,0,0,0,0,2,200,200,200,200,200,200,200
421476,5,20,0,0,0,1,9,5,0,0,0,0,0,0,53,7,0,12,0,200,200
421480,0,0,1,2,0,1,10,5,0,0,0,18,0,1,25,200,3,200,0,200,200
421480,0,0,1,2,0,1,10,5,0,0,0,18,0,0,38,0,0,0,0,200,200
421480,1,0,1,2,0,1,10,5,0,0,0,18,0,0,200,200,200,200,200,200,200
421485,0,30,1,2,0,1,10,5,0,0,0,18,200,1,200,200,3,200,200,200,200
421485,0,30,1,2,0,1,10,5,0,0,0,18,200,0,36,0,0,0,0,200,200
421486,0,15,0,0,0,1,7,7,0,0,0,0,200,0,68,0,12,0,0,200,200
421492,0,30,0,0,200,200,7,5,0,200,0,0,0,2,200,200,200,200,200,200,200
421493,0,30,0,0,0,1,0,2,0,0,0,0,0,0,0,200,200,200,0,200,200
421493,0,30,0,0,0,1,0,2,0,0,0,0,0,0,49,0,0,0,0,200,200
421497,0,30,0,0,0,1,12,5,0,0,0,21,200,0,40,200,200,200,0,200,200
421497,0,30,0,0,0,1,12,5,0,0,0,21,200,1,54,200,200,200,0,200,200
421500,0,30,12,2,0,1,12,2,0,0,0,22,16,1,39,0,2,0,0,200,200
421500,0,30,12,2,0,1,12,2,0,0,0,22,16,0,39,0,0,0,0,200,200
421501,0,30,1,2,0,1,10,2,0,0,0,18,0,0,200,200,3,200,200,200,200
421501,0,30,1,2,0,1,10,2,0,0,0,18,0,1,26,0,0,200,0,200,200
421503,0,5,0,0,0,1,2,4,0,0,0,0,200,0,24,200,12,0,0,200,200
421503,1,5,0,0,0,1,2,4,0,0,0,0,200,0,23,200,200,200,200,200,200
421506,0,30,1,2,0,1,10,3,0,0,200,0,0,0,200,200,200,200,200,200,200
421506,0,30,1,2,0,1,10,3,0,0,200,0,0,1,34,0,0,200,0,200,200
421509,0,25,0,0,200,200,7,6,0,200,0,0,0,2,200,200,200,200,200,200,200
421513,0,25,0,0,0,1,7,5,0,0,0,22,200,0,50,200,2,0,0,200,200
421514,0,30,2,2,0,1,12,5,0,0,0,17,200,1,57,200,1,0,0,200,200
421514,0,30,2,2,0,1,12,5,0,0,0,17,200,0,40,0,0,0,0,200,200
421514,1,30,2,2,0,1,12,5,0,0,0,17,200,0,200,200,200,200,200,200,200
421514,1,30,2,2,0,1,12,5,0,0,0,17,200,1,200,200,200,200,200,200,200
421514,1,30,2,2,0,1,12,5,0,0,0,17,200,0,62,0,200,200,200,200,200
421515,0,30,2,0,200,200,7,6,0,200,0,200,200,2,200,200,200,200,200,200,200
421516,0,30,1,2,200,1,0,5,0,200,0,17,200,1,44,200,1,200,200,200,200
421516,0,30,1,2,200,1,0,5,0,200,0,17,200,1,65,0,0,0,0,200,200
421516,1,30,1,2,200,1,0,5,0,200,0,17,200,1,200,0,200,200,200,200,200
421519,0,30,7,12,0,1,5,3,0,0,0,17,200,0,33,200,1,0,0,200,200
421519,5,30,7,12,0,1,5,3,0,0,0,17,200,0,41,200,0,0,0,200,200
421520,0,30,1,2,0,1,10,2,0,0,0,20,200,0,72,0,6,0,0,200,200
421520,0,30,1,2,0,1,10,2,0,0,0,20,200,1,38,0,0,0,0,200,200
421520,1,30,1,2,0,1,10,2,0,0,0,20,200,1,72,0,200,200,200,200,200
421521,0,30,0,0,0,1,2,6,0,0,0,11,11,0,23,0,12,0,0,200,200
421523,0,30,1,2,0,1,9,5,0,0,0,33,0,0,29,0,1,12,0,200,200
421523,5,30,1,2,0,1,9,5,0,0,0,33,0,1,20,7,0,200,0,200,200
421526,0,15,0,0,0,1,7,6,0,0,0,0,0,1,43,0,0,0,0,200,200
421530,0,30,0,0,0,3,2,5,0,0,1,0,0,1,35,0,0,200,0,200,200
421533,0,30,1,2,0,1,14,1,0,0,0,200,200,0,69,200,12,12,0,200,200
421533,0,30,1,2,0,1,14,1,0,0,0,200,200,0,37,200,0,0,0,200,200
421540,0,30,0,0,0,1,7,6,0,0,0,17,16,0,82,200,12,200,0,200,200
421545,0,30,0,0,0,1,7,7,0,0,0,200,200,2,200,200,200,200,200,200,200
421547,0,30,1,2,0,4,10,3,0,0,0,18,200,1,78,200,3,0,0,200,200
421547,0,30,1,2,0,4,10,3,0,0,0,18,200,0,54,3,0,0,0,200,200
421552,0,30,1,2,0,1,0,5,0,0,0,6,0,0,27,0,5,0,0,200,200
421552,0,30,1,2,0,1,0,5,0,0,0,6,0,0,81,0,0,0,0,200,200
421552,1,30,1,2,0,1,0,5,0,0,0,6,0,1,81,0,200,200,200,200,200
421558,0,20,0,0,200,200,7,5,0,200,0,0,0,2,200,200,200,200,200,200,200
421560,0,30,0,0,0,1,10,2,0,0,0,0,200,0,33,0,200,200,0,200,200
421560,0,30,0,0,0,1,10,2,0,0,0,0,200,0,58,0,12,0,0,200,200
421571,0,30,12,0,0,1,10,12,0,200,200,0,0,0,200,200,0,200,200,200,200
421571,0,30,12,0,0,1,10,12,0,200,200,0,0,1,65,0,6,0,0,200,200
421571,1,30,12,0,0,1,10,12,0,200,200,0,0,1,34,0,200,200,200,200,200
421571,1,30,12,0,0,1,10,12,0,200,200,0,0,0,0,5,200,200,200,200,200
421576,0,30,0,0,0,1,10,5,0,1,0,18,0,0,29,0,3,0,0,200,200
421576,0,30,0,0,0,1,10,5,0,1,0,18,0,0,200,200,0,200,200,200,200
421576,1,30,0,0,0,1,10,5,0,1,0,18,0,0,5,5,200,200,200,200,200