RD_NO,PERSON_TYPE,POSTED_SPEED_LIMIT,TRAFFIC_CONTROL_DEVICE,DEVICE_CONDITION,WEATHER_CONDITION,LIGHTING_CONDITION,FIRST_CRASH_TYPE,TRAFFICWAY_TYPE,ALIGNMENT,ROADWAY_SURFACE_COND,ROAD_DEFECT,PRIM_CONTRIBUTORY_CAUSE,SEC_CONTRIBUTORY_CAUSE,SEX,AGE,SAFETY_EQUIPMENT,DRIVER_ACTION,DRIVER_VISION,PHYSICAL_CONDITION,BAC_RESULT VALUE,CELL_PHONE_USE
422040,0,30,1,2,0,1,10,5,0,0,0,0,0,0,200,200,3,200,200,200,200
422040,0,30,1,2,0,1,10,5,0,0,0,0,0,1,24,0,0,0,0,200,200
422043,0,30,0,0,0,1,14,2,0,0,0,18,0,0,200,200,3,200,200,200,200
422043,0,30,0,0,0,1,14,2,0,0,0,18,0,1,24,0,0,0,0,200,200
422046,0,30,0,0,0,1,10,5,0,0,0,14,18,1,70,0,3,0,0,200,200
422046,0,30,0,0,0,1,10,5,0,0,0,14,18,0,29,0,0,0,0,200,200
422046,0,30,0,0,0,1,10,5,0,0,0,14,18,0,74,0,0,0,0,200,200
422047,0,15,0,0,0,1,7,5,0,0,0,20,200,1,200,200,6,200,200,200,200
422052,0,30,2,2,0,1,10,6,0,0,0,20,17,0,73,200,6,0,0,200,200
422052,0,30,2,2,0,1,10,6,0,0,0,20,17,1,40,200,0,0,0,200,200
422052,1,30,2,2,0,1,10,6,0,0,0,20,17,0,38,200,200,200,200,200,200
422052,1,30,2,2,0,1,10,6,0,0,0,20,17,1,2,5,200,200,200,200,200
422053,0,0,200,200,200,200,12,200,0,200,200,0,200,1,71,200,200,200,200,200,200
422053,0,0,200,200,200,200,12,200,0,200,200,0,200,0,21,0,200,200,0,200,200
422054,0,25,3,2,0,1,10,6,3,0,0,16,18,0,35,0,3,0,0,200,200
422054,0,25,3,2,0,1,10,6,3,0,0,16,18,0,72,0,0,0,0,200,200
422054,1,25,3,2,0,1,10,6,3,0,0,16,18,1,61,0,200,200,200,200,200
422054,1,25,3,2,0,1,10,6,3,0,0,16,18,1,28,0,200,200,200,200,200
422055,0,35,1,2,0,1,14,6,0,0,0,23,0,0,57,0,200,200,200,200,200
422055,0,35,1,2,0,1,14,6,0,0,0,23,0,1,200,200,200,200,200,200,200
422056,0,30,1,2,0,1,14,5,0,0,0,23,200,0,52,200,7,200,0,200,200
422056,0,30,1,2,0,1,14,5,0,0,0,23,200,1,50,200,0,200,200,200,200
422059,0,30,0,0,0,1,7,5,0,0,200,200,200,1,36,0,0,200,0,200,200
422059,1,30,0,0,0,1,7,5,0,0,200,200,200,1,6,0,200,200,200,200,200
422059,1,30,0,0,0,1,7,5,0,0,200,200,200,0,2,5,200,200,200,200,200
422060,0,30,0,0,0,1,7,2,0,0,200,12,200,0,35,200,0,200,200,200,200
422060,1,30,0,0,0,1,7,2,0,0,200,12,200,1,35,200,200,200,200,200,200
422060,1,30,0,0,0,1,7,2,0,0,200,12,200,0,16,200,200,200,200,200,200
422062,0,30,0,0,0,1,7,5,0,0,0,20,200,0,41,0,6,200,200,200,200
422068,0,30,0,0,0,0,7,6,0,0,0,20,0,1,51,0,6,0,0,200,200
422071,0,30,1,2,0,1,12,3,0,0,0,22,200,1,18,0,4,0,0,200,200
422071,0,30,1,2,0,1,12,3,0,0,0,22,200,1,37,0,0,0,0,200,200
422073,0,30,1,2,0,1,10,5,0,0,0,18,0,1,42,200,0,200,0,200,200
422073,0,30,1,2,0,1,10,5,0,0,0,18,0,2,200,200,3,200,200,200,200
422073,1,30,1,2,0,1,10,5,0,0,0,18,0,0,200,200,200,200,200,200,200
422073,1,30,1,2,0,1,10,5,0,0,0,18,0,1,200,200,200,200,200,200,200
422073,1,30,1,2,0,1,10,5,0,0,0,18,0,1,200,200,200,200,200,200,200
422077,0,30,1,2,0,1,10,2,0,0,0,18,11,1,38,0,3,0,0,200,200
422077,0,30,1,2,0,1,10,2,0,0,0,18,11,1,74,0,0,0,0,200,200
422079,0,30,1,2,0,1,10,5,0,0,0,18,0,1,200,200,3,200,200,200,200
422079,0,30,1,2,0,1,10,5,0,0,0,18,0,1,47,0,0,0,0,200,200
422084,0,10,200,200,0,1,2,7,0,200,200,0,0,0,200,200,200,200,200,200,200
422085,0,30,4,2,0,1,14,2,0,0,0,0,0,0,25,0,0,0,0,200,200
422085,0,30,4,2,0,1,14,2,0,0,0,0,0,1,66,0,200,0,0,200,200
422085,1,30,4,2,0,1,14,2,0,0,0,0,0,0,60,0,200,200,200,200,200
422085,1,30,4,2,0,1,14,2,0,0,0,0,0,200,5,4,200,200,200,200,200
422085,1,30,4,2,0,1,14,2,0,0,0,0,0,200,7,4,200,200,200,200,200
422085,1,30,4,2,0,1,14,2,0,0,0,0,0,1,13,0,200,200,200,200,200
422086,0,30,1,2,0,1,12,3,0,0,0,0,200,2,200,200,12,200,200,200,200
422086,0,30,1,2,0,1,12,3,0,0,0,0,200,0,68,0,0,0,0,200,200
422090,0,30,0,0,0,1,10,5,0,0,0,16,12,0,29,0,3,0,0,200,200
422090,0,30,0,0,0,1,10,5,0,0,0,16,12,1,53,0,0,0,0,200,200
422090,1,30,0,0,0,1,10,5,0,0,0,16,12,0,29,0,200,200,200,200,200
422093,0,30,1,2,0,1,11,5,0,0,0,20,20,2,200,200,6,200,200,200,200
422093,0,30,1,2,0,1,11,5,0,0,0,20,20,0,38,0,0,0,0,200,200
422093,1,30,1,2,0,1,11,5,0,0,0,20,20,0,17,0,200,200,200,200,200
422093,1,30,1,2,0,1,11,5,0,0,0,20,20,0,11,0,200,200,200,200,200
422094,0,35,200,200,0,1,7,7,0,0,200,200,200,1,78,0,200,200,0,200,200
422110,4,30,0,0,0,1,8,2,0,0,0,21,35,0,36,7,13,200,200,200,200
422110,0,30,0,0,0,1,8,2,0,0,0,21,35,0,42,200,0,200,0,200,200
422111,0,30,1,2,0,1,12,5,0,0,0,21,200,1,27,200,4,200,200,200,200
422111,0,30,1,2,0,1,12,5,0,0,0,21,200,1,48,0,0,0,0,200,200
422113,0,30,0,0,0,1,7,5,0,0,0,20,33,1,54,200,6,12,0,200,200
422115,0,30,0,0,0,1,10,5,0,0,0,18,0,2,200,200,3,200,200,200,200
422115,0,30,0,0,0,1,10,5,0,0,0,18,0,0,48,0,0,0,0,200,200
422115,1,30,0,0,0,1,10,5,0,0,0,18,0,0,200,0,200,200,200,200,200
422115,1,30,0,0,0,1,10,5,0,0,0,18,0,1,200,0,200,200,200,200,200
422116,0,30,1,2,0,1,12,3,0,0,0,0,200,1,42,200,1,200,200,200,200
422116,0,30,1,2,0,1,12,3,0,0,0,0,200,0,44,0,0,0,0,200,200
422118,0,30,0,0,0,1,14,5,0,0,0,17,23,0,26,200,7,200,0,200,200
422118,0,30,0,0,0,1,14,5,0,0,0,17,23,1,20,200,0,200,0,200,200
422118,1,30,0,0,0,1,14,5,0,0,0,17,23,1,21,200,200,200,200,200,200
422118,1,30,0,0,0,1,14,5,0,0,0,17,23,1,200,200,200,200,200,200,200
422118,1,30,0,0,0,1,14,5,0,0,0,17,23,1,200,200,200,200,200,200,200
422118,1,30,0,0,0,1,14,5,0,0,0,17,23,0,200,200,200,200,200,200,200
422124,0,20,0,0,200,1,2,7,0,200,200,0,0,0,49,200,200,200,200,200,200
422125,0,20,1,2,0,1,9,5,0,0,0,17,200,0,71,0,1,200,0,200,200
422125,5,20,1,2,0,1,9,5,0,0,0,17,200,0,59,7,0,200,0,200,200
422126,0,30,0,0,0,1,12,7,0,0,0,0,0,0,200,200,12,200,0,200,200
422126,0,30,0,0,0,1,12,7,0,0,0,0,0,0,200,200,0,0,0,200,200
422126,1,30,0,0,0,1,12,7,0,0,0,0,0,0,200,200,200,200,200,200,200
422128,0,30,2,2,0,1,7,5,0,0,0,23,0,0,0,0,7,0,0,200,200
422128,1,30,2,2,0,1,7,5,0,0,0,23,0,1,60,200,200,200,200,200,200
422128,1,30,2,2,0,1,7,5,0,0,0,23,0,1,5,200,200,200,200,200,200
422129,0,30,1,2,0,1,0,5,0,0,0,0,200,1,26,0,0,0,0,200,200
422129,0,30,1,2,0,1,0,5,0,0,0,0,200,0,25,0,0,0,0,200,200
422133,0,20,0,0,0,1,7,7,0,0,0,0,200,2,200,200,200,200,200,200,200
422134,0,30,1,2,0,1,8,5,0,0,0,0,0,1,51,200,200,200,200,200,200
422134,4,30,1,2,0,1,8,5,0,0,0,0,0,0,15,2,0,0,0,200,200
422138,0,30,0,0,0,1,14,5,0,0,0,200,200,0,37,0,0,0,0,200,200
422138,0,30,0,0,0,1,14,5,0,0,0,200,200,0,35,7,0,0,0,200,200
422142,0,30,0,0,0,1,12,5,0,0,0,20,200,0,26,0,2,0,0,200,200
422142,0,30,0,0,0,1,12,5,0,0,0,20,200,0,49,0,0,0,0,200,200
422143,0,40,1,2,0,1,12,3,0,0,0,17,22,0,23,0,4,0,0,200,200
422143,0,40,1,2,0,1,12,3,0,0,0,17,22,0,23,3,0,0,0,200,200
422143,0,40,1,2,0,1,12,3,0,0,0,17,22,0,23,0,0,0,0,200,200
422145,0,30,0,0,0,1,7,6,0,0,0,0,0,2,200,200,200,200,200,200,200
422147,0,35,200,200,0,1,12,200,0,0,200,200,200,0,52,0,200,200,0,200,200
422147,0,35,200,200,0,1,12,200,0,0,200,200,200,1,74,0,200,200,0,200,200
422153,0,30,0,0,0,1,10,3,0,0,0,18,200,1,32,0,1,200,0,200,200
422153,0,30,0,0,0,1,10,3,0,0,0,18,200,1,46,0,0,0,0,200,200
422153,1,30,0,0,0,1,10,3,0,0,0,18,200,0,1,5,200,200,200,200,200
422153,1,30,0,0,0,1,10,3,0,0,0,18,200,1,0,5,200,200,200,200,200
422154,0,30,0,200,200,200,0,7,0,200,200,20,200,1,38,200,6,12,200,200,200
422154,0,30,0,200,200,200,0,7,0,200,200,20,200,0,38,200,200,200,200,200,200
422156,0,30,1,2,0,1,10,5,0,0,0,18,18,1,74,0,3,0,0,200,200
422156,0,30,1,2,0,1,10,5,0,0,0,18,18,0,35,0,0,0,0,200,200
422156,1,30,1,2,0,1,10,5,0,0,0,18,18,1,18,0,200,200,200,200,200
422160,0,30,0,0,0,3,7,6,0,0,0,0,0,2,200,200,200,200,200,200,200
422161,0,30,0,0,0,1,9,2,0,0,0,17,0,1,200,200,1,200,200,200,200
422161,5,30,0,0,0,1,9,2,0,0,0,17,0,1,200,7,0,12,0,200,200
422163,0,15,0,0,0,1,7,7,0,0,0,0,0,1,200,200,10,200,200,200,200
422165,0,30,0,0,0,1,12,5,0,0,0,0,0,0,35,200,1,200,200,200,200
422165,0,30,0,0,0,1,12,5,0,0,0,0,0,0,27,0,0,0,0,200,200
422166,0,30,1,2,0,1,12,5,0,0,0,22,200,0,200,200,2,0,0,200,200
422166,0,30,1,2,0,1,12,5,0,0,0,22,200,1,200,0,0,0,0,200,200
422167,0,30,3,0,0,1,12,5,0,0,0,22,200,1,200,200,4,200,200,200,200
422167,0,30,3,0,0,1,12,5,0,0,0,22,200,0,28,7,0,0,0,200,200
422171,0,30,0,0,0,1,10,5,0,0,0,200,200,0,61,0,0,0,0,200,200
422171,0,30,0,0,0,1,10,5,0,0,0,200,200,0,28,7,0,0,0,200,200
422173,0,30,1,2,0,1,12,5,0,0,0,200,200,1,200,200,12,200,200,200,200
422173,0,30,1,2,0,1,12,5,0,0,0,200,200,1,200,0,0,0,0,200,200
422175,0,0,0,0,0,1,12,2,3,0,0,22,16,1,49,200,4,0,0,200,200
422175,0,0,0,0,0,1,12,2,3,0,0,22,16,0,32,200,0,0,0,200,200
422176,0,30,0,0,0,1,10,2,0,0,0,22,0,0,200,200,2,200,200,200,200
422176,0,30,0,0,0,1,10,2,0,0,0,22,0,1,53,0,0,0,0,200,200
422176,1,30,0,0,0,1,10,2,0,0,0,22,0,0,25,0,200,200,200,200,200
422182,0,30,0,0,0,1,12,5,0,0,0,0,0,1,56,0,4,0,0,200,200
422182,0,30,0,0,0,1,12,5,0,0,0,0,0,0,21,7,12,0,0,200,200
422183,0,30,1,2,0,1,12,5,0,0,0,0,0,0,200,0,1,0,0,200,200
422183,0,30,1,2,0,1,12,5,0,0,0,0,0,1,27,0,0,0,0,200,200
422184,0,30,1,2,0,1,10,2,0,0,0,0,200,1,65,200,200,200,200,200,200
422184,0,30,1,2,0,1,10,2,0,0,0,0,200,1,33,0,0,0,0,200,200
422187,0,30,0,0,0,1,7,5,0,0,0,0,0,2,200,200,1,200,200,200,200
422192,0,30,0,0,0,1,7,5,0,0,0,0,0,2,200,200,200,200,200,200,200
422194,0,0,0,0,200,200,12,200,0,200,200,0,200,0,43,200,200,200,200,200,200
422194,0,0,0,0,200,200,12,200,0,200,200,0,200,0,43,0,200,200,0,200,200
422196,0,30,1,2,0,1,12,6,0,0,0,7,200,0,200,200,0,200,0,200,200
422196,0,30,1,2,0,1,12,6,0,0,0,7,200,0,200,200,0,200,200,200,200
422197,0,30,0,0,0,1,12,2,0,0,0,0,0,0,25,200,12,0,0,200,200
422197,0,30,0,0,0,1,12,2,0,0,0,0,0,1,18,200,12,0,0,200,200
422197,1,30,0,0,0,1,12,2,0,0,0,0,0,200,200,200,200,200,200,200,200
422197,1,30,0,0,0,1,12,2,0,0,0,0,0,1,200,200,200,200,200,200,200
422197,1,30,0,0,0,1,12,2,0,0,0,0,0,0,200,200,200,200,200,200,200
422200,0,30,0,0,0,1,7,7,0,0,200,0,0,2,200,200,200,200,200,200,200
422204,0,30,2,0,0,1,10,5,0,0,0,16,200,0,30,0,1,0,0,200,200
422204,0,30,2,0,0,1,10,5,0,0,0,16,200,0,26,0,0,0,0,200,200
422204,0,30,2,0,0,1,10,5,0,0,0,16,200,0,61,0,0,0,0,200,200
422204,1,30,2,0,0,1,10,5,0,0,0,16,200,1,22,0,200,200,200,200,200
422204,1,30,2,0,0,1,10,5,0,0,0,16,200,0,43,0,200,200,200,200,200
422204,1,30,2,0,0,1,10,5,0,0,0,16,200,1,21,0,200,200,200,200,200
422212,0,30,200,200,200,200,14,5,0,200,200,23,200,1,47,200,1,200,200,200,200
422212,0,30,200,200,200,200,14,5,0,200,200,23,200,0,31,200,200,200,0,200,200
422212,1,30,200,200,200,200,14,5,0,200,200,23,200,0,200,200,200,200,200,200,200
422213,0,25,0,0,0,4,0,6,0,0,0,17,16,0,43,200,1,0,0,200,200
422213,0,25,0,0,0,4,0,6,0,0,0,17,16,0,32,200,200,0,0,200,200
422214,0,30,2,2,0,1,10,5,0,0,0,18,200,0,62,0,3,0,0,200,200
422214,0,30,2,2,0,1,10,5,0,0,0,18,200,1,16,0,0,0,0,200,200
422214,1,30,2,2,0,1,10,5,0,0,0,18,200,0,42,0,200,200,200,200,200
422214,1,30,2,2,0,1,10,5,0,0,0,18,200,1,0,0,200,200,200,200,200
422216,0,30,0,0,0,1,12,5,0,0,0,0,0,0,200,200,200,200,200,200,200
422216,0,30,0,0,0,1,12,5,0,0,0,0,0,0,39,0,0,0,0,200,200
422220,0,30,0,0,0,1,10,5,0,0,0,0,200,1,200,200,200,200,200,200,200
422220,0,30,0,0,0,1,10,5,0,0,0,0,200,1,39,0,200,200,200,200,200
422220,1,30,0,0,0,1,10,5,0,0,0,0,200,1,200,5,200,200,200,200,200
422220,1,30,0,0,0,1,10,5,0,0,0,0,200,0,200,5,200,200,200,200,200
422223,0,30,1,2,0,1,0,5,0,0,0,0,0,1,19,200,12,200,200,200,200
422223,0,30,1,2,0,1,0,5,0,0,0,0,0,1,16,0,12,0,0,200,200
422223,1,30,1,2,0,1,0,5,0,0,0,0,0,1,14,0,200,200,200,200,200
422225,0,30,0,0,200,200,7,6,0,200,0,0,200,2,200,200,200,200,200,200,200
422231,0,30,0,0,0,1,7,6,0,0,200,21,200,0,57,200,10,200,200,200,200
422233,0,30,1,2,0,1,10,2,0,0,0,27,27,0,200,0,12,0,2,200,200
422233,0,30,1,2,0,1,10,2,0,0,0,27,27,0,200,0,0,0,0,200,200
422233,0,30,1,2,0,1,10,2,0,0,0,27,27,0,32,0,0,0,0,200,200
422234,0,10,0,0,0,1,7,0,0,0,0,20,200,0,200,200,6,200,200,200,200
422237,0,30,0,0,0,1,10,5,0,0,0,0,0,0,45,0,200,0,0,200,200
422237,0,30,0,0,0,1,10,5,0,0,0,0,0,0,60,0,0,0,0,200,200
422239,0,30,0,0,0,1,14,5,0,0,0,17,11,0,29,0,1,200,0,200,200
422239,0,30,0,0,0,1,14,5,0,0,0,17,11,0,39,2,0,0,0,200,200
422240,0,30,0,0,0,1,12,5,0,0,0,21,0,2,200,200,4,200,200,200,200
422240,0,30,0,0,0,1,12,5,0,0,0,21,0,0,26,0,0,0,0,200,200
422244,0,30,0,0,0,1,7,5,0,0,0,0,0,1,63,0,3,0,0,200,200
422245,0,30,0,0,0,1,7,6,0,0,0,0,0,2,200,200,200,200,200,200,200
422251,0,30,0,0,0,1,0,5,0,0,0,17,0,1,26,0,1,0,0,200,200
422251,0,30,0,0,0,1,0,5,0,0,0,17,0,0,32,0,0,0,0,200,200
422251,1,30,0,0,0,1,0,5,0,0,0,17,0,0,4,0,200,200,200,200,200
422257,0,30,1,2,0,1,12,5,0,0,0,0,0,0,23,0,200,0,0,200,200
422257,0,30,1,2,0,1,12,5,0,0,0,0,0,0,38,0,200,0,0,200,200
422261,4,30,1,2,0,1,8,6,0,0,0,0,0,0,200,2,200,200,200,200,200
422261,0,30,1,2,0,1,8,6,0,0,0,0,0,0,200,0,0,0,0,200,200
422271,0,25,0,0,0,1,7,6,0,0,0,200,200,0,200,200,200,200,200,200,200
422276,0,30,1,2,0,1,12,6,0,0,0,21,200,0,200,200,4,200,200,200,200
422276,0,30,1,2,0,1,12,6,0,0,0,21,200,1,31,0,0,0,0,200,200
422288,0,30,1,2,0,1,10,5,0,0,0,0,0,0,50,200,200,200,0,200,200
422288,0,30,1,2,0,1,10,5,0,0,0,0,0,0,42,200,0,0,0,200,200
422293,0,35,0,0,0,1,7,7,0,0,0,20,200,1,200,200,6,200,200,200,200
422293,1,35,0,0,0,1,7,7,0,0,0,20,200,0,200,0,200,200,200,200,200
422298,0,15,0,0,0,4,0,7,0,200,200,0,0,1,84,0,6,200,0,200,200
422298,0,15,0,0,0,4,0,7,0,200,200,0,0,1,28,0,0,0,0,200,200
422303,0,30,0,0,0,1,12,5,0,0,0,21,0,0,200,200,4,200,200,200,200
422303,0,30,0,0,0,1,12,5,0,0,0,21,0,1,39,0,0,0,0,200,200
422305,0,30,0,0,0,1,10,2,0,0,0,18,0,0,45,0,3,0,0,200,200
422305,0,30,0,0,0,1,10,2,0,0,0,18,0,0,80,0,0,0,0,200,200
422309,0,30,0,0,0,1,12,2,0,0,0,18,200,0,58,0,4,0,0,200,200
422309,0,30,0,0,0,1,12,2,0,0,0,18,200,0,52,0,0,0,0,200,200
422309,0,30,0,0,0,1,12,2,0,0,0,18,200,1,42,0,0,0,0,200,200
422310,0,30,0,0,0,1,7,5,0,0,0,0,200,2,200,200,200,200,200,200,200
422316,0,30,0,0,200,200,7,5,0,200,0,0,200,2,200,200,200,200,200,200,200
422317,0,30,0,0,0,4,7,6,0,0,0,200,200,0,34,0,0,0,0,200,200
422321,0,30,1,2,0,1,10,6,0,0,0,16,16,0,68,0,3,0,0,200,200
422321,0,30,1,2,0,1,10,6,0,0,0,16,16,0,25,0,0,0,0,200,200
422326,0,30,1,2,0,4,14,2,0,0,0,21,17,1,23,200,7,0,0,200,200
422326,0,30,1,2,0,4,14,2,0,0,0,21,17,0,52,200,0,0,0,200,200
422330,4,30,0,0,0,3,8,2,0,0,0,200,200,0,36,3,200,200,0,200,200
422333,0,30,0,0,0,1,10,5,0,0,0,18,200,0,200,200,3,200,200,200,200
422333,0,30,0,0,0,1,10,5,0,0,0,18,200,0,63,0,0,0,0,200,200
422338,0,15,0,0,200,200,14,7,0,200,0,17,200,0,30,0,1,200,0,200,200
422338,0,15,0,0,200,200,14,7,0,200,0,17,200,1,31,0,0,0,0,200,200
422339,0,30,1,2,0,1,14,5,0,0,0,17,17,0,40,0,1,0,0,200,200
422339,0,30,1,2,0,1,14,5,0,0,0,17,17,1,26,0,0,0,0,200,200
422339,1,30,1,2,0,1,14,5,0,0,0,17,17,0,26,0,200,200,200,200,200
422347,0,15,0,0,0,4,0,7,0,0,0,20,200,1,200,0,6,0,0,200,200
422347,0,15,0,0,0,4,0,7,0,0,0,20,200,0,26,0,12,0,0,200,200
422348,0,30,1,2,0,1,10,5,0,0,0,0,0,0,25,0,0,0,0,200,200
422348,0,30,1,2,0,1,10,5,0,0,0,0,0,1,67,0,1,0,0,200,200
422358,0,15,0,0,0,3,0,7,0,0,200,200,200,1,200,200,200,200,200,200,200
422358,0,15,0,0,0,3,0,7,0,0,200,200,200,1,31,0,0,200,0,200,200
422359,0,25,2,2,0,4,7,5,0,0,0,11,33,0,12,7,12,12,0,200,200
422360,0,30,0,0,0,1,0,2,0,0,0,17,17,0,17,0,1,0,0,200,200
422360,0,30,0,0,0,1,0,2,0,0,0,17,17,1,52,0,0,0,0,200,200
422365,0,30,0,0,0,1,10,5,0,0,0,18,200,0,43,0,3,0,0,200,200
422365,0,30,0,0,0,1,10,5,0,0,0,18,200,0,0,0,0,0,0,200,200
422365,0,30,0,0,0,1,10,5,0,0,0,18,200,1,200,0,0,0,0,200,200
422365,1,30,0,0,0,1,10,5,0,0,0,18,200,0,200,0,200,200,200,200,200
422366,0,30,0,0,0,4,0,5,0,0,0,0,0,0,200,0,1,0,0,200,200
422366,0,30,0,0,0,4,0,5,0,0,0,0,0,0,23,0,0,0,0,200,200
422368,0,30,0,0,200,0,8,5,0,200,200,0,0,0,54,0,0,0,0,200,200
422368,4,30,0,0,200,0,8,5,0,200,200,0,0,0,200,200,200,200,0,200,200
422372,0,25,1,2,0,1,14,6,0,0,0,23,200,0,31,200,7,0,0,200,200
422372,0,25,1,2,0,1,14,6,0,0,0,23,200,1,26,0,0,0,0,200,200
422372,1,25,1,2,0,1,14,6,0,0,0,23,200,1,39,0,200,200,200,200,200
422372,1,25,1,2,0,1,14,6,0,0,0,23,200,0,34,0,200,200,200,200,200
422381,0,35,0,0,0,0,7,2,0,0,0,21,200,0,38,0,4,0,0,200,200
422383,0,30,0,0,0,1,10,5,0,0,0,18,200,0,18,200,3,0,0,200,200
422383,0,30,0,0,0,1,10,5,0,0,0,18,200,1,51,0,0,0,0,200,200
422395,0,25,0,0,0,1,12,6,0,0,0,0,0,1,200,200,200,200,200,200,200
422395,0,25,0,0,0,1,12,6,0,0,0,0,0,1,39,0,0,0,0,200,200
422406,0,30,0,0,0,3,14,5,0,0,0,17,200,0,32,0,1,0,0,200,200
422406,0,30,0,0,0,3,14,5,0,0,0,17,200,1,34,0,0,0,0,200,200
422406,1,30,0,0,0,3,14,5,0,0,0,17,200,0,12,0,200,200,200,200,200
422407,0,30,0,0,0,1,10,5,0,0,0,18,16,1,200,200,3,0,0,200,200
422407,0,30,0,0,0,1,10,5,0,0,0,18,16,1,200,0,0,0,0,200,200
422419,0,30,0,0,0,1,12,3,0,0,0,22,200,0,62,0,4,0,0,200,200
422419,0,30,0,0,0,1,12,3,0,0,0,22,200,0,52,0,0,0,0,200,200
422422,0,30,1,0,0,3,10,3,2,0,0,16,200,1,23,0,12,0,0,200,200
422422,0,30,1,0,0,3,10,3,2,0,0,16,200,0,49,0,0,0,0,200,200
422422,0,30,1,0,0,3,10,3,2,0,0,16,200,0,53,0,0,0,0,200,200
422428,0,30,0,0,0,3,7,5,0,0,0,0,200,2,200,200,200,200,200,200,200
422429,0,25,0,0,0,3,7,5,0,0,0,0,0,0,64,0,0,0,0,200,200
422433,0,30,0,0,0,1,7,6,0,0,0,0,0,2,200,200,200,200,200,200,200
422435,0,30,1,2,0,3,10,2,0,0,0,16,200,1,26,0,1,0,0,200,200
422435,0,30,1,2,0,3,10,2,0,0,0,16,200,1,18,0,0,0,0,200,200
422435,0,30,1,2,0,3,10,2,0,0,0,16,200,1,42,0,0,0,0,200,200
422438,0,30,0,0,0,1,10,8,0,0,0,20,0,0,57,0,6,0,0,200,200
422438,0,30,0,0,0,1,10,8,0,0,0,20,0,0,60,0,0,0,0,200,200
422452,0,30,0,0,0,1,12,5,0,0,0,22,18,0,200,200,2,200,200,200,200
422452,0,30,0,0,0,1,12,5,0,0,0,22,18,0,0,0,0,200,0,200,200
422461,0,30,0,0,0,3,8,2,0,0,0,17,25,0,200,200,1,200,200,200,200
422461,4,30,0,0,0,3,8,2,0,0,0,17,25,0,200,2,0,0,0,200,200
422465,0,30,12,2,0,3,7,2,0,0,0,21,11,2,200,200,4,200,200,200,200
422466,0,30,0,0,0,1,7,12,0,0,0,20,0,1,200,200,6,200,200,200,200
422467,0,35,1,200,0,3,12,5,0,200,200,22,0,0,23,200,12,200,200,200,200
422467,0,35,1,200,0,3,12,5,0,200,200,22,0,0,23,200,12,200,200,200,200
422474,0,25,0,0,0,3,2,6,0,0,0,20,25,1,200,200,12,200,200,200,200
422477,0,30,0,0,0,3,7,7,0,0,0,0,200,2,200,200,200,200,200,200,200
422481,0,25,1,2,0,1,10,5,0,0,0,0,0,0,200,200,3,200,200,200,200
422481,0,25,1,2,0,1,10,5,0,0,0,0,0,0,22,0,0,0,0,200,200
422481,1,25,1,2,0,1,10,5,0,0,0,0,0,0,43,0,200,200,200,200,200
422482,0,30,0,0,0,3,7,5,0,0,0,20,8,0,39,0,6,0,0,200,200
422484,0,30,1,2,0,3,14,2,0,0,0,17,200,1,23,0,1,0,0,200,200
422484,0,30,1,2,0,3,14,2,0,0,0,17,200,0,60,0,0,0,0,200,200
422490,0,30,0,0,0,4,12,2,0,0,0,21,200,0,200,200,4,200,200,200,200
422490,0,30,0,0,0,4,12,2,0,0,0,21,200,0,66,0,12,0,0,200,200
422491,0,15,0,0,0,1,11,0,0,200,200,22,22,1,42,200,2,0,0,200,200
422491,0,15,0,0,0,1,11,0,0,200,200,22,22,1,32,200,1,0,0,200,200
422492,0,30,1,2,0,3,14,5,0,0,0,21,200,0,43,0,7,0,0,200,200
422492,0,30,1,2,0,3,14,5,0,0,0,21,200,1,57,0,0,0,0,200,200
422500,0,30,0,0,0,0,8,2,0,0,0,0,0,1,62,200,1,0,0,200,200
422500,4,30,0,0,0,0,8,2,0,0,0,0,0,0,55,2,2,200,7,200,200
422504,0,30,0,0,0,3,14,2,0,0,0,0,0,0,66,0,7,0,0,200,200
422504,0,30,0,0,0,3,14,2,0,0,0,0,0,0,49,0,0,0,0,200,200
422513,0,30,1,2,0,3,9,5,0,0,0,17,0,0,37,200,1,200,0,200,200
422513,5,30,1,2,0,3,9,5,0,0,0,17,0,1,66,7,0,0,0,200,200
422514,0,30,0,0,0,3,12,6,0,0,200,0,0,1,62,200,0,200,200,200,200
422514,0,30,0,0,0,3,12,6,0,0,200,0,0,0,31,0,0,0,0,200,200
422514,1,30,0,0,0,3,12,6,0,0,200,0,0,0,35,0,200,200,200,200,200
422520,0,15,0,0,0,1,7,7,0,0,0,20,11,0,200,200,6,200,200,200,200
422526,0,30,0,0,0,0,10,7,0,0,0,20,200,1,200,200,6,200,200,200,200
422526,0,30,0,0,0,0,10,7,0,0,0,20,200,0,34,0,0,0,0,200,200
422528,0,30,0,0,0,1,12,5,0,0,0,0,0,1,24,0,4,0,0,200,200
422528,0,30,0,0,0,1,12,5,0,0,0,0,0,0,77,0,0,0,0,200,200
422537,0,25,0,0,0,3,7,5,0,0,0,0,0,2,200,200,200,200,200,200,200
422563,0,0,0,0,0,3,2,0,0,0,0,0,0,1,41,0,200,0,0,200,200
422563,1,0,0,0,0,3,2,0,0,0,0,0,0,1,200,0,200,200,200,200,200
422588,0,30,0,0,0,1,14,5,0,0,0,22,200,0,200,200,2,200,200,200,200