RD_NO,PERSON_TYPE,POSTED_SPEED_LIMIT,TRAFFIC_CONTROL_DEVICE,DEVICE_CONDITION,WEATHER_CONDITION,LIGHTING_CONDITION,FIRST_CRASH_TYPE,TRAFFICWAY_TYPE,ALIGNMENT,ROADWAY_SURFACE_COND,ROAD_DEFECT,PRIM_CONTRIBUTORY_CAUSE,SEC_CONTRIBUTORY_CAUSE,SEX,AGE,SAFETY_EQUIPMENT,DRIVER_ACTION,DRIVER_VISION,PHYSICAL_CONDITION,BAC_RESULT VALUE,CELL_PHONE_USE
422588,0,30,0,0,0,1,14,5,0,0,0,22,200,0,73,0,0,0,0,200,200
422590,0,30,0,0,0,1,7,6,0,0,0,22,0,0,31,200,2,200,0,200,200
422601,0,30,1,2,0,1,10,5,0,0,0,18,0,0,17,0,0,0,0,200,200
422601,0,30,1,2,0,1,10,5,0,0,0,18,0,0,200,200,3,200,200,200,200
422601,1,30,1,2,0,1,10,5,0,0,0,18,0,1,200,200,200,200,200,200,200
422601,1,30,1,2,0,1,10,5,0,0,0,18,0,0,200,200,200,200,200,200,200
422604,0,30,2,2,0,3,0,5,0,0,0,17,200,1,25,0,14,0,0,200,200
422604,0,30,2,2,0,3,0,5,0,0,0,17,200,0,27,200,0,0,0,200,200
422604,1,30,2,2,0,3,0,5,0,0,0,17,200,0,23,0,200,200,200,200,200
422605,0,0,0,0,0,4,7,7,0,0,0,0,0,0,56,0,0,0,0,200,200
422606,0,35,0,0,0,0,11,5,0,0,0,17,200,0,62,7,1,0,0,200,200
422606,0,35,0,0,0,0,11,5,0,0,0,17,200,0,23,7,0,0,0,200,200
422607,0,30,2,2,0,3,0,2,0,0,0,16,0,0,200,200,1,200,200,200,200
422607,0,30,2,2,0,3,0,2,0,0,0,16,0,1,33,0,0,0,0,200,200
422608,0,30,2,2,0,1,10,5,0,0,0,0,0,0,47,200,200,0,0,200,200
422608,0,30,2,2,0,1,10,5,0,0,0,0,0,1,56,200,200,0,0,200,200
422609,0,30,0,0,0,4,7,5,0,0,0,20,0,2,200,200,6,200,200,200,200
422625,0,30,1,2,0,3,7,5,0,0,0,6,23,0,44,3,5,0,0,200,200
422626,0,30,0,0,0,1,10,200,0,0,0,16,200,0,200,200,12,0,0,200,200
422626,0,30,0,0,0,1,10,200,0,0,0,16,200,0,28,200,0,0,0,200,200
422627,0,30,2,2,0,3,7,5,0,0,0,0,0,2,200,200,200,200,200,200,200
422631,0,30,0,0,0,0,7,7,0,0,0,11,200,0,200,200,200,200,200,200,200
422631,1,30,0,0,0,0,7,7,0,0,0,11,200,0,62,200,200,200,200,200,200
422634,0,30,0,0,0,3,2,2,0,0,0,0,18,1,20,0,0,0,0,200,200
422642,0,35,2,2,0,3,10,2,2,0,0,16,0,0,30,0,3,0,0,200,200
422642,0,35,2,2,0,3,10,2,2,0,0,16,0,0,35,0,0,0,0,200,200
422654,0,25,0,0,0,3,7,6,0,0,0,0,200,0,53,200,200,200,200,200,200
422662,0,30,0,0,0,3,0,5,0,0,0,0,0,0,28,0,6,0,0,200,200
422662,0,30,0,0,0,3,0,5,0,0,0,0,0,0,44,0,0,0,0,200,200
422662,1,30,0,0,0,3,0,5,0,0,0,0,0,0,39,0,200,200,200,200,200
422663,0,30,7,12,0,3,10,5,0,0,0,16,0,0,22,200,200,0,2,200,200
422663,0,30,7,12,0,3,10,5,0,0,0,16,0,0,33,200,0,0,0,200,200
422663,1,30,7,12,0,3,10,5,0,0,0,16,0,1,53,200,200,200,200,200,200
422667,0,30,0,0,0,3,7,5,0,0,0,0,0,2,200,200,200,200,200,200,200
422675,0,30,1,2,200,3,10,1,0,200,200,6,18,2,200,200,3,200,200,200,200
422675,0,30,1,2,200,3,10,1,0,200,200,6,18,0,64,200,0,0,0,200,200
422681,0,30,0,0,0,3,7,6,0,0,0,20,0,0,200,200,6,200,200,200,200
422693,0,35,1,2,0,3,14,3,0,0,0,11,200,0,24,200,5,0,0,200,200
422693,0,35,1,2,0,3,14,3,0,0,0,11,200,0,17,200,5,0,0,200,200
422695,0,20,0,0,0,0,7,6,0,0,0,16,14,2,200,200,200,200,200,200,200
422697,0,30,1,2,0,3,10,3,0,0,0,18,200,0,200,200,3,200,200,200,200
422697,0,30,1,2,0,3,10,3,0,0,0,18,200,1,25,0,0,0,0,200,200
422697,1,30,1,2,0,3,10,3,0,0,0,18,200,1,49,0,200,200,200,200,200
422697,1,30,1,2,0,3,10,3,0,0,0,18,200,0,1,5,200,200,200,200,200
422699,0,30,0,0,0,3,7,6,0,1,0,21,0,0,200,200,200,200,200,200,200
422712,0,30,0,12,0,3,2,3,0,0,1,4,200,0,50,0,12,0,0,200,200
422719,0,35,0,0,0,3,3,5,0,0,0,17,0,0,33,0,1,0,0,200,200
422719,0,35,0,0,0,3,3,5,0,0,0,17,0,1,20,0,0,0,0,200,200
422722,0,35,0,0,0,3,3,5,0,0,12,16,28,0,57,0,8,200,200,200,200
422722,0,35,0,0,0,3,3,5,0,0,12,16,28,0,37,0,0,200,0,200,200
422723,0,30,1,2,0,0,8,3,0,0,0,17,16,0,66,200,1,0,0,200,200
422723,4,30,1,2,0,0,8,3,0,0,0,17,16,0,24,2,0,0,200,200,200
422730,0,30,0,0,2,0,7,5,0,1,0,0,0,2,200,200,200,200,200,200,200
422737,0,30,1,2,0,3,9,5,0,0,0,16,200,0,33,200,1,200,200,200,200
422737,5,30,1,2,0,3,9,5,0,0,0,16,200,0,71,7,0,200,7,200,200
422744,0,30,3,2,0,3,7,6,0,0,0,21,200,2,200,200,12,200,200,200,200
422746,0,30,1,2,0,3,14,3,0,0,0,23,23,0,77,0,7,0,0,200,200
422746,0,30,1,2,0,3,14,3,0,0,0,23,23,0,57,0,0,0,0,200,200
422748,0,30,0,0,0,1,12,2,0,0,0,17,21,0,65,0,4,200,0,200,200
422748,0,30,0,0,0,1,12,2,0,0,0,17,21,0,31,0,0,0,0,200,200
422749,0,35,0,0,0,2,4,5,0,12,4,200,200,0,53,3,0,0,0,200,200
422750,0,30,1,2,0,2,12,12,0,0,0,22,23,2,200,200,2,200,200,200,200
422750,0,30,1,2,0,2,12,12,0,0,0,22,23,1,27,0,0,0,0,200,200
422750,1,30,1,2,0,2,12,12,0,0,0,22,23,2,200,200,200,200,200,200,200
422750,1,30,1,2,0,2,12,12,0,0,0,22,23,2,200,200,200,200,200,200,200
422750,1,30,1,2,0,2,12,12,0,0,0,22,23,2,200,200,200,200,200,200,200
422750,1,30,1,2,0,2,12,12,0,0,0,22,23,2,200,7,200,200,200,200,200
422752,0,30,1,200,0,1,10,5,0,200,0,0,200,0,200,200,3,200,200,200,200
422752,0,30,1,200,0,1,10,5,0,200,0,0,200,1,59,200,0,200,0,200,200
422763,0,30,0,0,0,1,14,5,0,0,0,23,33,0,40,0,7,6,0,200,200
422763,0,30,0,0,0,1,14,5,0,0,0,23,33,0,35,0,0,0,0,200,200
422771,0,25,2,2,0,1,14,5,0,0,0,0,200,1,52,0,200,0,0,200,200
422771,0,25,2,2,0,1,14,5,0,0,0,0,200,0,46,0,200,0,0,200,200
422773,0,30,1,0,0,1,10,3,0,0,0,18,0,0,56,0,12,200,200,200,200
422773,0,30,1,0,0,1,10,3,0,0,0,18,0,1,75,0,0,0,0,200,200
422773,1,30,1,0,0,1,10,3,0,0,0,18,0,0,200,200,200,200,200,200,200
422774,0,30,1,2,0,1,14,1,0,0,0,17,16,0,0,0,1,0,0,200,200
422774,0,30,1,2,0,1,14,1,0,0,0,17,16,1,60,0,0,0,0,200,200
422776,0,35,0,0,0,1,10,5,0,0,0,18,200,1,38,0,3,4,0,200,200
422776,0,35,0,0,0,1,10,5,0,0,0,18,200,0,55,0,0,0,0,200,200
422777,0,30,200,200,200,1,12,5,0,200,200,0,0,1,27,200,200,200,0,200,200
422777,0,30,200,200,200,1,12,5,0,200,200,0,0,0,38,200,200,200,0,200,200
422778,0,30,2,2,0,1,14,3,0,0,0,17,11,0,49,0,1,200,0,200,200
422778,0,30,2,2,0,1,14,3,0,0,0,17,11,1,27,0,0,200,0,200,200
422781,0,25,0,0,200,200,7,6,0,200,200,200,200,2,200,200,200,200,200,200,200
422784,0,30,0,0,0,1,7,5,0,0,0,0,0,2,200,200,200,200,200,200,200
422785,0,30,0,0,0,1,9,5,0,0,0,0,200,0,34,200,200,200,0,200,200
422785,5,30,0,0,0,1,9,5,0,0,0,0,200,1,40,200,0,0,0,200,200
422786,0,30,2,2,0,1,0,5,0,0,0,28,200,1,33,0,12,1,0,200,200
422786,0,30,2,2,0,1,0,5,0,0,0,28,200,0,26,7,0,0,0,200,200
422787,0,30,1,2,0,1,7,6,0,0,0,0,0,0,56,0,7,5,0,200,200
422787,1,30,1,2,0,1,7,6,0,0,0,0,0,0,200,0,200,200,200,200,200
422787,1,30,1,2,0,1,7,6,0,0,0,0,0,0,200,0,200,200,200,200,200
422787,1,30,1,2,0,1,7,6,0,0,0,0,0,1,200,0,200,200,200,200,200
422787,1,30,1,2,0,1,7,6,0,0,0,0,0,0,200,0,200,200,200,200,200
422787,1,30,1,2,0,1,7,6,0,0,0,0,0,1,200,0,200,200,200,200,200
422787,1,30,1,2,0,1,7,6,0,0,0,0,0,1,200,0,200,200,200,200,200
422788,1,30,0,0,0,1,7,5,0,0,0,21,200,200,200,200,200,200,200,200,200
422788,0,30,0,0,0,1,7,5,0,0,0,21,200,1,50,200,2,200,0,200,200
422788,1,30,0,0,0,1,7,5,0,0,0,21,200,200,200,200,200,200,200,200,200
422788,1,30,0,0,0,1,7,5,0,0,0,21,200,0,200,200,200,200,200,200,200
422788,1,30,0,0,0,1,7,5,0,0,0,21,200,200,200,200,200,200,200,200,200
422788,1,30,0,0,0,1,7,5,0,0,0,21,200,200,200,200,200,200,200,200,200
422788,1,30,0,0,0,1,7,5,0,0,0,21,200,200,200,200,200,200,200,200,200
422788,1,30,0,0,0,1,7,5,0,0,0,21,200,200,200,200,200,200,200,200,200
422793,0,25,0,0,0,1,7,5,0,0,0,17,17,0,66,0,0,0,0,200,200
422794,0,30,2,2,0,1,14,2,0,0,0,20,20,0,47,0,6,12,0,200,200
422794,0,30,2,2,0,1,14,2,0,0,0,20,20,1,32,0,0,0,0,200,200
422797,0,30,2,2,0,1,0,5,0,0,0,17,200,1,32,0,14,0,0,200,200
422797,0,30,2,2,0,1,0,5,0,0,0,17,200,1,23,0,1,0,0,200,200
422797,0,30,2,2,0,1,0,5,0,0,0,17,200,0,18,0,1,0,0,200,200
422797,1,30,2,2,0,1,0,5,0,0,0,17,200,0,33,7,200,200,200,200,200
422797,1,30,2,2,0,1,0,5,0,0,0,17,200,0,73,0,200,200,200,200,200
422805,0,20,2,2,0,1,14,6,0,0,0,8,11,1,36,0,7,0,0,200,200
422805,0,20,2,2,0,1,14,6,0,0,0,8,11,1,42,0,0,0,0,200,200
422808,0,30,0,0,0,1,7,6,0,0,0,0,0,2,200,200,200,200,200,200,200
422812,0,30,1,2,0,1,12,5,0,0,0,0,0,0,30,0,12,0,0,200,200
422812,0,30,1,2,0,1,12,5,0,0,0,0,0,1,61,0,0,0,0,200,200
422813,0,15,0,0,0,1,10,7,0,0,0,17,17,0,82,0,200,0,0,200,200
422813,0,15,0,0,0,1,10,7,0,0,0,17,17,1,61,0,0,0,0,200,200
422815,0,30,1,2,0,1,7,5,0,0,0,200,200,1,30,200,200,0,0,200,200
422817,0,20,2,2,0,1,0,5,0,0,0,17,200,1,61,0,1,0,0,200,200
422817,0,20,2,2,0,1,0,5,0,0,0,17,200,0,16,0,0,0,0,200,200
422818,0,30,0,0,0,1,0,6,0,0,0,22,200,1,79,0,2,0,0,200,200
422818,0,30,0,0,0,1,0,6,0,0,0,22,200,0,63,0,0,0,0,200,200
422819,0,35,0,0,0,1,10,5,0,0,0,27,18,1,28,200,3,0,5,200,200
422819,0,35,0,0,0,1,10,5,0,0,0,27,18,1,29,0,0,0,0,200,200
422819,1,35,0,0,0,1,10,5,0,0,0,27,18,1,0,0,200,200,200,200,200
422819,1,35,0,0,0,1,10,5,0,0,0,27,18,1,8,0,200,200,200,200,200
422823,0,30,0,0,0,1,10,5,0,0,0,0,200,0,22,200,1,200,200,200,200
422823,0,30,0,0,0,1,10,5,0,0,0,0,200,0,26,0,0,0,0,200,200
422825,0,30,9,0,0,1,9,3,0,200,200,0,4,1,38,0,1,1,0,200,200
422825,5,30,9,0,0,1,9,3,0,200,200,0,4,0,75,200,200,200,200,200,200
422827,0,30,0,0,0,1,12,2,0,0,0,21,200,1,43,200,4,200,0,200,200
422827,0,30,0,0,0,1,12,2,0,0,0,21,200,0,20,200,0,200,0,200,200
422828,0,30,0,0,0,1,11,5,0,0,0,27,11,0,79,200,4,12,12,200,200
422828,0,30,0,0,0,1,11,5,0,0,0,27,11,1,29,200,0,0,0,200,200
422828,0,30,0,0,0,1,11,5,0,0,0,27,11,0,39,200,0,0,0,200,200
422828,1,30,0,0,0,1,11,5,0,0,0,27,11,0,200,200,200,200,200,200,200
422828,1,30,0,0,0,1,11,5,0,0,0,27,11,0,14,200,200,200,200,200,200
422829,0,0,0,0,0,1,7,12,0,0,0,0,0,2,200,200,200,200,200,200,200
422834,0,30,1,2,0,1,8,2,0,0,0,0,200,2,200,200,200,200,200,200,200
422834,4,30,1,2,0,1,8,2,0,0,0,0,200,0,20,7,200,200,7,200,200
422835,0,30,0,0,0,1,14,3,0,0,0,17,200,1,41,0,1,0,0,200,200
422835,0,30,0,0,0,1,14,3,0,0,0,17,200,1,49,0,0,0,0,200,200
422839,0,25,0,0,0,1,0,5,0,0,0,17,200,0,39,200,1,200,0,200,200
422839,0,25,0,0,0,1,0,5,0,0,0,17,200,0,37,200,0,200,200,200,200
422847,0,30,2,0,0,1,0,5,0,0,0,33,200,1,54,0,1,12,0,200,200
422847,0,30,2,0,0,1,0,5,0,0,0,33,200,0,76,0,0,0,0,200,200
422849,0,30,1,1,0,1,12,2,0,0,0,22,22,0,37,0,2,0,0,200,200
422849,0,30,1,1,0,1,12,2,0,0,0,22,22,1,51,0,0,0,0,200,200
422851,0,30,0,0,0,1,2,6,0,0,1,28,200,0,74,200,0,0,0,200,200
422854,0,35,3,0,0,1,12,2,0,0,0,4,21,0,54,0,4,0,0,200,200
422854,0,35,3,0,0,1,12,2,0,0,0,4,21,0,42,0,0,0,0,200,200
422854,1,35,3,0,0,1,12,2,0,0,0,4,21,1,33,0,200,200,200,200,200
422854,1,35,3,0,0,1,12,2,0,0,0,4,21,1,200,0,200,200,200,200,200
422855,0,30,0,0,0,1,7,2,0,0,0,23,200,1,64,0,7,0,0,200,200
422856,0,25,2,2,0,1,14,5,0,0,0,17,200,1,200,200,1,200,200,200,200
422856,0,25,2,2,0,1,14,5,0,0,0,17,200,1,54,0,0,0,0,200,200
422857,0,30,0,0,0,1,0,5,0,0,0,33,17,1,39,0,1,12,0,200,200
422857,0,30,0,0,0,1,0,5,0,0,0,33,17,0,32,0,0,0,0,200,200
422859,0,30,0,0,0,1,7,5,0,0,0,200,200,2,200,200,200,200,200,200,200
422864,0,10,0,0,0,1,2,7,0,0,0,33,200,1,35,0,12,6,0,200,200
422864,1,10,0,0,0,1,2,7,0,0,0,33,200,0,3,5,200,200,200,200,200
422865,0,30,2,2,0,1,5,5,0,0,0,17,5,1,200,200,1,200,200,200,200
422865,5,30,2,2,0,1,5,5,0,0,0,17,5,1,22,200,0,0,0,200,200
422874,0,30,1,2,0,1,12,2,0,0,0,11,200,1,79,200,4,200,0,200,200
422874,0,30,1,2,0,1,12,2,0,0,0,11,200,1,44,200,0,200,0,200,200
422874,1,30,1,2,0,1,12,2,0,0,0,11,200,1,59,200,200,200,200,200,200
422875,0,30,0,0,0,1,7,2,0,0,0,2,0,1,200,200,15,200,200,200,200
422875,1,30,0,0,0,1,7,2,0,0,0,2,0,0,40,1,200,200,200,200,200
422879,0,30,1,2,0,1,10,6,0,0,0,6,16,0,200,200,5,200,200,200,200
422879,0,30,1,2,0,1,10,6,0,0,0,6,16,0,34,0,0,0,0,200,200
422879,1,30,1,2,0,1,10,6,0,0,0,6,16,1,200,200,200,200,200,200,200
422879,1,30,1,2,0,1,10,6,0,0,0,6,16,1,200,0,200,200,200,200,200
422883,0,30,0,0,0,1,8,5,0,0,0,21,16,1,25,0,4,200,200,200,200
422883,4,30,0,0,0,1,8,5,0,0,0,21,16,0,27,200,0,200,200,200,200
422885,0,30,0,0,0,200,12,2,0,0,0,0,0,2,200,200,12,200,200,200,200
422885,0,30,0,0,0,200,12,2,0,0,0,0,0,0,55,200,0,0,0,200,200
422896,0,30,1,2,0,3,2,2,0,0,0,0,200,1,36,0,12,0,0,200,200
422897,0,30,1,2,0,1,10,5,0,0,0,18,18,0,53,0,3,0,0,200,200
422897,0,30,1,2,0,1,10,5,0,0,0,18,18,1,55,0,0,0,0,200,200
422898,0,35,2,2,0,1,10,2,0,0,0,15,16,0,34,0,8,0,0,200,200
422898,0,35,2,2,0,1,10,2,0,0,0,15,16,0,25,0,0,0,0,200,200
422903,0,35,1,2,0,1,12,5,0,0,12,23,200,0,43,200,200,200,0,200,200
422903,0,35,1,2,0,1,12,5,0,0,12,23,200,1,27,200,4,200,0,200,200
422904,0,25,0,0,0,1,10,5,0,0,0,0,0,1,26,0,0,0,0,200,200
422904,0,25,0,0,0,1,10,5,0,0,0,0,0,1,52,0,0,0,0,200,200
422925,0,20,0,0,0,1,10,5,0,0,0,16,200,1,31,200,3,200,0,200,200
422925,0,20,0,0,0,1,10,5,0,0,0,16,200,1,37,200,0,0,0,200,200
422933,0,45,3,2,0,1,12,3,0,0,0,11,11,1,37,0,4,0,0,200,200
422933,0,45,3,2,0,1,12,3,0,0,0,11,11,1,40,0,0,0,0,200,200
422933,0,45,3,2,0,1,12,3,0,0,0,11,11,0,200,200,0,0,0,200,200
422947,0,30,2,2,0,1,0,2,0,0,0,17,0,1,44,0,0,0,0,200,200
422947,0,30,2,2,0,1,0,2,0,0,0,17,0,0,37,0,1,4,0,200,200
422948,0,30,0,0,0,1,12,5,0,0,0,17,0,1,200,200,1,200,200,200,200
422948,0,30,0,0,0,1,12,5,0,0,0,17,0,0,48,0,0,0,0,200,200
422948,1,30,0,0,0,1,12,5,0,0,0,17,0,200,200,200,200,200,200,200,200
422951,0,30,0,0,0,0,7,6,0,0,0,200,200,2,200,200,200,200,200,200,200
422953,0,30,0,2,0,1,14,5,0,0,0,0,0,0,70,0,200,200,200,200,200
422953,0,30,0,2,0,1,14,5,0,0,0,0,0,0,200,200,200,200,200,200,200
422959,0,45,1,2,0,1,12,6,0,0,0,0,0,1,37,0,200,200,0,200,200
422959,0,45,1,2,0,1,12,6,0,0,0,0,0,0,38,0,200,200,0,200,200
422962,0,30,0,0,200,1,12,5,0,200,200,21,0,0,200,200,4,200,200,200,200
422962,0,30,0,0,200,1,12,5,0,200,200,21,0,0,46,200,200,200,200,200,200
422962,1,30,0,0,200,1,12,5,0,200,200,21,0,0,27,200,200,200,200,200,200
422964,0,20,0,0,0,1,7,2,2,0,0,200,200,2,200,200,200,200,200,200,200
422965,0,30,0,0,0,1,7,6,0,0,0,0,200,2,200,200,200,200,200,200,200
422968,0,25,1,2,0,1,12,2,0,0,0,22,17,1,48,0,2,0,0,200,200
422968,0,25,1,2,0,1,12,2,0,0,0,22,17,0,22,0,200,0,0,200,200
422968,0,25,1,2,0,1,12,2,0,0,0,22,17,1,49,0,0,0,0,200,200
422970,0,20,4,2,0,1,14,12,3,0,0,17,200,1,69,0,1,0,0,200,200
422970,0,20,4,2,0,1,14,12,3,0,0,17,200,1,53,0,0,0,0,200,200
422982,0,25,0,0,0,1,12,6,0,0,200,18,0,1,31,0,12,0,0,200,200
422982,0,25,0,0,0,1,12,6,0,0,200,18,0,1,28,0,12,0,0,200,200
422984,0,35,1,2,0,1,10,2,0,0,0,15,16,0,48,0,8,0,0,200,200
422984,0,35,1,2,0,1,10,2,0,0,0,15,16,1,27,0,0,0,0,200,200
422984,1,35,1,2,0,1,10,2,0,0,0,15,16,0,2,0,200,200,200,200,200
422989,0,30,2,2,0,1,0,5,0,0,0,11,17,1,41,200,1,200,0,200,200
422989,0,30,2,2,0,1,0,5,0,0,0,11,17,0,43,0,0,0,0,200,200
422989,1,30,2,2,0,1,0,5,0,0,0,11,17,0,200,0,200,200,200,200,200
422990,0,30,1,2,0,1,14,6,0,0,0,22,200,0,50,0,2,0,0,200,200
422990,0,30,1,2,0,1,14,6,0,0,0,22,200,0,28,200,0,0,0,200,200
422997,0,30,0,0,2,1,10,2,0,0,200,0,200,1,22,0,12,0,0,200,200
422997,0,30,0,0,2,1,10,2,0,0,200,0,200,1,32,0,0,0,0,200,200
423001,0,30,0,0,0,1,7,5,0,0,0,20,200,0,200,200,12,1,200,200,200
423002,0,30,0,0,0,1,14,5,0,0,0,23,17,0,62,0,4,200,0,200,200
423002,0,30,0,0,0,1,14,5,0,0,0,23,17,1,46,0,0,0,0,200,200
423002,1,30,0,0,0,1,14,5,0,0,0,23,17,1,31,200,200,200,200,200,200
423003,0,25,0,0,0,1,10,5,0,0,0,0,0,1,66,0,0,0,0,200,200
423003,0,25,0,0,0,1,10,5,0,0,0,0,0,0,200,200,200,200,200,200,200
423005,0,30,0,0,0,1,7,2,0,0,0,0,200,2,200,200,200,200,200,200,200
423014,0,30,0,0,0,1,10,3,0,0,0,11,0,0,32,0,12,1,0,200,200
423014,0,30,0,0,0,1,10,3,0,0,0,11,0,0,21,0,12,1,0,200,200
423018,0,45,0,0,0,1,10,2,0,0,0,18,18,0,26,200,3,0,0,200,200
423018,0,45,0,0,0,1,10,2,0,0,0,18,18,0,43,0,0,0,0,200,200
423020,0,25,0,0,0,1,14,5,0,0,0,22,200,0,200,200,2,200,200,200,200
423020,0,25,0,0,0,1,14,5,0,0,0,22,200,0,31,0,0,0,0,200,200
423022,0,30,1,2,0,1,14,6,0,200,0,23,200,0,200,200,7,200,200,200,200
423022,0,30,1,2,0,1,14,6,0,200,0,23,200,0,41,0,0,0,0,200,200
423024,0,30,200,200,200,1,4,3,0,0,1,200,29,0,25,200,12,200,200,200,200
423025,0,30,0,0,0,1,10,5,0,0,0,16,18,1,66,0,3,0,0,200,200
423025,0,30,0,0,0,1,10,5,0,0,0,16,18,0,31,0,0,0,0,200,200
423035,0,30,0,0,0,1,14,2,0,0,0,0,200,0,200,200,8,200,200,200,200
423035,0,30,0,0,0,1,14,2,0,0,0,0,200,1,43,0,0,0,0,200,200
423054,0,0,0,0,0,1,2,6,0,12,12,200,200,0,42,0,0,0,0,200,200
423064,0,25,0,0,2,3,10,6,0,1,0,0,0,0,39,200,200,0,0,200,200
423064,0,25,0,0,2,3,10,6,0,1,0,0,0,0,95,200,200,0,0,200,200
423064,1,25,0,0,2,3,10,6,0,1,0,0,0,1,200,200,200,200,200,200,200
423064,1,25,0,0,2,3,10,6,0,1,0,0,0,1,200,5,200,200,200,200,200
423064,1,25,0,0,2,3,10,6,0,1,0,0,0,0,200,200,200,200,200,200,200
423064,1,25,0,0,2,3,10,6,0,1,0,0,0,1,200,200,200,200,200,200,200
423073,0,30,1,2,0,1,14,5,0,0,0,17,17,0,20,0,1,0,0,200,200
423073,0,30,1,2,0,1,14,5,0,0,0,17,17,1,76,0,0,0,0,200,200
423076,0,30,0,0,0,1,7,7,0,0,0,0,200,2,200,200,200,200,200,200,200
423081,0,30,1,2,0,1,14,2,0,0,0,23,200,1,200,200,7,200,200,200,200
423081,0,30,1,2,0,1,14,2,0,0,0,23,200,0,30,0,0,0,0,200,200
423085,0,30,0,0,0,1,2,5,0,0,0,18,18,0,48,0,3,0,0,200,200
423085,0,30,0,0,0,1,2,5,0,0,0,18,18,1,56,0,0,0,0,200,200
423092,0,35,9,12,0,1,14,6,0,0,0,10,11,0,29,200,9,200,0,200,200
423092,0,35,9,12,0,1,14,6,0,0,0,10,11,0,19,200,0,200,0,200,200
423098,0,30,0,0,0,1,10,5,0,0,0,0,0,0,35,200,11,200,200,200,200
423098,0,30,0,0,0,1,10,5,0,0,0,0,0,1,39,200,200,200,200,200,200
423098,1,30,0,0,0,1,10,5,0,0,0,0,0,1,46,200,200,200,200,200,200
423103,0,30,1,2,0,1,10,3,0,0,0,16,18,0,42,0,3,0,0,200,200
423103,0,30,1,2,0,1,10,3,0,0,0,16,18,1,35,0,0,0,0,200,200
423103,1,30,1,2,0,1,10,3,0,0,0,16,18,0,63,0,200,200,200,200,200
423103,1,30,1,2,0,1,10,3,0,0,0,16,18,0,6,0,200,200,200,200,200
423112,0,35,0,0,0,1,10,5,0,0,12,0,0,1,25,0,0,0,0,200,200
423112,0,35,0,0,0,1,10,5,0,0,12,0,0,1,22,0,0,0,0,200,200
423113,0,30,0,0,0,3,12,6,0,0,0,21,17,0,39,0,4,0,0,200,200
423113,0,30,0,0,0,3,12,6,0,0,0,21,17,0,22,0,0,0,0,200,200
423113,1,30,0,0,0,3,12,6,0,0,0,21,17,1,60,0,200,200,200,200,200
423113,1,30,0,0,0,3,12,6,0,0,0,21,17,0,200,0,200,200,200,200,200
423114,0,30,0,0,0,1,0,5,0,0,0,17,200,2,200,200,1,200,200,200,200
423114,0,30,0,0,0,1,0,5,0,0,0,17,200,0,79,0,0,0,0,200,200
423114,1,30,0,0,0,1,0,5,0,0,0,17,200,1,54,0,200,200,200,200,200
423115,0,30,1,2,0,1,0,2,0,0,0,6,6,1,22,0,5,0,0,200,200
423115,0,30,1,2,0,1,0,2,0,0,0,6,6,0,56,0,0,0,0,200,200
423115,1,30,1,2,0,1,0,2,0,0,0,6,6,1,200,0,200,200,200,200,200
423119,0,30,0,0,0,1,7,5,0,0,0,20,200,0,200,200,6,200,200,200,200
423127,0,30,1,2,0,1,10,3,0,0,0,18,200,1,50,200,3,0,0,200,200
423127,0,30,1,2,0,1,10,3,0,0,0,18,200,1,35,0,0,0,0,200,200
423128,0,30,0,0,0,1,2,12,0,0,0,20,200,0,200,200,6,200,200,200,200
423133,0,30,1,2,0,1,10,2,0,0,0,16,200,0,42,0,8,0,0,200,200
423133,0,30,1,2,0,1,10,2,0,0,0,16,200,0,34,0,0,0,0,200,200
423134,0,30,0,0,0,1,12,2,0,0,0,17,17,0,35,0,1,0,0,200,200
423134,0,30,0,0,0,1,12,2,0,0,0,17,17,1,46,0,0,0,0,200,200
423144,0,15,0,0,0,1,5,0,0,0,0,11,200,0,37,0,12,0,0,200,200
423160,0,30,0,0,0,1,7,7,0,0,0,0,200,1,57,200,12,0,4,200,200
423167,0,25,0,0,0,1,12,6,0,0,0,0,0,0,33,200,200,200,0,200,200
423167,0,25,0,0,0,1,12,6,0,0,0,0,0,1,49,200,0,200,0,200,200
423168,0,30,1,2,0,1,10,2,0,0,0,18,200,0,58,0,3,0,0,200,200
423168,0,30,1,2,0,1,10,2,0,0,0,18,200,0,23,0,0,0,0,200,200
423173,0,35,0,0,0,1,0,3,0,0,0,17,11,1,57,200,1,200,0,200,200
423173,0,35,0,0,0,1,0,3,0,0,0,17,11,1,33,200,0,200,0,200,200
423181,0,20,0,0,0,1,12,6,0,0,0,17,0,1,39,0,1,0,0,200,200
423181,0,20,0,0,0,1,12,6,0,0,0,17,0,0,38,0,0,0,0,200,200
423186,0,30,2,2,0,1,0,5,0,0,0,22,0,0,40,200,12,200,0,200,200
423186,0,30,2,2,0,1,0,5,0,0,0,22,0,0,24,200,12,200,0,200,200
423186,0,30,2,2,0,1,0,5,0,0,0,22,0,0,44,200,0,0,0,200,200
423187,0,10,0,0,0,1,2,7,0,0,0,0,200,0,61,0,12,0,0,200,200
423191,0,30,1,2,0,1,14,3,0,0,0,16,6,1,20,0,5,0,0,200,200
423191,0,30,1,2,0,1,14,3,0,0,0,16,6,1,74,0,0,0,0,200,200
423191,1,30,1,2,0,1,14,3,0,0,0,16,6,1,60,0,200,200,200,200,200
423191,1,30,1,2,0,1,14,3,0,0,0,16,6,1,2,5,200,200,200,200,200
423194,0,30,0,0,0,1,7,6,0,0,0,0,200,1,43,0,12,0,0,200,200
423194,1,30,0,0,0,1,7,6,0,0,0,0,200,1,200,200,200,200,200,200,200