RD_NO,PERSON_TYPE,POSTED_SPEED_LIMIT,TRAFFIC_CONTROL_DEVICE,DEVICE_CONDITION,WEATHER_CONDITION,LIGHTING_CONDITION,FIRST_CRASH_TYPE,TRAFFICWAY_TYPE,ALIGNMENT,ROADWAY_SURFACE_COND,ROAD_DEFECT,PRIM_CONTRIBUTORY_CAUSE,SEC_CONTRIBUTORY_CAUSE,SEX,AGE,SAFETY_EQUIPMENT,DRIVER_ACTION,DRIVER_VISION,PHYSICAL_CONDITION,BAC_RESULT VALUE,CELL_PHONE_USE
423199,0,30,0,0,0,1,10,5,0,0,0,7,200,1,28,0,3,0,0,200,200
423199,0,30,0,0,0,1,10,5,0,0,0,7,200,0,48,0,0,0,0,200,200
423199,1,30,0,0,0,1,10,5,0,0,0,7,200,1,2,5,200,200,200,200,200
423210,0,25,0,0,0,0,5,3,0,0,0,0,200,0,34,0,12,0,0,200,200
423211,0,30,0,0,0,1,4,5,0,0,0,0,200,0,200,200,12,200,200,200,200
423214,0,30,0,0,0,1,7,6,0,0,0,20,0,0,46,0,6,5,0,200,200
423218,0,30,1,2,0,1,12,2,0,0,0,18,200,0,20,200,3,200,200,200,200
423218,0,30,1,2,0,1,12,2,0,0,0,18,200,1,60,0,0,0,0,200,200
423218,0,30,1,2,0,1,12,2,0,0,0,18,200,1,45,0,0,0,0,200,200
423219,0,30,200,200,0,1,2,12,0,0,0,27,0,0,75,200,200,200,4,200,200
423221,0,30,0,0,0,1,7,6,0,0,0,16,200,0,28,0,8,0,0,200,200
423223,0,5,0,0,0,1,7,12,0,0,0,0,200,2,200,200,200,200,200,200,200
423243,0,15,0,0,0,1,2,0,0,0,0,0,0,2,200,200,200,200,200,200,200
423245,4,30,1,2,0,1,8,5,0,0,0,0,0,0,41,7,1,0,0,200,200
423245,0,30,1,2,0,1,8,5,0,0,0,0,0,0,28,0,0,0,0,200,200
423246,0,5,0,0,0,1,10,12,0,0,0,20,200,1,34,200,6,0,0,200,200
423246,0,5,0,0,0,1,10,12,0,0,0,20,200,0,23,0,0,0,0,200,200
423246,1,5,0,0,0,1,10,12,0,0,0,20,200,1,24,0,200,200,200,200,200
423253,0,30,0,0,0,0,7,5,0,0,0,0,0,2,200,200,200,200,200,200,200
423256,0,0,0,0,0,1,7,7,0,0,0,0,0,1,30,0,0,0,0,200,200
423257,0,0,200,200,0,1,0,200,0,200,200,0,200,0,35,0,200,200,0,200,200
423257,0,0,200,200,0,1,0,200,0,200,200,0,200,0,200,200,200,200,200,200,200
423258,0,30,1,2,0,1,12,6,0,0,0,22,17,0,60,0,4,0,0,200,200
423258,0,30,1,2,0,1,12,6,0,0,0,22,17,0,41,0,1,0,0,200,200
423259,0,20,0,0,0,1,0,0,0,0,0,0,200,0,65,0,200,0,0,200,200
423259,0,20,0,0,0,1,0,0,0,0,0,0,200,1,41,0,200,0,0,200,200
423259,1,20,0,0,0,1,0,0,0,0,0,0,200,1,57,0,200,200,200,200,200
423262,0,30,0,0,0,1,9,6,0,0,0,17,200,1,42,0,0,0,0,200,200
423262,5,30,0,0,0,1,9,6,0,0,0,17,200,1,55,7,1,0,0,200,200
423263,0,30,0,0,0,1,7,7,0,0,0,20,16,1,21,200,6,200,0,200,200
423263,1,30,0,0,0,1,7,7,0,0,0,20,16,0,200,0,200,200,200,200,200
423271,0,30,0,0,200,1,10,5,0,200,0,18,200,1,200,0,3,0,0,200,200
423271,0,30,0,0,200,1,10,5,0,200,0,18,200,0,63,0,0,0,0,200,200
423273,0,30,1,2,0,1,14,5,2,0,0,23,16,0,63,200,7,0,0,200,200
423273,0,30,1,2,0,1,14,5,2,0,0,23,16,0,72,200,0,0,0,200,200
423274,0,30,1,2,0,1,10,5,0,0,0,0,0,0,33,200,200,200,200,200,200
423274,0,30,1,2,0,1,10,5,0,0,0,0,0,0,64,0,0,0,0,200,200
423278,0,30,0,0,0,1,7,7,0,0,200,20,20,1,67,0,6,200,200,200,200
423293,0,15,0,0,0,1,10,0,0,0,0,16,18,1,200,200,3,0,0,200,200
423293,0,15,0,0,0,1,10,0,0,0,0,16,18,1,200,0,0,0,0,200,200
423293,1,15,0,0,0,1,10,0,0,0,0,16,18,0,200,5,200,200,200,200,200
423293,1,15,0,0,0,1,10,0,0,0,0,16,18,0,200,5,200,200,200,200,200
423294,0,30,1,2,0,1,10,2,0,0,0,7,7,1,27,0,12,0,0,200,200
423294,0,30,1,2,0,1,10,2,0,0,0,7,7,1,29,0,0,0,0,200,200
423302,0,30,0,0,200,1,7,5,0,0,0,21,200,2,200,200,200,200,200,200,200
423303,0,30,0,0,0,1,12,5,0,0,0,11,200,1,19,200,12,0,0,200,200
423303,0,30,0,0,0,1,12,5,0,0,0,11,200,0,38,200,0,0,0,200,200
423309,0,30,2,2,0,1,0,5,0,0,0,200,200,1,30,0,1,0,0,200,200
423309,0,30,2,2,0,1,0,5,0,0,0,200,200,1,45,0,0,0,0,200,200
423312,0,10,0,0,0,1,9,0,0,0,0,0,0,0,45,0,12,200,0,200,200
423312,5,10,0,0,0,1,9,0,0,0,0,0,0,0,54,7,0,0,5,200,200
423327,0,30,0,0,0,1,10,5,0,0,0,0,200,0,24,200,200,200,0,200,200
423327,0,30,0,0,0,1,10,5,0,0,0,0,200,1,47,200,0,200,0,200,200
423331,0,30,0,0,0,1,10,5,0,0,0,18,11,0,39,0,3,0,0,200,200
423331,0,30,0,0,0,1,10,5,0,0,0,18,11,2,200,200,12,200,200,200,200
423335,0,25,0,0,0,1,12,5,0,0,0,21,21,0,200,200,4,200,200,200,200
423335,0,25,0,0,0,1,12,5,0,0,0,21,21,0,27,0,0,0,0,200,200
423346,0,35,0,0,0,1,14,5,0,0,0,16,200,1,49,0,1,200,0,200,200
423346,0,35,0,0,0,1,14,5,0,0,0,16,200,0,28,0,0,0,0,200,200
423346,1,35,0,0,0,1,14,5,0,0,0,16,200,0,2,5,200,200,200,200,200
423346,1,35,0,0,0,1,14,5,0,0,0,16,200,0,4,5,200,200,200,200,200
423359,0,30,0,0,0,1,14,2,0,0,0,0,0,0,19,200,200,200,200,200,200
423359,0,30,0,0,0,1,14,2,0,0,0,0,0,1,20,0,0,0,0,200,200
423363,0,30,0,0,0,1,7,6,0,0,0,22,22,2,200,200,2,200,200,200,200
423365,0,10,0,0,0,1,3,7,0,200,200,20,200,1,46,200,6,0,0,200,200
423365,0,10,0,0,0,1,3,7,0,200,200,20,200,0,200,200,6,200,200,200,200
423367,0,30,2,2,0,1,0,5,0,0,200,5,0,0,46,200,200,200,200,200,200
423367,0,30,2,2,0,1,0,5,0,0,200,5,0,0,43,200,200,200,200,200,200
423367,1,30,2,2,0,1,0,5,0,0,200,5,0,0,30,200,200,200,200,200,200
423368,0,30,0,0,200,200,7,5,0,200,0,0,200,2,200,200,200,200,200,200,200
423373,0,30,1,2,0,1,10,5,0,0,0,18,200,1,84,0,3,0,0,200,200
423373,0,30,1,2,0,1,10,5,0,0,0,18,200,0,71,0,0,0,0,200,200
423373,1,30,1,2,0,1,10,5,0,0,0,18,200,1,70,0,200,200,200,200,200
423374,0,30,1,2,0,1,14,2,0,0,0,6,200,0,19,0,5,0,0,200,200
423374,0,30,1,2,0,1,14,2,0,0,0,6,200,0,49,0,0,0,0,200,200
423381,0,30,0,0,0,1,14,5,0,0,0,23,17,0,22,0,7,0,0,200,200
423381,0,30,0,0,0,1,14,5,0,0,0,23,17,0,26,0,0,0,0,200,200
423383,0,30,0,0,0,1,7,5,0,0,0,0,0,0,55,0,0,0,0,200,200
423383,1,30,0,0,0,1,7,5,0,0,0,0,0,1,200,0,200,200,200,200,200
423384,0,30,1,2,0,1,12,2,0,0,0,21,22,0,29,0,4,200,0,200,200
423384,0,30,1,2,0,1,12,2,0,0,0,21,22,0,20,1,0,200,0,200,200
423384,1,30,1,2,0,1,12,2,0,0,0,21,22,1,20,0,200,200,200,200,200
423387,0,30,1,2,0,1,8,3,0,0,0,17,0,0,45,0,1,0,0,200,200
423387,4,30,1,2,0,1,8,3,0,0,0,17,0,0,36,7,1,0,0,200,200
423389,0,30,0,0,0,1,14,5,0,0,0,16,23,0,65,200,1,200,0,200,200
423389,0,30,0,0,0,1,14,5,0,0,0,16,23,1,63,200,12,200,0,200,200
423394,0,30,200,200,200,1,8,5,0,200,200,0,200,0,200,200,200,200,200,200,200
423394,4,30,200,200,200,1,8,5,0,200,200,0,200,0,32,200,200,200,0,200,200
423399,0,35,2,12,0,1,0,5,0,0,0,17,17,1,76,7,1,200,0,200,200
423399,0,35,2,12,0,1,0,5,0,0,0,17,17,0,69,200,8,200,0,200,200
423410,0,30,0,0,0,1,14,5,0,0,0,17,200,0,30,200,1,200,0,200,200
423410,0,30,0,0,0,1,14,5,0,0,0,17,200,0,27,200,12,200,0,200,200
423411,0,30,0,0,0,1,7,2,0,0,0,0,200,1,59,0,1,0,200,200,200
423414,0,30,0,0,0,1,10,2,0,0,0,18,0,0,41,0,3,0,0,200,200
423414,0,30,0,0,0,1,10,2,0,0,0,18,0,0,70,0,0,0,0,200,200
423414,1,30,0,0,0,1,10,2,0,0,0,18,0,1,72,0,200,200,200,200,200
423414,1,30,0,0,0,1,10,2,0,0,0,18,0,1,7,5,200,200,200,200,200
423416,0,30,1,2,2,1,10,5,0,1,200,18,22,0,200,200,2,200,200,200,200
423416,0,30,1,2,2,1,10,5,0,1,200,18,22,0,36,0,12,200,200,200,200
423416,1,30,1,2,2,1,10,5,0,1,200,18,22,0,200,0,200,200,200,200,200
423417,0,30,0,0,0,1,14,6,0,200,200,23,200,0,26,200,7,200,200,200,200
423417,0,30,0,0,0,1,14,6,0,200,200,23,200,1,24,200,0,0,0,200,200
423417,1,30,0,0,0,1,14,6,0,200,200,23,200,1,23,200,200,200,200,200,200
423417,1,30,0,0,0,1,14,6,0,200,200,23,200,0,23,200,200,200,200,200,200
423418,0,30,1,2,0,1,9,12,0,0,0,17,0,0,200,200,1,200,200,200,200
423418,5,30,1,2,0,1,9,12,0,0,0,17,0,1,14,7,0,0,0,200,200
423418,5,30,1,2,0,1,9,12,0,0,0,17,0,1,15,7,0,0,0,200,200
423422,0,30,0,0,0,1,10,2,0,0,200,18,200,0,200,200,3,200,200,200,200
423422,0,30,0,0,0,1,10,2,0,0,200,18,200,0,52,200,0,200,200,200,200
423425,0,0,0,0,0,1,10,2,0,0,0,20,200,1,28,200,6,200,200,200,200
423425,0,0,0,0,0,1,10,2,0,0,0,20,200,1,30,0,0,0,0,200,200
423428,0,30,200,200,200,200,10,5,0,200,200,0,200,0,22,200,200,200,200,200,200
423428,0,30,200,200,200,200,10,5,0,200,200,0,200,1,35,0,200,200,200,200,200
423430,0,30,0,0,0,1,7,5,0,0,0,11,0,1,200,0,12,0,0,200,200
423435,0,30,0,0,0,1,10,2,0,0,0,0,0,0,32,200,3,200,0,200,200
423435,0,30,0,0,0,1,10,2,0,0,0,0,0,0,60,200,0,200,0,200,200
423435,1,30,0,0,0,1,10,2,0,0,0,0,0,1,21,200,200,200,200,200,200
423436,0,30,0,0,0,1,7,6,0,0,2,27,200,1,25,0,12,0,2,200,200
423436,1,30,0,0,0,1,7,6,0,0,2,27,200,1,3,5,200,200,200,200,200
423445,0,0,0,0,0,1,2,7,0,0,0,27,200,0,67,0,12,0,12,200,200
423446,0,30,0,0,0,1,7,7,0,0,0,20,18,0,200,200,6,200,200,200,200
423447,0,25,0,0,0,1,11,5,0,0,0,25,16,1,39,0,12,2,8,0,200
423447,0,25,0,0,0,1,11,5,0,0,0,25,16,0,38,0,0,0,0,200,200
423447,0,25,0,0,0,1,11,5,0,0,0,25,16,1,35,0,0,0,0,200,200
423447,0,25,0,0,0,1,11,5,0,0,0,25,16,1,40,0,0,0,0,200,200
423447,1,25,0,0,0,1,11,5,0,0,0,25,16,0,11,0,200,200,200,200,200
423451,0,30,0,0,0,1,12,5,0,0,0,0,0,0,200,200,4,200,200,200,200
423451,0,30,0,0,0,1,12,5,0,0,0,0,0,1,21,0,0,0,0,200,200
423452,0,30,1,2,0,1,10,2,0,0,0,0,0,0,200,200,3,200,200,200,200
423452,0,30,1,2,0,1,10,2,0,0,0,0,0,0,51,0,0,0,0,200,200
423456,0,30,0,0,0,1,7,5,0,0,0,0,0,0,52,0,200,200,200,200,200
423457,0,30,1,2,0,1,10,5,0,0,0,18,200,1,47,0,3,0,0,200,200
423457,0,30,1,2,0,1,10,5,0,0,0,18,200,0,65,0,0,0,0,200,200
423457,1,30,1,2,0,1,10,5,0,0,0,18,200,1,53,0,200,200,200,200,200
423459,4,30,0,0,0,1,8,5,0,0,0,17,0,1,22,2,0,0,0,200,200
423459,1,30,0,0,0,1,8,5,0,0,0,17,0,0,38,200,200,200,200,200,200
423460,0,15,0,0,0,1,12,6,0,0,0,20,11,0,35,200,6,0,0,200,200
423460,0,15,0,0,0,1,12,6,0,0,0,20,11,0,0,200,1,0,0,200,200
423460,1,15,0,0,0,1,12,6,0,0,0,20,11,0,19,200,200,200,200,200,200
423460,1,15,0,0,0,1,12,6,0,0,0,20,11,1,18,200,200,200,200,200,200
423465,0,30,0,0,0,1,12,5,0,0,0,22,16,1,29,0,2,0,0,200,200
423465,0,30,0,0,0,1,12,5,0,0,0,22,16,1,41,0,0,0,0,200,200
423465,1,30,0,0,0,1,12,5,0,0,0,22,16,0,200,0,200,200,200,200,200
423465,1,30,0,0,0,1,12,5,0,0,0,22,16,1,200,0,200,200,200,200,200
423465,1,30,0,0,0,1,12,5,0,0,0,22,16,0,200,0,200,200,200,200,200
423469,0,30,0,0,0,1,14,2,0,0,0,15,21,0,200,200,3,200,200,200,200
423469,0,30,0,0,0,1,14,2,0,0,0,15,21,1,49,0,0,0,0,200,200
423471,0,30,0,0,0,1,10,5,0,0,0,0,0,0,77,0,0,0,0,200,200
423471,0,30,0,0,0,1,10,5,0,0,0,0,0,0,200,200,200,200,200,200,200
423473,0,0,1,2,2,1,10,3,0,1,0,0,0,1,38,200,200,200,0,200,200
423473,0,0,1,2,2,1,10,3,0,1,0,0,0,0,50,200,0,0,0,200,200
423475,0,25,1,2,0,1,7,5,0,0,0,0,0,2,200,200,200,200,200,200,200
423477,0,30,0,0,0,1,12,5,0,0,0,17,0,1,26,0,1,0,0,200,200
423477,0,30,0,0,0,1,12,5,0,0,0,17,0,0,50,0,0,0,0,200,200
423477,1,30,0,0,0,1,12,5,0,0,0,17,0,0,5,5,200,200,200,200,200
423479,0,15,0,0,0,1,2,0,0,0,0,20,200,0,200,200,6,200,200,200,200
423482,0,30,0,0,0,1,10,5,0,0,0,16,0,1,76,0,1,0,0,200,200
423482,0,30,0,0,0,1,10,5,0,0,0,16,0,1,58,0,0,0,0,200,200
423482,0,30,0,0,0,1,10,5,0,0,0,16,0,1,35,0,0,0,0,200,200
423482,0,30,0,0,0,1,10,5,0,0,0,16,0,1,68,0,0,0,0,200,200
423482,1,30,0,0,0,1,10,5,0,0,0,16,0,1,91,0,200,200,200,200,200
423488,0,25,0,0,0,2,10,5,0,0,0,0,200,0,41,0,6,0,0,200,200
423488,0,25,0,0,0,2,10,5,0,0,0,0,200,1,30,0,0,0,0,200,200
423498,0,30,0,0,0,1,10,5,0,0,0,200,200,0,24,0,0,0,0,200,200
423498,0,30,0,0,0,1,10,5,0,0,0,200,200,1,47,0,0,0,0,200,200
423499,0,30,0,0,0,1,11,0,0,0,0,20,200,0,29,0,6,0,0,200,200
423499,0,30,0,0,0,1,11,0,0,0,0,20,200,1,25,0,0,0,0,200,200
423501,0,35,1,2,0,1,0,3,0,0,0,22,17,0,200,200,2,200,200,200,200
423501,0,35,1,2,0,1,0,3,0,0,0,22,17,0,27,200,0,0,0,200,200
423503,0,45,0,0,0,1,12,3,0,0,0,200,200,0,30,0,12,0,0,200,200
423503,0,45,0,0,0,1,12,3,0,0,0,200,200,1,21,0,0,0,0,200,200
423503,1,45,0,0,0,1,12,3,0,0,0,200,200,1,26,0,200,200,200,200,200
423503,1,45,0,0,0,1,12,3,0,0,0,200,200,1,20,0,200,200,200,200,200
423504,0,30,0,0,0,1,7,6,0,0,200,0,0,2,200,200,200,200,200,200,200
423514,0,35,0,0,0,1,10,5,0,0,0,18,0,0,27,200,3,0,0,200,200
423514,0,35,0,0,0,1,10,5,0,0,0,18,0,0,64,0,0,0,0,200,200
423518,0,30,0,0,0,1,0,6,0,0,0,0,0,0,20,0,12,0,0,200,200
423518,0,30,0,0,0,1,0,6,0,0,0,0,0,1,45,0,0,0,0,200,200
423519,0,30,200,200,0,1,10,7,0,0,0,20,0,1,38,200,6,200,0,200,200
423519,0,30,200,200,0,1,10,7,0,0,0,20,0,1,58,200,12,200,0,200,200
423519,1,30,200,200,0,1,10,7,0,0,0,20,0,0,54,200,200,200,200,200,200
423520,0,25,0,0,0,1,7,5,0,0,0,0,0,2,200,200,200,200,200,200,200
423523,0,25,0,200,0,1,7,2,0,0,0,200,200,2,200,200,200,200,200,200,200
423530,0,35,0,0,0,1,7,5,0,0,0,18,200,0,200,200,3,200,200,200,200
423533,0,30,0,0,0,1,12,5,0,0,0,0,0,0,200,200,0,0,0,200,200
423533,0,30,0,0,0,1,12,5,0,0,0,0,0,1,35,0,0,0,0,200,200
423533,1,30,0,0,0,1,12,5,0,0,0,0,0,0,200,0,200,200,200,200,200
423533,1,30,0,0,0,1,12,5,0,0,0,0,0,0,200,0,200,200,200,200,200
423536,0,30,0,0,0,1,7,6,0,200,200,0,0,2,200,200,200,200,200,200,200
423537,0,30,0,0,0,1,14,5,0,0,0,11,200,0,19,200,7,0,0,200,200
423537,0,30,0,0,0,1,14,5,0,0,0,11,200,0,19,200,0,0,0,200,200
423537,1,30,0,0,0,1,14,5,0,0,0,11,200,0,19,200,200,200,200,200,200
423537,1,30,0,0,0,1,14,5,0,0,0,11,200,0,37,200,200,200,200,200,200
423541,0,30,0,0,1,1,12,5,0,1,0,0,200,0,26,0,12,0,0,200,200
423541,0,30,0,0,1,1,12,5,0,1,0,0,200,0,26,0,12,0,0,200,200
423541,1,30,0,0,1,1,12,5,0,1,0,0,200,1,49,0,200,200,200,200,200
423541,1,30,0,0,1,1,12,5,0,1,0,0,200,1,14,0,200,200,200,200,200
423543,0,30,0,0,0,1,10,5,0,0,0,18,200,0,47,0,200,0,0,200,200
423543,0,30,0,0,0,1,10,5,0,0,0,18,200,0,36,0,0,0,0,200,200
423544,0,30,0,0,0,1,12,5,0,200,200,0,0,0,40,200,200,200,200,200,200
423544,0,30,0,0,0,1,12,5,0,200,200,0,0,0,36,200,200,200,200,200,200
423547,0,5,0,0,0,1,7,7,0,0,200,0,200,1,56,200,200,200,200,200,200
423549,0,30,0,0,0,1,0,2,0,0,0,17,200,1,23,0,1,1,0,200,200
423549,0,30,0,0,0,1,0,2,0,0,0,17,200,1,39,0,0,0,0,200,200
423553,0,30,0,0,2,1,10,5,0,1,0,18,200,0,54,0,3,0,0,200,200
423553,0,30,0,0,2,1,10,5,0,1,0,18,200,0,27,0,0,0,0,200,200
423554,0,15,200,200,200,200,7,6,0,200,0,0,200,2,200,200,200,200,200,200,200
423556,0,0,0,0,0,1,2,12,0,0,0,20,11,0,55,200,6,200,200,200,200
423557,0,30,0,0,0,1,12,6,0,0,0,22,0,0,32,1,0,12,0,200,200
423557,0,30,0,0,0,1,12,6,0,0,0,22,0,1,25,0,0,0,0,200,200
423560,0,30,0,0,200,200,7,6,0,200,200,0,0,2,200,200,200,200,200,200,200
423562,0,30,0,0,0,1,10,12,0,0,200,0,0,0,37,200,200,200,200,200,200
423562,0,30,0,0,0,1,10,12,0,0,200,0,0,1,63,0,0,0,0,200,200
423572,0,15,0,0,0,1,7,6,0,0,0,11,0,0,77,0,12,0,0,200,200
423572,1,15,0,0,0,1,7,6,0,0,0,11,0,1,24,0,200,200,200,200,200
423578,0,30,0,0,2,1,9,5,0,0,0,0,0,1,200,200,200,200,200,200,200
423578,5,30,0,0,2,1,9,5,0,0,0,0,0,1,23,7,0,0,0,200,200
423580,0,30,0,0,0,1,11,2,0,0,0,25,0,0,25,0,12,0,0,200,200
423580,0,30,0,0,0,1,11,2,0,0,0,25,0,0,20,0,0,0,0,200,200
423584,0,30,0,0,0,1,2,3,0,0,0,12,200,0,43,0,12,0,0,200,200
423592,0,30,0,0,0,1,7,6,0,0,0,0,0,0,18,0,12,0,0,200,200
423593,0,30,0,0,0,1,9,5,0,0,0,0,200,2,200,200,200,200,200,200,200
423593,5,30,0,0,0,1,9,5,0,0,0,0,200,1,45,200,0,200,0,200,200
423596,0,45,0,0,0,1,10,3,0,0,0,16,200,0,52,0,3,200,0,200,200
423596,0,45,0,0,0,1,10,3,0,0,0,16,200,0,44,0,0,200,0,200,200
423596,1,45,0,0,0,1,10,3,0,0,0,16,200,0,51,7,200,200,200,200,200
423596,1,45,0,0,0,1,10,3,0,0,0,16,200,0,21,7,200,200,200,200,200
423596,1,45,0,0,0,1,10,3,0,0,0,16,200,0,37,7,200,200,200,200,200
423596,1,45,0,0,0,1,10,3,0,0,0,16,200,0,36,7,200,200,200,200,200
423596,1,45,0,0,0,1,10,3,0,0,0,16,200,1,40,7,200,200,200,200,200
423596,1,45,0,0,0,1,10,3,0,0,0,16,200,200,37,7,200,200,200,200,200
423596,1,45,0,0,0,1,10,3,0,0,0,16,200,0,26,7,200,200,200,200,200
423596,1,45,0,0,0,1,10,3,0,0,0,16,200,1,55,7,200,200,200,200,200
423596,1,45,0,0,0,1,10,3,0,0,0,16,200,0,200,7,200,200,200,200,200
423596,1,45,0,0,0,1,10,3,0,0,0,16,200,200,200,7,200,200,200,200,200
423596,1,45,0,0,0,1,10,3,0,0,0,16,200,2,200,7,200,200,200,200,200
423596,1,45,0,0,0,1,10,3,0,0,0,16,200,200,200,7,200,200,200,200,200
423596,1,45,0,0,0,1,10,3,0,0,0,16,200,1,200,7,200,200,200,200,200
423596,1,45,0,0,0,1,10,3,0,0,0,16,200,2,200,7,200,200,200,200,200
423596,1,45,0,0,0,1,10,3,0,0,0,16,200,1,200,7,200,200,200,200,200
423596,1,45,0,0,0,1,10,3,0,0,0,16,200,2,200,7,200,200,200,200,200
423596,1,45,0,0,0,1,10,3,0,0,0,16,200,1,200,7,200,200,200,200,200
423596,1,45,0,0,0,1,10,3,0,0,0,16,200,0,200,7,200,200,200,200,200
423600,0,35,0,0,0,1,2,7,0,0,0,0,0,1,51,0,0,0,0,200,200
423605,0,30,0,0,0,1,7,5,0,0,0,200,200,1,200,200,0,200,200,200,200
423605,1,30,0,0,0,1,7,5,0,0,0,200,200,0,200,200,200,200,200,200,200
423607,0,30,0,0,2,1,10,5,0,1,0,18,16,1,29,0,3,0,0,200,200
423607,0,30,0,0,2,1,10,5,0,1,0,18,16,0,58,0,0,0,0,200,200
423609,0,30,1,2,0,1,10,5,0,0,0,16,200,0,200,0,3,0,0,200,200
423609,0,30,1,2,0,1,10,5,0,0,0,16,200,1,200,0,12,0,0,200,200
423613,0,20,0,0,0,1,7,6,0,0,200,0,0,0,33,0,12,0,0,200,200
423614,0,30,0,0,0,1,12,5,0,0,200,0,0,0,50,0,200,200,200,200,200
423614,0,30,0,0,0,1,12,5,0,0,200,0,0,0,27,0,200,200,200,200,200
423617,0,30,1,2,1,1,10,2,0,0,0,18,200,0,22,0,3,0,0,200,200
423617,0,30,1,2,1,1,10,2,0,0,0,18,200,1,49,0,12,0,0,200,200
423618,0,30,1,2,1,1,14,12,0,0,0,23,0,0,57,200,200,200,200,200,200
423618,0,30,1,2,1,1,14,12,0,0,0,23,0,1,40,0,0,0,0,200,200
423619,0,30,0,0,0,1,11,5,0,0,0,0,200,1,35,0,7,0,0,200,200
423619,0,30,0,0,0,1,11,5,0,0,0,0,200,1,23,0,0,0,0,200,200
423624,0,30,1,2,0,1,14,2,2,1,0,17,200,0,25,0,1,200,0,200,200
423624,0,30,1,2,0,1,14,2,2,1,0,17,200,1,41,0,0,0,0,200,200
423624,1,30,1,2,0,1,14,2,2,1,0,17,200,1,10,0,200,200,200,200,200
423627,0,30,1,2,0,1,10,5,0,0,0,18,16,1,68,0,3,0,0,200,200
423627,0,30,1,2,0,1,10,5,0,0,0,18,16,0,35,0,0,0,0,200,200
423627,1,30,1,2,0,1,10,5,0,0,0,18,16,1,200,0,200,200,200,200,200
423628,0,30,0,0,1,1,7,5,0,1,0,200,200,0,61,0,12,0,0,200,200
423629,0,30,200,200,200,200,3,200,0,0,200,0,200,0,18,0,200,200,200,200,200
423629,0,30,200,200,200,200,3,200,0,0,200,0,200,1,40,200,200,200,200,200,200
423632,0,20,2,2,0,1,10,5,0,0,200,20,33,0,36,0,6,12,0,200,200
423632,0,20,2,2,0,1,10,5,0,0,200,20,33,0,38,0,0,0,0,200,200
423633,0,30,0,0,2,1,12,2,2,1,0,17,22,0,35,0,4,0,0,200,200
423633,0,30,0,0,2,1,12,2,2,1,0,17,22,0,46,0,0,0,0,200,200
423633,1,30,0,0,2,1,12,2,2,1,0,17,22,0,200,0,200,200,200,200,200
423635,0,15,0,0,0,1,3,7,0,0,0,0,0,1,27,200,6,200,200,200,200
423635,0,15,0,0,0,1,3,7,0,0,0,0,0,1,38,200,0,200,0,200,200
423635,1,15,0,0,0,1,3,7,0,0,0,0,0,0,11,200,200,200,200,200,200
423637,0,30,0,0,0,1,0,7,0,0,0,20,0,0,80,0,6,0,0,200,200
423637,0,30,0,0,0,1,0,7,0,0,0,20,0,0,46,0,0,0,0,200,200
423641,0,30,1,2,2,4,14,2,0,1,0,21,18,1,31,200,0,200,0,200,200
423641,0,30,1,2,2,4,14,2,0,1,0,21,18,0,30,200,12,200,0,200,200
423642,4,30,1,2,0,1,8,2,0,0,0,17,200,0,35,3,1,0,0,200,200
423642,0,30,1,2,0,1,8,2,0,0,0,17,200,0,41,0,0,0,0,200,200
423644,0,30,2,2,0,1,14,2,0,1,0,0,0,0,40,200,200,200,200,200,200
423644,0,30,2,2,0,1,14,2,0,1,0,0,0,1,35,0,0,0,0,200,200
423644,1,30,2,2,0,1,14,2,0,1,0,0,0,1,200,0,200,200,200,200,200
423647,4,30,1,2,2,1,8,5,0,1,200,10,200,0,45,200,9,200,200,200,200
423647,0,30,1,2,2,1,8,5,0,1,200,10,200,0,200,200,200,200,200,200,200
423651,0,30,2,2,1,1,10,12,0,0,200,18,18,0,200,200,3,200,200,200,200
423651,0,30,2,2,1,1,10,12,0,0,200,18,18,1,35,200,0,200,0,200,200
423651,1,30,2,2,1,1,10,12,0,0,200,18,18,1,200,200,200,200,200,200,200
423654,0,30,0,0,0,1,0,7,0,0,200,17,0,1,46,200,1,200,200,200,200
423654,0,30,0,0,0,1,0,7,0,0,200,17,0,0,35,0,0,0,0,200,200
423656,0,30,0,0,0,1,12,2,0,0,0,17,17,1,21,200,1,200,200,200,200
423656,0,30,0,0,0,1,12,2,0,0,0,17,17,0,62,0,0,0,0,200,200
423661,0,30,2,0,0,1,10,2,0,0,0,18,18,0,31,0,3,0,0,200,200
423661,0,30,2,0,0,1,10,2,0,0,0,18,18,0,34,0,0,0,0,200,200
423661,1,30,2,0,0,1,10,2,0,0,0,18,18,1,42,0,200,200,200,200,200
423664,0,30,1,2,1,1,10,5,0,1,0,0,0,0,45,0,12,0,0,200,200
423664,0,30,1,2,1,1,10,5,0,1,0,0,0,0,35,0,12,0,0,200,200
423666,0,30,0,0,0,1,7,7,0,0,0,0,200,2,200,200,200,200,200,200,200
423671,0,30,0,0,0,1,14,2,0,0,0,17,23,0,19,0,7,0,0,200,200
423671,0,30,0,0,0,1,14,2,0,0,0,17,23,0,45,0,0,0,0,200,200
423671,1,30,0,0,0,1,14,2,0,0,0,17,23,0,19,200,200,200,200,200,200
423671,1,30,0,0,0,1,14,2,0,0,0,17,23,1,15,200,200,200,200,200,200