RD_NO,PERSON_TYPE,POSTED_SPEED_LIMIT,TRAFFIC_CONTROL_DEVICE,DEVICE_CONDITION,WEATHER_CONDITION,LIGHTING_CONDITION,FIRST_CRASH_TYPE,TRAFFICWAY_TYPE,ALIGNMENT,ROADWAY_SURFACE_COND,ROAD_DEFECT,PRIM_CONTRIBUTORY_CAUSE,SEC_CONTRIBUTORY_CAUSE,SEX,AGE,SAFETY_EQUIPMENT,DRIVER_ACTION,DRIVER_VISION,PHYSICAL_CONDITION,BAC_RESULT VALUE,CELL_PHONE_USE
423672,0,30,200,200,2,200,12,5,0,1,200,21,16,0,52,200,200,200,200,200,200
423672,0,30,200,200,2,200,12,5,0,1,200,21,16,0,44,200,200,200,200,200,200
423675,0,30,0,0,2,1,10,5,0,1,0,22,0,1,32,0,3,0,0,200,200
423675,0,30,0,0,2,1,10,5,0,1,0,22,0,0,44,0,0,0,0,200,200
423677,0,30,1,2,0,1,10,5,0,1,0,18,16,0,200,0,3,0,0,200,200
423677,0,30,1,2,0,1,10,5,0,1,0,18,16,0,200,0,0,0,0,200,200
423677,1,30,1,2,0,1,10,5,0,1,0,18,16,0,200,0,200,200,200,200,200
423677,1,30,1,2,0,1,10,5,0,1,0,18,16,0,200,0,200,200,200,200,200
423677,1,30,1,2,0,1,10,5,0,1,0,18,16,0,200,0,200,200,200,200,200
423678,0,30,2,2,2,1,0,5,0,1,0,17,200,0,46,0,1,0,0,200,200
423678,0,30,2,2,2,1,0,5,0,1,0,17,200,0,37,0,0,0,0,200,200
423679,0,30,0,0,2,1,12,2,0,1,0,25,22,0,200,200,2,200,200,200,200
423679,0,30,0,0,2,1,12,2,0,1,0,25,22,1,78,0,0,0,0,200,200
423679,1,30,0,0,2,1,12,2,0,1,0,25,22,1,47,0,200,200,200,200,200
423686,0,15,0,0,0,1,7,5,0,0,0,16,0,0,26,0,12,0,0,200,200
423687,0,15,0,0,1,1,3,0,0,1,0,11,11,0,37,200,6,0,0,200,200
423687,0,15,0,0,1,1,3,0,0,1,0,11,11,0,28,200,0,0,0,200,200
423688,0,35,0,0,0,1,10,2,1,0,0,12,200,1,0,200,200,200,0,200,200
423688,0,35,0,0,0,1,10,2,1,0,0,12,200,0,25,200,200,200,0,200,200
423688,1,35,0,0,0,1,10,2,1,0,0,12,200,1,15,200,200,200,200,200,200
423690,0,30,0,0,0,1,14,5,0,1,0,0,0,1,41,0,0,0,0,200,200
423690,0,30,0,0,0,1,14,5,0,1,0,0,0,0,39,0,0,0,0,200,200
423692,0,30,1,2,0,1,10,5,0,0,0,0,0,1,200,200,1,200,200,200,200
423692,0,30,1,2,0,1,10,5,0,0,0,0,0,1,30,0,0,0,0,200,200
423694,0,15,0,0,2,4,7,6,0,1,0,0,0,0,55,200,0,0,0,200,200
423694,1,15,0,0,2,4,7,6,0,1,0,0,0,0,200,200,200,200,200,200,200
423696,0,30,2,2,2,1,10,2,0,1,0,18,16,1,29,0,3,0,200,200,200
423696,0,30,2,2,2,1,10,2,0,1,0,18,16,1,32,0,0,0,200,200,200
423698,0,35,2,2,1,1,0,5,0,0,0,17,200,1,44,200,1,200,0,200,200
423698,0,35,2,2,1,1,0,5,0,0,0,17,200,1,66,200,0,200,7,200,200
423701,0,30,1,2,6,1,12,5,0,1,0,0,200,0,48,0,200,0,0,200,200
423701,0,30,1,2,6,1,12,5,0,1,0,0,200,1,32,0,200,0,0,200,200
423701,1,30,1,2,6,1,12,5,0,1,0,0,200,0,48,0,200,200,200,200,200
423701,1,30,1,2,6,1,12,5,0,1,0,0,200,0,27,0,200,200,200,200,200
423702,4,30,0,0,2,1,8,5,0,1,0,0,200,0,47,3,12,0,200,200,200
423702,0,30,0,0,2,1,8,5,0,1,0,0,200,1,57,200,0,0,200,200,200
423709,0,30,0,0,0,1,2,3,0,0,0,3,0,0,29,7,5,0,0,200,200
423710,0,35,200,200,2,1,10,5,0,1,0,0,200,1,200,0,200,0,0,200,200
423710,0,35,200,200,2,1,10,5,0,1,0,0,200,0,200,7,200,200,0,200,200
423710,1,35,200,200,2,1,10,5,0,1,0,0,200,1,200,0,200,200,200,200,200
423710,1,35,200,200,2,1,10,5,0,1,0,0,200,0,200,7,200,200,200,200,200
423713,0,30,0,0,0,4,10,5,0,0,0,200,200,0,58,1,0,0,0,200,200
423713,0,30,0,0,0,4,10,5,0,0,0,200,200,1,200,200,0,0,0,200,200
423719,0,30,200,200,200,200,10,200,0,200,200,0,200,0,27,200,200,200,200,200,200
423719,0,30,200,200,200,200,10,200,0,200,200,0,200,0,22,0,200,200,200,200,200
423719,1,30,200,200,200,200,10,200,0,200,200,0,200,0,22,0,200,200,200,200,200
423719,1,30,200,200,200,200,10,200,0,200,200,0,200,1,55,0,200,200,200,200,200
423720,0,35,1,2,2,1,10,2,0,1,0,16,34,0,37,0,8,200,0,200,200
423720,0,35,1,2,2,1,10,2,0,1,0,16,34,0,17,0,0,200,0,200,200
423722,0,30,0,0,1,4,0,0,0,1,0,3,200,0,35,0,12,0,0,200,200
423722,0,30,0,0,1,4,0,0,0,1,0,3,200,0,49,0,0,0,0,200,200
423722,1,30,0,0,1,4,0,0,0,1,0,3,200,1,200,0,200,200,200,200,200
423722,1,30,0,0,1,4,0,0,0,1,0,3,200,200,200,200,200,200,200,200,200
423729,0,30,1,2,0,1,10,6,0,1,0,20,200,1,26,0,6,0,0,200,200
423729,0,30,1,2,0,1,10,6,0,1,0,20,200,1,48,0,0,0,0,200,200
423730,0,30,0,0,0,1,7,5,0,1,0,0,0,0,27,0,0,200,200,200,200
423731,0,30,0,0,0,1,11,5,0,0,0,200,200,1,200,200,0,200,200,200,200
423731,0,30,0,0,0,1,11,5,0,0,0,200,200,1,30,0,0,0,0,200,200
423733,0,25,0,0,2,4,9,6,0,1,0,17,200,0,44,0,1,12,0,200,200
423733,5,25,0,0,2,4,9,6,0,1,0,17,200,0,39,200,200,200,200,200,200
423740,0,30,1,2,2,1,10,5,0,1,0,18,18,0,21,0,1,0,0,200,200
423740,0,30,1,2,2,1,10,5,0,1,0,18,18,0,63,200,0,0,0,200,200
423740,1,30,1,2,2,1,10,5,0,1,0,18,18,1,200,0,200,200,200,200,200
423742,0,30,0,0,1,4,12,3,0,0,0,21,200,1,66,0,4,0,0,200,200
423742,0,30,0,0,1,4,12,3,0,0,0,21,200,0,70,0,0,0,0,200,200
423744,0,30,1,2,0,1,14,5,0,0,0,21,17,1,55,0,4,0,0,200,200
423744,0,30,1,2,0,1,14,5,0,0,0,21,17,1,36,0,0,0,0,200,200
423744,1,30,1,2,0,1,14,5,0,0,0,21,17,1,200,0,200,200,200,200,200
423751,0,0,1,2,0,1,12,6,0,0,0,22,200,1,39,200,4,200,200,200,200
423751,0,0,1,2,0,1,12,6,0,0,0,22,200,1,24,0,0,0,0,200,200
423758,0,35,0,0,0,1,10,5,0,1,0,18,0,1,200,200,3,200,200,200,200
423758,0,35,0,0,0,1,10,5,0,1,0,18,0,0,43,0,0,0,0,200,200
423758,1,35,0,0,0,1,10,5,0,1,0,18,0,1,5,5,200,200,200,200,200
423758,1,35,0,0,0,1,10,5,0,1,0,18,0,0,5,5,200,200,200,200,200
423761,0,30,0,0,0,1,7,5,0,0,0,22,16,1,200,200,10,200,0,200,200
423761,1,30,0,0,0,1,7,5,0,0,0,22,16,0,200,1,200,200,200,200,200
423764,0,30,0,0,1,1,14,5,0,0,0,11,0,0,43,200,7,200,200,200,200
423764,0,30,0,0,1,1,14,5,0,0,0,11,0,0,38,200,200,200,0,200,200
423764,1,30,0,0,1,1,14,5,0,0,0,11,0,1,33,200,200,200,200,200,200
423764,1,30,0,0,1,1,14,5,0,0,0,11,0,0,7,200,200,200,200,200,200
423764,1,30,0,0,1,1,14,5,0,0,0,11,0,0,11,200,200,200,200,200,200
423764,1,30,0,0,1,1,14,5,0,0,0,11,0,0,9,200,200,200,200,200,200
423768,0,30,1,2,0,4,12,5,0,200,200,0,0,1,24,200,200,200,0,200,200
423768,0,30,1,2,0,4,12,5,0,200,200,0,0,1,39,200,0,0,0,200,200
423770,0,30,0,0,0,1,8,5,0,0,0,0,200,0,22,200,12,0,0,200,200
423770,4,30,0,0,0,1,8,5,0,0,0,0,200,0,25,3,200,200,200,200,200
423770,0,30,0,0,0,1,8,5,0,0,0,0,200,1,52,200,200,0,0,200,200
423770,1,30,0,0,0,1,8,5,0,0,0,0,200,0,21,200,200,200,200,200,200
423770,1,30,0,0,0,1,8,5,0,0,0,0,200,1,56,200,200,200,200,200,200
423773,0,30,0,0,0,4,2,5,0,1,0,28,200,0,48,0,0,0,0,200,200
423774,4,30,0,0,0,1,7,5,0,1,0,0,200,1,26,2,0,0,0,200,200
423774,0,30,0,0,0,1,7,5,0,1,0,0,200,0,34,0,0,0,0,200,200
423774,1,30,0,0,0,1,7,5,0,1,0,0,200,1,0,5,200,200,200,200,200
423779,0,30,0,0,0,1,10,5,0,0,0,18,11,1,47,0,3,0,0,200,200
423779,0,30,0,0,0,1,10,5,0,0,0,18,11,1,64,0,12,0,0,200,200
423780,0,30,0,200,0,1,12,3,0,0,0,0,200,0,31,200,200,200,0,200,200
423780,0,30,0,200,0,1,12,3,0,0,0,0,200,0,25,200,200,200,0,200,200
423787,4,25,2,2,2,1,8,6,0,1,12,34,0,0,55,2,200,4,0,200,200
423787,0,25,2,2,2,1,8,6,0,1,12,34,0,0,39,0,200,4,0,200,200
423789,0,30,2,0,0,1,0,6,0,0,0,5,200,0,200,200,5,200,200,200,200
423789,0,30,2,0,0,1,0,6,0,0,0,5,200,0,63,0,0,0,0,200,200
423789,1,30,2,0,0,1,0,6,0,0,0,5,200,0,200,0,200,200,200,200,200
423790,0,30,200,200,0,1,12,200,0,200,200,0,200,0,26,200,4,200,200,200,200
423790,0,30,200,200,0,1,12,200,0,200,200,0,200,0,21,200,200,200,0,200,200
423790,1,30,200,200,0,1,12,200,0,200,200,0,200,1,200,200,200,200,200,200,200
423792,0,30,0,0,0,1,10,5,0,0,0,200,200,1,200,200,0,200,200,200,200
423792,0,30,0,0,0,1,10,5,0,0,0,200,200,0,61,0,0,0,0,200,200
423796,0,30,0,0,0,1,10,2,0,0,200,27,0,0,200,200,3,200,2,200,200
423796,0,30,0,0,0,1,10,2,0,0,200,27,0,0,30,0,0,200,0,200,200
423796,0,30,0,0,0,1,10,2,0,0,200,27,0,0,200,200,0,200,200,200,200
423798,0,25,0,0,0,4,7,6,0,0,0,20,0,0,200,200,2,200,200,200,200
423814,0,15,0,0,0,1,7,0,0,0,0,11,0,1,200,200,12,200,200,200,200
423814,1,15,0,0,0,1,7,0,0,0,0,11,0,1,200,200,200,200,200,200,200
423817,0,30,1,200,0,1,14,2,0,200,200,17,200,1,41,200,1,0,0,200,200
423817,0,30,1,200,0,1,14,2,0,200,200,17,200,1,60,200,0,0,0,200,200
423817,1,30,1,200,0,1,14,2,0,200,200,17,200,1,20,200,200,200,200,200,200
423819,0,30,0,0,0,1,7,5,0,0,0,0,200,2,200,200,200,200,200,200,200
423826,0,30,2,2,0,1,0,5,0,0,0,17,17,1,72,0,1,1,0,200,200
423826,0,30,2,2,0,1,0,5,0,0,0,17,17,1,20,0,0,200,0,200,200
423829,0,30,2,2,0,1,0,5,0,0,0,17,200,0,24,200,1,0,0,200,200
423829,0,30,2,2,0,1,0,5,0,0,0,17,200,1,25,200,0,0,0,200,200
423829,1,30,2,2,0,1,0,5,0,0,0,17,200,0,20,200,200,200,200,200,200
423829,1,30,2,2,0,1,0,5,0,0,0,17,200,1,5,200,200,200,200,200,200
423829,1,30,2,2,0,1,0,5,0,0,0,17,200,0,9,200,200,200,200,200,200
423829,1,30,2,2,0,1,0,5,0,0,0,17,200,1,3,200,200,200,200,200,200
423829,1,30,2,2,0,1,0,5,0,0,0,17,200,0,26,200,200,200,200,200,200
423830,0,0,2,2,0,1,0,200,0,12,200,0,200,1,40,200,200,200,0,200,200
423830,0,0,2,2,0,1,0,200,0,12,200,0,200,1,25,0,200,200,0,200,200
423832,0,30,0,0,200,1,7,5,0,200,200,0,0,2,200,200,6,200,200,200,200
423833,0,35,0,0,0,1,7,5,0,0,0,0,0,2,200,200,200,200,200,200,200
423834,0,30,0,0,1,3,12,6,0,0,0,21,200,0,70,0,1,0,0,200,200
423834,0,30,0,0,1,3,12,6,0,0,0,21,200,0,48,0,0,0,0,200,200
423834,1,30,0,0,1,3,12,6,0,0,0,21,200,0,36,0,200,200,200,200,200
423836,0,30,0,0,0,4,14,5,0,0,0,0,200,0,200,0,200,200,200,200,200
423836,0,30,0,0,0,4,14,5,0,0,0,0,200,0,22,0,200,0,0,200,200
423842,0,20,0,0,1,3,12,6,0,12,0,22,16,0,21,200,2,0,5,0.23,200
423842,0,20,0,0,1,3,12,6,0,12,0,22,16,0,34,200,0,0,0,200,200
423842,1,20,0,0,1,3,12,6,0,12,0,22,16,0,200,200,200,200,200,200,200
423842,1,20,0,0,1,3,12,6,0,12,0,22,16,1,200,200,200,200,200,200,200
423847,0,30,0,0,0,1,7,5,0,0,0,21,21,0,64,200,2,0,0,200,200
423848,0,30,200,200,200,0,14,5,0,200,0,0,200,0,19,0,200,0,0,200,200
423848,0,30,200,200,200,0,14,5,0,200,0,0,200,1,54,0,200,0,0,200,200
423850,0,30,0,0,0,3,14,2,0,1,0,0,200,0,64,0,7,200,0,200,200
423850,0,30,0,0,0,3,14,2,0,1,0,0,200,0,31,0,0,0,0,200,200
423850,1,30,0,0,0,3,14,2,0,1,0,0,200,0,42,0,200,200,200,200,200
423850,1,30,0,0,0,3,14,2,0,1,0,0,200,1,26,0,200,200,200,200,200
423851,0,30,0,0,0,0,7,5,0,0,0,0,0,2,200,200,200,200,200,200,200
423852,0,30,1,2,2,1,12,5,0,1,0,0,0,2,200,200,200,200,200,200,200
423852,0,30,1,2,2,1,12,5,0,1,0,0,0,0,37,0,0,0,0,200,200
423862,0,30,0,0,0,1,7,6,0,0,0,17,17,0,200,200,1,200,0,200,200
423867,0,35,0,0,0,4,12,5,0,0,0,21,21,1,28,200,4,200,200,200,200
423867,0,35,0,0,0,4,12,5,0,0,0,21,21,0,25,0,0,0,0,200,200
423872,0,35,1,2,0,3,10,3,0,0,0,18,0,1,200,200,3,200,200,200,200
423872,0,35,1,2,0,3,10,3,0,0,0,18,0,0,48,0,0,0,0,200,200
423872,1,35,1,2,0,3,10,3,0,0,0,18,0,1,36,0,200,200,200,200,200
423872,1,35,1,2,0,3,10,3,0,0,0,18,0,1,17,0,200,200,200,200,200
423872,1,35,1,2,0,3,10,3,0,0,0,18,0,0,10,0,200,200,200,200,200
423872,1,35,1,2,0,3,10,3,0,0,0,18,0,0,16,0,200,200,200,200,200
423878,0,10,0,0,0,3,7,7,0,0,0,0,200,2,200,200,200,200,200,200,200
423880,0,30,0,0,2,0,10,5,0,1,0,0,0,0,200,200,6,200,200,200,200
423880,0,30,0,0,2,0,10,5,0,1,0,0,0,0,35,0,0,4,0,200,200
423890,0,30,0,0,0,3,12,5,0,1,0,0,200,0,200,0,12,0,0,200,200
423890,0,30,0,0,0,3,12,5,0,1,0,0,200,1,200,0,0,0,0,200,200
423902,0,30,0,0,0,1,12,5,0,200,200,0,0,0,21,200,200,200,200,200,200
423902,0,30,0,0,0,1,12,5,0,200,200,0,0,1,71,200,0,200,200,200,200
423902,1,30,0,0,0,1,12,5,0,200,200,0,0,0,72,200,200,200,200,200,200
423920,0,35,1,2,0,1,14,5,0,0,0,16,11,0,200,200,3,0,0,200,200
423920,0,35,1,2,0,1,14,5,0,0,0,16,11,1,55,200,0,0,0,200,200
423931,0,25,0,0,2,3,7,6,0,1,0,25,200,1,40,200,12,200,3,200,200
423938,0,30,1,2,2,0,10,5,0,1,0,11,0,0,26,200,200,200,200,200,200
423938,0,30,1,2,2,0,10,5,0,1,0,11,0,0,50,200,200,200,0,200,200
423940,0,35,0,0,2,3,14,5,0,1,12,34,200,1,25,200,8,200,200,200,200
423940,0,35,0,0,2,3,14,5,0,1,12,34,200,0,48,200,0,200,200,200,200
423941,0,30,1,2,2,3,10,5,0,1,0,0,0,1,27,200,200,200,200,200,200
423941,0,30,1,2,2,3,10,5,0,1,0,0,0,0,37,0,0,0,0,200,200
423941,1,30,1,2,2,3,10,5,0,1,0,0,0,1,200,200,200,200,200,200,200
423941,1,30,1,2,2,3,10,5,0,1,0,0,0,0,200,7,200,200,200,200,200
423946,0,30,2,2,0,3,3,5,0,1,0,17,0,0,53,200,1,200,200,200,200
423946,0,30,2,2,0,3,3,5,0,1,0,17,0,1,43,200,0,0,0,200,200
423946,1,30,2,2,0,3,3,5,0,1,0,17,0,1,35,200,200,200,200,200,200
423950,0,30,0,0,2,3,2,5,0,1,0,200,200,1,36,0,0,0,0,200,200
423950,1,30,0,0,2,3,2,5,0,1,0,200,200,0,200,0,200,200,200,200,200
423957,0,30,1,2,2,3,14,5,0,1,200,17,23,0,200,200,1,200,200,200,200
423957,0,30,1,2,2,3,14,5,0,1,200,17,23,0,53,0,0,0,0,200,200
423967,0,30,1,2,2,0,9,5,0,1,0,17,23,1,24,0,1,0,0,200,200
423967,5,30,1,2,2,0,9,5,0,1,0,17,23,1,55,200,200,200,200,200,200
423967,1,30,1,2,2,0,9,5,0,1,0,17,23,0,20,0,200,200,200,200,200
423967,1,30,1,2,2,0,9,5,0,1,0,17,23,1,18,0,200,200,200,200,200
423967,1,30,1,2,2,0,9,5,0,1,0,17,23,0,22,0,200,200,200,200,200
423982,0,30,0,0,2,3,2,3,0,1,0,0,200,0,27,200,0,0,0,200,200
423992,0,30,1,2,2,3,3,5,0,1,0,6,25,0,200,200,5,200,200,200,200
423992,0,30,1,2,2,3,3,5,0,1,0,6,25,1,38,200,0,0,0,200,200
423992,1,30,1,2,2,3,3,5,0,1,0,6,25,0,200,200,200,200,200,200,200
423999,0,30,1,2,0,3,12,2,0,1,0,21,0,1,45,0,12,0,0,200,200
423999,0,30,1,2,0,3,12,2,0,1,0,21,0,1,38,0,200,0,0,200,200
424010,0,30,1,2,2,3,8,2,0,1,0,16,0,2,200,200,8,200,200,200,200
424010,4,30,1,2,2,3,8,2,0,1,0,16,0,0,18,7,0,0,0,200,200
424028,0,5,0,0,0,1,7,7,0,1,0,0,0,2,200,200,0,200,200,200,200
424037,0,30,0,0,2,4,12,5,0,1,200,22,200,0,200,200,2,200,200,200,200
424037,0,30,0,0,2,4,12,5,0,1,200,22,200,0,200,200,0,0,0,200,200
424042,0,30,8,2,0,3,7,5,0,1,0,7,0,0,43,0,200,200,200,200,200
424042,1,30,8,2,0,3,7,5,0,1,0,7,0,1,200,200,200,200,200,200,200
424046,0,25,0,0,2,3,7,6,0,1,0,0,200,0,200,200,200,200,200,200,200
424047,0,30,1,2,0,1,12,5,0,0,0,22,200,1,200,200,2,200,200,200,200
424047,0,30,1,2,0,1,12,5,0,0,0,22,200,1,24,0,0,0,0,200,200
424049,0,30,0,0,0,3,7,6,0,0,0,32,16,0,30,200,8,200,5,0.18,200
424061,0,30,0,0,12,3,2,6,0,1,0,27,200,0,200,0,200,0,0,200,200
424066,0,30,1,2,2,3,14,1,0,1,200,23,16,0,26,0,7,0,0,200,200
424066,0,30,1,2,2,3,14,1,0,1,200,23,16,0,27,0,8,0,0,200,200
424066,0,30,1,2,2,3,14,1,0,1,200,23,16,0,27,0,8,0,0,200,200
424066,1,30,1,2,2,3,14,1,0,1,200,23,16,0,29,0,200,200,200,200,200
424066,1,30,1,2,2,3,14,1,0,1,200,23,16,1,24,0,200,200,200,200,200
424075,0,30,200,200,200,200,10,2,0,200,200,18,18,0,27,200,3,200,200,200,200
424075,0,30,200,200,200,200,10,2,0,200,200,18,18,0,48,200,200,200,200,200,200
424081,0,30,1,2,2,3,12,5,0,1,0,17,0,1,25,0,1,0,0,200,200
424081,0,30,1,2,2,3,12,5,0,1,0,17,0,0,60,0,0,0,0,200,200
424081,1,30,1,2,2,3,12,5,0,1,0,17,0,0,200,5,200,200,200,200,200
424081,1,30,1,2,2,3,12,5,0,1,0,17,0,1,30,0,200,200,200,200,200
424081,1,30,1,2,2,3,12,5,0,1,0,17,0,1,3,5,200,200,200,200,200
424081,1,30,1,2,2,3,12,5,0,1,0,17,0,0,1,5,200,200,200,200,200
424082,0,25,1,2,2,3,12,2,0,1,0,21,0,0,200,200,4,200,200,200,200
424082,0,25,1,2,2,3,12,2,0,1,0,21,0,0,45,0,0,0,0,200,200
424091,4,35,0,0,0,3,8,5,0,0,0,0,0,200,200,200,200,200,200,200,200
424114,0,30,1,2,2,3,0,6,0,1,12,0,0,2,200,200,200,200,200,200,200
424114,0,30,1,2,2,3,0,6,0,1,12,0,0,0,200,0,0,0,0,200,200
424114,1,30,1,2,2,3,0,6,0,1,12,0,0,1,200,0,200,200,200,200,200
424115,0,20,200,0,2,4,7,5,0,1,0,0,11,0,200,200,200,200,200,200,200
424127,0,30,1,2,2,3,14,6,0,1,3,23,23,2,200,200,7,200,200,200,200
424127,0,30,1,2,2,3,14,6,0,1,3,23,23,0,37,0,0,200,0,200,200
424140,0,30,3,0,0,3,10,2,0,0,0,0,0,0,200,200,200,200,200,200,200
424140,0,30,3,0,0,3,10,2,0,0,0,0,0,0,41,0,200,200,0,200,200
424140,1,30,3,0,0,3,10,2,0,0,0,0,0,1,200,200,200,200,200,200,200
424143,0,30,1,2,2,3,10,2,0,1,0,18,34,0,40,0,3,200,0,200,200
424143,0,30,1,2,2,3,10,2,0,1,0,18,34,0,33,0,0,0,0,200,200
424149,0,30,1,2,2,3,12,1,0,1,0,0,200,2,200,200,200,200,200,200,200
424149,0,30,1,2,2,3,12,1,0,1,0,0,200,1,54,0,0,0,0,200,200
424152,0,0,0,0,2,3,12,5,0,1,0,0,0,0,200,200,200,200,200,200,200
424152,0,0,0,0,2,3,12,5,0,1,0,0,0,0,26,0,0,0,0,200,200
424159,0,10,0,0,2,2,7,7,0,1,0,17,34,0,52,200,1,0,0,200,200
424169,0,30,200,200,200,3,14,3,0,200,200,200,200,0,200,200,200,200,200,200,200
424169,0,30,200,200,200,3,14,3,0,200,200,200,200,0,200,0,0,0,0,200,200
424170,0,25,1,2,0,1,12,5,0,0,0,0,0,0,200,200,200,200,200,200,200
424170,0,25,1,2,0,1,12,5,0,0,0,0,0,0,57,0,0,0,0,200,200
424173,0,30,1,2,2,3,0,2,0,1,0,6,16,1,57,0,5,0,0,200,200
424173,0,30,1,2,2,3,0,2,0,1,0,6,16,0,32,0,0,0,0,200,200
424173,0,30,1,2,2,3,0,2,0,1,0,6,16,0,69,0,0,0,0,200,200
424173,0,30,1,2,2,3,0,2,0,1,0,6,16,0,57,0,0,0,0,200,200
424173,0,30,1,2,2,3,0,2,0,1,0,6,16,0,52,0,0,0,0,200,200
424173,1,30,1,2,2,3,0,2,0,1,0,6,16,200,200,0,200,200,200,200,200
424177,0,30,0,0,2,1,14,5,0,1,0,0,34,0,51,0,0,0,0,200,200
424177,0,30,0,0,2,1,14,5,0,1,0,0,34,1,46,0,0,0,0,200,200
424178,0,30,1,2,2,1,10,3,0,1,0,18,34,0,55,0,3,0,0,200,200
424178,0,30,1,2,2,1,10,3,0,1,0,18,34,1,34,0,0,0,0,200,200
424178,0,30,1,2,2,1,10,3,0,1,0,18,34,1,34,0,0,0,0,200,200
424178,0,30,1,2,2,1,10,3,0,1,0,18,34,0,46,0,0,0,0,200,200
424182,0,30,1,2,2,1,14,2,0,1,0,200,200,1,54,0,0,0,0,200,200
424182,0,30,1,2,2,1,14,2,0,1,0,200,200,0,26,0,0,0,0,200,200
424184,0,30,4,0,2,1,0,5,0,0,200,32,33,0,49,200,1,12,0,200,200
424184,0,30,4,0,2,1,0,5,0,0,200,32,33,1,20,200,0,0,0,200,200
424188,0,30,0,0,2,1,7,6,0,1,0,17,200,0,200,200,1,200,200,200,200
424189,0,30,1,2,0,1,10,5,0,0,0,18,18,1,200,200,3,0,0,200,200
424189,0,30,1,2,0,1,10,5,0,0,0,18,18,0,54,0,0,0,0,200,200
424192,0,30,0,0,2,1,4,6,0,1,1,29,25,0,22,0,8,4,0,200,200
424194,0,30,0,0,2,1,14,5,0,1,0,23,0,1,51,200,7,200,0,200,200
424194,0,30,0,0,2,1,14,5,0,1,0,23,0,1,49,0,0,0,0,200,200
424194,1,30,0,0,2,1,14,5,0,1,0,23,0,1,12,5,200,200,200,200,200
424197,0,40,0,0,2,1,10,3,0,1,0,17,22,0,52,0,4,0,0,200,200
424197,0,40,0,0,2,1,10,3,0,1,0,17,22,0,41,0,0,0,0,200,200
424198,0,20,0,0,2,1,0,5,0,1,0,20,34,1,42,0,6,4,0,200,200
424198,0,20,0,0,2,1,0,5,0,1,0,20,34,0,32,0,0,0,0,200,200
424198,1,20,0,0,2,1,0,5,0,1,0,20,34,1,4,5,200,200,200,200,200
424199,0,30,0,0,2,3,7,6,0,1,0,11,0,2,200,200,7,200,200,200,200
424205,0,15,0,0,2,1,11,5,0,1,0,17,11,0,200,200,1,200,200,200,200
424205,0,15,0,0,2,1,11,5,0,1,0,17,11,0,62,0,200,0,0,200,200
424206,0,30,1,2,2,1,10,3,0,1,0,0,200,2,200,200,1,200,200,200,200
424206,0,30,1,2,2,1,10,3,0,1,0,0,200,1,61,0,0,0,0,200,200
424206,0,30,1,2,2,1,10,3,0,1,0,0,200,1,200,200,0,200,200,200,200
424206,1,30,1,2,2,1,10,3,0,1,0,0,200,0,200,0,200,200,200,200,200
424218,0,20,0,0,2,1,7,5,0,1,0,21,200,1,48,200,2,200,0,200,200
424218,1,20,0,0,2,1,7,5,0,1,0,21,200,1,39,200,200,200,200,200,200
424222,0,30,0,0,2,1,10,3,0,1,0,34,0,1,22,0,8,0,0,200,200
424222,0,30,0,0,2,1,10,3,0,1,0,34,0,1,24,0,0,0,0,200,200
424224,0,30,0,0,2,1,10,5,0,1,0,16,15,0,48,200,1,200,200,200,200
424224,0,30,0,0,2,1,10,5,0,1,0,16,15,0,22,0,0,0,0,200,200
424238,0,20,2,2,2,1,14,2,0,1,12,17,17,0,22,0,1,0,0,200,200
424238,0,20,2,2,2,1,14,2,0,1,12,17,17,0,23,0,0,0,0,200,200
424239,0,30,0,0,2,1,10,5,0,1,0,16,18,0,17,200,8,0,0,200,200
424239,0,30,0,0,2,1,10,5,0,1,0,16,18,0,33,200,0,0,0,200,200
424240,0,30,12,12,2,1,12,2,0,1,12,22,17,1,200,0,2,200,200,200,200
424240,0,30,12,12,2,1,12,2,0,1,12,22,17,1,48,0,0,0,0,200,200
424242,0,30,0,0,2,1,10,2,0,1,0,18,0,0,27,0,3,0,0,200,200
424242,0,30,0,0,2,1,10,2,0,1,0,18,0,0,45,0,0,0,0,200,200
424243,0,30,0,0,2,1,14,5,0,1,0,17,200,2,200,200,1,200,200,200,200
424243,0,30,0,0,2,1,14,5,0,1,0,17,200,0,46,0,0,0,0,200,200
424244,0,30,2,2,2,1,14,2,0,1,0,5,200,1,21,200,5,200,0,200,200
424244,0,30,2,2,2,1,14,2,0,1,0,5,200,1,52,200,200,200,0,200,200
424246,0,45,0,0,0,0,7,6,0,0,0,0,0,2,200,200,200,200,200,200,200
424248,0,30,0,0,2,1,7,5,0,1,0,34,200,1,29,0,12,12,0,200,200
424249,0,30,2,2,2,1,0,5,0,1,0,17,16,1,38,200,1,200,0,200,200
424249,0,30,2,2,2,1,0,5,0,1,0,17,16,0,50,200,0,200,0,200,200
424256,0,35,0,0,2,1,2,5,0,1,0,0,0,0,30,200,200,200,0,200,200
424260,0,30,0,0,2,1,0,5,0,1,0,0,200,0,200,200,1,200,200,200,200
424260,0,30,0,0,2,1,0,5,0,1,0,0,200,1,56,0,0,0,0,200,200