RD_NO,PERSON_TYPE,POSTED_SPEED_LIMIT,TRAFFIC_CONTROL_DEVICE,DEVICE_CONDITION,WEATHER_CONDITION,LIGHTING_CONDITION,FIRST_CRASH_TYPE,TRAFFICWAY_TYPE,ALIGNMENT,ROADWAY_SURFACE_COND,ROAD_DEFECT,PRIM_CONTRIBUTORY_CAUSE,SEC_CONTRIBUTORY_CAUSE,SEX,AGE,SAFETY_EQUIPMENT,DRIVER_ACTION,DRIVER_VISION,PHYSICAL_CONDITION,BAC_RESULT VALUE,CELL_PHONE_USE
425845,0,25,0,0,2,1,5,5,0,1,0,28,200,0,54,0,200,0,0,200,200
425859,0,15,0,0,0,4,7,5,0,0,0,0,200,2,200,200,7,200,200,200,200
425860,0,40,1,2,2,0,10,12,0,1,0,34,200,0,23,200,8,200,0,200,200
425860,0,40,1,2,2,0,10,12,0,1,0,34,200,0,52,200,0,200,0,200,200
425860,1,40,1,2,2,0,10,12,0,1,0,34,200,1,75,200,200,200,200,200,200
425861,0,30,0,0,2,1,10,5,0,1,0,0,0,1,200,200,200,200,200,200,200
425861,0,30,0,0,2,1,10,5,0,1,0,0,0,0,76,0,0,0,0,200,200
425861,1,30,0,0,2,1,10,5,0,1,0,0,0,0,64,0,200,200,200,200,200
425867,0,20,0,0,2,1,0,5,0,1,200,0,0,0,52,200,6,200,200,200,200
425867,0,20,0,0,2,1,0,5,0,1,200,0,0,1,36,0,0,0,0,200,200
425872,0,30,0,0,2,1,11,2,0,1,0,16,21,0,35,0,8,0,0,200,200
425872,0,30,0,0,2,1,11,2,0,1,0,16,21,0,40,0,0,0,0,200,200
425878,0,35,1,2,0,1,0,5,0,0,0,0,0,1,200,200,0,200,200,200,200
425878,0,35,1,2,0,1,0,5,0,0,0,0,0,0,18,0,0,0,0,200,200
425879,0,30,0,0,2,1,0,6,0,1,0,17,0,0,43,0,1,0,0,200,200
425879,0,30,0,0,2,1,0,6,0,1,0,17,0,0,45,0,0,0,0,200,200
425880,0,30,0,0,0,3,2,6,0,0,1,200,200,0,54,0,0,0,0,200,200
425882,0,30,2,0,2,1,2,5,0,1,0,200,0,0,30,0,12,0,0,200,200
425883,0,30,1,2,2,1,14,3,0,1,0,0,0,1,22,0,0,0,0,200,200
425883,0,30,1,2,2,1,14,3,0,1,0,0,0,0,66,0,0,0,0,200,200
425885,0,0,2,2,0,1,12,5,0,0,0,21,200,1,57,0,4,0,0,200,200
425885,0,0,2,2,0,1,12,5,0,0,0,21,200,1,54,0,0,0,0,200,200
425885,1,0,2,2,0,1,12,5,0,0,0,21,200,1,24,0,200,200,200,200,200
425886,0,30,1,2,0,1,10,2,0,0,0,18,200,0,55,200,3,200,200,200,200
425886,0,30,1,2,0,1,10,2,0,0,0,18,200,0,40,200,0,0,200,200,200
425887,0,30,1,2,0,1,14,5,0,0,0,17,0,0,40,200,1,200,200,200,200
425887,0,30,1,2,0,1,14,5,0,0,0,17,0,1,34,0,0,0,0,200,200
425887,1,30,1,2,0,1,14,5,0,0,0,17,0,0,200,0,200,200,200,200,200
425887,1,30,1,2,0,1,14,5,0,0,0,17,0,1,4,5,200,200,200,200,200
425887,1,30,1,2,0,1,14,5,0,0,0,17,0,0,16,0,200,200,200,200,200
425888,0,30,1,0,0,1,14,2,0,0,0,0,0,2,200,200,200,200,200,200,200
425888,0,30,1,0,0,1,14,2,0,0,0,0,0,0,52,0,0,0,0,200,200
425900,0,20,0,0,200,200,7,6,0,200,0,0,21,2,200,200,200,200,200,200,200
425902,0,20,0,0,2,1,7,7,0,1,200,0,0,1,200,200,6,200,200,200,200
425905,0,30,2,12,2,1,2,5,0,1,0,34,5,1,23,0,14,0,0,200,200
425905,1,30,2,12,2,1,2,5,0,1,0,34,5,0,28,0,200,200,200,200,200
425909,0,30,0,0,2,1,12,5,0,1,0,200,200,1,48,0,0,0,0,200,200
425909,0,30,0,0,2,1,12,5,0,1,0,200,200,1,33,0,0,0,0,200,200
425914,0,30,0,200,2,1,10,5,0,1,200,0,200,1,37,200,200,200,0,200,200
425914,0,30,0,200,2,1,10,5,0,1,200,0,200,1,70,200,200,200,0,200,200
425914,0,30,0,200,2,1,10,5,0,1,200,0,200,0,53,200,200,200,0,200,200
425915,4,35,0,12,2,1,8,5,0,1,0,0,200,0,200,7,200,200,0,200,200
425917,0,30,0,0,2,1,11,2,0,1,0,20,18,0,25,200,6,200,0,200,200
425917,0,30,0,0,2,1,11,2,0,1,0,20,18,0,58,200,3,200,0,200,200
425917,1,30,0,0,2,1,11,2,0,1,0,20,18,0,200,200,200,200,200,200,200
425918,0,45,200,200,2,1,2,3,0,1,200,16,0,0,200,200,12,200,200,200,200
425920,0,15,0,0,2,1,0,7,0,1,0,0,200,0,59,200,12,0,0,200,200
425920,0,15,0,0,2,1,0,7,0,1,0,0,200,0,29,200,0,0,0,200,200
425923,0,30,1,2,2,1,10,6,0,1,200,0,200,0,61,200,200,200,200,200,200
425923,0,30,1,2,2,1,10,6,0,1,200,0,200,1,23,0,0,0,0,200,200
425926,0,30,0,0,2,1,7,5,0,1,0,0,200,2,200,200,200,200,200,200,200
425929,0,30,0,0,2,1,10,5,0,1,0,16,200,0,36,0,1,0,0,200,200
425929,0,30,0,0,2,1,10,5,0,1,0,16,200,0,56,0,0,0,0,200,200
425933,0,35,1,2,2,1,9,5,0,1,0,22,200,0,200,200,200,200,200,200,200
425933,5,35,1,2,2,1,9,5,0,1,0,22,200,0,22,200,200,200,200,200,200
425936,4,30,2,0,2,1,8,2,0,1,0,0,200,0,16,7,200,200,0,200,200
425936,0,30,2,0,2,1,8,2,0,1,0,0,200,0,69,200,200,0,0,200,200
425940,0,30,2,2,2,1,0,5,0,1,0,17,5,0,30,200,1,0,0,200,200
425940,0,30,2,2,2,1,0,5,0,1,0,17,5,0,59,200,0,0,0,200,200
425941,0,30,2,2,2,1,0,5,0,1,0,0,0,1,30,0,200,0,0,200,200
425941,0,30,2,2,2,1,0,5,0,1,0,0,0,1,30,0,0,0,0,200,200
425941,1,30,2,2,2,1,0,5,0,1,0,0,0,0,28,0,200,200,200,200,200
425945,0,45,0,0,2,1,2,3,3,1,0,34,200,1,21,0,8,0,0,200,200
425947,0,30,0,0,2,1,12,2,0,1,0,17,18,1,36,0,1,0,0,200,200
425947,0,30,0,0,2,1,12,2,0,1,0,17,18,0,24,0,0,0,0,200,200
425948,0,30,1,2,0,1,14,5,0,0,0,23,0,0,27,200,7,200,200,200,200
425948,0,30,1,2,0,1,14,5,0,0,0,23,0,0,29,0,12,0,0,200,200
425954,0,30,1,2,2,1,14,5,0,1,0,23,200,2,200,200,7,200,200,200,200
425954,0,30,1,2,2,1,14,5,0,1,0,23,200,0,48,0,7,0,0,200,200
425958,0,30,1,2,2,1,14,5,0,1,0,34,200,0,53,0,12,0,0,200,200
425958,0,30,1,2,2,1,14,5,0,1,0,34,200,0,20,200,0,0,0,200,200
425961,0,30,1,2,2,1,3,3,2,1,0,17,0,0,200,0,200,200,0,200,200
425961,0,30,1,2,2,1,3,3,2,1,0,17,0,1,41,0,0,0,0,200,200
425966,0,30,6,1,2,1,10,5,0,1,0,0,0,1,62,0,0,0,0,200,200
425966,0,30,6,1,2,1,10,5,0,1,0,0,0,1,19,0,3,0,0,200,200
425970,0,35,0,0,0,1,12,5,0,0,0,0,0,1,200,200,12,200,200,200,200
425970,0,35,0,0,0,1,12,5,0,0,0,0,0,1,23,0,0,0,0,200,200
425974,0,30,0,0,0,1,10,12,0,0,0,11,0,1,200,0,12,1,200,200,200
425974,0,30,0,0,0,1,10,12,0,0,0,11,0,0,200,200,12,200,200,200,200
425975,0,15,0,0,2,1,7,0,0,1,0,0,0,1,200,200,12,200,200,200,200
425977,0,30,2,2,2,1,0,2,0,1,0,34,0,0,49,200,2,200,200,200,200
425977,0,30,2,2,2,1,0,2,0,1,0,34,0,1,25,0,0,200,0,200,200
425982,0,30,1,2,2,1,9,2,0,1,0,16,34,1,30,0,12,4,0,200,200
425982,5,30,1,2,2,1,9,2,0,1,0,16,34,1,39,200,200,200,0,200,200
425982,1,30,1,2,2,1,9,2,0,1,0,16,34,1,33,0,200,200,200,200,200
425982,1,30,1,2,2,1,9,2,0,1,0,16,34,1,62,0,200,200,200,200,200
425990,0,30,2,2,2,1,0,2,0,1,0,17,0,0,200,200,1,0,0,200,200
425990,0,30,2,2,2,1,0,2,0,1,0,17,0,0,35,0,0,0,0,200,200
425995,0,20,0,0,2,1,7,5,3,1,0,33,28,0,27,200,6,12,0,200,200
426002,0,30,1,2,2,1,9,5,0,1,0,17,33,0,51,200,1,12,0,200,200
426002,5,30,1,2,2,1,9,5,0,1,0,17,33,1,59,7,0,12,0,200,200
426004,0,30,2,2,2,1,0,1,0,1,0,5,0,0,59,0,5,0,0,200,200
426004,0,30,2,2,2,1,0,1,0,1,0,5,0,1,41,0,0,0,0,200,200
426005,0,30,0,0,2,1,10,5,0,1,0,18,200,0,200,200,8,200,200,200,200
426005,0,30,0,0,2,1,10,5,0,1,0,18,200,0,32,0,0,0,0,200,200
426012,0,10,0,0,2,1,11,7,0,1,200,0,0,0,200,200,200,200,200,200,200
426013,0,30,0,0,2,1,7,5,0,1,0,34,16,0,0,0,200,0,0,200,200
426014,0,30,1,2,2,1,10,5,0,1,0,0,0,1,20,0,12,4,0,200,200
426014,0,30,1,2,2,1,10,5,0,1,0,0,0,0,33,0,0,4,0,200,200
426025,0,30,1,2,200,200,10,2,0,200,0,0,200,1,200,200,200,200,200,200,200
426025,0,30,1,2,200,200,10,2,0,200,0,0,200,1,69,0,0,0,200,200,200
426025,1,30,1,2,200,200,10,2,0,200,0,0,200,1,200,0,200,200,200,200,200
426025,1,30,1,2,200,200,10,2,0,200,0,0,200,2,200,5,200,200,200,200,200
426025,1,30,1,2,200,200,10,2,0,200,0,0,200,2,200,5,200,200,200,200,200
426028,0,30,0,0,2,1,7,7,0,1,200,0,200,2,200,200,200,200,200,200,200
426032,0,35,1,2,2,1,10,6,0,1,0,20,200,0,51,0,6,0,0,200,200
426032,0,35,1,2,2,1,10,6,0,1,0,20,200,0,31,0,0,0,0,200,200
426032,1,35,1,2,2,1,10,6,0,1,0,20,200,1,200,0,200,200,200,200,200
426035,0,30,0,0,0,1,10,2,0,0,0,18,18,1,48,0,3,0,0,200,200
426035,0,30,0,0,0,1,10,2,0,0,0,18,18,1,48,0,12,0,0,200,200
426039,0,30,1,2,2,1,10,5,0,1,200,18,18,0,41,0,3,200,0,200,200
426039,0,30,1,2,2,1,10,5,0,1,200,18,18,0,200,200,200,200,200,200,200
426039,1,30,1,2,2,1,10,5,0,1,200,18,18,0,200,0,200,200,200,200,200
426039,1,30,1,2,2,1,10,5,0,1,200,18,18,0,200,200,200,200,200,200,200
426042,0,30,1,1,2,1,10,5,0,1,0,15,200,0,22,200,3,0,0,200,200
426042,0,30,1,1,2,1,10,5,0,1,0,15,200,1,19,200,0,0,0,200,200
426042,0,30,1,1,2,1,10,5,0,1,0,15,200,1,38,200,0,0,0,200,200
426042,1,30,1,1,2,1,10,5,0,1,0,15,200,0,28,200,200,200,200,200,200
426042,1,30,1,1,2,1,10,5,0,1,0,15,200,1,34,200,200,200,200,200,200
426047,0,30,1,2,2,1,10,2,0,1,0,15,18,1,28,0,8,0,0,200,200
426047,0,30,1,2,2,1,10,2,0,1,0,15,18,0,36,0,0,0,0,200,200
426057,0,30,1,2,0,1,7,5,0,1,0,20,200,0,53,0,6,0,0,200,200
426058,0,30,0,0,0,1,14,2,0,1,200,17,34,1,58,0,1,1,0,200,200
426058,0,30,0,0,0,1,14,2,0,1,200,17,34,0,24,0,8,200,0,200,200
426058,1,30,0,0,0,1,14,2,0,1,200,17,34,0,19,0,200,200,200,200,200
426062,0,35,1,2,2,1,10,2,0,1,0,20,0,0,62,0,6,0,0,200,200
426062,0,35,1,2,2,1,10,2,0,1,0,20,0,2,200,200,0,200,200,200,200
426063,0,30,200,200,2,1,7,2,0,1,0,0,0,2,200,200,200,200,200,200,200
426071,0,30,0,0,0,1,7,5,0,0,0,16,11,2,200,200,200,200,200,200,200
426072,0,30,0,0,2,1,10,5,0,1,0,18,0,2,200,200,3,200,200,200,200
426072,0,30,0,0,2,1,10,5,0,1,0,18,0,1,41,0,0,0,0,200,200
426073,0,30,1,2,2,1,10,5,0,1,0,18,200,0,40,0,3,0,0,200,200
426073,0,30,1,2,2,1,10,5,0,1,0,18,200,0,35,0,0,0,0,200,200
426073,1,30,1,2,2,1,10,5,0,1,0,18,200,0,200,0,200,200,200,200,200
426080,0,30,0,0,1,1,12,5,0,0,0,0,200,0,36,200,12,0,0,200,200
426080,0,30,0,0,1,1,12,5,0,0,0,0,200,0,72,200,0,0,0,200,200
426085,0,30,0,0,2,1,9,5,0,1,0,20,200,1,200,200,6,200,200,200,200
426085,5,30,0,0,2,1,9,5,0,1,0,20,200,1,25,7,200,200,0,200,200
426086,0,30,0,0,2,1,7,7,0,1,0,8,16,0,19,200,8,200,200,200,200
426086,1,30,0,0,2,1,7,7,0,1,0,8,16,1,200,200,200,200,200,200,200
426089,0,35,0,0,2,1,0,7,0,1,0,20,200,1,88,0,6,0,0,200,200
426089,0,35,0,0,2,1,0,7,0,1,0,20,200,0,43,0,0,0,0,200,200
426099,0,30,2,2,2,1,0,5,0,1,200,17,0,1,200,200,1,200,200,200,200
426099,0,30,2,2,2,1,0,5,0,1,200,17,0,0,31,0,0,0,0,200,200
426101,0,30,1,2,2,1,7,6,0,1,0,0,0,0,26,0,0,0,0,200,200
426102,0,35,1,2,2,1,10,2,0,1,0,34,200,0,40,0,12,0,0,200,200
426102,0,35,1,2,2,1,10,2,0,1,0,34,200,0,35,0,0,0,0,200,200
426105,0,30,1,2,2,1,0,5,0,0,0,3,0,1,40,0,5,0,0,200,200
426105,0,30,1,2,2,1,0,5,0,0,0,3,0,0,68,0,0,0,0,200,200
426105,0,30,1,2,2,1,0,5,0,0,0,3,0,0,69,0,0,0,0,200,200
426106,0,30,0,0,200,200,7,5,0,200,0,200,200,2,200,200,200,200,200,200,200
426112,0,30,0,0,0,1,10,5,0,1,12,25,2,0,200,200,15,200,0,200,200
426112,0,30,0,0,0,1,10,5,0,1,12,25,2,0,31,0,0,0,0,200,200
426114,0,30,0,0,0,1,10,5,0,1,0,18,16,0,40,0,3,0,0,200,200
426114,0,30,0,0,0,1,10,5,0,1,0,18,16,0,200,0,0,200,200,200,200
426114,1,30,0,0,0,1,10,5,0,1,0,18,16,0,200,0,200,200,200,200,200
426114,1,30,0,0,0,1,10,5,0,1,0,18,16,0,200,0,200,200,200,200,200
426114,1,30,0,0,0,1,10,5,0,1,0,18,16,1,200,0,200,200,200,200,200
426116,0,35,0,2,2,1,2,6,3,1,0,15,25,0,35,0,8,0,0,200,200
426127,0,30,1,2,2,1,14,6,0,1,0,23,200,1,58,200,7,200,200,200,200
426127,0,30,1,2,2,1,14,6,0,1,0,23,200,0,28,0,0,0,0,200,200
426130,0,30,1,2,1,1,14,1,0,0,0,0,200,1,200,0,200,200,200,200,200
426130,0,30,1,2,1,1,14,1,0,0,0,0,200,1,61,0,200,0,0,200,200
426133,0,30,1,2,2,1,10,5,0,1,0,18,0,1,200,200,3,200,200,200,200
426133,0,30,1,2,2,1,10,5,0,1,0,18,0,1,43,0,12,0,0,200,200
426143,0,30,0,0,2,1,10,5,0,1,0,18,200,0,200,200,8,200,200,200,200
426143,0,30,0,0,2,1,10,5,0,1,0,18,200,1,62,0,0,0,0,200,200
426144,0,30,1,2,2,1,12,5,0,1,0,22,200,1,200,200,4,200,200,200,200
426144,0,30,1,2,2,1,12,5,0,1,0,22,200,0,60,0,0,0,0,200,200
426145,0,30,200,200,200,200,10,5,0,200,200,0,200,2,200,200,200,200,200,200,200
426145,0,30,200,200,200,200,10,5,0,200,200,0,200,1,24,0,200,200,0,200,200
426149,0,30,0,0,12,1,12,6,0,1,0,23,11,1,27,0,7,0,0,200,200
426149,0,30,0,0,12,1,12,6,0,1,0,23,11,1,36,0,0,0,0,200,200
426150,0,30,0,0,2,1,0,5,0,1,0,17,0,2,200,200,1,200,200,200,200
426150,0,30,0,0,2,1,0,5,0,1,0,17,0,0,59,0,0,0,0,200,200
426155,0,35,2,2,0,1,10,5,0,1,0,16,200,0,33,200,3,200,200,200,200
426155,0,35,2,2,0,1,10,5,0,1,0,16,200,1,28,0,0,0,0,200,200
426155,1,35,2,2,0,1,10,5,0,1,0,16,200,1,200,0,200,200,200,200,200
426157,0,30,1,2,0,1,9,5,0,1,0,17,200,2,200,200,1,200,200,200,200
426157,5,30,1,2,0,1,9,5,0,1,0,17,200,0,57,7,0,0,0,200,200
426159,0,30,1,2,1,1,14,3,0,1,0,16,34,0,29,0,8,0,0,200,200
426159,0,30,1,2,1,1,14,3,0,1,0,16,34,0,55,0,0,0,0,200,200
426161,0,25,0,0,0,1,10,5,0,0,0,200,200,0,200,200,200,200,200,200,200
426161,0,25,0,0,0,1,10,5,0,0,0,200,200,0,74,0,200,200,200,200,200
426164,0,30,1,2,2,1,12,6,0,1,0,17,0,1,49,0,4,12,12,200,200
426164,0,30,1,2,2,1,12,6,0,1,0,17,0,0,51,0,0,0,0,200,200
426164,1,30,1,2,2,1,12,6,0,1,0,17,0,1,200,200,200,200,200,200,200
426165,0,30,0,0,0,1,8,5,0,0,0,22,0,0,51,0,2,0,0,200,200
426165,4,30,0,0,0,1,8,5,0,0,0,22,0,0,16,2,0,0,0,200,200
426168,0,30,0,0,2,1,14,2,0,1,0,17,200,1,25,0,1,0,0,200,200
426168,0,30,0,0,2,1,14,2,0,1,0,17,200,0,34,0,0,0,0,200,200
426168,1,30,0,0,2,1,14,2,0,1,0,17,200,1,200,0,200,200,200,200,200
426168,1,30,0,0,2,1,14,2,0,1,0,17,200,1,200,0,200,200,200,200,200
426170,0,30,0,0,2,1,12,5,0,0,0,17,0,1,17,0,3,0,0,200,200
426170,0,30,0,0,2,1,12,5,0,0,0,17,0,0,34,0,0,0,0,200,200
426172,0,30,1,2,2,1,10,5,0,1,0,200,200,1,200,200,200,200,200,200,200
426172,0,30,1,2,2,1,10,5,0,1,0,200,200,1,40,200,200,200,0,200,200
426172,1,30,1,2,2,1,10,5,0,1,0,200,200,0,200,0,200,200,200,200,200
426174,0,35,1,2,2,1,10,3,0,1,0,16,200,0,42,0,0,0,0,200,200
426174,0,35,1,2,2,1,10,3,0,1,0,16,200,1,17,0,12,0,0,200,200
426177,0,30,2,2,0,1,14,12,0,0,0,17,11,0,71,0,1,0,0,200,200
426177,0,30,2,2,0,1,14,12,0,0,0,17,11,0,47,0,0,0,0,200,200
426179,0,30,2,2,2,1,0,5,0,1,0,17,0,2,200,200,1,200,200,200,200
426179,0,30,2,2,2,1,0,5,0,1,0,17,0,0,71,0,12,0,0,200,200
426181,0,30,2,2,2,1,0,5,0,1,0,17,0,0,200,200,5,200,200,200,200
426181,0,30,2,2,2,1,0,5,0,1,0,17,0,0,27,0,0,0,0,200,200
426188,0,30,0,0,0,1,10,5,0,1,0,0,0,1,25,0,0,0,0,200,200
426188,0,30,0,0,0,1,10,5,0,1,0,0,0,0,200,200,3,200,200,200,200
426188,1,30,0,0,0,1,10,5,0,1,0,0,0,1,4,0,200,200,200,200,200
426188,1,30,0,0,0,1,10,5,0,1,0,0,0,1,4,0,200,200,200,200,200
426191,0,25,1,2,2,1,9,12,0,1,0,11,0,1,61,200,12,12,0,200,200
426191,5,25,1,2,2,1,9,12,0,1,0,11,0,1,54,7,12,12,0,200,200
426198,0,30,1,2,1,1,10,2,0,1,0,0,200,0,200,200,200,200,200,200,200
426198,0,30,1,2,1,1,10,2,0,1,0,0,200,1,35,0,0,0,0,200,200
426199,0,30,2,2,0,1,10,2,0,0,0,16,200,0,28,200,3,200,200,200,200
426199,0,30,2,2,0,1,10,2,0,0,0,16,200,0,54,0,0,0,0,200,200
426201,0,30,0,0,2,1,10,5,0,1,0,18,0,0,18,0,3,0,0,200,200
426201,0,30,0,0,2,1,10,5,0,1,0,18,0,0,23,0,12,0,0,200,200
426202,0,30,0,0,2,1,12,5,0,1,0,0,200,0,25,0,12,200,0,200,200
426202,0,30,0,0,2,1,12,5,0,1,0,0,200,1,27,0,0,200,0,200,200
426204,0,30,1,2,0,1,14,12,0,0,0,0,0,1,59,200,200,0,0,200,200
426204,0,30,1,2,0,1,14,12,0,0,0,0,0,0,60,200,0,0,0,200,200
426208,0,30,2,2,0,1,14,6,0,0,0,0,200,0,25,0,200,0,0,200,200
426208,0,30,2,2,0,1,14,6,0,0,0,0,200,0,37,0,200,0,0,200,200
426210,0,30,0,0,0,1,11,3,0,1,0,20,21,0,25,200,6,200,200,200,200
426210,0,30,0,0,0,1,11,3,0,1,0,20,21,1,24,0,0,0,0,200,200
426210,1,30,0,0,0,1,11,3,0,1,0,20,21,0,34,0,200,200,200,200,200
426210,1,30,0,0,0,1,11,3,0,1,0,20,21,0,200,0,200,200,200,200,200
426210,1,30,0,0,0,1,11,3,0,1,0,20,21,0,200,0,200,200,200,200,200
426210,1,30,0,0,0,1,11,3,0,1,0,20,21,200,200,0,200,200,200,200,200
426212,0,25,0,0,2,1,0,5,0,1,0,17,34,1,34,0,1,0,0,200,200
426212,0,25,0,0,2,1,0,5,0,1,0,17,34,0,38,0,0,0,0,200,200
426216,0,30,1,2,2,1,10,5,0,1,0,16,0,2,200,200,200,200,200,200,200
426216,0,30,1,2,2,1,10,5,0,1,0,16,0,0,26,0,0,0,0,200,200
426225,0,30,1,2,0,1,12,5,0,1,0,200,200,0,23,200,12,200,200,200,200
426225,0,30,1,2,0,1,12,5,0,1,0,200,200,1,39,0,0,0,0,200,200
426226,0,30,0,0,0,1,12,2,0,0,0,0,200,2,200,200,0,200,200,200,200
426226,0,30,0,0,0,1,12,2,0,0,0,0,200,1,25,7,0,0,0,200,200
426227,0,30,0,0,1,1,7,2,0,0,0,16,0,0,50,0,1,0,0,200,200
426228,0,30,1,2,0,1,10,2,0,0,0,16,11,2,200,200,1,200,200,200,200
426228,0,30,1,2,0,1,10,2,0,0,0,16,11,0,25,0,0,0,0,200,200
426230,0,25,0,0,0,1,7,5,0,0,0,23,0,2,200,200,7,200,200,200,200
426231,0,30,1,2,0,1,12,5,0,1,0,0,200,1,38,200,12,200,200,200,200
426231,0,30,1,2,0,1,12,5,0,1,0,0,200,1,38,200,0,0,0,200,200
426231,1,30,1,2,0,1,12,5,0,1,0,0,200,0,6,5,200,200,200,200,200
426231,1,30,1,2,0,1,12,5,0,1,0,0,200,0,2,5,200,200,200,200,200
426232,0,30,0,0,1,1,0,5,0,0,200,21,0,1,82,200,7,1,200,200,200
426232,0,30,0,0,1,1,0,5,0,0,200,21,0,0,56,0,0,0,0,200,200
426232,1,30,0,0,1,1,0,5,0,0,200,21,0,1,45,0,200,200,200,200,200
426235,0,30,0,0,0,1,3,5,0,0,0,20,17,0,29,200,6,0,0,200,200
426235,0,30,0,0,0,1,3,5,0,0,0,20,17,0,48,0,0,0,0,200,200
426243,0,30,0,0,0,1,7,7,0,0,0,0,0,1,200,200,200,200,200,200,200
426246,0,30,0,0,1,1,10,5,0,1,0,0,27,1,38,200,200,0,200,200,200
426246,0,30,0,0,1,1,10,5,0,1,0,0,27,0,31,0,0,0,0,200,200
426251,0,25,2,2,0,0,0,5,0,0,0,17,16,0,56,200,1,200,0,200,200
426251,0,25,2,2,0,0,0,5,0,0,0,17,16,1,35,200,0,0,0,200,200
426255,0,30,0,0,0,1,7,7,0,0,0,0,0,1,200,200,12,200,200,200,200
426263,0,30,0,0,0,1,12,5,0,0,0,20,200,1,25,0,0,0,0,200,200
426263,0,30,0,0,0,1,12,5,0,0,0,20,200,0,54,200,6,200,200,200,200
426268,0,30,0,0,1,1,10,5,0,0,0,11,0,0,41,200,3,0,0,200,200
426268,0,30,0,0,1,1,10,5,0,0,0,11,0,0,35,200,0,0,0,200,200
426268,0,30,0,0,1,1,10,5,0,0,0,11,0,1,23,200,0,0,0,200,200
426269,0,30,0,0,0,1,10,2,2,0,0,18,200,1,44,200,3,0,0,200,200
426269,0,30,0,0,0,1,10,2,2,0,0,18,200,0,63,200,0,0,0,200,200
426272,0,30,2,2,0,1,14,12,0,0,0,17,11,0,200,0,1,0,0,200,200
426272,0,30,2,2,0,1,14,12,0,0,0,17,11,1,39,0,0,0,0,200,200
426273,0,30,2,2,0,1,12,5,0,1,0,17,200,0,200,200,1,200,200,200,200
426273,0,30,2,2,0,1,12,5,0,1,0,17,200,1,49,0,0,0,0,200,200
426274,0,30,2,2,1,1,14,5,0,0,0,17,200,0,200,200,1,200,200,200,200
426274,0,30,2,2,1,1,14,5,0,0,0,17,200,0,48,200,0,0,0,200,200
426275,0,30,0,0,0,1,10,5,0,1,0,18,18,1,200,200,1,200,200,200,200
426275,0,30,0,0,0,1,10,5,0,1,0,18,18,1,72,0,0,0,0,200,200
426275,0,30,0,0,0,1,10,5,0,1,0,18,18,0,30,0,0,0,0,200,200
426276,0,30,1,2,0,1,10,5,0,0,0,0,0,0,22,0,0,0,0,200,200
426276,0,30,1,2,0,1,10,5,0,0,0,0,0,1,200,0,0,0,0,200,200
426277,0,30,0,0,0,1,2,3,0,0,0,0,0,0,47,0,200,0,0,200,200
426279,0,30,0,0,2,1,12,5,0,1,0,21,18,0,53,0,4,0,0,200,200
426279,0,30,0,0,2,1,12,5,0,1,0,21,18,0,24,0,3,0,0,200,200
426281,0,30,2,0,2,1,0,2,0,1,0,5,34,1,21,0,1,5,0,200,200
426281,0,30,2,0,2,1,0,2,0,1,0,5,34,0,61,0,0,0,0,200,200
426282,0,30,1,2,200,2,10,5,0,200,0,21,22,0,58,200,200,0,0,200,200
426282,0,30,1,2,200,2,10,5,0,200,0,21,22,0,200,200,4,0,200,200,200
426282,1,30,1,2,200,2,10,5,0,200,0,21,22,0,14,0,200,200,200,200,200
426285,0,45,0,0,1,1,10,3,0,200,200,18,18,0,52,0,3,200,0,200,200
426285,0,45,0,0,1,1,10,3,0,200,200,18,18,1,200,200,200,200,200,200,200
426292,0,30,0,0,0,1,7,5,0,0,0,21,200,0,36,200,0,0,0,200,200
426295,0,30,2,2,2,1,0,5,0,0,0,17,200,1,200,0,1,0,0,200,200
426295,0,30,2,2,2,1,0,5,0,0,0,17,200,0,41,0,0,0,0,200,200
426296,0,30,0,0,0,1,10,5,0,1,0,34,18,0,38,0,0,200,200,200,200
426296,0,30,0,0,0,1,10,5,0,1,0,34,18,0,200,200,0,200,200,200,200
426296,1,30,0,0,0,1,10,5,0,1,0,34,18,0,200,0,200,200,200,200,200
426296,1,30,0,0,0,1,10,5,0,1,0,34,18,0,200,0,200,200,200,200,200
426299,0,30,0,0,0,1,7,5,0,0,0,0,200,1,200,7,0,0,0,200,200
426301,0,20,2,1,0,1,14,5,0,0,0,21,200,2,200,200,12,200,200,200,200
426301,0,20,2,1,0,1,14,5,0,0,0,21,200,0,36,0,0,0,0,200,200
426301,1,20,2,1,0,1,14,5,0,0,0,21,200,1,36,0,200,200,200,200,200
426302,0,30,0,0,0,1,14,5,0,0,0,23,17,2,200,200,7,200,200,200,200
426302,0,30,0,0,0,1,14,5,0,0,0,23,17,0,47,0,0,0,0,200,200
426310,0,30,0,0,0,4,10,5,0,0,0,0,0,1,58,200,200,200,0,200,200
426310,0,30,0,0,0,4,10,5,0,0,0,0,0,0,25,0,0,0,0,200,200
426310,0,30,0,0,0,4,10,5,0,0,0,0,0,0,25,0,0,0,0,200,200
426311,0,30,0,0,0,1,7,2,0,0,200,23,0,0,43,200,7,0,0,200,200
426311,1,30,0,0,0,1,7,2,0,0,200,23,0,0,200,0,200,200,200,200,200
426311,1,30,0,0,0,1,7,2,0,0,200,23,0,0,200,0,200,200,200,200,200
426311,1,30,0,0,0,1,7,2,0,0,200,23,0,0,200,0,200,200,200,200,200
426311,1,30,0,0,0,1,7,2,0,0,200,23,0,0,200,0,200,200,200,200,200
426311,1,30,0,0,0,1,7,2,0,0,200,23,0,0,200,0,200,200,200,200,200