RD_NO,PERSON_TYPE,POSTED_SPEED_LIMIT,TRAFFIC_CONTROL_DEVICE,DEVICE_CONDITION,WEATHER_CONDITION,LIGHTING_CONDITION,FIRST_CRASH_TYPE,TRAFFICWAY_TYPE,ALIGNMENT,ROADWAY_SURFACE_COND,ROAD_DEFECT,PRIM_CONTRIBUTORY_CAUSE,SEC_CONTRIBUTORY_CAUSE,SEX,AGE,SAFETY_EQUIPMENT,DRIVER_ACTION,DRIVER_VISION,PHYSICAL_CONDITION,BAC_RESULT VALUE,CELL_PHONE_USE
426834,1,30,200,200,0,3,10,5,0,0,200,18,200,200,200,200,200,200,200,200,200
426834,1,30,200,200,0,3,10,5,0,0,200,18,200,200,200,200,200,200,200,200,200
426842,0,30,1,2,0,3,6,5,0,0,0,6,200,0,23,0,5,200,7,200,1
426842,0,30,1,2,0,3,6,5,0,0,0,6,200,0,54,0,0,200,0,200,200
426842,1,30,1,2,0,3,6,5,0,0,0,6,200,0,21,0,200,200,200,200,200
426842,1,30,1,2,0,3,6,5,0,0,0,6,200,0,29,0,200,200,200,200,200
426849,0,30,2,2,0,3,10,2,0,0,0,20,200,1,50,0,6,0,0,200,200
426849,0,30,2,2,0,3,10,2,0,0,0,20,200,0,32,0,0,0,0,200,200
426867,0,30,0,0,0,3,0,5,0,0,0,0,0,2,200,200,200,200,200,200,200
426867,0,30,0,0,0,3,0,5,0,0,0,0,0,0,35,0,0,0,0,200,200
426873,0,25,1,200,0,3,7,5,0,0,0,0,22,0,200,200,2,200,200,200,200
426873,1,25,1,200,0,3,7,5,0,0,0,0,22,0,21,200,200,200,200,200,200
426874,0,30,2,2,0,3,14,5,0,0,0,5,0,2,200,200,5,200,200,200,200
426874,0,30,2,2,0,3,14,5,0,0,0,5,0,0,25,0,0,0,0,200,200
426876,0,30,0,0,0,3,12,3,0,0,0,22,22,0,49,0,4,0,0,200,200
426876,0,30,0,0,0,3,12,3,0,0,0,22,22,0,52,0,0,0,0,200,200
426880,0,30,2,2,0,3,10,5,0,0,0,18,0,1,200,200,3,200,200,200,200
426880,0,30,2,2,0,3,10,5,0,0,0,18,0,0,28,200,0,0,0,200,200
426880,1,30,2,2,0,3,10,5,0,0,0,18,0,200,200,200,200,200,200,200,200
426881,0,35,0,0,0,3,2,3,0,0,0,29,11,0,23,0,4,0,0,200,200
426881,1,35,0,0,0,3,2,3,0,0,0,29,11,1,22,0,200,200,200,200,200
426891,0,30,1,2,0,3,10,3,0,0,0,16,18,0,62,200,3,0,0,200,200
426891,0,30,1,2,0,3,10,3,0,0,0,16,18,0,43,200,200,0,0,200,200
426891,1,30,1,2,0,3,10,3,0,0,0,16,18,1,46,200,200,200,200,200,200
426897,0,25,0,0,0,0,7,6,0,0,0,16,200,0,28,200,9,200,200,200,200
426897,1,25,0,0,0,0,7,6,0,0,0,16,200,0,25,200,200,200,200,200,200
426899,0,30,1,2,0,3,10,5,0,0,0,18,200,1,20,0,200,200,200,0,200
426899,0,30,1,2,0,3,10,5,0,0,0,18,200,0,29,0,0,0,0,200,200
426899,1,30,1,2,0,3,10,5,0,0,0,18,200,0,23,0,200,200,200,200,200
426901,0,30,0,0,0,3,7,6,0,0,3,200,200,0,200,200,200,200,200,200,200
426901,1,30,0,0,0,3,7,6,0,0,3,200,200,1,20,0,200,200,200,200,200
426908,0,30,1,2,0,3,14,5,0,0,0,3,17,1,20,200,7,0,200,200,200
426908,0,30,1,2,0,3,14,5,0,0,0,3,17,1,26,200,0,0,0,200,200
426908,1,30,1,2,0,3,14,5,0,0,0,3,17,1,20,200,200,200,200,200,200
426908,1,30,1,2,0,3,14,5,0,0,0,3,17,0,28,200,200,200,200,200,200
426911,0,20,0,0,0,3,7,6,0,0,0,0,0,1,200,200,200,200,200,200,200
426911,1,20,0,0,0,3,7,6,0,0,0,0,0,0,200,0,200,200,200,200,200
426915,0,30,0,0,0,3,2,8,3,0,0,0,0,2,200,200,200,200,200,200,200
426921,0,30,0,0,0,3,7,2,0,0,200,0,200,2,200,200,200,200,200,200,200
426922,0,30,1,2,0,3,8,5,0,0,0,17,200,0,56,200,1,200,200,200,200
426922,4,30,1,2,0,3,8,5,0,0,0,17,200,0,30,200,12,200,0,200,200
426930,0,30,0,0,0,3,7,2,0,0,0,0,200,1,200,200,12,200,200,200,200
426932,0,30,1,2,0,3,8,2,0,0,0,17,0,1,24,0,1,12,0,200,200
426932,4,30,1,2,0,3,8,2,0,0,0,17,0,0,51,7,12,0,0,200,200
426934,0,30,0,0,0,3,7,6,0,0,0,200,200,0,32,200,12,0,2,200,200
426936,0,15,0,0,0,3,7,6,0,0,0,0,0,0,55,200,200,200,200,200,200
426941,0,30,0,0,0,3,7,5,0,0,0,21,0,2,200,200,12,200,200,200,200
426947,0,30,0,0,0,3,7,5,0,0,200,27,200,0,39,0,12,0,2,200,200
426948,0,40,0,0,0,3,12,3,0,0,0,22,25,1,19,0,2,0,0,200,200
426948,0,40,0,0,0,3,12,3,0,0,0,22,25,1,34,0,0,0,0,200,200
426949,0,30,2,0,0,3,2,6,0,0,0,27,25,0,33,200,12,0,2,200,200
426963,0,30,0,0,0,3,2,5,0,0,0,27,200,0,27,0,12,0,2,200,200
426965,0,30,1,2,0,3,14,6,0,0,0,22,17,0,37,0,7,0,0,200,200
426965,0,30,1,2,0,3,14,6,0,0,0,22,17,1,23,0,0,0,0,200,200
426968,0,30,0,0,200,200,7,6,0,0,0,0,200,2,200,200,200,200,200,200,200
426980,0,30,0,0,0,2,7,2,0,0,0,0,0,0,62,0,200,0,0,200,200
426981,0,30,1,2,1,2,0,6,0,0,0,0,0,0,200,200,1,200,200,200,200
426981,0,30,1,2,1,2,0,6,0,0,0,0,0,1,47,0,0,0,0,200,200
426985,0,30,0,0,0,1,2,3,0,0,0,7,200,1,30,200,12,0,0,200,200
426985,1,30,0,0,0,1,2,3,0,0,0,7,200,1,52,200,200,200,200,200,200
426985,1,30,0,0,0,1,2,3,0,0,0,7,200,1,5,200,200,200,200,200,200
426986,0,30,1,2,0,1,14,3,3,0,0,23,21,0,63,0,7,200,0,200,200
426986,0,30,1,2,0,1,14,3,3,0,0,23,21,1,39,0,12,0,0,200,200
426987,0,30,0,0,0,1,10,12,0,0,0,11,0,0,200,0,8,0,0,200,200
426987,0,30,0,0,0,1,10,12,0,0,0,11,0,0,200,0,12,0,0,200,200
426991,0,30,2,2,0,3,10,5,0,0,0,18,0,0,200,200,8,200,200,200,200
426991,0,30,2,2,0,3,10,5,0,0,0,18,0,0,53,7,0,0,0,200,200
426991,1,30,2,2,0,3,10,5,0,0,0,18,0,0,200,200,200,200,200,200,200
426992,0,30,0,0,0,1,2,5,0,0,0,20,200,0,57,0,6,0,0,200,200
426999,0,30,1,200,1,1,9,8,0,0,200,17,200,0,33,200,1,200,0,200,200
426999,5,30,1,200,1,1,9,8,0,0,200,17,200,1,57,7,0,200,0,200,200
427009,0,15,2,2,1,2,2,5,0,0,0,27,200,0,0,200,1,200,2,200,200
427017,0,40,0,0,1,1,10,8,2,0,0,18,11,1,49,0,3,0,0,200,200
427017,0,40,0,0,1,1,10,8,2,0,0,18,11,0,45,0,0,0,0,200,200
427018,0,30,1,2,0,1,14,12,0,0,0,17,17,0,47,0,0,0,0,200,200
427018,0,30,1,2,0,1,14,12,0,0,0,17,17,0,46,0,1,0,0,200,200
427023,0,30,1,2,1,1,10,3,0,0,0,18,0,1,68,0,3,0,0,200,200
427023,0,30,1,2,1,1,10,3,0,0,0,18,0,1,45,0,0,0,0,200,200
427024,0,30,0,0,0,1,7,5,0,0,0,0,200,2,200,200,200,200,200,200,200
427027,0,30,0,0,0,1,12,2,0,0,0,18,0,0,200,200,3,200,200,200,200
427027,0,30,0,0,0,1,12,2,0,0,0,18,0,0,56,0,0,200,0,200,200
427027,1,30,0,0,0,1,12,2,0,0,0,18,0,0,200,200,200,200,200,200,200
427028,0,30,2,3,0,1,10,5,0,0,0,18,0,2,200,200,8,200,200,200,200
427028,0,30,2,3,0,1,10,5,0,0,0,18,0,1,37,0,0,0,0,200,200
427028,1,30,2,3,0,1,10,5,0,0,0,18,0,1,15,0,200,200,200,200,200
427028,1,30,2,3,0,1,10,5,0,0,0,18,0,1,7,0,200,200,200,200,200
427032,0,30,0,0,0,1,12,3,3,0,0,17,0,0,74,0,4,0,0,200,200
427032,0,30,0,0,0,1,12,3,3,0,0,17,0,1,24,0,0,0,0,200,200
427032,1,30,0,0,0,1,12,3,3,0,0,17,0,1,74,0,200,200,200,200,200
427035,0,0,0,0,0,0,7,6,0,0,0,21,200,0,200,200,12,200,200,200,200
427038,0,35,0,0,1,1,7,6,2,0,200,200,200,1,27,200,200,200,0,200,200
427039,0,15,0,0,0,0,2,0,0,0,0,14,200,0,200,200,12,200,200,200,200
427045,0,30,1,2,0,1,10,5,0,0,0,16,200,1,20,0,3,0,0,200,200
427045,0,30,1,2,0,1,10,5,0,0,0,16,200,1,57,0,0,0,0,200,200
427045,1,30,1,2,0,1,10,5,0,0,0,16,200,0,23,0,200,200,200,200,200
427053,0,30,0,0,0,1,14,2,0,0,0,23,0,0,37,200,7,0,0,200,200
427053,0,30,0,0,0,1,14,2,0,0,0,23,0,0,53,200,0,0,0,200,200
427059,0,20,0,0,200,200,7,5,0,200,0,0,0,2,200,200,200,200,200,200,200
427066,0,30,0,0,0,1,10,5,0,0,0,18,18,0,32,200,1,200,200,200,200
427066,0,30,0,0,0,1,10,5,0,0,0,18,18,0,64,0,0,0,0,200,200
427066,1,30,0,0,0,1,10,5,0,0,0,18,18,0,200,200,200,200,200,200,200
427066,1,30,0,0,0,1,10,5,0,0,0,18,18,1,200,0,200,200,200,200,200
427082,0,10,0,0,0,1,2,0,0,0,0,7,7,0,74,0,12,0,0,200,200
427084,0,0,1,2,1,1,0,3,0,0,0,6,11,0,200,200,5,200,200,200,200
427084,0,0,1,2,1,1,0,3,0,0,0,6,11,0,41,0,0,0,0,200,200
427084,1,0,1,2,1,1,0,3,0,0,0,6,11,200,200,200,200,200,200,200,200
427084,1,0,1,2,1,1,0,3,0,0,0,6,11,200,200,200,200,200,200,200,200
427084,1,0,1,2,1,1,0,3,0,0,0,6,11,200,200,200,200,200,200,200,200
427084,1,0,1,2,1,1,0,3,0,0,0,6,11,200,200,0,200,200,200,200,200
427084,1,0,1,2,1,1,0,3,0,0,0,6,11,200,200,0,200,200,200,200,200
427084,1,0,1,2,1,1,0,3,0,0,0,6,11,200,200,0,200,200,200,200,200
427085,0,25,0,0,0,1,10,5,0,0,0,17,200,2,200,200,1,200,200,200,200
427085,0,25,0,0,0,1,10,5,0,0,0,17,200,0,200,0,0,0,0,200,200
427096,0,30,0,0,0,3,7,5,0,0,0,25,200,2,200,200,200,200,200,200,200
427098,0,30,0,0,1,1,7,2,0,0,0,25,0,0,200,200,1,200,200,200,200
427101,0,30,1,2,0,1,10,6,0,0,0,22,0,1,200,200,4,200,200,200,200
427101,0,30,1,2,0,1,10,6,0,0,0,22,0,1,34,0,0,0,0,200,200
427107,0,30,1,2,0,1,0,2,0,0,200,0,200,1,46,200,200,200,0,200,200
427107,0,30,1,2,0,1,0,2,0,0,200,0,200,0,30,200,200,200,0,200,200
427114,0,30,1,2,1,1,10,5,0,0,0,18,0,1,63,0,3,0,0,200,200
427114,0,30,1,2,1,1,10,5,0,0,0,18,0,0,57,0,0,0,0,200,200
427114,1,30,1,2,1,1,10,5,0,0,0,18,0,0,200,0,200,200,200,200,200
427119,0,30,0,0,1,1,12,5,0,0,0,25,25,0,18,200,12,200,0,200,200
427119,0,30,0,0,1,1,12,5,0,0,0,25,25,0,46,200,200,200,200,200,200
427119,1,30,0,0,1,1,12,5,0,0,0,25,25,0,50,200,200,200,200,200,200
427123,0,30,1,2,0,1,0,5,0,0,0,0,0,1,61,0,12,0,0,200,200
427123,0,30,1,2,0,1,0,5,0,0,0,0,0,0,48,0,0,0,0,200,200
427126,0,20,0,0,0,1,0,2,0,0,0,200,200,0,44,0,1,200,0,200,200
427126,0,20,0,0,0,1,0,2,0,0,0,200,200,0,44,0,0,0,0,200,200
427128,0,15,0,0,0,1,7,7,0,0,0,20,0,1,52,200,6,0,200,200,200
427128,1,15,0,0,0,1,7,7,0,0,0,20,0,1,200,200,200,200,200,200,200
427128,1,15,0,0,0,1,7,7,0,0,0,20,0,0,39,0,200,200,200,200,200
427128,1,15,0,0,0,1,7,7,0,0,0,20,0,1,28,0,200,200,200,200,200
427128,1,15,0,0,0,1,7,7,0,0,0,20,0,0,4,5,200,200,200,200,200
427131,0,20,0,0,0,1,7,5,0,0,0,21,0,2,200,200,200,200,200,200,200
427134,0,30,0,0,0,1,7,7,0,0,0,27,200,0,66,200,6,0,0,200,200
427137,0,35,1,2,0,1,0,5,0,0,0,6,0,0,77,0,5,200,0,200,200
427137,0,35,1,2,0,1,0,5,0,0,0,6,0,1,34,0,0,0,0,200,200
427137,1,35,1,2,0,1,0,5,0,0,0,6,0,1,200,0,200,200,200,200,200
427137,1,35,1,2,0,1,0,5,0,0,0,6,0,1,78,0,200,200,200,200,200
427137,1,35,1,2,0,1,0,5,0,0,0,6,0,0,65,0,200,200,200,200,200
427144,0,30,1,2,1,1,14,2,0,0,0,25,17,0,23,0,1,1,0,200,200
427144,0,30,1,2,1,1,14,2,0,0,0,25,17,1,42,0,12,0,0,200,200
427147,0,30,0,0,0,1,7,5,0,0,0,0,0,0,59,0,3,0,0,200,200
427155,0,20,2,2,0,1,14,5,0,0,0,21,0,0,200,0,200,0,200,200,200
427155,0,20,2,2,0,1,14,5,0,0,0,21,0,0,48,0,0,0,0,200,200
427155,1,20,2,2,0,1,14,5,0,0,0,21,0,1,40,0,200,200,200,200,200
427155,1,20,2,2,0,1,14,5,0,0,0,21,0,1,6,7,200,200,200,200,200
427157,0,30,0,0,200,200,2,6,2,200,12,0,0,0,48,200,0,0,200,200,200
427159,0,30,1,2,0,1,10,5,0,0,0,18,0,0,200,200,5,200,200,200,200
427159,0,30,1,2,0,1,10,5,0,0,0,18,0,1,70,0,0,0,0,200,200
427167,0,30,0,0,0,1,7,7,0,0,0,0,0,2,200,200,200,0,200,200,200
427168,0,30,0,0,0,1,12,12,0,0,0,11,0,0,200,0,1,0,0,200,200
427168,0,30,0,0,0,1,12,12,0,0,0,11,0,0,200,0,0,0,0,200,200
427173,0,20,0,0,0,1,7,5,0,0,0,0,200,1,32,200,200,200,200,200,200
427186,0,30,0,0,0,1,10,2,0,0,0,0,200,1,26,0,1,0,0,200,200
427186,0,30,0,0,0,1,10,2,0,0,0,0,200,1,31,0,0,0,0,200,200
427186,1,30,0,0,0,1,10,2,0,0,0,0,200,1,200,0,200,200,200,200,200
427186,1,30,0,0,0,1,10,2,0,0,0,0,200,0,0,0,200,200,200,200,200
427192,0,30,0,0,0,1,14,5,0,0,0,8,200,0,61,0,0,0,0,200,200
427192,0,30,0,0,0,1,14,5,0,0,0,8,200,0,63,0,0,0,0,200,200
427192,1,30,0,0,0,1,14,5,0,0,0,8,200,1,47,0,200,200,200,200,200
427192,1,30,0,0,0,1,14,5,0,0,0,8,200,1,11,0,200,200,200,200,200
427192,1,30,0,0,0,1,14,5,0,0,0,8,200,1,14,0,200,200,200,200,200
427192,1,30,0,0,0,1,14,5,0,0,0,8,200,0,8,0,200,200,200,200,200
427192,1,30,0,0,0,1,14,5,0,0,0,8,200,1,54,0,200,200,200,200,200
427199,0,30,0,0,1,1,2,6,0,0,0,0,200,0,42,0,200,200,0,200,200
427202,0,30,0,0,1,1,12,2,0,0,0,0,0,0,200,200,1,200,200,200,200
427202,0,30,0,0,1,1,12,2,0,0,0,0,0,0,58,0,0,0,0,200,200
427205,0,30,1,2,0,1,8,2,0,0,0,6,200,0,200,200,5,200,200,200,200
427205,4,30,1,2,0,1,8,2,0,0,0,6,200,0,39,2,9,200,200,200,200
427207,0,30,0,0,0,3,2,5,0,0,1,200,200,0,67,0,0,0,0,200,200
427212,0,30,0,2,0,1,8,2,0,0,0,0,200,1,39,200,200,0,0,200,200
427212,4,30,0,2,0,1,8,2,0,0,0,0,200,1,45,7,12,200,0,200,200
427217,0,30,1,2,0,1,10,5,0,0,0,200,200,0,23,0,12,0,0,200,200
427217,0,30,1,2,0,1,10,5,0,0,0,200,200,1,38,0,0,0,0,200,200
427217,0,30,1,2,0,1,10,5,0,0,0,200,200,0,21,0,0,0,0,200,200
427217,0,30,1,2,0,1,10,5,0,0,0,200,200,1,55,0,0,0,0,200,200
427218,0,0,0,0,0,1,7,7,0,0,0,0,0,1,33,200,6,0,0,200,200
427219,0,30,2,2,1,1,0,5,0,0,0,0,0,1,82,0,200,200,0,200,200
427219,0,30,2,2,1,1,0,5,0,0,0,0,0,0,34,0,12,200,0,200,200
427219,1,30,2,2,1,1,0,5,0,0,0,0,0,0,15,0,200,200,200,200,200
427222,0,30,0,0,0,1,10,5,0,0,0,18,11,1,19,0,3,0,0,200,200
427222,0,30,0,0,0,1,10,5,0,0,0,18,11,1,38,0,0,0,0,200,200
427231,0,30,0,0,0,1,10,7,0,0,0,20,200,0,200,0,6,0,0,200,200
427231,0,30,0,0,0,1,10,7,0,0,0,20,200,0,51,0,12,0,0,200,200
427239,0,30,0,0,0,1,12,2,0,0,0,17,17,1,31,0,1,3,0,200,200
427239,0,30,0,0,0,1,12,2,0,0,0,17,17,0,76,0,0,0,0,200,200
427242,0,30,0,0,1,1,8,6,0,0,0,11,200,1,39,200,1,0,0,200,200
427242,4,30,0,0,1,1,8,6,0,0,0,11,200,0,83,2,0,0,7,200,200
427242,1,30,0,0,1,1,8,6,0,0,0,11,200,0,11,0,200,200,200,200,200
427242,1,30,0,0,1,1,8,6,0,0,0,11,200,0,6,0,200,200,200,200,200
427242,1,30,0,0,1,1,8,6,0,0,0,11,200,0,12,0,200,200,200,200,200
427244,0,30,0,0,200,200,7,5,0,200,0,0,0,2,200,200,200,200,200,200,200
427247,0,30,0,0,0,0,7,6,0,0,0,0,200,2,200,200,200,200,200,200,200
427248,0,30,0,0,0,1,14,5,0,0,0,0,0,2,200,200,200,200,200,200,200
427248,0,30,0,0,0,1,14,5,0,0,0,0,0,0,51,0,0,0,0,200,200
427252,0,30,0,0,0,1,10,2,0,0,0,0,0,0,27,200,3,0,0,200,200
427252,0,30,0,0,0,1,10,2,0,0,0,0,0,0,36,200,0,0,0,200,200
427256,0,30,1,2,0,1,14,5,2,0,0,17,200,1,24,0,1,0,0,200,200
427256,0,30,1,2,0,1,14,5,2,0,0,17,200,0,44,200,0,0,0,200,200
427256,0,30,1,2,0,1,14,5,2,0,0,17,200,0,27,200,0,0,0,200,200
427256,1,30,1,2,0,1,14,5,2,0,0,17,200,1,26,200,200,200,200,200,200
427256,1,30,1,2,0,1,14,5,2,0,0,17,200,0,0,5,200,200,200,200,200
427256,1,30,1,2,0,1,14,5,2,0,0,17,200,0,3,200,200,200,200,200,200
427256,1,30,1,2,0,1,14,5,2,0,0,17,200,1,2,200,200,200,200,200,200
427261,0,30,2,2,2,1,10,6,0,1,0,34,0,1,41,0,200,0,1,200,200
427261,0,30,2,2,2,1,10,6,0,1,0,34,0,1,45,0,0,0,0,200,200
427262,0,0,0,0,0,1,7,7,0,0,0,21,0,2,200,200,10,200,200,200,200
427266,0,0,0,0,0,1,10,2,0,0,0,18,0,0,33,200,3,200,0,200,200
427266,0,0,0,0,0,1,10,2,0,0,0,18,0,0,46,200,0,200,0,200,200
427267,0,30,2,2,0,1,0,5,0,0,0,33,200,1,55,0,12,5,0,200,200
427267,0,30,2,2,0,1,0,5,0,0,0,33,200,1,67,0,0,0,0,200,200
427268,0,0,0,0,0,1,7,7,0,0,0,0,200,2,200,200,12,200,200,200,200
427269,0,20,0,0,0,3,7,7,0,200,0,0,0,2,200,200,200,200,200,200,200
427271,0,30,1,2,0,1,14,5,0,0,0,17,23,1,39,200,7,0,0,200,200
427271,0,30,1,2,0,1,14,5,0,0,0,17,23,0,41,0,200,0,0,200,200
427272,0,30,0,0,0,1,7,5,0,0,0,0,0,2,200,200,200,200,200,200,200
427275,0,25,1,2,0,1,12,2,0,0,12,200,200,1,58,0,200,200,0,200,200
427275,0,25,1,2,0,1,12,2,0,0,12,200,200,0,20,0,200,200,0,200,200
427286,0,20,2,12,0,1,0,200,0,0,0,17,22,1,25,200,1,200,200,200,200
427286,0,20,2,12,0,1,0,200,0,0,0,17,22,0,16,0,0,0,0,200,200
427286,1,20,2,12,0,1,0,200,0,0,0,17,22,0,200,0,200,200,200,200,200
427295,0,30,0,0,0,1,7,5,0,0,0,0,0,2,200,200,200,200,200,200,200
427300,4,25,0,0,1,1,8,5,1,0,0,16,200,0,20,2,7,0,0,200,200
427301,0,30,0,0,0,1,14,5,0,0,0,0,0,0,59,0,1,0,0,200,200
427301,0,30,0,0,0,1,14,5,0,0,0,0,0,0,50,0,0,0,0,200,200
427301,1,30,0,0,0,1,14,5,0,0,0,0,0,1,70,0,200,200,200,200,200
427301,1,30,0,0,0,1,14,5,0,0,0,0,0,1,26,0,200,200,200,200,200
427305,0,30,0,0,1,1,14,2,0,0,0,22,16,1,200,200,2,200,200,200,200
427305,0,30,0,0,1,1,14,2,0,0,0,22,16,0,62,0,0,0,0,200,200
427312,0,25,0,0,1,1,12,5,0,0,0,22,21,0,33,200,2,200,200,200,200
427312,0,25,0,0,1,1,12,5,0,0,0,22,21,0,200,200,200,0,0,200,200
427316,0,30,1,2,0,1,14,5,0,0,0,23,200,0,72,0,7,200,200,200,200
427316,0,30,1,2,0,1,14,5,0,0,0,23,200,1,59,0,0,0,0,200,200
427319,0,30,2,2,0,1,12,5,0,0,0,22,200,0,200,200,1,200,200,200,200
427319,0,30,2,2,0,1,12,5,0,0,0,22,200,0,23,0,0,0,0,200,200
427319,1,30,2,2,0,1,12,5,0,0,0,22,200,1,200,200,200,200,200,200,200
427320,0,30,0,0,0,1,8,2,0,0,0,17,200,0,40,0,0,0,0,200,200
427320,4,30,0,0,0,1,8,2,0,0,0,17,200,0,35,2,0,0,0,200,200
427320,1,30,0,0,0,1,8,2,0,0,0,17,200,1,32,0,200,200,200,200,200
427320,1,30,0,0,0,1,8,2,0,0,0,17,200,0,24,0,200,200,200,200,200
427324,0,30,0,0,200,200,7,6,0,200,0,0,200,2,200,200,200,200,200,200,200
427325,0,30,0,0,0,1,7,5,0,0,0,0,0,2,200,200,200,200,200,200,200
427326,0,30,1,2,0,2,10,2,0,0,0,18,0,0,20,200,3,0,0,200,200
427326,0,30,1,2,0,2,10,2,0,0,0,18,0,0,29,200,0,0,0,200,200
427328,0,30,0,0,0,0,10,5,0,0,0,18,18,0,22,0,3,0,0,200,200
427328,0,30,0,0,0,0,10,5,0,0,0,18,18,0,27,0,0,0,0,200,200
427329,0,30,1,2,0,1,14,2,0,0,0,0,0,1,44,0,0,0,0,200,200
427329,0,30,1,2,0,1,14,2,0,0,0,0,0,0,39,0,0,0,0,200,200
427329,1,30,1,2,0,1,14,2,0,0,0,0,0,1,43,0,200,200,200,200,200
427329,1,30,1,2,0,1,14,2,0,0,0,0,0,0,38,0,200,200,200,200,200
427331,0,0,0,0,0,1,12,2,0,0,0,21,200,1,21,0,4,0,0,200,200
427331,0,0,0,0,0,1,12,2,0,0,0,21,200,0,61,0,0,0,0,200,200
427331,1,0,0,0,0,1,12,2,0,0,0,21,200,1,13,0,200,200,200,200,200
427337,0,30,1,2,0,1,12,5,0,0,0,0,200,1,26,0,12,0,0,200,200
427337,0,30,1,2,0,1,12,5,0,0,0,0,200,1,42,0,0,0,0,200,200
427337,1,30,1,2,0,1,12,5,0,0,0,0,200,0,4,5,200,200,200,200,200
427337,1,30,1,2,0,1,12,5,0,0,0,0,200,1,0,5,200,200,200,200,200
427337,1,30,1,2,0,1,12,5,0,0,0,0,200,1,55,0,200,200,200,200,200
427339,0,35,0,0,0,3,12,5,0,0,0,0,0,1,200,200,200,200,200,200,200
427339,0,35,0,0,0,3,12,5,0,0,0,0,0,1,29,0,0,0,0,200,200
427341,0,30,0,0,0,1,12,2,0,0,0,11,0,1,84,0,1,0,0,200,200
427341,0,30,0,0,0,1,12,2,0,0,0,11,0,0,51,0,0,0,0,200,200
427346,0,30,0,0,0,3,7,5,0,0,0,0,0,2,200,200,200,200,200,200,200
427347,0,30,0,0,1,1,14,3,0,0,0,23,200,0,0,0,0,0,0,200,200
427347,0,30,0,0,1,1,14,3,0,0,0,23,200,0,200,200,7,0,200,200,200
427347,1,30,0,0,1,1,14,3,0,0,0,23,200,1,24,0,200,200,200,200,200
427347,1,30,0,0,1,1,14,3,0,0,0,23,200,1,53,0,200,200,200,200,200
427347,1,30,0,0,1,1,14,3,0,0,0,23,200,0,7,0,200,200,200,200,200
427351,0,30,1,2,0,1,10,6,0,0,0,12,12,0,37,0,12,0,0,200,200
427351,0,30,1,2,0,1,10,6,0,0,0,12,12,0,200,0,0,0,0,200,200
427351,1,30,1,2,0,1,10,6,0,0,0,12,12,0,18,0,200,200,200,200,200
427364,0,20,2,1,1,1,12,5,0,0,0,0,22,0,200,200,2,200,200,200,200
427364,0,20,2,1,1,1,12,5,0,0,0,0,22,0,48,0,12,0,0,200,200
427365,0,25,1,2,0,1,0,5,0,0,0,3,3,1,30,0,9,0,0,200,200
427365,0,25,1,2,0,1,0,5,0,0,0,3,3,0,80,0,0,0,0,200,200
427365,1,25,1,2,0,1,0,5,0,0,0,3,3,0,34,0,200,200,200,200,200
427370,0,30,0,0,1,1,12,5,0,200,0,21,200,1,22,200,200,0,0,200,200
427370,0,30,0,0,1,1,12,5,0,200,0,21,200,0,61,200,0,0,0,200,200
427370,1,30,0,0,1,1,12,5,0,200,0,21,200,0,23,200,200,200,200,200,200
427372,0,30,2,0,0,0,10,2,0,0,0,0,0,0,200,200,200,200,200,200,200
427372,0,30,2,0,0,0,10,2,0,0,0,0,0,0,58,1,0,0,0,200,200
427372,1,30,2,0,0,0,10,2,0,0,0,0,0,200,200,200,200,200,200,200,200
427383,0,30,0,0,0,1,7,6,0,0,0,0,0,2,200,200,12,200,200,200,200
427388,0,30,200,200,200,200,12,200,0,200,200,0,200,0,57,200,200,200,200,200,200
427388,0,30,200,200,200,200,12,200,0,200,200,0,200,1,51,0,200,200,200,200,200
427388,1,30,200,200,200,200,12,200,0,200,200,0,200,1,200,200,200,200,200,200,200
427388,1,30,200,200,200,200,12,200,0,200,200,0,200,1,200,200,200,200,200,200,200
427388,1,30,200,200,200,200,12,200,0,200,200,0,200,1,53,0,200,200,200,200,200
427396,0,35,0,0,0,1,12,5,0,0,0,0,0,1,200,200,200,200,200,200,200
427396,0,35,0,0,0,1,12,5,0,0,0,0,0,1,43,7,0,0,0,200,200
427399,0,30,0,0,0,1,9,6,0,0,0,200,200,0,30,0,0,0,0,200,200
427399,5,30,0,0,0,1,9,6,0,0,0,200,200,0,13,7,200,0,0,200,200
427410,0,30,1,2,0,1,10,5,0,0,0,18,200,0,200,200,3,200,200,200,200
427410,0,30,1,2,0,1,10,5,0,0,0,18,200,1,55,0,0,0,0,200,200
427423,0,35,1,2,0,1,14,1,0,0,0,17,11,0,20,200,1,0,0,200,200
427423,0,35,1,2,0,1,14,1,0,0,0,17,11,0,45,200,0,0,0,200,200
427423,1,35,1,2,0,1,14,1,0,0,0,17,11,0,20,200,200,200,200,200,200
427423,1,35,1,2,0,1,14,1,0,0,0,17,11,1,36,200,200,200,200,200,200
427423,1,35,1,2,0,1,14,1,0,0,0,17,11,0,17,200,200,200,200,200,200
427423,1,35,1,2,0,1,14,1,0,0,0,17,11,200,10,200,200,200,200,200,200
427425,0,30,0,0,0,1,14,0,0,0,0,0,0,2,200,200,0,200,200,200,200
427425,0,30,0,0,0,1,14,0,0,0,0,0,0,1,33,0,0,0,0,200,200
427426,0,30,0,0,0,1,10,5,0,0,0,0,0,1,16,0,200,200,0,200,200