RD_NO,PERSON_TYPE,POSTED_SPEED_LIMIT,TRAFFIC_CONTROL_DEVICE,DEVICE_CONDITION,WEATHER_CONDITION,LIGHTING_CONDITION,FIRST_CRASH_TYPE,TRAFFICWAY_TYPE,ALIGNMENT,ROADWAY_SURFACE_COND,ROAD_DEFECT,PRIM_CONTRIBUTORY_CAUSE,SEC_CONTRIBUTORY_CAUSE,SEX,AGE,SAFETY_EQUIPMENT,DRIVER_ACTION,DRIVER_VISION,PHYSICAL_CONDITION,BAC_RESULT VALUE,CELL_PHONE_USE
427426,0,30,0,0,0,1,10,5,0,0,0,0,0,0,31,0,0,0,0,200,200
427427,0,30,0,0,0,1,7,5,0,0,0,0,0,0,200,200,200,200,200,200,200
427427,1,30,0,0,0,1,7,5,0,0,0,0,0,0,40,0,200,200,200,200,200
427431,0,30,0,0,0,1,7,5,0,0,0,0,200,2,200,200,200,200,200,200,200
427434,0,30,1,2,0,1,0,1,0,0,0,6,200,0,43,0,1,0,0,200,200
427434,0,30,1,2,0,1,0,1,0,0,0,6,200,0,89,0,5,0,0,200,200
427434,1,30,1,2,0,1,0,1,0,0,0,6,200,0,77,0,200,200,200,200,200
427435,0,30,1,2,0,4,9,2,0,0,0,17,17,0,200,200,1,200,200,200,200
427435,5,30,1,2,0,4,9,2,0,0,0,17,17,0,18,7,0,0,0,200,200
427436,0,30,1,2,0,1,12,2,0,0,0,22,200,2,200,200,4,200,200,200,200
427436,0,30,1,2,0,1,12,2,0,0,0,22,200,0,37,0,0,0,0,200,200
427441,0,30,0,0,0,1,0,2,0,0,0,23,16,1,23,200,200,200,0,200,200
427441,0,30,0,0,0,1,0,2,0,0,0,23,16,0,50,200,200,200,0,200,200
427442,0,30,1,2,2,3,14,2,0,1,200,21,0,1,18,200,4,200,200,200,200
427442,0,30,1,2,2,3,14,2,0,1,200,21,0,1,47,0,0,200,200,200,200
427442,1,30,1,2,2,3,14,2,0,1,200,21,0,0,40,0,200,200,200,200,200
427443,0,30,0,0,0,1,10,5,0,0,4,29,200,0,17,0,12,0,0,200,200
427443,0,30,0,0,0,1,10,5,0,0,4,29,200,1,43,200,0,0,0,200,200
427443,1,30,0,0,0,1,10,5,0,0,4,29,200,0,200,200,200,200,200,200,200
427443,1,30,0,0,0,1,10,5,0,0,4,29,200,1,3,5,200,200,200,200,200
427446,0,30,0,0,0,200,7,7,0,200,200,0,0,2,200,200,200,200,200,200,200
427450,0,35,0,0,0,1,10,5,0,0,0,0,0,0,30,0,0,0,0,200,200
427450,0,35,0,0,0,1,10,5,0,0,0,0,0,0,30,0,0,0,0,200,200
427461,0,35,0,0,1,1,5,3,0,0,1,28,29,0,200,0,0,0,0,200,200
427468,0,25,0,0,0,1,12,6,0,0,0,17,21,1,27,200,1,0,0,200,200
427468,0,25,0,0,0,1,12,6,0,0,0,17,21,1,27,200,0,0,0,200,200
427472,0,30,0,0,0,1,14,3,0,0,200,17,22,0,200,200,1,200,200,200,200
427472,0,30,0,0,0,1,14,3,0,0,200,17,22,1,35,0,0,0,0,200,200
427474,0,30,2,2,0,1,8,5,0,0,0,17,11,0,46,200,1,0,0,200,200
427474,4,30,2,2,0,1,8,5,0,0,0,17,11,0,50,200,0,0,0,200,200
427476,0,30,0,0,0,1,10,5,0,0,0,18,200,1,26,200,3,0,0,200,200
427476,0,30,0,0,0,1,10,5,0,0,0,18,200,0,48,0,0,0,0,200,200
427477,0,30,1,2,0,1,10,5,0,0,0,0,0,0,200,200,200,200,200,200,200
427477,0,30,1,2,0,1,10,5,0,0,0,0,0,0,80,200,200,0,0,200,200
427477,1,30,1,2,0,1,10,5,0,0,0,0,0,0,38,200,200,200,200,200,200
427479,0,30,0,0,0,2,7,5,0,0,200,0,0,2,200,200,200,200,200,200,200
427480,0,25,1,2,0,1,10,6,0,0,0,18,0,0,61,0,3,0,0,200,200
427480,0,25,1,2,0,1,10,6,0,0,0,18,0,1,80,0,0,0,0,200,200
427480,1,25,1,2,0,1,10,6,0,0,0,18,0,1,73,0,200,200,200,200,200
427484,0,30,0,0,0,1,10,5,0,0,0,18,18,0,47,200,3,200,0,200,200
427484,0,30,0,0,0,1,10,5,0,0,0,18,18,0,50,0,0,12,0,200,200
427487,0,30,1,2,0,1,12,8,0,0,0,17,200,0,20,200,4,0,0,200,200
427487,0,30,1,2,0,1,12,8,0,0,0,17,200,1,47,200,0,0,0,200,200
427487,1,30,1,2,0,1,12,8,0,0,0,17,200,200,200,200,200,200,200,200,200
427492,0,30,0,0,1,1,7,5,0,0,0,0,0,1,35,0,200,0,0,200,200
427493,0,25,0,0,0,1,7,5,0,0,0,12,0,1,44,0,12,0,0,200,200
427494,0,30,1,200,1,1,10,5,0,200,200,0,200,0,22,200,3,0,0,200,200
427494,0,30,1,200,1,1,10,5,0,200,200,0,200,0,31,200,200,0,0,200,200
427494,1,30,1,200,1,1,10,5,0,200,200,0,200,1,200,200,200,200,200,200,200
427494,1,30,1,200,1,1,10,5,0,200,200,0,200,0,200,7,200,200,200,200,200
427497,0,30,1,2,0,1,7,1,0,0,0,21,17,1,22,0,4,0,0,200,200
427497,1,30,1,2,0,1,7,1,0,0,0,21,17,1,21,0,200,200,200,200,200
427499,0,30,0,0,0,1,12,5,0,0,0,22,22,0,42,200,1,200,0,200,200
427499,0,30,0,0,0,1,12,5,0,0,0,22,22,1,33,200,0,200,0,200,200
427505,0,30,0,0,0,2,10,5,0,0,0,18,0,1,32,0,3,0,0,200,200
427505,0,30,0,0,0,2,10,5,0,0,0,18,0,1,49,0,0,0,0,200,200
427521,0,30,1,2,0,1,0,5,0,0,0,6,0,0,200,200,5,200,200,200,200
427521,0,30,1,2,0,1,0,5,0,0,0,6,0,0,62,0,0,0,0,200,200
427527,0,30,1,2,0,1,10,5,0,0,0,18,200,0,40,0,3,0,0,200,200
427527,0,30,1,2,0,1,10,5,0,0,0,18,200,1,25,0,0,0,0,200,200
427536,0,30,0,0,0,1,10,5,0,0,0,0,200,2,200,200,12,200,200,200,200
427536,0,30,0,0,0,1,10,5,0,0,0,0,200,1,46,0,12,0,0,200,200
427536,0,30,0,0,0,1,10,5,0,0,0,0,200,1,37,0,12,0,0,200,200
427536,0,30,0,0,0,1,10,5,0,0,0,0,200,0,36,0,12,0,0,200,200
427537,0,30,2,2,0,1,10,5,0,0,0,18,200,1,200,200,3,200,200,200,200
427537,0,30,2,2,0,1,10,5,0,0,0,18,200,1,31,0,0,0,0,200,200
427538,0,20,0,0,0,1,8,5,0,0,0,17,200,0,26,0,1,0,0,200,200
427538,4,20,0,0,0,1,8,5,0,0,0,17,200,0,15,7,0,0,0,200,200
427542,0,30,0,0,0,1,10,3,0,0,200,18,200,0,200,200,3,200,200,200,200
427542,0,30,0,0,0,1,10,3,0,0,200,18,200,1,28,0,0,200,0,200,200
427543,0,30,0,0,0,1,10,7,0,0,0,200,20,0,200,200,6,200,200,200,200
427543,0,30,0,0,0,1,10,7,0,0,0,200,20,1,27,0,0,0,0,200,200
427544,0,30,1,2,0,1,10,5,0,0,0,11,200,1,37,0,1,0,0,200,200
427544,0,30,1,2,0,1,10,5,0,0,0,11,200,0,200,200,0,200,200,200,200
427544,1,30,1,2,0,1,10,5,0,0,0,11,200,0,57,0,200,200,200,200,200
427549,0,15,0,0,0,4,9,7,0,0,0,0,0,0,200,200,12,200,200,200,200
427549,5,15,0,0,0,4,9,7,0,0,0,0,0,0,31,200,0,0,0,200,200
427559,0,30,0,0,1,4,12,5,0,0,0,23,21,0,49,0,12,0,0,200,200
427559,0,30,0,0,1,4,12,5,0,0,0,23,21,0,21,200,12,0,0,200,200
427559,1,30,0,0,1,4,12,5,0,0,0,23,21,1,18,200,200,200,200,200,200
427559,1,30,0,0,1,4,12,5,0,0,0,23,21,0,13,1,200,200,200,200,200
427561,0,30,0,0,0,1,10,2,0,0,0,18,0,0,24,200,200,200,0,200,200
427561,0,30,0,0,0,1,10,2,0,0,0,18,0,0,39,200,0,200,0,200,200
427563,0,0,1,2,0,1,10,2,0,0,0,18,0,0,200,200,3,200,200,200,200
427563,0,0,1,2,0,1,10,2,0,0,0,18,0,0,89,0,12,0,0,200,200
427564,0,30,0,0,200,3,7,5,0,200,0,0,200,2,200,200,200,200,200,200,200
427576,0,30,2,2,0,1,10,6,0,0,200,0,0,0,49,0,3,200,0,200,200
427576,0,30,2,2,0,1,10,6,0,0,200,0,0,1,0,0,0,0,0,200,200
427578,0,30,0,0,0,1,14,2,0,0,0,0,0,0,26,0,3,0,0,200,200
427578,0,30,0,0,0,1,14,2,0,0,0,0,0,0,24,0,0,0,0,200,200
427578,1,30,0,0,0,1,14,2,0,0,0,0,0,1,24,0,200,200,200,200,200
427579,0,30,1,2,0,1,12,5,0,0,0,16,0,0,200,200,4,200,200,200,200
427579,0,30,1,2,0,1,12,5,0,0,0,16,0,1,50,0,0,0,0,200,200
427579,1,30,1,2,0,1,12,5,0,0,0,16,0,0,26,0,200,200,200,200,200
427581,0,25,0,0,200,3,7,6,0,200,200,0,0,2,200,200,200,200,200,200,200
427584,0,30,0,0,0,1,7,6,0,0,0,0,200,2,200,200,200,200,200,200,200
427585,0,30,0,0,0,1,0,5,0,0,200,200,17,0,39,0,1,0,0,200,200
427585,0,30,0,0,0,1,0,5,0,0,200,200,17,0,27,0,0,0,0,200,200
427585,1,30,0,0,0,1,0,5,0,0,200,200,17,0,200,0,200,200,200,200,200
427588,0,30,0,0,0,1,10,5,0,0,0,16,200,0,20,0,1,0,0,200,200
427588,0,30,0,0,0,1,10,5,0,0,0,16,200,0,28,0,0,0,0,200,200
427588,1,30,0,0,0,1,10,5,0,0,0,16,200,1,200,0,200,200,200,200,200
427589,0,30,0,0,0,1,14,2,0,0,0,0,200,0,25,0,200,200,0,200,200
427589,0,30,0,0,0,1,14,2,0,0,0,0,200,0,30,0,200,200,0,200,200
427589,1,30,0,0,0,1,14,2,0,0,0,0,200,1,28,0,200,200,200,200,200
427589,1,30,0,0,0,1,14,2,0,0,0,0,200,1,25,0,200,200,200,200,200
427589,1,30,0,0,0,1,14,2,0,0,0,0,200,1,25,0,200,200,200,200,200
427589,1,30,0,0,0,1,14,2,0,0,0,0,200,1,25,0,200,200,200,200,200
427591,0,35,1,2,0,1,10,5,0,0,0,0,0,0,20,0,0,0,0,200,200
427591,0,35,1,2,0,1,10,5,0,0,0,0,0,0,37,7,0,0,0,200,200
427594,0,30,0,0,1,1,12,5,0,0,0,0,200,1,38,0,12,0,0,200,200
427594,0,30,0,0,1,1,12,5,0,0,0,0,200,0,32,0,200,0,0,200,200
427599,0,45,0,0,0,1,10,6,0,0,200,18,22,0,61,200,3,200,0,200,200
427599,0,45,0,0,0,1,10,6,0,0,200,18,22,1,56,200,2,200,200,200,200
427601,0,30,2,2,0,1,10,2,0,0,200,20,0,0,200,200,6,200,200,200,200
427601,0,30,2,2,0,1,10,2,0,0,200,20,0,1,46,0,0,0,0,200,200
427601,1,30,2,2,0,1,10,2,0,0,200,20,0,1,59,0,200,200,200,200,200
427607,0,30,0,0,0,1,7,7,0,0,0,20,0,0,54,0,6,4,0,200,200
427608,0,30,0,0,0,0,10,6,0,0,0,16,18,1,200,200,0,200,200,200,200
427608,0,30,0,0,0,0,10,6,0,0,0,16,18,1,41,200,0,0,0,200,200
427609,0,30,0,0,0,1,14,6,0,0,0,21,200,0,17,200,7,0,0,200,200
427609,0,30,0,0,0,1,14,6,0,0,0,21,200,0,200,200,12,200,200,200,200
427611,0,30,0,0,0,1,12,5,0,0,0,17,200,0,23,0,1,0,0,200,200
427611,0,30,0,0,0,1,12,5,0,0,0,17,200,1,31,0,0,0,0,200,200
427612,0,30,1,2,1,1,10,5,0,0,0,18,0,0,200,200,3,0,0,200,200
427612,0,30,1,2,1,1,10,5,0,0,0,18,0,1,0,200,0,0,0,200,200
427613,0,30,1,2,0,1,14,2,0,0,0,17,200,1,41,0,1,0,0,200,200
427613,0,30,1,2,0,1,14,2,0,0,0,17,200,0,44,0,0,0,0,200,200
427613,1,30,1,2,0,1,14,2,0,0,0,17,200,1,45,0,200,200,200,200,200
427616,0,30,1,2,1,1,10,5,0,0,0,18,200,0,59,200,8,200,200,200,200
427616,0,30,1,2,1,1,10,5,0,0,0,18,200,1,37,0,3,0,0,200,200
427617,0,25,200,200,1,1,7,6,0,0,0,0,0,2,200,200,200,200,200,200,200
427617,1,25,200,200,1,1,7,6,0,0,0,0,0,2,200,200,200,200,200,200,200
427626,0,30,0,0,0,1,0,2,0,0,0,17,0,1,42,7,1,0,0,200,200
427626,0,30,0,0,0,1,0,2,0,0,0,17,0,0,33,7,12,0,0,200,200
427626,1,30,0,0,0,1,0,2,0,0,0,17,0,1,90,7,200,200,200,200,200
427626,1,30,0,0,0,1,0,2,0,0,0,17,0,0,13,7,200,200,200,200,200
427626,1,30,0,0,0,1,0,2,0,0,0,17,0,0,10,7,200,200,200,200,200
427630,0,30,0,0,0,1,12,2,0,0,0,22,18,0,200,0,2,0,0,200,200
427630,0,30,0,0,0,1,12,2,0,0,0,22,18,1,35,0,12,0,0,200,200
427634,0,30,0,0,0,1,7,5,0,0,0,0,0,2,200,200,1,200,200,200,200
427637,0,35,1,2,1,1,14,1,0,0,0,11,27,1,73,0,7,0,0,200,200
427637,0,35,1,2,1,1,14,1,0,0,0,11,27,0,28,0,0,0,0,200,200
427637,1,35,1,2,1,1,14,1,0,0,0,11,27,1,200,0,200,200,200,200,200
427639,0,30,2,2,0,1,14,2,0,0,0,0,0,1,200,200,200,200,200,200,200
427639,0,30,2,2,0,1,14,2,0,0,0,0,0,0,26,0,0,0,0,200,200
427639,1,30,2,2,0,1,14,2,0,0,0,0,0,0,27,0,200,200,200,200,200
427639,1,30,2,2,0,1,14,2,0,0,0,0,0,1,29,0,200,200,200,200,200
427640,0,30,0,0,0,1,7,3,0,0,0,20,200,1,200,200,6,200,200,200,200
427641,0,0,0,0,1,1,0,5,0,0,0,17,200,0,200,200,1,200,200,200,200
427641,0,0,0,0,1,1,0,5,0,0,0,17,200,0,82,200,0,0,0,200,200
427643,0,30,1,2,1,2,12,5,0,0,0,7,18,0,33,200,3,0,0,200,200
427643,0,30,1,2,1,2,12,5,0,0,0,7,18,0,28,200,0,200,200,200,200
427643,0,30,1,2,1,2,12,5,0,0,0,7,18,1,44,200,0,0,0,200,200
427647,0,30,200,200,0,1,10,2,0,0,0,16,0,0,200,200,200,200,200,200,200
427647,0,30,200,200,0,1,10,2,0,0,0,16,0,1,50,200,200,200,0,200,200
427651,0,30,0,0,1,1,2,5,0,0,0,0,0,0,200,200,200,200,200,200,200
427651,1,30,0,0,1,1,2,5,0,0,0,0,0,0,200,200,200,200,200,200,200
427658,0,30,200,0,0,4,10,5,0,200,200,0,0,1,82,0,200,200,200,200,200
427658,0,30,200,0,0,4,10,5,0,200,200,0,0,1,200,200,200,200,200,200,200
427661,0,30,0,0,0,1,10,5,0,0,0,18,18,2,200,200,3,200,200,200,200
427661,0,30,0,0,0,1,10,5,0,0,0,18,18,0,31,0,0,0,0,200,200
427663,0,35,0,0,0,1,10,2,0,0,0,16,18,1,34,200,1,0,0,200,200
427663,0,35,0,0,0,1,10,2,0,0,0,16,18,0,56,0,0,0,0,200,200
427667,0,30,1,2,0,1,12,5,0,0,200,22,200,0,41,200,4,200,200,200,200
427667,0,30,1,2,0,1,12,5,0,0,200,22,200,1,35,0,0,200,0,200,200
427668,0,20,0,0,0,200,7,6,0,0,0,0,0,2,200,200,200,200,200,200,200
427669,0,30,1,2,0,1,10,5,0,0,0,18,0,0,27,200,3,0,200,200,200
427669,0,30,1,2,0,1,10,5,0,0,0,18,0,0,38,0,0,0,0,200,200
427675,0,0,0,0,1,1,7,7,0,0,0,20,200,0,57,200,6,0,0,200,200
427676,0,25,0,0,0,1,7,5,0,0,0,21,0,1,53,0,10,0,0,200,200
427679,0,30,0,0,0,1,12,2,0,0,0,0,0,0,19,200,200,200,200,200,200
427679,0,30,0,0,0,1,12,2,0,0,0,0,0,1,31,0,0,0,0,200,200
427688,0,30,1,2,0,1,7,2,0,0,200,27,200,1,47,0,12,200,2,200,200
427691,0,30,2,2,0,1,10,200,0,0,0,20,0,1,200,200,6,200,200,200,200
427691,0,30,2,2,0,1,10,200,0,0,0,20,0,1,64,0,200,0,0,200,200
427692,0,30,0,0,0,1,0,5,0,0,0,17,200,1,58,200,1,200,0,200,200
427692,0,30,0,0,0,1,0,5,0,0,0,17,200,0,67,200,0,200,0,200,200
427695,0,30,0,0,0,1,10,7,0,0,0,0,0,1,200,200,200,200,200,200,200
427695,0,30,0,0,0,1,10,7,0,0,0,0,0,0,26,200,0,0,0,200,200
427696,0,30,1,2,0,1,10,12,0,0,0,18,0,0,200,200,12,200,200,200,200
427696,0,30,1,2,0,1,10,12,0,0,0,18,0,0,46,0,3,0,0,200,200
427699,0,30,1,2,200,3,14,5,0,200,200,17,23,0,23,200,7,0,0,200,200
427699,0,30,1,2,200,3,14,5,0,200,200,17,23,0,33,200,0,0,0,200,200
427700,0,30,0,0,2,1,12,5,0,0,0,0,0,0,21,200,200,200,200,200,200
427700,0,30,0,0,2,1,12,5,0,0,0,0,0,0,52,0,0,0,200,200,200
427701,0,0,1,200,0,1,0,6,0,0,0,17,200,0,200,200,5,200,200,200,200
427701,0,0,1,200,0,1,0,6,0,0,0,17,200,1,58,200,0,0,0,200,200
427705,0,30,0,0,0,1,12,1,0,0,0,0,0,1,62,7,0,0,0,200,200
427705,0,30,0,0,0,1,12,1,0,0,0,0,0,0,20,7,0,0,0,200,200
427705,1,30,0,0,0,1,12,1,0,0,0,0,0,0,200,7,200,200,200,200,200
427713,0,30,0,0,0,1,10,2,0,0,0,11,16,1,24,200,3,0,0,200,200
427713,0,30,0,0,0,1,10,2,0,0,0,11,16,1,29,200,0,200,0,200,200
427713,0,30,0,0,0,1,10,2,0,0,0,11,16,0,200,200,200,200,200,200,200
427714,0,30,0,0,0,1,10,2,0,0,0,18,0,1,200,0,3,0,0,200,200
427714,0,30,0,0,0,1,10,2,0,0,0,18,0,1,49,0,0,0,0,200,200
427719,0,30,1,2,0,1,14,5,0,0,0,17,200,0,200,0,1,1,0,200,200
427719,0,30,1,2,0,1,14,5,0,0,0,17,200,1,27,0,0,0,0,200,200
427719,1,30,1,2,0,1,14,5,0,0,0,17,200,0,20,0,200,200,200,200,200
427722,0,30,0,0,0,1,2,3,0,0,1,29,0,0,51,0,0,0,0,200,200
427723,0,30,0,0,1,1,7,5,0,0,0,11,200,0,48,0,12,0,0,200,200
427726,0,30,1,2,1,4,14,5,0,0,200,23,200,1,29,200,7,200,0,200,200
427726,0,30,1,2,1,4,14,5,0,0,200,23,200,0,27,200,0,200,0,200,200
427726,1,30,1,2,1,4,14,5,0,0,200,23,200,1,18,200,200,200,200,200,200
427734,0,30,0,2,0,2,14,5,0,0,0,20,21,0,29,200,6,0,5,200,200
427734,0,30,0,2,0,2,14,5,0,0,0,20,21,0,49,200,2,0,0,200,200
427744,0,30,1,2,0,1,8,5,0,0,0,0,0,1,200,200,1,200,200,200,200
427744,4,30,1,2,0,1,8,5,0,0,0,0,0,0,29,7,0,0,0,200,200
427765,0,30,1,2,0,1,10,5,0,0,0,18,0,1,18,200,3,200,200,200,200
427765,0,30,1,2,0,1,10,5,0,0,0,18,0,1,42,0,0,0,0,200,200
427767,0,30,0,0,0,1,0,12,0,0,0,17,11,0,27,0,1,0,0,200,200
427767,0,30,0,0,0,1,0,12,0,0,0,17,11,0,200,200,200,200,200,200,200
427775,0,30,0,0,0,1,7,7,0,0,0,0,200,2,200,200,200,200,200,200,200
427776,0,30,1,0,0,1,0,5,0,0,0,6,200,0,42,200,5,0,0,200,200
427776,0,30,1,0,0,1,0,5,0,0,0,6,200,0,41,0,0,0,0,200,200
427782,0,30,1,2,0,4,0,5,0,0,0,0,0,0,41,200,1,200,200,200,200
427782,0,30,1,2,0,4,0,5,0,0,0,0,0,0,42,0,0,0,0,200,200
427785,0,30,0,0,0,1,12,5,0,0,0,0,0,0,52,0,1,0,0,200,200
427785,0,30,0,0,0,1,12,5,0,0,0,0,0,1,37,0,0,0,0,200,200
427793,0,30,1,2,1,4,12,5,0,0,0,18,200,1,46,200,3,0,0,200,200
427793,0,30,1,2,1,4,12,5,0,0,0,18,200,0,38,200,0,0,0,200,200
427793,1,30,1,2,1,4,12,5,0,0,0,18,200,1,4,5,200,200,200,200,200
427798,0,30,0,0,0,1,7,6,3,0,0,0,0,1,76,0,200,0,0,200,200
427804,0,35,1,2,0,3,0,3,0,0,0,6,6,1,23,0,1,0,0,200,200
427804,0,35,1,2,0,3,0,3,0,0,0,6,6,0,28,0,0,0,0,200,200
427808,0,25,0,0,2,0,7,5,0,1,0,0,200,1,24,0,8,0,0,200,200
427816,0,30,1,2,0,0,14,3,0,0,0,16,18,0,75,0,1,0,0,200,200
427816,0,30,1,2,0,0,14,3,0,0,0,16,18,0,24,0,0,0,0,200,200
427816,1,30,1,2,0,0,14,3,0,0,0,16,18,1,28,0,200,200,200,200,200
427816,1,30,1,2,0,0,14,3,0,0,0,16,18,1,1,0,200,200,200,200,200
427839,0,30,1,2,0,1,10,5,0,0,0,18,200,1,29,0,3,0,0,200,200
427839,0,30,1,2,0,1,10,5,0,0,0,18,200,1,35,0,0,0,0,200,200
427839,1,30,1,2,0,1,10,5,0,0,0,18,200,1,200,5,200,200,200,200,200
427840,0,30,0,0,0,1,12,5,0,0,0,22,22,0,200,7,2,0,0,200,200
427840,0,30,0,0,0,1,12,5,0,0,0,22,22,1,29,0,0,0,0,200,200
427846,0,30,2,2,0,3,0,12,0,0,0,5,200,1,26,200,5,0,0,200,200
427846,0,30,2,2,0,3,0,12,0,0,0,5,200,1,33,0,0,0,0,200,200
427846,1,30,2,2,0,3,0,12,0,0,0,5,200,0,200,0,200,200,200,200,200
427856,0,30,0,0,0,3,7,6,0,0,0,0,200,2,200,200,200,200,200,200,200
427859,0,30,0,0,0,0,14,5,0,0,0,22,22,0,200,200,7,200,200,200,200
427859,0,30,0,0,0,0,14,5,0,0,0,22,22,1,34,0,0,0,0,200,200
427859,1,30,0,0,0,0,14,5,0,0,0,22,22,1,200,0,200,200,200,200,200
427859,1,30,0,0,0,0,14,5,0,0,0,22,22,1,53,0,200,200,200,200,200
427859,1,30,0,0,0,0,14,5,0,0,0,22,22,1,9,0,200,200,200,200,200
427859,1,30,0,0,0,0,14,5,0,0,0,22,22,1,2,0,200,200,200,200,200
427859,1,30,0,0,0,0,14,5,0,0,0,22,22,1,34,0,200,200,200,200,200
427869,0,15,0,0,0,0,9,7,0,0,0,0,0,0,57,200,200,0,0,200,200
427869,5,15,0,0,0,0,9,7,0,0,0,0,0,0,52,7,200,200,0,200,200
427871,0,30,0,0,0,3,7,5,0,0,0,0,200,1,200,200,6,200,200,200,200
427875,0,30,1,2,0,0,0,3,0,0,0,17,6,0,47,0,1,0,0,200,200
427875,0,30,1,2,0,0,0,3,0,0,0,17,6,1,15,0,0,0,0,200,200
427875,1,30,1,2,0,0,0,3,0,0,0,17,6,1,48,0,200,200,200,200,200
427881,0,25,0,0,0,3,0,5,0,0,0,17,0,0,33,0,1,0,0,200,200
427881,0,25,0,0,0,3,0,5,0,0,0,17,0,1,20,0,12,0,0,200,200
427891,0,30,1,2,0,3,12,2,0,0,0,22,200,2,200,200,4,200,200,200,200
427891,0,30,1,2,0,3,12,2,0,0,0,22,200,0,30,0,0,0,0,200,200
427891,1,30,1,2,0,3,12,2,0,0,0,22,200,1,200,0,200,200,200,200,200
427893,0,30,2,2,0,3,0,12,0,0,0,16,16,1,44,0,0,12,0,200,200
427893,0,30,2,2,0,3,0,12,0,0,0,16,16,0,36,0,12,0,0,200,200
427893,1,30,2,2,0,3,0,12,0,0,0,16,16,1,200,0,200,200,200,200,200
427895,0,30,0,0,0,3,0,5,0,0,0,0,0,0,46,0,200,200,0,200,200
427895,0,30,0,0,0,3,0,5,0,0,0,0,0,0,62,0,200,200,0,200,200
427908,0,30,0,0,0,1,9,0,0,0,0,0,200,0,200,200,200,200,200,200,200
427908,5,30,0,0,0,1,9,0,0,0,0,0,200,0,24,7,12,12,0,200,200
427909,5,30,1,2,0,3,9,2,0,0,0,17,0,0,57,200,1,200,200,200,200
427909,0,30,1,2,0,3,9,2,0,0,0,17,0,0,28,200,0,0,0,200,200
427920,0,30,1,2,0,2,10,5,0,0,0,0,18,2,200,200,200,200,200,200,200
427920,0,30,1,2,0,2,10,5,0,0,0,0,18,0,42,200,0,0,0,200,200
427920,1,30,1,2,0,2,10,5,0,0,0,0,18,1,200,200,200,200,200,200,200
427923,0,15,0,0,0,0,7,0,0,0,0,0,0,0,25,200,6,200,200,200,200
427924,0,30,0,0,0,4,7,6,0,0,0,0,0,2,200,200,6,200,200,200,200
427927,0,30,0,0,0,3,7,5,0,0,0,25,0,2,200,200,200,200,200,200,200
427929,0,30,0,0,0,1,7,7,0,0,0,20,0,1,76,200,6,200,0,200,200
427931,0,30,1,2,0,3,12,2,0,0,0,22,200,1,57,0,4,12,0,200,200
427931,0,30,1,2,0,3,12,2,0,0,0,22,200,1,22,0,4,0,0,200,200
427931,1,30,1,2,0,3,12,2,0,0,0,22,200,1,21,0,200,200,200,200,200
427938,0,30,1,2,0,3,0,1,0,0,0,6,16,2,200,200,5,200,200,200,200
427938,0,30,1,2,0,3,0,1,0,0,0,6,16,1,32,0,0,0,0,200,200
427938,1,30,1,2,0,3,0,1,0,0,0,6,16,1,48,0,200,200,200,200,200
427944,0,30,0,0,0,3,12,5,0,0,0,0,0,0,23,0,200,0,0,200,200
427944,0,30,0,0,0,3,12,5,0,0,0,0,0,0,200,200,200,200,200,200,200
427945,0,30,1,2,0,3,10,5,2,0,200,0,0,1,200,200,200,200,200,200,200
427945,0,30,1,2,0,3,10,5,2,0,200,0,0,0,29,0,0,0,0,200,200
427945,0,30,1,2,0,3,10,5,2,0,200,0,0,1,43,0,0,0,0,200,200
427945,1,30,1,2,0,3,10,5,2,0,200,0,0,1,19,0,200,200,200,200,200
427949,0,30,1,2,0,3,14,5,0,0,0,17,32,0,26,200,1,200,0,200,200
427949,0,30,1,2,0,3,14,5,0,0,0,17,32,0,30,200,12,200,0,200,200
427952,0,25,1,2,0,0,7,2,0,0,0,0,0,0,58,200,0,0,0,200,200
427952,1,25,1,2,0,0,7,2,0,0,0,0,0,1,200,0,200,200,200,200,200
427953,0,30,2,2,0,1,7,6,0,0,0,0,0,2,200,200,200,200,200,200,200
427959,0,35,0,2,0,4,2,5,3,0,0,200,200,0,23,0,12,0,0,200,200
427964,0,30,0,0,200,200,7,6,0,200,0,0,200,2,200,200,200,200,200,200,200
427968,0,30,0,0,0,3,7,6,0,0,0,17,200,0,47,0,0,0,0,200,200
427968,1,30,0,0,0,3,7,6,0,0,0,17,200,1,200,200,200,200,200,200,200
427968,1,30,0,0,0,3,7,6,0,0,0,17,200,1,59,200,200,200,200,200,200
427984,0,25,0,0,0,3,7,5,0,0,3,11,200,0,24,0,12,0,0,200,200
427986,0,35,1,2,0,3,12,1,0,0,200,16,21,1,28,200,1,0,200,200,200
427986,0,35,1,2,0,3,12,1,0,0,200,16,21,0,37,200,200,12,7,200,200
427986,1,35,1,2,0,3,12,1,0,0,200,16,21,1,28,200,200,200,200,200,200
427992,0,25,0,0,0,0,7,5,0,0,0,20,200,1,200,200,6,200,200,200,200
428004,0,30,0,0,0,3,10,5,0,0,0,33,0,1,67,0,200,0,0,200,200
428004,0,30,0,0,0,3,10,5,0,0,0,33,0,1,26,0,0,0,0,200,200
428028,0,35,2,2,0,3,12,6,0,0,0,22,16,0,200,200,2,200,200,200,200
428028,0,35,2,2,0,3,12,6,0,0,0,22,16,1,28,200,0,0,0,200,200
428029,0,35,0,0,0,3,10,2,3,0,0,28,15,0,22,0,8,0,0,200,200
428029,0,35,0,0,0,3,10,2,3,0,0,28,15,0,49,0,0,0,0,200,200
428029,1,35,0,0,0,3,10,2,3,0,0,28,15,0,22,0,200,200,200,200,200