RD_NO,PERSON_TYPE,POSTED_SPEED_LIMIT,TRAFFIC_CONTROL_DEVICE,DEVICE_CONDITION,WEATHER_CONDITION,LIGHTING_CONDITION,FIRST_CRASH_TYPE,TRAFFICWAY_TYPE,ALIGNMENT,ROADWAY_SURFACE_COND,ROAD_DEFECT,PRIM_CONTRIBUTORY_CAUSE,SEC_CONTRIBUTORY_CAUSE,SEX,AGE,SAFETY_EQUIPMENT,DRIVER_ACTION,DRIVER_VISION,PHYSICAL_CONDITION,BAC_RESULT VALUE,CELL_PHONE_USE
428041,0,30,2,2,0,3,12,2,0,0,200,22,200,0,200,200,5,200,200,200,200
428041,0,30,2,2,0,3,12,2,0,0,200,22,200,1,27,200,0,0,0,200,200
428052,0,30,3,0,0,3,7,1,0,0,0,16,200,0,200,200,200,200,200,200,200
428052,1,30,3,0,0,3,7,1,0,0,0,16,200,0,200,0,200,200,200,200,200
428056,0,35,1,2,0,0,7,3,0,0,0,200,200,1,40,200,200,0,0,200,200
428056,1,35,1,2,0,0,7,3,0,0,0,200,200,0,54,200,200,200,200,200,200
428056,1,35,1,2,0,0,7,3,0,0,0,200,200,0,53,200,200,200,200,200,200
428056,1,35,1,2,0,0,7,3,0,0,0,200,200,1,37,200,200,200,200,200,200
428057,0,30,0,0,0,200,7,6,0,0,0,0,0,2,200,200,200,200,200,200,200
428072,0,35,1,2,0,0,10,5,0,0,0,18,200,0,200,200,3,200,200,200,200
428072,0,35,1,2,0,0,10,5,0,0,0,18,200,0,54,0,0,0,0,200,200
428072,1,35,1,2,0,0,10,5,0,0,0,18,200,0,26,0,200,200,200,200,200
428075,0,40,1,2,0,3,10,8,2,0,0,32,25,0,22,0,3,0,5,0.05,200
428075,0,40,1,2,0,3,10,8,2,0,0,32,25,0,29,0,0,0,0,200,200
428075,1,40,1,2,0,3,10,8,2,0,0,32,25,1,22,0,200,200,200,200,200
428075,1,40,1,2,0,3,10,8,2,0,0,32,25,1,22,0,200,200,200,200,200
428076,0,30,0,0,0,3,4,5,0,0,0,0,200,0,38,2,200,0,7,200,200
428078,0,30,0,0,0,3,7,2,0,0,0,0,200,2,200,200,200,200,200,200,200
428079,0,30,1,2,0,3,10,5,0,0,0,0,21,0,42,200,3,200,200,200,200
428079,0,30,1,2,0,3,10,5,0,0,0,0,21,0,67,7,0,0,0,200,200
428085,0,30,1,2,0,3,14,1,0,0,0,21,200,0,200,200,7,200,200,200,200
428085,0,30,1,2,0,3,14,1,0,0,0,21,200,1,51,0,0,0,0,200,200
428085,1,30,1,2,0,3,14,1,0,0,0,21,200,2,200,200,200,200,200,200,200
428085,1,30,1,2,0,3,14,1,0,0,0,21,200,2,200,200,200,200,200,200,200
428088,0,30,1,2,0,3,0,2,0,0,0,6,16,0,19,200,5,0,200,200,200
428088,0,30,1,2,0,3,0,2,0,0,0,6,16,0,41,200,12,0,0,200,200
428093,0,30,1,2,0,3,10,1,0,0,0,32,25,0,54,200,1,0,5,0.24,200
428093,0,30,1,2,0,3,10,1,0,0,0,32,25,1,26,0,0,0,0,200,200
428093,1,30,1,2,0,3,10,1,0,0,0,32,25,200,200,0,200,200,200,200,200
428093,1,30,1,2,0,3,10,1,0,0,0,32,25,200,200,0,200,200,200,200,200
428093,1,30,1,2,0,3,10,1,0,0,0,32,25,200,200,0,200,200,200,200,200
428095,0,30,2,2,0,3,2,5,0,0,0,16,200,0,200,200,12,200,200,200,200
428095,1,30,2,2,0,3,2,5,0,0,0,16,200,1,17,0,200,200,200,200,200
428095,1,30,2,2,0,3,2,5,0,0,0,16,200,1,16,0,200,200,200,200,200
428103,0,30,0,0,3,3,2,5,0,0,200,8,200,0,51,0,12,200,0,200,200
428103,1,30,0,0,3,3,2,5,0,0,200,8,200,1,50,0,200,200,200,200,200
428104,0,30,1,2,0,3,0,2,0,0,0,30,6,0,25,200,11,200,200,200,1
428104,0,30,1,2,0,3,0,2,0,0,0,30,6,0,25,200,0,0,0,200,200
428110,0,30,0,0,0,3,14,5,0,0,0,23,200,0,20,200,7,0,0,200,200
428110,0,30,0,0,0,3,14,5,0,0,0,23,200,1,41,200,0,0,0,200,200
428111,0,30,0,0,0,3,7,6,0,0,0,0,200,0,53,0,7,0,0,200,200
428121,0,30,0,200,0,3,7,2,0,0,200,14,11,0,17,200,200,200,200,200,200
428130,0,30,2,0,0,3,14,5,0,0,0,17,17,1,200,200,1,200,200,200,200
428130,0,30,2,0,0,3,14,5,0,0,0,17,17,0,39,0,0,0,0,200,200
428138,0,5,0,0,0,200,12,6,0,0,0,20,0,0,46,200,6,0,0,200,200
428138,0,5,0,0,0,200,12,6,0,0,0,20,0,0,23,0,0,0,0,200,200
428141,0,30,0,0,0,3,7,5,0,0,0,0,0,0,29,0,12,0,0,200,200
428143,0,30,1,2,0,2,14,2,0,0,0,0,21,1,36,200,4,0,0,200,200
428143,0,30,1,2,0,2,14,2,0,0,0,0,21,0,26,200,0,0,0,200,200
428144,0,20,1,2,0,3,10,6,0,0,0,0,0,0,27,200,3,0,200,200,200
428144,0,20,1,2,0,3,10,6,0,0,0,0,0,1,51,7,0,0,0,200,200
428146,0,25,2,2,0,3,12,5,0,0,0,0,200,0,200,200,1,200,200,200,200
428146,0,25,2,2,0,3,12,5,0,0,0,0,200,0,40,0,0,0,0,200,200
428146,1,25,2,2,0,3,12,5,0,0,0,0,200,0,18,0,200,200,200,200,200
428148,0,30,0,0,0,3,10,5,0,0,0,18,200,0,20,200,3,200,200,200,200
428148,0,30,0,0,0,3,10,5,0,0,0,18,200,0,0,7,0,0,0,200,200
428149,0,35,1,2,0,3,10,1,0,0,0,16,18,0,27,0,0,0,0,200,200
428149,0,35,1,2,0,3,10,1,0,0,0,16,18,0,33,0,3,0,0,200,200
428149,1,35,1,2,0,3,10,1,0,0,0,16,18,0,24,0,200,200,200,200,200
428149,1,35,1,2,0,3,10,1,0,0,0,16,18,1,29,0,200,200,200,200,200
428153,0,30,0,0,0,0,7,3,0,0,0,14,21,0,49,200,12,0,7,200,200
428155,0,30,0,0,0,3,0,2,0,0,0,200,200,2,200,200,200,200,200,200,200
428155,0,30,0,0,0,3,0,2,0,0,0,200,200,0,38,200,0,200,0,200,200
428155,1,30,0,0,0,3,0,2,0,0,0,200,200,0,40,200,200,200,200,200,200
428155,1,30,0,0,0,3,0,2,0,0,0,200,200,0,40,200,200,200,200,200,200
428156,0,35,0,0,0,3,7,5,0,0,0,0,16,2,200,200,8,200,200,200,200
428158,0,30,0,0,0,3,7,5,0,0,0,23,2,1,32,0,7,0,0,200,200
428163,0,30,1,2,0,3,0,2,0,2,12,6,0,2,200,200,5,200,200,200,200
428163,0,30,1,2,0,3,0,2,0,2,12,6,0,0,29,200,200,200,200,200,200
428163,1,30,1,2,0,3,0,2,0,2,12,6,0,1,200,200,200,200,200,200,200
428164,0,40,0,0,0,3,10,3,0,0,0,0,200,0,24,200,200,200,200,200,200
428164,0,40,0,0,0,3,10,3,0,0,0,0,200,2,200,200,200,200,200,200,200
428164,1,40,0,0,0,3,10,3,0,0,0,0,200,1,200,200,200,200,200,200,200
428166,0,30,0,0,0,3,10,5,0,0,0,22,25,1,200,200,200,200,200,200,200
428166,0,30,0,0,0,3,10,5,0,0,0,22,25,0,21,200,0,0,0,200,200
428168,0,30,0,0,0,3,7,5,0,0,0,0,0,2,200,200,200,200,200,200,200
428169,0,30,0,0,0,3,3,5,0,0,0,14,200,2,200,200,1,200,200,200,200
428169,0,30,0,0,0,3,3,5,0,0,0,14,200,0,37,0,0,0,0,200,200
428169,1,30,0,0,0,3,3,5,0,0,0,14,200,0,26,0,200,200,200,200,200
428171,0,30,2,2,0,3,2,2,0,0,0,0,0,1,35,200,200,0,0,200,200
428171,0,30,2,2,0,3,2,2,0,0,0,0,0,2,200,200,200,200,200,200,200
428173,0,30,1,2,0,2,14,5,0,0,0,0,21,1,43,200,4,0,0,200,200
428173,0,30,1,2,0,2,14,5,0,0,0,0,21,0,28,200,0,0,0,200,200
428174,0,30,1,2,0,3,14,2,0,0,0,6,27,0,35,200,5,0,0,200,200
428174,0,30,1,2,0,3,14,2,0,0,0,6,27,0,61,200,0,0,0,200,200
428175,0,30,3,2,0,3,7,5,0,0,0,16,21,0,32,0,200,200,2,200,200
428176,0,30,0,0,0,3,7,6,0,0,0,12,200,0,24,200,12,0,0,200,200
428177,0,30,0,0,0,3,7,5,0,0,0,16,200,2,200,200,200,200,200,200,200
428181,0,30,1,2,0,3,7,5,0,0,3,29,0,0,26,0,14,0,0,200,200
428181,1,30,1,2,0,3,7,5,0,0,3,29,0,1,26,0,200,200,200,200,200
428184,0,30,1,2,0,0,7,5,0,0,0,0,0,2,200,200,200,200,200,200,200
428188,0,15,0,0,0,3,7,6,0,0,0,20,20,1,200,200,6,200,200,200,200
428188,1,15,0,0,0,3,7,6,0,0,0,20,20,200,200,200,200,200,200,200,200
428209,0,25,0,0,0,0,7,6,0,0,0,25,16,0,32,7,5,0,0,200,200
428210,0,30,0,0,0,3,7,2,0,0,0,0,0,2,200,200,200,200,200,200,200
428210,1,30,0,0,0,3,7,2,0,0,0,0,0,0,39,0,200,200,200,200,200
428215,0,30,0,0,0,3,2,0,0,0,0,14,25,0,26,200,8,200,5,200,200
428216,0,30,1,2,0,3,0,2,0,0,0,7,7,1,46,0,5,0,0,200,200
428216,0,30,1,2,0,3,0,2,0,0,0,7,7,0,35,0,0,0,0,200,200
428224,0,20,0,0,0,0,7,5,0,0,0,0,200,0,200,200,200,200,200,200,200
428224,1,20,0,0,0,0,7,5,0,0,0,0,200,0,200,200,200,200,200,200,200
428227,0,25,0,0,0,0,2,200,0,0,0,14,200,2,200,200,200,200,200,200,200
428231,0,30,2,2,0,0,10,5,0,0,0,0,200,0,23,200,200,0,0,200,200
428231,0,30,2,2,0,0,10,5,0,0,0,0,200,0,200,0,0,0,0,200,200
428231,1,30,2,2,0,0,10,5,0,0,0,0,200,1,200,0,200,200,200,200,200
428236,0,35,1,2,0,3,0,2,0,0,0,6,16,1,20,200,5,200,7,200,200
428236,0,35,1,2,0,3,0,2,0,0,0,6,16,0,23,200,200,200,1,200,200
428245,0,30,0,0,0,1,2,6,0,0,0,27,0,0,62,0,12,0,6,200,200
428246,0,30,0,0,0,4,10,5,0,0,0,18,200,1,22,0,3,0,0,200,200
428246,0,30,0,0,0,4,10,5,0,0,0,18,200,1,37,0,0,0,0,200,200
428246,1,30,0,0,0,4,10,5,0,0,0,18,200,1,200,0,200,200,200,200,200
428252,0,30,1,2,0,1,2,5,0,0,0,0,0,2,200,200,200,200,200,200,200
428257,0,30,1,0,0,1,10,12,0,0,0,11,0,0,200,0,6,0,0,200,200
428257,0,30,1,0,0,1,10,12,0,0,0,11,0,1,200,0,0,0,0,200,200
428259,0,30,2,0,1,1,2,6,0,0,0,0,0,1,32,7,200,200,0,200,200
428260,0,30,1,2,0,1,2,2,0,0,0,0,200,2,200,200,200,200,200,200,200
428265,0,25,0,0,0,1,7,6,0,0,0,21,18,2,200,200,4,200,200,200,200
428282,0,25,2,2,0,1,0,5,2,0,0,17,5,0,85,200,5,0,0,200,200
428282,0,25,2,2,0,1,0,5,2,0,0,17,5,1,76,0,0,0,0,200,200
428284,0,30,0,0,0,3,12,6,0,0,0,0,200,2,200,200,200,200,200,200,200
428284,0,30,0,0,0,3,12,6,0,0,0,0,200,0,34,0,0,0,0,200,200
428292,0,30,2,2,0,1,0,5,0,0,0,17,200,0,68,200,1,0,0,200,200
428292,0,30,2,2,0,1,0,5,0,0,0,17,200,1,27,200,0,0,0,200,200
428292,1,30,2,2,0,1,0,5,0,0,0,17,200,0,21,200,200,200,200,200,200
428295,0,30,0,0,1,3,7,2,0,1,0,0,200,0,55,200,0,200,200,200,200
428295,1,30,0,0,1,3,7,2,0,1,0,0,200,1,200,200,200,200,200,200,200
428295,1,30,0,0,1,3,7,2,0,1,0,0,200,0,37,0,200,200,200,200,200
428298,0,30,0,0,0,1,7,2,0,0,0,0,0,1,68,0,12,0,0,200,200
428303,0,30,0,0,1,1,2,5,0,0,1,0,0,0,37,0,0,0,0,200,200
428321,0,20,0,0,200,200,7,5,0,200,0,0,11,0,200,200,200,200,200,200,200
428322,0,30,0,0,0,1,14,2,0,0,0,17,200,0,83,0,1,0,0,200,200
428322,0,30,0,0,0,1,14,2,0,0,0,17,200,0,60,0,0,0,0,200,200
428324,0,15,0,0,0,1,7,6,0,0,0,0,0,2,200,200,200,200,200,200,200
428327,0,20,0,0,0,1,0,5,0,0,0,0,0,2,200,200,200,200,200,200,200
428327,0,20,0,0,0,1,0,5,0,0,0,0,0,1,31,200,200,200,0,200,200
428330,0,30,0,0,0,3,7,5,0,0,0,0,0,2,200,200,200,200,200,200,200
428332,0,20,0,0,0,1,5,6,0,0,12,200,200,0,75,0,0,0,0,200,200
428334,0,25,1,2,0,1,10,5,0,0,0,18,18,1,26,0,3,0,0,200,200
428334,0,25,1,2,0,1,10,5,0,0,0,18,18,0,45,0,0,0,0,200,200
428343,0,0,1,2,0,1,10,3,0,0,0,0,200,0,45,0,8,0,0,200,200
428343,0,0,1,2,0,1,10,3,0,0,0,0,200,0,45,0,0,0,0,200,200
428345,0,30,1,2,0,1,10,5,0,0,0,18,200,0,49,0,3,0,0,200,200
428345,0,30,1,2,0,1,10,5,0,0,0,18,200,1,33,200,0,0,0,200,200
428355,0,30,0,0,0,1,7,6,0,0,0,18,17,1,21,0,1,0,0,200,200
428360,0,30,0,0,0,1,10,2,0,0,0,0,0,0,49,200,3,0,0,200,200
428360,0,30,0,0,0,1,10,2,0,0,0,0,0,1,33,0,0,0,0,200,200
428360,1,30,0,0,0,1,10,2,0,0,0,0,0,0,8,0,200,200,200,200,200
428360,1,30,0,0,0,1,10,2,0,0,0,0,0,0,7,200,200,200,200,200,200
428367,0,30,0,0,0,1,0,5,0,0,0,17,200,1,200,200,1,200,200,200,200
428367,0,30,0,0,0,1,0,5,0,0,0,17,200,1,57,0,0,0,0,200,200
428371,0,30,0,0,0,1,0,5,0,0,0,0,0,0,72,0,200,0,0,200,200
428371,0,30,0,0,0,1,0,5,0,0,0,0,0,1,59,0,200,0,0,200,200
428373,0,30,1,200,200,200,7,2,1,0,12,0,0,1,200,200,200,200,200,200,200
428390,0,25,0,0,0,3,7,6,0,0,1,0,0,2,200,200,200,200,200,200,200
428395,0,0,0,0,0,1,2,12,0,200,200,0,200,2,200,200,200,200,200,200,200
428401,0,30,0,12,0,200,7,5,0,0,0,0,0,2,200,200,200,200,200,200,200
428404,0,30,0,0,0,1,7,6,0,0,0,0,200,0,200,200,200,200,200,200,200
428404,1,30,0,0,0,1,7,6,0,0,0,0,200,2,200,200,200,200,200,200,200
428410,0,30,200,200,200,200,7,200,0,200,200,0,200,2,200,200,200,200,200,200,200
428416,0,20,0,0,0,1,7,6,0,0,0,0,200,1,200,200,12,200,200,200,200
428417,0,30,0,0,0,3,2,5,0,0,1,200,200,0,29,0,0,0,0,200,200
428417,3,30,0,0,0,3,2,5,0,0,1,200,200,200,200,200,200,200,200,200,200
428425,0,15,0,0,2,1,7,7,0,0,0,0,1,2,200,200,200,200,200,200,200
428434,0,30,0,0,0,1,12,3,0,0,0,21,200,2,200,200,2,200,200,200,200
428434,0,30,0,0,0,1,12,3,0,0,0,21,200,1,24,200,0,0,0,200,200
428440,0,30,1,3,0,1,7,7,0,0,0,200,200,0,22,200,200,200,200,200,200
428458,0,30,0,0,0,1,7,5,0,0,0,20,0,0,60,0,10,0,0,200,200
428458,1,30,0,0,0,1,7,5,0,0,0,20,0,1,61,0,200,200,200,200,200
428459,0,30,0,0,0,3,7,6,0,1,0,0,0,2,200,200,200,200,200,200,200
428464,0,30,1,2,0,0,14,5,0,0,0,17,200,2,200,200,1,200,200,200,200
428464,0,30,1,2,0,0,14,5,0,0,0,17,200,1,43,0,0,0,0,200,200
428464,1,30,1,2,0,0,14,5,0,0,0,17,200,0,200,0,200,200,200,200,200
428467,0,15,0,0,0,1,7,7,0,0,0,0,200,0,59,200,12,0,0,200,200
428473,0,30,0,0,0,1,10,5,0,0,0,18,200,0,39,3,3,0,0,200,200
428473,0,30,0,0,0,1,10,5,0,0,0,18,200,0,39,0,0,0,0,200,200
428475,0,30,1,2,0,1,10,2,0,0,0,0,200,1,47,200,200,0,0,200,200
428475,0,30,1,2,0,1,10,2,0,0,0,0,200,1,38,0,0,0,0,200,200
428483,0,30,0,0,0,1,12,5,0,0,0,21,200,0,39,0,4,200,0,200,200
428483,0,30,0,0,0,1,12,5,0,0,0,21,200,0,57,0,0,0,0,200,200
428485,0,30,1,2,0,1,12,2,0,0,0,12,21,0,26,0,3,0,0,200,200
428485,0,30,1,2,0,1,12,2,0,0,0,12,21,1,34,0,0,0,0,200,200
428485,0,30,1,2,0,1,12,2,0,0,0,12,21,1,34,0,0,0,0,200,200
428485,1,30,1,2,0,1,12,2,0,0,0,12,21,0,39,0,200,200,200,200,200
428490,0,30,1,2,0,1,8,12,0,0,0,17,16,1,56,0,1,200,0,200,200
428490,4,30,1,2,0,1,8,12,0,0,0,17,16,0,33,7,0,0,0,200,200
428491,0,30,0,0,0,1,10,2,0,0,0,16,0,0,46,0,3,0,0,200,200
428491,0,30,0,0,0,1,10,2,0,0,0,16,0,0,49,0,0,0,0,200,200
428495,0,30,1,2,0,1,14,5,0,0,0,6,23,0,30,7,5,0,0,200,200
428495,0,30,1,2,0,1,14,5,0,0,0,6,23,0,200,7,5,0,0,200,200
428500,0,30,0,0,200,3,7,6,0,200,200,0,0,2,200,200,200,200,200,200,200
428503,0,30,0,0,0,0,7,5,0,0,0,0,0,2,200,200,200,200,200,200,200
428508,0,30,0,0,0,1,7,7,0,0,0,0,0,1,200,200,200,200,200,200,200
428508,1,30,0,0,0,1,7,7,0,0,0,0,0,1,32,0,200,200,200,200,200
428527,0,30,1,2,0,1,14,2,0,0,0,0,200,0,24,0,200,0,0,200,200
428527,0,30,1,2,0,1,14,2,0,0,0,0,200,1,23,0,200,0,0,200,200
428527,0,30,1,2,0,1,14,2,0,0,0,0,200,1,51,0,0,0,0,200,200
428527,0,30,1,2,0,1,14,2,0,0,0,0,200,1,28,0,0,0,0,200,200
428532,0,30,0,1,0,1,10,2,0,0,0,18,15,0,43,200,3,0,200,200,200
428532,0,30,0,1,0,1,10,2,0,0,0,18,15,0,37,0,0,0,0,200,200
428532,1,30,0,1,0,1,10,2,0,0,0,18,15,1,39,0,200,200,200,200,200
428532,1,30,0,1,0,1,10,2,0,0,0,18,15,1,4,5,200,200,200,200,200
428533,0,30,1,2,0,1,0,2,0,0,0,17,16,0,17,1,1,0,0,200,200
428533,0,30,1,2,0,1,0,2,0,0,0,17,16,1,52,0,0,0,0,200,200
428544,0,30,1,2,0,1,10,6,0,0,0,6,18,0,200,200,3,200,200,200,200
428544,0,30,1,2,0,1,10,6,0,0,0,6,18,0,53,0,0,0,0,200,200
428545,0,30,0,0,0,1,0,6,0,0,0,17,17,1,37,200,1,200,0,200,200
428545,0,30,0,0,0,1,0,6,0,0,0,17,17,1,21,200,0,200,0,200,200
428553,0,30,1,2,0,1,12,2,0,0,0,11,21,1,37,0,200,200,0,200,200
428553,0,30,1,2,0,1,12,2,0,0,0,11,21,1,56,0,200,200,0,200,200
428558,0,30,2,2,0,1,0,5,0,0,0,0,0,1,21,200,12,0,0,200,200
428558,0,30,2,2,0,1,0,5,0,0,0,0,0,0,39,0,12,0,0,200,200
428561,0,30,0,0,0,1,7,7,0,0,0,18,200,1,55,0,3,0,0,200,200
428562,0,30,0,0,0,1,14,5,0,0,0,23,16,0,36,200,7,200,0,200,200
428562,0,30,0,0,0,1,14,5,0,0,0,23,16,1,20,0,0,0,0,200,200
428562,1,30,0,0,0,1,14,5,0,0,0,23,16,1,200,5,200,200,200,200,200
428570,4,30,0,0,0,4,8,5,0,0,0,11,200,0,35,7,0,0,0,200,200
428571,0,30,1,2,0,1,0,5,0,0,0,17,3,0,43,0,1,0,0,200,200
428571,0,30,1,2,0,1,0,5,0,0,0,17,3,1,200,0,5,0,0,200,200
428579,0,30,0,0,0,1,12,5,0,0,0,200,200,0,68,0,0,0,0,200,200
428579,0,30,0,0,0,1,12,5,0,0,0,200,200,0,62,0,0,0,0,200,200
428583,0,35,1,2,0,1,10,1,0,0,0,18,16,0,24,0,3,0,0,200,200
428583,0,35,1,2,0,1,10,1,0,0,0,18,16,0,24,0,0,0,0,200,200
428584,0,20,2,2,0,1,0,12,0,200,200,200,200,1,28,0,12,200,0,200,200
428584,0,20,2,2,0,1,0,12,0,200,200,200,200,0,65,0,200,200,0,200,200
428586,0,30,0,0,0,1,10,7,0,0,0,20,11,0,52,0,6,0,0,200,200
428586,0,30,0,0,0,1,10,7,0,0,0,20,11,1,30,0,12,0,0,200,200
428586,1,30,0,0,0,1,10,7,0,0,0,20,11,1,200,0,200,200,200,200,200
428586,1,30,0,0,0,1,10,7,0,0,0,20,11,0,200,5,200,200,200,200,200
428589,0,30,0,0,0,1,8,0,0,0,0,17,200,0,28,200,1,0,0,200,200
428589,4,30,0,0,0,1,8,0,0,0,0,17,200,0,58,0,0,0,0,200,200
428592,0,30,1,2,0,1,10,3,0,0,0,18,200,1,41,200,3,0,200,200,200
428592,0,30,1,2,0,1,10,3,0,0,0,18,200,1,71,200,0,0,0,200,200
428597,0,35,0,0,0,1,10,5,0,0,0,7,18,1,47,0,3,0,0,200,200
428597,0,35,0,0,0,1,10,5,0,0,0,7,18,1,38,200,0,200,200,200,200
428598,0,25,0,0,0,1,0,5,0,0,200,13,11,1,29,0,12,0,0,200,200
428598,0,25,0,0,0,1,0,5,0,0,200,13,11,0,55,0,0,0,0,200,200
428599,0,30,1,2,0,1,12,5,0,0,0,22,17,0,44,0,4,0,0,200,200
428599,0,30,1,2,0,1,12,5,0,0,0,22,17,1,43,0,0,0,0,200,200
428599,1,30,1,2,0,1,12,5,0,0,0,22,17,0,200,0,200,200,200,200,200
428599,1,30,1,2,0,1,12,5,0,0,0,22,17,0,200,0,200,200,200,200,200
428603,0,30,1,2,0,1,14,12,0,0,0,0,0,1,25,0,1,200,0,200,200
428603,0,30,1,2,0,1,14,12,0,0,0,0,0,1,29,0,0,0,0,200,200
428615,0,30,0,0,0,1,7,5,0,0,0,0,200,1,200,200,200,200,200,200,200
428618,0,30,0,0,0,1,10,5,0,0,0,18,16,0,200,200,3,200,200,200,200
428618,0,30,0,0,0,1,10,5,0,0,0,18,16,1,44,0,0,0,0,200,200
428618,1,30,0,0,0,1,10,5,0,0,0,18,16,1,200,0,200,200,200,200,200
428618,1,30,0,0,0,1,10,5,0,0,0,18,16,0,200,0,200,200,200,200,200
428620,0,30,0,0,0,200,7,6,0,0,200,0,0,2,200,200,200,200,200,200,200
428624,0,30,0,0,0,1,2,5,0,0,0,200,11,1,22,0,0,0,0,200,200
428625,0,30,0,0,0,1,12,2,0,0,0,17,200,1,28,0,1,200,0,200,200
428625,0,30,0,0,0,1,12,2,0,0,0,17,200,0,57,0,200,200,0,200,200
428625,1,30,0,0,0,1,12,2,0,0,0,17,200,1,50,0,200,200,200,200,200
428632,0,30,0,0,0,1,12,5,0,0,0,17,200,1,64,0,1,0,0,200,200
428632,0,30,0,0,0,1,12,5,0,0,0,17,200,0,32,0,0,0,0,200,200
428635,0,30,0,3,0,1,10,2,0,0,0,11,18,1,55,0,3,0,0,200,200
428635,0,30,0,3,0,1,10,2,0,0,0,11,18,0,48,0,12,0,0,200,200
428636,0,30,0,0,0,1,10,5,0,0,0,11,200,2,200,200,3,200,200,200,200
428636,0,30,0,0,0,1,10,5,0,0,0,11,200,1,46,0,0,0,0,200,200
428638,0,20,0,1,0,0,7,6,0,0,0,200,0,0,200,200,10,200,200,200,200
428643,0,30,1,2,0,1,14,5,0,0,0,0,200,1,54,0,200,200,200,200,200
428643,0,30,1,2,0,1,14,5,0,0,0,0,200,0,24,0,0,0,0,200,200
428650,0,15,0,0,0,1,5,0,0,0,0,0,200,0,200,200,200,200,200,200,200
428653,0,30,0,0,0,1,10,5,0,200,200,0,200,0,200,200,200,200,200,200,200
428653,0,30,0,0,0,1,10,5,0,200,200,0,200,1,36,0,0,200,0,200,200
428659,0,20,0,0,0,2,7,6,0,0,0,18,200,2,200,200,3,200,200,200,200
428661,0,30,2,2,0,1,14,2,0,0,0,0,200,0,45,0,0,0,0,200,200
428661,0,30,2,2,0,1,14,2,0,0,0,0,200,1,49,0,0,0,0,200,200
428663,0,20,0,0,0,1,3,5,0,0,0,20,0,0,34,0,6,200,0,200,200
428663,0,20,0,0,0,1,3,5,0,0,0,20,0,0,52,0,0,0,0,200,200
428667,0,10,0,0,0,1,7,7,0,200,200,20,200,0,35,200,200,200,0,200,200
428667,1,10,0,0,0,1,7,7,0,200,200,20,200,1,30,200,200,200,200,200,200
428673,0,30,0,0,0,1,12,5,0,0,200,17,17,0,48,0,1,0,0,200,200
428673,0,30,0,0,0,1,12,5,0,0,200,17,17,1,35,0,0,0,0,200,200
428673,1,30,0,0,0,1,12,5,0,0,200,17,17,1,200,0,200,200,200,200,200
428675,0,30,0,0,0,1,12,2,0,0,0,22,0,0,200,200,2,200,200,200,200
428675,0,30,0,0,0,1,12,2,0,0,0,22,0,1,29,0,0,200,0,200,200
428675,1,30,0,0,0,1,12,2,0,0,0,22,0,1,32,0,200,200,200,200,200
428682,0,30,1,2,0,1,10,5,0,0,0,18,200,0,200,200,3,200,200,200,200
428682,0,30,1,2,0,1,10,5,0,0,0,18,200,1,23,200,0,0,0,200,200
428682,1,30,1,2,0,1,10,5,0,0,0,18,200,1,3,200,200,200,200,200,200
428682,1,30,1,2,0,1,10,5,0,0,0,18,200,1,1,200,200,200,200,200,200
428685,0,30,0,0,0,1,14,6,0,0,0,200,200,1,200,200,0,200,200,200,200
428685,0,30,0,0,0,1,14,6,0,0,0,200,200,1,63,0,0,0,0,200,200
428686,0,30,0,0,0,1,12,6,0,0,0,0,0,1,200,200,12,200,200,200,200
428686,0,30,0,0,0,1,12,6,0,0,0,0,0,1,35,0,12,0,0,200,200
428691,0,10,0,0,0,1,0,4,0,0,0,0,0,1,41,200,6,200,0,200,200
428691,0,10,0,0,0,1,0,4,0,0,0,0,0,0,33,0,0,0,0,200,200
428692,0,30,2,2,0,1,0,5,0,0,0,17,200,0,64,0,1,1,0,200,200
428692,0,30,2,2,0,1,0,5,0,0,0,17,200,1,49,0,0,0,0,200,200
428694,0,35,2,2,0,1,10,5,0,0,0,0,0,0,36,7,3,200,200,200,200
428694,0,35,2,2,0,1,10,5,0,0,0,0,0,0,21,0,0,0,0,200,200
428698,0,25,0,0,0,1,7,6,0,0,0,32,2,0,30,200,12,0,5,200,1
428706,0,25,0,0,0,1,12,5,0,0,200,17,0,0,65,0,1,0,0,200,200
428706,0,25,0,0,0,1,12,5,0,0,200,17,0,1,17,0,0,0,0,200,200
428706,1,25,0,0,0,1,12,5,0,0,200,17,0,1,8,0,200,200,200,200,200
428709,0,30,0,0,0,1,12,6,0,0,0,21,200,0,25,200,4,0,0,200,200
428709,0,30,0,0,0,1,12,6,0,0,0,21,200,0,64,200,0,0,0,200,200
428713,0,30,0,0,0,200,7,7,0,0,0,20,200,2,200,200,6,200,200,200,200
428718,0,45,3,2,0,1,12,3,0,0,0,21,200,0,47,0,4,0,0,200,200
428718,0,45,3,2,0,1,12,3,0,0,0,21,200,0,33,0,0,0,0,200,200
428724,0,30,0,0,0,1,9,5,0,0,0,200,200,0,49,0,200,200,200,200,200
428724,5,30,0,0,0,1,9,5,0,0,0,200,200,0,59,7,200,12,7,200,200
428727,0,30,1,2,0,1,10,2,0,200,200,17,200,1,20,200,1,200,200,200,200
428727,0,30,1,2,0,1,10,2,0,200,200,17,200,0,40,0,0,200,0,200,200
428727,1,30,1,2,0,1,10,2,0,200,200,17,200,1,200,0,200,200,200,200,200