RD_NO,PERSON_TYPE,POSTED_SPEED_LIMIT,TRAFFIC_CONTROL_DEVICE,DEVICE_CONDITION,WEATHER_CONDITION,LIGHTING_CONDITION,FIRST_CRASH_TYPE,TRAFFICWAY_TYPE,ALIGNMENT,ROADWAY_SURFACE_COND,ROAD_DEFECT,PRIM_CONTRIBUTORY_CAUSE,SEC_CONTRIBUTORY_CAUSE,SEX,AGE,SAFETY_EQUIPMENT,DRIVER_ACTION,DRIVER_VISION,PHYSICAL_CONDITION,BAC_RESULT VALUE,CELL_PHONE_USE
429912,0,25,0,0,0,1,7,5,0,0,0,0,200,2,200,200,200,200,200,200,200
429913,0,30,2,2,0,1,0,3,0,0,0,17,5,0,20,0,1,0,0,200,200
429913,0,30,2,2,0,1,0,3,0,0,0,17,5,1,37,0,0,0,0,200,200
429913,1,30,2,2,0,1,0,3,0,0,0,17,5,1,5,0,200,200,200,200,200
429915,0,30,0,0,0,1,4,5,0,0,1,0,0,0,200,0,0,0,0,200,200
429916,0,20,0,0,0,1,7,5,0,0,0,0,0,0,43,0,12,0,0,200,200
429917,0,30,8,12,0,1,0,5,0,0,200,17,0,1,29,200,1,1,0,200,200
429917,0,30,8,12,0,1,0,5,0,0,200,17,0,1,57,200,0,1,0,200,200
429918,0,30,1,2,0,1,12,6,0,0,0,25,200,0,200,200,2,200,200,200,200
429918,0,30,1,2,0,1,12,6,0,0,0,25,200,0,60,0,0,0,0,200,200
429918,0,30,1,2,0,1,12,6,0,0,0,25,200,2,200,200,0,200,200,200,200
429918,5,30,1,2,0,1,12,6,0,0,0,25,200,1,28,7,0,0,0,200,200
429924,0,30,0,0,0,1,12,2,0,0,0,23,200,1,53,0,4,0,0,200,200
429924,0,30,0,0,0,1,12,2,0,0,0,23,200,0,26,0,0,0,0,200,200
429925,0,30,0,0,0,1,8,2,0,0,0,13,200,0,69,0,0,0,0,200,200
429925,4,30,0,0,0,1,8,2,0,0,0,13,200,1,37,3,12,0,0,200,200
429925,1,30,0,0,0,1,8,2,0,0,0,13,200,1,67,0,200,200,200,200,200
429929,0,15,0,0,0,1,0,7,0,0,0,20,0,0,21,0,6,0,0,200,200
429929,0,15,0,0,0,1,0,7,0,0,0,20,0,0,46,0,0,0,0,200,200
429929,1,15,0,0,0,1,0,7,0,0,0,20,0,1,200,0,200,200,200,200,200
429929,1,15,0,0,0,1,0,7,0,0,0,20,0,0,1,5,200,200,200,200,200
429940,0,30,2,2,0,1,0,2,0,0,0,17,11,0,29,0,1,200,0,200,200
429940,0,30,2,2,0,1,0,2,0,0,0,17,11,0,19,0,0,0,0,200,200
429943,0,30,2,2,0,1,0,6,0,0,0,10,200,1,45,200,9,0,0,200,200
429943,0,30,2,2,0,1,0,6,0,0,0,10,200,1,21,200,0,0,0,200,200
429943,1,30,2,2,0,1,0,6,0,0,0,10,200,1,4,200,200,200,200,200,200
429943,1,30,2,2,0,1,0,6,0,0,0,10,200,1,5,200,200,200,200,200,200
429944,0,30,0,0,0,1,10,5,0,0,0,18,200,0,53,200,3,200,200,200,200
429944,0,30,0,0,0,1,10,5,0,0,0,18,200,1,29,0,0,0,0,200,200
429944,1,30,0,0,0,1,10,5,0,0,0,18,200,2,200,200,200,200,200,200,200
429949,0,30,0,0,0,1,3,4,0,0,200,32,32,0,0,200,6,200,5,0.19,200
429949,0,30,0,0,0,1,3,4,0,0,200,32,32,1,39,0,12,0,0,200,0
429949,1,30,0,0,0,1,3,4,0,0,200,32,32,0,25,200,200,200,200,200,200
429949,1,30,0,0,0,1,3,4,0,0,200,32,32,0,14,200,200,200,200,200,200
429949,1,30,0,0,0,1,3,4,0,0,200,32,32,0,200,200,200,200,200,200,200
429949,1,30,0,0,0,1,3,4,0,0,200,32,32,1,200,0,200,200,200,200,200
429951,0,30,0,0,0,1,12,5,0,0,0,0,200,2,200,200,200,200,200,200,200
429951,0,30,0,0,0,1,12,5,0,0,0,0,200,0,62,0,0,0,0,200,200
429951,0,30,0,0,0,1,12,5,0,0,0,0,200,0,16,0,0,0,0,200,200
429951,1,30,0,0,0,1,12,5,0,0,0,0,200,0,16,0,200,200,200,200,200
429951,1,30,0,0,0,1,12,5,0,0,0,0,200,0,17,0,200,200,200,200,200
429952,0,30,1,2,0,2,10,5,0,0,200,18,0,0,200,200,3,200,200,200,200
429952,0,30,1,2,0,2,10,5,0,0,200,18,0,0,37,0,0,0,0,200,200
429952,1,30,1,2,0,2,10,5,0,0,200,18,0,0,200,0,200,200,200,200,200
429953,0,30,0,0,0,3,10,5,0,0,0,0,200,0,200,200,200,200,200,200,200
429953,0,30,0,0,0,3,10,5,0,0,0,0,200,0,35,0,0,0,0,200,200
429953,1,30,0,0,0,3,10,5,0,0,0,0,200,1,200,200,200,200,200,200,200
429953,1,30,0,0,0,3,10,5,0,0,0,0,200,0,200,200,200,200,200,200,200
429953,1,30,0,0,0,3,10,5,0,0,0,0,200,1,35,0,200,200,200,200,200
429958,0,30,0,0,0,1,7,5,0,0,200,11,23,1,49,200,200,200,0,200,200
429968,0,0,0,0,0,1,7,7,0,0,0,0,0,2,200,200,200,200,200,200,200
429969,0,0,0,0,0,1,7,5,0,0,0,0,0,1,29,200,200,200,0,200,200
429970,0,30,1,2,0,1,14,5,0,0,0,23,200,0,200,200,7,200,200,200,200
429970,0,30,1,2,0,1,14,5,0,0,0,23,200,1,33,0,0,0,5,200,200
429974,0,35,1,200,0,1,12,3,0,0,200,22,200,1,23,200,4,200,0,200,200
429974,0,35,1,200,0,1,12,3,0,0,200,22,200,1,33,200,0,200,0,200,200
429974,1,35,1,200,0,1,12,3,0,0,200,22,200,0,50,200,200,200,200,200,200
429974,1,35,1,200,0,1,12,3,0,0,200,22,200,1,12,200,200,200,200,200,200
429974,1,35,1,200,0,1,12,3,0,0,200,22,200,1,7,200,200,200,200,200,200
429975,0,30,0,0,0,1,14,2,0,0,0,0,200,1,200,200,200,0,200,200,200
429975,0,30,0,0,0,1,14,2,0,0,0,0,200,1,77,0,0,0,0,200,200
429980,0,30,0,0,0,1,14,1,0,0,0,25,14,2,200,200,8,200,200,200,200
429980,0,30,0,0,0,1,14,1,0,0,0,25,14,1,37,0,0,0,0,200,200
429985,0,30,1,2,0,1,14,5,0,0,0,6,16,0,200,200,5,200,200,200,200
429985,0,30,1,2,0,1,14,5,0,0,0,6,16,1,51,0,0,0,0,200,200
429985,1,30,1,2,0,1,14,5,0,0,0,6,16,1,200,0,200,200,200,200,200
429988,0,30,200,200,0,1,14,6,0,0,200,0,200,1,200,0,200,200,0,200,200
429988,0,30,200,200,0,1,14,6,0,0,200,0,200,0,34,200,200,200,0,200,200
429988,1,30,200,200,0,1,14,6,0,0,200,0,200,0,19,200,200,200,200,200,200
429988,1,30,200,200,0,1,14,6,0,0,200,0,200,0,30,200,200,200,200,200,200
429988,1,30,200,200,0,1,14,6,0,0,200,0,200,0,26,200,200,200,200,200,200
429988,1,30,200,200,0,1,14,6,0,0,200,0,200,0,26,7,200,200,200,200,200
429988,1,30,200,200,0,1,14,6,0,0,200,0,200,0,33,200,200,200,200,200,200
429988,1,30,200,200,0,1,14,6,0,0,200,0,200,0,20,200,200,200,200,200,200
429988,1,30,200,200,0,1,14,6,0,0,200,0,200,0,29,200,200,200,200,200,200
429988,1,30,200,200,0,1,14,6,0,0,200,0,200,0,35,200,200,200,200,200,200
429988,1,30,200,200,0,1,14,6,0,0,200,0,200,0,23,200,200,200,200,200,200
429989,0,30,0,0,0,1,10,2,0,0,0,16,200,0,24,200,1,0,0,200,200
429989,0,30,0,0,0,1,10,2,0,0,0,16,200,0,61,200,0,0,0,200,200
429989,0,30,0,0,0,1,10,2,0,0,0,16,200,1,28,200,0,0,0,200,200
429989,1,30,0,0,0,1,10,2,0,0,0,16,200,0,200,200,200,200,200,200,200
429990,0,30,0,0,0,1,11,5,0,0,0,200,200,0,200,200,0,200,200,200,200
429990,0,30,0,0,0,1,11,5,0,0,0,200,200,0,41,0,0,0,0,200,200
429990,1,30,0,0,0,1,11,5,0,0,0,200,200,1,200,0,200,200,200,200,200
429993,3,30,0,0,0,3,1,5,1,0,200,1,200,200,200,200,200,200,200,200,200
429993,0,30,0,0,0,3,1,5,1,0,200,1,200,1,200,200,0,200,200,200,200
429996,0,0,2,2,0,1,10,200,0,200,200,0,200,0,200,0,200,200,200,200,200
429996,0,0,2,2,0,1,10,200,0,200,200,0,200,1,59,0,200,200,0,200,200
429996,1,0,2,2,0,1,10,200,0,200,200,0,200,1,51,0,200,200,200,200,200
430004,0,30,0,0,0,1,5,3,0,0,0,200,200,0,65,0,200,0,0,200,200
430006,0,10,0,0,0,1,3,4,0,0,0,0,0,0,200,200,12,0,0,200,200
430006,0,10,0,0,0,1,3,4,0,0,0,0,0,1,57,0,0,0,0,200,200
430006,1,10,0,0,0,1,3,4,0,0,0,0,0,1,200,0,200,200,200,200,200
430006,1,10,0,0,0,1,3,4,0,0,0,0,0,1,200,7,200,200,200,200,200
430008,0,30,1,2,0,3,10,2,0,0,0,0,200,0,200,200,200,0,200,200,200
430008,0,30,1,2,0,3,10,2,0,0,0,0,200,0,28,0,0,0,200,200,200
430011,0,30,0,0,0,1,7,7,0,0,0,0,0,2,200,200,12,200,200,200,200
430012,0,30,0,0,0,1,10,5,0,0,0,16,11,0,200,200,3,200,200,200,200
430012,0,30,0,0,0,1,10,5,0,0,0,16,11,1,32,0,0,0,0,200,200
430013,0,30,0,0,0,1,5,5,0,0,0,21,200,0,200,200,12,0,200,200,200
430016,0,30,0,0,0,1,0,5,0,0,0,17,16,0,42,0,1,0,0,200,200
430016,0,30,0,0,0,1,0,5,0,0,0,17,16,0,58,0,0,0,0,200,200
430020,0,15,0,0,0,1,0,7,0,0,0,0,0,0,21,0,12,0,0,200,200
430020,0,15,0,0,0,1,0,7,0,0,0,0,0,0,46,200,12,200,0,200,200
430020,1,15,0,0,0,1,0,7,0,0,0,0,0,0,0,0,200,200,200,200,200
430020,1,15,0,0,0,1,0,7,0,0,0,0,0,0,200,0,200,200,200,200,200
430021,5,30,0,0,0,1,9,12,0,0,0,200,200,0,65,7,12,200,7,200,200
430021,0,30,0,0,0,1,9,12,0,0,0,200,200,1,38,0,12,5,0,200,200
430027,0,30,1,2,0,1,14,2,0,0,0,17,200,0,35,200,1,200,0,200,200
430027,0,30,1,2,0,1,14,2,0,0,0,17,200,0,65,200,0,200,200,200,200
430034,0,25,0,0,0,1,12,5,0,0,0,18,200,1,46,0,3,0,0,200,200
430034,0,25,0,0,0,1,12,5,0,0,0,18,200,1,57,200,0,0,0,200,200
430035,0,30,2,0,0,1,14,2,0,0,0,17,200,0,55,200,0,200,0,200,200
430035,0,30,2,0,0,1,14,2,0,0,0,17,200,0,49,7,1,200,0,200,200
430036,0,30,2,2,0,1,14,5,0,0,0,17,0,1,41,0,1,0,0,200,200
430036,0,30,2,2,0,1,14,5,0,0,0,17,0,1,53,0,0,0,0,200,200
430036,1,30,2,2,0,1,14,5,0,0,0,17,0,1,10,0,200,200,200,200,200
430037,0,35,2,2,0,1,14,2,0,0,0,16,11,0,84,0,1,0,0,200,200
430037,0,35,2,2,0,1,14,2,0,0,0,16,11,1,56,0,1,0,0,200,200
430037,0,35,2,2,0,1,14,2,0,0,0,16,11,1,66,0,0,0,0,200,200
430038,0,30,0,0,0,1,10,5,0,0,0,18,0,1,25,0,3,0,0,200,200
430038,0,30,0,0,0,1,10,5,0,0,0,18,0,0,35,7,0,0,0,200,200
430043,0,30,1,2,0,1,14,5,0,0,200,17,200,0,38,200,200,200,0,200,200
430043,0,30,1,2,0,1,14,5,0,0,200,17,200,1,31,200,200,200,0,200,200
430043,0,30,1,2,0,1,14,5,0,0,200,17,200,1,33,200,200,200,0,200,200
430044,0,25,2,2,0,1,0,5,0,0,0,17,22,0,21,0,1,0,0,200,200
430044,0,25,2,2,0,1,0,5,0,0,0,17,22,1,53,0,0,0,0,200,200
430045,0,0,2,2,0,1,0,200,2,200,200,0,200,1,36,0,200,200,0,200,200
430045,0,0,2,2,0,1,0,200,2,200,200,0,200,0,58,0,200,200,0,200,200
430046,0,30,1,2,0,1,0,5,0,0,0,6,21,0,200,200,1,200,200,200,200
430046,0,30,1,2,0,1,0,5,0,0,0,6,21,1,50,0,0,0,0,200,200
430049,0,30,1,2,0,1,10,2,0,0,1,18,200,0,60,0,3,0,0,200,200
430049,0,30,1,2,0,1,10,2,0,0,1,18,200,0,25,0,0,0,0,200,200
430049,1,30,1,2,0,1,10,2,0,0,1,18,200,0,23,0,200,200,200,200,200
430049,1,30,1,2,0,1,10,2,0,0,1,18,200,0,200,0,200,200,200,200,200
430051,0,30,0,0,0,1,12,5,0,0,200,0,0,0,63,0,200,200,200,200,200
430051,0,30,0,0,0,1,12,5,0,0,200,0,0,0,58,0,0,200,200,200,200
430058,0,30,2,2,0,1,10,2,0,0,0,16,18,0,37,0,8,0,0,200,200
430058,0,30,2,2,0,1,10,2,0,0,0,16,18,1,33,0,0,0,0,200,200
430060,0,0,0,0,0,1,10,5,0,0,0,18,11,1,20,0,3,0,0,200,200
430060,0,0,0,0,0,1,10,5,0,0,0,18,11,1,38,0,0,0,0,200,200
430065,0,35,0,0,0,1,12,5,0,0,0,17,0,0,50,200,1,0,0,200,200
430065,0,35,0,0,0,1,12,5,0,0,0,17,0,1,42,200,0,0,0,200,200
430065,1,35,0,0,0,1,12,5,0,0,0,17,0,1,26,200,200,200,200,200,200
430065,1,35,0,0,0,1,12,5,0,0,0,17,0,0,58,200,200,200,200,200,200
430065,1,35,0,0,0,1,12,5,0,0,0,17,0,0,29,200,200,200,200,200,200
430068,0,35,1,2,0,1,10,6,0,0,0,18,0,0,200,200,3,200,200,200,200
430068,0,35,1,2,0,1,10,6,0,0,0,18,0,0,40,0,0,0,0,200,200
430068,0,35,1,2,0,1,10,6,0,0,0,18,0,0,38,200,0,200,200,200,200
430070,0,30,0,0,0,1,12,2,0,0,0,21,200,0,25,0,12,0,0,200,200
430070,0,30,0,0,0,1,12,2,0,0,0,21,200,1,33,0,0,200,0,200,200
430070,1,30,0,0,0,1,12,2,0,0,0,21,200,1,200,0,200,200,200,200,200
430070,1,30,0,0,0,1,12,2,0,0,0,21,200,1,200,0,200,200,200,200,200
430070,1,30,0,0,0,1,12,2,0,0,0,21,200,1,200,0,200,200,200,200,200
430076,0,30,1,2,0,1,12,6,0,0,0,0,0,0,200,0,200,0,0,200,200
430076,0,30,1,2,0,1,12,6,0,0,0,0,0,1,200,0,200,0,0,200,200
430076,1,30,1,2,0,1,12,6,0,0,0,0,0,1,200,0,200,200,200,200,200
430076,1,30,1,2,0,1,12,6,0,0,0,0,0,0,200,0,200,200,200,200,200
430077,0,30,1,2,0,1,14,3,0,0,0,22,200,1,200,200,12,200,200,200,200
430077,0,30,1,2,0,1,14,3,0,0,0,22,200,0,200,0,0,200,0,200,200
430079,0,20,0,0,0,1,2,5,2,0,12,29,0,0,45,0,0,0,0,200,200
430086,0,30,0,0,0,1,7,5,0,0,0,16,0,0,63,0,1,0,0,200,200
430087,0,30,1,2,0,1,14,5,0,0,0,11,0,0,78,0,7,0,0,200,200
430087,0,30,1,2,0,1,14,5,0,0,0,11,0,0,29,0,12,0,0,200,200
430089,0,30,0,0,0,1,10,5,0,0,0,17,200,1,200,200,4,200,200,200,200
430089,0,30,0,0,0,1,10,5,0,0,0,17,200,1,21,0,0,0,0,200,200
430093,0,30,1,2,0,1,10,5,0,0,0,18,16,0,200,200,3,200,200,200,200
430093,0,30,1,2,0,1,10,5,0,0,0,18,16,1,52,0,0,0,0,200,200
430094,0,30,1,2,0,1,14,2,0,0,0,17,200,0,62,0,1,0,0,200,200
430094,0,30,1,2,0,1,14,2,0,0,0,17,200,0,34,0,0,0,0,200,200
430094,1,30,1,2,0,1,14,2,0,0,0,17,200,1,36,0,200,200,200,200,200
430094,1,30,1,2,0,1,14,2,0,0,0,17,200,1,47,0,200,200,200,200,200
430095,0,30,2,0,0,1,10,5,0,0,0,18,200,0,37,0,3,0,0,200,200
430095,0,30,2,0,0,1,10,5,0,0,0,18,200,0,49,0,0,0,0,200,200
430103,0,30,200,200,200,200,12,5,0,200,200,0,0,2,200,200,200,200,200,200,200
430103,0,30,200,200,200,200,12,5,0,200,200,0,0,1,50,200,0,200,0,200,200
430104,0,30,2,2,0,1,14,5,0,0,0,17,16,0,52,0,1,0,0,200,200
430104,0,30,2,2,0,1,14,5,0,0,0,17,16,0,52,0,0,0,0,200,200
430109,0,30,1,2,0,1,14,5,0,0,0,23,200,0,59,0,7,0,0,200,200
430109,0,30,1,2,0,1,14,5,0,0,0,23,200,0,39,0,0,0,0,200,200
430112,0,30,1,2,0,1,14,5,0,0,200,6,23,0,21,200,5,6,0,200,200
430112,0,30,1,2,0,1,14,5,0,0,200,6,23,0,47,200,0,200,0,200,200
430113,0,30,0,0,0,1,10,5,0,0,0,18,200,1,62,0,3,0,0,200,200
430113,0,30,0,0,0,1,10,5,0,0,0,18,200,0,62,0,0,0,0,200,200
430114,0,30,1,2,0,3,12,5,0,0,0,18,21,0,34,0,3,0,0,200,200
430114,0,30,1,2,0,3,12,5,0,0,0,18,21,0,31,0,12,0,0,200,200
430115,0,30,0,0,0,1,14,3,0,0,0,200,200,0,200,0,200,0,0,200,200
430115,0,30,0,0,0,1,14,3,0,0,0,200,200,1,49,7,200,0,0,200,200
430115,1,30,0,0,0,1,14,3,0,0,0,200,200,0,2,0,200,200,200,200,200
430117,0,30,1,2,0,1,12,2,0,0,0,17,11,0,29,0,1,0,0,200,200
430117,0,30,1,2,0,1,12,2,0,0,0,17,11,1,38,0,0,0,0,200,200
430118,0,0,2,2,0,1,10,200,0,200,200,0,200,0,200,200,200,200,200,200,200
430118,0,0,2,2,0,1,10,200,0,200,200,0,200,0,29,0,200,200,0,200,200
430118,1,0,2,2,0,1,10,200,0,200,200,0,200,0,16,0,200,200,200,200,200
430120,0,30,2,2,0,1,10,5,0,0,0,0,0,0,200,200,200,200,200,200,200
430120,0,30,2,2,0,1,10,5,0,0,0,0,0,1,35,0,0,0,0,200,200
430120,1,30,2,2,0,1,10,5,0,0,0,0,0,0,40,0,200,200,200,200,200
430120,1,30,2,2,0,1,10,5,0,0,0,0,0,0,9,0,200,200,200,200,200
430125,0,30,0,0,0,1,7,5,0,0,0,0,200,1,36,0,12,0,0,200,200
430126,0,30,0,0,0,1,10,7,0,0,0,20,200,0,19,200,6,0,0,200,200
430126,0,30,0,0,0,1,10,7,0,0,0,20,200,0,66,200,0,0,0,200,200
430126,1,30,0,0,0,1,10,7,0,0,0,20,200,1,200,200,200,200,200,200,200
430126,1,30,0,0,0,1,10,7,0,0,0,20,200,1,200,200,200,200,200,200,200
430132,0,35,1,0,0,1,10,3,0,0,0,14,18,0,79,0,8,0,0,200,200
430132,0,35,1,0,0,1,10,3,0,0,0,14,18,1,57,0,0,0,0,200,200
430136,0,30,0,0,0,1,12,6,0,0,0,17,22,0,24,200,12,0,0,200,200
430136,0,30,0,0,0,1,12,6,0,0,0,17,22,1,53,0,2,0,0,200,200
430140,0,35,200,200,0,1,10,5,0,0,0,0,200,1,200,7,0,0,0,200,200
430140,0,35,200,200,0,1,10,5,0,0,0,0,200,0,200,0,0,200,0,200,200
430142,0,20,0,0,0,1,14,0,0,0,0,17,200,1,37,0,1,0,0,200,200
430142,0,20,0,0,0,1,14,0,0,0,0,17,200,1,28,0,0,0,0,200,200
430143,0,30,0,0,0,1,11,5,0,0,0,0,200,0,200,200,200,200,200,200,200
430143,0,30,0,0,0,1,11,5,0,0,0,0,200,0,46,0,200,200,200,200,200
430143,1,30,0,0,0,1,11,5,0,0,0,0,200,1,200,200,200,200,200,200,200
430145,0,30,2,2,0,1,7,2,0,0,0,0,200,2,200,200,200,200,200,200,200
430157,0,10,0,0,0,1,7,7,0,0,0,0,200,1,34,0,200,200,0,200,200
430158,0,30,0,0,0,1,10,5,0,0,0,0,0,1,46,0,8,0,0,200,200
430158,0,30,0,0,0,1,10,5,0,0,0,0,0,1,200,200,0,0,200,200,200
430162,0,30,1,0,0,1,10,5,0,0,0,0,0,1,51,0,12,0,0,200,200
430162,0,30,1,0,0,1,10,5,0,0,0,0,0,0,35,0,0,0,0,200,200
430168,0,15,0,0,0,1,7,5,0,0,0,25,200,0,25,200,12,0,0,200,200
430173,0,30,0,0,0,1,0,5,0,0,0,17,0,1,33,200,1,0,0,200,200
430173,0,30,0,0,0,1,0,5,0,0,0,17,0,1,42,200,200,0,0,200,200
430178,0,30,1,2,0,1,14,6,0,0,0,0,0,2,200,200,12,200,200,200,200
430178,0,30,1,2,0,1,14,6,0,0,0,0,0,0,20,0,0,0,0,200,200
430184,0,30,0,0,0,1,3,5,0,0,0,21,25,1,24,0,2,0,0,200,200
430184,0,30,0,0,0,1,3,5,0,0,0,21,25,0,31,0,12,0,0,200,200
430191,0,30,1,2,0,1,12,5,0,0,0,22,16,0,200,200,1,200,200,200,200
430191,0,30,1,2,0,1,12,5,0,0,0,22,16,0,26,0,0,0,0,200,200
430192,0,30,0,0,0,1,14,5,0,0,0,0,0,0,200,200,7,0,0,200,200
430192,0,30,0,0,0,1,14,5,0,0,0,0,0,0,200,0,0,0,0,200,200
430198,0,30,200,200,0,1,10,5,0,200,200,22,200,2,200,200,200,200,200,200,200
430198,0,30,200,200,0,1,10,5,0,200,200,22,200,0,52,0,200,0,0,200,200
430198,1,30,200,200,0,1,10,5,0,200,200,22,200,1,200,0,200,200,200,200,200
430198,1,30,200,200,0,1,10,5,0,200,200,22,200,1,200,0,200,200,200,200,200
430200,0,30,1,2,0,1,10,5,0,0,0,0,0,0,200,200,200,200,200,200,200
430200,0,30,1,2,0,1,10,5,0,0,0,0,0,0,18,0,0,0,0,200,200
430200,1,30,1,2,0,1,10,5,0,0,0,0,0,0,200,0,200,200,200,200,200
430203,0,30,0,0,0,1,7,5,0,0,0,0,0,0,72,0,2,0,0,200,200
430204,0,30,0,0,2,1,7,5,0,0,0,0,0,0,31,200,200,200,200,200,200
430204,1,30,0,0,2,1,7,5,0,0,0,0,0,0,45,0,200,200,200,200,200
430219,0,0,200,200,0,1,9,200,0,200,200,0,200,0,200,200,200,200,200,200,200
430219,5,0,200,200,0,1,9,200,0,200,200,0,200,0,64,7,200,200,0,200,200
430222,0,30,1,2,0,4,10,5,0,0,0,200,200,0,65,200,0,200,200,200,200
430222,0,30,1,2,0,4,10,5,0,0,0,200,200,0,30,0,0,0,0,200,200
430222,1,30,1,2,0,4,10,5,0,0,0,200,200,1,200,0,200,200,200,200,200
430223,0,30,0,0,0,1,12,5,0,0,0,17,11,0,200,200,4,200,0,200,200
430223,0,30,0,0,0,1,12,5,0,0,0,17,11,1,33,0,0,0,0,200,200
430223,1,30,0,0,0,1,12,5,0,0,0,17,11,1,200,200,200,200,200,200,200
430224,0,20,0,0,0,1,9,6,0,0,0,0,200,1,54,200,200,200,0,200,200
430224,5,20,0,0,0,1,9,6,0,0,0,0,200,1,13,7,200,0,0,200,200
430224,1,20,0,0,0,1,9,6,0,0,0,0,200,1,21,200,200,200,200,200,200
430225,0,30,0,0,0,3,7,5,0,0,0,0,0,2,200,200,200,200,200,200,200
430244,0,30,0,0,0,1,7,5,0,0,200,19,200,2,200,200,200,200,200,200,200
430246,0,30,2,12,0,1,8,2,0,0,0,17,200,1,43,200,1,200,0,200,200
430246,4,30,2,12,0,1,8,2,0,0,0,17,200,0,44,200,200,200,0,200,200
430254,0,30,1,2,0,1,10,5,0,0,0,18,7,1,60,0,3,0,0,200,200
430254,0,30,1,2,0,1,10,5,0,0,0,18,7,0,18,0,12,0,0,200,200
430254,1,30,1,2,0,1,10,5,0,0,0,18,7,1,23,0,200,200,200,200,200
430255,0,30,1,200,0,1,10,2,0,0,0,20,200,0,27,200,6,200,200,200,200
430255,0,30,1,200,0,1,10,2,0,0,0,20,200,0,57,200,0,200,0,200,200
430255,1,30,1,200,0,1,10,2,0,0,0,20,200,0,42,200,200,200,200,200,200
430257,0,30,1,2,0,1,10,5,0,0,200,18,0,1,200,200,3,200,200,200,200
430257,0,30,1,2,0,1,10,5,0,0,200,18,0,0,35,200,0,200,0,200,200
430261,0,30,0,0,0,0,7,7,0,0,0,20,200,0,200,200,6,0,0,200,200
430266,0,30,2,2,0,4,10,5,0,0,0,0,200,1,33,0,3,200,200,200,200
430266,0,30,2,2,0,4,10,5,0,0,0,0,200,0,44,0,0,0,0,200,200
430266,1,30,2,2,0,4,10,5,0,0,0,0,200,1,200,0,200,200,200,200,200
430266,1,30,2,2,0,4,10,5,0,0,0,0,200,1,200,0,200,200,200,200,200
430268,0,25,1,2,0,3,14,2,0,0,0,21,4,0,42,0,9,0,0,200,200
430268,0,25,1,2,0,3,14,2,0,0,0,21,4,0,25,0,0,0,0,200,200
430271,0,30,0,0,0,1,14,5,0,0,0,23,0,0,20,200,7,200,200,200,200
430271,0,30,0,0,0,1,14,5,0,0,0,23,0,0,50,0,0,0,0,200,200
430273,0,30,1,2,0,4,10,5,0,0,0,18,11,0,200,0,1,200,0,200,200
430273,0,30,1,2,0,4,10,5,0,0,0,18,11,0,65,1,0,0,0,200,200
430276,0,30,0,0,0,1,12,5,0,0,0,25,200,0,30,0,0,0,0,200,200
430276,0,30,0,0,0,1,12,5,0,0,0,25,200,0,35,200,13,0,0,200,200
430279,0,30,0,0,0,3,7,5,0,0,0,0,200,0,56,0,0,0,0,200,200
430286,0,30,2,2,0,1,10,6,0,0,0,18,200,0,34,200,3,200,200,200,200
430286,0,30,2,2,0,1,10,6,0,0,0,18,200,1,38,0,0,0,0,200,200
430286,1,30,2,2,0,1,10,6,0,0,0,18,200,0,59,0,200,200,200,200,200
430287,0,30,0,0,0,1,10,3,0,0,0,18,200,2,200,200,1,200,200,200,200
430287,0,30,0,0,0,1,10,3,0,0,0,18,200,1,200,200,0,200,200,200,200
430287,0,30,0,0,0,1,10,3,0,0,0,18,200,1,30,0,0,0,0,200,200
430290,0,30,0,0,0,4,10,5,0,0,0,200,200,2,200,200,0,200,200,200,200
430290,0,30,0,0,0,4,10,5,0,0,0,200,200,0,19,0,0,0,0,200,200
430294,0,30,0,0,0,4,2,5,0,2,4,28,0,1,65,0,0,0,0,200,200
430296,0,30,0,0,200,1,14,5,0,200,0,17,200,1,200,0,1,5,0,200,200
430296,0,30,0,0,200,1,14,5,0,200,0,17,200,0,58,0,0,0,0,200,200
430301,0,10,0,0,0,3,9,0,0,0,0,25,200,2,200,200,8,200,200,200,200
430301,5,10,0,0,0,3,9,0,0,0,0,25,200,0,19,7,0,200,0,200,200
430303,0,30,0,0,0,1,7,2,0,0,0,0,0,2,200,200,2,0,0,200,200
430305,0,30,1,2,0,3,10,5,0,0,0,18,0,0,24,0,3,0,0,200,200
430305,0,30,1,2,0,3,10,5,0,0,0,18,0,0,54,0,12,0,0,200,200
430306,0,30,0,0,0,1,7,5,0,0,0,200,200,2,200,200,200,200,200,200,200
430308,0,30,2,2,0,1,8,5,0,200,200,17,0,0,51,200,1,200,200,200,200
430308,4,30,2,2,0,1,8,5,0,200,200,17,0,1,27,200,0,200,0,200,200
430313,0,30,0,0,0,3,11,5,0,0,0,17,200,1,200,200,12,200,200,200,200
430313,0,30,0,0,0,3,11,5,0,0,0,17,200,0,200,0,12,0,0,200,200
430317,0,30,0,0,0,0,12,6,0,0,0,0,200,0,49,7,0,0,0,200,200
430317,0,30,0,0,0,0,12,6,0,0,0,0,200,1,25,7,0,0,0,200,200
430323,0,30,0,0,0,4,14,2,0,0,0,0,0,0,28,0,7,200,200,200,200