RD_NO,PERSON_TYPE,POSTED_SPEED_LIMIT,TRAFFIC_CONTROL_DEVICE,DEVICE_CONDITION,WEATHER_CONDITION,LIGHTING_CONDITION,FIRST_CRASH_TYPE,TRAFFICWAY_TYPE,ALIGNMENT,ROADWAY_SURFACE_COND,ROAD_DEFECT,PRIM_CONTRIBUTORY_CAUSE,SEC_CONTRIBUTORY_CAUSE,SEX,AGE,SAFETY_EQUIPMENT,DRIVER_ACTION,DRIVER_VISION,PHYSICAL_CONDITION,BAC_RESULT VALUE,CELL_PHONE_USE
430323,0,30,0,0,0,4,14,2,0,0,0,0,0,1,27,200,0,200,200,200,200
430324,0,30,1,2,0,0,12,5,0,0,0,11,200,1,200,200,200,200,200,200,200
430324,0,30,1,2,0,0,12,5,0,0,0,11,200,0,200,0,0,0,0,200,200
430326,0,30,0,0,0,1,12,5,0,0,0,17,200,2,200,200,1,200,200,200,200
430326,0,30,0,0,0,1,12,5,0,0,0,17,200,0,21,0,0,0,0,200,200
430331,0,30,0,0,0,4,0,0,0,0,0,25,200,0,200,200,200,200,200,200,200
430331,0,30,0,0,0,4,0,0,0,0,0,25,200,1,58,0,12,0,0,200,200
430335,0,30,0,0,0,3,7,6,0,0,0,0,0,2,200,200,200,200,200,200,200
430341,0,30,0,0,0,3,14,5,0,0,0,23,0,1,39,200,7,200,0,200,200
430341,0,30,0,0,0,3,14,5,0,0,0,23,0,1,23,200,0,0,0,200,200
430341,1,30,0,0,0,3,14,5,0,0,0,23,0,0,4,5,200,200,200,200,200
430345,0,30,2,2,200,0,14,5,0,200,0,11,200,1,200,200,5,4,200,200,200
430345,0,30,2,2,200,0,14,5,0,200,0,11,200,1,200,0,0,0,0,200,200
430346,0,25,0,0,0,2,7,5,0,0,0,0,200,2,200,200,200,200,200,200,200
430348,0,30,0,0,0,1,7,6,0,0,0,200,200,0,47,0,0,0,0,200,200
430349,0,30,1,2,0,3,10,5,0,0,0,0,200,1,24,0,0,0,0,200,200
430349,0,30,1,2,0,3,10,5,0,0,0,0,200,0,28,0,0,0,0,200,200
430349,5,30,1,2,0,3,10,5,0,0,0,0,200,0,200,200,0,0,0,200,200
430363,0,30,2,2,0,3,0,5,0,0,0,17,11,2,200,200,1,200,200,200,200
430363,0,30,2,2,0,3,0,5,0,0,0,17,11,1,57,200,0,0,0,200,200
430363,1,30,2,2,0,3,0,5,0,0,0,17,11,0,18,200,200,200,200,200,200
430370,0,30,1,2,0,3,14,2,0,0,0,23,200,1,24,0,7,0,1,200,200
430370,0,30,1,2,0,3,14,2,0,0,0,23,200,0,33,0,0,0,0,200,200
430372,0,45,0,0,0,1,12,5,0,0,0,22,26,0,19,200,2,200,200,200,200
430372,0,45,0,0,0,1,12,5,0,0,0,22,26,0,31,200,0,200,0,200,200
430383,0,30,1,2,0,3,14,2,0,0,0,17,25,0,54,200,0,200,0,200,200
430383,0,30,1,2,0,3,14,2,0,0,0,17,25,0,58,200,1,200,0,200,200
430383,0,30,1,2,0,3,14,2,0,0,0,17,25,0,56,200,0,200,0,200,200
430383,1,30,1,2,0,3,14,2,0,0,0,17,25,1,47,200,200,200,200,200,200
430392,0,35,0,0,0,3,10,3,0,0,0,0,0,0,36,0,200,0,0,200,200
430392,0,35,0,0,0,3,10,3,0,0,0,0,0,1,42,0,200,200,0,200,200
430392,1,35,0,0,0,3,10,3,0,0,0,0,0,0,200,200,200,200,200,200,200
430398,0,25,0,0,0,3,12,6,0,0,0,0,0,0,47,0,200,0,0,200,200
430398,0,25,0,0,0,3,12,6,0,0,0,0,0,1,49,0,0,0,0,200,200
430399,0,30,1,2,0,3,10,6,0,0,3,17,0,0,67,0,1,0,0,200,200
430399,0,30,1,2,0,3,10,6,0,0,3,17,0,0,42,0,0,0,0,200,200
430412,0,30,0,0,0,3,14,2,0,0,0,17,200,0,200,200,1,200,200,200,200
430412,0,30,0,0,0,3,14,2,0,0,0,17,200,0,23,0,0,0,0,200,200
430412,1,30,0,0,0,3,14,2,0,0,0,17,200,0,21,0,200,200,200,200,200
430417,0,30,200,200,0,4,10,5,0,0,200,0,200,1,38,200,200,200,0,200,200
430417,1,30,200,200,0,4,10,5,0,0,200,0,200,0,200,200,200,200,200,200,200
430422,0,30,1,2,0,3,14,5,0,0,0,17,0,1,200,200,200,200,200,200,200
430422,0,30,1,2,0,3,14,5,0,0,0,17,0,0,51,0,0,0,0,200,200
430436,0,30,1,2,0,3,10,5,0,0,0,18,11,0,200,200,3,200,200,200,200
430436,0,30,1,2,0,3,10,5,0,0,0,18,11,0,37,0,0,0,0,200,200
430454,0,25,0,0,0,3,7,6,0,0,0,0,0,0,200,200,13,200,200,200,200
430454,1,25,0,0,0,3,7,6,0,0,0,0,0,200,200,200,200,200,200,200,200
430456,0,30,0,0,0,3,7,6,0,0,0,20,0,0,200,200,6,200,200,200,200
430456,1,30,0,0,0,3,7,6,0,0,0,20,0,1,26,0,200,200,200,200,200
430462,0,25,0,0,0,3,7,6,0,0,0,0,0,0,200,200,13,200,200,200,200
430462,1,25,0,0,0,3,7,6,0,0,0,0,0,200,200,200,200,200,200,200,200
430467,0,0,0,0,0,3,2,7,0,0,0,11,200,1,17,0,200,0,0,200,200
430468,0,35,1,2,0,3,14,1,0,0,0,32,200,0,44,200,12,0,5,200,200
430468,0,35,1,2,0,3,14,1,0,0,0,32,200,0,26,0,0,0,0,200,200
430469,0,30,2,2,0,0,10,5,0,0,200,0,200,1,22,200,200,200,200,200,200
430469,0,30,2,2,0,0,10,5,0,0,200,0,200,1,44,200,0,200,0,200,200
430469,1,30,2,2,0,0,10,5,0,0,200,0,200,1,21,200,200,200,200,200,200
430480,0,30,0,0,0,3,10,6,0,0,0,10,200,1,19,0,6,4,0,200,200
430480,0,30,0,0,0,3,10,6,0,0,0,10,200,0,42,0,9,0,0,200,200
430480,1,30,0,0,0,3,10,6,0,0,0,10,200,200,24,0,200,200,200,200,200
430480,1,30,0,0,0,3,10,6,0,0,0,10,200,0,20,0,200,200,200,200,200
430480,1,30,0,0,0,3,10,6,0,0,0,10,200,200,1,5,200,200,200,200,200
430480,1,30,0,0,0,3,10,6,0,0,0,10,200,1,28,0,200,200,200,200,200
430508,0,30,1,2,0,3,8,6,0,0,0,17,0,0,41,200,200,200,0,200,200
430508,4,30,1,2,0,3,8,6,0,0,0,17,0,0,46,3,200,200,0,200,200
430515,0,30,1,2,0,3,14,5,0,0,0,32,0,1,21,200,7,0,5,200,200
430515,0,30,1,2,0,3,14,5,0,0,0,32,0,0,41,200,0,0,0,200,200
430526,0,20,200,0,0,0,11,5,0,0,200,32,11,0,57,200,200,200,12,200,200
430526,0,20,200,0,0,0,11,5,0,0,200,32,11,0,42,0,200,0,0,200,200
430529,0,5,0,0,0,3,7,7,0,0,0,16,0,2,200,200,5,200,200,200,200
430534,0,30,1,2,0,3,0,12,0,0,200,6,200,1,24,200,5,0,0,200,200
430534,0,30,1,2,0,3,0,12,0,0,200,6,200,0,31,200,0,0,0,200,200
430534,1,30,1,2,0,3,0,12,0,0,200,6,200,1,19,200,200,200,200,200,200
430539,0,35,200,2,0,0,7,12,0,12,0,0,0,2,200,200,200,200,200,200,200
430551,0,30,0,0,0,3,7,5,0,0,0,0,0,0,53,200,200,200,0,200,200
430551,1,30,0,0,0,3,7,5,0,0,0,0,0,0,200,200,200,200,200,200,200
430552,0,20,0,0,0,3,7,5,0,0,0,0,0,0,200,200,12,200,200,200,200
430556,0,10,0,0,0,3,10,5,0,2,3,25,200,2,200,200,12,200,200,200,200
430556,0,10,0,0,0,3,10,5,0,2,3,25,200,0,50,0,0,0,0,200,200
430561,0,30,3,12,0,3,2,2,0,0,0,23,0,1,21,200,7,200,0,200,200
430561,1,30,3,12,0,3,2,2,0,0,0,23,0,1,25,200,200,200,200,200,200
430562,0,30,1,2,0,3,7,5,0,0,0,14,6,0,19,200,8,0,0,200,200
430562,1,30,1,2,0,3,7,5,0,0,0,14,6,0,20,200,200,200,200,200,200
430562,1,30,1,2,0,3,7,5,0,0,0,14,6,0,26,200,200,200,200,200,200
430564,0,30,0,0,0,0,7,12,0,0,0,0,200,0,200,200,200,200,200,200,200
430569,0,30,0,0,0,3,2,5,0,0,0,14,16,0,23,200,13,0,0,200,200
430588,0,30,1,2,0,3,2,5,0,0,0,0,200,0,31,2,200,200,200,200,200
430599,0,30,1,2,0,2,10,2,0,0,0,18,200,0,51,0,3,0,0,200,200
430599,0,30,1,2,0,2,10,2,0,0,0,18,200,1,58,0,0,0,0,200,200
430603,0,30,0,0,0,2,10,5,0,1,0,18,200,0,28,0,3,0,0,200,200
430603,0,30,0,0,0,2,10,5,0,1,0,18,200,0,43,0,0,0,0,200,200
430608,0,30,2,2,0,1,0,12,0,0,0,200,200,1,27,0,0,0,0,200,200
430608,0,30,2,2,0,1,0,12,0,0,0,200,200,0,49,0,0,0,0,200,200
430608,1,30,2,2,0,1,0,12,0,0,0,200,200,1,52,0,200,200,200,200,200
430610,0,30,0,0,0,1,7,7,0,0,0,20,200,0,200,200,6,200,200,200,200
430619,0,15,0,0,0,2,7,2,0,0,0,200,200,0,68,0,12,0,0,200,200
430627,0,30,2,2,0,3,0,2,0,0,0,22,16,0,55,0,0,12,0,200,200
430627,0,30,2,2,0,3,0,2,0,0,0,22,16,0,52,0,2,12,0,200,200
430630,0,30,0,0,0,1,12,6,0,0,0,17,17,1,24,0,1,0,0,200,200
430630,0,30,0,0,0,1,12,6,0,0,0,17,17,0,34,0,0,0,0,200,200
430635,0,30,0,0,0,2,2,12,2,12,0,19,32,0,40,0,12,200,5,200,200
430636,0,30,0,0,0,1,9,2,0,0,0,33,11,1,45,200,0,6,0,200,200
430636,5,30,0,0,0,1,9,2,0,0,0,33,11,0,28,7,1,5,0,200,200
430638,0,30,1,2,0,1,10,2,0,0,0,18,33,0,39,0,3,4,0,200,200
430638,0,30,1,2,0,1,10,2,0,0,0,18,33,0,45,0,0,0,0,200,200
430641,0,25,0,0,0,1,0,6,0,0,0,11,200,0,41,0,12,0,0,200,200
430641,0,25,0,0,0,1,0,6,0,0,0,11,200,0,27,0,0,0,0,200,200
430642,0,30,0,0,200,200,7,2,0,200,0,0,0,2,200,200,200,200,200,200,200
430644,0,30,1,2,0,1,10,12,0,0,0,200,200,2,200,200,0,200,200,200,200
430644,0,30,1,2,0,1,10,12,0,0,0,200,200,0,49,0,0,0,0,200,200
430645,0,30,1,2,0,1,10,2,0,0,0,33,200,1,33,200,3,12,0,200,200
430645,0,30,1,2,0,1,10,2,0,0,0,33,200,0,24,200,0,0,0,200,200
430645,0,30,1,2,0,1,10,2,0,0,0,33,200,1,32,200,0,0,0,200,200
430647,0,30,0,0,0,1,10,5,0,0,0,18,0,0,44,200,3,200,200,200,200
430647,0,30,0,0,0,1,10,5,0,0,0,18,0,1,43,0,0,0,0,200,200
430648,0,30,1,2,0,1,2,6,0,0,0,21,21,0,200,200,4,200,200,200,200
430648,0,30,1,2,0,1,2,6,0,0,0,21,21,1,56,0,0,0,0,200,200
430649,0,30,1,2,0,1,9,5,0,0,0,0,0,1,19,0,200,200,0,200,200
430649,5,30,1,2,0,1,9,5,0,0,0,0,0,1,53,7,0,200,0,200,200
430651,0,0,2,2,0,1,0,12,0,0,0,0,200,1,48,0,5,200,200,200,200
430651,0,0,2,2,0,1,0,12,0,0,0,0,200,0,24,200,0,0,0,200,200
430651,1,0,2,2,0,1,0,12,0,0,0,0,200,2,200,200,200,200,200,200,200
430652,0,30,2,2,0,1,0,5,0,0,0,33,11,1,71,0,1,6,0,200,200
430652,0,30,2,2,0,1,0,5,0,0,0,33,11,1,66,0,0,0,0,200,200
430654,0,25,0,0,0,1,7,5,0,0,0,33,7,0,31,0,12,6,0,200,200
430654,1,25,0,0,0,1,7,5,0,0,0,33,7,1,43,1,200,200,200,200,200
430655,0,30,1,2,0,1,14,3,0,0,0,0,0,1,48,0,12,200,0,200,200
430655,0,30,1,2,0,1,14,3,0,0,0,0,0,0,79,0,12,200,0,200,200
430656,0,30,1,2,0,1,12,3,0,0,0,200,200,1,21,0,2,0,0,200,200
430656,0,30,1,2,0,1,12,3,0,0,0,200,200,1,63,0,0,0,0,200,200
430656,1,30,1,2,0,1,12,3,0,0,0,200,200,1,20,0,200,200,200,200,200
430657,0,30,1,2,0,1,8,5,0,0,0,31,0,0,34,0,1,0,0,200,200
430657,4,30,1,2,0,1,8,5,0,0,0,31,0,0,41,3,0,0,0,200,200
430663,0,30,0,0,0,1,14,2,0,0,0,17,200,0,62,0,1,0,0,200,200
430663,0,30,0,0,0,1,14,2,0,0,0,17,200,1,44,0,0,0,0,200,200
430663,1,30,0,0,0,1,14,2,0,0,0,17,200,1,10,0,200,200,200,200,200
430666,0,30,0,0,200,200,7,6,0,200,0,0,200,2,200,200,200,200,200,200,200
430667,0,30,0,0,200,1,7,6,0,200,200,0,200,2,200,200,200,200,200,200,200
430670,0,25,1,2,0,1,10,5,0,0,0,33,33,0,57,0,3,6,0,200,200
430670,0,25,1,2,0,1,10,5,0,0,0,33,33,1,49,0,0,0,0,200,200
430671,0,30,0,0,0,1,10,5,0,0,1,33,28,0,29,0,2,6,0,200,200
430671,0,30,0,0,0,1,10,5,0,0,1,33,28,1,29,0,0,0,0,200,200
430672,0,30,0,0,0,1,7,5,0,0,0,22,0,2,200,200,200,200,200,200,200
430675,0,15,0,0,0,1,3,0,0,0,0,20,0,2,200,200,6,200,200,200,200
430675,0,15,0,0,0,1,3,0,0,0,0,20,0,1,38,200,0,0,0,200,200
430677,0,15,0,0,0,1,7,12,0,0,0,0,0,2,200,200,200,200,200,200,200
430678,0,30,0,0,0,1,10,2,0,0,0,0,0,1,29,200,200,200,200,200,200
430678,0,30,0,0,0,1,10,2,0,0,0,0,0,0,60,0,0,0,0,200,200
430679,0,30,1,2,0,1,9,5,0,0,0,0,0,1,48,0,12,0,0,200,200
430679,5,30,1,2,0,1,9,5,0,0,0,0,0,1,58,200,12,0,0,200,200
430680,0,30,2,0,0,1,0,12,0,0,0,33,200,0,32,0,1,6,0,200,200
430680,0,30,2,0,0,1,0,12,0,0,0,33,200,1,37,0,0,0,0,200,200
430682,0,20,2,12,0,1,14,2,0,0,0,200,200,1,28,200,200,200,0,200,200
430682,0,20,2,12,0,1,14,2,0,0,0,200,200,0,56,200,200,200,0,200,200
430682,1,20,2,12,0,1,14,2,0,0,0,200,200,1,200,200,200,200,200,200,200
430682,1,20,2,12,0,1,14,2,0,0,0,200,200,1,200,200,200,200,200,200,200
430682,1,20,2,12,0,1,14,2,0,0,0,200,200,200,21,200,200,200,200,200,200
430682,1,20,2,12,0,1,14,2,0,0,0,200,200,200,200,200,200,200,200,200,200
430685,0,0,0,0,0,1,7,6,0,0,0,0,200,0,40,200,0,4,0,200,200
430686,0,30,0,0,0,1,12,3,2,0,0,33,200,0,40,0,3,12,0,200,200
430686,0,30,0,0,0,1,12,3,2,0,0,33,200,0,64,0,0,0,0,200,200
430689,0,30,1,2,0,1,12,3,0,0,0,21,200,1,37,200,1,0,0,200,200
430689,0,30,1,2,0,1,12,3,0,0,0,21,200,1,62,200,0,0,0,200,200
430693,0,30,1,2,0,1,14,5,0,0,0,17,11,0,43,200,1,0,0,200,200
430693,0,30,1,2,0,1,14,5,0,0,0,17,11,0,49,0,0,0,0,200,200
430695,0,25,0,0,0,1,12,5,0,0,0,22,11,1,26,0,2,0,0,200,200
430695,0,25,0,0,0,1,12,5,0,0,0,22,11,1,37,0,0,0,0,200,200
430695,1,25,0,0,0,1,12,5,0,0,0,22,11,1,67,0,200,200,200,200,200
430695,1,25,0,0,0,1,12,5,0,0,0,22,11,0,1,5,200,200,200,200,200
430698,0,30,1,2,0,1,10,2,0,0,0,0,0,1,41,200,200,0,0,200,200
430698,0,30,1,2,0,1,10,2,0,0,0,0,0,0,49,200,0,0,0,200,200
430700,0,30,1,200,0,3,10,5,0,0,0,18,200,0,200,200,3,200,0,200,200
430700,0,30,1,200,0,3,10,5,0,0,0,18,200,0,37,0,0,0,0,200,200
430700,1,30,1,200,0,3,10,5,0,0,0,18,200,1,35,0,200,200,200,200,200
430703,0,30,1,2,0,0,14,2,0,0,0,17,200,1,27,0,7,200,200,200,200
430703,0,30,1,2,0,0,14,2,0,0,0,17,200,0,85,200,200,200,200,200,200
430704,0,30,0,0,0,1,12,2,0,0,0,0,200,1,63,0,200,0,0,200,200
430704,0,30,0,0,0,1,12,2,0,0,0,0,200,0,59,0,200,0,0,200,200
430706,0,30,0,0,0,1,10,5,0,0,0,18,200,1,25,0,3,0,0,200,200
430706,0,30,0,0,0,1,10,5,0,0,0,18,200,1,42,0,0,0,0,200,200
430707,0,30,2,2,0,1,0,6,0,0,0,17,200,1,67,0,1,0,0,200,200
430707,0,30,2,2,0,1,0,6,0,0,0,17,200,0,44,0,0,0,0,200,200
430708,0,30,0,0,0,1,12,5,0,0,0,0,0,1,22,0,4,0,0,200,200
430708,0,30,0,0,0,1,12,5,0,0,0,0,0,0,38,0,0,0,0,200,200
430709,0,30,2,2,0,1,14,2,0,0,0,18,16,1,41,0,3,0,0,200,200
430709,0,30,2,2,0,1,14,2,0,0,0,18,16,1,46,0,0,0,0,200,200
430709,1,30,2,2,0,1,14,2,0,0,0,18,16,0,15,0,200,200,200,200,200
430710,0,30,1,2,0,1,10,5,0,0,0,0,200,0,31,200,12,200,0,200,200
430710,0,30,1,2,0,1,10,5,0,0,0,0,200,1,32,7,0,0,0,200,200
430710,1,30,1,2,0,1,10,5,0,0,0,0,200,0,10,0,200,200,200,200,200
430710,1,30,1,2,0,1,10,5,0,0,0,0,200,0,0,5,200,200,200,200,200
430710,1,30,1,2,0,1,10,5,0,0,0,0,200,0,200,0,200,200,200,200,200
430711,0,30,0,0,0,1,14,6,0,0,0,10,200,0,34,0,9,0,0,200,200
430711,0,30,0,0,0,1,14,6,0,0,0,10,200,1,50,0,0,0,0,200,200
430712,0,35,0,0,0,1,7,3,0,0,0,16,0,2,200,200,1,200,200,200,200
430712,1,35,0,0,0,1,7,3,0,0,0,16,0,0,200,200,200,200,200,200,200
430720,0,30,0,0,0,1,12,5,0,0,0,0,0,0,67,7,200,0,0,200,200
430720,0,30,0,0,0,1,12,5,0,0,0,0,0,1,17,200,200,0,0,200,200
430723,0,30,0,0,200,200,7,5,0,200,0,0,200,2,200,200,200,200,200,200,200
430736,0,30,0,0,0,1,14,2,0,0,0,23,200,1,64,0,7,0,0,200,200
430736,0,30,0,0,0,1,14,2,0,0,0,23,200,0,23,0,0,0,0,200,200
430736,1,30,0,0,0,1,14,2,0,0,0,23,200,1,44,0,200,200,200,200,200
430736,1,30,0,0,0,1,14,2,0,0,0,23,200,1,200,0,200,200,200,200,200
430736,1,30,0,0,0,1,14,2,0,0,0,23,200,0,200,0,200,200,200,200,200
430736,1,30,0,0,0,1,14,2,0,0,0,23,200,0,78,0,200,200,200,200,200
430740,0,30,0,0,0,1,10,2,0,0,0,0,0,1,19,0,8,0,0,200,200
430740,0,30,0,0,0,1,10,2,0,0,0,0,0,0,31,0,0,0,0,200,200
430740,1,30,0,0,0,1,10,2,0,0,0,0,0,1,39,0,200,200,200,200,200
430740,1,30,0,0,0,1,10,2,0,0,0,0,0,0,10,0,200,200,200,200,200
430741,0,30,2,2,0,1,0,5,0,0,0,0,0,0,75,0,200,0,0,200,200
430741,0,30,2,2,0,1,0,5,0,0,0,0,0,1,20,0,200,0,0,200,200
430744,0,35,1,2,0,1,14,5,0,0,0,17,200,0,55,0,1,0,0,200,200
430744,0,35,1,2,0,1,14,5,0,0,0,17,200,0,41,0,0,0,0,200,200
430748,0,30,0,0,0,1,7,6,0,0,0,0,0,0,200,200,200,200,200,200,200
430751,0,30,0,0,0,1,10,2,0,0,3,0,0,1,47,0,200,0,0,200,200
430751,0,30,0,0,0,1,10,2,0,0,3,0,0,1,48,0,0,0,0,200,200
430754,0,30,0,0,0,1,2,5,0,0,0,200,200,0,200,200,200,200,200,200,200
430761,0,15,0,0,200,1,5,7,0,200,200,0,200,0,50,200,12,0,0,200,200
430763,0,30,0,0,0,1,12,2,0,0,0,22,21,1,200,200,2,200,200,200,200
430763,0,30,0,0,0,1,12,2,0,0,0,22,21,0,42,0,0,0,0,200,200
430763,1,30,0,0,0,1,12,2,0,0,0,22,21,1,39,0,200,200,200,200,200
430763,1,30,0,0,0,1,12,2,0,0,0,22,21,1,5,5,200,200,200,200,200
430768,0,30,0,0,0,1,12,2,0,0,0,0,0,0,54,0,12,0,0,200,200
430768,0,30,0,0,0,1,12,2,0,0,0,0,0,0,20,0,0,0,0,200,200
430769,0,30,2,2,0,1,0,5,0,0,0,5,5,1,59,0,5,0,0,200,200
430769,0,30,2,2,0,1,0,5,0,0,0,5,5,1,36,0,0,0,0,200,200
430770,0,30,1,2,0,1,10,5,0,0,0,0,0,0,200,200,12,200,200,200,200
430770,0,30,1,2,0,1,10,5,0,0,0,0,0,0,27,0,0,0,0,200,200
430770,1,30,1,2,0,1,10,5,0,0,0,0,0,200,200,0,200,200,200,200,200
430772,0,30,0,0,0,1,8,2,0,0,0,18,18,0,200,0,0,0,0,200,200
430772,4,30,0,0,0,1,8,2,0,0,0,18,18,1,76,7,8,0,0,200,200
430776,0,30,2,2,0,1,2,2,3,0,0,11,200,1,85,0,12,0,0,200,200
430778,0,30,12,2,0,1,12,2,0,0,0,22,16,0,34,0,200,0,0,200,200
430778,0,30,12,2,0,1,12,2,0,0,0,22,16,0,61,0,12,0,0,200,200
430778,1,30,12,2,0,1,12,2,0,0,0,22,16,2,200,7,200,200,200,200,200
430778,1,30,12,2,0,1,12,2,0,0,0,22,16,2,200,7,200,200,200,200,200
430778,1,30,12,2,0,1,12,2,0,0,0,22,16,2,200,7,200,200,200,200,200
430778,1,30,12,2,0,1,12,2,0,0,0,22,16,2,200,7,200,200,200,200,200
430778,1,30,12,2,0,1,12,2,0,0,0,22,16,2,200,7,200,200,200,200,200
430778,1,30,12,2,0,1,12,2,0,0,0,22,16,2,200,7,200,200,200,200,200
430778,1,30,12,2,0,1,12,2,0,0,0,22,16,2,200,7,200,200,200,200,200
430778,1,30,12,2,0,1,12,2,0,0,0,22,16,2,200,7,200,200,200,200,200
430778,1,30,12,2,0,1,12,2,0,0,0,22,16,2,200,7,200,200,200,200,200
430778,1,30,12,2,0,1,12,2,0,0,0,22,16,2,200,7,200,200,200,200,200
430778,1,30,12,2,0,1,12,2,0,0,0,22,16,2,200,7,200,200,200,200,200
430778,1,30,12,2,0,1,12,2,0,0,0,22,16,2,200,7,200,200,200,200,200
430778,1,30,12,2,0,1,12,2,0,0,0,22,16,2,200,7,200,200,200,200,200
430778,1,30,12,2,0,1,12,2,0,0,0,22,16,2,200,7,200,200,200,200,200
430780,0,30,2,2,0,1,14,5,0,0,0,23,200,1,40,0,4,0,0,200,200
430780,0,30,2,2,0,1,14,5,0,0,0,23,200,0,22,0,0,0,0,200,200
430784,0,30,1,2,0,1,14,2,0,0,0,21,17,1,71,0,4,0,0,200,200
430784,0,30,1,2,0,1,14,2,0,0,0,21,17,1,26,0,0,0,0,200,200
430789,0,30,0,0,0,1,7,2,0,0,0,0,0,1,23,0,4,0,0,200,200
430794,0,30,0,0,0,1,8,2,0,0,0,11,22,0,48,0,0,0,0,200,200
430794,4,30,0,0,0,1,8,2,0,0,0,11,22,0,33,3,1,0,0,200,200
430796,0,30,0,0,0,1,12,5,0,0,0,0,0,0,18,0,4,0,0,200,200
430796,0,30,0,0,0,1,12,5,0,0,0,0,0,0,26,0,0,0,0,200,200
430797,0,30,10,0,0,1,2,3,0,0,0,0,11,0,51,0,12,0,0,200,200
430800,0,45,0,0,0,1,10,3,0,0,0,18,18,1,73,0,3,0,0,200,200
430800,0,45,0,0,0,1,10,3,0,0,0,18,18,0,38,0,0,0,0,200,200
430806,0,30,2,0,0,1,14,5,0,0,0,23,17,0,19,0,7,0,0,200,200
430806,0,30,2,0,0,1,14,5,0,0,0,23,17,0,35,0,0,0,0,200,200
430806,1,30,2,0,0,1,14,5,0,0,0,23,17,1,200,0,200,200,200,200,200
430808,0,0,0,0,0,1,7,5,0,0,0,22,0,1,37,200,200,0,0,200,200
430812,0,30,0,0,0,1,7,2,0,0,0,0,200,2,200,200,200,200,200,200,200
430819,0,30,2,2,0,1,8,5,0,0,0,0,0,1,200,200,200,200,200,200,200
430819,4,30,2,2,0,1,8,5,0,0,0,0,0,0,19,7,200,0,0,200,200
430822,0,30,0,12,0,1,12,2,0,0,0,30,200,1,54,200,11,0,0,200,200
430822,0,30,0,12,0,1,12,2,0,0,0,30,200,0,55,0,0,0,0,200,200
430826,0,30,0,0,0,1,10,3,0,0,0,18,0,0,200,200,3,200,200,200,200
430826,0,30,0,0,0,1,10,3,0,0,0,18,0,1,27,0,0,0,0,200,200
430826,1,30,0,0,0,1,10,3,0,0,0,18,0,200,4,5,200,200,200,200,200
430826,1,30,0,0,0,1,10,3,0,0,0,18,0,200,6,5,200,200,200,200,200
430828,0,30,1,2,0,1,12,2,0,0,0,0,200,2,200,200,200,200,200,200,200
430828,0,30,1,2,0,1,12,2,0,0,0,0,200,0,46,0,0,0,0,200,200
430830,0,30,1,200,200,1,10,5,3,200,200,200,200,0,200,200,200,200,200,200,200
430830,0,30,1,200,200,1,10,5,3,200,200,200,200,0,200,200,200,200,200,200,200
430831,0,30,1,2,0,1,10,2,0,0,0,0,200,0,200,200,200,200,200,200,200
430831,0,30,1,2,0,1,10,2,0,0,0,0,200,0,65,0,12,0,0,200,200
430834,0,30,0,0,0,1,7,5,0,0,0,0,0,0,200,200,7,200,200,200,200
430835,0,30,0,0,0,1,12,5,0,0,0,21,200,1,200,200,4,200,200,200,200
430835,0,30,0,0,0,1,12,5,0,0,0,21,200,1,27,0,0,0,0,200,200
430841,0,35,1,2,0,1,10,5,0,0,0,0,200,0,200,0,12,0,0,200,200
430841,0,35,1,2,0,1,10,5,0,0,0,0,200,1,200,0,0,0,0,200,200
430848,0,30,0,0,0,1,12,5,0,0,0,0,0,0,42,0,200,0,0,200,200
430848,0,30,0,0,0,1,12,5,0,0,0,0,0,0,52,0,200,0,0,200,200
430848,1,30,0,0,0,1,12,5,0,0,0,0,0,1,200,0,200,200,200,200,200
430854,0,30,0,0,0,1,5,4,0,0,0,0,200,0,50,0,200,12,0,200,200
430866,0,30,1,2,0,1,8,5,0,0,0,33,0,0,40,0,1,12,0,200,200
430866,4,30,1,2,0,1,8,5,0,0,0,33,0,0,200,200,0,0,0,200,200
430868,0,30,2,2,0,1,0,2,0,0,0,0,200,1,200,200,200,200,200,200,200
430868,0,30,2,2,0,1,0,2,0,0,0,0,200,0,71,0,200,0,0,200,200
430870,0,30,0,0,0,1,12,3,0,0,0,22,200,0,200,200,12,200,200,200,200
430870,0,30,0,0,0,1,12,3,0,0,0,22,200,1,47,0,0,0,0,200,200
430873,0,30,1,2,0,1,10,2,2,0,0,18,7,0,48,0,3,0,0,200,200
430873,0,30,1,2,0,1,10,2,2,0,0,18,7,0,54,0,0,0,0,200,200
430883,0,30,0,0,0,1,4,6,0,0,1,200,200,1,41,0,0,0,0,200,200
430886,0,30,200,200,0,1,10,2,0,0,0,0,200,2,200,200,200,200,200,200,200
430886,0,30,200,200,0,1,10,2,0,0,0,0,200,0,46,200,0,0,0,200,200
430890,0,30,0,0,0,1,14,5,0,0,0,0,0,0,83,0,200,0,0,200,200
430890,0,30,0,0,0,1,14,5,0,0,0,0,0,1,40,0,200,0,0,200,200
430893,0,35,1,2,0,1,10,3,0,0,0,0,200,0,200,200,200,200,200,200,200
430893,0,35,1,2,0,1,10,3,0,0,0,0,200,0,25,200,200,0,0,200,200
430894,0,35,0,0,0,1,2,12,2,200,200,0,0,0,23,200,200,200,200,200,200
430897,0,35,0,0,0,1,7,2,0,0,0,21,11,1,200,200,10,200,200,200,200
430898,5,30,0,0,0,1,9,2,0,0,0,4,4,0,29,7,12,200,0,200,200