RD_NO,PERSON_TYPE,POSTED_SPEED_LIMIT,TRAFFIC_CONTROL_DEVICE,DEVICE_CONDITION,WEATHER_CONDITION,LIGHTING_CONDITION,FIRST_CRASH_TYPE,TRAFFICWAY_TYPE,ALIGNMENT,ROADWAY_SURFACE_COND,ROAD_DEFECT,PRIM_CONTRIBUTORY_CAUSE,SEC_CONTRIBUTORY_CAUSE,SEX,AGE,SAFETY_EQUIPMENT,DRIVER_ACTION,DRIVER_VISION,PHYSICAL_CONDITION,BAC_RESULT VALUE,CELL_PHONE_USE
432115,0,30,1,2,0,1,14,5,0,0,0,0,0,0,27,3,200,0,0,200,200
432115,0,30,1,2,0,1,14,5,0,0,0,0,0,0,200,0,0,0,0,200,200
432118,0,30,1,0,0,1,0,2,0,0,0,0,0,1,42,200,0,0,0,200,200
432118,0,30,1,0,0,1,0,2,0,0,0,0,0,1,200,0,0,0,0,200,200
432120,0,30,0,0,0,1,10,5,0,0,0,18,200,1,200,200,3,200,200,200,200
432120,0,30,0,0,0,1,10,5,0,0,0,18,200,0,46,0,0,0,0,200,200
432123,0,30,1,2,0,1,10,6,0,0,200,7,200,1,53,0,3,0,0,200,200
432123,0,30,1,2,0,1,10,6,0,0,200,7,200,1,38,0,0,0,0,200,200
432129,0,30,1,2,0,1,9,3,0,0,0,0,200,0,36,200,200,200,0,200,200
432129,5,30,1,2,0,1,9,3,0,0,0,0,200,1,51,7,12,200,200,200,200
432133,0,30,0,0,0,1,11,5,0,0,0,21,200,1,67,200,12,0,0,200,200
432133,0,30,0,0,0,1,11,5,0,0,0,21,200,0,45,200,0,0,0,200,200
432134,0,30,0,0,0,1,0,5,0,0,0,17,17,0,200,200,1,200,200,200,200
432134,0,30,0,0,0,1,0,5,0,0,0,17,17,1,27,0,0,0,0,200,200
432134,1,30,0,0,0,1,0,5,0,0,0,17,17,1,200,0,200,200,200,200,200
432136,0,30,0,0,0,1,14,5,0,0,0,11,200,0,54,0,7,0,0,200,200
432136,0,30,0,0,0,1,14,5,0,0,0,11,200,0,36,0,0,0,0,200,200
432139,0,30,0,0,0,1,12,7,0,0,0,0,0,0,46,0,12,0,0,200,200
432139,0,30,0,0,0,1,12,7,0,0,0,0,0,0,60,0,200,0,0,200,200
432139,1,30,0,0,0,1,12,7,0,0,0,0,0,1,200,0,200,200,200,200,200
432141,0,30,0,0,0,1,10,6,0,0,0,0,0,0,54,200,6,0,200,200,200
432141,0,30,0,0,0,1,10,6,0,0,0,0,0,0,34,200,0,0,0,200,200
432148,0,20,0,0,0,1,7,5,0,0,0,12,200,0,60,200,12,0,0,200,200
432159,0,30,0,0,0,1,14,2,0,0,0,23,200,0,28,200,7,0,0,200,200
432159,0,30,0,0,0,1,14,2,0,0,0,23,200,1,34,200,0,0,0,200,200
432162,0,0,0,0,0,1,4,7,0,0,0,0,200,0,54,3,200,200,0,200,200
432168,0,30,0,0,0,1,12,5,0,0,0,23,200,0,200,200,4,200,200,200,200
432168,0,30,0,0,0,1,12,5,0,0,0,23,200,0,53,0,0,0,0,200,200
432168,1,30,0,0,0,1,12,5,0,0,0,23,200,1,200,1,200,200,200,200,200
432170,0,30,0,0,0,1,5,7,0,0,0,33,33,0,23,0,12,12,0,200,200
432172,0,30,3,2,0,1,12,5,0,0,0,0,0,2,200,200,200,200,200,200,200
432172,0,30,3,2,0,1,12,5,0,0,0,0,0,0,62,0,0,0,0,200,200
432173,0,10,0,0,0,1,0,7,0,0,0,22,200,0,0,200,200,200,200,200,200
432173,0,10,0,0,0,1,0,7,0,0,0,22,200,1,33,0,0,200,0,200,200
432175,0,30,2,2,0,1,0,2,0,0,0,17,16,0,84,0,12,0,0,200,200
432175,0,30,2,2,0,1,0,2,0,0,0,17,16,1,52,0,12,0,0,200,200
432176,0,30,2,0,0,1,0,5,0,0,0,17,0,1,25,0,1,200,200,200,200
432176,0,30,2,0,0,1,0,5,0,0,0,17,0,1,32,0,0,0,0,200,200
432180,0,30,2,2,0,1,0,2,0,0,0,17,200,0,27,200,1,200,0,200,200
432180,0,30,2,2,0,1,0,2,0,0,0,17,200,0,48,200,0,200,0,200,200
432182,0,30,0,0,0,1,7,5,0,0,0,200,200,2,200,200,200,200,200,200,200
432186,0,20,0,0,0,1,0,6,0,0,0,20,200,0,36,200,6,0,0,200,200
432186,0,20,0,0,0,1,0,6,0,0,0,20,200,0,60,200,0,0,0,200,200
432193,0,35,12,2,0,1,10,5,0,0,0,18,200,1,62,0,3,0,0,200,200
432193,0,35,12,2,0,1,10,5,0,0,0,18,200,0,24,0,0,0,0,200,200
432193,1,35,12,2,0,1,10,5,0,0,0,18,200,0,200,0,200,200,200,200,200
432194,0,30,0,0,0,1,10,5,0,0,0,0,0,0,35,0,0,0,0,200,200
432194,0,30,0,0,0,1,10,5,0,0,0,0,0,0,45,0,0,0,0,200,200
432199,0,45,0,0,0,1,12,3,0,0,200,0,200,1,39,0,200,0,0,200,200
432199,0,45,0,0,0,1,12,3,0,0,200,0,200,1,45,200,200,0,0,200,200
432199,1,45,0,0,0,1,12,3,0,0,200,0,200,0,1,5,200,200,200,200,200
432200,0,30,0,0,200,200,7,2,0,200,200,200,200,2,200,200,200,200,200,200,200
432202,0,15,0,0,0,0,7,5,0,0,0,0,0,2,200,200,200,200,200,200,200
432212,0,35,0,0,0,1,12,5,0,0,0,200,200,0,200,200,4,200,200,200,200
432212,0,35,0,0,0,1,12,5,0,0,0,200,200,0,46,200,0,0,0,200,200
432213,0,30,1,2,0,1,10,2,0,0,0,200,200,0,33,0,3,0,0,200,200
432213,0,30,1,2,0,1,10,2,0,0,0,200,200,0,37,0,0,0,0,200,200
432213,1,30,1,2,0,1,10,2,0,0,0,200,200,0,43,0,200,200,200,200,200
432214,0,30,0,0,0,1,12,0,2,0,0,17,17,0,24,200,1,0,200,200,200
432214,0,30,0,0,0,1,12,0,2,0,0,17,17,0,43,0,0,0,0,200,200
432215,0,30,1,2,0,1,10,2,0,0,0,0,200,0,66,200,200,0,0,200,200
432215,0,30,1,2,0,1,10,2,0,0,0,0,200,1,63,0,0,0,0,200,200
432215,1,30,1,2,0,1,10,2,0,0,0,0,200,0,9,0,200,200,200,200,200
432229,0,30,1,2,0,1,10,2,0,0,0,16,18,1,48,200,3,200,200,200,200
432229,0,30,1,2,0,1,10,2,0,0,0,16,18,0,43,0,0,0,0,200,200
432238,0,25,1,2,0,1,14,3,0,0,0,25,21,0,20,0,13,0,0,200,200
432238,0,25,1,2,0,1,14,3,0,0,0,25,21,0,23,0,0,0,0,200,200
432238,1,25,1,2,0,1,14,3,0,0,0,25,21,0,20,200,200,200,200,200,200
432238,1,25,1,2,0,1,14,3,0,0,0,25,21,0,19,200,200,200,200,200,200
432238,1,25,1,2,0,1,14,3,0,0,0,25,21,0,18,200,200,200,200,200,200
432238,1,25,1,2,0,1,14,3,0,0,0,25,21,0,200,200,200,200,200,200,200
432240,0,30,0,0,0,200,7,5,0,0,0,0,0,2,200,200,200,200,200,200,200
432252,0,30,2,0,0,1,9,6,0,0,0,17,0,0,29,0,1,0,0,200,200
432252,5,30,2,0,0,1,9,6,0,0,0,17,0,0,73,7,12,0,0,200,200
432272,0,35,1,2,0,1,10,5,0,0,0,18,200,0,37,0,3,12,0,200,200
432272,0,35,1,2,0,1,10,5,0,0,0,18,200,1,200,200,0,200,200,200,200
432284,0,30,1,2,0,1,10,5,0,0,0,18,200,0,200,0,3,0,0,200,200
432284,0,30,1,2,0,1,10,5,0,0,0,18,200,0,46,0,0,0,0,200,200
432285,0,5,0,0,0,1,9,4,0,0,0,200,200,0,87,0,12,0,0,200,200
432285,5,5,0,0,0,1,9,4,0,0,0,200,200,1,84,7,0,0,0,200,200
432285,1,5,0,0,0,1,9,4,0,0,0,200,200,1,84,7,200,200,200,200,200
432291,0,0,200,200,200,200,7,5,0,200,200,0,0,2,200,200,200,200,200,200,200
432292,0,30,1,2,0,1,3,5,0,0,0,0,0,0,77,0,200,0,0,200,200
432292,0,30,1,2,0,1,3,5,0,0,0,0,0,0,24,0,0,0,0,200,200
432292,1,30,1,2,0,1,3,5,0,0,0,0,0,1,26,0,200,200,200,200,200
432296,0,30,0,0,0,1,10,5,0,0,200,20,20,0,79,200,6,200,0,200,200
432296,0,30,0,0,0,1,10,5,0,0,200,20,20,1,85,200,0,200,0,200,200
432299,0,35,2,2,0,1,0,5,0,0,0,17,200,0,44,200,1,0,0,200,200
432299,0,35,2,2,0,1,0,5,0,0,0,17,200,0,27,0,0,0,0,200,200
432301,0,0,0,0,0,1,7,7,0,0,0,0,200,0,29,0,12,0,0,200,200
432307,0,30,1,200,0,1,12,3,0,0,0,0,0,1,200,200,200,200,200,200,200
432307,0,30,1,200,0,1,12,3,0,0,0,0,0,1,46,0,200,200,0,200,200
432310,0,30,0,0,0,1,7,6,0,0,0,0,200,0,200,200,200,200,200,200,200
432318,0,30,0,0,200,200,0,6,0,0,0,17,0,0,200,200,1,200,200,200,200
432318,0,30,0,0,200,200,0,6,0,0,0,17,0,0,79,0,0,0,0,200,200
432322,0,15,10,2,0,1,2,5,0,0,0,3,0,0,30,0,12,0,0,200,200
432323,0,30,0,0,0,1,7,5,0,0,0,21,200,0,65,200,12,200,0,200,200
432323,1,30,0,0,0,1,7,5,0,0,0,21,200,1,54,200,200,200,200,200,200
432328,0,35,0,0,0,1,7,2,0,0,0,12,200,0,70,200,12,0,0,200,200
432333,0,30,0,0,0,1,14,2,0,0,0,11,0,0,200,200,12,200,200,200,200
432333,0,30,0,0,0,1,14,2,0,0,0,11,0,1,54,0,0,0,0,200,200
432347,0,30,1,2,0,1,8,5,0,200,200,6,22,0,200,200,5,200,200,200,200
432347,4,30,1,2,0,1,8,5,0,200,200,6,22,0,31,2,12,200,200,200,200
432353,0,15,2,2,0,1,10,5,0,12,4,18,200,0,200,0,3,0,0,200,200
432353,0,15,2,2,0,1,10,5,0,12,4,18,200,0,62,0,0,0,0,200,200
432358,0,30,0,0,0,1,7,12,0,0,0,0,200,2,200,200,200,200,200,200,200
432359,0,30,0,0,0,1,10,6,0,0,0,0,0,0,200,200,200,200,200,200,200
432359,0,30,0,0,0,1,10,6,0,0,0,0,0,0,20,0,0,0,0,200,200
432361,0,30,0,0,0,1,7,6,0,0,0,200,200,1,36,0,12,0,0,200,200
432366,0,30,1,200,0,1,12,6,0,0,200,21,200,0,77,200,7,0,0,200,200
432366,0,30,1,200,0,1,12,6,0,0,200,21,200,0,33,200,0,0,0,200,200
432366,1,30,1,200,0,1,12,6,0,0,200,21,200,0,29,200,200,200,200,200,200
432374,0,30,0,0,200,200,7,6,0,0,0,0,200,2,200,200,0,200,200,200,200
432380,0,30,0,0,0,1,12,6,0,0,0,0,0,1,30,0,200,200,0,200,200
432380,0,30,0,0,0,1,12,6,0,0,0,0,0,0,34,200,0,200,0,200,200
432382,0,0,1,2,0,1,12,12,0,0,0,22,0,0,200,200,2,200,200,200,200
432382,0,0,1,2,0,1,12,12,0,0,0,22,0,0,49,0,0,0,0,200,200
432382,1,0,1,2,0,1,12,12,0,0,0,22,0,2,200,200,200,200,200,200,200
432385,0,30,0,0,0,3,10,5,0,0,0,0,0,1,200,200,200,200,200,200,200
432385,0,30,0,0,0,3,10,5,0,0,0,0,0,0,22,0,0,0,0,200,200
432386,0,30,0,0,0,1,12,5,0,0,0,16,16,0,200,200,10,200,200,200,200
432386,0,30,0,0,0,1,12,5,0,0,0,16,16,0,59,200,2,0,0,200,200
432394,0,20,2,2,200,1,7,6,0,200,200,23,23,0,200,200,7,200,200,200,200
432395,0,30,0,0,0,1,0,7,0,0,0,17,200,0,200,200,1,200,200,200,200
432395,0,30,0,0,0,1,0,7,0,0,0,17,200,1,42,0,0,0,0,200,200
432396,0,30,1,2,0,1,10,5,0,0,200,0,0,0,200,200,1,200,200,200,200
432396,0,30,1,2,0,1,10,5,0,0,200,0,0,1,78,0,0,0,0,200,200
432408,0,30,200,200,0,1,2,5,0,0,0,0,200,0,20,200,200,200,200,200,200
432418,0,30,0,0,0,1,7,5,0,0,0,0,0,0,59,200,200,200,200,200,200
432418,1,30,0,0,0,1,7,5,0,0,0,0,0,0,60,0,200,200,200,200,200
432420,0,30,2,2,0,1,9,6,0,0,0,17,5,0,24,200,1,0,0,200,200
432420,5,30,2,2,0,1,9,6,0,0,0,17,5,1,49,200,200,0,200,200,200
432429,0,30,1,2,0,1,12,6,0,0,0,22,17,1,200,200,4,0,0,200,200
432429,0,30,1,2,0,1,12,6,0,0,0,22,17,0,20,0,0,0,0,200,200
432435,0,30,0,0,0,1,12,2,0,0,0,21,23,0,44,200,4,0,0,200,200
432435,0,30,0,0,0,1,12,2,0,0,0,21,23,1,56,0,200,200,0,200,200
432441,0,30,1,2,0,1,10,5,0,0,200,18,200,0,53,200,3,200,200,200,200
432441,0,30,1,2,0,1,10,5,0,0,200,18,200,0,30,0,0,0,0,200,200
432443,0,30,0,0,0,1,14,6,0,0,0,0,200,1,57,0,7,0,0,200,200
432443,0,30,0,0,0,1,14,6,0,0,0,0,200,1,31,0,0,0,0,200,200
432444,0,15,0,0,0,1,7,7,0,0,0,17,0,1,26,200,1,200,200,200,200
432445,0,30,0,0,0,1,10,5,0,0,0,0,0,0,200,200,200,200,200,200,200
432445,0,30,0,0,0,1,10,5,0,0,0,0,0,1,40,0,0,0,0,200,200
432449,0,0,1,2,0,1,3,2,0,0,0,20,11,0,23,200,6,0,0,200,200
432449,0,0,1,2,0,1,3,2,0,0,0,20,11,0,59,200,12,0,0,200,200
432449,1,0,1,2,0,1,3,2,0,0,0,20,11,0,200,200,200,200,200,200,200
432450,0,30,1,2,0,1,10,5,0,0,12,18,0,0,200,0,3,200,0,200,200
432450,0,30,1,2,0,1,10,5,0,0,12,18,0,0,33,1,200,200,0,200,200
432450,0,30,1,2,0,1,10,5,0,0,12,18,0,1,36,0,200,200,0,200,200
432451,0,30,0,0,0,1,0,5,0,200,200,21,200,1,24,200,4,200,0,200,200
432451,0,30,0,0,0,1,0,5,0,200,200,21,200,0,35,200,0,200,0,200,200
432452,0,30,2,12,0,1,14,7,0,0,0,17,200,1,62,0,12,0,0,200,200
432452,0,30,2,12,0,1,14,7,0,0,0,17,200,1,24,0,0,0,0,200,200
432457,0,30,0,0,0,1,10,5,0,0,0,18,16,0,31,0,3,0,0,200,200
432457,0,30,0,0,0,1,10,5,0,0,0,18,16,1,34,0,0,0,0,200,200
432461,0,30,1,2,0,1,12,5,0,200,200,20,20,1,200,200,6,200,200,200,200
432461,0,30,1,2,0,1,12,5,0,200,200,20,20,0,20,0,200,200,200,200,200
432461,1,30,1,2,0,1,12,5,0,200,200,20,20,1,200,200,200,200,200,200,200
432461,1,30,1,2,0,1,12,5,0,200,200,20,20,1,200,200,200,200,200,200,200
432470,0,30,1,2,0,1,10,5,0,0,0,18,200,0,19,0,3,200,200,200,200
432470,0,30,1,2,0,1,10,5,0,0,0,18,200,1,200,0,0,0,0,200,200
432470,1,30,1,2,0,1,10,5,0,0,0,18,200,0,200,0,200,200,200,200,200
432472,0,35,1,2,0,1,10,5,0,0,0,18,0,0,20,0,3,0,0,200,200
432472,0,35,1,2,0,1,10,5,0,0,0,18,0,1,47,0,0,0,0,200,200
432472,1,35,1,2,0,1,10,5,0,0,0,18,0,0,48,0,200,200,200,200,200
432476,0,10,200,200,200,200,7,5,0,200,200,0,200,2,200,200,200,200,200,200,200
432479,0,30,1,2,0,3,14,5,0,0,0,0,0,1,56,200,200,200,200,200,200
432479,0,30,1,2,0,3,14,5,0,0,0,0,0,0,55,0,0,0,0,200,200
432481,0,30,1,2,0,1,14,2,0,0,0,23,21,1,56,200,7,0,0,200,200
432481,0,30,1,2,0,1,14,2,0,0,0,23,21,0,34,200,0,200,7,200,200
432499,0,10,200,200,200,200,10,5,0,200,200,0,200,1,39,0,200,200,0,200,200
432499,0,10,200,200,200,200,10,5,0,200,200,0,200,1,34,0,200,0,0,200,200
432509,0,30,2,2,0,1,9,2,0,0,0,0,0,1,36,0,200,200,0,200,200
432509,5,30,2,2,0,1,9,2,0,0,0,0,0,1,65,7,200,200,7,200,200
432522,0,30,200,2,0,1,10,3,0,0,0,16,0,0,27,200,3,0,0,200,200
432522,0,30,200,2,0,1,10,3,0,0,0,16,0,0,47,0,0,0,0,200,200
432529,0,30,2,2,0,1,0,5,0,200,200,0,27,1,56,0,12,12,0,200,200
432529,0,30,2,2,0,1,0,5,0,200,200,0,27,1,40,0,12,0,0,200,200
432542,0,30,0,0,0,1,7,7,0,0,0,0,0,2,200,200,200,200,200,200,200
432544,0,30,0,0,0,1,9,5,2,0,200,0,0,0,200,200,0,200,200,200,200
432544,5,30,0,0,0,1,9,5,2,0,200,0,0,0,10,7,0,0,0,200,200
432549,0,35,2,12,0,1,8,5,0,0,0,17,200,0,46,200,1,200,200,200,200
432549,4,35,2,12,0,1,8,5,0,0,0,17,200,0,28,7,0,0,0,200,200
432550,0,15,0,0,0,1,7,7,0,0,0,23,0,0,200,200,7,200,200,200,200
432550,1,15,0,0,0,1,7,7,0,0,0,23,0,0,200,200,200,200,200,200,200
432550,1,15,0,0,0,1,7,7,0,0,0,23,0,0,200,200,200,200,200,200,200
432550,1,15,0,0,0,1,7,7,0,0,0,23,0,0,200,200,200,200,200,200,200
432550,1,15,0,0,0,1,7,7,0,0,0,23,0,1,37,200,200,200,200,200,200
432550,1,15,0,0,0,1,7,7,0,0,0,23,0,1,5,5,200,200,200,200,200
432550,1,15,0,0,0,1,7,7,0,0,0,23,0,0,46,200,200,200,200,200,200
432553,0,35,0,0,0,1,14,5,3,0,0,0,0,1,22,0,0,0,0,200,200
432553,0,35,0,0,0,1,14,5,3,0,0,0,0,0,200,200,0,200,200,200,200
432553,1,35,0,0,0,1,14,5,3,0,0,0,0,1,24,0,200,200,200,200,200
432554,0,0,0,0,0,1,9,7,0,0,0,0,200,0,54,0,12,200,0,200,200
432554,5,0,0,0,0,1,9,7,0,0,0,0,200,1,200,7,0,0,0,200,200
432558,0,30,0,0,0,1,14,2,0,0,0,17,0,1,200,200,1,200,200,200,200
432558,0,30,0,0,0,1,14,2,0,0,0,17,0,0,31,0,1,0,0,200,200
432559,0,30,0,0,0,3,8,2,0,0,0,0,200,2,200,200,200,200,200,200,200
432559,4,30,0,0,0,3,8,2,0,0,0,0,200,0,50,7,0,0,200,200,200
432564,0,20,0,0,0,4,7,5,0,0,0,0,0,2,200,200,200,200,200,200,200
432570,0,30,0,0,0,1,10,5,0,0,200,18,0,1,200,200,3,200,200,200,200
432570,0,30,0,0,0,1,10,5,0,0,200,18,0,0,77,200,0,200,200,200,200
432571,0,20,1,2,0,1,12,5,0,0,0,0,0,2,200,200,12,200,200,200,200
432571,0,20,1,2,0,1,12,5,0,0,0,0,0,1,35,7,0,0,0,200,200
432574,0,30,2,2,0,1,0,5,0,0,0,17,0,1,200,200,1,200,200,200,200
432574,0,30,2,2,0,1,0,5,0,0,0,17,0,1,37,0,0,0,0,200,200
432576,0,0,0,0,0,1,7,7,0,0,0,0,0,1,55,200,12,200,0,200,200
432577,0,30,0,0,0,1,14,5,0,0,0,23,11,1,17,0,7,0,0,200,200
432577,0,30,0,0,0,1,14,5,0,0,0,23,11,0,36,0,0,0,0,200,200
432577,1,30,0,0,0,1,14,5,0,0,0,23,11,200,200,0,200,200,200,200,200
432577,1,30,0,0,0,1,14,5,0,0,0,23,11,0,200,0,200,200,200,200,200
432580,0,30,0,0,0,1,0,6,0,0,0,17,200,1,21,200,1,0,0,200,200
432580,0,30,0,0,0,1,0,6,0,0,0,17,200,0,200,200,0,0,200,200,200
432582,0,30,0,0,0,1,7,5,0,0,0,20,200,1,49,200,6,200,0,200,200
432584,0,30,1,2,0,1,10,6,0,0,0,16,200,0,200,200,200,200,200,200,200
432584,0,30,1,2,0,1,10,6,0,0,0,16,200,0,36,200,200,0,0,200,200
432584,1,30,1,2,0,1,10,6,0,0,0,16,200,1,56,200,200,200,200,200,200
432584,1,30,1,2,0,1,10,6,0,0,0,16,200,0,200,200,200,200,200,200,200
432586,0,35,1,2,0,1,8,5,0,0,0,35,17,0,52,0,1,0,0,200,200
432586,4,35,1,2,0,1,8,5,0,0,0,35,17,0,63,2,0,0,0,200,200
432586,1,35,1,2,0,1,8,5,0,0,0,35,17,1,22,0,200,200,200,200,200
432587,0,30,0,0,0,1,10,5,0,0,0,0,0,1,25,0,0,0,0,200,200
432587,0,30,0,0,0,1,10,5,0,0,0,0,0,0,28,200,200,200,200,200,200
432587,1,30,0,0,0,1,10,5,0,0,0,0,0,1,5,5,200,200,200,200,200
432589,0,15,0,0,0,1,7,7,0,0,0,0,0,0,200,200,2,200,200,200,200
432592,0,30,1,2,0,1,10,5,0,0,0,0,0,1,200,200,3,200,200,200,200
432592,0,30,1,2,0,1,10,5,0,0,0,0,0,1,87,0,0,0,0,200,200
432596,0,30,1,2,0,1,10,5,0,0,0,18,6,0,72,0,4,0,0,200,200
432596,0,30,1,2,0,1,10,5,0,0,0,18,6,1,56,0,0,0,0,200,200
432597,0,30,0,0,0,1,12,5,0,0,0,17,17,0,66,0,1,0,0,200,200
432597,0,30,0,0,0,1,12,5,0,0,0,17,17,0,30,0,0,0,0,200,200
432597,1,30,0,0,0,1,12,5,0,0,0,17,17,1,63,0,200,200,200,200,200
432598,0,30,2,2,0,1,14,5,0,0,0,17,200,0,21,0,0,0,0,200,200
432598,1,30,2,2,0,1,14,5,0,0,0,17,200,1,19,0,200,200,200,200,200
432603,0,10,0,0,0,1,0,7,0,0,0,20,200,1,17,0,6,0,0,200,200
432603,0,10,0,0,0,1,0,7,0,0,0,20,200,1,22,0,0,0,0,200,200
432604,0,30,0,0,0,1,7,2,0,0,0,0,0,2,200,200,200,200,200,200,200
432607,0,10,0,0,0,1,7,7,0,200,200,20,20,1,200,200,6,200,200,200,200
432609,0,30,0,0,0,1,7,5,0,0,0,11,200,1,21,0,12,0,0,200,200
432609,1,30,0,0,0,1,7,5,0,0,0,11,200,0,50,0,200,200,200,200,200
432609,1,30,0,0,0,1,7,5,0,0,0,11,200,0,200,0,200,200,200,200,200
432617,0,30,2,2,0,1,14,2,0,0,0,17,200,1,20,0,1,0,0,200,200
432617,0,30,2,2,0,1,14,2,0,0,0,17,200,0,36,0,0,0,0,200,200
432626,0,20,0,0,0,1,0,2,0,0,0,17,17,1,27,0,1,200,0,200,200
432626,0,20,0,0,0,1,0,2,0,0,0,17,17,0,53,0,0,200,0,200,200
432631,0,30,0,0,0,1,10,5,0,0,0,0,200,0,39,200,200,200,200,200,200
432631,0,30,0,0,0,1,10,5,0,0,0,0,200,0,63,200,0,200,200,200,200
432631,0,30,0,0,0,1,10,5,0,0,0,0,200,1,28,0,0,0,0,200,200
432632,0,30,2,2,0,1,10,2,0,0,0,29,28,1,68,0,3,0,0,200,200
432632,0,30,2,2,0,1,10,2,0,0,0,29,28,0,200,200,0,200,200,200,200
432636,0,30,1,2,0,1,14,2,0,0,3,0,200,0,48,0,200,200,0,200,200
432636,0,30,1,2,0,1,14,2,0,0,3,0,200,1,32,0,200,200,0,200,200
432637,0,30,0,12,0,1,10,5,0,0,0,18,18,1,68,200,3,200,0,200,200
432637,0,30,0,12,0,1,10,5,0,0,0,18,18,0,51,0,0,12,0,200,200
432640,0,5,0,0,0,1,0,7,0,0,0,25,200,1,45,0,6,0,0,200,200
432640,0,5,0,0,0,1,0,7,0,0,0,25,200,0,41,0,0,0,0,200,200
432640,1,5,0,0,0,1,0,7,0,0,0,25,200,1,12,0,200,200,200,200,200
432640,1,5,0,0,0,1,0,7,0,0,0,25,200,0,10,0,200,200,200,200,200
432641,0,30,1,1,0,1,14,5,0,0,0,3,16,0,24,3,5,200,2,200,200
432641,0,30,1,1,0,1,14,5,0,0,0,3,16,0,47,0,0,0,0,200,200
432641,1,30,1,1,0,1,14,5,0,0,0,3,16,1,22,3,200,200,200,200,200
432643,0,30,2,2,0,1,7,6,0,0,0,0,0,0,21,200,200,0,200,200,200
432643,1,30,2,2,0,1,7,6,0,0,0,0,0,0,25,200,200,200,200,200,200
432645,0,35,0,0,0,1,12,5,0,0,0,0,0,1,33,200,200,200,200,200,200
432645,0,35,0,0,0,1,12,5,0,0,0,0,0,1,24,200,200,200,200,200,200
432652,0,30,1,2,0,1,0,5,0,0,0,6,200,0,35,0,5,0,0,200,200
432652,0,30,1,2,0,1,0,5,0,0,0,6,200,0,39,0,0,0,0,200,200
432653,0,15,0,0,0,1,2,0,0,0,0,0,200,0,43,200,200,200,0,200,200
432657,0,30,0,0,0,1,2,5,3,0,0,1,1,0,31,200,12,0,0,200,200
432658,0,30,1,2,0,1,10,5,0,0,0,18,16,0,29,0,3,0,0,200,200
432658,0,30,1,2,0,1,10,5,0,0,0,18,16,0,20,0,12,0,0,200,200
432662,0,30,0,0,0,1,10,5,0,0,0,200,200,1,59,0,0,0,0,200,200
432662,0,30,0,0,0,1,10,5,0,0,0,200,200,0,35,7,0,0,0,200,200
432662,1,30,0,0,0,1,10,5,0,0,0,200,200,1,200,0,200,200,200,200,200
432668,0,40,200,200,200,200,2,5,0,200,200,0,200,0,31,0,0,200,0,200,200
432672,0,30,1,2,0,1,12,5,0,0,0,21,200,0,54,0,4,0,0,200,200
432672,0,30,1,2,0,1,12,5,0,0,0,21,200,1,30,0,0,0,0,200,200
432683,0,30,1,2,0,1,10,2,0,0,0,18,0,0,20,0,3,0,0,200,200
432683,0,30,1,2,0,1,10,2,0,0,0,18,0,1,56,0,0,0,0,200,200
432684,0,30,1,2,0,1,14,5,0,0,0,23,16,1,46,200,7,200,0,200,200
432684,0,30,1,2,0,1,14,5,0,0,0,23,16,1,50,200,0,0,0,200,200
432684,0,30,1,2,0,1,14,5,0,0,0,23,16,0,61,200,0,0,0,200,200
432688,0,30,2,2,0,1,14,2,0,200,200,23,22,0,34,0,7,200,0,200,200
432688,0,30,2,2,0,1,14,2,0,200,200,23,22,1,26,0,12,200,0,200,200
432688,1,30,2,2,0,1,14,2,0,200,200,23,22,1,33,0,200,200,200,200,200
432689,0,30,0,0,0,1,14,3,0,0,0,22,17,1,39,0,1,0,0,200,200
432689,0,30,0,0,0,1,14,3,0,0,0,22,17,1,29,0,0,0,0,200,200
432689,1,30,0,0,0,1,14,3,0,0,0,22,17,0,30,0,200,200,200,200,200
432690,0,35,1,2,0,1,12,2,0,0,0,22,0,1,18,200,2,200,200,200,200
432690,0,35,1,2,0,1,12,2,0,0,0,22,0,0,200,0,0,0,0,200,200
432691,0,30,0,0,0,1,14,2,0,0,0,4,18,0,29,200,2,0,0,200,200
432691,0,30,0,0,0,1,14,2,0,0,0,4,18,0,29,200,0,0,0,200,200
432693,0,30,0,0,0,1,7,5,0,0,0,200,200,0,32,0,0,0,0,200,200
432694,0,30,0,0,0,1,7,6,0,0,0,0,200,0,61,0,12,200,0,200,200
432697,0,10,0,0,0,1,10,7,0,0,0,0,200,0,63,200,200,200,200,200,200
432697,0,10,0,0,0,1,10,7,0,0,0,0,200,1,30,0,200,200,0,200,200
432697,1,10,0,0,0,1,10,7,0,0,0,0,200,0,30,0,200,200,200,200,200
432697,1,10,0,0,0,1,10,7,0,0,0,0,200,1,30,0,200,200,200,200,200
432703,0,30,0,0,0,1,10,5,0,0,0,0,0,0,200,200,200,200,200,200,200
432703,0,30,0,0,0,1,10,5,0,0,0,0,0,1,42,0,0,0,0,200,200
432704,0,35,0,0,0,1,7,7,0,0,0,18,200,1,200,200,6,200,200,200,200
432705,0,35,1,2,0,1,14,5,0,0,0,11,200,0,17,0,1,0,0,200,200
432705,0,35,1,2,0,1,14,5,0,0,0,11,200,0,27,2,0,0,0,200,200
432705,1,35,1,2,0,1,14,5,0,0,0,11,200,0,17,0,200,200,200,200,200
432707,0,20,0,0,0,1,7,5,0,0,0,200,200,0,16,0,12,0,0,200,200
432709,0,30,1,2,0,1,14,6,0,0,0,23,0,1,40,200,7,200,200,200,200