RD_NO,PERSON_TYPE,POSTED_SPEED_LIMIT,TRAFFIC_CONTROL_DEVICE,DEVICE_CONDITION,WEATHER_CONDITION,LIGHTING_CONDITION,FIRST_CRASH_TYPE,TRAFFICWAY_TYPE,ALIGNMENT,ROADWAY_SURFACE_COND,ROAD_DEFECT,PRIM_CONTRIBUTORY_CAUSE,SEC_CONTRIBUTORY_CAUSE,SEX,AGE,SAFETY_EQUIPMENT,DRIVER_ACTION,DRIVER_VISION,PHYSICAL_CONDITION,BAC_RESULT VALUE,CELL_PHONE_USE
432709,0,30,1,2,0,1,14,6,0,0,0,23,0,1,200,0,0,0,0,200,200
432711,0,30,1,2,0,1,10,5,0,0,0,18,16,1,34,0,3,0,0,200,200
432711,0,30,1,2,0,1,10,5,0,0,0,18,16,0,29,0,0,0,0,200,200
432715,0,30,12,0,0,1,7,5,0,0,0,0,200,0,200,200,10,200,200,200,200
432722,0,30,1,2,0,1,12,2,0,0,0,22,22,1,200,200,2,200,200,200,200
432722,0,30,1,2,0,1,12,2,0,0,0,22,22,1,35,0,0,0,0,200,200
432725,4,30,1,2,0,1,8,5,0,0,0,5,200,0,21,200,5,0,0,200,200
432725,0,30,1,2,0,1,8,5,0,0,0,5,200,0,44,200,0,0,0,200,200
432728,0,30,1,2,0,1,0,3,0,0,0,16,200,0,32,0,5,0,0,200,200
432728,0,30,1,2,0,1,0,3,0,0,0,16,200,0,47,0,0,0,0,200,200
432728,1,30,1,2,0,1,0,3,0,0,0,16,200,1,69,1,200,200,200,200,200
432733,0,30,0,0,0,1,7,7,0,0,0,200,200,2,200,200,0,200,200,200,200
432736,0,30,2,0,0,1,0,2,0,0,0,17,200,1,80,200,1,0,0,200,200
432736,0,30,2,0,0,1,0,2,0,0,0,17,200,0,30,3,200,0,0,200,200
432741,0,30,0,0,0,1,10,5,0,200,200,18,18,0,200,200,3,200,200,200,200
432743,0,30,2,2,0,1,0,2,0,0,0,17,0,1,25,0,1,0,0,200,200
432743,0,30,2,2,0,1,0,2,0,0,0,17,0,1,21,0,0,0,0,200,200
432743,1,30,2,2,0,1,0,2,0,0,0,17,0,1,33,0,200,200,200,200,200
432747,0,30,1,2,0,1,10,5,0,0,0,18,6,1,200,200,3,200,200,200,200
432747,0,30,1,2,0,1,10,5,0,0,0,18,6,1,69,200,0,0,0,200,200
432750,0,30,1,2,0,0,10,5,0,200,200,18,18,1,200,200,3,200,200,200,200
432750,0,30,1,2,0,0,10,5,0,200,200,18,18,1,31,0,200,200,200,200,200
432750,1,30,1,2,0,0,10,5,0,200,200,18,18,1,200,0,200,200,200,200,200
432757,0,30,1,2,0,1,8,6,0,0,0,14,17,1,200,200,5,200,200,200,200
432757,4,30,1,2,0,1,8,6,0,0,0,14,17,0,16,2,12,0,0,200,200
432759,0,30,1,2,0,1,10,200,0,0,0,18,16,0,34,0,3,0,0,200,200
432759,0,30,1,2,0,1,10,200,0,0,0,18,16,1,27,0,0,0,0,200,200
432760,0,30,0,0,0,1,8,5,0,0,0,17,11,0,18,200,1,0,0,200,200
432760,4,30,0,0,0,1,8,5,0,0,0,17,11,0,28,7,0,0,0,200,200
432763,0,30,1,2,0,1,10,5,0,0,200,18,0,0,200,200,3,200,200,200,200
432763,0,30,1,2,0,1,10,5,0,0,200,18,0,1,49,200,0,200,0,200,200
432765,0,30,0,0,0,1,10,5,0,0,0,18,18,0,200,200,3,200,200,200,200
432765,0,30,0,0,0,1,10,5,0,0,0,18,18,0,27,0,0,0,0,200,200
432766,1,30,0,0,0,1,10,5,0,0,0,0,0,0,10,0,200,200,200,200,200
432766,0,30,0,0,0,1,10,5,0,0,0,0,0,0,25,200,200,200,200,200,200
432766,0,30,0,0,0,1,10,5,0,0,0,0,0,1,37,0,0,0,0,200,200
432766,1,30,0,0,0,1,10,5,0,0,0,0,0,0,13,0,200,200,200,200,200
432766,1,30,0,0,0,1,10,5,0,0,0,0,0,1,39,0,200,200,200,200,200
432766,1,30,0,0,0,1,10,5,0,0,0,0,0,1,0,0,200,200,200,200,200
432766,1,30,0,0,0,1,10,5,0,0,0,0,0,0,24,0,200,200,200,200,200
432767,0,35,0,0,0,1,14,5,0,0,0,16,0,2,200,200,200,200,200,200,200
432767,0,35,0,0,0,1,14,5,0,0,0,16,0,0,52,200,200,0,0,200,200
432770,0,30,1,2,0,1,14,6,0,0,0,23,11,1,29,200,7,0,0,200,200
432770,0,30,1,2,0,1,14,6,0,0,0,23,11,0,35,200,0,0,0,200,200
432776,0,30,0,0,0,1,14,12,3,0,0,11,200,0,200,200,12,0,200,200,200
432776,0,30,0,0,0,1,14,12,3,0,0,11,200,0,20,0,0,0,0,200,200
432778,0,30,2,2,0,1,0,5,0,0,0,17,11,0,23,0,1,0,0,200,200
432778,0,30,2,2,0,1,0,5,0,0,0,17,11,1,55,0,0,0,0,200,200
432781,0,30,0,0,0,1,10,5,0,0,0,18,16,0,200,200,3,200,200,200,200
432781,0,30,0,0,0,1,10,5,0,0,0,18,16,1,200,0,0,0,0,200,200
432782,0,30,0,0,0,1,12,5,0,0,0,200,200,1,46,0,0,0,0,200,200
432782,0,30,0,0,0,1,12,5,0,0,0,200,200,0,38,7,0,0,0,200,200
432782,1,30,0,0,0,1,12,5,0,0,0,200,200,0,200,5,200,200,200,200,200
432782,1,30,0,0,0,1,12,5,0,0,0,200,200,0,200,5,200,200,200,200,200
432784,0,20,0,0,200,1,10,7,0,0,200,20,20,0,51,200,6,200,200,200,200
432784,0,20,0,0,200,1,10,7,0,0,200,20,20,0,35,0,200,200,0,200,200
432789,0,30,2,2,0,1,12,5,0,0,0,22,200,0,21,200,4,0,0,200,200
432789,0,30,2,2,0,1,12,5,0,0,0,22,200,0,46,7,12,0,0,200,200
432792,0,30,0,0,0,1,10,5,0,0,0,16,0,0,200,200,200,200,200,200,200
432792,0,30,0,0,0,1,10,5,0,0,0,16,0,0,62,0,200,200,0,200,200
432793,0,30,1,2,0,1,14,5,0,0,0,0,0,0,39,200,200,0,0,200,200
432793,0,30,1,2,0,1,14,5,0,0,0,0,0,1,31,200,200,0,0,200,200
432793,1,30,1,2,0,1,14,5,0,0,0,0,0,1,31,200,200,200,200,200,200
432795,0,30,0,0,0,1,7,7,0,0,0,11,0,1,54,200,200,0,0,200,200
432804,0,30,0,0,0,1,12,5,0,200,200,22,22,0,200,200,2,200,200,200,200
432804,0,30,0,0,0,1,12,5,0,200,200,22,22,1,71,0,0,0,0,200,200
432806,0,30,0,0,0,1,7,6,0,0,0,16,0,2,200,200,200,200,200,200,200
432809,0,30,0,0,0,1,10,5,0,0,0,0,0,1,38,200,200,200,200,200,200
432809,0,30,0,0,0,1,10,5,0,0,0,0,0,1,33,0,0,0,0,200,200
432810,0,30,1,200,0,1,10,5,0,0,200,0,0,0,43,0,200,200,200,200,200
432810,0,30,1,200,0,1,10,5,0,0,200,0,0,0,31,0,200,200,200,200,200
432810,0,30,1,200,0,1,10,5,0,0,200,0,0,1,55,0,200,200,200,200,200
432810,1,30,1,200,0,1,10,5,0,0,200,0,0,1,42,0,200,200,200,200,200
432813,0,30,0,0,0,1,10,5,0,0,0,16,200,0,22,200,3,0,0,200,200
432813,0,30,0,0,0,1,10,5,0,0,0,16,200,0,48,200,0,0,0,200,200
432814,0,30,3,0,0,1,8,5,0,0,0,4,200,0,51,200,1,200,0,200,200
432814,4,30,3,0,0,1,8,5,0,0,0,4,200,0,24,200,0,200,0,200,200
432819,0,30,0,0,0,2,10,5,0,0,0,200,200,1,200,200,0,200,200,200,200
432819,0,30,0,0,0,2,10,5,0,0,0,200,200,0,40,0,0,0,0,200,200
432819,1,30,0,0,0,2,10,5,0,0,0,200,200,0,200,0,200,200,200,200,200
432820,0,30,0,0,0,1,7,2,0,0,0,0,200,2,200,200,200,200,200,200,200
432821,0,30,1,2,0,1,0,5,0,0,0,22,16,0,27,0,1,5,0,200,200
432821,0,30,1,2,0,1,0,5,0,0,0,22,16,1,38,0,0,0,0,200,200
432822,0,30,1,2,0,1,12,5,0,0,0,0,200,0,31,200,200,200,200,200,200
432822,0,30,1,2,0,1,12,5,0,0,0,0,200,0,23,0,0,0,0,200,200
432825,0,30,0,0,0,200,7,6,0,12,200,0,0,2,200,200,200,200,200,200,200
432828,0,30,0,12,0,1,14,5,0,0,0,17,0,1,27,0,1,0,0,200,200
432828,0,30,0,12,0,1,14,5,0,0,0,17,0,1,34,0,0,0,0,200,200
432830,0,30,0,0,0,1,7,5,0,0,0,200,200,0,200,200,12,200,200,200,200
432831,0,30,1,2,0,1,10,5,0,0,0,18,200,1,36,7,3,0,0,200,200
432831,0,30,1,2,0,1,10,5,0,0,0,18,200,0,34,0,0,0,0,200,200
432831,1,30,1,2,0,1,10,5,0,0,0,18,200,1,0,5,200,200,200,200,200
432831,1,30,1,2,0,1,10,5,0,0,0,18,200,0,6,5,200,200,200,200,200
432831,1,30,1,2,0,1,10,5,0,0,0,18,200,0,46,0,200,200,200,200,200
432832,0,30,2,2,0,3,0,2,0,0,0,5,5,0,29,200,5,0,0,200,200
432832,0,30,2,2,0,3,0,2,0,0,0,5,5,1,55,200,0,0,0,200,200
432833,0,30,0,0,0,1,7,7,0,0,0,0,200,2,200,200,200,200,200,200,200
432834,0,30,0,0,0,1,12,5,0,0,0,21,200,0,200,200,4,200,0,200,200
432834,0,30,0,0,0,1,12,5,0,0,0,21,200,0,200,200,0,200,200,200,200
432842,0,30,1,2,0,1,10,5,0,0,0,18,16,0,200,200,3,0,0,200,200
432842,0,30,1,2,0,1,10,5,0,0,0,18,16,1,200,0,0,0,0,200,200
432846,0,30,2,2,0,1,12,12,0,0,0,11,0,1,200,200,12,200,200,200,200
432846,0,30,2,2,0,1,12,12,0,0,0,11,0,0,60,0,12,0,0,200,200
432847,0,30,0,0,0,1,14,5,0,0,200,0,200,0,200,0,7,0,0,200,200
432847,0,30,0,0,0,1,14,5,0,0,200,0,200,0,38,0,0,0,0,200,200
432851,0,30,0,0,0,1,7,5,0,0,0,200,200,1,200,200,0,200,200,200,200
432852,0,0,2,200,0,1,9,6,0,0,0,17,11,1,21,200,1,0,0,200,200
432852,5,0,2,200,0,1,9,6,0,0,0,17,11,0,65,7,12,0,0,200,200
432853,0,35,2,2,0,1,14,2,0,0,0,17,200,0,32,200,1,200,0,200,200
432853,0,35,2,2,0,1,14,2,0,0,0,17,200,0,41,200,0,200,0,200,200
432857,0,30,0,0,0,1,12,2,0,0,0,21,200,0,57,0,1,200,200,200,200
432857,0,30,0,0,0,1,12,2,0,0,0,21,200,1,23,200,200,200,200,200,200
432859,0,30,0,0,0,1,10,5,0,0,0,0,0,0,45,0,1,0,0,200,200
432859,0,30,0,0,0,1,10,5,0,0,0,0,0,0,72,0,0,0,0,200,200
432862,0,30,200,200,200,200,7,5,0,200,200,0,0,2,200,200,200,200,200,200,200
432872,0,30,0,0,0,1,7,6,0,0,0,0,0,0,200,200,200,200,200,200,200
432874,0,30,1,2,0,1,10,5,0,0,0,12,200,0,200,200,3,0,200,200,200
432874,0,30,1,2,0,1,10,5,0,0,0,12,200,0,63,0,0,0,0,200,200
432874,0,30,1,2,0,1,10,5,0,0,0,12,200,1,28,200,0,0,200,200,200
432876,0,30,1,2,0,4,10,5,0,0,0,18,200,0,200,200,3,200,0,200,200
432876,0,30,1,2,0,4,10,5,0,0,0,18,200,0,200,200,0,200,0,200,200
432877,0,30,200,200,1,200,0,5,0,200,200,17,200,0,23,200,1,200,200,200,200
432877,0,30,200,200,1,200,0,5,0,200,200,17,200,0,61,200,0,200,200,200,200
432887,0,20,0,0,0,1,7,2,0,0,0,0,200,2,200,200,200,200,200,200,200
432891,0,30,2,2,0,1,14,2,0,0,0,23,11,1,200,200,7,200,200,200,200
432891,0,30,2,2,0,1,14,2,0,0,0,23,11,1,52,0,12,0,0,200,200
432898,0,30,0,0,0,3,12,5,0,0,0,21,200,0,45,0,4,200,0,200,200
432898,0,30,0,0,0,3,12,5,0,0,0,21,200,1,33,0,0,200,0,200,200
432898,1,30,0,0,0,3,12,5,0,0,0,21,200,1,200,0,200,200,200,200,200
432899,0,30,0,0,0,3,7,5,0,0,0,0,0,0,66,0,0,0,0,200,200
432900,0,30,0,0,0,1,12,5,0,0,0,0,0,0,200,200,1,0,0,200,200
432900,0,30,0,0,0,1,12,5,0,0,0,0,0,1,26,0,0,0,0,200,200
432902,0,30,0,0,0,1,10,5,0,0,0,16,200,0,200,200,3,0,0,200,200
432902,0,30,0,0,0,1,10,5,0,0,0,16,200,0,200,0,0,0,0,200,200
432914,0,30,2,2,0,4,9,5,0,0,0,0,200,0,32,200,200,200,200,200,200
432914,5,30,2,2,0,4,9,5,0,0,0,0,200,1,50,200,200,200,200,200,200
432916,0,15,0,0,2,1,2,0,0,1,1,34,13,1,200,0,12,0,0,200,200
432916,1,15,0,0,2,1,2,0,0,1,1,34,13,1,200,0,200,200,200,200,200
432916,1,15,0,0,2,1,2,0,0,1,1,34,13,1,200,0,200,200,200,200,200
432918,0,30,0,0,0,1,2,5,0,0,1,0,200,0,25,0,200,0,0,200,200
432922,0,35,0,0,0,1,12,3,0,0,0,0,0,1,45,200,200,0,0,200,200
432922,0,35,0,0,0,1,12,3,0,0,0,0,0,0,37,200,200,0,0,200,200
432923,0,30,0,0,0,1,12,5,0,0,0,21,200,1,39,0,1,200,200,200,200
432923,0,30,0,0,0,1,12,5,0,0,0,21,200,0,200,200,0,200,200,200,200
432924,0,30,0,0,0,4,7,7,0,0,0,20,0,0,58,200,6,200,200,200,200
432925,4,30,7,2,0,1,8,5,0,200,200,18,18,0,32,2,3,200,200,200,200
432925,0,30,7,2,0,1,8,5,0,200,200,18,18,0,26,0,12,200,0,200,200
432927,0,30,0,0,0,1,7,6,0,0,0,0,0,2,200,200,200,200,200,200,200
432941,0,30,2,2,0,4,10,6,0,0,0,0,0,2,200,200,1,200,200,200,200
432941,0,30,2,2,0,4,10,6,0,0,0,0,0,1,28,0,0,0,0,200,200
432943,0,30,1,2,0,1,12,3,0,0,0,0,200,1,200,200,200,200,200,200,200
432943,0,30,1,2,0,1,12,3,0,0,0,0,200,0,27,200,200,0,0,200,200
432946,0,30,1,2,0,3,0,3,0,0,0,6,200,0,24,200,5,0,5,200,200
432946,0,30,1,2,0,3,0,3,0,0,0,6,200,0,21,200,0,0,0,200,200
432946,0,30,1,2,0,3,0,3,0,0,0,6,200,0,39,200,0,0,0,200,200
432947,0,30,1,2,0,3,12,5,5,0,0,0,0,0,71,200,0,0,0,200,200
432947,0,30,1,2,0,3,12,5,5,0,0,0,0,0,30,200,200,0,0,200,200
432947,1,30,1,2,0,3,12,5,5,0,0,0,0,0,29,200,200,200,200,200,200
432947,1,30,1,2,0,3,12,5,5,0,0,0,0,0,30,200,200,200,200,200,200
432947,1,30,1,2,0,3,12,5,5,0,0,0,0,1,25,200,200,200,200,200,200
432952,0,30,0,0,0,200,7,5,0,0,0,0,200,2,200,200,200,200,200,200,200
432954,0,30,2,2,0,3,7,2,0,0,0,16,11,0,22,1,12,12,0,200,200
432960,0,30,0,0,0,1,7,5,0,0,0,0,0,2,200,200,200,200,200,200,200
432972,0,30,0,0,0,1,12,5,0,0,0,200,200,1,23,0,0,0,0,200,200
432972,0,30,0,0,0,1,12,5,0,0,0,200,200,1,46,0,0,0,0,200,200
432972,1,30,0,0,0,1,12,5,0,0,0,200,200,0,200,0,200,200,200,200,200
432972,1,30,0,0,0,1,12,5,0,0,0,200,200,0,200,0,200,200,200,200,200
432972,1,30,0,0,0,1,12,5,0,0,0,200,200,0,200,0,200,200,200,200,200
432991,0,25,1,2,0,2,14,5,0,0,0,23,22,0,59,200,7,200,200,200,200
432991,0,25,1,2,0,2,14,5,0,0,0,23,22,0,37,200,0,200,200,200,200
432991,0,25,1,2,0,2,14,5,0,0,0,23,22,1,26,200,0,200,200,200,200
432991,1,25,1,2,0,2,14,5,0,0,0,23,22,0,23,200,200,200,200,200,200
432991,1,25,1,2,0,2,14,5,0,0,0,23,22,0,27,200,200,200,200,200,200
432991,1,25,1,2,0,2,14,5,0,0,0,23,22,0,31,200,200,200,200,200,200
433004,0,30,0,0,0,3,12,2,0,0,0,22,0,0,200,200,2,200,200,200,200
433004,0,30,0,0,0,3,12,2,0,0,0,22,0,0,57,0,0,0,0,200,200
433005,0,5,0,0,0,0,7,5,0,0,0,0,200,2,200,200,8,200,200,200,200
433012,0,15,0,0,0,1,14,5,0,0,0,0,0,1,200,200,200,200,200,200,200
433012,0,15,0,0,0,1,14,5,0,0,0,0,0,0,33,200,200,200,0,200,200
433015,0,30,0,0,0,3,14,5,0,0,0,17,0,0,200,200,1,200,200,200,200
433015,0,30,0,0,0,3,14,5,0,0,0,17,0,1,26,0,0,0,0,200,200
433018,0,30,0,0,0,3,2,6,0,0,0,0,0,2,200,200,200,200,200,200,200
433034,0,35,200,200,0,1,7,5,0,0,0,22,22,0,24,0,4,0,200,200,200
433038,0,20,2,2,0,3,2,5,0,0,0,16,200,0,24,1,5,200,0,200,200
433046,0,30,2,0,0,3,10,5,0,0,0,0,200,0,200,200,200,200,200,200,200
433046,0,30,2,0,0,3,10,5,0,0,0,0,200,1,49,0,0,0,0,200,200
433049,0,35,1,2,0,4,10,2,0,0,0,18,200,1,22,200,3,200,200,200,200
433049,0,35,1,2,0,4,10,2,0,0,0,18,200,1,25,0,0,0,0,200,200
433049,1,35,1,2,0,4,10,2,0,0,0,18,200,0,200,200,200,200,200,200,200
433049,1,35,1,2,0,4,10,2,0,0,0,18,200,0,200,200,200,200,200,200,200
433052,0,30,2,2,0,3,9,12,0,0,0,0,0,2,200,200,200,200,200,200,200
433052,5,30,2,2,0,3,9,12,0,0,0,0,0,1,56,200,200,200,7,200,200
433061,0,30,0,0,0,3,12,2,0,0,0,17,0,0,18,200,1,0,0,200,200
433061,0,30,0,0,0,3,12,2,0,0,0,17,0,0,65,200,0,0,0,200,200
433075,0,30,1,2,0,3,12,5,0,0,0,22,21,0,200,200,2,200,200,200,200
433075,0,30,1,2,0,3,12,5,0,0,0,22,21,0,27,0,0,0,0,200,200
433083,0,30,0,0,0,3,7,2,0,0,0,0,200,2,200,200,6,200,200,200,200
433088,0,45,0,0,0,3,10,3,1,0,0,0,0,0,25,200,200,200,0,200,200
433088,0,45,0,0,0,3,10,3,1,0,0,0,0,0,36,200,200,200,0,200,200
433088,1,45,0,0,0,3,10,3,1,0,0,0,0,0,19,200,200,200,200,200,200
433090,0,20,0,0,200,3,2,6,0,200,0,0,200,2,200,200,200,200,200,200,200
433101,0,30,0,0,0,3,7,3,0,0,0,16,200,0,200,200,200,200,200,200,200
433116,0,30,1,2,0,3,10,5,0,0,0,200,200,0,44,200,0,0,0,200,200
433116,0,30,1,2,0,3,10,5,0,0,0,200,200,0,57,200,0,0,0,200,200
433116,1,30,1,2,0,3,10,5,0,0,0,200,200,1,24,200,200,200,200,200,200
433118,0,30,0,0,0,1,7,5,0,0,0,0,200,2,200,200,200,200,200,200,200
433129,0,30,2,0,0,0,7,6,0,0,0,10,0,1,21,0,9,0,0,200,200
433132,0,45,0,0,0,1,12,3,0,0,0,0,0,2,200,200,2,200,200,200,200
433132,0,45,0,0,0,1,12,3,0,0,0,0,0,1,68,0,12,0,0,200,200
433133,0,30,0,0,0,1,12,6,0,0,0,17,200,1,59,0,1,200,0,200,200
433133,0,30,0,0,0,1,12,6,0,0,0,17,200,1,200,0,200,200,200,200,200
433133,1,30,0,0,0,1,12,6,0,0,0,17,200,2,200,0,200,200,200,200,200
433135,0,35,0,0,0,1,12,3,0,0,0,0,0,0,200,200,4,200,200,200,200
433135,0,35,0,0,0,1,12,3,0,0,0,0,0,1,63,0,0,0,0,200,200
433146,0,30,1,2,0,3,10,3,0,0,0,14,22,0,200,200,2,200,200,200,200
433146,0,30,1,2,0,3,10,3,0,0,0,14,22,0,26,0,200,0,0,200,200
433146,1,30,1,2,0,3,10,3,0,0,0,14,22,1,200,200,200,200,200,200,200
433148,0,25,9,2,0,3,2,3,3,0,0,25,15,1,21,0,8,0,0,200,200
433148,1,25,9,2,0,3,2,3,3,0,0,25,15,1,22,0,200,200,200,200,200
433149,0,30,200,200,0,200,7,5,0,0,200,0,200,2,200,200,200,200,200,200,200
433160,0,30,0,0,0,3,2,5,0,0,0,0,16,1,36,200,1,200,200,200,200
433167,0,30,1,2,0,1,10,5,0,0,200,0,0,1,22,200,200,200,200,200,200
433167,0,30,1,2,0,1,10,5,0,0,200,0,0,0,31,0,0,200,0,200,200
433167,1,30,1,2,0,1,10,5,0,0,200,0,0,0,200,0,200,200,200,200,200
433168,0,30,1,2,0,3,12,5,0,0,0,0,0,0,200,200,200,200,200,200,200
433168,0,30,1,2,0,3,12,5,0,0,0,0,0,1,28,0,200,0,0,200,200
433180,0,30,0,0,0,3,10,5,0,0,0,16,200,0,31,0,12,0,0,200,200
433180,0,30,0,0,0,3,10,5,0,0,0,16,200,1,35,0,0,0,0,200,200
433180,1,30,0,0,0,3,10,5,0,0,0,16,200,0,59,0,200,200,200,200,200
433180,1,30,0,0,0,3,10,5,0,0,0,16,200,0,49,0,200,200,200,200,200
433180,1,30,0,0,0,3,10,5,0,0,0,16,200,0,23,0,200,200,200,200,200
433180,1,30,0,0,0,3,10,5,0,0,0,16,200,0,20,0,200,200,200,200,200
433194,0,30,0,0,0,3,7,5,0,0,0,32,200,0,45,200,200,200,5,200,200
433195,0,30,200,200,0,3,12,2,0,0,200,0,0,0,44,200,200,200,200,200,200
433195,0,30,200,200,0,3,12,2,0,0,200,0,0,1,27,200,200,200,200,200,200
433205,0,30,0,0,0,3,7,6,0,0,0,0,200,2,200,200,200,200,200,200,200
433211,0,25,0,0,0,3,7,6,0,0,0,14,32,0,42,7,13,200,5,0.11,200
433219,0,40,0,0,0,3,2,3,0,0,0,27,21,0,56,0,4,0,2,200,200
433221,0,30,1,2,0,3,0,5,0,0,0,6,200,0,200,200,5,200,200,200,200
433221,0,30,1,2,0,3,0,5,0,0,0,6,200,0,29,200,0,0,0,200,200
433224,0,20,0,0,0,3,3,2,0,0,0,0,0,1,30,200,200,200,7,200,200
433224,0,20,0,0,0,3,3,2,0,0,0,0,0,0,66,200,200,12,0,200,200
433244,0,30,1,2,0,3,14,6,0,0,3,29,200,0,33,200,7,200,0,200,200
433244,0,30,1,2,0,3,14,6,0,0,3,29,200,0,35,200,7,200,200,200,200
433249,0,30,0,200,200,3,14,2,0,200,200,11,0,0,27,200,1,0,0,200,200
433249,0,30,0,200,200,3,14,2,0,200,200,11,0,0,19,200,0,0,0,200,200
433250,0,35,2,2,0,3,10,5,0,0,0,18,200,0,25,0,3,0,200,200,200
433250,0,35,2,2,0,3,10,5,0,0,0,18,200,0,30,200,200,0,200,200,200
433250,0,35,2,2,0,3,10,5,0,0,0,18,200,0,44,0,200,0,0,200,200
433250,1,35,2,2,0,3,10,5,0,0,0,18,200,0,200,0,200,200,200,200,200
433253,0,30,0,0,0,2,7,2,0,0,0,0,0,0,43,200,200,0,2,200,200
433256,0,35,1,2,1,2,14,1,0,0,0,17,6,0,58,200,200,0,0,200,200
433256,0,35,1,2,1,2,14,1,0,0,0,17,6,0,44,200,12,0,0,200,200
433267,0,30,1,2,0,0,10,5,0,0,0,18,16,2,200,200,3,200,200,200,200
433267,0,30,1,2,0,0,10,5,0,0,0,18,16,1,38,0,0,0,0,200,200
433267,0,30,1,2,0,0,10,5,0,0,0,18,16,2,200,200,200,200,200,200,200
433273,0,30,0,0,0,2,7,5,0,0,0,11,200,0,62,200,12,200,0,200,200
433275,0,30,0,0,0,1,2,6,0,0,1,200,200,0,65,0,12,0,0,200,200
433280,0,30,1,2,0,2,0,5,0,0,0,14,18,1,200,200,3,200,200,200,200
433280,0,30,1,2,0,2,0,5,0,0,0,14,18,0,47,0,0,0,0,200,200
433281,0,30,0,0,0,1,10,5,0,0,0,16,200,0,53,0,3,0,0,200,200
433281,0,30,0,0,0,1,10,5,0,0,0,16,200,0,42,0,0,0,0,200,200
433281,1,30,0,0,0,1,10,5,0,0,0,16,200,1,2,0,200,200,200,200,200
433283,0,25,2,2,0,1,0,6,0,0,0,5,17,0,58,200,0,0,0,200,200
433283,0,25,2,2,0,1,0,6,0,0,0,5,17,2,200,200,1,200,200,200,200
433296,0,30,0,0,200,200,7,6,0,200,0,0,0,2,200,200,200,200,200,200,200
433297,0,30,0,0,0,1,14,5,0,0,0,21,22,1,35,0,2,0,0,200,200
433297,0,30,0,0,0,1,14,5,0,0,0,21,22,0,54,0,0,0,0,200,200
433298,0,20,0,0,0,1,10,5,0,0,0,0,0,0,31,0,6,0,0,200,200
433298,0,20,0,0,0,1,10,5,0,0,0,0,0,0,41,0,0,0,0,200,200
433299,0,35,0,0,0,1,10,2,0,0,0,0,0,0,24,0,0,0,0,200,200
433299,0,35,0,0,0,1,10,2,0,0,0,0,0,1,62,0,0,0,0,200,200
433309,0,30,0,0,0,1,12,2,0,0,0,17,17,1,29,0,1,0,0,200,200
433309,0,30,0,0,0,1,12,2,0,0,0,17,17,0,29,0,1,0,0,200,200
433310,0,30,0,0,0,1,10,5,0,0,2,0,0,1,23,0,0,0,0,200,200
433311,0,25,2,2,0,1,14,5,0,0,0,5,17,0,79,0,5,200,200,200,200
433311,0,25,2,2,0,1,14,5,0,0,0,5,17,0,52,0,0,0,0,200,200
433312,0,30,1,2,0,1,10,2,0,0,0,33,11,0,17,0,3,4,0,200,200
433312,0,30,1,2,0,1,10,2,0,0,0,33,11,1,33,0,0,0,0,200,200
433312,1,30,1,2,0,1,10,2,0,0,0,33,11,1,16,0,200,200,200,200,200
433315,0,30,0,200,0,1,8,5,0,0,200,200,200,2,200,200,200,200,200,200,200
433315,4,30,0,200,0,1,8,5,0,0,200,200,200,0,53,200,0,200,200,200,200
433317,0,40,1,2,0,1,12,3,0,0,0,0,0,0,200,200,12,200,200,200,200
433317,0,40,1,2,0,1,12,3,0,0,0,0,0,0,20,0,0,0,0,200,200
433317,1,40,1,2,0,1,12,3,0,0,0,0,0,0,200,0,200,200,200,200,200
433318,0,30,0,0,0,1,2,3,0,0,0,0,200,1,61,0,12,0,0,200,200
433319,0,30,1,2,0,1,14,1,3,0,0,21,200,1,25,0,4,0,0,200,200
433319,0,30,1,2,0,1,14,1,3,0,0,21,200,1,54,0,0,0,0,200,200
433321,0,30,0,0,0,1,7,12,0,12,12,28,200,1,35,200,12,0,0,200,200
433322,0,30,0,0,0,1,10,5,0,0,0,18,200,0,41,0,3,0,0,200,200
433322,0,30,0,0,0,1,10,5,0,0,0,18,200,0,27,0,0,0,0,200,200
433324,0,30,1,2,0,1,11,5,0,0,0,17,200,1,200,0,1,200,0,200,200
433324,0,30,1,2,0,1,11,5,0,0,0,17,200,0,51,0,0,0,0,200,200
433327,0,30,0,0,0,1,5,5,1,0,0,0,12,0,51,0,0,0,0,200,200
433327,0,30,0,0,0,1,5,5,1,0,0,0,12,0,39,0,0,0,0,200,200
433330,0,30,0,0,0,1,7,5,0,0,0,200,200,2,200,200,200,200,200,200,200
433336,0,20,0,0,0,1,0,6,0,0,0,17,200,1,30,0,1,5,0,200,200
433336,0,20,0,0,0,1,0,6,0,0,0,17,200,0,36,0,0,0,0,200,200
433336,1,20,0,0,0,1,0,6,0,0,0,17,200,1,1,5,200,200,200,200,200
433344,0,30,0,0,0,1,10,5,0,0,0,18,200,1,50,200,3,0,0,200,200
433344,0,30,0,0,0,1,10,5,0,0,0,18,200,0,0,200,12,0,0,200,200
433344,0,30,0,0,0,1,10,5,0,0,0,18,200,1,40,200,3,0,0,200,200
433347,0,30,1,2,0,1,12,5,0,0,0,22,21,0,23,200,4,0,0,200,200