RD_NO,PERSON_TYPE,POSTED_SPEED_LIMIT,TRAFFIC_CONTROL_DEVICE,DEVICE_CONDITION,WEATHER_CONDITION,LIGHTING_CONDITION,FIRST_CRASH_TYPE,TRAFFICWAY_TYPE,ALIGNMENT,ROADWAY_SURFACE_COND,ROAD_DEFECT,PRIM_CONTRIBUTORY_CAUSE,SEC_CONTRIBUTORY_CAUSE,SEX,AGE,SAFETY_EQUIPMENT,DRIVER_ACTION,DRIVER_VISION,PHYSICAL_CONDITION,BAC_RESULT VALUE,CELL_PHONE_USE
433347,0,30,1,2,0,1,12,5,0,0,0,22,21,0,31,7,0,4,0,200,200
433348,0,30,3,2,0,1,14,2,0,0,0,22,4,0,78,200,2,0,0,200,200
433348,0,30,3,2,0,1,14,2,0,0,0,22,4,0,30,200,0,0,0,200,200
433349,0,30,2,0,0,1,14,5,0,0,0,5,0,0,53,0,12,0,0,200,200
433349,0,30,2,0,0,1,14,5,0,0,0,5,0,0,41,0,12,0,0,200,200
433349,0,30,2,0,0,1,14,5,0,0,0,5,0,1,36,0,12,0,0,200,200
433351,0,35,0,0,0,1,12,2,0,0,0,21,0,0,78,200,4,0,0,200,200
433351,0,35,0,0,0,1,12,2,0,0,0,21,0,0,33,200,0,0,0,200,200
433351,1,35,0,0,0,1,12,2,0,0,0,21,0,0,25,200,200,200,200,200,200
433354,0,30,1,2,0,2,10,5,0,0,0,18,16,0,26,200,3,6,0,200,200
433354,0,30,1,2,0,2,10,5,0,0,0,18,16,0,42,0,0,0,0,200,200
433358,0,20,0,0,0,1,2,5,0,0,0,200,200,0,58,0,12,0,0,200,200
433374,0,10,0,0,200,1,2,0,0,200,3,0,200,2,200,200,200,200,200,200,200
433379,0,30,1,1,0,1,9,5,0,0,0,17,200,1,35,0,1,0,0,200,200
433379,5,30,1,1,0,1,9,5,0,0,0,17,200,1,60,7,0,0,0,200,200
433381,0,0,0,0,0,1,14,2,0,0,0,0,0,0,34,200,200,200,0,200,200
433381,0,0,0,0,0,1,14,2,0,0,0,0,0,0,27,200,200,200,0,200,200
433382,0,30,1,2,0,1,0,5,0,0,0,6,16,0,29,200,5,200,0,200,200
433382,0,30,1,2,0,1,0,5,0,0,0,6,16,1,63,200,0,200,7,200,200
433383,0,30,0,0,0,1,2,2,0,0,0,21,200,0,25,200,12,200,0,200,200
433383,2,30,0,0,0,1,2,2,0,0,0,21,200,2,200,200,12,200,200,200,200
433385,0,30,200,200,0,1,0,3,0,0,0,0,200,1,48,200,200,200,0,200,200
433385,0,30,200,200,0,1,0,3,0,0,0,0,200,0,19,200,200,200,0,200,200
433385,1,30,200,200,0,1,0,3,0,0,0,0,200,0,19,200,200,200,200,200,200
433386,0,30,1,2,1,1,12,5,0,0,0,22,0,2,200,200,2,200,200,200,200
433386,0,30,1,2,1,1,12,5,0,0,0,22,0,0,37,0,0,0,0,200,200
433387,0,30,2,1,0,1,12,5,0,0,0,0,200,1,27,200,1,200,0,200,200
433387,0,30,2,1,0,1,12,5,0,0,0,0,200,0,44,200,0,0,0,200,200
433388,0,30,2,2,0,1,14,5,0,0,0,17,200,0,42,0,1,0,0,200,200
433388,0,30,2,2,0,1,14,5,0,0,0,17,200,1,23,0,0,0,0,200,200
433389,0,30,0,0,0,1,10,5,0,0,0,18,16,0,33,0,1,0,0,200,200
433389,0,30,0,0,0,1,10,5,0,0,0,18,16,0,43,0,0,0,0,200,200
433390,0,30,0,0,0,1,10,5,0,0,0,18,200,1,27,0,3,0,0,200,200
433390,0,30,0,0,0,1,10,5,0,0,0,18,200,1,26,7,0,0,0,200,200
433394,0,30,0,0,0,1,0,5,0,0,0,20,16,0,69,0,6,0,0,200,200
433394,0,30,0,0,0,1,0,5,0,0,0,20,16,0,37,0,0,0,0,200,200
433394,1,30,0,0,0,1,0,5,0,0,0,20,16,0,40,0,200,200,200,200,200
433396,0,30,0,0,0,3,7,6,0,0,0,0,16,1,200,200,12,200,200,200,200
433396,1,30,0,0,0,3,7,6,0,0,0,0,16,2,200,4,200,200,200,200,200
433396,1,30,0,0,0,3,7,6,0,0,0,0,16,0,200,200,200,200,200,200,200
433397,0,30,0,0,0,1,12,3,0,0,0,17,17,0,31,0,1,0,0,200,200
433397,0,30,0,0,0,1,12,3,0,0,0,17,17,0,39,0,1,0,0,200,200
433400,0,30,1,2,0,1,10,5,0,200,200,18,0,1,200,200,3,200,200,200,200
433400,0,30,1,2,0,1,10,5,0,200,200,18,0,1,81,0,12,0,0,200,200
433402,0,35,1,2,0,1,10,5,0,0,0,18,11,1,38,0,0,0,0,200,200
433402,0,35,1,2,0,1,10,5,0,0,0,18,11,0,40,0,0,0,0,200,200
433402,0,35,1,2,0,1,10,5,0,0,0,18,11,0,24,0,0,0,0,200,200
433402,0,35,1,2,0,1,10,5,0,0,0,18,11,0,53,0,3,0,0,200,200
433402,1,35,1,2,0,1,10,5,0,0,0,18,11,0,28,0,200,200,200,200,200
433404,0,40,2,2,0,1,8,5,0,0,0,5,200,0,31,200,1,0,0,200,200
433404,4,40,2,2,0,1,8,5,0,0,0,5,200,0,30,200,200,0,0,200,200
433406,0,15,0,0,0,1,7,7,0,0,0,0,200,0,38,200,6,0,200,200,200
433407,0,30,1,2,0,1,14,6,0,0,0,23,23,1,60,200,7,0,0,200,200
433407,0,30,1,2,0,1,14,6,0,0,0,23,23,0,37,200,1,0,0,200,200
433408,0,5,0,0,0,1,7,7,0,0,0,11,20,1,23,0,6,0,0,200,200
433408,1,5,0,0,0,1,7,7,0,0,0,11,20,1,200,0,200,200,200,200,200
433411,0,30,2,2,0,1,14,2,0,0,0,17,17,0,40,0,1,0,0,200,200
433411,0,30,2,2,0,1,14,2,0,0,0,17,17,0,26,200,1,200,200,200,200
433412,0,35,0,0,0,2,14,5,0,0,0,23,17,1,24,200,7,0,0,200,200
433412,0,35,0,0,0,2,14,5,0,0,0,23,17,1,29,200,0,0,0,200,200
433414,0,30,1,2,0,1,14,2,0,0,0,21,200,0,30,0,12,200,0,200,200
433414,0,30,1,2,0,1,14,2,0,0,0,21,200,0,51,0,0,200,0,200,200
433414,0,30,1,2,0,1,14,2,0,0,0,21,200,0,25,0,0,0,0,200,200
433415,0,30,1,2,0,1,14,5,0,0,0,7,17,0,66,0,1,0,0,200,200
433415,0,30,1,2,0,1,14,5,0,0,0,7,17,0,54,3,0,0,0,200,200
433418,0,30,1,2,0,1,14,2,0,0,0,0,0,1,30,0,200,0,0,200,200
433418,0,30,1,2,0,1,14,2,0,0,0,0,0,0,52,0,200,0,0,200,200
433422,0,30,0,0,0,1,7,6,0,0,0,0,200,2,200,200,200,200,200,200,200
433423,0,30,0,0,0,1,12,5,0,0,0,0,0,1,34,0,200,0,0,200,200
433423,0,30,0,0,0,1,12,5,0,0,0,0,0,0,50,0,0,0,0,200,200
433424,0,30,0,0,0,1,10,5,0,0,0,18,18,0,63,0,3,0,0,200,200
433424,0,30,0,0,0,1,10,5,0,0,0,18,18,0,50,0,0,0,0,200,200
433424,1,30,0,0,0,1,10,5,0,0,0,18,18,0,200,0,200,200,200,200,200
433424,1,30,0,0,0,1,10,5,0,0,0,18,18,0,200,0,200,200,200,200,200
433424,1,30,0,0,0,1,10,5,0,0,0,18,18,0,200,0,200,200,200,200,200
433428,0,30,1,2,0,1,0,5,0,0,0,17,0,0,31,200,1,200,200,200,200
433428,0,30,1,2,0,1,0,5,0,0,0,17,0,1,26,0,0,0,0,200,200
433433,0,0,0,0,0,1,14,5,0,0,0,23,23,1,200,200,7,200,0,200,200
433433,0,0,0,0,0,1,14,5,0,0,0,23,23,0,56,7,0,200,0,200,200
433435,0,30,0,0,0,1,7,6,0,0,0,0,200,2,200,200,200,200,200,200,200
433441,0,40,1,2,0,1,12,3,0,0,0,0,0,0,40,200,1,0,0,200,200
433441,0,40,1,2,0,1,12,3,0,0,0,0,0,0,47,200,12,0,200,200,200
433442,0,10,0,0,0,1,7,7,0,0,0,0,0,1,200,200,200,200,200,200,200
433443,0,35,0,0,0,1,12,5,0,0,0,0,0,0,40,0,4,0,0,200,200
433443,0,35,0,0,0,1,12,5,0,0,0,0,0,0,29,0,0,0,0,200,200
433448,0,30,0,0,0,1,10,7,0,0,0,20,200,0,30,200,6,200,200,200,200
433448,0,30,0,0,0,1,10,7,0,0,0,20,200,0,47,200,0,0,0,200,200
433457,0,30,0,0,0,1,7,5,0,0,0,0,0,0,200,200,200,200,200,200,200
433457,1,30,0,0,0,1,7,5,0,0,0,0,0,0,200,200,200,200,200,200,200
433457,1,30,0,0,0,1,7,5,0,0,0,0,0,0,200,200,200,200,200,200,200
433457,1,30,0,0,0,1,7,5,0,0,0,0,0,0,200,200,200,200,200,200,200
433457,1,30,0,0,0,1,7,5,0,0,0,0,0,1,200,200,200,200,200,200,200
433464,0,20,0,0,0,0,7,6,0,0,0,0,0,0,52,0,0,0,0,200,200
433465,0,25,0,0,0,1,7,6,0,0,0,17,200,0,200,200,1,200,200,200,200
433467,0,30,0,0,0,1,12,5,0,0,0,17,17,1,28,0,1,0,0,200,200
433467,0,30,0,0,0,1,12,5,0,0,0,17,17,0,71,0,0,0,0,200,200
433479,0,30,1,2,0,1,10,5,0,0,0,0,200,0,52,0,3,0,0,200,200
433479,0,30,1,2,0,1,10,5,0,0,0,0,200,1,56,0,0,0,0,200,200
433481,0,0,0,0,0,1,2,12,0,0,0,27,200,1,63,200,12,0,12,200,200
433482,0,35,1,2,0,1,14,3,0,0,0,17,16,0,27,200,1,0,0,200,200
433482,0,35,1,2,0,1,14,3,0,0,0,17,16,1,29,200,0,0,0,200,200
433487,0,0,0,0,0,1,8,6,0,0,0,33,17,1,88,200,1,2,200,200,200
433487,4,0,0,0,0,1,8,6,0,0,0,33,17,1,34,200,0,2,0,200,200
433492,0,30,0,0,0,0,7,6,0,0,0,200,200,2,200,200,200,200,200,200,200
433493,0,30,0,0,0,1,12,2,0,0,0,2,21,0,200,200,15,200,200,200,200
433493,0,30,0,0,0,1,12,2,0,0,0,2,21,1,36,0,0,0,0,200,200
433494,0,30,2,2,0,1,0,2,0,0,0,17,17,1,25,0,1,0,0,200,200
433494,0,30,2,2,0,1,0,2,0,0,0,17,17,0,70,0,0,0,0,200,200
433494,1,30,2,2,0,1,0,2,0,0,0,17,17,0,0,5,200,200,200,200,200
433500,0,30,0,0,0,1,7,5,0,0,0,0,0,0,57,0,200,0,0,200,200
433500,1,30,0,0,0,1,7,5,0,0,0,0,0,1,48,0,200,200,200,200,200
433501,0,30,0,0,0,1,10,5,0,0,0,18,15,0,200,0,8,0,0,200,200
433501,0,30,0,0,0,1,10,5,0,0,0,18,15,0,30,0,0,0,0,200,200
433502,0,35,0,0,0,1,12,5,0,0,0,0,0,1,70,0,0,0,0,200,200
433502,0,35,0,0,0,1,12,5,0,0,0,0,0,0,23,0,0,0,0,200,200
433506,0,25,1,2,0,1,14,5,0,0,0,23,23,0,33,0,12,0,0,200,200
433506,0,25,1,2,0,1,14,5,0,0,0,23,23,0,53,0,0,0,0,200,200
433510,0,30,1,2,0,1,0,2,0,0,0,17,200,1,71,0,1,1,0,200,200
433510,0,30,1,2,0,1,0,2,0,0,0,17,200,1,25,0,0,0,0,200,200
433516,0,30,2,2,0,1,10,5,0,0,0,0,0,0,28,200,1,0,200,200,200
433516,0,30,2,2,0,1,10,5,0,0,0,0,0,1,67,200,0,0,200,200,200
433517,0,30,1,1,0,1,7,2,0,0,0,11,0,0,35,0,12,5,0,200,200
433517,1,30,1,1,0,1,7,2,0,0,0,11,0,0,45,200,200,200,200,200,200
433528,0,30,0,0,0,1,14,5,0,0,0,17,200,1,51,200,1,0,0,200,200
433528,0,30,0,0,0,1,14,5,0,0,0,17,200,0,60,200,0,0,0,200,200
433528,1,30,0,0,0,1,14,5,0,0,0,17,200,200,200,200,200,200,200,200,200
433528,1,30,0,0,0,1,14,5,0,0,0,17,200,0,59,200,200,200,200,200,200
433529,0,30,1,2,0,1,12,3,0,0,0,0,200,0,200,0,12,0,0,200,200
433529,0,30,1,2,0,1,12,3,0,0,0,0,200,0,200,0,0,0,0,200,200
433532,0,30,2,2,0,1,12,5,0,0,0,5,200,0,200,200,5,200,200,200,200
433532,0,30,2,2,0,1,12,5,0,0,0,5,200,1,31,0,0,200,0,200,200
433532,1,30,2,2,0,1,12,5,0,0,0,5,200,1,200,7,200,200,200,200,200
433533,0,10,0,200,0,1,10,7,0,1,200,20,0,0,43,200,0,200,0,200,200
433533,0,10,0,200,0,1,10,7,0,1,200,20,0,1,28,200,0,200,0,200,200
433535,0,30,0,0,0,1,10,5,0,0,0,16,11,0,57,0,3,0,0,200,200
433535,0,30,0,0,0,1,10,5,0,0,0,16,11,1,81,0,0,0,0,200,200
433541,0,20,0,0,200,200,7,5,0,200,0,0,0,2,200,200,200,200,200,200,200
433542,0,30,1,2,0,1,14,2,0,0,0,0,16,0,38,0,0,0,0,200,200
433542,0,30,1,2,0,1,14,2,0,0,0,0,16,0,79,0,0,0,0,200,200
433542,1,30,1,2,0,1,14,2,0,0,0,0,16,1,78,0,200,200,200,200,200
433542,1,30,1,2,0,1,14,2,0,0,0,0,16,1,68,0,200,200,200,200,200
433544,0,30,2,2,0,1,0,5,0,0,0,0,0,0,200,200,200,200,200,200,200
433544,0,30,2,2,0,1,0,5,0,0,0,0,0,1,32,0,0,0,0,200,200
433544,1,30,2,2,0,1,0,5,0,0,0,0,0,1,8,0,200,200,200,200,200
433544,1,30,2,2,0,1,0,5,0,0,0,0,0,0,0,5,200,200,200,200,200
433551,0,30,2,2,0,1,0,5,0,0,0,200,200,0,200,200,1,200,200,200,200
433551,0,30,2,2,0,1,0,5,0,0,0,200,200,0,200,0,0,200,0,200,200
433552,0,30,0,0,0,1,6,3,0,0,0,12,200,0,48,0,0,0,0,200,200
433555,0,25,2,0,0,1,10,5,0,0,0,16,200,1,34,0,1,0,0,200,200
433555,0,25,2,0,0,1,10,5,0,0,0,16,200,0,65,7,0,0,0,200,200
433556,0,30,0,0,0,1,10,2,0,0,0,20,0,1,31,0,0,0,0,200,200
433556,0,30,0,0,0,1,10,2,0,0,0,20,0,1,41,200,6,0,0,200,200
433574,0,30,0,0,0,1,14,5,0,0,0,0,0,0,69,200,4,200,200,200,200
433574,0,30,0,0,0,1,14,5,0,0,0,0,0,0,34,0,12,0,0,200,200
433576,0,30,0,0,0,1,7,5,0,0,0,0,0,2,200,200,200,200,200,200,200
433587,0,30,0,0,0,1,10,5,0,0,0,18,200,1,37,0,3,0,0,200,200
433587,0,30,0,0,0,1,10,5,0,0,0,18,200,1,22,0,3,0,0,200,200
433587,0,30,0,0,0,1,10,5,0,0,0,18,200,1,45,0,0,0,0,200,200
433588,5,30,0,0,0,1,9,2,0,0,12,17,200,1,44,7,12,5,0,200,200
433588,0,30,0,0,0,1,9,2,0,0,12,17,200,1,52,0,0,5,0,200,200
433590,0,30,2,2,0,1,0,6,0,0,0,17,16,1,73,0,1,5,0,200,200
433590,0,30,2,2,0,1,0,6,0,0,0,17,16,0,0,0,0,0,0,200,200
433590,1,30,2,2,0,1,0,6,0,0,0,17,16,0,76,0,200,200,200,200,200
433591,0,25,1,2,0,1,14,6,0,0,0,23,0,1,79,0,7,0,0,200,200
433591,0,25,1,2,0,1,14,6,0,0,0,23,0,1,35,0,0,0,0,200,200
433596,0,30,0,0,0,1,7,5,0,0,0,0,200,0,65,0,200,0,0,200,200
433607,0,30,1,2,0,1,14,2,0,0,0,200,200,1,78,200,7,200,200,200,200
433607,0,30,1,2,0,1,14,2,0,0,0,200,200,0,42,200,200,200,200,200,200
433618,0,0,0,0,0,1,0,7,0,0,0,20,200,1,53,0,6,0,0,200,200
433618,0,0,0,0,0,1,0,7,0,0,0,20,200,0,70,0,0,0,0,200,200
433618,1,0,0,0,0,1,0,7,0,0,0,20,200,1,79,0,200,200,200,200,200
433623,0,30,1,2,0,1,10,5,0,0,0,0,0,0,200,0,200,200,200,200,200
433623,0,30,1,2,0,1,10,5,0,0,0,0,0,0,200,0,0,0,0,200,200
433628,0,0,0,0,0,1,11,7,0,0,0,0,200,0,38,0,200,1,0,200,200
433628,0,0,0,0,0,1,11,7,0,0,0,0,200,1,80,0,200,200,0,200,200
433628,1,0,0,0,0,1,11,7,0,0,0,0,200,0,5,5,200,200,200,200,200
433630,0,30,0,0,0,1,7,6,0,0,0,28,200,0,33,200,0,5,0,200,200
433633,0,10,0,0,0,1,9,7,0,0,0,0,0,0,200,200,200,200,200,200,200
433633,5,10,0,0,0,1,9,7,0,0,0,0,0,1,36,7,12,12,0,200,200
433643,0,30,0,0,0,1,10,3,0,0,0,7,200,0,80,0,12,0,0,200,200
433643,0,30,0,0,0,1,10,3,0,0,0,7,200,1,49,0,0,0,0,200,200
433643,1,30,0,0,0,1,10,3,0,0,0,7,200,0,49,0,200,200,200,200,200
433645,0,30,0,0,0,1,12,2,0,0,0,0,27,1,44,0,2,200,0,200,200
433645,0,30,0,0,0,1,12,2,0,0,0,0,27,0,47,0,0,200,0,200,200
433651,0,30,0,0,0,1,10,5,0,0,0,0,0,0,34,200,200,200,200,200,200
433651,0,30,0,0,0,1,10,5,0,0,0,0,0,0,98,200,200,200,200,200,200
433653,0,30,2,200,0,1,0,200,0,200,200,0,200,0,200,200,200,200,200,200,200
433653,0,30,2,200,0,1,0,200,0,200,200,0,200,0,21,200,200,200,0,200,200
433658,0,25,2,2,0,4,14,5,0,0,0,15,17,0,200,200,12,200,200,200,200
433658,0,25,2,2,0,4,14,5,0,0,0,15,17,0,22,0,0,5,0,200,200
433659,0,30,1,2,0,1,3,2,0,0,0,0,0,0,52,200,200,200,200,200,200
433659,0,30,1,2,0,1,3,2,0,0,0,0,0,0,44,3,0,0,0,200,200
433660,0,5,0,0,0,1,0,7,0,0,0,0,0,0,43,200,200,200,200,200,200
433660,0,5,0,0,0,1,0,7,0,0,0,0,0,1,60,0,200,0,0,200,200
433662,0,30,1,2,0,1,14,5,0,0,0,0,0,0,26,0,200,0,0,200,200
433662,0,30,1,2,0,1,14,5,0,0,0,0,0,1,65,0,200,0,0,200,200
433664,0,35,1,2,0,1,10,2,0,0,0,0,0,0,58,0,0,0,0,200,200
433664,0,35,1,2,0,1,10,2,0,0,0,0,0,0,65,0,0,0,0,200,200
433666,0,30,2,2,0,1,8,12,0,0,0,5,0,0,200,200,5,200,200,200,200
433666,4,30,2,2,0,1,8,12,0,0,0,5,0,1,29,7,0,0,0,200,200
433677,0,30,2,2,0,1,10,6,0,0,0,16,6,0,200,200,3,200,200,200,200
433677,0,30,2,2,0,1,10,6,0,0,0,16,6,0,41,0,0,0,0,200,200
433681,0,30,0,0,0,1,12,5,0,0,0,22,200,0,27,200,2,0,0,200,200
433681,0,30,0,0,0,1,12,5,0,0,0,22,200,1,53,200,0,0,0,200,200
433683,0,30,1,2,0,1,9,5,0,0,0,17,200,0,59,1,1,0,0,200,200
433683,5,30,1,2,0,1,9,5,0,0,0,17,200,1,35,200,0,200,0,200,200
433686,0,25,0,0,0,1,10,5,0,0,0,18,200,0,41,0,1,0,0,200,200
433686,0,25,0,0,0,1,10,5,0,0,0,18,200,1,39,0,0,0,0,200,200
433690,0,15,0,0,0,1,12,2,0,0,0,22,32,0,43,0,7,0,0,200,200
433690,0,15,0,0,0,1,12,2,0,0,0,22,32,0,38,0,0,0,0,200,200
433691,4,30,1,2,0,1,8,1,0,0,0,6,200,0,20,2,5,0,0,200,200
433691,0,30,1,2,0,1,8,1,0,0,0,6,200,0,43,0,0,0,0,200,200
433698,0,30,0,0,0,1,0,3,0,0,0,17,200,1,20,200,1,12,0,200,200
433698,0,30,0,0,0,1,0,3,0,0,0,17,200,0,51,0,0,0,0,200,200
433698,1,30,0,0,0,1,0,3,0,0,0,17,200,1,200,200,200,200,200,200,200
433699,0,35,0,0,0,1,14,3,0,0,0,17,200,0,44,0,1,0,0,200,200
433699,0,35,0,0,0,1,14,3,0,0,0,17,200,0,18,0,0,0,0,200,200
433700,0,25,0,200,0,1,14,5,0,0,200,23,0,0,30,200,7,200,0,200,200
433700,0,25,0,200,0,1,14,5,0,0,200,23,0,1,25,0,0,0,0,200,200
433701,0,30,1,2,0,1,10,6,0,0,0,16,18,0,39,0,3,0,0,200,200
433701,0,30,1,2,0,1,10,6,0,0,0,16,18,0,27,0,0,0,0,200,200
433702,0,30,0,0,0,1,7,4,0,0,0,25,16,0,40,200,12,0,200,200,200
433707,0,30,1,2,0,1,14,5,0,0,0,0,0,0,66,0,3,0,0,200,200
433707,0,30,1,2,0,1,14,5,0,0,0,0,0,0,61,0,0,0,0,200,200
433711,0,30,0,0,0,1,2,5,0,0,0,0,200,0,58,0,0,0,0,200,200
433715,0,30,1,2,0,1,14,2,0,0,0,23,25,0,64,0,7,12,0,200,200
433715,0,30,1,2,0,1,14,2,0,0,0,23,25,1,39,0,0,0,0,200,200
433715,1,30,1,2,0,1,14,2,0,0,0,23,25,0,39,0,200,200,200,200,200
433717,0,0,0,0,0,1,14,5,0,0,0,22,23,0,75,200,4,200,0,200,200
433717,0,0,0,0,0,1,14,5,0,0,0,22,23,0,45,0,0,0,0,200,200
433721,0,30,1,2,0,1,14,5,0,0,0,23,0,0,71,200,7,0,0,200,200
433721,0,30,1,2,0,1,14,5,0,0,0,23,0,0,20,0,0,200,0,200,200
433721,1,30,1,2,0,1,14,5,0,0,0,23,0,1,73,200,200,200,200,200,200
433723,0,20,0,0,0,1,2,7,0,0,0,16,16,1,61,200,3,0,0,200,200
433724,0,30,0,0,0,1,10,5,0,0,0,20,16,1,200,200,6,200,200,200,200
433724,0,30,0,0,0,1,10,5,0,0,0,20,16,0,34,0,0,0,0,200,200
433736,0,30,1,2,0,1,9,2,0,0,0,0,0,1,33,0,200,200,0,200,200
433736,5,30,1,2,0,1,9,2,0,0,0,0,0,1,58,7,0,12,0,200,200
433737,0,30,1,2,0,1,10,5,0,0,200,0,0,0,37,200,1,200,200,200,200
433737,0,30,1,2,0,1,10,5,0,0,200,0,0,1,30,0,0,0,0,200,200
433738,0,30,0,0,0,1,8,5,0,0,0,17,200,0,200,0,1,0,0,200,200
433738,4,30,0,0,0,1,8,5,0,0,0,17,200,0,24,7,0,0,0,200,200
433740,0,30,1,2,0,1,10,6,0,0,0,8,35,0,49,200,12,0,0,200,200
433740,0,30,1,2,0,1,10,6,0,0,0,8,35,0,30,200,0,0,0,200,200
433742,0,30,1,2,200,1,12,12,0,200,0,0,0,1,200,200,200,200,200,200,200
433742,0,30,1,2,200,1,12,12,0,200,0,0,0,1,200,0,200,0,0,200,200
433757,0,25,0,0,0,1,10,6,0,0,0,18,16,0,200,200,3,200,200,200,200
433757,0,25,0,0,0,1,10,6,0,0,0,18,16,1,47,200,0,0,0,200,200
433758,0,0,0,0,0,1,7,5,0,0,200,0,0,2,200,200,200,200,200,200,200
433759,0,30,0,0,0,1,7,7,0,0,0,20,0,1,200,200,6,200,200,200,200
433760,0,30,1,2,0,1,0,5,0,0,0,0,0,1,35,0,200,0,0,200,200
433760,0,30,1,2,0,1,0,5,0,0,0,0,0,0,47,0,0,0,0,200,200
433767,0,10,0,0,0,0,7,7,0,200,200,0,200,0,35,200,200,200,200,200,200
433770,0,35,0,0,0,1,12,5,0,0,0,22,16,0,23,0,1,0,0,200,0
433770,0,35,0,0,0,1,12,5,0,0,0,22,16,0,55,0,0,0,0,200,200
433772,0,30,1,2,0,1,12,5,0,0,12,0,0,0,54,200,200,200,0,200,200
433772,0,30,1,2,0,1,12,5,0,0,12,0,0,0,25,200,200,200,0,200,200
433776,0,20,0,0,0,1,5,5,0,0,200,17,0,0,200,200,8,200,200,200,200
433776,0,20,0,0,0,1,5,5,0,0,200,17,0,0,19,200,0,200,0,200,200
433790,4,30,12,2,0,1,8,12,0,0,0,10,17,1,22,7,9,0,0,200,200
433790,0,30,12,2,0,1,8,12,0,0,0,10,17,0,30,0,0,0,0,200,200
433790,1,30,12,2,0,1,8,12,0,0,0,10,17,0,61,0,200,200,200,200,200
433795,0,35,0,0,0,1,10,6,0,0,0,25,0,0,200,200,2,200,200,200,200
433795,0,35,0,0,0,1,10,6,0,0,0,25,0,0,71,200,0,0,0,200,200
433795,0,35,0,0,0,1,10,6,0,0,0,25,0,1,57,200,0,0,0,200,200
433795,1,35,0,0,0,1,10,6,0,0,0,25,0,200,200,200,200,200,200,200,200
433795,1,35,0,0,0,1,10,6,0,0,0,25,0,200,200,200,200,200,200,200,200
433795,1,35,0,0,0,1,10,6,0,0,0,25,0,200,200,200,200,200,200,200,200
433800,0,30,0,0,0,1,14,5,0,0,200,0,200,1,69,200,200,200,0,200,200
433800,0,30,0,0,0,1,14,5,0,0,200,0,200,1,50,200,200,200,0,200,200
433807,0,30,1,2,0,1,10,2,0,0,0,20,0,0,57,0,6,0,0,200,200
433807,0,30,1,2,0,1,10,2,0,0,0,20,0,0,26,0,0,0,0,200,200
433820,0,20,0,0,0,1,10,2,0,0,0,0,200,1,31,0,3,0,0,200,200
433820,0,20,0,0,0,1,10,2,0,0,0,0,200,1,52,0,0,0,0,200,200
433822,0,30,0,0,0,1,10,5,0,0,0,200,200,0,21,0,0,0,0,200,200
433822,0,30,0,0,0,1,10,5,0,0,0,200,200,0,26,0,0,0,0,200,200
433823,0,30,0,0,0,1,12,5,0,0,0,22,16,0,200,200,4,200,0,200,200
433823,0,30,0,0,0,1,12,5,0,0,0,22,16,0,55,0,0,0,0,200,200
433824,0,5,0,0,0,3,7,7,0,0,0,200,200,2,200,200,200,200,200,200,200
433826,0,30,0,0,0,1,14,2,0,0,0,0,200,1,51,200,200,200,0,200,200
433826,0,30,0,0,0,1,14,2,0,0,0,0,200,0,25,200,200,200,0,200,200
433830,0,30,0,0,0,1,7,7,0,0,0,0,0,0,200,200,200,200,200,200,200
433839,0,30,1,2,0,1,14,5,0,0,0,17,17,0,31,0,1,0,0,200,200
433839,0,30,1,2,0,1,14,5,0,0,0,17,17,0,76,0,0,0,0,200,200
433839,1,30,1,2,0,1,14,5,0,0,0,17,17,1,71,0,200,200,200,200,200
433843,0,30,0,0,0,1,12,5,0,0,0,21,0,0,26,0,4,0,0,200,200
433843,0,30,0,0,0,1,12,5,0,0,0,21,0,0,37,0,0,0,0,200,200
433844,0,10,0,0,0,1,7,7,0,0,0,18,200,1,200,200,200,200,200,200,200
433846,4,30,0,0,0,1,8,5,0,0,0,22,200,0,200,2,2,200,0,200,200
433846,0,30,0,0,0,1,8,5,0,0,0,22,200,1,38,0,0,0,0,200,200
433847,0,30,0,0,200,3,7,6,0,200,0,0,0,1,200,0,200,0,0,200,200
433853,0,35,1,2,0,1,10,3,0,0,0,0,11,0,200,200,200,200,200,200,200
433853,0,35,1,2,0,1,10,3,0,0,0,0,11,0,47,3,0,0,200,200,200
433858,0,35,2,2,0,1,10,12,0,0,0,0,0,1,31,200,1,200,200,200,200
433858,0,35,2,2,0,1,10,12,0,0,0,0,0,1,41,0,0,0,0,200,200
433859,0,30,0,0,0,1,2,2,1,0,200,200,0,0,48,200,200,200,0,200,200
433860,0,30,0,0,200,1,12,2,0,200,200,17,11,0,16,0,4,200,200,200,200
433860,0,30,0,0,200,1,12,2,0,200,200,17,11,1,28,200,0,200,200,200,200
433878,0,30,1,2,0,1,14,12,2,0,0,23,0,1,200,200,7,0,0,200,200
433878,0,30,1,2,0,1,14,12,2,0,0,23,0,0,200,0,0,0,0,200,200
433882,0,30,1,200,0,1,14,5,0,0,200,0,0,1,25,200,200,200,0,200,200
433882,0,30,1,200,0,1,14,5,0,0,200,0,0,0,54,200,200,200,0,200,200
433883,0,30,1,2,0,1,10,2,0,0,0,0,200,0,200,200,200,200,200,200,200
433883,0,30,1,2,0,1,10,2,0,0,0,0,200,1,33,0,0,0,0,200,200
433888,0,30,0,0,0,0,11,5,0,0,0,0,0,0,25,0,200,0,0,200,200
433888,0,30,0,0,0,0,11,5,0,0,0,0,0,0,42,0,0,0,0,200,200
433892,0,35,0,0,0,1,10,5,0,0,0,0,0,1,200,200,200,200,200,200,200
433892,0,35,0,0,0,1,10,5,0,0,0,0,0,1,41,0,0,0,0,200,200
433898,0,30,1,2,0,1,10,5,0,0,0,11,16,0,16,0,7,0,0,200,200
433898,0,30,1,2,0,1,10,5,0,0,0,11,16,1,20,0,0,0,0,200,200
433906,0,20,1,2,0,1,14,0,0,0,0,17,200,1,75,0,1,0,0,200,200