RD_NO,PERSON_TYPE,POSTED_SPEED_LIMIT,TRAFFIC_CONTROL_DEVICE,DEVICE_CONDITION,WEATHER_CONDITION,LIGHTING_CONDITION,FIRST_CRASH_TYPE,TRAFFICWAY_TYPE,ALIGNMENT,ROADWAY_SURFACE_COND,ROAD_DEFECT,PRIM_CONTRIBUTORY_CAUSE,SEC_CONTRIBUTORY_CAUSE,SEX,AGE,SAFETY_EQUIPMENT,DRIVER_ACTION,DRIVER_VISION,PHYSICAL_CONDITION,BAC_RESULT VALUE,CELL_PHONE_USE
434240,0,30,0,0,0,4,9,3,0,0,0,33,0,1,69,0,12,6,0,200,200
434240,5,30,0,0,0,4,9,3,0,0,0,33,0,0,47,7,0,0,200,200,200
434240,1,30,0,0,0,4,9,3,0,0,0,33,0,1,31,0,200,200,200,200,200
434240,1,30,0,0,0,4,9,3,0,0,0,33,0,1,1,5,200,200,200,200,200
434246,0,5,0,200,0,4,7,7,0,1,0,23,200,0,59,0,7,0,0,200,200
434248,0,30,0,0,0,4,10,5,0,0,0,18,16,1,28,200,3,200,0,200,200
434248,0,30,0,0,0,4,10,5,0,0,0,18,16,0,22,0,0,0,0,200,200
434248,0,30,0,0,0,4,10,5,0,0,0,18,16,0,200,200,0,200,200,200,200
434248,1,30,0,0,0,4,10,5,0,0,0,18,16,0,200,0,200,200,200,200,200
434249,0,30,0,0,0,1,10,5,0,0,0,0,0,0,29,200,200,200,200,200,200
434249,0,30,0,0,0,1,10,5,0,0,0,0,0,0,35,0,0,0,0,200,200
434257,0,30,0,0,0,1,5,5,0,0,1,0,200,0,37,0,0,0,0,200,200
434262,4,25,0,0,0,4,8,5,0,0,0,0,0,200,200,7,200,200,200,200,200
434262,0,25,0,0,0,4,8,5,0,0,0,0,0,0,38,0,12,0,0,200,200
434264,0,30,1,2,0,3,10,5,0,0,0,18,200,0,29,0,3,0,0,200,200
434264,0,30,1,2,0,3,10,5,0,0,0,18,200,0,44,0,0,0,0,200,200
434266,0,0,0,0,0,1,14,2,0,0,0,17,23,1,26,0,1,0,0,200,200
434266,0,0,0,0,0,1,14,2,0,0,0,17,23,0,43,200,12,0,0,200,200
434267,0,30,1,2,0,1,14,12,0,0,0,23,17,2,200,200,7,200,200,200,200
434267,0,30,1,2,0,1,14,12,0,0,0,23,17,1,47,0,0,0,0,200,200
434271,0,20,0,0,0,1,7,7,0,0,0,16,11,2,200,200,200,200,200,200,200
434276,0,30,1,2,0,3,10,5,0,2,3,18,18,0,200,200,3,200,200,200,200
434276,0,30,1,2,0,3,10,5,0,2,3,18,18,1,46,3,0,0,0,200,200
434278,0,30,200,200,0,3,7,200,0,0,0,0,0,2,200,200,200,200,200,200,200
434280,0,35,2,2,0,1,14,2,0,0,0,23,200,1,50,0,7,0,0,200,200
434280,0,35,2,2,0,1,14,2,0,0,0,23,200,1,45,200,200,200,200,200,200
434283,0,30,1,0,0,1,14,3,0,0,0,21,200,0,55,0,12,0,0,200,200
434283,0,30,1,0,0,1,14,3,0,0,0,21,200,1,31,0,0,0,0,200,200
434285,0,30,0,0,0,3,12,5,0,0,0,0,0,0,41,0,0,0,0,200,200
434285,0,30,0,0,0,3,12,5,0,0,0,0,0,2,64,0,0,0,0,200,200
434285,1,30,0,0,0,3,12,5,0,0,0,0,0,1,200,0,200,200,200,200,200
434288,0,30,0,0,0,1,0,3,0,0,0,17,0,0,33,200,1,200,200,200,200
434288,0,30,0,0,0,1,0,3,0,0,0,17,0,0,26,0,0,0,0,200,200
434291,0,30,1,2,0,3,10,5,0,0,0,18,200,1,32,0,3,0,0,200,200
434291,0,30,1,2,0,3,10,5,0,0,0,18,200,1,39,0,0,0,0,200,200
434291,1,30,1,2,0,3,10,5,0,0,0,18,200,0,7,0,200,200,200,200,200
434291,1,30,1,2,0,3,10,5,0,0,0,18,200,0,13,0,200,200,200,200,200
434292,0,35,1,2,0,3,10,2,0,0,0,16,18,1,49,0,3,0,0,200,200
434292,0,35,1,2,0,3,10,2,0,0,0,16,18,1,53,0,0,0,0,200,200
434292,1,35,1,2,0,3,10,2,0,0,0,16,18,0,15,0,200,200,200,200,200
434293,0,30,2,2,0,1,10,5,0,0,0,25,0,1,200,200,200,200,0,200,200
434293,0,30,2,2,0,1,10,5,0,0,0,25,0,1,200,200,0,0,0,200,200
434295,0,25,0,0,0,1,10,2,0,0,0,0,0,1,30,0,0,0,0,200,200
434295,0,25,0,0,0,1,10,2,0,0,0,0,0,1,43,0,0,0,0,200,200
434295,1,25,0,0,0,1,10,2,0,0,0,0,0,1,5,0,200,200,200,200,200
434295,1,25,0,0,0,1,10,2,0,0,0,0,0,0,1,5,200,200,200,200,200
434295,1,25,0,0,0,1,10,2,0,0,0,0,0,0,0,5,200,200,200,200,200
434298,0,30,0,0,0,1,7,7,0,0,0,200,200,0,42,0,0,0,0,200,200
434300,0,10,0,0,0,1,7,7,0,0,200,0,0,1,43,0,200,200,200,200,200
434308,0,30,0,0,0,3,10,5,0,0,0,16,0,1,27,0,3,0,0,200,200
434308,0,30,0,0,0,3,10,5,0,0,0,16,0,0,47,0,0,0,0,200,200
434315,0,30,0,0,0,1,12,2,0,0,0,21,0,0,46,200,1,200,200,200,200
434315,0,30,0,0,0,1,12,2,0,0,0,21,0,0,67,0,0,0,0,200,200
434316,0,30,0,0,0,1,7,5,0,0,0,0,200,2,200,200,12,200,200,200,200
434319,0,30,2,2,0,3,0,2,0,0,0,5,17,0,200,200,1,200,200,200,200
434319,0,30,2,2,0,3,0,2,0,0,0,5,17,1,57,0,0,0,0,200,200
434323,0,30,0,0,0,3,7,12,0,0,0,0,0,0,33,200,200,200,12,200,200
434324,0,35,1,2,0,3,14,2,0,0,0,18,18,0,65,0,1,0,0,200,200
434324,0,35,1,2,0,3,14,2,0,0,0,18,18,0,38,0,0,0,0,200,200
434326,0,0,0,0,0,0,7,5,0,0,0,0,0,0,43,200,200,200,0,200,200
434330,0,35,0,0,0,3,14,5,0,0,0,0,200,0,21,0,200,200,0,200,200
434330,0,35,0,0,0,3,14,5,0,0,0,0,200,0,77,0,0,0,0,200,200
434331,0,5,0,0,0,3,7,7,0,0,0,200,200,0,200,200,200,200,200,200,200
434333,0,30,1,2,0,3,12,5,0,0,0,0,0,1,34,0,12,0,0,200,200
434333,0,30,1,2,0,3,12,5,0,0,0,0,0,1,26,0,0,0,0,200,200
434334,0,30,0,200,0,3,7,5,0,0,0,14,200,2,200,200,200,200,200,200,200
434337,0,30,0,0,0,1,12,3,2,0,0,11,200,0,22,0,12,0,0,200,200
434337,0,30,0,0,0,1,12,3,2,0,0,11,200,1,49,0,0,0,0,200,200
434337,1,30,0,0,0,1,12,3,2,0,0,11,200,0,200,0,200,200,200,200,200
434337,1,30,0,0,0,1,12,3,2,0,0,11,200,0,200,200,200,200,200,200,200
434343,0,30,0,0,0,1,0,5,0,0,0,11,11,1,45,0,0,0,0,200,200
434343,0,30,0,0,0,1,0,5,0,0,0,11,11,1,200,0,1,200,200,200,200
434358,0,30,0,0,0,0,7,6,0,0,0,0,200,2,200,200,0,200,200,200,200
434359,0,30,0,0,0,3,14,2,0,0,0,0,0,0,41,200,7,0,0,200,200
434359,0,30,0,0,0,3,14,2,0,0,0,0,0,0,19,200,200,0,0,200,200
434359,1,30,0,0,0,3,14,2,0,0,0,0,0,1,18,200,200,200,200,200,200
434359,1,30,0,0,0,3,14,2,0,0,0,0,0,0,22,200,200,200,200,200,200
434362,0,25,0,0,0,1,7,2,0,0,0,0,0,0,200,200,200,200,200,200,200
434366,0,30,0,0,0,3,14,3,0,0,200,17,200,1,22,200,1,0,0,200,200
434366,0,30,0,0,0,3,14,3,0,0,200,17,200,1,33,200,0,0,0,200,200
434366,1,30,0,0,0,3,14,3,0,0,200,17,200,1,12,0,200,200,200,200,200
434366,1,30,0,0,0,3,14,3,0,0,200,17,200,200,11,200,200,200,200,200,200
434376,0,30,2,2,0,3,10,5,0,0,0,18,0,1,200,200,3,200,200,200,200
434376,0,30,2,2,0,3,10,5,0,0,0,18,0,0,30,0,0,0,0,200,200
434382,0,30,0,0,0,3,14,6,0,0,0,23,16,0,30,200,7,200,200,200,200
434382,0,30,0,0,0,3,14,6,0,0,0,23,16,1,27,0,12,0,0,200,200
434382,1,30,0,0,0,3,14,6,0,0,0,23,16,0,42,0,200,200,200,200,200
434384,0,30,0,0,0,3,7,5,0,0,0,0,200,1,45,0,0,0,0,200,200
434385,0,30,1,2,0,1,14,12,0,0,12,0,0,1,29,200,1,200,200,200,200
434385,0,30,1,2,0,1,14,12,0,0,12,0,0,1,46,0,0,0,0,200,200
434389,0,30,0,0,0,3,7,6,0,0,200,10,0,2,200,200,9,200,200,200,200
434423,0,30,1,2,0,3,0,2,0,0,0,6,0,0,35,200,5,200,200,200,200
434423,0,30,1,2,0,3,0,2,0,0,0,6,0,1,44,0,0,0,0,200,200
434427,0,30,0,0,0,3,7,7,0,0,200,0,0,2,200,200,200,200,200,200,200
434430,0,30,0,0,0,3,12,5,0,0,0,17,200,1,23,200,1,200,0,200,200
434430,0,30,0,0,0,3,12,5,0,0,0,17,200,0,30,200,0,200,0,200,200
434430,1,30,0,0,0,3,12,5,0,0,0,17,200,0,200,200,200,200,200,200,200
434432,0,25,0,0,0,1,10,2,0,0,0,18,16,1,27,0,3,0,0,200,200
434432,0,25,0,0,0,1,10,2,0,0,0,18,16,1,25,0,0,0,0,200,200
434435,0,30,1,2,0,1,12,6,0,0,0,21,0,0,30,200,4,0,0,200,200
434435,0,30,1,2,0,1,12,6,0,0,0,21,0,0,35,200,0,0,0,200,200
434438,0,25,2,2,0,0,12,5,0,0,0,14,0,0,200,200,8,200,200,200,200
434438,0,25,2,2,0,0,12,5,0,0,0,14,0,0,42,0,0,0,0,200,200
434442,4,30,1,2,0,1,8,5,0,0,200,0,0,0,38,3,1,200,200,200,200
434442,0,30,1,2,0,1,8,5,0,0,200,0,0,0,46,0,0,200,0,200,200
434443,0,35,0,0,0,1,12,6,0,0,0,21,200,2,200,200,4,200,200,200,200
434443,0,35,0,0,0,1,12,6,0,0,0,21,200,0,36,0,0,0,0,200,200
434444,0,30,0,0,0,1,7,5,0,0,0,20,11,1,200,200,6,200,200,200,200
434448,0,30,0,0,0,3,7,6,0,0,0,0,200,2,200,200,200,200,200,200,200
434449,0,30,0,0,0,3,7,5,0,12,3,28,28,0,94,200,12,200,200,200,200
434449,1,30,0,0,0,3,7,5,0,12,3,28,28,1,92,200,200,200,200,200,200
434450,0,35,200,200,0,1,3,3,0,0,200,200,200,0,27,200,200,200,200,200,200
434450,0,35,200,200,0,1,3,3,0,0,200,200,200,0,200,200,200,200,200,200,200
434456,0,30,0,0,0,3,2,12,0,0,0,20,20,0,33,200,6,200,0,200,200
434458,0,30,1,2,0,3,12,5,0,0,0,22,16,0,30,0,2,0,0,200,200
434458,0,30,1,2,0,3,12,5,0,0,0,22,16,0,49,0,0,0,0,200,200
434460,0,30,0,0,0,3,14,5,0,0,0,16,0,2,200,200,200,200,200,200,200
434460,0,30,0,0,0,3,14,5,0,0,0,16,0,1,24,0,12,0,0,200,200
434465,0,40,0,0,0,3,10,3,0,0,0,21,200,0,21,0,2,0,0,200,200
434465,0,40,0,0,0,3,10,3,0,0,0,21,200,0,38,0,200,0,0,200,200
434470,0,30,1,2,0,3,3,2,0,0,0,21,32,1,40,0,4,0,5,200,200
434470,0,30,1,2,0,3,3,2,0,0,0,21,32,0,19,0,0,0,0,200,200
434473,0,30,0,0,0,3,7,5,0,0,0,11,0,1,49,200,6,200,200,200,200
434473,1,30,0,0,0,3,7,5,0,0,0,11,0,1,200,200,200,200,200,200,200
434475,0,15,0,0,0,3,2,7,2,0,0,0,0,0,25,0,200,0,0,200,200
434481,0,30,0,3,0,3,2,5,0,0,0,200,200,0,25,0,0,0,0,200,200
434481,0,30,0,3,0,3,2,5,0,0,0,200,200,2,200,200,200,200,200,200,200
434482,0,30,1,2,0,3,12,6,0,0,0,0,0,1,56,0,200,0,0,200,200
434482,0,30,1,2,0,3,12,6,0,0,0,0,0,0,19,0,200,0,0,200,200
434482,1,30,1,2,0,3,12,6,0,0,0,0,0,0,19,0,200,200,200,200,200
434492,0,30,0,0,0,3,14,12,0,0,0,0,0,0,200,200,12,200,200,200,200
434492,0,30,0,0,0,3,14,12,0,0,0,0,0,0,50,0,0,0,0,200,200
434494,0,25,0,0,0,0,7,6,0,0,0,19,25,0,200,200,12,200,200,200,200
434495,0,35,0,0,0,3,10,12,0,0,0,0,0,1,200,200,6,200,200,200,200
434495,0,35,0,0,0,3,10,12,0,0,0,0,0,1,24,200,12,0,0,200,200
434496,0,30,1,2,0,3,14,3,0,0,0,23,23,0,29,200,12,200,200,200,200
434496,0,30,1,2,0,3,14,3,0,0,0,23,23,1,20,200,4,200,0,200,200
434496,1,30,1,2,0,3,14,3,0,0,0,23,23,1,19,200,200,200,200,200,200
434499,0,30,0,0,0,3,11,2,0,0,0,21,200,0,35,200,4,0,0,200,200
434499,0,30,0,0,0,3,11,2,0,0,0,21,200,0,32,200,0,0,0,200,200
434510,0,30,0,0,0,3,7,5,0,0,0,0,200,1,200,200,200,200,200,200,200
434514,0,30,1,2,0,3,0,5,0,0,0,6,200,0,59,200,5,0,0,200,200
434514,0,30,1,2,0,3,0,5,0,0,0,6,200,0,35,200,0,0,5,200,200
434514,1,30,1,2,0,3,0,5,0,0,0,6,200,0,55,200,200,200,200,200,200
434520,0,10,0,0,0,3,0,7,0,0,0,20,11,1,30,200,6,200,0,200,200
434520,0,10,0,0,0,3,0,7,0,0,0,20,11,1,55,200,3,200,0,200,200
434520,1,10,0,0,0,3,0,7,0,0,0,20,11,0,25,200,200,200,200,200,200
434528,0,35,0,0,0,3,12,2,0,0,0,4,200,1,34,200,12,0,0,200,200
434528,0,35,0,0,0,3,12,2,0,0,0,4,200,0,58,200,12,0,0,200,200
434528,1,35,0,0,0,3,12,2,0,0,0,4,200,0,29,200,200,200,200,200,200
434528,1,35,0,0,0,3,12,2,0,0,0,4,200,2,200,200,200,200,200,200,200
434528,1,35,0,0,0,3,12,2,0,0,0,4,200,2,200,200,200,200,200,200,200
434530,0,25,0,0,0,0,7,5,0,0,0,13,13,1,44,200,12,0,0,200,200
434541,0,30,0,0,0,3,12,2,0,0,0,0,0,0,21,200,200,200,200,200,200
434541,0,30,0,0,0,3,12,2,0,0,0,0,0,1,33,0,0,0,0,200,200
434544,0,30,1,2,0,3,14,5,0,0,0,23,16,0,30,200,13,0,0,200,200
434544,0,30,1,2,0,3,14,5,0,0,0,23,16,0,26,0,0,0,0,200,200
434548,0,35,0,0,0,3,0,12,0,0,0,17,0,0,21,200,1,200,0,200,200
434548,0,35,0,0,0,3,0,12,0,0,0,17,0,1,18,200,0,200,0,200,200
434548,1,35,0,0,0,3,0,12,0,0,0,17,0,200,200,200,200,200,200,200,200
434551,0,30,0,0,0,3,7,5,0,0,0,16,200,2,200,200,6,200,200,200,200
434557,0,25,0,0,0,3,2,6,0,0,0,14,25,2,200,200,8,200,200,200,200
434560,0,30,1,2,0,3,10,5,0,0,0,16,16,0,200,200,200,200,200,200,200
434560,0,30,1,2,0,3,10,5,0,0,0,16,16,0,49,200,0,0,0,200,200
434606,0,30,2,2,0,4,0,1,0,0,0,17,200,0,53,0,1,0,0,200,200
434606,0,30,2,2,0,4,0,1,0,0,0,17,200,0,49,0,0,0,0,200,200
434606,1,30,2,2,0,4,0,1,0,0,0,17,200,1,46,0,200,200,200,200,200
434617,0,30,0,0,0,4,7,5,0,0,0,7,200,0,27,200,12,12,2,200,200
434618,0,30,0,0,0,3,7,6,0,0,0,0,0,2,200,200,200,200,200,200,200
434622,0,35,0,0,0,2,2,5,0,0,0,32,200,1,24,200,12,0,5,0.14,200
434625,0,45,0,200,0,2,12,2,0,0,200,22,35,0,37,200,2,0,0,200,200
434625,0,45,0,200,0,2,12,2,0,0,200,22,35,1,48,200,0,0,0,200,200
434633,0,30,0,0,0,1,7,5,0,0,0,0,200,0,69,0,200,0,0,200,200
434635,0,30,12,0,0,3,2,3,0,0,0,8,16,0,59,0,12,0,0,200,200
434637,0,30,1,2,0,1,10,5,0,0,0,20,200,0,61,200,6,200,0,200,200
434637,0,30,1,2,0,1,10,5,0,0,0,20,200,0,37,200,0,200,0,200,200
434647,0,30,0,0,0,1,10,2,0,0,0,18,15,0,25,0,3,0,0,200,200
434647,0,30,0,0,0,1,10,2,0,0,0,18,15,2,200,200,0,200,200,200,200
434652,0,25,2,2,0,1,9,5,0,0,0,23,0,1,200,200,7,200,200,200,200
434652,5,25,2,2,0,1,9,5,0,0,0,23,0,0,31,7,0,0,0,200,200
434661,0,30,1,2,0,1,12,3,0,0,0,22,22,2,200,200,2,200,200,200,200
434661,0,30,1,2,0,1,12,3,0,0,0,22,22,1,62,0,12,0,0,200,200
434661,1,30,1,2,0,1,12,3,0,0,0,22,22,0,200,0,200,200,200,200,200
434661,1,30,1,2,0,1,12,3,0,0,0,22,22,0,200,0,200,200,200,200,200
434661,1,30,1,2,0,1,12,3,0,0,0,22,22,1,200,0,200,200,200,200,200
434661,1,30,1,2,0,1,12,3,0,0,0,22,22,0,200,0,200,200,200,200,200
434661,1,30,1,2,0,1,12,3,0,0,0,22,22,0,200,0,200,200,200,200,200
434661,1,30,1,2,0,1,12,3,0,0,0,22,22,1,38,0,200,200,200,200,200
434662,0,30,0,0,0,1,0,5,0,0,0,0,0,1,200,200,200,200,200,200,200
434662,0,30,0,0,0,1,0,5,0,0,0,0,0,1,58,0,0,0,0,200,200
434673,0,30,0,0,0,1,12,5,0,0,0,0,0,0,17,0,200,0,0,200,200
434673,0,30,0,0,0,1,12,5,0,0,0,0,0,0,48,0,0,0,0,200,200
434674,0,30,1,2,0,1,12,5,0,0,0,17,200,0,51,200,1,0,0,200,200
434674,0,30,1,2,0,1,12,5,0,0,0,17,200,1,41,0,0,0,0,200,200
434674,1,30,1,2,0,1,12,5,0,0,0,17,200,1,15,0,200,200,200,200,200
434676,0,35,0,0,0,1,7,2,0,0,0,21,200,2,200,200,4,200,200,200,200
434678,0,0,0,0,200,200,7,5,0,0,0,0,0,2,200,200,200,200,200,200,200
434682,0,30,0,0,0,1,9,2,0,0,0,17,17,0,52,200,1,6,0,200,200
434682,5,30,0,0,0,1,9,2,0,0,0,17,17,0,10,7,0,0,0,200,200
434682,1,30,0,0,0,1,9,2,0,0,0,17,17,0,22,7,200,200,200,200,200
434685,0,30,0,0,0,1,10,5,0,0,0,18,18,1,34,0,3,200,0,200,200
434685,0,30,0,0,0,1,10,5,0,0,0,18,18,1,55,0,0,0,0,200,200
434685,0,30,0,0,0,1,10,5,0,0,0,18,18,1,33,0,0,0,0,200,200
434685,1,30,0,0,0,1,10,5,0,0,0,18,18,1,57,0,200,200,200,200,200
434685,1,30,0,0,0,1,10,5,0,0,0,18,18,0,4,0,200,200,200,200,200
434685,1,30,0,0,0,1,10,5,0,0,0,18,18,1,12,0,200,200,200,200,200
434685,1,30,0,0,0,1,10,5,0,0,0,18,18,1,9,0,200,200,200,200,200
434685,1,30,0,0,0,1,10,5,0,0,0,18,18,1,6,0,200,200,200,200,200
434686,0,20,0,0,0,1,11,5,0,0,0,0,0,1,29,200,12,0,0,200,200
434686,0,20,0,0,0,1,11,5,0,0,0,0,0,0,33,200,0,0,0,200,200
434686,1,20,0,0,0,1,11,5,0,0,0,0,0,0,200,200,200,200,200,200,200
434686,1,20,0,0,0,1,11,5,0,0,0,0,0,0,200,200,200,200,200,200,200
434686,1,20,0,0,0,1,11,5,0,0,0,0,0,1,200,200,200,200,200,200,200
434686,1,20,0,0,0,1,11,5,0,0,0,0,0,1,200,200,200,200,200,200,200
434690,0,20,2,2,0,1,0,5,0,0,0,0,200,1,75,0,200,0,0,200,200
434690,0,20,2,2,0,1,0,5,0,0,0,0,200,0,34,0,0,0,0,200,200
434690,1,20,2,2,0,1,0,5,0,0,0,0,200,1,200,0,200,200,200,200,200
434696,0,20,0,0,0,1,7,5,0,0,0,12,17,0,36,0,12,6,0,200,200
434696,1,20,0,0,0,1,7,5,0,0,0,12,17,1,24,1,200,200,200,200,200
434697,0,30,1,2,0,1,10,6,0,0,0,18,200,0,35,0,12,0,0,200,200
434697,0,30,1,2,0,1,10,6,0,0,0,18,200,1,61,0,12,0,0,200,200
434697,1,30,1,2,0,1,10,6,0,0,0,18,200,1,7,0,200,200,200,200,200
434698,0,30,0,0,0,1,10,5,0,0,0,18,200,1,31,7,3,0,0,200,200
434698,0,30,0,0,0,1,10,5,0,0,0,18,200,1,58,200,0,0,0,200,200
434698,1,30,0,0,0,1,10,5,0,0,0,18,200,1,72,7,200,200,200,200,200
434698,1,30,0,0,0,1,10,5,0,0,0,18,200,0,200,0,200,200,200,200,200
434700,0,30,0,0,0,1,14,5,0,0,0,6,33,0,24,0,1,3,0,200,200
434700,0,30,0,0,0,1,14,5,0,0,0,6,33,0,46,0,0,0,0,200,200
434701,0,25,0,0,0,1,7,5,0,0,0,0,0,2,200,200,200,200,200,200,200
434703,0,30,1,2,0,1,14,5,0,0,0,17,200,0,23,0,1,0,0,200,200
434703,0,30,1,2,0,1,14,5,0,0,0,17,200,0,64,3,0,0,0,200,200
434703,1,30,1,2,0,1,14,5,0,0,0,17,200,0,200,3,200,200,200,200,200
434707,0,40,0,0,0,1,12,3,0,0,0,21,200,1,200,200,4,0,0,200,200
434707,0,40,0,0,0,1,12,3,0,0,0,21,200,1,36,0,0,0,0,200,200
434708,0,20,0,0,0,1,11,5,0,0,0,23,23,1,38,0,7,0,0,200,200
434708,0,20,0,0,0,1,11,5,0,0,0,23,23,1,28,0,0,0,0,200,200
434709,0,40,0,0,0,1,8,6,0,0,0,17,33,1,35,0,1,1,0,200,200
434709,4,40,0,0,0,1,8,6,0,0,0,17,33,0,36,7,0,0,0,200,200
434713,0,15,0,0,0,1,10,6,0,0,0,18,22,1,200,200,0,200,1,200,200
434713,0,15,0,0,0,1,10,6,0,0,0,18,22,0,23,200,3,200,0,200,200
434716,0,30,1,2,0,1,10,2,0,0,0,18,200,0,23,200,6,200,12,200,200
434716,0,30,1,2,0,1,10,2,0,0,0,18,200,1,32,0,0,0,0,200,200
434720,0,35,1,2,0,1,14,3,0,0,0,0,0,0,51,0,12,0,0,200,200
434720,0,35,1,2,0,1,14,3,0,0,0,0,0,1,30,0,0,0,0,200,200
434725,0,30,1,2,0,1,10,12,0,0,0,200,200,0,57,0,3,0,0,200,200
434725,0,30,1,2,0,1,10,12,0,0,0,200,200,0,35,0,12,0,0,200,200
434726,0,30,0,0,0,1,12,5,0,0,0,23,200,0,30,0,4,0,0,200,200
434726,0,30,0,0,0,1,12,5,0,0,0,23,200,1,26,0,200,0,0,200,200
434731,0,30,2,2,0,1,7,6,0,0,0,18,21,0,16,0,2,0,0,200,200
434731,0,30,2,2,0,1,7,6,0,0,0,18,21,1,57,0,0,0,0,200,200
434731,1,30,2,2,0,1,7,6,0,0,0,18,21,0,16,0,200,200,200,200,200
434731,1,30,2,2,0,1,7,6,0,0,0,18,21,0,14,0,200,200,200,200,200
434731,1,30,2,2,0,1,7,6,0,0,0,18,21,0,14,0,200,200,200,200,200
434734,0,35,0,0,0,1,7,2,0,0,0,11,0,1,33,200,12,0,0,200,200
434735,0,30,1,2,0,1,0,5,0,0,0,0,0,0,200,200,200,200,200,200,200
434735,0,30,1,2,0,1,0,5,0,0,0,0,0,1,200,0,0,0,0,200,200
434736,0,30,0,0,0,1,12,6,0,0,3,22,0,1,200,0,4,0,0,200,200
434736,0,30,0,0,0,1,12,6,0,0,3,22,0,1,35,1,0,0,0,200,200
434737,0,30,2,2,0,1,14,5,0,0,0,17,0,1,26,200,1,0,0,200,200
434737,0,30,2,2,0,1,14,5,0,0,0,17,0,1,48,200,0,0,0,200,200
434740,0,30,0,0,0,1,9,5,0,0,3,200,0,1,38,0,0,0,0,200,200
434740,5,30,0,0,0,1,9,5,0,0,3,200,0,1,11,200,12,200,0,200,200
434742,0,30,2,2,0,1,9,2,0,0,0,17,0,1,43,0,1,0,0,200,200
434742,5,30,2,2,0,1,9,2,0,0,0,17,0,1,24,200,0,0,0,200,200
434744,0,20,0,0,0,0,7,6,0,0,0,0,0,1,200,200,200,200,200,200,200
434746,0,30,0,0,0,1,4,6,0,0,200,0,0,0,73,200,12,200,0,200,200
434748,0,30,1,2,0,1,14,5,0,0,0,33,11,1,49,0,7,12,0,200,200
434748,0,30,1,2,0,1,14,5,0,0,0,33,11,0,79,0,0,0,0,200,200
434749,0,30,1,2,0,1,12,12,0,0,0,22,0,1,34,0,4,0,0,200,200
434749,0,30,1,2,0,1,12,12,0,0,0,22,0,0,55,0,0,0,0,200,200
434749,1,30,1,2,0,1,12,12,0,0,0,22,0,200,200,0,200,200,200,200,200
434750,0,30,1,2,0,1,14,6,0,0,0,23,200,0,200,200,7,200,200,200,200
434750,0,30,1,2,0,1,14,6,0,0,0,23,200,0,49,0,0,0,0,200,200
434752,0,15,0,0,0,1,12,0,0,0,0,0,200,1,200,200,3,200,200,200,200
434752,0,15,0,0,0,1,12,0,0,0,0,0,200,1,36,0,0,0,0,200,200
434752,1,15,0,0,0,1,12,0,0,0,0,0,200,2,200,0,200,200,200,200,200
434752,1,15,0,0,0,1,12,0,0,0,0,0,200,2,200,0,200,200,200,200,200
434752,1,15,0,0,0,1,12,0,0,0,0,0,200,2,200,0,200,200,200,200,200
434752,1,15,0,0,0,1,12,0,0,0,0,0,200,2,200,200,200,200,200,200,200
434754,0,30,1,2,0,1,14,6,0,0,0,23,16,0,29,0,7,0,0,200,200
434754,0,30,1,2,0,1,14,6,0,0,0,23,16,0,42,0,0,0,0,200,200
434760,0,30,0,0,0,1,10,5,0,0,0,18,0,0,37,0,8,0,0,200,200
434760,0,30,0,0,0,1,10,5,0,0,0,18,0,0,38,0,0,0,0,200,200
434764,0,30,0,0,0,1,12,2,0,0,0,22,0,0,200,0,2,200,0,200,200
434764,0,30,0,0,0,1,12,2,0,0,0,22,0,1,32,0,0,200,0,200,200
434768,0,30,0,0,0,1,10,5,0,0,0,18,0,0,19,200,3,0,0,200,200
434768,0,30,0,0,0,1,10,5,0,0,0,18,0,0,31,200,0,0,0,200,200
434769,0,30,1,5,0,1,12,2,0,0,0,22,200,0,64,200,2,0,200,200,200
434769,0,30,1,5,0,1,12,2,0,0,0,22,200,1,26,0,0,0,0,200,200
434772,0,45,0,0,0,1,10,5,0,0,0,0,0,0,200,200,200,200,200,200,200
434772,0,45,0,0,0,1,10,5,0,0,0,0,0,0,37,0,0,0,0,200,200
434775,0,0,0,0,0,1,7,7,0,0,0,0,0,2,200,200,200,200,200,200,200
434777,0,0,0,0,0,1,10,7,0,0,0,11,11,0,20,0,200,0,0,200,200
434777,0,0,0,0,0,1,10,7,0,0,0,11,11,1,43,0,0,0,0,200,200
434777,1,0,0,0,0,1,10,7,0,0,0,11,11,1,200,200,200,200,200,200,200
434781,0,30,1,2,0,1,3,2,0,0,0,200,200,0,41,200,6,0,0,200,200
434781,0,30,1,2,0,1,3,2,0,0,0,200,200,0,27,200,0,0,0,200,200
434784,0,30,0,0,0,1,7,7,0,0,0,0,200,2,200,200,200,200,200,200,200
434785,0,30,0,0,0,1,12,5,0,0,0,0,18,0,43,0,1,0,0,200,200
434785,0,30,0,0,0,1,12,5,0,0,0,0,18,1,24,0,4,0,0,200,200
434785,1,30,0,0,0,1,12,5,0,0,0,0,18,1,36,0,200,200,200,200,200
434792,0,40,0,0,0,1,14,2,0,0,0,23,4,1,200,0,7,0,0,200,200
434792,0,40,0,0,0,1,14,2,0,0,0,23,4,1,25,0,0,0,0,200,200
434798,0,15,0,0,0,1,14,6,0,0,0,0,0,0,24,200,9,0,200,200,200
434798,0,15,0,0,0,1,14,6,0,0,0,0,0,1,55,0,0,0,0,200,200
434802,0,30,1,2,0,1,10,6,0,0,0,18,200,0,49,200,0,200,200,200,200
434802,0,30,1,2,0,1,10,6,0,0,0,18,200,1,24,0,3,0,0,200,200
434811,0,15,0,0,200,200,7,5,0,200,0,0,0,2,200,200,200,200,200,200,200