RD_NO,PERSON_TYPE,POSTED_SPEED_LIMIT,TRAFFIC_CONTROL_DEVICE,DEVICE_CONDITION,WEATHER_CONDITION,LIGHTING_CONDITION,FIRST_CRASH_TYPE,TRAFFICWAY_TYPE,ALIGNMENT,ROADWAY_SURFACE_COND,ROAD_DEFECT,PRIM_CONTRIBUTORY_CAUSE,SEC_CONTRIBUTORY_CAUSE,SEX,AGE,SAFETY_EQUIPMENT,DRIVER_ACTION,DRIVER_VISION,PHYSICAL_CONDITION,BAC_RESULT VALUE,CELL_PHONE_USE
436428,0,30,0,0,0,1,10,2,0,0,0,200,200,1,30,200,0,0,0,200,200
436428,1,30,0,0,0,1,10,2,0,0,0,200,200,0,44,200,200,200,200,200,200
436433,0,30,1,2,0,1,14,12,0,0,0,17,17,0,19,0,7,3,0,200,200
436433,0,30,1,2,0,1,14,12,0,0,0,17,17,0,25,0,0,0,0,200,200
436440,0,0,0,0,0,1,7,7,0,0,0,0,0,1,22,0,200,0,0,200,200
436445,0,15,0,0,0,1,7,7,0,0,0,2,200,0,200,200,15,200,0,200,1
436451,0,20,0,0,0,1,10,2,0,0,0,11,18,1,16,200,3,200,0,200,200
436451,0,20,0,0,0,1,10,2,0,0,0,11,18,0,51,200,0,200,0,200,200
436461,0,30,0,0,0,1,14,5,0,0,0,18,200,1,17,0,3,0,0,200,200
436461,0,30,0,0,0,1,14,5,0,0,0,18,200,0,25,0,0,0,0,200,200
436462,0,20,0,0,0,1,7,5,0,0,0,11,200,1,200,200,12,200,200,200,200
436462,1,20,0,0,0,1,7,5,0,0,0,11,200,0,200,200,200,200,200,200,200
436472,0,30,0,0,0,1,12,5,0,0,200,17,200,1,68,0,1,200,0,200,200
436472,0,30,0,0,0,1,12,5,0,0,200,17,200,1,76,0,0,0,0,200,200
436472,0,30,0,0,0,1,12,5,0,0,200,17,200,0,56,0,0,200,0,200,200
436480,0,30,200,200,200,0,7,6,0,200,200,0,200,2,200,200,200,200,200,200,200
436483,4,30,2,2,0,1,8,5,0,0,0,5,200,0,45,2,5,200,200,200,200
436483,0,30,2,2,0,1,8,5,0,0,0,5,200,1,49,0,0,200,200,200,200
436484,0,30,1,2,0,1,14,5,0,0,0,0,0,2,200,200,200,200,200,200,200
436484,0,30,1,2,0,1,14,5,0,0,0,0,0,0,48,0,0,0,0,200,200
436486,0,30,0,0,0,1,10,2,0,0,0,17,18,0,36,200,3,0,200,200,200
436486,0,30,0,0,0,1,10,2,0,0,0,17,18,0,47,200,0,0,0,200,200
436499,0,25,0,0,200,200,7,6,0,200,200,0,0,2,200,200,200,200,200,200,200
436503,0,30,1,2,0,1,14,2,0,0,0,0,0,1,63,200,200,0,0,200,200
436503,0,30,1,2,0,1,14,2,0,0,0,0,0,1,38,200,0,0,0,200,200
436503,1,30,1,2,0,1,14,2,0,0,0,0,0,0,200,200,200,200,200,200,200
436503,1,30,1,2,0,1,14,2,0,0,0,0,0,0,200,200,200,200,200,200,200
436505,0,30,0,0,0,1,12,5,0,0,0,0,0,0,37,0,0,0,0,200,200
436505,0,30,0,0,0,1,12,5,0,0,0,0,0,0,76,0,0,0,0,200,200
436506,0,35,0,0,0,1,12,5,0,0,0,200,200,2,200,200,200,200,200,200,200
436506,0,35,0,0,0,1,12,5,0,0,0,200,200,0,44,0,0,0,0,200,200
436507,0,30,0,0,0,1,12,6,0,0,0,17,17,1,200,200,200,200,200,200,200
436507,0,30,0,0,0,1,12,6,0,0,0,17,17,0,60,0,200,0,0,200,200
436511,0,30,1,2,0,1,10,5,0,0,0,0,0,0,200,200,1,200,200,200,200
436511,0,30,1,2,0,1,10,5,0,0,0,0,0,0,64,0,0,0,0,200,200
436515,0,30,0,0,0,1,7,5,0,0,0,20,200,0,30,200,6,0,0,200,200
436517,0,5,0,0,0,1,0,7,0,0,0,22,0,1,43,0,0,200,0,200,200
436517,0,5,0,0,0,1,0,7,0,0,0,22,0,0,68,0,6,200,0,200,200
436521,0,30,0,0,0,1,12,2,0,0,0,0,0,1,46,0,0,0,0,200,200
436521,0,30,0,0,0,1,12,2,0,0,0,0,0,0,51,0,0,0,0,200,200
436521,1,30,0,0,0,1,12,2,0,0,0,0,0,1,5,7,200,200,200,200,200
436521,1,30,0,0,0,1,12,2,0,0,0,0,0,0,9,0,200,200,200,200,200
436524,0,30,0,0,0,1,7,5,0,0,0,9,11,0,25,0,12,0,0,200,200
436524,1,30,0,0,0,1,7,5,0,0,0,9,11,0,29,0,200,200,200,200,200
436533,0,30,200,200,200,200,7,5,0,200,200,0,200,2,200,200,200,200,200,200,200
436543,0,30,1,2,0,3,10,5,0,0,0,0,0,0,200,200,200,200,200,200,200
436543,0,30,1,2,0,3,10,5,0,0,0,0,0,0,46,0,0,0,0,200,200
436545,0,30,1,2,0,1,10,2,0,0,0,0,200,0,33,200,1,200,200,200,200
436545,0,30,1,2,0,1,10,2,0,0,0,0,200,0,61,0,0,0,200,200,200
436548,0,30,0,0,200,200,7,5,0,200,200,0,200,2,200,200,200,200,200,200,200
436554,0,30,0,0,0,1,12,2,0,0,0,17,22,1,70,0,2,0,0,200,200
436554,0,30,0,0,0,1,12,2,0,0,0,17,22,0,45,0,12,0,0,200,200
436556,0,30,0,0,0,1,12,5,0,0,0,17,18,0,24,200,1,0,0,200,200
436556,0,30,0,0,0,1,12,5,0,0,0,17,18,0,56,0,0,0,0,200,200
436558,0,25,0,0,0,1,8,5,0,0,0,17,200,1,20,0,1,0,0,200,200
436558,4,25,0,0,0,1,8,5,0,0,0,17,200,1,38,3,1,0,0,200,200
436559,0,30,1,2,0,1,12,2,0,0,0,22,17,0,200,200,2,200,200,200,200
436559,0,30,1,2,0,1,12,2,0,0,0,22,17,0,58,0,0,0,0,200,200
436561,0,30,2,2,0,1,0,5,0,0,0,17,6,1,80,0,5,200,0,200,200
436561,0,30,2,2,0,1,0,5,0,0,0,17,6,0,200,200,200,200,0,200,200
436562,0,20,0,0,0,1,12,2,0,0,0,17,200,0,24,200,1,0,200,200,200
436562,0,20,0,0,0,1,12,2,0,0,0,17,200,1,28,0,0,0,0,200,200
436567,0,35,1,2,0,1,12,5,0,0,200,22,0,0,51,200,2,0,0,200,200
436567,0,35,1,2,0,1,12,5,0,0,200,22,0,1,41,200,8,0,0,200,200
436570,4,30,0,0,0,1,8,5,0,0,0,0,0,0,74,7,200,0,0,200,200
436570,0,30,0,0,0,1,8,5,0,0,0,0,0,0,53,200,200,0,0,200,200
436571,0,30,1,2,0,1,8,2,0,0,0,17,200,0,200,200,1,200,200,200,200
436571,4,30,1,2,0,1,8,2,0,0,0,17,200,0,24,2,0,0,0,200,200
436574,0,30,0,0,0,1,3,5,0,0,0,13,0,0,50,0,12,0,0,200,200
436574,0,30,0,0,0,1,3,5,0,0,0,13,0,0,34,0,0,0,0,200,200
436574,1,30,0,0,0,1,3,5,0,0,0,13,0,0,50,0,200,200,200,200,200
436584,0,35,0,0,0,1,10,2,0,0,200,18,200,0,56,0,3,200,0,200,200
436584,0,35,0,0,0,1,10,2,0,0,200,18,200,1,30,0,0,0,0,200,200
436584,1,35,0,0,0,1,10,2,0,0,200,18,200,0,200,0,200,200,200,200,200
436585,0,25,0,0,0,1,8,5,0,0,0,0,200,1,39,200,200,0,0,200,200
436585,4,25,0,0,0,1,8,5,0,0,0,0,200,0,34,3,200,0,0,200,200
436585,1,25,0,0,0,1,8,5,0,0,0,0,200,0,200,200,200,200,200,200,200
436588,0,55,0,0,0,1,10,3,0,0,0,17,200,0,36,200,1,200,200,200,200
436588,0,55,0,0,0,1,10,3,0,0,0,17,200,1,58,0,0,0,200,200,200
436590,0,30,1,2,0,1,14,3,0,0,200,16,200,2,200,200,3,200,200,200,200
436590,0,30,1,2,0,1,14,3,0,0,200,16,200,0,25,200,0,200,200,200,200
436590,1,30,1,2,0,1,14,3,0,0,200,16,200,0,26,200,200,200,200,200,200
436590,1,30,1,2,0,1,14,3,0,0,200,16,200,0,25,200,200,200,200,200,200
436599,0,30,0,0,0,1,10,2,0,0,0,18,16,1,62,200,3,0,0,200,200
436599,0,30,0,0,0,1,10,2,0,0,0,18,16,1,25,0,12,0,0,200,200
436599,0,30,0,0,0,1,10,2,0,0,0,18,16,0,64,200,12,0,0,200,200
436599,1,30,0,0,0,1,10,2,0,0,0,18,16,1,25,0,200,200,200,200,200
436601,0,30,0,0,0,0,7,5,0,0,0,0,0,2,200,200,200,200,200,200,200
436603,0,30,0,0,0,1,7,6,0,0,0,7,0,1,70,200,12,200,200,200,200
436604,0,30,1,2,0,1,12,5,0,0,0,22,11,0,200,200,2,200,200,200,200
436604,0,30,1,2,0,1,12,5,0,0,0,22,11,1,49,0,0,0,0,200,200
436608,0,25,2,2,0,1,12,5,0,0,0,21,0,1,37,0,4,0,0,200,200
436608,0,25,2,2,0,1,12,5,0,0,0,21,0,0,61,0,0,0,0,200,200
436609,0,30,0,0,0,1,12,5,0,0,0,17,200,0,27,200,1,0,0,200,200
436609,0,30,0,0,0,1,12,5,0,0,0,17,200,0,46,200,0,0,0,200,200
436611,0,20,0,0,0,1,10,5,0,0,0,0,0,0,200,200,3,200,200,200,200
436611,0,20,0,0,0,1,10,5,0,0,0,0,0,0,25,0,0,0,0,200,200
436613,0,30,2,2,0,1,14,5,0,0,0,0,0,0,44,0,0,0,0,200,200
436613,0,30,2,2,0,1,14,5,0,0,0,0,0,0,35,0,0,0,0,200,200
436621,0,30,0,0,0,1,7,5,0,0,0,0,200,2,200,200,200,200,200,200,200
436624,0,30,2,2,0,1,0,12,0,0,0,17,0,0,48,0,1,5,0,200,200
436624,0,30,2,2,0,1,0,12,0,0,0,17,0,1,52,0,0,0,0,200,200
436624,0,30,2,2,0,1,0,12,0,0,0,17,0,0,200,200,0,200,0,200,200
436634,0,30,0,0,0,1,10,5,0,0,200,17,200,0,60,0,1,0,0,200,200
436634,0,30,0,0,0,1,10,5,0,0,200,17,200,1,22,7,0,0,0,200,200
436634,1,30,0,0,0,1,10,5,0,0,200,17,200,1,66,0,200,200,200,200,200
436635,0,0,0,0,0,1,7,4,0,0,0,0,0,2,200,200,200,200,200,200,200
436637,0,10,0,0,0,3,7,5,0,0,0,17,0,0,200,200,1,200,200,200,200
436644,0,30,2,2,0,1,14,5,0,0,0,0,200,0,200,0,0,0,0,200,200
436644,0,30,2,2,0,1,14,5,0,0,0,0,200,1,200,0,0,0,0,200,200
436652,0,10,0,0,0,1,7,7,0,0,0,0,0,0,200,200,6,200,200,200,200
436659,0,30,1,2,0,1,14,2,0,0,0,21,16,0,65,200,7,0,0,200,200
436659,0,30,1,2,0,1,14,2,0,0,0,21,16,0,39,200,0,0,0,200,200
436663,0,30,0,0,0,1,12,5,0,0,0,17,16,1,32,200,1,0,0,200,200
436663,0,30,0,0,0,1,12,5,0,0,0,17,16,0,34,200,0,0,0,200,200
436665,0,30,0,0,0,1,14,12,0,0,0,17,11,1,35,0,12,0,0,200,200
436665,0,30,0,0,0,1,14,12,0,0,0,17,11,1,20,0,12,0,0,200,200
436666,0,30,0,0,0,1,10,5,0,0,0,0,200,0,18,200,200,0,0,200,200
436666,0,30,0,0,0,1,10,5,0,0,0,0,200,1,35,200,200,0,0,200,200
436666,1,30,0,0,0,1,10,5,0,0,0,0,200,0,17,200,200,200,200,200,200
436669,0,30,4,200,0,1,0,5,0,0,0,17,200,0,43,0,200,0,0,200,200
436669,0,30,4,200,0,1,0,5,0,0,0,17,200,0,28,0,1,0,0,200,200
436669,1,30,4,200,0,1,0,5,0,0,0,17,200,0,200,5,200,200,200,200,200
436669,1,30,4,200,0,1,0,5,0,0,0,17,200,1,200,0,200,200,200,200,200
436675,0,30,0,0,0,1,14,5,0,0,0,0,0,0,62,0,0,0,0,200,200
436675,0,30,0,0,0,1,14,5,0,0,0,0,0,0,29,200,200,200,200,200,200
436677,0,40,0,0,0,1,12,3,5,0,0,0,0,0,19,200,7,0,0,200,200
436677,0,40,0,0,0,1,12,3,5,0,0,0,0,0,200,3,0,0,0,200,200
436677,0,40,0,0,0,1,12,3,5,0,0,0,0,0,38,200,0,0,0,200,200
436677,1,40,0,0,0,1,12,3,5,0,0,0,0,1,39,3,200,200,200,200,200
436679,0,25,0,0,0,1,3,5,0,0,0,33,200,0,62,200,0,6,0,200,200
436679,0,25,0,0,0,1,3,5,0,0,0,33,200,0,42,200,0,0,0,200,200
436681,0,30,0,0,0,1,12,2,0,0,0,18,0,1,200,200,200,200,200,200,200
436681,0,30,0,0,0,1,12,2,0,0,0,18,0,1,45,0,0,0,0,200,200
436681,1,30,0,0,0,1,12,2,0,0,0,18,0,1,200,0,200,200,200,200,200
436684,0,30,0,0,0,1,7,5,0,0,0,11,200,0,54,0,0,0,0,200,200
436685,0,20,0,0,0,1,7,5,0,0,0,11,0,0,20,0,8,0,0,200,200
436690,0,30,0,0,0,1,12,5,0,0,0,17,0,0,56,200,1,200,0,200,200
436690,0,30,0,0,0,1,12,5,0,0,0,17,0,1,68,200,0,200,0,200,200
436690,1,30,0,0,0,1,12,5,0,0,0,17,0,1,200,200,200,200,200,200,200
436691,0,30,1,2,0,1,10,5,0,0,0,18,200,0,27,0,3,0,0,200,200
436691,0,30,1,2,0,1,10,5,0,0,0,18,200,0,36,0,0,0,0,200,200
436696,0,30,0,0,0,1,10,2,0,0,0,0,0,0,35,200,200,200,0,200,200
436696,0,30,0,0,0,1,10,2,0,0,0,0,0,0,24,200,200,200,0,200,200
436699,0,30,1,2,0,1,14,2,0,0,200,23,16,0,57,0,7,0,0,200,200
436699,0,30,1,2,0,1,14,2,0,0,200,23,16,0,50,0,0,0,0,200,200
436699,1,30,1,2,0,1,14,2,0,0,200,23,16,1,53,0,200,200,200,200,200
436704,0,35,0,0,0,1,9,5,0,0,0,0,0,2,200,200,200,200,200,200,200
436704,5,35,0,0,0,1,9,5,0,0,0,0,0,0,38,7,12,200,200,200,200
436705,0,30,0,0,0,1,5,5,0,200,200,0,200,0,25,0,0,0,0,200,200
436708,0,30,0,0,0,1,14,5,0,0,0,23,11,0,62,0,7,0,0,200,200
436708,0,30,0,0,0,1,14,5,0,0,0,23,11,0,28,0,0,0,0,200,200
436713,0,30,0,0,0,1,7,3,0,0,0,16,200,0,0,200,2,200,0,200,200
436718,0,30,2,2,0,1,10,6,0,0,0,0,0,1,27,200,200,200,0,200,200
436718,0,30,2,2,0,1,10,6,0,0,0,0,0,0,18,200,200,200,0,200,200
436718,1,30,2,2,0,1,10,6,0,0,0,0,0,0,27,200,200,200,200,200,200
436718,1,30,2,2,0,1,10,6,0,0,0,0,0,1,200,200,200,200,200,200,200
436721,0,30,1,2,0,1,9,2,0,0,0,0,200,0,200,200,7,200,200,200,200
436721,5,30,1,2,0,1,9,2,0,0,0,0,200,1,22,200,200,200,0,200,200
436725,0,30,1,2,0,1,12,3,0,0,0,21,22,0,29,200,4,0,0,200,200
436725,0,30,1,2,0,1,12,3,0,0,0,21,22,1,200,200,0,0,0,200,200
436728,0,30,1,2,0,1,12,2,0,0,0,0,200,1,21,0,200,0,0,200,200
436728,0,30,1,2,0,1,12,2,0,0,0,0,200,1,66,0,200,0,0,200,200
436728,1,30,1,2,0,1,12,2,0,0,0,0,200,1,87,0,200,200,200,200,200
436729,3,30,12,12,0,1,2,2,0,0,1,200,200,200,200,200,200,200,200,200,200
436729,0,30,12,12,0,1,2,2,0,0,1,200,200,1,33,0,200,0,0,200,200
436731,0,30,0,0,0,1,8,5,0,0,0,0,0,0,25,200,15,0,0,200,200
436731,4,30,0,0,0,1,8,5,0,0,0,0,0,0,52,7,200,200,200,200,200
436736,0,30,0,0,0,4,12,5,0,0,0,21,23,0,63,200,4,200,200,200,200
436736,0,30,0,0,0,4,12,5,0,0,0,21,23,0,23,0,0,0,0,200,200
436737,0,15,0,0,0,1,7,6,0,0,0,0,0,2,200,200,200,200,200,200,200
436739,0,30,1,2,0,1,14,5,0,0,0,17,200,1,43,200,1,0,0,200,200
436739,0,30,1,2,0,1,14,5,0,0,0,17,200,0,77,200,0,0,0,200,200
436742,0,25,1,2,0,1,11,5,0,0,0,23,200,1,54,0,7,0,0,200,200
436742,0,25,1,2,0,1,11,5,0,0,0,23,200,1,38,0,0,0,0,200,200
436743,0,35,1,2,0,1,9,2,0,0,0,17,200,0,21,200,1,0,0,200,200
436743,5,35,1,2,0,1,9,2,0,0,0,17,200,1,19,7,12,12,0,200,200
436745,0,30,1,2,0,1,14,5,0,0,0,0,0,0,36,200,7,200,200,200,200
436745,0,30,1,2,0,1,14,5,0,0,0,0,0,0,41,200,200,200,200,200,200
436745,1,30,1,2,0,1,14,5,0,0,0,0,0,0,200,200,200,200,200,200,200
436747,0,30,0,0,0,1,10,5,0,0,0,18,16,0,20,0,3,0,0,200,200
436747,0,30,0,0,0,1,10,5,0,0,0,18,16,0,40,0,0,0,0,200,200
436748,0,30,0,0,0,1,7,5,0,0,0,0,200,2,200,200,200,200,200,200,200
436750,4,30,0,0,0,1,8,5,0,0,0,17,17,0,26,2,12,0,0,200,200
436750,0,30,0,0,0,1,8,5,0,0,0,17,17,1,37,0,0,0,0,200,200
436754,0,30,2,2,0,1,9,6,0,0,0,17,0,0,29,200,1,0,0,200,200
436754,5,30,2,2,0,1,9,6,0,0,0,17,0,1,74,7,12,0,0,200,200
436754,1,30,2,2,0,1,9,6,0,0,0,17,0,1,23,200,200,200,200,200,200
436761,0,30,0,0,0,1,10,2,0,0,0,18,11,0,52,0,3,0,0,200,200
436761,0,30,0,0,0,1,10,2,0,0,0,18,11,1,37,0,12,0,0,200,200
436761,0,30,0,0,0,1,10,2,0,0,0,18,11,1,54,0,12,0,0,200,200
436766,0,30,0,0,0,1,12,5,0,0,0,17,0,1,200,200,1,0,0,200,200
436766,0,30,0,0,0,1,12,5,0,0,0,17,0,0,200,0,0,0,0,200,200
436767,0,30,0,0,0,1,10,7,0,0,0,20,20,0,46,0,6,0,0,200,200
436767,0,30,0,0,0,1,10,7,0,0,0,20,20,1,24,0,6,0,0,200,200
436770,0,30,1,2,0,1,12,12,0,0,0,17,21,1,41,0,1,0,0,200,200
436770,0,30,1,2,0,1,12,12,0,0,0,17,21,1,200,200,0,200,200,200,200
436770,1,30,1,2,0,1,12,12,0,0,0,17,21,1,19,0,200,200,200,200,200
436776,0,30,1,2,0,1,10,5,0,0,0,18,200,0,200,200,3,200,200,200,200
436776,0,30,1,2,0,1,10,5,0,0,0,18,200,1,57,0,0,0,0,200,200
436778,0,30,1,2,0,1,12,5,0,0,0,0,0,0,200,200,200,200,200,200,200
436778,0,30,1,2,0,1,12,5,0,0,0,0,0,1,25,0,0,0,0,200,200
436786,0,35,0,0,0,1,7,5,0,0,0,0,0,1,57,0,12,0,0,200,200
436789,0,30,0,0,0,1,14,5,0,0,0,0,0,0,200,0,7,0,0,200,200
436789,0,30,0,0,0,1,14,5,0,0,0,0,0,0,55,0,0,0,0,200,200
436791,0,30,1,2,0,1,10,2,0,0,0,18,200,1,200,200,3,200,200,200,200
436791,0,30,1,2,0,1,10,2,0,0,0,18,200,1,41,0,0,0,0,200,200
436793,0,35,0,0,0,1,7,2,0,0,200,0,0,0,200,200,12,200,200,200,200
436797,0,30,0,0,0,1,0,2,0,0,0,16,17,1,23,0,12,0,0,200,200
436797,0,30,0,0,0,1,0,2,0,0,0,16,17,1,16,0,0,0,0,200,200
436797,1,30,0,0,0,1,0,2,0,0,0,16,17,1,37,0,200,200,200,200,200
436799,0,30,200,200,0,1,9,3,0,200,200,0,0,1,200,200,200,200,200,200,200
436799,5,30,200,200,0,1,9,3,0,200,200,0,0,1,17,7,0,200,0,200,200
436802,0,30,2,2,0,1,0,5,0,0,0,17,5,0,50,0,1,0,0,200,200
436802,0,30,2,2,0,1,0,5,0,0,0,17,5,1,19,0,0,0,0,200,200
436803,0,30,0,12,0,1,10,7,0,0,200,20,200,1,51,200,6,200,200,200,200
436803,0,30,0,12,0,1,10,7,0,0,200,20,200,1,44,0,0,0,0,200,200
436807,0,30,0,0,0,1,14,5,0,0,0,23,200,1,22,7,1,200,0,200,200
436807,0,30,0,0,0,1,14,5,0,0,0,23,200,1,31,7,0,200,0,200,200
436808,0,30,0,0,0,200,7,5,0,0,200,0,0,2,200,200,200,200,200,200,200
436813,0,30,1,2,0,4,10,5,0,0,0,16,0,1,29,200,11,200,200,200,200
436813,0,30,1,2,0,4,10,5,0,0,0,16,0,0,37,200,0,0,0,200,200
436815,0,30,0,0,0,1,0,5,0,0,0,0,0,1,21,0,0,0,0,200,200
436815,0,30,0,0,0,1,0,5,0,0,0,0,0,0,200,200,1,200,200,200,200
436817,0,30,2,2,0,0,7,6,0,0,0,0,0,0,200,200,200,200,200,200,200
436817,1,30,2,2,0,0,7,6,0,0,0,0,0,0,200,200,200,200,200,200,200
436822,0,30,1,200,0,1,10,5,0,0,200,200,200,0,40,200,200,200,0,200,200
436822,0,30,1,200,0,1,10,5,0,0,200,200,200,0,66,200,200,200,0,200,200
436823,0,30,0,0,0,1,12,5,0,0,0,0,0,0,54,200,12,0,0,200,200
436823,0,30,0,0,0,1,12,5,0,0,0,0,0,1,31,200,0,200,0,200,200
436831,0,35,1,2,0,1,12,3,0,0,0,21,200,1,36,200,12,200,200,200,200
436831,0,35,1,2,0,1,12,3,0,0,0,21,200,1,39,0,0,0,200,200,200
436831,1,35,1,2,0,1,12,3,0,0,0,21,200,0,46,0,200,200,200,200,200
436837,0,30,1,2,0,1,0,6,0,0,0,6,11,0,62,0,5,0,0,200,200
436837,0,30,1,2,0,1,0,6,0,0,0,6,11,0,27,0,12,0,0,200,200
436840,4,30,0,0,0,1,8,6,0,0,0,17,200,0,25,7,1,200,200,200,200
436840,0,30,0,0,0,1,8,6,0,0,0,17,200,0,36,0,0,0,0,200,200
436840,1,30,0,0,0,1,8,6,0,0,0,17,200,1,6,5,200,200,200,200,200
436842,0,35,1,2,0,1,10,2,0,0,0,18,18,0,59,0,3,200,0,200,200
436842,0,35,1,2,0,1,10,2,0,0,0,18,18,0,49,0,0,0,0,200,200
436845,0,30,2,1,0,1,14,5,0,0,0,0,0,0,40,200,200,0,0,200,200
436845,0,30,2,1,0,1,14,5,0,0,0,0,0,1,24,200,200,0,0,200,200
436848,0,35,200,0,0,1,7,5,0,0,200,0,200,2,200,200,200,200,200,200,200
436850,0,30,0,0,0,1,10,5,0,0,200,0,0,0,48,1,200,200,200,200,200
436850,0,30,0,0,0,1,10,5,0,0,200,0,0,1,31,0,0,200,200,200,200
436852,0,30,0,0,0,1,14,5,0,0,0,0,0,0,21,7,7,0,0,200,200
436852,0,30,0,0,0,1,14,5,0,0,0,0,0,0,20,0,0,0,0,200,200
436854,0,15,0,0,0,1,14,7,0,0,0,0,0,2,200,200,200,200,200,200,200
436854,0,15,0,0,0,1,14,7,0,0,0,0,0,1,40,0,0,0,0,200,200
436854,1,15,0,0,0,1,14,7,0,0,0,0,0,1,200,0,200,200,200,200,200
436854,1,15,0,0,0,1,14,7,0,0,0,0,0,1,200,0,200,200,200,200,200
436854,1,15,0,0,0,1,14,7,0,0,0,0,0,0,200,0,200,200,200,200,200
436854,1,15,0,0,0,1,14,7,0,0,0,0,0,1,200,0,200,200,200,200,200
436863,0,25,0,0,0,1,0,5,0,0,0,17,0,1,200,200,1,200,200,200,200
436863,0,25,0,0,0,1,0,5,0,0,0,17,0,0,34,0,0,0,0,200,200
436867,0,30,0,0,0,1,12,5,0,0,0,0,0,0,25,0,0,0,0,200,200
436867,0,30,0,0,0,1,12,5,0,0,0,0,0,0,41,0,0,0,0,200,200
436870,0,30,2,2,0,1,10,5,0,0,0,18,11,1,31,0,3,0,0,200,200
436870,0,30,2,2,0,1,10,5,0,0,0,18,11,1,30,0,0,0,0,200,200
436870,1,30,2,2,0,1,10,5,0,0,0,18,11,0,29,0,200,200,200,200,200
436882,0,35,1,2,0,1,14,2,0,0,200,22,21,0,200,200,7,200,200,200,200
436882,0,35,1,2,0,1,14,2,0,0,200,22,21,0,38,200,0,0,0,200,200
436887,0,30,1,2,0,1,10,5,0,0,0,18,16,0,34,0,3,0,0,200,200
436887,0,30,1,2,0,1,10,5,0,0,0,18,16,1,39,0,0,0,0,200,200
436889,0,25,0,0,0,3,9,6,0,0,0,0,200,0,200,200,200,200,200,200,200
436889,5,25,0,0,0,3,9,6,0,0,0,0,200,0,44,7,200,200,0,200,200
436891,0,30,1,2,0,1,12,5,0,0,0,22,16,0,19,200,2,200,0,200,200
436891,0,30,1,2,0,1,12,5,0,0,0,22,16,1,61,0,0,0,0,200,200
436893,0,30,1,2,0,1,10,5,0,0,0,18,18,0,27,0,3,200,0,200,200
436893,0,30,1,2,0,1,10,5,0,0,0,18,18,0,46,0,0,0,0,200,200
436894,0,30,0,0,0,1,10,2,0,0,0,0,0,0,22,0,12,0,0,200,200
436894,0,30,0,0,0,1,10,2,0,0,0,0,0,1,42,0,0,0,0,200,200
436895,0,30,2,2,0,1,10,5,0,0,0,18,200,1,48,0,3,0,0,200,200
436895,0,30,2,2,0,1,10,5,0,0,0,18,200,0,62,0,3,0,0,200,200
436895,0,30,2,2,0,1,10,5,0,0,0,18,200,1,26,0,0,0,0,200,200
436897,0,30,0,0,0,1,10,2,0,0,0,18,200,1,62,0,3,0,0,200,200
436897,0,30,0,0,0,1,10,2,0,0,0,18,200,1,36,0,0,3,0,200,200
436897,1,30,0,0,0,1,10,2,0,0,0,18,200,1,4,5,200,200,200,200,200
436897,1,30,0,0,0,1,10,2,0,0,0,18,200,1,16,0,200,200,200,200,200
436897,1,30,0,0,0,1,10,2,0,0,0,18,200,1,16,0,200,200,200,200,200
436900,0,25,2,2,0,1,7,6,0,0,0,16,25,0,50,1,13,0,0,200,200
436904,0,30,0,0,0,1,12,12,0,0,0,33,0,0,52,0,12,0,0,200,200
436904,0,30,0,0,0,1,12,12,0,0,0,33,0,1,27,0,12,0,0,200,200
436907,0,30,0,0,0,1,0,2,0,0,0,17,17,0,27,0,1,0,0,200,200
436907,0,30,0,0,0,1,0,2,0,0,0,17,17,1,62,0,0,0,0,200,200
436912,0,30,2,2,0,1,10,5,5,0,200,32,0,1,31,0,9,200,5,200,200
436912,0,30,2,2,0,1,10,5,5,0,200,32,0,1,39,200,0,200,0,200,200
436912,1,30,2,2,0,1,10,5,5,0,200,32,0,1,200,200,200,200,200,200,200
436912,1,30,2,2,0,1,10,5,5,0,200,32,0,0,200,200,200,200,200,200,200
436913,0,10,0,0,0,1,0,7,0,0,0,11,20,0,40,200,0,0,0,200,200
436913,0,10,0,0,0,1,0,7,0,0,0,11,20,0,17,200,6,0,0,200,200
436914,0,30,2,2,0,1,0,12,0,0,0,17,5,1,25,200,1,200,200,200,200
436914,0,30,2,2,0,1,0,12,0,0,0,17,5,1,30,0,0,200,7,200,200
436914,1,30,2,2,0,1,0,12,0,0,0,17,5,1,30,0,200,200,200,200,200
436915,0,30,1,2,0,1,14,5,0,0,0,11,25,0,200,200,7,200,200,200,200
436915,0,30,1,2,0,1,14,5,0,0,0,11,25,1,200,200,0,200,0,200,200
436916,0,25,0,0,0,4,7,6,0,0,0,11,200,1,30,200,200,0,0,200,200
436916,1,25,0,0,0,4,7,6,0,0,0,11,200,1,34,200,200,200,200,200,200
436916,1,25,0,0,0,4,7,6,0,0,0,11,200,200,23,200,200,200,200,200,200
436916,1,25,0,0,0,4,7,6,0,0,0,11,200,1,19,200,200,200,200,200,200
436916,1,25,0,0,0,4,7,6,0,0,0,11,200,1,16,200,200,200,200,200,200
436916,1,25,0,0,0,4,7,6,0,0,0,11,200,0,15,200,200,200,200,200,200
436919,0,30,2,0,200,200,7,12,0,200,4,16,0,2,200,200,200,200,200,200,200
436922,0,30,0,0,0,1,14,5,0,0,0,23,0,1,74,0,7,0,0,200,200
436922,0,30,0,0,0,1,14,5,0,0,0,23,0,0,24,0,0,0,0,200,200
436929,0,20,0,0,0,1,7,6,0,0,0,0,200,0,200,200,200,200,200,200,200
436930,0,30,2,2,0,1,10,12,0,0,0,0,0,0,200,0,2,0,0,200,200
436930,0,30,2,2,0,1,10,12,0,0,0,0,0,0,200,200,0,200,200,200,200