RD_NO,PERSON_TYPE,POSTED_SPEED_LIMIT,TRAFFIC_CONTROL_DEVICE,DEVICE_CONDITION,WEATHER_CONDITION,LIGHTING_CONDITION,FIRST_CRASH_TYPE,TRAFFICWAY_TYPE,ALIGNMENT,ROADWAY_SURFACE_COND,ROAD_DEFECT,PRIM_CONTRIBUTORY_CAUSE,SEC_CONTRIBUTORY_CAUSE,SEX,AGE,SAFETY_EQUIPMENT,DRIVER_ACTION,DRIVER_VISION,PHYSICAL_CONDITION,BAC_RESULT VALUE,CELL_PHONE_USE
436933,0,30,0,0,0,1,12,6,0,0,0,0,200,0,200,200,12,0,0,200,200
436933,0,30,0,0,0,1,12,6,0,0,0,0,200,1,76,200,0,0,0,200,200
436944,0,30,1,2,0,1,10,5,0,0,0,0,0,0,200,200,12,200,0,200,200
436944,0,30,1,2,0,1,10,5,0,0,0,0,0,0,200,200,0,0,0,200,200
436945,0,30,0,0,0,1,14,12,0,0,0,22,11,0,200,0,2,0,0,200,200
436945,0,30,0,0,0,1,14,12,0,0,0,22,11,1,32,0,12,0,0,200,200
436948,0,30,1,2,0,1,14,2,0,0,0,17,17,0,24,200,1,0,0,200,200
436948,0,30,1,2,0,1,14,2,0,0,0,17,17,0,50,200,0,0,0,200,200
436951,0,30,0,0,0,2,7,5,0,0,0,0,200,0,42,0,0,200,200,200,200
436953,0,30,1,2,0,1,14,5,0,0,0,17,200,1,61,0,1,0,0,200,200
436953,0,30,1,2,0,1,14,5,0,0,0,17,200,0,35,0,0,0,0,200,200
436954,0,30,0,0,0,1,10,5,0,0,0,0,0,0,200,200,200,200,200,200,200
436954,0,30,0,0,0,1,10,5,0,0,0,0,0,0,36,0,0,0,0,200,200
436956,0,20,1,2,0,2,10,5,0,0,0,18,0,1,38,200,200,200,0,200,200
436956,0,20,1,2,0,2,10,5,0,0,0,18,0,0,26,200,0,200,0,200,200
436959,0,0,0,0,0,1,2,7,0,0,0,11,0,0,17,0,12,0,0,200,200
436959,1,0,0,0,0,1,2,7,0,0,0,11,0,1,47,0,200,200,200,200,200
436962,0,30,0,0,0,200,7,2,0,0,0,0,0,2,200,200,200,200,200,200,200
436963,0,15,1,2,0,1,10,8,5,0,0,0,18,1,78,0,3,0,0,200,200
436963,0,15,1,2,0,1,10,8,5,0,0,0,18,1,65,0,3,0,0,200,200
436965,0,30,200,200,0,4,12,2,0,200,200,0,0,2,200,200,200,200,200,200,200
436965,0,30,200,200,0,4,12,2,0,200,200,0,0,0,32,0,200,0,0,200,200
436966,0,45,3,2,0,1,10,3,0,0,0,16,200,0,24,0,8,0,0,200,200
436966,0,45,3,2,0,1,10,3,0,0,0,16,200,0,62,0,12,0,0,200,200
436966,0,45,3,2,0,1,10,3,0,0,0,16,200,1,49,0,0,0,0,200,200
436966,1,45,3,2,0,1,10,3,0,0,0,16,200,0,61,0,200,200,200,200,200
436966,1,45,3,2,0,1,10,3,0,0,0,16,200,0,13,0,200,200,200,200,200
436967,0,30,2,2,0,1,0,5,0,0,0,17,0,1,18,0,1,0,0,200,200
436967,0,30,2,2,0,1,0,5,0,0,0,17,0,1,24,0,0,0,0,200,200
436967,1,30,2,2,0,1,0,5,0,0,0,17,0,0,27,0,200,200,200,200,200
436967,1,30,2,2,0,1,0,5,0,0,0,17,0,0,27,0,200,200,200,200,200
436972,0,35,1,2,0,1,0,5,0,0,0,0,0,0,37,0,1,0,0,200,200
436972,0,35,1,2,0,1,0,5,0,0,0,0,0,0,61,0,200,0,0,200,200
436972,0,35,1,2,0,1,0,5,0,0,0,0,0,0,55,0,0,0,0,200,200
436978,0,35,1,2,0,2,12,5,0,0,200,22,15,0,52,200,8,200,200,200,200
436978,0,35,1,2,0,2,12,5,0,0,200,22,15,1,42,200,0,0,0,200,200
436986,0,30,1,2,0,1,14,12,0,0,0,33,0,1,37,0,12,0,0,200,200
436986,0,30,1,2,0,1,14,12,0,0,0,33,0,0,62,0,12,0,0,200,200
436987,4,30,1,2,0,4,8,12,0,0,0,200,200,0,19,2,0,0,0,200,200
436987,0,30,1,2,0,4,8,12,0,0,0,200,200,1,24,200,0,0,0,200,200
437008,0,30,0,0,0,1,12,6,0,0,200,22,14,0,21,200,2,200,200,200,200
437008,0,30,0,0,0,1,12,6,0,0,200,22,14,1,46,0,0,0,0,200,200
437008,1,30,0,0,0,1,12,6,0,0,200,22,14,0,200,0,200,200,200,200,200
437008,1,30,0,0,0,1,12,6,0,0,200,22,14,0,200,0,200,200,200,200,200
437009,0,30,0,0,0,1,12,5,0,0,0,17,200,0,26,0,1,0,0,200,200
437009,0,30,0,0,0,1,12,5,0,0,0,17,200,0,45,7,0,0,0,200,200
437018,0,35,0,0,0,1,10,2,0,0,200,18,200,0,25,200,0,200,0,200,200
437018,0,35,0,0,0,1,10,2,0,0,200,18,200,0,32,200,0,200,0,200,200
437019,0,30,0,0,0,1,12,7,0,0,0,17,22,1,200,200,1,200,200,200,200
437019,0,30,0,0,0,1,12,7,0,0,0,17,22,0,42,0,0,0,0,200,200
437024,0,30,0,0,0,1,7,2,0,0,200,22,0,2,200,200,2,200,200,200,200
437024,1,30,0,0,0,1,7,2,0,0,200,22,0,0,29,1,200,200,200,200,200
437025,0,30,0,0,0,3,7,5,0,0,0,20,200,1,32,200,6,0,0,200,200
437029,0,30,2,2,0,1,10,2,0,0,0,0,200,0,17,200,1,200,200,200,200
437029,0,30,2,2,0,1,10,2,0,0,0,0,200,1,39,0,0,200,200,200,200
437032,0,30,0,0,0,3,7,0,0,0,0,20,200,0,25,0,6,0,0,200,200
437033,0,30,0,0,0,3,7,2,0,0,0,0,0,0,200,200,200,200,200,200,200
437039,0,30,0,0,0,3,9,2,0,0,0,0,200,0,34,0,1,0,0,200,200
437039,5,30,0,0,0,3,9,2,0,0,0,0,200,0,54,7,0,0,0,200,200
437041,0,30,0,200,0,4,10,2,0,0,0,0,0,0,52,200,200,200,0,200,200
437041,0,30,0,200,0,4,10,2,0,0,0,0,0,0,45,200,200,200,0,200,200
437041,1,30,0,200,0,4,10,2,0,0,0,0,0,1,43,200,200,200,200,200,200
437041,1,30,0,200,0,4,10,2,0,0,0,0,0,1,0,5,200,200,200,200,200
437041,1,30,0,200,0,4,10,2,0,0,0,0,0,0,2,5,200,200,200,200,200
437047,0,30,1,2,0,3,10,5,0,0,0,18,0,0,200,200,3,200,200,200,200
437047,0,30,1,2,0,3,10,5,0,0,0,18,0,1,25,0,0,0,0,200,200
437047,1,30,1,2,0,3,10,5,0,0,0,18,0,0,30,0,200,200,200,200,200
437052,0,35,1,2,0,1,2,1,0,0,1,28,0,1,61,0,0,0,1,200,200
437054,0,30,1,2,0,3,0,6,0,0,0,6,200,0,49,0,5,0,0,200,200
437054,0,30,1,2,0,3,0,6,0,0,0,6,200,0,29,0,12,0,0,200,200
437064,0,30,1,2,0,1,0,2,0,0,0,17,0,1,21,0,1,0,0,200,200
437064,0,30,1,2,0,1,0,2,0,0,0,17,0,1,51,0,0,0,0,200,200
437074,0,30,0,0,0,3,10,12,0,0,0,18,11,1,29,0,3,0,0,200,200
437074,0,30,0,0,0,3,10,12,0,0,0,18,11,1,48,0,12,0,0,200,200
437074,1,30,0,0,0,3,10,12,0,0,0,18,11,0,200,0,200,200,200,200,200
437074,1,30,0,0,0,3,10,12,0,0,0,18,11,0,200,5,200,200,200,200,200
437075,0,30,1,2,0,3,10,5,0,0,0,18,16,1,200,200,3,0,0,200,200
437075,0,30,1,2,0,3,10,5,0,0,0,18,16,1,200,0,0,0,0,200,200
437075,1,30,1,2,0,3,10,5,0,0,0,18,16,1,200,0,200,200,200,200,200
437076,0,35,1,2,0,3,0,5,0,0,0,23,0,1,200,0,7,0,200,200,200
437076,0,35,1,2,0,3,0,5,0,0,0,23,0,1,50,0,0,0,0,200,200
437076,1,35,1,2,0,3,0,5,0,0,0,23,0,1,200,0,200,200,200,200,200
437091,0,30,0,0,0,3,10,7,0,0,0,200,200,0,200,0,0,200,200,200,200
437091,0,30,0,0,0,3,10,7,0,0,0,200,200,0,25,0,0,0,0,200,200
437100,0,30,2,2,0,3,0,12,0,0,0,0,200,1,35,0,12,200,7,200,200
437100,0,30,2,2,0,3,0,12,0,0,0,0,200,0,26,0,12,0,0,200,200
437101,0,30,0,0,0,3,7,2,0,0,0,0,200,0,46,200,200,0,200,200,200
437104,0,30,1,2,0,3,14,5,0,0,0,0,0,1,25,0,1,0,0,200,200
437104,0,30,1,2,0,3,14,5,0,0,0,0,0,1,29,0,1,0,0,200,200
437104,1,30,1,2,0,3,14,5,0,0,0,0,0,1,200,5,200,200,200,200,200
437104,1,30,1,2,0,3,14,5,0,0,0,0,0,1,200,0,200,200,200,200,200
437107,0,25,2,0,0,0,11,5,0,0,200,22,22,1,42,0,12,0,200,200,200
437107,0,25,2,0,0,0,11,5,0,0,200,22,22,0,42,0,200,0,0,200,200
437113,0,30,0,0,0,3,12,6,0,0,0,14,22,2,200,200,2,200,200,200,200
437113,0,30,0,0,0,3,12,6,0,0,0,14,22,1,47,0,0,0,0,200,200
437121,0,30,2,2,0,3,0,6,0,0,200,17,200,0,57,200,1,200,200,200,200
437121,0,30,2,2,0,3,0,6,0,0,200,17,200,1,73,200,0,200,200,200,200
437127,0,30,2,0,0,0,14,5,0,0,200,17,200,0,28,200,1,200,0,200,200
437127,0,30,2,0,0,0,14,5,0,0,200,17,200,0,62,0,200,200,0,200,200
437127,1,30,2,0,0,0,14,5,0,0,200,17,200,1,25,200,200,200,200,200,200
437131,0,20,0,0,0,3,7,5,0,0,0,32,25,0,49,200,12,0,5,0.29,200
437133,0,30,3,2,0,3,2,2,0,0,0,16,14,0,200,200,8,200,200,200,200
437133,1,30,3,2,0,3,2,2,0,0,0,16,14,1,17,200,200,200,200,200,200
437136,0,30,0,0,0,3,7,5,0,0,200,0,0,2,200,200,200,200,200,200,200
437138,0,30,0,0,0,1,12,6,0,0,0,0,0,0,200,200,4,200,200,200,200
437138,0,30,0,0,0,1,12,6,0,0,0,0,0,1,20,0,0,0,0,200,200
437138,1,30,0,0,0,1,12,6,0,0,0,0,0,0,23,0,200,200,200,200,200
437138,1,30,0,0,0,1,12,6,0,0,0,0,0,200,200,200,200,200,200,200,200
437138,1,30,0,0,0,1,12,6,0,0,0,0,0,200,200,200,200,200,200,200,200
437140,0,30,1,2,0,3,0,5,0,0,0,33,200,0,31,0,5,1,0,200,200
437140,0,30,1,2,0,3,0,5,0,0,0,33,200,0,57,0,0,0,0,200,200
437141,0,30,1,2,0,3,12,5,0,0,4,14,11,0,40,0,8,0,0,200,200
437141,0,30,1,2,0,3,12,5,0,0,4,14,11,0,56,0,0,0,0,200,200
437141,0,30,1,2,0,3,12,5,0,0,4,14,11,1,49,0,0,0,0,200,200
437141,1,30,1,2,0,3,12,5,0,0,4,14,11,1,6,0,200,200,200,200,200
437141,1,30,1,2,0,3,12,5,0,0,4,14,11,1,200,0,200,200,200,200,200
437142,0,35,1,2,0,3,12,1,0,0,0,22,21,1,24,200,2,0,12,200,200
437142,0,35,1,2,0,3,12,1,0,0,0,22,21,0,45,0,0,0,0,200,200
437143,0,30,0,0,0,3,10,5,0,0,0,18,200,0,29,0,3,0,0,200,200
437143,0,30,0,0,0,3,10,5,0,0,0,18,200,0,30,0,0,0,0,200,200
437144,0,30,0,0,0,1,0,7,0,0,0,200,200,0,25,200,200,200,200,200,200
437144,0,30,0,0,0,1,0,7,0,0,0,200,200,0,29,200,0,0,0,200,200
437150,0,25,2,2,0,3,10,6,0,0,0,18,18,2,200,200,200,200,200,200,200
437150,0,25,2,2,0,3,10,6,0,0,0,18,18,0,44,0,0,0,0,200,200
437155,0,30,0,0,0,3,14,5,0,0,0,0,0,2,200,200,200,200,200,200,200
437155,0,30,0,0,0,3,14,5,0,0,0,0,0,0,26,0,0,0,0,200,200
437156,0,30,0,0,0,3,0,5,0,0,0,17,200,0,24,200,1,200,0,200,200
437156,0,30,0,0,0,3,0,5,0,0,0,17,200,0,40,200,0,200,0,200,200
437159,0,30,0,0,0,3,10,2,0,0,0,18,7,0,33,0,1,0,0,200,200
437159,0,30,0,0,0,3,10,2,0,0,0,18,7,0,43,0,0,0,0,200,200
437159,1,30,0,0,0,3,10,2,0,0,0,18,7,1,43,0,200,200,200,200,200
437162,0,30,0,0,0,3,7,2,0,0,0,0,200,2,200,200,200,200,200,200,200
437167,0,30,0,200,0,200,7,5,0,200,200,0,0,2,200,200,200,200,200,200,200
437171,0,35,0,0,0,4,2,5,0,0,0,200,200,0,26,0,200,0,0,200,200
437173,4,30,0,0,0,3,8,2,0,0,0,1,200,0,45,7,12,0,0,200,200
437173,1,30,0,0,0,3,8,2,0,0,0,1,200,0,24,200,200,200,200,200,200
437173,1,30,0,0,0,3,8,2,0,0,0,1,200,1,23,200,200,200,200,200,200
437173,1,30,0,0,0,3,8,2,0,0,0,1,200,0,25,200,200,200,200,200,200
437173,1,30,0,0,0,3,8,2,0,0,0,1,200,1,24,200,200,200,200,200,200
437178,0,35,1,2,0,3,10,2,0,0,0,18,200,0,41,0,3,0,0,200,200
437178,0,35,1,2,0,3,10,2,0,0,0,18,200,0,26,0,3,0,0,200,200
437178,0,35,1,2,0,3,10,2,0,0,0,18,200,2,200,200,0,200,200,200,200
437178,1,35,1,2,0,3,10,2,0,0,0,18,200,0,26,0,200,200,200,200,200
437184,0,30,1,2,0,3,10,3,0,0,0,16,200,0,200,200,200,200,200,200,200
437184,0,30,1,2,0,3,10,3,0,0,0,16,200,1,57,0,0,0,0,200,200
437184,1,30,1,2,0,3,10,3,0,0,0,16,200,1,64,0,200,200,200,200,200
437184,1,30,1,2,0,3,10,3,0,0,0,16,200,1,62,0,200,200,200,200,200
437184,1,30,1,2,0,3,10,3,0,0,0,16,200,1,69,0,200,200,200,200,200
437185,0,35,0,0,0,0,8,12,0,0,0,200,200,0,37,0,1,0,0,200,200
437185,4,35,0,0,0,0,8,12,0,0,0,200,200,0,15,200,200,200,200,200,200
437185,1,35,0,0,0,0,8,12,0,0,0,200,200,1,43,0,200,200,200,200,200
437185,1,35,0,0,0,0,8,12,0,0,0,200,200,1,9,0,200,200,200,200,200
437185,1,35,0,0,0,0,8,12,0,0,0,200,200,0,8,0,200,200,200,200,200
437185,1,35,0,0,0,0,8,12,0,0,0,200,200,0,12,0,200,200,200,200,200
437196,0,30,0,0,0,3,7,6,0,0,0,0,0,1,27,200,200,200,200,200,200
437198,0,30,0,0,0,3,9,5,0,0,0,0,0,0,200,200,12,200,200,200,200
437198,5,30,0,0,0,3,9,5,0,0,0,0,0,1,35,7,0,0,0,200,200
437198,1,30,0,0,0,3,9,5,0,0,0,0,0,0,200,200,200,200,200,200,200
437198,1,30,0,0,0,3,9,5,0,0,0,0,0,0,200,200,200,200,200,200,200
437198,1,30,0,0,0,3,9,5,0,0,0,0,0,0,200,200,200,200,200,200,200
437200,0,30,0,0,0,3,12,3,0,0,0,0,0,0,50,0,200,200,0,200,200
437200,0,30,0,0,0,3,12,3,0,0,0,0,0,1,29,0,200,200,0,200,200
437204,0,30,1,2,0,3,14,6,0,0,0,23,21,1,200,200,7,200,200,200,200
437204,0,30,1,2,0,3,14,6,0,0,0,23,21,0,37,200,0,0,0,200,200
437204,1,30,1,2,0,3,14,6,0,0,0,23,21,200,200,200,200,200,200,200,200
437206,0,30,0,0,0,3,8,6,0,0,0,10,21,0,200,200,9,200,200,200,200
437206,4,30,0,0,0,3,8,6,0,0,0,10,21,1,54,7,200,0,0,200,200
437209,0,30,0,0,0,3,7,5,0,0,0,0,0,1,19,0,2,0,0,200,200
437211,0,35,1,2,0,3,14,2,0,0,0,6,200,0,200,200,5,200,200,200,200
437211,0,35,1,2,0,3,14,2,0,0,0,6,200,1,48,0,0,0,0,200,200
437223,0,35,0,0,0,3,12,5,0,0,0,22,22,0,23,200,4,0,0,200,200
437223,0,35,0,0,0,3,12,5,0,0,0,22,22,1,20,200,0,0,0,200,200
437224,0,30,1,2,0,1,10,5,0,0,0,16,0,0,37,200,3,0,0,200,200
437224,0,30,1,2,0,1,10,5,0,0,0,16,0,0,39,0,0,0,0,200,200
437228,0,40,0,0,0,3,12,3,0,0,0,21,25,2,200,200,4,200,200,200,200
437228,0,40,0,0,0,3,12,3,0,0,0,21,25,1,23,0,0,0,0,200,200
437230,0,30,0,0,0,3,12,5,0,0,0,0,0,1,31,0,200,0,0,200,200
437230,0,30,0,0,0,3,12,5,0,0,0,0,0,0,39,0,0,0,0,200,200
437230,1,30,0,0,0,3,12,5,0,0,0,0,0,0,42,0,200,200,200,200,200
437233,0,5,0,0,0,3,7,7,0,0,0,11,0,0,65,200,7,0,0,200,200
437234,0,30,2,2,0,3,10,5,0,0,0,18,0,0,200,200,3,200,200,200,200
437234,0,30,2,2,0,3,10,5,0,0,0,18,0,1,69,0,0,0,0,200,200
437243,0,30,0,2,0,3,14,6,0,0,0,22,200,0,29,3,4,0,0,200,200
437243,0,30,0,2,0,3,14,6,0,0,0,22,200,0,50,0,0,0,0,200,200
437243,0,30,0,2,0,3,14,6,0,0,0,22,200,0,51,0,0,0,0,200,200
437243,1,30,0,2,0,3,14,6,0,0,0,22,200,0,50,0,200,200,200,200,200
437243,1,30,0,2,0,3,14,6,0,0,0,22,200,0,200,5,200,200,200,200,200
437245,0,30,0,0,0,3,10,5,0,0,0,18,200,0,22,200,3,200,0,200,200
437245,0,30,0,0,0,3,10,5,0,0,0,18,200,0,22,200,0,200,0,200,200
437245,1,30,0,0,0,3,10,5,0,0,0,18,200,1,23,200,200,200,200,200,200
437249,0,30,1,2,0,3,0,2,0,0,0,6,16,0,36,200,5,0,0,200,200
437249,0,30,1,2,0,3,0,2,0,0,0,6,16,1,38,200,0,0,0,200,200
437249,1,30,1,2,0,3,0,2,0,0,0,6,16,1,31,200,200,200,200,200,200
437249,1,30,1,2,0,3,0,2,0,0,0,6,16,1,31,200,200,200,200,200,200
437252,0,30,0,0,0,3,5,5,0,0,12,29,200,1,63,200,12,0,0,200,200
437255,0,30,0,0,0,3,7,5,0,0,200,11,16,0,42,200,4,200,200,200,200
437256,0,10,0,0,0,3,7,7,0,0,0,0,200,2,200,200,200,200,200,200,200
437261,0,30,0,0,0,3,10,5,0,0,0,18,18,1,28,0,3,0,0,200,200
437261,0,30,0,0,0,3,10,5,0,0,0,18,18,1,20,0,0,0,0,200,200
437264,0,25,2,2,0,3,7,6,0,0,200,0,200,2,200,200,200,200,200,200,200
437267,0,25,0,0,0,0,7,6,0,0,0,0,0,0,200,200,7,200,200,200,200
437267,1,25,0,0,0,0,7,6,0,0,0,0,0,0,27,200,200,200,200,200,200
437271,0,30,0,0,0,3,10,5,0,0,0,18,18,1,44,200,3,200,200,200,200
437271,0,30,0,0,0,3,10,5,0,0,0,18,18,1,38,0,0,0,0,200,200
437271,1,30,0,0,0,3,10,5,0,0,0,18,18,1,36,7,200,200,200,200,200
437274,0,30,1,2,0,3,14,1,0,0,0,0,200,1,46,200,200,200,1,200,200
437274,0,30,1,2,0,3,14,1,0,0,0,0,200,0,200,0,0,0,0,200,200
437274,1,30,1,2,0,3,14,1,0,0,0,0,200,0,200,0,200,200,200,200,200
437275,0,30,200,200,0,3,2,6,0,0,200,0,0,0,29,200,200,200,200,200,200
437282,0,30,0,0,0,3,5,5,0,0,12,29,200,0,26,0,0,0,0,200,200
437282,1,30,0,0,0,3,5,5,0,0,12,29,200,1,24,0,200,200,200,200,200
437284,0,30,0,0,0,3,7,2,0,0,0,0,0,2,200,200,200,200,200,200,200
437285,4,30,1,2,0,3,8,5,0,0,0,0,200,0,200,7,200,0,0,200,200
437285,0,30,1,2,0,3,8,5,0,0,0,0,200,0,64,0,0,0,0,200,200
437293,0,30,0,0,0,3,3,5,2,0,200,16,200,0,27,0,4,200,0,200,200
437293,0,30,0,0,0,3,3,5,2,0,200,16,200,0,38,0,0,200,0,200,200
437293,1,30,0,0,0,3,3,5,2,0,200,16,200,0,33,0,200,200,200,200,200
437293,1,30,0,0,0,3,3,5,2,0,200,16,200,1,26,0,200,200,200,200,200
437293,1,30,0,0,0,3,3,5,2,0,200,16,200,0,38,0,200,200,200,200,200
437293,1,30,0,0,0,3,3,5,2,0,200,16,200,1,31,0,200,200,200,200,200
437298,0,30,1,2,0,3,0,2,0,0,0,6,200,2,200,200,5,200,200,200,200
437298,0,30,1,2,0,3,0,2,0,0,0,6,200,0,19,200,0,0,0,200,200
437298,0,30,1,2,0,3,0,2,0,0,0,6,200,1,50,200,0,0,0,200,200
437298,1,30,1,2,0,3,0,2,0,0,0,6,200,1,53,200,200,200,200,200,200
437304,0,20,1,2,0,0,10,2,0,0,0,18,200,0,200,0,3,0,0,200,200
437304,0,20,1,2,0,0,10,2,0,0,0,18,200,1,28,0,0,0,0,200,200
437306,0,30,0,0,0,3,7,5,0,0,0,25,0,0,200,200,12,200,200,200,200
437310,0,30,1,2,0,3,14,2,0,0,0,0,0,0,46,200,7,0,0,200,200
437310,0,30,1,2,0,3,14,2,0,0,0,0,0,0,31,200,1,0,0,200,200
437310,1,30,1,2,0,3,14,2,0,0,0,0,0,1,28,200,200,200,200,200,200
437314,0,30,0,0,0,3,10,6,0,0,200,16,18,0,36,200,8,200,7,200,200
437314,0,30,0,0,0,3,10,6,0,0,200,16,18,0,57,200,0,0,0,200,200
437314,1,30,0,0,0,3,10,6,0,0,200,16,18,0,27,200,200,200,200,200,200
437315,0,25,0,0,0,3,10,5,0,0,0,14,200,0,27,200,13,200,200,200,200
437315,0,25,0,0,0,3,10,5,0,0,0,14,200,0,32,0,0,0,0,200,200
437315,1,25,0,0,0,3,10,5,0,0,0,14,200,0,200,200,200,200,200,200,200
437315,1,25,0,0,0,3,10,5,0,0,0,14,200,0,200,200,200,200,200,200,200
437316,0,20,0,0,0,0,10,5,0,0,0,11,18,0,46,0,3,0,0,200,200
437316,0,20,0,0,0,0,10,5,0,0,0,11,18,0,22,0,0,0,0,200,200
437316,1,20,0,0,0,0,10,5,0,0,0,11,18,0,51,7,200,200,200,200,200
437334,0,30,0,0,0,3,0,3,0,0,0,17,0,2,200,200,1,200,200,200,200
437334,0,30,0,0,0,3,0,3,0,0,0,17,0,0,28,0,0,0,0,200,200
437336,0,30,1,2,0,3,14,1,0,0,0,21,4,0,33,0,7,0,0,200,200
437336,0,30,1,2,0,3,14,1,0,0,0,21,4,0,39,0,0,0,0,200,200
437339,0,30,1,2,0,3,0,5,0,0,200,6,17,0,29,200,5,200,200,200,200
437339,0,30,1,2,0,3,0,5,0,0,200,6,17,0,23,200,200,200,200,200,200
437343,0,30,0,0,0,3,10,5,0,0,0,18,200,1,21,200,3,0,0,200,200
437343,0,30,0,0,0,3,10,5,0,0,0,18,200,0,45,200,0,0,0,200,200
437347,0,30,1,2,0,3,10,2,0,0,0,18,14,2,200,200,3,200,200,200,200
437347,0,30,1,2,0,3,10,2,0,0,0,18,14,0,55,0,0,0,0,200,200
437347,0,30,1,2,0,3,10,2,0,0,0,18,14,1,22,0,0,0,0,200,200
437350,0,30,0,0,0,3,7,5,0,0,0,19,16,0,200,200,12,200,200,200,200
437350,0,30,0,0,0,3,7,5,0,0,0,19,16,0,33,0,0,0,0,200,200
437350,1,30,0,0,0,3,7,5,0,0,0,19,16,0,200,200,200,200,200,200,200
437353,0,30,0,0,200,0,14,5,0,0,0,0,0,1,41,0,10,0,0,200,200
437353,0,30,0,0,200,0,14,5,0,0,0,0,0,1,39,0,0,0,0,200,200
437356,0,35,1,2,0,3,14,3,0,0,3,6,0,2,200,200,5,200,200,200,200
437356,0,35,1,2,0,3,14,3,0,0,3,6,0,0,19,0,0,0,1,200,200
437356,1,35,1,2,0,3,14,3,0,0,3,6,0,1,19,0,200,200,200,200,200
437357,0,20,0,0,0,0,11,6,0,0,0,14,10,0,200,200,9,200,200,200,200
437357,0,20,0,0,0,0,11,6,0,0,0,14,10,0,40,0,14,0,0,200,200
437357,0,20,0,0,0,0,11,6,0,0,0,14,10,1,20,200,0,0,0,200,200
437357,1,20,0,0,0,0,11,6,0,0,0,14,10,0,51,0,200,200,200,200,200
437357,1,20,0,0,0,0,11,6,0,0,0,14,10,1,17,200,200,200,200,200,200
437359,0,30,1,2,0,3,14,5,0,0,0,6,17,2,200,200,1,200,200,200,200
437359,0,30,1,2,0,3,14,5,0,0,0,6,17,1,26,200,200,0,0,200,200
437359,1,30,1,2,0,3,14,5,0,0,0,6,17,1,200,200,200,200,200,200,200
437359,1,30,1,2,0,3,14,5,0,0,0,6,17,0,200,200,200,200,200,200,200
437363,0,35,1,2,0,3,10,2,0,0,0,18,200,0,24,200,3,200,200,200,200
437363,0,35,1,2,0,3,10,2,0,0,0,18,200,0,27,0,0,0,0,200,200
437365,0,30,1,2,0,3,14,5,0,0,0,0,200,0,27,200,0,0,0,200,200
437365,0,30,1,2,0,3,14,5,0,0,0,0,200,0,51,0,0,0,0,200,200
437365,1,30,1,2,0,3,14,5,0,0,0,0,200,200,200,200,200,200,200,200,200
437368,0,30,1,2,0,3,0,6,0,0,200,6,200,1,200,200,200,200,200,200,200
437368,0,30,1,2,0,3,0,6,0,0,200,6,200,1,37,200,200,200,200,200,200
437368,1,30,1,2,0,3,0,6,0,0,200,6,200,0,39,200,200,200,200,200,200
437371,0,35,1,2,0,3,10,5,0,0,0,18,200,0,24,0,1,0,0,200,200
437371,0,35,1,2,0,3,10,5,0,0,0,18,200,0,24,0,0,0,0,200,200
437371,1,35,1,2,0,3,10,5,0,0,0,18,200,1,19,0,200,200,200,200,200
437371,1,35,1,2,0,3,10,5,0,0,0,18,200,0,24,0,200,200,200,200,200
437378,0,30,0,0,0,3,7,0,0,0,0,20,0,0,52,0,6,0,0,200,200
437381,0,30,0,0,0,3,2,6,0,0,0,0,0,1,33,0,12,200,2,200,200
437381,1,30,0,0,0,3,2,6,0,0,0,0,0,1,12,0,200,200,200,200,200
437383,0,30,2,200,0,3,10,5,0,0,0,200,200,0,200,200,3,200,200,200,200
437383,0,30,2,200,0,3,10,5,0,0,0,200,200,0,59,7,0,0,0,200,200
437384,0,35,0,0,0,3,12,3,0,0,0,22,14,2,200,200,4,200,200,200,200
437384,0,35,0,0,0,3,12,3,0,0,0,22,14,0,56,7,0,0,0,200,200
437391,0,25,0,0,0,3,7,5,0,0,0,0,0,0,25,0,12,0,2,200,200
437394,0,35,0,0,0,3,0,5,0,0,0,17,0,0,28,0,1,200,0,200,200
437394,0,35,0,0,0,3,0,5,0,0,0,17,0,0,27,0,0,0,0,200,200
437397,0,20,0,0,0,3,7,5,0,0,0,0,200,0,18,0,0,0,0,200,200
437398,0,30,1,2,0,3,0,5,0,0,0,6,15,0,29,200,0,0,0,200,200
437398,0,30,1,2,0,3,0,5,0,0,0,6,15,2,200,200,5,200,200,200,200
437398,1,30,1,2,0,3,0,5,0,0,0,6,15,1,21,200,200,200,200,200,200
437398,1,30,1,2,0,3,0,5,0,0,0,6,15,0,23,200,200,200,200,200,200
437399,0,30,0,0,0,3,10,5,0,0,0,18,16,1,200,200,3,200,200,200,200
437399,0,30,0,0,0,3,10,5,0,0,0,18,16,0,51,0,0,0,0,200,200
437403,0,30,0,0,0,0,10,12,0,0,0,25,11,0,28,0,12,0,0,200,200
437403,0,30,0,0,0,0,10,12,0,0,0,25,11,0,45,0,0,0,0,200,200
437403,1,30,0,0,0,0,10,12,0,0,0,25,11,0,27,0,200,200,200,200,200
437403,1,30,0,0,0,0,10,12,0,0,0,25,11,200,44,0,200,200,200,200,200
437407,0,30,0,12,0,3,7,7,0,0,0,0,0,2,200,200,200,200,200,200,200
437413,0,30,12,2,0,4,2,3,0,0,0,16,0,0,200,200,8,200,200,200,200
437415,0,35,200,200,0,3,10,5,0,0,200,18,18,2,200,200,3,200,200,200,200
437415,0,35,200,200,0,3,10,5,0,0,200,18,18,2,200,200,0,200,200,200,200