RD_NO,PERSON_TYPE,POSTED_SPEED_LIMIT,TRAFFIC_CONTROL_DEVICE,DEVICE_CONDITION,WEATHER_CONDITION,LIGHTING_CONDITION,FIRST_CRASH_TYPE,TRAFFICWAY_TYPE,ALIGNMENT,ROADWAY_SURFACE_COND,ROAD_DEFECT,PRIM_CONTRIBUTORY_CAUSE,SEC_CONTRIBUTORY_CAUSE,SEX,AGE,SAFETY_EQUIPMENT,DRIVER_ACTION,DRIVER_VISION,PHYSICAL_CONDITION,BAC_RESULT VALUE,CELL_PHONE_USE
438085,0,30,1,2,0,1,10,2,0,0,0,18,7,1,57,0,0,0,0,200,200
438085,1,30,1,2,0,1,10,2,0,0,0,18,7,1,200,200,200,200,200,200,200
438088,0,25,0,0,0,1,7,7,0,0,0,200,200,2,200,200,200,200,200,200,200
438096,0,30,1,2,0,1,0,5,0,0,0,0,0,0,23,200,200,200,0,200,200
438096,0,30,1,2,0,1,0,5,0,0,0,0,0,0,24,200,200,200,0,200,200
438096,1,30,1,2,0,1,0,5,0,0,0,0,0,0,200,200,200,200,200,200,200
438104,0,30,0,0,0,1,10,5,0,0,200,21,200,1,61,0,0,200,0,200,200
438104,0,30,0,0,0,1,10,5,0,0,200,21,200,0,56,0,4,200,0,200,200
438107,0,35,0,0,0,0,2,0,0,0,0,12,200,1,36,0,12,0,0,200,200
438114,0,30,1,2,0,1,9,6,0,0,0,6,17,0,200,200,1,200,200,200,200
438114,5,30,1,2,0,1,9,6,0,0,0,6,17,1,32,7,200,200,7,200,200
438116,0,30,0,0,0,1,12,6,0,0,200,17,0,0,59,0,12,0,0,200,200
438116,0,30,0,0,0,1,12,6,0,0,200,17,0,2,200,200,200,200,200,200,200
438116,1,30,0,0,0,1,12,6,0,0,200,17,0,1,200,0,200,200,200,200,200
438116,1,30,0,0,0,1,12,6,0,0,200,17,0,1,200,0,200,200,200,200,200
438116,1,30,0,0,0,1,12,6,0,0,200,17,0,1,200,0,200,200,200,200,200
438123,0,30,0,0,0,1,12,2,0,0,200,17,0,0,200,200,1,200,200,200,200
438123,0,30,0,0,0,1,12,2,0,0,200,17,0,1,46,0,0,0,200,200,200
438123,1,30,0,0,0,1,12,2,0,0,200,17,0,1,200,0,200,200,200,200,200
438125,0,30,1,2,0,1,10,5,0,0,3,16,200,0,76,0,1,0,0,200,200
438125,0,30,1,2,0,1,10,5,0,0,3,16,200,1,68,0,0,0,0,200,200
438125,1,30,1,2,0,1,10,5,0,0,3,16,200,1,38,0,200,200,200,200,200
438129,0,30,2,2,0,1,14,5,0,0,0,17,200,1,52,0,1,0,0,200,200
438129,0,30,2,2,0,1,14,5,0,0,0,17,200,1,26,0,0,0,0,200,200
438129,1,30,2,2,0,1,14,5,0,0,0,17,200,0,1,5,200,200,200,200,200
438133,0,30,0,200,0,1,2,2,0,0,0,20,20,0,200,200,6,200,200,200,200
438136,0,35,200,200,0,1,0,5,0,0,0,0,0,0,47,200,200,200,200,200,200
438136,0,35,200,200,0,1,0,5,0,0,0,0,0,1,45,200,200,200,200,200,200
438138,0,35,0,0,0,1,10,5,0,0,0,18,200,0,49,7,0,0,0,200,200
438138,0,35,0,0,0,1,10,5,0,0,0,18,200,1,37,7,3,0,0,200,200
438144,0,30,1,2,0,1,2,12,0,0,0,0,0,1,76,0,7,200,0,200,200
438145,0,35,0,0,0,1,12,5,0,0,0,0,200,1,200,0,200,200,0,200,200
438145,0,35,0,0,0,1,12,5,0,0,0,0,200,0,200,0,200,0,0,200,200
438150,0,30,0,0,0,1,14,5,0,0,0,17,0,0,54,0,1,0,0,200,200
438150,0,30,0,0,0,1,14,5,0,0,0,17,0,0,53,0,12,0,5,200,200
438151,0,30,1,2,0,1,10,5,0,0,0,0,200,2,200,200,200,200,200,200,200
438151,0,30,1,2,0,1,10,5,0,0,0,0,200,1,54,0,0,0,0,200,200
438151,0,30,1,2,0,1,10,5,0,0,0,0,200,1,200,200,0,200,200,200,200
438152,0,0,0,0,0,1,7,7,2,0,0,20,11,1,200,200,6,200,200,200,200
438153,0,30,0,0,0,1,12,5,0,0,0,22,200,0,200,200,2,200,200,200,200
438153,0,30,0,0,0,1,12,5,0,0,0,22,200,1,43,0,0,0,0,200,200
438153,1,30,0,0,0,1,12,5,0,0,0,22,200,0,50,0,200,200,200,200,200
438153,1,30,0,0,0,1,12,5,0,0,0,22,200,0,7,0,200,200,200,200,200
438153,1,30,0,0,0,1,12,5,0,0,0,22,200,1,13,0,200,200,200,200,200
438154,0,30,1,2,0,1,12,2,0,0,200,22,200,0,24,200,2,200,200,200,200
438154,0,30,1,2,0,1,12,2,0,0,200,22,200,1,37,200,0,200,200,200,200
438154,1,30,1,2,0,1,12,2,0,0,200,22,200,1,17,200,200,200,200,200,200
438154,1,30,1,2,0,1,12,2,0,0,200,22,200,1,11,200,200,200,200,200,200
438157,0,30,0,0,0,1,7,5,0,200,200,20,20,0,33,0,6,200,0,200,200
438157,1,30,0,0,0,1,7,5,0,200,200,20,20,1,33,0,200,200,200,200,200
438157,1,30,0,0,0,1,7,5,0,200,200,20,20,1,1,5,200,200,200,200,200
438157,1,30,0,0,0,1,7,5,0,200,200,20,20,0,4,5,200,200,200,200,200
438160,0,30,2,2,0,1,10,2,0,0,0,18,200,0,28,200,1,200,200,200,200
438160,0,30,2,2,0,1,10,2,0,0,0,18,200,0,25,200,0,200,0,200,200
438161,0,35,1,2,0,1,10,5,0,0,0,18,0,0,68,200,3,200,200,200,200
438161,0,35,1,2,0,1,10,5,0,0,0,18,0,0,26,0,0,0,0,200,200
438162,0,30,0,0,0,1,7,6,0,0,0,200,200,1,200,200,200,200,200,200,200
438165,0,30,1,2,0,1,0,5,0,0,0,16,11,1,200,200,12,200,200,200,200
438165,0,30,1,2,0,1,0,5,0,0,0,16,11,0,62,0,0,0,0,200,200
438167,0,30,0,0,0,1,12,5,0,0,0,17,17,1,19,0,1,200,0,200,200
438167,0,30,0,0,0,1,12,5,0,0,0,17,17,1,38,0,0,0,0,200,200
438170,0,30,1,2,0,1,14,5,0,0,0,0,0,0,21,200,200,200,0,200,200
438170,0,30,1,2,0,1,14,5,0,0,0,0,0,1,19,200,200,200,0,200,200
438171,0,30,0,0,0,1,7,6,0,0,0,200,200,2,200,200,200,200,200,200,200
438174,0,30,0,0,0,1,10,5,0,0,0,0,0,1,200,200,1,200,200,200,200
438174,0,30,0,0,0,1,10,5,0,0,0,0,0,0,25,0,0,0,0,200,200
438176,0,30,0,0,0,1,10,7,0,0,0,20,200,0,200,200,6,200,200,200,200
438176,0,30,0,0,0,1,10,7,0,0,0,20,200,1,35,1,0,0,0,200,200
438179,0,30,2,2,0,1,10,6,0,0,0,18,0,0,34,0,3,0,0,200,200
438179,0,30,2,2,0,1,10,6,0,0,0,18,0,1,51,0,12,0,0,200,200
438182,0,10,0,0,0,1,7,7,0,0,0,0,0,2,200,200,200,200,200,200,200
438185,0,30,0,0,0,1,14,5,0,0,0,17,200,1,40,200,1,0,0,200,200
438185,0,30,0,0,0,1,14,5,0,0,0,17,200,1,40,200,0,0,0,200,200
438185,1,30,0,0,0,1,14,5,0,0,0,17,200,0,7,0,200,200,200,200,200
438192,0,0,0,0,0,1,11,5,0,0,0,8,8,0,53,200,12,200,0,200,200
438192,0,0,0,0,0,1,11,5,0,0,0,8,8,0,200,0,12,200,0,200,200
438192,1,0,0,0,0,1,11,5,0,0,0,8,8,0,200,200,200,200,200,200,200
438193,0,30,0,0,0,1,10,2,0,0,0,0,200,1,25,200,200,200,200,200,200
438193,0,30,0,0,0,1,10,2,0,0,0,0,200,1,63,0,0,0,0,200,200
438197,0,30,1,2,0,1,10,2,0,0,0,16,11,2,200,200,200,200,200,200,200
438197,0,30,1,2,0,1,10,2,0,0,0,16,11,1,77,0,0,0,0,200,200
438201,0,30,1,2,0,1,10,3,0,0,0,0,0,0,23,200,8,200,0,200,200
438201,0,30,1,2,0,1,10,3,0,0,0,0,0,0,51,200,0,200,0,200,200
438201,1,30,1,2,0,1,10,3,0,0,0,0,0,1,59,200,200,200,200,200,200
438202,0,25,0,0,0,1,7,5,0,0,0,11,0,0,37,0,12,0,0,200,200
438204,0,30,0,0,0,1,0,5,0,0,0,20,17,1,200,200,6,200,200,200,200
438204,0,30,0,0,0,1,0,5,0,0,0,20,17,1,24,0,0,0,0,200,200
438204,1,30,0,0,0,1,0,5,0,0,0,20,17,0,31,0,200,200,200,200,200
438204,1,30,0,0,0,1,0,5,0,0,0,20,17,1,6,0,200,200,200,200,200
438204,1,30,0,0,0,1,0,5,0,0,0,20,17,0,4,0,200,200,200,200,200
438206,0,30,0,0,0,1,7,6,0,0,0,0,0,0,200,200,200,200,200,200,200
438210,0,30,0,0,0,1,7,5,0,0,0,11,200,1,200,200,6,200,200,200,200
438215,0,30,0,0,0,1,7,6,0,200,200,11,11,0,21,0,12,200,0,200,200
438215,1,30,0,0,0,1,7,6,0,200,200,11,11,1,32,0,200,200,200,200,200
438215,1,30,0,0,0,1,7,6,0,200,200,11,11,0,200,200,200,200,200,200,200
438215,1,30,0,0,0,1,7,6,0,200,200,11,11,1,200,200,200,200,200,200,200
438215,1,30,0,0,0,1,7,6,0,200,200,11,11,1,19,0,200,200,200,200,200
438219,0,30,1,2,0,1,7,3,0,0,0,0,0,1,55,200,200,200,200,200,200
438220,0,30,2,2,0,1,0,2,0,0,0,6,16,0,45,1,5,0,1,200,200
438220,0,30,2,2,0,1,0,2,0,0,0,6,16,1,32,200,0,0,0,200,200
438220,1,30,2,2,0,1,0,2,0,0,0,6,16,1,52,200,200,200,200,200,200
438220,1,30,2,2,0,1,0,2,0,0,0,6,16,1,11,200,200,200,200,200,200
438220,1,30,2,2,0,1,0,2,0,0,0,6,16,0,14,200,200,200,200,200,200
438224,0,30,0,0,0,1,7,6,0,0,0,25,15,0,34,200,5,0,200,200,200
438225,0,15,0,0,0,1,10,7,0,0,0,20,16,1,200,200,6,200,0,200,200
438225,0,15,0,0,0,1,10,7,0,0,0,20,16,0,20,0,0,0,0,200,200
438231,0,30,1,2,0,1,14,2,0,0,200,17,11,1,23,0,1,0,0,200,200
438231,0,30,1,2,0,1,14,2,0,0,200,17,11,0,33,0,0,0,0,200,200
438232,0,30,0,0,0,1,7,6,0,0,0,0,0,0,200,200,200,200,200,200,200
438245,0,30,200,200,200,1,10,5,0,200,200,18,16,1,200,200,3,200,200,200,200
438245,0,30,200,200,200,1,10,5,0,200,200,18,16,0,36,200,0,200,200,200,200
438246,0,30,1,2,0,1,10,5,0,0,200,18,0,0,200,200,3,200,200,200,200
438246,0,30,1,2,0,1,10,5,0,0,200,18,0,1,27,0,0,0,0,200,200
438246,1,30,1,2,0,1,10,5,0,0,200,18,0,0,26,0,200,200,200,200,200
438246,1,30,1,2,0,1,10,5,0,0,200,18,0,1,46,0,200,200,200,200,200
438246,1,30,1,2,0,1,10,5,0,0,200,18,0,0,44,0,200,200,200,200,200
438249,0,30,0,0,0,1,7,2,0,0,0,0,200,2,200,200,200,200,200,200,200
438253,0,35,0,0,0,1,12,5,0,0,0,0,200,0,200,0,0,200,0,200,200
438253,0,35,0,0,0,1,12,5,0,0,0,0,200,0,200,0,0,200,0,200,200
438254,4,30,0,0,0,1,8,5,0,0,0,17,200,0,14,7,0,0,0,200,200
438254,1,30,0,0,0,1,8,5,0,0,0,17,200,1,29,0,200,200,200,200,200
438263,0,30,0,0,0,1,10,5,0,0,0,0,0,0,59,0,1,0,0,200,200
438263,0,30,0,0,0,1,10,5,0,0,0,0,0,0,41,0,0,0,0,200,200
438269,0,30,1,2,0,1,12,6,0,0,0,21,21,0,66,0,12,200,0,200,200
438269,0,30,1,2,0,1,12,6,0,0,0,21,21,0,31,0,0,0,0,200,200
438269,1,30,1,2,0,1,12,6,0,0,0,21,21,0,200,200,200,200,200,200,200
438273,0,30,1,2,0,1,0,2,0,0,0,6,26,1,24,0,5,0,0,200,200
438273,0,30,1,2,0,1,0,2,0,0,0,6,26,1,56,0,0,0,0,200,200
438273,1,30,1,2,0,1,0,2,0,0,0,6,26,1,29,0,200,200,200,200,200
438273,1,30,1,2,0,1,0,2,0,0,0,6,26,0,7,0,200,200,200,200,200
438278,0,30,0,0,0,1,7,5,0,0,0,0,0,1,200,200,200,200,200,200,200
438278,1,30,0,0,0,1,7,5,0,0,0,0,0,0,28,200,200,200,200,200,200
438279,0,30,0,0,0,1,12,2,0,0,0,0,0,0,44,200,2,200,12,200,200
438279,0,30,0,0,0,1,12,2,0,0,0,0,0,1,58,0,0,0,0,200,200
438279,1,30,0,0,0,1,12,2,0,0,0,0,0,0,200,0,200,200,200,200,200
438279,1,30,0,0,0,1,12,2,0,0,0,0,0,1,200,0,200,200,200,200,200
438285,0,15,0,0,0,1,0,0,0,0,0,17,200,1,47,200,1,0,0,200,200
438285,0,15,0,0,0,1,0,0,0,0,0,17,200,0,66,200,0,0,0,200,200
438291,0,30,0,0,0,1,14,5,0,0,200,11,200,0,28,200,7,200,0,200,200
438291,0,30,0,0,0,1,14,5,0,0,200,11,200,0,26,200,0,0,0,200,200
438296,0,35,0,0,0,1,14,2,0,0,0,200,200,1,47,0,7,0,0,200,200
438296,0,35,0,0,0,1,14,2,0,0,0,200,200,0,23,0,12,6,0,200,200
438296,1,35,0,0,0,1,14,2,0,0,0,200,200,0,17,0,200,200,200,200,200
438312,0,30,0,1,0,1,12,5,0,0,0,22,200,1,45,7,0,0,0,200,200
438312,0,30,0,1,0,1,12,5,0,0,0,22,200,0,53,7,4,0,0,200,200
438321,0,30,0,0,0,1,10,5,0,200,200,18,18,1,200,200,3,200,200,200,200
438321,0,30,0,0,0,1,10,5,0,200,200,18,18,1,49,0,12,200,0,200,200
438323,0,30,1,2,0,3,14,5,0,0,200,17,17,1,200,200,1,200,200,200,200
438323,0,30,1,2,0,3,14,5,0,0,200,17,17,0,28,0,0,0,0,200,200
438324,0,30,1,2,0,1,10,5,0,0,0,18,16,1,200,200,3,200,200,200,200
438324,0,30,1,2,0,1,10,5,0,0,0,18,16,1,200,0,0,0,0,200,200
438324,1,30,1,2,0,1,10,5,0,0,0,18,16,0,200,200,200,200,200,200,200
438328,0,25,1,2,0,1,14,8,0,0,0,0,200,1,65,200,200,0,0,200,200
438328,0,25,1,2,0,1,14,8,0,0,0,0,200,1,48,200,200,200,0,200,200
438330,0,30,0,0,0,1,10,5,0,0,0,18,0,1,27,0,3,0,0,200,200
438330,0,30,0,0,0,1,10,5,0,0,0,18,0,0,34,0,0,0,0,200,200
438332,0,30,200,200,200,200,14,5,0,200,200,23,0,0,58,200,7,200,200,200,200
438332,0,30,200,200,200,200,14,5,0,200,200,23,0,0,34,200,0,200,200,200,200
438334,0,30,0,0,0,1,12,5,0,0,0,0,200,1,200,200,4,200,200,200,200
438334,0,30,0,0,0,1,12,5,0,0,0,0,200,0,73,0,0,0,0,200,200
438334,1,30,0,0,0,1,12,5,0,0,0,0,200,1,200,0,200,200,200,200,200
438345,0,30,1,2,0,3,10,5,0,0,0,18,0,1,200,200,3,200,200,200,200
438345,0,30,1,2,0,3,10,5,0,0,0,18,0,1,17,0,12,0,0,200,200
438369,5,30,0,0,0,4,9,5,0,0,0,0,200,1,31,200,0,0,200,200,200
438369,0,30,0,0,0,4,9,5,0,0,0,0,200,1,62,0,0,0,0,200,200
438370,0,20,0,0,0,1,7,6,0,0,0,16,11,2,200,200,200,200,200,200,200
438371,0,30,1,2,0,4,7,5,0,0,0,0,200,1,200,200,200,200,200,200,200
438375,0,30,2,2,0,3,7,2,0,0,0,22,200,0,24,200,2,200,0,200,200
438380,0,30,1,2,0,4,10,5,0,0,200,18,0,0,22,0,3,200,0,200,200
438380,0,30,1,2,0,4,10,5,0,0,200,18,0,1,48,0,12,200,0,200,200
438380,1,30,1,2,0,4,10,5,0,0,200,18,0,0,15,0,200,200,200,200,200
438387,0,30,200,200,200,200,10,5,0,200,200,18,0,1,200,200,3,200,200,200,200
438387,0,30,200,200,200,200,10,5,0,200,200,18,0,1,27,0,0,200,200,200,200
438390,0,35,1,2,0,0,12,12,0,0,0,18,200,0,32,200,3,200,200,200,200
438390,0,35,1,2,0,0,12,12,0,0,0,18,200,1,57,200,3,0,0,200,200
438400,0,30,0,0,0,3,7,6,0,0,0,0,200,1,26,0,200,0,0,200,200
438402,0,30,0,0,0,3,14,2,0,0,0,23,200,0,27,0,12,0,0,200,200
438402,0,30,0,0,0,3,14,2,0,0,0,23,200,0,25,0,0,0,0,200,200
438402,1,30,0,0,0,3,14,2,0,0,0,23,200,1,26,0,200,200,200,200,200
438402,1,30,0,0,0,3,14,2,0,0,0,23,200,0,0,5,200,200,200,200,200
438402,1,30,0,0,0,3,14,2,0,0,0,23,200,0,4,5,200,200,200,200,200
438402,1,30,0,0,0,3,14,2,0,0,0,23,200,1,7,5,200,200,200,200,200
438405,0,20,0,0,0,0,11,5,0,0,0,10,200,0,16,200,9,200,200,200,200
438405,0,20,0,0,0,0,11,5,0,0,0,10,200,1,18,0,0,0,0,200,200
438405,1,20,0,0,0,0,11,5,0,0,0,10,200,1,8,0,200,200,200,200,200
438417,0,30,1,2,0,3,14,5,0,0,0,14,6,0,200,200,200,200,200,200,200
438417,0,30,1,2,0,3,14,5,0,0,0,14,6,0,17,0,0,200,0,200,200
438417,1,30,1,2,0,3,14,5,0,0,0,14,6,0,21,1,200,200,200,200,200
438417,1,30,1,2,0,3,14,5,0,0,0,14,6,0,19,1,200,200,200,200,200
438417,1,30,1,2,0,3,14,5,0,0,0,14,6,1,200,0,200,200,200,200,200
438417,1,30,1,2,0,3,14,5,0,0,0,14,6,1,200,0,200,200,200,200,200
438418,0,30,0,0,0,0,10,2,0,0,0,200,0,2,200,200,3,200,200,200,200
438418,0,30,0,0,0,0,10,2,0,0,0,200,0,1,24,200,0,0,0,200,200
438419,0,20,0,0,0,3,7,6,0,0,200,0,0,2,200,200,200,200,200,200,200
438439,0,15,0,0,0,3,7,6,0,0,0,28,0,1,36,0,12,0,0,200,200
438440,0,40,0,0,0,3,2,3,2,0,0,11,200,1,23,0,12,0,0,200,200
438440,1,40,0,0,0,3,2,3,2,0,0,11,200,2,200,200,200,200,200,200,200
438440,1,40,0,0,0,3,2,3,2,0,0,11,200,0,19,0,200,200,200,200,200
438442,0,30,1,2,0,0,12,5,0,0,0,21,200,2,200,200,2,200,200,200,200
438442,0,30,1,2,0,0,12,5,0,0,0,21,200,0,55,200,0,0,0,200,200
438442,1,30,1,2,0,0,12,5,0,0,0,21,200,1,200,200,200,200,200,200,200
438442,1,30,1,2,0,0,12,5,0,0,0,21,200,1,200,200,200,200,200,200,200
438444,0,30,2,0,0,3,0,5,2,0,200,5,0,0,200,200,12,200,200,200,200
438444,0,30,2,0,0,3,0,5,2,0,200,5,0,0,37,200,0,200,0,200,200
438446,0,30,1,2,0,4,14,5,0,0,0,17,0,0,42,0,1,0,0,200,200
438446,0,30,1,2,0,4,14,5,0,0,0,17,0,0,17,0,0,0,0,200,200
438446,1,30,1,2,0,4,14,5,0,0,0,17,0,1,12,0,200,200,200,200,200
438446,1,30,1,2,0,4,14,5,0,0,0,17,0,1,13,0,200,200,200,200,200
438453,0,30,1,2,0,3,0,2,0,0,0,0,200,0,45,200,200,0,0,200,200
438453,0,30,1,2,0,3,0,2,0,0,0,0,200,1,41,200,200,0,0,200,200
438459,0,5,0,0,0,200,7,7,0,0,0,0,0,2,200,200,200,200,200,200,200
438460,0,30,1,200,0,0,2,5,0,0,0,13,200,0,0,0,200,0,0,200,200
438462,0,30,1,2,0,0,10,1,0,0,0,0,200,0,200,200,200,200,200,200,200
438462,0,30,1,2,0,0,10,1,0,0,0,0,200,1,38,200,12,0,0,200,200
438462,1,30,1,2,0,0,10,1,0,0,0,0,200,0,200,200,200,200,200,200,200
438462,1,30,1,2,0,0,10,1,0,0,0,0,200,0,2,5,200,200,200,200,200
438464,0,30,1,2,0,3,14,5,0,0,0,23,23,0,40,0,1,0,0,200,200
438464,0,30,1,2,0,3,14,5,0,0,0,23,23,1,32,0,0,0,0,200,200
438473,0,15,0,0,0,3,7,7,0,0,0,20,200,0,48,0,6,5,0,200,200
438474,0,15,1,2,0,1,8,5,0,0,0,200,200,0,200,200,200,200,200,200,200
438474,4,15,1,2,0,1,8,5,0,0,0,200,200,0,23,1,200,200,0,200,200
438482,0,35,1,2,0,3,14,3,0,0,200,18,0,0,25,200,200,200,0,200,200
438482,0,35,1,2,0,3,14,3,0,0,200,18,0,0,27,200,0,200,0,200,200
438497,0,35,1,2,0,3,10,2,0,0,0,0,0,1,200,200,200,200,200,200,200
438497,0,35,1,2,0,3,10,2,0,0,0,0,0,0,44,0,0,0,0,200,200
438497,1,35,1,2,0,3,10,2,0,0,0,0,0,0,200,200,200,200,200,200,200
438516,0,25,0,0,0,2,7,5,0,0,0,0,0,2,200,200,200,200,200,200,200
438527,0,30,1,200,200,1,10,5,0,200,200,0,200,1,200,200,200,200,200,200,200
438527,0,30,1,200,200,1,10,5,0,200,200,0,200,0,25,200,0,200,0,200,200
438527,1,30,1,200,200,1,10,5,0,200,200,0,200,0,200,200,200,200,200,200,200
438527,1,30,1,200,200,1,10,5,0,200,200,0,200,1,200,200,200,200,200,200,200
438529,0,30,0,0,0,3,7,5,0,0,0,0,0,0,200,200,200,200,200,200,200
438547,0,25,0,0,0,3,7,6,0,0,0,0,0,0,200,200,200,200,200,200,200
438549,0,25,0,0,0,3,12,3,0,0,0,14,14,2,200,200,8,200,200,200,200
438549,0,25,0,0,0,3,12,3,0,0,0,14,14,0,49,0,0,0,0,200,200
438549,1,25,0,0,0,3,12,3,0,0,0,14,14,1,25,0,200,200,200,200,200
438549,1,25,0,0,0,3,12,3,0,0,0,14,14,1,200,0,200,200,200,200,200
438552,0,35,1,2,0,3,14,5,0,0,200,16,200,0,46,200,12,200,200,200,200
438552,0,35,1,2,0,3,14,5,0,0,200,16,200,1,24,200,1,200,200,200,200
438552,1,35,1,2,0,3,14,5,0,0,200,16,200,1,49,200,200,200,200,200,200
438552,1,35,1,2,0,3,14,5,0,0,200,16,200,1,48,200,200,200,200,200,200
438553,0,30,1,2,0,0,10,200,0,0,0,18,200,0,200,0,3,0,0,200,200
438553,0,30,1,2,0,0,10,200,0,0,0,18,200,0,52,0,0,0,0,200,200
438553,0,30,1,2,0,0,10,200,0,0,0,18,200,1,0,0,200,0,0,200,200
438555,0,30,1,2,0,1,12,2,0,0,0,25,200,0,200,200,12,200,200,200,200
438555,0,30,1,2,0,1,12,2,0,0,0,25,200,0,57,0,0,0,0,200,200
438559,0,30,0,0,0,3,7,5,0,0,0,0,200,2,200,200,200,200,200,200,200
438568,0,30,0,0,0,3,0,2,0,0,0,16,0,2,200,200,200,200,200,200,200
438568,0,30,0,0,0,3,0,2,0,0,0,16,0,1,44,200,200,0,0,200,200
438568,1,30,0,0,0,3,0,2,0,0,0,16,0,0,40,200,200,200,200,200,200
438568,1,30,0,0,0,3,0,2,0,0,0,16,0,1,40,200,200,200,200,200,200
438572,0,30,1,2,0,1,10,5,0,0,0,18,200,1,36,7,12,0,0,200,200
438572,0,30,1,2,0,1,10,5,0,0,0,18,200,0,31,0,3,0,0,200,200
438577,0,30,1,2,0,0,0,2,0,0,0,6,14,0,30,0,5,0,0,200,200
438577,0,30,1,2,0,0,0,2,0,0,0,6,14,0,62,0,0,0,0,200,200
438577,1,30,1,2,0,0,0,2,0,0,0,6,14,0,61,0,200,200,200,200,200
438579,0,30,0,0,0,3,12,5,0,0,0,22,14,2,200,200,2,200,200,200,200
438579,0,30,0,0,0,3,12,5,0,0,0,22,14,0,27,0,0,0,0,200,200
438580,0,25,0,0,0,3,7,6,0,0,0,0,0,1,58,200,6,200,200,200,200
438584,0,25,0,0,0,3,7,6,0,0,0,0,0,0,200,200,200,200,200,200,200
438594,0,35,0,0,0,3,10,3,0,0,0,18,200,0,35,0,3,0,0,200,200
438594,0,35,0,0,0,3,10,3,0,0,0,18,200,1,34,0,0,0,0,200,200
438594,1,35,0,0,0,3,10,3,0,0,0,18,200,0,36,0,200,200,200,200,200
438598,0,20,0,0,0,3,7,6,0,0,0,200,200,2,200,200,200,200,200,200,200
438606,0,30,0,0,0,3,7,2,0,0,0,28,200,0,40,0,200,0,0,200,200
438614,0,15,0,0,0,3,7,7,0,0,0,20,200,0,200,200,6,200,200,200,200
438624,0,30,0,0,0,3,2,5,0,0,0,0,0,0,200,200,8,200,200,200,200
438624,1,30,0,0,0,3,2,5,0,0,0,0,0,0,16,200,200,200,200,200,200
438624,1,30,0,0,0,3,2,5,0,0,0,0,0,0,18,200,200,200,200,200,200
438627,0,15,0,0,0,3,7,5,0,0,0,0,0,2,200,200,200,200,200,200,200
438634,0,30,0,0,0,3,7,5,0,0,0,0,0,0,31,200,200,0,200,200,200
438634,1,30,0,0,0,3,7,5,0,0,0,0,0,0,200,200,200,200,200,200,200
438634,1,30,0,0,0,3,7,5,0,0,0,0,0,0,200,200,200,200,200,200,200
438634,1,30,0,0,0,3,7,5,0,0,0,0,0,0,34,200,200,200,200,200,200
438634,1,30,0,0,0,3,7,5,0,0,0,0,0,1,200,200,200,200,200,200,200
438647,0,15,0,0,0,3,7,6,0,0,0,7,2,0,20,0,15,0,0,200,0
438648,0,30,1,2,0,3,10,5,0,0,0,18,200,1,24,0,3,0,0,200,200
438648,0,30,1,2,0,3,10,5,0,0,0,18,200,0,41,0,0,0,0,200,200
438657,0,30,0,0,0,3,12,3,0,0,0,21,16,2,200,200,4,200,200,200,200
438657,0,30,0,0,0,3,12,3,0,0,0,21,16,1,39,0,0,0,0,200,200
438669,0,30,0,0,0,200,7,6,0,0,0,0,0,2,200,200,200,200,200,200,200
438679,0,30,0,0,0,3,7,6,0,0,0,0,0,2,200,200,200,200,200,200,200
438684,0,30,0,0,0,3,7,12,3,0,0,32,0,1,26,200,12,200,5,200,200
438684,1,30,0,0,0,3,7,12,3,0,0,32,0,1,28,200,200,200,200,200,200
438687,0,30,1,2,0,3,5,5,0,12,12,8,8,0,36,0,12,1,1,200,200
438687,1,30,1,2,0,3,5,5,0,12,12,8,8,1,35,0,200,200,200,200,200
438687,1,30,1,2,0,3,5,5,0,12,12,8,8,1,200,0,200,200,200,200,200
438687,1,30,1,2,0,3,5,5,0,12,12,8,8,0,42,0,200,200,200,200,200
438687,1,30,1,2,0,3,5,5,0,12,12,8,8,0,200,200,200,200,200,200,200
438708,0,30,0,0,0,0,7,5,0,0,0,16,200,1,23,200,8,200,7,200,200
438715,0,30,2,2,0,3,0,5,0,0,200,5,17,2,200,200,5,200,200,200,200
438715,0,30,2,2,0,3,0,5,0,0,200,5,17,0,28,200,0,200,0,200,200
438720,0,30,1,2,0,3,14,5,0,0,0,0,0,2,200,200,5,200,200,200,200
438720,0,30,1,2,0,3,14,5,0,0,0,0,0,1,54,0,0,0,0,200,200
438733,0,35,1,200,0,0,0,3,0,0,0,0,0,1,45,0,200,200,200,200,200
438733,0,35,1,200,0,0,0,3,0,0,0,0,0,1,77,0,200,0,0,200,200
438737,0,30,1,2,0,3,10,2,0,0,0,22,200,0,44,0,0,0,0,200,200
438737,0,30,1,2,0,3,10,2,0,0,0,22,200,1,36,0,4,200,0,200,200
438740,0,30,1,2,0,0,14,2,0,0,0,0,0,0,33,0,200,0,0,200,200
438740,0,30,1,2,0,0,14,2,0,0,0,0,0,1,52,0,0,0,0,200,200
438753,0,25,0,0,0,1,0,5,0,0,0,17,16,0,0,200,1,200,0,200,200