RD_NO,PERSON_TYPE,POSTED_SPEED_LIMIT,TRAFFIC_CONTROL_DEVICE,DEVICE_CONDITION,WEATHER_CONDITION,LIGHTING_CONDITION,FIRST_CRASH_TYPE,TRAFFICWAY_TYPE,ALIGNMENT,ROADWAY_SURFACE_COND,ROAD_DEFECT,PRIM_CONTRIBUTORY_CAUSE,SEC_CONTRIBUTORY_CAUSE,SEX,AGE,SAFETY_EQUIPMENT,DRIVER_ACTION,DRIVER_VISION,PHYSICAL_CONDITION,BAC_RESULT VALUE,CELL_PHONE_USE
438753,0,25,0,0,0,1,0,5,0,0,0,17,16,1,35,200,0,0,0,200,200
438754,0,30,1,2,0,1,2,5,0,0,0,0,0,0,45,0,12,0,0,200,200
438754,1,30,1,2,0,1,2,5,0,0,0,0,0,1,25,0,200,200,200,200,200
438759,0,30,2,2,0,1,0,5,0,0,0,0,200,0,60,0,200,1,0,200,200
438759,0,30,2,2,0,1,0,5,0,0,0,0,200,0,61,0,200,1,0,200,200
438759,1,30,2,2,0,1,0,5,0,0,0,0,200,200,200,0,200,200,200,200,200
438759,1,30,2,2,0,1,0,5,0,0,0,0,200,200,200,0,200,200,200,200,200
438760,0,30,1,2,0,1,0,6,0,0,0,6,17,0,35,0,5,6,0,200,200
438760,0,30,1,2,0,1,0,6,0,0,0,6,17,0,30,0,0,0,0,200,200
438762,0,25,0,0,0,1,10,5,0,0,0,18,12,1,23,0,3,0,0,200,200
438762,0,25,0,0,0,1,10,5,0,0,0,18,12,0,21,7,0,0,0,200,200
438765,0,30,0,0,0,1,10,2,0,0,0,0,0,1,40,0,3,0,0,200,200
438765,0,30,0,0,0,1,10,2,0,0,0,0,0,0,78,0,0,0,0,200,200
438766,0,30,0,0,0,1,7,2,0,0,0,21,0,0,36,200,10,0,0,200,200
438767,0,20,0,0,0,200,7,6,0,0,0,21,200,2,200,200,1,200,200,200,200
438768,0,10,0,0,0,1,0,7,0,0,0,11,200,0,35,0,12,0,0,200,200
438768,0,10,0,0,0,1,0,7,0,0,0,11,200,0,23,0,0,0,0,200,200
438770,0,30,1,2,0,1,14,2,0,0,0,11,0,0,63,0,7,0,0,200,200
438770,0,30,1,2,0,1,14,2,0,0,0,11,0,1,31,0,0,0,0,200,200
438772,0,30,0,0,0,1,10,5,0,0,0,0,200,2,200,200,200,200,200,200,200
438772,0,30,0,0,0,1,10,5,0,0,0,0,200,1,23,200,200,0,0,200,200
438772,0,30,0,0,0,1,10,5,0,0,0,0,200,1,31,200,200,0,0,200,200
438772,0,30,0,0,0,1,10,5,0,0,0,0,200,0,52,200,0,0,0,200,200
438772,0,30,0,0,0,1,10,5,0,0,0,0,200,0,200,200,200,200,200,200,200
438776,0,35,1,2,0,1,0,3,0,0,0,6,11,1,29,0,5,0,0,200,200
438776,0,35,1,2,0,1,0,3,0,0,0,6,11,0,63,0,0,0,0,200,200
438776,0,35,1,2,0,1,0,3,0,0,0,6,11,1,45,0,0,0,0,200,200
438776,1,35,1,2,0,1,0,3,0,0,0,6,11,1,200,0,200,200,200,200,200
438777,0,30,2,2,0,1,0,12,0,0,0,5,200,1,24,0,5,0,0,200,200
438777,0,30,2,2,0,1,0,12,0,0,0,5,200,1,21,0,0,0,0,200,200
438777,1,30,2,2,0,1,0,12,0,0,0,5,200,1,4,4,200,200,200,200,200
438777,1,30,2,2,0,1,0,12,0,0,0,5,200,1,2,4,200,200,200,200,200
438778,0,25,0,0,0,1,12,5,0,0,0,0,200,0,31,0,12,0,0,200,200
438778,0,25,0,0,0,1,12,5,0,0,0,0,200,1,44,0,0,0,0,200,200
438779,0,30,0,0,0,1,14,5,0,0,0,17,11,0,17,0,1,1,0,200,200
438779,0,30,0,0,0,1,14,5,0,0,0,17,11,0,45,0,0,0,0,200,200
438779,1,30,0,0,0,1,14,5,0,0,0,17,11,1,200,0,200,200,200,200,200
438779,1,30,0,0,0,1,14,5,0,0,0,17,11,1,200,0,200,200,200,200,200
438780,0,30,1,2,0,1,10,5,0,0,0,0,0,0,54,0,12,0,0,200,200
438780,0,30,1,2,0,1,10,5,0,0,0,0,0,1,46,0,12,12,0,200,200
438780,1,30,1,2,0,1,10,5,0,0,0,0,0,0,7,0,200,200,200,200,200
438781,0,25,1,2,0,1,7,6,0,0,0,11,13,0,59,0,0,1,0,200,200
438782,0,30,0,0,0,1,9,3,0,0,200,0,0,0,56,0,12,0,0,200,200
438782,5,30,0,0,0,1,9,3,0,0,200,0,0,0,63,7,12,0,200,200,200
438783,0,20,0,0,0,1,12,5,0,0,0,17,11,1,26,200,1,6,0,200,200
438783,0,20,0,0,0,1,12,5,0,0,0,17,11,1,72,200,0,0,0,200,200
438786,0,30,1,2,0,1,10,5,0,0,0,0,0,0,200,200,200,200,200,200,200
438786,0,30,1,2,0,1,10,5,0,0,0,0,0,0,49,200,200,200,200,200,200
438787,0,30,1,2,0,1,14,2,0,0,0,11,200,2,200,200,12,200,200,200,200
438787,0,30,1,2,0,1,14,2,0,0,0,11,200,0,35,0,0,200,0,200,200
438790,0,30,0,0,0,1,10,5,0,0,0,7,0,1,19,0,3,0,0,200,200
438790,0,30,0,0,0,1,10,5,0,0,0,7,0,0,53,0,0,0,0,200,200
438793,0,30,1,2,0,1,14,5,0,0,0,6,0,0,27,200,5,200,200,200,200
438793,0,30,1,2,0,1,14,5,0,0,0,6,0,0,66,0,0,0,0,200,200
438793,1,30,1,2,0,1,14,5,0,0,0,6,0,0,30,0,200,200,200,200,200
438795,0,20,0,0,0,1,10,6,0,0,0,20,200,0,200,200,6,200,200,200,200
438795,0,20,0,0,0,1,10,6,0,0,0,20,200,0,47,0,0,0,0,200,200
438810,0,30,0,0,0,1,12,3,0,0,4,0,0,0,65,0,200,0,0,200,200
438810,0,30,0,0,0,1,12,3,0,0,4,0,0,0,40,0,0,0,0,200,200
438811,0,30,1,2,0,1,10,5,0,0,0,18,0,1,31,200,3,200,0,200,200
438811,0,30,1,2,0,1,10,5,0,0,0,18,0,0,44,200,0,200,0,200,200
438811,0,30,1,2,0,1,10,5,0,0,0,18,0,1,61,200,0,200,0,200,200
438813,0,30,2,2,0,1,14,2,0,0,0,17,22,0,47,0,1,0,0,200,200
438813,0,30,2,2,0,1,14,2,0,0,0,17,22,0,67,0,0,0,0,200,200
438816,0,30,1,2,0,1,12,5,0,0,0,0,0,2,200,200,200,200,200,200,200
438816,0,30,1,2,0,1,12,5,0,0,0,0,0,0,45,0,200,0,0,200,200
438818,0,30,2,2,0,1,0,2,0,0,0,200,5,2,200,200,1,200,200,200,200
438818,0,30,2,2,0,1,0,2,0,0,0,200,5,1,55,0,0,0,0,200,200
438819,0,30,1,2,0,1,10,5,0,0,200,0,0,0,55,200,3,200,0,200,200
438819,0,30,1,2,0,1,10,5,0,0,200,0,0,0,56,200,0,200,0,200,200
438822,0,30,0,0,0,1,10,5,0,0,0,18,200,1,0,200,3,0,0,200,200
438822,0,30,0,0,0,1,10,5,0,0,0,18,200,1,200,0,0,0,0,200,200
438825,0,15,0,0,0,1,11,7,3,0,0,0,0,1,41,0,200,0,0,200,200
438825,0,15,0,0,0,1,11,7,3,0,0,0,0,1,39,0,0,0,0,200,200
438825,1,15,0,0,0,1,11,7,3,0,0,0,0,1,52,0,200,200,200,200,200
438832,0,20,0,0,0,2,12,2,0,0,0,17,200,0,47,200,1,200,0,200,200
438832,0,20,0,0,0,2,12,2,0,0,0,17,200,1,48,200,0,200,0,200,200
438834,0,20,0,0,0,1,8,6,0,0,0,0,0,0,200,0,200,0,0,200,200
438834,4,20,0,0,0,1,8,6,0,0,0,0,0,0,58,200,200,0,0,200,200
438836,0,30,1,2,0,1,10,2,0,0,0,0,200,0,19,200,200,200,200,200,200
438836,0,30,1,2,0,1,10,2,0,0,0,0,200,0,42,0,0,0,200,200,200
438837,0,20,0,0,0,1,2,6,0,0,0,33,200,0,63,0,12,3,0,200,200
438838,0,30,0,0,0,1,12,3,0,0,0,22,200,0,71,0,4,0,0,200,200
438838,0,30,0,0,0,1,12,3,0,0,0,22,200,0,48,0,0,0,0,200,200
438841,0,30,1,2,0,1,12,5,0,0,0,22,200,0,29,0,12,1,0,200,200
438841,0,30,1,2,0,1,12,5,0,0,0,22,200,0,33,0,0,0,0,200,200
438841,1,30,1,2,0,1,12,5,0,0,0,22,200,1,200,0,200,200,200,200,200
438842,0,20,2,2,0,1,9,6,0,0,0,17,200,1,43,0,1,0,0,200,200
438842,5,20,2,2,0,1,9,6,0,0,0,17,200,1,200,7,0,0,0,200,200
438852,0,20,0,0,0,1,7,5,0,0,0,11,0,1,200,200,200,200,200,200,200
438857,0,30,0,0,0,1,12,3,3,0,0,21,21,0,67,0,4,0,0,200,200
438857,0,30,0,0,0,1,12,3,3,0,0,21,21,1,56,0,0,0,0,200,200
438863,0,30,0,0,0,1,12,200,0,0,0,17,200,0,56,200,1,0,0,200,200
438863,0,30,0,0,0,1,12,200,0,0,0,17,200,0,44,200,0,0,0,200,200
438871,0,40,0,0,0,1,10,3,0,0,0,22,11,0,23,0,4,0,0,200,200
438871,0,40,0,0,0,1,10,3,0,0,0,22,11,1,47,0,0,0,0,200,200
438873,0,25,0,0,0,1,7,6,0,0,0,17,22,1,20,0,1,0,0,200,200
438878,0,30,0,0,0,1,7,2,0,0,0,11,200,1,33,7,12,0,0,200,200
438880,0,30,2,2,0,1,14,5,0,0,0,23,200,0,19,200,7,0,0,200,200
438880,0,30,2,2,0,1,14,5,0,0,0,23,200,0,73,0,0,0,0,200,200
438883,0,30,0,0,0,1,2,7,0,0,0,20,20,1,31,200,6,0,0,200,200
438883,0,30,0,0,0,1,2,7,0,0,0,20,20,1,49,0,0,0,0,200,200
438884,0,30,2,2,0,1,0,12,0,0,0,0,200,1,57,0,200,0,0,200,200
438884,0,30,2,2,0,1,0,12,0,0,0,0,200,0,51,0,200,0,0,200,200
438886,0,30,0,0,0,1,14,5,0,0,0,0,0,1,62,200,3,0,0,200,200
438886,0,30,0,0,0,1,14,5,0,0,0,0,0,0,30,200,0,0,0,200,200
438889,0,30,2,0,0,1,0,5,0,0,200,0,0,1,51,200,200,200,0,200,200
438889,0,30,2,0,0,1,0,5,0,0,200,0,0,0,89,0,0,0,0,200,200
438889,1,30,2,0,0,1,0,5,0,0,200,0,0,0,200,200,200,200,200,200,200
438889,1,30,2,0,0,1,0,5,0,0,200,0,0,1,200,200,200,200,200,200,200
438893,0,30,2,2,0,1,0,3,0,0,12,0,200,1,54,0,200,0,0,200,200
438893,0,30,2,2,0,1,0,3,0,0,12,0,200,1,39,0,200,0,0,200,200
438893,1,30,2,2,0,1,0,3,0,0,12,0,200,1,200,0,200,200,200,200,200
438894,0,30,0,0,0,1,2,3,0,0,0,29,0,0,32,0,0,0,200,200,200
438894,1,30,0,0,0,1,2,3,0,0,0,29,0,1,66,0,200,200,200,200,200
438898,0,30,2,0,0,1,14,5,0,0,0,0,0,1,39,0,12,0,0,200,200
438898,0,30,2,0,0,1,14,5,0,0,0,0,0,2,200,200,200,200,200,200,200
438899,0,20,0,0,0,1,12,5,0,0,0,32,200,1,22,0,1,0,0,200,200
438899,0,20,0,0,0,1,12,5,0,0,0,32,200,0,27,0,0,0,0,200,200
438901,0,0,1,2,0,1,12,2,0,0,0,11,200,0,28,200,4,0,0,200,200
438901,0,0,1,2,0,1,12,2,0,0,0,11,200,0,25,200,12,0,0,200,200
438901,1,0,1,2,0,1,12,2,0,0,0,11,200,1,53,200,200,200,200,200,200
438902,0,30,200,200,200,200,0,5,0,200,200,200,200,0,200,200,200,200,200,200,200
438902,0,30,200,200,200,200,0,5,0,200,200,200,200,0,200,200,200,200,0,200,200
438909,0,30,0,0,0,1,10,5,0,0,0,16,200,0,24,0,3,200,200,200,200
438909,0,30,0,0,0,1,10,5,0,0,0,16,200,0,62,0,0,0,0,200,200
438910,0,30,0,0,0,1,12,5,0,0,0,0,200,0,200,200,1,200,200,200,200
438910,0,30,0,0,0,1,12,5,0,0,0,0,200,0,67,0,0,0,0,200,200
438911,0,20,0,0,0,1,2,0,0,0,0,0,200,0,29,200,200,200,200,200,200
438913,0,30,0,0,0,1,7,5,0,0,0,0,0,2,200,200,200,200,200,200,200
438922,0,35,0,0,0,1,10,5,0,0,0,0,0,0,48,0,0,0,0,200,200
438922,0,35,0,0,0,1,10,5,0,0,0,0,0,0,38,0,0,0,0,200,200
438924,0,30,0,0,0,0,7,5,0,0,0,0,0,0,31,0,200,0,0,200,200
438925,0,0,0,0,0,1,12,5,0,0,0,0,0,0,62,0,4,200,0,200,200
438925,0,0,0,0,0,1,12,5,0,0,0,0,0,1,23,200,0,200,200,200,200
438928,0,30,1,2,0,1,10,2,0,0,0,18,18,1,43,0,3,0,0,200,200
438928,0,30,1,2,0,1,10,2,0,0,0,18,18,0,29,0,0,0,0,200,200
438932,0,30,0,0,0,1,10,3,0,0,0,18,18,0,200,200,3,200,200,200,200
438932,0,30,0,0,0,1,10,3,0,0,0,18,18,1,21,0,0,0,0,200,200
438932,1,30,0,0,0,1,10,3,0,0,0,18,18,1,53,0,200,200,200,200,200
438932,1,30,0,0,0,1,10,3,0,0,0,18,18,0,47,0,200,200,200,200,200
438933,0,30,0,0,0,1,8,5,0,0,0,32,200,1,61,0,8,0,0,200,200
438933,4,30,0,0,0,1,8,5,0,0,0,32,200,0,67,1,0,0,0,200,200
438938,0,30,200,200,200,200,10,2,0,200,200,11,200,0,49,200,200,200,200,200,200
438938,0,30,200,200,200,200,10,2,0,200,200,11,200,0,32,200,0,200,200,200,200
438943,0,30,0,0,200,200,10,5,0,200,200,0,31,0,200,200,200,200,200,200,200
438943,0,30,0,0,200,200,10,5,0,200,200,0,31,1,41,0,200,200,0,200,200
438948,0,30,0,0,0,1,10,2,0,0,0,18,0,0,29,200,3,0,0,200,200
438948,0,30,0,0,0,1,10,2,0,0,0,18,0,1,19,200,0,0,0,200,200
438948,0,30,0,0,0,1,10,2,0,0,0,18,0,0,62,200,0,0,0,200,200
438948,1,30,0,0,0,1,10,2,0,0,0,18,0,1,19,200,200,200,200,200,200
438953,0,30,2,2,0,1,7,2,0,0,0,200,23,0,65,0,0,5,0,200,200
438955,0,15,0,0,0,1,12,6,0,0,0,0,200,0,51,0,200,0,0,200,200
438955,0,15,0,0,0,1,12,6,0,0,0,0,200,1,39,0,12,0,0,200,200
438955,1,15,0,0,0,1,12,6,0,0,0,0,200,200,200,0,200,200,200,200,200
438955,1,15,0,0,0,1,12,6,0,0,0,0,200,200,200,0,200,200,200,200,200
438959,0,30,0,0,2,3,7,2,0,1,0,21,34,1,31,200,4,200,0,200,200
438967,0,30,1,2,0,1,14,1,0,0,0,18,200,0,21,200,3,0,0,200,200
438967,0,30,1,2,0,1,14,1,0,0,0,18,200,0,44,200,0,0,0,200,200
438967,1,30,1,2,0,1,14,1,0,0,0,18,200,0,200,200,200,200,200,200,200
438970,0,30,0,0,0,1,0,5,0,0,0,17,200,1,200,0,1,0,0,200,200
438970,0,30,0,0,0,1,0,5,0,0,0,17,200,1,21,0,0,0,0,200,200
438970,1,30,0,0,0,1,0,5,0,0,0,17,200,1,22,0,200,200,200,200,200
438972,0,30,0,0,0,1,7,7,0,0,0,0,200,2,200,200,200,200,200,200,200
438982,0,20,0,0,0,1,7,7,0,0,0,0,0,2,200,200,200,200,200,200,200
438991,0,25,2,2,0,1,0,5,0,0,0,5,200,0,26,0,12,0,0,200,200
438991,0,25,2,2,0,1,0,5,0,0,0,5,200,1,60,0,12,0,0,200,200
438991,1,25,2,2,0,1,0,5,0,0,0,5,200,0,50,0,200,200,200,200,200
438994,0,30,2,0,0,1,10,5,0,0,0,0,0,0,36,200,200,200,200,200,200
438994,0,30,2,0,0,1,10,5,0,0,0,0,0,1,200,0,0,0,0,200,200
438994,1,30,2,0,0,1,10,5,0,0,0,0,0,0,61,0,200,200,200,200,200
439001,0,30,2,2,0,1,12,12,0,0,0,200,200,1,23,200,0,200,0,200,200
439001,0,30,2,2,0,1,12,12,0,0,0,200,200,0,45,0,0,0,0,200,200
439010,0,30,0,0,0,3,7,5,0,0,0,25,200,2,200,200,12,200,200,200,200
439018,0,25,0,0,0,1,10,5,1,0,0,18,200,0,22,0,3,0,0,200,200
439018,0,25,0,0,0,1,10,5,1,0,0,18,200,0,30,0,0,0,0,200,200
439031,0,30,1,2,0,1,8,6,0,0,0,0,200,0,43,0,200,0,0,200,200
439031,4,30,1,2,0,1,8,6,0,0,0,0,200,0,26,2,0,0,0,200,200
439032,0,30,0,0,0,1,12,2,0,0,0,21,0,0,52,0,4,200,0,200,200
439032,0,30,0,0,0,1,12,2,0,0,0,21,0,0,21,0,0,0,0,200,200
439035,0,25,10,2,0,1,2,2,0,0,0,200,200,0,62,0,12,0,0,200,200
439035,1,25,10,2,0,1,2,2,0,0,0,200,200,0,43,0,200,200,200,200,200
439037,0,30,0,0,0,3,7,6,0,0,0,0,200,2,200,200,200,200,200,200,200
439040,0,30,0,0,0,1,10,5,0,0,0,0,200,1,48,200,0,0,200,200,200
439040,0,30,0,0,0,1,10,5,0,0,0,0,200,1,29,0,0,0,0,200,200
439048,0,30,1,2,0,1,14,2,0,0,0,18,16,1,73,0,3,0,0,200,200
439048,0,30,1,2,0,1,14,2,0,0,0,18,16,0,59,0,0,0,0,200,200
439058,0,30,0,0,0,1,12,5,0,0,0,0,200,1,19,200,200,200,0,200,200
439058,0,30,0,0,0,1,12,5,0,0,0,0,200,0,50,0,0,0,0,200,200
439058,0,30,0,0,0,1,12,5,0,0,0,0,200,0,72,200,1,200,200,200,200
439059,0,30,0,0,0,1,10,2,0,0,0,20,200,0,200,200,6,200,200,200,200
439059,0,30,0,0,0,1,10,2,0,0,0,20,200,1,27,0,0,0,0,200,200
439060,0,30,1,2,0,1,0,5,0,0,0,0,0,0,28,0,200,0,0,200,200
439060,0,30,1,2,0,1,0,5,0,0,0,0,0,0,19,0,200,0,0,200,200
439061,0,30,0,0,0,1,7,5,0,0,0,25,200,0,55,0,12,0,0,200,200
439062,0,20,0,0,0,1,2,5,0,0,0,0,0,0,48,0,200,200,0,200,200
439063,0,30,0,0,0,1,12,5,0,0,0,21,0,1,200,200,4,200,200,200,200
439063,0,30,0,0,0,1,12,5,0,0,0,21,0,0,42,0,0,0,0,200,200
439063,1,30,0,0,0,1,12,5,0,0,0,21,0,0,14,0,200,200,200,200,200
439063,1,30,0,0,0,1,12,5,0,0,0,21,0,0,44,0,200,200,200,200,200
439067,0,30,0,2,0,1,0,8,0,0,0,11,200,1,47,200,12,0,0,200,200
439067,0,30,0,2,0,1,0,8,0,0,0,11,200,0,44,0,0,0,0,200,200
439069,0,35,1,2,0,3,10,5,0,0,0,0,0,0,200,200,200,200,200,200,200
439069,0,35,1,2,0,3,10,5,0,0,0,0,0,1,44,0,0,0,0,200,200
439071,0,30,0,0,0,1,12,2,0,0,0,0,0,0,200,200,1,0,0,200,200
439071,0,30,0,0,0,1,12,2,0,0,0,0,0,1,66,0,0,0,0,200,200
439076,0,30,2,2,0,1,14,2,0,0,0,17,200,0,68,0,1,0,0,200,200
439076,0,30,2,2,0,1,14,2,0,0,0,17,200,1,55,0,1,0,0,200,200
439081,0,35,1,2,0,3,14,3,0,0,12,21,15,0,46,0,7,0,0,200,200
439081,0,35,1,2,0,3,14,3,0,0,12,21,15,0,76,0,0,0,0,200,200
439085,0,30,0,0,0,1,2,7,0,0,12,29,0,0,57,0,0,0,0,200,200
439100,0,35,1,2,0,1,12,5,0,0,0,23,0,1,28,0,7,0,0,200,200
439100,0,35,1,2,0,1,12,5,0,0,0,23,0,0,74,0,0,0,0,200,200
439109,0,30,200,200,200,200,12,5,0,200,200,200,200,1,200,200,200,200,200,200,200
439109,0,30,200,200,200,200,12,5,0,200,200,200,200,0,200,200,200,200,200,200,200
439115,0,30,1,2,0,1,12,2,0,0,0,0,200,2,200,200,200,200,200,200,200
439115,0,30,1,2,0,1,12,2,0,0,0,0,200,0,25,7,0,0,0,200,200
439121,0,30,0,0,0,1,14,3,0,0,0,17,18,1,69,200,1,200,200,200,200
439121,0,30,0,0,0,1,14,3,0,0,0,17,18,1,63,0,0,0,0,200,200
439126,0,30,0,0,0,1,14,5,0,0,0,22,17,0,36,200,2,0,0,200,200
439126,0,30,0,0,0,1,14,5,0,0,0,22,17,0,21,200,0,0,0,200,200
439132,0,30,0,0,0,1,14,2,2,0,0,23,21,0,72,0,7,0,0,200,200
439132,0,30,0,0,0,1,14,2,2,0,0,23,21,0,41,0,0,0,0,200,200
439136,0,0,0,0,0,1,10,7,0,200,200,0,0,0,200,200,200,200,200,200,200
439136,0,0,0,0,0,1,10,7,0,200,200,0,0,1,46,200,200,200,0,200,200
439149,0,30,0,0,0,1,14,2,0,0,0,0,200,0,200,200,200,200,0,200,200
439149,0,30,0,0,0,1,14,2,0,0,0,0,200,1,41,0,0,0,0,200,200
439156,0,15,0,0,0,1,7,7,0,0,0,11,20,1,19,0,6,0,0,200,200
439158,0,35,0,0,0,1,14,7,0,0,0,17,200,0,56,200,1,200,0,200,200
439158,0,35,0,0,0,1,14,7,0,0,0,17,200,0,72,200,0,200,0,200,200
439159,0,30,0,0,0,1,10,2,0,0,0,18,0,0,24,0,3,0,0,200,200
439159,0,30,0,0,0,1,10,2,0,0,0,18,0,0,46,0,0,0,0,200,200
439162,0,20,0,0,0,1,7,6,0,0,0,27,0,0,65,0,200,0,4,200,200
439164,0,20,0,0,0,1,7,6,0,0,0,0,0,0,33,200,200,200,0,200,200
439168,0,15,0,0,0,1,5,6,0,0,0,11,10,0,52,0,8,0,0,200,200
439176,0,30,200,200,200,200,7,5,0,200,200,0,200,2,200,200,200,200,200,200,200
439178,0,30,0,0,0,1,10,3,0,0,0,33,200,0,21,200,6,12,0,200,200
439178,0,30,0,0,0,1,10,3,0,0,0,33,200,0,0,200,0,200,0,200,200
439180,0,30,0,0,0,1,0,6,0,0,0,10,200,1,56,0,9,0,0,200,200
439180,0,30,0,0,0,1,0,6,0,0,0,10,200,0,27,0,12,0,0,200,200
439180,1,30,0,0,0,1,0,6,0,0,0,10,200,1,24,0,200,200,200,200,200
439185,0,30,1,2,0,1,10,5,0,0,0,18,16,0,25,0,3,0,0,200,200
439185,0,30,1,2,0,1,10,5,0,0,0,18,16,0,69,0,0,0,0,200,200
439194,0,30,1,2,0,1,10,5,0,0,0,200,200,0,200,0,12,0,0,200,200
439194,0,30,1,2,0,1,10,5,0,0,0,200,200,0,200,0,12,0,0,200,200
439194,1,30,1,2,0,1,10,5,0,0,0,200,200,0,200,7,200,200,200,200,200
439195,0,30,200,200,0,1,12,5,0,200,200,0,200,1,200,200,200,200,200,200,200
439195,0,30,200,200,0,1,12,5,0,200,200,0,200,0,65,0,200,200,200,200,200
439195,1,30,200,200,0,1,12,5,0,200,200,0,200,1,42,0,200,200,200,200,200
439199,0,30,0,0,0,1,3,7,0,0,0,20,200,1,25,0,6,0,0,200,200
439199,0,30,0,0,0,1,3,7,0,0,0,20,200,0,25,0,0,0,0,200,200
439200,0,30,1,200,0,1,14,2,0,0,0,23,21,0,59,200,7,200,200,200,200
439200,0,30,1,200,0,1,14,2,0,0,0,23,21,0,29,0,200,200,0,200,200
439219,0,5,0,0,0,1,10,7,0,0,0,0,0,0,48,200,3,0,0,200,200
439219,0,5,0,0,0,1,10,7,0,0,0,0,0,1,58,0,0,0,0,200,200
439224,0,0,0,0,0,1,11,5,0,0,0,10,10,0,200,200,4,200,200,200,200
439224,0,0,0,0,0,1,11,5,0,0,0,10,10,0,36,0,0,0,0,200,200
439233,0,30,0,0,0,1,10,5,0,0,0,18,200,0,200,200,3,200,200,200,200
439233,0,30,0,0,0,1,10,5,0,0,0,18,200,0,50,200,0,0,0,200,200
439237,0,30,0,0,0,1,14,5,0,0,0,0,200,0,77,200,12,200,0,200,200
439237,0,30,0,0,0,1,14,5,0,0,0,0,200,2,200,200,200,200,200,200,200
439237,1,30,0,0,0,1,14,5,0,0,0,0,200,0,41,200,200,200,200,200,200
439239,0,30,0,0,0,1,14,6,0,0,0,17,200,0,36,7,1,0,0,200,200
439239,0,30,0,0,0,1,14,6,0,0,0,17,200,0,32,200,0,200,200,200,200
439240,0,30,1,200,0,1,0,5,0,200,200,17,200,0,71,200,200,0,0,200,200
439240,0,30,1,200,0,1,0,5,0,200,200,17,200,0,73,200,200,0,0,200,200
439241,0,25,1,2,0,1,10,5,0,0,0,18,0,0,200,0,3,0,0,200,200
439241,0,25,1,2,0,1,10,5,0,0,0,18,0,0,35,0,0,0,0,200,200
439256,0,30,200,200,0,2,7,5,0,0,0,200,200,0,200,200,200,200,200,200,200
439263,0,30,0,0,200,200,7,5,0,200,0,200,200,2,200,200,200,200,200,200,200
439276,0,30,0,0,0,1,7,3,0,0,0,7,200,0,21,0,12,200,0,200,200
439276,1,30,0,0,0,1,7,3,0,0,0,7,200,0,200,0,200,200,200,200,200
439277,0,30,2,200,0,1,14,5,0,200,200,23,200,0,53,200,200,200,0,200,200
439277,0,30,2,200,0,1,14,5,0,200,200,23,200,1,27,200,0,0,0,200,200
439282,0,30,1,2,0,1,10,2,0,0,0,18,18,0,29,0,0,0,0,200,200
439282,0,30,1,2,0,1,10,2,0,0,0,18,18,1,43,1,0,0,0,200,200
439282,0,30,1,2,0,1,10,2,0,0,0,18,18,0,52,1,0,200,0,200,200
439296,0,35,0,0,0,1,12,5,0,0,0,0,0,0,200,200,2,200,12,200,200
439296,0,35,0,0,0,1,12,5,0,0,0,0,0,1,65,0,0,0,0,200,200
439300,0,30,1,2,0,1,10,5,0,0,0,0,200,1,200,200,200,200,200,200,200
439300,0,30,1,2,0,1,10,5,0,0,0,0,200,0,38,200,0,0,0,200,200
439300,1,30,1,2,0,1,10,5,0,0,0,0,200,0,200,200,200,200,200,200,200
439301,0,30,1,2,0,1,14,5,0,0,0,22,16,0,34,200,1,200,200,200,200
439301,0,30,1,2,0,1,14,5,0,0,0,22,16,0,58,0,0,0,0,200,200
439303,0,30,0,0,0,1,7,6,0,0,0,0,200,0,23,0,12,0,0,200,200
439303,1,30,0,0,0,1,7,6,0,0,0,0,200,0,32,0,200,200,200,200,200
439313,0,30,0,0,0,1,10,5,0,200,200,0,200,1,31,200,3,200,200,200,200
439313,0,30,0,0,0,1,10,5,0,200,200,0,200,0,58,200,0,0,200,200,200
439313,1,30,0,0,0,1,10,5,0,200,200,0,200,0,63,200,200,200,200,200,200
439318,0,30,1,2,0,1,2,5,0,1,0,28,28,1,51,0,12,0,0,200,200
439318,1,30,1,2,0,1,2,5,0,1,0,28,28,200,200,200,200,200,200,200,200
439320,0,30,0,0,0,0,7,0,0,0,0,200,200,2,200,200,200,200,200,200,200
439321,0,30,0,0,0,1,12,6,0,0,0,22,200,0,64,200,12,0,0,200,200
439321,0,30,0,0,0,1,12,6,0,0,0,22,200,0,42,200,0,0,0,200,200
439324,0,30,2,2,0,3,0,5,0,0,0,5,0,0,200,200,12,200,200,200,200
439324,0,30,2,2,0,3,0,5,0,0,0,5,0,1,32,0,0,0,0,200,200
439327,0,25,0,0,0,1,0,2,0,0,0,200,200,1,29,0,3,0,0,200,200
439327,0,25,0,0,0,1,0,2,0,0,0,200,200,0,32,0,0,0,0,200,200
439328,0,30,1,2,0,1,10,2,0,0,0,0,200,0,58,200,200,0,200,200,200
439328,0,30,1,2,0,1,10,2,0,0,0,0,200,1,28,0,0,0,200,200,200
439330,0,30,1,2,0,1,14,5,0,0,0,22,16,0,200,200,1,200,200,200,200
439330,0,30,1,2,0,1,14,5,0,0,0,22,16,0,32,0,0,0,0,200,200
439330,1,30,1,2,0,1,14,5,0,0,0,22,16,1,29,0,200,200,200,200,200
439333,0,30,0,0,0,1,10,5,0,0,0,16,28,1,200,200,1,200,200,200,200
439333,0,30,0,0,0,1,10,5,0,0,0,16,28,0,42,200,0,200,0,200,200
439334,0,25,0,0,0,1,10,5,0,0,0,18,0,0,42,0,3,0,0,200,200
439334,0,25,0,0,0,1,10,5,0,0,0,18,0,0,39,0,0,0,0,200,200