RD_NO,PERSON_TYPE,POSTED_SPEED_LIMIT,TRAFFIC_CONTROL_DEVICE,DEVICE_CONDITION,WEATHER_CONDITION,LIGHTING_CONDITION,FIRST_CRASH_TYPE,TRAFFICWAY_TYPE,ALIGNMENT,ROADWAY_SURFACE_COND,ROAD_DEFECT,PRIM_CONTRIBUTORY_CAUSE,SEC_CONTRIBUTORY_CAUSE,SEX,AGE,SAFETY_EQUIPMENT,DRIVER_ACTION,DRIVER_VISION,PHYSICAL_CONDITION,BAC_RESULT VALUE,CELL_PHONE_USE
440437,0,30,200,200,200,200,7,5,0,12,200,200,200,2,200,200,200,200,200,200,200
440441,0,10,0,0,1,1,0,0,0,0,0,0,0,0,19,0,1,0,0,200,200
440441,0,10,0,0,1,1,0,0,0,0,0,0,0,1,57,0,1,12,0,200,200
440441,1,10,0,0,1,1,0,0,0,0,0,0,0,0,28,0,200,200,200,200,200
440441,1,10,0,0,1,1,0,0,0,0,0,0,0,0,19,0,200,200,200,200,200
440445,0,20,0,0,0,1,12,5,0,0,0,0,0,0,49,0,12,0,0,200,200
440445,0,20,0,0,0,1,12,5,0,0,0,0,0,0,64,0,12,0,0,200,200
440445,1,20,0,0,0,1,12,5,0,0,0,0,0,1,200,0,200,200,200,200,200
440446,0,30,1,2,0,1,7,2,0,0,0,18,200,0,19,200,3,0,0,200,200
440454,0,30,0,0,0,1,14,2,0,0,0,0,200,0,19,200,200,200,200,200,200
440454,0,30,0,0,0,1,14,2,0,0,0,0,200,1,59,0,0,0,0,200,200
440454,1,30,0,0,0,1,14,2,0,0,0,0,200,0,200,200,200,200,200,200,200
440458,0,30,1,2,1,1,10,6,0,0,0,16,16,0,200,200,3,200,200,200,200
440458,0,30,1,2,1,1,10,6,0,0,0,16,16,0,51,0,0,0,0,200,200
440458,1,30,1,2,1,1,10,6,0,0,0,16,16,1,26,0,200,200,200,200,200
440461,0,30,0,0,0,1,4,5,0,0,0,0,0,1,43,200,200,0,0,200,200
440461,2,30,0,0,0,1,4,5,0,0,0,0,0,200,200,200,200,200,200,200,200
440465,0,30,1,2,0,1,9,5,0,0,0,20,200,1,49,0,6,0,0,200,200
440465,5,30,1,2,0,1,9,5,0,0,0,20,200,0,1,7,0,12,0,200,200
440472,0,5,0,0,0,1,14,7,0,0,0,0,0,1,43,0,1,0,0,200,200
440472,0,5,0,0,0,1,14,7,0,0,0,0,0,1,0,0,8,0,0,200,200
440474,0,30,0,0,0,1,0,6,0,0,0,17,0,0,47,200,1,200,200,200,200
440474,0,30,0,0,0,1,0,6,0,0,0,17,0,1,45,0,0,0,0,200,200
440482,0,20,0,0,0,200,7,5,0,0,0,20,200,2,200,200,6,200,200,200,200
440488,0,30,0,0,0,1,7,5,0,0,0,17,17,0,200,200,1,200,200,200,200
440491,0,30,0,0,0,1,10,2,0,0,0,18,200,1,35,200,3,0,0,200,200
440491,0,30,0,0,0,1,10,2,0,0,0,18,200,1,45,200,0,0,0,200,200
440498,0,25,2,2,0,1,12,6,0,0,0,0,0,1,200,200,10,0,0,200,200
440498,0,25,2,2,0,1,12,6,0,0,0,0,0,0,43,200,200,0,0,200,200
440507,0,10,0,0,0,1,7,7,0,0,0,0,0,2,200,200,200,200,200,200,200
440514,0,30,0,0,200,1,7,2,0,200,0,0,0,2,200,200,200,200,200,200,200
440526,0,30,1,3,0,1,14,3,0,0,0,0,200,1,200,200,200,200,200,200,200
440526,0,30,1,3,0,1,14,3,0,0,0,0,200,1,55,0,0,0,0,200,200
440526,0,30,1,3,0,1,14,3,0,0,0,0,200,1,200,200,0,200,200,200,200
440526,1,30,1,3,0,1,14,3,0,0,0,0,200,1,200,200,200,200,200,200,200
440526,1,30,1,3,0,1,14,3,0,0,0,0,200,0,59,0,200,200,200,200,200
440527,0,30,0,0,0,1,7,2,0,0,0,0,0,2,200,200,200,200,200,200,200
440528,0,25,0,0,0,1,7,2,0,0,0,22,11,1,31,200,7,0,0,200,200
440530,0,15,0,0,0,1,7,7,0,0,200,0,0,2,200,200,6,200,200,200,200
440535,0,30,9,2,0,1,12,1,0,0,0,22,29,1,30,0,2,0,0,200,200
440535,0,30,9,2,0,1,12,1,0,0,0,22,29,0,42,0,0,0,0,200,200
440540,0,30,1,2,0,1,10,3,0,0,0,16,21,1,0,0,7,200,200,200,200
440540,0,30,1,2,0,1,10,3,0,0,0,16,21,0,53,0,0,200,0,200,200
440540,1,30,1,2,0,1,10,3,0,0,0,16,21,1,4,5,200,200,200,200,200
440549,0,30,0,0,0,1,14,5,0,0,0,0,0,1,200,200,200,200,200,200,200
440549,0,30,0,0,0,1,14,5,0,0,0,0,0,0,27,0,0,0,0,200,200
440549,0,30,0,0,0,1,14,5,0,0,0,0,0,0,200,200,0,200,200,200,200
440549,1,30,0,0,0,1,14,5,0,0,0,0,0,0,200,0,200,200,200,200,200
440551,0,30,3,2,0,1,7,2,0,0,0,0,200,2,200,200,200,200,200,200,200
440563,0,30,4,2,0,1,10,5,0,0,0,7,0,0,29,0,12,0,0,200,200
440563,0,30,4,2,0,1,10,5,0,0,0,7,0,0,23,0,0,0,0,200,200
440563,0,30,4,2,0,1,10,5,0,0,0,7,0,1,33,0,0,0,0,200,200
440564,0,30,0,0,0,3,7,5,0,0,0,21,200,0,200,200,2,0,0,200,200
440566,0,30,1,2,0,1,9,6,0,0,0,20,200,0,200,200,6,200,200,200,200
440566,5,30,1,2,0,1,9,6,0,0,0,20,200,0,40,7,0,0,0,200,200
440588,0,30,1,2,0,1,10,3,0,0,0,200,0,1,31,0,12,0,0,200,200
440588,0,30,1,2,0,1,10,3,0,0,0,200,0,0,200,200,0,200,200,200,200
440590,0,30,0,0,0,1,12,6,0,0,0,17,200,0,25,200,1,0,0,200,200
440590,0,30,0,0,0,1,12,6,0,0,0,17,200,0,25,200,0,0,0,200,200
440591,0,30,3,2,0,1,12,2,0,0,0,22,4,1,23,0,2,0,0,200,200
440591,0,30,3,2,0,1,12,2,0,0,0,22,4,0,66,0,0,0,0,200,200
440593,4,30,0,0,0,1,8,2,0,0,0,10,0,0,48,200,9,0,0,200,200
440593,0,30,0,0,0,1,8,2,0,0,0,10,0,0,74,200,0,200,0,200,200
440593,1,30,0,0,0,1,8,2,0,0,0,10,0,0,23,200,200,200,200,200,200
440594,0,1,0,0,0,1,14,5,0,0,0,0,200,0,35,0,200,200,0,200,200
440594,0,1,0,0,0,1,14,5,0,0,0,0,200,0,25,0,0,0,0,200,200
440595,0,30,0,0,0,1,7,6,0,0,0,0,0,1,30,200,200,200,200,200,200
440599,0,15,0,0,0,1,7,7,0,0,0,18,200,2,200,200,200,200,200,200,200
440600,0,0,0,0,1,1,14,6,0,0,0,17,200,0,29,200,1,0,0,200,200
440600,0,0,0,0,1,1,14,6,0,0,0,17,200,1,35,200,0,0,0,200,200
440600,1,0,0,0,1,1,14,6,0,0,0,17,200,1,25,200,200,200,200,200,200
440602,0,25,2,2,0,1,0,5,0,0,0,17,16,1,35,200,1,0,0,200,200
440602,0,25,2,2,0,1,0,5,0,0,0,17,16,0,66,200,0,0,0,200,200
440606,0,30,0,0,0,1,5,7,0,0,0,0,0,0,200,200,6,200,0,200,200
440606,0,30,0,0,0,1,5,7,0,0,0,0,0,1,65,0,0,0,0,200,200
440608,0,30,0,0,0,1,7,6,0,0,0,0,0,1,200,200,200,200,200,200,200
440608,1,30,0,0,0,1,7,6,0,0,0,0,0,2,0,0,200,200,200,200,200
440608,1,30,0,0,0,1,7,6,0,0,0,0,0,1,66,0,200,200,200,200,200
440618,0,35,1,2,0,1,12,5,0,0,0,0,0,0,56,0,200,200,0,200,200
440618,0,35,1,2,0,1,12,5,0,0,0,0,0,0,34,0,0,200,0,200,200
440622,0,30,1,2,0,1,10,2,0,0,0,0,200,1,33,0,200,200,0,200,200
440622,0,30,1,2,0,1,10,2,0,0,0,0,200,0,41,0,0,0,0,200,200
440630,0,30,0,0,0,4,12,5,0,0,0,22,16,2,200,200,4,200,200,200,200
440630,0,30,0,0,0,4,12,5,0,0,0,22,16,0,47,3,0,0,0,200,200
440630,1,30,0,0,0,4,12,5,0,0,0,22,16,1,200,3,200,200,200,200,200
440633,5,30,0,0,0,1,9,5,0,0,0,200,200,0,19,7,1,0,0,200,200
440633,0,30,0,0,0,1,9,5,0,0,0,200,200,0,59,0,0,0,0,200,200
440647,0,30,0,0,0,1,12,6,0,0,0,22,200,0,200,200,2,200,200,200,200
440647,0,30,0,0,0,1,12,6,0,0,0,22,200,0,58,0,0,0,0,200,200
440649,0,15,0,0,0,1,10,5,0,0,0,0,200,1,0,7,0,0,0,200,200
440649,0,15,0,0,0,1,10,5,0,0,0,0,200,0,57,7,0,0,0,200,200
440658,0,35,0,0,0,1,10,2,0,0,0,18,16,1,30,0,3,0,0,200,200
440658,0,35,0,0,0,1,10,2,0,0,0,18,16,0,43,0,0,0,0,200,200
440661,0,30,0,0,0,3,7,5,0,0,0,16,200,0,200,200,10,200,200,200,200
440661,1,30,0,0,0,3,7,5,0,0,0,16,200,0,200,0,200,200,200,200,200
440661,1,30,0,0,0,3,7,5,0,0,0,16,200,1,200,0,200,200,200,200,200
440666,0,25,0,0,0,1,7,6,0,0,0,200,0,0,28,0,12,0,0,200,200
440673,0,30,0,0,0,1,14,2,0,0,0,5,5,1,29,200,1,200,0,200,200
440673,0,30,0,0,0,1,14,2,0,0,0,5,5,0,51,0,0,0,0,200,200
440678,0,30,1,2,0,1,9,5,0,0,0,17,200,0,57,200,1,6,12,200,200
440678,5,30,1,2,0,1,9,5,0,0,0,17,200,0,20,200,0,0,0,200,200
440682,0,30,9,2,0,1,0,2,0,0,0,0,0,1,63,0,200,0,0,200,200
440682,0,30,9,2,0,1,0,2,0,0,0,0,0,0,79,1,0,0,0,200,200
440683,0,30,1,2,0,1,12,6,0,0,0,17,17,1,27,1,1,200,0,200,200
440683,0,30,1,2,0,1,12,6,0,0,0,17,17,0,32,0,200,200,0,200,200
440683,1,30,1,2,0,1,12,6,0,0,0,17,17,0,30,0,200,200,200,200,200
440684,0,45,1,2,0,3,12,200,0,0,0,0,200,0,54,200,200,200,200,200,200
440684,0,45,1,2,0,3,12,200,0,0,0,0,200,1,25,0,200,200,200,200,200
440688,0,30,0,0,0,1,0,5,0,0,0,0,0,0,48,0,12,0,0,200,200
440688,0,30,0,0,0,1,0,5,0,0,0,0,0,0,37,7,0,0,0,200,200
440689,0,30,2,0,0,1,14,5,0,0,0,17,200,0,51,200,1,200,200,200,200
440689,0,30,2,0,0,1,14,5,0,0,0,17,200,1,29,200,0,0,0,200,200
440690,0,30,1,2,0,1,14,5,0,0,0,18,200,2,200,200,3,200,200,200,200
440690,0,30,1,2,0,1,14,5,0,0,0,18,200,0,43,0,0,0,0,200,200
440691,0,30,1,2,0,1,12,5,0,0,0,0,200,2,200,200,200,200,200,200,200
440691,0,30,1,2,0,1,12,5,0,0,0,0,200,1,67,0,0,0,0,200,200
440695,0,20,2,2,0,1,14,6,0,0,0,23,22,2,200,200,7,200,200,200,200
440695,0,20,2,2,0,1,14,6,0,0,0,23,22,1,54,0,0,0,0,200,200
440698,0,25,0,0,0,1,12,5,0,0,0,17,200,0,24,200,0,0,0,200,200
440698,0,25,0,0,0,1,12,5,0,0,0,17,200,0,23,200,0,200,200,200,200
440709,0,15,4,0,0,1,2,7,0,0,200,0,200,0,200,200,200,200,200,200,200
440712,0,30,0,0,0,1,14,5,0,0,200,23,23,0,53,200,7,0,0,200,200
440712,0,30,0,0,0,1,14,5,0,0,200,23,23,1,27,200,0,0,0,200,200
440713,0,30,1,2,0,1,10,5,0,0,0,0,200,1,20,200,200,200,200,200,200
440713,0,30,1,2,0,1,10,5,0,0,0,0,200,1,46,0,0,0,0,200,200
440720,0,30,0,0,0,1,12,5,0,0,200,0,0,2,200,200,200,200,200,200,200
440720,0,30,0,0,0,1,12,5,0,0,200,0,0,1,57,0,200,200,200,200,200
440725,0,35,1,2,1,1,5,2,0,0,0,18,200,0,20,0,3,0,0,200,200
440725,0,35,1,2,1,1,5,2,0,0,0,18,200,1,71,0,0,0,0,200,200
440725,1,35,1,2,1,1,5,2,0,0,0,18,200,1,20,0,200,200,200,200,200
440726,0,30,200,2,0,1,7,5,0,0,0,22,22,0,30,200,2,0,0,200,200
440728,0,30,0,0,0,4,14,5,0,0,0,200,200,1,200,0,0,0,0,200,200
440728,0,30,0,0,0,4,14,5,0,0,0,200,200,0,26,0,0,0,0,200,200
440728,1,30,0,0,0,4,14,5,0,0,0,200,200,0,200,0,200,200,200,200,200
440732,0,30,0,0,0,1,2,5,0,0,12,0,0,0,59,200,12,200,0,200,200
440738,0,30,0,0,0,1,10,5,0,0,0,200,200,0,200,200,200,200,0,200,200
440738,0,30,0,0,0,1,10,5,0,0,0,200,200,0,200,0,0,0,0,200,200
440740,0,30,0,0,0,1,2,5,0,0,0,13,0,0,34,200,12,0,7,200,200
440740,1,30,0,0,0,1,2,5,0,0,0,13,0,1,32,200,200,200,200,200,200
440751,0,30,200,200,200,200,0,5,0,200,200,0,0,0,27,200,200,200,0,200,200
440751,0,30,200,200,200,200,0,5,0,200,200,0,0,2,200,200,200,200,200,200,200
440753,0,30,0,0,0,1,10,2,0,0,0,0,0,0,33,200,200,0,200,200,200
440753,0,30,0,0,0,1,10,2,0,0,0,0,0,1,63,200,0,0,0,200,200
440754,0,30,0,0,0,1,12,5,0,0,0,21,0,0,58,0,4,0,0,200,200
440754,0,30,0,0,0,1,12,5,0,0,0,21,0,0,66,0,0,0,0,200,200
440763,0,30,1,2,0,1,12,2,0,0,0,16,0,1,26,0,1,0,0,200,200
440763,0,30,1,2,0,1,12,2,0,0,0,16,0,1,60,0,12,0,0,200,200
440764,0,30,4,2,0,1,10,3,0,0,0,18,18,1,27,200,3,200,0,200,200
440764,0,30,4,2,0,1,10,3,0,0,0,18,18,1,56,200,0,200,0,200,200
440764,0,30,4,2,0,1,10,3,0,0,0,18,18,0,75,200,3,200,0,200,200
440764,1,30,4,2,0,1,10,3,0,0,0,18,18,0,4,200,200,200,200,200,200
440766,0,35,0,0,0,1,12,5,0,0,0,22,0,0,200,200,2,200,200,200,200
440766,0,35,0,0,0,1,12,5,0,0,0,22,0,0,53,200,200,200,0,200,200
440766,1,35,0,0,0,1,12,5,0,0,0,22,0,1,19,200,200,200,200,200,200
440766,1,35,0,0,0,1,12,5,0,0,0,22,0,1,52,200,200,200,200,200,200
440776,0,30,1,2,0,1,10,12,0,0,0,18,11,0,57,0,3,0,0,200,200
440776,0,30,1,2,0,1,10,12,0,0,0,18,11,1,37,0,0,0,0,200,200
440776,1,30,1,2,0,1,10,12,0,0,0,18,11,1,33,0,200,200,200,200,200
440777,0,30,0,0,0,1,12,6,0,0,0,22,200,0,50,0,0,0,0,200,200
440777,0,30,0,0,0,1,12,6,0,0,0,22,200,0,34,0,0,0,0,200,200
440778,0,40,12,2,0,1,10,3,2,0,0,0,0,1,27,200,12,0,0,200,200
440778,0,40,12,2,0,1,10,3,2,0,0,0,0,1,67,200,200,0,0,200,200
440778,0,40,12,2,0,1,10,3,2,0,0,0,0,1,28,200,200,0,0,200,200
440779,0,0,2,2,0,1,14,7,0,0,0,11,11,1,18,0,200,0,0,200,200
440779,0,0,2,2,0,1,14,7,0,0,0,11,11,1,70,0,0,0,0,200,200
440779,1,0,2,2,0,1,14,7,0,0,0,11,11,0,20,0,200,200,200,200,200
440783,0,30,1,2,0,1,14,6,0,0,0,22,200,1,28,0,7,0,0,200,200
440783,0,30,1,2,0,1,14,6,0,0,0,22,200,0,61,0,0,0,0,200,200
440789,0,30,1,2,2,1,12,2,0,0,0,0,200,2,63,200,200,200,200,200,200
440789,0,30,1,2,2,1,12,2,0,0,0,0,200,0,60,0,0,4,0,200,200
440793,0,25,0,0,0,1,12,5,0,0,0,17,200,0,52,2,1,0,0,200,200
440793,0,25,0,0,0,1,12,5,0,0,0,17,200,0,28,0,0,0,0,200,200
440793,1,25,0,0,0,1,12,5,0,0,0,17,200,0,51,0,200,200,200,200,200
440796,0,30,0,0,0,1,10,5,0,0,200,0,0,0,59,200,200,200,200,200,200
440796,0,30,0,0,0,1,10,5,0,0,200,0,0,1,50,0,0,200,200,200,200
440798,0,0,1,2,0,1,10,12,0,0,0,0,0,2,200,200,200,200,200,200,200
440798,0,0,1,2,0,1,10,12,0,0,0,0,0,0,40,0,0,0,0,200,200
440805,0,30,0,0,0,1,12,5,0,0,0,17,200,1,30,0,1,0,0,200,200
440805,0,30,0,0,0,1,12,5,0,0,0,17,200,1,37,0,0,0,0,200,200
440805,1,30,0,0,0,1,12,5,0,0,0,17,200,0,8,0,200,200,200,200,200
440805,1,30,0,0,0,1,12,5,0,0,0,17,200,1,5,0,200,200,200,200,200
440807,0,30,0,0,0,1,10,5,0,0,0,16,18,1,200,200,3,200,200,200,200
440807,0,30,0,0,0,1,10,5,0,0,0,16,18,0,55,200,0,0,0,200,200
440809,0,30,1,2,0,1,14,2,0,0,0,17,23,0,200,200,1,200,200,200,200
440809,0,30,1,2,0,1,14,2,0,0,0,17,23,1,28,0,0,0,0,200,200
440809,1,30,1,2,0,1,14,2,0,0,0,17,23,0,200,0,200,200,200,200,200
440810,0,30,2,2,0,1,10,5,0,0,0,0,200,0,52,0,200,0,0,200,200
440810,0,30,2,2,0,1,10,5,0,0,0,0,200,1,34,0,0,0,0,200,200
440811,0,30,1,2,0,1,10,5,0,0,200,18,0,1,36,200,3,0,0,200,200
440811,0,30,1,2,0,1,10,5,0,0,200,18,0,0,54,0,0,0,0,200,200
440816,0,30,1,2,0,1,14,6,0,0,0,23,200,0,31,200,7,0,200,200,200
440816,0,30,1,2,0,1,14,6,0,0,0,23,200,0,48,0,0,0,0,200,200
440819,0,30,1,2,0,1,14,1,0,0,1,0,200,1,35,0,1,1,0,200,200
440819,0,30,1,2,0,1,14,1,0,0,1,0,200,1,39,0,200,1,0,200,200
440819,1,30,1,2,0,1,14,1,0,0,1,0,200,0,30,0,200,200,200,200,200
440820,0,30,1,2,1,1,10,2,0,0,0,18,0,1,45,0,3,0,0,200,200
440820,0,30,1,2,1,1,10,2,0,0,0,18,0,1,45,0,0,0,0,200,200
440820,1,30,1,2,1,1,10,2,0,0,0,18,0,1,200,0,200,200,200,200,200
440820,1,30,1,2,1,1,10,2,0,0,0,18,0,0,200,0,200,200,200,200,200
440820,1,30,1,2,1,1,10,2,0,0,0,18,0,200,200,0,200,200,200,200,200
440820,1,30,1,2,1,1,10,2,0,0,0,18,0,200,200,0,200,200,200,200,200
440823,0,30,1,2,0,1,0,6,0,0,200,6,17,0,200,200,1,200,200,200,200
440823,0,30,1,2,0,1,0,6,0,0,200,6,17,1,54,0,12,0,0,200,200
440823,1,30,1,2,0,1,0,6,0,0,200,6,17,0,200,200,200,200,200,200,200
440823,1,30,1,2,0,1,0,6,0,0,200,6,17,0,200,200,200,200,200,200,200
440827,0,30,1,2,1,1,0,2,0,0,0,6,16,0,24,200,5,0,0,200,200
440827,0,30,1,2,1,1,0,2,0,0,0,6,16,0,55,200,0,0,0,200,200
440827,1,30,1,2,1,1,0,2,0,0,0,6,16,1,24,200,200,200,200,200,200
440842,0,30,0,0,0,1,14,5,0,0,0,0,0,0,44,0,200,0,0,200,200
440842,0,30,0,0,0,1,14,5,0,0,0,0,0,0,59,0,0,0,0,200,200
440842,1,30,0,0,0,1,14,5,0,0,0,0,0,1,200,0,200,200,200,200,200
440842,1,30,0,0,0,1,14,5,0,0,0,0,0,0,25,0,200,200,200,200,200
440843,0,30,1,2,0,1,14,5,0,0,0,17,200,0,69,0,1,0,0,200,200
440843,0,30,1,2,0,1,14,5,0,0,0,17,200,0,38,0,0,0,0,200,200
440846,0,30,0,0,0,1,7,5,0,0,0,0,200,0,200,200,200,200,200,200,200
440848,0,15,0,0,1,1,0,7,0,0,12,26,20,1,53,200,200,200,200,200,200
440848,0,15,0,0,1,1,0,7,0,0,12,26,20,1,57,0,200,200,0,200,200
440852,0,0,0,0,0,1,7,7,0,0,0,0,0,2,200,200,200,200,200,200,200
440853,0,35,1,2,0,1,14,5,0,0,200,0,0,0,79,200,7,200,0,200,200
440853,0,35,1,2,0,1,14,5,0,0,200,0,0,1,34,0,0,0,0,200,200
440854,0,30,0,0,0,1,10,6,0,0,0,0,200,2,200,200,200,200,200,200,200
440854,0,30,0,0,0,1,10,6,0,0,0,0,200,1,28,0,0,0,0,200,200
440854,1,30,0,0,0,1,10,6,0,0,0,0,200,0,200,200,200,200,200,200,200
440855,0,20,0,0,0,1,7,6,0,0,0,22,0,1,53,200,2,0,0,200,200
440855,1,20,0,0,0,1,7,6,0,0,0,22,0,0,200,200,200,200,200,200,200
440856,0,30,0,0,0,1,0,2,0,0,0,22,16,0,19,0,2,0,0,200,200
440856,0,30,0,0,0,1,0,2,0,0,0,22,16,1,19,0,12,0,0,200,200
440858,0,20,0,0,0,1,2,6,0,0,0,27,27,1,30,0,12,12,4,200,200
440863,0,5,0,0,0,1,0,7,0,0,0,20,0,0,200,200,6,200,200,200,200
440863,0,5,0,0,0,1,0,7,0,0,0,20,0,1,74,0,0,0,0,200,200
440863,1,5,0,0,0,1,0,7,0,0,0,20,0,0,16,0,200,200,200,200,200
440864,0,30,1,2,0,1,10,2,0,0,0,18,16,1,26,200,3,200,200,200,200
440864,0,30,1,2,0,1,10,2,0,0,0,18,16,1,18,200,0,200,200,200,200
440871,0,30,0,0,0,1,12,5,0,0,0,200,200,0,31,0,0,0,0,200,200
440871,0,30,0,0,0,1,12,5,0,0,0,200,200,1,33,0,0,0,0,200,200
440871,1,30,0,0,0,1,12,5,0,0,0,200,200,0,200,0,200,200,200,200,200
440871,1,30,0,0,0,1,12,5,0,0,0,200,200,0,200,0,200,200,200,200,200
440871,1,30,0,0,0,1,12,5,0,0,0,200,200,0,200,0,200,200,200,200,200
440874,0,30,0,0,0,1,11,2,0,0,0,200,200,0,200,200,12,200,200,200,200
440874,0,30,0,0,0,1,11,2,0,0,0,200,200,0,200,0,0,0,0,200,200
440876,0,20,0,0,0,1,0,0,0,0,200,17,0,0,24,0,1,0,0,200,200
440876,0,20,0,0,0,1,0,0,0,0,200,17,0,0,33,0,0,0,0,200,200
440876,1,20,0,0,0,1,0,0,0,0,200,17,0,1,23,0,200,200,200,200,200
440881,0,35,0,0,0,1,2,12,0,0,0,200,200,1,20,200,12,200,0,200,200
440883,0,35,1,2,0,1,10,2,0,0,0,18,16,0,44,200,3,0,200,200,200
440883,0,35,1,2,0,1,10,2,0,0,0,18,16,1,41,0,0,0,0,200,200
440891,0,30,0,0,0,1,14,2,0,0,0,17,16,0,28,0,1,0,0,200,200
440891,0,30,0,0,0,1,14,2,0,0,0,17,16,0,27,0,4,0,0,200,200
440897,0,30,0,0,0,1,0,2,0,0,200,0,200,0,200,200,200,200,200,200,200
440897,0,30,0,0,0,1,0,2,0,0,200,0,200,0,23,0,0,200,0,200,200
440898,0,30,1,2,0,1,12,5,0,0,0,0,200,0,200,200,200,200,200,200,200
440898,0,30,1,2,0,1,12,5,0,0,0,0,200,0,39,0,0,0,0,200,200
440898,1,30,1,2,0,1,12,5,0,0,0,0,200,0,200,200,200,200,200,200,200
440898,1,30,1,2,0,1,12,5,0,0,0,0,200,0,35,0,200,200,200,200,200
440900,0,30,0,0,0,1,12,5,0,0,0,17,17,0,27,200,1,12,0,200,200
440900,0,30,0,0,0,1,12,5,0,0,0,17,17,0,60,200,0,12,0,200,200
440901,0,30,1,2,0,1,14,5,0,0,0,17,16,0,200,0,1,0,0,200,200
440901,0,30,1,2,0,1,14,5,0,0,0,17,16,1,200,0,0,0,0,200,200
440901,1,30,1,2,0,1,14,5,0,0,0,17,16,0,200,0,200,200,200,200,200
440904,0,30,0,0,0,4,10,5,0,0,0,200,200,1,26,0,0,0,0,200,200
440904,0,30,0,0,0,4,10,5,0,0,0,200,200,1,66,0,0,0,0,200,200
440906,0,30,1,2,0,1,10,5,0,0,0,18,0,0,47,200,3,0,0,200,200
440906,0,30,1,2,0,1,10,5,0,0,0,18,0,1,28,200,0,0,0,200,200
440916,0,30,0,0,0,1,14,3,0,0,0,17,21,1,32,200,200,200,200,200,200
440916,0,30,0,0,0,1,14,3,0,0,0,17,21,1,27,200,200,200,200,200,200
440923,0,30,1,2,0,1,8,6,0,0,0,17,16,1,27,0,1,0,0,200,200
440923,4,30,1,2,0,1,8,6,0,0,0,17,16,0,16,2,0,0,0,200,200
440929,0,30,0,0,0,1,12,5,0,0,0,21,0,0,51,0,0,0,0,200,200
440929,0,30,0,0,0,1,12,5,0,0,0,21,0,0,200,200,4,200,200,200,200
440932,0,30,0,0,1,1,0,5,0,0,0,17,200,0,200,200,1,200,200,200,200
440932,0,30,0,0,1,1,0,5,0,0,0,17,200,0,32,0,0,0,0,200,200
440933,0,35,0,0,0,1,12,2,0,0,0,22,23,0,74,0,2,200,200,200,200
440933,0,35,0,0,0,1,12,2,0,0,0,22,23,1,56,0,0,0,0,200,200
440934,0,30,0,0,0,1,12,2,0,0,200,22,0,1,49,0,2,200,0,200,200
440934,0,30,0,0,0,1,12,2,0,0,200,22,0,0,72,0,0,200,0,200,200
440934,1,30,0,0,0,1,12,2,0,0,200,22,0,1,3,5,200,200,200,200,200
440934,1,30,0,0,0,1,12,2,0,0,200,22,0,1,9,0,200,200,200,200,200
440934,1,30,0,0,0,1,12,2,0,0,200,22,0,1,11,0,200,200,200,200,200
440934,1,30,0,0,0,1,12,2,0,0,200,22,0,1,29,0,200,200,200,200,200
440940,0,30,1,2,0,1,0,5,0,0,0,0,0,0,55,200,200,200,200,200,200
440940,0,30,1,2,0,1,0,5,0,0,0,0,0,0,40,200,200,200,200,200,200
440941,0,30,0,0,0,1,14,5,0,0,0,23,16,2,200,200,1,200,200,200,200
440941,0,30,0,0,0,1,14,5,0,0,0,23,16,0,26,200,0,0,0,200,200
440944,0,25,2,2,0,1,14,5,0,0,0,17,11,0,22,200,7,200,0,200,200
440944,0,25,2,2,0,1,14,5,0,0,0,17,11,1,40,200,0,0,0,200,200
440947,0,30,200,200,0,1,11,5,0,0,200,0,200,1,200,200,200,200,200,200,200
440947,0,30,200,200,0,1,11,5,0,0,200,0,200,1,27,200,12,0,0,200,200
440953,0,15,0,0,0,1,0,5,0,0,0,0,200,1,200,7,0,0,0,200,200
440953,0,15,0,0,0,1,0,5,0,0,0,0,200,0,31,0,0,200,0,200,200
440955,0,25,0,0,0,1,7,5,0,0,0,0,0,1,200,200,200,200,200,200,200
440958,5,30,0,0,0,1,9,6,0,0,0,0,200,0,56,200,200,200,0,200,200
440958,0,30,0,0,0,1,9,6,0,0,0,0,200,0,55,200,12,200,0,200,200
440964,0,30,1,2,0,1,14,5,0,0,0,23,16,0,22,0,7,0,0,200,200
440964,0,30,1,2,0,1,14,5,0,0,0,23,16,1,36,0,0,0,0,200,200
440964,1,30,1,2,0,1,14,5,0,0,0,23,16,1,200,0,200,200,200,200,200
440966,0,30,0,0,0,1,12,2,0,0,0,17,23,0,24,0,7,0,0,200,200
440966,0,30,0,0,0,1,12,2,0,0,0,17,23,1,46,0,0,0,0,200,200
440966,1,30,0,0,0,1,12,2,0,0,0,17,23,0,17,0,200,200,200,200,200
440966,1,30,0,0,0,1,12,2,0,0,0,17,23,1,10,0,200,200,200,200,200
440966,1,30,0,0,0,1,12,2,0,0,0,17,23,0,17,0,200,200,200,200,200
440973,0,30,0,3,0,1,14,2,0,0,0,23,23,0,200,200,7,200,0,200,200
440973,0,30,0,3,0,1,14,2,0,0,0,23,23,1,48,7,0,0,0,200,200
440978,0,30,1,2,0,1,10,6,0,0,0,18,200,0,29,0,3,0,0,200,200
440978,0,30,1,2,0,1,10,6,0,0,0,18,200,0,55,0,0,0,0,200,200
440978,1,30,1,2,0,1,10,6,0,0,0,18,200,0,200,0,200,200,200,200,200
440980,0,30,0,0,0,1,7,5,0,0,200,0,0,0,200,200,200,200,200,200,200
440980,1,30,0,0,0,1,7,5,0,0,200,0,0,1,200,200,200,200,200,200,200