RD_NO,PERSON_TYPE,POSTED_SPEED_LIMIT,TRAFFIC_CONTROL_DEVICE,DEVICE_CONDITION,WEATHER_CONDITION,LIGHTING_CONDITION,FIRST_CRASH_TYPE,TRAFFICWAY_TYPE,ALIGNMENT,ROADWAY_SURFACE_COND,ROAD_DEFECT,PRIM_CONTRIBUTORY_CAUSE,SEC_CONTRIBUTORY_CAUSE,SEX,AGE,SAFETY_EQUIPMENT,DRIVER_ACTION,DRIVER_VISION,PHYSICAL_CONDITION,BAC_RESULT VALUE,CELL_PHONE_USE
441632,0,20,0,0,0,1,3,6,0,0,0,17,200,1,63,200,0,0,0,200,200
441635,0,30,0,0,0,1,10,5,0,0,0,18,200,1,51,0,3,0,0,200,200
441635,0,30,0,0,0,1,10,5,0,0,0,18,200,1,39,0,0,0,0,200,200
441642,0,30,0,0,0,1,7,5,0,0,0,22,0,0,24,0,7,0,0,200,200
441646,0,30,0,0,0,1,12,5,0,0,0,0,0,0,37,200,0,0,0,200,200
441646,0,30,0,0,0,1,12,5,0,0,0,0,0,1,46,200,200,0,0,200,200
441647,0,30,0,0,0,1,10,2,0,0,0,18,200,0,55,0,3,0,0,200,200
441647,0,30,0,0,0,1,10,2,0,0,0,18,200,0,53,0,0,0,0,200,200
441648,0,30,0,0,0,1,11,5,0,0,0,0,0,1,200,200,200,200,200,200,200
441648,0,30,0,0,0,1,11,5,0,0,0,0,0,1,36,0,200,0,0,200,200
441648,1,30,0,0,0,1,11,5,0,0,0,0,0,1,200,200,200,200,200,200,200
441649,0,30,0,0,0,1,7,5,0,0,0,0,0,2,200,200,12,200,200,200,200
441649,1,30,0,0,0,1,7,5,0,0,0,0,0,0,200,200,200,200,200,200,200
441657,0,25,0,0,0,1,14,5,2,0,0,23,200,1,25,200,7,200,0,200,200
441657,0,25,0,0,0,1,14,5,2,0,0,23,200,1,53,7,0,200,0,200,200
441665,0,40,0,0,0,1,10,5,0,0,0,18,200,0,200,200,3,200,200,200,200
441665,0,40,0,0,0,1,10,5,0,0,0,18,200,1,33,0,0,0,0,200,200
441667,0,30,0,0,0,1,7,7,0,0,0,0,0,2,200,200,200,200,200,200,200
441668,0,30,1,2,0,1,10,5,0,0,0,18,200,0,200,200,3,200,200,200,200
441668,0,30,1,2,0,1,10,5,0,0,0,18,200,0,41,200,0,0,0,200,200
441671,0,30,0,0,0,1,9,5,0,0,0,16,0,2,200,200,200,200,200,200,200
441671,5,30,0,0,0,1,9,5,0,0,0,16,0,1,24,7,0,0,0,200,1
441674,0,30,1,2,0,1,9,5,0,0,0,0,200,1,57,0,200,0,0,200,200
441674,5,30,1,2,0,1,9,5,0,0,0,0,200,0,42,7,12,0,0,200,200
441675,0,30,0,0,0,4,10,3,0,0,0,21,22,0,33,0,0,0,0,200,200
441675,0,30,0,0,0,4,10,3,0,0,0,21,22,2,200,200,1,200,200,200,200
441676,0,30,2,200,0,1,10,5,0,0,0,18,200,0,39,0,3,0,0,200,200
441676,0,30,2,200,0,1,10,5,0,0,0,18,200,1,22,200,200,200,200,200,200
441678,0,30,0,0,0,1,12,5,3,0,0,200,0,0,43,0,4,0,0,200,200
441678,0,30,0,0,0,1,12,5,3,0,0,200,0,1,57,0,0,0,0,200,200
441682,0,20,0,0,0,1,10,6,0,0,0,18,200,1,200,200,3,200,200,200,200
441682,0,20,0,0,0,1,10,6,0,0,0,18,200,1,33,0,0,0,0,200,200
441682,1,20,0,0,0,1,10,6,0,0,0,18,200,1,1,0,200,200,200,200,200
441687,0,30,0,0,0,1,10,6,0,0,0,20,200,0,35,0,6,0,0,200,200
441687,0,30,0,0,0,1,10,6,0,0,0,20,200,1,58,200,0,200,0,200,200
441688,0,10,0,0,0,1,12,12,0,0,0,0,200,1,200,200,200,200,200,200,200
441688,0,10,0,0,0,1,12,12,0,0,0,0,200,0,66,0,200,0,0,200,200
441689,0,30,1,2,0,1,14,2,0,0,0,17,200,0,64,0,1,0,0,200,200
441689,0,30,1,2,0,1,14,2,0,0,0,17,200,0,50,0,0,0,0,200,200
441691,0,30,2,2,0,1,2,2,0,0,1,29,0,1,46,0,0,0,0,200,200
441692,0,30,0,0,0,1,10,3,0,0,0,18,18,1,44,0,3,0,0,200,200
441692,0,30,0,0,0,1,10,3,0,0,0,18,18,0,39,0,0,0,0,200,200
441693,0,15,0,0,0,1,5,0,0,0,3,11,200,1,24,200,12,0,0,200,200
441696,0,0,1,2,0,1,0,6,0,0,0,21,11,1,19,0,9,0,0,200,200
441696,0,0,1,2,0,1,0,6,0,0,0,21,11,1,22,0,0,0,0,200,200
441696,1,0,1,2,0,1,0,6,0,0,0,21,11,2,200,0,200,200,200,200,200
441697,0,30,1,2,0,3,0,5,0,0,0,25,0,2,200,200,200,200,200,200,200
441697,0,30,1,2,0,3,0,5,0,0,0,25,0,1,39,0,0,0,200,200,200
441697,1,30,1,2,0,3,0,5,0,0,0,25,0,1,23,0,200,200,200,200,200
441704,0,30,0,0,0,0,7,5,0,0,200,0,0,2,200,200,200,200,200,200,200
441713,0,30,0,0,0,3,7,6,0,0,0,0,0,1,18,200,200,200,200,200,200
441720,0,40,0,0,0,1,12,3,0,0,0,21,200,0,38,0,4,0,0,200,200
441720,0,40,0,0,0,1,12,3,0,0,0,21,200,0,54,0,0,0,0,200,200
441730,0,30,0,0,0,1,14,0,0,0,0,17,200,0,42,0,1,0,0,200,200
441730,0,30,0,0,0,1,14,0,0,0,0,17,200,1,57,0,0,0,0,200,200
441733,0,30,2,2,0,1,10,5,0,0,0,0,0,0,200,200,200,0,200,200,200
441733,0,30,2,2,0,1,10,5,0,0,0,0,0,0,0,0,0,0,0,200,200
441733,1,30,2,2,0,1,10,5,0,0,0,0,0,1,200,200,200,200,200,200,200
441736,0,30,2,2,0,1,9,5,0,0,0,17,3,0,200,200,1,200,200,200,200
441736,5,30,2,2,0,1,9,5,0,0,0,17,3,0,54,7,0,0,7,200,200
441736,1,30,2,2,0,1,9,5,0,0,0,17,3,1,26,0,200,200,200,200,200
441738,0,30,1,2,0,1,12,5,0,0,0,0,0,0,200,200,200,200,200,200,200
441738,0,30,1,2,0,1,12,5,0,0,0,0,0,1,32,200,0,0,0,200,200
441738,1,30,1,2,0,1,12,5,0,0,0,0,0,0,32,200,200,200,200,200,200
441739,0,30,0,0,0,1,10,6,0,0,0,18,18,1,20,0,3,0,0,200,200
441739,0,30,0,0,0,1,10,6,0,0,0,18,18,0,23,0,0,0,0,200,200
441739,1,30,0,0,0,1,10,6,0,0,0,18,18,1,24,0,200,200,200,200,200
441740,0,30,2,2,0,1,14,6,0,0,0,17,200,1,57,0,1,200,0,200,200
441740,0,30,2,2,0,1,14,6,0,0,0,17,200,1,28,0,0,0,0,200,200
441750,0,35,1,2,0,1,10,6,0,0,0,18,200,1,39,0,3,0,0,200,200
441750,0,35,1,2,0,1,10,6,0,0,0,18,200,0,200,0,0,0,0,200,200
441755,0,35,0,0,0,1,12,2,0,0,0,22,11,1,200,200,4,200,200,200,200
441755,0,35,0,0,0,1,12,2,0,0,0,22,11,0,60,200,0,200,200,200,200
441768,0,30,0,2,0,1,10,5,0,0,0,200,200,0,27,0,200,0,0,200,200
441768,0,30,0,2,0,1,10,5,0,0,0,200,200,0,49,0,0,0,0,200,200
441770,0,30,1,2,0,1,10,3,0,0,0,0,0,1,23,200,3,200,0,200,200
441770,0,30,1,2,0,1,10,3,0,0,0,0,0,0,49,0,0,0,0,200,200
441771,0,30,0,0,0,0,12,5,0,0,0,0,0,0,21,0,200,0,0,200,200
441771,0,30,0,0,0,0,12,5,0,0,0,0,0,0,40,0,0,0,0,200,200
441772,0,30,0,0,0,3,7,5,0,0,0,0,200,2,200,200,200,200,200,200,200
441776,0,30,0,0,0,1,12,6,0,0,0,18,200,2,200,200,200,200,200,200,200
441776,0,30,0,0,0,1,12,6,0,0,0,18,200,1,28,200,0,0,0,200,200
441776,1,30,0,0,0,1,12,6,0,0,0,18,200,1,4,5,200,200,200,200,200
441776,1,30,0,0,0,1,12,6,0,0,0,18,200,1,11,200,200,200,200,200,200
441778,0,35,1,2,0,1,12,5,0,0,0,17,200,1,65,0,5,0,0,200,200
441778,0,35,1,2,0,1,12,5,0,0,0,17,200,0,44,0,0,0,0,200,200
441779,0,10,0,0,0,1,10,8,0,0,0,18,18,1,37,200,3,0,0,200,200
441779,0,10,0,0,0,1,10,8,0,0,0,18,18,1,47,0,0,0,0,200,200
441781,0,30,0,0,0,1,12,6,0,0,0,14,22,1,200,200,1,200,7,200,200
441781,0,30,0,0,0,1,12,6,0,0,0,14,22,0,49,0,0,200,0,200,200
441782,0,30,1,2,0,1,14,6,0,0,0,23,0,2,200,200,1,200,200,200,200
441782,0,30,1,2,0,1,14,6,0,0,0,23,0,0,42,0,0,0,0,200,200
441784,0,30,0,0,0,1,5,5,0,0,1,200,200,0,22,0,12,0,0,200,200
441787,0,30,0,0,0,1,12,2,0,0,0,8,18,1,36,200,3,1,0,200,200
441787,0,30,0,0,0,1,12,2,0,0,0,8,18,1,23,200,12,0,0,200,200
441789,0,25,0,0,0,1,7,6,0,0,0,0,0,2,200,200,200,200,200,200,200
441791,0,30,1,2,0,1,14,3,0,0,0,23,200,0,63,0,7,0,0,200,200
441791,0,30,1,2,0,1,14,3,0,0,0,23,200,0,64,0,0,0,0,200,200
441800,0,30,0,0,0,1,10,5,0,0,0,25,200,1,23,0,3,0,0,200,200
441800,0,30,0,0,0,1,10,5,0,0,0,25,200,0,44,0,0,0,0,200,200
441801,4,30,0,0,0,1,8,5,0,0,200,0,11,0,31,200,0,200,200,200,200
441801,1,30,0,0,0,1,8,5,0,0,200,0,11,0,26,200,200,200,200,200,200
441810,0,45,1,2,0,1,10,3,0,0,0,18,0,0,24,200,3,0,200,200,200
441810,0,45,1,2,0,1,10,3,0,0,0,18,0,1,34,0,0,0,200,200,200
441815,4,30,1,2,0,1,8,5,0,0,0,0,0,0,22,7,1,0,7,200,200
441815,0,30,1,2,0,1,8,5,0,0,0,0,0,0,58,200,0,0,0,200,200
441818,0,30,1,2,0,1,14,1,0,0,0,0,0,1,29,200,200,0,0,200,200
441818,0,30,1,2,0,1,14,1,0,0,0,0,0,0,29,0,0,0,0,200,200
441821,0,15,0,0,0,1,2,7,0,0,0,0,0,0,46,0,12,0,0,200,200
441821,1,15,0,0,0,1,2,7,0,0,0,0,0,0,200,0,200,200,200,200,200
441821,1,15,0,0,0,1,2,7,0,0,0,0,0,0,200,0,200,200,200,200,200
441821,1,15,0,0,0,1,2,7,0,0,0,0,0,0,200,0,200,200,200,200,200
441825,0,0,0,0,0,1,7,7,0,0,0,0,0,0,200,200,200,0,200,200,200
441827,0,30,0,0,0,1,12,5,0,0,0,0,0,0,56,0,200,0,0,200,200
441827,0,30,0,0,0,1,12,5,0,0,0,0,0,0,61,0,200,0,0,200,200
441829,0,30,0,3,0,1,12,2,0,0,0,0,0,1,200,200,200,200,200,200,200
441829,0,30,0,3,0,1,12,2,0,0,0,0,0,0,53,0,1,0,0,200,200
441830,0,25,0,0,0,1,7,6,0,0,200,20,0,0,29,200,10,0,0,200,200
441832,0,30,0,0,0,1,12,5,0,0,0,0,0,0,59,0,200,0,0,200,1
441832,0,30,0,0,0,1,12,5,0,0,0,0,0,1,28,0,200,0,0,200,1
441834,0,30,1,2,0,1,14,3,0,0,200,6,17,0,200,200,5,200,0,200,200
441834,0,30,1,2,0,1,14,3,0,0,200,6,17,1,59,200,0,0,0,200,200
441845,0,0,0,0,0,1,12,5,0,0,0,22,1,0,200,200,2,200,200,200,200
441845,0,0,0,0,0,1,12,5,0,0,0,22,1,1,30,0,0,0,0,200,200
441849,0,35,0,0,0,1,12,4,0,0,0,0,200,0,57,200,0,0,0,200,200
441849,0,35,0,0,0,1,12,4,0,0,0,0,200,0,24,0,12,0,0,200,200
441850,0,30,0,0,0,1,7,6,0,0,0,0,0,2,200,200,200,200,200,200,200
441851,0,35,1,2,0,1,14,5,0,0,0,0,200,0,33,0,1,0,0,200,200
441851,0,35,1,2,0,1,14,5,0,0,0,0,200,0,48,0,0,0,0,200,200
441853,0,30,0,0,0,1,12,5,0,0,0,22,200,0,200,200,2,200,200,200,200
441853,0,30,0,0,0,1,12,5,0,0,0,22,200,1,30,0,0,0,0,200,200
441861,0,30,0,0,0,1,10,6,0,0,0,16,18,1,60,200,3,200,200,200,200
441861,0,30,0,0,0,1,10,6,0,0,0,16,18,0,52,0,0,0,0,200,200
441868,0,30,0,0,0,1,7,7,0,0,0,0,200,2,200,200,200,200,200,200,200
441877,0,30,1,2,0,1,14,5,0,0,0,21,23,0,59,200,7,200,0,200,200
441877,0,30,1,2,0,1,14,5,0,0,0,21,23,1,41,0,0,0,0,200,200
441878,0,30,1,2,0,1,8,5,0,0,0,0,200,0,54,0,1,12,0,200,200
441878,4,30,1,2,0,1,8,5,0,0,0,0,200,0,30,3,12,12,0,200,200
441879,0,30,0,0,0,4,10,5,0,0,0,0,0,0,28,200,200,200,200,200,200
441879,0,30,0,0,0,4,10,5,0,0,0,0,0,0,29,1,0,0,0,200,200
441882,0,30,0,0,0,1,10,5,0,0,0,18,200,0,50,200,3,200,0,200,200
441882,0,30,0,0,0,1,10,5,0,0,0,18,200,1,62,0,0,0,0,200,200
441885,0,30,0,0,0,0,7,7,0,0,0,20,200,0,60,0,6,200,200,200,200
441886,0,30,0,0,0,1,12,6,0,0,0,21,23,0,24,200,4,200,200,200,200
441886,0,30,0,0,0,1,12,6,0,0,0,21,23,1,33,0,0,0,0,200,200
441888,0,25,1,2,0,1,10,3,0,0,0,18,200,1,63,0,3,0,0,200,200
441888,0,25,1,2,0,1,10,3,0,0,0,18,200,0,49,0,0,0,0,200,200
441888,1,25,1,2,0,1,10,3,0,0,0,18,200,0,29,0,200,200,200,200,200
441889,0,30,0,0,0,1,0,5,0,0,0,0,0,0,200,200,0,200,200,200,200
441889,0,30,0,0,0,1,0,5,0,0,0,0,0,0,59,0,0,0,0,200,200
441890,0,30,2,2,0,1,10,2,0,0,0,0,200,1,49,200,200,0,0,200,200
441890,0,30,2,2,0,1,10,2,0,0,0,0,200,0,28,0,200,0,0,200,200
441890,1,30,2,2,0,1,10,2,0,0,0,0,200,1,62,0,200,200,200,200,200
441899,0,30,0,0,0,1,12,2,0,0,0,17,0,0,200,200,1,200,200,200,200
441899,0,30,0,0,0,1,12,2,0,0,0,17,0,0,69,0,0,0,0,200,200
441899,1,30,0,0,0,1,12,2,0,0,0,17,0,0,200,200,200,200,200,200,200
441907,0,30,1,2,0,1,9,3,0,0,0,25,16,0,36,0,12,0,0,200,200
441907,5,30,1,2,0,1,9,3,0,0,0,25,16,0,200,7,0,0,0,200,200
441912,0,30,0,0,0,1,10,2,0,0,0,0,0,0,200,200,200,200,200,200,200
441912,0,30,0,0,0,1,10,2,0,0,0,0,0,0,58,200,200,0,200,200,200
441926,0,20,0,0,0,1,7,5,0,0,0,0,0,2,200,200,200,200,200,200,200
441928,0,0,0,0,0,1,7,7,0,0,0,0,0,0,200,200,6,200,200,200,200
441940,0,30,0,0,0,1,7,5,0,0,0,7,27,0,35,0,4,0,12,200,200
441950,0,20,0,0,0,200,7,5,0,0,0,11,200,2,200,200,200,200,200,200,200
441956,0,30,0,0,0,1,9,7,0,0,0,17,200,2,200,200,200,200,200,200,200
441956,5,30,0,0,0,1,9,7,0,0,0,17,200,1,40,7,0,0,0,200,200
441960,0,20,0,0,0,1,7,6,0,0,0,0,200,0,200,200,200,200,200,200,200
441965,0,30,0,0,0,1,12,5,0,0,0,200,200,0,30,0,0,0,0,200,200
441965,0,30,0,0,0,1,12,5,0,0,0,200,200,0,27,0,0,0,0,200,200
441967,0,30,0,0,0,1,14,2,0,0,0,18,200,0,0,7,0,0,0,200,200
441967,0,30,0,0,0,1,14,2,0,0,0,18,200,0,40,7,0,0,0,200,200
441972,0,30,0,0,0,1,12,5,0,0,0,17,200,0,54,0,1,200,0,200,200
441972,0,30,0,0,0,1,12,5,0,0,0,17,200,0,31,0,0,0,0,200,200
441975,0,30,0,0,0,1,7,6,0,0,0,200,200,2,200,200,0,200,200,200,200
441979,0,35,1,2,0,1,14,2,0,0,0,6,6,1,47,3,5,0,0,200,200
441979,0,35,1,2,0,1,14,2,0,0,0,6,6,1,40,0,0,0,0,200,200
441982,0,30,0,0,0,1,12,5,0,0,0,21,200,0,81,0,4,0,0,200,200
441982,0,30,0,0,0,1,12,5,0,0,0,21,200,1,63,0,0,0,0,200,200
441997,0,25,200,200,0,1,2,6,0,0,0,16,6,0,18,7,13,0,0,200,200
442004,0,30,2,2,0,1,14,5,0,0,0,0,200,0,17,0,1,0,0,200,200
442004,0,30,2,2,0,1,14,5,0,0,0,0,200,1,63,0,0,0,0,200,200
442004,1,30,2,2,0,1,14,5,0,0,0,0,200,0,68,0,200,200,200,200,200
442017,0,30,1,2,0,1,10,5,0,0,0,18,200,0,200,200,3,200,200,200,200
442017,0,30,1,2,0,1,10,5,0,0,0,18,200,1,54,0,0,0,0,200,200
442019,0,30,1,2,0,1,14,12,0,0,0,0,0,0,200,200,200,0,0,200,200
442019,0,30,1,2,0,1,14,12,0,0,0,0,0,0,200,0,0,0,0,200,200
442022,0,30,0,0,0,1,7,6,0,0,0,200,200,0,200,200,200,200,200,200,200
442022,1,30,0,0,0,1,7,6,0,0,0,200,200,0,200,200,200,200,200,200,200
442022,1,30,0,0,0,1,7,6,0,0,0,200,200,0,200,200,200,200,200,200,200
442026,0,30,0,0,0,1,10,2,0,0,0,18,200,1,18,7,3,0,0,200,200
442026,0,30,0,0,0,1,10,2,0,0,0,18,200,1,51,7,0,0,0,200,200
442028,0,15,0,0,0,1,7,7,0,0,0,0,0,0,200,200,200,200,200,200,200
442039,0,30,0,0,0,1,0,5,0,0,0,17,0,0,47,200,1,200,200,200,200
442039,0,30,0,0,0,1,0,5,0,0,0,17,0,0,49,0,0,0,0,200,200
442039,1,30,0,0,0,1,0,5,0,0,0,17,0,1,200,0,200,200,200,200,200
442042,0,30,1,2,0,1,12,6,0,0,0,21,200,1,200,200,12,200,200,200,200
442042,0,30,1,2,0,1,12,6,0,0,0,21,200,1,101,0,0,0,0,200,200
442043,0,20,1,2,0,1,12,5,0,0,0,11,0,0,200,200,200,200,200,200,200
442043,0,20,1,2,0,1,12,5,0,0,0,11,0,0,31,0,0,0,0,200,200
442043,1,20,1,2,0,1,12,5,0,0,0,11,0,0,200,0,200,200,200,200,200
442045,0,30,0,0,0,1,10,5,0,0,0,200,200,1,200,200,0,200,200,200,200
442045,0,30,0,0,0,1,10,5,0,0,0,200,200,1,21,0,0,0,0,200,200
442049,0,30,1,2,0,1,12,5,0,0,0,200,200,1,69,0,12,0,7,200,200
442049,0,30,1,2,0,1,12,5,0,0,0,200,200,0,35,200,0,0,0,200,200
442050,0,30,1,200,0,1,14,6,0,200,200,23,0,0,35,200,7,200,200,200,200
442050,0,30,1,200,0,1,14,6,0,200,200,23,0,0,39,200,12,200,0,200,200
442077,0,30,1,2,0,1,14,2,0,0,0,17,23,0,20,200,1,0,200,200,200
442077,0,30,1,2,0,1,14,2,0,0,0,17,23,0,28,200,0,0,0,200,200
442080,0,30,1,2,0,1,10,5,0,0,0,18,200,1,41,0,3,0,0,200,200
442080,0,30,1,2,0,1,10,5,0,0,0,18,200,0,44,0,0,0,0,200,200
442080,1,30,1,2,0,1,10,5,0,0,0,18,200,1,11,0,200,200,200,200,200
442080,1,30,1,2,0,1,10,5,0,0,0,18,200,0,9,0,200,200,200,200,200
442083,0,0,0,0,200,200,7,6,0,0,0,11,11,2,200,200,200,200,200,200,200
442090,0,30,1,2,0,1,14,5,0,0,0,22,200,0,55,200,7,0,0,200,200
442090,0,30,1,2,0,1,14,5,0,0,0,22,200,0,34,0,0,0,0,200,200
442090,1,30,1,2,0,1,14,5,0,0,0,22,200,2,200,200,200,200,200,200,200
442097,0,35,200,200,0,0,7,6,0,0,0,0,200,2,200,200,200,200,200,200,200
442098,0,30,1,2,0,1,14,2,0,0,0,0,200,1,41,200,200,0,200,200,200
442098,0,30,1,2,0,1,14,2,0,0,0,0,200,0,54,0,0,0,0,200,200
442099,0,35,0,0,0,1,14,5,0,0,0,0,0,0,30,0,0,0,0,200,200
442099,0,35,0,0,0,1,14,5,0,0,0,0,0,1,47,0,0,0,0,200,200
442099,1,35,0,0,0,1,14,5,0,0,0,0,0,0,43,0,200,200,200,200,200
442100,0,10,0,0,0,1,5,4,2,0,0,0,0,0,30,200,12,200,0,200,200
442104,0,30,0,0,0,1,10,2,0,0,0,22,200,1,66,0,4,0,0,200,200
442104,0,30,0,0,0,1,10,2,0,0,0,22,200,1,43,7,0,0,0,200,200
442108,0,30,200,0,0,1,7,5,0,0,0,0,0,2,200,200,200,200,200,200,200
442114,0,30,0,200,0,1,12,5,0,0,200,0,200,0,200,200,200,200,200,200,200
442114,0,30,0,200,0,1,12,5,0,0,200,0,200,1,25,0,0,200,0,200,200
442114,1,30,0,200,0,1,12,5,0,0,200,0,200,1,200,0,200,200,200,200,200
442126,0,30,0,0,0,1,12,2,0,0,0,21,11,1,39,0,0,0,0,200,200
442126,0,30,0,0,0,1,12,2,0,0,0,21,11,0,48,0,0,0,0,200,200
442132,0,30,0,0,0,1,12,2,0,0,0,0,0,0,57,1,0,0,0,200,200
442132,0,30,0,0,0,1,12,2,0,0,0,0,0,0,52,0,0,0,0,200,200
442134,0,30,4,2,0,1,14,3,0,0,0,0,0,0,54,200,200,200,200,200,200
442134,0,30,4,2,0,1,14,3,0,0,0,0,0,1,41,0,0,0,0,200,200
442142,0,30,0,0,0,1,7,5,0,0,0,0,0,2,200,200,200,200,200,200,200
442143,0,30,2,2,0,1,0,5,0,0,0,0,0,1,200,200,200,200,200,200,200
442143,0,30,2,2,0,1,0,5,0,0,0,0,0,1,51,200,200,200,200,200,200
442144,0,30,2,2,0,1,0,5,0,0,0,0,0,0,200,200,12,200,200,200,200
442144,0,30,2,2,0,1,0,5,0,0,0,0,0,1,200,200,0,0,0,200,200
442144,1,30,2,2,0,1,0,5,0,0,0,0,0,0,200,200,200,200,200,200,200
442152,0,30,0,0,0,1,7,5,0,0,0,16,11,2,200,200,0,200,200,200,200
442160,0,35,1,2,0,1,8,6,0,0,0,16,200,0,200,200,1,200,200,200,200
442160,4,35,1,2,0,1,8,6,0,0,0,16,200,1,26,7,200,0,0,200,200
442167,0,30,0,0,0,1,10,7,0,0,0,20,0,0,200,200,6,200,200,200,200
442167,0,30,0,0,0,1,10,7,0,0,0,20,0,1,54,1,0,0,0,200,200
442170,0,30,0,0,0,1,10,2,0,0,0,18,200,0,31,0,0,0,0,200,200
442170,0,30,0,0,0,1,10,2,0,0,0,18,200,1,51,0,0,0,0,200,200
442170,1,30,0,0,0,1,10,2,0,0,0,18,200,1,63,0,200,200,200,200,200
442170,1,30,0,0,0,1,10,2,0,0,0,18,200,1,73,7,200,200,200,200,200
442171,0,30,0,0,0,1,7,5,0,0,0,8,8,1,33,0,12,0,0,200,200
442174,0,20,3,2,1,1,12,6,0,0,0,0,0,0,33,0,0,0,0,200,200
442174,0,20,3,2,1,1,12,6,0,0,0,0,0,1,40,0,0,0,0,200,200
442177,0,5,0,0,0,1,9,7,0,0,200,17,200,2,200,200,1,200,200,200,200
442177,5,5,0,0,0,1,9,7,0,0,200,17,200,0,53,200,0,200,7,200,200
442181,0,30,1,2,0,1,10,6,0,0,0,17,200,0,64,0,1,0,0,200,200
442181,0,30,1,2,0,1,10,6,0,0,0,17,200,1,71,0,0,0,0,200,200
442181,1,30,1,2,0,1,10,6,0,0,0,17,200,0,200,200,200,200,200,200,200
442181,1,30,1,2,0,1,10,6,0,0,0,17,200,1,200,200,200,200,200,200,200
442181,1,30,1,2,0,1,10,6,0,0,0,17,200,1,200,200,200,200,200,200,200
442184,0,30,2,200,0,1,14,5,0,200,200,0,0,1,49,0,200,200,200,200,200
442184,0,30,2,200,0,1,14,5,0,200,200,0,0,0,59,0,200,200,200,200,200
442192,0,30,0,0,0,1,14,2,0,0,0,0,200,0,40,200,200,0,0,200,200
442192,0,30,0,0,0,1,14,2,0,0,0,0,200,0,56,200,0,200,0,200,200
442192,1,30,0,0,0,1,14,2,0,0,0,0,200,1,46,200,200,200,200,200,200
442199,0,30,1,2,0,1,14,3,0,0,0,6,200,0,51,0,5,0,0,200,200
442199,0,30,1,2,0,1,14,3,0,0,0,6,200,1,52,200,200,200,0,200,200
442199,1,30,1,2,0,1,14,3,0,0,0,6,200,1,38,200,200,200,200,200,200
442199,1,30,1,2,0,1,14,3,0,0,0,6,200,200,49,200,200,200,200,200,200
442199,1,30,1,2,0,1,14,3,0,0,0,6,200,1,200,200,200,200,200,200,200
442199,1,30,1,2,0,1,14,3,0,0,0,6,200,1,200,200,200,200,200,200,200
442201,0,30,1,2,0,1,10,5,0,0,0,18,200,1,0,200,3,200,200,200,200
442201,0,30,1,2,0,1,10,5,0,0,0,18,200,0,58,0,0,0,0,200,200
442209,3,35,1,2,200,200,5,2,0,200,200,23,200,0,200,200,1,200,200,200,200
442209,0,35,1,2,200,200,5,2,0,200,200,23,200,1,56,200,0,200,200,200,200
442209,1,35,1,2,200,200,5,2,0,200,200,23,200,0,200,200,200,200,200,200,200
442209,1,35,1,2,200,200,5,2,0,200,200,23,200,1,200,200,200,200,200,200,200
442211,0,30,1,2,0,1,10,2,0,0,0,0,0,0,53,200,200,200,0,200,200
442211,0,30,1,2,0,1,10,2,0,0,0,0,0,1,41,200,200,0,0,200,200
442211,1,30,1,2,0,1,10,2,0,0,0,0,0,1,25,200,200,200,200,200,200
442211,1,30,1,2,0,1,10,2,0,0,0,0,0,1,3,200,200,200,200,200,200
442212,0,30,0,0,0,1,7,7,0,0,0,0,0,2,200,200,200,200,200,200,200
442218,0,30,0,0,0,0,9,2,0,0,0,20,200,0,200,200,6,200,0,200,200
442218,5,30,0,0,0,0,9,2,0,0,0,20,200,0,47,7,0,0,0,200,200
442223,0,10,0,0,0,1,10,7,0,0,0,18,0,1,37,7,1,0,0,200,200
442223,0,10,0,0,0,1,10,7,0,0,0,18,0,0,53,0,0,0,0,200,200
442226,0,30,0,0,0,1,10,5,0,0,0,0,0,1,61,0,0,0,0,200,200
442226,0,30,0,0,0,1,10,5,0,0,0,0,0,0,200,200,200,200,200,200,200
442228,4,30,0,0,0,1,8,2,0,0,0,0,200,0,28,2,12,0,7,200,200
442229,0,30,1,2,0,1,14,5,0,0,0,23,200,1,16,0,0,0,0,200,200
442229,0,30,1,2,0,1,14,5,0,0,0,23,200,0,46,0,0,0,0,200,200
442229,1,30,1,2,0,1,14,5,0,0,0,23,200,1,47,0,200,200,200,200,200
442229,1,30,1,2,0,1,14,5,0,0,0,23,200,1,15,0,200,200,200,200,200
442234,0,30,1,2,0,1,10,2,0,0,0,0,200,1,61,0,200,0,200,200,200
442234,0,30,1,2,0,1,10,2,0,0,0,0,200,0,68,0,200,0,200,200,200
442240,0,30,1,2,0,1,12,2,0,0,0,16,11,1,58,0,0,0,0,200,200
442240,0,30,1,2,0,1,12,2,0,0,0,16,11,0,33,0,9,0,0,200,200
442246,0,30,0,0,0,1,3,5,0,0,0,20,200,1,68,0,6,0,0,200,200
442246,0,30,0,0,0,1,3,5,0,0,0,20,200,0,57,0,0,0,0,200,200
442249,0,30,0,0,0,1,12,5,0,0,0,21,0,1,64,0,4,0,0,200,200
442249,0,30,0,0,0,1,12,5,0,0,0,21,0,0,16,0,0,0,0,200,200
442250,0,30,1,2,0,1,14,2,0,0,0,21,22,0,40,200,4,200,200,200,200
442250,0,30,1,2,0,1,14,2,0,0,0,21,22,1,40,200,200,0,0,200,200
442261,0,30,0,0,0,1,10,5,0,0,0,0,200,0,60,0,0,0,0,200,200
442261,0,30,0,0,0,1,10,5,0,0,0,0,200,1,200,200,200,200,200,200,200
442262,0,30,1,2,0,1,14,5,0,0,0,0,0,1,53,0,200,12,0,200,200
442262,0,30,1,2,0,1,14,5,0,0,0,0,0,1,30,0,200,0,0,200,200