RD_NO,PERSON_TYPE,POSTED_SPEED_LIMIT,TRAFFIC_CONTROL_DEVICE,DEVICE_CONDITION,WEATHER_CONDITION,LIGHTING_CONDITION,FIRST_CRASH_TYPE,TRAFFICWAY_TYPE,ALIGNMENT,ROADWAY_SURFACE_COND,ROAD_DEFECT,PRIM_CONTRIBUTORY_CAUSE,SEC_CONTRIBUTORY_CAUSE,SEX,AGE,SAFETY_EQUIPMENT,DRIVER_ACTION,DRIVER_VISION,PHYSICAL_CONDITION,BAC_RESULT VALUE,CELL_PHONE_USE
442264,0,30,0,0,0,1,10,3,0,0,0,13,200,1,39,0,12,0,0,200,200
442264,0,30,0,0,0,1,10,3,0,0,0,13,200,0,51,0,12,0,0,200,200
442264,0,30,0,0,0,1,10,3,0,0,0,13,200,0,26,0,12,0,0,200,200
442264,1,30,0,0,0,1,10,3,0,0,0,13,200,1,52,0,200,200,200,200,200
442272,0,30,0,0,0,1,10,5,0,0,0,18,18,0,200,200,1,200,200,200,200
442272,0,30,0,0,0,1,10,5,0,0,0,18,18,0,52,7,0,0,0,200,200
442277,0,10,0,0,0,1,7,7,0,0,0,0,0,2,200,200,200,200,200,200,200
442282,0,30,1,2,0,1,12,5,0,0,0,21,200,1,57,200,4,200,200,200,200
442282,0,30,1,2,0,1,12,5,0,0,0,21,200,0,66,0,0,0,0,200,200
442289,0,10,0,0,0,1,0,7,0,0,0,20,200,0,200,200,6,200,200,200,200
442289,0,10,0,0,0,1,0,7,0,0,0,20,200,1,19,7,0,0,0,200,200
442293,0,30,0,0,0,1,12,5,0,0,0,17,200,1,52,200,1,200,0,200,200
442293,0,30,0,0,0,1,12,5,0,0,0,17,200,1,35,200,0,200,200,200,200
442296,0,30,1,2,0,1,12,5,0,0,0,0,0,0,200,200,200,200,200,200,200
442296,0,30,1,2,0,1,12,5,0,0,0,0,0,1,52,0,0,0,0,200,200
442301,0,30,1,2,1,1,14,5,0,0,0,17,200,1,68,0,1,0,0,200,200
442301,0,30,1,2,1,1,14,5,0,0,0,17,200,1,24,0,0,0,0,200,200
442301,1,30,1,2,1,1,14,5,0,0,0,17,200,1,66,0,200,200,200,200,200
442303,0,30,1,2,0,1,10,2,1,0,0,0,200,1,200,200,2,200,200,200,200
442303,0,30,1,2,0,1,10,2,1,0,0,0,200,1,47,0,0,0,0,200,200
442304,0,30,0,0,0,1,7,5,0,0,0,20,11,0,37,0,6,0,0,200,200
442306,0,30,0,0,0,1,0,5,0,0,0,17,200,0,20,0,1,0,0,200,200
442306,0,30,0,0,0,1,0,5,0,0,0,17,200,0,51,0,0,0,0,200,200
442310,0,0,0,0,0,1,0,0,0,0,0,17,20,0,37,0,1,5,0,200,200
442310,0,0,0,0,0,1,0,0,0,0,0,17,20,0,38,0,0,0,0,200,200
442312,0,30,0,0,0,1,14,5,0,0,0,17,200,0,75,0,1,0,0,200,200
442312,0,30,0,0,0,1,14,5,0,0,0,17,200,0,53,0,0,0,0,200,200
442313,0,30,0,0,0,1,7,5,0,0,0,0,0,0,23,200,0,0,0,200,200
442317,0,30,0,0,0,1,10,5,0,0,0,200,200,1,49,0,0,0,0,200,200
442317,0,30,0,0,0,1,10,5,0,0,0,200,200,0,61,0,0,0,0,200,200
442320,0,35,0,0,0,1,7,7,0,0,1,0,200,2,200,200,200,200,200,200,200
442321,0,30,0,0,0,1,10,5,0,0,0,18,200,1,32,0,3,0,0,200,200
442321,0,30,0,0,0,1,10,5,0,0,0,18,200,0,53,0,0,0,0,200,200
442321,0,30,0,0,0,1,10,5,0,0,0,18,200,0,32,0,0,0,0,200,200
442322,0,30,0,0,0,2,7,5,0,0,0,0,200,2,200,200,200,200,200,200,200
442329,0,30,1,2,0,1,10,5,0,0,0,18,200,0,200,200,3,200,200,200,200
442329,0,30,1,2,0,1,10,5,0,0,0,18,200,0,61,0,0,0,0,200,200
442329,1,30,1,2,0,1,10,5,0,0,0,18,200,1,13,0,200,200,200,200,200
442338,0,30,0,0,0,1,12,5,0,0,0,0,0,0,200,200,200,200,200,200,200
442338,0,30,0,0,0,1,12,5,0,0,0,0,0,1,36,0,0,0,0,200,200
442342,0,30,0,0,0,1,7,6,0,0,0,20,0,1,24,200,6,200,0,200,200
442345,0,30,0,0,0,1,10,5,0,0,0,200,200,1,200,200,0,200,200,200,200
442345,0,30,0,0,0,1,10,5,0,0,0,200,200,0,40,0,0,0,0,200,200
442345,1,30,0,0,0,1,10,5,0,0,0,200,200,1,200,0,200,200,200,200,200
442345,1,30,0,0,0,1,10,5,0,0,0,200,200,0,200,0,200,200,200,200,200
442345,1,30,0,0,0,1,10,5,0,0,0,200,200,1,200,0,200,200,200,200,200
442346,0,30,2,2,0,1,0,6,0,0,0,17,0,0,200,0,12,0,0,200,200
442346,0,30,2,2,0,1,0,6,0,0,0,17,0,0,43,0,1,0,0,200,200
442347,0,30,12,12,0,1,7,12,0,0,0,0,0,0,200,200,0,200,200,200,200
442354,0,15,0,0,0,1,7,7,0,0,0,0,0,0,77,200,8,200,200,200,200
442354,1,15,0,0,0,1,7,7,0,0,0,0,0,0,25,200,200,200,200,200,200
442358,0,30,0,0,0,1,14,5,0,0,200,23,23,1,22,200,7,200,200,200,200
442358,0,30,0,0,0,1,14,5,0,0,200,23,23,0,33,0,0,200,200,200,200
442365,0,10,0,0,0,1,7,7,0,0,0,0,0,1,53,200,6,200,200,200,200
442368,0,30,0,0,0,1,14,5,0,0,200,28,28,0,47,200,200,200,200,200,200
442368,0,30,0,0,0,1,14,5,0,0,200,28,28,0,71,0,0,0,0,200,200
442369,0,30,1,200,0,200,9,2,0,0,0,16,0,0,47,200,1,200,200,200,200
442369,5,30,1,200,0,200,9,2,0,0,0,16,0,1,60,200,12,200,7,200,200
442372,0,30,0,0,0,1,7,5,0,0,0,0,200,2,200,200,200,200,200,200,200
442373,0,30,1,0,0,1,14,5,0,0,0,18,14,0,200,200,8,200,200,200,200
442373,0,30,1,0,0,1,14,5,0,0,0,18,14,0,20,0,0,0,0,200,200
442375,0,30,0,0,0,1,12,5,0,0,0,22,200,1,200,200,2,200,200,200,200
442375,0,30,0,0,0,1,12,5,0,0,0,22,200,0,26,0,0,0,0,200,200
442376,0,30,1,2,0,1,12,6,0,0,0,11,0,0,62,0,12,0,0,200,200
442376,0,30,1,2,0,1,12,6,0,0,0,11,0,1,38,0,12,0,0,200,200
442379,0,10,0,0,0,1,14,7,0,0,0,0,0,1,48,200,1,200,0,200,200
442379,0,10,0,0,0,1,14,7,0,0,0,0,0,1,70,200,12,0,0,200,200
442385,0,30,0,0,0,1,0,5,0,0,0,200,200,1,47,200,0,0,0,200,200
442385,0,30,0,0,0,1,0,5,0,0,0,200,200,0,23,0,0,0,0,200,200
442385,1,30,0,0,0,1,0,5,0,0,0,200,200,1,200,0,200,200,200,200,200
442386,0,30,2,2,0,1,0,5,0,0,0,17,200,1,17,0,1,0,0,200,200
442386,0,30,2,2,0,1,0,5,0,0,0,17,200,0,54,0,0,0,0,200,200
442386,1,30,2,2,0,1,0,5,0,0,0,17,200,1,51,0,200,200,200,200,200
442390,0,25,0,0,0,1,7,6,0,0,0,0,200,2,200,200,200,200,200,200,200
442396,0,30,2,2,0,1,9,6,0,0,200,0,200,0,42,0,1,1,0,200,200
442396,5,30,2,2,0,1,9,6,0,0,200,0,200,1,25,200,200,200,200,200,200
442407,0,20,0,0,0,1,7,6,0,0,200,0,0,2,200,200,200,200,200,200,200
442411,0,25,0,0,0,1,7,6,0,0,0,0,0,0,66,200,200,200,200,200,200
442417,3,30,0,0,0,0,2,6,0,0,0,10,0,200,200,200,200,200,200,200,200
442417,0,30,0,0,0,0,2,6,0,0,0,10,0,0,200,200,9,200,200,200,200
442417,1,30,0,0,0,0,2,6,0,0,0,10,0,0,32,200,200,200,200,200,200
442418,0,35,1,200,2,1,12,5,0,1,200,0,0,2,200,200,2,200,200,200,200
442418,0,35,1,200,2,1,12,5,0,1,200,0,0,1,28,200,2,200,200,200,200
442423,0,30,1,2,0,1,10,5,0,0,0,0,200,1,21,200,200,200,0,200,200
442423,0,30,1,2,0,1,10,5,0,0,0,0,200,0,30,0,0,0,0,200,200
442423,1,30,1,2,0,1,10,5,0,0,0,0,200,1,200,0,200,200,200,200,200
442423,1,30,1,2,0,1,10,5,0,0,0,0,200,1,200,0,200,200,200,200,200
442424,0,35,1,2,0,1,10,5,0,0,200,18,200,0,68,0,3,0,200,200,200
442424,0,35,1,2,0,1,10,5,0,0,200,18,200,0,46,0,0,0,0,200,200
442432,0,30,1,2,0,1,10,5,0,1,0,0,0,1,37,200,200,200,200,200,200
442432,0,30,1,2,0,1,10,5,0,1,0,0,0,1,59,0,0,0,0,200,200
442432,1,30,1,2,0,1,10,5,0,1,0,0,0,1,65,0,200,200,200,200,200
442433,0,10,0,0,2,4,2,12,0,1,0,0,0,0,36,0,0,0,0,200,200
442438,0,30,0,0,0,1,12,5,0,0,0,21,0,1,43,0,4,0,0,200,200
442438,0,30,0,0,0,1,12,5,0,0,0,21,0,1,31,0,0,0,0,200,200
442440,0,30,0,0,0,1,10,6,0,0,200,20,11,0,47,200,6,200,200,200,200
442440,0,30,0,0,0,1,10,6,0,0,200,20,11,0,45,7,0,0,0,200,200
442440,1,30,0,0,0,1,10,6,0,0,200,20,11,0,200,0,200,200,200,200,200
442445,5,30,2,0,2,1,9,5,0,1,0,0,0,0,6,7,0,0,0,200,200
442445,0,30,2,0,2,1,9,5,0,1,0,0,0,1,70,0,0,200,0,200,200
442446,0,30,0,0,0,1,7,6,0,0,0,0,0,2,200,200,200,200,200,200,200
442450,0,30,0,0,0,1,7,5,0,0,0,8,200,0,200,200,6,200,200,200,200
442452,0,30,0,0,2,1,14,2,0,1,0,0,200,0,48,0,12,200,0,200,200
442452,0,30,0,0,2,1,14,2,0,1,0,0,200,0,52,0,12,200,0,200,200
442459,1,30,1,200,200,200,12,5,0,200,200,22,0,0,200,200,200,200,200,200,200
442459,0,30,1,200,200,200,12,5,0,200,200,22,0,0,53,200,2,200,0,200,200
442459,0,30,1,200,200,200,12,5,0,200,200,22,0,1,0,200,2,200,0,200,200
442459,1,30,1,200,200,200,12,5,0,200,200,22,0,0,200,200,200,200,200,200,200
442463,0,30,0,0,2,1,7,6,0,1,0,200,200,2,200,200,12,200,200,200,200
442471,0,30,0,0,0,1,12,5,0,0,0,17,11,1,200,200,1,200,200,200,200
442471,0,30,0,0,0,1,12,5,0,0,0,17,11,0,21,0,0,0,0,200,200
442472,0,30,0,0,0,1,14,2,0,0,0,21,0,0,62,0,1,0,0,200,200
442472,0,30,0,0,0,1,14,2,0,0,0,21,0,0,37,0,0,0,0,200,200
442477,0,30,2,2,0,1,14,5,0,0,0,0,200,1,39,0,1,0,0,200,200
442477,0,30,2,2,0,1,14,5,0,0,0,0,200,1,45,0,0,0,0,200,200
442477,1,30,2,2,0,1,14,5,0,0,0,0,200,0,29,0,200,200,200,200,200
442483,0,30,2,2,0,1,12,2,0,0,0,22,0,0,200,200,2,200,200,200,200
442483,0,30,2,2,0,1,12,2,0,0,0,22,0,1,56,0,0,0,0,200,200
442483,1,30,2,2,0,1,12,2,0,0,0,22,0,1,200,200,200,200,200,200,200
442483,1,30,2,2,0,1,12,2,0,0,0,22,0,0,0,5,200,200,200,200,200
442488,0,30,1,2,2,3,10,2,0,1,0,18,34,0,200,200,3,200,200,200,200
442488,0,30,1,2,2,3,10,2,0,1,0,18,34,0,37,0,0,0,0,200,200
442489,0,30,0,0,0,1,10,2,0,0,200,18,0,1,27,200,3,200,200,200,200
442489,0,30,0,0,0,1,10,2,0,0,200,18,0,0,57,0,0,200,0,200,200
442490,0,30,1,2,2,4,10,2,0,1,0,11,0,1,23,200,0,0,0,200,200
442490,0,30,1,2,2,4,10,2,0,1,0,11,0,0,32,200,8,0,0,200,200
442490,1,30,1,2,2,4,10,2,0,1,0,11,0,200,200,200,200,200,200,200,200
442490,1,30,1,2,2,4,10,2,0,1,0,11,0,0,200,200,200,200,200,200,200
442498,0,30,0,0,2,0,0,5,0,1,0,200,200,0,62,0,200,0,0,200,200
442498,0,30,0,0,2,0,0,5,0,1,0,200,200,1,33,0,0,0,0,200,200
442498,1,30,0,0,2,0,0,5,0,1,0,200,200,1,12,0,200,200,200,200,200
442498,1,30,0,0,2,0,0,5,0,1,0,200,200,0,200,0,200,200,200,200,200
442498,1,30,0,0,2,0,0,5,0,1,0,200,200,0,0,0,200,200,200,200,200
442502,4,25,0,0,0,1,8,5,0,0,0,0,0,0,200,7,200,200,200,200,200
442506,0,30,1,2,2,1,9,3,0,1,0,17,0,0,54,200,1,200,200,200,200
442506,5,30,1,2,2,1,9,3,0,1,0,17,0,1,35,3,0,200,0,200,200
442507,0,15,2,2,0,3,14,6,0,0,0,0,200,0,19,200,200,0,200,200,200
442507,0,15,2,2,0,3,14,6,0,0,0,0,200,1,36,0,0,0,200,200,200
442509,0,30,1,2,0,1,12,3,0,0,0,0,200,1,200,200,200,200,200,200,200
442509,0,30,1,2,0,1,12,3,0,0,0,0,200,1,34,0,200,200,0,200,200
442511,0,25,0,0,0,1,7,4,0,0,0,20,25,0,200,200,6,200,200,200,200
442512,0,30,0,0,0,1,10,2,0,0,0,18,200,0,40,200,3,200,200,200,200
442512,0,30,0,0,0,1,10,2,0,0,0,18,200,0,50,0,0,0,0,200,200
442514,0,30,0,0,2,3,2,5,0,1,0,0,0,2,200,200,200,200,200,200,200
442514,3,30,0,0,2,3,2,5,0,1,0,0,0,1,29,7,0,12,0,200,200
442516,0,35,1,2,0,1,3,5,0,0,0,0,0,1,200,200,200,200,200,200,200
442516,0,35,1,2,0,1,3,5,0,0,0,0,0,1,58,0,0,0,0,200,200
442518,0,30,1,2,0,4,10,5,0,0,0,22,0,0,200,200,2,200,200,200,200
442518,0,30,1,2,0,4,10,5,0,0,0,22,0,0,33,0,0,0,0,200,200
442519,0,35,0,0,0,1,10,6,0,0,200,18,200,0,200,200,3,200,200,200,200
442519,0,35,0,0,0,1,10,6,0,0,200,18,200,0,62,0,0,0,0,200,200
442524,0,30,1,200,1,4,10,5,0,1,200,0,200,0,17,0,200,0,0,200,200
442524,0,30,1,200,1,4,10,5,0,1,200,0,200,0,32,0,0,0,0,200,200
442524,1,30,1,200,1,4,10,5,0,1,200,0,200,1,200,0,200,200,200,200,200
442524,1,30,1,200,1,4,10,5,0,1,200,0,200,1,200,0,200,200,200,200,200
442524,1,30,1,200,1,4,10,5,0,1,200,0,200,1,200,0,200,200,200,200,200
442529,0,30,0,0,0,1,7,2,0,0,0,8,200,1,200,200,12,200,200,200,200
442529,1,30,0,0,0,1,7,2,0,0,0,8,200,1,200,200,200,200,200,200,200
442529,1,30,0,0,0,1,7,2,0,0,0,8,200,1,200,200,200,200,200,200,200
442531,0,30,0,0,0,4,7,7,0,200,200,0,0,0,23,0,0,0,200,200,200
442531,1,30,0,0,0,4,7,7,0,200,200,0,0,1,34,0,200,200,200,200,200
442531,1,30,0,0,0,4,7,7,0,200,200,0,0,0,14,0,200,200,200,200,200
442531,1,30,0,0,0,4,7,7,0,200,200,0,0,1,7,0,200,200,200,200,200
442531,1,30,0,0,0,4,7,7,0,200,200,0,0,1,9,0,200,200,200,200,200
442536,0,30,2,2,0,0,0,5,0,1,0,0,0,0,40,200,200,200,200,200,200
442536,0,30,2,2,0,0,0,5,0,1,0,0,0,0,24,200,200,200,200,200,200
442539,0,15,0,0,0,1,7,7,0,0,0,0,0,2,200,200,200,200,200,200,200
442546,0,30,0,0,2,3,10,5,0,1,0,0,0,0,46,0,0,0,0,200,200
442546,0,30,0,0,2,3,10,5,0,1,0,0,0,0,60,0,0,0,0,200,200
442546,1,30,0,0,2,3,10,5,0,1,0,0,0,1,200,0,200,200,200,200,200
442547,4,30,200,200,2,0,8,5,0,1,200,0,200,0,43,2,2,200,0,200,200
442547,0,30,200,200,2,0,8,5,0,1,200,0,200,1,42,0,0,200,0,200,200
442553,0,30,0,0,0,1,12,5,0,0,0,200,200,1,31,7,0,0,0,200,200
442553,0,30,0,0,0,1,12,5,0,0,0,200,200,0,38,0,0,0,0,200,200
442559,0,30,1,2,2,4,14,2,0,1,0,0,0,0,58,200,1,0,0,200,200
442559,0,30,1,2,2,4,14,2,0,1,0,0,0,0,31,200,0,0,0,200,200
442562,0,30,0,0,0,1,12,6,0,0,0,0,200,0,45,200,200,0,0,200,200
442562,0,30,0,0,0,1,12,6,0,0,0,0,200,0,34,200,200,0,0,200,200
442571,0,25,0,0,0,1,7,6,0,0,0,20,0,2,200,200,6,200,200,200,200
442573,0,30,0,0,0,0,7,7,0,0,0,0,0,0,38,200,200,200,200,200,200
442573,1,30,0,0,0,0,7,7,0,0,0,0,0,0,48,1,200,200,200,200,200
442575,0,30,0,0,0,0,10,2,0,0,0,11,0,2,200,200,200,200,200,200,200
442575,0,30,0,0,0,0,10,2,0,0,0,11,0,1,32,200,200,200,0,200,200
442575,1,30,0,0,0,0,10,2,0,0,0,11,0,0,1,200,200,200,200,200,200
442578,0,35,2,2,0,3,14,5,0,0,0,16,17,0,28,0,1,0,0,200,200
442578,0,35,2,2,0,3,14,5,0,0,0,16,17,0,62,0,0,0,0,200,200
442582,0,30,0,0,0,0,12,8,0,1,0,22,22,2,200,200,13,200,200,200,200
442582,0,30,0,0,0,0,12,8,0,1,0,22,22,1,31,0,0,0,0,200,200
442582,1,30,0,0,0,0,12,8,0,1,0,22,22,0,12,0,200,200,200,200,200
442582,1,30,0,0,0,0,12,8,0,1,0,22,22,1,200,0,200,200,200,200,200
442583,0,30,0,0,2,3,7,7,0,1,0,0,0,0,37,0,0,0,0,200,200
442583,1,30,0,0,2,3,7,7,0,1,0,0,0,0,200,0,200,200,200,200,200
442590,0,30,0,0,0,1,7,6,0,0,0,0,200,2,200,200,200,200,200,200,200
442598,0,30,0,0,2,3,12,5,0,1,0,15,34,0,42,0,8,0,0,200,200
442598,0,30,0,0,2,3,12,5,0,1,0,15,34,1,50,0,0,0,0,200,200
442598,1,30,0,0,2,3,12,5,0,1,0,15,34,1,0,5,200,200,200,200,200
442615,0,30,0,0,0,4,12,5,0,0,0,200,200,0,200,200,0,200,200,200,200
442615,0,30,0,0,0,4,12,5,0,0,0,200,200,0,35,0,0,0,0,200,200
442615,1,30,0,0,0,4,12,5,0,0,0,200,200,1,200,0,200,200,200,200,200
442630,0,30,2,2,0,4,0,12,0,0,0,17,11,0,42,0,1,0,0,200,200
442630,0,30,2,2,0,4,0,12,0,0,0,17,11,0,26,0,0,0,0,200,200
442640,0,30,1,2,0,3,12,5,0,0,0,22,200,2,200,200,12,200,200,200,200
442640,0,30,1,2,0,3,12,5,0,0,0,22,200,1,21,0,0,0,0,200,200
442652,0,30,2,2,0,3,14,2,0,0,0,5,17,0,200,200,1,200,200,200,200
442652,0,30,2,2,0,3,14,2,0,0,0,5,17,0,53,200,0,0,0,200,200
442653,0,30,2,2,0,3,14,5,0,0,200,0,0,0,24,0,200,200,0,200,200
442653,0,30,2,2,0,3,14,5,0,0,200,0,0,0,18,0,200,200,0,200,200
442660,0,30,1,2,0,1,12,5,0,0,0,18,21,0,51,0,1,0,0,200,200
442660,0,30,1,2,0,1,12,5,0,0,0,18,21,0,26,0,0,0,0,200,200
442661,0,30,1,2,0,3,10,3,0,0,0,7,18,1,73,0,3,0,0,200,200
442661,0,30,1,2,0,3,10,3,0,0,0,7,18,1,55,0,0,0,0,200,200
442661,0,30,1,2,0,3,10,3,0,0,0,7,18,2,200,200,200,200,200,200,200
442661,1,30,1,2,0,3,10,3,0,0,0,7,18,1,55,0,200,200,200,200,200
442667,0,30,0,0,0,3,7,5,0,0,0,21,14,0,36,200,8,200,200,200,200
442669,0,30,1,2,0,1,12,5,0,0,200,21,200,0,200,200,4,200,200,200,200
442669,0,30,1,2,0,1,12,5,0,0,200,21,200,0,34,200,0,200,200,200,200
442674,0,30,2,2,0,3,10,5,0,0,0,18,0,0,200,200,3,200,200,200,200
442674,0,30,2,2,0,3,10,5,0,0,0,18,0,0,39,0,0,0,0,200,200
442695,0,30,200,200,200,1,12,2,0,0,200,11,0,0,61,200,200,200,200,200,200
442695,0,30,200,200,200,1,12,2,0,0,200,11,0,1,39,200,0,0,0,200,200
442700,5,30,0,0,0,0,9,7,0,0,200,20,0,2,50,200,6,200,0,200,200
442700,0,30,0,0,0,0,9,7,0,0,200,20,0,0,200,200,6,200,200,200,200
442701,0,20,0,0,0,3,7,2,0,0,0,0,0,0,200,200,6,200,200,200,200
442703,0,30,3,200,200,1,7,5,0,200,200,0,200,1,200,200,200,200,200,200,200
442716,0,30,1,2,0,3,12,2,0,0,0,21,0,1,57,200,4,200,200,200,200
442716,0,30,1,2,0,3,12,2,0,0,0,21,0,0,32,0,0,0,0,200,200
442718,0,10,0,0,0,0,10,4,0,0,0,18,200,0,57,1,1,0,0,200,200
442718,0,10,0,0,0,0,10,4,0,0,0,18,200,0,30,0,0,0,0,200,200
442720,0,15,200,200,0,1,7,0,0,0,0,11,200,0,200,200,12,200,200,200,200
442725,0,30,1,200,0,3,10,3,0,1,200,18,0,0,70,200,1,200,200,200,200
442725,0,30,1,200,0,3,10,3,0,1,200,18,0,1,52,200,0,0,0,200,200
442728,0,30,1,2,0,3,2,5,0,0,0,14,200,0,200,200,8,0,200,200,200
442736,0,30,1,2,0,0,12,5,0,0,0,10,200,0,200,200,4,200,200,200,200
442736,0,30,1,2,0,0,12,5,0,0,0,10,200,1,19,0,0,0,0,200,200
442745,0,30,2,200,0,3,12,5,3,0,0,0,0,0,200,200,200,200,200,200,200
442745,0,30,2,200,0,3,12,5,3,0,0,0,0,1,36,0,0,0,0,200,200
442757,0,30,0,200,0,3,10,2,0,0,200,18,18,0,24,0,200,200,0,200,200
442757,0,30,0,200,0,3,10,2,0,0,200,18,18,2,200,200,2,200,200,200,200
442760,0,30,0,0,0,3,0,6,0,0,0,5,16,0,200,200,1,200,200,200,200
442760,0,30,0,0,0,3,0,6,0,0,0,5,16,1,36,200,12,0,0,200,200
442760,1,30,0,0,0,3,0,6,0,0,0,5,16,2,200,200,200,200,200,200,200
442760,1,30,0,0,0,3,0,6,0,0,0,5,16,0,30,200,200,200,200,200,200
442760,1,30,0,0,0,3,0,6,0,0,0,5,16,0,33,200,200,200,200,200,200
442760,1,30,0,0,0,3,0,6,0,0,0,5,16,1,32,200,200,200,200,200,200
442770,0,30,0,0,0,3,10,5,0,0,0,18,18,0,50,0,3,0,0,200,200
442770,0,30,0,0,0,3,10,5,0,0,0,18,18,0,41,0,0,0,0,200,200
442770,1,30,0,0,0,3,10,5,0,0,0,18,18,0,28,0,200,200,200,200,200
442771,0,30,1,200,0,3,10,5,0,200,200,0,200,0,38,200,200,200,200,200,200
442771,0,30,1,200,0,3,10,5,0,200,200,0,200,0,46,200,0,200,0,200,200
442771,1,30,1,200,0,3,10,5,0,200,200,0,200,0,34,200,200,200,200,200,200
442774,0,30,0,0,0,3,7,6,0,0,200,20,200,1,200,200,6,200,200,200,200
442783,0,30,1,2,0,3,12,5,0,0,0,22,21,0,33,0,2,200,200,200,200
442783,0,30,1,2,0,3,12,5,0,0,0,22,21,0,19,0,0,0,0,200,200
442790,0,30,0,0,0,3,7,5,0,0,0,32,27,0,22,200,200,200,200,200,200
442791,0,30,1,2,0,3,14,5,0,0,0,18,16,0,19,0,1,0,0,200,200
442791,0,30,1,2,0,3,14,5,0,0,0,18,16,0,33,0,0,0,0,200,200
442798,0,30,2,2,0,3,0,6,0,0,0,25,15,0,16,200,13,0,0,200,200
442798,0,30,2,2,0,3,0,6,0,0,0,25,15,1,56,0,0,0,0,200,200
442802,0,25,0,0,0,3,7,6,0,0,0,20,20,2,200,200,6,200,200,200,200
442822,0,30,1,2,0,3,14,3,0,0,0,18,18,1,25,200,3,0,0,200,200
442822,0,30,1,2,0,3,14,3,0,0,0,18,18,0,24,200,0,0,0,200,200
442828,0,0,0,0,0,3,7,7,2,0,3,25,200,1,200,200,12,200,200,200,200
442848,0,30,2,12,0,3,14,2,0,0,0,17,17,0,46,200,7,200,0,200,200
442848,0,30,2,12,0,3,14,2,0,0,0,17,17,0,63,2,0,200,0,200,200
442854,0,30,1,2,0,4,10,1,0,0,200,16,0,1,25,200,200,200,200,200,200
442854,0,30,1,2,0,4,10,1,0,0,200,16,0,1,34,0,0,0,0,200,200
442879,0,30,2,2,0,3,7,5,0,0,200,5,16,0,200,0,12,200,7,200,200
442890,0,20,0,0,0,3,7,5,0,0,0,0,0,0,31,200,12,200,5,0.13,200
442890,1,20,0,0,0,3,7,5,0,0,0,0,0,0,200,200,200,200,200,200,200
442903,0,30,2,2,0,3,10,2,0,1,0,8,0,0,0,200,6,12,0,200,200
442903,0,30,2,2,0,3,10,2,0,1,0,8,0,1,48,200,0,0,0,200,200
442903,1,30,2,2,0,3,10,2,0,1,0,8,0,1,20,200,200,200,200,200,200
442908,0,30,0,0,0,3,2,12,0,12,0,0,200,0,26,0,12,0,0,200,200
442908,1,30,0,0,0,3,2,12,0,12,0,0,200,1,36,0,200,200,200,200,200
442911,0,30,1,2,0,1,0,3,0,0,0,17,0,0,200,200,1,200,200,200,200
442911,0,30,1,2,0,1,0,3,0,0,0,17,0,0,43,0,0,0,0,200,200
442914,0,30,0,0,0,3,0,2,0,0,0,18,16,0,200,200,3,200,200,200,200
442914,0,30,0,0,0,3,0,2,0,0,0,18,16,1,28,7,0,200,0,200,200
442914,0,30,0,0,0,3,0,2,0,0,0,18,16,0,44,7,0,200,0,200,200
442915,0,30,1,2,0,2,12,5,0,0,0,0,0,2,200,200,200,200,200,200,200
442915,0,30,1,2,0,2,12,5,0,0,0,0,0,0,54,200,0,200,0,200,200
442915,0,30,1,2,0,2,12,5,0,0,0,0,0,0,49,200,200,200,200,200,200
442915,1,30,1,2,0,2,12,5,0,0,0,0,0,1,45,0,200,200,200,200,200
442922,0,30,1,2,1,4,12,2,0,1,0,21,23,0,51,200,4,200,0,200,200
442922,0,30,1,2,1,4,12,2,0,1,0,21,23,0,49,0,0,0,0,200,200
442924,0,30,0,0,0,0,12,2,0,0,0,22,0,2,45,200,2,200,200,200,200
442924,0,30,0,0,0,0,12,2,0,0,0,22,0,0,44,0,0,200,0,200,200
442926,0,30,2,2,0,1,14,1,0,0,0,17,23,0,30,200,1,0,0,200,200
442926,0,30,2,2,0,1,14,1,0,0,0,17,23,0,63,200,0,0,0,200,200
442926,1,30,2,2,0,1,14,1,0,0,0,17,23,0,56,7,200,200,200,200,200
442930,0,40,1,2,0,1,10,3,0,0,0,11,200,1,30,0,0,0,0,200,200
442930,0,40,1,2,0,1,10,3,0,0,0,11,200,0,30,0,12,0,0,200,200
442935,0,30,1,2,0,1,12,2,2,0,0,21,200,1,200,200,4,200,200,200,200
442935,0,30,1,2,0,1,12,2,2,0,0,21,200,0,44,0,0,0,0,200,200
442936,0,30,0,0,0,1,0,5,0,0,0,0,0,2,200,200,1,200,200,200,200
442936,0,30,0,0,0,1,0,5,0,0,0,0,0,1,50,0,0,0,0,200,200
442945,0,30,1,2,0,1,10,5,0,0,0,2,16,0,200,200,15,200,200,200,200
442945,0,30,1,2,0,1,10,5,0,0,0,2,16,1,24,0,0,0,0,200,200
442945,1,30,1,2,0,1,10,5,0,0,0,2,16,1,37,0,200,200,200,200,200
442945,1,30,1,2,0,1,10,5,0,0,0,2,16,0,16,0,200,200,200,200,200
442945,1,30,1,2,0,1,10,5,0,0,0,2,16,1,14,0,200,200,200,200,200
442945,1,30,1,2,0,1,10,5,0,0,0,2,16,0,15,0,200,200,200,200,200
442945,1,30,1,2,0,1,10,5,0,0,0,2,16,1,13,0,200,200,200,200,200