RD_NO,PERSON_TYPE,POSTED_SPEED_LIMIT,TRAFFIC_CONTROL_DEVICE,DEVICE_CONDITION,WEATHER_CONDITION,LIGHTING_CONDITION,FIRST_CRASH_TYPE,TRAFFICWAY_TYPE,ALIGNMENT,ROADWAY_SURFACE_COND,ROAD_DEFECT,PRIM_CONTRIBUTORY_CAUSE,SEC_CONTRIBUTORY_CAUSE,SEX,AGE,SAFETY_EQUIPMENT,DRIVER_ACTION,DRIVER_VISION,PHYSICAL_CONDITION,BAC_RESULT VALUE,CELL_PHONE_USE
443536,0,30,1,2,0,1,10,2,0,0,0,0,200,0,34,0,0,200,0,200,200
443536,0,30,1,2,0,1,10,2,0,0,0,0,200,1,48,0,0,200,0,200,200
443536,1,30,1,2,0,1,10,2,0,0,0,0,200,0,200,0,200,200,200,200,200
443536,1,30,1,2,0,1,10,2,0,0,0,0,200,0,200,200,200,200,200,200,200
443537,0,30,1,2,0,1,10,5,0,0,200,8,8,1,85,0,1,0,0,200,200
443537,0,30,1,2,0,1,10,5,0,0,200,8,8,0,52,0,0,0,0,200,200
443538,0,30,0,0,0,1,10,6,0,0,0,20,200,0,49,200,6,200,200,200,200
443538,0,30,0,0,0,1,10,6,0,0,0,20,200,0,69,0,0,0,0,200,200
443542,0,30,0,0,0,1,7,5,0,0,200,25,200,0,36,200,0,0,200,200,200
443542,1,30,0,0,0,1,7,5,0,0,200,25,200,0,43,1,200,200,200,200,200
443542,1,30,0,0,0,1,7,5,0,0,200,25,200,1,29,0,200,200,200,200,200
443545,0,30,0,0,0,1,11,7,0,0,0,0,200,1,200,200,200,200,200,200,200
443545,0,30,0,0,0,1,11,7,0,0,0,0,200,0,21,0,200,200,200,200,200
443554,0,0,0,0,0,1,7,7,0,0,0,0,0,2,200,200,10,200,200,200,200
443555,0,10,0,0,0,1,11,7,0,0,0,0,0,1,200,200,200,0,0,200,200
443555,0,10,0,0,0,1,11,7,0,0,0,0,0,1,200,0,200,0,0,200,200
443558,0,30,0,0,0,0,10,2,0,0,0,0,0,2,200,200,200,200,200,200,200
443558,0,30,0,0,0,0,10,2,0,0,0,0,0,1,59,0,0,0,200,200,200
443563,0,30,0,0,0,1,10,5,0,0,0,0,0,0,37,200,200,200,200,200,200
443563,0,30,0,0,0,1,10,5,0,0,0,0,0,0,82,0,0,0,0,200,200
443563,1,30,0,0,0,1,10,5,0,0,0,0,0,1,17,0,200,200,200,200,200
443564,0,30,0,0,0,1,7,200,0,0,0,0,200,2,200,200,200,200,200,200,200
443570,0,30,0,0,2,1,7,6,0,0,0,16,0,2,200,200,200,200,200,200,200
443573,0,10,0,0,0,1,7,7,0,0,0,0,0,2,200,200,200,200,200,200,200
443578,0,30,0,0,0,1,12,2,0,0,0,18,200,0,65,0,3,1,0,200,200
443578,0,30,0,0,0,1,12,2,0,0,0,18,200,0,44,0,0,1,0,200,200
443579,0,30,1,2,0,1,14,5,0,0,0,200,200,0,38,200,200,200,200,200,200
443579,0,30,1,2,0,1,14,5,0,0,0,200,200,1,31,0,0,0,0,200,200
443579,1,30,1,2,0,1,14,5,0,0,0,200,200,0,200,0,200,200,200,200,200
443580,0,30,2,2,0,1,14,5,0,0,0,21,200,1,52,0,7,0,0,200,200
443580,0,30,2,2,0,1,14,5,0,0,0,21,200,1,38,0,0,0,0,200,200
443581,0,15,0,0,0,1,2,6,0,0,0,0,200,0,52,0,12,0,0,200,200
443587,0,30,0,0,0,1,12,3,0,0,0,22,200,0,58,200,2,200,200,200,200
443587,0,30,0,0,0,1,12,3,0,0,0,22,200,0,25,0,0,0,0,200,200
443587,0,30,0,0,0,1,12,3,0,0,0,22,200,0,50,0,0,0,0,200,200
443587,0,30,0,0,0,1,12,3,0,0,0,22,200,0,30,0,0,0,0,200,200
443587,1,30,0,0,0,1,12,3,0,0,0,22,200,1,44,0,200,200,200,200,200
443587,1,30,0,0,0,1,12,3,0,0,0,22,200,0,34,0,200,200,200,200,200
443587,1,30,0,0,0,1,12,3,0,0,0,22,200,1,21,0,200,200,200,200,200
443587,1,30,0,0,0,1,12,3,0,0,0,22,200,0,200,0,200,200,200,200,200
443587,1,30,0,0,0,1,12,3,0,0,0,22,200,0,200,0,200,200,200,200,200
443590,0,30,2,2,0,1,0,12,0,0,0,17,11,0,18,0,1,0,0,200,200
443590,0,30,2,2,0,1,0,12,0,0,0,17,11,1,31,0,12,0,0,200,200
443594,0,35,0,0,0,1,12,6,0,0,200,0,0,1,39,0,200,0,0,200,200
443594,0,35,0,0,0,1,12,6,0,0,200,0,0,0,48,0,200,0,0,200,200
443599,0,30,0,0,0,2,7,2,0,0,0,16,0,2,200,200,200,200,200,200,200
443602,0,30,1,2,0,1,12,2,0,0,3,0,0,0,200,200,200,200,200,200,200
443602,0,30,1,2,0,1,12,2,0,0,3,0,0,0,27,0,200,0,0,200,200
443606,0,30,0,0,0,1,5,5,0,0,1,0,200,0,32,0,0,0,0,200,200
443607,0,30,1,2,0,1,10,2,0,0,0,20,11,0,67,200,6,200,0,200,200
443607,0,30,1,2,0,1,10,2,0,0,0,20,11,1,26,200,0,200,0,200,200
443608,0,30,2,2,0,1,0,5,0,0,0,5,200,0,18,0,12,200,0,200,200
443608,0,30,2,2,0,1,0,5,0,0,0,5,200,1,48,0,0,0,0,200,200
443609,0,35,1,2,0,1,10,5,0,0,0,0,200,0,200,200,5,200,200,200,200
443609,0,35,1,2,0,1,10,5,0,0,0,0,200,0,44,200,0,0,0,200,200
443609,1,35,1,2,0,1,10,5,0,0,0,0,200,1,200,200,200,200,200,200,200
443614,0,30,0,0,0,1,7,5,0,0,0,0,0,2,200,200,0,200,200,200,200
443618,0,30,0,0,0,1,12,5,0,0,0,0,0,0,26,200,200,0,0,200,200
443618,0,30,0,0,0,1,12,5,0,0,0,0,0,0,58,200,200,0,0,200,200
443619,0,30,0,0,0,1,7,7,0,0,0,200,200,1,200,200,0,200,200,200,200
443619,1,30,0,0,0,1,7,7,0,0,0,200,200,1,200,200,200,200,200,200,200
443626,0,30,1,2,0,1,10,5,0,0,0,18,200,0,29,0,3,0,0,200,200
443626,0,30,1,2,0,1,10,5,0,0,0,18,200,1,28,0,0,0,0,200,200
443628,0,30,0,0,0,1,7,7,0,0,0,20,200,0,37,0,6,5,0,200,200
443635,0,30,0,0,0,1,9,2,0,0,0,17,0,1,62,0,1,0,0,200,200
443635,5,30,0,0,0,1,9,2,0,0,0,17,0,0,7,7,0,0,0,200,200
443638,4,30,0,0,0,1,8,5,0,200,200,11,17,0,35,2,12,200,12,200,200
443638,1,30,0,0,0,1,8,5,0,200,200,11,17,1,46,200,200,200,200,200,200
443638,1,30,0,0,0,1,8,5,0,200,200,11,17,1,200,200,200,200,200,200,200
443640,0,30,1,2,0,1,10,5,0,0,0,0,200,0,32,200,200,200,200,200,200
443640,0,30,1,2,0,1,10,5,0,0,0,0,200,0,17,0,0,0,0,200,200
443647,4,15,0,0,0,1,8,12,0,0,0,200,200,1,24,7,12,200,7,200,200
443647,0,15,0,0,0,1,8,12,0,0,0,200,200,0,22,0,12,3,0,200,200
443647,1,15,0,0,0,1,8,12,0,0,0,200,200,1,200,0,200,200,200,200,200
443648,0,30,0,0,0,1,7,7,0,0,0,0,0,2,200,200,6,200,200,200,200
443650,0,45,1,2,0,1,12,3,0,0,200,17,0,0,200,200,1,200,200,200,200
443650,0,45,1,2,0,1,12,3,0,0,200,17,0,0,30,0,0,0,0,200,200
443653,0,30,0,0,0,1,7,5,0,0,0,200,200,1,33,0,0,0,0,200,200
443653,1,30,0,0,0,1,7,5,0,0,0,200,200,0,200,0,200,200,200,200,200
443655,0,30,0,0,0,1,10,5,0,0,0,18,25,0,200,200,3,200,200,200,200
443655,0,30,0,0,0,1,10,5,0,0,0,18,25,1,42,7,0,0,0,200,200
443655,1,30,0,0,0,1,10,5,0,0,0,18,25,1,18,200,200,200,200,200,200
443655,1,30,0,0,0,1,10,5,0,0,0,18,25,0,19,200,200,200,200,200,200
443655,1,30,0,0,0,1,10,5,0,0,0,18,25,1,22,200,200,200,200,200,200
443658,0,15,0,0,0,1,14,0,0,0,0,17,200,0,40,200,1,0,0,200,200
443658,0,15,0,0,0,1,14,0,0,0,0,17,200,1,25,200,0,0,0,200,200
443658,1,15,0,0,0,1,14,0,0,0,0,17,200,0,5,200,200,200,200,200,200
443667,0,15,0,0,0,1,7,7,0,0,0,200,200,0,67,0,12,0,0,200,200
443668,0,30,2,2,0,1,11,5,0,0,0,0,0,1,29,0,0,0,0,200,200
443668,0,30,2,2,0,1,11,5,0,0,0,0,0,1,29,200,200,200,200,200,200
443673,0,30,0,0,0,1,10,2,0,0,0,0,0,1,54,0,0,0,0,200,200
443673,0,30,0,0,0,1,10,2,0,0,0,0,0,0,28,0,0,0,0,200,200
443674,0,30,1,2,0,1,12,5,0,0,0,22,0,0,24,200,200,0,0,200,200
443674,0,30,1,2,0,1,12,5,0,0,0,22,0,0,57,200,200,0,0,200,200
443675,0,30,1,2,0,1,10,2,0,0,0,0,0,1,200,200,200,200,200,200,200
443675,0,30,1,2,0,1,10,2,0,0,0,0,0,0,39,0,0,0,0,200,200
443675,1,30,1,2,0,1,10,2,0,0,0,0,0,1,40,0,200,200,200,200,200
443676,0,20,0,0,0,1,7,6,0,0,0,200,13,0,24,0,12,0,0,200,200
443680,0,30,1,2,0,1,10,2,0,0,0,17,18,0,43,200,1,200,200,200,200
443680,0,30,1,2,0,1,10,2,0,0,0,17,18,1,20,0,0,0,0,200,200
443680,1,30,1,2,0,1,10,2,0,0,0,17,18,1,18,0,200,200,200,200,200
443681,0,35,0,200,0,1,11,3,0,0,0,21,2,0,200,200,9,200,200,200,200
443681,0,35,0,200,0,1,11,3,0,0,0,21,2,0,55,200,0,0,0,200,200
443683,0,30,0,0,1,1,12,3,0,0,0,22,200,0,25,200,2,200,200,200,200
443683,0,30,0,0,1,1,12,3,0,0,0,22,200,1,40,0,0,0,0,200,200
443688,0,30,0,0,0,1,7,3,0,0,200,200,200,0,23,200,0,200,0,200,200
443688,3,30,0,0,0,1,7,3,0,0,200,200,200,1,75,200,0,12,0,200,200
443688,1,30,0,0,0,1,7,3,0,0,200,200,200,1,20,200,200,200,200,200,200
443688,1,30,0,0,0,1,7,3,0,0,200,200,200,0,57,200,200,200,200,200,200
443688,1,30,0,0,0,1,7,3,0,0,200,200,200,1,38,200,200,200,200,200,200
443691,0,10,0,0,0,1,0,7,0,0,0,0,0,1,0,200,200,0,0,200,200
443691,0,10,0,0,0,1,0,7,0,0,0,0,0,0,52,200,200,0,0,200,200
443696,0,10,0,0,0,3,7,5,0,0,0,20,200,1,28,200,6,200,200,200,200
443698,0,30,0,0,0,1,12,2,0,0,0,16,11,0,51,0,4,0,0,200,200
443698,0,30,0,0,0,1,12,2,0,0,0,16,11,0,49,0,0,0,0,200,200
443699,0,30,0,0,0,1,10,2,0,0,0,18,200,0,63,0,3,0,0,200,200
443699,0,30,0,0,0,1,10,2,0,0,0,18,200,1,56,0,0,0,0,200,200
443703,0,5,12,2,0,1,12,12,0,0,0,17,0,0,24,200,1,0,0,200,200
443703,0,5,12,2,0,1,12,12,0,0,0,17,0,0,58,200,0,0,0,200,200
443709,0,30,1,2,0,1,12,6,0,0,0,0,0,2,200,200,4,200,200,200,200
443709,0,30,1,2,0,1,12,6,0,0,0,0,0,0,66,0,0,0,0,200,200
443709,1,30,1,2,0,1,12,6,0,0,0,0,0,2,200,200,200,200,200,200,200
443709,1,30,1,2,0,1,12,6,0,0,0,0,0,2,200,200,200,200,200,200,200
443711,0,30,0,0,0,1,10,6,0,0,0,0,200,0,35,0,200,0,0,200,200
443711,0,30,0,0,0,1,10,6,0,0,0,0,200,0,33,0,200,0,0,200,200
443714,0,30,2,2,0,1,12,5,0,0,0,17,200,0,27,0,1,0,0,200,200
443714,0,30,2,2,0,1,12,5,0,0,0,17,200,0,37,200,0,200,200,200,200
443718,0,30,0,0,0,1,12,5,0,0,200,0,200,0,200,200,1,200,200,200,200
443718,0,30,0,0,0,1,12,5,0,0,200,0,200,0,52,0,0,200,0,200,200
443720,0,30,2,2,0,1,10,5,0,0,0,16,11,1,50,0,1,0,0,200,200
443720,0,30,2,2,0,1,10,5,0,0,0,16,11,1,42,0,0,0,0,200,200
443737,0,35,1,2,0,1,10,5,0,0,0,18,16,1,37,0,0,0,0,200,200
443738,0,35,0,0,0,1,14,5,0,0,0,0,0,0,71,200,200,0,0,200,200
443738,0,35,0,0,0,1,14,5,0,0,0,0,0,0,39,200,200,0,0,200,200
443750,0,25,0,0,0,1,12,5,0,0,0,22,200,1,200,200,2,200,200,200,200
443750,0,25,0,0,0,1,12,5,0,0,0,22,200,1,30,0,0,0,0,200,200
443751,0,30,1,2,0,1,10,2,0,0,0,0,0,1,22,200,200,0,0,200,200
443751,0,30,1,2,0,1,10,2,0,0,0,0,0,0,55,200,200,0,0,200,200
443753,0,30,2,2,0,1,10,6,0,0,0,200,200,0,56,0,0,0,0,200,200
443753,0,30,2,2,0,1,10,6,0,0,0,200,200,0,45,0,0,0,0,200,200
443753,1,30,2,2,0,1,10,6,0,0,0,200,200,1,200,0,200,200,200,200,200
443754,4,30,0,0,0,1,8,5,0,0,0,0,0,0,200,2,200,200,200,200,200
443754,0,30,0,0,0,1,8,5,0,0,0,0,0,1,62,0,0,0,0,200,200
443758,0,30,2,0,0,1,9,2,0,0,200,17,200,2,200,200,1,200,200,200,200
443758,5,30,2,0,0,1,9,2,0,0,200,17,200,0,14,7,200,12,0,200,200
443766,0,30,0,0,0,1,11,2,0,0,0,0,0,1,200,200,200,200,200,200,200
443766,0,30,0,0,0,1,11,2,0,0,0,0,0,1,30,0,0,0,0,200,200
443768,4,35,0,0,0,1,8,6,0,0,0,17,200,0,56,2,1,0,200,200,200
443768,0,35,0,0,0,1,8,6,0,0,0,17,200,1,49,200,0,0,0,200,200
443772,0,30,1,2,0,1,0,2,0,0,200,6,200,0,26,200,5,200,0,200,200
443772,0,30,1,2,0,1,0,2,0,0,200,6,200,1,40,200,5,200,0,200,200
443774,0,30,0,0,0,1,9,3,0,0,0,0,200,1,67,200,0,0,0,200,200
443774,5,30,0,0,0,1,9,3,0,0,0,0,200,0,1,7,0,0,0,200,200
443775,0,10,0,0,0,1,0,12,0,0,0,11,11,0,58,200,6,200,200,200,200
443775,0,10,0,0,0,1,0,12,0,0,0,11,11,1,71,0,2,0,0,200,200
443778,0,30,0,0,0,1,12,5,0,0,0,200,200,1,200,200,200,200,200,200,200
443778,0,30,0,0,0,1,12,5,0,0,0,200,200,1,77,0,0,0,0,200,200
443783,0,30,0,0,0,1,10,2,0,0,0,0,200,0,49,200,200,0,0,200,200
443783,0,30,0,0,0,1,10,2,0,0,0,0,200,0,39,7,0,0,0,200,200
443785,0,25,0,0,0,1,7,6,0,0,0,0,200,1,200,200,200,200,200,200,200
443785,1,25,0,0,0,1,7,6,0,0,0,0,200,0,25,200,200,200,200,200,200
443787,0,30,0,0,0,1,10,5,0,0,0,27,16,0,30,7,0,0,2,200,200
443787,0,30,0,0,0,1,10,5,0,0,0,27,16,1,32,0,0,0,0,200,200
443787,0,30,0,0,0,1,10,5,0,0,0,27,16,1,36,0,0,0,0,200,200
443788,0,10,0,0,0,1,7,7,0,0,0,0,200,2,200,200,200,200,200,200,200
443791,0,30,0,0,0,1,14,5,0,0,0,200,200,0,20,200,0,0,0,200,200
443791,0,30,0,0,0,1,14,5,0,0,0,200,200,1,60,0,0,0,0,200,200
443794,0,25,0,0,0,1,7,5,0,0,0,10,22,0,42,0,12,0,0,200,200
443797,0,30,1,2,0,1,9,5,0,0,0,0,0,0,50,0,12,0,0,200,200
443797,5,30,1,2,0,1,9,5,0,0,0,0,0,0,37,7,200,200,200,200,200
443798,0,30,1,2,0,1,10,5,0,0,0,0,0,1,200,200,200,200,200,200,200
443798,0,30,1,2,0,1,10,5,0,0,0,0,0,1,54,0,0,0,0,200,200
443809,0,30,0,0,0,1,7,2,0,0,0,7,0,0,59,200,200,0,0,200,200
443818,0,35,1,2,0,1,14,2,0,0,0,0,0,0,38,0,200,0,0,200,200
443818,0,35,1,2,0,1,14,2,0,0,0,0,0,1,24,0,200,0,0,200,200
443821,0,30,0,0,0,1,14,5,0,0,0,22,35,0,200,200,2,200,200,200,200
443821,0,30,0,0,0,1,14,5,0,0,0,22,35,0,40,200,0,0,0,200,200
443823,0,25,0,0,0,1,12,5,0,0,0,0,200,0,48,200,12,0,0,200,200
443823,0,25,0,0,0,1,12,5,0,0,0,0,200,1,36,200,12,0,0,200,200
443833,0,30,0,0,0,1,10,5,0,200,200,18,18,1,200,200,3,200,200,200,200
443833,0,30,0,0,0,1,10,5,0,200,200,18,18,1,40,0,12,200,200,200,200
443835,0,30,2,2,0,1,0,5,0,0,200,17,5,0,200,200,1,0,0,200,200
443835,0,30,2,2,0,1,0,5,0,0,200,17,5,1,62,200,12,0,0,200,200
443836,0,30,0,0,0,1,0,6,0,0,0,17,33,1,29,0,1,5,0,200,200
443836,0,30,0,0,0,1,0,6,0,0,0,17,33,0,28,0,0,5,0,200,200
443837,0,30,1,2,0,1,12,6,0,0,0,22,18,0,60,0,4,0,0,200,200
443837,0,30,1,2,0,1,12,6,0,0,0,22,18,0,20,0,0,0,0,200,200
443837,1,30,1,2,0,1,12,6,0,0,0,22,18,0,23,0,200,200,200,200,200
443837,1,30,1,2,0,1,12,6,0,0,0,22,18,2,13,0,200,200,200,200,200
443837,1,30,1,2,0,1,12,6,0,0,0,22,18,2,9,0,200,200,200,200,200
443837,1,30,1,2,0,1,12,6,0,0,0,22,18,2,9,0,200,200,200,200,200
443837,1,30,1,2,0,1,12,6,0,0,0,22,18,2,9,0,200,200,200,200,200
443837,1,30,1,2,0,1,12,6,0,0,0,22,18,2,3,0,200,200,200,200,200
443837,1,30,1,2,0,1,12,6,0,0,0,22,18,2,7,0,200,200,200,200,200
443840,0,35,1,2,200,1,10,5,0,0,0,0,0,1,200,200,200,0,0,200,200
443840,0,35,1,2,200,1,10,5,0,0,0,0,0,1,47,200,0,0,0,200,200
443842,0,35,0,0,0,1,7,5,0,0,0,0,0,2,200,200,10,200,200,200,200
443844,0,30,0,0,0,0,7,5,0,0,0,0,0,2,200,200,200,200,200,200,200
443845,0,30,0,0,0,1,12,5,0,0,0,0,0,1,200,200,12,200,0,200,200
443845,0,30,0,0,0,1,12,5,0,0,0,0,0,1,200,200,0,200,0,200,200
443848,0,30,2,2,0,1,14,5,0,0,0,17,200,0,59,0,1,0,0,200,200
443848,0,30,2,2,0,1,14,5,0,0,0,17,200,1,28,0,0,0,0,200,200
443850,0,30,1,2,0,1,12,6,0,0,0,22,200,1,45,0,0,0,0,200,200
443850,0,30,1,2,0,1,12,6,0,0,0,22,200,0,34,200,0,200,200,200,200
443852,0,25,0,0,0,1,7,6,0,0,0,0,200,2,200,7,200,200,200,200,200
443854,0,30,1,2,0,1,10,3,0,0,0,0,0,0,28,200,200,0,0,200,200
443854,0,30,1,2,0,1,10,3,0,0,0,0,0,1,70,200,0,0,0,200,200
443855,0,25,0,0,0,1,7,5,0,0,200,0,200,2,200,200,200,200,200,200,200
443858,0,30,0,0,0,1,10,5,0,0,0,200,200,0,44,200,0,0,0,200,200
443858,0,30,0,0,0,1,10,5,0,0,0,200,200,1,29,0,0,0,0,200,200
443860,0,25,0,0,0,1,2,5,0,0,0,0,20,0,200,200,8,200,200,200,200
443861,0,30,0,0,0,1,7,2,0,0,0,18,200,2,200,200,3,200,200,200,200
443863,0,30,1,2,0,1,10,5,0,0,0,16,0,0,200,200,1,200,200,200,200
443863,0,30,1,2,0,1,10,5,0,0,0,16,0,1,31,200,0,0,0,200,200
443863,1,30,1,2,0,1,10,5,0,0,0,16,0,1,9,200,200,200,200,200,200
443863,1,30,1,2,0,1,10,5,0,0,0,16,0,0,3,5,200,200,200,200,200
443864,0,25,0,0,0,1,10,5,0,0,0,7,16,1,18,0,12,0,0,200,200
443864,0,25,0,0,0,1,10,5,0,0,0,7,16,1,51,0,0,0,0,200,200
443869,0,30,0,0,0,1,10,5,0,0,0,0,0,0,200,200,3,200,200,200,200
443869,0,30,0,0,0,1,10,5,0,0,0,0,0,0,0,0,0,0,0,200,200
443871,0,30,0,0,0,1,12,2,0,0,0,17,11,0,37,0,0,0,0,200,200
443871,0,30,0,0,0,1,12,2,0,0,0,17,11,0,59,0,1,0,0,200,200
443872,0,30,200,200,0,1,0,5,0,0,200,17,200,0,22,200,1,200,0,200,200
443872,0,30,200,200,0,1,0,5,0,0,200,17,200,1,41,200,200,200,0,200,200
443876,0,25,3,2,0,1,12,6,3,0,0,11,200,0,66,0,4,0,0,200,200
443876,0,25,3,2,0,1,12,6,3,0,0,11,200,0,57,0,0,0,0,200,200
443880,0,30,1,2,0,1,14,5,0,0,0,22,21,0,56,0,7,0,0,200,200
443880,0,30,1,2,0,1,14,5,0,0,0,22,21,1,65,0,0,0,0,200,200
443883,0,15,0,0,0,200,7,7,0,0,0,0,0,2,200,200,200,200,200,200,200
443891,0,30,0,0,0,1,12,5,0,0,0,0,0,2,200,200,12,200,200,200,200
443891,0,30,0,0,0,1,12,5,0,0,0,0,0,1,53,0,0,0,0,200,200
443894,0,30,0,0,0,1,12,5,0,0,0,22,11,0,26,0,2,0,0,200,200
443894,0,30,0,0,0,1,12,5,0,0,0,22,11,0,34,0,0,0,0,200,200
443903,0,30,0,0,0,2,12,6,0,0,0,200,200,0,17,0,0,0,0,200,200
443903,0,30,0,0,0,2,12,6,0,0,0,200,200,1,47,0,0,0,0,200,200
443903,1,30,0,0,0,2,12,6,0,0,0,200,200,0,200,0,200,200,200,200,200
443904,0,30,0,0,0,1,3,5,3,0,1,200,200,2,200,200,2,200,200,200,200
443904,0,30,0,0,0,1,3,5,3,0,1,200,200,0,48,0,200,0,0,200,200
443905,0,30,0,0,0,1,10,2,0,0,0,0,0,1,48,0,0,0,0,200,200
443905,0,30,0,0,0,1,10,2,0,0,0,0,0,0,29,0,0,0,0,200,200
443912,0,30,1,200,0,200,12,3,0,200,200,11,0,0,53,200,12,200,0,200,200
443912,0,30,1,200,0,200,12,3,0,200,200,11,0,1,43,200,0,200,0,200,200
443912,1,30,1,200,0,200,12,3,0,200,200,11,0,0,200,200,200,200,200,200,200
443914,0,30,1,2,0,1,10,2,0,0,0,18,18,0,51,200,3,6,0,200,200
443914,0,30,1,2,0,1,10,2,0,0,0,18,18,1,43,0,12,200,0,200,200
443914,1,30,1,2,0,1,10,2,0,0,0,18,18,0,17,0,200,200,200,200,200
443916,0,30,0,0,0,1,10,2,0,0,0,0,0,0,21,0,200,0,0,200,200
443916,0,30,0,0,0,1,10,2,0,0,0,0,0,1,23,0,0,0,0,200,200
443916,0,30,0,0,0,1,10,2,0,0,0,0,0,1,45,0,0,0,0,200,200
443919,0,30,0,0,0,1,0,5,0,0,0,17,200,1,25,200,1,0,0,200,0
443919,0,30,0,0,0,1,0,5,0,0,0,17,200,0,21,7,0,0,0,200,200
443923,0,20,0,0,0,1,7,5,0,0,0,16,11,2,200,200,200,200,200,200,200
443928,0,30,1,2,0,1,14,5,0,0,0,0,0,1,24,0,200,0,0,200,200
443928,0,30,1,2,0,1,14,5,0,0,0,0,0,0,55,0,0,0,0,200,200
443932,0,30,1,2,0,1,0,2,0,0,200,6,0,0,47,200,5,200,200,200,200
443932,0,30,1,2,0,1,0,2,0,0,200,6,0,1,42,200,0,200,0,200,200
443933,0,30,1,2,1,3,4,5,0,0,1,28,200,1,42,0,0,200,12,200,200
443935,0,15,0,0,0,1,0,7,0,0,0,0,200,1,42,200,0,200,200,200,200
443935,0,15,0,0,0,1,0,7,0,0,0,0,200,1,38,0,0,12,0,200,200
443935,1,15,0,0,0,1,0,7,0,0,0,0,200,0,200,0,200,200,200,200,200
443935,1,15,0,0,0,1,0,7,0,0,0,0,200,0,200,5,200,200,200,200,200
443935,1,15,0,0,0,1,0,7,0,0,0,0,200,1,42,200,200,200,200,200,200
443939,0,35,3,2,0,1,10,3,3,0,0,18,16,0,66,0,3,0,0,200,200
443939,0,35,3,2,0,1,10,3,3,0,0,18,16,0,46,0,0,0,0,200,200
443940,0,15,0,0,200,200,7,6,0,0,0,16,14,2,200,200,8,200,200,200,200
443942,0,30,0,0,0,1,10,12,0,0,0,20,18,0,22,200,12,200,200,200,200
443942,0,30,0,0,0,1,10,12,0,0,0,20,18,1,59,200,12,12,0,200,200
443942,1,30,0,0,0,1,10,12,0,0,0,20,18,1,200,0,200,200,200,200,200
443942,1,30,0,0,0,1,10,12,0,0,0,20,18,1,200,0,200,200,200,200,200
443945,0,30,1,2,0,1,10,6,0,0,0,0,200,0,200,200,12,200,200,200,200
443945,0,30,1,2,0,1,10,6,0,0,0,0,200,0,28,0,0,0,0,200,200
443945,1,30,1,2,0,1,10,6,0,0,0,0,200,200,200,200,200,200,200,200,200
443947,0,30,0,0,0,1,10,5,0,0,0,7,200,0,23,0,3,0,1,200,200
443947,0,30,0,0,0,1,10,5,0,0,0,7,200,0,45,0,0,0,0,200,200
443947,0,30,0,0,0,1,10,5,0,0,0,7,200,1,56,0,0,0,0,200,200
443947,1,30,0,0,0,1,10,5,0,0,0,7,200,0,45,0,200,200,200,200,200
443947,1,30,0,0,0,1,10,5,0,0,0,7,200,0,39,0,200,200,200,200,200
443947,1,30,0,0,0,1,10,5,0,0,0,7,200,0,33,0,200,200,200,200,200
443951,0,30,1,2,0,1,14,6,0,0,200,23,200,0,67,200,12,0,0,200,200
443951,0,30,1,2,0,1,14,6,0,0,200,23,200,0,50,200,12,0,0,200,200
443951,1,30,1,2,0,1,14,6,0,0,200,23,200,200,200,200,200,200,200,200,200
443952,0,30,1,2,0,1,10,5,0,0,0,0,0,0,25,0,0,0,0,200,200
443952,0,30,1,2,0,1,10,5,0,0,0,0,0,0,40,0,0,0,0,200,200
443954,0,30,0,0,0,1,7,5,0,0,0,16,0,1,44,200,12,200,200,200,200
443954,1,30,0,0,0,1,7,5,0,0,0,16,0,1,28,0,200,200,200,200,200
443957,0,30,1,2,0,1,10,5,0,0,0,0,200,0,32,0,12,0,0,200,200
443957,0,30,1,2,0,1,10,5,0,0,0,0,200,0,35,0,0,0,0,200,200
443957,1,30,1,2,0,1,10,5,0,0,0,0,200,0,200,0,200,200,200,200,200
443957,1,30,1,2,0,1,10,5,0,0,0,0,200,1,200,0,200,200,200,200,200
443957,1,30,1,2,0,1,10,5,0,0,0,0,200,1,200,0,200,200,200,200,200
443962,0,30,1,2,0,1,12,3,0,0,0,22,11,0,200,200,200,200,200,200,200
443962,0,30,1,2,0,1,12,3,0,0,0,22,11,1,49,200,200,200,200,200,200
443967,0,30,1,2,0,1,14,6,0,0,0,11,200,1,0,0,12,0,0,200,200
443967,0,30,1,2,0,1,14,6,0,0,0,11,200,1,29,0,0,0,0,200,200
443967,1,30,1,2,0,1,14,6,0,0,0,11,200,1,200,200,200,200,200,200,200
443972,0,30,0,0,0,1,12,5,0,0,0,21,0,0,30,0,1,0,0,200,200
443972,0,30,0,0,0,1,12,5,0,0,0,21,0,0,56,0,0,0,0,200,200
443976,0,30,1,2,0,1,0,2,0,0,0,0,200,0,200,200,200,200,200,200,200
443976,0,30,1,2,0,1,0,2,0,0,0,0,200,0,71,0,200,200,200,200,200
443980,0,30,1,2,0,1,10,2,0,0,0,18,0,0,31,0,3,0,0,200,200
443980,0,30,1,2,0,1,10,2,0,0,0,18,0,0,46,0,12,0,0,200,200
443981,0,35,0,0,0,4,12,5,0,0,0,0,0,1,34,200,200,0,0,200,200
443981,0,35,0,0,0,4,12,5,0,0,0,0,0,1,0,200,200,0,0,200,200
443983,0,30,0,0,0,1,14,5,0,0,0,23,200,0,20,7,7,200,200,200,200
443983,0,30,0,0,0,1,14,5,0,0,0,23,200,0,200,200,200,200,200,200,200
443986,0,30,1,2,0,3,0,5,0,0,0,17,17,2,200,200,1,200,200,200,200