RD_NO,PERSON_TYPE,POSTED_SPEED_LIMIT,TRAFFIC_CONTROL_DEVICE,DEVICE_CONDITION,WEATHER_CONDITION,LIGHTING_CONDITION,FIRST_CRASH_TYPE,TRAFFICWAY_TYPE,ALIGNMENT,ROADWAY_SURFACE_COND,ROAD_DEFECT,PRIM_CONTRIBUTORY_CAUSE,SEC_CONTRIBUTORY_CAUSE,SEX,AGE,SAFETY_EQUIPMENT,DRIVER_ACTION,DRIVER_VISION,PHYSICAL_CONDITION,BAC_RESULT VALUE,CELL_PHONE_USE
443986,0,30,1,2,0,3,0,5,0,0,0,17,17,1,50,0,0,0,0,200,200
443987,0,15,0,0,0,1,2,0,0,200,200,11,200,1,52,200,12,200,200,200,200
443988,0,30,0,0,0,1,7,6,0,0,0,0,0,2,200,200,200,200,200,200,200
443989,0,30,0,0,0,2,12,5,0,0,0,200,200,0,23,0,0,0,0,200,200
443989,0,30,0,0,0,2,12,5,0,0,0,200,200,1,200,200,0,200,200,200,200
443989,1,30,0,0,0,2,12,5,0,0,0,200,200,0,200,0,200,200,200,200,200
443993,0,30,0,0,0,4,12,5,0,0,0,8,0,1,27,200,12,12,0,200,200
443993,0,30,0,0,0,4,12,5,0,0,0,8,0,0,200,200,0,0,0,200,200
443995,0,30,1,2,0,1,9,2,0,0,0,17,200,0,85,0,200,0,0,200,200
443995,5,30,1,2,0,1,9,2,0,0,0,17,200,1,26,7,200,0,0,200,200
443997,0,30,0,0,0,1,0,7,0,0,0,17,200,1,200,200,1,200,200,200,200
443997,0,30,0,0,0,1,0,7,0,0,0,17,200,0,41,0,0,0,0,200,200
444005,0,25,1,2,0,1,12,2,0,0,0,21,0,0,200,200,2,200,200,200,200
444005,0,25,1,2,0,1,12,2,0,0,0,21,0,1,54,0,0,1,0,200,200
444011,0,30,0,0,0,4,7,5,0,0,0,27,0,0,61,200,12,0,200,200,200
444012,0,30,1,2,0,1,10,6,0,0,0,17,17,0,200,200,1,200,200,200,200
444012,0,30,1,2,0,1,10,6,0,0,0,17,17,1,28,0,0,0,0,200,200
444012,1,30,1,2,0,1,10,6,0,0,0,17,17,0,44,0,200,200,200,200,200
444013,0,30,0,0,0,1,10,5,0,0,0,200,200,1,200,200,0,200,200,200,200
444013,0,30,0,0,0,1,10,5,0,0,0,200,200,0,22,0,0,0,0,200,200
444013,1,30,0,0,0,1,10,5,0,0,0,200,200,0,200,0,200,200,200,200,200
444018,0,30,0,0,0,1,14,5,0,0,0,17,200,0,200,200,1,200,200,200,200
444018,0,30,0,0,0,1,14,5,0,0,0,17,200,1,28,0,0,0,0,200,200
444019,0,30,2,2,0,1,14,5,0,0,200,14,0,1,200,200,8,200,200,200,200
444019,0,30,2,2,0,1,14,5,0,0,200,14,0,1,26,0,0,200,0,200,200
444021,0,30,1,2,0,1,10,5,0,0,0,18,200,0,31,0,0,0,0,200,200
444021,0,30,1,2,0,1,10,5,0,0,0,18,200,0,40,0,3,0,0,200,200
444021,0,30,1,2,0,1,10,5,0,0,0,18,200,1,71,0,0,0,0,200,200
444023,0,45,0,0,0,1,12,3,0,200,200,21,22,1,200,200,4,200,200,200,200
444023,0,45,0,0,0,1,12,3,0,200,200,21,22,0,38,0,12,200,200,200,200
444023,1,45,0,0,0,1,12,3,0,200,200,21,22,1,200,0,200,200,200,200,200
444023,1,45,0,0,0,1,12,3,0,200,200,21,22,0,4,5,200,200,200,200,200
444023,1,45,0,0,0,1,12,3,0,200,200,21,22,0,8,5,200,200,200,200,200
444035,0,30,2,2,0,1,10,5,0,0,0,18,200,0,61,200,3,0,0,200,200
444035,0,30,2,2,0,1,10,5,0,0,0,18,200,1,41,0,0,0,0,200,200
444049,0,30,0,0,0,1,10,2,0,0,200,0,0,0,52,200,200,200,200,200,200
444049,0,30,0,0,0,1,10,2,0,0,200,0,0,0,56,0,200,200,0,200,200
444052,0,0,0,0,0,3,8,12,0,0,0,0,0,0,18,0,200,0,0,200,200
444052,4,0,0,0,0,3,8,12,0,0,0,0,0,0,16,2,12,200,200,200,200
444054,0,30,0,0,0,1,7,5,0,0,0,0,200,0,54,200,0,0,0,200,200
444059,0,30,3,2,0,0,11,2,0,0,0,32,10,0,71,200,0,0,0,200,200
444059,0,30,3,2,0,0,11,2,0,0,0,32,10,0,58,200,9,0,5,200,200
444059,1,30,3,2,0,0,11,2,0,0,0,32,10,1,63,0,200,200,200,200,200
444060,0,30,0,0,0,3,10,5,0,0,0,22,0,0,200,200,2,200,200,200,200
444060,0,30,0,0,0,3,10,5,0,0,0,22,0,0,46,200,0,0,0,200,200
444060,1,30,0,0,0,3,10,5,0,0,0,22,0,0,29,200,200,200,200,200,200
444060,1,30,0,0,0,3,10,5,0,0,0,22,0,1,18,200,200,200,200,200,200
444060,1,30,0,0,0,3,10,5,0,0,0,22,0,1,18,200,200,200,200,200,200
444063,0,30,1,2,0,1,10,5,0,0,0,0,0,1,32,200,3,0,0,200,200
444063,0,30,1,2,0,1,10,5,0,0,0,0,0,1,56,0,0,0,0,200,200
444080,0,30,0,0,0,1,10,5,0,0,0,18,200,0,22,200,3,200,0,200,200
444080,0,30,0,0,0,1,10,5,0,0,0,18,200,0,34,0,0,0,0,200,200
444080,0,30,0,0,0,1,10,5,0,0,0,18,200,1,56,200,0,200,0,200,200
444085,0,30,0,0,0,3,8,5,0,0,200,0,0,0,200,200,200,200,200,200,200
444085,4,30,0,0,0,3,8,5,0,0,200,0,0,0,15,200,200,200,0,200,200
444086,0,30,1,2,0,1,10,3,0,0,0,18,25,0,200,200,0,200,200,200,200
444086,0,30,1,2,0,1,10,3,0,0,0,18,25,1,40,0,1,0,0,200,200
444086,1,30,1,2,0,1,10,3,0,0,0,18,25,1,200,200,200,200,200,200,200
444087,0,35,0,0,0,1,12,2,0,0,0,0,0,0,68,0,12,0,0,200,200
444087,0,35,0,0,0,1,12,2,0,0,0,0,0,0,55,0,0,0,0,200,200
444088,0,30,0,0,0,3,0,0,0,0,0,0,0,0,60,200,200,200,200,200,200
444088,0,30,0,0,0,3,0,0,0,0,0,0,0,0,33,0,0,0,0,200,200
444089,0,15,0,0,0,1,7,0,0,0,0,21,200,0,200,200,12,200,200,200,200
444091,0,30,0,0,200,200,7,6,0,200,200,0,200,2,200,200,200,200,200,200,200
444093,0,5,0,0,0,1,3,7,0,0,0,16,11,0,200,200,200,200,200,200,200
444093,0,5,0,0,0,1,3,7,0,0,0,16,11,0,17,0,0,0,0,200,200
444094,0,30,2,2,0,3,7,6,0,0,0,22,23,2,200,200,2,200,200,200,200
444096,0,30,2,2,0,3,14,5,0,0,0,0,200,0,36,200,12,0,0,200,200
444096,0,30,2,2,0,3,14,5,0,0,0,0,200,0,29,200,0,0,0,200,200
444098,0,30,0,0,0,4,12,3,0,0,0,22,200,0,70,200,4,0,0,200,200
444098,0,30,0,0,0,4,12,3,0,0,0,22,200,0,60,0,0,0,0,200,200
444099,0,30,0,0,0,1,7,2,0,0,0,0,0,0,46,200,200,200,200,200,200
444100,0,30,0,0,0,0,12,5,0,0,0,22,200,0,200,200,2,200,200,200,200
444100,0,30,0,0,0,0,12,5,0,0,0,22,200,0,40,200,0,200,200,200,200
444107,0,35,1,2,0,3,0,5,0,0,1,6,200,0,35,200,12,0,0,200,200
444107,0,35,1,2,0,3,0,5,0,0,1,6,200,0,22,200,12,0,0,200,200
444107,1,35,1,2,0,3,0,5,0,0,1,6,200,1,32,7,200,200,200,200,200
444107,1,35,1,2,0,3,0,5,0,0,1,6,200,0,5,200,200,200,200,200,200
444107,1,35,1,2,0,3,0,5,0,0,1,6,200,1,12,200,200,200,200,200,200
444108,0,35,0,0,0,3,8,2,0,0,0,17,23,0,62,200,4,0,0,200,200
444108,4,35,0,0,0,3,8,2,0,0,0,17,23,0,24,7,200,0,0,200,200
444114,0,30,0,0,0,1,12,5,0,0,0,0,0,1,19,200,200,0,0,200,200
444114,0,30,0,0,0,1,12,5,0,0,0,0,0,1,25,200,200,0,0,200,200
444117,5,30,0,0,0,3,9,2,0,0,0,0,200,0,57,200,12,0,0,200,200
444117,0,30,0,0,0,3,9,2,0,0,0,0,200,1,72,0,0,0,0,200,200
444119,0,15,0,0,0,1,10,7,0,0,0,17,200,0,26,200,1,200,200,200,200
444119,0,15,0,0,0,1,10,7,0,0,0,17,200,1,69,0,1,0,0,200,200
444122,0,30,0,0,0,3,12,5,0,0,0,17,0,0,37,0,12,0,0,200,200
444122,0,30,0,0,0,3,12,5,0,0,0,17,0,1,23,0,0,0,0,200,200
444122,1,30,0,0,0,3,12,5,0,0,0,17,0,1,32,0,200,200,200,200,200
444125,0,35,0,0,0,1,3,7,0,0,0,20,200,0,30,200,9,200,200,200,200
444125,0,35,0,0,0,1,3,7,0,0,0,20,200,1,62,0,6,0,0,200,200
444128,0,30,2,2,0,1,0,5,0,0,0,0,0,0,200,200,200,200,200,200,200
444128,0,30,2,2,0,1,0,5,0,0,0,0,0,1,28,0,0,0,0,200,200
444132,0,35,0,0,0,1,12,5,0,0,0,22,200,1,46,200,4,0,0,200,200
444132,0,35,0,0,0,1,12,5,0,0,0,22,200,0,25,0,0,0,0,200,200
444135,0,30,0,0,0,2,12,5,0,0,0,200,200,0,200,200,1,200,200,200,200
444135,0,30,0,0,0,2,12,5,0,0,0,200,200,0,38,200,200,200,0,200,200
444136,0,30,1,2,0,1,14,5,0,0,0,17,200,1,200,200,1,200,200,200,200
444136,0,30,1,2,0,1,14,5,0,0,0,17,200,1,36,0,0,0,200,200,200
444140,0,30,0,0,0,0,7,5,0,0,0,0,200,0,200,200,200,200,200,200,200
444142,0,20,1,2,0,3,8,5,0,0,200,0,200,0,59,0,1,200,0,200,200
444142,4,20,1,2,0,3,8,5,0,0,200,0,200,0,31,2,200,200,0,200,200
444150,0,30,0,0,0,1,7,2,0,0,0,20,200,1,200,7,6,200,0,200,200
444161,0,30,0,0,0,3,7,6,0,0,0,8,200,1,31,200,11,0,0,200,200
444161,1,30,0,0,0,3,7,6,0,0,0,8,200,0,1,5,200,200,200,200,200
444161,1,30,0,0,0,3,7,6,0,0,0,8,200,1,4,200,200,200,200,200,200
444165,0,0,1,200,200,0,10,2,0,200,200,0,0,1,200,200,200,200,200,200,200
444165,0,0,1,200,200,0,10,2,0,200,200,0,0,0,32,200,200,200,200,200,200
444166,0,30,0,0,0,3,7,2,0,0,0,11,200,1,22,0,200,6,0,200,200
444174,0,30,0,0,0,1,7,2,0,0,0,0,200,1,200,200,200,200,200,200,200
444175,0,30,12,12,0,3,7,7,0,0,200,200,200,1,200,200,200,200,200,200,200
444176,0,30,1,2,0,3,14,3,0,0,0,17,200,1,28,200,1,0,0,200,200
444176,0,30,1,2,0,3,14,3,0,0,0,17,200,1,60,200,0,0,0,200,200
444176,1,30,1,2,0,3,14,3,0,0,0,17,200,1,60,200,200,200,200,200,200
444178,0,30,0,0,0,3,8,2,0,0,0,33,200,0,39,0,12,12,0,200,200
444178,4,30,0,0,0,3,8,2,0,0,0,33,200,1,26,200,12,200,0,200,200
444183,0,25,11,0,0,1,10,2,0,0,0,0,0,0,18,200,1,0,0,200,200
444183,0,25,11,0,0,1,10,2,0,0,0,0,0,0,40,0,0,0,0,200,200
444189,0,25,2,2,0,3,9,2,0,0,0,17,5,0,200,200,1,200,200,200,200
444189,5,25,2,2,0,3,9,2,0,0,0,17,5,1,39,7,0,0,0,200,200
444206,0,30,0,0,0,3,12,3,0,0,0,33,200,0,61,0,4,0,0,200,200
444206,0,30,0,0,0,3,12,3,0,0,0,33,200,0,49,0,0,0,0,200,200
444210,0,30,0,0,0,3,0,5,0,0,0,200,200,0,16,200,1,200,0,200,200
444210,0,30,0,0,0,3,0,5,0,0,0,200,200,0,33,200,0,200,0,200,200
444223,0,30,200,200,0,3,10,2,0,0,200,18,200,1,26,0,200,200,0,200,200
444223,0,30,200,200,0,3,10,2,0,0,200,18,200,0,30,0,15,200,0,200,1
444223,1,30,200,200,0,3,10,2,0,0,200,18,200,1,21,0,200,200,200,200,200
444239,0,30,1,2,0,1,10,5,0,0,0,0,0,1,29,200,200,200,200,200,200
444239,0,30,1,2,0,1,10,5,0,0,0,0,0,1,53,0,0,0,0,200,200
444240,0,30,2,2,0,3,14,5,0,0,0,0,0,1,200,200,200,200,200,200,200
444240,0,30,2,2,0,3,14,5,0,0,0,0,0,0,46,0,0,0,0,200,200
444240,1,30,2,2,0,3,14,5,0,0,0,0,0,1,200,0,200,200,200,200,200
444240,1,30,2,2,0,3,14,5,0,0,0,0,0,0,200,0,200,200,200,200,200
444245,0,35,0,0,0,3,7,2,0,0,0,16,0,0,200,200,200,200,200,200,200
444249,0,30,200,200,0,4,7,200,0,0,0,20,200,0,33,200,6,200,0,200,200
444259,0,30,0,0,0,3,7,6,0,0,0,0,0,0,34,0,0,0,0,200,200
444259,1,30,0,0,0,3,7,6,0,0,0,0,0,200,200,200,200,200,200,200,200
444261,0,15,0,0,0,3,12,6,0,200,200,21,0,0,200,200,2,200,200,200,200
444261,0,15,0,0,0,3,12,6,0,200,200,21,0,0,33,200,0,4,0,200,200
444268,0,30,0,0,0,3,10,5,0,0,0,20,200,0,200,0,0,0,0,200,200
444268,0,30,0,0,0,3,10,5,0,0,0,20,200,1,21,200,0,0,0,200,200
444268,1,30,0,0,0,3,10,5,0,0,0,20,200,200,200,200,200,200,200,200,200
444268,1,30,0,0,0,3,10,5,0,0,0,20,200,200,200,200,200,200,200,200,200
444268,1,30,0,0,0,3,10,5,0,0,0,20,200,200,200,7,200,200,200,200,200
444268,1,30,0,0,0,3,10,5,0,0,0,20,200,200,200,7,200,200,200,200,200
444269,0,0,0,1,0,0,5,8,0,0,0,0,200,0,55,0,0,0,0,200,200
444277,0,30,0,0,0,3,7,5,0,0,0,11,16,2,200,200,200,200,200,200,200
444283,0,30,0,200,0,3,14,2,0,0,0,6,200,0,27,0,0,0,0,200,200
444283,0,30,0,200,0,3,14,2,0,0,0,6,200,2,200,200,5,200,200,200,200
444296,0,30,200,200,200,200,12,6,0,200,0,22,200,0,22,200,4,200,200,200,200
444296,0,30,200,200,200,200,12,6,0,200,0,22,200,0,33,200,0,200,200,200,200
444304,0,20,0,0,0,3,14,5,0,0,0,16,18,0,53,0,1,0,0,200,200
444304,0,20,0,0,0,3,14,5,0,0,0,16,18,0,50,0,0,0,0,200,200
444304,1,20,0,0,0,3,14,5,0,0,0,16,18,0,50,0,200,200,200,200,200
444308,0,30,0,0,0,3,11,6,0,0,0,10,200,1,55,0,9,0,1,200,200
444308,0,30,0,0,0,3,11,6,0,0,0,10,200,0,49,200,0,200,0,200,200
444310,0,30,0,0,0,3,7,5,0,0,0,32,14,0,47,0,8,0,5,200,200
444313,0,15,0,0,0,1,7,7,0,0,0,0,200,2,200,200,200,200,200,200,200
444326,0,30,0,0,0,3,8,2,0,0,0,17,17,0,48,200,1,200,0,200,200
444326,4,30,0,0,0,3,8,2,0,0,0,17,17,1,32,2,0,200,7,200,200
444326,4,30,0,0,0,3,8,2,0,0,0,17,17,1,29,2,0,200,7,200,200
444335,0,30,1,0,0,3,10,5,0,0,0,18,200,0,59,200,0,0,0,200,200
444335,0,30,1,0,0,3,10,5,0,0,0,18,200,0,200,200,3,0,0,200,200
444335,1,30,1,0,0,3,10,5,0,0,0,18,200,2,200,200,200,200,200,200,200
444335,1,30,1,0,0,3,10,5,0,0,0,18,200,200,200,7,200,200,200,200,200
444335,1,30,1,0,0,3,10,5,0,0,0,18,200,200,200,7,200,200,200,200,200
444342,0,30,200,200,0,3,2,5,0,200,12,19,200,0,49,0,200,200,200,200,200
444344,0,30,0,0,0,0,14,5,0,200,200,0,0,0,200,200,200,200,200,200,200
444344,0,30,0,0,0,0,14,5,0,200,200,0,0,1,32,0,200,200,0,200,200
444344,1,30,0,0,0,0,14,5,0,200,200,0,0,1,32,200,200,200,200,200,200
444348,0,30,6,2,0,3,14,5,0,0,0,22,16,0,43,0,2,0,0,200,200
444348,0,30,6,2,0,3,14,5,0,0,0,22,16,0,40,0,0,0,0,200,200
444348,1,30,6,2,0,3,14,5,0,0,0,22,16,0,49,7,200,200,200,200,200
444364,0,30,1,2,0,1,10,5,0,0,0,14,6,1,200,200,3,200,200,200,200
444364,0,30,1,2,0,1,10,5,0,0,0,14,6,1,46,200,0,0,0,200,200
444388,0,30,1,2,0,3,14,5,0,0,0,23,200,1,24,0,7,0,0,200,200
444388,0,30,1,2,0,3,14,5,0,0,0,23,200,0,24,0,0,0,0,200,200
444395,0,20,2,2,0,0,2,5,0,0,0,14,16,0,23,200,8,200,1,200,200
444397,0,25,0,0,0,3,7,5,0,0,0,200,200,2,200,200,200,200,200,200,200
444399,0,20,0,0,0,3,7,6,0,0,0,25,0,0,200,200,200,200,200,200,200
444401,0,45,0,0,0,3,2,3,3,0,1,0,200,0,200,0,7,200,200,200,200
444401,1,45,0,0,0,3,2,3,3,0,1,0,200,0,24,0,200,200,200,200,200
444401,1,45,0,0,0,3,2,3,3,0,1,0,200,0,27,0,200,200,200,200,200
444420,0,35,1,2,0,3,3,5,0,0,0,6,200,0,26,0,5,0,0,200,200
444420,0,35,1,2,0,3,3,5,0,0,0,6,200,0,43,0,5,0,0,200,200
444423,0,30,0,0,0,0,12,5,0,0,0,17,17,0,70,0,1,0,0,200,200
444423,0,30,0,0,0,0,12,5,0,0,0,17,17,0,57,0,0,0,0,200,200
444426,0,30,9,200,0,3,10,2,0,1,0,200,200,0,30,200,5,0,0,200,200
444426,0,30,9,200,0,3,10,2,0,1,0,200,200,2,200,200,200,200,200,200,200
444428,0,30,0,0,0,3,14,5,0,0,0,17,200,1,200,200,1,200,200,200,200
444428,0,30,0,0,0,3,14,5,0,0,0,17,200,0,24,0,0,0,0,200,200
444429,0,25,0,0,0,2,10,5,0,0,0,0,0,0,200,0,200,0,0,200,200
444429,0,25,0,0,0,2,10,5,0,0,0,0,0,0,200,0,0,0,0,200,200
444431,5,30,0,0,1,3,9,1,0,0,0,200,200,0,62,7,12,0,200,200,200
444431,0,30,0,0,1,3,9,1,0,0,0,200,200,1,65,200,0,0,0,200,200
444439,0,30,0,0,0,3,7,2,0,0,0,23,16,0,50,0,7,0,0,200,200
444447,0,40,1,2,0,2,14,2,0,0,0,6,200,0,36,0,5,0,0,200,200
444447,0,40,1,2,0,2,14,2,0,0,0,6,200,1,27,0,0,0,0,200,200
444447,1,40,1,2,0,2,14,2,0,0,0,6,200,1,27,0,200,200,200,200,200
444450,0,30,1,2,0,1,10,2,0,0,200,0,200,0,21,200,3,200,0,200,200
444450,0,30,1,2,0,1,10,2,0,0,200,0,200,1,23,200,200,200,0,200,200
444450,1,30,1,2,0,1,10,2,0,0,200,0,200,0,200,200,200,200,200,200,200
444450,1,30,1,2,0,1,10,2,0,0,200,0,200,0,29,200,200,200,200,200,200
444451,0,30,1,2,0,1,14,5,0,0,0,23,22,0,41,0,7,200,0,200,200
444451,0,30,1,2,0,1,14,5,0,0,0,23,22,1,60,0,0,0,0,200,200
444451,1,30,1,2,0,1,14,5,0,0,0,23,22,1,200,0,200,200,200,200,200
444452,0,25,200,200,0,4,7,5,0,0,0,200,200,1,200,200,2,200,200,200,200
444453,0,30,2,2,0,2,0,6,0,0,0,10,17,2,200,200,9,200,200,200,200
444453,0,30,2,2,0,2,0,6,0,0,0,10,17,1,0,200,0,0,0,200,200
444454,0,35,0,0,0,1,12,3,0,0,0,0,27,0,39,200,200,200,0,200,200
444454,0,35,0,0,0,1,12,3,0,0,0,0,27,0,40,200,200,0,0,200,200
444461,0,30,0,0,0,4,14,5,0,0,0,0,0,1,200,200,200,200,200,200,200
444461,0,30,0,0,0,4,14,5,0,0,0,0,0,0,47,0,0,0,200,200,200
444462,0,30,0,0,0,1,10,3,0,1,0,16,18,0,83,200,3,0,0,200,200
444462,0,30,0,0,0,1,10,3,0,1,0,16,18,0,55,200,0,0,0,200,200
444463,0,35,12,2,1,3,12,3,3,1,0,21,0,0,27,200,4,0,0,200,200
444463,0,35,12,2,1,3,12,3,3,1,0,21,0,0,25,200,0,0,0,200,200
444463,1,35,12,2,1,3,12,3,3,1,0,21,0,0,66,200,200,200,200,200,200
444463,1,35,12,2,1,3,12,3,3,1,0,21,0,1,24,200,200,200,200,200,200
444467,0,30,2,2,0,1,14,5,0,0,0,0,0,2,200,200,12,200,200,200,200
444467,0,30,2,2,0,1,14,5,0,0,0,0,0,1,45,0,12,0,0,200,200
444469,0,30,2,2,0,1,0,5,0,0,0,0,0,0,200,200,200,200,200,200,200
444469,0,30,2,2,0,1,0,5,0,0,0,0,0,0,34,200,200,200,200,200,200
444472,0,0,0,0,0,1,7,6,0,0,0,0,200,2,200,200,200,200,200,200,200
444476,0,30,0,0,0,1,14,5,0,0,0,0,200,0,43,0,12,12,0,200,200
444476,0,30,0,0,0,1,14,5,0,0,0,0,200,0,40,0,0,0,0,200,200
444479,0,30,0,0,0,1,12,5,0,0,0,0,200,2,200,200,2,200,200,200,200
444479,0,30,0,0,0,1,12,5,0,0,0,0,200,0,49,0,12,0,0,200,200
444482,0,30,2,2,0,1,0,5,0,0,0,17,5,1,47,0,1,5,0,200,200
444482,0,30,2,2,0,1,0,5,0,0,0,17,5,0,37,0,0,0,0,200,200
444483,0,20,0,0,0,200,7,6,0,0,0,11,200,2,200,200,10,200,200,200,200
444484,0,15,0,0,200,200,7,6,0,200,0,0,0,2,200,200,12,200,200,200,200
444489,0,30,2,2,0,1,0,5,0,0,0,17,17,1,57,0,1,0,200,200,200
444489,0,30,2,2,0,1,0,5,0,0,0,17,17,0,62,0,0,0,0,200,200
444489,1,30,2,2,0,1,0,5,0,0,0,17,17,1,38,0,200,200,200,200,200
444489,1,30,2,2,0,1,0,5,0,0,0,17,17,0,29,0,200,200,200,200,200
444491,0,20,0,0,0,1,8,5,3,0,0,17,25,0,200,200,1,200,200,200,200
444491,4,20,0,0,0,1,8,5,3,0,0,17,25,0,14,200,0,0,0,200,200
444496,0,30,0,0,0,1,12,5,0,0,0,0,0,0,27,200,0,200,0,200,200
444496,0,30,0,0,0,1,12,5,0,0,0,0,0,0,200,200,200,200,200,200,200
444497,0,30,0,0,0,1,12,5,0,0,200,0,0,0,54,200,200,200,0,200,200
444497,0,30,0,0,0,1,12,5,0,0,200,0,0,0,42,200,200,200,0,200,200
444499,0,30,1,2,0,1,10,6,0,0,0,0,0,1,60,0,0,0,0,200,200
444499,0,30,1,2,0,1,10,6,0,0,0,0,0,1,200,200,200,200,200,200,200
444500,0,30,0,0,0,1,9,5,0,0,0,16,14,1,200,200,12,200,200,200,200
444500,5,30,0,0,0,1,9,5,0,0,0,16,14,0,7,7,0,12,0,200,200
444501,0,30,2,2,0,1,0,2,0,0,0,17,200,0,58,0,1,0,0,200,200
444501,0,30,2,2,0,1,0,2,0,0,0,17,200,1,38,0,0,0,0,200,200
444504,0,30,0,0,0,1,12,5,0,0,0,21,11,0,17,0,4,0,0,200,200
444504,0,30,0,0,0,1,12,5,0,0,0,21,11,0,49,0,0,0,0,200,200
444504,1,30,0,0,0,1,12,5,0,0,0,21,11,1,15,0,200,200,200,200,200
444504,1,30,0,0,0,1,12,5,0,0,0,21,11,0,15,0,200,200,200,200,200
444504,1,30,0,0,0,1,12,5,0,0,0,21,11,0,15,0,200,200,200,200,200
444504,1,30,0,0,0,1,12,5,0,0,0,21,11,1,14,0,200,200,200,200,200
444508,0,30,12,2,0,1,10,12,0,0,0,16,16,1,53,0,1,0,0,200,200
444508,0,30,12,2,0,1,10,12,0,0,0,16,16,1,23,0,0,0,0,200,200
444508,1,30,12,2,0,1,10,12,0,0,0,16,16,1,47,0,200,200,200,200,200
444510,0,0,0,0,0,1,12,2,0,0,0,21,200,1,200,200,4,0,0,200,200
444510,0,0,0,0,0,1,12,2,0,0,0,21,200,0,50,0,0,0,0,200,200
444512,0,30,1,2,0,1,12,5,0,0,0,21,0,1,25,200,0,0,0,200,200
444512,0,30,1,2,0,1,12,5,0,0,0,21,0,1,200,200,2,200,200,200,200
444512,1,30,1,2,0,1,12,5,0,0,0,21,0,2,200,200,200,200,200,200,200
444512,1,30,1,2,0,1,12,5,0,0,0,21,0,2,200,200,200,200,200,200,200
444513,0,0,0,0,0,1,2,0,0,0,0,200,200,2,200,200,200,200,200,200,200
444518,0,30,1,2,0,1,14,5,0,0,0,17,17,1,22,0,1,0,0,200,200
444518,0,30,1,2,0,1,14,5,0,0,0,17,17,1,27,0,0,4,0,200,200
444519,0,30,1,2,0,1,12,5,0,0,0,18,200,1,19,200,3,200,0,200,200
444519,0,30,1,2,0,1,12,5,0,0,0,18,200,1,44,200,0,0,0,200,200
444525,0,30,0,0,0,2,7,6,2,0,0,0,200,2,200,200,200,200,200,200,200
444527,0,30,1,2,0,1,14,2,0,0,0,17,200,2,200,200,1,200,200,200,200
444527,0,30,1,2,0,1,14,2,0,0,0,17,200,1,69,0,0,0,0,200,200
444530,0,35,2,2,0,1,0,2,0,0,0,0,0,1,200,200,1,200,200,200,200
444530,0,35,2,2,0,1,0,2,0,0,0,0,0,0,200,0,0,0,0,200,200
444531,0,30,1,2,0,1,11,5,0,0,0,200,200,1,30,0,0,0,0,200,200
444531,0,30,1,2,0,1,11,5,0,0,0,200,200,1,44,0,0,0,0,200,200
444531,1,30,1,2,0,1,11,5,0,0,0,200,200,0,7,0,200,200,200,200,200
444531,1,30,1,2,0,1,11,5,0,0,0,200,200,0,2,0,200,200,200,200,200
444532,0,30,1,2,1,1,10,2,0,0,0,16,0,1,39,0,12,0,0,200,200
444532,0,30,1,2,1,1,10,2,0,0,0,16,0,0,44,0,12,0,0,200,200
444534,0,30,0,0,0,1,12,2,0,0,0,22,200,0,200,200,4,200,200,200,200
444534,0,30,0,0,0,1,12,2,0,0,0,22,200,1,32,0,0,0,0,200,200
444535,0,20,1,2,0,1,10,5,0,0,0,18,0,0,38,200,3,200,200,200,200
444535,0,20,1,2,0,1,10,5,0,0,0,18,0,0,45,0,12,0,0,200,200
444536,0,30,1,2,0,1,14,5,0,0,0,23,21,0,0,0,7,0,0,200,200
444536,0,30,1,2,0,1,14,5,0,0,0,23,21,1,35,0,12,0,0,200,200
444536,5,30,1,2,0,1,14,5,0,0,0,23,21,0,59,7,0,0,7,200,200
444536,1,30,1,2,0,1,14,5,0,0,0,23,21,0,5,0,200,200,200,200,200
444536,1,30,1,2,0,1,14,5,0,0,0,23,21,0,3,0,200,200,200,200,200
444547,0,30,1,2,0,1,14,12,0,0,0,0,200,2,200,200,200,200,200,200,200
444547,0,30,1,2,0,1,14,12,0,0,0,0,200,0,34,0,0,0,0,200,200
444548,0,30,0,0,0,1,14,2,0,0,0,23,200,1,45,0,7,0,0,200,200
444548,0,30,0,0,0,1,14,2,0,0,0,23,200,0,34,0,0,0,0,200,200
444549,0,25,2,2,0,1,12,6,0,0,0,0,200,0,37,200,200,0,0,200,200
444549,0,25,2,2,0,1,12,6,0,0,0,0,200,1,24,200,200,0,0,200,200
444553,0,30,0,0,0,1,12,5,0,0,0,17,17,1,35,0,1,0,0,200,200
444553,0,30,0,0,0,1,12,5,0,0,0,17,17,1,17,0,0,0,0,200,200
444560,0,30,1,2,0,1,14,2,0,0,0,17,17,0,23,0,1,0,0,200,200
444560,0,30,1,2,0,1,14,2,0,0,0,17,17,1,19,0,0,0,0,200,200
444562,0,35,0,0,0,1,10,2,0,0,0,18,18,1,200,200,3,0,0,200,200
444562,0,35,0,0,0,1,10,2,0,0,0,18,18,0,200,0,0,0,0,200,200
444563,0,30,0,0,0,1,10,5,0,0,0,0,0,1,29,0,200,0,0,200,200
444563,0,30,0,0,0,1,10,5,0,0,0,0,0,1,200,200,0,200,200,200,200