RD_NO,PERSON_TYPE,POSTED_SPEED_LIMIT,TRAFFIC_CONTROL_DEVICE,DEVICE_CONDITION,WEATHER_CONDITION,LIGHTING_CONDITION,FIRST_CRASH_TYPE,TRAFFICWAY_TYPE,ALIGNMENT,ROADWAY_SURFACE_COND,ROAD_DEFECT,PRIM_CONTRIBUTORY_CAUSE,SEC_CONTRIBUTORY_CAUSE,SEX,AGE,SAFETY_EQUIPMENT,DRIVER_ACTION,DRIVER_VISION,PHYSICAL_CONDITION,BAC_RESULT VALUE,CELL_PHONE_USE
444568,0,35,0,0,0,1,7,7,0,0,0,12,200,0,71,200,12,0,0,200,200
444579,0,30,0,0,0,1,14,5,0,0,0,22,0,0,38,200,2,0,0,200,200
444579,0,30,0,0,0,1,14,5,0,0,0,22,0,0,24,0,0,0,0,200,200
444580,0,30,0,0,0,1,12,2,0,0,0,23,21,1,58,200,4,0,0,200,200
444580,0,30,0,0,0,1,12,2,0,0,0,23,21,0,52,0,0,0,0,200,200
444589,0,10,0,0,1,1,12,4,0,0,0,0,200,1,200,0,200,200,0,200,200
444589,0,10,0,0,1,1,12,4,0,0,0,0,200,0,61,0,200,0,0,200,200
444592,0,30,0,0,0,1,12,3,0,0,0,22,200,0,56,0,4,0,0,200,200
444592,0,30,0,0,0,1,12,3,0,0,0,22,200,1,22,0,0,0,0,200,200
444597,0,15,0,0,0,1,0,6,0,0,0,0,0,0,200,0,1,0,0,200,200
444597,0,15,0,0,0,1,0,6,0,0,0,0,0,0,200,0,0,0,0,200,200
444599,0,30,3,2,1,1,14,2,0,0,0,17,16,0,26,0,1,0,0,200,200
444599,0,30,3,2,1,1,14,2,0,0,0,17,16,1,51,0,0,0,0,200,200
444603,0,30,0,0,0,1,12,2,0,0,0,0,200,2,200,200,200,200,200,200,200
444603,0,30,0,0,0,1,12,2,0,0,0,0,200,0,56,0,0,0,0,200,200
444611,0,30,0,0,0,1,14,12,0,0,200,0,0,1,26,200,7,200,0,200,200
444611,0,30,0,0,0,1,14,12,0,0,200,0,0,1,46,200,0,200,0,200,200
444620,0,30,0,0,0,1,12,2,0,0,0,21,0,0,200,200,4,200,200,200,200
444620,0,30,0,0,0,1,12,2,0,0,0,21,0,0,25,0,0,0,0,200,200
444623,0,30,0,0,0,1,14,6,0,0,0,0,200,2,200,200,7,200,200,200,200
444623,0,30,0,0,0,1,14,6,0,0,0,0,200,0,58,200,0,0,0,200,200
444627,0,15,2,0,0,0,0,6,0,0,0,5,0,0,26,200,1,200,200,200,200
444627,0,15,2,0,0,0,0,6,0,0,0,5,0,0,28,0,0,0,0,200,200
444628,0,30,0,0,0,1,12,5,0,0,0,4,22,1,22,0,0,0,0,200,200
444628,0,30,0,0,0,1,12,5,0,0,0,4,22,2,200,200,2,200,200,200,200
444628,1,30,0,0,0,1,12,5,0,0,0,4,22,1,22,0,200,200,200,200,200
444638,0,30,2,2,0,1,0,5,0,0,0,5,200,0,55,0,5,200,0,200,200
444638,0,30,2,2,0,1,0,5,0,0,0,5,200,0,52,0,200,200,0,200,200
444644,0,15,0,0,0,1,7,7,0,0,0,0,0,0,61,0,3,200,0,200,200
444667,0,15,0,0,0,200,7,7,0,0,0,0,0,2,200,200,200,200,200,200,200
444675,0,25,0,0,0,1,7,6,0,0,0,0,0,0,200,0,0,200,0,200,200
444678,0,30,0,0,0,1,7,7,0,0,0,0,200,2,200,200,200,200,200,200,200
444684,0,30,1,2,0,1,14,12,0,0,0,23,0,1,62,0,7,0,0,200,200
444684,0,30,1,2,0,1,14,12,0,0,0,23,0,0,28,0,12,0,0,200,200
444685,0,30,0,0,0,1,10,7,0,0,0,12,25,1,200,200,12,200,200,200,200
444685,0,30,0,0,0,1,10,7,0,0,0,12,25,1,50,200,12,0,0,200,200
444685,1,30,0,0,0,1,10,7,0,0,0,12,25,2,200,200,200,200,200,200,200
444685,1,30,0,0,0,1,10,7,0,0,0,12,25,2,200,200,200,200,200,200,200
444689,0,30,0,0,0,1,12,6,0,0,0,21,200,0,27,200,4,0,0,200,200
444689,0,30,0,0,0,1,12,6,0,0,0,21,200,0,34,200,0,0,0,200,200
444690,0,30,2,2,0,1,0,5,0,0,0,0,0,0,37,200,1,200,0,200,200
444690,0,30,2,2,0,1,0,5,0,0,0,0,0,0,50,0,0,0,0,200,200
444701,0,30,0,0,0,1,7,12,0,200,200,20,200,0,200,200,6,200,200,200,200
444701,1,30,0,0,0,1,7,12,0,200,200,20,200,1,200,200,200,200,200,200,200
444701,1,30,0,0,0,1,7,12,0,200,200,20,200,0,200,200,200,200,200,200,200
444701,1,30,0,0,0,1,7,12,0,200,200,20,200,1,20,0,200,200,200,200,200
444702,0,30,1,2,0,1,10,12,0,0,0,16,200,1,23,200,4,0,200,200,200
444702,0,30,1,2,0,1,10,12,0,0,0,16,200,0,39,200,0,0,0,200,200
444705,0,45,1,2,0,1,10,2,0,0,0,7,18,0,200,200,12,1,200,200,200
444705,0,45,1,2,0,1,10,2,0,0,0,7,18,0,61,0,0,0,0,200,200
444705,1,45,1,2,0,1,10,2,0,0,0,7,18,200,65,0,200,200,200,200,200
444705,1,45,1,2,0,1,10,2,0,0,0,7,18,1,200,0,200,200,200,200,200
444705,1,45,1,2,0,1,10,2,0,0,0,7,18,1,200,0,200,200,200,200,200
444705,1,45,1,2,0,1,10,2,0,0,0,7,18,1,200,0,200,200,200,200,200
444712,0,30,0,0,2,1,7,5,0,1,0,0,0,1,200,200,6,200,200,200,200
444719,0,30,0,0,0,1,2,5,0,0,0,200,200,0,200,200,0,0,0,200,200
444733,0,30,1,2,1,1,10,2,0,0,0,18,0,0,42,0,3,0,0,200,200
444733,0,30,1,2,1,1,10,2,0,0,0,18,0,1,25,0,0,0,0,200,200
444735,0,30,1,0,0,1,10,12,0,0,0,11,0,1,200,0,1,0,0,200,200
444735,0,30,1,0,0,1,10,12,0,0,0,11,0,0,200,0,0,0,0,200,200
444742,0,30,0,0,0,1,12,5,0,0,0,0,200,1,37,0,2,0,0,200,200
444742,0,30,0,0,0,1,12,5,0,0,0,0,200,1,32,0,0,0,0,200,200
444743,0,40,1,2,0,1,10,5,0,0,0,0,0,0,31,0,1,0,0,200,200
444743,0,40,1,2,0,1,10,5,0,0,0,0,0,0,67,0,0,0,0,200,200
444744,0,30,1,2,0,1,10,5,0,0,12,18,200,0,200,200,3,0,200,200,200
444744,0,30,1,2,0,1,10,5,0,0,12,18,200,0,61,0,0,0,0,200,200
444749,0,30,2,2,0,1,0,12,0,0,0,17,11,1,18,200,1,0,0,200,200
444749,0,30,2,2,0,1,0,12,0,0,0,17,11,0,37,200,0,0,0,200,200
444752,0,30,0,0,0,1,10,2,0,0,0,0,200,0,23,0,0,0,0,200,200
444752,0,30,0,0,0,1,10,2,0,0,0,0,200,0,47,0,0,0,0,200,200
444752,1,30,0,0,0,1,10,2,0,0,0,0,200,0,56,0,200,200,200,200,200
444752,1,30,0,0,0,1,10,2,0,0,0,0,200,0,49,0,200,200,200,200,200
444756,0,40,1,0,0,1,12,5,0,0,0,22,17,0,22,200,1,200,200,200,200
444756,0,40,1,0,0,1,12,5,0,0,0,22,17,0,42,0,0,0,0,200,200
444761,0,35,0,0,0,3,10,3,0,0,0,18,18,0,200,0,3,0,0,200,200
444761,0,35,0,0,0,3,10,3,0,0,0,18,18,1,200,0,0,0,0,200,200
444765,0,30,1,2,0,1,0,2,0,0,0,6,200,1,40,0,5,0,0,200,200
444765,0,30,1,2,0,1,0,2,0,0,0,6,200,0,28,0,0,0,0,200,200
444765,0,30,1,2,0,1,0,2,0,0,0,6,200,0,45,0,0,0,0,200,200
444765,1,30,1,2,0,1,0,2,0,0,0,6,200,0,26,0,200,200,200,200,200
444791,0,10,0,0,0,1,10,7,0,0,0,20,20,1,200,200,6,200,200,200,200
444791,0,10,0,0,0,1,10,7,0,0,0,20,20,1,19,0,0,0,0,200,200
444792,0,30,1,2,0,1,12,3,0,0,0,17,200,0,200,200,4,200,200,200,200
444792,0,30,1,2,0,1,12,3,0,0,0,17,200,1,28,0,0,0,0,200,200
444795,0,30,1,2,0,1,0,12,0,0,0,6,200,1,34,0,5,0,0,200,200
444795,0,30,1,2,0,1,0,12,0,0,0,6,200,0,68,0,0,0,0,200,200
444801,0,30,1,2,0,1,14,12,0,0,0,17,17,0,35,0,1,0,0,200,200
444801,0,30,1,2,0,1,14,12,0,0,0,17,17,1,26,0,0,0,0,200,200
444802,0,20,0,0,0,1,0,7,0,0,0,20,0,1,54,0,6,0,0,200,200
444802,0,20,0,0,0,1,0,7,0,0,0,20,0,0,48,0,0,0,0,200,200
444806,0,15,0,0,0,1,0,7,0,0,0,20,8,0,67,0,6,0,0,200,200
444806,0,15,0,0,0,1,0,7,0,0,0,20,8,0,57,0,12,0,0,200,200
444813,0,30,0,0,0,1,10,5,0,0,0,18,0,0,200,200,3,200,200,200,200
444813,0,30,0,0,0,1,10,5,0,0,0,18,0,0,81,0,0,0,0,200,200
444813,1,30,0,0,0,1,10,5,0,0,0,18,0,1,200,0,200,200,200,200,200
444819,0,30,0,0,0,1,7,2,0,0,0,0,0,0,50,200,200,200,200,200,200
444820,0,35,0,0,0,1,8,5,0,0,0,0,0,1,200,200,0,200,200,200,200
444820,4,35,0,0,0,1,8,5,0,0,0,0,0,0,36,3,0,0,0,200,200
444825,0,30,0,0,0,1,10,3,0,0,0,18,18,0,58,200,3,0,0,200,200
444825,0,30,0,0,0,1,10,3,0,0,0,18,18,0,57,0,0,0,0,200,200
444826,0,30,0,0,0,1,7,5,0,0,0,0,0,0,200,200,8,200,200,200,200
444828,0,30,0,0,0,1,7,6,0,0,0,17,200,2,200,200,1,200,200,200,200
444834,0,35,1,2,0,1,14,3,0,0,0,31,200,0,30,0,7,0,0,200,200
444834,0,35,1,2,0,1,14,3,0,0,0,31,200,0,35,0,0,0,0,200,200
444837,0,25,0,0,0,1,10,5,0,0,0,18,200,0,200,200,3,200,200,200,200
444837,0,25,0,0,0,1,10,5,0,0,0,18,200,1,73,0,0,0,0,200,200
444844,0,30,0,0,0,1,8,5,0,0,0,33,33,1,58,0,0,3,0,200,200
444844,4,30,0,0,0,1,8,5,0,0,0,33,33,0,63,3,0,0,0,200,200
444865,0,20,0,0,0,1,7,5,0,0,200,11,200,1,80,200,12,200,0,200,200
444865,1,20,0,0,0,1,7,5,0,0,200,11,200,1,200,200,200,200,200,200,200
444868,0,30,1,2,0,1,10,2,0,0,0,18,200,0,22,200,3,0,0,200,200
444868,0,30,1,2,0,1,10,2,0,0,0,18,200,0,45,0,0,0,0,200,200
444869,0,30,2,2,0,1,12,5,2,0,0,22,200,1,29,200,2,0,200,200,200
444869,0,30,2,2,0,1,12,5,2,0,0,22,200,0,52,200,0,0,0,200,200
444874,0,30,0,0,0,1,0,0,0,0,0,17,200,0,21,200,1,200,0,200,200
444874,0,30,0,0,0,1,0,0,0,0,0,17,200,0,24,200,200,200,0,200,200
444874,1,30,0,0,0,1,0,0,0,0,0,17,200,1,23,200,200,200,200,200,200
444881,0,30,1,2,0,1,14,3,0,0,0,17,23,0,50,0,1,0,0,200,200
444881,0,30,1,2,0,1,14,3,0,0,0,17,23,0,25,0,0,0,0,200,200
444881,1,30,1,2,0,1,14,3,0,0,0,17,23,0,25,0,200,200,200,200,200
444889,0,30,1,2,0,1,10,2,0,0,0,21,200,0,46,200,4,200,200,200,200
444889,0,30,1,2,0,1,10,2,0,0,0,21,200,0,35,200,0,200,200,200,200
444897,0,30,0,0,0,1,3,5,0,0,0,0,0,0,200,200,200,200,200,200,200
444897,0,30,0,0,0,1,3,5,0,0,0,0,0,1,63,0,200,0,0,200,200
444904,0,30,0,0,0,1,14,2,0,0,0,23,16,0,200,200,7,200,200,200,200
444904,0,30,0,0,0,1,14,2,0,0,0,23,16,0,32,0,0,0,0,200,200
444906,0,30,0,0,0,1,12,5,0,0,0,22,11,1,200,200,4,200,200,200,200
444906,0,30,0,0,0,1,12,5,0,0,0,22,11,0,60,0,0,0,0,200,200
444906,1,30,0,0,0,1,12,5,0,0,0,22,11,0,16,0,200,200,200,200,200
444906,1,30,0,0,0,1,12,5,0,0,0,22,11,0,14,0,200,200,200,200,200
444914,0,30,0,0,0,1,7,5,0,0,0,0,200,0,56,200,200,200,200,200,200
444914,1,30,0,0,0,1,7,5,0,0,0,0,200,200,200,0,200,200,200,200,200
444914,1,30,0,0,0,1,7,5,0,0,0,0,200,0,200,0,200,200,200,200,200
444927,0,10,0,0,0,1,7,7,0,0,0,0,0,2,200,200,200,200,200,200,200
444935,0,25,2,2,0,1,10,6,0,0,0,18,200,0,37,200,3,0,200,200,200
444935,0,25,2,2,0,1,10,6,0,0,0,18,200,0,60,200,0,0,0,200,200
444938,0,30,200,200,0,1,12,6,0,0,200,0,0,0,31,0,200,200,0,200,200
444938,0,30,200,200,0,1,12,6,0,0,200,0,0,0,57,0,200,200,0,200,200
444940,0,30,2,2,0,1,0,2,0,0,0,17,16,0,36,0,1,0,0,200,200
444940,0,30,2,2,0,1,0,2,0,0,0,17,16,0,52,0,0,0,0,200,200
444940,1,30,2,2,0,1,0,2,0,0,0,17,16,1,24,0,200,200,200,200,200
444943,0,30,0,0,0,1,5,0,0,0,0,0,200,2,200,200,200,200,200,200,200
444944,0,35,0,0,0,1,11,7,2,0,0,20,18,1,38,200,6,0,0,200,200
444944,0,35,0,0,0,1,11,7,2,0,0,20,18,1,39,0,6,0,0,200,200
444957,0,30,2,2,0,1,14,5,0,0,0,0,200,1,41,0,200,0,0,200,200
444957,0,30,2,2,0,1,14,5,0,0,0,0,200,0,43,0,200,0,0,200,200
444957,1,30,2,2,0,1,14,5,0,0,0,0,200,0,13,7,200,200,200,200,200
444957,1,30,2,2,0,1,14,5,0,0,0,0,200,0,9,0,200,200,200,200,200
444957,1,30,2,2,0,1,14,5,0,0,0,0,200,1,2,5,200,200,200,200,200
444957,1,30,2,2,0,1,14,5,0,0,0,0,200,1,38,0,200,200,200,200,200
444958,0,0,2,0,0,1,0,5,0,0,0,12,17,1,0,0,1,0,0,200,200
444958,0,0,2,0,0,1,0,5,0,0,0,12,17,0,200,200,12,200,200,200,200
444960,0,30,0,0,0,1,7,5,0,0,0,0,200,1,53,0,200,0,0,200,200
444965,0,30,0,0,0,1,10,5,0,0,0,18,18,1,26,0,1,0,0,200,200
444965,0,30,0,0,0,1,10,5,0,0,0,18,18,0,24,0,0,0,0,200,200
444970,0,35,0,0,0,1,10,200,0,200,200,18,200,2,200,200,3,200,200,200,200
444970,0,35,0,0,0,1,10,200,0,200,200,18,200,2,200,200,3,200,200,200,200
444970,0,35,0,0,0,1,10,200,0,200,200,18,200,1,26,200,3,200,0,200,200
444975,0,30,0,0,2,3,10,5,0,0,200,0,0,0,30,200,3,0,0,200,200
444975,0,30,0,0,2,3,10,5,0,0,200,0,0,1,30,0,0,0,0,200,200
444975,0,30,0,0,2,3,10,5,0,0,200,0,0,0,55,200,200,200,0,200,200
444975,1,30,0,0,2,3,10,5,0,0,200,0,0,0,30,0,200,200,200,200,200
444984,0,30,2,2,0,1,0,5,0,0,0,0,0,1,36,200,1,200,200,200,200
444984,0,30,2,2,0,1,0,5,0,0,0,0,0,0,50,0,0,0,0,200,200
444985,0,30,2,2,0,1,0,5,0,0,0,5,200,1,34,200,5,200,200,200,200
444985,0,30,2,2,0,1,0,5,0,0,0,5,200,0,56,200,0,0,0,200,200
444985,1,30,2,2,0,1,0,5,0,0,0,5,200,200,200,200,200,200,200,200,200
444992,0,30,0,0,0,1,7,6,0,0,0,0,200,2,200,200,200,200,200,200,200
444993,0,30,0,0,0,1,2,2,0,0,0,0,200,0,46,0,12,0,0,200,200
445003,0,30,0,0,0,1,11,5,0,200,200,0,200,2,200,200,200,200,200,200,200
445003,0,30,0,0,0,1,11,5,0,200,200,0,200,0,61,200,200,200,0,200,200
445008,0,30,0,0,0,1,11,7,0,0,200,0,0,1,29,0,2,0,0,200,200
445008,0,30,0,0,0,1,11,7,0,0,200,0,0,1,200,200,200,200,200,200,200
445008,1,30,0,0,0,1,11,7,0,0,200,0,0,1,200,0,200,200,200,200,200
445012,0,30,1,2,0,1,8,2,0,0,0,0,0,1,200,200,12,200,200,200,200
445012,4,30,1,2,0,1,8,2,0,0,0,0,0,1,28,2,0,0,0,200,200
445018,0,0,0,0,200,200,7,200,0,200,200,0,200,2,200,200,200,200,200,200,200
445020,0,30,1,2,0,1,12,3,0,0,0,17,0,0,39,0,0,200,0,200,200
445020,0,30,1,2,0,1,12,3,0,0,0,17,0,0,200,200,1,200,200,200,200
445021,0,30,0,0,0,1,11,5,0,200,200,12,11,1,23,200,12,200,200,200,200
445021,0,30,0,0,0,1,11,5,0,200,200,12,11,0,32,0,12,200,200,200,200
445028,0,30,0,0,0,1,3,5,0,0,200,22,22,1,0,200,0,200,0,200,200
445028,0,30,0,0,0,1,3,5,0,0,200,22,22,1,24,200,2,200,0,200,200
445030,0,30,0,0,0,1,7,5,0,0,0,25,200,0,200,200,7,200,200,200,200
445032,0,15,0,0,0,1,7,0,0,0,0,11,200,0,35,0,12,0,0,200,200
445041,0,30,0,0,0,1,12,3,0,0,0,18,200,0,67,0,3,0,0,200,200
445041,0,30,0,0,0,1,12,3,0,0,0,18,200,0,33,0,0,0,0,200,200
445041,1,30,0,0,0,1,12,3,0,0,0,18,200,1,200,0,200,200,200,200,200
445044,0,30,1,2,0,1,10,5,0,0,0,0,200,1,200,200,200,200,200,200,200
445044,0,30,1,2,0,1,10,5,0,0,0,0,200,1,36,0,0,0,0,200,200
445044,0,30,1,2,0,1,10,5,0,0,0,0,200,0,200,200,0,0,0,200,200
445044,1,30,1,2,0,1,10,5,0,0,0,0,200,0,200,0,200,200,200,200,200
445044,1,30,1,2,0,1,10,5,0,0,0,0,200,0,200,5,200,200,200,200,200
445044,1,30,1,2,0,1,10,5,0,0,0,0,200,1,200,5,200,200,200,200,200
445056,0,30,2,2,0,1,12,6,0,0,0,22,25,0,45,0,2,0,0,200,200
445056,0,30,2,2,0,1,12,6,0,0,0,22,25,0,52,0,0,0,0,200,200
445057,0,25,0,0,0,1,7,7,0,0,0,200,200,2,200,200,200,200,200,200,200
445059,0,30,1,2,0,1,12,5,0,0,0,18,200,1,50,200,200,0,0,200,200
445059,0,30,1,2,0,1,12,5,0,0,0,18,200,0,21,0,0,0,0,200,200
445059,1,30,1,2,0,1,12,5,0,0,0,18,200,1,200,0,200,200,200,200,200
445059,1,30,1,2,0,1,12,5,0,0,0,18,200,2,200,0,200,200,200,200,200
445069,0,30,0,0,0,1,7,5,0,200,200,0,200,2,200,200,200,200,200,200,200
445075,0,30,200,200,0,1,12,6,0,0,200,0,0,0,200,200,200,200,200,200,200
445075,0,30,200,200,0,1,12,6,0,0,200,0,0,0,44,0,200,200,0,200,200
445082,0,30,0,0,0,1,7,7,0,0,0,200,200,1,56,0,0,0,0,200,200
445082,1,30,0,0,0,1,7,7,0,0,0,200,200,1,200,0,200,200,200,200,200
445082,1,30,0,0,0,1,7,7,0,0,0,200,200,0,200,0,200,200,200,200,200
445084,0,30,0,0,0,1,10,5,3,0,0,18,200,0,41,0,3,0,0,200,200
445084,0,30,0,0,0,1,10,5,3,0,0,18,200,1,59,0,0,0,0,200,200
445084,1,30,0,0,0,1,10,5,3,0,0,18,200,0,38,0,200,200,200,200,200
445089,0,30,200,200,0,1,12,5,0,0,200,200,200,0,22,0,200,200,0,200,200
445089,0,30,200,200,0,1,12,5,0,0,200,200,200,1,54,200,0,200,200,200,200
445090,0,30,0,0,0,1,12,5,0,0,0,22,11,0,200,200,2,0,0,200,200
445090,0,30,0,0,0,1,12,5,0,0,0,22,11,0,22,0,0,0,0,200,200
445090,1,30,0,0,0,1,12,5,0,0,0,22,11,1,21,0,200,200,200,200,200
445092,0,35,0,0,0,1,0,200,0,200,200,22,200,1,25,200,2,200,200,200,200
445092,0,35,0,0,0,1,0,200,0,200,200,22,200,1,45,200,0,200,0,200,200
445094,0,5,12,2,0,1,9,12,0,0,0,21,22,0,200,0,12,200,200,200,200
445094,5,5,12,2,0,1,9,12,0,0,0,21,22,1,26,200,0,0,0,200,200
445094,1,5,12,2,0,1,9,12,0,0,0,21,22,1,200,200,200,200,200,200,200
445095,0,30,0,0,0,1,7,5,0,0,0,0,200,2,200,200,200,200,200,200,200
445099,0,30,1,2,0,1,12,5,0,0,0,22,200,1,69,0,4,0,0,200,200
445099,0,30,1,2,0,1,12,5,0,0,0,22,200,0,36,0,0,0,0,200,200
445104,0,10,0,0,0,1,7,7,2,0,0,20,200,0,200,200,6,200,0,200,200
445105,0,25,0,0,0,3,7,5,0,0,0,0,0,0,31,200,200,200,200,200,200
445112,0,30,0,0,0,1,7,5,0,0,0,0,0,1,25,200,200,200,200,200,200
445112,1,30,0,0,0,1,7,5,0,0,0,0,0,0,200,0,200,200,200,200,200
445114,0,30,2,2,0,1,9,5,0,0,0,200,0,1,32,200,200,0,0,200,200
445114,5,30,2,2,0,1,9,5,0,0,0,200,0,0,6,7,12,200,0,200,200
445114,5,30,2,2,0,1,9,5,0,0,0,200,0,1,9,7,200,200,0,200,200
445117,0,30,0,0,0,1,7,12,0,0,0,16,200,0,57,200,12,200,7,200,200
445118,0,30,0,0,0,1,7,5,0,0,0,0,200,1,200,200,12,200,200,200,200
445122,0,30,0,0,0,1,12,5,0,0,0,21,0,0,200,200,4,200,200,200,200
445122,0,30,0,0,0,1,12,5,0,0,0,21,0,1,60,0,0,0,0,200,200
445124,0,30,1,2,0,1,10,5,0,0,0,18,0,0,51,0,3,0,0,200,200
445124,0,30,1,2,0,1,10,5,0,0,0,18,0,1,43,0,0,0,0,200,200
445125,0,10,0,0,0,1,7,7,0,200,0,20,200,0,200,200,6,200,200,200,200
445125,1,10,0,0,0,1,7,7,0,200,0,20,200,0,48,200,200,200,200,200,200
445125,1,10,0,0,0,1,7,7,0,200,0,20,200,1,35,200,200,200,200,200,200
445125,1,10,0,0,0,1,7,7,0,200,0,20,200,1,200,7,200,200,200,200,200
445126,0,30,0,0,0,1,7,5,0,0,0,200,200,1,34,0,0,0,0,200,200
445128,0,30,1,2,0,1,12,5,0,0,200,0,0,2,200,200,200,200,200,200,200
445128,0,30,1,2,0,1,12,5,0,0,200,0,0,1,59,200,0,200,0,200,200
445129,0,30,0,0,0,1,12,6,0,0,200,17,17,1,49,0,1,0,0,200,200
445129,0,30,0,0,0,1,12,6,0,0,200,17,17,1,51,0,12,0,0,200,200
445129,1,30,0,0,0,1,12,6,0,0,200,17,17,1,200,0,200,200,200,200,200
445130,0,30,1,2,0,1,10,5,0,0,0,0,200,0,49,200,3,200,0,200,200
445130,0,30,1,2,0,1,10,5,0,0,0,0,200,1,55,0,0,0,0,200,200
445131,0,30,1,2,0,1,10,2,0,0,0,18,0,0,33,7,3,0,0,200,200
445131,0,30,1,2,0,1,10,2,0,0,0,18,0,1,200,200,0,200,200,200,200
445131,1,30,1,2,0,1,10,2,0,0,0,18,0,0,200,200,200,200,200,200,200
445132,0,30,2,2,0,1,0,2,0,0,0,17,17,0,31,200,12,200,0,200,200
445132,0,30,2,2,0,1,0,2,0,0,0,17,17,1,21,200,1,200,0,200,200
445132,1,30,2,2,0,1,0,2,0,0,0,17,17,1,200,200,200,200,200,200,200
445134,0,30,0,0,0,1,14,5,0,0,0,23,21,1,60,0,7,0,0,200,200
445134,0,30,0,0,0,1,14,5,0,0,0,23,21,1,29,0,4,0,0,200,200
445136,0,30,200,200,0,1,0,200,0,0,200,200,200,0,200,0,200,200,200,200,200
445136,0,30,200,200,0,1,0,200,0,0,200,200,200,1,44,0,200,200,0,200,200
445142,0,20,0,0,0,1,7,5,0,0,0,0,0,1,30,0,200,200,0,200,200
445144,0,30,0,0,0,1,0,3,0,0,0,22,22,0,26,0,2,200,0,200,200
445144,0,30,0,0,0,1,0,3,0,0,0,22,22,1,27,0,0,200,0,200,200
445145,0,35,0,0,0,1,14,5,0,0,0,23,21,0,31,0,4,0,0,200,200
445145,0,35,0,0,0,1,14,5,0,0,0,23,21,1,41,0,0,1,0,200,200
445146,0,30,0,0,0,1,10,5,0,0,0,16,18,0,22,0,3,200,0,200,200
445146,0,30,0,0,0,1,10,5,0,0,0,16,18,1,51,0,0,0,0,200,200
445147,0,30,1,2,0,1,0,5,0,0,0,17,0,0,71,0,1,0,0,200,200
445147,0,30,1,2,0,1,0,5,0,0,0,17,0,1,39,0,0,0,0,200,200
445151,0,30,1,2,0,1,10,5,0,0,0,200,200,1,32,0,200,0,0,200,200
445151,0,30,1,2,0,1,10,5,0,0,0,200,200,1,56,0,0,200,200,200,200
445152,0,20,3,2,0,1,10,6,0,0,0,18,16,0,200,200,3,200,200,200,200
445152,0,20,3,2,0,1,10,6,0,0,0,18,16,0,36,0,0,0,0,200,200
445156,0,30,2,2,0,1,12,2,0,0,0,0,0,0,22,200,12,200,0,200,200
445156,0,30,2,2,0,1,12,2,0,0,0,0,0,0,34,0,12,0,0,200,200
445156,1,30,2,2,0,1,12,2,0,0,0,0,0,0,0,7,200,200,200,200,200
445162,0,30,1,2,0,1,10,5,0,0,0,7,16,0,51,0,3,0,0,200,200
445162,0,30,1,2,0,1,10,5,0,0,0,7,16,1,59,0,0,0,0,200,200
445163,0,30,1,2,0,1,12,6,0,0,0,21,200,1,53,0,200,0,0,200,200
445163,0,30,1,2,0,1,12,6,0,0,0,21,200,0,31,0,0,0,0,200,200
445166,0,35,200,200,0,1,0,5,0,0,0,0,200,0,200,200,200,200,200,200,200
445166,0,35,200,200,0,1,0,5,0,0,0,0,200,1,200,0,200,200,0,200,200
445167,0,30,1,2,0,1,10,5,0,0,0,17,16,1,22,0,1,0,0,200,200
445167,0,30,1,2,0,1,10,5,0,0,0,17,16,0,29,0,0,0,0,200,200
445167,1,30,1,2,0,1,10,5,0,0,0,17,16,1,29,0,200,200,200,200,200
445167,1,30,1,2,0,1,10,5,0,0,0,17,16,0,7,0,200,200,200,200,200
445176,0,30,0,0,0,0,14,2,0,200,200,23,22,0,30,200,7,200,200,200,200
445176,0,30,0,0,0,0,14,2,0,200,200,23,22,0,29,0,12,200,200,200,200
445178,4,30,0,0,0,1,8,5,0,0,200,17,17,1,23,3,0,0,0,200,200
445181,0,30,1,2,0,1,0,5,0,0,0,0,200,0,38,0,12,0,0,200,200
445181,0,30,1,2,0,1,0,5,0,0,0,0,200,0,39,0,0,0,0,200,200
445181,1,30,1,2,0,1,0,5,0,0,0,0,200,0,3,0,200,200,200,200,200
445181,1,30,1,2,0,1,0,5,0,0,0,0,200,1,37,0,200,200,200,200,200
445181,1,30,1,2,0,1,0,5,0,0,0,0,200,1,35,0,200,200,200,200,200
445182,0,30,0,0,0,1,7,5,0,0,0,21,200,1,24,0,3,0,0,200,200
445184,0,30,0,0,0,1,12,5,0,0,0,200,200,1,45,0,0,0,0,200,200
445184,0,30,0,0,0,1,12,5,0,0,0,200,200,0,23,7,0,0,0,200,200
445184,1,30,0,0,0,1,12,5,0,0,0,200,200,0,200,0,200,200,200,200,200
445184,1,30,0,0,0,1,12,5,0,0,0,200,200,1,200,0,200,200,200,200,200
445184,1,30,0,0,0,1,12,5,0,0,0,200,200,1,200,0,200,200,200,200,200
445186,4,30,1,2,0,1,8,2,0,0,0,17,200,0,26,7,5,0,0,200,200
445186,0,30,1,2,0,1,8,2,0,0,0,17,200,0,51,0,0,0,0,200,200
445190,0,30,0,0,0,1,7,2,0,0,0,0,200,2,200,200,200,200,200,200,200
445193,0,30,0,0,0,1,10,3,0,0,0,18,200,1,32,0,3,0,0,200,200
445193,0,30,0,0,0,1,10,3,0,0,0,18,200,0,45,0,0,0,0,200,200
445193,1,30,0,0,0,1,10,3,0,0,0,18,200,1,4,200,200,200,200,200,200
445193,1,30,0,0,0,1,10,3,0,0,0,18,200,1,20,200,200,200,200,200,200