RD_NO,PERSON_TYPE,POSTED_SPEED_LIMIT,TRAFFIC_CONTROL_DEVICE,DEVICE_CONDITION,WEATHER_CONDITION,LIGHTING_CONDITION,FIRST_CRASH_TYPE,TRAFFICWAY_TYPE,ALIGNMENT,ROADWAY_SURFACE_COND,ROAD_DEFECT,PRIM_CONTRIBUTORY_CAUSE,SEC_CONTRIBUTORY_CAUSE,SEX,AGE,SAFETY_EQUIPMENT,DRIVER_ACTION,DRIVER_VISION,PHYSICAL_CONDITION,BAC_RESULT VALUE,CELL_PHONE_USE
445193,1,30,0,0,0,1,10,3,0,0,0,18,200,0,0,200,200,200,200,200,200
445195,0,35,0,0,0,1,10,5,0,0,0,18,0,0,23,0,3,0,0,200,200
445195,0,35,0,0,0,1,10,5,0,0,0,18,0,0,200,200,0,200,200,200,200
445196,0,30,2,2,0,1,10,5,0,0,0,18,25,0,200,200,13,200,200,200,200
445196,0,30,2,2,0,1,10,5,0,0,0,18,25,1,27,0,0,0,0,200,200
445196,0,30,2,2,0,1,10,5,0,0,0,18,25,0,29,0,0,0,0,200,200
445196,0,30,2,2,0,1,10,5,0,0,0,18,25,0,200,0,0,0,0,200,200
445196,0,30,2,2,0,1,10,5,0,0,0,18,25,0,200,0,0,0,0,200,200
445196,1,30,2,2,0,1,10,5,0,0,0,18,25,1,200,0,200,200,200,200,200
445197,0,30,0,0,0,1,10,5,0,0,0,0,0,2,200,200,200,200,200,200,200
445197,0,30,0,0,0,1,10,5,0,0,0,0,0,0,64,200,0,200,0,200,200
445198,0,30,0,0,0,1,10,5,0,0,0,18,200,0,200,200,3,200,200,200,200
445198,0,30,0,0,0,1,10,5,0,0,0,18,200,1,25,0,0,0,0,200,200
445203,0,0,2,2,0,1,0,2,0,0,0,0,200,0,24,200,200,200,0,200,200
445203,0,0,2,2,0,1,0,2,0,0,0,0,200,0,29,0,200,200,0,200,200
445203,1,0,2,2,0,1,0,2,0,0,0,0,200,0,25,200,200,200,200,200,200
445205,0,30,1,2,0,1,0,2,0,0,200,17,0,1,23,0,0,200,200,200,200
445205,0,30,1,2,0,1,0,2,0,0,200,17,0,0,23,0,0,0,0,200,200
445205,1,30,1,2,0,1,0,2,0,0,200,17,0,1,20,0,200,200,200,200,200
445205,1,30,1,2,0,1,0,2,0,0,200,17,0,1,200,0,200,200,200,200,200
445218,0,30,0,0,0,1,7,6,0,0,0,22,200,0,40,0,2,0,0,200,200
445222,0,30,1,2,0,1,10,5,0,0,0,11,0,1,65,0,0,0,0,200,200
445222,0,30,1,2,0,1,10,5,0,0,0,11,0,0,56,0,3,0,0,200,200
445223,0,30,1,2,0,1,9,5,0,0,0,200,200,1,35,0,1,200,200,200,200
445223,5,30,1,2,0,1,9,5,0,0,0,200,200,0,6,200,0,200,7,200,200
445224,0,30,1,2,0,1,10,6,0,0,200,21,21,2,200,200,1,200,200,200,200
445224,0,30,1,2,0,1,10,6,0,0,200,21,21,0,23,200,0,0,0,200,200
445224,1,30,1,2,0,1,10,6,0,0,200,21,21,1,22,0,200,200,200,200,200
445225,0,30,2,2,0,1,2,5,0,0,0,6,200,1,28,0,5,0,0,200,200
445228,0,25,0,0,0,1,10,6,0,0,0,200,200,0,200,200,200,200,200,200,200
445228,0,25,0,0,0,1,10,6,0,0,0,200,200,0,51,0,0,0,0,200,200
445234,0,0,0,2,0,1,5,5,0,0,0,0,11,0,65,0,200,0,0,200,200
445236,0,30,1,2,0,1,14,6,0,0,0,0,0,0,200,200,200,200,200,200,200
445236,0,30,1,2,0,1,14,6,0,0,0,0,0,0,200,0,200,0,0,200,200
445236,1,30,1,2,0,1,14,6,0,0,0,0,0,1,200,0,200,200,200,200,200
445237,0,30,0,0,0,1,7,5,0,0,0,200,200,0,49,0,0,0,0,200,200
445242,0,30,0,0,0,1,0,2,0,0,0,17,17,1,31,200,1,200,200,200,200
445242,0,30,0,0,0,1,0,2,0,0,0,17,17,0,24,0,12,200,0,200,200
445242,1,30,0,0,0,1,0,2,0,0,0,17,17,1,25,0,200,200,200,200,200
445242,1,30,0,0,0,1,0,2,0,0,0,17,17,0,0,5,200,200,200,200,200
445244,0,30,2,2,0,1,0,2,0,0,0,6,200,1,36,0,5,0,0,200,200
445244,0,30,2,2,0,1,0,2,0,0,0,6,200,0,25,0,0,0,0,200,200
445244,1,30,2,2,0,1,0,2,0,0,0,6,200,1,37,200,200,200,200,200,200
445248,0,30,0,0,0,1,10,5,0,0,0,16,18,1,200,200,3,200,200,200,200
445248,0,30,0,0,0,1,10,5,0,0,0,16,18,0,47,0,0,0,0,200,200
445248,1,30,0,0,0,1,10,5,0,0,0,16,18,1,200,200,200,200,200,200,200
445248,1,30,0,0,0,1,10,5,0,0,0,16,18,1,200,200,200,200,200,200,200
445249,0,20,0,0,0,3,7,6,0,200,0,0,200,2,200,200,200,200,200,200,200
445251,0,35,0,0,0,1,14,5,0,0,0,17,17,2,200,200,1,200,200,200,200
445251,0,35,0,0,0,1,14,5,0,0,0,17,17,0,52,200,0,0,0,200,200
445252,0,30,1,2,0,1,10,2,0,0,0,0,200,1,49,200,1,200,200,200,200
445252,0,30,1,2,0,1,10,2,0,0,0,0,200,0,20,0,0,0,0,200,200
445253,0,30,0,0,0,200,7,2,0,0,0,11,0,2,200,200,200,200,200,200,200
445255,0,30,0,0,0,1,10,5,0,0,0,18,200,1,200,200,3,200,200,200,200
445255,0,30,0,0,0,1,10,5,0,0,0,18,200,0,200,0,3,0,0,200,200
445255,0,30,0,0,0,1,10,5,0,0,0,18,200,1,0,0,0,0,0,200,200
445255,1,30,0,0,0,1,10,5,0,0,0,18,200,0,200,0,200,200,200,200,200
445255,1,30,0,0,0,1,10,5,0,0,0,18,200,0,200,0,200,200,200,200,200
445257,0,25,0,0,0,1,12,5,0,0,0,17,0,0,35,0,1,0,0,200,200
445257,0,25,0,0,0,1,12,5,0,0,0,17,0,1,21,0,8,0,0,200,200
445257,1,25,0,0,0,1,12,5,0,0,0,17,0,2,200,5,200,200,200,200,200
445260,0,30,0,0,0,1,9,5,0,0,0,25,0,0,200,1,13,200,200,200,200
445260,5,30,0,0,0,1,9,5,0,0,0,25,0,0,42,7,0,0,0,200,200
445260,1,30,0,0,0,1,9,5,0,0,0,25,0,0,200,1,200,200,200,200,200
445272,0,30,0,0,0,1,7,5,0,0,200,25,25,0,16,200,13,200,200,200,200
445272,1,30,0,0,0,1,7,5,0,0,200,25,25,0,200,1,200,200,200,200,200
445272,1,30,0,0,0,1,7,5,0,0,200,25,25,0,20,200,200,200,200,200,200
445282,0,30,1,2,0,1,10,5,0,0,0,18,200,0,56,200,0,200,0,200,200
445282,0,30,1,2,0,1,10,5,0,0,0,18,200,0,200,200,3,200,200,200,200
445283,0,30,2,2,0,1,0,5,0,0,0,17,200,0,32,200,1,200,0,200,200
445283,0,30,2,2,0,1,0,5,0,0,0,17,200,1,31,200,0,0,0,200,200
445283,1,30,2,2,0,1,0,5,0,0,0,17,200,1,4,5,200,200,200,200,200
445284,0,30,2,2,0,1,10,6,0,0,0,18,17,1,200,200,3,200,200,200,200
445284,0,30,2,2,0,1,10,6,0,0,0,18,17,0,29,0,0,0,0,200,200
445284,5,30,2,2,0,1,10,6,0,0,0,18,17,0,29,7,0,0,0,200,200
445284,1,30,2,2,0,1,10,6,0,0,0,18,17,0,39,0,200,200,200,200,200
445293,0,30,2,2,0,1,2,2,0,0,0,200,0,2,200,200,200,200,200,200,200
445296,0,35,0,0,0,1,14,5,1,0,0,17,0,1,49,0,1,200,0,200,200
445296,0,35,0,0,0,1,14,5,1,0,0,17,0,0,43,0,0,12,0,200,200
445300,0,30,1,2,0,1,12,5,0,0,0,0,0,1,57,0,1,0,0,200,200
445300,0,30,1,2,0,1,12,5,0,0,0,0,0,0,25,0,0,0,0,200,200
445306,0,30,200,0,0,1,10,6,0,0,0,18,17,1,39,200,3,200,0,200,200
445306,0,30,200,0,0,1,10,6,0,0,0,18,17,0,32,200,0,0,0,200,200
445307,0,30,200,200,0,1,9,5,0,0,0,0,0,0,71,200,200,200,0,200,200
445307,5,30,200,200,0,1,9,5,0,0,0,0,0,0,0,200,200,200,200,200,200
445310,0,25,3,2,0,1,12,6,0,0,0,17,200,0,22,0,1,0,0,200,200
445310,0,25,3,2,0,1,12,6,0,0,0,17,200,1,59,0,0,0,0,200,200
445312,0,30,0,0,0,1,0,7,0,0,0,0,0,0,34,200,200,200,200,200,200
445312,0,30,0,0,0,1,0,7,0,0,0,0,0,1,47,0,0,0,0,200,200
445313,4,25,2,2,0,1,8,6,0,0,0,0,11,1,39,2,200,200,7,200,200
445313,0,25,2,2,0,1,8,6,0,0,0,0,11,0,59,200,0,200,0,200,200
445313,4,25,2,2,0,1,8,6,0,0,0,0,11,0,41,200,200,200,0,200,200
445314,0,30,0,0,0,1,7,5,0,0,0,7,0,0,45,200,12,0,0,200,200
445316,0,30,2,2,0,1,14,6,0,0,0,0,0,1,69,200,1,200,0,200,200
445316,0,30,2,2,0,1,14,6,0,0,0,0,0,0,39,200,0,0,0,200,200
445328,0,30,0,0,0,1,12,5,0,0,0,200,200,1,21,200,0,0,0,200,200
445328,0,30,0,0,0,1,12,5,0,0,0,200,200,1,38,0,0,0,0,200,200
445329,0,30,0,0,0,1,12,6,0,0,0,22,17,1,200,200,2,200,200,200,200
445329,0,30,0,0,0,1,12,6,0,0,0,22,17,0,27,0,0,0,0,200,200
445330,0,30,0,0,0,1,7,6,0,0,0,0,200,2,200,200,200,200,200,200,200
445333,0,30,1,2,0,1,12,6,0,0,0,22,200,0,32,0,0,0,0,200,200
445333,0,30,1,2,0,1,12,6,0,0,0,22,200,0,24,0,0,0,0,200,200
445334,0,30,0,0,0,1,5,5,0,0,0,0,0,0,47,200,200,200,0,200,200
445334,3,30,0,0,0,1,5,5,0,0,0,0,0,0,41,1,0,200,0,200,200
445336,0,30,0,0,0,1,14,7,0,0,0,20,16,0,58,0,1,0,0,200,200
445336,0,30,0,0,0,1,14,7,0,0,0,20,16,0,73,0,0,0,0,200,200
445336,1,30,0,0,0,1,14,7,0,0,0,20,16,1,200,0,200,200,200,200,200
445343,0,30,1,2,0,1,12,5,0,0,200,22,22,1,71,0,2,0,0,200,200
445343,0,30,1,2,0,1,12,5,0,0,200,22,22,0,74,0,0,0,0,200,200
445343,1,30,1,2,0,1,12,5,0,0,200,22,22,1,200,0,200,200,200,200,200
445343,1,30,1,2,0,1,12,5,0,0,200,22,22,0,200,0,200,200,200,200,200
445343,1,30,1,2,0,1,12,5,0,0,200,22,22,1,200,0,200,200,200,200,200
445344,0,25,2,2,0,1,0,5,0,0,0,17,5,1,0,200,200,200,0,200,200
445344,0,25,2,2,0,1,0,5,0,0,0,17,5,1,22,200,200,200,0,200,200
445347,0,15,0,0,0,1,0,7,0,0,0,0,0,0,36,0,12,0,0,200,200
445347,0,15,0,0,0,1,0,7,0,0,0,0,0,1,42,0,0,0,0,200,200
445348,5,35,1,2,0,1,9,6,0,0,0,21,200,0,45,7,0,0,0,200,200
445350,0,30,0,0,0,1,7,6,0,0,0,0,0,2,200,200,200,200,200,200,200
445353,0,25,1,2,0,1,9,5,0,0,0,0,0,1,200,200,1,200,200,200,200
445353,5,25,1,2,0,1,9,5,0,0,0,0,0,1,32,200,12,200,0,200,200
445355,0,30,0,0,0,1,0,5,0,0,200,20,0,0,200,200,6,200,200,200,200
445355,0,30,0,0,0,1,0,5,0,0,200,20,0,0,32,0,0,0,0,200,200
445363,0,35,0,0,0,1,10,5,0,0,0,18,200,0,66,0,3,0,0,200,200
445363,0,35,0,0,0,1,10,5,0,0,0,18,200,1,33,0,0,0,0,200,200
445376,0,30,0,0,0,1,14,5,0,0,0,22,200,1,200,200,2,0,200,200,200
445376,0,30,0,0,0,1,14,5,0,0,0,22,200,0,37,200,0,0,0,200,200
445383,0,30,0,0,0,1,10,5,0,0,0,18,0,0,49,0,3,0,0,200,200
445383,0,30,0,0,0,1,10,5,0,0,0,18,0,0,33,0,0,0,0,200,200
445386,0,30,0,0,0,1,0,5,0,0,0,17,200,1,24,0,1,0,0,200,200
445386,0,30,0,0,0,1,0,5,0,0,0,17,200,0,61,0,0,0,0,200,200
445389,0,30,0,0,0,1,7,5,0,0,0,0,0,2,200,200,1,200,200,200,200
445401,0,30,0,0,0,1,7,6,0,0,0,0,0,0,72,200,200,0,0,200,200
445401,1,30,0,0,0,1,7,6,0,0,0,0,0,200,200,200,200,200,200,200,200
445401,1,30,0,0,0,1,7,6,0,0,0,0,0,200,200,200,200,200,200,200,200
445405,0,30,0,0,0,1,7,6,0,0,0,11,200,2,200,200,12,200,200,200,200
445408,0,30,0,0,0,1,11,2,0,0,0,20,11,0,45,200,6,0,0,200,200
445408,0,30,0,0,0,1,11,2,0,0,0,20,11,0,28,0,0,0,0,200,200
445409,0,30,0,0,0,4,10,2,0,0,0,18,200,0,34,3,3,0,0,200,200
445409,0,30,0,0,0,4,10,2,0,0,0,18,200,1,44,0,0,0,0,200,200
445419,0,30,1,2,0,1,10,2,0,0,0,16,200,0,200,200,12,200,200,200,200
445419,0,30,1,2,0,1,10,2,0,0,0,16,200,0,40,200,0,0,0,200,200
445423,0,25,0,0,0,4,7,7,0,0,0,200,200,0,34,0,0,0,0,200,200
445424,0,30,200,200,200,200,7,5,0,200,200,200,200,2,200,200,200,200,200,200,200
445426,0,30,1,2,0,4,12,2,0,0,0,17,17,1,37,0,1,1,0,200,200
445426,0,30,1,2,0,4,12,2,0,0,0,17,17,0,58,0,12,1,0,200,200
445436,0,30,0,0,0,2,10,5,0,0,200,0,0,0,49,200,8,200,1,200,200
445436,0,30,0,0,0,2,10,5,0,0,200,0,0,0,48,0,0,0,0,200,200
445437,0,30,0,0,0,3,14,2,0,0,0,17,0,1,20,200,1,0,0,200,200
445437,0,30,0,0,0,3,14,2,0,0,0,17,0,1,20,200,0,0,0,200,200
445437,1,30,0,0,0,3,14,2,0,0,0,17,0,1,26,0,200,200,200,200,200
445443,0,30,1,2,0,1,12,3,0,0,0,17,0,1,43,0,200,0,0,200,200
445443,0,30,1,2,0,1,12,3,0,0,0,17,0,0,32,0,200,0,0,200,200
445447,0,45,0,0,0,1,10,3,0,0,200,18,7,0,28,0,3,0,0,200,200
445447,0,45,0,0,0,1,10,3,0,0,200,18,7,1,29,0,0,200,200,200,200
445447,1,45,0,0,0,1,10,3,0,0,200,18,7,1,28,0,200,200,200,200,200
445448,0,30,0,0,0,3,10,2,0,0,0,17,200,1,24,0,0,0,0,200,200
445448,0,30,0,0,0,3,10,2,0,0,0,17,200,1,200,200,1,200,200,200,200
445456,0,30,0,0,0,4,2,0,0,0,0,25,200,0,45,200,13,0,0,200,200
445456,1,30,0,0,0,4,2,0,0,0,0,25,200,0,47,200,200,200,200,200,200
445457,0,35,0,1,0,4,12,2,0,0,0,21,21,0,52,0,4,0,0,200,200
445457,0,35,0,1,0,4,12,2,0,0,0,21,21,0,36,0,0,0,0,200,200
445457,1,35,0,1,0,4,12,2,0,0,0,21,21,1,52,0,200,200,200,200,200
445457,1,35,0,1,0,4,12,2,0,0,0,21,21,0,15,0,200,200,200,200,200
445457,1,35,0,1,0,4,12,2,0,0,0,21,21,1,28,0,200,200,200,200,200
445457,1,35,0,1,0,4,12,2,0,0,0,21,21,0,7,5,200,200,200,200,200
445458,0,30,2,2,0,3,10,5,0,0,0,18,25,1,200,200,3,200,200,200,200
445458,0,30,2,2,0,3,10,5,0,0,0,18,25,0,36,0,0,0,0,200,200
445458,1,30,2,2,0,3,10,5,0,0,0,18,25,0,17,0,200,200,200,200,200
445458,1,30,2,2,0,3,10,5,0,0,0,18,25,1,0,5,200,200,200,200,200
445462,0,30,0,0,0,1,7,7,0,0,0,0,0,1,200,200,12,200,200,200,200
445464,0,30,1,2,0,1,10,5,0,0,0,0,11,1,37,0,12,0,0,200,200
445464,0,30,1,2,0,1,10,5,0,0,0,0,11,0,52,0,0,0,0,200,200
445464,1,30,1,2,0,1,10,5,0,0,0,0,11,1,200,0,200,200,200,200,200
445464,1,30,1,2,0,1,10,5,0,0,0,0,11,0,200,0,200,200,200,200,200
445464,1,30,1,2,0,1,10,5,0,0,0,0,11,1,200,0,200,200,200,200,200
445468,0,30,0,0,0,3,2,5,0,0,0,23,200,0,21,0,7,0,0,200,200
445469,0,30,1,2,0,4,14,5,0,0,0,11,21,0,57,200,0,0,0,200,200
445469,0,30,1,2,0,4,14,5,0,0,0,11,21,0,30,200,7,0,0,200,200
445473,0,30,0,0,0,1,10,5,0,0,0,200,200,0,58,0,0,0,0,200,200
445473,0,30,0,0,0,1,10,5,0,0,0,200,200,0,18,0,0,0,0,200,200
445473,0,30,0,0,0,1,10,5,0,0,0,200,200,1,200,200,0,200,200,200,200
445473,1,30,0,0,0,1,10,5,0,0,0,200,200,0,200,0,200,200,200,200,200
445477,0,30,1,2,0,1,14,5,0,0,0,200,200,1,200,200,200,200,200,200,200
445477,0,30,1,2,0,1,14,5,0,0,0,200,200,0,28,0,0,0,0,200,200
445477,1,30,1,2,0,1,14,5,0,0,0,200,200,1,2,0,200,200,200,200,200
445481,0,30,0,0,0,1,12,5,0,0,0,22,200,2,200,200,200,200,200,200,200
445481,0,30,0,0,0,1,12,5,0,0,0,22,200,1,56,200,0,0,0,200,200
445486,0,30,2,0,0,1,10,2,0,0,0,17,11,0,59,200,1,200,200,200,200
445486,0,30,2,0,0,1,10,2,0,0,0,17,11,0,22,0,0,0,0,200,200
445486,1,30,2,0,0,1,10,2,0,0,0,17,11,1,200,200,200,200,200,200,200
445496,0,30,200,200,200,1,12,5,0,200,200,200,200,1,32,200,200,200,200,200,200
445496,0,30,200,200,200,1,12,5,0,200,200,200,200,1,28,0,0,0,0,200,200
445496,1,30,200,200,200,1,12,5,0,200,200,200,200,1,8,0,200,200,200,200,200
445496,1,30,200,200,200,1,12,5,0,200,200,200,200,0,3,0,200,200,200,200,200
445504,0,30,0,0,0,1,10,5,0,0,0,0,0,0,200,200,1,200,200,200,200
445504,0,30,0,0,0,1,10,5,0,0,0,0,0,1,47,7,0,0,0,200,200
445507,0,30,12,12,0,1,0,2,0,0,0,11,200,0,42,0,12,0,0,200,200
445507,0,30,12,12,0,1,0,2,0,0,0,11,200,0,28,0,200,0,0,200,200
445515,0,30,0,0,0,3,10,2,0,200,200,0,0,1,54,0,12,200,0,200,200
445515,0,30,0,0,0,3,10,2,0,200,200,0,0,0,28,0,0,200,0,200,200
445515,1,30,0,0,0,3,10,2,0,200,200,0,0,1,33,0,200,200,200,200,200
445517,0,30,0,0,0,1,7,5,0,0,0,25,200,1,200,200,200,200,200,200,200
445520,0,30,0,0,0,4,7,7,0,0,0,11,200,1,19,0,6,200,0,200,200
445520,1,30,0,0,0,4,7,7,0,0,0,11,200,1,44,0,200,200,200,200,200
445520,1,30,0,0,0,4,7,7,0,0,0,11,200,1,200,0,200,200,200,200,200
445520,1,30,0,0,0,4,7,7,0,0,0,11,200,1,200,0,200,200,200,200,200
445520,1,30,0,0,0,4,7,7,0,0,0,11,200,0,200,0,200,200,200,200,200
445520,1,30,0,0,0,4,7,7,0,0,0,11,200,1,200,0,200,200,200,200,200
445523,0,25,2,2,0,3,0,2,0,0,0,17,0,0,42,0,1,200,0,200,200
445523,0,25,2,2,0,3,0,2,0,0,0,17,0,0,59,0,0,200,0,200,200
445523,1,25,2,2,0,3,0,2,0,0,0,17,0,0,50,0,200,200,200,200,200
445523,1,25,2,2,0,3,0,2,0,0,0,17,0,1,15,0,200,200,200,200,200
445524,0,30,0,0,0,1,12,5,0,0,0,21,22,0,200,200,4,200,200,200,200
445524,0,30,0,0,0,1,12,5,0,0,0,21,22,0,32,0,0,200,0,200,200
445529,0,30,1,2,0,1,10,5,0,0,0,18,11,0,55,0,3,0,0,200,200
445529,0,30,1,2,0,1,10,5,0,0,0,18,11,1,44,0,0,0,0,200,200
445530,0,40,0,0,0,3,10,3,2,0,200,11,200,0,58,0,8,0,0,200,200
445530,0,40,0,0,0,3,10,3,2,0,200,11,200,1,28,0,0,0,0,200,200
445531,0,30,2,2,0,1,10,5,0,0,0,0,0,1,30,0,0,0,0,200,200
445531,0,30,2,2,0,1,10,5,0,0,0,0,0,1,200,200,200,200,200,200,200
445534,0,30,0,0,0,1,10,5,0,0,0,32,16,0,26,0,3,0,5,200,200
445534,0,30,0,0,0,1,10,5,0,0,0,32,16,0,58,0,0,0,0,200,200
445534,0,30,0,0,0,1,10,5,0,0,0,32,16,1,62,0,0,0,0,200,200
445534,0,30,0,0,0,1,10,5,0,0,0,32,16,0,67,0,0,0,0,200,200
445534,1,30,0,0,0,1,10,5,0,0,0,32,16,1,84,0,200,200,200,200,200
445534,1,30,0,0,0,1,10,5,0,0,0,32,16,1,61,0,200,200,200,200,200
445537,0,30,0,0,0,3,10,5,0,0,0,18,18,0,200,200,0,200,200,200,200
445537,0,30,0,0,0,3,10,5,0,0,0,18,18,0,22,0,3,0,0,200,200
445537,0,30,0,0,0,3,10,5,0,0,0,18,18,0,62,0,0,0,0,200,200
445540,0,30,1,2,0,0,12,3,0,0,0,0,200,0,42,0,200,0,0,200,200
445540,0,30,1,2,0,0,12,3,0,0,0,0,200,0,51,0,0,0,0,200,200
445557,0,30,1,2,0,3,14,5,0,0,0,0,0,1,200,200,200,200,200,200,200
445557,0,30,1,2,0,3,14,5,0,0,0,0,0,0,21,0,0,0,0,200,200
445559,0,30,1,2,0,3,8,2,0,0,0,0,200,0,200,200,200,200,200,200,200
445559,4,30,1,2,0,3,8,2,0,0,0,0,200,0,48,3,0,0,0,200,200
445560,0,30,0,0,0,1,12,5,1,0,200,21,200,0,72,200,2,200,200,200,200
445560,0,30,0,0,0,1,12,5,1,0,200,21,200,0,32,200,0,200,200,200,200
445560,1,30,0,0,0,1,12,5,1,0,200,21,200,0,12,200,200,200,200,200,200
445563,0,30,1,2,0,3,9,1,0,0,0,0,200,2,200,200,200,200,200,200,200
445563,5,30,1,2,0,3,9,1,0,0,0,0,200,1,15,7,0,200,0,200,200
445567,0,30,1,2,0,1,14,5,0,0,0,18,18,0,200,200,3,200,200,200,200
445567,0,30,1,2,0,1,14,5,0,0,0,18,18,1,23,0,0,0,0,200,200
445569,0,30,0,0,0,1,7,6,0,0,0,0,200,1,200,200,200,200,200,200,200
445569,1,30,0,0,0,1,7,6,0,0,0,0,200,1,31,0,200,200,200,200,200
445571,0,30,0,0,0,1,7,5,0,0,0,0,0,0,24,0,200,200,0,200,200
445571,1,30,0,0,0,1,7,5,0,0,0,0,0,0,44,0,200,200,200,200,200
445573,0,30,2,2,0,0,9,8,0,0,0,17,200,0,200,200,1,200,200,200,200
445573,5,30,2,2,0,0,9,8,0,0,0,17,200,1,39,7,0,0,0,200,200
445580,0,30,0,0,0,1,7,5,0,0,0,0,200,2,200,200,200,200,200,200,200
445583,0,30,0,0,0,0,7,7,0,0,0,0,200,0,200,200,12,200,200,200,200
445584,4,30,0,0,0,1,8,5,0,0,0,0,200,0,200,3,200,200,200,200,200
445584,0,30,0,0,0,1,8,5,0,0,0,0,200,0,54,0,0,0,0,200,200
445600,0,30,0,0,0,3,10,3,0,0,0,32,0,0,71,0,3,0,5,200,200
445600,0,30,0,0,0,3,10,3,0,0,0,32,0,1,45,0,0,0,0,200,200
445608,0,35,1,2,0,0,10,5,0,0,0,16,200,1,58,0,1,0,0,200,200
445608,0,35,1,2,0,0,10,5,0,0,0,16,200,0,36,0,0,0,0,200,200
445609,0,30,1,2,0,3,10,5,0,0,0,18,200,1,200,200,3,200,200,200,200
445609,0,30,1,2,0,3,10,5,0,0,0,18,200,0,34,0,0,0,0,200,200
445609,1,30,1,2,0,3,10,5,0,0,0,18,200,1,36,0,200,200,200,200,200
445610,0,30,1,2,0,3,14,6,0,0,0,0,0,0,65,200,200,0,0,200,200
445610,0,30,1,2,0,3,14,6,0,0,0,0,0,0,25,200,200,200,0,200,200
445612,0,30,1,2,0,4,12,5,0,0,0,21,0,1,37,200,4,200,200,200,200
445612,0,30,1,2,0,4,12,5,0,0,0,21,0,0,22,0,0,0,0,200,200
445615,0,25,0,0,0,3,0,12,0,0,0,0,0,1,53,0,200,0,0,200,200
445615,0,25,0,0,0,3,0,12,0,0,0,0,0,1,20,200,200,0,0,200,200
445615,1,25,0,0,0,3,0,12,0,0,0,0,0,0,74,200,200,200,200,200,200
445615,1,25,0,0,0,3,0,12,0,0,0,0,0,1,10,200,200,200,200,200,200
445615,1,25,0,0,0,3,0,12,0,0,0,0,0,1,9,200,200,200,200,200,200
445617,0,30,0,0,0,3,12,5,0,0,0,0,0,0,54,0,200,0,0,200,200
445617,0,30,0,0,0,3,12,5,0,0,0,0,0,0,42,0,200,0,0,200,200
445619,5,30,0,0,0,3,9,2,0,0,0,4,200,1,49,1,0,200,200,200,200
445619,0,30,0,0,0,3,9,2,0,0,0,4,200,0,37,200,0,6,0,200,200
445619,1,30,0,0,0,3,9,2,0,0,0,4,200,1,9,200,200,200,200,200,200
445625,0,30,1,2,0,3,14,1,0,0,0,23,21,2,200,200,7,200,200,200,200
445625,0,30,1,2,0,3,14,1,0,0,0,23,21,0,32,0,0,0,0,200,200
445625,1,30,1,2,0,3,14,1,0,0,0,23,21,0,35,0,200,200,200,200,200
445627,0,35,1,2,0,3,14,1,0,0,0,17,200,0,0,0,1,0,0,200,200
445627,0,35,1,2,0,3,14,1,0,0,0,17,200,0,25,0,0,0,0,200,200
445629,0,30,1,2,0,0,14,5,0,200,200,0,11,0,200,200,200,200,200,200,200
445629,0,30,1,2,0,0,14,5,0,200,200,0,11,1,24,200,200,200,0,200,200
445634,0,30,1,200,0,3,12,1,0,0,0,0,200,0,34,200,200,200,0,200,200
445634,0,30,1,200,0,3,12,1,0,0,0,0,200,1,62,200,200,200,0,200,200
445638,0,30,0,0,0,3,2,2,0,0,0,0,0,0,34,0,14,0,0,200,200
445648,0,30,0,0,0,3,7,5,0,0,0,20,200,0,29,0,6,0,0,200,200
445667,0,30,1,2,0,3,14,3,0,0,0,0,200,2,200,200,5,200,200,200,200
445667,0,30,1,2,0,3,14,3,0,0,0,0,200,1,19,0,0,0,0,200,200
445669,0,25,0,0,0,3,14,5,0,0,0,23,16,0,0,200,7,0,0,200,200
445669,0,25,0,0,0,3,14,5,0,0,0,23,16,0,0,200,0,0,0,200,200
445672,0,30,0,0,0,3,12,5,0,0,200,22,0,0,60,200,2,200,0,200,200
445672,0,30,0,0,0,3,12,5,0,0,200,22,0,1,33,200,0,200,0,200,200
445674,0,30,0,0,0,3,14,2,0,0,0,23,0,0,67,0,7,200,0,200,200
445674,0,30,0,0,0,3,14,2,0,0,0,23,0,0,60,0,0,200,0,200,200
445674,0,30,0,0,0,3,14,2,0,0,0,23,0,0,33,0,0,200,0,200,200
445674,1,30,0,0,0,3,14,2,0,0,0,23,0,0,5,0,200,200,200,200,200
445683,0,20,0,0,0,3,14,5,0,0,0,17,200,0,37,0,1,0,0,200,200
445683,0,20,0,0,0,3,14,5,0,0,0,17,200,0,27,0,0,0,0,200,200
445690,0,0,0,0,200,1,7,2,0,200,200,0,0,0,29,200,200,200,200,200,200
445705,0,35,1,2,0,3,9,6,0,0,0,0,21,0,31,200,200,200,0,200,200
445705,5,35,1,2,0,3,9,6,0,0,0,0,21,0,40,200,200,200,200,200,200
445707,0,30,1,2,0,3,12,12,0,0,0,21,200,0,22,200,2,200,0,200,200
445707,0,30,1,2,0,3,12,12,0,0,0,21,200,0,36,200,0,0,0,200,200
445707,1,30,1,2,0,3,12,12,0,0,0,21,200,0,46,200,200,200,200,200,200
445707,1,30,1,2,0,3,12,12,0,0,0,21,200,0,22,200,200,200,200,200,200
445715,0,30,0,0,0,3,11,7,0,0,0,0,0,0,200,200,200,200,200,200,200
445715,0,30,0,0,0,3,11,7,0,0,0,0,0,1,30,0,0,0,0,200,200