RD_NO,PERSON_TYPE,POSTED_SPEED_LIMIT,TRAFFIC_CONTROL_DEVICE,DEVICE_CONDITION,WEATHER_CONDITION,LIGHTING_CONDITION,FIRST_CRASH_TYPE,TRAFFICWAY_TYPE,ALIGNMENT,ROADWAY_SURFACE_COND,ROAD_DEFECT,PRIM_CONTRIBUTORY_CAUSE,SEC_CONTRIBUTORY_CAUSE,SEX,AGE,SAFETY_EQUIPMENT,DRIVER_ACTION,DRIVER_VISION,PHYSICAL_CONDITION,BAC_RESULT VALUE,CELL_PHONE_USE
445724,0,35,0,0,0,2,7,6,0,0,0,25,200,2,200,200,200,200,200,200,200
445728,0,35,2,2,0,3,7,5,0,0,0,27,0,0,30,200,200,0,2,200,200
445732,4,30,0,0,0,3,8,2,0,0,0,200,200,0,200,200,8,200,0,200,200
445744,0,30,200,200,200,3,11,2,0,200,200,17,23,0,19,200,7,200,0,200,200
445744,0,30,200,200,200,3,11,2,0,200,200,17,23,0,26,200,7,200,0,200,200
445830,0,30,0,0,0,3,7,2,0,0,0,0,0,2,200,200,200,200,200,200,200
445895,0,25,0,0,0,1,7,5,0,0,0,0,0,2,200,200,200,200,200,200,200
446020,0,40,0,0,0,1,10,3,0,0,0,8,11,0,28,200,12,1,200,200,200
446020,0,40,0,0,0,1,10,3,0,0,0,8,11,1,29,0,12,0,0,200,200
446020,1,40,0,0,0,1,10,3,0,0,0,8,11,1,200,200,200,200,200,200,200
446029,0,30,1,2,2,1,12,5,0,1,0,0,200,0,25,200,200,0,0,200,200
446029,0,30,1,2,2,1,12,5,0,1,0,0,200,1,64,200,200,0,1,200,200
446040,0,30,2,2,200,1,10,5,0,200,0,18,16,1,200,200,3,200,200,200,200
446040,0,30,2,2,200,1,10,5,0,200,0,18,16,0,50,0,0,0,0,200,200
446063,0,30,2,2,0,1,0,5,0,0,0,5,200,0,200,200,5,200,200,200,200
446063,0,30,2,2,0,1,0,5,0,0,0,5,200,1,49,0,0,0,0,200,200
446069,0,10,0,0,0,3,2,0,0,0,0,0,200,1,200,200,200,200,200,200,200
446074,0,30,0,3,0,1,10,5,0,0,0,18,16,0,34,200,3,200,200,200,200
446074,0,30,0,3,0,1,10,5,0,0,0,18,16,0,72,0,0,0,0,200,200
446078,0,25,0,0,0,1,7,6,0,0,0,0,200,2,200,200,200,200,200,200,200
446094,0,20,1,0,0,0,14,5,0,0,0,17,11,1,200,200,1,200,200,200,200
446094,0,20,1,0,0,0,14,5,0,0,0,17,11,0,65,0,0,0,0,200,200
446094,1,20,1,0,0,0,14,5,0,0,0,17,11,1,200,200,200,200,200,200,200
446094,1,20,1,0,0,0,14,5,0,0,0,17,11,1,200,200,200,200,200,200,200
446094,1,20,1,0,0,0,14,5,0,0,0,17,11,1,200,0,200,200,200,200,200
446104,0,30,0,0,0,0,10,5,0,0,0,18,18,0,19,0,3,0,0,200,200
446104,0,30,0,0,0,0,10,5,0,0,0,18,18,1,29,0,0,0,0,200,200
446154,0,30,0,0,0,0,7,5,0,0,0,22,200,0,77,200,2,0,0,200,200
446174,0,20,0,0,0,1,12,6,0,0,0,0,200,1,28,0,0,0,0,200,200
446174,0,20,0,0,0,1,12,6,0,0,0,0,200,1,21,200,0,0,0,200,200
446183,0,30,200,200,200,200,12,5,0,200,200,0,0,0,64,200,200,200,200,200,200
446183,0,30,200,200,200,200,12,5,0,200,200,0,0,1,48,200,200,200,0,200,200
446191,0,30,1,200,0,1,10,2,0,0,0,0,0,0,200,200,200,200,200,200,200
446191,0,30,1,200,0,1,10,2,0,0,0,0,0,0,54,7,200,0,0,200,200
446193,0,15,0,3,0,1,2,0,0,200,200,20,200,0,200,200,7,200,200,200,200
446195,0,25,1,200,0,1,7,5,0,0,0,21,0,2,200,200,200,200,200,200,200
446205,0,30,0,0,0,4,9,2,0,0,0,13,200,1,48,0,12,0,0,200,200
446205,5,30,0,0,0,4,9,2,0,0,0,13,200,1,200,7,12,0,0,200,200
446235,0,25,0,0,0,200,7,5,0,200,0,0,0,2,200,200,200,200,200,200,200
446252,0,30,0,0,0,1,7,7,0,0,0,0,200,2,200,200,200,200,200,200,200
446313,0,30,0,0,0,1,7,5,0,0,0,20,200,0,200,200,6,200,200,200,200
446382,0,30,0,0,0,1,7,5,0,0,0,0,200,0,68,0,6,0,0,200,200
446382,1,30,0,0,0,1,7,5,0,0,0,0,200,1,56,7,200,200,200,200,200
446443,0,30,1,2,0,3,14,5,0,0,0,0,0,0,61,200,200,200,200,200,200
446443,0,30,1,2,0,3,14,5,0,0,0,0,0,0,33,0,0,0,0,200,200
446467,0,10,0,0,200,200,2,0,0,200,200,0,0,2,200,200,200,200,200,200,200
446482,0,30,0,0,0,1,10,5,0,0,0,16,200,0,200,200,0,0,0,200,200
446482,0,30,0,0,0,1,10,5,0,0,0,16,200,1,200,1,12,0,0,200,200
446482,1,30,0,0,0,1,10,5,0,0,0,16,200,0,200,0,200,200,200,200,200
446482,1,30,0,0,0,1,10,5,0,0,0,16,200,0,200,0,200,200,200,200,200
446501,0,30,0,0,0,3,0,5,0,0,200,17,17,1,24,200,1,200,200,200,200
446501,0,30,0,0,0,3,0,5,0,0,200,17,17,1,25,0,0,0,0,200,200
446511,0,0,0,0,0,3,12,5,0,0,0,17,200,1,200,200,4,200,200,200,200
446511,0,0,0,0,0,3,12,5,0,0,0,17,200,1,61,0,0,0,0,200,200
446541,0,20,1,2,0,1,10,6,0,0,0,200,200,0,46,200,12,200,200,200,200
446541,0,20,1,2,0,1,10,6,0,0,0,200,200,0,26,200,0,200,200,200,200
446542,0,30,2,2,0,1,14,5,0,0,0,17,200,1,69,200,1,200,200,200,200
446542,0,30,2,2,0,1,14,5,0,0,0,17,200,0,19,0,0,0,0,200,200
446557,0,15,0,0,0,1,0,7,0,0,0,20,200,1,55,0,6,0,0,200,200
446557,0,15,0,0,0,1,0,7,0,0,0,20,200,1,27,0,0,0,0,200,200
446557,1,15,0,0,0,1,0,7,0,0,0,20,200,1,51,0,200,200,200,200,200
446669,0,30,1,2,0,1,10,2,0,0,0,0,0,0,17,200,3,200,200,200,200
446669,0,30,1,2,0,1,10,2,0,0,0,0,0,1,28,200,0,200,200,200,200
446669,1,30,1,2,0,1,10,2,0,0,0,0,0,1,200,200,200,200,200,200,200
446706,0,30,0,0,0,4,11,6,0,0,0,21,200,1,200,200,12,0,0,200,200
446706,0,30,0,0,0,4,11,6,0,0,0,21,200,1,200,0,0,0,0,200,200
446737,0,20,0,0,0,1,9,7,0,0,0,11,11,0,200,200,12,200,200,200,200
446737,5,20,0,0,0,1,9,7,0,0,0,11,11,0,28,7,0,0,0,200,200
446791,0,0,0,0,200,200,7,6,0,200,200,21,0,2,200,200,4,200,200,200,200
446903,0,25,0,0,0,0,7,12,0,0,0,11,16,1,200,200,1,200,200,200,200
447350,0,30,1,2,0,1,10,12,0,0,0,0,0,1,200,200,200,200,200,200,200
447350,0,30,1,2,0,1,10,12,0,0,0,0,0,1,31,0,0,0,0,200,200
447354,0,30,1,2,0,1,12,2,0,0,0,0,0,1,34,0,12,0,0,200,200
447354,0,30,1,2,0,1,12,2,0,0,0,0,0,2,200,200,0,200,200,200,200
447536,0,0,0,0,200,200,7,200,0,200,200,0,200,2,200,200,200,200,200,200,200
447551,0,0,0,0,0,4,7,12,0,0,0,200,200,1,200,200,200,200,200,200,200
447570,0,30,12,1,0,1,10,5,0,0,0,0,0,0,32,200,200,200,200,200,200
447570,0,30,12,1,0,1,10,5,0,0,0,0,0,0,55,0,12,0,0,200,200
447578,0,25,0,0,200,200,7,200,0,200,200,0,200,1,200,200,200,200,200,200,200
447581,0,20,0,0,0,1,2,5,0,0,1,200,0,1,47,0,0,0,0,200,200
447676,0,15,2,2,0,1,14,5,0,0,0,23,0,1,24,200,7,200,200,200,200
447676,0,15,2,2,0,1,14,5,0,0,0,23,0,1,45,0,0,0,0,200,200
447685,0,30,1,2,0,1,10,2,0,0,0,18,18,0,63,200,3,12,200,200,200
447685,0,30,1,2,0,1,10,2,0,0,0,18,18,1,59,0,0,0,0,200,200
447695,4,35,1,2,0,1,8,5,0,0,0,0,0,0,19,200,200,0,0,200,200
447695,0,35,1,2,0,1,8,5,0,0,0,0,0,0,54,0,200,0,0,200,200
447743,0,35,2,2,0,1,0,2,0,0,0,17,27,1,200,200,1,200,200,200,200
447743,0,35,2,2,0,1,0,2,0,0,0,17,27,0,32,0,0,0,0,200,200
447814,0,30,0,0,0,1,7,7,0,0,0,0,0,0,31,200,12,200,200,200,200
447831,0,25,0,0,200,0,7,5,0,0,0,0,200,2,200,200,200,200,200,200,200
447838,0,30,0,0,0,3,7,5,0,0,0,0,200,2,200,200,200,200,200,200,200
448001,4,30,0,0,0,3,8,5,0,0,0,25,0,1,26,2,0,0,0,200,200
448001,1,30,0,0,0,3,8,5,0,0,0,25,0,0,200,200,200,200,200,200,200
448101,0,30,2,2,0,0,8,5,0,0,0,5,0,0,200,200,200,200,200,200,200
448101,4,30,2,2,0,0,8,5,0,0,0,5,0,0,14,2,12,0,0,200,200
448340,0,30,0,0,0,3,10,5,0,0,200,0,0,0,200,200,200,200,200,200,200
448340,0,30,0,0,0,3,10,5,0,0,200,0,0,0,200,0,0,0,200,200,200
448409,0,15,0,0,200,200,7,7,0,200,200,0,200,0,48,200,200,200,200,200,200
448500,0,20,0,0,0,3,2,0,0,0,0,200,200,0,200,200,200,200,0,200,200
448575,0,35,0,0,0,3,12,5,0,0,0,200,200,1,200,200,12,200,12,200,200
448575,0,35,0,0,0,3,12,5,0,0,0,200,200,0,200,0,0,0,0,200,200
448610,0,30,2,2,0,1,0,5,0,0,0,5,200,2,200,200,5,200,200,200,200
448610,0,30,2,2,0,1,0,5,0,0,0,5,200,1,46,0,0,0,0,200,200
448667,0,30,1,200,0,1,12,5,0,0,0,21,0,1,38,0,8,200,200,200,200
448667,0,30,1,200,0,1,12,5,0,0,0,21,0,1,37,0,0,0,0,200,200
448683,0,30,0,0,0,3,12,5,0,0,0,0,0,1,38,7,200,200,200,200,200
448683,0,30,0,0,0,3,12,5,0,0,0,0,0,0,52,0,200,200,200,200,200
448808,0,0,0,0,200,200,0,7,0,200,200,0,0,1,29,200,200,200,200,200,200
448808,0,0,0,0,200,200,0,7,0,200,200,0,0,0,60,200,200,200,200,200,200
448858,0,30,0,0,0,1,7,5,0,200,200,22,22,1,200,200,2,200,200,200,200
448858,1,30,0,0,0,1,7,5,0,200,200,22,22,1,53,0,200,200,200,200,200
448879,0,30,0,0,0,1,2,0,0,0,0,0,200,2,200,200,6,200,200,200,200
448916,0,20,0,0,0,1,9,6,0,0,0,25,200,0,22,200,12,200,200,200,200
448916,5,20,0,0,0,1,9,6,0,0,0,25,200,1,19,200,0,200,0,200,200
448921,0,30,1,2,0,1,12,5,0,0,0,17,18,0,200,200,1,200,200,200,200
448921,0,30,1,2,0,1,12,5,0,0,0,17,18,1,46,0,0,0,0,200,200
448940,0,25,0,0,0,1,7,6,0,0,0,0,200,2,200,200,200,200,200,200,200
448973,0,30,1,2,0,1,10,5,0,0,0,18,0,0,55,0,3,0,0,200,200
448973,0,30,1,2,0,1,10,5,0,0,0,18,0,1,71,0,12,0,0,200,200
448994,0,45,0,0,0,1,2,3,0,0,0,29,0,0,48,200,12,0,0,200,200
449098,0,30,0,0,0,0,10,7,0,0,200,20,20,1,200,200,6,200,200,200,200
449098,0,30,0,0,0,0,10,7,0,0,200,20,20,0,24,0,12,0,200,200,200
449111,0,30,0,0,0,1,7,6,0,0,0,18,200,0,200,0,3,0,0,200,200
449123,0,30,0,0,0,1,14,5,0,0,200,17,17,1,51,200,1,0,0,200,200
449123,0,30,0,0,0,1,14,5,0,0,200,17,17,1,25,0,12,0,0,200,200
449123,0,30,0,0,0,1,14,5,0,0,200,17,17,2,200,200,1,200,200,200,200
449123,1,30,0,0,0,1,14,5,0,0,200,17,17,0,200,200,200,200,200,200,200
449146,0,30,1,2,0,0,14,5,0,0,0,0,200,1,200,200,7,200,200,200,200
449146,0,30,1,2,0,0,14,5,0,0,0,0,200,1,31,0,0,0,0,200,200
449146,1,30,1,2,0,0,14,5,0,0,0,0,200,0,200,0,200,200,200,200,200
449146,1,30,1,2,0,0,14,5,0,0,0,0,200,1,200,200,200,200,200,200,200
449179,0,25,0,0,0,1,7,6,0,0,0,0,200,2,200,200,200,200,200,200,200
449207,0,30,0,0,6,1,14,5,0,1,0,23,200,0,22,0,7,0,0,200,200
449207,0,30,0,0,6,1,14,5,0,1,0,23,200,0,22,0,0,0,0,200,200
449207,1,30,0,0,6,1,14,5,0,1,0,23,200,0,200,0,200,200,200,200,200
449272,0,25,0,0,0,1,10,2,0,0,0,18,200,1,45,0,3,0,0,200,200
449272,0,25,0,0,0,1,10,2,0,0,0,18,200,1,66,0,0,0,0,200,200
449413,0,30,0,0,0,1,14,5,0,0,0,23,11,0,39,0,7,0,0,200,200
449413,0,30,0,0,0,1,14,5,0,0,0,23,11,1,52,0,12,0,0,200,200
449482,0,30,0,0,0,1,2,0,0,0,0,0,200,2,200,200,200,200,200,200,200
449906,0,30,0,0,0,3,10,5,0,0,0,20,200,1,25,0,6,0,0,200,200
449906,0,30,0,0,0,3,10,5,0,0,0,20,200,1,26,0,0,0,0,200,200
450017,0,30,1,2,0,1,10,5,0,0,0,18,200,1,200,200,3,200,200,200,200
450017,0,30,1,2,0,1,10,5,0,0,0,18,200,0,67,0,0,0,0,200,200
450204,0,30,0,0,0,1,7,6,0,0,0,0,0,2,200,200,200,200,200,200,200
450402,0,0,0,0,0,3,7,7,0,0,0,0,200,2,200,200,200,200,200,200,200
450437,0,30,200,200,0,1,9,200,0,200,200,0,0,0,200,200,15,200,200,200,200
450437,5,30,200,200,0,1,9,200,0,200,200,0,0,1,49,200,12,200,200,200,200
450514,0,35,200,200,200,0,10,2,0,0,200,14,14,2,200,200,8,200,200,200,200
450638,0,30,0,0,0,1,7,5,0,0,0,0,0,2,200,200,200,200,200,200,200
450681,0,15,200,200,200,1,7,5,0,200,200,0,0,2,200,200,200,200,200,200,200
450711,0,30,0,0,0,3,10,5,0,0,0,0,0,1,37,200,200,200,200,200,200
450711,0,30,0,0,0,3,10,5,0,0,0,0,0,0,55,0,0,0,0,200,200
450711,1,30,0,0,0,3,10,5,0,0,0,0,0,0,48,0,200,200,200,200,200
450717,0,30,0,0,0,1,10,3,0,0,0,0,200,2,200,200,200,200,200,200,200
450717,0,30,0,0,0,1,10,3,0,0,0,0,200,0,48,7,0,0,0,200,200
450754,0,10,0,0,0,1,2,0,2,0,0,23,11,0,78,0,7,0,0,200,200
450792,5,30,1,200,2,4,9,2,0,1,0,6,17,0,15,7,5,200,7,200,200
450792,0,30,1,200,2,4,9,2,0,1,0,6,17,1,52,200,0,0,0,200,200
451008,0,15,0,0,0,3,7,0,0,0,0,0,0,0,200,200,6,200,200,200,200
451184,0,15,0,0,0,1,7,7,0,0,0,20,200,1,25,200,6,0,0,200,200
451184,1,15,0,0,0,1,7,7,0,0,0,20,200,0,50,0,200,200,200,200,200
451356,0,5,0,0,0,1,7,7,0,0,0,15,16,2,200,200,200,200,200,200,200
451397,0,30,1,2,0,1,10,2,0,0,0,18,0,0,42,0,3,200,0,200,200
451397,0,30,1,2,0,1,10,2,0,0,0,18,0,1,39,0,0,0,0,200,200
451503,0,30,0,0,0,1,10,5,0,0,0,0,200,1,200,200,1,0,0,200,200
451503,0,30,0,0,0,1,10,5,0,0,0,0,200,1,60,0,0,0,0,200,200
451503,1,30,0,0,0,1,10,5,0,0,0,0,200,0,200,200,200,200,200,200,200
451531,0,30,1,2,0,3,10,2,0,0,0,18,0,0,200,200,3,200,200,200,200
451531,0,30,1,2,0,3,10,2,0,0,0,18,0,0,21,0,0,0,200,200,200
451693,0,20,0,0,0,1,7,7,0,0,0,0,0,1,22,200,10,200,0,200,200
451693,1,20,0,0,0,1,7,7,0,0,0,0,0,1,19,0,200,200,200,200,200
451749,0,30,0,0,0,1,7,6,0,0,0,0,200,2,200,200,200,200,200,200,200
451915,0,30,0,2,200,1,7,6,0,200,200,0,0,0,200,200,200,200,200,200,200
451917,0,30,1,2,0,1,10,5,0,0,0,18,200,0,75,200,3,0,0,200,200
451917,0,30,1,2,0,1,10,5,0,0,0,18,200,0,39,0,0,0,0,200,200
452096,0,30,0,0,0,1,7,5,0,0,0,11,0,0,200,0,200,200,0,200,200
452204,0,30,1,200,200,1,14,5,0,200,200,0,0,2,200,200,200,200,200,200,200
452204,0,30,1,200,200,1,14,5,0,200,200,0,0,0,49,0,200,0,0,200,200
452312,0,35,200,200,200,200,7,200,0,200,200,0,200,0,200,200,200,200,200,200,200
452429,0,30,0,0,0,1,5,0,0,0,0,0,0,0,200,200,8,200,200,200,200
452980,0,30,0,0,0,3,12,6,0,0,0,0,0,0,200,200,200,200,200,200,200
452980,0,30,0,0,0,3,12,6,0,0,0,0,0,0,200,0,200,0,0,200,200
453028,0,25,0,0,0,3,10,5,0,0,0,18,0,0,59,0,3,0,0,200,200
453028,0,25,0,0,0,3,10,5,0,0,0,18,0,1,81,0,0,0,0,200,200
453043,0,30,1,2,0,1,7,5,0,0,0,0,200,2,200,200,200,200,200,200,200
453078,0,35,0,0,0,1,7,5,0,0,0,0,0,0,37,0,0,0,0,200,200
453270,0,30,0,0,0,1,10,12,0,0,0,0,200,0,200,200,200,200,200,200,200
453270,0,30,0,0,0,1,10,12,0,0,0,0,200,1,46,0,200,0,0,200,200
453455,0,35,200,200,200,1,0,5,0,0,0,0,200,1,200,7,200,200,0,200,200
453455,0,35,200,200,200,1,0,5,0,0,0,0,200,0,200,1,200,200,0,200,200
453464,0,25,0,0,0,1,7,5,0,0,0,0,0,0,200,200,200,200,200,200,200
454138,0,30,0,0,0,3,7,5,0,200,0,0,0,0,41,0,6,0,0,200,200
454138,1,30,0,0,0,3,7,5,0,200,0,0,0,1,200,0,200,200,200,200,200
454419,0,30,0,0,0,1,10,3,0,0,0,16,11,1,16,0,3,0,0,200,200
454419,0,30,0,0,0,1,10,3,0,0,0,16,11,1,36,0,0,0,0,200,200
454419,0,30,0,0,0,1,10,3,0,0,0,16,11,0,25,0,0,0,0,200,200
454419,0,30,0,0,0,1,10,3,0,0,0,16,11,1,39,0,0,0,0,200,200
454419,1,30,0,0,0,1,10,3,0,0,0,16,11,1,16,0,200,200,200,200,200
454419,1,30,0,0,0,1,10,3,0,0,0,16,11,1,16,0,200,200,200,200,200
454419,1,30,0,0,0,1,10,3,0,0,0,16,11,1,16,7,200,200,200,200,200
454419,1,30,0,0,0,1,10,3,0,0,0,16,11,1,16,0,200,200,200,200,200
454419,1,30,0,0,0,1,10,3,0,0,0,16,11,1,26,0,200,200,200,200,200
454440,0,30,2,2,0,1,0,12,0,0,0,17,11,1,47,0,0,0,0,200,200
454440,0,30,2,2,0,1,0,12,0,0,0,17,11,1,200,200,0,200,200,200,200
454853,0,30,1,2,0,1,14,5,0,0,0,0,0,0,200,200,7,200,200,200,200
454853,0,30,1,2,0,1,14,5,0,0,0,0,0,0,33,0,0,0,0,200,200
454908,0,30,0,0,2,3,7,5,0,1,0,11,34,0,22,200,8,0,0,200,200
455068,0,30,1,2,0,1,10,5,0,0,0,16,18,1,26,0,1,0,0,200,200
455068,0,30,1,2,0,1,10,5,0,0,0,16,18,1,36,0,0,0,0,200,200
455068,1,30,1,2,0,1,10,5,0,0,0,16,18,1,38,0,200,200,200,200,200
455860,0,30,0,0,0,1,14,2,0,0,0,23,200,0,200,200,7,200,200,200,200
455860,0,30,0,0,0,1,14,2,0,0,0,23,200,0,20,0,0,0,0,200,200
455860,1,30,0,0,0,1,14,2,0,0,0,23,200,1,22,0,200,200,200,200,200
455920,0,30,0,0,0,1,7,5,0,0,0,0,200,0,29,0,200,200,200,200,200
456298,0,30,0,0,200,200,10,5,0,0,0,0,200,0,23,0,3,0,0,200,200
456298,0,30,0,0,200,200,10,5,0,0,0,0,200,1,38,0,0,0,0,200,200
458220,0,30,0,0,200,200,7,6,0,200,200,0,0,2,200,200,200,200,200,200,200
458386,0,35,0,0,0,1,10,5,0,0,0,0,0,0,24,200,200,200,200,200,200
458386,0,35,0,0,0,1,10,5,0,0,0,0,0,1,52,0,0,0,0,200,200
458520,0,30,0,0,0,1,14,5,0,0,0,17,200,0,200,200,1,200,200,200,200
458520,0,30,0,0,0,1,14,5,0,0,0,17,200,0,35,2,0,0,0,200,200
458520,1,30,0,0,0,1,14,5,0,0,0,17,200,1,200,0,200,200,200,200,200
458646,0,30,0,0,0,1,14,7,2,0,0,23,23,1,34,1,1,0,0,200,200
458646,0,30,0,0,0,1,14,7,2,0,0,23,23,0,200,200,200,200,200,200,200
459354,0,30,0,0,0,4,7,7,0,0,0,0,0,2,200,200,200,200,200,200,200
459788,0,15,0,0,0,200,7,7,0,0,200,0,200,2,200,200,200,200,200,200,200
459833,0,30,0,0,0,1,11,7,0,0,200,0,0,0,84,200,200,200,0,200,200
459833,0,30,0,0,0,1,11,7,0,0,200,0,0,1,62,0,0,0,0,200,200
459833,1,30,0,0,0,1,11,7,0,0,200,0,0,1,200,0,200,200,200,200,200
460021,0,30,0,0,0,1,7,7,0,0,0,11,200,0,200,200,10,200,200,200,200
460700,0,15,0,0,0,1,7,7,2,0,0,20,21,0,200,200,6,200,200,200,200
460700,1,15,0,0,0,1,7,7,2,0,0,20,21,0,200,200,200,200,200,200,200
462543,0,15,0,0,200,200,2,0,0,200,200,0,0,2,200,200,200,200,200,200,200
463559,0,30,2,2,0,1,7,2,0,0,0,0,0,0,200,200,200,200,200,200,200
464783,0,30,0,0,0,3,5,5,0,0,1,0,200,0,56,200,0,200,200,200,200
465391,0,30,1,2,0,3,10,6,0,0,0,0,200,0,200,200,1,200,200,200,200
465391,0,30,1,2,0,3,10,6,0,0,0,0,200,0,26,0,0,0,0,200,200
465391,1,30,1,2,0,3,10,6,0,0,0,0,200,0,200,0,200,200,200,200,200
466445,0,30,0,0,0,1,14,5,0,0,0,0,0,0,27,200,2,200,0,200,200
466445,0,30,0,0,0,1,14,5,0,0,0,0,0,1,200,200,200,200,0,200,200
467144,0,30,0,0,0,0,0,5,0,0,0,17,0,1,200,200,1,0,200,200,200
467144,0,30,0,0,0,0,0,5,0,0,0,17,0,0,40,0,0,0,0,200,200
467931,0,30,0,0,0,1,14,2,0,0,0,17,200,1,42,0,1,0,0,200,200
467931,0,30,0,0,0,1,14,2,0,0,0,17,200,1,32,0,0,0,0,200,200
468591,0,35,0,0,0,2,7,7,0,0,0,0,200,1,40,200,0,0,200,200,200
468629,0,30,0,0,200,200,7,5,0,200,200,0,0,2,200,200,200,200,200,200,200
468674,0,30,200,200,200,200,14,6,0,200,200,23,200,0,65,200,200,200,200,200,200
468674,0,30,200,200,200,200,14,6,0,200,200,23,200,1,200,200,7,200,200,200,200
469085,0,30,0,0,0,0,2,2,2,0,0,0,200,1,23,7,0,0,0,200,200
472174,0,30,0,0,0,1,12,2,3,0,0,0,0,0,200,200,12,200,200,200,200
472174,0,30,0,0,0,1,12,2,3,0,0,0,0,0,25,200,0,0,200,200,200
473912,0,25,0,0,200,0,7,6,0,200,200,16,0,2,200,200,200,200,200,200,200
474300,0,30,1,2,0,0,0,5,0,0,0,200,200,1,200,200,200,200,200,200,200
474300,0,30,1,2,0,0,0,5,0,0,0,200,200,1,34,0,0,0,0,200,200
474300,1,30,1,2,0,0,0,5,0,0,0,200,200,0,200,200,200,200,200,200,200
475457,0,30,0,0,0,0,2,5,0,0,0,200,200,0,65,0,200,0,0,200,200
475994,0,30,2,0,0,1,10,5,0,0,0,0,0,1,30,200,0,0,0,200,200
475994,0,30,2,0,0,1,10,5,0,0,0,0,0,0,58,200,200,0,0,200,200
475994,1,30,2,0,0,1,10,5,0,0,0,0,0,1,200,200,200,200,200,200,200
475994,1,30,2,0,0,1,10,5,0,0,0,0,0,1,200,200,200,200,200,200,200
477705,0,25,0,0,0,1,12,8,0,0,0,21,200,0,29,200,4,200,0,200,200
477705,0,25,0,0,0,1,12,8,0,0,0,21,200,0,34,0,0,0,0,200,200
484368,0,30,0,0,0,1,0,5,0,0,0,0,0,0,27,0,200,200,0,200,200
484368,0,30,0,0,0,1,0,5,0,0,0,0,0,1,43,0,0,0,0,200,200
485302,0,25,0,0,0,1,10,5,0,0,0,0,0,0,24,0,3,0,0,200,200
485302,0,25,0,0,0,1,10,5,0,0,0,0,0,1,25,0,0,0,0,200,200
486320,0,30,0,0,1,1,14,5,0,0,0,23,200,1,26,0,7,0,0,200,200
486320,0,30,0,0,1,1,14,5,0,0,0,23,200,1,25,0,0,0,0,200,200
488952,0,30,1,2,0,1,14,5,0,0,0,0,0,1,73,0,4,200,0,200,200
488952,0,30,1,2,0,1,14,5,0,0,0,0,0,0,40,0,0,0,0,200,200
488952,1,30,1,2,0,1,14,5,0,0,0,0,0,1,85,0,200,200,200,200,200
492921,0,30,0,0,200,200,7,6,0,200,200,200,200,2,200,200,200,200,200,200,200
494088,0,30,1,2,2,1,10,6,0,1,0,18,200,1,0,0,3,0,0,200,200
494088,0,30,1,2,2,1,10,6,0,1,0,18,200,1,23,0,0,0,0,200,200
499069,0,30,0,0,0,3,4,5,0,0,1,28,28,0,54,0,0,0,0,200,200
515481,0,30,1,2,0,2,14,5,0,0,0,23,200,0,200,200,7,200,200,200,200
515481,0,30,1,2,0,2,14,5,0,0,0,23,200,1,33,0,0,0,0,200,200
516623,0,15,0,0,0,1,2,0,0,0,0,0,0,0,200,200,12,0,0,200,200
585873,0,30,0,0,0,1,12,3,0,0,0,17,200,0,56,0,1,0,0,200,200
585873,0,30,0,0,0,1,12,3,0,0,0,17,200,1,39,0,0,0,0,200,200
585873,1,30,0,0,0,1,12,3,0,0,0,17,200,0,1,5,200,200,200,200,200
634855,0,30,0,0,0,1,3,7,0,0,0,0,0,0,31,0,0,0,0,200,200
634855,0,30,0,0,0,1,3,7,0,0,0,0,0,1,30,0,0,0,0,200,200
634855,1,30,0,0,0,1,3,7,0,0,0,0,0,0,42,0,200,200,200,200,200
634855,1,30,0,0,0,1,3,7,0,0,0,0,0,1,9,0,200,200,200,200,200
634855,1,30,0,0,0,1,3,7,0,0,0,0,0,1,6,0,200,200,200,200,200
634964,0,30,1,2,0,1,10,2,0,0,0,22,11,1,31,200,2,200,0,200,200
634964,0,30,1,2,0,1,10,2,0,0,0,22,11,0,66,200,0,200,0,200,200
703264,0,30,2,2,2,0,14,5,0,1,0,0,200,1,39,0,200,0,0,200,200
703264,0,30,2,2,2,0,14,5,0,1,0,0,200,0,52,0,200,0,0,200,200
737240,0,35,0,2,0,0,12,5,0,0,0,0,0,0,0,0,200,0,0,200,200
737240,0,35,0,2,0,0,12,5,0,0,0,0,0,0,39,0,0,0,0,200,200
737240,1,35,0,2,0,0,12,5,0,0,0,0,0,1,200,0,200,200,200,200,200
800265,0,15,0,0,2,1,7,5,0,1,0,22,14,0,29,0,2,0,0,200,200
800265,1,15,0,0,2,1,7,5,0,1,0,22,14,1,50,0,200,200,200,200,200
800265,1,15,0,0,2,1,7,5,0,1,0,22,14,0,51,7,200,200,200,200,200
997870,0,30,0,0,0,1,12,12,0,0,0,0,0,0,26,200,200,12,0,200,200
997870,0,30,0,0,0,1,12,12,0,0,0,0,0,1,41,200,200,200,200,200,200
997870,1,30,0,0,0,1,12,12,0,0,0,0,0,0,20,200,200,200,200,200,200
997870,1,30,0,0,0,1,12,12,0,0,0,0,0,1,17,200,200,200,200,200,200